year,state,place,subgroup_type,subgroup,learning_rate,learning_rate_lb,learning_rate_ub,learning_rate_quality
2019,01,03076,all,All,0.767704088946861,0.717293633040003,0.818114544853719,1
2019,01,03076,gender,Female,0.708977475801149,0.655852377115828,0.76210257448647,1
2019,01,03076,gender,Male,0.811155197213402,0.756052384394562,0.866258010032242,1
2019,01,07000,all,All,0.705543998342209,0.67231144432415,0.738776552360267,1
2019,01,07000,gender,Female,0.731475589719988,0.696322843535011,0.766628335904965,1
2019,01,07000,gender,Male,0.681214521718873,0.645014237037673,0.717414806400072,1
2019,01,35896,all,All,1.02188482594291,0.982292664512661,1.06147698737316,1
2019,01,35896,gender,Female,1.02956138111878,0.987675993108763,1.07144676912879,1
2019,01,35896,gender,Male,0.998881365503931,0.955761229559704,1.04200150144816,1
2019,01,37000,all,All,0.753754470217065,0.721642803879459,0.78586613655467,1
2019,01,37000,gender,Female,0.786755805222017,0.75295093086565,0.820560679578384,1
2019,01,37000,gender,Male,0.7185972395443,0.683457740880165,0.753736738208436,1
2019,01,50000,all,All,0.712847631866187,0.693065768437949,0.732629495294424,1
2019,01,50000,gender,Female,0.721072011534194,0.700179972378794,0.741964050689594,1
2019,01,50000,gender,Male,0.697892867340246,0.676308396685028,0.719477337995464,1
2019,01,51000,all,All,0.77152080961083,0.744597846683839,0.798443772537821,1
2019,01,51000,gender,Female,0.78979468061372,0.761496274182599,0.81809308704484,1
2019,01,51000,gender,Male,0.737592995021729,0.708081911775818,0.76710407826764,1
2019,01,77256,all,All,0.60695781905315,0.567785350539629,0.64613028756667,1
2019,01,77256,gender,Female,0.628972042975747,0.588179388882984,0.669764697068511,1
2019,01,77256,gender,Male,0.569843954408924,0.5265341477383,0.613153761079547,1
2019,02,03000,all,All,,,,
2019,02,03000,gender,Female,,,,
2019,02,03000,gender,Male,,,,
2019,04,04720,all,All,1.22458271829013,1.17825482702526,1.27091060955499,1
2019,04,04720,gender,Female,1.24208454888432,1.19333168909578,1.29083740867286,1
2019,04,04720,gender,Male,1.22087125505294,1.17016503424179,1.27157747586409,1
2019,04,07940,all,All,0.816639310431852,0.76445381231908,0.868824808544625,1
2019,04,07940,gender,Female,0.852751310165783,0.798005158112836,0.907497462218729,1
2019,04,07940,gender,Male,0.778249827164978,0.720944084162288,0.835555570167668,1
2019,04,12000,all,All,0.885007507791307,0.864830174589453,0.90518484099316,1
2019,04,12000,gender,Female,0.910470897808643,0.889234834907601,0.931706960709686,1
2019,04,12000,gender,Male,0.856601253716653,0.834517782733166,0.87868472470014,1
2019,04,23620,all,All,1.04785344670304,1.00284313567395,1.09286375773213,1
2019,04,23620,gender,Female,1.0577521878559,1.00909914621554,1.10640522949625,1
2019,04,23620,gender,Male,1.05610855408436,1.00794548744204,1.10427162072668,1
2019,04,27400,all,All,0.886359115727775,0.860420385297397,0.912297846158152,1
2019,04,27400,gender,Female,0.883079464019183,0.855705939827254,0.910452988211111,1
2019,04,27400,gender,Male,0.890874028252827,0.862557767178118,0.919190289327536,1
2019,04,27820,all,All,1.00235845288101,0.977277280750637,1.02743962501138,1
2019,04,27820,gender,Female,1.03143133087835,1.00503695945489,1.05782570230181,1
2019,04,27820,gender,Male,0.958944493936104,0.930763889480719,0.98712509839149,1
2019,04,28380,all,All,,,,
2019,04,28380,gender,Female,,,,
2019,04,28380,gender,Male,,,,
2019,04,46000,all,All,1.01263725717634,0.995379097800553,1.02989541655214,1
2019,04,46000,gender,Female,1.01567746436906,0.997610491190036,1.03374443754808,1
2019,04,46000,gender,Male,1.00026564976371,0.981277864036823,1.0192534354906,1
2019,04,54050,all,All,,,,
2019,04,54050,gender,Female,,,,
2019,04,54050,gender,Male,,,,
2019,04,55000,all,All,1.01819939535203,0.983898684114468,1.0525001065896,1
2019,04,55000,gender,Female,1.03782811063401,1.00198800863352,1.0736682126345,1
2019,04,55000,gender,Male,0.989806041251422,0.952099683950225,1.02751239855262,1
2019,04,65000,all,All,0.927063664565212,0.892407482011226,0.961719847119197,1
2019,04,65000,gender,Female,0.899901864905886,0.863941901962244,0.935861827849527,1
2019,04,65000,gender,Male,0.965690908045904,0.923834228298509,1.0075475877933,1
2019,04,71510,all,All,1.09777841331174,1.07201943791928,1.1235373887042,1
2019,04,71510,gender,Female,1.06298593179436,1.03579689348301,1.0901749701057,1
2019,04,71510,gender,Male,1.14098271050479,1.11103266823057,1.17093275277902,1
2019,04,73000,all,All,0.977605464386369,0.947697071971961,1.00751385680078,1
2019,04,73000,gender,Female,0.990215480387962,0.958890440371045,1.02154052040488,1
2019,04,73000,gender,Male,0.990802676112327,0.957321234544942,1.02428411767971,1
2019,04,77000,all,All,0.943437317922846,0.909763905032937,0.977110730812754,1
2019,04,77000,gender,Female,0.965735904494704,0.930174601117085,1.00129720787232,1
2019,04,77000,gender,Male,0.906130611846308,0.869286743982576,0.942974479710039,1
2019,04,85540,all,All,0.929382833812583,0.885985391153836,0.972780276471329,1
2019,04,85540,gender,Female,0.924354320829194,0.87882640849346,0.969882233164927,1
2019,04,85540,gender,Male,0.92467823442527,0.877032198336651,0.972324270513889,1
2019,05,23290,all,All,0.843918979501852,0.796193504987761,0.891644454015943,1
2019,05,23290,gender,Female,0.982383733430283,0.930629575012875,1.03413789184769,1
2019,05,23290,gender,Male,0.73335245393296,0.682515048392503,0.784189859473416,1
2019,05,24550,all,All,1.04590996494734,1.00604815132159,1.0857717785731,1
2019,05,24550,gender,Female,1.10581406209718,1.06370974723865,1.14791837695571,1
2019,05,24550,gender,Male,0.97558885446863,0.932108454346295,1.01906925459097,1
2019,05,35710,all,All,0.998075839360715,0.921239005011275,1.07491267371015,1
2019,05,35710,gender,Female,1.11440790842781,1.03473902187422,1.1940767949814,1
2019,05,35710,gender,Male,0.877539129083724,0.792211032897878,0.96286722526957,1
2019,05,41000,all,All,0.597987199578079,0.566026983702437,0.629947415453721,1
2019,05,41000,gender,Female,0.672845558494,0.639116062428907,0.706575054559093,1
2019,05,41000,gender,Male,0.521168414138612,0.486277749378785,0.556059078898439,1
2019,05,66080,all,All,1.03462223261559,1.00405461625706,1.06518984897412,1
2019,05,66080,gender,Female,1.12291353556581,1.09027066448359,1.15555640664803,1
2019,05,66080,gender,Male,0.969415673485056,0.936409141393823,1.00242220557629,1
2019,06,00562,all,All,0.990363307717049,0.944257747523645,1.03646886791045,1
2019,06,00562,gender,Female,1.04615303013663,0.997899295082385,1.09440676519088,1
2019,06,00562,gender,Male,0.93570177444386,0.88495105807251,0.98645249081521,1
2019,06,00884,all,All,1.11488890225705,1.07573150468574,1.15404629982836,1
2019,06,00884,gender,Female,1.13185277788681,1.09193841295543,1.17176714281819,1
2019,06,00884,gender,Male,1.0913691355667,1.04708692369615,1.13565134743726,1
2019,06,02000,all,All,0.992133318751127,0.956752142578571,1.02751449492368,1
2019,06,02000,gender,Female,1.01681587633416,0.979175204105775,1.05445654856255,1
2019,06,02000,gender,Male,0.957467911328581,0.919131760076482,0.995804062580679,1
2019,06,02252,all,All,0.89059565663651,0.855334625099602,0.925856688173418,1
2019,06,02252,gender,Female,0.902301082658765,0.865385035218098,0.939217130099433,1
2019,06,02252,gender,Male,0.899617696522511,0.860826818892587,0.938408574152435,1
2019,06,02364,all,All,0.85077051082085,0.812725458035754,0.888815563605946,1
2019,06,02364,gender,Female,0.881835343705533,0.842247304721648,0.921423382689417,1
2019,06,02364,gender,Male,0.805156306063282,0.763042475277749,0.847270136848815,1
2019,06,03526,all,All,1.14353020747099,1.10282257481563,1.18423784012635,1
2019,06,03526,gender,Female,1.16422942374962,1.12231564511087,1.20614320238836,1
2019,06,03526,gender,Male,1.11683621681639,1.07168188233724,1.16199055129554,1
2019,06,04982,all,All,1.01293575349481,0.971388232428745,1.05448327456087,1
2019,06,04982,gender,Female,1.02980238186284,0.987223907309396,1.07238085641628,1
2019,06,04982,gender,Male,0.990770571703013,0.944045570948665,1.03749557245736,1
2019,06,06000,all,All,1.05172754267843,1.00057032009886,1.102884765258,1
2019,06,06000,gender,Female,1.09049768029792,1.03486403614844,1.14613132444741,1
2019,06,06000,gender,Male,0.994745365977842,0.940368503615765,1.04912222833992,1
2019,06,08786,all,All,0.844366864511346,0.793998590718691,0.894735138304001,1
2019,06,08786,gender,Female,0.880537056458742,0.826320945734855,0.93475316718263,1
2019,06,08786,gender,Male,0.783981875293308,0.729988171413757,0.837975579172859,1
2019,06,08954,all,All,0.928179552857327,0.889164858936788,0.967194246777867,1
2019,06,08954,gender,Female,0.92391606179874,0.883076944776281,0.964755178821199,1
2019,06,08954,gender,Male,0.919184643602213,0.876258379768718,0.962110907435709,1
2019,06,11194,all,All,0.82168653099133,0.778318924027495,0.865054137955164,1
2019,06,11194,gender,Female,0.832168989059407,0.785096428134875,0.879241549983939,1
2019,06,11194,gender,Male,0.810386309334308,0.764228245042182,0.856544373626434,1
2019,06,11530,all,All,,,,
2019,06,11530,gender,Female,,,,
2019,06,11530,gender,Male,,,,
2019,06,13014,all,All,1.11866908360658,1.07877669293433,1.15856147427883,1
2019,06,13014,gender,Female,1.16159125189592,1.11951093945857,1.20367156433327,1
2019,06,13014,gender,Male,1.07865925973996,1.03509164689269,1.12222687258724,1
2019,06,13210,all,All,0.993604587921189,0.966289449437576,1.0209197264048,1
2019,06,13210,gender,Female,1.05775450154782,1.02911651965718,1.08639248343847,1
2019,06,13210,gender,Male,0.942007832767642,0.911998130705323,0.972017534829962,1
2019,06,13214,all,All,,,,
2019,06,13214,gender,Female,,,,
2019,06,13214,gender,Male,,,,
2019,06,13392,all,All,0.988626657516136,0.969617348404342,1.00763596662793,1
2019,06,13392,gender,Female,1.01513883788715,0.995149815100181,1.03512786067411,1
2019,06,13392,gender,Male,0.953514461139744,0.932691995914914,0.974336926364574,1
2019,06,13588,all,All,,,,
2019,06,13588,gender,Female,,,,
2019,06,13588,gender,Male,,,,
2019,06,14218,all,All,1.23986390101368,1.21730612984209,1.26242167218527,1
2019,06,14218,gender,Female,1.24930035317763,1.2257063726716,1.27289433368365,1
2019,06,14218,gender,Male,1.23390166926635,1.20906337916576,1.25873995936694,1
2019,06,15044,all,All,1.12205882074083,1.09323021589011,1.15088742559154,1
2019,06,15044,gender,Female,1.11725204372703,1.08665521749704,1.14784886995703,1
2019,06,15044,gender,Male,1.11922732989117,1.0879246321278,1.15053002765455,1
2019,06,16000,all,All,0.920518388869017,0.895511018086805,0.945525759651229,1
2019,06,16000,gender,Female,0.963500144063656,0.93740264136874,0.989597646758572,1
2019,06,16000,gender,Male,0.879029577379568,0.851433127723916,0.906626027035219,1
2019,06,16350,all,All,1.00385898136305,0.970913903000338,1.03680405972577,1
2019,06,16350,gender,Female,1.07126072260653,1.03688906687575,1.10563237833731,1
2019,06,16350,gender,Male,0.936408353002837,0.900041329653249,0.972775376352425,1
2019,06,16532,all,All,1.07667604804877,1.04490515820163,1.10844693789592,1
2019,06,16532,gender,Female,1.10252324859825,1.06901492344651,1.13603157374999,1
2019,06,16532,gender,Male,1.04773479770615,1.01303269523815,1.08243690017415,1
2019,06,17918,all,All,1.02771147983991,0.970048775273058,1.08537418440677,1
2019,06,17918,gender,Female,1.06583759233658,1.00502351878814,1.12665166588503,1
2019,06,17918,gender,Male,0.985987337062458,0.923898717960632,1.04807595616428,1
2019,06,19766,all,All,0.843825603121829,0.811435073615849,0.87621613262781,1
2019,06,19766,gender,Female,0.840292705878551,0.806080902008001,0.874504509749101,1
2019,06,19766,gender,Male,0.82961425033393,0.794278344320223,0.864950156347637,1
2019,06,21712,all,All,0.937175546930376,0.905318119770894,0.969032974089857,1
2019,06,21712,gender,Female,0.957178717364058,0.927169945317407,0.987187489410708,1
2019,06,21712,gender,Male,0.897911946707455,0.86760583274115,0.92821806067376,1
2019,06,22020,all,All,1.03738149899047,1.01919392450527,1.05556907347567,1
2019,06,22020,gender,Female,1.05683198969372,1.03745751499041,1.07620646439702,1
2019,06,22020,gender,Male,1.01571412056006,0.99603266050691,1.03539558061321,1
2019,06,22230,all,All,1.33882298901524,1.29518200531595,1.38246397271453,1
2019,06,22230,gender,Female,1.37833849967745,1.33193169852826,1.42474530082664,1
2019,06,22230,gender,Male,1.29571107770476,1.24840250896157,1.34301964644795,1
2019,06,22804,all,All,1.16727701893641,1.13640202597736,1.19815201189545,1
2019,06,22804,gender,Female,1.22111166396129,1.18886011754493,1.25336321037765,1
2019,06,22804,gender,Male,1.10430922028803,1.07026926272333,1.13834917785273,1
2019,06,23182,all,All,1.03446457144697,0.997075202318978,1.07185394057496,1
2019,06,23182,gender,Female,1.07958612134903,1.04024930274316,1.1189229399549,1
2019,06,23182,gender,Male,0.986382570652673,0.945444351833711,1.02732078947163,1
2019,06,24638,all,All,,,,
2019,06,24638,gender,Female,,,,
2019,06,24638,gender,Male,,,,
2019,06,24680,all,All,1.16232870380943,1.13893875687008,1.18571865074879,1
2019,06,24680,gender,Female,1.21976615982159,1.19499786656906,1.24453445307413,1
2019,06,24680,gender,Male,1.10376365683637,1.07831254906863,1.12921476460411,1
2019,06,26000,all,All,1.0979798502628,1.07301612667919,1.12294357384642,1
2019,06,26000,gender,Female,1.09581362044994,1.0698240830332,1.12180315786669,1
2019,06,26000,gender,Male,1.09189914041494,1.06428463855774,1.11951364227214,1
2019,06,27000,all,All,1.15451292432949,1.1284748269557,1.18055102170328,1
2019,06,27000,gender,Female,1.17052522163406,1.14394844383848,1.19710199942964,1
2019,06,27000,gender,Male,1.1331145915531,1.10516514197783,1.16106404112837,1
2019,06,28000,all,All,1.13242390077483,1.0994490287079,1.16539877284176,1
2019,06,28000,gender,Female,1.15399521150733,1.11965528225876,1.1883351407559,1
2019,06,28000,gender,Male,1.11894514527628,1.08247938475209,1.15541090580047,1
2019,06,29000,all,All,1.34291568876424,1.32097210480331,1.36485927272517,1
2019,06,29000,gender,Female,1.33893803776704,1.31580252050154,1.36207355503255,1
2019,06,29000,gender,Male,1.35898203253219,1.33500579195159,1.3829582731128,1
2019,06,30000,all,All,1.01977550842145,0.989901191066454,1.04964982577645,1
2019,06,30000,gender,Female,1.04223546433475,1.01059814854468,1.07387278012482,1
2019,06,30000,gender,Male,0.98952800135718,0.957023434612218,1.02203256810214,1
2019,06,32548,all,All,1.16842431705298,1.10491398873851,1.23193464536744,1
2019,06,32548,gender,Female,1.20164556170835,1.13468912759552,1.26860199582117,1
2019,06,32548,gender,Male,1.15954747284062,1.09033781428239,1.22875713139886,1
2019,06,33000,all,All,1.10556171729905,1.07549534249733,1.13562809210077,1
2019,06,33000,gender,Female,1.13098022233132,1.09949107453276,1.16246937012988,1
2019,06,33000,gender,Male,1.09565265725443,1.06258710680457,1.1287182077043,1
2019,06,33182,all,All,1.00604797983291,0.97475749813387,1.03733846153195,1
2019,06,33182,gender,Female,1.02607122043308,0.992756047627917,1.05938639323825,1
2019,06,33182,gender,Male,0.976039265639118,0.942158285618248,1.00992024565999,1
2019,06,33434,all,All,0.903746778215204,0.873904949673023,0.933588606757386,1
2019,06,33434,gender,Female,0.942552422021484,0.911054283007009,0.974050561035959,1
2019,06,33434,gender,Male,0.844503244176224,0.811929340097885,0.877077148254563,1
2019,06,36000,all,All,1.01804273244212,0.974273925467678,1.06181153941656,1
2019,06,36000,gender,Female,1.05105470769175,1.00492737062629,1.09718204475721,1
2019,06,36000,gender,Male,0.985398238089876,0.937611521050394,1.03318495512936,1
2019,06,36448,all,All,,,,
2019,06,36448,gender,Female,,,,
2019,06,36448,gender,Male,,,,
2019,06,36546,all,All,1.06443004670878,1.02570903716063,1.10315105625693,1
2019,06,36546,gender,Female,1.10942983918015,1.06841459098937,1.15044508737093,1
2019,06,36546,gender,Male,1.05934043767185,1.01459591720747,1.10408495813623,1
2019,06,36770,all,All,0.995672348849247,0.970787078107089,1.0205576195914,1
2019,06,36770,gender,Female,1.00747978548914,0.981197031154096,1.03376253982419,1
2019,06,36770,gender,Male,0.97919425275238,0.952048614690834,1.00633989081393,1
2019,06,37692,all,All,1.08853779986858,1.05577625074839,1.12129934898878,1
2019,06,37692,gender,Female,1.1101182541893,1.07672970706816,1.14350680131044,1
2019,06,37692,gender,Male,1.06979822289526,1.03274072153087,1.10685572425964,1
2019,06,39496,all,All,,,,
2019,06,39496,gender,Female,,,,
2019,06,39496,gender,Male,,,,
2019,06,39892,all,All,,,,
2019,06,39892,gender,Female,,,,
2019,06,39892,gender,Male,,,,
2019,06,40130,all,All,1.09718387983851,1.05881271774464,1.13555504193239,1
2019,06,40130,gender,Female,1.09943083897084,1.05891931157698,1.13994236636471,1
2019,06,40130,gender,Male,1.09130872684919,1.04945133802638,1.13316611567199,1
2019,06,41992,all,All,1.05655968531867,1.01759498008064,1.09552439055669,1
2019,06,41992,gender,Female,1.08196374865949,1.04188072726135,1.12204677005764,1
2019,06,41992,gender,Male,1.03533401573344,0.991699460126402,1.07896857134048,1
2019,06,43000,all,All,1.21405738926969,1.19704505511291,1.23106972342646,1
2019,06,43000,gender,Female,1.26466004052745,1.24662258512281,1.28269749593208,1
2019,06,43000,gender,Male,1.16195863829511,1.14346871974764,1.18044855684259,1
2019,06,44000,all,All,1.06706969809515,1.06119442511849,1.0729449710718,1
2019,06,44000,gender,Female,1.09781544216941,1.09163107472925,1.10399980960958,1
2019,06,44000,gender,Male,1.03505108311499,1.02862170257324,1.04148046365674,1
2019,06,45484,all,All,1.26400418804479,1.23458578496456,1.29342259112502,1
2019,06,45484,gender,Female,1.26327839898083,1.23183135739645,1.29472544056522,1
2019,06,45484,gender,Male,1.2564283037422,1.22469385965065,1.28816274783375,1
2019,06,46842,all,All,1.05234541978861,1.01552603963838,1.08916479993884,1
2019,06,46842,gender,Female,1.09530298875616,1.05651489071118,1.13409108680115,1
2019,06,46842,gender,Male,1.00803816243583,0.967776876655812,1.04829944821585,1
2019,06,46898,all,All,0.987776408895032,0.939405315848442,1.03614750194162,1
2019,06,46898,gender,Female,1.03637929045279,0.985139509816641,1.08761907108893,1
2019,06,46898,gender,Male,0.93736174539231,0.884751550327361,0.98997194045726,1
2019,06,47766,all,All,1.2295692085884,1.18383096766764,1.27530744950915,1
2019,06,47766,gender,Female,1.2667868964762,1.21860923742642,1.31496455552598,1
2019,06,47766,gender,Male,1.18205281636779,1.1320314126688,1.23207422006679,1
2019,06,48256,all,All,1.02735544231908,0.998867413946103,1.05584347069205,1
2019,06,48256,gender,Female,1.06132521848216,1.03098149598929,1.09166894097503,1
2019,06,48256,gender,Male,0.996297188447184,0.965461311256213,1.02713306563816,1
2019,06,48354,all,All,1.17355459984653,1.12590846979915,1.22120072989391,1
2019,06,48354,gender,Female,1.16340655884999,1.1176095952946,1.20920352240537,1
2019,06,48354,gender,Male,1.18002387799625,1.13320514007797,1.22684261591453,1
2019,06,49270,all,All,0.911989856967652,0.887470251697068,0.936509462238236,1
2019,06,49270,gender,Female,0.962761078923358,0.936836123939984,0.988686033906733,1
2019,06,49270,gender,Male,0.862839815859095,0.836121143586505,0.889558488131684,1
2019,06,49670,all,All,1.02615283098879,0.971151175179216,1.08115448679836,1
2019,06,49670,gender,Female,0.971293779329505,0.914675913562977,1.02791164509603,1
2019,06,49670,gender,Male,1.07658953271671,1.01128436307174,1.14189470236169,1
2019,06,50076,all,All,0.989503690650864,0.958335666555552,1.02067171474618,1
2019,06,50076,gender,Female,1.05402766766082,1.0222489186046,1.08580641671704,1
2019,06,50076,gender,Male,0.918857815619869,0.883617817664011,0.954097813575727,1
2019,06,50258,all,All,0.936593886829549,0.902719713461622,0.970468060197476,1
2019,06,50258,gender,Female,1.04812754424158,1.01192099590007,1.08433409258309,1
2019,06,50258,gender,Male,0.824957193976637,0.788411618668774,0.8615027692845,1
2019,06,51182,all,All,,,,
2019,06,51182,gender,Female,,,,
2019,06,51182,gender,Male,,,,
2019,06,52526,all,All,0.836273093774081,0.80106405059709,0.871482136951071,1
2019,06,52526,gender,Female,0.885471257222825,0.848260686897836,0.922681827547815,1
2019,06,52526,gender,Male,0.783643400361213,0.745257679659031,0.822029121063396,1
2019,06,53000,all,All,1.09600057564805,1.07552226458445,1.11647888671164,1
2019,06,53000,gender,Female,1.10563738192678,1.08426200860083,1.12701275525274,1
2019,06,53000,gender,Male,1.09660778101375,1.07259227032913,1.12062329169838,1
2019,06,53322,all,All,1.14549576677117,1.11107882215494,1.17991271138739,1
2019,06,53322,gender,Female,1.17778618294243,1.14222531034103,1.21334705554383,1
2019,06,53322,gender,Male,1.11976623648798,1.08140063857363,1.15813183440233,1
2019,06,53896,all,All,1.26157648424701,1.23016658727744,1.29298638121659,1
2019,06,53896,gender,Female,1.30716576509546,1.27374049185635,1.34059103833457,1
2019,06,53896,gender,Male,1.21075772065799,1.17673150249792,1.24478393881806,1
2019,06,53980,all,All,1.0523674677749,1.02469107261889,1.0800438629309,1
2019,06,53980,gender,Female,1.08643085335488,1.05716008287141,1.11570162383835,1
2019,06,53980,gender,Male,1.0092878613084,0.97913640704595,1.03943931557084,1
2019,06,54652,all,All,1.16701376633228,1.127914038051,1.20611349461356,1
2019,06,54652,gender,Female,1.20774247837992,1.16683814391622,1.24864681284362,1
2019,06,54652,gender,Male,1.11795835729125,1.0749288925927,1.1609878219898,1
2019,06,55156,all,All,0.979230158778159,0.947295148693153,1.01116516886317,1
2019,06,55156,gender,Female,1.00503764087401,0.972060357964547,1.03801492378347,1
2019,06,55156,gender,Male,0.97677117310215,0.941181367811344,1.01236097839296,1
2019,06,56000,all,All,0.857851061569973,0.824022362894868,0.891679760245078,1
2019,06,56000,gender,Female,0.888938855860817,0.853307551584521,0.924570160137112,1
2019,06,56000,gender,Male,0.82324437538271,0.786247477789984,0.860241272975437,1
2019,06,56700,all,All,0.934425364160991,0.898797916428596,0.970052811893387,1
2019,06,56700,gender,Female,0.945202850295065,0.90718783367247,0.983217866917661,1
2019,06,56700,gender,Male,0.924326581086502,0.88583903534449,0.962814126828513,1
2019,06,57456,all,All,0.891368214195181,0.848887699088208,0.933848729302153,1
2019,06,57456,gender,Female,0.945149854734671,0.900209683807725,0.990090025661617,1
2019,06,57456,gender,Male,0.824276349871916,0.778008648785978,0.870544050957854,1
2019,06,57792,all,All,0.915708465621357,0.877024159505451,0.954392771737262,1
2019,06,57792,gender,Female,0.891532824170326,0.85108153371251,0.931984114628141,1
2019,06,57792,gender,Male,0.946501728611461,0.903896378972171,0.989107078250751,1
2019,06,58072,all,All,1.11479109177549,1.08550251508101,1.14407966846997,1
2019,06,58072,gender,Female,1.15013607358484,1.1192463552004,1.18102579196928,1
2019,06,58072,gender,Male,1.06937844403938,1.03738733716824,1.10136955091052,1
2019,06,59444,all,All,1.00543543176926,0.972702330669921,1.0381685328686,1
2019,06,59444,gender,Female,1.04045758517817,1.00554191237426,1.07537325798209,1
2019,06,59444,gender,Male,0.9789418382341,0.943563213051188,1.01432046341701,1
2019,06,59451,all,All,1.1446663437416,1.08220927827874,1.20712340920446,1
2019,06,59451,gender,Female,1.20870185018387,1.14400172265988,1.27340197770785,1
2019,06,59451,gender,Male,1.09467474895579,1.02526098375069,1.1640885141609,1
2019,06,59920,all,All,0.922214760500647,0.840340537641944,1.00408898335935,1
2019,06,59920,gender,Female,0.986712148903066,0.899182040361655,1.07424225744448,1
2019,06,59920,gender,Male,0.844267209782993,0.751949314603517,0.936585104962468,1
2019,06,60102,all,All,1.28633224066024,1.24517222227031,1.32749225905018,1
2019,06,60102,gender,Female,1.34466283168199,1.30203442447573,1.38729123888824,1
2019,06,60102,gender,Male,1.24037005045877,1.19459635139855,1.286143749519,1
2019,06,60466,all,All,0.802614535069798,0.774146601012264,0.831082469127331,1
2019,06,60466,gender,Female,0.848925736524777,0.818860252219242,0.878991220830313,1
2019,06,60466,gender,Male,0.76871695952985,0.737662560438029,0.79977135862167,1
2019,06,60620,all,All,1.01073262710306,0.985282152413307,1.0361831017928,1
2019,06,60620,gender,Female,1.07463619593585,1.04793143633582,1.10134095553588,1
2019,06,60620,gender,Male,0.92861898459872,0.900682519518698,0.956555449678742,1
2019,06,62000,all,All,1.10022050041541,1.07643351638291,1.12400748444791,1
2019,06,62000,gender,Female,1.11772238874094,1.09273351863482,1.14271125884706,1
2019,06,62000,gender,Male,1.07224274857306,1.04616187517843,1.0983236219677,1
2019,06,62938,all,All,0.917355983536226,0.877424247761663,0.95728771931079,1
2019,06,62938,gender,Female,0.963286695983563,0.921339094068724,1.0052342978984,1
2019,06,62938,gender,Male,0.861536899537428,0.817770963519129,0.905302835555726,1
2019,06,64000,all,All,1.19705134969267,1.16852680847432,1.22557589091102,1
2019,06,64000,gender,Female,1.22006910954819,1.18999402193667,1.25014419715972,1
2019,06,64000,gender,Male,1.1839462432689,1.15246051450214,1.21543197203565,1
2019,06,64224,all,All,1.33554909568222,1.2921086537227,1.37898953764174,1
2019,06,64224,gender,Female,1.35945607536274,1.31338433468909,1.40552781603638,1
2019,06,64224,gender,Male,1.31315117095859,1.26594480940662,1.36035753251055,1
2019,06,65000,all,All,1.32736029411643,1.30811743451623,1.34660315371664,1
2019,06,65000,gender,Female,1.3385279604789,1.31821610128729,1.35883981967052,1
2019,06,65000,gender,Male,1.31091638333585,1.28991470260651,1.33191806406519,1
2019,06,65042,all,All,0.984972784942119,0.950707789363306,1.01923778052093,1
2019,06,65042,gender,Female,1.0313231264579,0.995493553550727,1.06715269936507,1
2019,06,65042,gender,Male,0.936827556299438,0.899088240945098,0.974566871653778,1
2019,06,66000,all,All,0.885303687579235,0.867752238722222,0.902855136436247,1
2019,06,66000,gender,Female,0.911795333881288,0.893121003037625,0.930469664724951,1
2019,06,66000,gender,Male,0.857914570781938,0.838908297606905,0.876920843956971,1
2019,06,67000,all,All,1.0099725041442,0.990115480116222,1.02982952817217,1
2019,06,67000,gender,Female,1.04472248069367,1.02384250476105,1.06560245662629,1
2019,06,67000,gender,Male,0.980195471574366,0.958442991262546,1.00194795188619,1
2019,06,68000,all,All,1.01531020092291,0.976502646740573,1.05411775510525,1
2019,06,68000,gender,Female,1.03088419279102,0.989966670100112,1.07180171548192,1
2019,06,68000,gender,Male,0.997439371720076,0.955030994693789,1.03984774874636,1
2019,06,68084,all,All,0.827120620440955,0.777563751724017,0.876677489157892,1
2019,06,68084,gender,Female,0.880666169526151,0.828432618278034,0.932899720774269,1
2019,06,68084,gender,Male,0.752410950388437,0.698249002986583,0.806572897790291,1
2019,06,68196,all,All,0.938069129270971,0.907812248501697,0.968326010040246,1
2019,06,68196,gender,Female,0.980249238083823,0.948619049535379,1.01187942663227,1
2019,06,68196,gender,Male,0.895610439589065,0.862273000010255,0.928947879167875,1
2019,06,68252,all,All,,,,
2019,06,68252,gender,Female,,,,
2019,06,68252,gender,Male,,,,
2019,06,68378,all,All,,,,
2019,06,68378,gender,Female,,,,
2019,06,68378,gender,Male,,,,
2019,06,69000,all,All,1.06005646980202,1.04079381260485,1.07931912699918,1
2019,06,69000,gender,Female,1.12421024981822,1.1039116433319,1.14450885630454,1
2019,06,69000,gender,Male,0.995111057768636,0.97405326956711,1.01616884597016,1
2019,06,69070,all,All,1.23532808981677,1.17155159143696,1.29910458819659,1
2019,06,69070,gender,Female,1.24555069373505,1.18232034233687,1.30878104513324,1
2019,06,69070,gender,Male,1.23260534887451,1.1688122460202,1.29639845172881,1
2019,06,69084,all,All,0.868120282289326,0.829872513603757,0.906368050974896,1
2019,06,69084,gender,Female,0.79664268887297,0.755238830351747,0.838046547394194,1
2019,06,69084,gender,Male,0.943479601227689,0.902665498573618,0.984293703881761,1
2019,06,69088,all,All,0.990979824758668,0.960731638287757,1.02122801122958,1
2019,06,69088,gender,Female,1.00722350320336,0.975494176129629,1.03895283027709,1
2019,06,69088,gender,Male,0.957938005035483,0.924725849600961,0.991150160470006,1
2019,06,69196,all,All,1.3036087954292,1.27093651109369,1.33628107976471,1
2019,06,69196,gender,Female,1.32690939997503,1.2954508315715,1.35836796837856,1
2019,06,69196,gender,Male,1.287168363179,1.25418521576234,1.32015151059566,1
2019,06,70000,all,All,0.77997280503832,0.734573263444795,0.825372346631845,1
2019,06,70000,gender,Female,0.748510849546616,0.70058466559747,0.796437033495762,1
2019,06,70000,gender,Male,0.804383941725329,0.754799921688136,0.853967961762521,1
2019,06,70098,all,All,1.01562349529971,0.932446459335021,1.09880053126439,1
2019,06,70098,gender,Female,1.06255396840483,0.976571989863045,1.14853594694661,1
2019,06,70098,gender,Male,0.947659045732829,0.855053905742589,1.04026418572307,1
2019,06,72016,all,All,0.794053003548699,0.758705593595027,0.82940041350237,1
2019,06,72016,gender,Female,0.844707141498099,0.807863354098591,0.881550928897607,1
2019,06,72016,gender,Male,0.74863661557444,0.709582748139935,0.787690483008945,1
2019,06,73080,all,All,,,,
2019,06,73080,gender,Female,,,,
2019,06,73080,gender,Male,,,,
2019,06,75000,all,All,1.21835961365597,1.19248354827263,1.2442356790393,1
2019,06,75000,gender,Female,1.26033441612354,1.2326449963928,1.28802383585428,1
2019,06,75000,gender,Male,1.16775649937727,1.13986902342728,1.19564397532726,1
2019,06,77000,all,All,0.875405625963991,0.787945741432536,0.962865510495445,1
2019,06,77000,gender,Female,0.855709031326689,0.763493066844905,0.947924995808473,1
2019,06,77000,gender,Male,0.8777570476151,0.78220371347628,0.97331038175392,1
2019,06,78120,all,All,0.924839765384512,0.901123834796087,0.948555695972936,1
2019,06,78120,gender,Female,0.956355829329558,0.931636004048609,0.981075654610507,1
2019,06,78120,gender,Male,0.881319621299112,0.855116132572391,0.907523110025832,1
2019,06,78582,all,All,0.8923313413194,0.857839520163335,0.926823162475465,1
2019,06,78582,gender,Female,0.93344391489906,0.896683634330767,0.970204195467353,1
2019,06,78582,gender,Male,0.849272014681393,0.811957479817535,0.886586549545252,1
2019,06,80000,all,All,0.90360234263842,0.872079852554715,0.935124832722126,1
2019,06,80000,gender,Female,0.920996733268929,0.88792640936987,0.954067057167989,1
2019,06,80000,gender,Male,0.872110022327617,0.837501986959367,0.906718057695867,1
2019,06,80238,all,All,1.0967872842979,1.03965753350725,1.15391703508855,1
2019,06,80238,gender,Female,1.11248295118172,1.05078559782615,1.17418030453728,1
2019,06,80238,gender,Male,1.09262301572526,1.02946646356847,1.15577956788206,1
2019,06,80854,all,All,1.01910865128922,0.98931595988663,1.0489013426918,1
2019,06,80854,gender,Female,1.02497412381484,0.993510688132509,1.05643755949717,1
2019,06,80854,gender,Male,1.01989346966337,0.987392488781217,1.05239445054551,1
2019,06,81344,all,All,0.939359836762968,0.895232523433132,0.983487150092803,1
2019,06,81344,gender,Female,0.885774650808894,0.839526104636564,0.932023196981225,1
2019,06,81344,gender,Male,0.991211772103701,0.942719406450136,1.03970413775727,1
2019,06,81554,all,All,1.09248183779369,1.05153706347004,1.13342661211734,1
2019,06,81554,gender,Female,1.10823037622978,1.06466397098905,1.15179678147051,1
2019,06,81554,gender,Male,1.08524693774518,1.04088837493361,1.12960550055675,1
2019,06,81666,all,All,0.95537198167592,0.917295098994031,0.993448864357809,1
2019,06,81666,gender,Female,1.0293598868139,0.989442837849102,1.0692769357787,1
2019,06,81666,gender,Male,0.849656886603625,0.790974608883806,0.908339164323443,1
2019,06,82590,all,All,1.05725860949769,1.02742759521427,1.0870896237811,1
2019,06,82590,gender,Female,1.0730257384238,1.04190998554749,1.10414149130011,1
2019,06,82590,gender,Male,1.02836621949162,0.995427641919573,1.06130479706367,1
2019,06,82954,all,All,1.18476226997659,1.15805258737102,1.21147195258216,1
2019,06,82954,gender,Female,1.24562635503529,1.21776891576572,1.27348379430487,1
2019,06,82954,gender,Male,1.12838644169044,1.09889342864802,1.15787945473286,1
2019,06,82996,all,All,0.999425382147843,0.968791977505822,1.03005878678986,1
2019,06,82996,gender,Female,1.04522292682695,1.01318607903373,1.07725977462018,1
2019,06,82996,gender,Male,0.956289574856206,0.92255548943842,0.990023660273992,1
2019,06,84200,all,All,0.7862887493004,0.741492002377161,0.83108549622364,1
2019,06,84200,gender,Female,0.800203208064974,0.752855317025756,0.847551099104191,1
2019,06,84200,gender,Male,0.75266751282052,0.70383068697764,0.8015043386634,1
2019,06,84550,all,All,1.0360346471733,0.995346112971068,1.07672318137554,1
2019,06,84550,gender,Female,1.11537557441074,1.07291981846679,1.15783133035468,1
2019,06,84550,gender,Male,0.94764538817038,0.902731326979052,0.992559449361707,1
2019,06,85292,all,All,1.05115845007693,0.996860725779484,1.10545617437438,1
2019,06,85292,gender,Female,1.08978930184513,1.03188321551043,1.14769538817983,1
2019,06,85292,gender,Male,1.01371901166709,0.955070822706133,1.07236720062805,1
2019,08,03455,all,All,,,,
2019,08,03455,gender,Female,,,,
2019,08,03455,gender,Male,,,,
2019,08,04000,all,All,1.1037669237011,1.07064287341311,1.13689097398908,1
2019,08,04000,gender,Female,1.1428883689436,1.10758512812973,1.17819160975746,1
2019,08,04000,gender,Male,1.06553815350112,1.02970980147355,1.10136650552868,1
2019,08,07850,all,All,,,,
2019,08,07850,gender,Female,,,,
2019,08,07850,gender,Male,,,,
2019,08,12815,all,All,,,,
2019,08,12815,gender,Female,,,,
2019,08,12815,gender,Male,,,,
2019,08,16000,all,All,0.963163138301354,0.847396758408772,1.07892951819394,1
2019,08,16000,gender,Female,1.05508865908028,0.933144847205739,1.17703247095482,1
2019,08,16000,gender,Male,0.85146650670634,0.724860973178685,0.978072040233995,1
2019,08,20000,all,All,1.15945890320818,1.13268523360099,1.18623257281539,1
2019,08,20000,gender,Female,1.2312192677942,1.20293780063969,1.25950073494872,1
2019,08,20000,gender,Male,1.09167050881055,1.0624720926618,1.12086892495931,1
2019,08,27425,all,All,1.1733007036023,1.11373290223888,1.23286850496573,1
2019,08,27425,gender,Female,1.31314068409783,1.25046680032391,1.37581456787175,1
2019,08,27425,gender,Male,1.05215493903725,0.986940063341383,1.11736981473313,1
2019,08,32155,all,All,0.878018121441923,0.83358500008055,0.922451242803297,1
2019,08,32155,gender,Female,1.00305103452408,0.955806460420442,1.05029560862771,1
2019,08,32155,gender,Male,0.759643638321192,0.711477653253155,0.807809623389229,1
2019,08,43000,all,All,,,,
2019,08,43000,gender,Female,,,,
2019,08,43000,gender,Male,,,,
2019,08,45970,all,All,1.05415592125895,0.994657971017961,1.11365387149994,1
2019,08,45970,gender,Female,1.12965753384131,1.06789938825351,1.19141567942911,1
2019,08,45970,gender,Male,0.975778844226265,0.909764452685978,1.04179323576655,1
2019,08,46465,all,All,,,,
2019,08,46465,gender,Female,,,,
2019,08,46465,gender,Male,,,,
2019,08,62000,all,All,0.925480656112809,0.868678746848654,0.982282565376965,1
2019,08,62000,gender,Female,1.02577064270899,0.965606025455761,1.08593525996222,1
2019,08,62000,gender,Male,0.823661032703768,0.761866651638254,0.885455413769282,1
2019,08,77290,all,All,1.12274312574415,1.09104976281581,1.1544364886725,1
2019,08,77290,gender,Female,1.22396260003586,1.19083695932574,1.25708824074599,1
2019,08,77290,gender,Male,1.02569540282929,0.990772704136654,1.06061810152193,1
2019,08,83835,all,All,1.08483121006056,1.01915158055508,1.15051083956605,1
2019,08,83835,gender,Female,1.21205770506085,1.14455097259136,1.27956443753034,1
2019,08,83835,gender,Male,0.94119986157249,0.867581992620741,1.01481773052424,1
2019,09,08000,all,All,1.05341344414337,1.02361348958914,1.08321339869759,1
2019,09,08000,gender,Female,1.0878073493357,1.0563838643663,1.1192308343051,1
2019,09,08000,gender,Male,1.01175146940594,0.979194258373229,1.04430868043865,1
2019,09,18430,all,All,0.814209930207876,0.765875926195478,0.862543934220274,1
2019,09,18430,gender,Female,0.8915880835932,0.84183843610266,0.94133773108374,1
2019,09,18430,gender,Male,0.96184549156469,0.849976258110023,1.07371472501936,1
2019,09,37000,all,All,0.870903756378552,0.827247856572091,0.914559656185013,1
2019,09,37000,gender,Female,0.897045487323737,0.851251494480422,0.942839480167051,1
2019,09,37000,gender,Male,0.844960082892455,0.797026942955735,0.892893222829175,1
2019,09,52000,all,All,1.12116986330411,1.09068792915954,1.15165179744868,1
2019,09,52000,gender,Female,1.08599698597696,1.05375399757425,1.11823997437967,1
2019,09,52000,gender,Male,1.1581082248217,1.12490132087765,1.19131512876576,1
2019,09,55990,all,All,0.782028198073451,0.738796500442034,0.825259895704867,1
2019,09,55990,gender,Female,0.80950558731068,0.763858549817496,0.855152624803864,1
2019,09,55990,gender,Male,0.770110822796609,0.722941088141388,0.817280557451829,1
2019,09,73000,all,All,0.855910534842359,0.819153192399059,0.89266787728566,1
2019,09,73000,gender,Female,0.89654133394046,0.857358650761676,0.935724017119244,1
2019,09,73000,gender,Male,0.802454664412179,0.762701272005149,0.842208056819208,1
2019,09,80000,all,All,0.878517868525727,0.843410981909161,0.913624755142292,1
2019,09,80000,gender,Female,0.901160952337251,0.865307802406648,0.937014102267855,1
2019,09,80000,gender,Male,0.84275277436662,0.803129726510638,0.882375822222601,1
2019,11,50000,all,All,0.832268017233117,0.814394141713605,0.850141892752629,1
2019,11,50000,gender,Female,0.925192210792246,0.906426963923741,0.943957457660752,1
2019,11,50000,gender,Male,0.739754662525242,0.72014515041324,0.759364174637244,1
2019,12,07300,all,All,,,,
2019,12,07300,gender,Female,,,,
2019,12,07300,gender,Male,,,,
2019,12,07875,all,All,,,,
2019,12,07875,gender,Female,,,,
2019,12,07875,gender,Male,,,,
2019,12,10275,all,All,,,,
2019,12,10275,gender,Female,,,,
2019,12,10275,gender,Male,,,,
2019,12,12875,all,All,,,,
2019,12,12875,gender,Female,,,,
2019,12,12875,gender,Male,,,,
2019,12,14400,all,All,,,,
2019,12,14400,gender,Female,,,,
2019,12,14400,gender,Male,,,,
2019,12,16475,all,All,,,,
2019,12,16475,gender,Female,,,,
2019,12,16475,gender,Male,,,,
2019,12,16725,all,All,,,,
2019,12,16725,gender,Female,,,,
2019,12,16725,gender,Male,,,,
2019,12,17200,all,All,,,,
2019,12,17200,gender,Female,,,,
2019,12,17200,gender,Male,,,,
2019,12,17935,all,All,,,,
2019,12,17935,gender,Female,,,,
2019,12,17935,gender,Male,,,,
2019,12,24000,all,All,0.867420961356818,0.858459963905674,0.876381958807962,1
2019,12,24000,gender,Female,0.913609829246018,0.904146617787748,0.923073040704287,1
2019,12,24000,gender,Male,0.81871594247178,0.8089401431944,0.828491741749159,1
2019,12,24125,all,All,0.732985998351797,0.717473874922516,0.748498121781077,1
2019,12,24125,gender,Female,0.821082395069334,0.804815760667516,0.837349029471152,1
2019,12,24125,gender,Male,0.642279014393011,0.625241723245694,0.659316305540327,1
2019,12,25175,all,All,0.790441873439621,0.762417347268908,0.818466399610334,1
2019,12,25175,gender,Female,0.889492955094286,0.859691584307891,0.919294325880681,1
2019,12,25175,gender,Male,0.691955621589394,0.661580641349501,0.722330601829287,1
2019,12,30000,all,All,,,,
2019,12,30000,gender,Female,,,,
2019,12,30000,gender,Male,,,,
2019,12,32000,all,All,,,,
2019,12,32000,gender,Female,,,,
2019,12,32000,gender,Male,,,,
2019,12,32275,all,All,,,,
2019,12,32275,gender,Female,,,,
2019,12,32275,gender,Male,,,,
2019,12,35000,all,All,0.69982851621049,0.686865608494509,0.712791423926471,1
2019,12,35000,gender,Female,0.774855762776739,0.761079470648148,0.78863205490533,1
2019,12,35000,gender,Male,0.619961779507613,0.605903478742303,0.634020080272923,1
2019,12,36950,all,All,0.692235109936826,0.673607622166649,0.710862597707002,1
2019,12,36950,gender,Female,0.769263000157182,0.749596898743945,0.788929101570419,1
2019,12,36950,gender,Male,0.61356469180938,0.593238184821719,0.633891198797041,1
2019,12,38250,all,All,,,,
2019,12,38250,gender,Female,,,,
2019,12,38250,gender,Male,,,,
2019,12,39425,all,All,0.725247492189292,0.710304706617818,0.740190277760767,1
2019,12,39425,gender,Female,0.797312491988513,0.781548879637159,0.813076104339868,1
2019,12,39425,gender,Male,0.646007723639265,0.629689158128246,0.662326289150284,1
2019,12,43975,all,All,,,,
2019,12,43975,gender,Female,,,,
2019,12,43975,gender,Male,,,,
2019,12,45000,all,All,0.867792583226896,0.860013025712457,0.875572140741335,1
2019,12,45000,gender,Female,0.922782664127156,0.914572831654074,0.930992496600238,1
2019,12,45000,gender,Male,0.813403248027913,0.804910641814475,0.821895854241351,1
2019,12,45025,all,All,,,,
2019,12,45025,gender,Female,,,,
2019,12,45025,gender,Male,,,,
2019,12,45060,all,All,,,,
2019,12,45060,gender,Female,,,,
2019,12,45060,gender,Male,,,,
2019,12,45975,all,All,,,,
2019,12,45975,gender,Female,,,,
2019,12,45975,gender,Male,,,,
2019,12,49675,all,All,,,,
2019,12,49675,gender,Female,,,,
2019,12,49675,gender,Male,,,,
2019,12,53000,all,All,0.64372101550211,0.633434767977294,0.654007263026927,1
2019,12,53000,gender,Female,0.709152612130995,0.698271495063589,0.720033729198401,1
2019,12,53000,gender,Male,0.574081563178519,0.562877163098153,0.585285963258886,1
2019,12,54000,all,All,,,,
2019,12,54000,gender,Female,,,,
2019,12,54000,gender,Male,,,,
2019,12,54200,all,All,,,,
2019,12,54200,gender,Female,,,,
2019,12,54200,gender,Male,,,,
2019,12,55775,all,All,,,,
2019,12,55775,gender,Female,,,,
2019,12,55775,gender,Male,,,,
2019,12,57425,all,All,,,,
2019,12,57425,gender,Female,,,,
2019,12,57425,gender,Male,,,,
2019,12,58050,all,All,,,,
2019,12,58050,gender,Female,,,,
2019,12,58050,gender,Male,,,,
2019,12,58715,all,All,,,,
2019,12,58715,gender,Female,,,,
2019,12,58715,gender,Male,,,,
2019,12,63000,all,All,,,,
2019,12,63000,gender,Female,,,,
2019,12,63000,gender,Male,,,,
2019,12,69700,all,All,,,,
2019,12,69700,gender,Female,,,,
2019,12,69700,gender,Male,,,,
2019,12,70600,all,All,0.712286586355727,0.686970804275318,0.737602368436137,1
2019,12,70600,gender,Female,0.739783795019934,0.713735803986292,0.765831786053577,1
2019,12,70600,gender,Male,0.677934560776001,0.649589387222411,0.70627973432959,1
2019,12,71000,all,All,0.837980970629478,0.827670114605057,0.848291826653899,1
2019,12,71000,gender,Female,0.885279444050009,0.874446219637301,0.896112668462716,1
2019,12,71000,gender,Male,0.78682656756291,0.77552296606466,0.798130169061159,1
2019,12,76600,all,All,0.854759589862648,0.844187330458983,0.865331849266313,1
2019,12,76600,gender,Female,0.919444189459753,0.908324544015757,0.930563834903749,1
2019,12,76600,gender,Male,0.786457286329234,0.774879119645115,0.798035453013354,1
2019,13,03440,all,All,0.821576800165997,0.781151459923756,0.862002140408238,1
2019,13,03440,gender,Female,0.881004842715257,0.837393578242249,0.924616107188265,1
2019,13,03440,gender,Male,0.763111157760406,0.719856777496535,0.806365538024277,1
2019,13,04000,all,All,0.878647459598005,0.861671538876666,0.895623380319344,1
2019,13,04000,gender,Female,0.880356291831522,0.862461719125426,0.898250864537618,1
2019,13,04000,gender,Male,0.871253849802707,0.852702970301668,0.889804729303746,1
2019,13,04204,all,All,1.01452393574799,0.988046209127473,1.0410016623685,1
2019,13,04204,gender,Female,1.04470256012928,1.01644755491027,1.07295756534829,1
2019,13,04204,gender,Male,0.980390694000085,0.951783423038821,1.00899796496135,1
2019,13,19000,all,All,0.928969531963918,0.902415056865003,0.955524007062832,1
2019,13,19000,gender,Female,0.986112777129145,0.958090893701027,1.01413466055726,1
2019,13,19000,gender,Male,0.867410933021447,0.838421558164108,0.896400307878785,1
2019,13,42425,all,All,,,,
2019,13,42425,gender,Female,,,,
2019,13,42425,gender,Male,,,,
2019,13,49008,all,All,0.951700563576747,0.921494586698176,0.981906540455318,1
2019,13,49008,gender,Female,0.969200618909355,0.937687722477278,1.00071351534143,1
2019,13,49008,gender,Male,0.92424115660313,0.89089680013197,0.95758551307429,1
2019,13,67284,all,All,,,,
2019,13,67284,gender,Female,,,,
2019,13,67284,gender,Male,,,,
2019,13,68516,all,All,,,,
2019,13,68516,gender,Female,,,,
2019,13,68516,gender,Male,,,,
2019,13,69000,all,All,0.807347247075645,0.783263293383727,0.831431200767563,1
2019,13,69000,gender,Female,0.827514080937922,0.802161318870658,0.852866843005186,1
2019,13,69000,gender,Male,0.771096591605184,0.744737825349717,0.797455357860652,1
2019,13,72122,all,All,,,,
2019,13,72122,gender,Female,,,,
2019,13,72122,gender,Male,,,,
2019,13,80508,all,All,,,,
2019,13,80508,gender,Female,,,,
2019,13,80508,gender,Male,,,,
2019,15,71550,all,All,,,,
2019,15,71550,gender,Female,,,,
2019,15,71550,gender,Male,,,,
2019,16,08830,all,All,0.898567493277249,0.870410298997814,0.926724687556684,1
2019,16,08830,gender,Female,0.905876450225598,0.875882762105245,0.935870138345951,1
2019,16,08830,gender,Male,0.88826140340615,0.857789277968823,0.918733528843478,1
2019,16,52120,all,All,1.16963838176769,1.14707233031652,1.19220443321885,1
2019,16,52120,gender,Female,1.20344723260368,1.17985565879871,1.22703880640866,1
2019,16,52120,gender,Male,1.13552410185627,1.11066152919618,1.16038667451636,1
2019,16,56260,all,All,1.17612257585815,1.14071207858471,1.21153307313158,1
2019,16,56260,gender,Female,1.26675131670778,1.22970138340532,1.30380125001023,1
2019,16,56260,gender,Male,1.07671577319955,1.03773890795399,1.11569263844511,1
2019,17,02154,all,All,0.77276741007283,0.710271494468778,0.835263325676884,1
2019,17,02154,gender,Female,0.873971004277216,0.807814483642128,0.940127524912305,1
2019,17,02154,gender,Male,0.688384752027953,0.620357685176892,0.756411818879013,1
2019,17,03012,all,All,1.0342723006437,0.999664667488711,1.06887993379869,1
2019,17,03012,gender,Female,1.08626368289644,1.05009872911847,1.12242863667442,1
2019,17,03012,gender,Male,0.983438664303868,0.945294945913329,1.02158238269441,1
2019,17,06613,all,All,0.572084310013875,0.510023964181869,0.634144655845882,1
2019,17,06613,gender,Female,0.570391517412328,0.505502573111026,0.63528046171363,1
2019,17,06613,gender,Male,0.565557197888515,0.497190766989264,0.633923628787767,1
2019,17,12385,all,All,0.762042234611171,0.715210958321748,0.808873510900595,1
2019,17,12385,gender,Female,0.819830160116804,0.772621229385088,0.867039090848521,1
2019,17,12385,gender,Male,0.705849811618664,0.652223679223182,0.759475944014145,1
2019,17,14000,all,All,0.78194819274858,0.770424795596444,0.793471589900716,1
2019,17,14000,gender,Female,0.814026282428307,0.801990933883796,0.826061630972818,1
2019,17,14000,gender,Male,0.748544574540214,0.736226012324772,0.760863136755656,1
2019,17,14351,all,All,1.12337391318125,1.08832154391889,1.15842628244361,1
2019,17,14351,gender,Female,1.24496467167655,1.20840877899474,1.28152056435835,1
2019,17,14351,gender,Male,1.00983032261329,0.971121428348633,1.04853921687795,1
2019,17,23074,all,All,0.803240202293395,0.779622040047808,0.826858364538983,1
2019,17,23074,gender,Female,0.86933967306899,0.84421851775722,0.89446082838076,1
2019,17,23074,gender,Male,0.741661019586815,0.716067211122879,0.767254828050751,1
2019,17,24582,all,All,,,,
2019,17,24582,gender,Female,,,,
2019,17,24582,gender,Male,,,,
2019,17,38570,all,All,0.822469917517204,0.780297130914688,0.864642704119719,1
2019,17,38570,gender,Female,0.850517575669332,0.804083760601926,0.896951390736737,1
2019,17,38570,gender,Male,0.765954468481132,0.726373392571713,0.805535544390552,1
2019,17,51622,all,All,1.25511997088747,1.21749156410912,1.29274837766583,1
2019,17,51622,gender,Female,1.36840333684844,1.3282565789849,1.40855009471199,1
2019,17,51622,gender,Male,1.16161324332607,1.12095066136537,1.20227582528677,1
2019,17,59000,all,All,0.9324893055226,0.865784867824616,0.999193743220584,1
2019,17,59000,gender,Female,1.00410183505901,0.938043615599722,1.07016005451831,1
2019,17,59000,gender,Male,0.891505328772866,0.819718760563044,0.963291896982688,1
2019,17,65000,all,All,0.660994025929622,0.631856642647147,0.690131409212098,1
2019,17,65000,gender,Female,0.688122430004029,0.657050522506938,0.71919433750112,1
2019,17,65000,gender,Male,0.641765678745425,0.610265615228908,0.673265742261943,1
2019,17,68003,all,All,0.974680827449989,0.942253394327302,1.00710826057268,1
2019,17,68003,gender,Female,1.04493838973776,1.010440892178,1.07943588729752,1
2019,17,68003,gender,Male,0.915297213907243,0.88016323914095,0.950431188673536,1
2019,17,72000,all,All,0.893514790265088,0.853645683246358,0.933383897283818,1
2019,17,72000,gender,Female,0.961684717508752,0.920844194827708,1.0025252401898,1
2019,17,72000,gender,Male,0.826751580552022,0.78190387636513,0.871599284738913,1
2019,17,79293,all,All,0.888313802753933,0.852582849521945,0.92404475598592,1
2019,17,79293,gender,Female,0.965904908830645,0.929012171267888,1.0027976463934,1
2019,17,79293,gender,Male,0.809227353925703,0.769362502643268,0.849092205208139,1
2019,18,05860,all,All,1.01808719376309,0.97396156099381,1.06221282653237,1
2019,18,05860,gender,Female,1.04885270086622,1.00189952687993,1.09580587485252,1
2019,18,05860,gender,Male,0.977097217465518,0.929296415280753,1.02489801965028,1
2019,18,10342,all,All,1.04468381284048,1.00817476350725,1.08119286217371,1
2019,18,10342,gender,Female,1.0773378624304,1.03870425804767,1.11597146681313,1
2019,18,10342,gender,Male,1.01617749654476,0.976421542991058,1.05593345009847,1
2019,18,22000,all,All,0.942388224442201,0.912113811802358,0.972662637082044,1
2019,18,22000,gender,Female,0.942510715733754,0.911596098703192,0.973425332764316,1
2019,18,22000,gender,Male,0.941797371166118,0.907626308870229,0.975968433462007,1
2019,18,23278,all,All,0.972534130158531,0.940998719567432,1.00406954074963,1
2019,18,23278,gender,Female,1.04513544170579,1.01217957281112,1.07809131060045,1
2019,18,23278,gender,Male,0.897945862863398,0.863186197373295,0.932705528353501,1
2019,18,25000,all,All,0.717593887632357,0.680650349568202,0.754537425696512,1
2019,18,25000,gender,Female,0.805371865919842,0.765968227224523,0.844775504615161,1
2019,18,25000,gender,Male,0.62615693715343,0.586245227185619,0.666068647121241,1
2019,18,31000,all,All,0.832898006180847,0.792923432833235,0.872872579528458,1
2019,18,31000,gender,Female,0.897878106292047,0.855834961868458,0.939921250715635,1
2019,18,31000,gender,Male,0.787644473494986,0.743864640639894,0.831424306350078,1
2019,18,36003,all,All,,,,
2019,18,36003,gender,Female,,,,
2019,18,36003,gender,Male,,,,
2019,18,71000,all,All,0.740074735261745,0.705677599943569,0.774471870579922,1
2019,18,71000,gender,Female,0.81653348891544,0.779281408069785,0.853785569761095,1
2019,18,71000,gender,Male,0.684957706226305,0.648251047806873,0.721664364645736,1
2019,19,12000,all,All,1.02052674900051,0.975615937413816,1.06543756058721,1
2019,19,12000,gender,Female,1.0861665208552,1.03917489011308,1.13315815159733,1
2019,19,12000,gender,Male,0.954776867381396,0.905342342216796,1.004211392546,1
2019,19,19000,all,All,0.855563149486357,0.817420747775263,0.893705551197451,1
2019,19,19000,gender,Female,0.928746669322372,0.889395573404129,0.968097765240615,1
2019,19,19000,gender,Male,0.770113116877601,0.727528163292634,0.812698070462567,1
2019,19,21000,all,All,0.819536479878726,0.790034932878885,0.849038026878567,1
2019,19,21000,gender,Female,0.868946740859069,0.837927683207653,0.899965798510485,1
2019,19,21000,gender,Male,0.779366428872997,0.747052407174363,0.81168045057163,1
2019,19,73335,all,All,0.935555314967313,0.896964655171445,0.974145974763181,1
2019,19,73335,gender,Female,0.993623616309213,0.952902769988364,1.03434446263006,1
2019,19,73335,gender,Male,0.884522356353944,0.84239106124714,0.926653651460747,1
2019,20,36000,all,All,0.986442830375134,0.941376583373152,1.03150907737712,1
2019,20,36000,gender,Female,1.06165857458363,1.01502615534599,1.10829099382127,1
2019,20,36000,gender,Male,0.890505207736572,0.841866872988788,0.939143542484356,1
2019,20,38900,all,All,0.969016391889633,0.923713668180672,1.01431911559859,1
2019,20,38900,gender,Female,1.04576374416917,0.998031160225616,1.09349632811273,1
2019,20,38900,gender,Male,0.887724716199904,0.83817617851123,0.937273253888578,1
2019,20,52575,all,All,0.835052236377929,0.807591399555438,0.86251307320042,1
2019,20,52575,gender,Female,0.841294888390659,0.812341193128213,0.870248583653105,1
2019,20,52575,gender,Male,0.82314360776958,0.793140660239373,0.853146555299787,1
2019,20,53775,all,All,0.788302168737563,0.756713882599284,0.819890454875841,1
2019,20,53775,gender,Female,0.749727833334867,0.716060256314003,0.78339541035573,1
2019,20,53775,gender,Male,0.800101256287165,0.765931966620803,0.834270545953526,1
2019,20,71000,all,All,1.13296482545214,1.08013815454481,1.18579149635947,1
2019,20,71000,gender,Female,1.15006289334006,1.09476982923929,1.20535595744084,1
2019,20,71000,gender,Male,1.11805573733647,1.05992339142462,1.17618808324832,1
2019,20,79000,all,All,1.01111767214239,0.989843690085607,1.03239165419916,1
2019,20,79000,gender,Female,1.02609273271225,1.0037322726489,1.0484531927756,1
2019,20,79000,gender,Male,0.979884882842606,0.956571713854644,1.00319805183057,1
2019,21,46027,all,All,0.797708027421313,0.774895483020869,0.820520571821758,1
2019,21,46027,gender,Female,0.849002631339757,0.824904067872281,0.873101194807233,1
2019,21,46027,gender,Male,0.755212000898378,0.730332236172695,0.780091765624061,1
2019,21,48006,all,All,0.733171718941781,0.718179450142761,0.748163987740802,1
2019,21,48006,gender,Female,0.764180194791325,0.748315432562216,0.780044957020434,1
2019,21,48006,gender,Male,0.700907759638212,0.684583712072334,0.71723180720409,1
2019,22,05000,all,All,0.835202103634856,0.812811298750214,0.857592908519497,1
2019,22,05000,gender,Female,0.889572312118604,0.865921338972095,0.913223285265112,1
2019,22,05000,gender,Male,0.782874752328741,0.758453336697724,0.807296167959759,1
2019,22,40735,all,All,0.841459602286295,0.815822911926043,0.867096292646546,1
2019,22,40735,gender,Female,0.921884629660054,0.894842498815711,0.948926760504397,1
2019,22,40735,gender,Male,0.769315576506096,0.741317184603915,0.797313968408277,1
2019,22,41155,all,All,1.02365991230455,0.987436930778274,1.05988289383083,1
2019,22,41155,gender,Female,1.08095206286426,1.04242166131765,1.11948246441088,1
2019,22,41155,gender,Male,0.971566592297834,0.932315465069907,1.01081771952576,1
2019,22,55000,all,All,0.921978590017204,0.900830621063889,0.94312655897052,1
2019,22,55000,gender,Female,0.977019116147616,0.954651893659223,0.999386338636008,1
2019,22,55000,gender,Male,0.865720541891667,0.842680801208278,0.888760282575057,1
2019,22,70000,all,All,0.908845374908124,0.885324212478941,0.932366537337307,1
2019,22,70000,gender,Female,0.944736923877208,0.920100213292942,0.969373634461474,1
2019,22,70000,gender,Male,0.877701400254163,0.851838652027148,0.903564148481177,1
2019,24,04000,all,All,0.8536009356808,0.835435829421004,0.871766041940595,1
2019,24,04000,gender,Female,0.945871159750382,0.926771019499646,0.964971300001118,1
2019,24,04000,gender,Male,0.764060371777222,0.744161238972911,0.783959504581532,1
2019,24,30325,all,All,0.89456523430453,0.870406365768899,0.918724102840162,1
2019,24,30325,gender,Female,0.94873295699165,0.923009029168837,0.974456884814462,1
2019,24,30325,gender,Male,0.834419357978322,0.808264667589368,0.860574048367276,1
2019,25,07000,all,All,,,,
2019,25,07000,gender,Female,,,,
2019,25,07000,gender,Male,,,,
2019,25,09000,all,All,0.807744346986387,0.757715898445122,0.857772795527652,1
2019,25,09000,gender,Female,0.858760835987786,0.805563478270377,0.911958193705196,1
2019,25,09000,gender,Male,0.758955261328476,0.704727928643108,0.813182594013844,1
2019,25,11000,all,All,0.981824414264775,0.9022395888111,1.06140923971845,1
2019,25,11000,gender,Female,1.15695523715014,1.07613742573509,1.23777304856518,1
2019,25,11000,gender,Male,0.803054543251833,0.712674546962463,0.893434539541203,1
2019,25,23000,all,All,0.37615860961177,0.316296532397643,0.436020686825897,1
2019,25,23000,gender,Female,0.495876391548745,0.431282482174832,0.560470300922659,1
2019,25,23000,gender,Male,0.273430952267098,0.209388518037112,0.337473386497084,1
2019,25,34550,all,All,0.888540036684416,0.833598471180574,0.943481602188258,1
2019,25,34550,gender,Female,0.950251698107975,0.892120555490683,1.00838284072527,1
2019,25,34550,gender,Male,0.818181150678919,0.756743524965193,0.879618776392645,1
2019,25,37000,all,All,0.654030116144579,0.604142016019829,0.70391821626933,1
2019,25,37000,gender,Female,0.755864672996639,0.703800706522064,0.807928639471214,1
2019,25,37000,gender,Male,0.560070835639149,0.50501304424879,0.615128627029509,1
2019,25,37490,all,All,0.802158021552889,0.750569811764692,0.853746231341085,1
2019,25,37490,gender,Female,0.917402285676112,0.861979505345775,0.972825066006449,1
2019,25,37490,gender,Male,0.708901025156904,0.653498343439876,0.764303706873931,1
2019,25,45000,all,All,0.640651074903624,0.58692863778858,0.694373512018669,1
2019,25,45000,gender,Female,0.753324598502788,0.696541592717148,0.810107604288428,1
2019,25,45000,gender,Male,0.544303424000036,0.485742505521535,0.602864342478537,1
2019,25,45560,all,All,,,,
2019,25,45560,gender,Female,,,,
2019,25,45560,gender,Male,,,,
2019,25,55745,all,All,1.07817854313798,1.00834914080326,1.1480079454727,1
2019,25,55745,gender,Female,1.19996215235877,1.12510964783427,1.27481465688327,1
2019,25,55745,gender,Male,0.957089739873331,0.881950474860905,1.03222900488576,1
2019,25,62535,all,All,0.920605212040774,0.822573083964561,1.01863734011699,1
2019,25,62535,gender,Female,1.01894195775005,0.909529778375632,1.12835413712448,1
2019,25,62535,gender,Male,0.884146317895714,0.779637489566148,0.988655146225279,1
2019,25,67000,all,All,0.411178049976584,0.370829404045245,0.451526695907923,1
2019,25,67000,gender,Female,0.49615531137088,0.453285018860712,0.539025603881049,1
2019,25,67000,gender,Male,0.322395168744754,0.278624715277123,0.366165622212384,1
2019,25,82000,all,All,0.786633099126337,0.744905230684374,0.8283609675683,1
2019,25,82000,gender,Female,0.874591056327075,0.830510329795121,0.918671782859029,1
2019,25,82000,gender,Male,0.695381975150325,0.649872876134932,0.740891074165718,1
2019,26,03000,all,All,1.2896597407321,1.25466609094177,1.32465339052243,1
2019,26,03000,gender,Female,1.16710564573163,1.12996321289541,1.20424807856786,1
2019,26,03000,gender,Male,1.38477889197607,1.3467832455044,1.42277453844774,1
2019,26,21000,all,All,0.893401003996439,0.863830897499318,0.92297111049356,1
2019,26,21000,gender,Female,0.88221026914552,0.850785328209169,0.91363521008187,1
2019,26,21000,gender,Male,0.891676644765764,0.859606911088262,0.923746378443267,1
2019,26,22000,all,All,1.3708128534213,1.35531396883734,1.38631173800525,1
2019,26,22000,gender,Female,1.38789955999205,1.37163844564277,1.40416067434133,1
2019,26,22000,gender,Male,1.35015256968942,1.3331367922265,1.36716834715235,1
2019,26,27440,all,All,,,,
2019,26,27440,gender,Female,,,,
2019,26,27440,gender,Male,,,,
2019,26,29000,all,All,0.873407979001916,0.806785468972883,0.940030489030948,1
2019,26,29000,gender,Female,0.920638761325936,0.849926159819739,0.991351362832133,1
2019,26,29000,gender,Male,0.828241605837706,0.752919386840981,0.903563824834431,1
2019,26,34000,all,All,1.06070410736326,1.00752939548945,1.11387881923706,1
2019,26,34000,gender,Female,1.05294575133129,0.997720743348875,1.1081707593137,1
2019,26,34000,gender,Male,1.06707993641042,1.00818770556065,1.1259721672602,1
2019,26,46000,all,All,0.828497366445022,0.779112687641986,0.877882045248059,1
2019,26,46000,gender,Female,0.8276117019376,0.775007490913335,0.880215912961866,1
2019,26,46000,gender,Male,0.830205906022958,0.776767099281646,0.883644712764271,1
2019,26,49000,all,All,1.20431091041443,1.15797458273192,1.25064723809695,1
2019,26,49000,gender,Female,1.21060440492068,1.1622982462975,1.25891056354385,1
2019,26,49000,gender,Male,1.18643509271599,1.13521183726748,1.2376583481645,1
2019,26,69035,all,All,,,,
2019,26,69035,gender,Female,,,,
2019,26,69035,gender,Male,,,,
2019,26,74900,all,All,1.1242630175504,1.08139705806742,1.16712897703339,1
2019,26,74900,gender,Female,1.16186086982781,1.11765355276721,1.20606818688841,1
2019,26,74900,gender,Male,1.07393286055416,1.02605572748882,1.12180999361949,1
2019,26,76460,all,All,1.15852282169763,1.13079249185299,1.18625315154227,1
2019,26,76460,gender,Female,1.15429899171174,1.12479920604741,1.18379877737606,1
2019,26,76460,gender,Male,1.16076087091366,1.13071454218262,1.1908071996447,1
2019,26,80700,all,All,0.850611213041237,0.809297804520083,0.891924621562391,1
2019,26,80700,gender,Female,0.799611261415416,0.756275906201443,0.842946616629389,1
2019,26,80700,gender,Male,0.887517087451209,0.842153859873459,0.93288031502896,1
2019,26,84000,all,All,1.14304447347442,1.08794577060972,1.19814317633912,1
2019,26,84000,gender,Female,1.14138032660487,1.08447886024297,1.19828179296677,1
2019,26,84000,gender,Male,1.13835271463481,1.07699766510147,1.19970776416814,1
2019,26,86000,all,All,0.797328387862968,0.755938514721119,0.838718261004818,1
2019,26,86000,gender,Female,0.855348391049544,0.811201939301872,0.899494842797215,1
2019,26,86000,gender,Male,0.708625941958806,0.663887672022991,0.753364211894621,1
2019,26,88940,all,All,1.14670301760531,1.07204873798594,1.22135729722468,1
2019,26,88940,gender,Female,1.19106408091567,1.11387616968785,1.26825199214348,1
2019,26,88940,gender,Male,1.07682289445026,0.993698503781351,1.15994728511918,1
2019,27,06616,all,All,0.863027791976058,0.818652083879591,0.907403500072524,1
2019,27,06616,gender,Female,0.858181810723318,0.810233754994288,0.906129866452349,1
2019,27,06616,gender,Male,0.858446536289074,0.811007686489934,0.905885386088215,1
2019,27,07966,all,All,,,,
2019,27,07966,gender,Female,,,,
2019,27,07966,gender,Male,,,,
2019,27,17000,all,All,0.85727489787361,0.810440556466419,0.904109239280801,1
2019,27,17000,gender,Female,0.917097969248946,0.868214937609478,0.965981000888415,1
2019,27,17000,gender,Male,0.787707448858471,0.736013500132468,0.839401397584473,1
2019,27,43000,all,All,1.09537793519643,1.07368588185047,1.11706998854238,1
2019,27,43000,gender,Female,1.11452902256462,1.09193086995544,1.13712717517379,1
2019,27,43000,gender,Male,1.06893393627979,1.04495106501375,1.09291680754583,1
2019,27,51730,all,All,,,,
2019,27,51730,gender,Female,,,,
2019,27,51730,gender,Male,,,,
2019,27,54880,all,All,0.784101715820772,0.748990496732469,0.819212934909074,1
2019,27,54880,gender,Female,0.781859642303117,0.744772732342923,0.81894655226331,1
2019,27,54880,gender,Male,0.791583447744755,0.75328020430083,0.82988669118868,1
2019,27,58000,all,All,,,,
2019,27,58000,gender,Female,,,,
2019,27,58000,gender,Male,,,,
2019,27,71428,all,All,,,,
2019,27,71428,gender,Female,,,,
2019,27,71428,gender,Male,,,,
2019,28,36000,all,All,0.871973025138953,0.843609928402533,0.900336121875373,1
2019,28,36000,gender,Female,0.886036407403902,0.85642266914251,0.915650145665295,1
2019,28,36000,gender,Male,0.860447308626647,0.829162633362699,0.891731983890595,1
2019,29,15670,all,All,0.972146272858746,0.937024303805275,1.00726824191222,1
2019,29,15670,gender,Female,0.914186335723186,0.877349168251988,0.951023503194384,1
2019,29,15670,gender,Male,1.02301726011685,0.984449019812513,1.06158550042118,1
2019,29,35000,all,All,0.777692778657332,0.733430820889042,0.821954736425623,1
2019,29,35000,gender,Female,0.805043421071757,0.758037469070855,0.852049373072659,1
2019,29,35000,gender,Male,0.748922351333102,0.70087869654332,0.796966006122884,1
2019,29,38000,all,All,0.954877135421232,0.917668972029537,0.992085298812927,1
2019,29,38000,gender,Female,0.958924840586897,0.919759138382818,0.998090542790976,1
2019,29,38000,gender,Male,0.944177633185642,0.903450112335699,0.984905154035585,1
2019,29,41348,all,All,0.882701480257877,0.848102266426114,0.917300694089641,1
2019,29,41348,gender,Female,0.901593295585221,0.865536856035073,0.937649735135369,1
2019,29,41348,gender,Male,0.867869401652935,0.829632084759855,0.906106718546015,1
2019,29,54074,all,All,1.04237530522308,1.00747617751477,1.07727443293139,1
2019,29,54074,gender,Female,1.02567096437125,0.988945044558727,1.06239688418378,1
2019,29,54074,gender,Male,1.06498767262136,1.02678621902746,1.10318912621527,1
2019,29,65000,all,All,,,,
2019,29,65000,gender,Female,,,,
2019,29,65000,gender,Male,,,,
2019,29,70000,all,All,0.983610403638248,0.954807223629092,1.0124135836474,1
2019,29,70000,gender,Female,1.01897609547481,0.988086887050534,1.04986530389909,1
2019,29,70000,gender,Male,0.949625096682586,0.918641487396124,0.980608705969048,1
2019,30,06550,all,All,0.87068321789355,0.789811466128001,0.951554969659099,1
2019,30,06550,gender,Female,0.977055106878426,0.904502027348572,1.04960818640828,1
2019,30,06550,gender,Male,0.78537963095465,0.718166138339343,0.852593123569957,1
2019,31,28000,all,All,0.744512732568884,0.721168178795732,0.767857286342037,1
2019,31,28000,gender,Female,0.755132731216809,0.730473535917565,0.779791926516053,1
2019,31,28000,gender,Male,0.730833622779493,0.705372538066034,0.756294707492951,1
2019,31,37000,all,All,0.747394564106722,0.721228962679092,0.773560165534351,1
2019,31,37000,gender,Female,0.789165096492406,0.76176982996747,0.816560363017342,1
2019,31,37000,gender,Male,0.688172100540656,0.659394829265454,0.716949371815857,1
2019,32,31900,all,All,,,,
2019,32,31900,gender,Female,,,,
2019,32,31900,gender,Male,,,,
2019,32,40000,all,All,0.992938607237623,0.982018577422117,1.00385863705313,1
2019,32,40000,gender,Female,1.03840494895638,1.02689496644724,1.04991493146553,1
2019,32,40000,gender,Male,0.945312219720286,0.933377580043156,0.957246859397415,1
2019,32,51800,all,All,,,,
2019,32,51800,gender,Female,,,,
2019,32,51800,gender,Male,,,,
2019,32,60600,all,All,1.071666699425,1.04665559771232,1.09667780113768,1
2019,32,60600,gender,Female,1.10691110913084,1.08053579511302,1.13328642314866,1
2019,32,60600,gender,Male,1.02724150222968,0.999919285509599,1.05456371894977,1
2019,32,68400,all,All,,,,
2019,32,68400,gender,Female,,,,
2019,32,68400,gender,Male,,,,
2019,33,45140,all,All,,,,
2019,33,45140,gender,Female,,,,
2019,33,45140,gender,Male,,,,
2019,33,50260,all,All,0.773043246779048,0.729801605213156,0.816284888344941,1
2019,33,50260,gender,Female,0.766046467610042,0.721016098218931,0.811076837001152,1
2019,33,50260,gender,Male,0.779833528620715,0.732011092725745,0.827655964515686,1
2019,34,13690,all,All,0.755627655648808,0.711377063298019,0.799878247999597,1
2019,34,13690,gender,Female,0.898250989245408,0.851669724358191,0.944832254132625,1
2019,34,13690,gender,Male,,,,
2019,34,21000,all,All,1.13349716168185,1.10396816236679,1.1630261609969,1
2019,34,21000,gender,Female,1.17652232058527,1.1456485918145,1.20739604935604,1
2019,34,21000,gender,Male,1.0871753167739,1.054639901449,1.1197107320988,1
2019,34,36000,all,All,0.930579706401831,0.893178803273572,0.96798060953009,1
2019,34,36000,gender,Female,0.992772221526325,0.953356713795854,1.0321877292568,1
2019,34,36000,gender,Male,0.781439125760738,0.716737597886318,0.846140653635159,1
2019,34,51000,all,All,1.00600569020599,0.985616156979557,1.02639522343241,1
2019,34,51000,gender,Female,1.08799001749185,1.06657231106665,1.10940772391705,1
2019,34,51000,gender,Male,0.919934059196969,0.897558609820308,0.94230950857363,1
2019,34,57000,all,All,0.86175086283924,0.834670502666239,0.888831223012241,1
2019,34,57000,gender,Female,0.956253081784056,0.927224381761961,0.985281781806149,1
2019,34,57000,gender,Male,0.782767428269462,0.753625932286809,0.811908924252115,1
2019,34,74000,all,All,0.768311816489054,0.728064419289808,0.8085592136883,1
2019,34,74000,gender,Female,0.837820801357436,0.795389561407912,0.880252041306959,1
2019,34,74000,gender,Male,0.693010268588762,0.649024057817291,0.736996479360233,1
2019,35,02000,all,All,0.634250527042133,0.600619480143802,0.667881573940465,1
2019,35,02000,gender,Female,0.642001994772366,0.606614914906477,0.677389074638254,1
2019,35,02000,gender,Male,0.630463395885561,0.593645738418714,0.667281053352409,1
2019,35,39380,all,All,1.25912845751321,1.19181057298275,1.32644634204366,1
2019,35,39380,gender,Female,1.29566475067648,1.22483173176423,1.36649776958872,1
2019,35,39380,gender,Male,1.2263380796296,1.15264286659895,1.30003329266025,1
2019,35,63460,all,All,0.878332114997277,0.797933177086146,0.958731052908409,1
2019,35,63460,gender,Female,0.819702718114417,0.735329066266605,0.904076369962229,1
2019,35,63460,gender,Male,0.950763472793032,0.862513281487822,1.03901366409824,1
2019,35,70500,all,All,1.1352716104574,1.03689531939911,1.23364790151569,1
2019,35,70500,gender,Female,1.23619435134488,1.13317887163867,1.33920983105108,1
2019,35,70500,gender,Male,0.981140180377493,0.873184881221344,1.08909547953364,1
2019,36,01000,all,All,,,,
2019,36,01000,gender,Female,,,,
2019,36,01000,gender,Male,,,,
2019,36,11000,all,All,,,,
2019,36,11000,gender,Female,,,,
2019,36,11000,gender,Male,,,,
2019,36,50617,all,All,,,,
2019,36,50617,gender,Female,,,,
2019,36,50617,gender,Male,,,,
2019,36,51000,all,All,,,,
2019,36,51000,gender,Female,,,,
2019,36,51000,gender,Male,,,,
2019,36,63000,all,All,,,,
2019,36,63000,gender,Female,,,,
2019,36,63000,gender,Male,,,,
2019,36,73000,all,All,,,,
2019,36,73000,gender,Female,,,,
2019,36,73000,gender,Male,,,,
2019,36,84000,all,All,,,,
2019,36,84000,gender,Female,,,,
2019,36,84000,gender,Male,,,,
2019,37,02140,all,All,0.744331591882919,0.709752992180224,0.778910191585614,1
2019,37,02140,gender,Female,0.7426893829626,0.706214273831988,0.779164492093211,1
2019,37,02140,gender,Male,0.745837582573338,0.708071480297833,0.783603684848844,1
2019,37,10740,all,All,0.799221518135814,0.788172827121027,0.810270209150602,1
2019,37,10740,gender,Female,0.802349224124525,0.790725833849487,0.813972614399563,1
2019,37,10740,gender,Male,0.794639002562118,0.782541739424541,0.806736265699695,1
2019,37,12000,all,All,0.754410021198711,0.743026608425638,0.765793433971784,1
2019,37,12000,gender,Female,0.76690989056637,0.754850092471323,0.778969688661416,1
2019,37,12000,gender,Male,0.744050206933003,0.731669024815819,0.756431389050186,1
2019,37,14100,all,All,0.799075656102738,0.774215684294494,0.823935627910981,1
2019,37,14100,gender,Female,0.775859972782211,0.749678042465702,0.802041903098721,1
2019,37,14100,gender,Male,0.820907547650538,0.793715742254653,0.848099353046424,1
2019,37,19000,all,All,0.854256843774168,0.830809710697747,0.87770397685059,1
2019,37,19000,gender,Female,0.867820981093589,0.843284371983753,0.892357590203426,1
2019,37,19000,gender,Male,0.830657032455335,0.804851225983442,0.856462838927228,1
2019,37,22920,all,All,0.637600370889672,0.616697768402377,0.658502973376967,1
2019,37,22920,gender,Female,0.659009777151778,0.636986365445428,0.681033188858128,1
2019,37,22920,gender,Male,0.616583168763935,0.593730190462245,0.639436147065625,1
2019,37,25580,all,All,0.856957680327035,0.832095152539768,0.881820208114302,1
2019,37,25580,gender,Female,0.874534329109856,0.848200676797394,0.900867981422319,1
2019,37,25580,gender,Male,0.841565228487179,0.814517415926256,0.868613041048102,1
2019,37,28000,all,All,0.870500295914868,0.853826522255974,0.887174069573763,1
2019,37,28000,gender,Female,0.900809046397623,0.883308964677282,0.918309128117963,1
2019,37,28000,gender,Male,0.841568142266713,0.823270557347106,0.85986572718632,1
2019,37,28080,all,All,0.878657103329153,0.848839451133479,0.908474755524827,1
2019,37,28080,gender,Female,0.899804068291268,0.868237442309479,0.931370694273057,1
2019,37,28080,gender,Male,0.862772184345428,0.830319063808599,0.895225304882258,1
2019,37,31400,all,All,,,,
2019,37,31400,gender,Female,,,,
2019,37,31400,gender,Male,,,,
2019,37,55000,all,All,,,,
2019,37,55000,gender,Female,,,,
2019,37,55000,gender,Male,,,,
2019,37,74440,all,All,0.815829373275122,0.787673938185379,0.843984808364865,1
2019,37,74440,gender,Female,0.803755824671215,0.774163533698409,0.833348115644021,1
2019,37,74440,gender,Male,0.823300858999921,0.792445580590121,0.85415613740972,1
2019,37,75000,all,All,,,,
2019,37,75000,gender,Female,,,,
2019,37,75000,gender,Male,,,,
2019,38,25700,all,All,1.14347426912832,1.08130388421704,1.20564465403961,1
2019,38,25700,gender,Female,1.16662120132082,1.09812834426209,1.23511405837956,1
2019,38,25700,gender,Male,1.12374660777201,1.05838724283956,1.18910597270447,1
2019,39,01000,all,All,0.653941783448967,0.606401133384755,0.701482433513178,1
2019,39,01000,gender,Female,0.742265546821764,0.692008090043812,0.792523003599715,1
2019,39,01000,gender,Male,0.57492447286405,0.523106727191402,0.626742218536697,1
2019,39,15000,all,All,0.799923557574353,0.751264234477355,0.84858288067135,1
2019,39,15000,gender,Female,0.876919274481931,0.825894688186161,0.927943860777701,1
2019,39,15000,gender,Male,0.730006203500651,0.676590401560221,0.783422005441081,1
2019,39,16000,all,All,0.845710934571199,0.82280126506188,0.868620604080519,1
2019,39,16000,gender,Female,0.891118247977432,0.866835702188706,0.915400793766158,1
2019,39,16000,gender,Male,0.803724118139292,0.778830120306946,0.828618115971639,1
2019,39,18000,all,All,0.812112123783233,0.787237984166211,0.836986263400254,1
2019,39,18000,gender,Female,0.855740910400812,0.829803503788462,0.881678317013162,1
2019,39,18000,gender,Male,0.770583899953802,0.743129708004438,0.798038091903166,1
2019,39,21000,all,All,0.734573278287865,0.68224617996682,0.78690037660891,1
2019,39,21000,gender,Female,0.775509560212223,0.723108417040002,0.827910703384443,1
2019,39,21000,gender,Male,0.709544137205242,0.655531469166512,0.763556805243972,1
2019,39,61000,all,All,0.811774509315266,0.768945087321394,0.854603931309138,1
2019,39,61000,gender,Female,0.835666007410378,0.790667343115593,0.880664671705163,1
2019,39,61000,gender,Male,0.786020495435674,0.739064557766081,0.832976433105268,1
2019,39,77000,all,All,0.868514731835903,0.832727034168093,0.904302429503712,1
2019,39,77000,gender,Female,0.901366243551982,0.864003173277482,0.938729313826481,1
2019,39,77000,gender,Male,0.829256164966504,0.789815013631124,0.868697316301885,1
2019,40,09050,all,All,0.696746001117008,0.662457422898144,0.731034579335872,1
2019,40,09050,gender,Female,0.721298686590617,0.685111845554412,0.757485527626823,1
2019,40,09050,gender,Male,0.66860518024554,0.631171270626281,0.706039089864798,1
2019,40,23200,all,All,0.821684833158866,0.781351170282383,0.862018496035349,1
2019,40,23200,gender,Female,0.81941674091858,0.776576305439279,0.862257176397881,1
2019,40,23200,gender,Male,0.823682523566975,0.779927745218597,0.867437301915353,1
2019,40,41850,all,All,0.851130838612449,0.793870418221251,0.908391259003646,1
2019,40,41850,gender,Female,0.830437859241077,0.779286494368501,0.881589224113654,1
2019,40,41850,gender,Male,0.869848197924966,0.806007486121379,0.933688909728554,1
2019,40,52500,all,All,0.747889173705185,0.696568307965156,0.799210039445213,1
2019,40,52500,gender,Female,0.713820098713399,0.665405110452965,0.762235086973833,1
2019,40,52500,gender,Male,0.764963635611636,0.716605938729648,0.813321332493623,1
2019,40,55000,all,All,0.874882485947272,0.843103675024071,0.906661296870473,1
2019,40,55000,gender,Female,0.838851303701596,0.806608533150146,0.871094074253047,1
2019,40,55000,gender,Male,0.894988400500578,0.858323789594254,0.931653011406903,1
2019,40,75000,all,All,0.924295369443092,0.894312395512601,0.954278343373582,1
2019,40,75000,gender,Female,0.926956273487587,0.896877103828451,0.957035443146724,1
2019,40,75000,gender,Male,0.911089636477147,0.878191877521088,0.943987395433205,1
2019,41,05350,all,All,0.9570922333036,0.933841307240071,0.980343159367129,1
2019,41,05350,gender,Female,0.983328020325654,0.959406350230125,1.00724969042118,1
2019,41,05350,gender,Male,0.934641862995142,0.908606880968511,0.960676845021773,1
2019,41,05800,all,All,1.20700160428425,1.04743938456103,1.36656382400747,1
2019,41,05800,gender,Female,1.24131832552382,1.07536671128668,1.40726993976097,1
2019,41,05800,gender,Male,1.20505319600957,1.0283706047106,1.38173578730855,1
2019,41,23850,all,All,0.985402777000783,0.911707787798023,1.05909776620354,1
2019,41,23850,gender,Female,0.880708689615636,0.812324407399867,0.949092971831405,1
2019,41,23850,gender,Male,1.01628108715345,0.948349903513104,1.08421227079379,1
2019,41,31250,all,All,1.06262040794812,1.01972359462127,1.10551722127497,1
2019,41,31250,gender,Female,1.09378737401598,1.04873582864285,1.13883891938911,1
2019,41,31250,gender,Male,1.0067086667587,0.959634294726944,1.05378303879046,1
2019,41,34100,all,All,1.01909167007368,0.985358755266473,1.05282458488089,1
2019,41,34100,gender,Female,1.07533055904373,1.03978864628144,1.11087247180602,1
2019,41,34100,gender,Male,0.960254414970904,0.923364078881505,0.997144751060303,1
2019,41,47000,all,All,1.25066063162129,1.21056743943909,1.29075382380349,1
2019,41,47000,gender,Female,1.25662127741874,1.21460525464482,1.29863730019265,1
2019,41,47000,gender,Male,1.25546698534844,1.21138260663126,1.29955136406562,1
2019,41,59000,all,All,1.0722754500573,1.01199447506066,1.13255642505395,1
2019,41,59000,gender,Female,1.09565177847938,1.02685607371066,1.16444748324809,1
2019,41,59000,gender,Male,1.03469496844032,0.966111609126883,1.10327832775376,1
2019,41,64900,all,All,1.02226298137296,0.999558877925904,1.04496708482002,1
2019,41,64900,gender,Female,1.05299639609593,1.02892154848397,1.07707124370788,1
2019,41,64900,gender,Male,0.998935181474076,0.974252249094852,1.0236181138533,1
2019,42,02000,all,All,0.790761349414978,0.742765455914998,0.838757242914957,1
2019,42,02000,gender,Female,0.744045113672017,0.691396971532928,0.796693255811106,1
2019,42,02000,gender,Male,0.816235355142524,0.76570123075585,0.866769479529199,1
2019,42,06088,all,All,0.775973383026939,0.738286492047708,0.813660274006169,1
2019,42,06088,gender,Female,0.777535793887696,0.738152458273599,0.816919129501792,1
2019,42,06088,gender,Male,0.778530322220393,0.736997215960493,0.820063428480293,1
2019,42,24000,all,All,0.951174465348807,0.894791152701772,1.00755777799584,1
2019,42,24000,gender,Female,1.02548359199826,0.964875459334787,1.08609172466173,1
2019,42,24000,gender,Male,0.889026590611791,0.828527251804291,0.94952592941929,1
2019,42,60000,all,All,0.943260870449945,0.932682300927114,0.953839439972777,1
2019,42,60000,gender,Female,0.976383161543411,0.965280334548682,0.98748598853814,1
2019,42,60000,gender,Male,0.91111582278502,0.899503243488396,0.922728402081645,1
2019,42,61000,all,All,0.786616367068203,0.72800658578675,0.845226148349656,1
2019,42,61000,gender,Female,0.827262178075637,0.765478207966724,0.889046148184551,1
2019,42,61000,gender,Male,0.745352395811209,0.677909043997698,0.812795747624721,1
2019,42,63624,all,All,0.738951273384592,0.696792023711015,0.781110523058169,1
2019,42,63624,gender,Female,0.774655418433173,0.726465590240766,0.822845246625579,1
2019,42,63624,gender,Male,0.721461486744466,0.675593999255237,0.767328974233696,1
2019,42,69000,all,All,0.842333536706567,0.797148134626402,0.887518938786732,1
2019,42,69000,gender,Female,0.900422427265321,0.851836247696598,0.949008606834043,1
2019,42,69000,gender,Male,0.773729341121229,0.725241739287546,0.822216942954911,1
2019,44,19180,all,All,0.62864573207875,0.582571353148949,0.674720111008552,1
2019,44,19180,gender,Female,0.70987833466036,0.66030172197785,0.75945494734287,1
2019,44,19180,gender,Male,0.569905349957308,0.520482935184742,0.619327764729873,1
2019,44,54640,all,All,0.595667017818335,0.548922319909787,0.642411715726882,1
2019,44,54640,gender,Female,0.698658806952867,0.649882553743296,0.747435060162437,1
2019,44,54640,gender,Male,0.501553386499574,0.449952501305269,0.553154271693879,1
2019,44,59000,all,All,0.645304091790914,0.616068589001748,0.67453959458008,1
2019,44,59000,gender,Female,0.691195036671194,0.65975752923048,0.722632544111908,1
2019,44,59000,gender,Male,0.591465687134889,0.560094537237255,0.622836837032523,1
2019,44,74300,all,All,0.868667001721548,0.818769006400046,0.918564997043051,1
2019,44,74300,gender,Female,0.950776753018883,0.896964805646958,1.00458870039081,1
2019,44,74300,gender,Male,0.808394568593682,0.754988308372808,0.861800828814556,1
2019,45,13330,all,All,0.947216954046732,0.926234632641698,0.968199275451766,1
2019,45,13330,gender,Female,0.945031043149973,0.923277072920308,0.966785013379639,1
2019,45,13330,gender,Male,0.946987169522104,0.923679361054121,0.970294977990087,1
2019,45,16000,all,All,0.931771111345367,0.903194070153907,0.960348152536827,1
2019,45,16000,gender,Female,0.950657429662975,0.920958189599258,0.980356669726691,1
2019,45,16000,gender,Male,0.907406338783697,0.875732354498606,0.939080323068787,1
2019,45,48535,all,All,,,,
2019,45,48535,gender,Female,,,,
2019,45,48535,gender,Male,,,,
2019,45,50875,all,All,,,,
2019,45,50875,gender,Female,,,,
2019,45,50875,gender,Male,,,,
2019,46,59020,all,All,1.00795450072045,0.977697575032862,1.03821142640805,1
2019,46,59020,gender,Female,1.05488964209826,1.02327557443275,1.08650370976378,1
2019,46,59020,gender,Male,0.96816751739507,0.934817929062597,1.00151710572754,1
2019,47,14000,all,All,1.07015415194567,1.04692493849391,1.09338336539744,1
2019,47,14000,gender,Female,1.12325056840741,1.09886203790167,1.14763909891315,1
2019,47,14000,gender,Male,1.01804308045792,0.992560021932051,1.0435261389838,1
2019,47,15160,all,All,0.848915893500428,0.822343977131659,0.875487809869196,1
2019,47,15160,gender,Female,0.901239706882574,0.873369922976244,0.929109490788905,1
2019,47,15160,gender,Male,0.806685744214954,0.777502522989666,0.835868965440242,1
2019,47,27740,all,All,1.02488461626622,0.994037478690763,1.05573175384168,1
2019,47,27740,gender,Female,1.09206302849972,1.05957539257379,1.12455066442566,1
2019,47,27740,gender,Male,0.96821325904834,0.934465051502791,1.00196146659389,1
2019,47,40000,all,All,1.04110445149354,1.02085476068568,1.06135414230141,1
2019,47,40000,gender,Female,1.08934907351209,1.06821203967611,1.11048610734806,1
2019,47,40000,gender,Male,0.985758601183153,0.963417028021974,1.00810017434433,1
2019,47,48000,all,All,0.896100458333061,0.881630056883738,0.910570859782385,1
2019,47,48000,gender,Female,0.931885139644113,0.916594516562905,0.94717576272532,1
2019,47,48000,gender,Male,0.860402607569266,0.844625567795281,0.876179647343251,1
2019,47,51560,all,All,0.918311723834002,0.885256908518386,0.951366539149619,1
2019,47,51560,gender,Female,0.957098772041256,0.922498891196144,0.991698652886367,1
2019,47,51560,gender,Male,0.880531557981967,0.844157811683066,0.916905304280868,1
2019,47,52006,all,All,0.985521785738341,0.96861419877139,1.00242937270529,1
2019,47,52006,gender,Female,0.992184277703179,0.974351268230458,1.0100172871759,1
2019,47,52006,gender,Male,0.979246586842953,0.960780015518326,0.997713158167579,1
2019,48,01000,all,All,0.74610536553825,0.649819521959363,0.842391209117137,1
2019,48,01000,gender,Female,0.857862507840755,0.754830643094364,0.960894372587146,1
2019,48,01000,gender,Male,0.620063005832682,0.516333103185382,0.723792908479981,1
2019,48,01924,all,All,0.992445469157324,0.908355243073455,1.07653569524119,1
2019,48,01924,gender,Female,1.11641901083473,1.02770780061202,1.20513022105743,1
2019,48,01924,gender,Male,0.872275693468549,0.780482990450748,0.964068396486349,1
2019,48,03000,all,All,0.630832213288061,0.554794773040302,0.706869653535821,1
2019,48,03000,gender,Female,0.736715603569367,0.657771774636686,0.815659432502048,1
2019,48,03000,gender,Male,0.513348231665687,0.428886286228853,0.59781017710252,1
2019,48,04000,all,All,0.983653833570892,0.94363001311897,1.02367765402281,1
2019,48,04000,gender,Female,1.03999616673329,0.997696797615519,1.08229553585105,1
2019,48,04000,gender,Male,0.919252793428256,0.875621297113954,0.96288428974256,1
2019,48,05000,all,All,0.711096940566017,0.663641623346559,0.758552257785474,1
2019,48,05000,gender,Female,0.79109392008797,0.74124455503743,0.84094328513851,1
2019,48,05000,gender,Male,0.615882026755106,0.563861741384875,0.667902312125338,1
2019,48,06128,all,All,0.698935841902333,0.630330589955168,0.767541093849498,1
2019,48,06128,gender,Female,0.835246246852542,0.762352860951662,0.908139632753421,1
2019,48,06128,gender,Male,0.563611978504168,0.489193356077594,0.638030600930743,1
2019,48,07000,all,All,0.690883224251797,0.616924390118886,0.764842058384708,1
2019,48,07000,gender,Female,0.82455126839128,0.747379730633605,0.901722806148955,1
2019,48,07000,gender,Male,0.495461080974801,0.413831271352897,0.577090890596705,1
2019,48,10768,all,All,0.527024055849298,0.480297750287651,0.573750361410945,1
2019,48,10768,gender,Female,0.598532469628972,0.549004426219777,0.648060513038167,1
2019,48,10768,gender,Male,0.459110227903709,0.408312529818853,0.509907925988565,1
2019,48,10912,all,All,0.623932892534171,0.54222744945107,0.705638335617272,1
2019,48,10912,gender,Female,0.768168743782887,0.683211370591579,0.853126116974196,1
2019,48,10912,gender,Male,0.445878924153047,0.355385895077605,0.53637195322849,1
2019,48,13024,all,All,0.540373424584837,0.478838457651378,0.601908391518295,1
2019,48,13024,gender,Female,0.6489580880961,0.583006232103721,0.714909944088478,1
2019,48,13024,gender,Male,0.435510497421036,0.369288049567182,0.50173294527489,1
2019,48,13552,all,All,,,,
2019,48,13552,gender,Female,,,,
2019,48,13552,gender,Male,,,,
2019,48,15976,all,All,0.846343232365639,0.755600503483058,0.937085961248219,1
2019,48,15976,gender,Female,0.87247236824312,0.77647171267481,0.96847302381143,1
2019,48,15976,gender,Male,0.765424853136578,0.666596770574289,0.864252935698866,1
2019,48,16432,all,All,0.775761597113384,0.73365842099644,0.817864773230327,1
2019,48,16432,gender,Female,0.804877737120861,0.76007386850269,0.849681605739031,1
2019,48,16432,gender,Male,0.741594613287327,0.695989531415792,0.787199695158863,1
2019,48,17000,all,All,0.686886010326693,0.598105824585459,0.775666196067928,1
2019,48,17000,gender,Female,0.820016237143268,0.72442312067914,0.915609353607397,1
2019,48,17000,gender,Male,0.557373811981063,0.462232424301763,0.652515199660363,1
2019,48,19000,all,All,0.714816421803462,0.686447565931846,0.743185277675078,1
2019,48,19000,gender,Female,0.790381244797986,0.760389357394263,0.820373132201708,1
2019,48,19000,gender,Male,0.627247593361973,0.59633172755801,0.658163459165937,1
2019,48,19972,all,All,0.87298253629486,0.812868967304061,0.933096105285659,1
2019,48,19972,gender,Female,0.966313190374324,0.902715607041936,1.02991077370671,1
2019,48,19972,gender,Male,0.784429983754894,0.718961152337093,0.849898815172696,1
2019,48,22660,all,All,0.751734325435167,0.698197815985992,0.805270834884342,1
2019,48,22660,gender,Female,0.805155134316988,0.749306341708436,0.86100392692554,1
2019,48,22660,gender,Male,0.688037216917882,0.628935435579076,0.747138998256687,1
2019,48,24000,all,All,0.732189395114254,0.678320008685033,0.786058781543475,1
2019,48,24000,gender,Female,0.837417437694044,0.780654510392287,0.894180364995802,1
2019,48,24000,gender,Male,0.62141546353223,0.562526023268652,0.680304903795809,1
2019,48,26232,all,All,,,,
2019,48,26232,gender,Female,,,,
2019,48,26232,gender,Male,,,,
2019,48,27000,all,All,0.828867706983154,0.782871187500346,0.874864226465962,1
2019,48,27000,gender,Female,0.910282682440292,0.86196115930328,0.958604205577305,1
2019,48,27000,gender,Male,0.727416866320442,0.676986835869792,0.777846896771092,1
2019,48,27684,all,All,1.04814937597949,1.0069761824605,1.08932256949847,1
2019,48,27684,gender,Female,1.10182174235768,1.05814711888346,1.1454963658319,1
2019,48,27684,gender,Male,0.980013939467672,0.935280226705684,1.02474765222966,1
2019,48,29000,all,All,0.743812638730341,0.701081807247623,0.786543470213059,1
2019,48,29000,gender,Female,0.815677956220059,0.770682720647631,0.860673191792487,1
2019,48,29000,gender,Male,0.660169451872868,0.613414338597454,0.706924565148283,1
2019,48,30464,all,All,0.859810608224493,0.801131599053192,0.918489617395795,1
2019,48,30464,gender,Female,0.993831424266432,0.932521509872214,1.05514133866065,1
2019,48,30464,gender,Male,0.722294463497361,0.657614020968493,0.78697490602623,1
2019,48,35000,all,All,0.963266539776251,0.927865668646593,0.998667410905908,1
2019,48,35000,gender,Female,1.03226775644421,0.994927732193966,1.06960778069445,1
2019,48,35000,gender,Male,0.88281148433104,0.844146685747812,0.921476282914268,1
2019,48,37000,all,All,0.852950947826316,0.798510789543871,0.907391106108762,1
2019,48,37000,gender,Female,0.973469067638682,0.917145435412063,1.0297926998653,1
2019,48,37000,gender,Male,0.718607487300651,0.657959275533434,0.779255699067868,1
2019,48,39148,all,All,0.60177336391558,0.550664727424574,0.652882000406585,1
2019,48,39148,gender,Female,0.757737374672453,0.703775500783659,0.811699248561248,1
2019,48,39148,gender,Male,0.436938581011557,0.381172062943189,0.492705099079926,1
2019,48,41464,all,All,0.861725557174268,0.804949917394812,0.918501196953725,1
2019,48,41464,gender,Female,0.914985266508569,0.855393481365465,0.974577051651673,1
2019,48,41464,gender,Male,0.790321182161557,0.728015683014172,0.852626681308943,1
2019,48,41980,all,All,0.779670237266313,0.728946335934686,0.83039413859794,1
2019,48,41980,gender,Female,0.807363655370896,0.75368607416287,0.861041236578921,1
2019,48,41980,gender,Male,0.743606224439216,0.688377677235733,0.798834771642698,1
2019,48,42508,all,All,0.793950801545142,0.749347925991578,0.838553677098706,1
2019,48,42508,gender,Female,0.852463084800808,0.805442608583164,0.899483561018452,1
2019,48,42508,gender,Male,0.733645985409434,0.684901385767065,0.782390585051803,1
2019,48,43888,all,All,0.964220638181804,0.823458242394331,1.10498303396928,1
2019,48,43888,gender,Female,1.16816709859976,1.01385723821364,1.32247695898588,1
2019,48,43888,gender,Male,0.812524406388785,0.663951712843083,0.961097099934488,1
2019,48,45000,all,All,0.730644080974784,0.645717675440445,0.815570486509122,1
2019,48,45000,gender,Female,0.765322876194655,0.677015088843759,0.853630663545551,1
2019,48,45000,gender,Male,0.69082271038588,0.596705990792178,0.784939429979582,1
2019,48,45384,all,All,0.889152217272027,0.822405978785181,0.955898455758872,1
2019,48,45384,gender,Female,0.98112201276915,0.910132356717002,1.0521116688213,1
2019,48,45384,gender,Male,0.788939569327471,0.716593442943158,0.861285695711783,1
2019,48,45744,all,All,1.01730271362449,0.954076287471653,1.08052913977732,1
2019,48,45744,gender,Female,1.08466209514149,1.01925772667381,1.15006646360916,1
2019,48,45744,gender,Male,0.955148578089908,0.884733842422686,1.02556331375713,1
2019,48,47892,all,All,0.827987645050957,0.779277518436077,0.876697771665836,1
2019,48,47892,gender,Female,0.98909386512436,0.937027160574514,1.04116056967421,1
2019,48,47892,gender,Male,0.658326820137806,0.605779695176372,0.710873945099239,1
2019,48,48072,all,All,0.595725642882945,0.517138426335711,0.674312859430179,1
2019,48,48072,gender,Female,0.700455840198239,0.615991160351852,0.784920520044626,1
2019,48,48072,gender,Male,0.460655524260478,0.376360366283273,0.544950682237683,1
2019,48,48768,all,All,0.794522951860094,0.706244362962443,0.882801540757744,1
2019,48,48768,gender,Female,0.828302120312151,0.734728602073772,0.92187563855053,1
2019,48,48768,gender,Male,0.747833111250896,0.651908247042652,0.843757975459141,1
2019,48,50820,all,All,0.769343189691166,0.689532685370207,0.849153694012125,1
2019,48,50820,gender,Female,0.824325585683397,0.741130058294009,0.907521113072785,1
2019,48,50820,gender,Male,0.720265176460111,0.632098626497586,0.808431726422637,1
2019,48,53388,all,All,0.724941184736187,0.668442284493435,0.781440084978939,1
2019,48,53388,gender,Female,0.839718372252336,0.780344278758942,0.89909246574573,1
2019,48,53388,gender,Male,0.614058706196054,0.552133462912078,0.67598394948003,1
2019,48,56000,all,All,1.04337351594092,0.999416713702476,1.08733031817936,1
2019,48,56000,gender,Female,1.17186845698564,1.1258891169374,1.21784779703388,1
2019,48,56000,gender,Male,0.910822142410591,0.862425223716732,0.95921906110445,1
2019,48,56348,all,All,0.992433990164089,0.921780982133741,1.06308699819444,1
2019,48,56348,gender,Female,1.09131136924351,1.01628915133927,1.16633358714774,1
2019,48,56348,gender,Male,0.893410815292301,0.816726503506384,0.970095127078219,1
2019,48,57200,all,All,0.531945939690013,0.46333664300555,0.600555236374475,1
2019,48,57200,gender,Female,0.590487054702534,0.517354225522393,0.663619883882675,1
2019,48,57200,gender,Male,0.446820803690725,0.372627738402074,0.521013868979376,1
2019,48,58016,all,All,0.866348300900462,0.821427625384219,0.911268976416706,1
2019,48,58016,gender,Female,0.916906388041041,0.869938564992222,0.96387421108986,1
2019,48,58016,gender,Male,0.808109486505443,0.758630898354152,0.857588074656735,1
2019,48,61796,all,All,0.933031933147078,0.880951266616566,0.985112599677591,1
2019,48,61796,gender,Female,1.02874348616285,0.974400720565568,1.08308625176014,1
2019,48,61796,gender,Male,0.812877015387547,0.755395207644118,0.870358823130976,1
2019,48,63500,all,All,0.857297695760406,0.811955182329939,0.902640209190873,1
2019,48,63500,gender,Female,0.914951138072102,0.86732023110188,0.962582045042324,1
2019,48,63500,gender,Male,0.790998377554692,0.741282035120019,0.840714719989365,1
2019,48,64472,all,All,0.714984870929458,0.618928507099718,0.811041234759198,1
2019,48,64472,gender,Female,0.773618460014056,0.672181512670843,0.875055407357269,1
2019,48,64472,gender,Male,0.622173537047394,0.517333023664631,0.727014050430157,1
2019,48,65000,all,All,0.913762604708452,0.860202105791196,0.967323103625709,1
2019,48,65000,gender,Female,1.00537007614853,0.948806684108725,1.06193346818833,1
2019,48,65000,gender,Male,0.816845334849322,0.758419524305868,0.875271145392777,1
2019,48,70808,all,All,0.923288342055564,0.886347327995996,0.960229356115132,1
2019,48,70808,gender,Female,0.986126157957254,0.946615806584936,1.02563650932957,1
2019,48,70808,gender,Male,0.858755773693841,0.818926338915218,0.898585208472465,1
2019,48,72176,all,All,0.752252849061082,0.645105192067598,0.859400506054567,1
2019,48,72176,gender,Female,0.912051915835994,0.79983376989764,1.02427006177435,1
2019,48,72176,gender,Male,0.542045371997293,0.424219381070974,0.659871362923612,1
2019,48,74144,all,All,0.861001920270295,0.771050310482984,0.950953530057605,1
2019,48,74144,gender,Female,1.02760488980594,0.933632996531254,1.12157678308063,1
2019,48,74144,gender,Male,0.677772241529738,0.578662973823032,0.776881509236445,1
2019,48,76000,all,All,1.06504062444353,0.936847210732481,1.19323403815458,1
2019,48,76000,gender,Female,1.18455101249838,1.05674464434977,1.31235738064699,1
2019,48,76000,gender,Male,0.901492634872318,0.767795376688483,1.03518989305615,1
2019,48,79000,all,All,0.691643783641864,0.577632157115404,0.805655410168324,1
2019,48,79000,gender,Female,0.767284692746528,0.64412178647118,0.890447599021875,1
2019,48,79000,gender,Male,0.609823380111022,0.487850693321824,0.73179606690022,1
2019,49,43660,all,All,,,,
2019,49,43660,gender,Female,,,,
2019,49,43660,gender,Male,,,,
2019,49,44320,all,All,,,,
2019,49,44320,gender,Female,,,,
2019,49,44320,gender,Male,,,,
2019,49,55980,all,All,0.823700106817952,0.792429893651786,0.854970319984119,1
2019,49,55980,gender,Female,0.791580328127326,0.757968639772015,0.825192016482637,1
2019,49,55980,gender,Male,0.8480201058084,0.814451657753829,0.881588553862971,1
2019,49,57300,all,All,,,,
2019,49,57300,gender,Female,,,,
2019,49,57300,gender,Male,,,,
2019,49,62470,all,All,0.93550623744373,0.896173654499916,0.974838820387544,1
2019,49,62470,gender,Female,0.908632774188279,0.866890039482291,0.950375508894267,1
2019,49,62470,gender,Male,0.957384542942725,0.914661012321238,1.00010807356421,1
2019,49,65330,all,All,0.910507320609878,0.882635883380222,0.938378757839534,1
2019,49,65330,gender,Female,0.703392604633527,0.577027818200998,0.829757391066056,1
2019,49,65330,gender,Male,0.903526984275761,0.873527239712893,0.933526728838628,1
2019,49,67000,all,All,0.980908456868703,0.959398882899316,1.00241803083809,1
2019,49,67000,gender,Female,0.957847130084726,0.935239262026074,0.980454998143378,1
2019,49,67000,gender,Male,0.995734564607574,0.972162934088822,1.01930619512633,1
2019,49,67440,all,All,0.907093980675903,0.881747859858379,0.932440101493426,1
2019,49,67440,gender,Female,0.869094311984674,0.84224968192453,0.895938942044818,1
2019,49,67440,gender,Male,0.937315199182996,0.909740223132934,0.964890175233058,1
2019,49,70850,all,All,,,,
2019,49,70850,gender,Female,,,,
2019,49,70850,gender,Male,,,,
2019,49,82950,all,All,0.952676102937857,0.933131738494231,0.972220467381484,1
2019,49,82950,gender,Female,0.928919293430617,0.908238896437717,0.949599690423518,1
2019,49,82950,gender,Male,0.973836578845813,0.952552436478261,0.995120721213365,1
2019,49,83470,all,All,,,,
2019,49,83470,gender,Female,,,,
2019,49,83470,gender,Male,,,,
2019,51,01000,all,All,0.506674882755506,0.468362928393469,0.544986837117544,1
2019,51,01000,gender,Female,0.551087625172241,0.511499291831769,0.590675958512714,1
2019,51,01000,gender,Male,0.455105251902201,0.412396967481696,0.497813536322707,1
2019,51,16000,all,All,0.842712545269325,0.819446348270017,0.865978742268633,1
2019,51,16000,gender,Female,0.817806368434227,0.79362031756772,0.841992419300733,1
2019,51,16000,gender,Male,0.873535590726453,0.847760423955553,0.899310757497353,1
2019,51,35000,all,All,0.786938019360573,0.752980317029737,0.82089572169141,1
2019,51,35000,gender,Female,0.749795776482883,0.71357961349327,0.786011939472496,1
2019,51,35000,gender,Male,0.819180257407323,0.782470023986697,0.855890490827949,1
2019,51,47672,all,All,0.84336164342216,0.791140588224446,0.895582698619874,1
2019,51,47672,gender,Female,0.890611857297361,0.833932411968724,0.947291302625998,1
2019,51,47672,gender,Male,0.805678321141019,0.750094313161319,0.861262329120718,1
2019,51,56000,all,All,0.694494522130803,0.666330330718334,0.722658713543272,1
2019,51,56000,gender,Female,0.675436492458801,0.64560682152246,0.705266163395142,1
2019,51,56000,gender,Male,0.717047566172543,0.686405571800082,0.747689560545005,1
2019,51,57000,all,All,0.641421632259645,0.613948797230324,0.668894467288966,1
2019,51,57000,gender,Female,0.610267243005259,0.581189219929879,0.639345266080639,1
2019,51,57000,gender,Male,0.665451117406266,0.635538647570329,0.695363587242204,1
2019,51,64000,all,All,0.6561335936661,0.615702686310415,0.696564501021784,1
2019,51,64000,gender,Female,0.675114462657714,0.632865138750865,0.717363786564563,1
2019,51,64000,gender,Male,0.632991107901621,0.588431956590616,0.677550259212627,1
2019,51,67000,all,All,0.365549541539873,0.334488219743114,0.396610863336632,1
2019,51,67000,gender,Female,0.371040888420603,0.338534513545873,0.403547263295334,1
2019,51,67000,gender,Male,0.353548440251332,0.319360922069837,0.387735958432828,1
2019,51,68000,all,All,0.675790274146754,0.635560959660226,0.716019588633281,1
2019,51,68000,gender,Female,0.712994534901309,0.670605656329616,0.755383413473003,1
2019,51,68000,gender,Male,0.638825487842086,0.594847415559244,0.682803560124928,1
2019,51,76432,all,All,0.892666578088499,0.854085389299852,0.931247766877146,1
2019,51,76432,gender,Female,0.928461329452406,0.887239048164198,0.969683610740615,1
2019,51,76432,gender,Male,0.870808607872561,0.829172289133569,0.912444926611554,1
2019,51,82000,all,All,0.732121460930915,0.714546153598322,0.749696768263507,1
2019,51,82000,gender,Female,0.744366053411128,0.725965607408465,0.762766499413792,1
2019,51,82000,gender,Male,0.722881644877437,0.703547455579679,0.742215834175194,1
2019,53,03180,all,All,0.381017549311148,0.343337629678505,0.418697468943791,1
2019,53,03180,gender,Female,0.582062687231996,0.526389813156046,0.637735561307946,1
2019,53,03180,gender,Male,0.324445483984098,0.283428613636937,0.365462354331259,1
2019,53,05210,all,All,0.927727967660545,0.88107484030143,0.974381095019659,1
2019,53,05210,gender,Female,0.892999369113592,0.843677602677162,0.942321135550022,1
2019,53,05210,gender,Male,0.976725572178485,0.925883193366865,1.0275679509901,1
2019,53,05280,all,All,0.894560045373167,0.823960039867361,0.965160050878972,1
2019,53,05280,gender,Female,0.921847555977836,0.845446376592257,0.998248735363415,1
2019,53,05280,gender,Male,0.850958799125019,0.802929502975908,0.898988095274129,1
2019,53,22640,all,All,0.939637971189277,0.860433377859629,1.01884256451892,1
2019,53,22640,gender,Female,0.937785050307766,0.853075961637595,1.02249413897794,1
2019,53,22640,gender,Male,0.919688529538423,0.834302334790286,1.00507472428656,1
2019,53,23515,all,All,0.805480942552913,0.773883649778149,0.837078235327677,1
2019,53,23515,gender,Female,0.885950224324908,0.853315103519344,0.918585345130473,1
2019,53,23515,gender,Male,0.708769747643494,0.673532612557977,0.744006882729011,1
2019,53,35275,all,All,0.861454445628545,0.806806093662001,0.916102797595089,1
2019,53,35275,gender,Female,0.90290722727692,0.844681240204975,0.961133214348865,1
2019,53,35275,gender,Male,0.8158067894772,0.637493807864261,0.994119771090139,1
2019,53,35415,all,All,0.913578122180805,0.885148604682942,0.942007639678668,1
2019,53,35415,gender,Female,0.943638024041522,0.913595497601431,0.973680550481614,1
2019,53,35415,gender,Male,0.884518873321703,0.853523746805091,0.915513999838316,1
2019,53,35940,all,All,,,,
2019,53,35940,gender,Female,,,,
2019,53,35940,gender,Male,,,,
2019,53,53545,all,All,1.05835300349303,1.02412731139274,1.09257869559332,1
2019,53,53545,gender,Female,1.14300816955557,1.10719902566169,1.17881731344945,1
2019,53,53545,gender,Male,0.993883905141831,0.940627240846146,1.04714056943752,1
2019,53,57745,all,All,1.00660020919126,0.968994872421768,1.04420554596075,1
2019,53,57745,gender,Female,1.03251218351534,0.992782269442907,1.07224209758778,1
2019,53,57745,gender,Male,0.956388113312081,0.915370205433006,0.997406021191156,1
2019,53,63000,all,All,0.78528748934766,0.693248192443358,0.877326786251962,1
2019,53,63000,gender,Female,0.81053170017522,0.713312079803552,0.907751320546887,1
2019,53,63000,gender,Male,0.786797262176009,0.686410906281699,0.88718361807032,1
2019,53,67000,all,All,0.473418246218947,0.360792285506968,0.586044206930927,1
2019,53,67000,gender,Female,0.512396012115909,0.393090153435639,0.631701870796178,1
2019,53,67000,gender,Male,0.455263700917779,0.332737061567353,0.577790340268205,1
2019,53,67167,all,All,0.90992230464582,0.821695676313203,0.998148932978437,1
2019,53,67167,gender,Female,1.00338870581118,0.907652225590674,1.09912518603168,1
2019,53,67167,gender,Male,0.840051287710382,0.746123757621057,0.933978817799707,1
2019,53,70000,all,All,0.852953432488262,0.75896117471584,0.946945690260684,1
2019,53,70000,gender,Female,0.897794196719261,0.798994968019006,0.996593425419515,1
2019,53,70000,gender,Male,0.793617285975532,0.690614697682175,0.89661987426889,1
2019,53,74060,all,All,0.707042791079473,0.663774827220042,0.750310754938905,1
2019,53,74060,gender,Female,0.602982268335772,0.532324509964553,0.67364002670699,1
2019,53,74060,gender,Male,0.682668321936062,0.635365141875362,0.729971501996762,1
2019,53,80010,all,All,0.919710871359512,0.867702697820421,0.971719044898603,1
2019,53,80010,gender,Female,0.948616943546291,0.888827683775847,1.00840620331674,1
2019,53,80010,gender,Male,0.877448317996353,0.816961407273463,0.937935228719243,1
2019,55,02375,all,All,1.0569719895471,1.01707558422563,1.09686839486857,1
2019,55,02375,gender,Female,1.01104247401336,0.969607905109692,1.05247704291703,1
2019,55,02375,gender,Male,1.10701027303676,1.06276665553699,1.15125389053653,1
2019,55,31000,all,All,0.878198877966088,0.833829171532236,0.92256858439994,1
2019,55,31000,gender,Female,0.929640962025651,0.883240180384127,0.976041743667176,1
2019,55,31000,gender,Male,0.819260452474074,0.77040275100345,0.868118153944698,1
2019,55,39225,all,All,0.986410717781783,0.949496984833273,1.02332445073029,1
2019,55,39225,gender,Female,1.01495509773462,0.98018973486264,1.0497204606066,1
2019,55,39225,gender,Male,0.946436847532425,0.910375193229919,0.982498501834932,1
2019,55,48000,all,All,0.943578067898853,0.80594922344645,1.08120691235126,1
2019,55,48000,gender,Female,0.865835412865183,0.721753948894711,1.00991687683566,1
2019,55,48000,gender,Male,0.974233871810818,0.822826773730717,1.12564096989092,1
2019,55,53000,all,All,0.990900216162682,0.972301212137252,1.00949922018811,1
2019,55,53000,gender,Female,1.0153102832969,0.995148043643552,1.03547252295024,1
2019,55,53000,gender,Male,0.956840803522585,0.93607411732475,0.97760748972042,1
2019,55,66000,all,All,0.750570460491659,0.715079594126869,0.78606132685645,1
2019,55,66000,gender,Female,0.768864397513247,0.732000439560287,0.805728355466206,1
2019,55,66000,gender,Male,0.73210843335065,0.692644557411775,0.771572309289525,1
2018,01,03076,all,All,0.798182616662938,0.755898205261768,0.840467028064108,1
2018,01,03076,gender,Female,0.85820505777491,0.81387067053007,0.90253944501975,1
2018,01,03076,gender,Male,0.750787760690085,0.704239206196996,0.797336315183174,1
2018,01,07000,all,All,0.739969615676183,0.710409919682258,0.769529311670109,1
2018,01,07000,gender,Female,0.771610389558189,0.740606957885964,0.802613821230414,1
2018,01,07000,gender,Male,0.699556966929461,0.667034815817985,0.732079118040937,1
2018,01,35896,all,All,0.959233913579353,0.925787303113486,0.99268052404522,1
2018,01,35896,gender,Female,0.936207836846907,0.899280940954938,0.973134732738876,1
2018,01,35896,gender,Male,0.972796785634335,0.937664499065519,1.00792907220315,1
2018,01,37000,all,All,0.744767320716332,0.717767924922998,0.771766716509667,1
2018,01,37000,gender,Female,0.768644573169745,0.740397840944713,0.796891305394778,1
2018,01,37000,gender,Male,0.71473240815083,0.684958137950576,0.744506678351084,1
2018,01,50000,all,All,0.824342738213925,0.80729542135348,0.84139005507437,1
2018,01,50000,gender,Female,0.833767313498226,0.815671152553849,0.851863474442603,1
2018,01,50000,gender,Male,0.805405218793567,0.786866655536085,0.823943782051049,1
2018,01,51000,all,All,0.690486639813009,0.66713684465236,0.713836434973658,1
2018,01,51000,gender,Female,0.698031482411343,0.673267311158821,0.722795653663865,1
2018,01,51000,gender,Male,0.668939920469893,0.643530438381812,0.694349402557973,1
2018,01,77256,all,All,0.69947092889485,0.666811022367435,0.732130835422265,1
2018,01,77256,gender,Female,0.719009163907237,0.683901894166091,0.754116433648382,1
2018,01,77256,gender,Male,0.674588009644195,0.639489732931597,0.709686286356793,1
2018,02,03000,all,All,1.38462404214682,1.27858845558094,1.4906596287127,1
2018,02,03000,gender,Female,1.37082036610009,1.25951980235,1.48212092985019,1
2018,02,03000,gender,Male,1.40698524622405,1.29043334448896,1.52353714795914,1
2018,04,04720,all,All,1.24222834470108,1.20290436001505,1.28155232938712,1
2018,04,04720,gender,Female,1.29481393749816,1.25342182083754,1.33620605415879,1
2018,04,04720,gender,Male,1.17794404972228,1.13481707699219,1.22107102245238,1
2018,04,07940,all,All,0.86048545658272,0.815942545118146,0.905028368047293,1
2018,04,07940,gender,Female,0.88675241948777,0.840036942351084,0.933467896624455,1
2018,04,07940,gender,Male,0.855418553583097,0.80314795761932,0.907689149546874,1
2018,04,12000,all,All,0.948747432642411,0.931773134651567,0.965721730633254,1
2018,04,12000,gender,Female,0.97901536686408,0.960957651649125,0.997073082079035,1
2018,04,12000,gender,Male,0.916895495244565,0.89847724401421,0.93531374647492,1
2018,04,23620,all,All,1.01822445353207,0.980898714384707,1.05555019267942,1
2018,04,23620,gender,Female,1.05707488988203,1.0178039539517,1.09634582581235,1
2018,04,23620,gender,Male,0.972207065924604,0.931273623068858,1.01314050878035,1
2018,04,27400,all,All,0.905891697669701,0.883777164910992,0.92800623042841,1
2018,04,27400,gender,Female,0.932187799631152,0.908707224800124,0.955668374462179,1
2018,04,27400,gender,Male,0.874058220135729,0.85001918690292,0.898097253368538,1
2018,04,27820,all,All,1.0654722812248,1.04405488938015,1.08688967306945,1
2018,04,27820,gender,Female,1.10602610321504,1.08353816440656,1.12851404202352,1
2018,04,27820,gender,Male,1.00645221312818,0.981861352726377,1.03104307352999,1
2018,04,28380,all,All,,,,
2018,04,28380,gender,Female,,,,
2018,04,28380,gender,Male,,,,
2018,04,46000,all,All,0.953454050637315,0.938905013010159,0.968003088264472,1
2018,04,46000,gender,Female,0.99029348742547,0.975023872798985,1.00556310205195,1
2018,04,46000,gender,Male,0.901422639338123,0.885428398199803,0.917416880476442,1
2018,04,54050,all,All,,,,
2018,04,54050,gender,Female,,,,
2018,04,54050,gender,Male,,,,
2018,04,55000,all,All,1.03939070514998,1.01011588922106,1.0686655210789,1
2018,04,55000,gender,Female,1.07361742889202,1.0426889454214,1.10454591236264,1
2018,04,55000,gender,Male,0.991915633358669,0.95932411973022,1.02450714698712,1
2018,04,65000,all,All,0.937645013825929,0.908225712265275,0.967064315386583,1
2018,04,65000,gender,Female,0.96295761822681,0.932295314248546,0.993619922205075,1
2018,04,65000,gender,Male,0.909664522377448,0.877095069927511,0.942233974827386,1
2018,04,71510,all,All,1.04333759351854,1.02152024970246,1.06515493733461,1
2018,04,71510,gender,Female,1.11296240536484,1.09026552129739,1.1356592894323,1
2018,04,71510,gender,Male,0.972398868694174,0.948201094928097,0.996596642460252,1
2018,04,73000,all,All,1.02404069741435,0.998521370666784,1.04956002416191,1
2018,04,73000,gender,Female,1.03634250033754,1.00964395388821,1.06304104678686,1
2018,04,73000,gender,Male,1.01013226099716,0.981383535520248,1.03888098647407,1
2018,04,77000,all,All,0.977573928585233,0.948874747961455,1.00627310920901,1
2018,04,77000,gender,Female,1.00436674766336,0.974033724043782,1.03469977128293,1
2018,04,77000,gender,Male,0.939449729503678,0.908300799577239,0.970598659430117,1
2018,04,85540,all,All,0.901754927131446,0.863574904151155,0.939934950111739,1
2018,04,85540,gender,Female,0.953802842870007,0.91380928204079,0.993796403699225,1
2018,04,85540,gender,Male,0.834865945050803,0.79281163568619,0.876920254415416,1
2018,05,23290,all,All,0.881217451893743,0.841298839851905,0.921136063935582,1
2018,05,23290,gender,Female,0.933057994166878,0.891380026595948,0.974735961737808,1
2018,05,23290,gender,Male,0.828133557429173,0.784021734079023,0.872245380779323,1
2018,05,24550,all,All,1.11273704212536,1.07966927616077,1.14580480808994,1
2018,05,24550,gender,Female,1.12826535689412,1.09252557506068,1.16400513872755,1
2018,05,24550,gender,Male,1.1461170316773,1.0990483214675,1.1931857418871,1
2018,05,35710,all,All,1.03419974225434,0.966543628549778,1.10185585595891,1
2018,05,35710,gender,Female,1.10045198901898,1.02389195817619,1.17701201986177,1
2018,05,35710,gender,Male,0.950140114975781,0.876417393737746,1.02386283621382,1
2018,05,41000,all,All,0.781797295946049,0.754657520805511,0.808937071086586,1
2018,05,41000,gender,Female,0.831126234126431,0.80247984222882,0.859772626024042,1
2018,05,41000,gender,Male,0.709824781341298,0.680151136093835,0.73949842658876,1
2018,05,66080,all,All,0.972475155392378,0.946365646721263,0.998584664063494,1
2018,05,66080,gender,Female,1.03871682199577,1.01032454924323,1.06710909474831,1
2018,05,66080,gender,Male,0.892833612308444,0.865054881824424,0.920612342792465,1
2018,06,00562,all,All,0.880578838111354,0.829932083420124,0.931225592802584,1
2018,06,00562,gender,Female,0.886179035433332,0.833055261043737,0.939302809822927,1
2018,06,00562,gender,Male,0.870106479867165,0.81439267020445,0.92582028952988,1
2018,06,00884,all,All,1.25377091509708,1.21107235238366,1.29646947781049,1
2018,06,00884,gender,Female,1.29259214304224,1.24703299314399,1.33815129294048,1
2018,06,00884,gender,Male,1.21110239016728,1.16489934475869,1.25730543557587,1
2018,06,02000,all,All,0.814067034745439,0.771094247836869,0.857039821654008,1
2018,06,02000,gender,Female,0.843419499554687,0.798086841814161,0.888752157295214,1
2018,06,02000,gender,Male,0.786136256952507,0.739113653951402,0.833158859953612,1
2018,06,02252,all,All,0.750919564509597,0.710637420889038,0.791201708130156,1
2018,06,02252,gender,Female,0.854655225097638,0.811394263965872,0.897916186229403,1
2018,06,02252,gender,Male,0.698699764748904,0.655331401648203,0.742068127849605,1
2018,06,02364,all,All,0.95328705938816,0.910574726971772,0.995999391804548,1
2018,06,02364,gender,Female,0.947865844998613,0.903178763027449,0.992552926969778,1
2018,06,02364,gender,Male,0.954102883088977,0.907000819865331,1.00120494631262,1
2018,06,03526,all,All,1.12255192881573,1.07665565614671,1.16844820148474,1
2018,06,03526,gender,Female,1.14886757204025,1.10028120619948,1.19745393788103,1
2018,06,03526,gender,Male,1.09227175699057,1.04225518909451,1.14228832488663,1
2018,06,04982,all,All,1.08740267780712,1.03980779814306,1.13499755747118,1
2018,06,04982,gender,Female,1.13219741606469,1.080311820938,1.18408301119137,1
2018,06,04982,gender,Male,1.06243852245281,1.01190330978184,1.11297373512377,1
2018,06,06000,all,All,1.04705129499879,0.970829188828142,1.12327340116943,1
2018,06,06000,gender,Female,1.11857211775538,1.03723023686139,1.19991399864937,1
2018,06,06000,gender,Male,,,,
2018,06,08786,all,All,0.801452117280191,0.745307149417195,0.857597085143188,1
2018,06,08786,gender,Female,0.865560919375731,0.806136710653268,0.924985128098194,1
2018,06,08786,gender,Male,0.660749437005842,0.590812706173987,0.730686167837698,1
2018,06,08954,all,All,0.824350452936029,0.780198156022427,0.868502749849631,1
2018,06,08954,gender,Female,0.871955995370641,0.825819031934054,0.918092958807228,1
2018,06,08954,gender,Male,0.780927602586344,0.732168699377469,0.82968650579522,1
2018,06,11194,all,All,0.802076787881484,0.752565051822982,0.851588523939986,1
2018,06,11194,gender,Female,0.801768071995664,0.750215953063354,0.853320190927974,1
2018,06,11194,gender,Male,0.761512913151833,0.706627701299917,0.816398125003749,1
2018,06,11530,all,All,,,,
2018,06,11530,gender,Female,,,,
2018,06,11530,gender,Male,,,,
2018,06,13014,all,All,1.21948878778219,1.17336965373618,1.2656079218282,1
2018,06,13014,gender,Female,1.30320747137803,1.2549329792426,1.35148196351345,1
2018,06,13014,gender,Male,1.14580091071369,1.09496721010402,1.19663461132337,1
2018,06,13210,all,All,0.931348129089958,0.901158948581183,0.961537309598734,1
2018,06,13210,gender,Female,0.97478688162368,0.943023202338341,1.00655056090902,1
2018,06,13210,gender,Male,0.878652512785872,0.845546150397369,0.911758875174374,1
2018,06,13214,all,All,,,,
2018,06,13214,gender,Female,,,,
2018,06,13214,gender,Male,,,,
2018,06,13392,all,All,0.872826495030351,0.851490100707705,0.894162889352997,1
2018,06,13392,gender,Female,0.897486372962516,0.874733500588748,0.920239245336284,1
2018,06,13392,gender,Male,0.849574218440854,0.826474583050878,0.87267385383083,1
2018,06,13588,all,All,,,,
2018,06,13588,gender,Female,,,,
2018,06,13588,gender,Male,,,,
2018,06,14218,all,All,1.32112479947333,1.29578550739235,1.3464640915543,1
2018,06,14218,gender,Female,1.33613516749729,1.30937721861268,1.36289311638189,1
2018,06,14218,gender,Male,1.30349077677936,1.275800615934,1.33118093762472,1
2018,06,15044,all,All,1.110891356071,1.07883521174468,1.14294750039732,1
2018,06,15044,gender,Female,1.20476979902811,1.17083950333397,1.23870009472226,1
2018,06,15044,gender,Male,1.00835813004097,0.973407920667693,1.04330833941425,1
2018,06,16000,all,All,0.945203449359487,0.916693712294118,0.973713186424855,1
2018,06,16000,gender,Female,0.998161114545961,0.967895388913979,1.02842684017794,1
2018,06,16000,gender,Male,0.880825325567591,0.849827951416794,0.911822699718388,1
2018,06,16350,all,All,0.899631037563243,0.86218656616932,0.937075508957166,1
2018,06,16350,gender,Female,0.969849684168428,0.931025978069409,1.00867339026745,1
2018,06,16350,gender,Male,0.798536573830632,0.756861815680482,0.840211331980784,1
2018,06,16532,all,All,0.917017892732687,0.880886955940682,0.953148829524693,1
2018,06,16532,gender,Female,0.980558292754947,0.94227062943262,1.01884595607727,1
2018,06,16532,gender,Male,0.850021840558631,0.810671871400082,0.889371809717181,1
2018,06,17918,all,All,1.05877918105091,0.991080097592565,1.12647826450925,1
2018,06,17918,gender,Female,1.11691073571034,1.04537948304772,1.18844198837296,1
2018,06,17918,gender,Male,1.01237135828602,0.938455253459538,1.08628746311251,1
2018,06,19766,all,All,0.875280581337605,0.839975032493041,0.910586130182168,1
2018,06,19766,gender,Female,0.898645678139987,0.861431185274567,0.935860171005407,1
2018,06,19766,gender,Male,0.852127535486246,0.813479773700048,0.890775297272444,1
2018,06,21712,all,All,0.999044905858572,0.966540344452289,1.03154946726485,1
2018,06,21712,gender,Female,1.0617939502586,1.02775294135164,1.09583495916556,1
2018,06,21712,gender,Male,0.938064584937652,0.90225388171319,0.973875288162114,1
2018,06,22020,all,All,0.977094307812894,0.956747347702062,0.997441267923726,1
2018,06,22020,gender,Female,1.03995568442826,1.01843792983231,1.0614734390242,1
2018,06,22020,gender,Male,0.914104823248103,0.891902347177102,0.936307299319104,1
2018,06,22230,all,All,1.14156061908254,1.09181378299788,1.19130745516721,1
2018,06,22230,gender,Female,1.13700801615574,1.08549135529693,1.18852467701456,1
2018,06,22230,gender,Male,1.13860658817035,1.0831603274704,1.19405284887029,1
2018,06,22804,all,All,1.19773957678324,1.16316041999528,1.2323187335712,1
2018,06,22804,gender,Female,1.23943590945125,1.20265201667351,1.276219802229,1
2018,06,22804,gender,Male,1.15208360530449,1.11509285899571,1.18907435161327,1
2018,06,23182,all,All,1.01640852085721,0.975097899379553,1.05771914233487,1
2018,06,23182,gender,Female,1.07297291084097,1.02899388725685,1.11695193442509,1
2018,06,23182,gender,Male,0.947368919262078,0.902853706737944,0.991884131786212,1
2018,06,24638,all,All,,,,
2018,06,24638,gender,Female,,,,
2018,06,24638,gender,Male,,,,
2018,06,24680,all,All,1.07836008181832,1.05189977889116,1.10482038474547,1
2018,06,24680,gender,Female,1.11963553068039,1.09184366757638,1.1474273937844,1
2018,06,24680,gender,Male,1.04070355323183,1.01163716208769,1.06976994437597,1
2018,06,26000,all,All,1.05669160907142,1.02936998845905,1.08401322968378,1
2018,06,26000,gender,Female,1.10621719657396,1.0771522148676,1.13528217828033,1
2018,06,26000,gender,Male,1.00592662757036,0.976280259733075,1.03557299540765,1
2018,06,27000,all,All,1.14511935597004,1.11411312266921,1.17612558927086,1
2018,06,27000,gender,Female,1.17655127888276,1.14713399100953,1.20596856675599,1
2018,06,27000,gender,Male,1.1194397939858,1.08650489285824,1.15237469511336,1
2018,06,28000,all,All,1.00278106938065,0.965962923663598,1.0395992150977,1
2018,06,28000,gender,Female,1.09381055766602,1.0536555184875,1.13396559684455,1
2018,06,28000,gender,Male,0.925971717747561,0.886899125841875,0.965044309653248,1
2018,06,29000,all,All,1.36648008312839,1.34230253820899,1.3906576280478,1
2018,06,29000,gender,Female,1.39753205721412,1.37176301085968,1.42330110356855,1
2018,06,29000,gender,Male,1.33968427740702,1.31349512190476,1.36587343290928,1
2018,06,30000,all,All,0.942825384653585,0.910587216552678,0.975063552754491,1
2018,06,30000,gender,Female,1.00205932909426,0.967816541873303,1.03630211631521,1
2018,06,30000,gender,Male,0.884351735238755,0.849319909959709,0.919383560517801,1
2018,06,32548,all,All,1.24039879446855,1.16990858623075,1.31088900270635,1
2018,06,32548,gender,Female,1.27276715480661,1.19774393135749,1.34779037825574,1
2018,06,32548,gender,Male,1.21666914887438,1.14030626512978,1.29303203261898,1
2018,06,33000,all,All,1.06737894764018,1.03347233584331,1.10128555943704,1
2018,06,33000,gender,Female,1.14453418480816,1.10880206504104,1.18026630457527,1
2018,06,33000,gender,Male,0.982411913168374,0.945287789396879,1.01953603693987,1
2018,06,33182,all,All,0.964824290875821,0.929150869756516,1.00049771199513,1
2018,06,33182,gender,Female,0.972791002489766,0.935053232142872,1.01052877283666,1
2018,06,33182,gender,Male,0.952392075549322,0.913475986257062,0.991308164841582,1
2018,06,33434,all,All,0.865788077239237,0.832466259473608,0.899109895004865,1
2018,06,33434,gender,Female,0.912760107815438,0.87790134593812,0.947618869692756,1
2018,06,33434,gender,Male,0.810862836961339,0.774109433148174,0.847616240774503,1
2018,06,36000,all,All,0.923253648128079,0.875651277710965,0.970856018545194,1
2018,06,36000,gender,Female,0.915459229183694,0.865328375796604,0.965590082570784,1
2018,06,36000,gender,Male,0.92513362673532,0.872976367664796,0.977290885805844,1
2018,06,36448,all,All,,,,
2018,06,36448,gender,Female,,,,
2018,06,36448,gender,Male,,,,
2018,06,36546,all,All,0.998124879365847,0.956208546812242,1.04004121191945,1
2018,06,36546,gender,Female,1.03291301771554,0.98877566174631,1.07705037368478,1
2018,06,36546,gender,Male,0.932802729447574,0.886872016476086,0.978733442419063,1
2018,06,36770,all,All,0.889347970144847,0.860912543837319,0.917783396452375,1
2018,06,36770,gender,Female,0.890219586499251,0.859934117168517,0.920505055829983,1
2018,06,36770,gender,Male,0.888428285567164,0.8576056731871,0.919250897947229,1
2018,06,37692,all,All,1.03244356516143,0.995335713920117,1.06955141640275,1
2018,06,37692,gender,Female,1.08148131308784,1.04207600276762,1.12088662340806,1
2018,06,37692,gender,Male,0.99647173217445,0.95613274532281,1.03681071902609,1
2018,06,39496,all,All,,,,
2018,06,39496,gender,Female,,,,
2018,06,39496,gender,Male,,,,
2018,06,39892,all,All,,,,
2018,06,39892,gender,Female,,,,
2018,06,39892,gender,Male,,,,
2018,06,40130,all,All,1.10796588541809,1.06418040860104,1.15175136223514,1
2018,06,40130,gender,Female,1.16323001177601,1.11630746234757,1.21015256120445,1
2018,06,40130,gender,Male,1.06452423850343,1.01732451289048,1.11172396411639,1
2018,06,41992,all,All,1.03341493250709,0.9882288168825,1.07860104813168,1
2018,06,41992,gender,Female,1.10186200870897,1.05279836720689,1.15092565021104,1
2018,06,41992,gender,Male,0.967595783234743,0.91945948494801,1.01573208152148,1
2018,06,43000,all,All,1.19115639694542,1.17231733931599,1.20999545457485,1
2018,06,43000,gender,Female,1.21995138199304,1.19998700729486,1.23991575669123,1
2018,06,43000,gender,Male,1.15981406577402,1.1392977499502,1.18033038159783,1
2018,06,44000,all,All,1.07453340050578,1.0679137015764,1.08115309943516,1
2018,06,44000,gender,Female,1.11414383686636,1.10714909478018,1.12113857895254,1
2018,06,44000,gender,Male,1.03662872774589,1.02939955422666,1.04385790126512,1
2018,06,45484,all,All,1.24100526898105,1.20781185206976,1.27419868589234,1
2018,06,45484,gender,Female,1.29719325228882,1.26222018034042,1.33216632423721,1
2018,06,45484,gender,Male,1.18696355358074,1.1506124751537,1.22331463200777,1
2018,06,46842,all,All,1.0376186676868,0.995815901432333,1.07942143394126,1
2018,06,46842,gender,Female,1.12364996227534,1.07914734145576,1.16815258309492,1
2018,06,46842,gender,Male,0.928659388150872,0.883306345669927,0.974012430631818,1
2018,06,46898,all,All,1.13754741613286,1.08081494337866,1.19427988888707,1
2018,06,46898,gender,Female,1.16828309230505,1.10834785276083,1.22821833184927,1
2018,06,46898,gender,Male,1.10745616239789,1.04570735328723,1.16920497150856,1
2018,06,47766,all,All,1.19211527658692,1.13989092522847,1.24433962794537,1
2018,06,47766,gender,Female,1.18856498636384,1.13405462804829,1.24307534467938,1
2018,06,47766,gender,Male,1.17888155336899,1.12115417677177,1.23660892996622,1
2018,06,48256,all,All,1.08883062544919,1.05714156777549,1.12051968312288,1
2018,06,48256,gender,Female,1.13610188404,1.10244035643588,1.16976341164413,1
2018,06,48256,gender,Male,1.03999834282069,1.0055626112563,1.07443407438507,1
2018,06,48354,all,All,1.11550677259302,1.06601623226102,1.16499731292503,1
2018,06,48354,gender,Female,1.17506448062926,1.12448857330538,1.22564038795314,1
2018,06,48354,gender,Male,1.04533476344753,0.993214914061183,1.09745461283388,1
2018,06,49270,all,All,0.973699836098716,0.945725783130931,1.0016738890665,1
2018,06,49270,gender,Female,1.01982080911018,0.990210819737789,1.04943079848257,1
2018,06,49270,gender,Male,0.914678324818975,0.884179039186357,0.945177610451594,1
2018,06,49670,all,All,0.910815028255627,0.84966315410447,0.971966902406785,1
2018,06,49670,gender,Female,0.958463406772455,0.891662404830418,1.02526440871449,1
2018,06,49670,gender,Male,0.86555983389135,0.800755356812248,0.930364310970452,1
2018,06,50076,all,All,0.936347308719721,0.901989783981733,0.970704833457709,1
2018,06,50076,gender,Female,0.967201511677009,0.931167552506249,1.00323547084777,1
2018,06,50076,gender,Male,0.895283904787061,0.857486609036916,0.933081200537206,1
2018,06,50258,all,All,0.981524223954595,0.943197241737277,1.01985120617191,1
2018,06,50258,gender,Female,1.07826522488912,1.03738166394002,1.11914878583823,1
2018,06,50258,gender,Male,0.888585812341036,0.847102609840298,0.930069014841774,1
2018,06,51182,all,All,,,,
2018,06,51182,gender,Female,,,,
2018,06,51182,gender,Male,,,,
2018,06,52526,all,All,0.837958339123812,0.799888158170538,0.876028520077087,1
2018,06,52526,gender,Female,0.915840060233541,0.874940064668764,0.956740055798318,1
2018,06,52526,gender,Male,0.76471139874528,0.723774274435168,0.805648523055391,1
2018,06,53000,all,All,1.22896890297112,1.19635670230015,1.26158110364208,1
2018,06,53000,gender,Female,1.24654740128354,1.21181113158359,1.2812836709835,1
2018,06,53000,gender,Male,1.22084765052592,1.18550174298299,1.25619355806885,1
2018,06,53322,all,All,1.14963909631318,1.11164035211899,1.18763784050736,1
2018,06,53322,gender,Female,1.18991627553194,1.15011505096356,1.22971750010033,1
2018,06,53322,gender,Male,1.10602976872662,1.0641646919113,1.14789484554195,1
2018,06,53896,all,All,1.22348762305005,1.18828046185713,1.25869478424297,1
2018,06,53896,gender,Female,1.30172191302073,1.26517199058461,1.33827183545685,1
2018,06,53896,gender,Male,1.12954894518074,1.09043791865824,1.16865997170325,1
2018,06,53980,all,All,0.950820893865372,0.920170819720701,0.981470968010043,1
2018,06,53980,gender,Female,0.995979482448896,0.963734465101188,1.0282244997966,1
2018,06,53980,gender,Male,0.896883943430284,0.863267215433626,0.930500671426943,1
2018,06,54652,all,All,1.20967025302621,1.16510477949994,1.25423572655248,1
2018,06,54652,gender,Female,1.24051215296539,1.19342523465564,1.28759907127513,1
2018,06,54652,gender,Male,1.17818719814652,1.12952132020211,1.22685307609093,1
2018,06,55156,all,All,1.06855647469062,1.03291173075642,1.10420121862483,1
2018,06,55156,gender,Female,1.12342721374423,1.08629704494329,1.16055738254516,1
2018,06,55156,gender,Male,1.01420217622123,0.974748337610531,1.05365601483192,1
2018,06,56000,all,All,0.837725863918758,0.799709372418654,0.875742355418863,1
2018,06,56000,gender,Female,0.825635960280557,0.784937221962794,0.86633469859832,1
2018,06,56000,gender,Male,0.842127292020495,0.801117118744679,0.883137465296311,1
2018,06,56700,all,All,0.822530535325618,0.781780267554339,0.863280803096896,1
2018,06,56700,gender,Female,0.847542972725649,0.804405262348099,0.8906806831032,1
2018,06,56700,gender,Male,0.802262745435294,0.757836894285648,0.846688596584939,1
2018,06,57456,all,All,0.949862120714786,0.900091405496526,0.999632835933046,1
2018,06,57456,gender,Female,1.05034419408066,0.999163693957862,1.10152469420346,1
2018,06,57456,gender,Male,0.842907162065728,0.787030042005067,0.898784282126389,1
2018,06,57792,all,All,0.920459065458717,0.879289247319854,0.96162888359758,1
2018,06,57792,gender,Female,0.960498322150084,0.9158595411069,1.00513710319327,1
2018,06,57792,gender,Male,0.870554291712697,0.826644288366282,0.914464295059113,1
2018,06,58072,all,All,1.02575605858479,0.992889373425095,1.05862274374449,1
2018,06,58072,gender,Female,1.09504501285888,1.060316595559,1.12977343015877,1
2018,06,58072,gender,Male,0.95032733551292,0.914431299317885,0.986223371707955,1
2018,06,59444,all,All,1.03570951749892,0.998621298259207,1.07279773673864,1
2018,06,59444,gender,Female,1.0799827167085,1.04049401466437,1.11947141875264,1
2018,06,59444,gender,Male,0.984788872311062,0.944575210942412,1.02500253367971,1
2018,06,59451,all,All,1.13852213166958,1.06677154440831,1.21027271893084,1
2018,06,59451,gender,Female,1.09472627808404,1.01788047451488,1.17157208165319,1
2018,06,59451,gender,Male,1.15953219783182,1.08221852057633,1.23684587508732,1
2018,06,59920,all,All,1.03447381291457,0.941157992621388,1.12778963320776,1
2018,06,59920,gender,Female,1.12895313257904,1.0309985554048,1.22690770975327,1
2018,06,59920,gender,Male,0.943611911574193,0.841628581297865,1.04559524185052,1
2018,06,60102,all,All,1.2639310916147,1.21383278491824,1.31402939831116,1
2018,06,60102,gender,Female,1.27553693988539,1.22279039755787,1.32828348221291,1
2018,06,60102,gender,Male,1.24513842677468,1.19023457801521,1.30004227553416,1
2018,06,60466,all,All,0.828021722203042,0.797097082965878,0.858946361440205,1
2018,06,60466,gender,Female,0.875513312708689,0.842917364383422,0.908109261033955,1
2018,06,60466,gender,Male,0.774865780492439,0.741012477393617,0.80871908359126,1
2018,06,60620,all,All,0.959029391294629,0.930281212484376,0.987777570104882,1
2018,06,60620,gender,Female,0.985279305679352,0.9551290872256,1.0154295241331,1
2018,06,60620,gender,Male,0.92831679139763,0.896691121211311,0.959942461583949,1
2018,06,62000,all,All,1.01469012545223,0.987464473798895,1.04191577710556,1
2018,06,62000,gender,Female,1.07280283552983,1.04418006105368,1.10142561000598,1
2018,06,62000,gender,Male,0.952820848961587,0.922942443295997,0.982699254627178,1
2018,06,62938,all,All,0.935129806005491,0.890958805473845,0.979300806537138,1
2018,06,62938,gender,Female,0.927822335793497,0.88080351160622,0.974841159980775,1
2018,06,62938,gender,Male,0.927840704925277,0.879931997368369,0.975749412482184,1
2018,06,64000,all,All,1.14277716014923,1.10993376756092,1.17562055273754,1
2018,06,64000,gender,Female,1.18079281680111,1.14552063356232,1.2160650000399,1
2018,06,64000,gender,Male,1.13231140999701,1.09493685984257,1.16968596015145,1
2018,06,64224,all,All,1.30397729772232,1.25329932476721,1.35465527067743,1
2018,06,64224,gender,Female,1.33349946426988,1.28005949803306,1.3869394305067,1
2018,06,64224,gender,Male,1.26418205847326,1.20870474987647,1.31965936707006,1
2018,06,65000,all,All,1.23616396221815,1.21402082212565,1.25830710231065,1
2018,06,65000,gender,Female,1.24089248376647,1.21776407044856,1.26402089708437,1
2018,06,65000,gender,Male,1.24794639655659,1.2234855527941,1.27240724031908,1
2018,06,65042,all,All,0.991958415799969,0.953607887142326,1.03030894445761,1
2018,06,65042,gender,Female,0.972665236935003,0.931889113254805,1.0134413606152,1
2018,06,65042,gender,Male,0.993608121800751,0.951970642457137,1.03524560114437,1
2018,06,66000,all,All,0.878570122049844,0.859004326870698,0.898135917228991,1
2018,06,66000,gender,Female,0.924754877009225,0.903839245147031,0.945670508871418,1
2018,06,66000,gender,Male,0.831208528256241,0.810212425796001,0.852204630716481,1
2018,06,67000,all,All,0.977146627464918,0.95504556089017,0.999247694039666,1
2018,06,67000,gender,Female,1.03258100573982,1.00938682102746,1.05577519045218,1
2018,06,67000,gender,Male,0.922830042042159,0.898532084973073,0.947127999111244,1
2018,06,68000,all,All,1.05596902650523,1.01272527888336,1.09921277412711,1
2018,06,68000,gender,Female,1.05806130687884,1.01245236377189,1.10367024998579,1
2018,06,68000,gender,Male,1.05157306327271,1.00449105162457,1.09865507492086,1
2018,06,68084,all,All,0.983482460704047,0.92774334119951,1.03922158020858,1
2018,06,68084,gender,Female,1.01447612953929,0.955448488146191,1.07350377093238,1
2018,06,68084,gender,Male,0.91697450849398,0.856216169872805,0.977732847115155,1
2018,06,68196,all,All,1.00682879837743,0.9725938257655,1.04106377098937,1
2018,06,68196,gender,Female,1.00246829840932,0.967227708884228,1.03770888793442,1
2018,06,68196,gender,Male,1.01110554304608,0.972710083485693,1.04950100260647,1
2018,06,68252,all,All,,,,
2018,06,68252,gender,Female,,,,
2018,06,68252,gender,Male,,,,
2018,06,68378,all,All,,,,
2018,06,68378,gender,Female,,,,
2018,06,68378,gender,Male,,,,
2018,06,69000,all,All,1.01249894482138,0.991000420150793,1.03399746949196,1
2018,06,69000,gender,Female,1.07602933758661,1.05364185940259,1.09841681577064,1
2018,06,69000,gender,Male,0.949303714995104,0.925483187332891,0.973124242657317,1
2018,06,69070,all,All,1.27445010180948,1.1949450407894,1.35395516282957,1
2018,06,69070,gender,Female,1.29487026082949,1.21908590446002,1.37065461719896,1
2018,06,69070,gender,Male,1.27666136711738,1.19644554288796,1.3568771913468,1
2018,06,69084,all,All,0.952434988729514,0.910415398367118,0.99445457909191,1
2018,06,69084,gender,Female,0.964543015182436,0.920535450534805,1.00855057983007,1
2018,06,69084,gender,Male,0.936804254009435,0.890512546579467,0.983095961439402,1
2018,06,69088,all,All,0.913343036874525,0.880394709126806,0.946291364622244,1
2018,06,69088,gender,Female,0.869535980346098,0.834100252551079,0.904971708141118,1
2018,06,69088,gender,Male,0.94069362025196,0.905297604031747,0.976089636472173,1
2018,06,69196,all,All,1.22808878327458,1.18745875989157,1.26871880665759,1
2018,06,69196,gender,Female,1.24069438768769,1.20488400046751,1.27650477490786,1
2018,06,69196,gender,Male,1.21689496322201,1.17978598179215,1.25400394465188,1
2018,06,70000,all,All,0.81480936294855,0.763406364616281,0.866212361280818,1
2018,06,70000,gender,Female,0.89038744930366,0.836769506298917,0.944005392308403,1
2018,06,70000,gender,Male,0.744495460254424,0.687635194647015,0.801355725861833,1
2018,06,70098,all,All,0.937018851545855,0.838058855822128,1.03597884726958,1
2018,06,70098,gender,Female,1.11949689600101,0.994197961124805,1.24479583087722,1
2018,06,70098,gender,Male,0.914604794359005,0.804793855053319,1.02441573366469,1
2018,06,72016,all,All,0.799504292321328,0.759047234875726,0.83996134976693,1
2018,06,72016,gender,Female,0.870449693398438,0.828359015735781,0.912540371061095,1
2018,06,72016,gender,Male,0.712393520480364,0.667523818478905,0.757263222481823,1
2018,06,73080,all,All,,,,
2018,06,73080,gender,Female,,,,
2018,06,73080,gender,Male,,,,
2018,06,75000,all,All,1.27264133922726,1.2429538540711,1.30232882438342,1
2018,06,75000,gender,Female,1.30761640406447,1.27617683813742,1.33905596999152,1
2018,06,75000,gender,Male,1.25063592973514,1.21828610752334,1.28298575194693,1
2018,06,77000,all,All,0.926922946904279,0.829029413541969,1.02481648026659,1
2018,06,77000,gender,Female,0.942103447455791,0.838695913823064,1.04551098108852,1
2018,06,77000,gender,Male,0.8895929732684,0.782657987533383,0.996527959003416,1
2018,06,78120,all,All,0.905521229565624,0.879121915596349,0.931920543534899,1
2018,06,78120,gender,Female,0.949087135563002,0.909918887505342,0.988255383620662,1
2018,06,78120,gender,Male,0.825242018998672,0.796387072612769,0.854096965384575,1
2018,06,78582,all,All,0.914405915561242,0.876990236366939,0.951821594755545,1
2018,06,78582,gender,Female,0.987393212161078,0.946906004215951,1.0278804201062,1
2018,06,78582,gender,Male,0.853691558437354,0.813700595844714,0.893682521029995,1
2018,06,80000,all,All,0.896553887911783,0.862091781903131,0.931015993920435,1
2018,06,80000,gender,Female,0.908275083465768,0.87186830750277,0.944681859428766,1
2018,06,80000,gender,Male,0.877115586914456,0.839472464426182,0.91475870940273,1
2018,06,80238,all,All,1.04256844917755,0.980479050356267,1.10465784799883,1
2018,06,80238,gender,Female,1.07112470546983,1.00495713296507,1.13729227797459,1
2018,06,80238,gender,Male,1.01070448498713,0.94212567568669,1.07928329428757,1
2018,06,80854,all,All,0.964424159812064,0.930926736973879,0.997921582650249,1
2018,06,80854,gender,Female,0.943323029313409,0.908605079586387,0.978040979040432,1
2018,06,80854,gender,Male,0.982578806418027,0.945282982900008,1.01987462993605,1
2018,06,81344,all,All,1.00568382204231,0.957029606787197,1.05433803729743,1
2018,06,81344,gender,Female,1.04500736700944,0.993353978940189,1.09666075507869,1
2018,06,81344,gender,Male,0.960256374328057,0.907360743635686,1.01315200502043,1
2018,06,81554,all,All,0.949923255682378,0.903201614652689,0.996644896712067,1
2018,06,81554,gender,Female,0.986028801552031,0.936729392716914,1.03532821038715,1
2018,06,81554,gender,Male,0.927320192727886,0.8762277378167,0.978412647639072,1
2018,06,81666,all,All,0.99397415575178,0.95052505085229,1.03742326065127,1
2018,06,81666,gender,Female,1.00601319483317,0.958995262831572,1.05303112683476,1
2018,06,81666,gender,Male,1.0088662022632,0.962445864512177,1.05528654001422,1
2018,06,82590,all,All,1.02713605610885,0.99356242246423,1.06070968975348,1
2018,06,82590,gender,Female,1.08449864647119,1.0489692880996,1.12002800484278,1
2018,06,82590,gender,Male,0.944946093775322,0.90833255665433,0.981559630896315,1
2018,06,82954,all,All,1.2576809307417,1.22815957148642,1.28720228999698,1
2018,06,82954,gender,Female,1.27970495894197,1.24836663392819,1.31104328395575,1
2018,06,82954,gender,Male,1.24474386521422,1.21264571876539,1.27684201166306,1
2018,06,82996,all,All,1.01937432436976,0.985624533160518,1.05312411557901,1
2018,06,82996,gender,Female,1.0755054005427,1.03914837924438,1.11186242184101,1
2018,06,82996,gender,Male,0.962838205797537,0.926634446914985,0.999041964680089,1
2018,06,84200,all,All,0.948797505050549,0.897183562844064,1.00041144725703,1
2018,06,84200,gender,Female,0.944949410641994,0.891335405620151,0.998563415663836,1
2018,06,84200,gender,Male,0.93495825513157,0.877622171590694,0.992294338672446,1
2018,06,84550,all,All,1.00005808284258,0.955881242664705,1.04423492302046,1
2018,06,84550,gender,Female,1.05234057108073,1.00508365109631,1.09959749106514,1
2018,06,84550,gender,Male,0.952038086259008,0.90433866329932,0.999737509218695,1
2018,06,85292,all,All,1.07045645195753,1.01024826689379,1.13066463702126,1
2018,06,85292,gender,Female,1.14270059327756,1.07897783898504,1.20642334757008,1
2018,06,85292,gender,Male,1.01133989390934,0.945693854494663,1.07698593332401,1
2018,08,03455,all,All,,,,
2018,08,03455,gender,Female,,,,
2018,08,03455,gender,Male,,,,
2018,08,04000,all,All,1.10286037730476,1.04466723427892,1.16105352033061,1
2018,08,04000,gender,Female,1.21027161043539,1.14840631066831,1.27213691020247,1
2018,08,04000,gender,Male,1.00955860055966,0.946374077422838,1.07274312369648,1
2018,08,07850,all,All,,,,
2018,08,07850,gender,Female,,,,
2018,08,07850,gender,Male,,,,
2018,08,12815,all,All,,,,
2018,08,12815,gender,Female,,,,
2018,08,12815,gender,Male,,,,
2018,08,16000,all,All,0.747383878575974,0.608603439440051,0.886164317711897,1
2018,08,16000,gender,Female,0.823468545810605,0.676553086741966,0.970384004879245,1
2018,08,16000,gender,Male,0.679903366480929,0.528554976338994,0.831251756622864,1
2018,08,20000,all,All,1.10577698127743,1.06076255844689,1.15079140410796,1
2018,08,20000,gender,Female,1.19705985730696,1.14971140241888,1.24440831219504,1
2018,08,20000,gender,Male,1.03249728516963,0.983119418065036,1.08187515227422,1
2018,08,27425,all,All,1.02979501791657,0.961270312426944,1.0983197234062,1
2018,08,27425,gender,Female,1.08811445504792,1.01556173828941,1.16066717180642,1
2018,08,27425,gender,Male,0.973678108167705,0.898988637411806,1.0483675789236,1
2018,08,32155,all,All,0.831377639169388,0.754679929440038,0.908075348898738,1
2018,08,32155,gender,Female,0.974300568176769,0.893187221914046,1.05541391443949,1
2018,08,32155,gender,Male,0.704554007828665,0.620859932667532,0.788248082989798,1
2018,08,43000,all,All,,,,
2018,08,43000,gender,Female,,,,
2018,08,43000,gender,Male,,,,
2018,08,45970,all,All,0.635395884098841,0.567704381456255,0.703087386741427,1
2018,08,45970,gender,Female,0.475470039637128,0.332803123217,0.618136956057256,1
2018,08,45970,gender,Male,0.553819646988096,0.479715538449724,0.627923755526467,1
2018,08,46465,all,All,,,,
2018,08,46465,gender,Female,,,,
2018,08,46465,gender,Male,,,,
2018,08,62000,all,All,0.862629694665597,0.76214949298356,0.963109896347634,1
2018,08,62000,gender,Female,0.978512667185646,0.870086917810932,1.08693841656036,1
2018,08,62000,gender,Male,0.76749990223036,0.659880964732471,0.875118839728249,1
2018,08,77290,all,All,1.18388086634984,1.12831667683822,1.23944505586146,1
2018,08,77290,gender,Female,1.26099424437218,1.20235268239493,1.31963580634942,1
2018,08,77290,gender,Male,1.1054133098794,1.04466275633548,1.16616386342332,1
2018,08,83835,all,All,0.852284048965446,0.738245216575593,0.966322881355298,1
2018,08,83835,gender,Female,0.847022207866073,0.725001238723011,0.969043177009134,1
2018,08,83835,gender,Male,0.871283406900588,0.74818688931719,0.994379924483985,1
2018,09,08000,all,All,1.20333287454065,1.16957579840254,1.23708995067877,1
2018,09,08000,gender,Female,1.22122920202299,1.18598715122969,1.25647125281628,1
2018,09,08000,gender,Male,1.15162087338612,1.11168366838962,1.19155807838262,1
2018,09,18430,all,All,0.704740208608715,0.655563222115884,0.753917195101546,1
2018,09,18430,gender,Female,0.792858706234749,0.741466185976203,0.844251226493295,1
2018,09,18430,gender,Male,0.614150265033679,0.559858644714677,0.668441885352681,1
2018,09,37000,all,All,0.968542486795986,0.918314603117515,1.01877037047446,1
2018,09,37000,gender,Female,1.00731984260509,0.955043754971178,1.059595930239,1
2018,09,37000,gender,Male,0.934726732341158,0.879039698584237,0.990413766098078,1
2018,09,52000,all,All,1.12561196960426,1.09044114519691,1.1607827940116,1
2018,09,52000,gender,Female,1.1326437464537,1.09605539309577,1.16923209981162,1
2018,09,52000,gender,Male,1.11943636670906,1.08042683941698,1.15844589400113,1
2018,09,55990,all,All,0.725994877335589,0.676451525840181,0.775538228830997,1
2018,09,55990,gender,Female,0.729789187987504,0.615090084645391,0.844488291329616,1
2018,09,55990,gender,Male,0.653418567910734,0.598515221712916,0.708321914108552,1
2018,09,73000,all,All,0.867573487673551,0.825328239389675,0.909818735957428,1
2018,09,73000,gender,Female,0.920201254475817,0.87586032068094,0.964542188270694,1
2018,09,73000,gender,Male,0.818219568959983,0.771770503053636,0.86466863486633,1
2018,09,80000,all,All,0.809766302395181,0.770766229201351,0.848766375589011,1
2018,09,80000,gender,Female,0.935288382151773,0.893397599315491,0.977179164988056,1
2018,09,80000,gender,Male,0.686946008860177,0.64500007112697,0.728891946593384,1
2018,11,50000,all,All,0.886802691897226,0.871198529825041,0.902406853969412,1
2018,11,50000,gender,Female,0.964958406785908,0.948566129392842,0.981350684178973,1
2018,11,50000,gender,Male,0.811747837659434,0.794609908631148,0.828885766687721,1
2018,12,07300,all,All,,,,
2018,12,07300,gender,Female,,,,
2018,12,07300,gender,Male,,,,
2018,12,07875,all,All,,,,
2018,12,07875,gender,Female,,,,
2018,12,07875,gender,Male,,,,
2018,12,10275,all,All,,,,
2018,12,10275,gender,Female,,,,
2018,12,10275,gender,Male,,,,
2018,12,12875,all,All,,,,
2018,12,12875,gender,Female,,,,
2018,12,12875,gender,Male,,,,
2018,12,14400,all,All,,,,
2018,12,14400,gender,Female,,,,
2018,12,14400,gender,Male,,,,
2018,12,16475,all,All,,,,
2018,12,16475,gender,Female,,,,
2018,12,16475,gender,Male,,,,
2018,12,16725,all,All,,,,
2018,12,16725,gender,Female,,,,
2018,12,16725,gender,Male,,,,
2018,12,17200,all,All,,,,
2018,12,17200,gender,Female,,,,
2018,12,17200,gender,Male,,,,
2018,12,17935,all,All,,,,
2018,12,17935,gender,Female,,,,
2018,12,17935,gender,Male,,,,
2018,12,24000,all,All,0.877110616041438,0.869489796607395,0.884731435475481,1
2018,12,24000,gender,Female,0.909013620463305,0.900938687661026,0.917088553265583,1
2018,12,24000,gender,Male,0.843724527845746,0.835423990193177,0.852025065498316,1
2018,12,24125,all,All,0.817737679894347,0.804563907991152,0.830911451797541,1
2018,12,24125,gender,Female,0.860856141169251,0.846796275463044,0.874916006875458,1
2018,12,24125,gender,Male,0.776608077947707,0.762356529430512,0.790859626464903,1
2018,12,25175,all,All,0.866792455202736,0.84317517972186,0.890409730683612,1
2018,12,25175,gender,Female,0.896587376637961,0.871863112706291,0.921311640569631,1
2018,12,25175,gender,Male,0.828428557643381,0.802400222646675,0.854456892640087,1
2018,12,30000,all,All,,,,
2018,12,30000,gender,Female,,,,
2018,12,30000,gender,Male,,,,
2018,12,32000,all,All,,,,
2018,12,32000,gender,Female,,,,
2018,12,32000,gender,Male,,,,
2018,12,32275,all,All,,,,
2018,12,32275,gender,Female,,,,
2018,12,32275,gender,Male,,,,
2018,12,35000,all,All,0.73781704854429,0.726624526440442,0.749009570648139,1
2018,12,35000,gender,Female,0.774532841808601,0.762701400282411,0.786364283334792,1
2018,12,35000,gender,Male,0.698749202945855,0.686530607335678,0.710967798556032,1
2018,12,36950,all,All,0.725339158755522,0.709518199749648,0.741160117761396,1
2018,12,36950,gender,Female,0.77951412470927,0.762801441327374,0.796226808091166,1
2018,12,36950,gender,Male,0.67464361295128,0.657361492134596,0.691925733767964,1
2018,12,38250,all,All,,,,
2018,12,38250,gender,Female,,,,
2018,12,38250,gender,Male,,,,
2018,12,39425,all,All,0.790372196724406,0.777679200806398,0.803065192642415,1
2018,12,39425,gender,Female,0.828689735975195,0.815017673924201,0.842361798026189,1
2018,12,39425,gender,Male,0.749772666936079,0.736155826116708,0.76338950775545,1
2018,12,43975,all,All,,,,
2018,12,43975,gender,Female,,,,
2018,12,43975,gender,Male,,,,
2018,12,45000,all,All,0.87827036042457,0.871591753643104,0.884948967206037,1
2018,12,45000,gender,Female,0.909800617319694,0.902762340983473,0.916838893655915,1
2018,12,45000,gender,Male,0.845087364312947,0.837774935460688,0.852399793165207,1
2018,12,45025,all,All,,,,
2018,12,45025,gender,Female,,,,
2018,12,45025,gender,Male,,,,
2018,12,45060,all,All,,,,
2018,12,45060,gender,Female,,,,
2018,12,45060,gender,Male,,,,
2018,12,45975,all,All,,,,
2018,12,45975,gender,Female,,,,
2018,12,45975,gender,Male,,,,
2018,12,49675,all,All,,,,
2018,12,49675,gender,Female,,,,
2018,12,49675,gender,Male,,,,
2018,12,53000,all,All,0.752474914268964,0.743533596555762,0.761416231982166,1
2018,12,53000,gender,Female,0.779247902112494,0.769689252480977,0.788806551744011,1
2018,12,53000,gender,Male,0.724585460334211,0.714926957774165,0.734243962894256,1
2018,12,54000,all,All,,,,
2018,12,54000,gender,Female,,,,
2018,12,54000,gender,Male,,,,
2018,12,54200,all,All,,,,
2018,12,54200,gender,Female,,,,
2018,12,54200,gender,Male,,,,
2018,12,55775,all,All,,,,
2018,12,55775,gender,Female,,,,
2018,12,55775,gender,Male,,,,
2018,12,57425,all,All,,,,
2018,12,57425,gender,Female,,,,
2018,12,57425,gender,Male,,,,
2018,12,58050,all,All,,,,
2018,12,58050,gender,Female,,,,
2018,12,58050,gender,Male,,,,
2018,12,58715,all,All,,,,
2018,12,58715,gender,Female,,,,
2018,12,58715,gender,Male,,,,
2018,12,63000,all,All,,,,
2018,12,63000,gender,Female,,,,
2018,12,63000,gender,Male,,,,
2018,12,69700,all,All,,,,
2018,12,69700,gender,Female,,,,
2018,12,69700,gender,Male,,,,
2018,12,70600,all,All,0.787254483761369,0.766181216000699,0.80832775152204,1
2018,12,70600,gender,Female,0.805380384696356,0.783096791478248,0.827663977914464,1
2018,12,70600,gender,Male,0.769859373583142,0.746862178895996,0.792856568270288,1
2018,12,71000,all,All,0.757503377573002,0.748753200413742,0.766253554732261,1
2018,12,71000,gender,Female,0.803808921175629,0.794559786081122,0.813058056270135,1
2018,12,71000,gender,Male,0.709404014090428,0.699851300688141,0.718956727492714,1
2018,12,76600,all,All,0.883359982548491,0.874297887634769,0.892422077462214,1
2018,12,76600,gender,Female,0.930524148437746,0.920959853422859,0.940088443452633,1
2018,12,76600,gender,Male,0.833899982192461,0.823991908607024,0.843808055777899,1
2018,13,03440,all,All,0.855273678343341,0.819758643179975,0.890788713506707,1
2018,13,03440,gender,Female,0.908442997366161,0.870239477099521,0.9466465176328,1
2018,13,03440,gender,Male,0.784853284165321,0.746694042031929,0.823012526298713,1
2018,13,04000,all,All,0.86769379610214,0.852995956289054,0.882391635915227,1
2018,13,04000,gender,Female,0.909357695331865,0.89379566433918,0.92491972632455,1
2018,13,04000,gender,Male,0.827694321455575,0.811673041323118,0.843715601588031,1
2018,13,04204,all,All,0.938504607567527,0.915633003324378,0.961376211810677,1
2018,13,04204,gender,Female,0.990947469699649,0.966606537297332,1.01528840210197,1
2018,13,04204,gender,Male,0.885713288749383,0.860904123472426,0.910522454026339,1
2018,13,19000,all,All,0.995991936219329,0.973546256201052,1.01843761623761,1
2018,13,19000,gender,Female,1.04139512618695,1.01766238902466,1.06512786334924,1
2018,13,19000,gender,Male,0.941616155757144,0.917115533506249,0.966116778008038,1
2018,13,42425,all,All,,,,
2018,13,42425,gender,Female,,,,
2018,13,42425,gender,Male,,,,
2018,13,49008,all,All,0.922840370068143,0.897290787401705,0.948389952734582,1
2018,13,49008,gender,Female,0.956048221266034,0.928689844207799,0.983406598324268,1
2018,13,49008,gender,Male,0.870475933451343,0.842916791729522,0.898035075173164,1
2018,13,67284,all,All,,,,
2018,13,67284,gender,Female,,,,
2018,13,67284,gender,Male,,,,
2018,13,68516,all,All,,,,
2018,13,68516,gender,Female,,,,
2018,13,68516,gender,Male,,,,
2018,13,69000,all,All,0.792156180961618,0.770885243294259,0.813427118628978,1
2018,13,69000,gender,Female,0.844779032615405,0.822337693049837,0.867220372180973,1
2018,13,69000,gender,Male,0.739381917292798,0.716117953315901,0.762645881269696,1
2018,13,72122,all,All,,,,
2018,13,72122,gender,Female,,,,
2018,13,72122,gender,Male,,,,
2018,13,80508,all,All,,,,
2018,13,80508,gender,Female,,,,
2018,13,80508,gender,Male,,,,
2018,15,71550,all,All,,,,
2018,15,71550,gender,Female,,,,
2018,15,71550,gender,Male,,,,
2018,16,08830,all,All,0.865718736659351,0.835091995643151,0.896345477675552,1
2018,16,08830,gender,Female,0.916227741504441,0.883315176386461,0.949140306622422,1
2018,16,08830,gender,Male,0.821990489525929,0.789064085441577,0.85491689361028,1
2018,16,52120,all,All,1.11133019892657,1.08624815453434,1.13641224331881,1
2018,16,52120,gender,Female,1.16780815895233,1.14116869984389,1.19444761806077,1
2018,16,52120,gender,Male,1.05439337442154,1.02713582755703,1.08165092128605,1
2018,16,56260,all,All,1.18888121058461,1.15004999524561,1.22771242592362,1
2018,16,56260,gender,Female,1.25399646221481,1.21123949580322,1.2967534286264,1
2018,16,56260,gender,Male,1.13915242111257,1.09827435864274,1.18003048358239,1
2018,17,02154,all,All,0.850536638555586,0.800226884953182,0.900846392157989,1
2018,17,02154,gender,Female,0.970509034191801,0.917366547889911,1.02365152049369,1
2018,17,02154,gender,Male,0.733065845002482,0.678106259517996,0.788025430486969,1
2018,17,03012,all,All,1.07237885965532,1.04386502106775,1.10089269824289,1
2018,17,03012,gender,Female,1.15319746650151,1.12304795121258,1.18334698179044,1
2018,17,03012,gender,Male,0.998004883917454,0.966886834287865,1.02912293354704,1
2018,17,06613,all,All,0.608137170353143,0.55275147327351,0.663522867432776,1
2018,17,06613,gender,Female,0.617969973722483,0.561314474579948,0.674625472865018,1
2018,17,06613,gender,Male,0.591431650589814,0.528893931959262,0.653969369220366,1
2018,17,12385,all,All,0.770629201886666,0.729447932303258,0.811810471470074,1
2018,17,12385,gender,Female,0.825842341408454,0.78195850460842,0.869726178208487,1
2018,17,12385,gender,Male,0.728857860797591,0.68424379003447,0.773471931560712,1
2018,17,14000,all,All,0.994272785210225,0.98631615809604,1.00222941232441,1
2018,17,14000,gender,Female,1.09442124598523,1.08600874679314,1.10283374517732,1
2018,17,14000,gender,Male,0.898798705824085,0.890114409571821,0.907483002076349,1
2018,17,14351,all,All,1.14272946448836,1.11307112906861,1.17238779990811,1
2018,17,14351,gender,Female,1.30133471982094,1.26995697529677,1.33271246434511,1
2018,17,14351,gender,Male,0.99679051863504,0.964434117871543,1.02914691939854,1
2018,17,23074,all,All,0.939889981386674,0.92003787480969,0.959742087963658,1
2018,17,23074,gender,Female,1.03634001518467,1.0153461679169,1.05733386245244,1
2018,17,23074,gender,Male,0.847673830384191,0.826010716405405,0.869336944362977,1
2018,17,24582,all,All,,,,
2018,17,24582,gender,Female,,,,
2018,17,24582,gender,Male,,,,
2018,17,38570,all,All,1.03109309547878,0.996264877548435,1.06592131340912,1
2018,17,38570,gender,Female,1.12901746348192,1.09168352555202,1.16635140141181,1
2018,17,38570,gender,Male,0.929887208636689,0.884482676828254,0.975291740445123,1
2018,17,51622,all,All,1.2071703939238,1.17635690971881,1.23798387812879,1
2018,17,51622,gender,Female,1.32584679523855,1.29342956120658,1.35826402927053,1
2018,17,51622,gender,Male,1.09968707774318,1.06589334061859,1.13348081486776,1
2018,17,59000,all,All,1.01252175261658,0.955158833403148,1.06988467183001,1
2018,17,59000,gender,Female,1.0880492389018,1.0377794803388,1.1383189974648,1
2018,17,59000,gender,Male,0.942300428130689,0.889187558579585,0.995413297681793,1
2018,17,65000,all,All,0.744109534490959,0.719843799999708,0.76837526898221,1
2018,17,65000,gender,Female,0.828357497564772,0.802929471558145,0.8537855235714,1
2018,17,65000,gender,Male,0.66421629480978,0.637499177391208,0.690933412228351,1
2018,17,68003,all,All,1.10276828186172,1.07509457986196,1.13044198386148,1
2018,17,68003,gender,Female,1.19421105357552,1.16532840007751,1.22309370707353,1
2018,17,68003,gender,Male,1.01440598983682,0.983813855881764,1.04499812379188,1
2018,17,72000,all,All,0.936596634081268,0.904404682617907,0.968788585544628,1
2018,17,72000,gender,Female,1.00533313740774,0.970236297298258,1.04042997751723,1
2018,17,72000,gender,Male,0.878847057685064,0.84467382098013,0.913020294389998,1
2018,17,79293,all,All,0.794262609459486,0.754230949352745,0.834294269566228,1
2018,17,79293,gender,Female,0.889329128288324,0.846757129219237,0.931901127357412,1
2018,17,79293,gender,Male,0.69341918220303,0.649967762026313,0.736870602379747,1
2018,18,05860,all,All,1.12820965220378,1.08981352964478,1.16660577476279,1
2018,18,05860,gender,Female,1.1892103099876,1.14743504790474,1.23098557207047,1
2018,18,05860,gender,Male,1.0771087708527,1.03627170377632,1.11794583792907,1
2018,18,10342,all,All,1.0379294680674,1.0079881056384,1.0678708304964,1
2018,18,10342,gender,Female,1.07684845186488,1.04540497067787,1.1082919330519,1
2018,18,10342,gender,Male,1.00393075018432,0.971032876716906,1.03682862365174,1
2018,18,22000,all,All,0.961998124461991,0.936003247691617,0.987993001232365,1
2018,18,22000,gender,Female,1.04963111880397,1.02226128840163,1.07700094920631,1
2018,18,22000,gender,Male,0.89207910756221,0.863587852887518,0.920570362236902,1
2018,18,23278,all,All,0.971522165443608,0.945277032228823,0.997767298658392,1
2018,18,23278,gender,Female,0.997546597560967,0.970014613535729,1.0250785815862,1
2018,18,23278,gender,Male,0.948687009993646,0.919822142138608,0.977551877848684,1
2018,18,25000,all,All,0.767662076571794,0.737295201163821,0.798028951979768,1
2018,18,25000,gender,Female,0.812065505727328,0.780079936118451,0.844051075336206,1
2018,18,25000,gender,Male,0.722897574635683,0.689632280013818,0.756162869257548,1
2018,18,31000,all,All,0.931146894750603,0.89749176069075,0.964802028810455,1
2018,18,31000,gender,Female,0.926030127298536,0.890859732313083,0.961200522283989,1
2018,18,31000,gender,Male,0.941950640168726,0.904790755480717,0.979110524856735,1
2018,18,36003,all,All,,,,
2018,18,36003,gender,Female,,,,
2018,18,36003,gender,Male,,,,
2018,18,71000,all,All,0.823546409529757,0.793719197487573,0.853373621571941,1
2018,18,71000,gender,Female,0.901719034688687,0.870450925986615,0.932987143390758,1
2018,18,71000,gender,Male,0.755180355020609,0.722352463859824,0.788008246181395,1
2018,19,12000,all,All,0.954041699397015,0.916438088014657,0.991645310779374,1
2018,19,12000,gender,Female,1.02394298712918,0.984161886870058,1.0637240873883,1
2018,19,12000,gender,Male,0.886229788923526,0.845215055943888,0.927244521903164,1
2018,19,19000,all,All,0.949060690499731,0.916757273367312,0.98136410763215,1
2018,19,19000,gender,Female,0.975011553855835,0.941705913010256,1.00831719470141,1
2018,19,19000,gender,Male,0.901596138113507,0.865424863964142,0.937767412262871,1
2018,19,21000,all,All,0.861640632134549,0.835917073415485,0.887364190853612,1
2018,19,21000,gender,Female,0.905173115207278,0.878044002448176,0.93230222796638,1
2018,19,21000,gender,Male,0.813030187151685,0.785061653901165,0.840998720402205,1
2018,19,73335,all,All,0.812826868363666,0.768678876671035,0.856974860056297,1
2018,19,73335,gender,Female,0.898643746039329,0.851386802967051,0.945900689111608,1
2018,19,73335,gender,Male,0.739850524220913,0.69222047633053,0.787480572111297,1
2018,20,36000,all,All,1.04745085574945,0.996773313890639,1.09812839760826,1
2018,20,36000,gender,Female,1.11650003960753,1.06294952322646,1.17005055598861,1
2018,20,36000,gender,Male,0.983048646011741,0.927748017989008,1.03834927403447,1
2018,20,38900,all,All,0.82305410279463,0.77029214660534,0.875816058983922,1
2018,20,38900,gender,Female,0.848806610245417,0.790682960822157,0.906930259668676,1
2018,20,38900,gender,Male,0.786372815753652,0.730840229294128,0.841905402213176,1
2018,20,52575,all,All,0.851346716831915,0.821239247897299,0.881454185766532,1
2018,20,52575,gender,Female,0.883408038180115,0.851658123454543,0.915157952905687,1
2018,20,52575,gender,Male,0.816564331077288,0.783620094150855,0.849508568003721,1
2018,20,53775,all,All,0.689001514834977,0.654038480272084,0.72396454939787,1
2018,20,53775,gender,Female,0.714858394884682,0.677825009873439,0.751891779895925,1
2018,20,53775,gender,Male,0.65932937071039,0.621235895401524,0.697422846019257,1
2018,20,71000,all,All,1.04475094103434,0.987864997033471,1.10163688503521,1
2018,20,71000,gender,Female,1.10782325555662,1.04894127877553,1.16670523233771,1
2018,20,71000,gender,Male,0.922987268223136,0.859577975698533,0.986396560747738,1
2018,20,79000,all,All,0.999805413397525,0.975486667804772,1.02412415899028,1
2018,20,79000,gender,Female,1.02827634023867,1.00263464709212,1.05391803338523,1
2018,20,79000,gender,Male,0.963273186787866,0.936659815562151,0.98988655801358,1
2018,21,46027,all,All,0.86668441928795,0.847381556857992,0.885987281717908,1
2018,21,46027,gender,Female,0.933344487907887,0.91255955192296,0.954129423892813,1
2018,21,46027,gender,Male,0.802746654459982,0.782031952848405,0.823461356071558,1
2018,21,48006,all,All,0.767778743484521,0.755055285221661,0.780502201747381,1
2018,21,48006,gender,Female,0.849879282006349,0.836527999310935,0.863230564701764,1
2018,21,48006,gender,Male,0.683093461073478,0.669104044850624,0.697082877296333,1
2018,22,05000,all,All,0.906277900603981,0.886958429721214,0.925597371486748,1
2018,22,05000,gender,Female,0.954016044231165,0.933631810980257,0.974400277482073,1
2018,22,05000,gender,Male,0.85255028992895,0.831421365161072,0.873679214696828,1
2018,22,40735,all,All,0.838203321934685,0.816239456431661,0.86016718743771,1
2018,22,40735,gender,Female,0.910268443179525,0.886608370013349,0.933928516345701,1
2018,22,40735,gender,Male,0.77468782201806,0.75112687649223,0.79824876754389,1
2018,22,41155,all,All,0.993419492422013,0.969916124512675,1.01692286033135,1
2018,22,41155,gender,Female,1.06388251622605,1.0393327031737,1.0884323292784,1
2018,22,41155,gender,Male,0.922589572193362,0.896628263674967,0.948550880711757,1
2018,22,55000,all,All,1.01227592059911,0.99401222262865,1.03053961856957,1
2018,22,55000,gender,Female,1.06926555979085,1.05007816231012,1.08845295727159,1
2018,22,55000,gender,Male,0.958511432239646,0.938440822817743,0.978582041661548,1
2018,22,70000,all,All,0.903308174835109,0.883745510557055,0.922870839113163,1
2018,22,70000,gender,Female,0.940642236476858,0.919920957332577,0.961363515621139,1
2018,22,70000,gender,Male,0.869115656755635,0.847799073611071,0.890432239900198,1
2018,24,04000,all,All,1.02615353412827,1.00558985336441,1.04671721489214,1
2018,24,04000,gender,Female,1.08980243824958,1.06804845387269,1.11155642262648,1
2018,24,04000,gender,Male,0.967613770408439,0.945181823279362,0.990045717537516,1
2018,24,30325,all,All,1.0724720619268,1.04518112189637,1.09976300195724,1
2018,24,30325,gender,Female,1.16779917383512,1.13926410847866,1.19633423919158,1
2018,24,30325,gender,Male,0.982236207249036,0.952121792046526,1.01235062245155,1
2018,25,07000,all,All,,,,
2018,25,07000,gender,Female,,,,
2018,25,07000,gender,Male,,,,
2018,25,09000,all,All,0.926602265249574,0.894626743630335,0.958577786868812,1
2018,25,09000,gender,Female,0.999345252836256,0.96546084752137,1.03322965815114,1
2018,25,09000,gender,Male,0.855493722731296,0.820670102820562,0.890317342642029,1
2018,25,11000,all,All,1.02182490309717,0.972495385600996,1.07115442059334,1
2018,25,11000,gender,Female,1.11876915766507,1.0690085023916,1.16852981293854,1
2018,25,11000,gender,Male,0.879432977471975,0.822845413962637,0.936020540981312,1
2018,25,23000,all,All,0.74563544766353,0.707632049916734,0.783638845410326,1
2018,25,23000,gender,Female,0.850837167468817,0.810262696238712,0.891411638698923,1
2018,25,23000,gender,Male,0.6461199721285,0.605021309195527,0.687218635061472,1
2018,25,34550,all,All,0.842117311830705,0.806380497519779,0.87785412614163,1
2018,25,34550,gender,Female,0.688296856394764,0.619483661007598,0.75711005178193,1
2018,25,34550,gender,Male,0.76318096318341,0.724715609738048,0.801646316628771,1
2018,25,37000,all,All,0.830807399512558,0.796485783064258,0.865129015960859,1
2018,25,37000,gender,Female,0.887225633348888,0.850036814008363,0.924414452689412,1
2018,25,37000,gender,Male,0.770595644937437,0.733954943718786,0.807236346156088,1
2018,25,37490,all,All,0.847042188568407,0.812407464821468,0.881676912315346,1
2018,25,37490,gender,Female,0.958836714642162,0.921996981217651,0.995676448066674,1
2018,25,37490,gender,Male,0.733396013184336,0.695796905194816,0.770995121173856,1
2018,25,45000,all,All,0.572559658156,0.537626356331242,0.607492959980757,1
2018,25,45000,gender,Female,0.671999762870657,0.634984506950886,0.709015018790428,1
2018,25,45000,gender,Male,0.478765875076829,0.440700553978203,0.516831196175455,1
2018,25,45560,all,All,,,,
2018,25,45560,gender,Female,,,,
2018,25,45560,gender,Male,,,,
2018,25,55745,all,All,1.03216205783935,0.987250207916685,1.07707390776202,1
2018,25,55745,gender,Female,1.10108122440591,1.05371151589482,1.148450932917,1
2018,25,55745,gender,Male,0.958237995079701,0.909092827854023,1.00738316230538,1
2018,25,62535,all,All,0.906850166718483,0.833343045603258,0.980357287833708,1
2018,25,62535,gender,Female,1.02803554751012,0.949275956123622,1.10679513889662,1
2018,25,62535,gender,Male,0.780779375786317,0.70153481354434,0.860023938028294,1
2018,25,67000,all,All,0.678399787671769,0.652422448747809,0.704377126595728,1
2018,25,67000,gender,Female,0.780036416067821,0.752551849296256,0.807520982839387,1
2018,25,67000,gender,Male,0.586105758946341,0.557764055365674,0.614447462527008,1
2018,25,82000,all,All,0.903400679596869,0.874459181921848,0.93234217727189,1
2018,25,82000,gender,Female,0.935795808341936,0.905422604205608,0.966169012478264,1
2018,25,82000,gender,Male,0.856567506513016,0.824738670964488,0.888396342061543,1
2018,26,03000,all,All,1.15943393392189,1.13035257079446,1.18851529704931,1
2018,26,03000,gender,Female,1.16827200126814,1.13711803051438,1.1994259720219,1
2018,26,03000,gender,Male,1.14927131654998,1.11791666483025,1.18062596826971,1
2018,26,21000,all,All,1.01800498627865,0.992705956586611,1.04330401597069,1
2018,26,21000,gender,Female,1.04681365305056,1.01998389401598,1.07364341208513,1
2018,26,21000,gender,Male,0.988723985473688,0.961190905658725,1.01625706528865,1
2018,26,22000,all,All,1.12733260536594,1.11412254186739,1.14054266886449,1
2018,26,22000,gender,Female,1.14673051029007,1.13276270500111,1.16069831557903,1
2018,26,22000,gender,Male,1.10564869492926,1.09123160979562,1.12006578006291,1
2018,26,27440,all,All,,,,
2018,26,27440,gender,Female,,,,
2018,26,27440,gender,Male,,,,
2018,26,29000,all,All,0.898553744735938,0.822659328860755,0.97444816061112,1
2018,26,29000,gender,Female,0.930365224252379,0.848314408152075,1.01241604035268,1
2018,26,29000,gender,Male,0.847701429904729,0.766574656184494,0.928828203624964,1
2018,26,34000,all,All,1.01543685085595,0.970630223855682,1.06024347785622,1
2018,26,34000,gender,Female,1.06936055315745,1.02190943599176,1.11681167032314,1
2018,26,34000,gender,Male,0.963168023292101,0.914327185729585,1.01200886085462,1
2018,26,46000,all,All,0.762598084501639,0.711659055917305,0.813537113085973,1
2018,26,46000,gender,Female,0.748775483143119,0.694605518297248,0.802945447988989,1
2018,26,46000,gender,Male,0.786626668185521,0.731333682026789,0.841919654344254,1
2018,26,49000,all,All,1.05534952438936,1.01511309275654,1.09558595602217,1
2018,26,49000,gender,Female,1.07614454033288,1.03309544142711,1.11919363923865,1
2018,26,49000,gender,Male,1.0290632372332,0.985637409334851,1.07248906513155,1
2018,26,69035,all,All,,,,
2018,26,69035,gender,Female,,,,
2018,26,69035,gender,Male,,,,
2018,26,74900,all,All,1.00132185766005,0.964919995917431,1.03772371940266,1
2018,26,74900,gender,Female,1.01618090990507,0.97795580449427,1.05440601531586,1
2018,26,74900,gender,Male,0.971685643429949,0.931688859129383,1.01168242773052,1
2018,26,76460,all,All,1.1871362101283,1.16343024394569,1.21084217631091,1
2018,26,76460,gender,Female,1.20491540401189,1.1799770152616,1.22985379276219,1
2018,26,76460,gender,Male,1.16265772474997,1.1366576517193,1.18865779778063,1
2018,26,80700,all,All,1.00232410250953,0.967966976667544,1.03668122835152,1
2018,26,80700,gender,Female,0.971659455902469,0.935926497572249,1.00739241423269,1
2018,26,80700,gender,Male,1.02743089280361,0.989314815098342,1.06554697050887,1
2018,26,84000,all,All,1.13316360124521,1.08724123320689,1.17908596928353,1
2018,26,84000,gender,Female,1.14589804345873,1.09755259901986,1.19424348789759,1
2018,26,84000,gender,Male,1.11040056188151,1.06008311699465,1.16071800676836,1
2018,26,86000,all,All,0.970713911436109,0.936411584777467,1.00501623809475,1
2018,26,86000,gender,Female,0.969491824148386,0.933005710804089,1.00597793749268,1
2018,26,86000,gender,Male,0.957819846465449,0.920591655541752,0.995048037389147,1
2018,26,88940,all,All,0.958504207004461,0.894955508381195,1.02205290562773,1
2018,26,88940,gender,Female,0.989598302357139,0.921283058768247,1.05791354594603,1
2018,26,88940,gender,Male,0.923649889094066,0.855342693595118,0.991957084593013,1
2018,27,06616,all,All,0.750757761995453,0.713493181843237,0.788022342147668,1
2018,27,06616,gender,Female,0.777970257565505,0.739163935685511,0.8167765794455,1
2018,27,06616,gender,Male,0.728260608654198,0.686973188363493,0.769548028944903,1
2018,27,07966,all,All,,,,
2018,27,07966,gender,Female,,,,
2018,27,07966,gender,Male,,,,
2018,27,17000,all,All,0.959269957585313,0.920127886048096,0.99841202912253,1
2018,27,17000,gender,Female,0.966788953226576,0.924990777983201,1.00858712846995,1
2018,27,17000,gender,Male,0.947666762718114,0.905341031238116,0.989992494198113,1
2018,27,43000,all,All,1.00922947592124,0.990669836707299,1.02778911513518,1
2018,27,43000,gender,Female,1.03233459471323,1.01271508601607,1.0519541034104,1
2018,27,43000,gender,Male,0.991265026573177,0.971002794813462,1.01152725833289,1
2018,27,51730,all,All,,,,
2018,27,51730,gender,Female,,,,
2018,27,51730,gender,Male,,,,
2018,27,54880,all,All,0.79721216904507,0.767468362017324,0.826955976072816,1
2018,27,54880,gender,Female,0.837416635928771,0.805432195800234,0.869401076057309,1
2018,27,54880,gender,Male,0.749188668141392,0.717232024899208,0.781145311383576,1
2018,27,58000,all,All,,,,
2018,27,58000,gender,Female,,,,
2018,27,58000,gender,Male,,,,
2018,27,71428,all,All,,,,
2018,27,71428,gender,Female,,,,
2018,27,71428,gender,Male,,,,
2018,28,36000,all,All,0.772192084746363,0.748394095039804,0.795990074452922,1
2018,28,36000,gender,Female,0.805451582475222,0.780138508165183,0.830764656785261,1
2018,28,36000,gender,Male,0.742187440269817,0.716361085414122,0.768013795125511,1
2018,29,15670,all,All,0.994174654259791,0.964943428384771,1.02340588013481,1
2018,29,15670,gender,Female,0.972517422257252,0.941362814849671,1.00367202966483,1
2018,29,15670,gender,Male,1.0246326834367,0.992964806666024,1.05630056020738,1
2018,29,35000,all,All,0.902450556669344,0.864351045023577,0.940550068315112,1
2018,29,35000,gender,Female,0.92189931797898,0.881059461219793,0.962739174738167,1
2018,29,35000,gender,Male,0.883329765816618,0.84228201592465,0.924377515708586,1
2018,29,38000,all,All,0.956033740555098,0.923896098733614,0.988171382376582,1
2018,29,38000,gender,Female,0.981517623024125,0.947399082100373,1.01563616394788,1
2018,29,38000,gender,Male,0.929254972122365,0.89430358940958,0.964206354835151,1
2018,29,41348,all,All,0.975926320765011,0.946863263051653,1.00498937847837,1
2018,29,41348,gender,Female,0.963684745130535,0.932560638259591,0.994808852001479,1
2018,29,41348,gender,Male,0.983489216770822,0.952147227999202,1.01483120554244,1
2018,29,54074,all,All,1.16808091860778,1.13920192669906,1.19695991051649,1
2018,29,54074,gender,Female,1.15474073560946,1.12457605101269,1.18490542020622,1
2018,29,54074,gender,Male,1.17955138492108,1.14765221990564,1.21145054993652,1
2018,29,65000,all,All,,,,
2018,29,65000,gender,Female,,,,
2018,29,65000,gender,Male,,,,
2018,29,70000,all,All,1.07485828274865,1.05031783117375,1.09939873432355,1
2018,29,70000,gender,Female,1.09497904503638,1.06940849888466,1.1205495911881,1
2018,29,70000,gender,Male,1.04789750528922,1.0207225662005,1.07507244437795,1
2018,30,06550,all,All,0.72782550146797,0.618317279828703,0.837333723107236,1
2018,30,06550,gender,Female,0.744915375882273,0.653044894324892,0.836785857439653,1
2018,30,06550,gender,Male,0.604490411808081,0.531206299162703,0.677774524453459,1
2018,31,28000,all,All,0.842490892342793,0.822777025991266,0.86220475869432,1
2018,31,28000,gender,Female,0.892866702892906,0.871893336646688,0.913840069139125,1
2018,31,28000,gender,Male,0.779815072502475,0.758425277669809,0.801204867335142,1
2018,31,37000,all,All,0.783700491419408,0.761412949242597,0.805988033596219,1
2018,31,37000,gender,Female,0.825919497127866,0.80241170958891,0.849427284666822,1
2018,31,37000,gender,Male,0.736552111208567,0.712171257762164,0.760932964654971,1
2018,32,31900,all,All,,,,
2018,32,31900,gender,Female,,,,
2018,32,31900,gender,Male,,,,
2018,32,40000,all,All,0.966626082202133,0.954366134230959,0.978886030173308,1
2018,32,40000,gender,Female,0.982330607902375,0.969336429016246,0.995324786788504,1
2018,32,40000,gender,Male,0.947850673115969,0.934500949113603,0.961200397118335,1
2018,32,51800,all,All,,,,
2018,32,51800,gender,Female,,,,
2018,32,51800,gender,Male,,,,
2018,32,60600,all,All,1.05619397943294,1.03951654878872,1.07287141007716,1
2018,32,60600,gender,Female,1.10956890602978,1.09185011133365,1.12728770072591,1
2018,32,60600,gender,Male,1.00460537344735,0.986487052184117,1.02272369471058,1
2018,32,68400,all,All,,,,
2018,32,68400,gender,Female,,,,
2018,32,68400,gender,Male,,,,
2018,33,45140,all,All,,,,
2018,33,45140,gender,Female,,,,
2018,33,45140,gender,Male,,,,
2018,33,50260,all,All,0.879112719237379,0.830634735157919,0.927590703316839,1
2018,33,50260,gender,Female,0.920614657908386,0.868413650923378,0.972815664893393,1
2018,33,50260,gender,Male,0.850573188224404,0.798551869485437,0.902594506963371,1
2018,34,13690,all,All,0.779897817532996,0.738866317875503,0.820929317190489,1
2018,34,13690,gender,Female,0.807649321333622,0.763313230387578,0.851985412279666,1
2018,34,13690,gender,Male,,,,
2018,34,21000,all,All,1.08760160836508,1.06040802639869,1.11479519033147,1
2018,34,21000,gender,Female,1.14440017923702,1.11526002637823,1.1735403320958,1
2018,34,21000,gender,Male,1.03198887101577,1.00267851556877,1.06129922646276,1
2018,34,36000,all,All,0.985059778191084,0.960533785395244,1.00958577098692,1
2018,34,36000,gender,Female,1.0699710078798,1.04401359128864,1.09592842447096,1
2018,34,36000,gender,Male,0.909467431645249,0.882678586876343,0.936256276414155,1
2018,34,51000,all,All,1.03042634421348,1.01156241987121,1.04929026855576,1
2018,34,51000,gender,Female,1.0729542947234,1.05303933365533,1.09286925579148,1
2018,34,51000,gender,Male,0.999098528348791,0.978454539133031,1.01974251756455,1
2018,34,57000,all,All,0.956291416394775,0.931321442300413,0.981261390489136,1
2018,34,57000,gender,Female,1.04180591654468,1.01533753284392,1.06827430024543,1
2018,34,57000,gender,Male,0.875484681416489,0.848297737045903,0.902671625787076,1
2018,34,74000,all,All,0.908805282272829,0.872853971790017,0.94475659275564,1
2018,34,74000,gender,Female,1.00886538005279,0.971353246059524,1.04637751404605,1
2018,34,74000,gender,Male,0.823930082914403,0.784118976646982,0.863741189181824,1
2018,35,02000,all,All,0.96122119583969,0.937715147672385,0.984727244006994,1
2018,35,02000,gender,Female,1.00567822245348,0.980903459366177,1.03045298554077,1
2018,35,02000,gender,Male,0.913421666929409,0.887688305235211,0.939155028623607,1
2018,35,39380,all,All,0.93832010121398,0.891642916036892,0.984997286391068,1
2018,35,39380,gender,Female,0.958807990213444,0.908971513197381,1.00864446722951,1
2018,35,39380,gender,Male,0.908288154853076,0.857810720644835,0.958765589061316,1
2018,35,63460,all,All,0.972216301051993,0.917274207631309,1.02715839447268,1
2018,35,63460,gender,Female,1.01872108063299,0.959606059952076,1.07783610131391,1
2018,35,63460,gender,Male,0.93274581518078,0.873746423922267,0.991745206439294,1
2018,35,70500,all,All,1.06415644796286,0.987780682776474,1.14053221314924,1
2018,35,70500,gender,Female,1.05289430781049,0.973285825301812,1.13250279031916,1
2018,35,70500,gender,Male,1.08341768664412,0.998864413522873,1.16797095976537,1
2018,36,01000,all,All,,,,
2018,36,01000,gender,Female,,,,
2018,36,01000,gender,Male,,,,
2018,36,11000,all,All,,,,
2018,36,11000,gender,Female,,,,
2018,36,11000,gender,Male,,,,
2018,36,50617,all,All,,,,
2018,36,50617,gender,Female,,,,
2018,36,50617,gender,Male,,,,
2018,36,51000,all,All,,,,
2018,36,51000,gender,Female,,,,
2018,36,51000,gender,Male,,,,
2018,36,63000,all,All,,,,
2018,36,63000,gender,Female,,,,
2018,36,63000,gender,Male,,,,
2018,36,73000,all,All,,,,
2018,36,73000,gender,Female,,,,
2018,36,73000,gender,Male,,,,
2018,36,84000,all,All,,,,
2018,36,84000,gender,Female,,,,
2018,36,84000,gender,Male,,,,
2018,37,02140,all,All,0.778850502949646,0.74973465871436,0.807966347184932,1
2018,37,02140,gender,Female,0.799962888139749,0.768955297731515,0.830970478547983,1
2018,37,02140,gender,Male,0.758557899195479,0.727005906259865,0.790109892131093,1
2018,37,10740,all,All,0.856576463928687,0.847133765583498,0.866019162273875,1
2018,37,10740,gender,Female,0.894239562844783,0.884283516632456,0.90419560905711,1
2018,37,10740,gender,Male,0.819228786355384,0.808895038319114,0.829562534391653,1
2018,37,12000,all,All,0.812496904924784,0.802806752193587,0.822187057655981,1
2018,37,12000,gender,Female,0.845345271235133,0.835145037865631,0.855545504604635,1
2018,37,12000,gender,Male,0.780051958077473,0.76943048048295,0.790673435671995,1
2018,37,14100,all,All,0.854096918592193,0.833404374055834,0.874789463128553,1
2018,37,14100,gender,Female,0.891509111421657,0.869267770285316,0.913750452557998,1
2018,37,14100,gender,Male,0.819386965186701,0.797145887023694,0.841628043349709,1
2018,37,19000,all,All,0.897022323547534,0.876857634543057,0.917187012552011,1
2018,37,19000,gender,Female,0.927308499328299,0.906100791596115,0.948516207060482,1
2018,37,19000,gender,Male,0.86859789160179,0.846476159089581,0.890719624113999,1
2018,37,22920,all,All,0.789118499036041,0.771485916725731,0.806751081346352,1
2018,37,22920,gender,Female,0.828053092152514,0.809360382764142,0.846745801540887,1
2018,37,22920,gender,Male,0.747757918846894,0.728561459013214,0.766954378680574,1
2018,37,25580,all,All,0.901097651507435,0.879701338193882,0.922493964820987,1
2018,37,25580,gender,Female,0.897802605918463,0.87482742781762,0.920777784019305,1
2018,37,25580,gender,Male,0.900408632707206,0.877390764457444,0.923426500956967,1
2018,37,28000,all,All,0.883815260792287,0.869800022971274,0.897830498613301,1
2018,37,28000,gender,Female,0.913703674424255,0.89897893149975,0.92842841734876,1
2018,37,28000,gender,Male,0.852246087238104,0.836854343086012,0.867637831390196,1
2018,37,28080,all,All,0.900500774780689,0.874994517661493,0.926007031899886,1
2018,37,28080,gender,Female,0.906394769017037,0.879124702762237,0.933664835271836,1
2018,37,28080,gender,Male,0.892179884269612,0.864631351345541,0.919728417193682,1
2018,37,31400,all,All,,,,
2018,37,31400,gender,Female,,,,
2018,37,31400,gender,Male,,,,
2018,37,55000,all,All,,,,
2018,37,55000,gender,Female,,,,
2018,37,55000,gender,Male,,,,
2018,37,74440,all,All,0.846803523960519,0.823359392821585,0.870247655099453,1
2018,37,74440,gender,Female,0.88456034695551,0.859426189840707,0.909694504070313,1
2018,37,74440,gender,Male,0.810453890306596,0.785195143713947,0.835712636899245,1
2018,37,75000,all,All,,,,
2018,37,75000,gender,Female,,,,
2018,37,75000,gender,Male,,,,
2018,38,25700,all,All,1.01425370893579,0.972887706860866,1.05561971101072,1
2018,38,25700,gender,Female,1.04570691806666,0.999842222740654,1.09157161339266,1
2018,38,25700,gender,Male,0.982190319385789,0.93887354488076,1.02550709389082,1
2018,39,01000,all,All,0.507801197031734,0.453119328158353,0.562483065905116,1
2018,39,01000,gender,Female,0.612430563278809,0.555781499880482,0.669079626677137,1
2018,39,01000,gender,Male,0.378683747375891,0.314765833074253,0.44260166167753,1
2018,39,15000,all,All,0.827682647397771,0.771458818035597,0.883906476759945,1
2018,39,15000,gender,Female,0.888249691097308,0.827988291679611,0.948511090515005,1
2018,39,15000,gender,Male,0.751573880747957,0.690627838927488,0.812519922568425,1
2018,39,16000,all,All,0.887359909296876,0.85930444536524,0.915415373228512,1
2018,39,16000,gender,Female,0.895580341645933,0.866077676129505,0.92508300716236,1
2018,39,16000,gender,Male,0.878609141588138,0.847827911707609,0.909390371468668,1
2018,39,18000,all,All,0.745782848183999,0.715706978773491,0.775858717594507,1
2018,39,18000,gender,Female,0.78773879267926,0.756368691494287,0.819108893864233,1
2018,39,18000,gender,Male,0.704503337894006,0.671230588315504,0.737776087472508,1
2018,39,21000,all,All,0.973217169008928,0.910386223734146,1.03604811428371,1
2018,39,21000,gender,Female,1.0673949844622,1.00467754883224,1.13011242009216,1
2018,39,21000,gender,Male,0.866549206377884,0.802412527061254,0.930685885694515,1
2018,39,61000,all,All,0.794238367441923,0.744668442883905,0.843808291999941,1
2018,39,61000,gender,Female,0.943585305532381,0.891390154221999,0.995780456842764,1
2018,39,61000,gender,Male,0.639913926819102,0.585596085409382,0.694231768228821,1
2018,39,77000,all,All,0.904936578769701,0.86419792401487,0.945675233524532,1
2018,39,77000,gender,Female,0.92960310379795,0.887480990694834,0.971725216901066,1
2018,39,77000,gender,Male,0.85716387736712,0.811769151210482,0.902558603523759,1
2018,40,09050,all,All,0.691466037363249,0.662149892235151,0.720782182491346,1
2018,40,09050,gender,Female,0.699686380688176,0.66892031935207,0.730452442024282,1
2018,40,09050,gender,Male,0.685970704995888,0.653740171076668,0.718201238915108,1
2018,40,23200,all,All,0.81887498913173,0.784857243873441,0.852892734390019,1
2018,40,23200,gender,Female,0.809182739187295,0.773064534801332,0.845300943573257,1
2018,40,23200,gender,Male,0.829207673100506,0.792244253424234,0.866171092776778,1
2018,40,41850,all,All,0.9120499096524,0.861124413170363,0.962975406134438,1
2018,40,41850,gender,Female,0.912474236695325,0.856833380459876,0.968115092930775,1
2018,40,41850,gender,Male,0.909864679780847,0.853874814982748,0.965854544578947,1
2018,40,52500,all,All,0.8218057858598,0.777823536231858,0.865788035487743,1
2018,40,52500,gender,Female,0.79827275831826,0.754859744894185,0.841685771742335,1
2018,40,52500,gender,Male,0.843461110392427,0.802862706385847,0.884059514399007,1
2018,40,55000,all,All,0.942530672074481,0.913048524859599,0.972012819289362,1
2018,40,55000,gender,Female,0.941720395915404,0.911790700290279,0.971650091540528,1
2018,40,55000,gender,Male,0.936369295072256,0.90620952201714,0.966529068127372,1
2018,40,75000,all,All,0.959739553372884,0.932362405624102,0.987116701121666,1
2018,40,75000,gender,Female,0.977756029866577,0.950175451601019,1.00533660813214,1
2018,40,75000,gender,Male,0.935829810686328,0.907497505947697,0.96416211542496,1
2018,41,05350,all,All,0.908701969995721,0.882899147628274,0.934504792363169,1
2018,41,05350,gender,Female,0.931965298872408,0.905096611315012,0.958833986429804,1
2018,41,05350,gender,Male,0.887601586676233,0.85900731811526,0.916195855237205,1
2018,41,05800,all,All,0.856587766117742,0.767773326667542,0.945402205567942,1
2018,41,05800,gender,Female,0.886323090275205,0.790227791323118,0.982418389227292,1
2018,41,05800,gender,Male,0.825554556559028,0.730652315990132,0.920456797127924,1
2018,41,23850,all,All,1.05328550772376,0.98311789306275,1.12345312238476,1
2018,41,23850,gender,Female,1.01978411246017,0.920502268839245,1.11906595608109,1
2018,41,23850,gender,Male,0.975154665911224,0.895355178843437,1.05495415297901,1
2018,41,31250,all,All,1.16649859700466,1.11752871057131,1.21546848343802,1
2018,41,31250,gender,Female,1.24548336905984,1.19299210125242,1.29797463686725,1
2018,41,31250,gender,Male,1.08146953126889,1.02867873705484,1.13426032548294,1
2018,41,34100,all,All,0.891777476203228,0.855409004223939,0.928145948182516,1
2018,41,34100,gender,Female,0.960489411288635,0.921751017882914,0.999227804694357,1
2018,41,34100,gender,Male,0.818113132955701,0.778674828409632,0.857551437501771,1
2018,41,47000,all,All,1.22333775524012,1.17883276655639,1.26784274392385,1
2018,41,47000,gender,Female,1.18302470899894,1.13598046273634,1.23006895526155,1
2018,41,47000,gender,Male,1.24797837973855,1.19939350959514,1.29656324988196,1
2018,41,59000,all,All,1.17489943522151,1.10462215346789,1.24517671697513,1
2018,41,59000,gender,Female,1.22631302965991,1.13509253341048,1.31753352590934,1
2018,41,59000,gender,Male,1.14427311731784,1.05612122831057,1.2324250063251,1
2018,41,64900,all,All,0.998066870202582,0.971896975923647,1.02423676448152,1
2018,41,64900,gender,Female,1.05442372982055,1.02670361910519,1.08214384053592,1
2018,41,64900,gender,Male,0.944206720826487,0.915694073857509,0.972719367795465,1
2018,42,02000,all,All,0.870643145091687,0.83090206194365,0.910384228239724,1
2018,42,02000,gender,Female,0.889088205796732,0.84422538420677,0.933951027386694,1
2018,42,02000,gender,Male,0.853841911294216,0.796868333434822,0.910815489153609,1
2018,42,06088,all,All,0.850635117203864,0.81934821078801,0.881922023619718,1
2018,42,06088,gender,Female,0.874408091128159,0.840776333885157,0.90803984837116,1
2018,42,06088,gender,Male,0.826041440690068,0.792415935830251,0.859666945549885,1
2018,42,24000,all,All,0.917824858295458,0.868932191452962,0.966717525137955,1
2018,42,24000,gender,Female,0.960969774288653,0.908424817334872,1.01351473124243,1
2018,42,24000,gender,Male,0.868788579566217,0.81590332776788,0.921673831364555,1
2018,42,60000,all,All,0.964493390032811,0.955565145007227,0.973421635058396,1
2018,42,60000,gender,Female,1.00215668759775,0.992723493120447,1.01158988207506,1
2018,42,60000,gender,Male,0.924706418061553,0.914953149134523,0.934459686988584,1
2018,42,61000,all,All,0.869831050415332,0.814304514889613,0.925357585941052,1
2018,42,61000,gender,Female,0.886993135841095,0.82727780093097,0.946708470751221,1
2018,42,61000,gender,Male,0.850882902829505,0.790609421308249,0.911156384350762,1
2018,42,63624,all,All,0.642490204578725,0.604247528229719,0.680732880927731,1
2018,42,63624,gender,Female,0.721774947425214,0.682371049595865,0.761178845254563,1
2018,42,63624,gender,Male,0.670598968349752,0.618803069299249,0.722394867400255,1
2018,42,69000,all,All,0.902111577700979,0.862998800555901,0.941224354846057,1
2018,42,69000,gender,Female,0.983238091989523,0.94138245972435,1.0250937242547,1
2018,42,69000,gender,Male,0.828179879919991,0.785952405366101,0.87040735447388,1
2018,44,19180,all,All,0.747605582297603,0.709512292368268,0.785698872226937,1
2018,44,19180,gender,Female,0.812620015038051,0.772967710351023,0.85227231972508,1
2018,44,19180,gender,Male,0.689303269905867,0.647078148592316,0.731528391219418,1
2018,44,54640,all,All,0.705584613510255,0.666939401924363,0.744229825096147,1
2018,44,54640,gender,Female,0.748937350303572,0.708055038966393,0.789819661640751,1
2018,44,54640,gender,Male,0.666326439188468,0.624164886207073,0.708487992169862,1
2018,44,59000,all,All,0.714301311170248,0.689233567615084,0.739369054725413,1
2018,44,59000,gender,Female,0.798235624142843,0.771925999235861,0.824545249049825,1
2018,44,59000,gender,Male,0.646213472807899,0.618656597032887,0.673770348582911,1
2018,44,74300,all,All,0.760087431520684,0.718038301263274,0.802136561778094,1
2018,44,74300,gender,Female,0.895779659073575,0.848071413009739,0.94348790513741,1
2018,44,74300,gender,Male,0.627834290922579,0.581614922074491,0.674053659770666,1
2018,45,13330,all,All,1.00017612469936,0.98217202376781,1.01818022563091,1
2018,45,13330,gender,Female,1.06952579416511,1.0504649790049,1.08858660932533,1
2018,45,13330,gender,Male,0.939167451156621,0.919542105831159,0.958792796482083,1
2018,45,16000,all,All,0.979171488909989,0.954871808750181,1.0034711690698,1
2018,45,16000,gender,Female,1.0503029104147,1.02511510421716,1.07549071661224,1
2018,45,16000,gender,Male,0.900457820156775,0.873379225925481,0.927536414388068,1
2018,45,48535,all,All,,,,
2018,45,48535,gender,Female,,,,
2018,45,48535,gender,Male,,,,
2018,45,50875,all,All,,,,
2018,45,50875,gender,Female,,,,
2018,45,50875,gender,Male,,,,
2018,46,59020,all,All,0.887871158179399,0.853952458738092,0.921789857620706,1
2018,46,59020,gender,Female,0.936703921924363,0.900861721160784,0.972546122687942,1
2018,46,59020,gender,Male,0.841945569260925,0.804902313158618,0.878988825363232,1
2018,47,14000,all,All,1.04893280116141,1.02989449292962,1.0679711093932,1
2018,47,14000,gender,Female,1.05584963210076,1.03540492396937,1.07629434023216,1
2018,47,14000,gender,Male,1.04116994870982,1.02069014893431,1.06164974848533,1
2018,47,15160,all,All,0.918005612121838,0.896595036017847,0.939416188225829,1
2018,47,15160,gender,Female,0.943152285871083,0.920696934186156,0.96560763755601,1
2018,47,15160,gender,Male,0.898882919440358,0.875328147708579,0.922437691172137,1
2018,47,27740,all,All,0.943299081872255,0.918623791225754,0.967974372518756,1
2018,47,27740,gender,Female,0.963699195684175,0.937697943003764,0.989700448364586,1
2018,47,27740,gender,Male,0.924320669819325,0.897305056460407,0.951336283178243,1
2018,47,40000,all,All,1.03754827498275,1.02123118798046,1.05386536198505,1
2018,47,40000,gender,Female,1.08108190816891,1.06375123822223,1.09841257811558,1
2018,47,40000,gender,Male,0.995074379824772,0.977342235027481,1.01280652462206,1
2018,47,48000,all,All,0.96441097811927,0.952595327019335,0.976226629219206,1
2018,47,48000,gender,Female,0.975225299900541,0.962869459279684,0.987581140521397,1
2018,47,48000,gender,Male,0.952137884181162,0.939101163585689,0.965174604776635,1
2018,47,51560,all,All,0.835042324410192,0.807824288951286,0.862260359869097,1
2018,47,51560,gender,Female,0.842024198215325,0.813436857168629,0.870611539262021,1
2018,47,51560,gender,Male,0.823981133977779,0.794090172751366,0.853872095204191,1
2018,47,52006,all,All,0.972928148610325,0.959311484653103,0.986544812567548,1
2018,47,52006,gender,Female,1.02146382146794,1.00719430351458,1.03573333942131,1
2018,47,52006,gender,Male,0.920165340488899,0.905174016917367,0.935156664060432,1
2018,48,01000,all,All,0.684714777363896,0.617196664161567,0.752232890566225,1
2018,48,01000,gender,Female,0.706121874884605,0.634769605356608,0.777474144412602,1
2018,48,01000,gender,Male,0.655015378822911,0.581271559075228,0.728759198570594,1
2018,48,01924,all,All,0.899561109748136,0.841073749227274,0.958048470268997,1
2018,48,01924,gender,Female,0.962535329158417,0.900243896062061,1.02482676225477,1
2018,48,01924,gender,Male,0.860646048546966,0.797334113474283,0.923957983619649,1
2018,48,03000,all,All,0.713787063507898,0.661154450890792,0.766419676125004,1
2018,48,03000,gender,Female,0.780464274283585,0.724646515155934,0.836282033411236,1
2018,48,03000,gender,Male,0.631457958493997,0.574223750433225,0.688692166554769,1
2018,48,04000,all,All,0.895095615598249,0.86692693078412,0.923264300412378,1
2018,48,04000,gender,Female,0.915569183136538,0.885560224907454,0.945578141365623,1
2018,48,04000,gender,Male,0.872373366694508,0.841848176532818,0.902898556856197,1
2018,48,05000,all,All,0.81502546597718,0.780827587391271,0.849223344563089,1
2018,48,05000,gender,Female,0.873355381088968,0.836956393445746,0.909754368732189,1
2018,48,05000,gender,Male,0.766565410115345,0.729478381147868,0.803652439082821,1
2018,48,06128,all,All,0.799806070321472,0.751466711349048,0.848145429293896,1
2018,48,06128,gender,Female,0.888833523554964,0.837676718115566,0.939990328994362,1
2018,48,06128,gender,Male,0.704319850566542,0.65160757596069,0.757032125172395,1
2018,48,07000,all,All,0.739181030994671,0.686005677931868,0.792356384057475,1
2018,48,07000,gender,Female,0.756927048808889,0.701173885937101,0.812680211680677,1
2018,48,07000,gender,Male,0.718233956575243,0.659709966249617,0.776757946900868,1
2018,48,10768,all,All,0.798847771629674,0.766414804402671,0.831280738856678,1
2018,48,10768,gender,Female,0.828853316687463,0.794537394209092,0.863169239165835,1
2018,48,10768,gender,Male,0.78097519666279,0.745599705202859,0.81635068812272,1
2018,48,10912,all,All,0.55384937476183,0.497178499713107,0.610520249810554,1
2018,48,10912,gender,Female,0.661815941180607,0.600917007974274,0.72271487438694,1
2018,48,10912,gender,Male,0.458258218765742,0.397324666053363,0.51919177147812,1
2018,48,13024,all,All,0.796323267520587,0.752956723464696,0.839689811576478,1
2018,48,13024,gender,Female,0.858128133729425,0.813049594494666,0.903206672964185,1
2018,48,13024,gender,Male,0.740820582322264,0.692679512609137,0.788961652035391,1
2018,48,13552,all,All,,,,
2018,48,13552,gender,Female,,,,
2018,48,13552,gender,Male,,,,
2018,48,15976,all,All,0.922647325164531,0.859225925327352,0.98606872500171,1
2018,48,15976,gender,Female,0.85479855659021,0.787967623157421,0.921629490022998,1
2018,48,15976,gender,Male,0.990112610637009,0.920667672294253,1.05955754897977,1
2018,48,16432,all,All,0.768775150583333,0.739376126957653,0.798174174209013,1
2018,48,16432,gender,Female,0.785057172888413,0.754089137633605,0.81602520814322,1
2018,48,16432,gender,Male,0.748783450830851,0.716580580650789,0.780986321010912,1
2018,48,17000,all,All,0.75293477518144,0.690210487186945,0.815659063175934,1
2018,48,17000,gender,Female,0.771006692010282,0.703986813035418,0.838026570985145,1
2018,48,17000,gender,Male,0.733565243395469,0.665789786062033,0.801340700728906,1
2018,48,19000,all,All,0.85384256887643,0.833746097896609,0.873939039856251,1
2018,48,19000,gender,Female,0.890060363417282,0.868791198644465,0.911329528190099,1
2018,48,19000,gender,Male,0.820820568209882,0.798901877307837,0.842739259111928,1
2018,48,19972,all,All,0.843007363064722,0.800261870434672,0.885752855694772,1
2018,48,19972,gender,Female,0.953430535051337,0.90747409426794,0.999386975834734,1
2018,48,19972,gender,Male,0.747932300848061,0.701994875188868,0.793869726507253,1
2018,48,22660,all,All,0.664971165228698,0.627304075603996,0.7026382548534,1
2018,48,22660,gender,Female,0.728049516515421,0.687854703032267,0.768244329998575,1
2018,48,22660,gender,Male,0.608875870927652,0.56812014353351,0.649631598321793,1
2018,48,24000,all,All,0.768036001590148,0.73020482070247,0.805867182477825,1
2018,48,24000,gender,Female,0.813126787310559,0.773166411722186,0.853087162898933,1
2018,48,24000,gender,Male,0.724328176337323,0.682994388935815,0.76566196373883,1
2018,48,26232,all,All,0.858950452163883,0.82812486287607,0.889776041451695,1
2018,48,26232,gender,Female,0.90283308321407,0.869999068307703,0.935667098120437,1
2018,48,26232,gender,Male,0.812705353840057,0.77929083112813,0.846119876551984,1
2018,48,27000,all,All,0.800032407008428,0.76715726941083,0.832907544606027,1
2018,48,27000,gender,Female,0.806244628180614,0.771640002430654,0.840849253930574,1
2018,48,27000,gender,Male,0.796018245730033,0.759990320477998,0.832046170982068,1
2018,48,27684,all,All,0.974832691972447,0.945573343209553,1.00409204073534,1
2018,48,27684,gender,Female,1.00754248376362,0.976604792682856,1.03848017484439,1
2018,48,27684,gender,Male,0.947825643376852,0.915892800985503,0.979758485768201,1
2018,48,29000,all,All,0.788020487695443,0.758483289775126,0.817557685615761,1
2018,48,29000,gender,Female,0.835308617754973,0.803663581230054,0.866953654279893,1
2018,48,29000,gender,Male,0.746889551503237,0.715048248121348,0.778730854885126,1
2018,48,30464,all,All,0.878129913601886,0.83643699839021,0.919822828813562,1
2018,48,30464,gender,Female,0.934320186138371,0.890114670584047,0.978525701692695,1
2018,48,30464,gender,Male,0.820984508197095,0.775598231577316,0.866370784816874,1
2018,48,35000,all,All,0.891785639082438,0.866839021556024,0.916732256608851,1
2018,48,35000,gender,Female,0.947040633228004,0.920656634807782,0.973424631648227,1
2018,48,35000,gender,Male,0.838567959401111,0.811348503216267,0.865787415585956,1
2018,48,37000,all,All,0.853654617217291,0.815405142535522,0.891904091899059,1
2018,48,37000,gender,Female,0.887868463205454,0.846886495769327,0.92885043064158,1
2018,48,37000,gender,Male,0.822408147518084,0.78117054935126,0.863645745684908,1
2018,48,39148,all,All,0.708879455594367,0.672349428711365,0.745409482477369,1
2018,48,39148,gender,Female,0.714117572935351,0.675452654502746,0.752782491367957,1
2018,48,39148,gender,Male,0.699652403878798,0.659818101788418,0.739486705969177,1
2018,48,41464,all,All,0.970809270956748,0.931141185292545,1.01047735662095,1
2018,48,41464,gender,Female,0.977947721538228,0.935637418522463,1.02025802455399,1
2018,48,41464,gender,Male,0.962055279795445,0.919118213878418,1.00499234571247,1
2018,48,41980,all,All,0.783899970140523,0.747819506770853,0.819980433510194,1
2018,48,41980,gender,Female,0.834631821444259,0.796568710527403,0.872694932361114,1
2018,48,41980,gender,Male,0.73576703051143,0.696301344592104,0.775232716430755,1
2018,48,42508,all,All,0.858950452163883,0.82812486287607,0.889776041451695,1
2018,48,42508,gender,Female,0.90283308321407,0.869999068307703,0.935667098120437,1
2018,48,42508,gender,Male,0.812705353840057,0.77929083112813,0.846119876551984,1
2018,48,43888,all,All,0.959551199370716,0.859386788705682,1.05971561003575,1
2018,48,43888,gender,Female,0.938079008241845,0.83408002914862,1.04207798733507,1
2018,48,43888,gender,Male,0.96033177361333,0.849051160767498,1.07161238645916,1
2018,48,45000,all,All,0.711464524368149,0.653043612660314,0.769885436075985,1
2018,48,45000,gender,Female,0.777456610430176,0.715566097639315,0.839347123221037,1
2018,48,45000,gender,Male,0.643752855350944,0.580097140172556,0.707408570529333,1
2018,48,45384,all,All,0.906214052796329,0.85786760295357,0.954560502639088,1
2018,48,45384,gender,Female,0.902582056991549,0.851136354091306,0.954027759891792,1
2018,48,45384,gender,Male,0.908983527160393,0.856534666793173,0.961432387527613,1
2018,48,45744,all,All,0.968227954484897,0.923878288057409,1.01257762091239,1
2018,48,45744,gender,Female,1.00005385650144,0.953361607656809,1.04674610534607,1
2018,48,45744,gender,Male,0.927370934062415,0.878766923007252,0.975974945117579,1
2018,48,47892,all,All,0.766830704639107,0.732287214157515,0.801374195120698,1
2018,48,47892,gender,Female,0.868279845474185,0.832168943522533,0.904390747425837,1
2018,48,47892,gender,Male,0.674298292510874,0.636167133738082,0.712429451283667,1
2018,48,48072,all,All,0.731436179400571,0.67629858970219,0.786573769098952,1
2018,48,48072,gender,Female,0.774629492829855,0.715965672865257,0.833293312794454,1
2018,48,48072,gender,Male,0.686516193588722,0.626686049881392,0.746346337296052,1
2018,48,48768,all,All,0.874664422496866,0.813941074370158,0.935387770623573,1
2018,48,48768,gender,Female,0.884848787134535,0.820138340634285,0.949559233634785,1
2018,48,48768,gender,Male,0.866037544067497,0.800227189646056,0.931847898488939,1
2018,48,50820,all,All,0.784608824731675,0.728094067108213,0.841123582355136,1
2018,48,50820,gender,Female,0.858397119242167,0.798175895305943,0.918618343178392,1
2018,48,50820,gender,Male,0.72055655941648,0.659328267389365,0.781784851443596,1
2018,48,53388,all,All,0.701095894176185,0.661306659868508,0.740885128483861,1
2018,48,53388,gender,Female,0.784264560204451,0.74170771439633,0.826821406012572,1
2018,48,53388,gender,Male,0.622625460688158,0.579666188191441,0.665584733184875,1
2018,48,56000,all,All,0.902421777687632,0.871283673020814,0.93355988235445,1
2018,48,56000,gender,Female,0.91280988442933,0.87984834694149,0.94577142191717,1
2018,48,56000,gender,Male,0.898112867992758,0.864165654148329,0.932060081837188,1
2018,48,56348,all,All,0.921933135969921,0.872364873644416,0.971501398295427,1
2018,48,56348,gender,Female,0.951137164325454,0.897971427709182,1.00430290094173,1
2018,48,56348,gender,Male,0.894510419354127,0.841130357019971,0.947890481688283,1
2018,48,57200,all,All,0.701584448090495,0.652486148793286,0.750682747387705,1
2018,48,57200,gender,Female,0.743557738391861,0.691276592604515,0.795838884179207,1
2018,48,57200,gender,Male,0.657952130903677,0.604727511043399,0.711176750763954,1
2018,48,58016,all,All,0.909027777060524,0.878111924762036,0.939943629359012,1
2018,48,58016,gender,Female,0.905828579722403,0.873347031274592,0.938310128170213,1
2018,48,58016,gender,Male,0.906668323339084,0.872717481265528,0.94061916541264,1
2018,48,61796,all,All,0.949769054391513,0.912499698394222,0.987038410388803,1
2018,48,61796,gender,Female,1.00910030980306,0.969459229760873,1.04874138984525,1
2018,48,61796,gender,Male,0.88813027413543,0.847683518779448,0.928577029491413,1
2018,48,63500,all,All,0.871690115595237,0.840291113346886,0.903089117843587,1
2018,48,63500,gender,Female,0.902245337292938,0.868916570806858,0.935574103779018,1
2018,48,63500,gender,Male,0.839093731723112,0.804951445601383,0.873236017844842,1
2018,48,64472,all,All,0.607869665447341,0.538987466251266,0.676751864643415,1
2018,48,64472,gender,Female,0.670194804957651,0.596755236898924,0.743634373016378,1
2018,48,64472,gender,Male,0.541742263497577,0.467125261019543,0.616359265975611,1
2018,48,65000,all,All,0.869131426678392,0.831726062916967,0.906536790439817,1
2018,48,65000,gender,Female,0.900119583870993,0.860617175462944,0.939621992279043,1
2018,48,65000,gender,Male,0.840914527576924,0.800042349657208,0.88178670549664,1
2018,48,70808,all,All,0.820886660032072,0.795013854512674,0.84675946555147,1
2018,48,70808,gender,Female,0.870181379465602,0.842498137981893,0.897864620949312,1
2018,48,70808,gender,Male,0.774704086578151,0.746778868692159,0.802629304464142,1
2018,48,72176,all,All,0.778181334728259,0.698388726015475,0.857973943441043,1
2018,48,72176,gender,Female,0.759660263952696,0.672105172033323,0.84721535587207,1
2018,48,72176,gender,Male,0.762907131788805,0.678633045650151,0.847181217927459,1
2018,48,74144,all,All,0.878178653519011,0.816133414863147,0.940223892174875,1
2018,48,74144,gender,Female,0.987591505190704,0.921970670017099,1.05321234036431,1
2018,48,74144,gender,Male,0.784472353740489,0.716931563054132,0.852013144426845,1
2018,48,76000,all,All,0.925733874360298,0.822658974463041,1.02880877425756,1
2018,48,76000,gender,Female,0.960190406323099,0.866164251566197,1.05421656108,1
2018,48,76000,gender,Male,0.885929404334688,0.790562010433494,0.981296798235883,1
2018,48,79000,all,All,0.710739454314114,0.635338997610982,0.786139911017245,1
2018,48,79000,gender,Female,0.761431184992135,0.680254807951589,0.84260756203268,1
2018,48,79000,gender,Male,0.66671634737412,0.58579838272639,0.747634312021851,1
2018,49,43660,all,All,,,,
2018,49,43660,gender,Female,,,,
2018,49,43660,gender,Male,,,,
2018,49,44320,all,All,,,,
2018,49,44320,gender,Female,,,,
2018,49,44320,gender,Male,,,,
2018,49,55980,all,All,0.891130565339389,0.864470919696675,0.917790210982103,1
2018,49,55980,gender,Female,0.880768244872996,0.852640916145201,0.908895573600791,1
2018,49,55980,gender,Male,0.868509051298151,0.83705064312587,0.899967459470431,1
2018,49,57300,all,All,,,,
2018,49,57300,gender,Female,,,,
2018,49,57300,gender,Male,,,,
2018,49,62470,all,All,0.912958558556035,0.877954384673161,0.947962732438909,1
2018,49,62470,gender,Female,0.921231358863234,0.88151987017691,0.960942847549557,1
2018,49,62470,gender,Male,0.896462136806437,0.859566312821754,0.933357960791119,1
2018,49,65330,all,All,0.991088038593231,0.965851652396098,1.01632442479036,1
2018,49,65330,gender,Female,0.987365264683315,0.960295922318378,1.01443460704825,1
2018,49,65330,gender,Male,1.00224376647245,0.975068094948087,1.02941943799681,1
2018,49,67000,all,All,1.02324180836847,1.00465299313469,1.04183062360225,1
2018,49,67000,gender,Female,1.03348352987224,1.01363644599957,1.05333061374491,1
2018,49,67000,gender,Male,1.01308547840637,0.992983759942491,1.03318719687024,1
2018,49,67440,all,All,1.02162229694194,0.999759165246548,1.04348542863734,1
2018,49,67440,gender,Female,1.03950614197947,1.01584232780689,1.06316995615204,1
2018,49,67440,gender,Male,1.00873491384298,0.984758147026525,1.03271168065944,1
2018,49,70850,all,All,,,,
2018,49,70850,gender,Female,,,,
2018,49,70850,gender,Male,,,,
2018,49,82950,all,All,0.98506388601473,0.967947798311645,1.00217997371781,1
2018,49,82950,gender,Female,1.00014314084987,0.981630933372541,1.0186553483272,1
2018,49,82950,gender,Male,0.976689164755809,0.957953478057679,0.995424851453939,1
2018,49,83470,all,All,,,,
2018,49,83470,gender,Female,,,,
2018,49,83470,gender,Male,,,,
2018,51,01000,all,All,0.666572473134485,0.633061633147947,0.700083313121023,1
2018,51,01000,gender,Female,0.721498282804969,0.685636864173333,0.757359701436606,1
2018,51,01000,gender,Male,0.620219448994079,0.584055764023311,0.656383133964848,1
2018,51,16000,all,All,0.872102837971922,0.85233515073414,0.891870525209704,1
2018,51,16000,gender,Female,0.851593676324726,0.830888209839042,0.87229914281041,1
2018,51,16000,gender,Male,0.891196814527928,0.869423005350152,0.912970623705705,1
2018,51,35000,all,All,0.891590354493098,0.863670312209598,0.919510396776598,1
2018,51,35000,gender,Female,0.88056709519774,0.851153682889381,0.909980507506099,1
2018,51,35000,gender,Male,0.898141275758772,0.867561796111923,0.92872075540562,1
2018,51,47672,all,All,0.711496588772771,0.667905910478797,0.755087267066744,1
2018,51,47672,gender,Female,0.724818755148735,0.677747070475679,0.771890439821792,1
2018,51,47672,gender,Male,0.705312531175333,0.658648915724913,0.751976146625753,1
2018,51,56000,all,All,0.629653761661307,0.605798627539486,0.653508895783127,1
2018,51,56000,gender,Female,0.627831723708647,0.602214249127589,0.653449198289705,1
2018,51,56000,gender,Male,0.630679714806569,0.605018520203443,0.656340909409694,1
2018,51,57000,all,All,0.763280384587533,0.740241675090886,0.786319094084181,1
2018,51,57000,gender,Female,0.780263313012773,0.755439968534697,0.805086657490848,1
2018,51,57000,gender,Male,0.745513510731454,0.720804714109989,0.770222307352919,1
2018,51,64000,all,All,0.649055885348787,0.615932849357019,0.682178921340555,1
2018,51,64000,gender,Female,0.665517495406869,0.630693133152846,0.700341857660891,1
2018,51,64000,gender,Male,0.633415995927975,0.597066139141895,0.669765852714055,1
2018,51,67000,all,All,0.521879999819301,0.495978921790685,0.547781077847916,1
2018,51,67000,gender,Female,0.531104923224103,0.504034783966187,0.55817506248202,1
2018,51,67000,gender,Male,0.495018677614234,0.46639619097191,0.523641164256559,1
2018,51,68000,all,All,0.707231237643799,0.673121567395135,0.741340907892463,1
2018,51,68000,gender,Female,0.693408842726689,0.657528698328919,0.72928898712446,1
2018,51,68000,gender,Male,0.718855784468034,0.681443326401796,0.756268242534272,1
2018,51,76432,all,All,0.839496215879414,0.806452088725039,0.872540343033788,1
2018,51,76432,gender,Female,0.879065284741057,0.844368647715923,0.913761921766191,1
2018,51,76432,gender,Male,0.807777226187991,0.771467830586447,0.844086621789534,1
2018,51,82000,all,All,0.82895774257044,0.814074976623976,0.843840508516905,1
2018,51,82000,gender,Female,0.836109923949797,0.820487049221106,0.851732798678487,1
2018,51,82000,gender,Male,0.819482174624251,0.803122628786396,0.835841720462108,1
2018,53,03180,all,All,0.572334863486759,0.530394443064562,0.614275283908956,1
2018,53,03180,gender,Female,0.595627956702014,0.551398104569055,0.639857808834973,1
2018,53,03180,gender,Male,0.516201729007332,0.450376226564005,0.582027231450659,1
2018,53,05210,all,All,0.918480009858512,0.881285364609639,0.955674655107385,1
2018,53,05210,gender,Female,0.82925456903907,0.789619707138724,0.868889430939416,1
2018,53,05210,gender,Male,1.04645609078147,0.989861815439044,1.1030503661239,1
2018,53,05280,all,All,0.892645598050204,0.832037829140568,0.95325336695984,1
2018,53,05280,gender,Female,0.971706051442271,0.885243790791415,1.05816831209313,1
2018,53,05280,gender,Male,0.8299098762711,0.759566329583567,0.900253422958632,1
2018,53,22640,all,All,0.993689492744518,0.920644217359841,1.06673476812919,1
2018,53,22640,gender,Female,1.02711707180485,0.950007981539751,1.10422616206995,1
2018,53,22640,gender,Male,0.969001039949504,0.88916294812589,1.04883913177312,1
2018,53,23515,all,All,0.792143612433771,0.756233882448281,0.828053342419261,1
2018,53,23515,gender,Female,0.860692271826808,0.822762335638837,0.89862220801478,1
2018,53,23515,gender,Male,0.723543545403459,0.684310494751527,0.76277659605539,1
2018,53,35275,all,All,0.860019992743067,0.766081990442914,0.95395799504322,1
2018,53,35275,gender,Female,0.966576325922812,0.86556477273755,1.06758787910807,1
2018,53,35275,gender,Male,0.742168802699196,0.638600477571042,0.845737127827351,1
2018,53,35415,all,All,0.842199406640005,0.8095921037467,0.874806709533309,1
2018,53,35415,gender,Female,0.884975034627295,0.849906605034136,0.920043464220454,1
2018,53,35415,gender,Male,0.81529402068524,0.780264777336613,0.850323264033868,1
2018,53,35940,all,All,,,,
2018,53,35940,gender,Female,,,,
2018,53,35940,gender,Male,,,,
2018,53,53545,all,All,1.09087113127738,1.05006666735899,1.13167559519576,1
2018,53,53545,gender,Female,1.17841098833032,1.13553236601214,1.2212896106485,1
2018,53,53545,gender,Male,1.01684484291311,0.971818820778284,1.06187086504793,1
2018,53,57745,all,All,0.820048058335683,0.777516762337674,0.862579354333692,1
2018,53,57745,gender,Female,0.845702624929488,0.800892068117757,0.89051318174122,1
2018,53,57745,gender,Male,0.780331288943394,0.733735658910476,0.826926918976312,1
2018,53,63000,all,All,0.851467511892885,0.744874436358711,0.958060587427059,1
2018,53,63000,gender,Female,,,,
2018,53,63000,gender,Male,0.866389619754591,0.752436904331516,0.980342335177667,1
2018,53,67000,all,All,0.859643467085424,0.702334769151142,1.0169521650197,1
2018,53,67000,gender,Female,0.988410152561179,0.836903217562932,1.13991708755943,1
2018,53,67000,gender,Male,0.738563227237642,0.570496551228534,0.90662990324675,1
2018,53,67167,all,All,0.870769439316611,0.771071616823123,0.970467261810099,1
2018,53,67167,gender,Female,0.886307837537638,0.779651967706652,0.992963707368625,1
2018,53,67167,gender,Male,0.860762441211213,0.753141886833817,0.968382995588608,1
2018,53,70000,all,All,0.859717400708131,0.812471570562796,0.906963230853466,1
2018,53,70000,gender,Female,0.981654231103418,0.930768483389101,1.03253997881774,1
2018,53,70000,gender,Male,0.758405050018483,0.707358230478629,0.809451869558337,1
2018,53,74060,all,All,0.785324692565155,0.744618487770338,0.826030897359971,1
2018,53,74060,gender,Female,0.847222214532411,0.804348943506303,0.890095485558519,1
2018,53,74060,gender,Male,0.71240034111243,0.665910726813481,0.75888995541138,1
2018,53,80010,all,All,0.847091533192128,0.782950388593193,0.911232677791063,1
2018,53,80010,gender,Female,0.898682616877065,0.831612675241069,0.965752558513062,1
2018,53,80010,gender,Male,0.763531466259475,0.688185579648566,0.838877352870384,1
2018,55,02375,all,All,0.961732889870785,0.928974064819762,0.994491714921808,1
2018,55,02375,gender,Female,1.04192131043281,1.00716267380433,1.07667994706128,1
2018,55,02375,gender,Male,0.887782377988415,0.852144742572098,0.923420013404732,1
2018,55,31000,all,All,0.949119711348788,0.910524813072207,0.987714609625369,1
2018,55,31000,gender,Female,1.02332423587067,0.982231310570857,1.06441716117049,1
2018,55,31000,gender,Male,0.874184841015633,0.832373286051041,0.915996395980225,1
2018,55,39225,all,All,1.09361942840995,1.06248894666926,1.12474991015064,1
2018,55,39225,gender,Female,1.12015410068788,1.09081953275979,1.14948866861596,1
2018,55,39225,gender,Male,1.08167991925958,1.05115507806191,1.11220476045726,1
2018,55,48000,all,All,0.908634515283817,0.873662067018422,0.943606963549213,1
2018,55,48000,gender,Female,0.968122767783118,0.93100453432743,1.0052410012388,1
2018,55,48000,gender,Male,0.85020905522028,0.812178358637577,0.888239751802982,1
2018,55,53000,all,All,1.04180054406822,1.0260440460922,1.05755704204424,1
2018,55,53000,gender,Female,1.07550741357,1.05859236385749,1.0924224632825,1
2018,55,53000,gender,Male,1.01431916523961,0.997353583566018,1.0312847469132,1
2018,55,66000,all,All,0.687229444954635,0.658131687196758,0.716327202712511,1
2018,55,66000,gender,Female,0.710312069199944,0.679947962841532,0.740676175558355,1
2018,55,66000,gender,Male,0.680932931202933,0.648727971019803,0.713137891386063,1
2017,01,03076,all,All,0.755913189831921,0.712176392436382,0.79964998722746,1
2017,01,03076,gender,Female,0.788218407797862,0.742581032964908,0.833855782630815,1
2017,01,03076,gender,Male,0.754335444341773,0.705680469089563,0.802990419593984,1
2017,01,07000,all,All,0.808092714840833,0.778482953870058,0.837702475811609,1
2017,01,07000,gender,Female,0.82505174593816,0.79369788732696,0.856405604549361,1
2017,01,07000,gender,Male,0.792666610641566,0.760196237845062,0.825136983438071,1
2017,01,35896,all,All,1.09747157327958,1.06364987652851,1.13129327003065,1
2017,01,35896,gender,Female,1.11703912737527,1.08172713083098,1.15235112391955,1
2017,01,35896,gender,Male,1.08626768987468,1.04866471975938,1.12387065998998,1
2017,01,37000,all,All,0.816164209396675,0.788659785894755,0.843668632898596,1
2017,01,37000,gender,Female,0.845411002518415,0.816325861531457,0.874496143505374,1
2017,01,37000,gender,Male,0.786072472879412,0.755864510776557,0.816280434982267,1
2017,01,50000,all,All,0.769336926095456,0.752157075455676,0.786516776735236,1
2017,01,50000,gender,Female,0.777660442871113,0.759511154742229,0.795809730999998,1
2017,01,50000,gender,Male,0.75944350450657,0.740560652511935,0.778326356501205,1
2017,01,51000,all,All,0.668292504239843,0.64497686074383,0.691608147735856,1
2017,01,51000,gender,Female,0.685911857229749,0.661599719912234,0.710223994547264,1
2017,01,51000,gender,Male,0.62620110310916,0.600244449096268,0.652157757122051,1
2017,01,77256,all,All,0.795306133981767,0.76178215503557,0.828830112927964,1
2017,01,77256,gender,Female,0.833276602827742,0.798130627325889,0.868422578329595,1
2017,01,77256,gender,Male,0.744574646292807,0.707448115469798,0.781701177115817,1
2017,02,03000,all,All,1.34597263558533,1.28626966154781,1.40567560962285,1
2017,02,03000,gender,Female,1.26585449904499,1.20870820715194,1.32300079093803,1
2017,02,03000,gender,Male,1.43656785829892,1.37643676295809,1.49669895363974,1
2017,04,04720,all,All,1.23274415971486,1.1876257917991,1.27786252763061,1
2017,04,04720,gender,Female,1.26436699548869,1.21683616074633,1.31189783023104,1
2017,04,04720,gender,Male,1.14134647123623,1.08196533557803,1.20072760689442,1
2017,04,07940,all,All,0.933237128525258,0.887921256285387,0.978553000765129,1
2017,04,07940,gender,Female,0.954597799057786,0.907061461961592,1.00213413615398,1
2017,04,07940,gender,Male,0.938554127851897,0.879954823348642,0.997153432355153,1
2017,04,12000,all,All,1.05879205830968,1.04140825922385,1.07617585739551,1
2017,04,12000,gender,Female,1.03586578668723,1.01719697565812,1.05453459771634,1
2017,04,12000,gender,Male,1.0761574404306,1.05733644166588,1.09497843919531,1
2017,04,23620,all,All,1.09369296052379,1.04737451973081,1.14001140131677,1
2017,04,23620,gender,Female,1.13269862426595,1.08326207661029,1.1821351719216,1
2017,04,23620,gender,Male,1.05526782008116,1.00484140378409,1.10569423637824,1
2017,04,27400,all,All,0.974094029422375,0.951280718379376,0.996907340465374,1
2017,04,27400,gender,Female,0.958331894915884,0.934075416565155,0.982588373266613,1
2017,04,27400,gender,Male,0.98140530494564,0.956481090313749,1.00632951957753,1
2017,04,27820,all,All,1.17169298293013,1.1498659434031,1.19352002245716,1
2017,04,27820,gender,Female,1.17897177682129,1.15595047821841,1.20199307542417,1
2017,04,27820,gender,Male,1.15848489120367,1.13445336443888,1.18251641796847,1
2017,04,28380,all,All,,,,
2017,04,28380,gender,Female,,,,
2017,04,28380,gender,Male,,,,
2017,04,46000,all,All,0.97380144188792,0.958921338672699,0.988681545103141,1
2017,04,46000,gender,Female,0.960838358685151,0.945212700669282,0.976464016701021,1
2017,04,46000,gender,Male,0.979375313203769,0.962925525499729,0.995825100907809,1
2017,04,54050,all,All,,,,
2017,04,54050,gender,Female,,,,
2017,04,54050,gender,Male,,,,
2017,04,55000,all,All,1.08724159609559,1.05743170252477,1.1170514896664,1
2017,04,55000,gender,Female,1.10371668507524,1.07176499867902,1.13566837147147,1
2017,04,55000,gender,Male,1.06781540021488,1.03512872327651,1.10050207715324,1
2017,04,65000,all,All,0.999069938363703,0.96725993764729,1.03087993908012,1
2017,04,65000,gender,Female,0.998995865553769,0.965270119381933,1.0327216117256,1
2017,04,65000,gender,Male,1.00369909937948,0.968850440932857,1.03854775782611,1
2017,04,71510,all,All,1.04568630347586,1.02363119326281,1.0677414136889,1
2017,04,71510,gender,Female,1.0644158757023,1.04097731595377,1.08785443545084,1
2017,04,71510,gender,Male,1.05485536273695,1.02320030248229,1.08651042299162,1
2017,04,73000,all,All,1.04676784470186,1.02067736677134,1.07285832263239,1
2017,04,73000,gender,Female,1.0211990530722,0.993680423760557,1.04871768238385,1
2017,04,73000,gender,Male,1.06784419829516,1.03912373594984,1.09656466064048,1
2017,04,77000,all,All,1.11330753737967,1.07815361720577,1.14846145755356,1
2017,04,77000,gender,Female,1.12257149214944,1.08542983398481,1.15971315031408,1
2017,04,77000,gender,Male,1.09937291518852,1.06080997571651,1.13793585466054,1
2017,04,85540,all,All,0.975686411813289,0.93345504873513,1.01791777489145,1
2017,04,85540,gender,Female,0.950404677213676,0.905468509209057,0.995340845218294,1
2017,04,85540,gender,Male,1.05322563925272,1.00095787278202,1.10549340572342,1
2017,05,23290,all,All,0.900608134827157,0.859081270015497,0.942134999638817,1
2017,05,23290,gender,Female,0.940484056133765,0.897085272846341,0.98388283942119,1
2017,05,23290,gender,Male,0.862607865891078,0.816476894228312,0.908738837553843,1
2017,05,24550,all,All,1.04984301606885,1.01612964976294,1.08355638237476,1
2017,05,24550,gender,Female,1.08303515171097,1.04778877883623,1.11828152458572,1
2017,05,24550,gender,Male,1.01505076797126,0.974283450453441,1.05581808548909,1
2017,05,35710,all,All,0.990950329932833,0.925669153702633,1.05623150616303,1
2017,05,35710,gender,Female,1.04892839941035,0.979842444251492,1.11801435456921,1
2017,05,35710,gender,Male,0.940693468574377,0.86906992711003,1.01231701003872,1
2017,05,41000,all,All,0.836713101796101,0.80952332721006,0.863902876382141,1
2017,05,41000,gender,Female,0.858325985120644,0.829813475635732,0.886838494605556,1
2017,05,41000,gender,Male,0.809362396897593,0.779261493548348,0.839463300246837,1
2017,05,66080,all,All,0.976121988546426,0.949423342990467,1.00282063410238,1
2017,05,66080,gender,Female,0.990942776470598,0.962561394091667,1.01932415884953,1
2017,05,66080,gender,Male,0.957386078671132,0.928211829225395,0.98656032811687,1
2017,06,00562,all,All,1.04407829951956,1.00191600059732,1.0862405984418,1
2017,06,00562,gender,Female,1.11558598805736,1.0708750278048,1.16029694830991,1
2017,06,00562,gender,Male,0.971466531907068,0.925288525464846,1.01764453834929,1
2017,06,00884,all,All,1.2846049189941,1.2492506388435,1.31995919914471,1
2017,06,00884,gender,Female,1.32059138822159,1.28323864790216,1.35794412854103,1
2017,06,00884,gender,Male,1.25279138585745,1.21393580839277,1.29164696332214,1
2017,06,02000,all,All,0.938513995191773,0.905068700728947,0.971959289654598,1
2017,06,02000,gender,Female,1.00740207247915,0.972141014157956,1.04266313080034,1
2017,06,02000,gender,Male,0.874984909452599,0.838140650907028,0.91182916799817,1
2017,06,02252,all,All,0.995485738735688,0.963022367005956,1.02794911046542,1
2017,06,02252,gender,Female,1.05788486667183,1.02355661196066,1.09221312138299,1
2017,06,02252,gender,Male,0.936217051326722,0.900462704114626,0.971971398538818,1
2017,06,02364,all,All,0.959325959364396,0.922860236571869,0.995791682156924,1
2017,06,02364,gender,Female,0.980461190375979,0.942244353440567,1.01867802731139,1
2017,06,02364,gender,Male,0.938778687738718,0.898362996199609,0.979194379277826,1
2017,06,03526,all,All,1.1736630342,1.13485471293536,1.21247135546463,1
2017,06,03526,gender,Female,1.22550084859021,1.18476978509524,1.26623191208519,1
2017,06,03526,gender,Male,1.11928740658871,1.07650180438369,1.16207300879372,1
2017,06,04982,all,All,1.16304943740835,1.12443135662291,1.20166751819378,1
2017,06,04982,gender,Female,1.16685032584744,1.12528703240487,1.20841361929,1
2017,06,04982,gender,Male,1.16563955009944,1.12388543267081,1.20739366752807,1
2017,06,06000,all,All,1.26580709741898,1.14393363613057,1.3876805587074,1
2017,06,06000,gender,Female,1.22966301449941,1.10022670011761,1.3590993288812,1
2017,06,06000,gender,Male,1.2449749719637,1.11150910470927,1.37844083921813,1
2017,06,08786,all,All,0.984731547628384,0.937867486890915,1.03159560836585,1
2017,06,08786,gender,Female,1.08560253759628,1.03655152091118,1.13465355428138,1
2017,06,08786,gender,Male,0.885258716028731,0.83327192965424,0.937245502403221,1
2017,06,08954,all,All,0.937767805766013,0.901827096315085,0.97370851521694,1
2017,06,08954,gender,Female,0.989859758921106,0.952615108924463,1.02710440891775,1
2017,06,08954,gender,Male,0.884916801876498,0.844633628072222,0.925199975680773,1
2017,06,11194,all,All,1.04792598666969,1.0086516807227,1.08720029261669,1
2017,06,11194,gender,Female,1.15211857889219,1.10894858083249,1.19528857695189,1
2017,06,11194,gender,Male,0.95915498214165,0.917472162040893,1.00083780224241,1
2017,06,11530,all,All,,,,
2017,06,11530,gender,Female,,,,
2017,06,11530,gender,Male,,,,
2017,06,13014,all,All,1.2924252451762,1.25425248539824,1.33059800495416,1
2017,06,13014,gender,Female,1.3799309399733,1.34054844160153,1.41931343834507,1
2017,06,13014,gender,Male,1.20634272913324,1.16338142880446,1.24930402946202,1
2017,06,13210,all,All,0.963102155099264,0.937898380778289,0.98830592942024,1
2017,06,13210,gender,Female,1.0723178193674,1.04487298406022,1.09976265467458,1
2017,06,13210,gender,Male,0.869039681598202,0.842079783986506,0.895999579209898,1
2017,06,13214,all,All,,,,
2017,06,13214,gender,Female,,,,
2017,06,13214,gender,Male,,,,
2017,06,13392,all,All,1.04805656886837,1.02979050203598,1.06632263570077,1
2017,06,13392,gender,Female,1.09186015655192,1.07289581971789,1.11082449338594,1
2017,06,13392,gender,Male,1.00250049402789,0.982071965160047,1.02292902289572,1
2017,06,13588,all,All,,,,
2017,06,13588,gender,Female,,,,
2017,06,13588,gender,Male,,,,
2017,06,14218,all,All,1.13572408745558,1.11483943761399,1.15660873729717,1
2017,06,14218,gender,Female,1.21537049190025,1.19341246554018,1.23732851826032,1
2017,06,14218,gender,Male,1.06481937474563,1.04175699302565,1.08788175646561,1
2017,06,15044,all,All,0.960285754611403,0.933574158445908,0.986997350776898,1
2017,06,15044,gender,Female,1.04469588913898,1.01645846053027,1.0729333177477,1
2017,06,15044,gender,Male,0.87032326283348,0.840972060787093,0.899674464879868,1
2017,06,16000,all,All,1.0830712386145,1.05949466281857,1.10664781441043,1
2017,06,16000,gender,Female,1.11910981241711,1.09392576562474,1.14429385920947,1
2017,06,16000,gender,Male,1.03900655101793,1.01333278359736,1.06468031843851,1
2017,06,16350,all,All,1.03455775111186,1.0037698668788,1.06534563534491,1
2017,06,16350,gender,Female,1.1074460408982,1.07472934195804,1.14016273983836,1
2017,06,16350,gender,Male,0.967461959968186,0.933759019111573,1.0011649008248,1
2017,06,16532,all,All,0.976533936132749,0.947748734652249,1.00531913761325,1
2017,06,16532,gender,Female,1.10768059887543,1.07703762003086,1.13832357772,1
2017,06,16532,gender,Male,0.850984796588419,0.819562653020954,0.882406940155884,1
2017,06,17918,all,All,1.1438082400458,1.09019582085307,1.19742065923853,1
2017,06,17918,gender,Female,1.21954751075885,1.1555545792697,1.283540442248,1
2017,06,17918,gender,Male,1.0347512890962,0.976822869253794,1.0926797089386,1
2017,06,19766,all,All,1.03570546529954,1.00598680431792,1.06542412628116,1
2017,06,19766,gender,Female,1.09614020707784,1.06428288578156,1.12799752837412,1
2017,06,19766,gender,Male,0.969628165802439,0.937400281514071,1.00185605009081,1
2017,06,21712,all,All,1.12272601332096,1.09268744308245,1.15276458355947,1
2017,06,21712,gender,Female,1.17711122124761,1.1460520702306,1.20817037226462,1
2017,06,21712,gender,Male,1.05606952632537,1.02723108439747,1.08490796825326,1
2017,06,22020,all,All,1.12385753742168,1.10686872404823,1.14084635079514,1
2017,06,22020,gender,Female,1.18226103766517,1.16429903284448,1.20022304248586,1
2017,06,22020,gender,Male,1.06283538050371,1.04417459058093,1.08149617042649,1
2017,06,22230,all,All,1.32273173245716,1.28282628691652,1.36263717799781,1
2017,06,22230,gender,Female,1.37644389835434,1.33469989989522,1.41818789681347,1
2017,06,22230,gender,Male,1.2832531791162,1.23893898580188,1.32756737243052,1
2017,06,22804,all,All,1.2782297670006,1.24936040267938,1.30709913132182,1
2017,06,22804,gender,Female,1.34357759744214,1.31273590087333,1.37441929401095,1
2017,06,22804,gender,Male,1.22053235695968,1.18910349922358,1.25196121469579,1
2017,06,23182,all,All,1.03737884828305,1.00236145510906,1.07239624145703,1
2017,06,23182,gender,Female,1.10124758368465,1.06538797707689,1.1371071902924,1
2017,06,23182,gender,Male,0.970270281461573,0.931549336442674,1.00899122648047,1
2017,06,24638,all,All,,,,
2017,06,24638,gender,Female,,,,
2017,06,24638,gender,Male,,,,
2017,06,24680,all,All,1.08908101520329,1.06728844361646,1.11087358679011,1
2017,06,24680,gender,Female,1.15864326648095,1.13568927333086,1.18159725963105,1
2017,06,24680,gender,Male,1.02090550208338,0.99688058615085,1.04493041801591,1
2017,06,26000,all,All,1.08231277817286,1.05942412234686,1.10520143399886,1
2017,06,26000,gender,Female,1.14344045220687,1.11899337417859,1.16788753023515,1
2017,06,26000,gender,Male,1.01493001734125,0.990023187709386,1.03983684697311,1
2017,06,27000,all,All,1.0554077820263,1.03131804346293,1.07949752058967,1
2017,06,27000,gender,Female,1.1011430709008,1.07693015293663,1.12535598886498,1
2017,06,27000,gender,Male,1.00308277459212,0.979352363554783,1.02681318562945,1
2017,06,28000,all,All,1.13969385575956,1.10943738347817,1.16995032804095,1
2017,06,28000,gender,Female,1.18672935605788,1.15482742223225,1.21863128988351,1
2017,06,28000,gender,Male,1.08802503433621,1.05465060295872,1.12139946571371,1
2017,06,29000,all,All,1.36676378071119,1.34645541782306,1.38707214359931,1
2017,06,29000,gender,Female,1.38739346543155,1.36583841726117,1.40894851360193,1
2017,06,29000,gender,Male,1.34636589393324,1.32414269145965,1.36858909640682,1
2017,06,30000,all,All,1.05507515625942,1.02791341448642,1.08223689803242,1
2017,06,30000,gender,Female,1.12759174933948,1.0984391842927,1.15674431438625,1
2017,06,30000,gender,Male,0.993032469020902,0.963603223976379,1.02246171406543,1
2017,06,32548,all,All,1.17145495051371,1.12195883358629,1.22095106744112,1
2017,06,32548,gender,Female,1.26272174137386,1.21106055645359,1.31438292629412,1
2017,06,32548,gender,Male,1.08043483795204,1.02539197748592,1.13547769841816,1
2017,06,33000,all,All,1.31278528061237,1.28420236116826,1.34136820005648,1
2017,06,33000,gender,Female,1.42735665293642,1.39715075281528,1.45756255305756,1
2017,06,33000,gender,Male,1.197214873373,1.16576848401613,1.22866126272987,1
2017,06,33182,all,All,0.991537282949627,0.962696675986415,1.02037788991284,1
2017,06,33182,gender,Female,1.08445289549277,1.05449504597221,1.11441074501334,1
2017,06,33182,gender,Male,0.899312485184335,0.867077310955539,0.931547659413132,1
2017,06,33434,all,All,0.957011528103569,0.928550005420669,0.985473050786469,1
2017,06,33434,gender,Female,0.995769354958312,0.965630671207305,1.02590803870932,1
2017,06,33434,gender,Male,0.904048915209142,0.872783394948309,0.935314435469976,1
2017,06,36000,all,All,1.08601986619076,1.04634746343653,1.125692268945,1
2017,06,36000,gender,Female,1.13052018123382,1.08862283387298,1.17241752859465,1
2017,06,36000,gender,Male,1.0368830500515,0.993256242587342,1.08050985751565,1
2017,06,36448,all,All,,,,
2017,06,36448,gender,Female,,,,
2017,06,36448,gender,Male,,,,
2017,06,36546,all,All,0.988618679032185,0.953575670786466,1.0236616872779,1
2017,06,36546,gender,Female,1.04911900125955,1.01222730740907,1.08601069511002,1
2017,06,36546,gender,Male,0.929748404820402,0.891085696568226,0.968411113072577,1
2017,06,36770,all,All,1.0690128393341,1.04529555054927,1.09273012811892,1
2017,06,36770,gender,Female,1.11285583116654,1.08792480162418,1.1377868607089,1
2017,06,36770,gender,Male,1.03289133038138,1.0066858570801,1.05909680368266,1
2017,06,37692,all,All,1.08460490909291,1.05360686109234,1.11560295709348,1
2017,06,37692,gender,Female,1.14403381168305,1.11158666271176,1.17648096065433,1
2017,06,37692,gender,Male,1.02339686972962,0.989009151546021,1.05778458791323,1
2017,06,39496,all,All,,,,
2017,06,39496,gender,Female,,,,
2017,06,39496,gender,Male,,,,
2017,06,39892,all,All,,,,
2017,06,39892,gender,Female,,,,
2017,06,39892,gender,Male,,,,
2017,06,40130,all,All,1.18236275055218,1.14720713616836,1.217518364936,1
2017,06,40130,gender,Female,1.22382726178276,1.18729945575799,1.26035506780752,1
2017,06,40130,gender,Male,1.11615430485586,1.07685758071525,1.15545102899647,1
2017,06,41992,all,All,1.09945307666818,1.06196888194701,1.13693727138935,1
2017,06,41992,gender,Female,1.1626513867262,1.12403522019944,1.20126755325296,1
2017,06,41992,gender,Male,1.04138098986351,0.999124188626418,1.0836377911006,1
2017,06,43000,all,All,1.22589879607588,1.21052884501367,1.24126874713809,1
2017,06,43000,gender,Female,1.31093446424963,1.29477383996555,1.32709508853371,1
2017,06,43000,gender,Male,1.13989504674761,1.1229148118169,1.15687528167833,1
2017,06,44000,all,All,1.03982198770023,1.03434678328338,1.04529719211708,1
2017,06,44000,gender,Female,1.09949507049077,1.09371439489377,1.10527574608777,1
2017,06,44000,gender,Male,0.979053168490453,0.973028716463081,0.985077620517826,1
2017,06,45484,all,All,1.26714393001792,1.23802544843523,1.29626241160061,1
2017,06,45484,gender,Female,1.32911547252418,1.29832376760401,1.35990717744435,1
2017,06,45484,gender,Male,1.21090842462158,1.17891228086183,1.24290456838132,1
2017,06,46842,all,All,1.07025150324539,1.03546180779998,1.10504119869079,1
2017,06,46842,gender,Female,1.12619239901162,1.08971974895944,1.1626650490638,1
2017,06,46842,gender,Male,1.01265440620198,0.974129330766678,1.05117948163729,1
2017,06,46898,all,All,1.06884914700157,1.0219759450331,1.11572234897004,1
2017,06,46898,gender,Female,1.11415212609706,1.06521072789659,1.16309352429754,1
2017,06,46898,gender,Male,1.02770271053294,0.975686487492732,1.07971893357315,1
2017,06,47766,all,All,1.38529538176548,1.34158329902076,1.4290074645102,1
2017,06,47766,gender,Female,1.50304233215753,1.4560630105321,1.55002165378296,1
2017,06,47766,gender,Male,1.28088094760279,1.23358123505062,1.32818066015496,1
2017,06,48256,all,All,1.16009954990339,1.1345803625493,1.18561873725748,1
2017,06,48256,gender,Female,1.19333202917398,1.16632845939678,1.22033559895117,1
2017,06,48256,gender,Male,1.12933351775731,1.10130200627654,1.15736502923809,1
2017,06,48354,all,All,1.11055780465706,1.06810600871153,1.1530096006026,1
2017,06,48354,gender,Female,1.14043272892079,1.09704495015877,1.18382050768281,1
2017,06,48354,gender,Male,1.07409847493952,1.02915953087454,1.11903741900449,1
2017,06,49270,all,All,0.900320038216986,0.877384734861304,0.923255341572668,1
2017,06,49270,gender,Female,0.971519174148895,0.946873854178994,0.996164494118795,1
2017,06,49270,gender,Male,0.830289100568587,0.805471759268868,0.855106441868306,1
2017,06,49670,all,All,1.08515691916183,1.03510233333666,1.13521150498701,1
2017,06,49670,gender,Female,1.13284098241972,1.0788477724431,1.18683419239634,1
2017,06,49670,gender,Male,1.03668787049613,0.9827036077392,1.09067213325306,1
2017,06,50076,all,All,1.02543818152039,0.996558419180622,1.05431794386015,1
2017,06,50076,gender,Female,1.06743258143496,1.03684259766489,1.09802256520504,1
2017,06,50076,gender,Male,1.00177402345339,0.970105089691832,1.03344295721495,1
2017,06,50258,all,All,1.15191786085135,1.11970113361683,1.18413458808587,1
2017,06,50258,gender,Female,1.17916727626971,1.14493575102902,1.21339880151041,1
2017,06,50258,gender,Male,1.11807166901527,1.08282535508413,1.15331798294642,1
2017,06,51182,all,All,,,,
2017,06,51182,gender,Female,,,,
2017,06,51182,gender,Male,,,,
2017,06,52526,all,All,0.87262941884187,0.840763370950265,0.904495466733476,1
2017,06,52526,gender,Female,0.908594721418782,0.875368391391681,0.941821051445883,1
2017,06,52526,gender,Male,0.827511606004348,0.792022982361104,0.863000229647592,1
2017,06,53000,all,All,1.05720055838957,1.03778328672587,1.07661783005326,1
2017,06,53000,gender,Female,1.1190380652023,1.09831954746572,1.13975658293888,1
2017,06,53000,gender,Male,0.997597396933959,0.976371562431119,1.0188232314368,1
2017,06,53322,all,All,1.11925060262894,1.089780532184,1.14872067307387,1
2017,06,53322,gender,Female,1.20502438090547,1.17363060937292,1.23641815243802,1
2017,06,53322,gender,Male,1.04360976396565,1.01144021833571,1.07577930959558,1
2017,06,53896,all,All,1.21694327182018,1.18745048697993,1.24643605666042,1
2017,06,53896,gender,Female,1.27018336192604,1.23924143842714,1.30112528542494,1
2017,06,53896,gender,Male,1.15947045448496,1.12685395242723,1.1920869565427,1
2017,06,53980,all,All,1.06949906988492,1.04420356097731,1.09479457879253,1
2017,06,53980,gender,Female,1.14514917875664,1.11883234521329,1.1714660123,1
2017,06,53980,gender,Male,0.987599120106412,0.959361828345996,1.01583641186683,1
2017,06,54652,all,All,1.17358702611575,1.13603089004966,1.21114316218185,1
2017,06,54652,gender,Female,1.23322715345542,1.19403679152076,1.27241751539007,1
2017,06,54652,gender,Male,1.1154544502692,1.07366450250738,1.15724439803103,1
2017,06,55156,all,All,1.08020490263027,1.04940528283349,1.11100452242706,1
2017,06,55156,gender,Female,1.12594156664106,1.09353860527395,1.15834452800817,1
2017,06,55156,gender,Male,1.04098565599714,1.00697653703086,1.07499477496343,1
2017,06,56000,all,All,0.84790403687218,0.816372627399759,0.879435446344601,1
2017,06,56000,gender,Female,0.930910527713601,0.897182981783469,0.964638073643732,1
2017,06,56000,gender,Male,0.75949280316577,0.725221932417471,0.79376367391407,1
2017,06,56700,all,All,0.923055581269905,0.888375445047231,0.957735717492579,1
2017,06,56700,gender,Female,0.977022375565274,0.941075423615432,1.01296932751512,1
2017,06,56700,gender,Male,0.854606636006121,0.815744116310957,0.893469155701286,1
2017,06,57456,all,All,0.876493487742787,0.835674700354908,0.917312275130667,1
2017,06,57456,gender,Female,0.939729707412626,0.895882303725497,0.983577111099755,1
2017,06,57456,gender,Male,0.808719462325994,0.764532506720964,0.852906417931024,1
2017,06,57792,all,All,1.16621642265289,1.13110700920339,1.2013258361024,1
2017,06,57792,gender,Female,1.19573428065921,1.15937939622634,1.23208916509208,1
2017,06,57792,gender,Male,1.14160519732736,1.10222317618894,1.18098721846579,1
2017,06,58072,all,All,1.20187213447418,1.17533019559027,1.22841407335808,1
2017,06,58072,gender,Female,1.23358574194879,1.20534293936203,1.26182854453555,1
2017,06,58072,gender,Male,1.16878643414112,1.13977458441609,1.19779828386615,1
2017,06,59444,all,All,1.09469300170962,1.06433151491554,1.1250544885037,1
2017,06,59444,gender,Female,1.16236832158744,1.13155588710111,1.19318075607376,1
2017,06,59444,gender,Male,1.02220798763409,0.987408376734312,1.05700759853386,1
2017,06,59451,all,All,1.09794889772814,1.0382761529973,1.15762164245898,1
2017,06,59451,gender,Female,1.15885354695192,1.09545727451819,1.22224981938566,1
2017,06,59451,gender,Male,1.04598841570456,0.98172641699234,1.11025041441677,1
2017,06,59920,all,All,1.0973621016526,1.01905198532856,1.17567221797664,1
2017,06,59920,gender,Female,1.13686252716808,1.05147347442227,1.22225157991389,1
2017,06,59920,gender,Male,1.0546865923934,0.966466153706419,1.14290703108038,1
2017,06,60102,all,All,1.2591053823095,1.221274144294,1.296936620325,1
2017,06,60102,gender,Female,1.2843947057826,1.24419853608798,1.32459087547722,1
2017,06,60102,gender,Male,1.23894002139466,1.19757914213862,1.2803009006507,1
2017,06,60466,all,All,0.917531447762674,0.890583385422698,0.94447951010265,1
2017,06,60466,gender,Female,0.98701217437488,0.958795372324725,1.01522897642503,1
2017,06,60466,gender,Male,0.847489245486057,0.817605530818668,0.877372960153445,1
2017,06,60620,all,All,1.05596755355121,1.03218345945399,1.07975164764843,1
2017,06,60620,gender,Female,1.11093160094857,1.08536837916913,1.13649482272802,1
2017,06,60620,gender,Male,1.00586043251419,0.980124838088131,1.03159602694024,1
2017,06,62000,all,All,1.09771397334839,1.07417287110987,1.1212550755869,1
2017,06,62000,gender,Female,1.15134536033724,1.12658788087718,1.17610283979731,1
2017,06,62000,gender,Male,1.0435742060801,1.01756277088076,1.06958564127944,1
2017,06,62938,all,All,1.01456574137296,0.977534388653912,1.051597094092,1
2017,06,62938,gender,Female,1.08991637635256,1.0512820316077,1.12855072109743,1
2017,06,62938,gender,Male,0.94545015281696,0.904184821682298,0.986715483951622,1
2017,06,64000,all,All,1.18983949835344,1.16257744941667,1.21710154729021,1
2017,06,64000,gender,Female,1.25159311250923,1.22281709143894,1.28036913357952,1
2017,06,64000,gender,Male,1.1332960998462,1.10327468952425,1.16331751016814,1
2017,06,64224,all,All,1.23273294126428,1.18976908757874,1.27569679494982,1
2017,06,64224,gender,Female,1.26049604548075,1.21423587399142,1.30675621697007,1
2017,06,64224,gender,Male,1.20613139555236,1.159632888853,1.25262990225173,1
2017,06,65000,all,All,1.31466154995204,1.296115738905,1.33320736099908,1
2017,06,65000,gender,Female,1.36244852538977,1.34261892386059,1.38227812691895,1
2017,06,65000,gender,Male,1.27259311246707,1.25242122524993,1.29276499968422,1
2017,06,65042,all,All,1.18834630476912,1.15644979116248,1.22024281837577,1
2017,06,65042,gender,Female,1.18306455819411,1.14929732352346,1.21683179286477,1
2017,06,65042,gender,Male,1.19079355960974,1.1558034397349,1.22578367948457,1
2017,06,66000,all,All,1.04075382546552,1.02447775707772,1.05702989385332,1
2017,06,66000,gender,Female,1.08401455067912,1.06679759188612,1.10123150947211,1
2017,06,66000,gender,Male,0.996280287276287,0.978406615016102,1.01415395953647,1
2017,06,67000,all,All,1.07331662925599,1.05519481156454,1.09143844694743,1
2017,06,67000,gender,Female,1.15543189728218,1.13618648941978,1.17467730514458,1
2017,06,67000,gender,Male,0.991584857840872,0.971744571446153,1.01142514423559,1
2017,06,68000,all,All,1.12528907508432,1.0895625938824,1.16101555628624,1
2017,06,68000,gender,Female,1.16991212742519,1.13234487490053,1.20747937994985,1
2017,06,68000,gender,Male,1.07750305736984,1.03804927560085,1.11695683913882,1
2017,06,68084,all,All,0.973128181759284,0.927357878406902,1.01889848511167,1
2017,06,68084,gender,Female,1.05620904703806,1.00793789338637,1.10448020068975,1
2017,06,68084,gender,Male,0.894124491884899,0.843696543238927,0.944552440530871,1
2017,06,68196,all,All,1.04997066573842,1.0211167157549,1.07882461572195,1
2017,06,68196,gender,Female,1.12544156465826,1.09449653633498,1.15638659298154,1
2017,06,68196,gender,Male,0.974993133775573,0.943716482944259,1.00626978460689,1
2017,06,68252,all,All,,,,
2017,06,68252,gender,Female,,,,
2017,06,68252,gender,Male,,,,
2017,06,68378,all,All,,,,
2017,06,68378,gender,Female,,,,
2017,06,68378,gender,Male,,,,
2017,06,69000,all,All,1.0452369587922,1.02736828837904,1.06310562920536,1
2017,06,69000,gender,Female,1.12485577637072,1.10609240636859,1.14361914637285,1
2017,06,69000,gender,Male,0.967994312146616,0.948213779112073,0.987774845181159,1
2017,06,69070,all,All,1.32673789558572,1.26690493741814,1.3865708537533,1
2017,06,69070,gender,Female,1.33186428955459,1.27328524328747,1.39044333582172,1
2017,06,69070,gender,Male,1.34014983516305,1.27900939311947,1.40129027720664,1
2017,06,69084,all,All,0.981626561591279,0.946311241778277,1.01694188140428,1
2017,06,69084,gender,Female,1.0744280168353,1.03719965196437,1.11165638170624,1
2017,06,69084,gender,Male,0.894374646671803,0.855460805763858,0.933288487579747,1
2017,06,69088,all,All,1.07950047431937,1.05139890915113,1.10760203948761,1
2017,06,69088,gender,Female,1.15670216015075,1.12695748139529,1.18644683890621,1
2017,06,69088,gender,Male,0.996378294010527,0.965525066014143,1.02723152200691,1
2017,06,69196,all,All,1.33698747282377,1.30155000654887,1.37242493909866,1
2017,06,69196,gender,Female,1.38748071265003,1.35751664289087,1.41744478240919,1
2017,06,69196,gender,Male,1.29663080692147,1.26564342887048,1.32761818497246,1
2017,06,70000,all,All,0.99959659215784,0.95815910893638,1.0410340753793,1
2017,06,70000,gender,Female,1.17575903696255,1.12027886258489,1.23123921134021,1
2017,06,70000,gender,Male,0.936590994793776,0.890132942284524,0.983049047303027,1
2017,06,70098,all,All,1.05668068207491,0.972263835086056,1.14109752906377,1
2017,06,70098,gender,Female,1.1316831063002,1.04161081327129,1.22175539932912,1
2017,06,70098,gender,Male,0.97826686425997,0.884940905700899,1.07159282281904,1
2017,06,72016,all,All,0.958995934276446,0.926020277528838,0.991971591024054,1
2017,06,72016,gender,Female,0.988176377550961,0.952764128266605,1.02358862683532,1
2017,06,72016,gender,Male,0.936349501401882,0.900648184249251,0.972050818554513,1
2017,06,73080,all,All,,,,
2017,06,73080,gender,Female,,,,
2017,06,73080,gender,Male,,,,
2017,06,75000,all,All,1.18410308865386,1.15913072779946,1.20907544950826,1
2017,06,75000,gender,Female,1.21732513000783,1.19112717657598,1.24352308343969,1
2017,06,75000,gender,Male,1.1505730329486,1.12294015728378,1.17820590861343,1
2017,06,77000,all,All,1.09981126359242,1.05562917249668,1.14399335468815,1
2017,06,77000,gender,Female,1.16361706301048,1.11518647060561,1.21204765541534,1
2017,06,77000,gender,Male,1.0497040288245,1.0027002132973,1.09670784435169,1
2017,06,78120,all,All,1.03054470183666,1.0083174303153,1.05277197335802,1
2017,06,78120,gender,Female,1.09409814074192,1.07043414373977,1.11776213774406,1
2017,06,78120,gender,Male,0.965003279433907,0.940739870611977,0.989266688255836,1
2017,06,78582,all,All,0.946885346398756,0.916063650843963,0.977707041953549,1
2017,06,78582,gender,Female,1.02317090905358,0.990609188042063,1.0557326300651,1
2017,06,78582,gender,Male,0.874489323825417,0.840587721657589,0.908390925993245,1
2017,06,80000,all,All,1.10498038772316,1.07656551090151,1.13339526454482,1
2017,06,80000,gender,Female,1.13964038288372,1.10959695101674,1.16968381475069,1
2017,06,80000,gender,Male,1.06688044844841,1.03567373498224,1.09808716191458,1
2017,06,80238,all,All,1.17695850764205,1.12335311680104,1.23056389848305,1
2017,06,80238,gender,Female,1.1940666912862,1.13569049878492,1.25244288378749,1
2017,06,80238,gender,Male,1.12730083386094,1.06015903327893,1.19444263444295,1
2017,06,80854,all,All,1.1686763467112,1.14168876351159,1.19566392991082,1
2017,06,80854,gender,Female,1.21294467857224,1.18448984093851,1.24139951620597,1
2017,06,80854,gender,Male,1.11766625828213,1.08793152629347,1.14740099027079,1
2017,06,81344,all,All,1.00609860269499,0.96552091479879,1.04667629059119,1
2017,06,81344,gender,Female,1.06300053676759,1.01944066501323,1.10656040852196,1
2017,06,81344,gender,Male,0.946644330294833,0.902698099850873,0.990590560738794,1
2017,06,81554,all,All,1.08754063134386,1.04879019355592,1.12629106913181,1
2017,06,81554,gender,Female,1.13452846935248,1.09390967983587,1.17514725886908,1
2017,06,81554,gender,Male,1.03610529719578,0.993166201586608,1.07904439280495,1
2017,06,81666,all,All,0.920644082472954,0.884433486998671,0.956854677947236,1
2017,06,81666,gender,Female,1.00238143959941,0.964498202350473,1.04026467684835,1
2017,06,81666,gender,Male,0.845953032440593,0.805774691651179,0.886131373230007,1
2017,06,82590,all,All,1.06730758170696,1.03857698544344,1.09603817797049,1
2017,06,82590,gender,Female,1.10392902673986,1.07311453380296,1.13474351967677,1
2017,06,82590,gender,Male,1.02006545339593,0.988921763085676,1.05120914370618,1
2017,06,82954,all,All,1.27360542915276,1.24879969695132,1.29841116135421,1
2017,06,82954,gender,Female,1.33104356460381,1.30526899083852,1.3568181383691,1
2017,06,82954,gender,Male,1.20918923456344,1.18147681128811,1.23690165783876,1
2017,06,82996,all,All,1.13560048319713,1.10788784560302,1.16331312079124,1
2017,06,82996,gender,Female,1.19733238779299,1.16824694046226,1.22641783512372,1
2017,06,82996,gender,Male,1.06766005726647,1.03700596037507,1.09831415415787,1
2017,06,84200,all,All,0.899795773945315,0.857192120802287,0.942399427088344,1
2017,06,84200,gender,Female,0.97852263218749,0.933162263230688,1.02388300114429,1
2017,06,84200,gender,Male,0.825840221829526,0.779354224075082,0.872326219583971,1
2017,06,84550,all,All,1.18103086273908,1.14398171259128,1.21808001288688,1
2017,06,84550,gender,Female,1.18449142034882,1.14500022243914,1.2239826182585,1
2017,06,84550,gender,Male,1.17461920852766,1.13421601336495,1.21502240369037,1
2017,06,85292,all,All,1.11891432802342,1.06797674030794,1.16985191573889,1
2017,06,85292,gender,Female,1.16943348629006,1.11609785791541,1.22276911466471,1
2017,06,85292,gender,Male,1.06529622125282,1.00881857024228,1.12177387226336,1
2017,08,03455,all,All,,,,
2017,08,03455,gender,Female,,,,
2017,08,03455,gender,Male,,,,
2017,08,04000,all,All,1.01291084983542,0.953582901194673,1.07223879847616,1
2017,08,04000,gender,Female,1.07448735248853,1.01075807516511,1.13821662981196,1
2017,08,04000,gender,Male,0.95567068971809,0.891453400777795,1.01988797865838,1
2017,08,07850,all,All,0.814959198670224,0.676680364486358,0.953238032854089,1
2017,08,07850,gender,Female,0.748659211080503,0.602648354173825,0.894670067987181,1
2017,08,07850,gender,Male,0.880896363516149,0.72884066626314,1.03295206076916,1
2017,08,12815,all,All,,,,
2017,08,12815,gender,Female,,,,
2017,08,12815,gender,Male,,,,
2017,08,16000,all,All,0.681859353355158,0.55273407054928,0.810984636161035,1
2017,08,16000,gender,Female,0.72432480563889,0.575655684894926,0.872993926382855,1
2017,08,16000,gender,Male,0.624893145348572,0.445724139040427,0.804062151656717,1
2017,08,20000,all,All,0.985939879992579,0.939127605647874,1.03275215433728,1
2017,08,20000,gender,Female,1.05910918689766,1.01016247411729,1.10805589967804,1
2017,08,20000,gender,Male,0.922014063617521,0.870044339307292,0.973983787927749,1
2017,08,27425,all,All,0.946810841672134,0.877766735663325,1.01585494768094,1
2017,08,27425,gender,Female,0.995176376257649,0.922464685352735,1.06788806716256,1
2017,08,27425,gender,Male,0.906905564403054,0.830786550335649,0.983024578470459,1
2017,08,32155,all,All,0.808611706011374,0.728128124270867,0.889095287751881,1
2017,08,32155,gender,Female,0.928890993756804,0.844239716872942,1.01354227064067,1
2017,08,32155,gender,Male,0.696275068372198,0.607437269549938,0.785112867194458,1
2017,08,43000,all,All,,,,
2017,08,43000,gender,Female,,,,
2017,08,43000,gender,Male,,,,
2017,08,45970,all,All,0.673072556614158,0.605378833013364,0.740766280214952,1
2017,08,45970,gender,Female,0.703594568462798,0.632137618228222,0.775051518697374,1
2017,08,45970,gender,Male,0.641449856285321,0.56698972371594,0.715909988854703,1
2017,08,46465,all,All,1.32196226119369,1.13026833692775,1.51365618545962,1
2017,08,46465,gender,Female,1.25275944993749,1.04936236079864,1.45615653907633,1
2017,08,46465,gender,Male,1.38382649276346,1.17398233374406,1.59367065178285,1
2017,08,62000,all,All,0.57124133538598,0.467756123718209,0.674726547053752,1
2017,08,62000,gender,Female,0.729301611772271,0.616653215142678,0.841950008401864,1
2017,08,62000,gender,Male,0.435489730452746,0.324764892551304,0.546214568354188,1
2017,08,77290,all,All,1.13941851007053,1.08304284508747,1.19579417505358,1
2017,08,77290,gender,Female,1.21954086312426,1.15996658325278,1.27911514299575,1
2017,08,77290,gender,Male,1.05781027768264,0.995863573651345,1.11975698171394,1
2017,08,83835,all,All,1.25339021138403,1.14387161846912,1.36290880429894,1
2017,08,83835,gender,Female,1.29282515304831,1.17631051781383,1.40933978828279,1
2017,08,83835,gender,Male,1.20542973159409,1.08584510156161,1.32501436162658,1
2017,09,08000,all,All,0.974714843329797,0.945944399295653,1.00348528736394,1
2017,09,08000,gender,Female,1.00807455827294,0.977353626166882,1.038795490379,1
2017,09,08000,gender,Male,0.948788225155226,0.917471996536275,0.980104453774178,1
2017,09,18430,all,All,0.910291506628098,0.868523119847752,0.952059893408444,1
2017,09,18430,gender,Female,0.965280380870723,0.921425257274836,1.00913550446661,1
2017,09,18430,gender,Male,0.853901028783657,0.807720227847039,0.900081829720275,1
2017,09,37000,all,All,0.838059820634097,0.807990270497957,0.868129370770238,1
2017,09,37000,gender,Female,0.903424669083001,0.872166156040581,0.934683182125421,1
2017,09,37000,gender,Male,0.757464807768094,0.723887301569454,0.791042313966735,1
2017,09,52000,all,All,1.06918941825151,1.03957359533308,1.09880524116994,1
2017,09,52000,gender,Female,1.05332010618646,1.0225629129128,1.08407729946011,1
2017,09,52000,gender,Male,1.0896699044168,1.0565669195608,1.1227728892728,1
2017,09,55990,all,All,0.895837846216035,0.855897547327367,0.935778145104704,1
2017,09,55990,gender,Female,0.956103251781176,0.913927060274782,0.99827944328757,1
2017,09,55990,gender,Male,0.832628223444644,0.788708026410984,0.876548420478305,1
2017,09,73000,all,All,0.864975364396556,0.83011359650856,0.899837132284552,1
2017,09,73000,gender,Female,0.893139183335282,0.856407510947657,0.929870855722907,1
2017,09,73000,gender,Male,0.837273265657816,0.798858291800451,0.875688239515181,1
2017,09,80000,all,All,0.802776474230219,0.770245907844363,0.835307040616074,1
2017,09,80000,gender,Female,0.844092000418503,0.810729323303926,0.87745467753308,1
2017,09,80000,gender,Male,0.752838610171303,0.71599851260814,0.789678707734467,1
2017,11,50000,all,All,0.93696285395442,0.919283693603422,0.954642014305419,1
2017,11,50000,gender,Female,0.99326614018584,0.974859502179846,1.01167277819183,1
2017,11,50000,gender,Male,0.87189333583402,0.852182053628754,0.891604618039286,1
2017,12,07300,all,All,,,,
2017,12,07300,gender,Female,,,,
2017,12,07300,gender,Male,,,,
2017,12,07875,all,All,,,,
2017,12,07875,gender,Female,,,,
2017,12,07875,gender,Male,,,,
2017,12,10275,all,All,,,,
2017,12,10275,gender,Female,,,,
2017,12,10275,gender,Male,,,,
2017,12,12875,all,All,,,,
2017,12,12875,gender,Female,,,,
2017,12,12875,gender,Male,,,,
2017,12,14400,all,All,,,,
2017,12,14400,gender,Female,,,,
2017,12,14400,gender,Male,,,,
2017,12,16475,all,All,,,,
2017,12,16475,gender,Female,,,,
2017,12,16475,gender,Male,,,,
2017,12,16725,all,All,,,,
2017,12,16725,gender,Female,,,,
2017,12,16725,gender,Male,,,,
2017,12,17200,all,All,,,,
2017,12,17200,gender,Female,,,,
2017,12,17200,gender,Male,,,,
2017,12,17935,all,All,,,,
2017,12,17935,gender,Female,,,,
2017,12,17935,gender,Male,,,,
2017,12,24000,all,All,0.9263392001553,0.918496772352579,0.934181627958022,1
2017,12,24000,gender,Female,0.935073630951996,0.92685398177124,0.943293280132753,1
2017,12,24000,gender,Male,0.913835031165629,0.905148801184092,0.922521261147165,1
2017,12,24125,all,All,0.800937121072506,0.787272815417133,0.814601426727881,1
2017,12,24125,gender,Female,0.853056802404318,0.838560792570101,0.867552812238535,1
2017,12,24125,gender,Male,0.750678417855207,0.73571880200312,0.765638033707294,1
2017,12,25175,all,All,0.905563293535107,0.880992689926587,0.930133897143628,1
2017,12,25175,gender,Female,0.926489963612377,0.900459529088922,0.952520398135833,1
2017,12,25175,gender,Male,0.888713591592896,0.861779379420908,0.915647803764883,1
2017,12,30000,all,All,,,,
2017,12,30000,gender,Female,,,,
2017,12,30000,gender,Male,,,,
2017,12,32000,all,All,,,,
2017,12,32000,gender,Female,,,,
2017,12,32000,gender,Male,,,,
2017,12,32275,all,All,,,,
2017,12,32275,gender,Female,,,,
2017,12,32275,gender,Male,,,,
2017,12,35000,all,All,0.774887844622501,0.763454810126573,0.786320879118428,1
2017,12,35000,gender,Female,0.815280336350002,0.80320520026576,0.827355472434244,1
2017,12,35000,gender,Male,0.740788606576913,0.72807635833603,0.753500854817796,1
2017,12,36950,all,All,0.817599334654009,0.801182889443061,0.834015779864956,1
2017,12,36950,gender,Female,0.86760867329426,0.849987855521627,0.885229491066894,1
2017,12,36950,gender,Male,0.770174986198561,0.752392982038057,0.787956990359066,1
2017,12,38250,all,All,,,,
2017,12,38250,gender,Female,,,,
2017,12,38250,gender,Male,,,,
2017,12,39425,all,All,0.807633436336301,0.794939289646815,0.820327583025786,1
2017,12,39425,gender,Female,0.835480949482257,0.822108065958312,0.848853833006202,1
2017,12,39425,gender,Male,0.780630847935458,0.766640258808137,0.794621437062779,1
2017,12,43975,all,All,,,,
2017,12,43975,gender,Female,,,,
2017,12,43975,gender,Male,,,,
2017,12,45000,all,All,0.886962914702567,0.880186139286822,0.893739690118311,1
2017,12,45000,gender,Female,0.908501114471335,0.90134324518767,0.915658983755,1
2017,12,45000,gender,Male,0.864345800261539,0.856895923424977,0.871795677098101,1
2017,12,45025,all,All,,,,
2017,12,45025,gender,Female,,,,
2017,12,45025,gender,Male,,,,
2017,12,45060,all,All,,,,
2017,12,45060,gender,Female,,,,
2017,12,45060,gender,Male,,,,
2017,12,45975,all,All,,,,
2017,12,45975,gender,Female,,,,
2017,12,45975,gender,Male,,,,
2017,12,49675,all,All,,,,
2017,12,49675,gender,Female,,,,
2017,12,49675,gender,Male,,,,
2017,12,53000,all,All,0.803666807788234,0.794526489926417,0.81280712565005,1
2017,12,53000,gender,Female,0.84202304520684,0.832376466485019,0.85166962392866,1
2017,12,53000,gender,Male,0.762885854791399,0.752829994723408,0.772941714859389,1
2017,12,54000,all,All,,,,
2017,12,54000,gender,Female,,,,
2017,12,54000,gender,Male,,,,
2017,12,54200,all,All,,,,
2017,12,54200,gender,Female,,,,
2017,12,54200,gender,Male,,,,
2017,12,55775,all,All,,,,
2017,12,55775,gender,Female,,,,
2017,12,55775,gender,Male,,,,
2017,12,57425,all,All,,,,
2017,12,57425,gender,Female,,,,
2017,12,57425,gender,Male,,,,
2017,12,58050,all,All,,,,
2017,12,58050,gender,Female,,,,
2017,12,58050,gender,Male,,,,
2017,12,58715,all,All,,,,
2017,12,58715,gender,Female,,,,
2017,12,58715,gender,Male,,,,
2017,12,63000,all,All,,,,
2017,12,63000,gender,Female,,,,
2017,12,63000,gender,Male,,,,
2017,12,69700,all,All,,,,
2017,12,69700,gender,Female,,,,
2017,12,69700,gender,Male,,,,
2017,12,70600,all,All,0.857539366415501,0.83633181693824,0.878746915892762,1
2017,12,70600,gender,Female,0.884692830239413,0.862058222907536,0.907327437571291,1
2017,12,70600,gender,Male,0.824433800316509,0.801344351586534,0.847523249046484,1
2017,12,71000,all,All,0.826520059075019,0.817575302722989,0.83546481542705,1
2017,12,71000,gender,Female,0.843863204853406,0.834363738211989,0.853362671494823,1
2017,12,71000,gender,Male,0.807902695392809,0.798119568652237,0.81768582213338,1
2017,12,76600,all,All,0.935636234649384,0.926259567265634,0.945012902033134,1
2017,12,76600,gender,Female,0.974900703203527,0.965050535863817,0.984750870543238,1
2017,12,76600,gender,Male,0.89478379470766,0.884421767343369,0.905145822071951,1
2017,13,03440,all,All,0.893743721540474,0.858350702154645,0.929136740926304,1
2017,13,03440,gender,Female,0.9758373384545,0.938266570417582,1.01340810649142,1
2017,13,03440,gender,Male,0.806686278440681,0.767954371047109,0.845418185834253,1
2017,13,04000,all,All,0.925695213617416,0.910742990580016,0.940647436654815,1
2017,13,04000,gender,Female,0.971908735584475,0.956163703660349,0.987653767508601,1
2017,13,04000,gender,Male,0.88626325071501,0.869778290609782,0.902748210820238,1
2017,13,04204,all,All,1.01592951107652,0.992734306891936,1.0391247152611,1
2017,13,04204,gender,Female,1.06776658836029,1.04373099816754,1.09180217855305,1
2017,13,04204,gender,Male,0.963022998349237,0.937035200084132,0.989010796614343,1
2017,13,19000,all,All,1.07140235061751,1.04827039581892,1.09453430541611,1
2017,13,19000,gender,Female,1.11588072426925,1.09138579066855,1.14037565786995,1
2017,13,19000,gender,Male,1.03282706199342,1.00745880008897,1.05819532389787,1
2017,13,42425,all,All,,,,
2017,13,42425,gender,Female,,,,
2017,13,42425,gender,Male,,,,
2017,13,49008,all,All,0.897114418801455,0.871470203097992,0.922758634504918,1
2017,13,49008,gender,Female,0.949189409142965,0.921717601172347,0.976661217113582,1
2017,13,49008,gender,Male,0.859802902183206,0.83197791532369,0.887627889042721,1
2017,13,67284,all,All,,,,
2017,13,67284,gender,Female,,,,
2017,13,67284,gender,Male,,,,
2017,13,68516,all,All,,,,
2017,13,68516,gender,Female,,,,
2017,13,68516,gender,Male,,,,
2017,13,69000,all,All,0.784062852366158,0.761560814983266,0.806564889749049,1
2017,13,69000,gender,Female,0.858060606476257,0.834135080612166,0.881986132340347,1
2017,13,69000,gender,Male,0.716633795102287,0.692050423067793,0.741217167136781,1
2017,13,72122,all,All,,,,
2017,13,72122,gender,Female,,,,
2017,13,72122,gender,Male,,,,
2017,13,80508,all,All,,,,
2017,13,80508,gender,Female,,,,
2017,13,80508,gender,Male,,,,
2017,15,71550,all,All,,,,
2017,15,71550,gender,Female,,,,
2017,15,71550,gender,Male,,,,
2017,16,08830,all,All,0.943022430513822,0.917386182189567,0.968658678838077,1
2017,16,08830,gender,Female,1.00260218571362,0.975653957230537,1.02955041419671,1
2017,16,08830,gender,Male,0.900322450536511,0.87199783759076,0.928647063482261,1
2017,16,52120,all,All,1.25476864744904,1.23350533762044,1.27603195727764,1
2017,16,52120,gender,Female,1.29604766080854,1.27364553270939,1.31844978890769,1
2017,16,52120,gender,Male,1.22093507207058,1.19750289271161,1.24436725142955,1
2017,16,56260,all,All,1.24182399834579,1.20926579156542,1.27438220512617,1
2017,16,56260,gender,Female,1.31378222144301,1.27957130456489,1.34799313832113,1
2017,16,56260,gender,Male,1.17837012148807,1.14239810945141,1.21434213352472,1
2017,17,02154,all,All,0.932013966345788,0.884050905109058,0.979977027582518,1
2017,17,02154,gender,Female,1.03827048647449,0.988485548467786,1.08805542448119,1
2017,17,02154,gender,Male,0.827370072742076,0.773779656134993,0.880960489349159,1
2017,17,03012,all,All,1.08093214126099,1.05235926547032,1.10950501705165,1
2017,17,03012,gender,Female,1.15416547270754,1.12394118964371,1.18438975577137,1
2017,17,03012,gender,Male,1.01380163016054,0.982435454921782,1.0451678053993,1
2017,17,06613,all,All,0.468557812144004,0.415883232384273,0.521232391903736,1
2017,17,06613,gender,Female,0.479496594065312,0.422469126513647,0.536524061616978,1
2017,17,06613,gender,Male,0.497793523332916,0.423715120129494,0.571871926536338,1
2017,17,12385,all,All,0.77179305453153,0.729412000608273,0.814174108454787,1
2017,17,12385,gender,Female,0.86472039366733,0.819346180515509,0.910094606819152,1
2017,17,12385,gender,Male,0.71757322605114,0.671552106040467,0.763594346061814,1
2017,17,14000,all,All,1.1749522436942,1.16595227831934,1.18395220906905,1
2017,17,14000,gender,Female,1.26624542135418,1.25719216572858,1.27529867697978,1
2017,17,14000,gender,Male,1.08347299568029,1.07341079586876,1.09353519549182,1
2017,17,14351,all,All,1.17038973946992,1.14127232840153,1.19950715053831,1
2017,17,14351,gender,Female,1.32291262088246,1.29341825248138,1.35240698928353,1
2017,17,14351,gender,Male,0.98659423527817,0.953165768909078,1.02002270164726,1
2017,17,23074,all,All,1.048078749955,1.0284690298091,1.0676884701009,1
2017,17,23074,gender,Female,1.13423006143824,1.11349099271473,1.15496913016176,1
2017,17,23074,gender,Male,0.966725388887748,0.945194183870425,0.988256593905071,1
2017,17,24582,all,All,1.30084113472493,1.07348163439041,1.52820063505945,1
2017,17,24582,gender,Female,1.35015736490726,1.11117398555205,1.58914074426247,1
2017,17,24582,gender,Male,1.25018773970662,0.999069885823712,1.50130559358953,1
2017,17,38570,all,All,1.07237278993378,1.03627635587149,1.10846922399608,1
2017,17,38570,gender,Female,1.16913453162061,1.12828707124349,1.20998199199773,1
2017,17,38570,gender,Male,0.976612415024953,0.936344508503517,1.01688032154639,1
2017,17,51622,all,All,1.21252586417831,1.18238104644677,1.24267068190986,1
2017,17,51622,gender,Female,1.28335633434706,1.25144719164448,1.31526547704965,1
2017,17,51622,gender,Male,1.15149028269432,1.11841918810655,1.18456137728209,1
2017,17,59000,all,All,0.935239415354244,0.879095977471456,0.991382853237032,1
2017,17,59000,gender,Female,1.01793064627564,0.968931467288321,1.06692982526297,1
2017,17,59000,gender,Male,0.886064777013963,0.821446360563559,0.950683193464367,1
2017,17,65000,all,All,0.968375814542935,0.94360419080554,0.99314743828033,1
2017,17,65000,gender,Female,1.02754974883121,1.0009278252497,1.05417167241272,1
2017,17,65000,gender,Male,0.904882820009269,0.878081544806955,0.931684095211583,1
2017,17,68003,all,All,1.17128583919762,1.14364510949282,1.19892656890241,1
2017,17,68003,gender,Female,1.28570334842182,1.25614401372759,1.31526268311604,1
2017,17,68003,gender,Male,1.07751814952638,1.04747954315154,1.10755675590122,1
2017,17,72000,all,All,0.926859174128293,0.892986665426698,0.960731682829887,1
2017,17,72000,gender,Female,1.0327346027953,0.996889982468278,1.06857922312232,1
2017,17,72000,gender,Male,0.83386317396199,0.796689310722538,0.871037037201443,1
2017,17,79293,all,All,0.958869029749576,0.925391718741017,0.992346340758135,1
2017,17,79293,gender,Female,1.04715365011622,1.01212929029677,1.08217800993567,1
2017,17,79293,gender,Male,0.882337414732679,0.84518768601614,0.919487143449217,1
2017,18,05860,all,All,1.19931596064329,1.16045843472287,1.23817348656371,1
2017,18,05860,gender,Female,1.2498925520088,1.20734219214793,1.29244291186966,1
2017,18,05860,gender,Male,1.1457111792116,1.10433961105153,1.18708274737166,1
2017,18,10342,all,All,0.964638417534174,0.934482047854208,0.99479478721414,1
2017,18,10342,gender,Female,0.968656531113652,0.937203516054026,1.00010954617328,1
2017,18,10342,gender,Male,0.951618807472665,0.91805689732822,0.98518071761711,1
2017,18,22000,all,All,1.03882696082594,1.01250728863835,1.06514663301353,1
2017,18,22000,gender,Female,1.12931479165387,1.10115165319682,1.15747793011093,1
2017,18,22000,gender,Male,0.952912128138042,0.924322404171951,0.981501852104132,1
2017,18,23278,all,All,1.02548159480594,0.999048580798024,1.05191460881386,1
2017,18,23278,gender,Female,1.04865495501844,1.02035248915878,1.07695742087809,1
2017,18,23278,gender,Male,1.00234692524748,0.973652878428546,1.03104097206642,1
2017,18,25000,all,All,0.969418511490853,0.938110357279264,1.00072666570244,1
2017,18,25000,gender,Female,1.06054961279811,1.02795478224899,1.09314444334723,1
2017,18,25000,gender,Male,0.881224520229008,0.846324199484848,0.916124840973167,1
2017,18,31000,all,All,1.03629321139719,1.00299218644139,1.06959423635298,1
2017,18,31000,gender,Female,1.10232481659276,1.06732591069204,1.13732372249347,1
2017,18,31000,gender,Male,0.971964156043736,0.935178521824442,1.00874979026303,1
2017,18,36003,all,All,,,,
2017,18,36003,gender,Female,,,,
2017,18,36003,gender,Male,,,,
2017,18,71000,all,All,0.925302151517992,0.895557802826157,0.955046500209827,1
2017,18,71000,gender,Female,0.999238457711942,0.96801704951162,1.03045986591226,1
2017,18,71000,gender,Male,0.881342372116203,0.848088441421353,0.914596302811052,1
2017,19,12000,all,All,0.910239219286401,0.872023372148321,0.948455066424481,1
2017,19,12000,gender,Female,0.923012941322568,0.88301274278743,0.963013139857706,1
2017,19,12000,gender,Male,0.890456223376727,0.84807546518548,0.932836981567973,1
2017,19,19000,all,All,0.886343179238472,0.853991393770102,0.918694964706843,1
2017,19,19000,gender,Female,0.877570152984282,0.842923728612457,0.912216577356106,1
2017,19,19000,gender,Male,0.883921302158679,0.848808518038389,0.91903408627897,1
2017,19,21000,all,All,0.961961338479375,0.936195411691646,0.987727265267105,1
2017,19,21000,gender,Female,0.942578120917593,0.916188951057519,0.968967290777667,1
2017,19,21000,gender,Male,0.985426815308523,0.956237729907758,1.01461590070929,1
2017,19,73335,all,All,1.01287430747143,0.979484681272512,1.04626393367036,1
2017,19,73335,gender,Female,1.02759695869986,0.992895850573543,1.06229806682618,1
2017,19,73335,gender,Male,0.989893727052913,0.952594865278032,1.02719258882779,1
2017,20,36000,all,All,1.06994714317487,1.02908232957171,1.11081195677804,1
2017,20,36000,gender,Female,1.11892494202828,1.076405494027,1.16144439002956,1
2017,20,36000,gender,Male,1.00147211373096,0.955890523278021,1.0470537041839,1
2017,20,38900,all,All,0.851984187328426,0.80945305841165,0.894515316245202,1
2017,20,38900,gender,Female,0.969930243393508,0.923671885443903,1.01618860134311,1
2017,20,38900,gender,Male,0.760469749005301,0.714927237816106,0.806012260194496,1
2017,20,52575,all,All,0.861040810048446,0.83583890445742,0.886242715639471,1
2017,20,52575,gender,Female,0.935729774747066,0.908708619899854,0.962750929594278,1
2017,20,52575,gender,Male,0.789628836759135,0.762305044481387,0.816952629036883,1
2017,20,53775,all,All,1.06987163369198,1.04144630410825,1.09829696327572,1
2017,20,53775,gender,Female,1.13240629833461,1.10236924507478,1.16244335159444,1
2017,20,53775,gender,Male,1.01363392533944,0.982393183817057,1.04487466686183,1
2017,20,71000,all,All,1.02125541264347,0.973433229668866,1.06907759561808,1
2017,20,71000,gender,Female,1.13038514461969,1.08058349000274,1.18018679923665,1
2017,20,71000,gender,Male,0.905201381588021,0.851925570542703,0.95847719263334,1
2017,20,79000,all,All,0.978470338526796,0.958314358265435,0.998626318788158,1
2017,20,79000,gender,Female,1.05734727941689,1.03601533722107,1.07867922161271,1
2017,20,79000,gender,Male,0.891645022536422,0.869527969550888,0.913762075521956,1
2017,21,46027,all,All,0.874132652913226,0.854353020209051,0.8939122856174,1
2017,21,46027,gender,Female,0.968106000842483,0.947394783886256,0.988817217798709,1
2017,21,46027,gender,Male,0.774376246369493,0.752448640691297,0.79630385204769,1
2017,21,48006,all,All,0.861462418418413,0.84843872500756,0.874486111829267,1
2017,21,48006,gender,Female,0.928790629689091,0.915125094879482,0.9424561644987,1
2017,21,48006,gender,Male,0.786921604960238,0.772512216539769,0.801330993380708,1
2017,22,05000,all,All,0.918569914884747,0.899572494789723,0.93756733497977,1
2017,22,05000,gender,Female,0.948739374520042,0.928975860027704,0.968502889012381,1
2017,22,05000,gender,Male,0.87692726582845,0.85572156738907,0.898132964267831,1
2017,22,40735,all,All,0.980447995645027,0.958107673209322,1.00278831808073,1
2017,22,40735,gender,Female,1.0523538403904,1.02877267687013,1.07593500391066,1
2017,22,40735,gender,Male,0.917339264510533,0.89276071799474,0.941917811026325,1
2017,22,41155,all,All,0.94712491653148,0.925048436574793,0.969201396488167,1
2017,22,41155,gender,Female,1.02462469083861,1.00133048100507,1.04791890067216,1
2017,22,41155,gender,Male,0.876797830756956,0.85250481511979,0.901090846394122,1
2017,22,55000,all,All,1.09114061865755,1.07208202378978,1.11019921352532,1
2017,22,55000,gender,Female,1.15032138306002,1.13008111870778,1.17056164741225,1
2017,22,55000,gender,Male,1.03788228810216,1.01702470921021,1.05873986699411,1
2017,22,70000,all,All,1.01505043703529,0.995032073272393,1.03506880079819,1
2017,22,70000,gender,Female,1.0618396594709,1.04095411065545,1.08272520828635,1
2017,22,70000,gender,Male,0.964007037486898,0.941733398206858,0.986280676766939,1
2017,24,04000,all,All,0.95622836189101,0.936079592017261,0.976377131764758,1
2017,24,04000,gender,Female,1.01505326769216,0.993660635088775,1.03644590029554,1
2017,24,04000,gender,Male,0.902917691288204,0.88087375778893,0.924961624787478,1
2017,24,30325,all,All,0.946010843206834,0.917695297637999,0.974326388775669,1
2017,24,30325,gender,Female,1.05083912672428,1.02104552760289,1.08063272584567,1
2017,24,30325,gender,Male,0.849450434554793,0.818208251402599,0.880692617706987,1
2017,25,07000,all,All,1.28376762321222,1.18417335404408,1.38336189238037,1
2017,25,07000,gender,Female,1.5298085143655,1.42437358351906,1.63524344521194,1
2017,25,07000,gender,Male,1.02953152868265,0.92026885899042,1.13879419837489,1
2017,25,09000,all,All,1.08219471944686,1.0512962355863,1.11309320330741,1
2017,25,09000,gender,Female,1.11378811785541,1.08129808621651,1.1462781494943,1
2017,25,09000,gender,Male,1.05345252975008,1.01933857691376,1.0875664825864,1
2017,25,11000,all,All,1.01982165617484,0.973344416832003,1.06629889551768,1
2017,25,11000,gender,Female,1.02915843723854,0.980934958809837,1.07738191566724,1
2017,25,11000,gender,Male,1.00730663959379,0.955287001821268,1.05932627736631,1
2017,25,23000,all,All,1.06349303530794,1.0274015845961,1.09958448601978,1
2017,25,23000,gender,Female,1.14029465163418,1.10215376200612,1.17843554126224,1
2017,25,23000,gender,Male,0.988284483972733,0.9486282075507,1.02794076039477,1
2017,25,34550,all,All,1.07197565575628,1.02780472165663,1.11614658985593,1
2017,25,34550,gender,Female,1.21592090575403,1.16541010345123,1.26643170805682,1
2017,25,34550,gender,Male,0.997650752463259,0.948935219791755,1.04636628513476,1
2017,25,37000,all,All,0.97300709762,0.940649593797564,1.00536460144244,1
2017,25,37000,gender,Female,1.01092011937214,0.976965271109511,1.04487496763477,1
2017,25,37000,gender,Male,0.927745645781329,0.891942699192778,0.963548592369881,1
2017,25,37490,all,All,1.0488555121476,1.0164856661095,1.0812253581857,1
2017,25,37490,gender,Female,1.0723020892101,1.0378311938814,1.1067729845388,1
2017,25,37490,gender,Male,1.01959487402857,0.984263875428233,1.0549258726289,1
2017,25,45000,all,All,0.84124405733821,0.80808270629029,0.87440540838613,1
2017,25,45000,gender,Female,0.91622978299056,0.880661616975968,0.951797949005151,1
2017,25,45000,gender,Male,0.771313253863378,0.735361007577093,0.807265500149664,1
2017,25,45560,all,All,,,,
2017,25,45560,gender,Female,,,,
2017,25,45560,gender,Male,,,,
2017,25,55745,all,All,1.21374003576602,1.17141891729536,1.25606115423667,1
2017,25,55745,gender,Female,1.21947553335417,1.17397655019502,1.26497451651333,1
2017,25,55745,gender,Male,1.2015683480181,1.15579342952356,1.24734326651263,1
2017,25,62535,all,All,1.15035301720503,1.0903289925233,1.21037704188676,1
2017,25,62535,gender,Female,1.20220270816125,1.13768858291316,1.26671683340933,1
2017,25,62535,gender,Male,1.072226316708,1.00727516930278,1.13717746411322,1
2017,25,67000,all,All,0.786010244723249,0.761358639073571,0.810661850372927,1
2017,25,67000,gender,Female,0.856459563671637,0.830359324755693,0.88255980258758,1
2017,25,67000,gender,Male,0.722102141835213,0.695056261968615,0.74914802170181,1
2017,25,82000,all,All,0.975788930629204,0.949746497567811,1.0018313636906,1
2017,25,82000,gender,Female,1.01913700488282,0.991268731457392,1.04700527830824,1
2017,25,82000,gender,Male,0.930833849027127,0.902547934371079,0.959119763683175,1
2017,26,03000,all,All,1.19612481784656,1.16700282875142,1.2252468069417,1
2017,26,03000,gender,Female,1.13529953832617,1.10480884463771,1.16579023201463,1
2017,26,03000,gender,Male,1.25291938457982,1.22063126724965,1.28520750191,1
2017,26,21000,all,All,1.12565772527235,1.10033119096956,1.15098425957514,1
2017,26,21000,gender,Female,1.15177051024769,1.12509158833873,1.17844943215665,1
2017,26,21000,gender,Male,1.10534957303872,1.07743442911689,1.13326471696055,1
2017,26,22000,all,All,1.16261533200051,1.14915773095617,1.17607293304485,1
2017,26,22000,gender,Female,1.16579053870444,1.15158507551224,1.17999600189665,1
2017,26,22000,gender,Male,1.15546243637053,1.14065865136958,1.17026622137149,1
2017,26,27440,all,All,,,,
2017,26,27440,gender,Female,,,,
2017,26,27440,gender,Male,,,,
2017,26,29000,all,All,0.959409818772855,0.890409795756313,1.0284098417894,1
2017,26,29000,gender,Female,1.00732217546809,0.935320295563494,1.07932405537269,1
2017,26,29000,gender,Male,0.977445135500792,0.908040567016775,1.04684970398481,1
2017,26,34000,all,All,1.05284976001013,1.00722270040593,1.09847681961433,1
2017,26,34000,gender,Female,1.07789616379902,1.02970277793455,1.1260895496635,1
2017,26,34000,gender,Male,1.02717421252483,0.977005177429346,1.07734324762031,1
2017,26,46000,all,All,0.84411489594354,0.802122297879558,0.886107494007521,1
2017,26,46000,gender,Female,0.882871741053206,0.838079338503531,0.927664143602881,1
2017,26,46000,gender,Male,0.795574704593852,0.749860346335339,0.841289062852365,1
2017,26,49000,all,All,1.05000734917264,1.01092102398198,1.08909367436331,1
2017,26,49000,gender,Female,1.07548615591869,1.03382598597225,1.11714632586512,1
2017,26,49000,gender,Male,1.03473017772517,0.992123345232662,1.07733701021768,1
2017,26,69035,all,All,,,,
2017,26,69035,gender,Female,,,,
2017,26,69035,gender,Male,,,,
2017,26,74900,all,All,0.956306559562593,0.919476531297053,0.993136587828132,1
2017,26,74900,gender,Female,0.948311820998244,0.909657827797874,0.986965814198614,1
2017,26,74900,gender,Male,0.982536111035676,0.941793693047184,1.02327852902417,1
2017,26,76460,all,All,1.13897423118413,1.11560700418525,1.16234145818302,1
2017,26,76460,gender,Female,1.18109896027266,1.15646839550668,1.20572952503863,1
2017,26,76460,gender,Male,1.0909972131244,1.06525860161793,1.11673582463087,1
2017,26,80700,all,All,1.09188897164211,1.05611077277443,1.12766717050979,1
2017,26,80700,gender,Female,1.09309528793908,1.05498463316356,1.1312059427146,1
2017,26,80700,gender,Male,1.10011677418085,1.06109451939887,1.13913902896284,1
2017,26,84000,all,All,1.18914453303594,1.14330240296853,1.23498666310335,1
2017,26,84000,gender,Female,1.21826577436977,1.16887634364089,1.26765520509864,1
2017,26,84000,gender,Male,1.16032306799175,1.11085048376297,1.20979565222053,1
2017,26,86000,all,All,1.0318172511954,0.996171025322915,1.06746347706788,1
2017,26,86000,gender,Female,1.05346027589909,1.01601556547074,1.09090498632744,1
2017,26,86000,gender,Male,1.00097483126857,0.961580568656588,1.04036909388054,1
2017,26,88940,all,All,1.00296189266745,0.937486419231277,1.06843736610362,1
2017,26,88940,gender,Female,1.06730509576092,0.998413018615482,1.13619717290636,1
2017,26,88940,gender,Male,0.913150839574585,0.840885717576345,0.985415961572825,1
2017,27,06616,all,All,0.846042141587746,0.806293438334753,0.885790844840739,1
2017,27,06616,gender,Female,0.851519408189376,0.810183069521121,0.89285574685763,1
2017,27,06616,gender,Male,0.844361270708262,0.799988625175702,0.888733916240822,1
2017,27,07966,all,All,,,,
2017,27,07966,gender,Female,,,,
2017,27,07966,gender,Male,,,,
2017,27,17000,all,All,0.963440490975256,0.923723251138416,1.0031577308121,1
2017,27,17000,gender,Female,1.0171963853745,0.974706945076517,1.05968582567249,1
2017,27,17000,gender,Male,0.909822726090754,0.866674578851807,0.952970873329702,1
2017,27,43000,all,All,0.960043293498481,0.941106675407692,0.97897991158927,1
2017,27,43000,gender,Female,1.0247345794711,1.0048330320429,1.0446361268993,1
2017,27,43000,gender,Male,0.892745826602704,0.871827996526009,0.913663656679399,1
2017,27,51730,all,All,,,,
2017,27,51730,gender,Female,,,,
2017,27,51730,gender,Male,,,,
2017,27,54880,all,All,0.823693843916372,0.793137780794314,0.85424990703843,1
2017,27,54880,gender,Female,0.863880062633854,0.83147659128342,0.896283533984288,1
2017,27,54880,gender,Male,0.775579122152478,0.742112989632659,0.809045254672297,1
2017,27,58000,all,All,,,,
2017,27,58000,gender,Female,,,,
2017,27,58000,gender,Male,,,,
2017,27,71428,all,All,,,,
2017,27,71428,gender,Female,,,,
2017,27,71428,gender,Male,,,,
2017,28,36000,all,All,0.794677837272482,0.770783786190976,0.818571888353987,1
2017,28,36000,gender,Female,0.802806189986174,0.778120140487071,0.827492239485278,1
2017,28,36000,gender,Male,0.781692902917063,0.754841212313637,0.808544593520489,1
2017,29,15670,all,All,0.979430068987123,0.949618625746523,1.00924151222772,1
2017,29,15670,gender,Female,0.919780866902712,0.888530610131167,0.951031123674257,1
2017,29,15670,gender,Male,1.02560311298402,0.992590340646731,1.05861588532131,1
2017,29,35000,all,All,0.967782439174973,0.928500935511378,1.00706394283857,1
2017,29,35000,gender,Female,0.986319964420759,0.944632324597083,1.02800760424444,1
2017,29,35000,gender,Male,0.941379390486653,0.898370401789807,0.9843883791835,1
2017,29,38000,all,All,0.996033762407346,0.962864815876162,1.02920270893853,1
2017,29,38000,gender,Female,0.987132800694969,0.952654379261176,1.02161122212876,1
2017,29,38000,gender,Male,1.0047320768836,0.967700116741482,1.04176403702572,1
2017,29,41348,all,All,0.991425276220011,0.962136051697704,1.02071450074232,1
2017,29,41348,gender,Female,0.948809105319617,0.917884718693591,0.979733491945644,1
2017,29,41348,gender,Male,1.03023745283298,0.998027545224016,1.06244736044194,1
2017,29,54074,all,All,1.12445914041818,1.09560285982414,1.15331542101223,1
2017,29,54074,gender,Female,1.06913809552278,1.03855398527554,1.09972220577001,1
2017,29,54074,gender,Male,1.16702300569069,1.1354027809003,1.19864323048109,1
2017,29,65000,all,All,,,,
2017,29,65000,gender,Female,,,,
2017,29,65000,gender,Male,,,,
2017,29,70000,all,All,1.01916890813781,0.994126624323416,1.04421119195221,1
2017,29,70000,gender,Female,0.978209422753042,0.951826327637514,1.00459251786857,1
2017,29,70000,gender,Male,1.04569856189133,1.01809350341339,1.07330362036926,1
2017,30,06550,all,All,1.11934727484219,1.0635769522786,1.17511759740577,1
2017,30,06550,gender,Female,1.18469622918276,1.13851743948642,1.2308750188791,1
2017,30,06550,gender,Male,1.0369492200194,0.986257564065285,1.08764087597352,1
2017,31,28000,all,All,0.932509725781748,0.912824986724665,0.952194464838831,1
2017,31,28000,gender,Female,0.938603890856275,0.917836995078869,0.959370786633681,1
2017,31,28000,gender,Male,0.922328596631344,0.900664217319705,0.943992975942983,1
2017,31,37000,all,All,0.912159028520201,0.889669495836537,0.934648561203865,1
2017,31,37000,gender,Female,0.969245182739353,0.945579528289509,0.992910837189197,1
2017,31,37000,gender,Male,0.838580711592297,0.813772103574135,0.863389319610458,1
2017,32,31900,all,All,,,,
2017,32,31900,gender,Female,,,,
2017,32,31900,gender,Male,,,,
2017,32,40000,all,All,1.03690251141021,1.02923231445608,1.04457270836434,1
2017,32,40000,gender,Female,1.09712775513232,1.08906416404305,1.10519134622158,1
2017,32,40000,gender,Male,0.979051871690446,0.970581753242272,0.987521990138619,1
2017,32,51800,all,All,,,,
2017,32,51800,gender,Female,,,,
2017,32,51800,gender,Male,,,,
2017,32,60600,all,All,1.03779665895324,1.02036159201363,1.05523172589286,1
2017,32,60600,gender,Female,1.1039892348549,1.0855795559551,1.1223989137547,1
2017,32,60600,gender,Male,0.97456122843929,0.955388585247462,0.993733871631118,1
2017,32,68400,all,All,,,,
2017,32,68400,gender,Female,,,,
2017,32,68400,gender,Male,,,,
2017,33,45140,all,All,0.731769276091425,0.535571315670722,0.927967236512128,1
2017,33,45140,gender,Female,0.82119599659431,0.618906035989812,1.02348595719881,1
2017,33,45140,gender,Male,0.650285140294275,0.429342526087324,0.871227754501226,1
2017,33,50260,all,All,0.901197307005184,0.833665227917317,0.968729386093052,1
2017,33,50260,gender,Female,0.85236007788123,0.78203761299669,0.92268254276577,1
2017,33,50260,gender,Male,0.934685895523759,0.859403650551637,1.00996814049588,1
2017,34,13690,all,All,1.00308319883821,0.966015737291578,1.04015066038484,1
2017,34,13690,gender,Female,1.11328620226629,1.07315003335514,1.15342237117744,1
2017,34,13690,gender,Male,,,,
2017,34,21000,all,All,1.09234322677173,1.0663912104339,1.11829524310957,1
2017,34,21000,gender,Female,1.16228417526659,1.13496494541164,1.18960340512154,1
2017,34,21000,gender,Male,1.02685334020867,0.998229896696486,1.05547678372086,1
2017,34,36000,all,All,1.07834598557472,1.05504507325617,1.10164689789327,1
2017,34,36000,gender,Female,1.14401547774038,1.11904528956045,1.16898566592031,1
2017,34,36000,gender,Male,1.00916684006469,0.983879411979733,1.03445426814964,1
2017,34,51000,all,All,1.104227019857,1.08633262695169,1.12212141276231,1
2017,34,51000,gender,Female,1.13167150420511,1.11292634312772,1.15041666528251,1
2017,34,51000,gender,Male,1.08216621009032,1.06233170345098,1.10200071672967,1
2017,34,57000,all,All,1.02910809785702,1.00522546714509,1.05299072856894,1
2017,34,57000,gender,Female,1.12944652055238,1.10440165467168,1.15449138643309,1
2017,34,57000,gender,Male,0.907477740670385,0.881037869440259,0.933917611900511,1
2017,34,74000,all,All,1.08029935520681,1.04568154288097,1.11491716753265,1
2017,34,74000,gender,Female,1.13863258043605,1.10234959056314,1.17491557030896,1
2017,34,74000,gender,Male,0.954379104535642,0.915942506740251,0.992815702331033,1
2017,35,02000,all,All,0.998390941698455,0.981413485514394,1.01536839788252,1
2017,35,02000,gender,Female,1.06487642919597,1.04705651542886,1.08269634296309,1
2017,35,02000,gender,Male,0.913604070421478,0.894827297732642,0.932380843110314,1
2017,35,39380,all,All,1.11197626471979,1.07900612977098,1.14494639966861,1
2017,35,39380,gender,Female,1.17862702291637,1.14402084838564,1.21323319744711,1
2017,35,39380,gender,Male,1.03378921692365,0.997323229420325,1.07025520442698,1
2017,35,63460,all,All,1.0193531168008,0.979440617320713,1.05926561628089,1
2017,35,63460,gender,Female,1.14155422622177,1.09932416276863,1.1837842896749,1
2017,35,63460,gender,Male,0.899949856810834,0.856142504200394,0.943757209421273,1
2017,35,70500,all,All,1.09984359461382,1.04190051019375,1.15778667903388,1
2017,35,70500,gender,Female,1.13998124163441,1.07852522603477,1.20143725723404,1
2017,35,70500,gender,Male,1.05697910391014,0.993606917517839,1.12035129030243,1
2017,36,01000,all,All,0.315501987882884,0.0615994553721616,0.569404520393605,1
2017,36,01000,gender,Female,0.304813135885826,0.0373157848026021,0.572310486969051,1
2017,36,01000,gender,Male,0.290382386179003,0.0105529280849318,0.570211844273074,1
2017,36,11000,all,All,0.952568257244471,0.805366945563255,1.09976956892569,1
2017,36,11000,gender,Female,0.962343729332155,0.809654008948183,1.11503344971613,1
2017,36,11000,gender,Male,0.964357043707393,0.79965329638224,1.12906079103255,1
2017,36,50617,all,All,0.963522756480338,0.734521778949087,1.19252373401159,1
2017,36,50617,gender,Female,1.07279064854276,0.836195252913304,1.30938604417222,1
2017,36,50617,gender,Male,0.797759726001239,0.540386535390515,1.05513291661196,1
2017,36,51000,all,All,1.04576251323204,1.02203812401748,1.0694869024466,1
2017,36,51000,gender,Female,1.01218608230061,0.987322073065977,1.03705009153524,1
2017,36,51000,gender,Male,1.07734276855483,1.05106492218342,1.10362061492624,1
2017,36,63000,all,All,1.0321692324465,0.806148424888844,1.25819004000415,1
2017,36,63000,gender,Female,0.951021566273728,0.71243428454141,1.18960884800605,1
2017,36,63000,gender,Male,1.18560118890888,0.937055085619751,1.434147292198,1
2017,36,73000,all,All,0.831778847471552,0.671323102358225,0.992234592584879,1
2017,36,73000,gender,Female,0.774269847599458,0.604502266490361,0.944037428708555,1
2017,36,73000,gender,Male,0.943529011881478,0.767417426820773,1.11964059694218,1
2017,36,84000,all,All,1.05409849440915,0.908975280314143,1.19922170850415,1
2017,36,84000,gender,Female,1.15487314011984,1.00059693609282,1.30914934414685,1
2017,36,84000,gender,Male,0.978882705503846,0.820309762317563,1.13745564869013,1
2017,37,02140,all,All,0.828329040344813,0.798302539736624,0.858355540953001,1
2017,37,02140,gender,Female,0.8594323860598,0.827716526195685,0.891148245923915,1
2017,37,02140,gender,Male,0.800997942809553,0.767986577649516,0.834009307969591,1
2017,37,10740,all,All,0.900996404600489,0.89115655367255,0.910836255528427,1
2017,37,10740,gender,Female,0.929842524185326,0.919452135971717,0.940232912398935,1
2017,37,10740,gender,Male,0.873493297103589,0.862673419278163,0.884313174929015,1
2017,37,12000,all,All,0.877571641459836,0.867303895580732,0.887839387338939,1
2017,37,12000,gender,Female,0.901743711251388,0.890910588511617,0.912576833991159,1
2017,37,12000,gender,Male,0.853921190213599,0.842621753122954,0.865220627304245,1
2017,37,14100,all,All,0.861378078503623,0.839005778681872,0.883750378325374,1
2017,37,14100,gender,Female,0.906601812811342,0.882880335145959,0.930323290476725,1
2017,37,14100,gender,Male,0.818670263228954,0.79416505356127,0.843175472896638,1
2017,37,19000,all,All,0.887485974653405,0.866078497049447,0.908893452257363,1
2017,37,19000,gender,Female,0.933685181309351,0.911167872873289,0.956202489745414,1
2017,37,19000,gender,Male,0.834075418336119,0.810447478220798,0.857703358451441,1
2017,37,22920,all,All,0.825740175930225,0.807379040787939,0.844101311072511,1
2017,37,22920,gender,Female,0.854849185651006,0.83541525337427,0.874283117927743,1
2017,37,22920,gender,Male,0.801915348769416,0.7817701451131,0.822060552425732,1
2017,37,25580,all,All,0.92968227382253,0.907494026650383,0.951870520994677,1
2017,37,25580,gender,Female,0.947831311554714,0.924179821513784,0.971482801595643,1
2017,37,25580,gender,Male,0.912469627671864,0.888283570201627,0.936655685142101,1
2017,37,28000,all,All,0.942902691705024,0.927838958316248,0.957966425093801,1
2017,37,28000,gender,Female,0.99975708633085,0.983851090091088,1.01566308257061,1
2017,37,28000,gender,Male,0.887492988120871,0.870928124738902,0.904057851502839,1
2017,37,28080,all,All,0.917597982204003,0.891287245205604,0.943908719202402,1
2017,37,28080,gender,Female,0.97805576342994,0.950403358761493,1.00570816809839,1
2017,37,28080,gender,Male,0.858461486784807,0.829398345752524,0.887524627817089,1
2017,37,31400,all,All,,,,
2017,37,31400,gender,Female,,,,
2017,37,31400,gender,Male,,,,
2017,37,55000,all,All,,,,
2017,37,55000,gender,Female,,,,
2017,37,55000,gender,Male,,,,
2017,37,74440,all,All,0.872640294474869,0.847372357949141,0.897908231000598,1
2017,37,74440,gender,Female,0.909094521402242,0.882862030422137,0.935327012382346,1
2017,37,74440,gender,Male,0.840415761018108,0.812161403540706,0.86867011849551,1
2017,37,75000,all,All,,,,
2017,37,75000,gender,Female,,,,
2017,37,75000,gender,Male,,,,
2017,38,25700,all,All,1.10821575111748,1.07038303502652,1.14604846720843,1
2017,38,25700,gender,Female,1.19971637350724,1.16050073226729,1.23893201474718,1
2017,38,25700,gender,Male,1.01547304502642,0.973103482958427,1.05784260709441,1
2017,39,01000,all,All,0.777824741290982,0.734961290340911,0.820688192241053,1
2017,39,01000,gender,Female,0.834839038269801,0.790346932400366,0.879331144139236,1
2017,39,01000,gender,Male,0.715471963366826,0.667596155878448,0.763347770855204,1
2017,39,15000,all,All,0.875285972820755,0.828473814184924,0.922098131456586,1
2017,39,15000,gender,Female,0.909618603101084,0.860690450646347,0.958546755555821,1
2017,39,15000,gender,Male,0.836745403119646,0.785181961085379,0.888308845153912,1
2017,39,16000,all,All,0.888187632765014,0.865955927368565,0.910419338161463,1
2017,39,16000,gender,Female,0.935178353005266,0.91174241803218,0.958614287978352,1
2017,39,16000,gender,Male,0.842652842404035,0.818160664408491,0.867145020399579,1
2017,39,18000,all,All,0.888043192397422,0.859761360167366,0.916325024627478,1
2017,39,18000,gender,Female,0.902638311108658,0.87289772997059,0.932378892246727,1
2017,39,18000,gender,Male,0.868314494774628,0.83709360034801,0.899535389201247,1
2017,39,21000,all,All,0.876902298239383,0.827536813216427,0.926267783262338,1
2017,39,21000,gender,Female,0.939403937589177,0.889992480208976,0.988815394969378,1
2017,39,21000,gender,Male,0.812771234255923,0.760840295893588,0.864702172618257,1
2017,39,61000,all,All,0.879973926535557,0.838396622462383,0.92155123060873,1
2017,39,61000,gender,Female,0.876923468587791,0.832534561053769,0.921312376121812,1
2017,39,61000,gender,Male,0.875494559733805,0.830239911779949,0.920749207687661,1
2017,39,77000,all,All,0.928839286800631,0.896208240987567,0.961470332613695,1
2017,39,77000,gender,Female,0.944967812748309,0.909929475558019,0.980006149938599,1
2017,39,77000,gender,Male,0.904800544693319,0.869473814868078,0.940127274518561,1
2017,40,09050,all,All,0.857779371647082,0.828011914958033,0.887546828336131,1
2017,40,09050,gender,Female,0.865312704665257,0.833473036074749,0.897152373255765,1
2017,40,09050,gender,Male,0.84654565726197,0.814192393399408,0.878898921124532,1
2017,40,23200,all,All,0.944881344207811,0.909965043584062,0.979797644831559,1
2017,40,23200,gender,Female,0.947830575627545,0.910497970297638,0.985163180957452,1
2017,40,23200,gender,Male,0.943212018697582,0.905282768495706,0.981141268899459,1
2017,40,41850,all,All,0.931534507208576,0.880885189985092,0.982183824432061,1
2017,40,41850,gender,Female,1.01584306311515,0.957624556175726,1.07406157005458,1
2017,40,41850,gender,Male,0.893989725230901,0.848314501439112,0.939664949022689,1
2017,40,52500,all,All,0.82113569282346,0.779117298582342,0.863154087064579,1
2017,40,52500,gender,Female,0.817438744375712,0.776822009592897,0.858055479158526,1
2017,40,52500,gender,Male,0.813758384802513,0.771165568763546,0.85635120084148,1
2017,40,55000,all,All,1.01827232058583,0.990005631936346,1.04653900923531,1
2017,40,55000,gender,Female,0.999448740399082,0.971042400601465,1.0278550801967,1
2017,40,55000,gender,Male,1.03371377698505,1.00411638786554,1.06331116610455,1
2017,40,75000,all,All,0.911405443437251,0.884551881806002,0.938259005068499,1
2017,40,75000,gender,Female,0.924768883991839,0.895495095514752,0.954042672468927,1
2017,40,75000,gender,Male,0.890945456272227,0.862817715188205,0.919073197356249,1
2017,41,05350,all,All,1.04539061227552,1.02518785402079,1.06559337053026,1
2017,41,05350,gender,Female,1.1111619737849,1.08958279254594,1.13274115502386,1
2017,41,05350,gender,Male,0.979306969142185,0.957328034852874,1.0012859034315,1
2017,41,05800,all,All,0.81100765235356,0.753632890104716,0.868382414602404,1
2017,41,05800,gender,Female,0.897269559524332,0.835623411488527,0.958915707560137,1
2017,41,05800,gender,Male,0.740808557672699,0.678711994631963,0.802905120713434,1
2017,41,23850,all,All,0.989946862449329,0.868526812404673,1.11136691249398,1
2017,41,23850,gender,Female,0.882800182591737,0.755666617539802,1.00993374764367,1
2017,41,23850,gender,Male,1.056050770738,0.925424944715971,1.18667659676002,1
2017,41,31250,all,All,1.26271769487214,1.22491955545685,1.30051583428743,1
2017,41,31250,gender,Female,1.32434786969164,1.28466352609216,1.36403221329112,1
2017,41,31250,gender,Male,1.18450671849068,1.14270568582075,1.22630775116061,1
2017,41,34100,all,All,1.15117711782917,1.12052807180419,1.18182616385415,1
2017,41,34100,gender,Female,1.20636632755588,1.17393325862094,1.23879939649082,1
2017,41,34100,gender,Male,1.09378173912056,1.06014751432419,1.12741596391694,1
2017,41,47000,all,All,1.19032640246915,1.15616199779568,1.22449080714262,1
2017,41,47000,gender,Female,1.25015297695745,1.21536137870677,1.28494457520812,1
2017,41,47000,gender,Male,1.13216723444097,1.09317874179208,1.17115572708986,1
2017,41,59000,all,All,1.28234901506334,1.23073210946777,1.33396592065891,1
2017,41,59000,gender,Female,1.34761585590815,1.27899825721509,1.41623345460121,1
2017,41,59000,gender,Male,1.19718094465977,1.13916437572714,1.2551975135924,1
2017,41,64900,all,All,1.15774554723313,1.13790560141021,1.17758549305606,1
2017,41,64900,gender,Female,1.23182865444699,1.21131357594729,1.25234373294669,1
2017,41,64900,gender,Male,1.08148074101188,1.05920567078624,1.10375581123752,1
2017,42,02000,all,All,0.901834974651303,0.849225684532727,0.954444264769878,1
2017,42,02000,gender,Female,1.02200192852641,0.966182071321781,1.07782178573105,1
2017,42,02000,gender,Male,0.80635621198216,0.748907673730041,0.863804750234279,1
2017,42,06088,all,All,0.939484994513894,0.907621236709571,0.971348752318218,1
2017,42,06088,gender,Female,0.983546269679705,0.949484529889633,1.01760800946978,1
2017,42,06088,gender,Male,0.899937853197286,0.865296536075909,0.934579170318662,1
2017,42,24000,all,All,0.968638550099888,0.919732223637603,1.01754487656217,1
2017,42,24000,gender,Female,1.035937153131,0.984844893621823,1.08702941264017,1
2017,42,24000,gender,Male,0.90154764894719,0.84700588844791,0.956089409446471,1
2017,42,60000,all,All,1.00545252630183,0.996331631365536,1.01457342123812,1
2017,42,60000,gender,Female,1.04620516648256,1.03659911716684,1.05581121579828,1
2017,42,60000,gender,Male,0.968020632938217,0.957961456415631,0.978079809460804,1
2017,42,61000,all,All,0.921483147926617,0.867854826311693,0.97511146954154,1
2017,42,61000,gender,Female,0.995051391150798,0.938629882804424,1.05147289949717,1
2017,42,61000,gender,Male,0.859176724425327,0.800192454082587,0.918160994768067,1
2017,42,63624,all,All,0.819357287390866,0.770945110475537,0.867769464306195,1
2017,42,63624,gender,Female,0.857790939586311,0.806761634187035,0.908820244985588,1
2017,42,63624,gender,Male,0.787154527941174,0.734428274063669,0.839880781818679,1
2017,42,69000,all,All,0.960008394589558,0.919311345788431,1.00070544339068,1
2017,42,69000,gender,Female,1.00238514290063,0.959274690355511,1.04549559544575,1
2017,42,69000,gender,Male,0.955864614025914,0.897061247590547,1.01466798046128,1
2017,44,19180,all,All,0.895161101883425,0.857412452336438,0.932909751430412,1
2017,44,19180,gender,Female,0.897222219642124,0.857352097474159,0.937092341810089,1
2017,44,19180,gender,Male,0.903966787200235,0.862458348090124,0.945475226310346,1
2017,44,54640,all,All,0.781283562452796,0.740584734812804,0.821982390092789,1
2017,44,54640,gender,Female,0.763377509523195,0.720618179424387,0.806136839622004,1
2017,44,54640,gender,Male,0.81407872059411,0.769099392104205,0.859058049084015,1
2017,44,59000,all,All,0.736981803520154,0.711857476778537,0.762106130261771,1
2017,44,59000,gender,Female,0.78182831030824,0.755580300650542,0.808076319965939,1
2017,44,59000,gender,Male,0.705219722585755,0.668442510012678,0.741996935158832,1
2017,44,74300,all,All,0.795987475180199,0.755488872214179,0.836486078146218,1
2017,44,74300,gender,Female,0.843870108382982,0.799921502570134,0.88781871419583,1
2017,44,74300,gender,Male,0.769498308882148,0.725701062652565,0.813295555111732,1
2017,45,13330,all,All,1.06029173180521,1.0419452562608,1.07863820734963,1
2017,45,13330,gender,Female,1.10796166629669,1.08858107743534,1.12734225515804,1
2017,45,13330,gender,Male,1.02068716560709,1.00052062797171,1.04085370324248,1
2017,45,16000,all,All,0.967401806071299,0.942491297539243,0.992312314603355,1
2017,45,16000,gender,Female,1.04638782019858,1.01982389096083,1.07295174943634,1
2017,45,16000,gender,Male,0.889230044385804,0.862075065415799,0.91638502335581,1
2017,45,48535,all,All,,,,
2017,45,48535,gender,Female,,,,
2017,45,48535,gender,Male,,,,
2017,45,50875,all,All,,,,
2017,45,50875,gender,Female,,,,
2017,45,50875,gender,Male,,,,
2017,46,59020,all,All,1.11909706620747,1.09031272858182,1.14788140383312,1
2017,46,59020,gender,Female,1.12139790990175,1.09096826534132,1.15182755446217,1
2017,46,59020,gender,Male,1.11428583500579,1.08264011535294,1.14593155465864,1
2017,47,14000,all,All,0.988392976481729,0.9690819079527,1.00770404501076,1
2017,47,14000,gender,Female,0.997911709677285,0.977672229505035,1.01815118984954,1
2017,47,14000,gender,Male,0.977470367431307,0.956081841227518,0.998858893635096,1
2017,47,15160,all,All,0.934316087901297,0.911378440001764,0.957253735800831,1
2017,47,15160,gender,Female,0.936562141805769,0.912218811174176,0.960905472437362,1
2017,47,15160,gender,Male,0.925008067808939,0.899895039572798,0.950121096045079,1
2017,47,27740,all,All,0.866162519704476,0.840449666445304,0.891875372963648,1
2017,47,27740,gender,Female,0.935074207456499,0.908328663490319,0.961819751422678,1
2017,47,27740,gender,Male,0.793244479751332,0.764562496076285,0.821926463426379,1
2017,47,40000,all,All,0.980788389597111,0.964235627423733,0.997341151770489,1
2017,47,40000,gender,Female,1.00962602393024,0.992183552185873,1.0270684956746,1
2017,47,40000,gender,Male,0.954720942916474,0.936482859851819,0.972959025981129,1
2017,47,48000,all,All,1.00889552650001,0.996931652340586,1.02085940065943,1
2017,47,48000,gender,Female,1.03025744677169,1.01772757945041,1.04278731409296,1
2017,47,48000,gender,Male,0.988123511593314,0.974862951284221,1.00138407190241,1
2017,47,51560,all,All,0.807640166959237,0.765823498418495,0.84945683549998,1
2017,47,51560,gender,Female,0.822152174364218,0.778403628920193,0.865900719808242,1
2017,47,51560,gender,Male,0.778943172377871,0.732533422323675,0.825352922432066,1
2017,47,52006,all,All,0.952034317985597,0.937805672309202,0.966262963661992,1
2017,47,52006,gender,Female,0.997108313105908,0.982192264110833,1.01202436210098,1
2017,47,52006,gender,Male,0.905651716077882,0.889895670417845,0.921407761737918,1
2017,48,01000,all,All,0.796918137272279,0.726938328287931,0.866897946256626,1
2017,48,01000,gender,Female,0.868158964913584,0.794789102718092,0.941528827109076,1
2017,48,01000,gender,Male,0.723424537466257,0.645970461367574,0.80087861356494,1
2017,48,01924,all,All,0.857393613833974,0.796297957861303,0.918489269806645,1
2017,48,01924,gender,Female,0.905393296498201,0.841223408558277,0.969563184438125,1
2017,48,01924,gender,Male,0.8317712977212,0.764240521718641,0.899302073723758,1
2017,48,03000,all,All,0.72382480952579,0.670451849778248,0.777197769273332,1
2017,48,03000,gender,Female,0.779902057842436,0.722918371508539,0.836885744176334,1
2017,48,03000,gender,Male,0.678205765781957,0.62012535719167,0.736286174372244,1
2017,48,04000,all,All,0.929139875164238,0.900847532084016,0.95743221824446,1
2017,48,04000,gender,Female,0.967970234094963,0.938126494166488,0.997813974023438,1
2017,48,04000,gender,Male,0.897118592623358,0.865976444574645,0.928260740672071,1
2017,48,05000,all,All,0.811641379557946,0.776839968312626,0.846442790803266,1
2017,48,05000,gender,Female,0.836918181501901,0.800491606604885,0.873344756398918,1
2017,48,05000,gender,Male,0.789269505432783,0.750694907047809,0.827844103817756,1
2017,48,06128,all,All,0.839351958734792,0.790500978806886,0.888202938662698,1
2017,48,06128,gender,Female,0.887311023566387,0.835739402820591,0.938882644312183,1
2017,48,06128,gender,Male,0.781358976280744,0.727626558491885,0.835091394069602,1
2017,48,07000,all,All,0.873140832779345,0.8172671606593,0.92901450489939,1
2017,48,07000,gender,Female,0.879891195488248,0.820748339308198,0.939034051668297,1
2017,48,07000,gender,Male,0.841367689019049,0.780066382495471,0.902668995542627,1
2017,48,10768,all,All,0.90253506891873,0.869693166564721,0.93537697127274,1
2017,48,10768,gender,Female,0.879235256995095,0.844950829046078,0.913519684944112,1
2017,48,10768,gender,Male,0.91861413628909,0.882096160621122,0.955132111957057,1
2017,48,10912,all,All,0.760576992622315,0.700872757225932,0.820281228018697,1
2017,48,10912,gender,Female,0.875962126943139,0.813442736366264,0.938481517520013,1
2017,48,10912,gender,Male,0.637524626289172,0.571340203206713,0.703709049371632,1
2017,48,13024,all,All,0.75044240843061,0.706518637251065,0.794366179610155,1
2017,48,13024,gender,Female,0.775769381506959,0.729227761802057,0.822311001211861,1
2017,48,13024,gender,Male,0.730514152768075,0.682372363179554,0.778655942356596,1
2017,48,13552,all,All,,,,
2017,48,13552,gender,Female,,,,
2017,48,13552,gender,Male,,,,
2017,48,15976,all,All,0.820433281725028,0.753625443643629,0.887241119806427,1
2017,48,15976,gender,Female,0.86318552224625,0.793649481728714,0.932721562763786,1
2017,48,15976,gender,Male,0.787383480000281,0.712875597910544,0.861891362090019,1
2017,48,16432,all,All,0.770009393036515,0.739471150097962,0.800547635975068,1
2017,48,16432,gender,Female,0.784754621382899,0.75245561205215,0.817053630713648,1
2017,48,16432,gender,Male,0.752368985401834,0.718839840804142,0.785898129999525,1
2017,48,17000,all,All,0.853472399272834,0.789426550276815,0.917518248268852,1
2017,48,17000,gender,Female,0.893264328028667,0.825480077655642,0.961048578401692,1
2017,48,17000,gender,Male,0.815965669170045,0.745701697333162,0.886229641006928,1
2017,48,19000,all,All,0.885250112497832,0.864558766828286,0.905941458167378,1
2017,48,19000,gender,Female,0.89529041393717,0.873430086400179,0.917150741474161,1
2017,48,19000,gender,Male,0.872658642139413,0.849913725235181,0.895403559043646,1
2017,48,19972,all,All,0.921490609001983,0.877668101078459,0.965313116925508,1
2017,48,19972,gender,Female,0.968144676539606,0.921813632161716,1.0144757209175,1
2017,48,19972,gender,Male,0.87155612080925,0.823424325002054,0.919687916616446,1
2017,48,22660,all,All,0.76765005698163,0.728797243085506,0.806502870877753,1
2017,48,22660,gender,Female,0.762870675337276,0.722147122981778,0.803594227692774,1
2017,48,22660,gender,Male,0.769050405467179,0.726020480030877,0.812080330903481,1
2017,48,24000,all,All,0.844082239873973,0.805632667931861,0.882531811816084,1
2017,48,24000,gender,Female,0.903903192435374,0.86339389421412,0.944412490656629,1
2017,48,24000,gender,Male,0.784744023806682,0.742371162599865,0.827116885013498,1
2017,48,26232,all,All,0.954408738691944,0.922777652368569,0.986039825015318,1
2017,48,26232,gender,Female,1.00251708402951,0.969459795254263,1.03557437280475,1
2017,48,26232,gender,Male,0.911653979391541,0.87651726093088,0.946790697852203,1
2017,48,27000,all,All,0.865482037420884,0.831506231551832,0.899457843289936,1
2017,48,27000,gender,Female,0.915804242992021,0.880126995125008,0.951481490859033,1
2017,48,27000,gender,Male,0.815007016863437,0.77744789570201,0.852566138024865,1
2017,48,27684,all,All,0.88873751890485,0.858747793642044,0.918727244167655,1
2017,48,27684,gender,Female,0.947201072019199,0.915133430359298,0.9792687136791,1
2017,48,27684,gender,Male,0.844362122606754,0.811767827128206,0.876956418085302,1
2017,48,29000,all,All,0.79398105687985,0.763647369376781,0.824314744382919,1
2017,48,29000,gender,Female,0.847004657050512,0.814532234367535,0.879477079733488,1
2017,48,29000,gender,Male,0.741635965224317,0.708697971102098,0.774573959346535,1
2017,48,30464,all,All,0.976866796434798,0.934933296317337,1.01880029655226,1
2017,48,30464,gender,Female,0.979354358351988,0.936226557353847,1.02248215935013,1
2017,48,30464,gender,Male,0.972181320679793,0.924835311252091,1.01952733010749,1
2017,48,35000,all,All,0.932466031951599,0.906814500980892,0.958117562922305,1
2017,48,35000,gender,Female,0.958100124053791,0.931122637664312,0.985077610443271,1
2017,48,35000,gender,Male,0.907970044168335,0.879654382505371,0.9362857058313,1
2017,48,37000,all,All,0.90288524200741,0.863745805313913,0.942024678700907,1
2017,48,37000,gender,Female,0.948953266867887,0.907233085998387,0.990673447737388,1
2017,48,37000,gender,Male,0.875533607948679,0.832863747456065,0.918203468441294,1
2017,48,39148,all,All,0.714225602468167,0.676227746379998,0.752223458556335,1
2017,48,39148,gender,Female,0.765967556724094,0.726355745452334,0.805579367995853,1
2017,48,39148,gender,Male,0.661716594529536,0.61940548120021,0.704027707858862,1
2017,48,41464,all,All,1.03674558792502,0.996527997478377,1.07696317837166,1
2017,48,41464,gender,Female,1.05239133584609,1.010021088302,1.09476158339019,1
2017,48,41464,gender,Male,1.02391372773115,0.979593160767628,1.06823429469467,1
2017,48,41980,all,All,0.799884934994722,0.763672221147678,0.836097648841767,1
2017,48,41980,gender,Female,0.840208083301836,0.801954753207658,0.878461413396013,1
2017,48,41980,gender,Male,0.75661593901258,0.716809089717158,0.796422788308003,1
2017,48,42508,all,All,0.954408738691944,0.922777652368569,0.986039825015318,1
2017,48,42508,gender,Female,1.00251708402951,0.969459795254263,1.03557437280475,1
2017,48,42508,gender,Male,0.911653979391541,0.87651726093088,0.946790697852203,1
2017,48,43888,all,All,0.960854021088359,0.8567616157232,1.06494642645352,1
2017,48,43888,gender,Female,1.08796930328912,0.97898026167197,1.19695834490628,1
2017,48,43888,gender,Male,0.841807933614247,0.726469277169617,0.957146590058877,1
2017,48,45000,all,All,0.881966633120198,0.82202783256186,0.941905433678535,1
2017,48,45000,gender,Female,0.944787739889773,0.881340810798079,1.00823466898147,1
2017,48,45000,gender,Male,0.817141050359381,0.751399804637118,0.882882296081644,1
2017,48,45384,all,All,0.889006263475917,0.841827252876454,0.936185274075381,1
2017,48,45384,gender,Female,0.85999074028563,0.81085439566657,0.909127084904689,1
2017,48,45384,gender,Male,0.915858330041682,0.863275593936977,0.968441066146386,1
2017,48,45744,all,All,0.877923728593465,0.832720993379994,0.923126463806937,1
2017,48,45744,gender,Female,0.924609381605029,0.876751204926221,0.972467558283837,1
2017,48,45744,gender,Male,0.838916170694888,0.789335595762778,0.888496745626999,1
2017,48,47892,all,All,0.832474244082088,0.796225496101699,0.868722992062478,1
2017,48,47892,gender,Female,0.868047699934618,0.829649897690067,0.906445502179169,1
2017,48,47892,gender,Male,0.797520714510988,0.757775058377316,0.83726637064466,1
2017,48,48072,all,All,0.784293238682928,0.72780537601337,0.840781101352486,1
2017,48,48072,gender,Female,0.840676463351502,0.780283009456739,0.901069917246266,1
2017,48,48072,gender,Male,0.717639277909411,0.656226454973977,0.779052100844846,1
2017,48,48768,all,All,0.973555109267861,0.910024782400694,1.03708543613503,1
2017,48,48768,gender,Female,1.02345840616926,0.955725007246673,1.09119180509186,1
2017,48,48768,gender,Male,0.929172741099894,0.859948609009281,0.998396873190507,1
2017,48,50820,all,All,0.756055189983067,0.698503195879806,0.813607184086328,1
2017,48,50820,gender,Female,0.811827862396008,0.751202218424126,0.87245350636789,1
2017,48,50820,gender,Male,0.712878265906757,0.649449910068502,0.776306621745013,1
2017,48,53388,all,All,0.84268432925525,0.801892748336043,0.883475910174458,1
2017,48,53388,gender,Female,0.893938330450708,0.850803589888103,0.937073071013312,1
2017,48,53388,gender,Male,0.794496352290686,0.749702006144791,0.839290698436582,1
2017,48,56000,all,All,1.0703748756851,1.03858597347525,1.10216377789494,1
2017,48,56000,gender,Female,1.10434089586631,1.0708319087823,1.13784988295032,1
2017,48,56000,gender,Male,1.04148027264172,1.00646592156573,1.07649462371772,1
2017,48,56348,all,All,0.883484098045181,0.832801134572542,0.93416706151782,1
2017,48,56348,gender,Female,0.969898475116514,0.916072320738118,1.02372462949491,1
2017,48,56348,gender,Male,0.810898614740476,0.755464554409778,0.866332675071174,1
2017,48,57200,all,All,0.671363887934129,0.622036526162371,0.720691249705888,1
2017,48,57200,gender,Female,0.678313256334365,0.626646801970874,0.729979710697857,1
2017,48,57200,gender,Male,0.669908458883345,0.615239371803968,0.724577545962723,1
2017,48,58016,all,All,0.791019531165349,0.759737554703652,0.822301507627046,1
2017,48,58016,gender,Female,0.810143204861244,0.777115284059928,0.84317112566256,1
2017,48,58016,gender,Male,0.776265540124535,0.741863073764754,0.810668006484317,1
2017,48,61796,all,All,1.01618387774753,0.97766617203222,1.05470158346283,1
2017,48,61796,gender,Female,1.04826954584243,1.00752865789411,1.08901043379075,1
2017,48,61796,gender,Male,0.99705233589813,0.954764109852211,1.03934056194405,1
2017,48,63500,all,All,0.804529386799859,0.772196490590874,0.836862283008844,1
2017,48,63500,gender,Female,0.852705633480984,0.818413619197079,0.886997647764888,1
2017,48,63500,gender,Male,0.763600544419481,0.728194042401115,0.799007046437848,1
2017,48,64472,all,All,0.664535356038572,0.593752167756458,0.735318544320687,1
2017,48,64472,gender,Female,0.699002725130107,0.624804475944761,0.773200974315453,1
2017,48,64472,gender,Male,0.64307730026694,0.564679763874978,0.721474836658901,1
2017,48,65000,all,All,0.882740173845404,0.84419302376839,0.921287323922418,1
2017,48,65000,gender,Female,0.906928744995972,0.86634462027606,0.947512869715884,1
2017,48,65000,gender,Male,0.860765485571546,0.818268573940571,0.903262397202521,1
2017,48,70808,all,All,0.920267707370157,0.893475390844489,0.947060023895825,1
2017,48,70808,gender,Female,0.920313504890388,0.891907925699512,0.948719084081264,1
2017,48,70808,gender,Male,0.924622851874766,0.895274006040589,0.953971697708943,1
2017,48,72176,all,All,0.829357160921452,0.748686197515867,0.910028124327038,1
2017,48,72176,gender,Female,0.90232075904303,0.816965328299832,0.987676189786228,1
2017,48,72176,gender,Male,0.733246674763824,0.644685785617951,0.821807563909696,1
2017,48,74144,all,All,0.979400146503377,0.91497302225651,1.04382727075024,1
2017,48,74144,gender,Female,0.976576926390882,0.907347897352689,1.04580595542907,1
2017,48,74144,gender,Male,0.983962542026548,0.914217277572553,1.05370780648054,1
2017,48,76000,all,All,0.965806175089996,0.855098891231991,1.076513458948,1
2017,48,76000,gender,Female,1.00748581902279,0.892815804875901,1.12215583316968,1
2017,48,76000,gender,Male,0.922564267802674,0.798620196865073,1.04650833874028,1
2017,48,79000,all,All,0.736777224778391,0.659985370411466,0.813569079145316,1
2017,48,79000,gender,Female,0.758693465026122,0.679958484232153,0.837428445820091,1
2017,48,79000,gender,Male,0.687258291237238,0.600238585199413,0.774277997275064,1
2017,49,43660,all,All,,,,
2017,49,43660,gender,Female,,,,
2017,49,43660,gender,Male,,,,
2017,49,44320,all,All,,,,
2017,49,44320,gender,Female,,,,
2017,49,44320,gender,Male,,,,
2017,49,55980,all,All,1.14296848391219,1.09775350149374,1.18818346633065,1
2017,49,55980,gender,Female,1.20287702161572,1.15546160374135,1.25029243949009,1
2017,49,55980,gender,Male,1.0817410500608,1.03169515426728,1.13178694585431,1
2017,49,57300,all,All,,,,
2017,49,57300,gender,Female,,,,
2017,49,57300,gender,Male,,,,
2017,49,62470,all,All,1.0806774886859,1.02092716690157,1.14042781047022,1
2017,49,62470,gender,Female,1.13553937355372,1.07283595507168,1.19824279203576,1
2017,49,62470,gender,Male,1.02526173557308,0.95916671384938,1.09135675729677,1
2017,49,65330,all,All,1.33441685114544,1.26668754201654,1.40214616027434,1
2017,49,65330,gender,Female,1.433973644561,1.363231302803,1.50471598631899,1
2017,49,65330,gender,Male,1.23803807655735,1.16276717958604,1.31330897352867,1
2017,49,67000,all,All,1.15866644005231,1.12676021287498,1.19057266722964,1
2017,49,67000,gender,Female,1.2000780223847,1.16654869702516,1.23360734774423,1
2017,49,67000,gender,Male,1.12481826105671,1.08956921313953,1.16006730897389,1
2017,49,67440,all,All,1.18778544872122,1.14987239738815,1.22569850005429,1
2017,49,67440,gender,Female,1.25787283640839,1.21760329555242,1.29814237726436,1
2017,49,67440,gender,Male,1.13370940463783,1.09224816619567,1.17517064308,1
2017,49,70850,all,All,,,,
2017,49,70850,gender,Female,,,,
2017,49,70850,gender,Male,,,,
2017,49,82950,all,All,1.18672211149711,1.15650993007852,1.2169342929157,1
2017,49,82950,gender,Female,1.18810850940895,1.1566151892322,1.2196018295857,1
2017,49,82950,gender,Male,1.17159936914402,1.13795595180956,1.20524278647849,1
2017,49,83470,all,All,,,,
2017,49,83470,gender,Female,,,,
2017,49,83470,gender,Male,,,,
2017,51,01000,all,All,0.672498182988853,0.637533406401595,0.707462959576112,1
2017,51,01000,gender,Female,0.723102425853462,0.685674600968359,0.760530250738565,1
2017,51,01000,gender,Male,0.630536565775975,0.592565605732352,0.668507525819598,1
2017,51,16000,all,All,0.908105967241309,0.888233246596434,0.927978687886184,1
2017,51,16000,gender,Female,0.928759383660615,0.90779279146935,0.94972597585188,1
2017,51,16000,gender,Male,0.890647431803305,0.868777500849108,0.912517362757502,1
2017,51,35000,all,All,0.897667102947281,0.868874482132538,0.926459723762025,1
2017,51,35000,gender,Female,0.882055769807031,0.851469595352467,0.912641944261595,1
2017,51,35000,gender,Male,0.903587366716388,0.872100120737475,0.935074612695301,1
2017,51,47672,all,All,0.762494889814652,0.718576531172052,0.806413248457251,1
2017,51,47672,gender,Female,0.802138320906086,0.756378215974402,0.84789842583777,1
2017,51,47672,gender,Male,0.719661670031158,0.670727449369506,0.768595890692811,1
2017,51,56000,all,All,0.773219658505886,0.748766516710285,0.797672800301486,1
2017,51,56000,gender,Female,0.783171648221117,0.757823932784768,0.808519363657466,1
2017,51,56000,gender,Male,0.756760585151544,0.729373107000554,0.784148063302535,1
2017,51,57000,all,All,0.765272745417453,0.741740651661818,0.788804839173089,1
2017,51,57000,gender,Female,0.741219609671076,0.716615629173409,0.765823590168743,1
2017,51,57000,gender,Male,0.792995417252594,0.766868768347196,0.819122066157991,1
2017,51,64000,all,All,0.642833219050667,0.608591559204433,0.677074878896901,1
2017,51,64000,gender,Female,0.634287650888968,0.598195493638541,0.670379808139395,1
2017,51,64000,gender,Male,0.641023540846567,0.603305574207322,0.678741507485812,1
2017,51,67000,all,All,0.555092747939436,0.528205537408819,0.581979958470053,1
2017,51,67000,gender,Female,0.590275321974012,0.562384847362142,0.618165796585882,1
2017,51,67000,gender,Male,0.515776248506673,0.485681171442636,0.545871325570709,1
2017,51,68000,all,All,0.789227268209452,0.754823484169632,0.823631052249272,1
2017,51,68000,gender,Female,0.837664859506469,0.801128980062919,0.874200738950019,1
2017,51,68000,gender,Male,0.748317010456584,0.710688075761987,0.785945945151181,1
2017,51,76432,all,All,0.898313410244462,0.865120589372024,0.931506231116899,1
2017,51,76432,gender,Female,0.876086242014723,0.841741412886416,0.91043107114303,1
2017,51,76432,gender,Male,0.917627809560776,0.880385875254081,0.954869743867472,1
2017,51,82000,all,All,0.838598055418287,0.823473124152504,0.85372298668407,1
2017,51,82000,gender,Female,0.847065730144451,0.831072661914188,0.863058798374713,1
2017,51,82000,gender,Male,0.828282803917837,0.811672966164602,0.844892641671071,1
2017,53,03180,all,All,0.681099499123499,0.645411111459709,0.716787886787289,1
2017,53,03180,gender,Female,0.761425265941972,0.721531229857888,0.801319302026056,1
2017,53,03180,gender,Male,0.632463135679555,0.592553240060406,0.672373031298704,1
2017,53,05210,all,All,1.10073879463601,1.06843615464365,1.13304143462837,1
2017,53,05210,gender,Female,1.12895030568126,1.09471598125496,1.16318463010756,1
2017,53,05210,gender,Male,1.07819850115939,1.04280048796916,1.11359651434962,1
2017,53,05280,all,All,1.09619781331754,1.05409254916151,1.13830307747357,1
2017,53,05280,gender,Female,1.16429132701508,1.11943701098296,1.20914564304719,1
2017,53,05280,gender,Male,1.04731701114422,1.00139658262874,1.09323743965971,1
2017,53,22640,all,All,1.15264497207318,1.12068677203542,1.18460317211095,1
2017,53,22640,gender,Female,1.1796062469921,1.1461439836967,1.2130685102875,1
2017,53,22640,gender,Male,1.12449153904242,1.08809962643213,1.16088345165271,1
2017,53,23515,all,All,0.953178498629861,0.922162683103311,0.984194314156411,1
2017,53,23515,gender,Female,0.974802066483966,0.94178051798059,1.00782361498734,1
2017,53,23515,gender,Male,0.945427175055223,0.911579987080114,0.979274363030332,1
2017,53,35275,all,All,0.96422623201541,0.921138139603279,1.00731432442754,1
2017,53,35275,gender,Female,1.01810206508705,0.97217902172183,1.06402510845228,1
2017,53,35275,gender,Male,0.914084525067479,0.863198045133221,0.964971005001736,1
2017,53,35415,all,All,0.974515529338118,0.948350532269101,1.00068052640714,1
2017,53,35415,gender,Female,0.994713960693254,0.966862991860413,1.0225649295261,1
2017,53,35415,gender,Male,0.951045319535823,0.922447831257694,0.979642807813952,1
2017,53,35940,all,All,,,,
2017,53,35940,gender,Female,,,,
2017,53,35940,gender,Male,,,,
2017,53,53545,all,All,1.21978804603862,1.18370138636368,1.25587470571356,1
2017,53,53545,gender,Female,1.2551501190284,1.21815268369596,1.29214755436084,1
2017,53,53545,gender,Male,1.17597010109711,1.13507917792247,1.21686102427174,1
2017,53,57745,all,All,1.02722096810821,0.991284605539784,1.06315733067664,1
2017,53,57745,gender,Female,1.1173844785527,1.07954136853327,1.15522758857213,1
2017,53,57745,gender,Male,0.885005320268814,0.842717143932922,0.927293496604705,1
2017,53,63000,all,All,,,,
2017,53,63000,gender,Female,,,,
2017,53,63000,gender,Male,,,,
2017,53,67000,all,All,0.957440070178352,0.915240585632713,0.999639554723991,1
2017,53,67000,gender,Female,0.99451437289332,0.953634514563233,1.03539423122341,1
2017,53,67000,gender,Male,0.915128550363592,0.870565215323756,0.959691885403429,1
2017,53,67167,all,All,0.809461788861491,0.609293183377913,1.00963039434507,1
2017,53,67167,gender,Female,0.92050628184955,0.703501184880153,1.13751137881895,1
2017,53,67167,gender,Male,0.671292177164016,0.456361544786801,0.886222809541232,1
2017,53,70000,all,All,0.945841920751591,0.907159386991374,0.984524454511809,1
2017,53,70000,gender,Female,1.03024205871702,0.986560339840852,1.07392377759319,1
2017,53,70000,gender,Male,0.896440402081714,0.838527836199166,0.954352967964261,1
2017,53,74060,all,All,0.912622463897807,0.884533304680523,0.940711623115089,1
2017,53,74060,gender,Female,0.993584756743167,0.959452696736957,1.02771681674938,1
2017,53,74060,gender,Male,0.869273868726359,0.836093741116725,0.902453996335993,1
2017,53,80010,all,All,1.02060201513919,0.968139970050933,1.07306406022746,1
2017,53,80010,gender,Female,1.03575233736167,0.980936307073295,1.09056836765005,1
2017,53,80010,gender,Male,1.00742694889743,0.949158267095006,1.06569563069985,1
2017,55,02375,all,All,1.01273152739481,0.980058055703647,1.04540499908598,1
2017,55,02375,gender,Female,1.07191064895041,1.03723594342933,1.10658535447149,1
2017,55,02375,gender,Male,0.956869251845196,0.921110130325583,0.992628373364809,1
2017,55,31000,all,All,1.0101978511799,0.971993056115476,1.04840264624433,1
2017,55,31000,gender,Female,1.05534645103633,1.01453130206245,1.09616160001022,1
2017,55,31000,gender,Male,0.96960515657589,0.928027453115544,1.01118286003624,1
2017,55,39225,all,All,1.16797567134906,1.13671399966338,1.19923734303475,1
2017,55,39225,gender,Female,1.21869371777252,1.18915344116952,1.24823399437552,1
2017,55,39225,gender,Male,1.13409737279552,1.09791440606555,1.17028033952549,1
2017,55,48000,all,All,0.921332623801113,0.887756619454485,0.95490862814774,1
2017,55,48000,gender,Female,0.921695894788225,0.886089589219252,0.957302200357197,1
2017,55,48000,gender,Male,0.930631648600654,0.893860104418063,0.967403192783246,1
2017,55,53000,all,All,1.09347959413196,1.07777613948792,1.10918304877601,1
2017,55,53000,gender,Female,1.1177649606089,1.10100852059516,1.13452140062265,1
2017,55,53000,gender,Male,1.07960754351125,1.06250694763768,1.09670813938483,1
2017,55,66000,all,All,0.749209058706525,0.719652545297438,0.778765572115611,1
2017,55,66000,gender,Female,0.856855830656495,0.82537233574496,0.888339325568029,1
2017,55,66000,gender,Male,0.64959494405801,0.617335812897512,0.681854075218509,1
2016,01,03076,all,All,0.788652980629128,0.745105631997336,0.83220032926092,1
2016,01,03076,gender,Female,0.795301704631654,0.748345445143633,0.842257964119674,1
2016,01,03076,gender,Male,0.765495004959486,0.71853574503035,0.812454264888622,1
2016,01,07000,all,All,0.829399809825383,0.800717939039187,0.858081680611578,1
2016,01,07000,gender,Female,0.86717121961294,0.837647550762418,0.896694888463461,1
2016,01,07000,gender,Male,0.780460344675439,0.748222463642406,0.812698225708471,1
2016,01,35896,all,All,1.17969331931541,1.14685196277875,1.21253467585207,1
2016,01,35896,gender,Female,1.17303868034534,1.13890673028714,1.20717063040354,1
2016,01,35896,gender,Male,1.17547790434348,1.13890143710742,1.21205437157954,1
2016,01,37000,all,All,0.759533702983574,0.732867407157083,0.786199998810064,1
2016,01,37000,gender,Female,0.760887855160557,0.733392049690057,0.788383660631057,1
2016,01,37000,gender,Male,0.761279854592954,0.731365470370232,0.791194238815677,1
2016,01,50000,all,All,0.765427389425692,0.749311924482082,0.781542854369302,1
2016,01,50000,gender,Female,0.82677983310714,0.810196429491722,0.843363236722558,1
2016,01,50000,gender,Male,0.704959936892819,0.686839763123949,0.723080110661689,1
2016,01,51000,all,All,0.896314139305014,0.874082065178701,0.918546213431327,1
2016,01,51000,gender,Female,0.95511993049555,0.932068734728245,0.978171126262855,1
2016,01,51000,gender,Male,0.830433622355666,0.805615919074265,0.855251325637068,1
2016,01,77256,all,All,0.91406244438184,0.881698363946361,0.946426524817319,1
2016,01,77256,gender,Female,0.963780279870838,0.929876764943422,0.997683794798254,1
2016,01,77256,gender,Male,0.881068525277162,0.845278971016013,0.916858079538311,1
2016,02,03000,all,All,1.3674929924186,1.33031821060639,1.40466777423081,1
2016,02,03000,gender,Female,1.38227742059736,1.34794074124914,1.41661409994558,1
2016,02,03000,gender,Male,1.35797370906218,1.32102461430049,1.39492280382387,1
2016,04,04720,all,All,1.19669686178795,1.15839558219537,1.23499814138054,1
2016,04,04720,gender,Female,1.19666826766105,1.15716223134493,1.23617430397717,1
2016,04,04720,gender,Male,1.16738290415465,1.12441110367119,1.21035470463811,1
2016,04,07940,all,All,1.05385713048992,1.00926607544763,1.09844818553222,1
2016,04,07940,gender,Female,1.05059330159857,1.00297816805063,1.09820843514652,1
2016,04,07940,gender,Male,1.05856352794212,1.01011522488266,1.10701183100158,1
2016,04,12000,all,All,1.07710635102417,1.06016930602281,1.09404339602552,1
2016,04,12000,gender,Female,1.08168301006689,1.06444718785013,1.09891883228364,1
2016,04,12000,gender,Male,1.06777767156123,1.04851899547296,1.0870363476495,1
2016,04,23620,all,All,1.09538699936414,1.06055312778638,1.13022087094191,1
2016,04,23620,gender,Female,1.12810647017028,1.09152915329545,1.1646837870451,1
2016,04,23620,gender,Male,1.06558006085841,1.02715150650595,1.10400861521086,1
2016,04,27400,all,All,1.05761497875427,1.03579712251867,1.07943283498987,1
2016,04,27400,gender,Female,1.08851559161599,1.06596503338855,1.11106614984343,1
2016,04,27400,gender,Male,1.02540903268015,1.00098171881617,1.04983634654414,1
2016,04,27820,all,All,1.20862671221776,1.1874080446975,1.22984537973803,1
2016,04,27820,gender,Female,1.23107926268104,1.20881180957258,1.25334671578949,1
2016,04,27820,gender,Male,1.1623398281988,1.13749894109304,1.18718071530455,1
2016,04,28380,all,All,,,,
2016,04,28380,gender,Female,,,,
2016,04,28380,gender,Male,,,,
2016,04,46000,all,All,0.990091381880774,0.975960193706265,1.00422257005528,1
2016,04,46000,gender,Female,1.00424200935693,0.989451500555308,1.01903251815856,1
2016,04,46000,gender,Male,0.975793498257823,0.960157871697024,0.991429124818621,1
2016,04,54050,all,All,,,,
2016,04,54050,gender,Female,,,,
2016,04,54050,gender,Male,,,,
2016,04,55000,all,All,1.13110035648119,1.10297282477048,1.1592278881919,1
2016,04,55000,gender,Female,1.13427521676863,1.1053850415103,1.16316539202697,1
2016,04,55000,gender,Male,1.12044082961319,1.08836227876072,1.15251938046566,1
2016,04,65000,all,All,1.07945015557182,1.04707269523641,1.11182761590723,1
2016,04,65000,gender,Female,1.06625785070018,1.03224611140758,1.10026958999277,1
2016,04,65000,gender,Male,1.08965630801022,1.05395771012181,1.12535490589863,1
2016,04,71510,all,All,1.10091372511814,1.07968774008494,1.12213971015133,1
2016,04,71510,gender,Female,1.08555272207045,1.06367702830688,1.10742841583402,1
2016,04,71510,gender,Male,1.11217244162297,1.08834121394587,1.13600366930006,1
2016,04,73000,all,All,1.11584556295712,1.09122714506151,1.14046398085273,1
2016,04,73000,gender,Female,1.11238454572717,1.08676197539381,1.13800711606052,1
2016,04,73000,gender,Male,1.10901591475708,1.08163336734993,1.13639846216423,1
2016,04,77000,all,All,1.14704550427976,1.11778025840445,1.17631075015507,1
2016,04,77000,gender,Female,1.16528742724156,1.13497405012138,1.19560080436174,1
2016,04,77000,gender,Male,1.11825205101671,1.0855607427098,1.15094335932362,1
2016,04,85540,all,All,1.09980273012052,1.06498548906888,1.13461997117216,1
2016,04,85540,gender,Female,1.06897066707695,1.03293424162269,1.1050070925312,1
2016,04,85540,gender,Male,1.12345359989724,1.08451892631403,1.16238827348044,1
2016,05,23290,all,All,1.05851461753854,1.01951091731152,1.09751831776555,1
2016,05,23290,gender,Female,1.1444746701749,1.104343008408,1.18460633194181,1
2016,05,23290,gender,Male,1.02839979784806,0.984526843073433,1.07227275262268,1
2016,05,24550,all,All,1.00023757619452,0.967965423778239,1.0325097286108,1
2016,05,24550,gender,Female,1.03652656495015,1.00300416316538,1.07004896673492,1
2016,05,24550,gender,Male,0.968805493241658,0.93258937268142,1.0050216138019,1
2016,05,35710,all,All,0.886558096980418,0.823649583289882,0.949466610670953,1
2016,05,35710,gender,Female,0.908453851245917,0.842773430214953,0.974134272276881,1
2016,05,35710,gender,Male,0.901822695591853,0.831018293913018,0.972627097270687,1
2016,05,41000,all,All,0.954757299381629,0.928196949622344,0.981317649140914,1
2016,05,41000,gender,Female,0.938645976595002,0.910995073508783,0.966296879681222,1
2016,05,41000,gender,Male,0.96178286206578,0.932247732769433,0.991317991362127,1
2016,05,66080,all,All,0.947926347623645,0.92200652752134,0.973846167725951,1
2016,05,66080,gender,Female,0.980063626179272,0.952739793470922,1.00738745888762,1
2016,05,66080,gender,Male,0.890054567358394,0.861560010819871,0.918549123896917,1
2016,06,00562,all,All,1.07445485851646,1.03668466303269,1.11222505400023,1
2016,06,00562,gender,Female,1.12295015836748,1.0829081652923,1.16299215144266,1
2016,06,00562,gender,Male,1.05250854100822,1.0111466479903,1.09387043402613,1
2016,06,00884,all,All,1.23411296208356,1.20217414870902,1.26605177545809,1
2016,06,00884,gender,Female,1.23473727078324,1.20202131601118,1.26745322555531,1
2016,06,00884,gender,Male,1.22081089995421,1.18472591652803,1.25689588338039,1
2016,06,02000,all,All,1.01622291374437,0.986358442414566,1.04608738507418,1
2016,06,02000,gender,Female,1.06676424102059,1.03565883205581,1.09786964998537,1
2016,06,02000,gender,Male,0.972203739061331,0.939017103861735,1.00539037426093,1
2016,06,02252,all,All,0.920613064145869,0.889453439620247,0.95177268867149,1
2016,06,02252,gender,Female,0.992065923757898,0.960519484391931,1.02361236312387,1
2016,06,02252,gender,Male,0.834929258596358,0.799279559505245,0.87057895768747,1
2016,06,02364,all,All,0.980630250818389,0.948247307051095,1.01301319458568,1
2016,06,02364,gender,Female,1.0314053431351,0.998046615508545,1.06476407076165,1
2016,06,02364,gender,Male,0.937328623357291,0.900941268557782,0.9737159781568,1
2016,06,03526,all,All,1.18391880170309,1.14852149766597,1.21931610574021,1
2016,06,03526,gender,Female,1.22978095303041,1.19388406617037,1.26567783989044,1
2016,06,03526,gender,Male,1.13528923684442,1.09607556513009,1.17450290855875,1
2016,06,04982,all,All,1.20721854159538,1.17335692730746,1.24108015588331,1
2016,06,04982,gender,Female,1.28969950904372,1.25437737579009,1.32502164229736,1
2016,06,04982,gender,Male,1.1284774572032,1.09088676278337,1.16606815162303,1
2016,06,06000,all,All,0.948978669098566,0.87561061341702,1.02234672478011,1
2016,06,06000,gender,Female,1.0902448402125,1.01442442485843,1.16606525556657,1
2016,06,06000,gender,Male,0.802439121258148,0.720225798900807,0.884652443615488,1
2016,06,08786,all,All,0.922789825957563,0.88112140976024,0.964458242154886,1
2016,06,08786,gender,Female,0.999099086415777,0.955398788594919,1.04279938423663,1
2016,06,08786,gender,Male,0.823505937144213,0.777442359959683,0.869569514328743,1
2016,06,08954,all,All,0.976781249766729,0.945391657846042,1.00817084168742,1
2016,06,08954,gender,Female,1.090200317037,1.05760750866132,1.12279312541269,1
2016,06,08954,gender,Male,0.870559148818551,0.835554552647677,0.905563744989426,1
2016,06,11194,all,All,1.13949058376205,1.10404336052865,1.17493780699545,1
2016,06,11194,gender,Female,1.16395891536154,1.12663229375797,1.20128553696511,1
2016,06,11194,gender,Male,1.11242807628727,1.07341646938853,1.15143968318601,1
2016,06,11530,all,All,,,,
2016,06,11530,gender,Female,,,,
2016,06,11530,gender,Male,,,,
2016,06,13014,all,All,1.17950489133697,1.14670720314807,1.21230257952586,1
2016,06,13014,gender,Female,1.24178945843863,1.20842333838748,1.27515557848978,1
2016,06,13014,gender,Male,1.11223320962921,1.07492537566414,1.14954104359428,1
2016,06,13210,all,All,1.14849959996947,1.12623850838763,1.1707606915513,1
2016,06,13210,gender,Female,1.20134631626061,1.17835501671558,1.22433761580564,1
2016,06,13210,gender,Male,1.10177003018018,1.07682081646715,1.12671924389322,1
2016,06,13214,all,All,,,,
2016,06,13214,gender,Female,,,,
2016,06,13214,gender,Male,,,,
2016,06,13392,all,All,1.07026977119996,1.05396256390214,1.08657697849777,1
2016,06,13392,gender,Female,1.14143966377845,1.12463168306034,1.15824764449655,1
2016,06,13392,gender,Male,1.00050084969729,0.98218866291049,1.0188130364841,1
2016,06,13588,all,All,,,,
2016,06,13588,gender,Female,,,,
2016,06,13588,gender,Male,,,,
2016,06,14218,all,All,1.08746079930176,1.06821105219624,1.10671054640728,1
2016,06,14218,gender,Female,1.14578549780144,1.1260751780747,1.16549581752818,1
2016,06,14218,gender,Male,1.0274149070092,1.005660646412,1.04916916760641,1
2016,06,15044,all,All,0.930596440034683,0.90665290587904,0.954539974190326,1
2016,06,15044,gender,Female,0.993093975633047,0.968296058120837,1.01789189314526,1
2016,06,15044,gender,Male,0.874134335021656,0.847338137780155,0.900930532263157,1
2016,06,16000,all,All,1.05965573465086,1.0385250295261,1.08078643977562,1
2016,06,16000,gender,Female,1.11637921570366,1.09455942470483,1.1381990067025,1
2016,06,16000,gender,Male,1.0057275436299,0.982041109922141,1.02941397733767,1
2016,06,16350,all,All,1.04532706418664,1.01789896895443,1.07275515941884,1
2016,06,16350,gender,Female,1.10375287265951,1.07469135471382,1.1328143906052,1
2016,06,16350,gender,Male,0.985158991770679,0.955140503441754,1.0151774800996,1
2016,06,16532,all,All,0.999458266062569,0.973442962317701,1.02547356980744,1
2016,06,16532,gender,Female,1.05342618780261,1.02608777875639,1.08076459684882,1
2016,06,16532,gender,Male,0.956435294642512,0.92775498284707,0.985115606437954,1
2016,06,17918,all,All,1.11875365948218,1.07101239873937,1.16649492022499,1
2016,06,17918,gender,Female,1.21774359487538,1.16682842652135,1.26865876322942,1
2016,06,17918,gender,Male,1.03252799382368,0.980591729728242,1.08446425791911,1
2016,06,19766,all,All,1.02989225432044,1.00372968424611,1.05605482439477,1
2016,06,19766,gender,Female,1.11362687997282,1.08676268213097,1.14049107781467,1
2016,06,19766,gender,Male,0.9500081700622,0.920516005768438,0.979500334355962,1
2016,06,21712,all,All,1.09045317710867,1.0549109985452,1.12599535567213,1
2016,06,21712,gender,Female,1.18776884457217,1.15444500436132,1.22109268478302,1
2016,06,21712,gender,Male,0.984662241329689,0.948340795738866,1.02098368692051,1
2016,06,22020,all,All,1.09318315702309,1.0778821814629,1.10848413258327,1
2016,06,22020,gender,Female,1.13451933328291,1.11838666524568,1.15065200132014,1
2016,06,22020,gender,Male,1.05513506636364,1.038315172138,1.07195496058927,1
2016,06,22230,all,All,1.29427236090543,1.25875934188821,1.32978537992266,1
2016,06,22230,gender,Female,1.38232214167647,1.34467287707963,1.4199714062733,1
2016,06,22230,gender,Male,1.21618607542886,1.1773230820351,1.25504906882261,1
2016,06,22804,all,All,1.22221424542325,1.1965643593359,1.24786413151061,1
2016,06,22804,gender,Female,1.24914130995548,1.22271382968922,1.27556879022175,1
2016,06,22804,gender,Male,1.1899015852029,1.16109275100326,1.21871041940254,1
2016,06,23182,all,All,1.08852528891481,1.05710958355506,1.11994099427455,1
2016,06,23182,gender,Female,1.19256901954013,1.15998479364468,1.22515324543559,1
2016,06,23182,gender,Male,0.988620291686091,0.953522283342496,1.02371830002969,1
2016,06,24638,all,All,1.05610177226388,1.02907893358633,1.08312461094142,1
2016,06,24638,gender,Female,1.19467145453289,1.16731904923249,1.22202385983329,1
2016,06,24638,gender,Male,0.902781383325259,0.871873376666044,0.933689389984475,1
2016,06,24680,all,All,1.02106476035196,1.00126012954894,1.04086939115499,1
2016,06,24680,gender,Female,1.11165554122361,1.09143223135732,1.13187885108991,1
2016,06,24680,gender,Male,0.926632090410524,0.904182700374632,0.949081480446415,1
2016,06,26000,all,All,1.10845712986529,1.0874793679249,1.12943489180569,1
2016,06,26000,gender,Female,1.16060386199349,1.1392535606505,1.18195416333648,1
2016,06,26000,gender,Male,1.05145871338794,1.02760431973633,1.07531310703954,1
2016,06,27000,all,All,1.05247531539198,1.03032108023747,1.0746295505465,1
2016,06,27000,gender,Female,1.10119781570652,1.07935389067242,1.12304174074063,1
2016,06,27000,gender,Male,1.00693093930141,0.983196461003353,1.03066541759947,1
2016,06,28000,all,All,1.10995440505748,1.08236354318394,1.13754526693102,1
2016,06,28000,gender,Female,1.18249014023371,1.15349252138337,1.21148775908406,1
2016,06,28000,gender,Male,1.02793035871239,0.997506405138328,1.05835431228645,1
2016,06,29000,all,All,1.37382989619679,1.35630928956184,1.39135050283174,1
2016,06,29000,gender,Female,1.45130505226851,1.43309831092367,1.46951179361335,1
2016,06,29000,gender,Male,1.29664346053546,1.27712301854099,1.31616390252993,1
2016,06,30000,all,All,1.02102640680823,0.996238633327476,1.04581418028899,1
2016,06,30000,gender,Female,1.13409842553583,1.1081505579168,1.16004629315487,1
2016,06,30000,gender,Male,0.916081076914126,0.888638160161479,0.943523993666774,1
2016,06,32548,all,All,1.14227380305609,1.10040156869016,1.18414603742202,1
2016,06,32548,gender,Female,1.18444784521407,1.14139796137606,1.22749772905208,1
2016,06,32548,gender,Male,1.09904285547619,1.05187031357924,1.14621539737314,1
2016,06,33000,all,All,1.29695458241322,1.27124748724227,1.32266167758417,1
2016,06,33000,gender,Female,1.39335138734754,1.36691806501702,1.41978470967805,1
2016,06,33000,gender,Male,1.19404217127051,1.16509803796524,1.22298630457577,1
2016,06,33182,all,All,1.06902986311764,1.04237430817099,1.09568541806429,1
2016,06,33182,gender,Female,1.13770428738404,1.10975155467382,1.16565702009426,1
2016,06,33182,gender,Male,0.996942083378462,0.96749449197372,1.0263896747832,1
2016,06,33434,all,All,0.984124813089707,0.958494620927296,1.00975500525212,1
2016,06,33434,gender,Female,1.01138515550144,0.984284616146491,1.03848569485639,1
2016,06,33434,gender,Male,0.947412033825159,0.919277724500419,0.975546343149898,1
2016,06,36000,all,All,1.13186401572798,1.09716731359266,1.16656071786329,1
2016,06,36000,gender,Female,1.23461879668221,1.19859790864471,1.27063968471971,1
2016,06,36000,gender,Male,1.04177023276771,1.00308011072444,1.08046035481097,1
2016,06,36448,all,All,,,,
2016,06,36448,gender,Female,,,,
2016,06,36448,gender,Male,,,,
2016,06,36546,all,All,0.961582546754292,0.930267748270394,0.99289734523819,1
2016,06,36546,gender,Female,1.0798181718631,1.04717403502894,1.11246230869726,1
2016,06,36546,gender,Male,0.831534879612752,0.796677496166161,0.866392263059344,1
2016,06,36770,all,All,1.09935556661606,1.07766866558018,1.12104246765194,1
2016,06,36770,gender,Female,1.1646222153937,1.14197708581875,1.18726734496865,1
2016,06,36770,gender,Male,1.04563762265564,1.02158491233963,1.06969033297164,1
2016,06,37692,all,All,1.04848080127576,1.02136539672157,1.07559620582994,1
2016,06,37692,gender,Female,1.11367133534174,1.08576984934693,1.14157282133655,1
2016,06,37692,gender,Male,0.987526726287998,0.957029225708455,1.01802422686754,1
2016,06,39496,all,All,,,,
2016,06,39496,gender,Female,,,,
2016,06,39496,gender,Male,,,,
2016,06,39892,all,All,,,,
2016,06,39892,gender,Female,,,,
2016,06,39892,gender,Male,,,,
2016,06,40130,all,All,1.19449362985389,1.16187318356689,1.22711407614088,1
2016,06,40130,gender,Female,1.23589197897301,1.20179877064305,1.26998518730296,1
2016,06,40130,gender,Male,1.15751827830022,1.12133192045032,1.19370463615013,1
2016,06,41992,all,All,1.08873021142586,1.05643390991559,1.12102651293613,1
2016,06,41992,gender,Female,1.12359158775466,1.09058888620131,1.156594289308,1
2016,06,41992,gender,Male,1.03795132870999,1.00131670321439,1.07458595420559,1
2016,06,43000,all,All,1.15162249148534,1.13778803390131,1.16545694906936,1
2016,06,43000,gender,Female,1.20846946302346,1.19421968644739,1.22271923959952,1
2016,06,43000,gender,Male,1.09220082214612,1.07665841971524,1.107743224577,1
2016,06,44000,all,All,1.00435447710957,0.999501181681145,1.00920777253799,1
2016,06,44000,gender,Female,1.08004103592827,1.07500178142835,1.08508029042818,1
2016,06,44000,gender,Male,0.931138319897764,0.925727949370458,0.93654869042507,1
2016,06,45484,all,All,1.31316996722524,1.28771194469042,1.33862798976007,1
2016,06,45484,gender,Female,1.37906322828219,1.35274249263634,1.40538396392803,1
2016,06,45484,gender,Male,1.25127751656107,1.22277614734821,1.27977888577393,1
2016,06,46842,all,All,1.03170954453421,0.999795868230339,1.06362322083809,1
2016,06,46842,gender,Female,1.09015742369819,1.05656722082901,1.12374762656738,1
2016,06,46842,gender,Male,0.97575854812571,0.940621251711071,1.01089584454035,1
2016,06,46898,all,All,1.05226375855776,1.00752683943529,1.09700067768023,1
2016,06,46898,gender,Female,1.10541689491788,1.06240399791803,1.14842979191772,1
2016,06,46898,gender,Male,0.988950052702034,0.941660277416124,1.03623982798794,1
2016,06,47766,all,All,1.37450147141477,1.33682953666291,1.41217340616663,1
2016,06,47766,gender,Female,1.39672114140435,1.35792521847089,1.43551706433782,1
2016,06,47766,gender,Male,1.36110773375248,1.31875527446463,1.40346019304034,1
2016,06,48256,all,All,1.15136251350065,1.12868151279987,1.17404351420143,1
2016,06,48256,gender,Female,1.23304435212486,1.20941417176731,1.2566745324824,1
2016,06,48256,gender,Male,1.07395779707974,1.04874326862763,1.09917232553184,1
2016,06,48354,all,All,1.12609089719602,1.08841873968662,1.16376305470541,1
2016,06,48354,gender,Female,1.1821309630918,1.14556181011308,1.21870011607052,1
2016,06,48354,gender,Male,1.06300974009493,1.0221569270167,1.10386255317315,1
2016,06,49270,all,All,0.911207732942865,0.890785654762481,0.931629811123248,1
2016,06,49270,gender,Female,1.02052899544664,0.999370865397661,1.04168712549562,1
2016,06,49270,gender,Male,0.81075444495679,0.787939062782523,0.833569827131056,1
2016,06,49670,all,All,1.23721657333691,1.19042722868354,1.28400591799027,1
2016,06,49670,gender,Female,1.28268321519406,1.23542033465405,1.32994609573408,1
2016,06,49670,gender,Male,1.17439752937028,1.12073320282461,1.22806185591596,1
2016,06,50076,all,All,1.12512899835029,1.09928513243397,1.15097286426661,1
2016,06,50076,gender,Female,1.20727573694909,1.18036210150319,1.23418937239499,1
2016,06,50076,gender,Male,1.04929275679501,1.02055010026888,1.07803541332113,1
2016,06,50258,all,All,1.17159758552699,1.14318326568851,1.20001190536546,1
2016,06,50258,gender,Female,1.24575040676823,1.21623534673304,1.27526546680342,1
2016,06,50258,gender,Male,1.10492812863909,1.07324959419811,1.13660666308006,1
2016,06,51182,all,All,,,,
2016,06,51182,gender,Female,,,,
2016,06,51182,gender,Male,,,,
2016,06,52526,all,All,0.972154397944809,0.944725505936366,0.999583289953252,1
2016,06,52526,gender,Female,1.06670286951812,1.03815565644795,1.09525008258828,1
2016,06,52526,gender,Male,0.885828536269828,0.855317726738459,0.916339345801197,1
2016,06,53000,all,All,1.02076023313328,1.00328875131688,1.03823171494969,1
2016,06,53000,gender,Female,1.10285675491071,1.08500273696651,1.1207107728549,1
2016,06,53000,gender,Male,0.942268562513632,0.92076897342975,0.963768151597514,1
2016,06,53322,all,All,1.27575743915507,1.24945598070178,1.30205889760836,1
2016,06,53322,gender,Female,1.28565086082282,1.2558170339617,1.31548468768394,1
2016,06,53322,gender,Male,1.25554510004546,1.22635773070169,1.28473246938924,1
2016,06,53896,all,All,1.23108382990476,1.20522806195401,1.25693959785552,1
2016,06,53896,gender,Female,1.28256117443722,1.2559719193892,1.30915042948524,1
2016,06,53896,gender,Male,1.18451380673675,1.15541486755632,1.21361274591719,1
2016,06,53980,all,All,1.08137524792513,1.05898657828005,1.10376391757021,1
2016,06,53980,gender,Female,1.1640058155213,1.14071660689764,1.18729502414496,1
2016,06,53980,gender,Male,0.996365344514761,0.971440374248127,1.0212903147814,1
2016,06,54652,all,All,1.15771741698092,1.12392901092012,1.19150582304171,1
2016,06,54652,gender,Female,1.223491973044,1.1887603269233,1.2582236191647,1
2016,06,54652,gender,Male,1.08969809667061,1.05166632445619,1.12772986888503,1
2016,06,55156,all,All,1.15599298551818,1.12924461036351,1.18274136067285,1
2016,06,55156,gender,Female,1.21465848561454,1.18728147850988,1.2420354927192,1
2016,06,55156,gender,Male,1.08654542757679,1.05629221711994,1.11679863803364,1
2016,06,56000,all,All,0.84905725564047,0.821760514358641,0.876353996922298,1
2016,06,56000,gender,Female,0.917891111054232,0.889075579138785,0.94670664296968,1
2016,06,56000,gender,Male,0.762657525204047,0.732668279369225,0.792646771038869,1
2016,06,56700,all,All,0.973191469895595,0.942763123025256,1.00361981676593,1
2016,06,56700,gender,Female,1.03432259732294,1.00295704691448,1.06568814773139,1
2016,06,56700,gender,Male,0.906979845379271,0.872800855447532,0.94115883531101,1
2016,06,57456,all,All,0.974045624797188,0.937217379263728,1.01087387033065,1
2016,06,57456,gender,Female,1.07487611293262,1.03591173784566,1.11384048801957,1
2016,06,57456,gender,Male,0.892136396217522,0.851780325699273,0.93249246673577,1
2016,06,57792,all,All,1.27861288464305,1.24752004213169,1.30970572715441,1
2016,06,57792,gender,Female,1.38543902301574,1.35322773969789,1.41765030633359,1
2016,06,57792,gender,Male,1.18977442408163,1.15503377034791,1.22451507781536,1
2016,06,58072,all,All,1.23925686453335,1.21534403624127,1.26316969282542,1
2016,06,58072,gender,Female,1.31991676321056,1.29540950181198,1.34442402460915,1
2016,06,58072,gender,Male,1.15121193541598,1.12419355641215,1.17823031441982,1
2016,06,59444,all,All,1.05610177226388,1.02907893358633,1.08312461094142,1
2016,06,59444,gender,Female,1.19467145453289,1.16731904923249,1.22202385983329,1
2016,06,59444,gender,Male,0.902781383325259,0.871873376666044,0.933689389984475,1
2016,06,59451,all,All,1.18686395214706,1.13372296852132,1.24000493577281,1
2016,06,59451,gender,Female,1.23033516633358,1.17683353612743,1.28383679653973,1
2016,06,59451,gender,Male,1.13898234289428,1.07715454457488,1.20081014121368,1
2016,06,59920,all,All,1.09843527010047,1.03158402355403,1.16528651664692,1
2016,06,59920,gender,Female,1.16737305084071,1.09790773892687,1.23683836275454,1
2016,06,59920,gender,Male,1.03155963933229,0.956461987021364,1.10665729164322,1
2016,06,60102,all,All,1.24760141784374,1.21437474135377,1.28082809433372,1
2016,06,60102,gender,Female,1.27498804747581,1.24037226911974,1.30960382583188,1
2016,06,60102,gender,Male,1.2262541206794,1.18933207386167,1.26317616749714,1
2016,06,60466,all,All,0.892854776805227,0.86892369680743,0.916785856803024,1
2016,06,60466,gender,Female,0.974529889917087,0.949984780260296,0.999074999573878,1
2016,06,60466,gender,Male,0.795190340946348,0.768189001439838,0.822191680452857,1
2016,06,60620,all,All,1.00400492974401,0.982209905629529,1.02579995385848,1
2016,06,60620,gender,Female,1.07211601627207,1.0497714038768,1.09446062866734,1
2016,06,60620,gender,Male,0.938415932199551,0.913806929255552,0.963024935143549,1
2016,06,62000,all,All,1.08580616283881,1.0646011183181,1.10701120735951,1
2016,06,62000,gender,Female,1.17039463667091,1.14828393984092,1.1925053335009,1
2016,06,62000,gender,Male,1.00080299266372,0.977226321076164,1.02437966425127,1
2016,06,62938,all,All,0.972067758294721,0.938709684592876,1.00542583199657,1
2016,06,62938,gender,Female,1.05018381652353,1.01550452318216,1.08486310986491,1
2016,06,62938,gender,Male,0.899600669279039,0.862397359790793,0.936803978767284,1
2016,06,64000,all,All,1.17647417242979,1.15221798310803,1.20073036175155,1
2016,06,64000,gender,Female,1.24197438532674,1.21710979934946,1.26683897130402,1
2016,06,64000,gender,Male,1.10705276518039,1.07965148973498,1.1344540406258,1
2016,06,64224,all,All,1.25360415424515,1.21455864852074,1.29264965996955,1
2016,06,64224,gender,Female,1.31353439738688,1.2726214289321,1.35444736584166,1
2016,06,64224,gender,Male,1.19339754247872,1.15022862530905,1.23656645964839,1
2016,06,65000,all,All,1.2747128932709,1.25824108237454,1.29118470416726,1
2016,06,65000,gender,Female,1.34155447320225,1.32422464151657,1.35888430488793,1
2016,06,65000,gender,Male,1.21607569551267,1.19792573571058,1.23422565531477,1
2016,06,65042,all,All,1.24022085035822,1.2121856551243,1.26825604559213,1
2016,06,65042,gender,Female,1.29267548079697,1.26375018665188,1.32160077494207,1
2016,06,65042,gender,Male,1.18574171646983,1.15428853201682,1.21719490092283,1
2016,06,66000,all,All,1.09294220335298,1.07859371235942,1.10729069434654,1
2016,06,66000,gender,Female,1.14627351968432,1.13141755743474,1.16112948193389,1
2016,06,66000,gender,Male,1.04103111197702,1.02498832183406,1.05707390211999,1
2016,06,67000,all,All,1.17018575906383,1.15364129451712,1.18673022361054,1
2016,06,67000,gender,Female,1.25055261416637,1.23327396138101,1.26783126695174,1
2016,06,67000,gender,Male,1.10198610935833,1.0836389183031,1.12033330041356,1
2016,06,68000,all,All,1.12614861210281,1.09424763120346,1.15804959300216,1
2016,06,68000,gender,Female,1.17567266642674,1.14243756400424,1.20890776884925,1
2016,06,68000,gender,Male,1.07408367896034,1.03826855167654,1.10989880624414,1
2016,06,68084,all,All,0.952479884458701,0.909524173013986,0.995435595903417,1
2016,06,68084,gender,Female,1.00848539770254,0.965586294194336,1.05138450121074,1
2016,06,68084,gender,Male,0.886322777499752,0.836492269120548,0.936153285878956,1
2016,06,68196,all,All,1.04928834369929,1.02339344654747,1.07518324085112,1
2016,06,68196,gender,Female,1.11904509264736,1.09224915174584,1.14584103354889,1
2016,06,68196,gender,Male,0.983931928917537,0.954963053579447,1.01290080425563,1
2016,06,68252,all,All,,,,
2016,06,68252,gender,Female,,,,
2016,06,68252,gender,Male,,,,
2016,06,68378,all,All,,,,
2016,06,68378,gender,Female,,,,
2016,06,68378,gender,Male,,,,
2016,06,69000,all,All,1.02218763632741,1.00606190459797,1.03831336805685,1
2016,06,69000,gender,Female,1.1456793132254,1.12928623842322,1.16207238802758,1
2016,06,69000,gender,Male,0.890743567586051,0.872382892889497,0.909104242282604,1
2016,06,69070,all,All,1.26733329871264,1.21031570598767,1.32435089143761,1
2016,06,69070,gender,Female,1.32551891465453,1.27314072239196,1.37789710691709,1
2016,06,69070,gender,Male,1.20577791658192,1.14622058667544,1.2653352464884,1
2016,06,69084,all,All,1.03904141172955,1.00839146589874,1.06969135756036,1
2016,06,69084,gender,Female,1.14449089011048,1.11288993633597,1.17609184388499,1
2016,06,69084,gender,Male,0.925423810558707,0.891022846821467,0.959824774295948,1
2016,06,69088,all,All,1.0001569408131,0.975115006303187,1.02519887532302,1
2016,06,69088,gender,Female,1.03815543042872,1.01250878429404,1.0638020765634,1
2016,06,69088,gender,Male,0.963100637577943,0.934802506353718,0.991398768802168,1
2016,06,69196,all,All,1.38895661539418,1.36194248734221,1.41597074344615,1
2016,06,69196,gender,Female,1.43446522979338,1.40677110200982,1.46215935757693,1
2016,06,69196,gender,Male,1.34318539200884,1.3126951893522,1.37367559466548,1
2016,06,70000,all,All,1.09366859746704,1.05710542913023,1.13023176580385,1
2016,06,70000,gender,Female,1.11917009202687,1.08056236876859,1.15777781528514,1
2016,06,70000,gender,Male,1.08572265000773,1.04556427803603,1.12588102197943,1
2016,06,70098,all,All,0.936336370829282,0.869623110906237,1.00304963075233,1
2016,06,70098,gender,Female,1.0005224807178,0.931790494119218,1.06925446731638,1
2016,06,70098,gender,Male,0.884488011610087,0.808792031951134,0.960183991269039,1
2016,06,72016,all,All,0.956893531113406,0.928357260856883,0.985429801369928,1
2016,06,72016,gender,Female,1.03285510434326,1.00331567714317,1.06239453154336,1
2016,06,72016,gender,Male,0.889978644497222,0.858058068518545,0.921899220475899,1
2016,06,73080,all,All,,,,
2016,06,73080,gender,Female,,,,
2016,06,73080,gender,Male,,,,
2016,06,75000,all,All,1.21493760179149,1.19213145046591,1.23774375311708,1
2016,06,75000,gender,Female,1.22402371789078,1.20045636133639,1.24759107444517,1
2016,06,75000,gender,Male,1.20082780452046,1.17594405400017,1.22571155504074,1
2016,06,77000,all,All,1.17351360478608,1.13480717757432,1.21222003199784,1
2016,06,77000,gender,Female,1.18005877001798,1.14061813949955,1.2194994005364,1
2016,06,77000,gender,Male,1.16188807327909,1.11793008191397,1.20584606464422,1
2016,06,78120,all,All,1.04971328756722,1.02962081431447,1.06980576081998,1
2016,06,78120,gender,Female,1.12456689752651,1.10371781046004,1.14541598459297,1
2016,06,78120,gender,Male,0.975483479872988,0.953062840718716,0.99790411902726,1
2016,06,78582,all,All,1.01265786201566,0.985123581155755,1.04019214287556,1
2016,06,78582,gender,Female,1.07220506344102,1.04296976720539,1.10144035967664,1
2016,06,78582,gender,Male,0.956727821561942,0.92663844907943,0.986817194044455,1
2016,06,80000,all,All,1.14345315662643,1.11788076828374,1.16902554496912,1
2016,06,80000,gender,Female,1.17029834237496,1.14354993683906,1.19704674791085,1
2016,06,80000,gender,Male,1.11133575284137,1.08301415768631,1.13965734799644,1
2016,06,80238,all,All,1.13250487328295,1.08327669906034,1.18173304750555,1
2016,06,80238,gender,Female,1.1640831121957,1.1012598814243,1.22690634296711,1
2016,06,80238,gender,Male,1.04217783673715,0.972070976597463,1.11228469687684,1
2016,06,80854,all,All,1.17309899484869,1.14895758837026,1.19724040132712,1
2016,06,80854,gender,Female,1.25907602295591,1.23408823488216,1.28406381102965,1
2016,06,80854,gender,Male,1.0943279706823,1.06732374761005,1.12133219375455,1
2016,06,81344,all,All,1.08146642455805,1.0442366986953,1.11869615042079,1
2016,06,81344,gender,Female,1.08176048502028,1.04322971499225,1.12029125504831,1
2016,06,81344,gender,Male,1.07390133149743,1.03226601660573,1.11553664638913,1
2016,06,81554,all,All,1.09404377049567,1.05846694198292,1.12962059900842,1
2016,06,81554,gender,Female,1.1267907929331,1.09031670207212,1.16326488379407,1
2016,06,81554,gender,Male,1.05242628494645,1.0122042898645,1.0926482800284,1
2016,06,81666,all,All,0.983985522209892,0.952925094659838,1.01504594975995,1
2016,06,81666,gender,Female,1.02334211994296,0.990626939965408,1.05605729992052,1
2016,06,81666,gender,Male,0.924882956457248,0.890708043528344,0.959057869386151,1
2016,06,82590,all,All,0.96898577087053,0.943019785398709,0.994951756342351,1
2016,06,82590,gender,Female,1.03718037535325,1.01009316041815,1.06426759028834,1
2016,06,82590,gender,Male,0.911466077877704,0.882628294879403,0.940303860876005,1
2016,06,82954,all,All,1.31599670381555,1.28713505081573,1.34485835681536,1
2016,06,82954,gender,Female,1.38074897318977,1.35723361122893,1.40426433515061,1
2016,06,82954,gender,Male,1.27344161877207,1.24814379459615,1.298739442948,1
2016,06,82996,all,All,1.11706248402507,1.09141198944832,1.14271297860183,1
2016,06,82996,gender,Female,1.19812291217339,1.17167988370795,1.22456594063883,1
2016,06,82996,gender,Male,1.04716827536255,1.01836909915546,1.07596745156965,1
2016,06,84200,all,All,0.954119387400891,0.915382533443126,0.992856241358657,1
2016,06,84200,gender,Female,1.01938153474551,0.979886979308994,1.05887609018202,1
2016,06,84200,gender,Male,0.889659874058914,0.845693616904927,0.9336261312129,1
2016,06,84550,all,All,1.21751109575132,1.18426760559732,1.25075458590532,1
2016,06,84550,gender,Female,1.2011830265764,1.1672518372492,1.23511421590359,1
2016,06,84550,gender,Male,1.22021966820093,1.18253047744643,1.25790885895544,1
2016,06,85292,all,All,1.08750269342693,1.04276723789887,1.13223814895498,1
2016,06,85292,gender,Female,1.14281818556457,1.09630121918154,1.18933515194759,1
2016,06,85292,gender,Male,1.04007269891462,0.990254503903587,1.08989089392565,1
2016,08,03455,all,All,,,,
2016,08,03455,gender,Female,,,,
2016,08,03455,gender,Male,,,,
2016,08,04000,all,All,1.14968002825867,1.09306712493455,1.20629293158278,1
2016,08,04000,gender,Female,1.14159264653785,1.08374546095656,1.19943983211914,1
2016,08,04000,gender,Male,1.15217220515194,1.08806887426036,1.21627553604351,1
2016,08,07850,all,All,1.20035976458712,1.13444775462417,1.26627177455007,1
2016,08,07850,gender,Female,1.24959009364571,1.18064531779421,1.31853486949721,1
2016,08,07850,gender,Male,1.16468742504391,1.09171611957009,1.23765873051773,1
2016,08,12815,all,All,,,,
2016,08,12815,gender,Female,,,,
2016,08,12815,gender,Male,,,,
2016,08,16000,all,All,0.925119713909752,0.839049500884194,1.01118992693531,1
2016,08,16000,gender,Female,0.936122757876134,0.847392742703604,1.02485277304867,1
2016,08,16000,gender,Male,0.914998463050572,0.818390980118514,1.01160594598263,1
2016,08,20000,all,All,1.11346016676837,1.06814974841696,1.15877058511978,1
2016,08,20000,gender,Female,1.11751840053215,1.07071192967917,1.16432487138513,1
2016,08,20000,gender,Male,1.11210593790479,1.06136193493313,1.16284994087644,1
2016,08,27425,all,All,1.09523119661833,1.02765212977145,1.1628102634652,1
2016,08,27425,gender,Female,1.07391197246254,1.00376548974949,1.14405845517559,1
2016,08,27425,gender,Male,1.12725488150299,1.05190025228783,1.20260951071816,1
2016,08,32155,all,All,0.980594051592649,0.903623299918659,1.05756480326664,1
2016,08,32155,gender,Female,0.893618711022485,0.815908278684062,0.971329143360908,1
2016,08,32155,gender,Male,1.05663156616818,0.968390934304866,1.1448721980315,1
2016,08,43000,all,All,,,,
2016,08,43000,gender,Female,,,,
2016,08,43000,gender,Male,,,,
2016,08,45970,all,All,0.68436346235014,0.618467817400682,0.750259107299599,1
2016,08,45970,gender,Female,0.680932370353925,0.612418273978834,0.749446466729016,1
2016,08,45970,gender,Male,0.680660456790857,0.607298988868262,0.754021924713452,1
2016,08,46465,all,All,1.1390205976003,1.04823224751311,1.2298089476875,1
2016,08,46465,gender,Female,1.28869780054151,1.19558757048226,1.38180803060077,1
2016,08,46465,gender,Male,0.983458523401717,0.881034059217909,1.08588298758553,1
2016,08,62000,all,All,0.697948492814418,0.601057690757534,0.794839294871303,1
2016,08,62000,gender,Female,0.702867723559416,0.604211173349044,0.801524273769788,1
2016,08,62000,gender,Male,0.692207969725494,0.582112169085258,0.80230377036573,1
2016,08,77290,all,All,1.15938087810838,1.10505924240194,1.21370251381482,1
2016,08,77290,gender,Female,1.11270610980522,1.05664014422241,1.16877207538802,1
2016,08,77290,gender,Male,1.2002980232805,1.13939524694446,1.26120079961654,1
2016,08,83835,all,All,1.43725204847409,1.32948941531904,1.54501468162914,1
2016,08,83835,gender,Female,1.38481742202363,1.27467977237903,1.49495507166823,1
2016,08,83835,gender,Male,1.4455970967227,1.32360351589589,1.56759067754951,1
2016,09,08000,all,All,1.06033392428105,1.03487881622747,1.08578903233463,1
2016,09,08000,gender,Female,1.14806591095441,1.12170832412338,1.17442349778544,1
2016,09,08000,gender,Male,0.975962748889333,0.947507231756057,1.00441826602261,1
2016,09,18430,all,All,0.986112471622049,0.950349262323787,1.02187568092031,1
2016,09,18430,gender,Female,1.03404233217444,0.996644623298622,1.07144004105026,1
2016,09,18430,gender,Male,0.928330324001014,0.888503335545325,0.968157312456703,1
2016,09,37000,all,All,0.887330955925155,0.861368799009708,0.913293112840602,1
2016,09,37000,gender,Female,0.950316907121445,0.923531640395436,0.977102173847454,1
2016,09,37000,gender,Male,0.825838474329838,0.796716652449766,0.85496029620991,1
2016,09,52000,all,All,1.12801161281694,1.10179619690162,1.15422702873226,1
2016,09,52000,gender,Female,1.19391088706848,1.16670200896738,1.22111976516959,1
2016,09,52000,gender,Male,1.06672033122956,1.03748405584163,1.09595660661749,1
2016,09,55990,all,All,0.936400035570669,0.900370911300575,0.972429159840763,1
2016,09,55990,gender,Female,1.02892922433782,0.991156474670618,1.06670197400503,1
2016,09,55990,gender,Male,0.848048205475955,0.808230555535501,0.887865855416408,1
2016,09,73000,all,All,0.959854652754466,0.928130539390349,0.991578766118582,1
2016,09,73000,gender,Female,1.04715660311447,1.01419196721369,1.08012123901526,1
2016,09,73000,gender,Male,0.833718369714386,0.787543029680863,0.87989370974791,1
2016,09,80000,all,All,0.820589533462268,0.791896008075758,0.849283058848779,1
2016,09,80000,gender,Female,0.896744902921677,0.866860833554257,0.926628972289097,1
2016,09,80000,gender,Male,0.738839627736546,0.70694443921838,0.770734816254713,1
2016,11,50000,all,All,1.02646517370635,1.005685043831,1.0472453035817,1
2016,11,50000,gender,Female,1.11355180329625,1.09212630963126,1.13497729696124,1
2016,11,50000,gender,Male,0.937394688448251,0.914074207973844,0.960715168922658,1
2016,12,07300,all,All,,,,
2016,12,07300,gender,Female,,,,
2016,12,07300,gender,Male,,,,
2016,12,07875,all,All,,,,
2016,12,07875,gender,Female,,,,
2016,12,07875,gender,Male,,,,
2016,12,10275,all,All,,,,
2016,12,10275,gender,Female,,,,
2016,12,10275,gender,Male,,,,
2016,12,12875,all,All,,,,
2016,12,12875,gender,Female,,,,
2016,12,12875,gender,Male,,,,
2016,12,14400,all,All,,,,
2016,12,14400,gender,Female,,,,
2016,12,14400,gender,Male,,,,
2016,12,16475,all,All,,,,
2016,12,16475,gender,Female,,,,
2016,12,16475,gender,Male,,,,
2016,12,16725,all,All,,,,
2016,12,16725,gender,Female,,,,
2016,12,16725,gender,Male,,,,
2016,12,17200,all,All,,,,
2016,12,17200,gender,Female,,,,
2016,12,17200,gender,Male,,,,
2016,12,17935,all,All,,,,
2016,12,17935,gender,Female,,,,
2016,12,17935,gender,Male,,,,
2016,12,24000,all,All,0.926103185445421,0.918469281144453,0.933737089746389,1
2016,12,24000,gender,Female,0.952033944357466,0.944121171093993,0.959946717620938,1
2016,12,24000,gender,Male,0.897070732021013,0.888546789403421,0.905594674638605,1
2016,12,24125,all,All,0.847123397278196,0.834133899892333,0.860112894664059,1
2016,12,24125,gender,Female,0.898531322053753,0.884974683010254,0.912087961097252,1
2016,12,24125,gender,Male,0.796988862902865,0.782578163351203,0.811399562454526,1
2016,12,25175,all,All,0.902709658224905,0.878763496596094,0.926655819853716,1
2016,12,25175,gender,Female,0.952773143321826,0.928324226083613,0.977222060560038,1
2016,12,25175,gender,Male,0.844973226075467,0.817837036831832,0.872109415319101,1
2016,12,30000,all,All,,,,
2016,12,30000,gender,Female,,,,
2016,12,30000,gender,Male,,,,
2016,12,32000,all,All,,,,
2016,12,32000,gender,Female,,,,
2016,12,32000,gender,Male,,,,
2016,12,32275,all,All,,,,
2016,12,32275,gender,Female,,,,
2016,12,32275,gender,Male,,,,
2016,12,35000,all,All,0.871079232513234,0.85989362801156,0.882264837014908,1
2016,12,35000,gender,Female,0.904284002178124,0.892770156249559,0.915797848106689,1
2016,12,35000,gender,Male,0.860431775431075,0.84643412588904,0.87442942497311,1
2016,12,36950,all,All,0.848953585906811,0.832559987029962,0.86534718478366,1
2016,12,36950,gender,Female,0.905996485402189,0.888895514584714,0.923097456219663,1
2016,12,36950,gender,Male,0.792491572306595,0.774296377613632,0.810686766999558,1
2016,12,38250,all,All,,,,
2016,12,38250,gender,Female,,,,
2016,12,38250,gender,Male,,,,
2016,12,39425,all,All,0.863809493820611,0.851332602684123,0.876286384957098,1
2016,12,39425,gender,Female,0.918638638460131,0.905670832013945,0.931606444906318,1
2016,12,39425,gender,Male,0.879706568091059,0.839369535997696,0.920043600184422,1
2016,12,43975,all,All,,,,
2016,12,43975,gender,Female,,,,
2016,12,43975,gender,Male,,,,
2016,12,45000,all,All,0.90273537903117,0.896273256002811,0.909197502059529,1
2016,12,45000,gender,Female,0.945582343774369,0.938861067788969,0.952303619759768,1
2016,12,45000,gender,Male,0.859529968674715,0.852337671086829,0.866722266262601,1
2016,12,45025,all,All,,,,
2016,12,45025,gender,Female,,,,
2016,12,45025,gender,Male,,,,
2016,12,45060,all,All,,,,
2016,12,45060,gender,Female,,,,
2016,12,45060,gender,Male,,,,
2016,12,45975,all,All,,,,
2016,12,45975,gender,Female,,,,
2016,12,45975,gender,Male,,,,
2016,12,49675,all,All,,,,
2016,12,49675,gender,Female,,,,
2016,12,49675,gender,Male,,,,
2016,12,53000,all,All,0.847590174044103,0.838682080232008,0.856498267856198,1
2016,12,53000,gender,Female,0.895451406485985,0.886203337403275,0.904699475568695,1
2016,12,53000,gender,Male,0.800311287741069,0.79037974036751,0.810242835114629,1
2016,12,54000,all,All,,,,
2016,12,54000,gender,Female,,,,
2016,12,54000,gender,Male,,,,
2016,12,54200,all,All,,,,
2016,12,54200,gender,Female,,,,
2016,12,54200,gender,Male,,,,
2016,12,55775,all,All,,,,
2016,12,55775,gender,Female,,,,
2016,12,55775,gender,Male,,,,
2016,12,57425,all,All,,,,
2016,12,57425,gender,Female,,,,
2016,12,57425,gender,Male,,,,
2016,12,58050,all,All,,,,
2016,12,58050,gender,Female,,,,
2016,12,58050,gender,Male,,,,
2016,12,58715,all,All,,,,
2016,12,58715,gender,Female,,,,
2016,12,58715,gender,Male,,,,
2016,12,63000,all,All,,,,
2016,12,63000,gender,Female,,,,
2016,12,63000,gender,Male,,,,
2016,12,69700,all,All,,,,
2016,12,69700,gender,Female,,,,
2016,12,69700,gender,Male,,,,
2016,12,70600,all,All,0.924501753448105,0.903767149276705,0.945236357619506,1
2016,12,70600,gender,Female,0.960552583478987,0.939041757155697,0.982063409802278,1
2016,12,70600,gender,Male,0.886973578574195,0.863834429457791,0.910112727690598,1
2016,12,71000,all,All,0.851689596688052,0.842947070911156,0.860432122464947,1
2016,12,71000,gender,Female,0.886524122688371,0.877436978176547,0.895611267200195,1
2016,12,71000,gender,Male,0.804516046479094,0.794010751987803,0.815021340970385,1
2016,12,76600,all,All,0.945755656985754,0.93669623676007,0.954815077211438,1
2016,12,76600,gender,Female,0.989187863310111,0.979745152909894,0.998630573710327,1
2016,12,76600,gender,Male,0.902773447518773,0.892710469756498,0.912836425281048,1
2016,13,03440,all,All,0.877491811030738,0.843131247171436,0.91185237489004,1
2016,13,03440,gender,Female,0.950825222146779,0.915231996138234,0.986418448155325,1
2016,13,03440,gender,Male,0.78315848029075,0.744768624018178,0.821548336563322,1
2016,13,04000,all,All,0.953670048402869,0.939520927455562,0.967819169350176,1
2016,13,04000,gender,Female,0.994491059840771,0.979817628743992,1.00916449093755,1
2016,13,04000,gender,Male,0.910385783970771,0.894592620491196,0.926178947450346,1
2016,13,04204,all,All,0.947778637478511,0.925793120014365,0.969764154942656,1
2016,13,04204,gender,Female,0.995002724863909,0.972349589626884,1.01765586010093,1
2016,13,04204,gender,Male,0.906989728782575,0.88229983898161,0.931679618583541,1
2016,13,19000,all,All,1.06907056723263,1.04697166947747,1.09116946498779,1
2016,13,19000,gender,Female,1.09213002987048,1.06935493206285,1.11490512767812,1
2016,13,19000,gender,Male,1.04624390855755,1.02143217847546,1.07105563863964,1
2016,13,42425,all,All,,,,
2016,13,42425,gender,Female,,,,
2016,13,42425,gender,Male,,,,
2016,13,49008,all,All,1.00032217061865,0.975522400804539,1.02512194043276,1
2016,13,49008,gender,Female,1.05497714450605,1.02956875705675,1.08038553195535,1
2016,13,49008,gender,Male,0.940685240599796,0.912677538549137,0.968692942650456,1
2016,13,67284,all,All,,,,
2016,13,67284,gender,Female,,,,
2016,13,67284,gender,Male,,,,
2016,13,68516,all,All,,,,
2016,13,68516,gender,Female,,,,
2016,13,68516,gender,Male,,,,
2016,13,69000,all,All,0.952350247410474,0.932102092046498,0.972598402774449,1
2016,13,69000,gender,Female,1.01317567154311,0.99252342204621,1.03382792104002,1
2016,13,69000,gender,Male,0.892428893957615,0.869459348909679,0.915398439005552,1
2016,13,72122,all,All,,,,
2016,13,72122,gender,Female,,,,
2016,13,72122,gender,Male,,,,
2016,13,80508,all,All,,,,
2016,13,80508,gender,Female,,,,
2016,13,80508,gender,Male,,,,
2016,15,71550,all,All,,,,
2016,15,71550,gender,Female,,,,
2016,15,71550,gender,Male,,,,
2016,16,08830,all,All,0.969140238982229,0.94550522490421,0.992775253060249,1
2016,16,08830,gender,Female,1.01812167629335,0.993584646587451,1.04265870599925,1
2016,16,08830,gender,Male,0.929424024344013,0.903072968828907,0.955775079859118,1
2016,16,52120,all,All,1.22171908111712,1.20275674820352,1.24068141403072,1
2016,16,52120,gender,Female,1.25655213089039,1.23641464939991,1.27668961238087,1
2016,16,52120,gender,Male,1.19213328277668,1.17142225898618,1.21284430656717,1
2016,16,56260,all,All,1.27722373391765,1.24740280301124,1.30704466482406,1
2016,16,56260,gender,Female,1.3559359448576,1.3251685405083,1.38670334920691,1
2016,16,56260,gender,Male,1.19394391474319,1.16049895326375,1.22738887622263,1
2016,17,02154,all,All,0.955747016045761,0.913885221390698,0.997608810700824,1
2016,17,02154,gender,Female,1.06578153149527,1.02184641471515,1.10971664827538,1
2016,17,02154,gender,Male,0.839122013005679,0.792911527859359,0.885332498151999,1
2016,17,03012,all,All,1.10132951205082,1.07342670245859,1.12923232164306,1
2016,17,03012,gender,Female,1.1943501225103,1.16548155707367,1.22321868794693,1
2016,17,03012,gender,Male,1.01286151173352,0.981656276249264,1.04406674721777,1
2016,17,06613,all,All,0.654393499678737,0.600582452702371,0.708204546655103,1
2016,17,06613,gender,Female,0.764208209692513,0.706134613220214,0.822281806164813,1
2016,17,06613,gender,Male,0.57654215096844,0.518551940619137,0.634532361317744,1
2016,17,12385,all,All,0.765441457975713,0.724842160201748,0.806040755749677,1
2016,17,12385,gender,Female,0.874434292760905,0.832675528641734,0.916193056880075,1
2016,17,12385,gender,Male,0.656430617914357,0.610759455926995,0.702101779901718,1
2016,17,14000,all,All,1.2180045145655,1.20877589290405,1.22723313622696,1
2016,17,14000,gender,Female,1.23862935363677,1.21935772806333,1.25790097921021,1
2016,17,14000,gender,Male,1.13610034460886,1.12557096085445,1.14662972836326,1
2016,17,14351,all,All,1.25834357113633,1.22969239774671,1.28699474452594,1
2016,17,14351,gender,Female,1.3263313868587,1.29651260625,1.35615016746739,1
2016,17,14351,gender,Male,1.19723190408233,1.1653637510709,1.22910005709376,1
2016,17,23074,all,All,1.16469531186873,1.14528972460478,1.18410089913267,1
2016,17,23074,gender,Female,1.28705890526392,1.26677611913299,1.30734169139484,1
2016,17,23074,gender,Male,1.0543878240896,1.03288901533649,1.0758866328427,1
2016,17,24582,all,All,1.09834931094011,0.990106123400792,1.20659249847944,1
2016,17,24582,gender,Female,1.05605615986081,0.942094505915914,1.17001781380571,1
2016,17,24582,gender,Male,1.12749696548223,1.00836429137027,1.2466296395942,1
2016,17,38570,all,All,1.21373632623935,1.17875756950588,1.24871508297282,1
2016,17,38570,gender,Female,1.32352516028037,1.28688315290113,1.36016716765961,1
2016,17,38570,gender,Male,1.11213535063876,1.07340986713277,1.15086083414475,1
2016,17,51622,all,All,1.20170326293936,1.17155687619042,1.23184964968831,1
2016,17,51622,gender,Female,1.2857220291319,1.25513748196412,1.31630657629968,1
2016,17,51622,gender,Male,1.11901609665037,1.08463093545746,1.15340125784327,1
2016,17,59000,all,All,0.917496414633551,0.857082477693814,0.977910351573288,1
2016,17,59000,gender,Female,1.0432047638278,0.991817400181136,1.09459212747447,1
2016,17,59000,gender,Male,0.807297286196428,0.742186577449439,0.872407994943418,1
2016,17,65000,all,All,1.08832817733224,1.06223027665698,1.11442607800749,1
2016,17,65000,gender,Female,1.17275005750558,1.14572740242761,1.19977271258355,1
2016,17,65000,gender,Male,1.00178743170672,0.972614185745012,1.03096067766843,1
2016,17,68003,all,All,1.1787689645314,1.15149563352146,1.20604229554135,1
2016,17,68003,gender,Female,1.31919026237305,1.29018827923335,1.34819224551275,1
2016,17,68003,gender,Male,1.06717289397494,1.03741884224899,1.0969269457009,1
2016,17,72000,all,All,1.10436898905922,1.07257330296868,1.13616467514975,1
2016,17,72000,gender,Female,1.1738329976845,1.1411666418347,1.20649935353431,1
2016,17,72000,gender,Male,1.0295194439599,0.99370918060156,1.06532970731824,1
2016,17,79293,all,All,1.00345683368529,0.973317842890062,1.03359582448051,1
2016,17,79293,gender,Female,1.13434618967728,1.10310507403601,1.16558730531855,1
2016,17,79293,gender,Male,0.872866224923027,0.839214226014783,0.906518223831272,1
2016,18,05860,all,All,1.19513428048149,1.15815112864778,1.2321174323152,1
2016,18,05860,gender,Female,1.18666273758707,1.14925915335178,1.22406632182237,1
2016,18,05860,gender,Male,1.19644628328978,1.15412171033898,1.23877085624057,1
2016,18,10342,all,All,1.0452882934048,1.01598470940728,1.07459187740232,1
2016,18,10342,gender,Female,1.04055770983427,1.01096571284593,1.0701497068226,1
2016,18,10342,gender,Male,1.04082180878231,1.00722638714562,1.074417230419,1
2016,18,22000,all,All,1.09291792993539,1.06710481737135,1.11873104249942,1
2016,18,22000,gender,Female,1.14415122515011,1.11744826459569,1.17085418570452,1
2016,18,22000,gender,Male,1.04403799222685,1.01516042135515,1.07291556309855,1
2016,18,23278,all,All,1.07907452549845,1.05272261890445,1.10542643209245,1
2016,18,23278,gender,Female,1.12537300395971,1.09774996990773,1.15299603801168,1
2016,18,23278,gender,Male,1.03502635955057,1.00590929174247,1.06414342735868,1
2016,18,25000,all,All,1.00574883040886,0.975773332641481,1.03572432817623,1
2016,18,25000,gender,Female,1.08982553488539,1.05859614767189,1.12105492209888,1
2016,18,25000,gender,Male,0.918074362654139,0.88476053510505,0.951388190203228,1
2016,18,31000,all,All,1.08096490465089,1.0486345255644,1.11329528373739,1
2016,18,31000,gender,Female,1.08066737907782,1.04709478596334,1.1142399721923,1
2016,18,31000,gender,Male,1.08620724771039,1.05017123588016,1.12224325954063,1
2016,18,36003,all,All,,,,
2016,18,36003,gender,Female,,,,
2016,18,36003,gender,Male,,,,
2016,18,71000,all,All,1.08088149770724,1.05258922138271,1.10917377403178,1
2016,18,71000,gender,Female,1.1047430561633,1.07479042446599,1.13469568786062,1
2016,18,71000,gender,Male,1.06142133783191,1.03043601845438,1.09240665720944,1
2016,19,12000,all,All,0.986454923408819,0.950445598540905,1.02246424827673,1
2016,19,12000,gender,Female,0.963199079518987,0.926676308236784,0.999721850801191,1
2016,19,12000,gender,Male,1.00419891489284,0.96311275071319,1.04528507907249,1
2016,19,19000,all,All,0.925094055306689,0.89348296743304,0.956705143180338,1
2016,19,19000,gender,Female,0.931569349101035,0.899056245525557,0.964082452676513,1
2016,19,19000,gender,Male,0.914198113492536,0.878630757618216,0.949765469366856,1
2016,19,21000,all,All,1.04302731410317,1.01731669172435,1.068737936482,1
2016,19,21000,gender,Female,1.05391624676682,1.02676308165985,1.0810694118738,1
2016,19,21000,gender,Male,1.03338949908122,1.00517190167041,1.06160709649204,1
2016,19,73335,all,All,1.2010017413925,1.16787494944777,1.23412853333723,1
2016,19,73335,gender,Female,1.28782121302839,1.25332625132157,1.32231617473522,1
2016,19,73335,gender,Male,1.1220090416376,1.08518101456555,1.15883706870966,1
2016,20,36000,all,All,1.09668115409036,1.06086595777956,1.13249635040116,1
2016,20,36000,gender,Female,1.15735435579024,1.12017843788681,1.19453027369366,1
2016,20,36000,gender,Male,1.04893501556457,1.00920526850985,1.08866476261928,1
2016,20,38900,all,All,0.871069100177033,0.833241919871228,0.908896280482837,1
2016,20,38900,gender,Female,0.891305769262262,0.851840858841349,0.930770679683175,1
2016,20,38900,gender,Male,0.853163562158224,0.811171853678327,0.895155270638121,1
2016,20,52575,all,All,0.934900334086,0.912320535862874,0.957480132309126,1
2016,20,52575,gender,Female,0.993665587339373,0.970205481158625,1.01712569352012,1
2016,20,52575,gender,Male,0.876673591140539,0.851518152119919,0.901829030161158,1
2016,20,53775,all,All,1.12675432543629,1.10080356669072,1.15270508418186,1
2016,20,53775,gender,Female,1.17642658076069,1.14954944643236,1.20330371508902,1
2016,20,53775,gender,Male,1.07804979528652,1.04904947123501,1.10705011933803,1
2016,20,71000,all,All,1.04679014137692,1.00471517077641,1.08886511197742,1
2016,20,71000,gender,Female,1.11994793592749,1.07534148581085,1.16455438604414,1
2016,20,71000,gender,Male,0.979370187403066,0.933354579346699,1.02538579545943,1
2016,20,79000,all,All,0.95106515011661,0.933088121184105,0.969042179049114,1
2016,20,79000,gender,Female,0.992874438018034,0.974285585097114,1.01146329093895,1
2016,20,79000,gender,Male,0.900236662083195,0.880117027540588,0.920356296625802,1
2016,21,46027,all,All,0.946707980556982,0.927494019285222,0.965921941828741,1
2016,21,46027,gender,Female,1.01116522329923,0.991520420803828,1.03081002579464,1
2016,21,46027,gender,Male,0.881744569769796,0.860001865838862,0.903487273700729,1
2016,21,48006,all,All,0.887711635029171,0.875338514746182,0.90008475531216,1
2016,21,48006,gender,Female,0.943320094868258,0.930621415839801,0.956018773896715,1
2016,21,48006,gender,Male,0.8307323324181,0.816782773271997,0.844681891564203,1
2016,22,05000,all,All,0.984482491207987,0.966131076993176,1.0028339054228,1
2016,22,05000,gender,Female,1.0288630796278,1.01001703790365,1.04770912135194,1
2016,22,05000,gender,Male,0.935187680761169,0.914508576389791,0.955866785132548,1
2016,22,40735,all,All,1.01920789964054,0.997246135756167,1.04116966352492,1
2016,22,40735,gender,Female,1.08967912367797,1.0669031266766,1.11245512067934,1
2016,22,40735,gender,Male,0.951507560278604,0.926998161210287,0.976016959346922,1
2016,22,41155,all,All,0.888019673896984,0.866583885371479,0.909455462422489,1
2016,22,41155,gender,Female,0.951702910201976,0.929129662803752,0.9742761576002,1
2016,22,41155,gender,Male,0.833211282098933,0.809623165304048,0.856799398893818,1
2016,22,55000,all,All,1.15713402089003,1.13885898180285,1.17540905997721,1
2016,22,55000,gender,Female,1.20004501320939,1.18112743655625,1.21896258986253,1
2016,22,55000,gender,Male,1.11203990218925,1.09160225877595,1.13247754560255,1
2016,22,70000,all,All,1.05534567770676,1.03669480170716,1.07399655370635,1
2016,22,70000,gender,Female,1.07388446782414,1.05462958207208,1.0931393535762,1
2016,22,70000,gender,Male,1.03543418196766,1.01452924585035,1.05633911808497,1
2016,24,04000,all,All,0.868760583427426,0.851011225754955,0.886509941099897,1
2016,24,04000,gender,Female,0.971824734795435,0.953403943380274,0.990245526210597,1
2016,24,04000,gender,Male,0.740959110537304,0.720636769810775,0.761281451263833,1
2016,24,30325,all,All,1.01857496865526,0.999430183698369,1.03771975361215,1
2016,24,30325,gender,Female,1.15485031107513,1.13492523481567,1.1747753873346,1
2016,24,30325,gender,Male,0.899679694024372,0.878383431088731,0.920975956960013,1
2016,25,07000,all,All,1.1396505779386,1.09182086402421,1.18748029185299,1
2016,25,07000,gender,Female,1.19898506609897,1.14863734019617,1.24933279200177,1
2016,25,07000,gender,Male,1.08392628698034,1.03127176991469,1.13658080404598,1
2016,25,09000,all,All,1.05071631511805,1.02094582726032,1.08048680297579,1
2016,25,09000,gender,Female,1.14351610858514,1.11257643083104,1.17445578633924,1
2016,25,09000,gender,Male,0.983395686883796,0.950219055076573,1.01657231869102,1
2016,25,11000,all,All,0.977519322301208,0.931490554791223,1.02354808981119,1
2016,25,11000,gender,Female,1.00574616384712,0.957675904956903,1.05381642273734,1
2016,25,11000,gender,Male,0.934803973686703,0.88375334898904,0.985854598384366,1
2016,25,23000,all,All,0.962635502736989,0.927920713274468,0.99735029219951,1
2016,25,23000,gender,Female,1.01836511556709,0.982326132357445,1.05440409877673,1
2016,25,23000,gender,Male,0.920278600016459,0.881570831085264,0.958986368947653,1
2016,25,34550,all,All,1.01832310140249,0.985722419164998,1.05092378363998,1
2016,25,34550,gender,Female,1.06836305582394,0.964443697831312,1.17228241381657,1
2016,25,34550,gender,Male,0.952013832287355,0.916294233795502,0.987733430779207,1
2016,25,37000,all,All,1.05449248128596,1.02333638285758,1.08564857971434,1
2016,25,37000,gender,Female,1.14621270461285,1.11358451031059,1.17884089891511,1
2016,25,37000,gender,Male,0.971107641608774,0.936649429086845,1.0055658541307,1
2016,25,37490,all,All,0.981254687146874,0.948514811145693,1.01399456314806,1
2016,25,37490,gender,Female,1.08260711026596,1.04765020383467,1.11756401669726,1
2016,25,37490,gender,Male,0.901825209372295,0.866229855390483,0.937420563354107,1
2016,25,45000,all,All,0.876491943731853,0.839227125054159,0.913756762409547,1
2016,25,45000,gender,Female,0.945333764782756,0.90668321096612,0.983984318599392,1
2016,25,45000,gender,Male,0.740262401115649,0.632226174890631,0.848298627340667,1
2016,25,45560,all,All,,,,
2016,25,45560,gender,Female,,,,
2016,25,45560,gender,Male,,,,
2016,25,55745,all,All,1.13954560553815,1.09892394514581,1.18016726593048,1
2016,25,55745,gender,Female,1.17402421498194,1.13192856504173,1.21611986492216,1
2016,25,55745,gender,Male,1.10525451020798,1.05988526265999,1.15062375775597,1
2016,25,62535,all,All,1.2183851409637,1.15882462175081,1.27794566017658,1
2016,25,62535,gender,Female,1.27680438058759,1.21324147501292,1.34036728616225,1
2016,25,62535,gender,Male,1.17179964390236,1.10701886720931,1.23658042059541,1
2016,25,67000,all,All,0.833532967832331,0.809521855710275,0.857544079954388,1
2016,25,67000,gender,Female,0.904009851946163,0.878966104260346,0.929053599631979,1
2016,25,67000,gender,Male,0.773605262083936,0.746945576930811,0.800264947237062,1
2016,25,82000,all,All,1.00439492670285,0.979142661889945,1.02964719151576,1
2016,25,82000,gender,Female,1.09012041804815,1.06393689362771,1.11630394246859,1
2016,25,82000,gender,Male,0.914797862530657,0.886603932294987,0.942991792766327,1
2016,26,03000,all,All,1.16805649937222,1.13941726614304,1.1966957326014,1
2016,26,03000,gender,Female,1.20473149623967,1.17457479288376,1.23488819959558,1
2016,26,03000,gender,Male,1.13211282584469,1.10059730296342,1.16362834872596,1
2016,26,21000,all,All,1.28851626798222,1.26392854912152,1.31310398684293,1
2016,26,21000,gender,Female,1.32836113837332,1.30323966592913,1.3534826108175,1
2016,26,21000,gender,Male,1.25319582867903,1.22534633680811,1.28104532054996,1
2016,26,22000,all,All,1.10876282711008,1.09593860944545,1.1215870447747,1
2016,26,22000,gender,Female,1.13465575186735,1.12143388938454,1.14787761435016,1
2016,26,22000,gender,Male,1.10761353978413,1.09301007334494,1.12221700622332,1
2016,26,27440,all,All,,,,
2016,26,27440,gender,Female,,,,
2016,26,27440,gender,Male,,,,
2016,26,29000,all,All,1.14788206086041,1.07999267420299,1.21577144751784,1
2016,26,29000,gender,Female,1.19164143327679,1.12077385337165,1.26250901318193,1
2016,26,29000,gender,Male,1.11930987769928,1.04399705114535,1.1946227042532,1
2016,26,34000,all,All,1.0492741851282,1.00471554048363,1.09383282977277,1
2016,26,34000,gender,Female,1.11091033270655,1.06516503463508,1.15665563077802,1
2016,26,34000,gender,Male,0.99582990265407,0.944608084644757,1.04705172066338,1
2016,26,46000,all,All,0.852787215863387,0.812898951126651,0.892675480600124,1
2016,26,46000,gender,Female,0.872334068048913,0.83061515132135,0.914052984776477,1
2016,26,46000,gender,Male,0.831110541779479,0.786935557512352,0.875285526046605,1
2016,26,49000,all,All,1.08016780950727,1.04400973479226,1.11632588422228,1
2016,26,49000,gender,Female,1.1142678405122,1.07623895177029,1.1522967292541,1
2016,26,49000,gender,Male,1.05162211613508,1.01180310364327,1.09144112862689,1
2016,26,69035,all,All,,,,
2016,26,69035,gender,Female,,,,
2016,26,69035,gender,Male,,,,
2016,26,74900,all,All,1.08569733043875,1.05130160583284,1.12009305504467,1
2016,26,74900,gender,Female,1.08419322936844,1.0489271404222,1.11945931831468,1
2016,26,74900,gender,Male,1.06539839841563,1.02656615937851,1.10423063745276,1
2016,26,76460,all,All,1.12713412480105,1.10472162791201,1.14954662169009,1
2016,26,76460,gender,Female,1.18463681420174,1.16106418375578,1.20820944464771,1
2016,26,76460,gender,Male,1.06462305602736,1.0399331675539,1.08931294450083,1
2016,26,80700,all,All,1.06670515411366,1.03251267507406,1.10089763315325,1
2016,26,80700,gender,Female,1.13858082003172,1.10219438377589,1.17496725628755,1
2016,26,80700,gender,Male,0.995664253404215,0.958385337560031,1.0329431692484,1
2016,26,84000,all,All,1.20276869765491,1.15875463281134,1.24678276249849,1
2016,26,84000,gender,Female,1.22689083336766,1.18108320421286,1.27269846252247,1
2016,26,84000,gender,Male,1.17128738672254,1.1223403963255,1.22023437711958,1
2016,26,86000,all,All,1.09999698947409,1.06612119857499,1.13387278037319,1
2016,26,86000,gender,Female,1.14581387139768,1.11134944390417,1.18027829889118,1
2016,26,86000,gender,Male,1.05242233552041,1.01388487304544,1.09095979799538,1
2016,26,88940,all,All,1.01147114518144,0.946815014062197,1.07612727630068,1
2016,26,88940,gender,Female,1.00407440957194,0.937145341824362,1.07100347731952,1
2016,26,88940,gender,Male,1.01600736820034,0.943694698550109,1.08832003785056,1
2016,27,06616,all,All,0.926002806710756,0.887739883013391,0.964265730408121,1
2016,27,06616,gender,Female,0.95872685264021,0.917293531560626,1.00016017371979,1
2016,27,06616,gender,Male,0.90202719173141,0.860911816300731,0.943142567162088,1
2016,27,07966,all,All,,,,
2016,27,07966,gender,Female,,,,
2016,27,07966,gender,Male,,,,
2016,27,17000,all,All,1.003642915108,0.964941955566412,1.04234387464959,1
2016,27,17000,gender,Female,1.05811373885407,1.01751503873264,1.09871243897551,1
2016,27,17000,gender,Male,0.965719028363935,0.922981958787422,1.00845609794045,1
2016,27,43000,all,All,0.996333358471049,0.971557945529333,1.02110877141277,1
2016,27,43000,gender,Female,1.03811655057707,1.01268129916242,1.06355180199171,1
2016,27,43000,gender,Male,0.952041286603439,0.924119733222352,0.979962839984527,1
2016,27,51730,all,All,,,,
2016,27,51730,gender,Female,,,,
2016,27,51730,gender,Male,,,,
2016,27,54880,all,All,0.852227184644863,0.823230912853854,0.881223456435872,1
2016,27,54880,gender,Female,0.883903601179818,0.854580080261675,0.913227122097961,1
2016,27,54880,gender,Male,0.813354610704329,0.780169917492693,0.846539303915965,1
2016,27,58000,all,All,1.14799109341025,1.04191449243856,1.25406769438194,1
2016,27,58000,gender,Female,1.14038665045133,1.03259056948845,1.24818273141421,1
2016,27,58000,gender,Male,1.17250755859984,1.05172089175082,1.29329422544887,1
2016,27,71428,all,All,,,,
2016,27,71428,gender,Female,,,,
2016,27,71428,gender,Male,,,,
2016,28,36000,all,All,0.849318698838926,0.826255417924997,0.872381979752856,1
2016,28,36000,gender,Female,0.850872469832028,0.82708335389757,0.874661585766487,1
2016,28,36000,gender,Male,0.836951253550208,0.81107698944661,0.862825517653805,1
2016,29,15670,all,All,1.04335002012344,1.01399511887965,1.07270492136724,1
2016,29,15670,gender,Female,1.03625358094838,1.00533180426004,1.06717535763672,1
2016,29,15670,gender,Male,1.04094639604492,1.00864864685636,1.07324414523349,1
2016,29,35000,all,All,0.97544673805492,0.937822669668308,1.01307080644153,1
2016,29,35000,gender,Female,0.984032939553154,0.945958338835456,1.02210754027085,1
2016,29,35000,gender,Male,0.956541131938739,0.913531717011975,0.999550546865503,1
2016,29,38000,all,All,1.07602486414337,1.04475825193264,1.10729147635411,1
2016,29,38000,gender,Female,1.07975734021068,1.04739112352773,1.11212355689364,1
2016,29,38000,gender,Male,1.06519807174481,1.03023975151993,1.10015639196969,1
2016,29,41348,all,All,1.01140903535736,0.982878664936419,1.0399394057783,1
2016,29,41348,gender,Female,1.020281543516,0.99090025011214,1.04966283691986,1
2016,29,41348,gender,Male,0.998457758947133,0.966398757036102,1.03051676085816,1
2016,29,54074,all,All,1.23457915959546,1.20666590577101,1.2624924134199,1
2016,29,54074,gender,Female,1.21151671264691,1.18225229489564,1.24078113039819,1
2016,29,54074,gender,Male,1.25761218824885,1.22677323823722,1.28845113826049,1
2016,29,65000,all,All,,,,
2016,29,65000,gender,Female,,,,
2016,29,65000,gender,Male,,,,
2016,29,70000,all,All,1.0442743185385,1.02025064945653,1.06829798762047,1
2016,29,70000,gender,Female,1.07505639867446,1.04973585930076,1.10037693804817,1
2016,29,70000,gender,Male,1.01536059398753,0.988946683044079,1.04177450493098,1
2016,30,06550,all,All,0.993296456773267,0.915878557767132,1.0707143557794,1
2016,30,06550,gender,Female,0.998934475402389,0.962568796161527,1.03530015464325,1
2016,30,06550,gender,Male,0.932137445107576,0.872681611928469,0.991593278286684,1
2016,31,28000,all,All,0.982614635312666,0.963229608884309,1.00199966174102,1
2016,31,28000,gender,Female,1.02976088634586,1.00950391048318,1.05001786220855,1
2016,31,28000,gender,Male,0.940001001736372,0.918520687137377,0.961481316335367,1
2016,31,37000,all,All,0.954494580540422,0.932533150714187,0.976456010366658,1
2016,31,37000,gender,Female,0.98080097824682,0.957978874720431,1.00362308177321,1
2016,31,37000,gender,Male,0.926840946480759,0.902378957461653,0.951302935499864,1
2016,32,31900,all,All,,,,
2016,32,31900,gender,Female,,,,
2016,32,31900,gender,Male,,,,
2016,32,40000,all,All,1.04009850974969,1.03340592861507,1.0467910908843,1
2016,32,40000,gender,Female,1.09899829781306,1.09205344647123,1.10594314915489,1
2016,32,40000,gender,Male,0.984339885489275,0.976875204517797,0.991804566460754,1
2016,32,51800,all,All,,,,
2016,32,51800,gender,Female,,,,
2016,32,51800,gender,Male,,,,
2016,32,60600,all,All,1.08381123294972,1.06868902099517,1.09893344490428,1
2016,32,60600,gender,Female,1.13758156224102,1.1217670755837,1.15339604889833,1
2016,32,60600,gender,Male,1.03370089282302,1.01695597813235,1.05044580751368,1
2016,32,68400,all,All,,,,
2016,32,68400,gender,Female,,,,
2016,32,68400,gender,Male,,,,
2016,33,45140,all,All,0.858595611321696,0.760592793531947,0.956598429111445,1
2016,33,45140,gender,Female,0.955419929979253,0.852612834773263,1.05822702518524,1
2016,33,45140,gender,Male,0.771117944040524,0.662905339399142,0.879330548681905,1
2016,33,50260,all,All,0.994909587777772,0.947079782531194,1.04273939302435,1
2016,33,50260,gender,Female,1.03185961029646,0.982476105143174,1.08124311544975,1
2016,33,50260,gender,Male,0.943793537333604,0.890188186992482,0.997398887674725,1
2016,34,13690,all,All,1.03817864141996,1.00145126115778,1.07490602168215,1
2016,34,13690,gender,Female,1.15675473309096,1.11755255356709,1.19595691261484,1
2016,34,13690,gender,Male,,,,
2016,34,21000,all,All,1.05733651542599,1.03189863694642,1.08277439390556,1
2016,34,21000,gender,Female,1.15043915818768,1.12357675383524,1.17730156254012,1
2016,34,21000,gender,Male,0.958682789219863,0.930759445964363,0.986606132475363,1
2016,34,36000,all,All,1.09234804170064,1.07001555366301,1.11468052973828,1
2016,34,36000,gender,Female,1.17226547133207,1.14895510513037,1.19557583753376,1
2016,34,36000,gender,Male,1.02226981621745,0.997494446914262,1.04704518552064,1
2016,34,51000,all,All,1.18609276223266,1.16838043100844,1.20380509345688,1
2016,34,51000,gender,Female,1.28007405239192,1.26207232535341,1.29807577943043,1
2016,34,51000,gender,Male,1.09181691769053,1.0716435284109,1.11199030697015,1
2016,34,57000,all,All,1.14090179675583,1.11786635181095,1.16393724170072,1
2016,34,57000,gender,Female,1.18809440966029,1.16384457063979,1.21234424868079,1
2016,34,57000,gender,Male,1.09496225031375,1.06960423156682,1.12032026906068,1
2016,34,74000,all,All,1.13248005649154,1.09932108181148,1.16563903117159,1
2016,34,74000,gender,Female,1.24192927332109,1.20754747581144,1.27631107083073,1
2016,34,74000,gender,Male,1.04727630545385,1.01020683484774,1.08434577605997,1
2016,35,02000,all,All,1.06011176613761,1.04783809303104,1.07238543924419,1
2016,35,02000,gender,Female,1.0943425498319,1.08179828785042,1.10688681181337,1
2016,35,02000,gender,Male,1.01286905317269,0.998974797015925,1.02676330932945,1
2016,35,39380,all,All,1.04059736187578,1.01621456992973,1.06498015382182,1
2016,35,39380,gender,Female,1.1052187000599,1.07998690829237,1.13045049182742,1
2016,35,39380,gender,Male,0.956374861425595,0.929106992066366,0.983642730784825,1
2016,35,63460,all,All,1.09169512742595,1.06266229829371,1.12072795655819,1
2016,35,63460,gender,Female,1.12327554225511,1.09366207932986,1.15288900518036,1
2016,35,63460,gender,Male,1.05753808672126,1.0246053502786,1.09047082316391,1
2016,35,70500,all,All,1.03634115266711,0.990028656780609,1.0826536485536,1
2016,35,70500,gender,Female,1.07449339271334,1.02579719417257,1.12318959125411,1
2016,35,70500,gender,Male,0.986594575615938,0.935595730238086,1.03759342099379,1
2016,36,01000,all,All,0.388781244860972,0.268572579126616,0.508989910595328,1
2016,36,01000,gender,Female,0.461264037882735,0.337297597111313,0.585230478654157,1
2016,36,01000,gender,Male,0.337922445342425,0.20316431630523,0.472680574379619,1
2016,36,11000,all,All,0.657130301960445,0.58674574747195,0.72751485644894,1
2016,36,11000,gender,Female,0.737780921028163,0.653403885669114,0.822157956387212,1
2016,36,11000,gender,Male,0.649662951751745,0.569569549941322,0.729756353562167,1
2016,36,50617,all,All,0.66954104365623,0.559748413865021,0.77933367344744,1
2016,36,50617,gender,Female,0.732117106226435,0.617260353213598,0.846973859239272,1
2016,36,50617,gender,Male,0.580700927305404,0.459163562799841,0.702238291810967,1
2016,36,51000,all,All,1.17631338729092,1.16481690232836,1.18780987225348,1
2016,36,51000,gender,Female,1.18999750221004,1.17817260956854,1.20182239485155,1
2016,36,51000,gender,Male,1.15884575177424,1.14591335911119,1.1717781444373,1
2016,36,63000,all,All,0.842867053779045,0.735313713397024,0.950420394161067,1
2016,36,63000,gender,Female,0.841534333625687,0.729749958078359,0.953318709173014,1
2016,36,63000,gender,Male,0.835597142022345,0.715853698924246,0.955340585120445,1
2016,36,73000,all,All,0.770778175471104,0.659876880097835,0.881679470844373,1
2016,36,73000,gender,Female,0.690048797267116,0.582338570612005,0.797759023922228,1
2016,36,73000,gender,Male,0.817093368713425,0.70312779355799,0.93105894386886,1
2016,36,84000,all,All,0.834035202782038,0.763148385315269,0.904922020248806,1
2016,36,84000,gender,Female,0.80430190814887,0.730823037333022,0.877780778964718,1
2016,36,84000,gender,Male,0.858265223898672,0.779119006419361,0.937411441377982,1
2016,37,02140,all,All,0.881483261968008,0.853450569751881,0.909515954184134,1
2016,37,02140,gender,Female,0.920925964244455,0.891666851195183,0.950185077293727,1
2016,37,02140,gender,Male,0.84243578197557,0.811335791581041,0.873535772370099,1
2016,37,10740,all,All,0.924761593673684,0.915479976460312,0.934043210887056,1
2016,37,10740,gender,Female,0.954918636086778,0.945298506781975,0.96453876539158,1
2016,37,10740,gender,Male,0.893814957062453,0.883451022771709,0.904178891353198,1
2016,37,12000,all,All,0.913565483561505,0.903944305112494,0.923186662010515,1
2016,37,12000,gender,Female,0.948483701293588,0.938632862885621,0.958334539701556,1
2016,37,12000,gender,Male,0.878171251984627,0.867298975440074,0.889043528529179,1
2016,37,14100,all,All,0.933736863871786,0.913201428603483,0.954272299140089,1
2016,37,14100,gender,Female,0.983224492176544,0.961894841187766,1.00455414316532,1
2016,37,14100,gender,Male,0.884650772416846,0.861766898743414,0.907534646090279,1
2016,37,19000,all,All,0.902993253473229,0.88335772900643,0.922628777940027,1
2016,37,19000,gender,Female,0.934362320281574,0.914499329817194,0.954225310745954,1
2016,37,19000,gender,Male,0.871679112110223,0.849214854397457,0.894143369822989,1
2016,37,22920,all,All,0.861437285646243,0.8445499785221,0.878324592770386,1
2016,37,22920,gender,Female,0.90787700475632,0.890374434024424,0.925379575488216,1
2016,37,22920,gender,Male,0.814216550013795,0.795359228025373,0.833073872002217,1
2016,37,25580,all,All,0.895116671705985,0.874302252789383,0.915931090622588,1
2016,37,25580,gender,Female,0.960164006235114,0.938221697568581,0.982106314901647,1
2016,37,25580,gender,Male,0.836657721354735,0.813776107837192,0.859539334872279,1
2016,37,28000,all,All,0.951706106880311,0.937852686042405,0.965559527718217,1
2016,37,28000,gender,Female,1.00981123541622,0.995371480753707,1.02425099007872,1
2016,37,28000,gender,Male,0.893568181696181,0.878181104691477,0.908955258700886,1
2016,37,28080,all,All,0.935258897659669,0.910239074111966,0.960278721207373,1
2016,37,28080,gender,Female,0.973254763095935,0.947337893894055,0.999171632297816,1
2016,37,28080,gender,Male,0.886363546682916,0.858407933655098,0.914319159710734,1
2016,37,31400,all,All,,,,
2016,37,31400,gender,Female,,,,
2016,37,31400,gender,Male,,,,
2016,37,55000,all,All,0.924761593673684,0.915479976460312,0.934043210887056,1
2016,37,55000,gender,Female,0.954918636086778,0.945298506781975,0.96453876539158,1
2016,37,55000,gender,Male,0.893814957062453,0.883451022771709,0.904178891353198,1
2016,37,74440,all,All,0.82784315669489,0.804373416800038,0.851312896589742,1
2016,37,74440,gender,Female,0.883732083628271,0.859121646654071,0.908342520602471,1
2016,37,74440,gender,Male,0.770856176708613,0.744931902085474,0.796780451331752,1
2016,37,75000,all,All,,,,
2016,37,75000,gender,Female,,,,
2016,37,75000,gender,Male,,,,
2016,38,25700,all,All,1.07569280352506,1.03862907185301,1.1127565351971,1
2016,38,25700,gender,Female,1.17181066155924,1.1340409159125,1.20958040720599,1
2016,38,25700,gender,Male,0.982734862878389,0.940652402329328,1.02481732342745,1
2016,39,01000,all,All,0.884235633692472,0.845370889503233,0.923100377881711,1
2016,39,01000,gender,Female,0.893441586276927,0.852897259225503,0.933985913328352,1
2016,39,01000,gender,Male,0.870238183740104,0.827115111077893,0.913361256402315,1
2016,39,15000,all,All,0.913310624066377,0.865306769831222,0.961314478301533,1
2016,39,15000,gender,Female,0.943501145005603,0.893439159311248,0.993563130699958,1
2016,39,15000,gender,Male,0.882605802586973,0.829313178758131,0.935898426415815,1
2016,39,16000,all,All,0.881751827419661,0.862222340079391,0.901281314759931,1
2016,39,16000,gender,Female,0.919385535443591,0.899339152158857,0.939431918728325,1
2016,39,16000,gender,Male,0.832118835271038,0.810110825602143,0.854126844939933,1
2016,39,18000,all,All,1.08512436981588,1.05609813144638,1.11415060818538,1
2016,39,18000,gender,Female,1.07857042445523,1.04871279539055,1.10842805351991,1
2016,39,18000,gender,Male,1.07549659478408,1.04285833628255,1.1081348532856,1
2016,39,21000,all,All,0.933604321408377,0.891935695740585,0.97527294707617,1
2016,39,21000,gender,Female,0.966550628826195,0.923852967610892,1.0092482900415,1
2016,39,21000,gender,Male,0.862078497572142,0.815050419442085,0.909106575702199,1
2016,39,61000,all,All,0.973100600520482,0.93706362081607,1.00913758022489,1
2016,39,61000,gender,Female,1.03233173340452,0.995998385931065,1.06866508087798,1
2016,39,61000,gender,Male,0.911453923691226,0.870079723536801,0.95282812384565,1
2016,39,77000,all,All,0.924383202609254,0.894512554925642,0.954253850292865,1
2016,39,77000,gender,Female,0.910147738890658,0.879568556050658,0.940726921730659,1
2016,39,77000,gender,Male,0.928505281658785,0.894846471058039,0.962164092259531,1
2016,40,09050,all,All,0.924762221267286,0.89591708451051,0.953607358024061,1
2016,40,09050,gender,Female,0.965078584913215,0.935012191460337,0.995144978366093,1
2016,40,09050,gender,Male,0.887283788383333,0.85524498822402,0.919322588542646,1
2016,40,23200,all,All,1.04713072833947,1.01257542675449,1.08168602992445,1
2016,40,23200,gender,Female,1.07925201484145,1.04436306466758,1.11414096501532,1
2016,40,23200,gender,Male,1.02209351027977,0.982539097470432,1.06164792308911,1
2016,40,41850,all,All,0.938866117952335,0.889217260064374,0.988514975840297,1
2016,40,41850,gender,Female,0.959977567356795,0.908553282334402,1.01140185237919,1
2016,40,41850,gender,Male,0.871676747528189,0.805438982768337,0.937914512288042,1
2016,40,52500,all,All,0.976940896731785,0.93333191267178,1.02054988079179,1
2016,40,52500,gender,Female,1.02268511969898,0.983704861256962,1.06166537814099,1
2016,40,52500,gender,Male,0.941710496604776,0.899287018337775,0.984133974871778,1
2016,40,55000,all,All,1.101088734247,1.05806070488299,1.14411676361101,1
2016,40,55000,gender,Female,1.10988641500322,1.06520488823462,1.15456794177182,1
2016,40,55000,gender,Male,1.09657914308862,1.05003901923346,1.14311926694378,1
2016,40,75000,all,All,0.998748514145447,0.972489613465248,1.02500741482565,1
2016,40,75000,gender,Female,1.0569583020372,1.02857875324548,1.08533785082892,1
2016,40,75000,gender,Male,0.936839094654774,0.908924060130945,0.964754129178605,1
2016,41,05350,all,All,1.03106131274784,1.01191723556281,1.05020538993287,1
2016,41,05350,gender,Female,1.11325309619811,1.0934175070397,1.13308868535652,1
2016,41,05350,gender,Male,0.957144172090382,0.935751885644907,0.978536458535858,1
2016,41,05800,all,All,0.906011451829925,0.848033234351052,0.963989669308798,1
2016,41,05800,gender,Female,1.03189159722845,0.973349867954685,1.09043332650221,1
2016,41,05800,gender,Male,0.780983284115275,0.714518240592292,0.847448327638258,1
2016,41,23850,all,All,1.13646183490205,1.02085832750622,1.25206534229787,1
2016,41,23850,gender,Female,1.10257959355266,0.983471335021527,1.2216878520838,1
2016,41,23850,gender,Male,1.15647830560847,1.02664124881212,1.28631536240483,1
2016,41,31250,all,All,1.29077286206596,1.25522694660023,1.32631877753169,1
2016,41,31250,gender,Female,1.34354789703232,1.30683242277893,1.38026337128571,1
2016,41,31250,gender,Male,1.23926329350867,1.19943949373446,1.27908709328288,1
2016,41,34100,all,All,1.09101138929626,1.06403194620091,1.11799083239162,1
2016,41,34100,gender,Female,1.19871292593643,1.17060604647126,1.22681980540161,1
2016,41,34100,gender,Male,0.986678894293024,0.956698286391188,1.01665950219486,1
2016,41,47000,all,All,1.1939894552209,1.15923932407508,1.22873958636672,1
2016,41,47000,gender,Female,1.2698582269531,1.23439219511415,1.30532425879205,1
2016,41,47000,gender,Male,1.1206444392403,1.08124024725765,1.16004863122295,1
2016,41,59000,all,All,1.20330619408859,1.12505820266958,1.28155418550761,1
2016,41,59000,gender,Female,1.24293747390661,1.15874953387854,1.32712541393468,1
2016,41,59000,gender,Male,1.17923654635428,1.08887655376133,1.26959653894724,1
2016,41,64900,all,All,1.18887588038521,1.16935801089836,1.20839374987206,1
2016,41,64900,gender,Female,1.25653588386609,1.2365425621943,1.27652920553787,1
2016,41,64900,gender,Male,1.11788176861622,1.09583636202249,1.13992717520996,1
2016,42,02000,all,All,0.927640939624284,0.884980341569664,0.970301537678903,1
2016,42,02000,gender,Female,0.986698472600926,0.942192211420781,1.03120473378107,1
2016,42,02000,gender,Male,0.921169678044522,0.864353537606718,0.977985818482327,1
2016,42,06088,all,All,0.993413198433648,0.963511169100803,1.02331522776649,1
2016,42,06088,gender,Female,1.04958416378518,1.01842045978294,1.08074786778741,1
2016,42,06088,gender,Male,0.941114099134831,0.907888477875303,0.974339720394359,1
2016,42,24000,all,All,1.01999416792473,0.973925123770502,1.06606321207895,1
2016,42,24000,gender,Female,1.06819658821919,1.01916701273508,1.1172261637033,1
2016,42,24000,gender,Male,0.977200688265787,0.92692651668855,1.02747485984302,1
2016,42,60000,all,All,1.03574085891944,1.02691026987242,1.04457144796646,1
2016,42,60000,gender,Female,1.06237049413748,1.05325104370668,1.07148994456828,1
2016,42,60000,gender,Male,0.981718624903074,0.968774924298256,0.994662325507892,1
2016,42,61000,all,All,0.954906371981353,0.90397125018218,1.00584149378053,1
2016,42,61000,gender,Female,1.01939941646712,0.967364115674877,1.07143471725937,1
2016,42,61000,gender,Male,0.893807356688958,0.83298393124946,0.954630782128456,1
2016,42,63624,all,All,0.815520734237756,0.766642352009199,0.864399116466311,1
2016,42,63624,gender,Female,0.860224980473263,0.810012950177654,0.910437010768871,1
2016,42,63624,gender,Male,0.768455858287072,0.713516448812528,0.823395267761615,1
2016,42,69000,all,All,1.00663746505799,0.966380879693473,1.0468940504225,1
2016,42,69000,gender,Female,1.04748942677381,1.0054461617931,1.08953269175451,1
2016,42,69000,gender,Male,0.965982766004283,0.921351435429462,1.0106140965791,1
2016,44,19180,all,All,0.967371876204956,0.930064339958041,1.00467941245187,1
2016,44,19180,gender,Female,1.00806133029736,0.969239116836301,1.04688354375842,1
2016,44,19180,gender,Male,0.941457400875878,0.899938286639802,0.982976515111953,1
2016,44,54640,all,All,0.871213514527305,0.82972940003681,0.912697629017802,1
2016,44,54640,gender,Female,0.959723937832445,0.917652771555146,1.00179510410974,1
2016,44,54640,gender,Male,0.779040638737805,0.731699870097623,0.826381407377987,1
2016,44,59000,all,All,0.930933946441601,0.906478729487187,0.955389163396014,1
2016,44,59000,gender,Female,0.981263239000415,0.95553052343088,1.00699595456995,1
2016,44,59000,gender,Male,0.873474904303876,0.846536077585743,0.900413731022009,1
2016,44,74300,all,All,0.717679952761595,0.676945217680737,0.758414687842453,1
2016,44,74300,gender,Female,0.781735462989594,0.740048685613603,0.823422240365585,1
2016,44,74300,gender,Male,0.643980065546775,0.597882701760785,0.690077429332766,1
2016,45,13330,all,All,1.09510427183182,1.07715570703419,1.11305283662945,1
2016,45,13330,gender,Female,1.1718266827529,1.15288506637374,1.19076829913206,1
2016,45,13330,gender,Male,1.03332023585069,1.01360820902043,1.05303226268095,1
2016,45,16000,all,All,1.0400594838011,1.01565926543927,1.06445970216292,1
2016,45,16000,gender,Female,1.09125040885628,1.06585361484525,1.11664720286731,1
2016,45,16000,gender,Male,0.982483357068997,0.95534341858991,1.00962329554808,1
2016,45,48535,all,All,,,,
2016,45,48535,gender,Female,,,,
2016,45,48535,gender,Male,,,,
2016,45,50875,all,All,,,,
2016,45,50875,gender,Female,,,,
2016,45,50875,gender,Male,,,,
2016,46,59020,all,All,1.17076248778616,1.14461260273164,1.19691237284068,1
2016,46,59020,gender,Female,1.25600631926216,1.22932144589778,1.28269119262654,1
2016,46,59020,gender,Male,1.08125855705701,1.05160078160444,1.11091633250958,1
2016,47,14000,all,All,1.04800674622675,1.0278097071325,1.068203785321,1
2016,47,14000,gender,Female,1.10040595014833,1.0796428671289,1.12116903316776,1
2016,47,14000,gender,Male,0.995400688568249,0.972669317916997,1.0181320592195,1
2016,47,15160,all,All,0.963814249023328,0.939980613988431,0.987647884058225,1
2016,47,15160,gender,Female,0.994199501477058,0.970047665465595,1.01835133748852,1
2016,47,15160,gender,Male,0.922214006483263,0.894985827794395,0.94944218517213,1
2016,47,27740,all,All,1.00694963104413,0.980058796129686,1.03384046595858,1
2016,47,27740,gender,Female,1.06994532599928,1.04257451215839,1.09731613984016,1
2016,47,27740,gender,Male,0.940009680448681,0.909447603841934,0.97057175705543,1
2016,47,40000,all,All,1.02006207723147,1.00291937472102,1.03720477974192,1
2016,47,40000,gender,Female,1.05047858432892,1.0326186567961,1.06833851186173,1
2016,47,40000,gender,Male,0.983110462571606,0.964060519917713,1.0021604052255,1
2016,47,48000,all,All,1.09756235312338,1.08545675953616,1.10966794671059,1
2016,47,48000,gender,Female,1.12348323955457,1.11097401901941,1.13599246008973,1
2016,47,48000,gender,Male,1.0736000620989,1.06004333344769,1.08715679075012,1
2016,47,51560,all,All,0.940932720043297,0.910732036391562,0.971133403695031,1
2016,47,51560,gender,Female,0.958539178981745,0.928289704150815,0.988788653812675,1
2016,47,51560,gender,Male,0.905090960881929,0.870156818159425,0.940025103604434,1
2016,47,52006,all,All,0.95370352255489,0.938724112959268,0.968682932150511,1
2016,47,52006,gender,Female,1.00045045483471,0.985105562832698,1.01579534683672,1
2016,47,52006,gender,Male,0.907693839943551,0.890775716327359,0.924611963559741,1
2016,48,01000,all,All,0.753665327665165,0.685104971276543,0.822225684053787,1
2016,48,01000,gender,Female,0.833019726372366,0.762421430856231,0.903618021888502,1
2016,48,01000,gender,Male,0.666605002951596,0.589541904155549,0.743668101747644,1
2016,48,01924,all,All,0.965499732349758,0.908081129023278,1.02291833567624,1
2016,48,01924,gender,Female,0.978020187308714,0.91788945203769,1.03815092257974,1
2016,48,01924,gender,Male,0.949329510982572,0.885828012669559,1.01283100929559,1
2016,48,03000,all,All,0.878094343331978,0.826123193346242,0.930065493317715,1
2016,48,03000,gender,Female,1.00318311162516,0.950391128771173,1.05597509447914,1
2016,48,03000,gender,Male,0.745947408466156,0.686746180345814,0.805148636586499,1
2016,48,04000,all,All,1.01660547499779,0.989147675564816,1.04406327443076,1
2016,48,04000,gender,Female,1.09717164893785,1.0687150368476,1.1256282610281,1
2016,48,04000,gender,Male,0.935944575932652,0.905282010047279,0.966607141818025,1
2016,48,05000,all,All,0.829960480169155,0.796435725531531,0.86348523480678,1
2016,48,05000,gender,Female,0.890873604752289,0.856086278380565,0.925660931124012,1
2016,48,05000,gender,Male,0.762962177793807,0.725566349973559,0.800358005614054,1
2016,48,06128,all,All,0.984983456142877,0.937880867238031,1.03208604504772,1
2016,48,06128,gender,Female,1.16418185119886,1.11431478106299,1.21404892133473,1
2016,48,06128,gender,Male,0.829367725759128,0.777779488221851,0.880955963296404,1
2016,48,07000,all,All,0.912441022190938,0.860157619214481,0.964724425167394,1
2016,48,07000,gender,Female,0.994236598212592,0.940377635578958,1.04809556084623,1
2016,48,07000,gender,Male,0.824962000523391,0.766233403214223,0.883690597832559,1
2016,48,10768,all,All,0.940015130607889,0.907871891098934,0.972158370116846,1
2016,48,10768,gender,Female,0.987142716238463,0.954247232978158,1.02003819949877,1
2016,48,10768,gender,Male,0.892410815087868,0.856067046604413,0.928754583571323,1
2016,48,10912,all,All,0.763763965801055,0.70805885512971,0.819469076472401,1
2016,48,10912,gender,Female,0.934849437627515,0.876674512271077,0.993024362983953,1
2016,48,10912,gender,Male,0.602807506285381,0.541043496828206,0.664571515742556,1
2016,48,13024,all,All,0.831596506299665,0.789253583152877,0.873939429446452,1
2016,48,13024,gender,Female,0.892536685483886,0.848157957758272,0.936915413209499,1
2016,48,13024,gender,Male,0.778119075635496,0.731315880597591,0.824922270673402,1
2016,48,13552,all,All,,,,
2016,48,13552,gender,Female,,,,
2016,48,13552,gender,Male,,,,
2016,48,15976,all,All,0.994376552241541,0.929776175295174,1.05897692918791,1
2016,48,15976,gender,Female,1.04350005112319,0.978195037215089,1.10880506503129,1
2016,48,15976,gender,Male,0.955507185700404,0.881544907960378,1.02946946344043,1
2016,48,16432,all,All,0.858110408289529,0.82851310689129,0.887707709687768,1
2016,48,16432,gender,Female,0.878294236627,0.84780572927451,0.90878274397949,1
2016,48,16432,gender,Male,0.836613371389878,0.80336821540759,0.869858527372166,1
2016,48,17000,all,All,0.993330039660976,0.932440782466023,1.05421929685593,1
2016,48,17000,gender,Female,1.04306933366006,0.979377055978117,1.10676161134201,1
2016,48,17000,gender,Male,0.940579627018501,0.873266720010337,1.00789253402667,1
2016,48,19000,all,All,0.916555930501348,0.896494591720074,0.936617269282623,1
2016,48,19000,gender,Female,0.968842599821369,0.948105435286608,0.98957976435613,1
2016,48,19000,gender,Male,0.861429306760963,0.838971567157769,0.883887046364157,1
2016,48,19972,all,All,0.850889447070162,0.808657503755157,0.893121390385167,1
2016,48,19972,gender,Female,0.96009911033925,0.916197706736174,1.00400051394233,1
2016,48,19972,gender,Male,0.745775136179613,0.698749526533,0.792800745826226,1
2016,48,22660,all,All,0.720668548947011,0.68343149288731,0.757905605006713,1
2016,48,22660,gender,Female,0.776833395038683,0.737587662479076,0.81607912759829,1
2016,48,22660,gender,Male,0.666668336551248,0.625724999348825,0.707611673753671,1
2016,48,24000,all,All,0.914496403997367,0.877630414351383,0.951362393643351,1
2016,48,24000,gender,Female,0.975637092578775,0.937300657080054,1.0139735280775,1
2016,48,24000,gender,Male,0.855195960629499,0.814158725918639,0.89623319534036,1
2016,48,26232,all,All,0.948292555070049,0.918088352492563,0.978496757647536,1
2016,48,26232,gender,Female,1.00172693723752,0.970846083083628,1.03260779139141,1
2016,48,26232,gender,Male,0.890893276450366,0.856713147161668,0.925073405739063,1
2016,48,27000,all,All,0.92469590632553,0.892060934330234,0.957330878320826,1
2016,48,27000,gender,Female,0.962830836452191,0.929156622822411,0.996505050081971,1
2016,48,27000,gender,Male,0.888440725326377,0.851865975644488,0.925015475008266,1
2016,48,27684,all,All,0.996775305963542,0.966666548718682,1.0268840632084,1
2016,48,27684,gender,Female,1.04798410115368,1.01735663887551,1.07861156343184,1
2016,48,27684,gender,Male,0.942728829339849,0.90848057757706,0.976977081102638,1
2016,48,29000,all,All,0.868187752929112,0.838995451782864,0.89738005407536,1
2016,48,29000,gender,Female,0.94451023001442,0.91430681556404,0.974713644464799,1
2016,48,29000,gender,Male,0.795654499526833,0.763002045099479,0.828306953954187,1
2016,48,30464,all,All,1.04059719394925,1.0011155303752,1.0800788575233,1
2016,48,30464,gender,Female,1.06333929015061,1.02233902701557,1.10433955328565,1
2016,48,30464,gender,Male,1.01293084265218,0.968920170962165,1.05694151434219,1
2016,48,35000,all,All,1.03845041159108,1.01390255675327,1.06299826642888,1
2016,48,35000,gender,Female,1.0918843636149,1.06647775488326,1.11729097234653,1
2016,48,35000,gender,Male,0.984356808092108,0.956909802649275,1.01180381353494,1
2016,48,37000,all,All,0.985521263523255,0.94838511053857,1.02265741650794,1
2016,48,37000,gender,Female,1.03534707757708,0.996944356493165,1.07374979866099,1
2016,48,37000,gender,Male,0.943611183194067,0.902053822666602,0.985168543721533,1
2016,48,39148,all,All,0.910972228829862,0.875177146407328,0.946767311252396,1
2016,48,39148,gender,Female,0.932953767099357,0.895801981319285,0.970105552879429,1
2016,48,39148,gender,Male,0.882675564584185,0.84275780151833,0.922593327650039,1
2016,48,41464,all,All,1.0849920580508,1.04632491617317,1.12365919992842,1
2016,48,41464,gender,Female,1.17011037820429,1.12986829616619,1.2103524602424,1
2016,48,41464,gender,Male,1.01068901855971,0.967679574865677,1.05369846225374,1
2016,48,41980,all,All,0.821500065791164,0.786446520225254,0.856553611357074,1
2016,48,41980,gender,Female,0.914633803090957,0.878373996433628,0.950893609748286,1
2016,48,41980,gender,Male,0.728229049071135,0.689013555996994,0.767444542145276,1
2016,48,42508,all,All,0.94829255507005,0.918088352492563,0.978496757647536,1
2016,48,42508,gender,Female,1.00172693723752,0.970846083083628,1.03260779139141,1
2016,48,42508,gender,Male,0.890893276450366,0.856713147161668,0.925073405739063,1
2016,48,43888,all,All,1.04970065964339,0.952346895784969,1.14705442350182,1
2016,48,43888,gender,Female,1.1260699973894,1.02313841431465,1.22900158046415,1
2016,48,43888,gender,Male,0.980517604242478,0.873784918375639,1.08725029010932,1
2016,48,45000,all,All,0.861941613688852,0.805203656663434,0.91867957071427,1
2016,48,45000,gender,Female,0.949478224997951,0.890240785270361,1.00871566472554,1
2016,48,45000,gender,Male,0.784109122861925,0.721197526482452,0.847020719241397,1
2016,48,45384,all,All,0.957647756707302,0.913226944269878,1.00206856914473,1
2016,48,45384,gender,Female,1.01458692788997,0.968364657212535,1.0608091985674,1
2016,48,45384,gender,Male,0.90430543507484,0.854888309972694,0.953722560176987,1
2016,48,45744,all,All,0.961912625263276,0.917632758815946,1.00619249171061,1
2016,48,45744,gender,Female,1.08208030236091,1.03573752367562,1.1284230810462,1
2016,48,45744,gender,Male,0.847834952805399,0.798837318230161,0.896832587380638,1
2016,48,47892,all,All,0.90309288493149,0.868060010929222,0.938125758933758,1
2016,48,47892,gender,Female,0.926395823032888,0.890069779107275,0.962721866958501,1
2016,48,47892,gender,Male,0.886519597043833,0.847415263958801,0.925623930128866,1
2016,48,48072,all,All,0.952579734931892,0.897723042130327,1.00743642773346,1
2016,48,48072,gender,Female,1.07332320257334,1.01651780492946,1.13012860021723,1
2016,48,48072,gender,Male,0.833983397132832,0.772659947447666,0.895306846817998,1
2016,48,48768,all,All,0.972662429713215,0.911101099810339,1.03422375961609,1
2016,48,48768,gender,Female,1.01526647655414,0.950870095578164,1.07966285753012,1
2016,48,48768,gender,Male,0.931993781876266,0.863848903062799,1.00013866068973,1
2016,48,50820,all,All,0.861058564810252,0.804272842977646,0.917844286642859,1
2016,48,50820,gender,Female,0.908420402589677,0.849485257423351,0.967355547756003,1
2016,48,50820,gender,Male,0.8138517645007,0.75052376300277,0.877179765998631,1
2016,48,53388,all,All,0.929212273502535,0.889449210663738,0.968975336341332,1
2016,48,53388,gender,Female,0.983640376914127,0.942360071588789,1.02492068223947,1
2016,48,53388,gender,Male,0.867999730865573,0.823665663603937,0.912333798127208,1
2016,48,56000,all,All,1.09001153706598,1.05945337743255,1.12056969669942,1
2016,48,56000,gender,Female,1.18954521781116,1.15767820126202,1.22141223436031,1
2016,48,56000,gender,Male,0.996950368401315,0.963024722128448,1.03087601467418,1
2016,48,56348,all,All,0.981081827065866,0.93272522863421,1.02943842549752,1
2016,48,56348,gender,Female,1.0054180579886,0.954352154205522,1.05648396177169,1
2016,48,56348,gender,Male,0.956685162159184,0.903608426604833,1.00976189771353,1
2016,48,57200,all,All,0.790392489272712,0.744379372758951,0.836405605786473,1
2016,48,57200,gender,Female,0.857755465724164,0.809938538476422,0.905572392971906,1
2016,48,57200,gender,Male,0.719151203653296,0.667881061491015,0.770421345815577,1
2016,48,58016,all,All,0.812088064665084,0.781961316139676,0.842214813190492,1
2016,48,58016,gender,Female,0.854840006021337,0.823848767050499,0.885831244992175,1
2016,48,58016,gender,Male,0.765859991995617,0.731970857200532,0.799749126790703,1
2016,48,61796,all,All,1.00984766461105,0.973624524421603,1.0460708048005,1
2016,48,61796,gender,Female,1.02754661294668,0.990630219034738,1.06446300685863,1
2016,48,61796,gender,Male,0.9856045122628,0.944477807489083,1.02673121703652,1
2016,48,63500,all,All,1.0017695597319,0.970344423984472,1.03319469547933,1
2016,48,63500,gender,Female,1.08002356623079,1.04722190349912,1.11282522896247,1
2016,48,63500,gender,Male,0.925285824888056,0.890427674157511,0.9601439756186,1
2016,48,64472,all,All,0.82782544847493,0.759356504096749,0.89629439285311,1
2016,48,64472,gender,Female,0.996536074843984,0.926401037745669,1.0666711119423,1
2016,48,64472,gender,Male,0.664564456037277,0.587209652372102,0.741919259702453,1
2016,48,65000,all,All,0.988446024617171,0.951240734605769,1.02565131462857,1
2016,48,65000,gender,Female,1.04071462297308,1.0022052364317,1.07922400951446,1
2016,48,65000,gender,Male,0.936349684190938,0.894745392512782,0.977953975869094,1
2016,48,70808,all,All,1.04081284614392,1.01521531083792,1.06641038144991,1
2016,48,70808,gender,Female,1.07917675263121,1.05262882153619,1.10572468372623,1
2016,48,70808,gender,Male,1.00318790394135,0.974620648229607,1.0317551596531,1
2016,48,72176,all,All,0.841355640625626,0.762720956448607,0.919990324802644,1
2016,48,72176,gender,Female,0.923276380076416,0.841276295480941,1.00527646467189,1
2016,48,72176,gender,Male,0.765276279070049,0.677881139046236,0.852671419093863,1
2016,48,74144,all,All,1.06131822081732,0.999817849657936,1.12281859197671,1
2016,48,74144,gender,Female,1.13451759299151,1.07041913859661,1.19861604738641,1
2016,48,74144,gender,Male,0.994399388116225,0.926179549147817,1.06261922708463,1
2016,48,76000,all,All,1.01812750677279,0.924383219513772,1.11187179403181,1
2016,48,76000,gender,Female,1.1091596824029,1.01108222227313,1.20723714253267,1
2016,48,76000,gender,Male,0.916989754120444,0.813815570319852,1.02016393792104,1
2016,48,79000,all,All,0.905595348690513,0.830965749161707,0.98022494821932,1
2016,48,79000,gender,Female,1.03162448580595,0.955643626528037,1.10760534508387,1
2016,48,79000,gender,Male,0.772220681803688,0.687414947760609,0.857026415846766,1
2016,49,43660,all,All,,,,
2016,49,43660,gender,Female,,,,
2016,49,43660,gender,Male,,,,
2016,49,44320,all,All,,,,
2016,49,44320,gender,Female,,,,
2016,49,44320,gender,Male,,,,
2016,49,55980,all,All,1.1359706126123,1.10453329766725,1.16740792755734,1
2016,49,55980,gender,Female,1.19191530591874,1.1596191808289,1.22421143100859,1
2016,49,55980,gender,Male,1.08352065286772,1.04811657732479,1.11892472841064,1
2016,49,57300,all,All,,,,
2016,49,57300,gender,Female,,,,
2016,49,57300,gender,Male,,,,
2016,49,62470,all,All,1.08470699053224,1.04422411696114,1.12518986410333,1
2016,49,62470,gender,Female,1.16132774200401,1.11948150751333,1.20317397649469,1
2016,49,62470,gender,Male,1.02205375229765,0.976733220624794,1.0673742839705,1
2016,49,65330,all,All,1.22107567169257,1.19128881250698,1.25086253087817,1
2016,49,65330,gender,Female,1.23794889946467,1.20736603696783,1.2685317619615,1
2016,49,65330,gender,Male,1.20387694950517,1.17031047323868,1.23744342577165,1
2016,49,67000,all,All,1.12548904941827,1.10389670898393,1.1470813898526,1
2016,49,67000,gender,Female,1.17903999521754,1.15677923196694,1.20130075846815,1
2016,49,67000,gender,Male,1.06187257549815,1.03763803351601,1.08610711748029,1
2016,49,67440,all,All,1.21823947374284,1.19217302732415,1.24430592016154,1
2016,49,67440,gender,Female,1.27866836481785,1.2516145694087,1.305722160227,1
2016,49,67440,gender,Male,1.16863803524617,1.13956694604254,1.19770912444981,1
2016,49,70850,all,All,,,,
2016,49,70850,gender,Female,,,,
2016,49,70850,gender,Male,,,,
2016,49,82950,all,All,1.20257002722123,1.18213919460541,1.22300085983704,1
2016,49,82950,gender,Female,1.26415757286229,1.24323592028977,1.28507922543481,1
2016,49,82950,gender,Male,1.1381068576508,1.11502295603198,1.16119075926961,1
2016,49,83470,all,All,,,,
2016,49,83470,gender,Female,,,,
2016,49,83470,gender,Male,,,,
2016,51,01000,all,All,0.88217853530036,0.848698733265346,0.915658337335373,1
2016,51,01000,gender,Female,0.940576248209201,0.906640367304152,0.97451212911425,1
2016,51,01000,gender,Male,0.83133326001423,0.793110747514482,0.869555772513979,1
2016,51,16000,all,All,0.897218898329683,0.87786648507874,0.916571311580626,1
2016,51,16000,gender,Female,0.887737236033134,0.867534506337992,0.907939965728276,1
2016,51,16000,gender,Male,0.908179808351677,0.88671529076516,0.929644325938194,1
2016,51,35000,all,All,1.04614908344671,1.01932213595731,1.0729760309361,1
2016,51,35000,gender,Female,1.02633281041521,0.998348471171544,1.05431714965888,1
2016,51,35000,gender,Male,1.05749167474262,1.02771128322,1.08727206626524,1
2016,51,47672,all,All,0.869563411257856,0.827211280787804,0.911915541727907,1
2016,51,47672,gender,Female,0.891554609142749,0.848813971542463,0.934295246743035,1
2016,51,47672,gender,Male,0.854264758752074,0.805689253079669,0.902840264424478,1
2016,51,56000,all,All,0.835795787268478,0.81250367758541,0.859087896951546,1
2016,51,56000,gender,Female,0.79182900592477,0.767561188265446,0.816096823584095,1
2016,51,56000,gender,Male,0.879544778279491,0.853661955813976,0.905427600745007,1
2016,51,57000,all,All,0.866762548458803,0.844315670353617,0.889209426563989,1
2016,51,57000,gender,Female,0.90773728024848,0.884441347087749,0.931033213409212,1
2016,51,57000,gender,Male,0.828345397633864,0.803312039562875,0.853378755704853,1
2016,51,64000,all,All,0.76690439728141,0.735085492633434,0.798723301929386,1
2016,51,64000,gender,Female,0.81907216359274,0.787561124901263,0.850583202284217,1
2016,51,64000,gender,Male,0.695039459764625,0.657760597151626,0.732318322377623,1
2016,51,67000,all,All,0.511777751738296,0.485662851799207,0.537892651677384,1
2016,51,67000,gender,Female,0.530983065673816,0.505009527832632,0.556956603514999,1
2016,51,67000,gender,Male,0.488728789855296,0.458259714046765,0.519197865663826,1
2016,51,68000,all,All,0.878554223770657,0.845236056098659,0.911872391442656,1
2016,51,68000,gender,Female,0.877224225638969,0.84251199828085,0.911936452997087,1
2016,51,68000,gender,Male,0.875798006987158,0.838775400501494,0.912820613472823,1
2016,51,76432,all,All,0.787934566825783,0.756368394165915,0.819500739485651,1
2016,51,76432,gender,Female,0.755971435510051,0.723354690550036,0.788588180470066,1
2016,51,76432,gender,Male,0.81967082320306,0.784317748072116,0.855023898334004,1
2016,51,82000,all,All,0.936783017521176,0.922110437939624,0.951455597102728,1
2016,51,82000,gender,Female,0.960437043269184,0.945266062698443,0.975608023839925,1
2016,51,82000,gender,Male,0.912603358897853,0.896181794963422,0.929024922832284,1
2016,53,03180,all,All,1.72385337962215,1.53069539600329,1.91701136324101,1
2016,53,03180,gender,Female,2.10960263592354,1.903361264848,2.31584400699908,1
2016,53,03180,gender,Male,1.42303060552519,1.21303929309076,1.63302191795961,1
2016,53,05210,all,All,0.809000158060821,0.640510428840017,0.977489887281626,1
2016,53,05210,gender,Female,1.23311359618329,1.06026354083087,1.4059636515357,1
2016,53,05210,gender,Male,0.47309275160403,0.283054484303339,0.663131018904721,1
2016,53,05280,all,All,1.39503592145391,1.17539543687934,1.61467640602847,1
2016,53,05280,gender,Female,1.64491928774685,1.4187281059401,1.87111046955361,1
2016,53,05280,gender,Male,1.21524188012936,0.968452316640214,1.4620314436185,1
2016,53,22640,all,All,1.81107837759277,1.63898629386723,1.98317046131831,1
2016,53,22640,gender,Female,2.06469642629459,1.88523423278503,2.24415861980414,1
2016,53,22640,gender,Male,1.61222168184575,1.42115955584862,1.80328380784287,1
2016,53,23515,all,All,1.07218450879286,0.918451525757468,1.22591749182824,1
2016,53,23515,gender,Female,1.07316403665199,0.914522647495088,1.2318054258089,1
2016,53,23515,gender,Male,1.07801361486736,0.905627592054243,1.25039963768048,1
2016,53,35275,all,All,1.06491734647715,0.856617358666649,1.27321733428766,1
2016,53,35275,gender,Female,1.19505483021263,0.976937148123976,1.41317251230128,1
2016,53,35275,gender,Male,0.941688939923886,0.711242291564976,1.1721355882828,1
2016,53,35415,all,All,1.49168826375793,1.35214409371213,1.63123243380373,1
2016,53,35415,gender,Female,1.72735048495999,1.5814009582721,1.87330001164788,1
2016,53,35415,gender,Male,1.33681439775887,1.18230963752503,1.49131915799271,1
2016,53,35940,all,All,,,,
2016,53,35940,gender,Female,,,,
2016,53,35940,gender,Male,,,,
2016,53,53545,all,All,1.9814978575536,1.81188494190264,2.15111077320455,1
2016,53,53545,gender,Female,2.16001689479481,1.98413814397768,2.33589564561195,1
2016,53,53545,gender,Male,1.86628192973989,1.67695786582355,2.05560599365623,1
2016,53,57745,all,All,1.40180186589251,1.21482264775779,1.58878108402723,1
2016,53,57745,gender,Female,1.62494704776089,1.43474743876917,1.81514665675261,1
2016,53,57745,gender,Male,1.21889573598445,1.00620963101453,1.43158184095437,1
2016,53,63000,all,All,1.18807117582134,1.09074235545287,1.2853999961898,1
2016,53,63000,gender,Female,1.40685791657105,1.30675359437859,1.50696223876351,1
2016,53,63000,gender,Male,1.00545370530715,0.895962966902119,1.11494444371218,1
2016,53,67000,all,All,1.40439293500298,1.22279547707208,1.58599039293389,1
2016,53,67000,gender,Female,1.62164182511088,1.43301824817837,1.81026540204339,1
2016,53,67000,gender,Male,1.21150177390451,1.00915132340477,1.41385222440425,1
2016,53,67167,all,All,,,,
2016,53,67167,gender,Female,,,,
2016,53,67167,gender,Male,,,,
2016,53,70000,all,All,1.16507924124225,0.983682165578229,1.34647631690627,1
2016,53,70000,gender,Female,1.20721106579889,1.01955395268555,1.39486817891223,1
2016,53,70000,gender,Male,1.11958093064282,0.916667856484867,1.32249400480077,1
2016,53,74060,all,All,1.14959468028646,1.00292629954358,1.29626306102934,1
2016,53,74060,gender,Female,1.39194043717237,1.23857629728226,1.54530457706248,1
2016,53,74060,gender,Male,0.949642983695069,0.787248335254015,1.11203763213612,1
2016,53,80010,all,All,1.26147070590613,1.01800892110531,1.50493249070695,1
2016,53,80010,gender,Female,1.36408899595645,1.113071720984,1.6151062709289,1
2016,53,80010,gender,Male,1.12546416756243,0.852328470532108,1.39859986459275,1
2016,55,02375,all,All,0.999980896606924,0.967806485869547,1.0321553073443,1
2016,55,02375,gender,Female,1.04415795760622,1.01032032126397,1.07799559394847,1
2016,55,02375,gender,Male,0.951917482534293,0.916459357593999,0.987375607474587,1
2016,55,31000,all,All,0.895281808808199,0.858129675398252,0.932433942218146,1
2016,55,31000,gender,Female,0.963204256864472,0.924519954606442,1.0018885591225,1
2016,55,31000,gender,Male,0.833325021889341,0.792000539888759,0.874649503889922,1
2016,55,39225,all,All,1.16566334961326,1.13646950224094,1.19485719698557,1
2016,55,39225,gender,Female,1.23248315614862,1.2054675301491,1.25949878214814,1
2016,55,39225,gender,Male,1.11541453695783,1.08603975684263,1.14478931707304,1
2016,55,48000,all,All,0.95505559598776,0.929545031949377,0.980566160026143,1
2016,55,48000,gender,Female,1.01270394204072,0.985540685415851,1.03986719866558,1
2016,55,48000,gender,Male,0.904697458748432,0.876897221724757,0.932497695772108,1
2016,55,53000,all,All,1.13616661189858,1.12066888854833,1.15166433524882,1
2016,55,53000,gender,Female,1.18195846928737,1.16567841228063,1.19823852629412,1
2016,55,53000,gender,Male,1.10351835200791,1.08640981529515,1.12062688872067,1
2016,55,66000,all,All,0.675171771091848,0.646641230110096,0.7037023120736,1
2016,55,66000,gender,Female,0.762529003038443,0.73282756659111,0.792230439485777,1
2016,55,66000,gender,Male,0.579008183546646,0.547242084728119,0.610774282365173,1
2015,01,03076,all,All,0.884067037545276,0.841703994576085,0.926430080514467,1
2015,01,03076,gender,Female,1.01193690824266,0.967545044272702,1.05632877221262,1
2015,01,03076,gender,Male,0.811359552070881,0.763585315495691,0.859133788646071,1
2015,01,07000,all,All,0.839466913696842,0.809579607291613,0.86935422010207,1
2015,01,07000,gender,Female,0.859528453194793,0.827961462137506,0.891095444252079,1
2015,01,07000,gender,Male,0.806546477760756,0.773135335827559,0.839957619693953,1
2015,01,35896,all,All,1.13159616931462,1.1000538871717,1.16313845145755,1
2015,01,35896,gender,Female,1.15326685006238,1.12024385372675,1.18628984639801,1
2015,01,35896,gender,Male,1.11050603192588,1.07493334178929,1.14607872206246,1
2015,01,37000,all,All,0.779717997802532,0.754278407331137,0.805157588273927,1
2015,01,37000,gender,Female,0.806210537057233,0.779234439390545,0.833186634723921,1
2015,01,37000,gender,Male,0.757163123514234,0.728816197654753,0.785510049373714,1
2015,01,50000,all,All,0.710545392477369,0.695190586391771,0.725900198562967,1
2015,01,50000,gender,Female,0.77069649159685,0.754452882691731,0.78694010050197,1
2015,01,50000,gender,Male,0.661527037068503,0.644380370895515,0.678673703241491,1
2015,01,51000,all,All,0.738520010893311,0.718040281636156,0.758999740150466,1
2015,01,51000,gender,Female,0.811960470439309,0.790310378449991,0.833610562428627,1
2015,01,51000,gender,Male,0.657959692471434,0.635077489023987,0.680841895918881,1
2015,01,77256,all,All,0.881927122788031,0.851567958654068,0.912286286921994,1
2015,01,77256,gender,Female,0.936118361057409,0.904194958962107,0.968041763152711,1
2015,01,77256,gender,Male,0.843862083594005,0.80975630540072,0.87796786178729,1
2015,02,03000,all,All,1.2897022772355,1.26530063403544,1.31410392043556,1
2015,02,03000,gender,Female,1.28125373928755,1.25762781108037,1.30487966749474,1
2015,02,03000,gender,Male,1.28380888276998,1.25854751690513,1.30907024863483,1
2015,04,04720,all,All,1.21106430737958,1.17351706953871,1.24861154522044,1
2015,04,04720,gender,Female,1.20620583286997,1.16696669790147,1.24544496783847,1
2015,04,04720,gender,Male,1.21315923554786,1.17073910783013,1.25557936326559,1
2015,04,07940,all,All,1.16166440435565,1.11838009718915,1.20494871152216,1
2015,04,07940,gender,Female,1.18168860170704,1.13565695443114,1.22772024898295,1
2015,04,07940,gender,Male,1.13044098833248,1.08231735684,1.17856461982497,1
2015,04,12000,all,All,1.18604844286508,1.16922158960865,1.20287529612151,1
2015,04,12000,gender,Female,1.20347609025333,1.18558920522606,1.2213629752806,1
2015,04,12000,gender,Male,1.17013263662534,1.15142812393347,1.18883714931721,1
2015,04,23620,all,All,1.17749442020022,1.1343375902007,1.22065125019975,1
2015,04,23620,gender,Female,1.14054187434,1.0939712191876,1.1871125294924,1
2015,04,23620,gender,Male,1.20673748479649,1.1594093482001,1.25406562139289,1
2015,04,27400,all,All,1.05142161657118,1.03053657737049,1.07230665577187,1
2015,04,27400,gender,Female,1.07530115038706,1.05308308566819,1.09751921510594,1
2015,04,27400,gender,Male,1.0293438406187,1.00614523312762,1.05254244810978,1
2015,04,27820,all,All,1.20636395337066,1.18601363576919,1.22671427097213,1
2015,04,27820,gender,Female,1.20802446119481,1.18685192695332,1.22919699543629,1
2015,04,27820,gender,Male,1.18908100914589,1.16598677415665,1.21217524413513,1
2015,04,28380,all,All,,,,
2015,04,28380,gender,Female,,,,
2015,04,28380,gender,Male,,,,
2015,04,46000,all,All,1.03765425264772,1.02280680384544,1.05250170145,1
2015,04,46000,gender,Female,1.04521013544408,1.02950466864069,1.06091560224747,1
2015,04,46000,gender,Male,1.02440718771918,1.00782721287435,1.04098716256401,1
2015,04,54050,all,All,,,,
2015,04,54050,gender,Female,,,,
2015,04,54050,gender,Male,,,,
2015,04,55000,all,All,1.12249609216601,1.09523138732654,1.14976079700547,1
2015,04,55000,gender,Female,1.13022791782516,1.10158958909552,1.1588662465548,1
2015,04,55000,gender,Male,1.11122231022973,1.08057187878847,1.14187274167098,1
2015,04,65000,all,All,1.06914391783879,1.03362606105841,1.10466177461917,1
2015,04,65000,gender,Female,1.09376110798312,1.05723741739541,1.13028479857082,1
2015,04,65000,gender,Male,1.03889864501443,0.998104712576873,1.07969257745199,1
2015,04,71510,all,All,1.07234909871018,1.05192303033135,1.09277516708902,1
2015,04,71510,gender,Female,1.03848969192345,1.0171108198985,1.0598685639484,1
2015,04,71510,gender,Male,1.10424719546128,1.08120444448972,1.12728994643285,1
2015,04,73000,all,All,1.15175680856585,1.12824169501231,1.17527192211938,1
2015,04,73000,gender,Female,1.14830942352786,1.12373760761139,1.17288123944432,1
2015,04,73000,gender,Male,1.1473858623416,1.12081667985093,1.17395504483226,1
2015,04,77000,all,All,1.11327842861213,1.08865379121105,1.1379030660132,1
2015,04,77000,gender,Female,1.12633503509739,1.10063438594118,1.15203568425359,1
2015,04,77000,gender,Male,1.09568437190096,1.06771721812142,1.1236515256805,1
2015,04,85540,all,All,1.1146062894908,1.08220099180234,1.14701158717926,1
2015,04,85540,gender,Female,1.12550258928845,1.09176980780262,1.15923537077428,1
2015,04,85540,gender,Male,1.10421645841188,1.06746113424207,1.1409717825817,1
2015,05,23290,all,All,1.07717460301731,1.03998324789319,1.11436595814142,1
2015,05,23290,gender,Female,1.1110975631657,1.07298281501292,1.14921231131849,1
2015,05,23290,gender,Male,1.031587229031,0.988677356200215,1.07449710186178,1
2015,05,24550,all,All,1.02579903446325,0.995412921018024,1.05618514790848,1
2015,05,24550,gender,Female,1.03853020516188,1.00674214732934,1.07031826299442,1
2015,05,24550,gender,Male,0.996105514733333,0.961507892348577,1.03070313711809,1
2015,05,35710,all,All,0.827684183680062,0.765394193321754,0.889974174038371,1
2015,05,35710,gender,Female,0.868486121260427,0.804129894468581,0.932842348052272,1
2015,05,35710,gender,Male,0.834192458100666,0.763542883781361,0.904842032419971,1
2015,05,41000,all,All,1.0035561648691,0.978506052876302,1.02860627686189,1
2015,05,41000,gender,Female,0.992460923649984,0.966358716932874,1.01856313036709,1
2015,05,41000,gender,Male,1.01023630028155,0.981849312085714,1.03862328847739,1
2015,05,66080,all,All,0.999951198123219,0.974786425940376,1.02511597030606,1
2015,05,66080,gender,Female,1.02209686965608,0.995802363058512,1.04839137625364,1
2015,05,66080,gender,Male,0.983174875916547,0.954739741844249,1.01161000998885,1
2015,06,00562,all,All,1.17552613843493,1.14029879543059,1.21075348143928,1
2015,06,00562,gender,Female,1.22557901812653,1.188479170328,1.26267886592506,1
2015,06,00562,gender,Male,1.14302545202925,1.10350087725641,1.1825500268021,1
2015,06,00884,all,All,1.23059741352881,1.20046155158557,1.26073327547206,1
2015,06,00884,gender,Female,1.26384555289725,1.2321833738882,1.2955077319063,1
2015,06,00884,gender,Male,1.19881413687284,1.16493070559938,1.2326975681463,1
2015,06,02000,all,All,0.993052169224647,0.960625375429269,1.02547896302002,1
2015,06,02000,gender,Female,1.02527637372259,0.990995146823259,1.05955760062192,1
2015,06,02000,gender,Male,0.966073004691126,0.929850485785384,1.00229552359687,1
2015,06,02252,all,All,1.04503149552987,1.00602074553752,1.08404224552223,1
2015,06,02252,gender,Female,1.05571420348826,1.01429420574576,1.09713420123076,1
2015,06,02252,gender,Male,1.02823817352506,0.984827210506815,1.07164913654331,1
2015,06,02364,all,All,1.06758714375865,1.03596689422771,1.0992073932896,1
2015,06,02364,gender,Female,1.07642132417957,1.04317769298854,1.10966495537059,1
2015,06,02364,gender,Male,1.06052903998473,1.02500351616357,1.0960545638059,1
2015,06,03526,all,All,1.11350640361497,1.07980196732058,1.14721083990936,1
2015,06,03526,gender,Female,1.1758192569044,1.14045295963717,1.21118555417163,1
2015,06,03526,gender,Male,1.04426792610446,1.00593304793952,1.0826028042694,1
2015,06,04982,all,All,1.13626756692657,1.10392888614069,1.16860624771245,1
2015,06,04982,gender,Female,1.22437059742985,1.19009484711059,1.25864634774911,1
2015,06,04982,gender,Male,1.04611135166113,1.01006303900729,1.08215966431497,1
2015,06,06000,all,All,0.878897851324092,0.825513423399249,0.932282279248934,1
2015,06,06000,gender,Female,0.947615869089377,0.890987594628987,1.00424414354977,1
2015,06,06000,gender,Male,0.813118468711995,0.753632406812075,0.872604530611915,1
2015,06,08786,all,All,0.899189017721886,0.860425413925188,0.937952621518583,1
2015,06,08786,gender,Female,0.965692314418331,0.92515782115828,1.00622680767838,1
2015,06,08786,gender,Male,0.838822613917828,0.795040640311268,0.882604587524387,1
2015,06,08954,all,All,1.01386961854941,0.983892468998196,1.04384676810062,1
2015,06,08954,gender,Female,1.09347172237064,1.0624625936313,1.12448085110998,1
2015,06,08954,gender,Male,0.93308038101978,0.898847965728242,0.967312796311318,1
2015,06,11194,all,All,1.12269098533859,1.0874776386848,1.15790433199239,1
2015,06,11194,gender,Female,1.16623373929131,1.12919578318874,1.20327169539387,1
2015,06,11194,gender,Male,1.07395415176436,1.03442009525396,1.11348820827476,1
2015,06,11530,all,All,,,,
2015,06,11530,gender,Female,,,,
2015,06,11530,gender,Male,,,,
2015,06,13014,all,All,1.25176596734331,1.21991653286633,1.28361540182029,1
2015,06,13014,gender,Female,1.30569757307606,1.27229867441681,1.3390964717353,1
2015,06,13014,gender,Male,1.18948578534087,1.15362362130645,1.2253479493753,1
2015,06,13210,all,All,1.14379407891284,1.12213259363093,1.16545556419476,1
2015,06,13210,gender,Female,1.22252917468486,1.19992940161589,1.24512894775383,1
2015,06,13210,gender,Male,1.06222474395608,1.03771041122217,1.08673907668999,1
2015,06,13214,all,All,,,,
2015,06,13214,gender,Female,,,,
2015,06,13214,gender,Male,,,,
2015,06,13392,all,All,1.02454111987378,1.00903529177179,1.04004694797576,1
2015,06,13392,gender,Female,1.09390857561698,1.07754598662512,1.11027116460884,1
2015,06,13392,gender,Male,0.952549686225154,0.935193310891097,0.96990606155921,1
2015,06,13588,all,All,,,,
2015,06,13588,gender,Female,,,,
2015,06,13588,gender,Male,,,,
2015,06,14218,all,All,1.03504250861491,1.01664983642304,1.05343518080679,1
2015,06,14218,gender,Female,1.08876937180627,1.06924866715408,1.10829007645845,1
2015,06,14218,gender,Male,0.986656372484475,0.966179836434378,1.00713290853457,1
2015,06,15044,all,All,0.810701097676987,0.788228122522106,0.833174072831867,1
2015,06,15044,gender,Female,0.91346072579204,0.889784433161956,0.937137018422124,1
2015,06,15044,gender,Male,0.710243399995411,0.685050938769102,0.73543586122172,1
2015,06,16000,all,All,1.031956969899,1.0117485289224,1.0521654108756,1
2015,06,16000,gender,Female,1.11796750701634,1.0965544198331,1.13938059419958,1
2015,06,16000,gender,Male,0.945263527242718,0.922732409428008,0.967794645057428,1
2015,06,16350,all,All,,,,
2015,06,16350,gender,Female,,,,
2015,06,16350,gender,Male,,,,
2015,06,16532,all,All,0.998603200242405,0.973603712937858,1.02360268754695,1
2015,06,16532,gender,Female,1.06478493395514,1.03830236614442,1.09126750176585,1
2015,06,16532,gender,Male,0.936925163178769,0.909044924034573,0.964805402322965,1
2015,06,17918,all,All,1.10276012960588,1.05588023954737,1.1496400196644,1
2015,06,17918,gender,Female,1.15150536361003,1.10047664081902,1.20253408640103,1
2015,06,17918,gender,Male,1.05414275135571,0.999324838165762,1.10896066454566,1
2015,06,19766,all,All,1.04196807072324,1.01719328996698,1.06674285147949,1
2015,06,19766,gender,Female,1.0439802541703,1.01776498483168,1.07019552350893,1
2015,06,19766,gender,Male,1.03270636383232,1.00504613746392,1.06036659020071,1
2015,06,21712,all,All,1.21045802302649,1.17121156094856,1.24970448510442,1
2015,06,21712,gender,Female,1.24796158976266,1.21222371040711,1.28369946911821,1
2015,06,21712,gender,Male,1.16739310301275,1.13022432925295,1.20456187677255,1
2015,06,22020,all,All,1.04454505739708,1.02984940773353,1.05924070706063,1
2015,06,22020,gender,Female,1.09458957633775,1.07921927761749,1.10995987505802,1
2015,06,22020,gender,Male,0.989770910589759,0.973180810939229,1.00636101024029,1
2015,06,22230,all,All,1.24902534783639,1.21533367006345,1.28271702560932,1
2015,06,22230,gender,Female,1.33833266700422,1.30250195256671,1.37416338144173,1
2015,06,22230,gender,Male,1.16605530366611,1.12862299377427,1.20348761355795,1
2015,06,22804,all,All,1.22637688975424,1.20125573424357,1.2514980452649,1
2015,06,22804,gender,Female,1.29139883809952,1.26464564163682,1.31815203456222,1
2015,06,22804,gender,Male,1.15797321128519,1.13009407717265,1.18585234539774,1
2015,06,23182,all,All,1.0788774184416,1.04834263662494,1.10941220025826,1
2015,06,23182,gender,Female,1.13438608368075,1.10222443452183,1.16654773283967,1
2015,06,23182,gender,Male,1.03239295813367,0.998150934337612,1.06663498192973,1
2015,06,24638,all,All,1.05728083010889,1.0312467789228,1.08331488129499,1
2015,06,24638,gender,Female,1.12161935164357,1.09467815585365,1.14856054743348,1
2015,06,24638,gender,Male,1.00717279761628,0.977467437808978,1.03687815742359,1
2015,06,24680,all,All,0.997550135684657,0.97866832740828,1.01643194396104,1
2015,06,24680,gender,Female,1.10001700124285,1.0799796687092,1.12005433377649,1
2015,06,24680,gender,Male,0.897841673709356,0.876818947320525,0.918864400098187,1
2015,06,26000,all,All,1.09891856486646,1.0787428439165,1.11909428581642,1
2015,06,26000,gender,Female,1.18794750956192,1.16715527521577,1.20873974390808,1
2015,06,26000,gender,Male,1.00375915634354,0.980637113654273,1.02688119903281,1
2015,06,27000,all,All,0.993125850667154,0.971525411976359,1.01472628935795,1
2015,06,27000,gender,Female,1.03987241672573,1.01875943754126,1.0609853959102,1
2015,06,27000,gender,Male,0.952734390789237,0.930281608233234,0.97518717334524,1
2015,06,28000,all,All,1.07588469177932,1.04929905162467,1.10247033193398,1
2015,06,28000,gender,Female,1.15627319503215,1.12875814307056,1.18378824699374,1
2015,06,28000,gender,Male,0.993110486397652,0.962775497302118,1.02344547549319,1
2015,06,29000,all,All,1.3040817227733,1.2867774640736,1.321385981473,1
2015,06,29000,gender,Female,1.34904476007397,1.33073562588429,1.36735389426365,1
2015,06,29000,gender,Male,1.26549641489199,1.24617586600796,1.28481696377601,1
2015,06,30000,all,All,0.948438468126797,0.924896964746065,0.971979971507528,1
2015,06,30000,gender,Female,1.04731337498712,1.02256154191101,1.07206520806324,1
2015,06,30000,gender,Male,0.844617763618444,0.818173887563189,0.871061639673698,1
2015,06,32548,all,All,1.03678970068092,0.996865673090041,1.0767137282718,1
2015,06,32548,gender,Female,1.07895413520397,1.03665062442018,1.12125764598776,1
2015,06,32548,gender,Male,0.999651608984202,0.955223285247341,1.04407993272106,1
2015,06,33000,all,All,1.29228216610743,1.26759079160078,1.31697354061408,1
2015,06,33000,gender,Female,1.36404579350615,1.33796607479397,1.39012551221833,1
2015,06,33000,gender,Male,1.21391928017302,1.18630679638482,1.24153176396122,1
2015,06,33182,all,All,0.979036050086275,0.953725095254843,1.00434700491771,1
2015,06,33182,gender,Female,1.02670547509269,1.000368146018,1.05304280416739,1
2015,06,33182,gender,Male,0.904730406069307,0.876001318322912,0.933459493815702,1
2015,06,33434,all,All,0.954903739708033,0.930615992485269,0.979191486930796,1
2015,06,33434,gender,Female,0.999391191680242,0.974008752175878,1.02477363118461,1
2015,06,33434,gender,Male,0.901095368159913,0.87365137390826,0.928539362411566,1
2015,06,36000,all,All,1.13459733790251,1.10047122379173,1.16872345201329,1
2015,06,36000,gender,Female,1.18546593184165,1.14936666412702,1.22156519955628,1
2015,06,36000,gender,Male,1.07640240167081,1.03828963910771,1.11451516423391,1
2015,06,36448,all,All,,,,
2015,06,36448,gender,Female,,,,
2015,06,36448,gender,Male,,,,
2015,06,36546,all,All,0.828534911011743,0.79829248884066,0.858777333182827,1
2015,06,36546,gender,Female,0.913691366247069,0.881906567021714,0.945476165472423,1
2015,06,36546,gender,Male,0.744101616692804,0.710113766395882,0.778089466989726,1
2015,06,36770,all,All,1.12338213616109,1.10231503072196,1.14444924160022,1
2015,06,36770,gender,Female,1.17566882673928,1.15308853681606,1.1982491166625,1
2015,06,36770,gender,Male,1.0893894244515,1.06613887545484,1.11263997344815,1
2015,06,37692,all,All,1.01035134214672,0.984089398298629,1.03661328599482,1
2015,06,37692,gender,Female,1.07065824755576,1.04326310471578,1.09805339039574,1
2015,06,37692,gender,Male,0.936907913038276,0.907180983395676,0.966634842680876,1
2015,06,39496,all,All,,,,
2015,06,39496,gender,Female,,,,
2015,06,39496,gender,Male,,,,
2015,06,39892,all,All,,,,
2015,06,39892,gender,Female,,,,
2015,06,39892,gender,Male,,,,
2015,06,40130,all,All,1.24442764564887,1.21372565896651,1.27512963233123,1
2015,06,40130,gender,Female,1.28447170643705,1.25203310900433,1.31691030386978,1
2015,06,40130,gender,Male,1.21565838178429,1.18133837987263,1.24997838369596,1
2015,06,41992,all,All,1.04698376976027,1.01541383525212,1.07855370426841,1
2015,06,41992,gender,Female,1.12362130295272,1.08986332792977,1.15737927797567,1
2015,06,41992,gender,Male,0.976926884797809,0.942023909042745,1.01182986055287,1
2015,06,43000,all,All,1.07810717482048,1.06496080664128,1.09125354299968,1
2015,06,43000,gender,Female,1.12715446792488,1.11317035399096,1.1411385818588,1
2015,06,43000,gender,Male,1.03015874143971,1.01555363269159,1.04476385018784,1
2015,06,44000,all,All,0.982730367577615,0.978066649881333,0.987394085273896,1
2015,06,44000,gender,Female,1.04869729876198,1.04378544732143,1.05360915020254,1
2015,06,44000,gender,Male,0.914955384034565,0.909725960954677,0.920184807114453,1
2015,06,45484,all,All,1.23241218671508,1.20839156871324,1.25643280471691,1
2015,06,45484,gender,Female,1.27538944330203,1.24971785427883,1.30106103232523,1
2015,06,45484,gender,Male,1.19868327426731,1.17210614800644,1.22526040052818,1
2015,06,46842,all,All,1.06872203271762,1.03781013186536,1.09963393356987,1
2015,06,46842,gender,Female,1.1425568958996,1.10952184209268,1.17559194970653,1
2015,06,46842,gender,Male,0.993331471147651,0.959136563679982,1.02752637861532,1
2015,06,46898,all,All,1.04899094185891,1.00897083130945,1.08901105240837,1
2015,06,46898,gender,Female,1.11516858000695,1.07303396166161,1.15730319835228,1
2015,06,46898,gender,Male,0.985905402585196,0.940998474183152,1.03081233098724,1
2015,06,47766,all,All,1.42674395412869,1.39023212541538,1.463255782842,1
2015,06,47766,gender,Female,1.48135464152152,1.44328164848941,1.51942763455362,1
2015,06,47766,gender,Male,1.37038618436084,1.32903251444908,1.41173985427261,1
2015,06,48256,all,All,1.15308136896631,1.13146080206388,1.17470193586875,1
2015,06,48256,gender,Female,1.20936919043544,1.18667336088901,1.23206501998186,1
2015,06,48256,gender,Male,1.09130149188844,1.06697980485498,1.1156231789219,1
2015,06,48354,all,All,0.999678259021254,0.961261581328395,1.03809493671411,1
2015,06,48354,gender,Female,1.04561669889005,1.00842672806416,1.08280666971594,1
2015,06,48354,gender,Male,0.951616212408199,0.912433597565176,0.990798827251222,1
2015,06,49270,all,All,0.990835542900855,0.970853023444782,1.01081806235693,1
2015,06,49270,gender,Female,1.05883295541842,1.03793238559916,1.07973352523768,1
2015,06,49270,gender,Male,0.923153223756744,0.900595723425196,0.945710724088291,1
2015,06,49670,all,All,1.1165967991834,1.07054112392112,1.16265247444567,1
2015,06,49670,gender,Female,1.12456883522261,1.0758918409823,1.17324582946292,1
2015,06,49670,gender,Male,1.10514373555923,1.05367488781422,1.15661258330425,1
2015,06,50076,all,All,1.05409664819282,1.02919883811335,1.07899445827228,1
2015,06,50076,gender,Female,1.18083344847324,1.15487474966997,1.20679214727651,1
2015,06,50076,gender,Male,0.925674196994837,0.897473019096094,0.953875374893581,1
2015,06,50258,all,All,1.14222157547556,1.11480109120724,1.16964205974389,1
2015,06,50258,gender,Female,1.20222970261608,1.17314874121441,1.23131066401776,1
2015,06,50258,gender,Male,1.07776137074225,1.04720572969897,1.10831701178553,1
2015,06,51182,all,All,,,,
2015,06,51182,gender,Female,,,,
2015,06,51182,gender,Male,,,,
2015,06,52526,all,All,0.940350023305005,0.914271807774047,0.966428238835962,1
2015,06,52526,gender,Female,0.984671997249912,0.957322924333357,1.01202107016647,1
2015,06,52526,gender,Male,0.89465691515829,0.86528403809571,0.924029792220869,1
2015,06,53000,all,All,0.886508248225972,0.862915676822731,0.910100819629214,1
2015,06,53000,gender,Female,0.955868413968824,0.930777260166763,0.980959567770884,1
2015,06,53000,gender,Male,0.82837617465344,0.802150145838054,0.854602203468826,1
2015,06,53322,all,All,1.17284988068121,1.14718655018137,1.19851321118104,1
2015,06,53322,gender,Female,1.24085583241841,1.21353339047337,1.26817827436344,1
2015,06,53322,gender,Male,1.10678492772141,1.07829013689888,1.13527971854394,1
2015,06,53896,all,All,1.16208895121464,1.1366263960258,1.18755150640349,1
2015,06,53896,gender,Female,1.20559744396555,1.17817026094402,1.23302462698708,1
2015,06,53896,gender,Male,1.12704355912329,1.09909864099687,1.15498847724971,1
2015,06,53980,all,All,1.08258017038159,1.06075544909537,1.10440489166782,1
2015,06,53980,gender,Female,1.17872895704195,1.15525686502662,1.20220104905729,1
2015,06,53980,gender,Male,0.991782203934193,0.967774910407288,1.0157894974611,1
2015,06,54652,all,All,1.12012248153804,1.08753701983695,1.15270794323914,1
2015,06,54652,gender,Female,1.18848180421963,1.15426219856854,1.22270140987073,1
2015,06,54652,gender,Male,1.04887859611627,1.01224083170795,1.08551636052459,1
2015,06,55156,all,All,1.16493444460922,1.13955213692856,1.19031675228988,1
2015,06,55156,gender,Female,1.21368440206487,1.18620405204102,1.24116475208871,1
2015,06,55156,gender,Male,1.11072021488073,1.08303994072719,1.13840048903428,1
2015,06,56000,all,All,0.822140907831389,0.795143073629334,0.849138742033444,1
2015,06,56000,gender,Female,0.863609023651997,0.824267210085602,0.902950837218392,1
2015,06,56000,gender,Male,0.723299113269866,0.692481088855044,0.754117137684688,1
2015,06,56700,all,All,0.960248523618095,0.931254037811765,0.989243009424425,1
2015,06,56700,gender,Female,1.0434266676945,1.01296650697398,1.07388682841502,1
2015,06,56700,gender,Male,0.883398203151046,0.850802752578138,0.915993653723955,1
2015,06,57456,all,All,1.0773912458619,1.04377817841342,1.11100431331038,1
2015,06,57456,gender,Female,1.20286695504303,1.16765262157152,1.23808128851455,1
2015,06,57456,gender,Male,0.940055568115281,0.902167212040952,0.977943924189611,1
2015,06,57792,all,All,1.22098422208671,1.19103893653647,1.25092950763694,1
2015,06,57792,gender,Female,1.25322903963316,1.22107623696755,1.28538184229876,1
2015,06,57792,gender,Male,1.19868634635247,1.16569962179424,1.23167307091071,1
2015,06,58072,all,All,1.11775893496724,1.09514265741102,1.14037521252345,1
2015,06,58072,gender,Female,1.15417044627669,1.12980937086345,1.17853152168993,1
2015,06,58072,gender,Male,1.07903822712573,1.05418826542787,1.10388818882358,1
2015,06,59444,all,All,1.05728083010889,1.0312467789228,1.08331488129499,1
2015,06,59444,gender,Female,1.12161935164357,1.09467815585365,1.14856054743348,1
2015,06,59444,gender,Male,1.00717279761628,0.977467437808978,1.03687815742359,1
2015,06,59451,all,All,1.04504944624922,0.995718127211434,1.094380765287,1
2015,06,59451,gender,Female,1.13330708499348,1.08184662224093,1.18476754774604,1
2015,06,59451,gender,Male,0.959645940680644,0.903805396577365,1.01548648478392,1
2015,06,59920,all,All,1.05590298886286,0.990034846359082,1.12177113136665,1
2015,06,59920,gender,Female,1.13949670867557,1.0590202342306,1.21997318312054,1
2015,06,59920,gender,Male,1.01087347831216,0.933925611562763,1.08782134506155,1
2015,06,60102,all,All,1.19529142579466,1.1628244995272,1.22775835206211,1
2015,06,60102,gender,Female,1.23565190583041,1.20156812690346,1.26973568475735,1
2015,06,60102,gender,Male,1.14806023421995,1.11154169259429,1.18457877584561,1
2015,06,60466,all,All,0.940207349807898,0.917974142138971,0.962440557476824,1
2015,06,60466,gender,Female,0.981906187816681,0.959047721290537,1.00476465434282,1
2015,06,60466,gender,Male,0.885603986307554,0.860060195669191,0.911147776945917,1
2015,06,60620,all,All,0.997599575355515,0.97693825240878,1.01826089830225,1
2015,06,60620,gender,Female,1.09717615323491,1.07557386853701,1.11877843793281,1
2015,06,60620,gender,Male,0.897707872391976,0.874350719806331,0.921065024977621,1
2015,06,62000,all,All,1.08876332759088,1.0677568681969,1.10976978698486,1
2015,06,62000,gender,Female,1.15534565535941,1.13324337984195,1.17744793087688,1
2015,06,62000,gender,Male,1.02305200709826,0.99947441854239,1.04662959565412,1
2015,06,62938,all,All,1.01895524920971,0.986166693418302,1.05174380500113,1
2015,06,62938,gender,Female,1.07492410966147,1.04052569545025,1.10932252387268,1
2015,06,62938,gender,Male,0.966456116030701,0.929546296150143,1.00336593591126,1
2015,06,64000,all,All,1.14433504658978,1.11815577850732,1.17051431467223,1
2015,06,64000,gender,Female,1.20261223909328,1.17530740075399,1.22991707743257,1
2015,06,64000,gender,Male,1.08710486464778,1.05748050142783,1.11672922786773,1
2015,06,64224,all,All,1.20583546799792,1.16785796101522,1.24381297498062,1
2015,06,64224,gender,Female,1.2848048443694,1.24574587158385,1.32386381715494,1
2015,06,64224,gender,Male,1.12485920819677,1.08120805590796,1.16851036048557,1
2015,06,65000,all,All,1.23842376269904,1.22243713961636,1.25441038578172,1
2015,06,65000,gender,Female,1.28804345174726,1.27096713804586,1.30511976544865,1
2015,06,65000,gender,Male,1.19373538952555,1.17603522999718,1.21143554905393,1
2015,06,65042,all,All,1.2284248166871,1.20062272525708,1.25622690811712,1
2015,06,65042,gender,Female,1.27373550740152,1.24425633318952,1.30321468161353,1
2015,06,65042,gender,Male,1.18892900334019,1.15795149142384,1.21990651525654,1
2015,06,66000,all,All,1.08063186234102,1.06645080941085,1.09481291527119,1
2015,06,66000,gender,Female,1.12967950872181,1.11479613306504,1.14456288437858,1
2015,06,66000,gender,Male,1.02606789042157,1.01011221149142,1.04202356935171,1
2015,06,67000,all,All,1.10562011546583,1.08949191533535,1.12174831559631,1
2015,06,67000,gender,Female,1.14876557633745,1.13201521207153,1.16551594060338,1
2015,06,67000,gender,Male,1.0615990827146,1.04325842106475,1.07993974436445,1
2015,06,68000,all,All,1.11973095294854,1.08903002091395,1.15043188498312,1
2015,06,68000,gender,Female,1.17936185920717,1.14676381782861,1.21195990058572,1
2015,06,68000,gender,Male,1.06107031711469,1.02624090113862,1.09589973309077,1
2015,06,68084,all,All,0.96873046188157,0.92770683956001,1.00975408420313,1
2015,06,68084,gender,Female,1.02633145939435,0.982565870994972,1.07009704779373,1
2015,06,68084,gender,Male,0.897453361448066,0.852003512858068,0.942903210038064,1
2015,06,68196,all,All,0.952620850846001,0.927241754742246,0.977999946949756,1
2015,06,68196,gender,Female,1.02881170329216,1.00242781383139,1.05519559275292,1
2015,06,68196,gender,Male,0.877053352358207,0.848226452517264,0.90588025219915,1
2015,06,68252,all,All,,,,
2015,06,68252,gender,Female,,,,
2015,06,68252,gender,Male,,,,
2015,06,68378,all,All,,,,
2015,06,68378,gender,Female,,,,
2015,06,68378,gender,Male,,,,
2015,06,69000,all,All,0.998147994188026,0.982777528115286,1.01351846026077,1
2015,06,69000,gender,Female,1.08878007627439,1.07278760075508,1.10477255179371,1
2015,06,69000,gender,Male,0.900328145565503,0.88288271789775,0.917773573233257,1
2015,06,69070,all,All,1.27530231092811,1.21582219995348,1.33478242190274,1
2015,06,69070,gender,Female,1.3328101852317,1.26917298249828,1.39644738796513,1
2015,06,69070,gender,Male,1.21661143641075,1.1508581468713,1.2823647259502,1
2015,06,69084,all,All,0.915990713990069,0.885519293720502,0.946462134259637,1
2015,06,69084,gender,Female,1.0107412453202,0.978674065137234,1.04280842550317,1
2015,06,69084,gender,Male,0.811328730672767,0.777135036003132,0.845522425342402,1
2015,06,69088,all,All,0.938634181860437,0.91534059273251,0.961927770988364,1
2015,06,69088,gender,Female,0.977872008979577,0.953127443576422,1.00261657438273,1
2015,06,69088,gender,Male,0.911689009254288,0.885780316865878,0.937597701642699,1
2015,06,69196,all,All,1.25246759238547,1.22623746377998,1.27869772099097,1
2015,06,69196,gender,Female,1.29443131538294,1.26682042813135,1.32204220263454,1
2015,06,69196,gender,Male,1.21105929160867,1.18163224001765,1.2404863431997,1
2015,06,70000,all,All,1.02494192867992,0.989249237549236,1.06063461981061,1
2015,06,70000,gender,Female,1.07358935766408,1.03555071355572,1.11162800177244,1
2015,06,70000,gender,Male,0.970361955072392,0.930774423361833,1.00994948678295,1
2015,06,70098,all,All,0.964930618907498,0.896923298907054,1.03293793890794,1
2015,06,70098,gender,Female,1.01344996932702,0.943864923350488,1.08303501530355,1
2015,06,70098,gender,Male,0.913827131004263,0.831355730866739,0.996298531141787,1
2015,06,72016,all,All,0.859388540105926,0.832326617500733,0.88645046271112,1
2015,06,72016,gender,Female,0.899798156724532,0.871462163638608,0.928134149810455,1
2015,06,72016,gender,Male,0.805263641188775,0.774735406504616,0.835791875872934,1
2015,06,73080,all,All,,,,
2015,06,73080,gender,Female,,,,
2015,06,73080,gender,Male,,,,
2015,06,75000,all,All,1.2432077865578,1.22145654750188,1.26495902561373,1
2015,06,75000,gender,Female,1.27709675544228,1.25451691124372,1.29967659964084,1
2015,06,75000,gender,Male,1.20708878859303,1.1823590530796,1.23181852410646,1
2015,06,77000,all,All,1.24213968651481,1.2051001249006,1.27917924812901,1
2015,06,77000,gender,Female,1.25902572646363,1.21987734420205,1.29817410872522,1
2015,06,77000,gender,Male,1.2227868809598,1.18139456948801,1.26417919243158,1
2015,06,78120,all,All,0.981835106118384,0.962354028711686,1.00131618352508,1
2015,06,78120,gender,Female,1.0250652575436,1.00480226267524,1.04532825241196,1
2015,06,78120,gender,Male,0.932802541057375,0.910686048689158,0.954919033425591,1
2015,06,78582,all,All,1.04600628650229,1.01998000503143,1.07203256797315,1
2015,06,78582,gender,Female,1.09272538298888,1.06522990439088,1.12022086158689,1
2015,06,78582,gender,Male,1.00692068548445,0.977819416236395,1.03602195473251,1
2015,06,80000,all,All,1.10662720310816,1.08191848977644,1.13133591643988,1
2015,06,80000,gender,Female,1.16744448204295,1.14166590559914,1.19322305848675,1
2015,06,80000,gender,Male,1.04386910986163,1.01590400823714,1.07183421148613,1
2015,06,80238,all,All,1.05512728048177,1.00851289161275,1.10174166935078,1
2015,06,80238,gender,Female,1.10207373185814,1.04251277428362,1.16163468943266,1
2015,06,80238,gender,Male,1.00664872896969,0.950281162201505,1.06301629573787,1
2015,06,80854,all,All,1.11358747487404,1.08979629866191,1.13737865108617,1
2015,06,80854,gender,Female,1.17564760753942,1.15075851638769,1.20053669869114,1
2015,06,80854,gender,Male,1.05667987383342,1.02982735359566,1.08353239407117,1
2015,06,81344,all,All,1.00638573533256,0.972368369812153,1.04040310085297,1
2015,06,81344,gender,Female,1.06184639476109,1.02646695695984,1.09722583256234,1
2015,06,81344,gender,Male,0.951098426136918,0.912481436304343,0.989715415969493,1
2015,06,81554,all,All,1.10886769073567,1.07647001972044,1.1412653617509,1
2015,06,81554,gender,Female,1.14159280650423,1.1068472898245,1.17633832318397,1
2015,06,81554,gender,Male,1.07739734050595,1.04167445722721,1.11312022378469,1
2015,06,81666,all,All,0.944274872428444,0.914003648019789,0.974546096837098,1
2015,06,81666,gender,Female,1.02852901773592,0.996935200767097,1.06012283470475,1
2015,06,81666,gender,Male,0.839506100585793,0.8052584706289,0.873753730542686,1
2015,06,82590,all,All,0.879901440718473,0.845120060136078,0.914682821300868,1
2015,06,82590,gender,Female,0.867487259204765,0.830922357002488,0.904052161407042,1
2015,06,82590,gender,Male,0.887394752565927,0.848321727601675,0.926467777530178,1
2015,06,82954,all,All,1.41068535783964,1.38472870976492,1.43664200591435,1
2015,06,82954,gender,Female,1.47991020798498,1.45666395122354,1.50315646474642,1
2015,06,82954,gender,Male,1.35042746284675,1.32590781482428,1.37494711086922,1
2015,06,82996,all,All,1.11027827584854,1.08618384949697,1.13437270220011,1
2015,06,82996,gender,Female,1.19712447141637,1.17182724439266,1.22242169844008,1
2015,06,82996,gender,Male,1.02733873351072,1.00022832839483,1.0544491386266,1
2015,06,84200,all,All,0.868212663094524,0.831937167269804,0.904488158919243,1
2015,06,84200,gender,Female,0.909113282985507,0.871751701840617,0.946474864130398,1
2015,06,84200,gender,Male,0.818244835560296,0.776635455066932,0.85985421605366,1
2015,06,84550,all,All,1.24790333771588,1.21715556451611,1.27865111091565,1
2015,06,84550,gender,Female,1.32376129538858,1.29231738545619,1.35520520532098,1
2015,06,84550,gender,Male,1.18104881089934,1.14552361320734,1.21657400859134,1
2015,06,85292,all,All,1.02423782551699,0.980994173316265,1.06748147771772,1
2015,06,85292,gender,Female,1.07684579448516,1.03112366870035,1.12256792026997,1
2015,06,85292,gender,Male,0.975642296132604,0.927323584945134,1.02396100732007,1
2015,08,03455,all,All,,,,
2015,08,03455,gender,Female,,,,
2015,08,03455,gender,Male,,,,
2015,08,04000,all,All,1.01357344766205,0.957337597398386,1.06980929792571,1
2015,08,04000,gender,Female,1.0550549854664,0.995449679959154,1.11466029097364,1
2015,08,04000,gender,Male,0.994995017137308,0.93231251844321,1.05767751583141,1
2015,08,07850,all,All,1.10200970785517,1.03919563716716,1.16482377854319,1
2015,08,07850,gender,Female,1.16515949166627,1.09868997513581,1.23162900819673,1
2015,08,07850,gender,Male,1.05215068474767,0.982033537415169,1.12226783208017,1
2015,08,12815,all,All,,,,
2015,08,12815,gender,Female,,,,
2015,08,12815,gender,Male,,,,
2015,08,16000,all,All,0.939833987919761,0.854285130533039,1.02538284530648,1
2015,08,16000,gender,Female,0.886052736571649,0.799667625754526,0.972437847388772,1
2015,08,16000,gender,Male,0.985912024703232,0.893078683634201,1.07874536577226,1
2015,08,20000,all,All,1.23671933284612,1.19179724186155,1.28164142383069,1
2015,08,20000,gender,Female,1.26754904449919,1.21991801841159,1.31518007058679,1
2015,08,20000,gender,Male,1.19999032019389,1.14993895277618,1.25004168761159,1
2015,08,27425,all,All,0.954160901093015,0.889175304941382,1.01914649724465,1
2015,08,27425,gender,Female,0.999483429708573,0.931973855056944,1.0669930043602,1
2015,08,27425,gender,Male,0.911688699583304,0.837828242131651,0.985549157034957,1
2015,08,32155,all,All,0.84036232135173,0.765047571091496,0.915677071611964,1
2015,08,32155,gender,Female,0.791784133320873,0.713479099887449,0.870089166754296,1
2015,08,32155,gender,Male,0.91734104044153,0.831805878539271,1.00287620234379,1
2015,08,43000,all,All,,,,
2015,08,43000,gender,Female,,,,
2015,08,43000,gender,Male,,,,
2015,08,45970,all,All,1.10583971731644,1.04289576501797,1.16878366961491,1
2015,08,45970,gender,Female,1.11341165427313,1.04783814176491,1.17898516678135,1
2015,08,45970,gender,Male,1.0796099069192,1.00827046375298,1.15094935008542,1
2015,08,46465,all,All,0.671270596794766,0.582226141991682,0.76031505159785,1
2015,08,46465,gender,Female,0.706392393437652,0.613089145999661,0.799695640875643,1
2015,08,46465,gender,Male,0.65865103981021,0.558275562519565,0.759026517100854,1
2015,08,62000,all,All,0.707543031387623,0.615805446171749,0.799280616603498,1
2015,08,62000,gender,Female,0.767944081841444,0.671064274406622,0.864823889276265,1
2015,08,62000,gender,Male,0.648366053519565,0.545770776720341,0.75096133031879,1
2015,08,77290,all,All,0.987586683641985,0.935683425662616,1.03948994162135,1
2015,08,77290,gender,Female,1.02137440996156,0.966541340834571,1.07620747908854,1
2015,08,77290,gender,Male,0.953165429104191,0.895137342878579,1.0111935153298,1
2015,08,83835,all,All,1.09564433627757,0.990955115609564,1.20033355694557,1
2015,08,83835,gender,Female,1.0367802505869,0.924231341639654,1.14932915953414,1
2015,08,83835,gender,Male,1.11826932415866,1.00308038811408,1.23345826020325,1
2015,09,08000,all,All,1.16684677254984,1.14239417648288,1.19129936861681,1
2015,09,08000,gender,Female,1.24694199598029,1.22121440197491,1.27266958998566,1
2015,09,08000,gender,Male,1.08094571139565,1.05350092163245,1.10839050115885,1
2015,09,18430,all,All,0.93590509214377,0.896149279414165,0.975660904873376,1
2015,09,18430,gender,Female,1.00167142268176,0.960509219501004,1.04283362586251,1
2015,09,18430,gender,Male,0.851861387140138,0.806522843918386,0.89719993036189,1
2015,09,37000,all,All,0.997887111699325,0.96984333033571,1.02593089306294,1
2015,09,37000,gender,Female,1.06758005576473,1.03803809423708,1.09712201729239,1
2015,09,37000,gender,Male,0.93550409826493,0.904065385670554,0.966942810859305,1
2015,09,52000,all,All,1.17657745692334,1.15094188353875,1.20221303030793,1
2015,09,52000,gender,Female,1.26979787538656,1.24291111452114,1.29668463625198,1
2015,09,52000,gender,Male,1.07705543111973,1.0481801935414,1.10593066869806,1
2015,09,55990,all,All,0.880120759205206,0.844807731266619,0.915433787143792,1
2015,09,55990,gender,Female,0.946260512311437,0.908673618530035,0.983847406092838,1
2015,09,55990,gender,Male,0.815432250807053,0.776227060870066,0.85463744074404,1
2015,09,73000,all,All,1.02630566298938,0.996416943143093,1.05619438283567,1
2015,09,73000,gender,Female,1.089097125729,1.05866642715564,1.11952782430236,1
2015,09,73000,gender,Male,0.963684522483419,0.928986232361113,0.998382812605725,1
2015,09,80000,all,All,0.8289908562641,0.800862301577987,0.857119410950214,1
2015,09,80000,gender,Female,0.971414324582245,0.942051622615945,1.00077702654855,1
2015,09,80000,gender,Male,0.684448087120552,0.652633374690145,0.716262799550959,1
2015,11,50000,all,All,0.973516912958157,0.953207102385435,0.993826723530879,1
2015,11,50000,gender,Female,1.04673702726254,1.0255052890767,1.06796876544838,1
2015,11,50000,gender,Male,0.890350116443669,0.867411484834847,0.913288748052492,1
2015,12,07300,all,All,,,,
2015,12,07300,gender,Female,,,,
2015,12,07300,gender,Male,,,,
2015,12,07875,all,All,,,,
2015,12,07875,gender,Female,,,,
2015,12,07875,gender,Male,,,,
2015,12,10275,all,All,,,,
2015,12,10275,gender,Female,,,,
2015,12,10275,gender,Male,,,,
2015,12,12875,all,All,,,,
2015,12,12875,gender,Female,,,,
2015,12,12875,gender,Male,,,,
2015,12,14400,all,All,,,,
2015,12,14400,gender,Female,,,,
2015,12,14400,gender,Male,,,,
2015,12,16475,all,All,,,,
2015,12,16475,gender,Female,,,,
2015,12,16475,gender,Male,,,,
2015,12,16725,all,All,,,,
2015,12,16725,gender,Female,,,,
2015,12,16725,gender,Male,,,,
2015,12,17200,all,All,,,,
2015,12,17200,gender,Female,,,,
2015,12,17200,gender,Male,,,,
2015,12,17935,all,All,,,,
2015,12,17935,gender,Female,,,,
2015,12,17935,gender,Male,,,,
2015,12,24000,all,All,0.917868132560564,0.910568460465781,0.925167804655347,1
2015,12,24000,gender,Female,0.919347717724856,0.911652555229288,0.927042880220424,1
2015,12,24000,gender,Male,0.912313445734695,0.904135322543284,0.920491568926106,1
2015,12,24125,all,All,0.860366128348746,0.847754724280416,0.872977532417077,1
2015,12,24125,gender,Female,0.890135300810139,0.876812175294975,0.903458426325303,1
2015,12,24125,gender,Male,0.830496348572999,0.816396111104501,0.844596586041497,1
2015,12,25175,all,All,0.89658244178763,0.873674932602965,0.919489950972294,1
2015,12,25175,gender,Female,0.929302480824386,0.905371455709462,0.953233505939309,1
2015,12,25175,gender,Male,0.859827334450156,0.833934690388166,0.885719978512146,1
2015,12,30000,all,All,,,,
2015,12,30000,gender,Female,,,,
2015,12,30000,gender,Male,,,,
2015,12,32000,all,All,,,,
2015,12,32000,gender,Female,,,,
2015,12,32000,gender,Male,,,,
2015,12,32275,all,All,,,,
2015,12,32275,gender,Female,,,,
2015,12,32275,gender,Male,,,,
2015,12,35000,all,All,0.884502543291676,0.872819747846305,0.896185338737046,1
2015,12,35000,gender,Female,0.893244311353566,0.881013935360466,0.905474687346665,1
2015,12,35000,gender,Male,0.896941770449972,0.874954350965822,0.918929189934123,1
2015,12,36950,all,All,0.854026435809983,0.838386543011922,0.869666328608044,1
2015,12,36950,gender,Female,0.877626820565945,0.860986358587735,0.894267282544155,1
2015,12,36950,gender,Male,0.8296750967308,0.812305150880767,0.847045042580832,1
2015,12,38250,all,All,,,,
2015,12,38250,gender,Female,,,,
2015,12,38250,gender,Male,,,,
2015,12,39425,all,All,0.840006202461537,0.827109109781007,0.852903295142066,1
2015,12,39425,gender,Female,0.871803336993284,0.858114612213823,0.885492061772746,1
2015,12,39425,gender,Male,0.887956614314032,0.863621390525856,0.912291838102209,1
2015,12,43975,all,All,,,,
2015,12,43975,gender,Female,,,,
2015,12,43975,gender,Male,,,,
2015,12,45000,all,All,0.934861460463656,0.928657727680258,0.941065193247054,1
2015,12,45000,gender,Female,0.948166922128692,0.941624449876653,0.95470939438073,1
2015,12,45000,gender,Male,0.916280021464195,0.909332352834765,0.923227690093625,1
2015,12,45025,all,All,,,,
2015,12,45025,gender,Female,,,,
2015,12,45025,gender,Male,,,,
2015,12,45060,all,All,,,,
2015,12,45060,gender,Female,,,,
2015,12,45060,gender,Male,,,,
2015,12,45975,all,All,,,,
2015,12,45975,gender,Female,,,,
2015,12,45975,gender,Male,,,,
2015,12,49675,all,All,,,,
2015,12,49675,gender,Female,,,,
2015,12,49675,gender,Male,,,,
2015,12,53000,all,All,0.866467841660331,0.857817646080723,0.875118037239938,1
2015,12,53000,gender,Female,0.876722743057955,0.867580698062801,0.88586478805311,1
2015,12,53000,gender,Male,0.855861510761575,0.846194140142817,0.865528881380333,1
2015,12,54000,all,All,,,,
2015,12,54000,gender,Female,,,,
2015,12,54000,gender,Male,,,,
2015,12,54200,all,All,,,,
2015,12,54200,gender,Female,,,,
2015,12,54200,gender,Male,,,,
2015,12,55775,all,All,,,,
2015,12,55775,gender,Female,,,,
2015,12,55775,gender,Male,,,,
2015,12,57425,all,All,,,,
2015,12,57425,gender,Female,,,,
2015,12,57425,gender,Male,,,,
2015,12,58050,all,All,,,,
2015,12,58050,gender,Female,,,,
2015,12,58050,gender,Male,,,,
2015,12,58715,all,All,,,,
2015,12,58715,gender,Female,,,,
2015,12,58715,gender,Male,,,,
2015,12,63000,all,All,,,,
2015,12,63000,gender,Female,,,,
2015,12,63000,gender,Male,,,,
2015,12,69700,all,All,,,,
2015,12,69700,gender,Female,,,,
2015,12,69700,gender,Male,,,,
2015,12,70600,all,All,0.905657407863431,0.88542009716316,0.925894718563702,1
2015,12,70600,gender,Female,0.901538308877308,0.880399232590232,0.922677385164383,1
2015,12,70600,gender,Male,0.907240933789533,0.884363399295795,0.930118468283272,1
2015,12,71000,all,All,0.825053747801521,0.816619880586811,0.83348761501623,1
2015,12,71000,gender,Female,0.853812660084747,0.844942174923226,0.862683145246269,1
2015,12,71000,gender,Male,0.779273905387009,0.769062623264406,0.789485187509612,1
2015,12,76600,all,All,0.934122969654305,0.925350926308955,0.942895012999655,1
2015,12,76600,gender,Female,0.964943362811969,0.955713428383765,0.974173297240173,1
2015,12,76600,gender,Male,0.904897907054316,0.895052898990246,0.914742915118386,1
2015,13,03440,all,All,0.884315915987333,0.851402094703389,0.917229737271277,1
2015,13,03440,gender,Female,0.823431396774754,0.776575548153152,0.870287245396356,1
2015,13,03440,gender,Male,0.748972850033852,0.698338741005554,0.79960695906215,1
2015,13,04000,all,All,0.948986846879005,0.935650243870703,0.962323449887308,1
2015,13,04000,gender,Female,0.99270761291642,0.976036780915484,1.00937844491736,1
2015,13,04000,gender,Male,0.893709864194692,0.875650972923752,0.911768755465632,1
2015,13,04204,all,All,0.964571284646063,0.944448148939793,0.984694420352333,1
2015,13,04204,gender,Female,1.00781104994567,0.978722965903877,1.03689913398746,1
2015,13,04204,gender,Male,0.873687215936308,0.843212911055652,0.904161520816964,1
2015,13,19000,all,All,1.0331007707295,1.01244553239218,1.05375600906682,1
2015,13,19000,gender,Female,1.12094206071684,1.09163168456343,1.15025243687025,1
2015,13,19000,gender,Male,0.990249629669669,0.95887133369048,1.02162792564886,1
2015,13,42425,all,All,,,,
2015,13,42425,gender,Female,,,,
2015,13,42425,gender,Male,,,,
2015,13,49008,all,All,0.890796074412665,0.86757313701708,0.91401901180825,1
2015,13,49008,gender,Female,0.909684646914793,0.876105247720409,0.943264046109177,1
2015,13,49008,gender,Male,0.782534611662909,0.747733583256526,0.817335640069292,1
2015,13,67284,all,All,,,,
2015,13,67284,gender,Female,,,,
2015,13,67284,gender,Male,,,,
2015,13,68516,all,All,,,,
2015,13,68516,gender,Female,,,,
2015,13,68516,gender,Male,,,,
2015,13,69000,all,All,0.960497765957774,0.941503165539448,0.9794923663761,1
2015,13,69000,gender,Female,1.00713388018858,0.980424479798158,1.03384328057899,1
2015,13,69000,gender,Male,0.841763096902099,0.812631364786893,0.870894829017305,1
2015,13,72122,all,All,,,,
2015,13,72122,gender,Female,,,,
2015,13,72122,gender,Male,,,,
2015,13,80508,all,All,,,,
2015,13,80508,gender,Female,,,,
2015,13,80508,gender,Male,,,,
2015,15,71550,all,All,,,,
2015,15,71550,gender,Female,,,,
2015,15,71550,gender,Male,,,,
2015,16,08830,all,All,1.01573845485669,0.993094393172285,1.03838251654109,1
2015,16,08830,gender,Female,1.08976227393463,1.06592711093156,1.1135974369377,1
2015,16,08830,gender,Male,0.949959153652997,0.924549885699445,0.97536842160655,1
2015,16,52120,all,All,1.2354085051139,1.21670394356944,1.25411306665835,1
2015,16,52120,gender,Female,1.31459809169938,1.29520687462182,1.33398930877694,1
2015,16,52120,gender,Male,1.15416614065497,1.13286332700975,1.17546895430019,1
2015,16,56260,all,All,1.16918726162393,1.1408772051526,1.19749731809527,1
2015,16,56260,gender,Female,1.19183197362955,1.16214403193667,1.22151991532243,1
2015,16,56260,gender,Male,1.15924714204102,1.12736953019754,1.1911247538845,1
2015,17,02154,all,All,1.00829125098421,0.962721732415296,1.05386076955313,1
2015,17,02154,gender,Female,1.14317737144963,1.09540386530339,1.19095087759586,1
2015,17,02154,gender,Male,0.870054918496453,0.818719192723596,0.92139064426931,1
2015,17,03012,all,All,1.11755446044094,1.09142069514566,1.14368822573621,1
2015,17,03012,gender,Female,1.19632842884589,1.16880687639656,1.22384998129522,1
2015,17,03012,gender,Male,1.04575843308205,1.0164510558747,1.07506581028941,1
2015,17,06613,all,All,0.683587659764015,0.634208621047317,0.732966698480712,1
2015,17,06613,gender,Female,0.697444793011541,0.644904162641636,0.749985423381446,1
2015,17,06613,gender,Male,0.713841123260629,0.654025332662102,0.773656913859156,1
2015,17,12385,all,All,0.743760856229444,0.705049696883622,0.782472015575266,1
2015,17,12385,gender,Female,0.791476085105259,0.750078016273112,0.832874153937406,1
2015,17,12385,gender,Male,0.699366445051612,0.656571193061256,0.742161697041968,1
2015,17,14000,all,All,1.20483742047979,1.19347185133019,1.21620298962938,1
2015,17,14000,gender,Female,1.20063744382655,1.18873608123567,1.21253880641743,1
2015,17,14000,gender,Male,1.2095569097376,1.19674075303228,1.22237306644291,1
2015,17,14351,all,All,1.30341842374904,1.27676824624965,1.33006860124842,1
2015,17,14351,gender,Female,1.39847078650763,1.36963741677495,1.4273041562403,1
2015,17,14351,gender,Male,1.22081197730231,1.19165192839916,1.24997202620547,1
2015,17,23074,all,All,1.24446016116077,1.22570909753265,1.26321122478889,1
2015,17,23074,gender,Female,1.34251554344867,1.32287141448711,1.36215967241023,1
2015,17,23074,gender,Male,1.14684160658276,1.12570710923821,1.16797610392732,1
2015,17,24582,all,All,1.01908648707754,0.949541203336986,1.0886317708181,1
2015,17,24582,gender,Female,1.09388333054448,1.02192198970006,1.16584467138891,1
2015,17,24582,gender,Male,0.940102600210555,0.860742431060909,1.0194627693602,1
2015,17,38570,all,All,1.18135941535357,1.14874888766352,1.21396994304363,1
2015,17,38570,gender,Female,1.22898256064054,1.19875678941918,1.2592083318619,1
2015,17,38570,gender,Male,1.13447523314295,1.09788032724455,1.17107013904134,1
2015,17,51622,all,All,1.18711168382118,1.15903979228474,1.21518357535761,1
2015,17,51622,gender,Female,1.31007410924544,1.28043099325434,1.33971722523653,1
2015,17,51622,gender,Male,1.0807368064639,1.04933893539281,1.11213467753498,1
2015,17,59000,all,All,0.822521710340975,0.76555047600441,0.87949294467754,1
2015,17,59000,gender,Female,0.899279636094185,0.847281669792986,0.951277602395384,1
2015,17,59000,gender,Male,0.742437050996185,0.688690739118036,0.796183362874334,1
2015,17,65000,all,All,1.10318719037401,1.08087511070301,1.12549927004502,1
2015,17,65000,gender,Female,1.16459594654762,1.1411948431977,1.18799704989754,1
2015,17,65000,gender,Male,1.10711314273738,1.07424887071412,1.13997741476063,1
2015,17,68003,all,All,1.21935931283809,1.19324609934101,1.24547252633518,1
2015,17,68003,gender,Female,1.30018312716713,1.27262050483162,1.32774574950264,1
2015,17,68003,gender,Male,1.14186832269895,1.11264882847035,1.17108781692754,1
2015,17,72000,all,All,1.12545452472782,1.09499478701111,1.15591426244453,1
2015,17,72000,gender,Female,1.1899234689405,1.15747351012847,1.22237342775252,1
2015,17,72000,gender,Male,1.06218237802308,1.02839295519155,1.09597180085461,1
2015,17,79293,all,All,1.02201083312039,0.993292101434139,1.05072956480664,1
2015,17,79293,gender,Female,1.10193944558731,1.0718662347728,1.13201265640182,1
2015,17,79293,gender,Male,0.944296383398505,0.911913561439668,0.976679205357343,1
2015,18,05860,all,All,1.23072112329514,1.19555821324235,1.26588403334792,1
2015,18,05860,gender,Female,1.27715462818083,1.24109884445176,1.3132104119099,1
2015,18,05860,gender,Male,1.19293801457788,1.15242942042548,1.23344660873029,1
2015,18,10342,all,All,1.0546276306644,1.02633554242929,1.08291971889951,1
2015,18,10342,gender,Female,1.08386222892868,1.05409569608479,1.11362876177258,1
2015,18,10342,gender,Male,1.02723264455921,0.995477753954384,1.05898753516404,1
2015,18,22000,all,All,1.07900896556617,1.05438532703946,1.10363260409288,1
2015,18,22000,gender,Female,1.15427051072994,1.128183843849,1.18035717761087,1
2015,18,22000,gender,Male,1.0130006157451,0.985543455585525,1.04045777590467,1
2015,18,23278,all,All,1.12319810908868,1.09816420298487,1.14823201519249,1
2015,18,23278,gender,Female,1.14116873107625,1.11470368418299,1.16763377796951,1
2015,18,23278,gender,Male,1.10109623775434,1.07312385790098,1.1290686176077,1
2015,18,25000,all,All,1.01171327703475,0.983794011381792,1.0396325426877,1
2015,18,25000,gender,Female,1.0675111089781,1.03843750760089,1.09658471035531,1
2015,18,25000,gender,Male,0.94367431230736,0.912024632413434,0.975323992201286,1
2015,18,31000,all,All,1.13193633756026,1.10070076098998,1.16317191413053,1
2015,18,31000,gender,Female,1.19213125164692,1.15908091294998,1.22518159034386,1
2015,18,31000,gender,Male,1.09464392868633,1.05976481307348,1.12952304429918,1
2015,18,36003,all,All,,,,
2015,18,36003,gender,Female,,,,
2015,18,36003,gender,Male,,,,
2015,18,71000,all,All,1.04978953711901,1.02289723973368,1.07668183450435,1
2015,18,71000,gender,Female,1.04383008064847,1.01481173145841,1.07284842983852,1
2015,18,71000,gender,Male,1.05554637159824,1.02605346527311,1.08503927792338,1
2015,19,12000,all,All,1.03446504773375,0.999680663630472,1.06924943183702,1
2015,19,12000,gender,Female,1.01450665733446,0.977531122319967,1.05148219234896,1
2015,19,12000,gender,Male,1.04796879526929,1.00932312529709,1.08661446524149,1
2015,19,19000,all,All,0.936429498548969,0.90681191983858,0.966047077259358,1
2015,19,19000,gender,Female,0.968879139013593,0.937582313802698,1.00017596422449,1
2015,19,19000,gender,Male,0.900233202666951,0.867126376197229,0.933340029136673,1
2015,19,21000,all,All,1.05059390774196,1.02609652095613,1.07509129452778,1
2015,19,21000,gender,Female,1.08076470310895,1.0547629565008,1.1067664497171,1
2015,19,21000,gender,Male,1.02152310048408,0.994252142746734,1.04879405822142,1
2015,19,73335,all,All,1.23218749451326,1.19993353359888,1.26444145542765,1
2015,19,73335,gender,Female,1.2406227542829,1.20642172066484,1.27482378790095,1
2015,19,73335,gender,Male,1.2340776592144,1.19813940755135,1.27001591087744,1
2015,20,36000,all,All,0.963156022442575,0.928569951419824,0.997742093465325,1
2015,20,36000,gender,Female,0.954017850529145,0.913316427122161,0.994719273936129,1
2015,20,36000,gender,Male,0.92697786055669,0.888440284831295,0.965515436282084,1
2015,20,38900,all,All,1.07506348523835,1.03809065104285,1.11203631943385,1
2015,20,38900,gender,Female,1.08600208027213,1.04676793427152,1.12523622627274,1
2015,20,38900,gender,Male,1.06282845917021,1.02163514817957,1.10402177016085,1
2015,20,52575,all,All,0.972162276834532,0.95021447774724,0.994110075921824,1
2015,20,52575,gender,Female,0.978479856379945,0.955448289311797,1.00151142344809,1
2015,20,52575,gender,Male,0.960925280956834,0.936228879775359,0.98562168213831,1
2015,20,53775,all,All,1.07012978418038,1.04550054715265,1.09475902120811,1
2015,20,53775,gender,Female,1.12838731291552,1.1021858909603,1.15458873487073,1
2015,20,53775,gender,Male,1.02109093456362,0.993733463015585,1.04844840611166,1
2015,20,71000,all,All,0.980931883064692,0.940562690052893,1.02130107607649,1
2015,20,71000,gender,Female,1.00977620223538,0.96739072806422,1.05216167640654,1
2015,20,71000,gender,Male,0.951978402151455,0.906581898262128,0.997374906040781,1
2015,20,79000,all,All,0.967676214129412,0.95030612028172,0.985046307977104,1
2015,20,79000,gender,Female,0.9982276365852,0.98011271310396,1.01634256006644,1
2015,20,79000,gender,Male,0.930790843362451,0.911124755580366,0.950456931144536,1
2015,21,46027,all,All,0.926496272334501,0.907908277099526,0.945084267569476,1
2015,21,46027,gender,Female,0.988797038327711,0.969269157230856,1.00832491942457,1
2015,21,46027,gender,Male,0.863837087832229,0.842943081633953,0.884731094030506,1
2015,21,48006,all,All,1.00227347542952,0.990445808364546,1.01410114249449,1
2015,21,48006,gender,Female,1.04975712260238,1.03732513671124,1.06218910849351,1
2015,21,48006,gender,Male,0.952572467639089,0.939284719096285,0.965860216181893,1
2015,22,05000,all,All,1.05976795340393,1.04274847207255,1.07678743473531,1
2015,22,05000,gender,Female,1.08048690839574,1.06274537145127,1.09822844534021,1
2015,22,05000,gender,Male,1.04236882588548,1.0230896048378,1.06164804693315,1
2015,22,40735,all,All,1.03125009982371,1.01044153786098,1.05205866178645,1
2015,22,40735,gender,Female,1.08061447932597,1.05858918034127,1.10263977831066,1
2015,22,40735,gender,Male,0.978392469106953,0.955169506664317,1.00161543154959,1
2015,22,41155,all,All,0.858424865265454,0.8360539033586,0.880795827172307,1
2015,22,41155,gender,Female,0.952978354878493,0.929164613878581,0.976792095878404,1
2015,22,41155,gender,Male,0.774395483946381,0.749560174098123,0.799230793794639,1
2015,22,55000,all,All,1.23607583472285,1.21851911381745,1.25363255562825,1
2015,22,55000,gender,Female,1.25348495594035,1.23508165373356,1.27188825814715,1
2015,22,55000,gender,Male,1.21528668073934,1.19550207915758,1.2350712823211,1
2015,22,70000,all,All,1.07059201039031,1.05300139375446,1.08818262702616,1
2015,22,70000,gender,Female,1.07235838675281,1.05373789471503,1.09097887879059,1
2015,22,70000,gender,Male,1.06214078614887,1.04250472915252,1.08177684314523,1
2015,24,04000,all,All,0.849150409672435,0.833312861714623,0.864987957630247,1
2015,24,04000,gender,Female,0.91077733894382,0.894146508649387,0.927408169238254,1
2015,24,04000,gender,Male,0.737201846381748,0.708180376220202,0.766223316543294,1
2015,24,30325,all,All,0.86728474080304,0.848702799720376,0.885866681885704,1
2015,24,30325,gender,Female,0.932188761690247,0.912432027713308,0.951945495667187,1
2015,24,30325,gender,Male,0.808080981252044,0.787429150398048,0.82873281210604,1
2015,25,07000,all,All,1.02859899246515,0.999006984432551,1.05819100049775,1
2015,25,07000,gender,Female,1.03966574399913,1.00866430788488,1.07066718011339,1
2015,25,07000,gender,Male,1.02180708356204,0.988433174476229,1.05518099264785,1
2015,25,09000,all,All,1.11048488744955,1.07944030579347,1.14152946910564,1
2015,25,09000,gender,Female,1.18865032504386,1.15513080733393,1.22216984275378,1
2015,25,09000,gender,Male,1.03745945524177,1.00342567167503,1.0714932388085,1
2015,25,11000,all,All,1.12164833293286,1.07555310646176,1.16774355940397,1
2015,25,11000,gender,Female,1.15325123542207,1.10584625388235,1.20065621696179,1
2015,25,11000,gender,Male,1.08981684565451,1.03687820035286,1.14275549095615,1
2015,25,23000,all,All,0.812198650802756,0.774600040260784,0.849797261344727,1
2015,25,23000,gender,Female,0.868493928020372,0.829569297799401,0.907418558241342,1
2015,25,23000,gender,Male,0.761233346802772,0.718350653396401,0.804116040209143,1
2015,25,34550,all,All,0.77230684240724,0.713792776741752,0.830820908072728,1
2015,25,34550,gender,Female,0.838594016547864,0.777127669125526,0.900060363970202,1
2015,25,34550,gender,Male,0.695522131431843,0.629737897579204,0.761306365284482,1
2015,25,37000,all,All,0.996293362289302,0.963724438680527,1.02886228589808,1
2015,25,37000,gender,Female,1.06063704825181,1.02648149509805,1.09479260140556,1
2015,25,37000,gender,Male,0.938242749747833,0.901572930320866,0.9749125691748,1
2015,25,37490,all,All,0.958503829652421,0.92466274870193,0.992344910602912,1
2015,25,37490,gender,Female,0.997627092041405,0.962159571945248,1.03309461213756,1
2015,25,37490,gender,Male,0.735576593916571,0.669788604696809,0.801364583136333,1
2015,25,45000,all,All,0.72946559310983,0.694585276888189,0.764345909331471,1
2015,25,45000,gender,Female,0.802915504530462,0.766087288005893,0.83974372105503,1
2015,25,45000,gender,Male,0.652012603281363,0.612993589017191,0.691031617545535,1
2015,25,45560,all,All,,,,
2015,25,45560,gender,Female,,,,
2015,25,45560,gender,Male,,,,
2015,25,55745,all,All,0.904182767895456,0.860094349255346,0.948271186535566,1
2015,25,55745,gender,Female,0.906304891942998,0.860198195840756,0.95241158804524,1
2015,25,55745,gender,Male,0.899891123812371,0.850114684909438,0.949667562715304,1
2015,25,62535,all,All,1.00341097334153,0.944992674898372,1.06182927178469,1
2015,25,62535,gender,Female,1.01427715426809,0.950190709367897,1.07836359916828,1
2015,25,62535,gender,Male,1.00941796902563,0.903289953470542,1.11554598458071,1
2015,25,67000,all,All,0.686997125889415,0.662003872099727,0.711990379679102,1
2015,25,67000,gender,Female,0.76085627167298,0.734409153989017,0.787303389356942,1
2015,25,67000,gender,Male,0.626284926949935,0.59838345259703,0.65418640130284,1
2015,25,82000,all,All,1.02206201734315,0.995927738481822,1.04819629620448,1
2015,25,82000,gender,Female,1.07015129843281,1.04272751359397,1.09757508327164,1
2015,25,82000,gender,Male,0.96103245529519,0.931613097343599,0.990451813246781,1
2015,26,03000,all,All,1.17590340945606,1.14819550456535,1.20361131434676,1
2015,26,03000,gender,Female,1.15634629078345,1.1276545399924,1.18503804157449,1
2015,26,03000,gender,Male,1.17275763253186,1.14116274788059,1.20435251718312,1
2015,26,21000,all,All,1.32465878154971,1.30143389752391,1.34788366557552,1
2015,26,21000,gender,Female,1.36306234415875,1.33848335660063,1.38764133171687,1
2015,26,21000,gender,Male,1.29547617288743,1.26955294088689,1.32139940488797,1
2015,26,22000,all,All,1.10114572841643,1.0891682824369,1.11312317439595,1
2015,26,22000,gender,Female,1.1117027474503,1.09929372362412,1.12411177127648,1
2015,26,22000,gender,Male,1.07850326633205,1.06485006816538,1.09215646449873,1
2015,26,27440,all,All,,,,
2015,26,27440,gender,Female,,,,
2015,26,27440,gender,Male,,,,
2015,26,29000,all,All,1.09551632087331,1.02207286498774,1.16895977675888,1
2015,26,29000,gender,Female,1.17913339438361,1.10204527776006,1.25622151100716,1
2015,26,29000,gender,Male,0.99488775869428,0.923306225378047,1.06646929201051,1
2015,26,34000,all,All,1.01295320206936,0.970188604094325,1.0557178000444,1
2015,26,34000,gender,Female,1.06526676619167,1.01977443004339,1.11075910233995,1
2015,26,34000,gender,Male,0.970908759126898,0.923395545864306,1.01842197238949,1
2015,26,46000,all,All,0.78715093648792,0.748829933760724,0.825471939215116,1
2015,26,46000,gender,Female,0.777310143646233,0.736730349876922,0.817889937415544,1
2015,26,46000,gender,Male,0.790148907968272,0.747401942346118,0.832895873590426,1
2015,26,49000,all,All,1.04384803006032,1.00822145762608,1.07947460249455,1
2015,26,49000,gender,Female,1.0580523898508,1.02129282652285,1.09481195317875,1
2015,26,49000,gender,Male,1.03087588741697,0.990182911966137,1.07156886286781,1
2015,26,69035,all,All,,,,
2015,26,69035,gender,Female,,,,
2015,26,69035,gender,Male,,,,
2015,26,74900,all,All,1.00652701062809,0.973876659186118,1.03917736207007,1
2015,26,74900,gender,Female,1.02620679202644,0.992123785244191,1.06028979880868,1
2015,26,74900,gender,Male,0.984374117528933,0.947444913230267,1.0213033218276,1
2015,26,76460,all,All,0.972523170511617,0.951314778228429,0.993731562794804,1
2015,26,76460,gender,Female,1.04518794484699,1.02325038736477,1.0671255023292,1
2015,26,76460,gender,Male,0.893889326154361,0.869679155397255,0.918099496911465,1
2015,26,80700,all,All,1.13096422827953,1.09742066628559,1.16450779027347,1
2015,26,80700,gender,Female,1.18235705783868,1.147472568224,1.21724154745336,1
2015,26,80700,gender,Male,1.08154062508472,1.04345904158415,1.11962220858529,1
2015,26,84000,all,All,1.05033233013208,1.0072707335913,1.09339392667285,1
2015,26,84000,gender,Female,1.06475071352338,1.01955463524336,1.10994679180339,1
2015,26,84000,gender,Male,1.02848135529134,0.980039297606766,1.0769234129759,1
2015,26,86000,all,All,0.986489123395565,0.954651953694534,1.0183262930966,1
2015,26,86000,gender,Female,1.01534562414168,0.981422791648077,1.04926845663528,1
2015,26,86000,gender,Male,0.976429612663758,0.941100437763411,1.0117587875641,1
2015,26,88940,all,All,1.02722777120704,0.96690795302535,1.08754758938874,1
2015,26,88940,gender,Female,1.09390617888341,1.02972648734138,1.15808587042544,1
2015,26,88940,gender,Male,0.939314082321541,0.872321763660369,1.00630640098271,1
2015,27,06616,all,All,1.00148050615339,0.965429415980646,1.03753159632613,1
2015,27,06616,gender,Female,1.04261720793878,1.00390946281665,1.08132495306091,1
2015,27,06616,gender,Male,0.963751279699973,0.924035235684604,1.00346732371534,1
2015,27,07966,all,All,,,,
2015,27,07966,gender,Female,,,,
2015,27,07966,gender,Male,,,,
2015,27,17000,all,All,0.979615827013104,0.941857213471998,1.01737444055421,1
2015,27,17000,gender,Female,1.00030419228515,0.958904854235561,1.04170353033475,1
2015,27,17000,gender,Male,0.958968893170538,0.918109740039503,0.999828046301574,1
2015,27,43000,all,All,1.08615653306567,1.06800736218105,1.10430570395029,1
2015,27,43000,gender,Female,1.13707366079497,1.11817728711247,1.15597003447747,1
2015,27,43000,gender,Male,1.03520831758626,1.01462703598393,1.05578959918859,1
2015,27,51730,all,All,,,,
2015,27,51730,gender,Female,,,,
2015,27,51730,gender,Male,,,,
2015,27,54880,all,All,0.966860447683882,0.937833350621959,0.995887544745805,1
2015,27,54880,gender,Female,0.977923303770099,0.947498029706963,1.00834857783324,1
2015,27,54880,gender,Male,0.956367437500297,0.923666098569465,0.989068776431128,1
2015,27,58000,all,All,1.30395648895698,1.25271746017467,1.35519551773929,1
2015,27,58000,gender,Female,1.35624292941994,1.30154183278913,1.41094402605074,1
2015,27,58000,gender,Male,1.25783761332153,1.20110580208939,1.31456942455367,1
2015,27,71428,all,All,,,,
2015,27,71428,gender,Female,,,,
2015,27,71428,gender,Male,,,,
2015,28,36000,all,All,0.848327291128916,0.826411420622639,0.870243161635194,1
2015,28,36000,gender,Female,0.870021299315628,0.847234826073702,0.892807772557554,1
2015,28,36000,gender,Male,0.893050222821549,0.8604794295053,0.925621016137797,1
2015,29,15670,all,All,1.0808705530237,1.05254626272428,1.10919484332312,1
2015,29,15670,gender,Female,1.13487451886313,1.10515436689129,1.16459467083498,1
2015,29,15670,gender,Male,1.0350415996533,1.00316635983746,1.06691683946913,1
2015,29,35000,all,All,0.975708814135262,0.940376303331663,1.01104132493886,1
2015,29,35000,gender,Female,1.07321980130141,1.03617327105253,1.11026633155029,1
2015,29,35000,gender,Male,0.880121343598821,0.840347991923485,0.919894695274156,1
2015,29,38000,all,All,1.08034688614754,1.05037853150776,1.11031524078732,1
2015,29,38000,gender,Female,1.11382956790312,1.08231490751302,1.14534422829322,1
2015,29,38000,gender,Male,1.04519276784234,1.01153104244312,1.07885449324155,1
2015,29,41348,all,All,1.05288571258805,1.02513196440102,1.08063946077508,1
2015,29,41348,gender,Female,1.08034617100763,1.0511424417545,1.10954990026075,1
2015,29,41348,gender,Male,1.03529692979531,1.00414721834161,1.06644664124902,1
2015,29,54074,all,All,1.26016078451852,1.23306147435207,1.28726009468497,1
2015,29,54074,gender,Female,1.2671764402809,1.23798475140022,1.29636812916157,1
2015,29,54074,gender,Male,1.25453123132087,1.22476645211694,1.2842960105248,1
2015,29,65000,all,All,,,,
2015,29,65000,gender,Female,,,,
2015,29,65000,gender,Male,,,,
2015,29,70000,all,All,1.0619228416097,1.03830643337563,1.08553924984376,1
2015,29,70000,gender,Female,1.08444131857724,1.05906598937484,1.10981664777964,1
2015,29,70000,gender,Male,1.04057359141942,1.01457537047648,1.06657181236236,1
2015,30,06550,all,All,1.00377901935514,0.937509631347277,1.070048407363,1
2015,30,06550,gender,Female,1.02885985601415,0.994453994213524,1.06326571781478,1
2015,30,06550,gender,Male,0.913711033995197,0.868419033203145,0.959003034787249,1
2015,31,28000,all,All,0.947535058230743,0.928274398643583,0.966795717817903,1
2015,31,28000,gender,Female,0.970911280651192,0.950735076109375,0.99108748519301,1
2015,31,28000,gender,Male,0.917796455585832,0.896086732517962,0.939506178653703,1
2015,31,37000,all,All,0.969620138716785,0.948527443232566,0.990712834201004,1
2015,31,37000,gender,Female,1.00440105705536,0.982253452603269,1.02654866150744,1
2015,31,37000,gender,Male,0.938329282925483,0.914616467775017,0.962042098075949,1
2015,32,31900,all,All,,,,
2015,32,31900,gender,Female,,,,
2015,32,31900,gender,Male,,,,
2015,32,40000,all,All,1.03071393389826,1.0236689789982,1.03775888879832,1
2015,32,40000,gender,Female,1.07221882399746,1.06475674010058,1.07968090789435,1
2015,32,40000,gender,Male,0.990832752976038,0.982975785022262,0.998689720929814,1
2015,32,51800,all,All,,,,
2015,32,51800,gender,Female,,,,
2015,32,51800,gender,Male,,,,
2015,32,60600,all,All,1.08911227820773,1.07324317936823,1.10498137704723,1
2015,32,60600,gender,Female,1.1389274280338,1.12204472998866,1.15581012607894,1
2015,32,60600,gender,Male,1.04656661916446,1.02894018870759,1.06419304962134,1
2015,32,68400,all,All,,,,
2015,32,68400,gender,Female,,,,
2015,32,68400,gender,Male,,,,
2015,33,45140,all,All,1.02977231092078,0.972801137751443,1.08674348409012,1
2015,33,45140,gender,Female,1.07197462874414,1.01158227505065,1.13236698243762,1
2015,33,45140,gender,Male,0.987539286481614,0.924048905512388,1.05102966745084,1
2015,33,50260,all,All,0.944061351966669,0.90069214081837,0.987430563114968,1
2015,33,50260,gender,Female,0.936692407407798,0.89073915799306,0.982645656822536,1
2015,33,50260,gender,Male,0.941541983860739,0.893186616613465,0.989897351108012,1
2015,34,13690,all,All,0.941101336176002,0.875828584112501,1.0063740882395,1
2015,34,13690,gender,Female,0.965270614010722,0.89981827059367,1.03072295742777,1
2015,34,13690,gender,Male,,,,
2015,34,21000,all,All,0.837241864303254,0.792516487028906,0.881967241577603,1
2015,34,21000,gender,Female,0.81388819704831,0.767365969253682,0.860410424842938,1
2015,34,21000,gender,Male,0.857601496657418,0.806834864061297,0.90836812925354,1
2015,34,36000,all,All,0.999632750956645,0.960034549538101,1.03923095237519,1
2015,34,36000,gender,Female,1.05100357100581,1.00888468893131,1.09312245308031,1
2015,34,36000,gender,Male,0.943799330360495,0.899747052523925,0.987851608197064,1
2015,34,51000,all,All,0.927378211695289,0.896784854346106,0.957971569044472,1
2015,34,51000,gender,Female,0.87195706566732,0.839511268376686,0.904402862957953,1
2015,34,51000,gender,Male,0.999829596574825,0.96567933782887,1.03397985532078,1
2015,34,57000,all,All,1.15253921211206,1.11184222975468,1.19323619446943,1
2015,34,57000,gender,Female,1.14879010363125,1.10625280733238,1.19132739993013,1
2015,34,57000,gender,Male,1.17740266794151,1.13139873128045,1.22340660460257,1
2015,34,74000,all,All,0.981781137868739,0.924810597604522,1.03875167813296,1
2015,34,74000,gender,Female,1.01387245134399,0.953862817980629,1.07388208470734,1
2015,34,74000,gender,Male,0.999298199509938,0.935241810059616,1.06335458896026,1
2015,35,02000,all,All,1.04427310296871,1.03252606163805,1.05602014429938,1
2015,35,02000,gender,Female,1.0777968359191,1.06539106729983,1.09020260453836,1
2015,35,02000,gender,Male,1.0108854092292,0.997747150973076,1.02402366748533,1
2015,35,39380,all,All,1.13742987513398,1.11400794628003,1.16085180398792,1
2015,35,39380,gender,Female,1.19312313897732,1.16869373170954,1.21755254624511,1
2015,35,39380,gender,Male,1.05728046209196,1.03076745375257,1.08379347043135,1
2015,35,63460,all,All,1.07211536711143,1.04388025361611,1.10035048060674,1
2015,35,63460,gender,Female,1.15139939478171,1.12126774656882,1.1815310429946,1
2015,35,63460,gender,Male,0.976348775785471,0.945073043861934,1.00762450770901,1
2015,35,70500,all,All,1.00188878235708,0.937317852495554,1.06645971221861,1
2015,35,70500,gender,Female,1.06916868386091,1.00366760446717,1.13466976325466,1
2015,35,70500,gender,Male,0.906827864231276,0.831650246465123,0.982005481997428,1
2015,36,01000,all,All,0.689196178639905,0.615327954892489,0.76306440238732,1
2015,36,01000,gender,Female,0.684430957957971,0.608027942957794,0.760833972958148,1
2015,36,01000,gender,Male,0.642327221916959,0.531163919298102,0.753490524535816,1
2015,36,11000,all,All,0.904302794722264,0.861841407822702,0.946764181621827,1
2015,36,11000,gender,Female,0.955761856480308,0.906802363851634,1.00472134910898,1
2015,36,11000,gender,Male,0.855832561076278,0.807516189776933,0.904148932375623,1
2015,36,50617,all,All,0.858324167952214,0.790693765483883,0.925954570420546,1
2015,36,50617,gender,Female,0.897840097513564,0.823529330985824,0.972150864041304,1
2015,36,50617,gender,Male,0.813345878577918,0.740282810285212,0.886408946870624,1
2015,36,51000,all,All,1.1106553228941,1.10364103820319,1.117669607585,1
2015,36,51000,gender,Female,1.10395063905725,1.0966223821584,1.1112788959561,1
2015,36,51000,gender,Male,1.11372943358122,1.1058026174068,1.12165624975564,1
2015,36,63000,all,All,0.830703737139345,0.765406486876842,0.896000987401848,1
2015,36,63000,gender,Female,0.818382511175078,0.749592611389154,0.887172410961002,1
2015,36,63000,gender,Male,0.846029423296348,0.772883591826218,0.919175254766479,1
2015,36,73000,all,All,0.883368609802872,0.817185799788922,0.949551419816822,1
2015,36,73000,gender,Female,0.906841141946461,0.841283032893894,0.972399250999027,1
2015,36,73000,gender,Male,0.856273672849976,0.760739836705624,0.951807508994329,1
2015,36,84000,all,All,0.998414443959158,0.955527335279277,1.04130155263904,1
2015,36,84000,gender,Female,0.956749880833335,0.911816514359499,1.00168324730717,1
2015,36,84000,gender,Male,1.03875846751666,0.990424939201723,1.08709199583159,1
2015,37,02140,all,All,0.950723683047027,0.924202366574885,0.97724499951917,1
2015,37,02140,gender,Female,0.984870688193075,0.956502964683826,1.01323841170232,1
2015,37,02140,gender,Male,0.924031331445168,0.894713628227596,0.95334903466274,1
2015,37,10740,all,All,0.945269477537714,0.936270811140561,0.954268143934866,1
2015,37,10740,gender,Female,0.970639832225132,0.961164514123093,0.98011515032717,1
2015,37,10740,gender,Male,0.920894073971859,0.910801713953631,0.930986433990087,1
2015,37,12000,all,All,0.962734509997049,0.953453934393608,0.97201508560049,1
2015,37,12000,gender,Female,0.976833969577212,0.967045679763354,0.98662225939107,1
2015,37,12000,gender,Male,0.947130682701023,0.936738493507097,0.95752287189495,1
2015,37,14100,all,All,0.939336998302472,0.919416092515739,0.959257904089205,1
2015,37,14100,gender,Female,0.951475124948074,0.930223519635059,0.972726730261089,1
2015,37,14100,gender,Male,0.925341405001913,0.903270518833695,0.947412291170132,1
2015,37,19000,all,All,0.90036394402185,0.881749085133032,0.918978802910667,1
2015,37,19000,gender,Female,0.952124808027802,0.932736699766273,0.971512916289331,1
2015,37,19000,gender,Male,0.848447931564544,0.827346416147281,0.869549446981808,1
2015,37,22920,all,All,0.892658767751093,0.876525416089918,0.908792119412268,1
2015,37,22920,gender,Female,0.901430552394037,0.8844146816096,0.918446423178475,1
2015,37,22920,gender,Male,0.884076133841534,0.866009669129395,0.902142598553672,1
2015,37,25580,all,All,0.863571875582655,0.844139333494633,0.883004417670678,1
2015,37,25580,gender,Female,0.888722753269857,0.868611748701257,0.908833757838456,1
2015,37,25580,gender,Male,0.836066305010931,0.813894902324775,0.858237707697087,1
2015,37,28000,all,All,0.934107299855992,0.920789152284128,0.947425447427856,1
2015,37,28000,gender,Female,0.986384867980118,0.972396806678703,1.00037292928153,1
2015,37,28000,gender,Male,0.880332824875307,0.865359405810717,0.895306243939897,1
2015,37,28080,all,All,0.987256171366574,0.963594155127258,1.01091818760589,1
2015,37,28080,gender,Female,1.01364670275214,0.988206333469379,1.03908707203491,1
2015,37,28080,gender,Male,0.960418713794059,0.934385826967555,0.986451600620563,1
2015,37,31400,all,All,,,,
2015,37,31400,gender,Female,,,,
2015,37,31400,gender,Male,,,,
2015,37,55000,all,All,0.945269477537714,0.936270811140561,0.954268143934866,1
2015,37,55000,gender,Female,0.970639832225132,0.961164514123093,0.98011515032717,1
2015,37,55000,gender,Male,0.920894073971859,0.910801713953631,0.930986433990087,1
2015,37,74440,all,All,0.872311588814207,0.849535116608087,0.895088061020326,1
2015,37,74440,gender,Female,0.91260068710057,0.888367894391744,0.936833479809397,1
2015,37,74440,gender,Male,0.834114542891767,0.808817263652816,0.859411822130717,1
2015,37,75000,all,All,,,,
2015,37,75000,gender,Female,,,,
2015,37,75000,gender,Male,,,,
2015,38,25700,all,All,1.09424190465226,1.05469762516908,1.13378618413545,1
2015,38,25700,gender,Female,1.10959604953893,1.06909612418497,1.1500959748929,1
2015,38,25700,gender,Male,1.06503892063072,1.01941622320471,1.11066161805672,1
2015,39,01000,all,All,0.921768851118884,0.88641810311105,0.957119599126718,1
2015,39,01000,gender,Female,0.993545857188268,0.956825897733047,1.03026581664349,1
2015,39,01000,gender,Male,0.843430622193726,0.803257927843423,0.883603316544028,1
2015,39,15000,all,All,0.967691330328558,0.923791463806132,1.01159119685098,1
2015,39,15000,gender,Female,1.02011827104925,0.974192521662636,1.06604402043587,1
2015,39,15000,gender,Male,0.908122461968755,0.858377613482379,0.957867310455132,1
2015,39,16000,all,All,0.94304419988816,0.924156375963646,0.961932023812673,1
2015,39,16000,gender,Female,1.01107586951277,0.991366787512572,1.03078495151297,1
2015,39,16000,gender,Male,0.853589670530129,0.83221692996643,0.874962411093828,1
2015,39,18000,all,All,0.967943518533923,0.934794919838306,1.00109211722954,1
2015,39,18000,gender,Female,0.983607163266606,0.948832521230841,1.01838180530237,1
2015,39,18000,gender,Male,0.940051834835741,0.902731315791146,0.977372353880337,1
2015,39,21000,all,All,0.912373706135368,0.8698055580753,0.954941854195437,1
2015,39,21000,gender,Female,0.980475735786829,0.939612607834921,1.02133886373874,1
2015,39,21000,gender,Male,0.829143872203122,0.785299837195057,0.872987907211188,1
2015,39,61000,all,All,1.0670303557439,1.0331276421523,1.10093306933551,1
2015,39,61000,gender,Female,1.07032885825359,1.03025363404258,1.11040408246461,1
2015,39,61000,gender,Male,0.982376969253712,0.944971721395855,1.01978221711157,1
2015,39,77000,all,All,0.982185591828662,0.95366033809738,1.01071084555994,1
2015,39,77000,gender,Female,1.03489806341887,1.00470241695836,1.06509370987937,1
2015,39,77000,gender,Male,0.9268079728945,0.894982038961752,0.958633906827249,1
2015,40,09050,all,All,0.917124282719448,0.8889351389142,0.945313426524695,1
2015,40,09050,gender,Female,0.953607628425906,0.924074047573662,0.98314120927815,1
2015,40,09050,gender,Male,0.882004090810717,0.850233520530324,0.91377466109111,1
2015,40,23200,all,All,1.10400838803223,1.0712505374402,1.13676623862427,1
2015,40,23200,gender,Female,1.16866750251199,1.1344576975704,1.20287730745358,1
2015,40,23200,gender,Male,1.03210470813209,0.994580497317832,1.06962891894635,1
2015,40,41850,all,All,0.994360079395407,0.947208506539806,1.04151165225101,1
2015,40,41850,gender,Female,1.06031801223854,1.0179866928183,1.10264933165877,1
2015,40,41850,gender,Male,0.888225782580562,0.829713864806012,0.946737700355112,1
2015,40,52500,all,All,1.03236285112525,0.9966985882182,1.06802711403231,1
2015,40,52500,gender,Female,1.08748160135012,1.04945890592719,1.12550429677305,1
2015,40,52500,gender,Male,0.980649075318811,0.941108505918023,1.0201896447196,1
2015,40,55000,all,All,1.20937210256843,1.17467609151134,1.24406811362553,1
2015,40,55000,gender,Female,1.23338804236016,1.19751303059568,1.26926305412464,1
2015,40,55000,gender,Male,1.17908691544566,1.14096176265633,1.21721206823499,1
2015,40,75000,all,All,1.02934747258029,1.00474377605122,1.05395116910936,1
2015,40,75000,gender,Female,1.07154326011108,1.04692467389155,1.09616184633061,1
2015,40,75000,gender,Male,0.992246286774332,0.964585985866178,1.01990658768249,1
2015,41,05350,all,All,1.0397701380253,1.02102761108193,1.05851266496866,1
2015,41,05350,gender,Female,1.09601451289643,1.076252354607,1.11577667118585,1
2015,41,05350,gender,Male,0.990094998291439,0.969101949602193,1.01108804698069,1
2015,41,05800,all,All,1.05868953000118,1.01787742257712,1.09950163742524,1
2015,41,05800,gender,Female,1.1146388001196,1.07181180209204,1.15746579814717,1
2015,41,05800,gender,Male,1.00388945634287,0.957966215758155,1.04981269692758,1
2015,41,23850,all,All,1.10153814374148,1.02698326720655,1.17609302027641,1
2015,41,23850,gender,Female,1.10935166577055,1.03434032609232,1.18436300544878,1
2015,41,23850,gender,Male,1.10051628166814,1.01920435497413,1.18182820836215,1
2015,41,31250,all,All,1.23101107013973,1.19616770946549,1.26585443081397,1
2015,41,31250,gender,Female,1.33839596957212,1.30172475144714,1.37506718769711,1
2015,41,31250,gender,Male,1.12530082336343,1.08619097104534,1.16441067568152,1
2015,41,34100,all,All,1.1157899454775,1.08926550052414,1.14231439043086,1
2015,41,34100,gender,Female,1.19398049880473,1.16586266543038,1.22209833217907,1
2015,41,34100,gender,Male,1.03912808989049,1.00956896709759,1.0686872126834,1
2015,41,47000,all,All,1.16234605842453,1.12926150787162,1.19543060897744,1
2015,41,47000,gender,Female,1.22995196648287,1.19531052900552,1.26459340396023,1
2015,41,47000,gender,Male,1.09805616904579,1.06074211745201,1.13537022063956,1
2015,41,59000,all,All,1.23056371677741,1.18175174409947,1.27937568945535,1
2015,41,59000,gender,Female,1.25121532595474,1.2000894792515,1.30234117265798,1
2015,41,59000,gender,Male,1.20581581998316,1.14715664608608,1.26447499388025,1
2015,41,64900,all,All,1.23731321153036,1.21832309258968,1.25630333047105,1
2015,41,64900,gender,Female,1.30728126606005,1.2871399825355,1.32742254958461,1
2015,41,64900,gender,Male,1.17235880026543,1.15120618467576,1.1935114158551,1
2015,42,02000,all,All,0.92805095735554,0.887857887235239,0.96824402747584,1
2015,42,02000,gender,Female,0.961802782900959,0.917797232514737,1.00580833328718,1
2015,42,02000,gender,Male,0.892080077313105,0.848534951556512,0.935625203069698,1
2015,42,06088,all,All,1.00829382049025,0.979075238190579,1.03751240278993,1
2015,42,06088,gender,Female,1.08661134156538,1.05559100963686,1.1176316734939,1
2015,42,06088,gender,Male,0.933979437529721,0.901448149679066,0.966510725380375,1
2015,42,24000,all,All,0.957412587212806,0.913941842743493,1.00088333168212,1
2015,42,24000,gender,Female,1.02933149273179,0.984083581699728,1.07457940376386,1
2015,42,24000,gender,Male,0.889361343139187,0.840065565902087,0.938657120376286,1
2015,42,60000,all,All,1.00869792124652,1.00020754551785,1.01718829697519,1
2015,42,60000,gender,Female,1.03788354873149,1.02893745008025,1.04682964738273,1
2015,42,60000,gender,Male,0.983833896334292,0.974314856430169,0.993352936238415,1
2015,42,61000,all,All,0.922344619537373,0.875758581986331,0.968930657088415,1
2015,42,61000,gender,Female,0.991493157431905,0.942525150940864,1.04046116392295,1
2015,42,61000,gender,Male,0.854635950858695,0.802325767973805,0.906946133743584,1
2015,42,63624,all,All,0.767664579663126,0.720119368105663,0.815209791220588,1
2015,42,63624,gender,Female,0.816782381874574,0.767013627714305,0.866551136034844,1
2015,42,63624,gender,Male,0.722409548370925,0.668761983117776,0.776057113624074,1
2015,42,69000,all,All,0.965090512507233,0.926107273389146,1.00407375162532,1
2015,42,69000,gender,Female,1.03234955925251,0.992189448877536,1.07250966962748,1
2015,42,69000,gender,Male,0.919120211037806,0.87442664793386,0.963813774141752,1
2015,44,19180,all,All,0.972875117406238,0.9352945960401,1.01045563877238,1
2015,44,19180,gender,Female,1.03575704977533,0.99514743693687,1.07636666261378,1
2015,44,19180,gender,Male,0.918869080843898,0.877703632581338,0.960034529106457,1
2015,44,54640,all,All,0.905023405368071,0.862993614638235,0.947053196097908,1
2015,44,54640,gender,Female,0.879468057703437,0.83483194860066,0.924104166806214,1
2015,44,54640,gender,Male,0.915681218624916,0.868908207645947,0.962454229603885,1
2015,44,59000,all,All,0.878241493478041,0.852715189482854,0.903767797473228,1
2015,44,59000,gender,Female,0.900346345532286,0.872797906081345,0.927894784983227,1
2015,44,59000,gender,Male,0.85302111759826,0.825025078655478,0.881017156541042,1
2015,44,74300,all,All,0.859388010510718,0.818592082332985,0.90018393868845,1
2015,44,74300,gender,Female,0.952133099639935,0.907111333998074,0.997154865281796,1
2015,44,74300,gender,Male,0.789731709919856,0.745823131880498,0.833640287959214,1
2015,45,13330,all,All,1.12200901489672,1.10465439045295,1.13936363934048,1
2015,45,13330,gender,Female,1.19644851130524,1.17801063078416,1.21488639182632,1
2015,45,13330,gender,Male,1.06020197215503,1.04090152693353,1.07950241737653,1
2015,45,16000,all,All,0.979550347961318,0.956189665670357,1.00291103025228,1
2015,45,16000,gender,Female,0.998565763845234,0.97402474280941,1.02310678488106,1
2015,45,16000,gender,Male,0.949575854757429,0.923319427172496,0.975832282342363,1
2015,45,48535,all,All,,,,
2015,45,48535,gender,Female,,,,
2015,45,48535,gender,Male,,,,
2015,45,50875,all,All,,,,
2015,45,50875,gender,Female,,,,
2015,45,50875,gender,Male,,,,
2015,46,59020,all,All,1.15078655223746,1.125427643765,1.17614546070992,1
2015,46,59020,gender,Female,1.22553526234704,1.19845366983553,1.25261685485855,1
2015,46,59020,gender,Male,1.08311627962883,1.05501922075852,1.11121333849914,1
2015,47,14000,all,All,1.20437239380512,1.1813074237124,1.22743736389785,1
2015,47,14000,gender,Female,1.19368543193005,1.16920492080574,1.21816594305437,1
2015,47,14000,gender,Male,1.21359014276428,1.18791558871054,1.23926469681802,1
2015,47,15160,all,All,1.19763725585959,1.1705877681222,1.22468674359699,1
2015,47,15160,gender,Female,1.24172857775514,1.21362144775485,1.26983570775543,1
2015,47,15160,gender,Male,1.14694022862062,1.11620524006252,1.17767521717873,1
2015,47,27740,all,All,1.20566301936133,1.17335976381448,1.23796627490818,1
2015,47,27740,gender,Female,1.21133431621638,1.17766180471723,1.24500682771553,1
2015,47,27740,gender,Male,1.1987178906012,1.16212123273354,1.23531454846885,1
2015,47,40000,all,All,1.22044429685981,1.20039997968387,1.24048861403574,1
2015,47,40000,gender,Female,1.24099862640814,1.21995247746902,1.26204477534725,1
2015,47,40000,gender,Male,1.19518112123117,1.17263528406344,1.2177269583989,1
2015,47,48000,all,All,1.22278028088254,1.20891062683108,1.236649934934,1
2015,47,48000,gender,Female,1.19657108484416,1.18198500548669,1.21115716420163,1
2015,47,48000,gender,Male,1.24663833463008,1.23106449299605,1.26221217626412,1
2015,47,51560,all,All,1.10529694201566,1.07256607668995,1.13802780734137,1
2015,47,51560,gender,Female,1.1281775618114,1.09330860387692,1.16304651974588,1
2015,47,51560,gender,Male,1.0809785491191,1.04467152755296,1.11728557068524,1
2015,47,52006,all,All,1.11051267929107,1.09317068923917,1.12785466934298,1
2015,47,52006,gender,Female,1.15968070439176,1.14162368631799,1.17773772246552,1
2015,47,52006,gender,Male,1.06081168952202,1.04114736732935,1.08047601171468,1
2015,48,01000,all,All,0.949698224169666,0.885200562356328,1.014195885983,1
2015,48,01000,gender,Female,1.02466215897244,0.956779212664798,1.09254510528008,1
2015,48,01000,gender,Male,0.879358862196034,0.807007179549561,0.951710544842507,1
2015,48,01924,all,All,0.933755914958275,0.876723783605198,0.990788046311352,1
2015,48,01924,gender,Female,0.925380176960792,0.864765276946735,0.98599507697485,1
2015,48,01924,gender,Male,0.942452499895839,0.879048170640645,1.00585682915103,1
2015,48,03000,all,All,0.865220140302935,0.814813830183284,0.915626450422585,1
2015,48,03000,gender,Female,0.96105485946483,0.90727661774305,1.01483310118661,1
2015,48,03000,gender,Male,0.780668307341668,0.724853435837252,0.836483178846084,1
2015,48,04000,all,All,1.02689899279387,0.999911485919861,1.05388649966788,1
2015,48,04000,gender,Female,1.06931369499439,1.04093171975327,1.0976956702355,1
2015,48,04000,gender,Male,0.985899321325821,0.955596363282725,1.01620227936892,1
2015,48,05000,all,All,0.864751320662725,0.832959633083229,0.896543008242222,1
2015,48,05000,gender,Female,0.945129356580318,0.911497634707142,0.978761078453495,1
2015,48,05000,gender,Male,0.784621301675002,0.749143125536327,0.820099477813678,1
2015,48,06128,all,All,1.0069577633701,0.936659642746761,1.07725588399345,1
2015,48,06128,gender,Female,1.01413334192103,0.940954713203906,1.08731197063815,1
2015,48,06128,gender,Male,0.997096708663608,0.917554546221689,1.07663887110553,1
2015,48,07000,all,All,0.729651111239798,0.678637172893736,0.78066504958586,1
2015,48,07000,gender,Female,0.780230711232732,0.727030452247817,0.833430970217647,1
2015,48,07000,gender,Male,0.67309803660869,0.615340882765438,0.730855190451941,1
2015,48,10768,all,All,1.02221143799115,0.991900835940543,1.05252204004175,1
2015,48,10768,gender,Female,1.0247219726932,0.99307754153338,1.05636640385302,1
2015,48,10768,gender,Male,1.01713584562093,0.982857393851602,1.05141429739026,1
2015,48,10912,all,All,0.835131954806048,0.780274164317333,0.889989745294763,1
2015,48,10912,gender,Female,0.888499837894539,0.831544307002837,0.945455368786242,1
2015,48,10912,gender,Male,0.777531932151705,0.715120710376404,0.839943153927007,1
2015,48,13024,all,All,0.954812918698428,0.913743840935999,0.995881996460856,1
2015,48,13024,gender,Female,0.982391350535435,0.939479796794925,1.02530290427594,1
2015,48,13024,gender,Male,0.923725867289592,0.877317309250175,0.970134425329009,1
2015,48,13552,all,All,,,,
2015,48,13552,gender,Female,,,,
2015,48,13552,gender,Male,,,,
2015,48,15976,all,All,0.917121937222185,0.852073129380824,0.982170745063545,1
2015,48,15976,gender,Female,0.961261485649983,0.893773378070776,1.02874959322919,1
2015,48,15976,gender,Male,0.874674439878284,0.800639453943123,0.948709425813446,1
2015,48,16432,all,All,0.964606852324126,0.936064217001231,0.99314948764702,1
2015,48,16432,gender,Female,0.999265322140707,0.969200867125414,1.029329777156,1
2015,48,16432,gender,Male,0.935901065613356,0.903898666313717,0.967903464912995,1
2015,48,17000,all,All,0.94679461808039,0.889682905270354,1.00390633089043,1
2015,48,17000,gender,Female,1.01149142367351,0.951567068819258,1.07141577852776,1
2015,48,17000,gender,Male,0.884888757772927,0.820663256102863,0.94911425944299,1
2015,48,19000,all,All,0.898043606023071,0.878920089319185,0.917167122726956,1
2015,48,19000,gender,Female,0.958569029196497,0.938310263169593,0.978827795223401,1
2015,48,19000,gender,Male,0.836650573988405,0.81532524059971,0.8579759073771,1
2015,48,19972,all,All,0.922129729518237,0.881118767087294,0.963140691949181,1
2015,48,19972,gender,Female,1.00805241444626,0.964701994050671,1.05140283484185,1
2015,48,19972,gender,Male,0.84072236611511,0.794896488815939,0.88654824341428,1
2015,48,22660,all,All,0.705797627830202,0.667756171245916,0.743839084414487,1
2015,48,22660,gender,Female,0.765236908828943,0.725404213646317,0.80506960401157,1
2015,48,22660,gender,Male,0.648730191292103,0.605825387165262,0.691634995418945,1
2015,48,24000,all,All,0.979806866599624,0.944254748480084,1.01535898471916,1
2015,48,24000,gender,Female,1.01695828468645,0.979725783334395,1.0541907860385,1
2015,48,24000,gender,Male,0.94356570264373,0.90348186919069,0.98364953609677,1
2015,48,26232,all,All,0.987483495466688,0.958609221868127,1.01635776906525,1
2015,48,26232,gender,Female,0.993240333264601,0.962611634783268,1.02386903174593,1
2015,48,26232,gender,Male,0.981059000059081,0.948900754138523,1.01321724597964,1
2015,48,27000,all,All,0.845984249083204,0.813775569888717,0.87819292827769,1
2015,48,27000,gender,Female,0.892970378596903,0.858917135776109,0.927023621417698,1
2015,48,27000,gender,Male,0.803015308163224,0.767033553032755,0.838997063293692,1
2015,48,27684,all,All,0.920915418217828,0.890642829639527,0.951188006796128,1
2015,48,27684,gender,Female,0.972914441407617,0.941112213949662,1.00471666886557,1
2015,48,27684,gender,Male,0.87687478216851,0.842843852739361,0.910905711597658,1
2015,48,29000,all,All,0.800776154818612,0.772690455442925,0.828861854194299,1
2015,48,29000,gender,Female,0.841188328030969,0.81139671038358,0.870979945678359,1
2015,48,29000,gender,Male,0.765895080965681,0.734613975247106,0.797176186684256,1
2015,48,30464,all,All,1.001441171821,0.961904395601411,1.0409779480406,1
2015,48,30464,gender,Female,1.03681642372076,0.995074435145607,1.07855841229592,1
2015,48,30464,gender,Male,0.961159681203072,0.916921317349173,1.00539804505697,1
2015,48,35000,all,All,1.00388937511397,0.980142159620756,1.02763659060719,1
2015,48,35000,gender,Female,1.05003572888294,1.02496483054256,1.07510662722332,1
2015,48,35000,gender,Male,0.95846091839439,0.931893966754322,0.985027870034458,1
2015,48,37000,all,All,1.00873858953375,0.970953347144176,1.04652383192333,1
2015,48,37000,gender,Female,1.09440016441639,1.05470557922722,1.13409474960556,1
2015,48,37000,gender,Male,0.928039512504957,0.88556599190559,0.970513033104325,1
2015,48,39148,all,All,0.950833363399727,0.91613994567991,0.985526781119543,1
2015,48,39148,gender,Female,1.02999703979666,0.993471566408809,1.0665225131845,1
2015,48,39148,gender,Male,0.875811191686732,0.836895604816908,0.914726778556556,1
2015,48,41464,all,All,1.11741314273639,1.08109870296433,1.15372758250845,1
2015,48,41464,gender,Female,1.15704390757999,1.11843693614891,1.19565087901107,1
2015,48,41464,gender,Male,1.07564720752866,1.035285043454,1.11600937160331,1
2015,48,41980,all,All,0.923764090756118,0.889902667168837,0.957625514343399,1
2015,48,41980,gender,Female,1.01657368188341,0.980816485961169,1.05233087780565,1
2015,48,41980,gender,Male,0.834107173784043,0.796232555804423,0.871981791763663,1
2015,48,42508,all,All,,,,
2015,48,42508,gender,Female,,,,
2015,48,42508,gender,Male,,,,
2015,48,43888,all,All,1.09351780545896,1.00138615174149,1.18564945917644,1
2015,48,43888,gender,Female,1.13281482814604,1.03784169667265,1.22778795961944,1
2015,48,43888,gender,Male,1.06265576762821,0.957197960878182,1.16811357437825,1
2015,48,45000,all,All,1.00246939011941,0.948172424923715,1.0567663553151,1
2015,48,45000,gender,Female,1.09417967630557,1.03736064330594,1.15099870930521,1
2015,48,45000,gender,Male,0.907720746420421,0.846484946176422,0.96895654666442,1
2015,48,45384,all,All,0.894072806891116,0.851508583599104,0.936637030183127,1
2015,48,45384,gender,Female,1.01722572459728,0.97199995566337,1.06245149353119,1
2015,48,45384,gender,Male,0.783632263106965,0.736274660201504,0.830989866012425,1
2015,48,45744,all,All,1.02736320327177,0.986169229782645,1.06855717676089,1
2015,48,45744,gender,Female,1.04380710216542,1.00128103107801,1.08633317325283,1
2015,48,45744,gender,Male,0.996851840828641,0.949730051458111,1.04397363019917,1
2015,48,47892,all,All,0.848394807201622,0.814185957545924,0.882603656857319,1
2015,48,47892,gender,Female,0.883383242390517,0.847612845438795,0.919153639342238,1
2015,48,47892,gender,Male,0.804831284441516,0.766204123812103,0.843458445070929,1
2015,48,48072,all,All,0.981492594412561,0.927289964892522,1.0356952239326,1
2015,48,48072,gender,Female,1.07634841924518,1.01876823998783,1.13392859850254,1
2015,48,48072,gender,Male,0.893788426493003,0.833546748640226,0.954030104345781,1
2015,48,48768,all,All,1.06959267513819,1.01140896065261,1.12777638962377,1
2015,48,48768,gender,Female,1.0977866398779,1.03641018179733,1.15916309795848,1
2015,48,48768,gender,Male,1.04076059349916,0.975609231836439,1.10591195516188,1
2015,48,50820,all,All,0.961702019460285,0.906220209358932,1.01718382956164,1
2015,48,50820,gender,Female,0.981717228727066,0.923132460955302,1.04030199649883,1
2015,48,50820,gender,Male,0.944687639532733,0.882636490142169,1.0067387889233,1
2015,48,53388,all,All,0.935528475341559,0.897141359289978,0.97391559139314,1
2015,48,53388,gender,Female,1.01920443355815,0.978990144495673,1.05941872262062,1
2015,48,53388,gender,Male,0.843163411387452,0.799888421959874,0.88643840081503,1
2015,48,56000,all,All,1.07651644386501,1.04747385666541,1.10555903106461,1
2015,48,56000,gender,Female,1.10894351399424,1.07831506383035,1.13957196415813,1
2015,48,56000,gender,Male,1.04301351734374,1.01048979846703,1.07553723622045,1
2015,48,56348,all,All,1.08049105407816,1.03438689767382,1.12659521048249,1
2015,48,56348,gender,Female,1.01834711013208,0.968406503923599,1.06828771634055,1
2015,48,56348,gender,Male,1.14196340139217,1.09156454564739,1.19236225713696,1
2015,48,57200,all,All,0.850578037052029,0.806176212713017,0.894979861391041,1
2015,48,57200,gender,Female,0.943246730438558,0.897303493368147,0.989189967508969,1
2015,48,57200,gender,Male,0.73912722470079,0.688454699079532,0.789799750322048,1
2015,48,58016,all,All,0.926373696521871,0.897601374696777,0.955146018346965,1
2015,48,58016,gender,Female,0.978412904393159,0.947694958617195,1.00913085016912,1
2015,48,58016,gender,Male,0.879103364370838,0.847247957296607,0.910958771445069,1
2015,48,61796,all,All,0.903551793060695,0.868995103939625,0.938108482181764,1
2015,48,61796,gender,Female,1.00729386624179,0.970911958355567,1.04367577412801,1
2015,48,61796,gender,Male,0.804309051114028,0.765541837717984,0.843076264510072,1
2015,48,63500,all,All,0.973028101643089,0.942482307764734,1.00357389552144,1
2015,48,63500,gender,Female,1.02289588466123,0.99113439210332,1.05465737721913,1
2015,48,63500,gender,Male,0.923045507361704,0.888360559203898,0.95773045551951,1
2015,48,64472,all,All,0.976278503509761,0.910073426760204,1.04248358025932,1
2015,48,64472,gender,Female,1.02510429087151,0.955258154700951,1.09495042704206,1
2015,48,64472,gender,Male,0.913474344788747,0.839346066423608,0.987602623153886,1
2015,48,65000,all,All,0.976556784931935,0.940660063419013,1.01245350644486,1
2015,48,65000,gender,Female,1.0140819644517,0.97622797407883,1.05193595482458,1
2015,48,65000,gender,Male,0.940517166513131,0.900315596503225,0.980718736523037,1
2015,48,70808,all,All,0.992133663322179,0.966988007952148,1.01727931869221,1
2015,48,70808,gender,Female,1.02596423394262,0.999401187013371,1.05252728087186,1
2015,48,70808,gender,Male,0.955347518321343,0.927232479381604,0.983462557261083,1
2015,48,72176,all,All,0.887337054755147,0.814058270205036,0.960615839305257,1
2015,48,72176,gender,Female,1.00840868009603,0.932704464509467,1.0841128956826,1
2015,48,72176,gender,Male,0.738002241598154,0.65424070070377,0.821763782492539,1
2015,48,74144,all,All,1.13028605015837,1.07058360732895,1.1899884929878,1
2015,48,74144,gender,Female,1.21241584699794,1.1491128738826,1.27571882011328,1
2015,48,74144,gender,Male,1.04616139094713,0.979652197090158,1.11267058480411,1
2015,48,76000,all,All,0.936645098608376,0.84517934539643,1.02811085182032,1
2015,48,76000,gender,Female,1.04372983575327,0.957027347778424,1.13043232372812,1
2015,48,76000,gender,Male,0.856784779361977,0.758424005719824,0.955145553004129,1
2015,48,79000,all,All,0.841099777527301,0.773109697293028,0.909089857761574,1
2015,48,79000,gender,Female,0.918030232589852,0.846296431139247,0.989764034040457,1
2015,48,79000,gender,Male,0.766430737555595,0.690300830546205,0.842560644564985,1
2015,49,43660,all,All,,,,
2015,49,43660,gender,Female,,,,
2015,49,43660,gender,Male,,,,
2015,49,44320,all,All,,,,
2015,49,44320,gender,Female,,,,
2015,49,44320,gender,Male,,,,
2015,49,55980,all,All,1.15850917244257,1.1355937838315,1.18142456105364,1
2015,49,55980,gender,Female,1.17855875919624,1.15440430476065,1.20271321363183,1
2015,49,55980,gender,Male,1.13305630614374,1.1073798029503,1.15873280933718,1
2015,49,57300,all,All,,,,
2015,49,57300,gender,Female,,,,
2015,49,57300,gender,Male,,,,
2015,49,62470,all,All,1.0659248438582,1.03518056573566,1.09666912198075,1
2015,49,62470,gender,Female,1.12157103783806,1.08997325234765,1.15316882332848,1
2015,49,62470,gender,Male,1.01432886200201,0.978992580149242,1.04966514385478,1
2015,49,65330,all,All,1.20049872444179,1.1789958252138,1.22200162366979,1
2015,49,65330,gender,Female,1.22290205739566,1.20038553510244,1.24541857968889,1
2015,49,65330,gender,Male,1.1737285162821,1.14948180782481,1.19797522473939,1
2015,49,67000,all,All,1.11976592466828,1.1036305238839,1.13590132545266,1
2015,49,67000,gender,Female,1.16141463588469,1.14426286694095,1.17856640482843,1
2015,49,67000,gender,Male,1.07150375601418,1.05356810603301,1.08943940599535,1
2015,49,67440,all,All,1.20387986440493,1.18520088083584,1.22255884797402,1
2015,49,67440,gender,Female,1.25036945566306,1.22458256422471,1.2761563471014,1
2015,49,67440,gender,Male,1.17856220834428,1.15763955578895,1.19948486089962,1
2015,49,70850,all,All,,,,
2015,49,70850,gender,Female,,,,
2015,49,70850,gender,Male,,,,
2015,49,82950,all,All,1.28046893751924,1.26045455252842,1.30048332251006,1
2015,49,82950,gender,Female,1.34154551471641,1.32065415779153,1.36243687164128,1
2015,49,82950,gender,Male,1.21249491106887,1.18985638810313,1.23513343403461,1
2015,49,83470,all,All,,,,
2015,49,83470,gender,Female,,,,
2015,49,83470,gender,Male,,,,
2015,51,01000,all,All,0.950532098300197,0.918126419861884,0.982937776738511,1
2015,51,01000,gender,Female,0.967511414879771,0.932413118379286,1.00260971138026,1
2015,51,01000,gender,Male,0.942457507093864,0.907032691262798,0.97788232292493,1
2015,51,16000,all,All,0.954073844953214,0.935555124949924,0.972592564956505,1
2015,51,16000,gender,Female,1.02670519727396,1.00723523226806,1.04617516227987,1
2015,51,16000,gender,Male,0.886313881715739,0.865514082253549,0.907113681177928,1
2015,51,35000,all,All,1.09496640670477,1.06934768740187,1.12058512600767,1
2015,51,35000,gender,Female,1.12551391323827,1.09834220945932,1.15268561701722,1
2015,51,35000,gender,Male,1.06852153176497,1.03998541127489,1.09705765225505,1
2015,51,47672,all,All,0.781872129041188,0.740975842764235,0.822768415318141,1
2015,51,47672,gender,Female,0.888404341643563,0.844310341585324,0.932498341701803,1
2015,51,47672,gender,Male,0.690526425476292,0.645642424115732,0.735410426836851,1
2015,51,56000,all,All,0.992565829423675,0.970519341717918,1.01461231712943,1
2015,51,56000,gender,Female,1.01343929944046,0.990211135313103,1.03666746356781,1
2015,51,56000,gender,Male,0.970131582809794,0.945419662422806,0.994843503196783,1
2015,51,57000,all,All,0.944965616250487,0.923984047993712,0.965947184507261,1
2015,51,57000,gender,Female,0.975329859487986,0.953257029333012,0.997402689642959,1
2015,51,57000,gender,Male,0.9119271067377,0.888371050175136,0.935483163300265,1
2015,51,64000,all,All,0.741730415290026,0.711193824602009,0.772267005978044,1
2015,51,64000,gender,Female,0.769829408068992,0.737404557129563,0.802254259008421,1
2015,51,64000,gender,Male,0.719397022255049,0.685413875847839,0.753380168662259,1
2015,51,67000,all,All,0.538963844865456,0.513238609089222,0.564689080641689,1
2015,51,67000,gender,Female,0.592029252315101,0.565719466140324,0.618339038489878,1
2015,51,67000,gender,Male,0.476553774834912,0.446830844392106,0.506276705277718,1
2015,51,68000,all,All,0.905890259116339,0.874274111878325,0.937506406354354,1
2015,51,68000,gender,Female,0.917486534549052,0.883584366661387,0.951388702436717,1
2015,51,68000,gender,Male,0.889124548959609,0.854257813431841,0.923991284487376,1
2015,51,76432,all,All,0.910267499217637,0.87866968765965,0.941865310775623,1
2015,51,76432,gender,Female,0.932127629800734,0.898406514339894,0.965848745261573,1
2015,51,76432,gender,Male,0.894344072418508,0.859343836021403,0.929344308815613,1
2015,51,82000,all,All,0.993074980713856,0.979082910835069,1.00706705059264,1
2015,51,82000,gender,Female,1.02149734255029,1.0067533367715,1.03624134832908,1
2015,51,82000,gender,Male,0.966048314086546,0.950366926469958,0.981729701703133,1
2015,53,03180,all,All,1.04288199241089,0.951357105181511,1.13440687964028,1
2015,53,03180,gender,Female,1.15818412792914,1.06201200338329,1.25435625247499,1
2015,53,03180,gender,Male,0.963946585141068,0.86109304838516,1.06680012189698,1
2015,53,05210,all,All,1.39787763256101,1.31710371772741,1.47865154739461,1
2015,53,05210,gender,Female,1.31612066459238,1.23135749703646,1.4008838321483,1
2015,53,05210,gender,Male,1.42825812335249,1.33737028090959,1.5191459657954,1
2015,53,05280,all,All,1.47678130369452,1.32925875122155,1.62430385616749,1
2015,53,05280,gender,Female,1.29403334140214,1.13748354834145,1.45058313446284,1
2015,53,05280,gender,Male,1.68075641171225,1.51659816274974,1.84491466067476,1
2015,53,22640,all,All,1.42133023266576,1.33729077509513,1.50536969023639,1
2015,53,22640,gender,Female,1.34240758850368,1.25396688182911,1.43084829517825,1
2015,53,22640,gender,Male,1.50848172010361,1.41418291399529,1.60278052621192,1
2015,53,23515,all,All,1.05263457484912,0.975536845911097,1.12973230378714,1
2015,53,23515,gender,Female,0.981315812693044,0.89974180449156,1.06288982089453,1
2015,53,23515,gender,Male,1.11065591490571,1.02458309809417,1.19672873171726,1
2015,53,35275,all,All,1.1742231140472,1.07240372792937,1.27604250016504,1
2015,53,35275,gender,Female,1.08505925816685,0.97846724331989,1.19165127301381,1
2015,53,35275,gender,Male,1.28179190843962,1.16711336966243,1.39647044721681,1
2015,53,35415,all,All,1.37756286954632,1.31163027208051,1.44349546701214,1
2015,53,35415,gender,Female,1.2646558782713,1.19509284891882,1.33421890762377,1
2015,53,35415,gender,Male,1.49471039950953,1.42090419473183,1.56851660428722,1
2015,53,35940,all,All,,,,
2015,53,35940,gender,Female,,,,
2015,53,35940,gender,Male,,,,
2015,53,53545,all,All,1.51697559329259,1.43129962192924,1.60265156465595,1
2015,53,53545,gender,Female,1.45505996253543,1.36465843502738,1.54546149004348,1
2015,53,53545,gender,Male,1.53801042349453,1.44210867192469,1.63391217506437,1
2015,53,57745,all,All,1.23894963297846,1.14913539028214,1.32876387567479,1
2015,53,57745,gender,Female,1.22206493471533,1.12841250563179,1.31571736379887,1
2015,53,57745,gender,Male,1.26744446071373,1.16573884472517,1.36915007670229,1
2015,53,63000,all,All,1.20662041025833,1.15800919761693,1.25523162289973,1
2015,53,63000,gender,Female,1.07207697809284,1.02106684794192,1.12308710824377,1
2015,53,63000,gender,Male,1.3444560608862,1.28975611330302,1.39915600846937,1
2015,53,67000,all,All,1.11464511987015,1.02747447012676,1.20181576961355,1
2015,53,67000,gender,Female,1.02511109210158,0.932215549947075,1.11800663425609,1
2015,53,67000,gender,Male,1.1882484692469,1.09158631664541,1.28491062184839,1
2015,53,67167,all,All,,,,
2015,53,67167,gender,Female,,,,
2015,53,67167,gender,Male,,,,
2015,53,70000,all,All,1.32722373783515,1.24151199005865,1.41293548561165,1
2015,53,70000,gender,Female,1.28214838177996,1.19197240598493,1.372324357575,1
2015,53,70000,gender,Male,1.37249936368304,1.27624896200219,1.4687497653639,1
2015,53,74060,all,All,1.24360995521469,1.1742124303655,1.31300748006388,1
2015,53,74060,gender,Female,1.19401463858381,1.12074459397996,1.26728468318766,1
2015,53,74060,gender,Male,1.29416817025791,1.21653499021395,1.37180135030187,1
2015,53,80010,all,All,1.16612551333667,1.04919560259928,1.28305542407406,1
2015,53,80010,gender,Female,1.12170411071425,0.997671474127163,1.24573674730133,1
2015,53,80010,gender,Male,1.19507842535278,1.06490510760627,1.32525174309929,1
2015,55,02375,all,All,1.16588452014473,1.10926258965299,1.22250645063646,1
2015,55,02375,gender,Female,1.1941194906742,1.13463458628458,1.25360439506381,1
2015,55,02375,gender,Male,1.15849071993405,1.09484200325083,1.22213943661728,1
2015,55,31000,all,All,0.944901062046859,0.908448708929043,0.981353415164676,1
2015,55,31000,gender,Female,1.04903264214372,1.01073387250186,1.08733141178558,1
2015,55,31000,gender,Male,0.845598972758981,0.804587558989979,0.886610386527982,1
2015,55,39225,all,All,1.11582900265859,1.0872410635993,1.14441694171789,1
2015,55,39225,gender,Female,1.20983825227405,1.18273623180323,1.23694027274488,1
2015,55,39225,gender,Male,1.03646661164168,1.00797979244674,1.06495343083662,1
2015,55,48000,all,All,1.05842326302352,1.01441445487066,1.10243207117639,1
2015,55,48000,gender,Female,1.11378766359084,1.06733342452944,1.16024190265225,1
2015,55,48000,gender,Male,1.00575718424659,0.956514952571688,1.05499941592148,1
2015,55,53000,all,All,1.15053142553489,1.13378426807638,1.16727858299341,1
2015,55,53000,gender,Female,1.19438265366805,1.17923048267536,1.20953482466075,1
2015,55,53000,gender,Male,1.11732463477669,1.09816323391139,1.13648603564199,1
2015,55,66000,all,All,0.784122681498901,0.757506799015198,0.810738563982605,1
2015,55,66000,gender,Female,0.850228106441363,0.822855619653188,0.877600593229537,1
2015,55,66000,gender,Male,0.707564228934795,0.676973342716057,0.738155115153534,1
2014,01,03076,all,All,0.838932496734941,0.796463857556646,0.881401135913237,1
2014,01,03076,gender,Female,0.872001094618762,0.814989084527041,0.929013104710483,1
2014,01,03076,gender,Male,0.802608496902181,0.73735106102873,0.867865932775631,1
2014,01,07000,all,All,0.942623221994264,0.921894592377332,0.963351851611196,1
2014,01,07000,gender,Female,0.95717013817458,0.927381037998719,0.986959238350441,1
2014,01,07000,gender,Male,0.897057016300606,0.865867466966881,0.928246565634332,1
2014,01,35896,all,All,1.03587570713728,1.00496741749268,1.06678399678188,1
2014,01,35896,gender,Female,0.997913673382979,0.954298941814785,1.04152840495117,1
2014,01,35896,gender,Male,1.00751727739526,0.961315020126038,1.05371953466449,1
2014,01,37000,all,All,0.939334524285132,0.914085776279472,0.964583272290793,1
2014,01,37000,gender,Female,1.02293197019911,0.986528084035341,1.05933585636289,1
2014,01,37000,gender,Male,0.835332723206733,0.797746270817214,0.872919175596252,1
2014,01,50000,all,All,0.732990673686617,0.717938495647882,0.748042851725352,1
2014,01,50000,gender,Female,0.740535065181504,0.719276217605914,0.761793912757094,1
2014,01,50000,gender,Male,0.589754394186602,0.566854600499105,0.612654187874099,1
2014,01,51000,all,All,0.793794106722886,0.773522931264687,0.814065282181086,1
2014,01,51000,gender,Female,0.908041310049831,0.879021571311101,0.93706104878856,1
2014,01,51000,gender,Male,0.856025883231567,0.825483639025555,0.88656812743758,1
2014,01,77256,all,All,0.979647813187284,0.948812987135732,1.01048263923884,1
2014,01,77256,gender,Female,0.984501246316324,0.939898271464852,1.0291042211678,1
2014,01,77256,gender,Male,0.912764596267216,0.867081098714845,0.958448093819587,1
2014,02,03000,all,All,1.19742510986609,1.17977571364732,1.21507450608485,1
2014,02,03000,gender,Female,1.18097297901658,1.1627643439258,1.19918161410736,1
2014,02,03000,gender,Male,1.20999217397644,1.191002962643,1.22898138530987,1
2014,04,04720,all,All,1.23633682282807,1.19792011073921,1.27475353491694,1
2014,04,04720,gender,Female,1.25555411254599,1.21521730148369,1.29589092360829,1
2014,04,04720,gender,Male,1.2101916371611,1.16539979608161,1.25498347824059,1
2014,04,07940,all,All,1.16258850686409,1.11828103489791,1.20689597883027,1
2014,04,07940,gender,Female,1.19741841431347,1.1504996569034,1.24433717172355,1
2014,04,07940,gender,Male,1.10995362747116,1.05873207402832,1.16117518091399,1
2014,04,12000,all,All,1.1612308915662,1.14401825207712,1.17844353105527,1
2014,04,12000,gender,Female,1.1608249180423,1.14226822795566,1.17938160812894,1
2014,04,12000,gender,Male,1.16355215432813,1.14400547880605,1.18309882985022,1
2014,04,23620,all,All,1.10841858082017,1.07522515652939,1.14161200511095,1
2014,04,23620,gender,Female,1.12456505637499,1.08729090797701,1.16183920477296,1
2014,04,23620,gender,Male,1.09496764254037,1.05859625961259,1.13133902546814,1
2014,04,27400,all,All,1.08322910501873,1.06231881553976,1.1041393944977,1
2014,04,27400,gender,Female,1.10548333043487,1.08270821644573,1.128258444424,1
2014,04,27400,gender,Male,1.0582500752885,1.03471832607317,1.08178182450383,1
2014,04,27820,all,All,1.20699708660409,1.18652868449984,1.22746548870833,1
2014,04,27820,gender,Female,1.19795291251001,1.17603328324375,1.21987254177627,1
2014,04,27820,gender,Male,1.20832879651134,1.18493395175435,1.23172364126832,1
2014,04,28380,all,All,,,,
2014,04,28380,gender,Female,,,,
2014,04,28380,gender,Male,,,,
2014,04,46000,all,All,1.0429056015356,1.02934295107249,1.0564682519987,1
2014,04,46000,gender,Female,1.06199362945402,1.04740474727054,1.07658251163749,1
2014,04,46000,gender,Male,1.02723109265935,1.01179651623342,1.04266566908527,1
2014,04,54050,all,All,,,,
2014,04,54050,gender,Female,,,,
2014,04,54050,gender,Male,,,,
2014,04,55000,all,All,1.1360562294711,1.10862125115742,1.16349120778478,1
2014,04,55000,gender,Female,1.15292208404703,1.12361233455976,1.18223183353429,1
2014,04,55000,gender,Male,1.11728946153881,1.08585942537863,1.14871949769898,1
2014,04,65000,all,All,1.03935889326279,0.993439229145542,1.08527855738003,1
2014,04,65000,gender,Female,1.03595530378664,0.985540568722673,1.08637003885061,1
2014,04,65000,gender,Male,1.0242103000663,0.972917883073129,1.07550271705946,1
2014,04,71510,all,All,1.0958246004025,1.07496433555093,1.11668486525407,1
2014,04,71510,gender,Female,1.05697711588618,1.03489635939077,1.0790578723816,1
2014,04,71510,gender,Male,1.13476551814511,1.11064642702344,1.15888460926678,1
2014,04,73000,all,All,1.07785967278106,1.05420496137271,1.1015143841894,1
2014,04,73000,gender,Female,1.09453087337646,1.06886397636356,1.12019777038936,1
2014,04,73000,gender,Male,1.06207751466839,1.03537461862151,1.08878041071528,1
2014,04,77000,all,All,1.11305581388286,1.08865846798218,1.13745315978355,1
2014,04,77000,gender,Female,1.12902985528974,1.10289910973188,1.15516060084761,1
2014,04,77000,gender,Male,1.09826884374913,1.07039421474736,1.12614347275089,1
2014,04,85540,all,All,1.1680992228366,1.13481664649201,1.20138179918118,1
2014,04,85540,gender,Female,1.17225244673458,1.13617128182257,1.20833361164658,1
2014,04,85540,gender,Male,1.16685360417399,1.12924833041231,1.20445887793568,1
2014,05,23290,all,All,1.10344780416278,1.06475954375466,1.14213606457091,1
2014,05,23290,gender,Female,1.13927951081282,1.09730990097382,1.18124912065182,1
2014,05,23290,gender,Male,1.0690072325898,1.02532410176343,1.11269036341616,1
2014,05,24550,all,All,1.14280619122904,1.11177779372826,1.17383458872982,1
2014,05,24550,gender,Female,1.12331573839244,1.090176153595,1.15645532318989,1
2014,05,24550,gender,Male,1.13952011491813,1.10395211588799,1.17508811394827,1
2014,05,35710,all,All,0.841562110554649,0.779410389658464,0.903713831450834,1
2014,05,35710,gender,Female,0.912704422640891,0.84463572403392,0.980773121247861,1
2014,05,35710,gender,Male,0.794997923534776,0.725483829019588,0.864512018049964,1
2014,05,41000,all,All,0.98974442036073,0.964551006141442,1.01493783458002,1
2014,05,41000,gender,Female,0.999307300203671,0.972218856486554,1.02639574392079,1
2014,05,41000,gender,Male,1.00346678781154,0.974105177448735,1.03282839817435,1
2014,05,66080,all,All,0.951584302768722,0.925294927727521,0.977873677809923,1
2014,05,66080,gender,Female,0.990343061116262,0.961869732392202,1.01881638984032,1
2014,05,66080,gender,Male,0.925583776237525,0.895855748527775,0.955311803947275,1
2014,06,00562,all,All,1.0287015573022,0.988320611112076,1.06908250349233,1
2014,06,00562,gender,Female,1.08200295714544,1.03836607211544,1.12563984217544,1
2014,06,00562,gender,Male,0.968216210981504,0.922457920019493,1.01397450194351,1
2014,06,00884,all,All,1.23953993365753,1.20683003741804,1.27224982989703,1
2014,06,00884,gender,Female,1.26794392574199,1.2326289637552,1.30325888772878,1
2014,06,00884,gender,Male,1.21125379388661,1.17415256174699,1.24835502602623,1
2014,06,02000,all,All,1.09695870350959,1.06559664362956,1.12832076338963,1
2014,06,02000,gender,Female,1.13235871855282,1.09857150270147,1.16614593440417,1
2014,06,02000,gender,Male,1.06740187337882,1.03179031172883,1.10301343502881,1
2014,06,02252,all,All,0.961343054259669,0.931772158531262,0.990913949988075,1
2014,06,02252,gender,Female,1.00748097387094,0.975142713955572,1.03981923378631,1
2014,06,02252,gender,Male,0.923005206502808,0.889861213478022,0.956149199527593,1
2014,06,02364,all,All,1.04129158271118,1.007285464945,1.07529770047737,1
2014,06,02364,gender,Female,1.11088043356181,1.07527127784436,1.14648958927926,1
2014,06,02364,gender,Male,0.958491438919381,0.918720970715835,0.998261907122926,1
2014,06,03526,all,All,1.09061640636929,1.05365532468598,1.1275774880526,1
2014,06,03526,gender,Female,1.13444565910812,1.09459663242873,1.1742946857875,1
2014,06,03526,gender,Male,1.04525416169076,1.00328998569467,1.08721833768686,1
2014,06,04982,all,All,1.17314192897094,1.13792015286008,1.2083637050818,1
2014,06,04982,gender,Female,1.22310909817185,1.18459483065977,1.26162336568394,1
2014,06,04982,gender,Male,1.11633844424109,1.07685296838993,1.15582392009224,1
2014,06,06000,all,All,1.02612316735822,0.982803237259944,1.06944309745649,1
2014,06,06000,gender,Female,1.06389949957521,1.01756181370486,1.11023718544556,1
2014,06,06000,gender,Male,0.978660942113796,0.929032553940292,1.0282893302873,1
2014,06,08786,all,All,0.972658755996612,0.930607711703663,1.01470980028956,1
2014,06,08786,gender,Female,1.02341250047944,0.978666822988078,1.06815817797079,1
2014,06,08786,gender,Male,0.912034116142079,0.863669878299571,0.960398353984586,1
2014,06,08954,all,All,1.03971115268451,1.00709329715994,1.07232900820908,1
2014,06,08954,gender,Female,1.06999967107003,1.03506176337719,1.10493757876287,1
2014,06,08954,gender,Male,1.01930818914492,0.982021577654784,1.05659480063505,1
2014,06,11194,all,All,1.04470912827499,1.00673174423953,1.08268651231045,1
2014,06,11194,gender,Female,1.11530696406816,1.07463190888483,1.15598201925149,1
2014,06,11194,gender,Male,0.969815852822932,0.926415330509208,1.01321637513666,1
2014,06,11530,all,All,,,,
2014,06,11530,gender,Female,,,,
2014,06,11530,gender,Male,,,,
2014,06,13014,all,All,1.27609896795961,1.24171013009898,1.31048780582024,1
2014,06,13014,gender,Female,1.3442357130397,1.30629327386146,1.38217815221793,1
2014,06,13014,gender,Male,1.20968001242134,1.17143744962044,1.24792257522223,1
2014,06,13210,all,All,1.10007487153261,1.0770605167039,1.12308922636133,1
2014,06,13210,gender,Female,1.14196154970915,1.11728144783792,1.16664165158038,1
2014,06,13210,gender,Male,1.06281257892264,1.03654420652105,1.08908095132424,1
2014,06,13214,all,All,,,,
2014,06,13214,gender,Female,,,,
2014,06,13214,gender,Male,,,,
2014,06,13392,all,All,0.969362749890126,0.952416701357072,0.986308798423179,1
2014,06,13392,gender,Female,1.04238201867417,1.02443514852774,1.0603288888206,1
2014,06,13392,gender,Male,0.886421807572382,0.866837520354828,0.906006094789937,1
2014,06,13588,all,All,,,,
2014,06,13588,gender,Female,,,,
2014,06,13588,gender,Male,,,,
2014,06,14218,all,All,1.00765008738177,0.9874093421848,1.02789083257873,1
2014,06,14218,gender,Female,1.03023677822798,1.00856635968212,1.05190719677383,1
2014,06,14218,gender,Male,0.979440066619704,0.956299990574762,1.00258014266465,1
2014,06,15044,all,All,0.741179991611631,0.715907843238774,0.766452139984488,1
2014,06,15044,gender,Female,0.774815266270875,0.747762798587465,0.801867733954285,1
2014,06,15044,gender,Male,0.704014902944416,0.675109520640218,0.732920285248613,1
2014,06,16000,all,All,1.00879798726708,0.986670328997601,1.03092564553655,1
2014,06,16000,gender,Female,1.04684637534725,1.02268988376951,1.07100286692499,1
2014,06,16000,gender,Male,0.970061331000176,0.945219225751667,0.994903436248684,1
2014,06,16350,all,All,,,,
2014,06,16350,gender,Female,,,,
2014,06,16350,gender,Male,,,,
2014,06,16532,all,All,0.992009229773563,0.964531399718053,1.01948705982907,1
2014,06,16532,gender,Female,1.02016188025029,0.98984613178734,1.05047762871324,1
2014,06,16532,gender,Male,0.974437144514628,0.943875028904311,1.00499926012495,1
2014,06,17918,all,All,1.07620395701344,1.02707978563271,1.12532812839416,1
2014,06,17918,gender,Female,1.09675292733266,1.04411610373995,1.14938975092537,1
2014,06,17918,gender,Male,1.03571009886258,0.989357989370637,1.08206220835451,1
2014,06,19766,all,All,1.03635060712475,1.00960233988617,1.06309887436332,1
2014,06,19766,gender,Female,1.12971932794242,1.10082533504802,1.15861332083683,1
2014,06,19766,gender,Male,0.937773279389856,0.90745469235014,0.968091866429573,1
2014,06,21712,all,All,1.21981817254909,1.1906162909781,1.24902005412009,1
2014,06,21712,gender,Female,1.30726706936738,1.27960542252032,1.33492871621444,1
2014,06,21712,gender,Male,1.13628916868374,1.10771776994213,1.16486056742535,1
2014,06,22020,all,All,1.01895892816808,1.00288628513534,1.03503157120083,1
2014,06,22020,gender,Female,1.08384708188884,1.06631813424708,1.1013760295306,1
2014,06,22020,gender,Male,0.959558246284566,0.941500423952139,0.977616068616994,1
2014,06,22230,all,All,1.23632375708126,1.20044447323178,1.27220304093075,1
2014,06,22230,gender,Female,1.29236376887768,1.2538179494428,1.33090958831256,1
2014,06,22230,gender,Male,1.18122707997382,1.14035644281135,1.22209771713628,1
2014,06,22804,all,All,1.14384465150091,1.11735020020364,1.17033910279817,1
2014,06,22804,gender,Female,1.20501994091116,1.17647676767761,1.23356311414471,1
2014,06,22804,gender,Male,1.0831558268253,1.05303738146996,1.11327427218065,1
2014,06,23182,all,All,1.08380476785609,1.05022169632493,1.11738783938726,1
2014,06,23182,gender,Female,1.16333203106119,1.12700290741878,1.19966115470361,1
2014,06,23182,gender,Male,1.00682396110821,0.968813655283021,1.04483426693339,1
2014,06,24638,all,All,1.14610478102672,1.1171638660881,1.17504569596533,1
2014,06,24638,gender,Female,1.20521076647238,1.17405837835378,1.23636315459097,1
2014,06,24638,gender,Male,1.08413210826574,1.05121521996156,1.11704899656993,1
2014,06,24680,all,All,0.986724461699995,0.966190015334807,1.00725890806518,1
2014,06,24680,gender,Female,1.06002647941124,1.03780998661421,1.08224297220827,1
2014,06,24680,gender,Male,0.903867835210189,0.880623904280198,0.927111766140181,1
2014,06,26000,all,All,1.08611663992341,1.06340323487898,1.10883004496784,1
2014,06,26000,gender,Female,1.13528438221315,1.11084204632229,1.15972671810402,1
2014,06,26000,gender,Male,1.04974301836533,1.02390496274262,1.07558107398804,1
2014,06,27000,all,All,1.05312164438871,1.0287605196251,1.07748276915232,1
2014,06,27000,gender,Female,1.09751289963842,1.07280734845535,1.12221845082149,1
2014,06,27000,gender,Male,1.00498940660157,0.979370594802418,1.03060821840072,1
2014,06,28000,all,All,1.12075730776333,1.09227313114201,1.14924148438465,1
2014,06,28000,gender,Female,1.17622538830019,1.14568727062019,1.20676350598018,1
2014,06,28000,gender,Male,1.05868940517768,1.02617004197175,1.09120876838361,1
2014,06,29000,all,All,1.29716809804659,1.27878474878618,1.31555144730699,1
2014,06,29000,gender,Female,1.34311223321925,1.32342564313927,1.36279882329924,1
2014,06,29000,gender,Male,1.24731770726812,1.22630717086779,1.26832824366845,1
2014,06,30000,all,All,1.05733724538088,1.03116220399653,1.08351228676524,1
2014,06,30000,gender,Female,1.11506514999353,1.08676398096495,1.14336631902212,1
2014,06,30000,gender,Male,1.00455001993529,0.974906746615071,1.03419329325551,1
2014,06,32548,all,All,1.01437412372481,0.971628837643133,1.05711940980649,1
2014,06,32548,gender,Female,1.06243774861087,1.01554144614369,1.10933405107805,1
2014,06,32548,gender,Male,0.964426325976191,0.916669857045035,1.01218279490735,1
2014,06,33000,all,All,1.23281556806183,1.20532299661848,1.26030813950518,1
2014,06,33000,gender,Female,1.29335374090763,1.26334659513484,1.32336088668042,1
2014,06,33000,gender,Male,1.17601073121197,1.14513577933179,1.20688568309215,1
2014,06,33182,all,All,0.968101250814539,0.940676061099007,0.995526440530071,1
2014,06,33182,gender,Female,1.02010734824494,0.991060797184576,1.0491538993053,1
2014,06,33182,gender,Male,0.915626809376747,0.88393533071133,0.947318288042164,1
2014,06,33434,all,All,0.945885284399295,0.919310048314685,0.972460520483906,1
2014,06,33434,gender,Female,1.03204735346675,1.00363657364017,1.06045813329333,1
2014,06,33434,gender,Male,0.858961363585521,0.828535363061587,0.889387364109454,1
2014,06,36000,all,All,1.16321959969574,1.12680669270149,1.19963250668999,1
2014,06,36000,gender,Female,1.22785916185941,1.18801164597409,1.26770667774474,1
2014,06,36000,gender,Male,1.10387127209053,1.06306979218362,1.14467275199745,1
2014,06,36448,all,All,,,,
2014,06,36448,gender,Female,,,,
2014,06,36448,gender,Male,,,,
2014,06,36546,all,All,0.81830476003838,0.786563600920922,0.850045919155838,1
2014,06,36546,gender,Female,0.848252479329841,0.814731763626011,0.881773195033671,1
2014,06,36546,gender,Male,0.769559261523272,0.73276681065671,0.806351712389834,1
2014,06,36770,all,All,1.10546860096076,1.08192242921586,1.12901477270566,1
2014,06,36770,gender,Female,1.11375260225627,1.08854220146814,1.13896300304441,1
2014,06,36770,gender,Male,1.07971600295498,1.05279728516534,1.10663472074461,1
2014,06,37692,all,All,0.902509094940481,0.874133864615114,0.930884325265848,1
2014,06,37692,gender,Female,0.983913545866074,0.954045718633492,1.01378137309866,1
2014,06,37692,gender,Male,0.809626719036303,0.776628674445971,0.842624763626635,1
2014,06,39496,all,All,,,,
2014,06,39496,gender,Female,,,,
2014,06,39496,gender,Male,,,,
2014,06,39892,all,All,,,,
2014,06,39892,gender,Female,,,,
2014,06,39892,gender,Male,,,,
2014,06,40130,all,All,1.18193095797367,1.14833571809084,1.21552619785651,1
2014,06,40130,gender,Female,1.2151277232466,1.17914752048073,1.25110792601247,1
2014,06,40130,gender,Male,1.15515603015519,1.11672711065525,1.19358494965514,1
2014,06,41992,all,All,1.07217800904962,1.03797013915047,1.10638587894877,1
2014,06,41992,gender,Female,1.16539247867859,1.12796242439614,1.20282253296104,1
2014,06,41992,gender,Male,0.989331534944852,0.951011867923352,1.02765120196635,1
2014,06,43000,all,All,1.078729767632,1.06446973903754,1.09298979622645,1
2014,06,43000,gender,Female,1.12823171380143,1.11302993532724,1.14343349227562,1
2014,06,43000,gender,Male,1.02739375292588,1.01102230017728,1.04376520567449,1
2014,06,44000,all,All,1.01396743553228,1.00890161489543,1.01903325616912,1
2014,06,44000,gender,Female,1.06715556587633,1.06173737279898,1.07257375895367,1
2014,06,44000,gender,Male,0.959003489811978,0.953206443493953,0.964800536130003,1
2014,06,45484,all,All,1.15728160873983,1.13128434188207,1.18327887559759,1
2014,06,45484,gender,Female,1.19861890497945,1.17021547184079,1.22702233811811,1
2014,06,45484,gender,Male,1.12453167171401,1.09537034681978,1.15369299660825,1
2014,06,46842,all,All,1.00269857763487,0.969765354026006,1.03563180124372,1
2014,06,46842,gender,Female,1.06306701154268,1.02758903016365,1.0985449929217,1
2014,06,46842,gender,Male,0.947786604963255,0.910344135351711,0.9852290745748,1
2014,06,46898,all,All,1.02060984970226,0.977548931446005,1.06367076795852,1
2014,06,46898,gender,Female,1.06129765761419,1.01439538320094,1.10819993202744,1
2014,06,46898,gender,Male,0.967911639736392,0.919481873299608,1.01634140617318,1
2014,06,47766,all,All,1.23916758927086,1.1984099537093,1.27992522483243,1
2014,06,47766,gender,Female,1.25950921197864,1.21490831667178,1.30411010728551,1
2014,06,47766,gender,Male,1.21842907790949,1.17277432979046,1.26408382602852,1
2014,06,48256,all,All,1.01580895419653,0.992199295601764,1.03941861279129,1
2014,06,48256,gender,Female,1.10245496686116,1.07680135605806,1.12810857766426,1
2014,06,48256,gender,Male,0.938473210387704,0.911856952135103,0.965089468640305,1
2014,06,48354,all,All,1.06345863697192,1.02521565790482,1.10170161603902,1
2014,06,48354,gender,Female,1.11752052823533,1.07607749155492,1.15896356491573,1
2014,06,48354,gender,Male,1.01394265632927,0.970725852334917,1.05715946032362,1
2014,06,49270,all,All,1.03057649171606,1.00941040630227,1.05174257712984,1
2014,06,49270,gender,Female,1.08099813309178,1.05853448126766,1.1034617849159,1
2014,06,49270,gender,Male,0.980961331014933,0.956553625991242,1.00536903603863,1
2014,06,49670,all,All,1.15086108121074,1.10068334050307,1.2010388219184,1
2014,06,49670,gender,Female,1.13750078400723,1.08317371196368,1.19182785605078,1
2014,06,49670,gender,Male,1.16259196355133,1.10583571576619,1.21934821133647,1
2014,06,50076,all,All,1.02029215882087,0.99367574743577,1.04690857020597,1
2014,06,50076,gender,Female,1.1044942020551,1.07538926950422,1.13359913460599,1
2014,06,50076,gender,Male,0.937773349538865,0.907940662213429,0.967606036864301,1
2014,06,50258,all,All,1.11932803649209,1.08940725970611,1.14924881327807,1
2014,06,50258,gender,Female,1.18090716801294,1.14887854185759,1.21293579416829,1
2014,06,50258,gender,Male,1.05109711896268,1.01687772095211,1.08531651697324,1
2014,06,51182,all,All,,,,
2014,06,51182,gender,Female,,,,
2014,06,51182,gender,Male,,,,
2014,06,52526,all,All,1.00201770215206,0.973571442667243,1.03046396163688,1
2014,06,52526,gender,Female,1.02281116934931,0.992013307371622,1.05360903132699,1
2014,06,52526,gender,Male,0.982033956027527,0.949858094568487,1.01420981748657,1
2014,06,53000,all,All,0.935205171912119,0.917043163567623,0.953367180256615,1
2014,06,53000,gender,Female,1.02391631558091,1.00432018461204,1.04351244654978,1
2014,06,53000,gender,Male,0.843229077452573,0.822616743501897,0.863841411403248,1
2014,06,53322,all,All,1.16463477140733,1.1367542050771,1.19251533773755,1
2014,06,53322,gender,Female,1.23546311161563,1.20547332421335,1.26545289901791,1
2014,06,53322,gender,Male,1.09710442624935,1.06535797538294,1.12885087711575,1
2014,06,53896,all,All,1.17501877672736,1.1480240808118,1.20201347264293,1
2014,06,53896,gender,Female,1.22152352084654,1.1925225073897,1.25052453430337,1
2014,06,53896,gender,Male,1.13190005724882,1.10114481480399,1.16265529969365,1
2014,06,53980,all,All,1.19636432132213,1.17303282061596,1.21969582202831,1
2014,06,53980,gender,Female,1.23258364569781,1.20757249257747,1.25759479881815,1
2014,06,53980,gender,Male,1.15993985228777,1.13329954705243,1.18658015752312,1
2014,06,54652,all,All,1.08403582852894,1.04824703473043,1.11982462232745,1
2014,06,54652,gender,Female,1.14043765833673,1.10178117099064,1.17909414568281,1
2014,06,54652,gender,Male,1.03203377689817,0.991465075286893,1.07260247850944,1
2014,06,55156,all,All,1.20811589318278,1.18012770784144,1.23610407852412,1
2014,06,55156,gender,Female,1.26287231969051,1.23203217303816,1.29371246634287,1
2014,06,55156,gender,Male,1.15945168767828,1.12827312655275,1.19063024880382,1
2014,06,56000,all,All,0.826760281894033,0.798184141898021,0.855336421890045,1
2014,06,56000,gender,Female,0.844982624755012,0.814335773198463,0.875629476311561,1
2014,06,56000,gender,Male,0.801685446452778,0.76906787182081,0.834303021084746,1
2014,06,56700,all,All,1.05686241458789,1.02485869055361,1.08886613862217,1
2014,06,56700,gender,Female,1.11911197924467,1.08405899308906,1.15416496540027,1
2014,06,56700,gender,Male,0.990670756905009,0.954855746760561,1.02648576704946,1
2014,06,57456,all,All,1.08387154563154,1.04422367666614,1.12351941459694,1
2014,06,57456,gender,Female,1.13356592149056,1.09103531480977,1.17609652817134,1
2014,06,57456,gender,Male,1.05197285107227,1.00672881345762,1.09721688868693,1
2014,06,57792,all,All,1.19256884483829,1.15985890879514,1.22527878088144,1
2014,06,57792,gender,Female,1.2249056911784,1.18930956661662,1.26050181574017,1
2014,06,57792,gender,Male,1.15725416442948,1.12039861345916,1.1941097153998,1
2014,06,58072,all,All,1.11114176736121,1.08717005974889,1.13511347497353,1
2014,06,58072,gender,Female,1.20510728551388,1.17938581710482,1.23082875392293,1
2014,06,58072,gender,Male,1.00363395680931,0.976281791953842,1.03098612166478,1
2014,06,59444,all,All,1.14610478102672,1.1171638660881,1.17504569596533,1
2014,06,59444,gender,Female,1.20521076647238,1.17405837835378,1.23636315459097,1
2014,06,59444,gender,Male,1.08413210826574,1.05121521996156,1.11704899656993,1
2014,06,59451,all,All,1.06513629652951,1.01010434874687,1.12016824431216,1
2014,06,59451,gender,Female,1.11055933218683,1.05017004955567,1.17094861481799,1
2014,06,59451,gender,Male,1.01877721210151,0.957228320023696,1.08032610417931,1
2014,06,59920,all,All,1.07932076153899,1.00807521336051,1.15056630971748,1
2014,06,59920,gender,Female,1.15492613066419,1.07895002427021,1.23090223705816,1
2014,06,59920,gender,Male,0.994021656293821,0.912330610472479,1.07571270211516,1
2014,06,60102,all,All,1.15368851681703,1.11732781864933,1.19004921498473,1
2014,06,60102,gender,Female,1.25140731386979,1.21178742496453,1.29102720277504,1
2014,06,60102,gender,Male,1.06837660784732,1.02748948000734,1.10926373568731,1
2014,06,60466,all,All,0.888818516997958,0.86411621248199,0.913520821513926,1
2014,06,60466,gender,Female,0.925271995979194,0.898490260104569,0.952053731853818,1
2014,06,60466,gender,Male,0.83693848490837,0.809032283514887,0.864844686301853,1
2014,06,60620,all,All,1.01489596748839,0.991887662834129,1.03790427214266,1
2014,06,60620,gender,Female,1.05554853794907,1.03123243993762,1.07986463596052,1
2014,06,60620,gender,Male,0.972484627305926,0.945837726891862,0.99913152771999,1
2014,06,62000,all,All,1.05534022498141,1.03234697997396,1.07833346998885,1
2014,06,62000,gender,Female,1.11651275914563,1.09177735486029,1.14124816343097,1
2014,06,62000,gender,Male,0.983517005565115,0.957350116506139,1.00968389462409,1
2014,06,62938,all,All,1.03563618939332,1.00013863518703,1.07113374359961,1
2014,06,62938,gender,Female,1.07649390463593,1.03834592887486,1.114641880397,1
2014,06,62938,gender,Male,0.99120780604198,0.950776408898347,1.03163920318561,1
2014,06,64000,all,All,1.08970542364434,1.06295712975917,1.11645371752951,1
2014,06,64000,gender,Female,1.13194680704215,1.10375075231818,1.16014286176612,1
2014,06,64000,gender,Male,1.04799405916329,1.01694169403295,1.07904642429362,1
2014,06,64224,all,All,1.24685660332676,1.20537908821566,1.28833411843786,1
2014,06,64224,gender,Female,1.31113554288076,1.26726341800635,1.35500766775517,1
2014,06,64224,gender,Male,1.17452223034016,1.12652317864081,1.22252128203952,1
2014,06,65000,all,All,1.20277095051738,1.18531249326885,1.22022940776591,1
2014,06,65000,gender,Female,1.27362289390346,1.25495867214183,1.29228711566509,1
2014,06,65000,gender,Male,1.12526767143161,1.10527744699766,1.14525789586555,1
2014,06,65042,all,All,1.15278733042541,1.12319842378717,1.18237623706364,1
2014,06,65042,gender,Female,1.19550867906377,1.16386504687736,1.22715231125017,1
2014,06,65042,gender,Male,1.10653864204437,1.07267564693519,1.14040163715354,1
2014,06,66000,all,All,1.04666880274351,1.0302111112884,1.06312649419862,1
2014,06,66000,gender,Female,1.10366133887214,1.08592452735285,1.12139815039143,1
2014,06,66000,gender,Male,0.995132787860133,0.976437408349313,1.01382816737095,1
2014,06,67000,all,All,1.0850746679658,1.06713979139119,1.10300954454042,1
2014,06,67000,gender,Female,1.16383827468195,1.14476355467319,1.18291299469071,1
2014,06,67000,gender,Male,0.999474191854964,0.978828159293083,1.02012022441685,1
2014,06,68000,all,All,1.09509693972427,1.06134518085546,1.12884869859307,1
2014,06,68000,gender,Female,1.13147287612254,1.09476457143979,1.16818118080529,1
2014,06,68000,gender,Male,1.05510807296551,1.01676407016725,1.09345207576376,1
2014,06,68084,all,All,0.951564591850278,0.907800795316526,0.99532838838403,1
2014,06,68084,gender,Female,0.984387095199935,0.937118932554284,1.03165525784559,1
2014,06,68084,gender,Male,0.916618479604579,0.867001363941443,0.966235595267714,1
2014,06,68196,all,All,1.01395580780254,0.985494324946909,1.04241729065817,1
2014,06,68196,gender,Female,1.04486314303233,1.01417169180314,1.07555459426151,1
2014,06,68196,gender,Male,0.982630948851928,0.950317863123234,1.01494403458062,1
2014,06,68252,all,All,,,,
2014,06,68252,gender,Female,,,,
2014,06,68252,gender,Male,,,,
2014,06,68378,all,All,,,,
2014,06,68378,gender,Female,,,,
2014,06,68378,gender,Male,,,,
2014,06,69000,all,All,1.0683960948979,1.05162999048848,1.08516219930731,1
2014,06,69000,gender,Female,1.16685261837376,1.14913321473038,1.18457202201713,1
2014,06,69000,gender,Male,0.966897472608977,0.947479437999931,0.986315507218023,1
2014,06,69070,all,All,1.24059056978268,1.17767535107227,1.30350578849309,1
2014,06,69070,gender,Female,1.28551590902185,1.22650417851064,1.34452763953305,1
2014,06,69070,gender,Male,1.20148906515006,1.13501015576492,1.26796797453521,1
2014,06,69084,all,All,0.952139299143816,0.918238516145614,0.986040082142017,1
2014,06,69084,gender,Female,1.02552039800319,0.988554000066269,1.06248679594011,1
2014,06,69084,gender,Male,0.877092186146905,0.838998638999939,0.915185733293871,1
2014,06,69088,all,All,1.00635748426089,0.980834333226543,1.03188063529524,1
2014,06,69088,gender,Female,1.03119423468867,1.00373734748976,1.05865112188758,1
2014,06,69088,gender,Male,0.979969122409729,0.950925220985638,1.00901302383382,1
2014,06,69196,all,All,1.29084180459256,1.26152138143584,1.32016222774928,1
2014,06,69196,gender,Female,1.32144623363293,1.29074902032791,1.35214344693795,1
2014,06,69196,gender,Male,1.25799263664556,1.22369846022355,1.29228681306756,1
2014,06,70000,all,All,0.940215292593173,0.901452997242382,0.978977587943964,1
2014,06,70000,gender,Female,0.915544164770242,0.873438409055228,0.957649920485256,1
2014,06,70000,gender,Male,0.961493253263551,0.917778050215744,1.00520845631136,1
2014,06,70098,all,All,1.04268410909505,0.972087611958315,1.11328060623179,1
2014,06,70098,gender,Female,1.11101787524405,1.03540548605539,1.18663026443271,1
2014,06,70098,gender,Male,0.974663510160537,0.892447052802523,1.05687996751855,1
2014,06,72016,all,All,0.905894038882324,0.876304537993834,0.935483539770814,1
2014,06,72016,gender,Female,0.984047919259956,0.952106431990994,1.01598940652892,1
2014,06,72016,gender,Male,0.827445102797593,0.793875258023517,0.861014947571668,1
2014,06,73080,all,All,,,,
2014,06,73080,gender,Female,,,,
2014,06,73080,gender,Male,,,,
2014,06,75000,all,All,1.21639786584801,1.19272047714646,1.24007525454956,1
2014,06,75000,gender,Female,1.22527606435228,1.20009110102179,1.25046102768278,1
2014,06,75000,gender,Male,1.21111810949303,1.18387497829112,1.23836124069494,1
2014,06,77000,all,All,1.11742640641072,1.07385823895459,1.16099457386685,1
2014,06,77000,gender,Female,1.20727085568597,1.15990350355838,1.25463820781356,1
2014,06,77000,gender,Male,1.03628576306433,0.987157551968272,1.0854139741604,1
2014,06,78120,all,All,0.945043215792612,0.923509577313653,0.966576854271572,1
2014,06,78120,gender,Female,0.985261777730987,0.962510565032187,1.00801299042979,1
2014,06,78120,gender,Male,0.899344405794268,0.874397269364677,0.924291542223859,1
2014,06,78582,all,All,0.996746500178098,0.968741329662056,1.02475167069414,1
2014,06,78582,gender,Female,1.07557493292292,1.04534658476581,1.10580328108003,1
2014,06,78582,gender,Male,0.921636009906315,0.889866128452907,0.953405891359723,1
2014,06,80000,all,All,1.1075147388292,1.08096105171204,1.13406842594637,1
2014,06,80000,gender,Female,1.14079572989175,1.11211887742958,1.16947258235392,1
2014,06,80000,gender,Male,1.07695305048819,1.0468463713176,1.10705972965878,1
2014,06,80238,all,All,1.00109616672925,0.935894611485429,1.06629772197306,1
2014,06,80238,gender,Female,0.99570761071184,0.92718461665685,1.06423060476683,1
2014,06,80238,gender,Male,0.973235955392915,0.900327673501854,1.04614423728398,1
2014,06,80854,all,All,1.039446142133,1.01392728028129,1.06496500398471,1
2014,06,80854,gender,Female,1.08839182235329,1.06134317718698,1.11544046751959,1
2014,06,80854,gender,Male,0.990127917230181,0.960663467557833,1.01959236690253,1
2014,06,81344,all,All,1.00111642075386,0.964076240249673,1.03815660125805,1
2014,06,81344,gender,Female,1.09896121446891,1.05771808361361,1.14020434532421,1
2014,06,81344,gender,Male,0.905964649723912,0.865093165173657,0.946836134274167,1
2014,06,81554,all,All,1.05079225068143,1.0138594963098,1.08772500505306,1
2014,06,81554,gender,Female,1.12101120395619,1.08110645960675,1.16091594830562,1
2014,06,81554,gender,Male,0.97623737152814,0.934383637358484,1.01809110569779,1
2014,06,81666,all,All,0.925259274957621,0.892205415158757,0.958313134756486,1
2014,06,81666,gender,Female,0.964046581646229,0.928780741220237,0.999312422072221,1
2014,06,81666,gender,Male,0.892349617833625,0.854430183395884,0.930269052271366,1
2014,06,82590,all,All,0.851653029080198,0.824752388781756,0.87855366937864,1
2014,06,82590,gender,Female,0.897860172153106,0.868979964511811,0.926740379794401,1
2014,06,82590,gender,Male,0.804243796146828,0.773573467534901,0.834914124758756,1
2014,06,82954,all,All,1.32805187492654,1.30061987728127,1.35548387257181,1
2014,06,82954,gender,Female,1.3874028198866,1.35832641426901,1.41647922550418,1
2014,06,82954,gender,Male,1.27108783258711,1.24080754343265,1.30136812174156,1
2014,06,82996,all,All,1.06499006826505,1.0385053400709,1.0914747964592,1
2014,06,82996,gender,Female,1.11803818899239,1.09024978331372,1.14582659467105,1
2014,06,82996,gender,Male,0.99160914001704,0.960700149219456,1.02251813081462,1
2014,06,84200,all,All,1.00898576705464,0.970515635680063,1.04745589842922,1
2014,06,84200,gender,Female,1.06972691249656,1.02916373213008,1.11029009286303,1
2014,06,84200,gender,Male,0.942604147983292,0.897946861621166,0.987261434345418,1
2014,06,84550,all,All,1.19996938222493,1.16574029462235,1.23419846982751,1
2014,06,84550,gender,Female,1.26235939721624,1.2254469019174,1.29927189251508,1
2014,06,84550,gender,Male,1.13341479237642,1.09455462195051,1.17227496280232,1
2014,06,85292,all,All,1.08701153032999,1.04028430498834,1.13373875567164,1
2014,06,85292,gender,Female,1.14145524921343,1.09115546627581,1.19175503215106,1
2014,06,85292,gender,Male,1.02945252031439,0.97631297724565,1.08259206338312,1
2014,08,03455,all,All,,,,
2014,08,03455,gender,Female,,,,
2014,08,03455,gender,Male,,,,
2014,08,04000,all,All,1.10814058138756,1.05035522205903,1.16592594071608,1
2014,08,04000,gender,Female,1.09913852744123,1.03688907404408,1.16138798083837,1
2014,08,04000,gender,Male,1.10717921591515,1.04150815000449,1.17285028182581,1
2014,08,07850,all,All,0.977971093369923,0.914472992395545,1.0414691943443,1
2014,08,07850,gender,Female,1.05580719038943,0.987898258551014,1.12371612222784,1
2014,08,07850,gender,Male,0.892406892795993,0.819736407584264,0.965077378007721,1
2014,08,12815,all,All,,,,
2014,08,12815,gender,Female,,,,
2014,08,12815,gender,Male,,,,
2014,08,16000,all,All,0.947716605271081,0.864213377686602,1.03121983285556,1
2014,08,16000,gender,Female,1.05054058186925,0.962009650365339,1.13907151337317,1
2014,08,16000,gender,Male,0.836432901561937,0.74004219095341,0.932823612170465,1
2014,08,20000,all,All,1.0944463745282,1.04863504706466,1.14025770199175,1
2014,08,20000,gender,Female,1.13918215418653,1.09022338850397,1.18814091986909,1
2014,08,20000,gender,Male,1.05916093317029,1.00672042782519,1.1116014385154,1
2014,08,27425,all,All,0.954877686545796,0.88980518886594,1.01995018422565,1
2014,08,27425,gender,Female,0.959152687689423,0.889939993188741,1.0283653821901,1
2014,08,27425,gender,Male,0.938265305052862,0.863384583516621,1.0131460265891,1
2014,08,32155,all,All,0.982839592203866,0.905124110057024,1.06055507435071,1
2014,08,32155,gender,Female,1.02122579089497,0.940542731204457,1.10190885058549,1
2014,08,32155,gender,Male,0.948348518559447,0.856624946919696,1.0400720901992,1
2014,08,43000,all,All,,,,
2014,08,43000,gender,Female,,,,
2014,08,43000,gender,Male,,,,
2014,08,45970,all,All,1.16274373025696,1.09776592051016,1.22772154000375,1
2014,08,45970,gender,Female,1.21514850688263,1.14543764901984,1.28485936474542,1
2014,08,45970,gender,Male,1.11363150053542,1.03949753154047,1.18776546953038,1
2014,08,46465,all,All,0.693587971566071,0.604836089758168,0.782339853373974,1
2014,08,46465,gender,Female,0.759087060291561,0.661517152446385,0.856656968136736,1
2014,08,46465,gender,Male,0.626698988371855,0.52769261349517,0.72570536324854,1
2014,08,62000,all,All,0.864576320627329,0.771974864095321,0.957177777159337,1
2014,08,62000,gender,Female,0.916823542546139,0.81768756207336,1.01595952301892,1
2014,08,62000,gender,Male,0.819820374969743,0.71404436055451,0.925596389384977,1
2014,08,77290,all,All,1.05319845998361,0.999010218963564,1.10738670100366,1
2014,08,77290,gender,Female,1.12734191661314,1.06962204034746,1.18506179287882,1
2014,08,77290,gender,Male,0.979866691920823,0.917608012694459,1.04212537114719,1
2014,08,83835,all,All,0.856203473035873,0.751222940997005,0.96118400507474,1
2014,08,83835,gender,Female,0.912175589466803,0.799011284305779,1.02533989462783,1
2014,08,83835,gender,Male,0.822450858442131,0.703221875872927,0.941679841011335,1
2014,09,08000,all,All,1.18133770807817,1.15411776049169,1.20855765566464,1
2014,09,08000,gender,Female,1.24034631202647,1.21131107856158,1.26938154549135,1
2014,09,08000,gender,Male,1.1243635723323,1.09313222062049,1.15559492404412,1
2014,09,18430,all,All,0.981827473788407,0.913610554223781,1.05004439335303,1
2014,09,18430,gender,Female,1.11488253554434,1.0426709180462,1.18709415304248,1
2014,09,18430,gender,Male,0.869789333943702,0.790878147237208,0.948700520650196,1
2014,09,37000,all,All,1.14156173721543,1.11382191372884,1.16930156070203,1
2014,09,37000,gender,Female,1.22410460826749,1.19474145116097,1.25346776537401,1
2014,09,37000,gender,Male,1.06066797315713,1.02858865185353,1.09274729446074,1
2014,09,52000,all,All,1.26110468877371,1.23325797315915,1.28895140438827,1
2014,09,52000,gender,Female,1.33420337592802,1.30447410584565,1.36393264601039,1
2014,09,52000,gender,Male,1.18700600511662,1.15508397364416,1.21892803658908,1
2014,09,55990,all,All,1.03455570955801,0.99466889343606,1.07444252567995,1
2014,09,55990,gender,Female,1.13128916630338,1.08770577278639,1.17487255982036,1
2014,09,55990,gender,Male,0.950014136390865,0.905276675622756,0.994751597158974,1
2014,09,73000,all,All,1.08847237453058,1.056016165442,1.12092858361916,1
2014,09,73000,gender,Female,1.1816524058194,1.14660914925184,1.21669566238696,1
2014,09,73000,gender,Male,0.997250816445195,0.960440450148031,1.03406118274236,1
2014,09,80000,all,All,0.827812240294385,0.797473660425742,0.858150820163029,1
2014,09,80000,gender,Female,0.954475460437023,0.922122244027677,0.986828676846369,1
2014,09,80000,gender,Male,0.697989566100062,0.663170152133284,0.73280898006684,1
2014,11,50000,all,All,1.04262802496835,1.02215882947867,1.06309722045804,1
2014,11,50000,gender,Female,1.09384712825572,1.07215672998202,1.11553752652941,1
2014,11,50000,gender,Male,0.983592328009559,0.95995138077753,1.00723327524159,1
2014,12,07300,all,All,,,,
2014,12,07300,gender,Female,,,,
2014,12,07300,gender,Male,,,,
2014,12,07875,all,All,,,,
2014,12,07875,gender,Female,,,,
2014,12,07875,gender,Male,,,,
2014,12,10275,all,All,,,,
2014,12,10275,gender,Female,,,,
2014,12,10275,gender,Male,,,,
2014,12,12875,all,All,,,,
2014,12,12875,gender,Female,,,,
2014,12,12875,gender,Male,,,,
2014,12,14400,all,All,,,,
2014,12,14400,gender,Female,,,,
2014,12,14400,gender,Male,,,,
2014,12,16475,all,All,,,,
2014,12,16475,gender,Female,,,,
2014,12,16475,gender,Male,,,,
2014,12,16725,all,All,,,,
2014,12,16725,gender,Female,,,,
2014,12,16725,gender,Male,,,,
2014,12,17200,all,All,,,,
2014,12,17200,gender,Female,,,,
2014,12,17200,gender,Male,,,,
2014,12,17935,all,All,,,,
2014,12,17935,gender,Female,,,,
2014,12,17935,gender,Male,,,,
2014,12,24000,all,All,0.910364027744468,0.903071515596922,0.917656539892013,1
2014,12,24000,gender,Female,0.928130573642796,0.920236051504829,0.936025095780763,1
2014,12,24000,gender,Male,0.894904325083905,0.886654996114416,0.903153654053393,1
2014,12,24125,all,All,0.88577627863219,0.873123110928348,0.898429446336032,1
2014,12,24125,gender,Female,0.901320394921289,0.887829155952185,0.914811633890392,1
2014,12,24125,gender,Male,0.871560912800497,0.857037510853711,0.886084314747284,1
2014,12,25175,all,All,0.91672549401159,0.894097856799516,0.939353131223664,1
2014,12,25175,gender,Female,0.922242216991673,0.897898082616363,0.946586351366982,1
2014,12,25175,gender,Male,0.908424336881199,0.88267773149035,0.934170942272048,1
2014,12,30000,all,All,,,,
2014,12,30000,gender,Female,,,,
2014,12,30000,gender,Male,,,,
2014,12,32000,all,All,,,,
2014,12,32000,gender,Female,,,,
2014,12,32000,gender,Male,,,,
2014,12,32275,all,All,,,,
2014,12,32275,gender,Female,,,,
2014,12,32275,gender,Male,,,,
2014,12,35000,all,All,0.847902022362518,0.837293221128379,0.858510823596657,1
2014,12,35000,gender,Female,0.861543974471033,0.850224352438164,0.872863596503902,1
2014,12,35000,gender,Male,0.860872907602979,0.844890795037854,0.876855020168104,1
2014,12,36950,all,All,0.933889847940249,0.912897352889367,0.95488234299113,1
2014,12,36950,gender,Female,0.889399463460862,0.866670059694031,0.912128867227694,1
2014,12,36950,gender,Male,0.978272435437384,0.954528935459311,1.00201593541546,1
2014,12,38250,all,All,,,,
2014,12,38250,gender,Female,,,,
2014,12,38250,gender,Male,,,,
2014,12,39425,all,All,0.865533604626914,0.849975465057005,0.881091744196822,1
2014,12,39425,gender,Female,0.858250992652307,0.841687035766701,0.874814949537914,1
2014,12,39425,gender,Male,0.880881897194522,0.841451704576523,0.920312089812522,1
2014,12,43975,all,All,,,,
2014,12,43975,gender,Female,,,,
2014,12,43975,gender,Male,,,,
2014,12,45000,all,All,0.927966082091822,0.921756959718965,0.934175204464678,1
2014,12,45000,gender,Female,0.944847999399655,0.938121493795847,0.951574505003463,1
2014,12,45000,gender,Male,0.911868075798966,0.90484885035063,0.918887301247302,1
2014,12,45025,all,All,,,,
2014,12,45025,gender,Female,,,,
2014,12,45025,gender,Male,,,,
2014,12,45060,all,All,,,,
2014,12,45060,gender,Female,,,,
2014,12,45060,gender,Male,,,,
2014,12,45975,all,All,,,,
2014,12,45975,gender,Female,,,,
2014,12,45975,gender,Male,,,,
2014,12,49675,all,All,,,,
2014,12,49675,gender,Female,,,,
2014,12,49675,gender,Male,,,,
2014,12,53000,all,All,0.902142376637942,0.893494918240162,0.910789835035722,1
2014,12,53000,gender,Female,0.905793127221439,0.896538128834995,0.915048125607884,1
2014,12,53000,gender,Male,0.896438144622903,0.886548745197309,0.906327544048497,1
2014,12,54000,all,All,,,,
2014,12,54000,gender,Female,,,,
2014,12,54000,gender,Male,,,,
2014,12,54200,all,All,,,,
2014,12,54200,gender,Female,,,,
2014,12,54200,gender,Male,,,,
2014,12,55775,all,All,,,,
2014,12,55775,gender,Female,,,,
2014,12,55775,gender,Male,,,,
2014,12,57425,all,All,,,,
2014,12,57425,gender,Female,,,,
2014,12,57425,gender,Male,,,,
2014,12,58050,all,All,,,,
2014,12,58050,gender,Female,,,,
2014,12,58050,gender,Male,,,,
2014,12,58715,all,All,,,,
2014,12,58715,gender,Female,,,,
2014,12,58715,gender,Male,,,,
2014,12,63000,all,All,,,,
2014,12,63000,gender,Female,,,,
2014,12,63000,gender,Male,,,,
2014,12,69700,all,All,,,,
2014,12,69700,gender,Female,,,,
2014,12,69700,gender,Male,,,,
2014,12,70600,all,All,0.893624875354201,0.873798656915623,0.91345109379278,1
2014,12,70600,gender,Female,0.858375382569021,0.837267769565609,0.879482995572432,1
2014,12,70600,gender,Male,0.921497781413222,0.898700957494794,0.94429460533165,1
2014,12,71000,all,All,0.784996096439463,0.776734942590391,0.793257250288535,1
2014,12,71000,gender,Female,0.810240620795503,0.801371031307147,0.819110210283859,1
2014,12,71000,gender,Male,0.826888176008868,0.814288742843179,0.839487609174558,1
2014,12,76600,all,All,0.92185208148249,0.913076442983227,0.930627719981753,1
2014,12,76600,gender,Female,0.92784989236519,0.918398726201395,0.937301058528985,1
2014,12,76600,gender,Male,0.916323185727518,0.906347664429902,0.926298707025135,1
2014,13,03440,all,All,0.897589960785341,0.865427004609529,0.929752916961153,1
2014,13,03440,gender,Female,0.906337719421097,0.838086732798083,0.97458870604411,1
2014,13,03440,gender,Male,0.541714721602679,0.47145056209896,0.611978881106398,1
2014,13,04000,all,All,0.97882009486937,0.965535942356864,0.992104247381877,1
2014,13,04000,gender,Female,1.00440802903201,0.983556526387626,1.02525953167639,1
2014,13,04000,gender,Male,0.884494493098288,0.861990193425017,0.906998792771559,1
2014,13,04204,all,All,1.00985044026329,0.989511315571296,1.03018956495529,1
2014,13,04204,gender,Female,1.03120891119687,0.988899698639734,1.07351812375401,1
2014,13,04204,gender,Male,0.944870226746362,0.899944459499125,0.989795993993598,1
2014,13,19000,all,All,0.996386961577852,0.9762341616118,1.0165397615439,1
2014,13,19000,gender,Female,1.18419002818241,1.1421429780709,1.22623707829392,1
2014,13,19000,gender,Male,0.93398070922636,0.889620326499179,0.978341091953541,1
2014,13,42425,all,All,,,,
2014,13,42425,gender,Female,,,,
2014,13,42425,gender,Male,,,,
2014,13,49008,all,All,0.907915491726064,0.88508872631502,0.930742257137107,1
2014,13,49008,gender,Female,0.904954583756504,0.857278121997191,0.952631045515816,1
2014,13,49008,gender,Male,0.725665442406931,0.67541196689653,0.775918917917333,1
2014,13,67284,all,All,,,,
2014,13,67284,gender,Female,,,,
2014,13,67284,gender,Male,,,,
2014,13,68516,all,All,,,,
2014,13,68516,gender,Female,,,,
2014,13,68516,gender,Male,,,,
2014,13,69000,all,All,0.983215762896331,0.964220782232642,1.00221074356002,1
2014,13,69000,gender,Female,0.97965591892838,0.940806420821446,1.01850541703531,1
2014,13,69000,gender,Male,0.823037466812254,0.780941608709959,0.86513332491455,1
2014,13,72122,all,All,,,,
2014,13,72122,gender,Female,,,,
2014,13,72122,gender,Male,,,,
2014,13,80508,all,All,,,,
2014,13,80508,gender,Female,,,,
2014,13,80508,gender,Male,,,,
2014,15,71550,all,All,,,,
2014,15,71550,gender,Female,,,,
2014,15,71550,gender,Male,,,,
2014,16,08830,all,All,1.01999505013256,0.995563943550347,1.04442615671478,1
2014,16,08830,gender,Female,1.04119798440734,1.01506933409335,1.06732663472133,1
2014,16,08830,gender,Male,0.986610885619072,0.958652562580635,1.01456920865751,1
2014,16,52120,all,All,1.1445336375367,1.1241887475011,1.16487852757231,1
2014,16,52120,gender,Female,1.17596078422635,1.15385431810692,1.19806725034579,1
2014,16,52120,gender,Male,1.11995842278602,1.09702356533602,1.14289328023602,1
2014,16,56260,all,All,1.13996367347989,1.10923493177111,1.17069241518867,1
2014,16,56260,gender,Female,1.19547348532038,1.16309280165351,1.22785416898725,1
2014,16,56260,gender,Male,1.09007946828169,1.05438518794684,1.12577374861655,1
2014,17,02154,all,All,0.910633820707336,0.871924231643334,0.949343409771337,1
2014,17,02154,gender,Female,1.00779528117966,0.966663839106362,1.04892672325296,1
2014,17,02154,gender,Male,0.822320695399711,0.777810474763554,0.866830916035869,1
2014,17,03012,all,All,1.06581069605816,1.0395694057789,1.09205198633742,1
2014,17,03012,gender,Female,1.13453185718232,1.10587476197866,1.16318895238599,1
2014,17,03012,gender,Male,1.00338534687178,0.973934631258192,1.03283606248537,1
2014,17,06613,all,All,0.720831385077786,0.670267926138719,0.771394844016852,1
2014,17,06613,gender,Female,0.747218048545144,0.693762133771218,0.80067396331907,1
2014,17,06613,gender,Male,0.702284666849309,0.643725929804766,0.760843403893851,1
2014,17,12385,all,All,0.842041645518101,0.803753631401865,0.880329659634336,1
2014,17,12385,gender,Female,0.883678884405382,0.842119659047616,0.925238109763147,1
2014,17,12385,gender,Male,0.807208475065728,0.764001773231065,0.850415176900391,1
2014,17,14000,all,All,1.35222053961324,1.34411730010905,1.36032377911744,1
2014,17,14000,gender,Female,1.37468514537665,1.3656686618461,1.38370162890721,1
2014,17,14000,gender,Male,1.33135255867065,1.32238855610267,1.34031656123863,1
2014,17,14351,all,All,1.3205624156649,1.29362757142046,1.34749725990933,1
2014,17,14351,gender,Female,1.4112478902861,1.38263351060096,1.43986226997124,1
2014,17,14351,gender,Male,1.22910537270096,1.19807667169916,1.26013407370276,1
2014,17,23074,all,All,1.23807230360334,1.21968491428646,1.25645969292022,1
2014,17,23074,gender,Female,1.28380798398764,1.26397176749007,1.3036442004852,1
2014,17,23074,gender,Male,1.19578358072729,1.17491600170248,1.21665115975211,1
2014,17,24582,all,All,1.04615029316363,0.995578784840551,1.09672180148671,1
2014,17,24582,gender,Female,1.0942104167676,1.03934454571268,1.14907628782252,1
2014,17,24582,gender,Male,1.01692436394608,0.959826248723627,1.07402247916854,1
2014,17,38570,all,All,1.09861154834031,1.06430605730301,1.13291703937761,1
2014,17,38570,gender,Female,1.13809414924953,1.10596332252607,1.17022497597299,1
2014,17,38570,gender,Male,1.06184124725644,1.01544379573321,1.10823869877967,1
2014,17,51622,all,All,1.08680906692913,1.05855071611512,1.11506741774314,1
2014,17,51622,gender,Female,1.11917128265081,1.08906337231944,1.14927919298218,1
2014,17,51622,gender,Male,1.04268162523569,1.01022304577142,1.07514020469997,1
2014,17,59000,all,All,0.832454344252821,0.771040869744989,0.893867818760653,1
2014,17,59000,gender,Female,0.879684464464032,0.821669708691649,0.937699220236414,1
2014,17,59000,gender,Male,0.788819549264968,0.718190452771585,0.859448645758352,1
2014,17,65000,all,All,1.07771280102553,1.05461621336915,1.10080938868192,1
2014,17,65000,gender,Female,1.13637334980284,1.11207896080129,1.16066773880438,1
2014,17,65000,gender,Male,1.00910028282954,0.982221407840153,1.03597915781892,1
2014,17,68003,all,All,1.2283346318606,1.2018141678288,1.2548550958924,1
2014,17,68003,gender,Female,1.28931492039958,1.26078539280278,1.31784444799638,1
2014,17,68003,gender,Male,1.1661900994043,1.13601154900846,1.19636864980014,1
2014,17,72000,all,All,1.06991290848839,1.03893993453847,1.1008858824383,1
2014,17,72000,gender,Female,1.1190900412299,1.08638114352985,1.15179893892994,1
2014,17,72000,gender,Male,1.02074603015786,0.984846539858794,1.05664552045692,1
2014,17,79293,all,All,1.07574593835857,1.04523746750795,1.10625440920918,1
2014,17,79293,gender,Female,1.15628630568054,1.12397072869167,1.18860188266942,1
2014,17,79293,gender,Male,0.997561462702836,0.962303730205968,1.0328191951997,1
2014,18,05860,all,All,1.23406323303846,1.19894783909471,1.2691786269822,1
2014,18,05860,gender,Female,1.28826485725653,1.25025179464872,1.32627791986435,1
2014,18,05860,gender,Male,1.17173886477304,1.13200341611169,1.21147431343438,1
2014,18,10342,all,All,1.06959652501908,1.0415142451987,1.09767880483947,1
2014,18,10342,gender,Female,1.08821613708897,1.0578090703409,1.11862320383705,1
2014,18,10342,gender,Male,1.04792065764,1.01616065391513,1.07968066136487,1
2014,18,22000,all,All,1.07825220686328,1.0538176592993,1.10268675442725,1
2014,18,22000,gender,Female,1.08224477344585,1.05618468020494,1.10830486668677,1
2014,18,22000,gender,Male,1.07211778666077,1.04407911472461,1.10015645859692,1
2014,18,23278,all,All,1.07535919655485,1.04946599416161,1.10125239894809,1
2014,18,23278,gender,Female,1.11008300175136,1.08259773638135,1.13756826712138,1
2014,18,23278,gender,Male,1.03796646149949,1.00811357206992,1.06781935092906,1
2014,18,25000,all,All,1.01662344370276,0.989011967338785,1.04423492006673,1
2014,18,25000,gender,Female,1.04679641260174,1.01699327419169,1.07659955101179,1
2014,18,25000,gender,Male,0.982550557174365,0.951254905936321,1.01384620841241,1
2014,18,31000,all,All,1.09681868837766,1.0667074164133,1.12692996034202,1
2014,18,31000,gender,Female,1.13355703172951,1.10189973945514,1.16521432400388,1
2014,18,31000,gender,Male,1.0681704247335,1.03310980638133,1.10323104308566,1
2014,18,36003,all,All,,,,
2014,18,36003,gender,Female,,,,
2014,18,36003,gender,Male,,,,
2014,18,71000,all,All,1.12908849342441,1.10280528950431,1.1553716973445,1
2014,18,71000,gender,Female,1.13643574266043,1.107884605647,1.16498687967387,1
2014,18,71000,gender,Male,1.130111621517,1.10047494842904,1.15974829460495,1
2014,19,12000,all,All,1.08322199673289,1.04829243328032,1.11815156018546,1
2014,19,12000,gender,Female,1.08719252410195,1.04970117278991,1.124683875414,1
2014,19,12000,gender,Male,1.07903091720728,1.03919449892023,1.11886733549433,1
2014,19,19000,all,All,0.968498191064513,0.938196690664701,0.998799691464325,1
2014,19,19000,gender,Female,0.951522802205455,0.918352339775684,0.984693264635226,1
2014,19,19000,gender,Male,0.984038031024137,0.950107495599226,1.01796856644905,1
2014,19,21000,all,All,1.10329437263135,1.07865454271859,1.12793420254411,1
2014,19,21000,gender,Female,1.12537491054263,1.09876144040635,1.15198838067891,1
2014,19,21000,gender,Male,1.07397979329458,1.04604785263395,1.10191173395522,1
2014,19,73335,all,All,1.16944727929426,1.13704703640055,1.20184752218797,1
2014,19,73335,gender,Female,1.16829374911813,1.1331662719876,1.20342122624865,1
2014,19,73335,gender,Male,1.16464490905724,1.12804313503681,1.20124668307767,1
2014,20,36000,all,All,0.94089275382442,0.895944974652139,0.9858405329967,1
2014,20,36000,gender,Female,0.990938879409138,0.939041152635817,1.04283660618246,1
2014,20,36000,gender,Male,0.692769620144313,0.620101288705058,0.765437951583568,1
2014,20,38900,all,All,1.003020141158,0.964249234216809,1.04179104809919,1
2014,20,38900,gender,Female,1.01616665711832,0.97420595712537,1.05812735711126,1
2014,20,38900,gender,Male,0.997164120916767,0.953284609487022,1.04104363234651,1
2014,20,52575,all,All,1.00356169387994,0.979511867913318,1.02761151984655,1
2014,20,52575,gender,Female,1.04347721586878,1.01763089920233,1.06932353253522,1
2014,20,52575,gender,Male,0.966575894246148,0.939182969999989,0.993968818492307,1
2014,20,53775,all,All,1.03191220246384,1.00563164967063,1.05819275525706,1
2014,20,53775,gender,Female,1.04741122297652,1.01941391984263,1.07540852611041,1
2014,20,53775,gender,Male,1.01947558038789,0.989285210914746,1.04966594986103,1
2014,20,71000,all,All,0.984256482291087,0.939987027764205,1.02852593681797,1
2014,20,71000,gender,Female,1.01737018982214,0.968812402349707,1.06592797729456,1
2014,20,71000,gender,Male,0.952725808150459,0.903234125924115,1.0022174903768,1
2014,20,79000,all,All,0.975257310391449,0.956431153796362,0.994083466986535,1
2014,20,79000,gender,Female,1.02381830161244,1.00329692421705,1.04433967900783,1
2014,20,79000,gender,Male,0.9246566244489,0.903495355486842,0.945817893410958,1
2014,21,46027,all,All,0.905725255065869,0.887154782736754,0.924295727394985,1
2014,21,46027,gender,Female,0.922450623773571,0.902327689790121,0.942573557757022,1
2014,21,46027,gender,Male,0.883975616698874,0.862987443988461,0.904963789409288,1
2014,21,48006,all,All,1.07702015654115,1.06519285089168,1.08884746219062,1
2014,21,48006,gender,Female,1.09061342797499,1.0779169927563,1.10330986319367,1
2014,21,48006,gender,Male,1.05825491878874,1.04476897068738,1.07174086689011,1
2014,22,05000,all,All,1.11677871344398,1.09959257125154,1.13396485563642,1
2014,22,05000,gender,Female,1.13139019154695,1.11296169042736,1.14981869266654,1
2014,22,05000,gender,Male,1.09425788246812,1.07463664149097,1.11387912344528,1
2014,22,40735,all,All,1.04644034761263,1.02529707479609,1.06758362042917,1
2014,22,40735,gender,Female,1.073429940085,1.05080408260594,1.09605579756406,1
2014,22,40735,gender,Male,1.01756211440599,0.993379728290871,1.04174450052111,1
2014,22,41155,all,All,0.953983360795758,0.927369891504058,0.980596830087458,1
2014,22,41155,gender,Female,0.94136205139018,0.91259895999353,0.970125142786829,1
2014,22,41155,gender,Male,0.966268517539118,0.936107552093921,0.996429482984315,1
2014,22,55000,all,All,1.22327361027018,1.20516931528999,1.24137790525037,1
2014,22,55000,gender,Female,1.21423863071966,1.19446904613335,1.23400821530597,1
2014,22,55000,gender,Male,1.22429742987721,1.20397101092129,1.24462384883312,1
2014,22,70000,all,All,1.01886688065027,1.00112556807907,1.03660819322146,1
2014,22,70000,gender,Female,1.02129369089839,1.00224843390092,1.04033894789586,1
2014,22,70000,gender,Male,1.0106067900506,0.990372073820522,1.03084150628067,1
2014,24,04000,all,All,0.827401881334774,0.80907581857246,0.845727944097088,1
2014,24,04000,gender,Female,0.871397391828743,0.851664182566479,0.891130601091007,1
2014,24,04000,gender,Male,0.782325212465895,0.761489723834341,0.80316070109745,1
2014,24,30325,all,All,0.890640760127148,0.870275784772496,0.9110057354818,1
2014,24,30325,gender,Female,0.950439219705519,0.928726425260657,0.972152014150381,1
2014,24,30325,gender,Male,0.830695614780582,0.807318650633593,0.854072578927571,1
2014,25,07000,all,All,0.982149052555768,0.961439297277936,1.0028588078336,1
2014,25,07000,gender,Female,1.03292165994313,1.01072973239715,1.05511358748911,1
2014,25,07000,gender,Male,0.930390564142828,0.906707799687124,0.954073328598531,1
2014,25,09000,all,All,0.919129595803876,0.881229917138751,0.957029274469001,1
2014,25,09000,gender,Female,0.921652968258719,0.881056209516298,0.96224972700114,1
2014,25,09000,gender,Male,0.900276149235242,0.856955572156143,0.943596726314341,1
2014,25,11000,all,All,1.06655701927016,1.00810662842112,1.1250074101192,1
2014,25,11000,gender,Female,1.17333644791709,1.11074625423688,1.23592664159731,1
2014,25,11000,gender,Male,0.969091955495795,0.902277428004183,1.03590648298741,1
2014,25,23000,all,All,0.919643331737488,0.874106382849604,0.965180280625372,1
2014,25,23000,gender,Female,1.00901944341102,0.960594969411748,1.0574439174103,1
2014,25,23000,gender,Male,0.811366773826392,0.758877340529435,0.86385620712335,1
2014,25,34550,all,All,0.859007484141933,0.816748682193742,0.901266286090125,1
2014,25,34550,gender,Female,0.944951072988923,0.900031929339482,0.989870216638364,1
2014,25,34550,gender,Male,0.770887076536523,0.722227173964057,0.819546979108988,1
2014,25,37000,all,All,0.894023210579199,0.853532141135663,0.934514280022736,1
2014,25,37000,gender,Female,0.95937303512785,0.915047632034534,1.00369843822117,1
2014,25,37000,gender,Male,0.841361238383325,0.796021573032884,0.886700903733766,1
2014,25,37490,all,All,0.765135695385883,0.723002951012951,0.807268439758814,1
2014,25,37490,gender,Female,0.806562392370314,0.759788468171821,0.853336316568807,1
2014,25,37490,gender,Male,0.734134048641076,0.687524036834893,0.780744060447259,1
2014,25,45000,all,All,0.621721372529529,0.578705396173955,0.664737348885104,1
2014,25,45000,gender,Female,0.709051975119358,0.662560258838729,0.755543691399988,1
2014,25,45000,gender,Male,0.545047169486802,0.496309781398068,0.593784557575537,1
2014,25,45560,all,All,,,,
2014,25,45560,gender,Female,,,,
2014,25,45560,gender,Male,,,,
2014,25,55745,all,All,0.931561869687616,0.879903785857016,0.983219953518217,1
2014,25,55745,gender,Female,1.01973604842318,0.962415932652227,1.07705616419413,1
2014,25,55745,gender,Male,0.850789843459322,0.793618119736131,0.907961567182513,1
2014,25,62535,all,All,0.958883360390183,0.88716328250052,1.03060343827985,1
2014,25,62535,gender,Female,1.15373091540822,1.07358378933988,1.23387804147657,1
2014,25,62535,gender,Male,0.798137887200584,0.719231827630242,0.877043946770927,1
2014,25,67000,all,All,0.553399409154714,0.523816043653144,0.582982774656283,1
2014,25,67000,gender,Female,0.603510364602644,0.571429850310104,0.635590878895184,1
2014,25,67000,gender,Male,0.513419733454114,0.480001913760687,0.54683755314754,1
2014,25,82000,all,All,0.93762032405079,0.905042246686154,0.970198401415427,1
2014,25,82000,gender,Female,0.970080211168689,0.934863941117796,1.00529648121958,1
2014,25,82000,gender,Male,0.89985457550336,0.862948866649394,0.936760284357326,1
2014,26,03000,all,All,1.07980124686479,1.05189425301692,1.10770824071265,1
2014,26,03000,gender,Female,1.0941026021813,1.06372222841958,1.12448297594303,1
2014,26,03000,gender,Male,1.06192860455001,1.03052231030459,1.09333489879543,1
2014,26,21000,all,All,1.28588853615171,1.26140740696376,1.31036966533966,1
2014,26,21000,gender,Female,1.29776128009147,1.27148175467183,1.3240408055111,1
2014,26,21000,gender,Male,1.27775600238438,1.24984112839684,1.30567087637192,1
2014,26,22000,all,All,0.993545000700737,0.981821690588412,1.00526831081306,1
2014,26,22000,gender,Female,0.998215345002823,0.985744703924759,1.01068598608089,1
2014,26,22000,gender,Male,0.982666070736878,0.969178656428722,0.996153485045033,1
2014,26,27440,all,All,,,,
2014,26,27440,gender,Female,,,,
2014,26,27440,gender,Male,,,,
2014,26,29000,all,All,1.03978855603928,0.975383537921351,1.1041935741572,1
2014,26,29000,gender,Female,1.0180109737815,0.947685979446385,1.08833596811662,1
2014,26,29000,gender,Male,1.05866658112967,0.986434938674384,1.13089822358496,1
2014,26,34000,all,All,0.985900957738399,0.943155315274587,1.02864660020221,1
2014,26,34000,gender,Female,1.00373584548977,0.958199854721382,1.04927183625815,1
2014,26,34000,gender,Male,0.974828240715771,0.92244190332034,1.0272145781112,1
2014,26,46000,all,All,0.685546647571014,0.646970744639501,0.724122550502526,1
2014,26,46000,gender,Female,0.730900306304455,0.690173401729636,0.771627210879274,1
2014,26,46000,gender,Male,0.695817827707092,0.642569080685464,0.74906657472872,1
2014,26,49000,all,All,1.00964459985104,0.974302984551708,1.04498621515037,1
2014,26,49000,gender,Female,1.05050482290787,1.01232085429653,1.08868879151921,1
2014,26,49000,gender,Male,0.965773398129069,0.925770087930186,1.00577670832795,1
2014,26,69035,all,All,,,,
2014,26,69035,gender,Female,,,,
2014,26,69035,gender,Male,,,,
2014,26,74900,all,All,0.957934788051091,0.926662195608874,0.989207380493308,1
2014,26,74900,gender,Female,0.963495676596812,0.930198032472656,0.996793320720969,1
2014,26,74900,gender,Male,0.947594537348334,0.911646286838379,0.983542787858288,1
2014,26,76460,all,All,0.998598156009045,0.977180845399856,1.02001546661823,1
2014,26,76460,gender,Female,0.987129676120814,0.963874396341391,1.01038495590024,1
2014,26,76460,gender,Male,1.00672542401473,0.982565788112388,1.03088505991708,1
2014,26,80700,all,All,1.19725533382842,1.16298327738716,1.23152739026968,1
2014,26,80700,gender,Female,1.14741982436908,1.11022730059593,1.18461234814223,1
2014,26,80700,gender,Male,1.21256021391058,1.17387952399474,1.25124090382641,1
2014,26,84000,all,All,1.0109890994084,0.968349433812305,1.05362876500449,1
2014,26,84000,gender,Female,1.04077233666841,0.994270654701628,1.08727401863519,1
2014,26,84000,gender,Male,0.985975185739394,0.938056490578644,1.03389388090014,1
2014,26,86000,all,All,1.03396900597959,1.00289156855209,1.0650464434071,1
2014,26,86000,gender,Female,1.01411420038552,0.980143779366375,1.04808462140467,1
2014,26,86000,gender,Male,1.05050755337975,1.01566321135838,1.08535189540111,1
2014,26,88940,all,All,0.928822170525715,0.86978922755196,0.987855113499469,1
2014,26,88940,gender,Female,0.952250381715785,0.887941212524947,1.01655955090662,1
2014,26,88940,gender,Male,0.922923586774362,0.855809437987953,0.990037735560771,1
2014,27,06616,all,All,1.07399650716549,1.03866031891583,1.10933269541514,1
2014,27,06616,gender,Female,1.1178880712231,1.07910404255195,1.15667209989425,1
2014,27,06616,gender,Male,1.04398816902802,1.00451292280048,1.08346341525556,1
2014,27,07966,all,All,,,,
2014,27,07966,gender,Female,,,,
2014,27,07966,gender,Male,,,,
2014,27,17000,all,All,1.05300065954582,1.0163063725532,1.08969494653844,1
2014,27,17000,gender,Female,1.09829303373679,1.05898719419945,1.13759887327413,1
2014,27,17000,gender,Male,1.0124129359053,0.970483192836489,1.05434267897411,1
2014,27,43000,all,All,1.21532595639986,1.19709600142593,1.23355591137379,1
2014,27,43000,gender,Female,1.22850041893912,1.20903396510687,1.24796687277137,1
2014,27,43000,gender,Male,1.20207621463282,1.18118240071626,1.22297002854938,1
2014,27,51730,all,All,,,,
2014,27,51730,gender,Female,,,,
2014,27,51730,gender,Male,,,,
2014,27,54880,all,All,0.976718269216661,0.947282778065994,1.00615376036733,1
2014,27,54880,gender,Female,0.979129615079726,0.947812003990267,1.01044722616919,1
2014,27,54880,gender,Male,0.967687095310439,0.93382854384885,1.00154564677203,1
2014,27,58000,all,All,1.23999095483746,1.20715615436629,1.27282575530863,1
2014,27,58000,gender,Female,1.26497164861805,1.22982483066509,1.30011846657101,1
2014,27,58000,gender,Male,1.21690381071469,1.17935872429506,1.25444889713431,1
2014,27,71428,all,All,,,,
2014,27,71428,gender,Female,,,,
2014,27,71428,gender,Male,,,,
2014,28,36000,all,All,0.771233299707177,0.749934865134406,0.792531734279949,1
2014,28,36000,gender,Female,0.824865455556615,0.801915518933546,0.847815392179683,1
2014,28,36000,gender,Male,0.719592766463446,0.695394908035902,0.74379062489099,1
2014,29,15670,all,All,0.99417879266084,0.965728958945198,1.02262862637648,1
2014,29,15670,gender,Female,1.00752221061962,0.975805239486792,1.03923918175245,1
2014,29,15670,gender,Male,0.977166962970727,0.945807483752042,1.00852644218941,1
2014,29,35000,all,All,0.902357522679875,0.864808634328578,0.939906411031173,1
2014,29,35000,gender,Female,0.957728425485446,0.917280540099592,0.998176310871298,1
2014,29,35000,gender,Male,0.848620853585375,0.805952848603067,0.891288858567683,1
2014,29,38000,all,All,1.05622774773181,1.02549447440708,1.08696102105655,1
2014,29,38000,gender,Female,1.08168386704134,1.04889875286916,1.11446898121353,1
2014,29,38000,gender,Male,1.02885743840554,0.993587167974701,1.06412770883638,1
2014,29,41348,all,All,1.01153334999672,0.984353585185993,1.03871311480746,1
2014,29,41348,gender,Female,1.02390958934188,0.994736074430113,1.05308310425365,1
2014,29,41348,gender,Male,1.00105402736918,0.970058640342326,1.03204941439603,1
2014,29,54074,all,All,1.22172975922949,1.19505603136261,1.24840348709637,1
2014,29,54074,gender,Female,1.23312419054156,1.20450955266151,1.26173882842161,1
2014,29,54074,gender,Male,1.20051151808861,1.17007709685832,1.23094593931889,1
2014,29,65000,all,All,,,,
2014,29,65000,gender,Female,,,,
2014,29,65000,gender,Male,,,,
2014,29,70000,all,All,1.02169614926079,0.998097420404609,1.04529487811697,1
2014,29,70000,gender,Female,1.06851732369523,1.04283193471637,1.09420271267409,1
2014,29,70000,gender,Male,0.973955487421465,0.947391854998352,1.00051911984458,1
2014,30,06550,all,All,1.1383121272781,1.04509982737842,1.23152442717777,1
2014,30,06550,gender,Female,1.20786304621815,1.13038272346745,1.28534336896885,1
2014,30,06550,gender,Male,1.13022277324385,1.05700847100889,1.2034370754788,1
2014,31,28000,all,All,0.929762105744358,0.910334501283042,0.949189710205674,1
2014,31,28000,gender,Female,0.952063288864895,0.931094820818488,0.973031756911302,1
2014,31,28000,gender,Male,0.906644208956899,0.884606131785952,0.928682286127846,1
2014,31,37000,all,All,0.971731789913654,0.950371967708992,0.993091612118317,1
2014,31,37000,gender,Female,0.960998606366359,0.937969300322758,0.98402791240996,1
2014,31,37000,gender,Male,0.983553309856762,0.959301060521954,1.00780555919157,1
2014,32,31900,all,All,,,,
2014,32,31900,gender,Female,,,,
2014,32,31900,gender,Male,,,,
2014,32,40000,all,All,1.10378486114664,1.09179753532994,1.11577218696333,1
2014,32,40000,gender,Female,1.16821352475367,1.15535625530577,1.18107079420156,1
2014,32,40000,gender,Male,1.03759774139644,1.02391814287946,1.05127733991342,1
2014,32,51800,all,All,,,,
2014,32,51800,gender,Female,,,,
2014,32,51800,gender,Male,,,,
2014,32,60600,all,All,1.27209046303805,1.24528640137494,1.29889452470117,1
2014,32,60600,gender,Female,1.34472739538553,1.31530140410955,1.37415338666151,1
2014,32,60600,gender,Male,1.20947310029849,1.17953534660086,1.23941085399612,1
2014,32,68400,all,All,,,,
2014,32,68400,gender,Female,,,,
2014,32,68400,gender,Male,,,,
2014,33,45140,all,All,0.923411865406358,0.881236100096224,0.965587630716493,1
2014,33,45140,gender,Female,0.985352240561521,0.939296396465048,1.03140808465799,1
2014,33,45140,gender,Male,0.869998553392823,0.822666954020795,0.917330152764852,1
2014,33,50260,all,All,0.859131552500764,0.814312155722259,0.90395094927927,1
2014,33,50260,gender,Female,0.877416672888504,0.828204456259081,0.926628889517927,1
2014,33,50260,gender,Male,0.848617401234047,0.798551902914501,0.898682899553593,1
2014,34,13690,all,All,0.98628079144851,0.939888168058897,1.03267341483812,1
2014,34,13690,gender,Female,0.962361438183062,0.912957248636426,1.0117656277297,1
2014,34,13690,gender,Male,,,,
2014,34,21000,all,All,0.949632121867886,0.917135615788319,0.982128627947454,1
2014,34,21000,gender,Female,0.93762050874422,0.902037045534745,0.973203971953695,1
2014,34,21000,gender,Male,0.96461162312684,0.928232582658163,1.00099066359552,1
2014,34,36000,all,All,1.08803428217672,1.06011655867346,1.11595200567997,1
2014,34,36000,gender,Female,1.06743054367161,1.03743740144033,1.09742368590289,1
2014,34,36000,gender,Male,1.10400083561547,1.07216484770008,1.13583682353085,1
2014,34,51000,all,All,1.01805678473903,0.996010849449144,1.04010272002892,1
2014,34,51000,gender,Female,0.996124616683415,0.972523149606776,1.01972608376006,1
2014,34,51000,gender,Male,1.05212280415004,1.02689046726018,1.07735514103989,1
2014,34,57000,all,All,1.17519337698447,1.14651904215435,1.20386771181459,1
2014,34,57000,gender,Female,1.24170212185786,1.21084292989656,1.27256131381916,1
2014,34,57000,gender,Male,1.09656971022293,1.06395291079107,1.12918650965478,1
2014,34,74000,all,All,0.875836426288943,0.834947426023417,0.916725426554469,1
2014,34,74000,gender,Female,0.874714705310746,0.829951831755514,0.919477578865978,1
2014,34,74000,gender,Male,0.869437080461085,0.823498715305222,0.915375445616948,1
2014,35,02000,all,All,1.09968207731503,1.08780559352277,1.11155856110728,1
2014,35,02000,gender,Female,1.12387748080475,1.11101840181367,1.13673655979584,1
2014,35,02000,gender,Male,1.07341280661253,1.05998010479674,1.08684550842831,1
2014,35,39380,all,All,1.12929101615644,1.10515767883138,1.15342435348149,1
2014,35,39380,gender,Female,1.11038626616002,1.08452046441251,1.13625206790752,1
2014,35,39380,gender,Male,1.15393296385611,1.12637280390593,1.18149312380628,1
2014,35,63460,all,All,1.05454938084182,1.02632905028442,1.08276971139922,1
2014,35,63460,gender,Female,1.11301176697602,1.08271568059013,1.14330785336192,1
2014,35,63460,gender,Male,0.989849357870436,0.957673347986205,1.02202536775467,1
2014,35,70500,all,All,0.839106212597873,0.779660171517355,0.898552253678391,1
2014,35,70500,gender,Female,0.820602387266525,0.755535768987905,0.885669005545145,1
2014,35,70500,gender,Male,0.872165138037543,0.805568535680589,0.938761740394498,1
2014,36,01000,all,All,0.704248557901495,0.651732521705171,0.756764594097819,1
2014,36,01000,gender,Female,0.786242687397456,0.729847407341921,0.842637967452991,1
2014,36,01000,gender,Male,0.591217446575014,0.531357463040547,0.651077430109481,1
2014,36,11000,all,All,0.8656577138422,0.83575656872325,0.89555885896115,1
2014,36,11000,gender,Female,0.940920545466788,0.908881659792118,0.972959431141457,1
2014,36,11000,gender,Male,0.821837615800032,0.777247133743454,0.86642809785661,1
2014,36,50617,all,All,0.790376198235146,0.742080079438061,0.83867231703223,1
2014,36,50617,gender,Female,0.759103877541369,0.706257360173599,0.811950394909139,1
2014,36,50617,gender,Male,0.810614210491544,0.756509791966775,0.864718629016313,1
2014,36,51000,all,All,1.04076254395611,1.03571645928601,1.04580862862621,1
2014,36,51000,gender,Female,1.09126646348984,1.0858701218635,1.09666280511617,1
2014,36,51000,gender,Male,0.98604659420951,0.980271590813488,0.991821597605533,1
2014,36,63000,all,All,0.795424383960144,0.749492792446755,0.841355975473532,1
2014,36,63000,gender,Female,0.868155904440052,0.819275133588438,0.917036675291667,1
2014,36,63000,gender,Male,0.712680504920819,0.659857153996473,0.765503855845164,1
2014,36,73000,all,All,0.776691881345499,0.731626951175472,0.821756811515525,1
2014,36,73000,gender,Female,0.766168742548543,0.722248521562108,0.810088963534977,1
2014,36,73000,gender,Male,0.750902756641838,0.699548854229207,0.802256659054469,1
2014,36,84000,all,All,0.891808426097283,0.861550891705221,0.922065960489346,1
2014,36,84000,gender,Female,0.917483295218638,0.884124460722836,0.950842129714441,1
2014,36,84000,gender,Male,0.863216548556132,0.829546636487733,0.89688646062453,1
2014,37,02140,all,All,0.906565038137364,0.880130814411789,0.93299926186294,1
2014,37,02140,gender,Female,0.928150888289369,0.899316796300305,0.956984980278434,1
2014,37,02140,gender,Male,0.883845644619713,0.854151003429448,0.913540285809978,1
2014,37,10740,all,All,0.945115559983564,0.936054964526328,0.9541761554408,1
2014,37,10740,gender,Female,0.989077057636833,0.979405775379338,0.998748339894327,1
2014,37,10740,gender,Male,0.899718620699859,0.889330071087947,0.910107170311771,1
2014,37,12000,all,All,0.954970708529563,0.945632923302745,0.964308493756381,1
2014,37,12000,gender,Female,0.993336516326669,0.983341718062094,1.00333131459124,1
2014,37,12000,gender,Male,0.917015691186482,0.906338163088578,0.927693219284387,1
2014,37,14100,all,All,0.993173765893815,0.972717368811776,1.01363016297585,1
2014,37,14100,gender,Female,1.03528042544845,1.01310233348654,1.05745851741036,1
2014,37,14100,gender,Male,0.949692948362437,0.926584867576593,0.972801029148281,1
2014,37,19000,all,All,0.976720946511171,0.957707062887277,0.995734830135066,1
2014,37,19000,gender,Female,1.03115833917647,1.01075170893545,1.05156496941749,1
2014,37,19000,gender,Male,0.922939573899975,0.901254610813826,0.944624536986125,1
2014,37,22920,all,All,0.866297199873848,0.850450516203997,0.8821438835437,1
2014,37,22920,gender,Female,0.914606873765204,0.897398119306056,0.931815628224353,1
2014,37,22920,gender,Male,0.821620242628529,0.80374652726906,0.839493957987998,1
2014,37,25580,all,All,0.875357967546841,0.855633352906446,0.895082582187236,1
2014,37,25580,gender,Female,0.91304875181358,0.891468772292248,0.934628731334912,1
2014,37,25580,gender,Male,0.844802244827198,0.822703863973437,0.866900625680959,1
2014,37,28000,all,All,0.944970788313622,0.931595639205597,0.958345937421646,1
2014,37,28000,gender,Female,0.972482174014351,0.958092796525064,0.986871551503639,1
2014,37,28000,gender,Male,0.918334944242474,0.90311598384938,0.933553904635568,1
2014,37,28080,all,All,0.989720361250473,0.966354589691919,1.01308613280903,1
2014,37,28080,gender,Female,1.00375101361696,0.978400266770556,1.02910176046337,1
2014,37,28080,gender,Male,0.976450385289575,0.950073518722017,1.00282725185713,1
2014,37,31400,all,All,,,,
2014,37,31400,gender,Female,,,,
2014,37,31400,gender,Male,,,,
2014,37,55000,all,All,0.945115559983564,0.936054964526328,0.9541761554408,1
2014,37,55000,gender,Female,0.989077057636833,0.979405775379338,0.998748339894327,1
2014,37,55000,gender,Male,0.899718620699859,0.889330071087947,0.910107170311771,1
2014,37,74440,all,All,0.897446631095949,0.874758613290324,0.920134648901573,1
2014,37,74440,gender,Female,0.907197113059289,0.88258715120987,0.931807074908707,1
2014,37,74440,gender,Male,0.883957915466681,0.858340921753077,0.909574909180285,1
2014,37,75000,all,All,,,,
2014,37,75000,gender,Female,,,,
2014,37,75000,gender,Male,,,,
2014,38,25700,all,All,1.02615803935032,0.978148987455095,1.07416709124554,1
2014,38,25700,gender,Female,1.06753740071672,1.01548532631807,1.11958947511536,1
2014,38,25700,gender,Male,0.990506209159567,0.936275087421353,1.04473733089778,1
2014,39,01000,all,All,1.06268198735919,1.02301185854895,1.10235211616943,1
2014,39,01000,gender,Female,1.15523050117696,1.11232042918838,1.19814057316554,1
2014,39,01000,gender,Male,0.974891744935456,0.929972195039911,1.019811294831,1
2014,39,15000,all,All,1.0319689576857,0.983742539553643,1.08019537581776,1
2014,39,15000,gender,Female,1.10544948291789,1.05339729073385,1.15750167510194,1
2014,39,15000,gender,Male,0.95928940458353,0.904132461281982,1.01444634788508,1
2014,39,16000,all,All,1.03959345387257,1.01882978218424,1.06035712556091,1
2014,39,16000,gender,Female,1.09314986550764,1.07109551490704,1.11520421610825,1
2014,39,16000,gender,Male,0.993093594566732,0.969170801894293,1.01701638723917,1
2014,39,18000,all,All,1.07030255989476,1.04897292925053,1.091632190539,1
2014,39,18000,gender,Female,1.12655492427232,1.10374989150547,1.14935995703917,1
2014,39,18000,gender,Male,1.01338456858627,0.988971107554769,1.03779802961777,1
2014,39,21000,all,All,0.900622709734148,0.8566255388802,0.944619880588095,1
2014,39,21000,gender,Female,0.938669395037694,0.893436260202702,0.983902529872687,1
2014,39,21000,gender,Male,0.841773537248884,0.794352244284624,0.889194830213145,1
2014,39,61000,all,All,0.977868105992539,0.941397160490299,1.01433905149478,1
2014,39,61000,gender,Female,1.04210329252217,1.00392805827393,1.08027852677041,1
2014,39,61000,gender,Male,0.921427525539836,0.878765157265629,0.964089893814042,1
2014,39,77000,all,All,0.899234058568371,0.867955255335934,0.930512861800808,1
2014,39,77000,gender,Female,0.962675193930714,0.929028453332663,0.996321934528765,1
2014,39,77000,gender,Male,0.838085900338382,0.802493265746275,0.873678534930489,1
2014,40,09050,all,All,0.95289252170738,0.924043944725511,0.981741098689249,1
2014,40,09050,gender,Female,1.01652558984068,0.984795719356864,1.04825546032451,1
2014,40,09050,gender,Male,0.888754054280697,0.856581616800991,0.920926491760403,1
2014,40,23200,all,All,1.15810198451812,1.12363996679833,1.19256400223791,1
2014,40,23200,gender,Female,1.19898465260951,1.16240070929818,1.23556859592084,1
2014,40,23200,gender,Male,1.11589443173574,1.07616914325659,1.15561972021488,1
2014,40,41850,all,All,1.00129632853157,0.955369120901827,1.04722353616131,1
2014,40,41850,gender,Female,1.03803901381858,0.995741557492218,1.08033647014493,1
2014,40,41850,gender,Male,0.959494637190461,0.902035503824018,1.0169537705569,1
2014,40,52500,all,All,1.12570255216194,1.08505059365377,1.1663545106701,1
2014,40,52500,gender,Female,1.17727763346237,1.13842513454829,1.21613013237644,1
2014,40,52500,gender,Male,1.0831357011225,1.04160882732782,1.12466257491718,1
2014,40,55000,all,All,1.0756984011194,1.04216007053355,1.10923673170524,1
2014,40,55000,gender,Female,1.1349307321866,1.10007776736862,1.16978369700457,1
2014,40,55000,gender,Male,1.02578456233502,0.988504740373183,1.06306438429686,1
2014,40,75000,all,All,0.996397805260141,0.970927506154143,1.02186810436614,1
2014,40,75000,gender,Female,1.04751030178431,1.02145905590628,1.07356154766233,1
2014,40,75000,gender,Male,0.94731229157311,0.920001377126798,0.974623206019422,1
2014,41,05350,all,All,1.07918871141221,1.05870163236794,1.09967579045648,1
2014,41,05350,gender,Female,1.14751491602799,1.12565863185661,1.16937120019936,1
2014,41,05350,gender,Male,1.01037291589141,0.986870607642018,1.03387522414081,1
2014,41,05800,all,All,1.10120371246917,1.06892136665674,1.1334860582816,1
2014,41,05800,gender,Female,1.20202342951571,1.16707048341921,1.23697637561222,1
2014,41,05800,gender,Male,1.01269131434549,0.9761778456666,1.04920478302438,1
2014,41,23850,all,All,1.15291784966515,1.09630453465904,1.20953116467126,1
2014,41,23850,gender,Female,1.17424499414369,1.11648574589249,1.23200424239489,1
2014,41,23850,gender,Male,1.16651001430725,1.10606960534925,1.22695042326525,1
2014,41,31250,all,All,1.21475622986296,1.17730076645366,1.25221169327225,1
2014,41,31250,gender,Female,1.24465098386987,1.20417193503227,1.28513003270748,1
2014,41,31250,gender,Male,1.17963598837155,1.13719220627117,1.22207977047193,1
2014,41,34100,all,All,1.07289212809887,1.04511311150556,1.10067114469218,1
2014,41,34100,gender,Female,1.1401935384992,1.11025507140178,1.17013200559663,1
2014,41,34100,gender,Male,1.01288118216717,0.981325936282301,1.04443642805203,1
2014,41,47000,all,All,1.08424226594378,1.04713002927599,1.12135450261157,1
2014,41,47000,gender,Female,1.14345905632212,1.10383046545864,1.1830876471856,1
2014,41,47000,gender,Male,1.01668565562857,0.974149598699864,1.05922171255728,1
2014,41,59000,all,All,1.19649642780425,1.15750144141654,1.23549141419196,1
2014,41,59000,gender,Female,1.20506972206804,1.16466429921097,1.24547514492511,1
2014,41,59000,gender,Male,1.18938375265795,1.14400817828179,1.23475932703411,1
2014,41,64900,all,All,1.27115648486496,1.25078425013795,1.29152871959196,1
2014,41,64900,gender,Female,1.32083059670155,1.29904692096164,1.34261427244146,1
2014,41,64900,gender,Male,1.21995930465416,1.19664142061585,1.24327718869248,1
2014,42,02000,all,All,0.941732406227821,0.907523774589392,0.975941037866249,1
2014,42,02000,gender,Female,0.983782159438635,0.946268500193049,1.02129581868422,1
2014,42,02000,gender,Male,0.900799639048463,0.862615901970799,0.938983376126126,1
2014,42,06088,all,All,1.06945834991032,1.04059000996756,1.09832668985308,1
2014,42,06088,gender,Female,1.17035447705099,1.13901861685669,1.20169033724529,1
2014,42,06088,gender,Male,0.981509595297624,0.948917479754575,1.01410171084067,1
2014,42,24000,all,All,1.00317961407101,0.959303269944376,1.04705595819764,1
2014,42,24000,gender,Female,1.06718940949529,1.01931093404408,1.11506788494651,1
2014,42,24000,gender,Male,0.95035635843493,0.900989146946325,0.999723569923534,1
2014,42,60000,all,All,1.05475198173649,1.0462019018061,1.06330206166689,1
2014,42,60000,gender,Female,1.12052336230567,1.11127352169267,1.12977320291867,1
2014,42,60000,gender,Male,0.99055943738343,0.980870958544532,1.00024791622233,1
2014,42,61000,all,All,1.00516333312329,0.959273932202193,1.05105273404439,1
2014,42,61000,gender,Female,1.08704681527876,1.03798338247304,1.13611024808448,1
2014,42,61000,gender,Male,0.925756562382261,0.873255015029535,0.978258109734988,1
2014,42,63624,all,All,0.808057820946495,0.754293925430625,0.861821716462364,1
2014,42,63624,gender,Female,0.888565946478637,0.832048033474303,0.945083859482972,1
2014,42,63624,gender,Male,0.720003170200292,0.657376839587963,0.782629500812621,1
2014,42,69000,all,All,0.871272959766636,0.832916286071401,0.909629633461872,1
2014,42,69000,gender,Female,0.947517309797901,0.90671713135885,0.988317488236952,1
2014,42,69000,gender,Male,0.790378901833131,0.746224835277871,0.83453296838839,1
2014,44,19180,all,All,1.07419441458645,1.0282185862282,1.12017024294471,1
2014,44,19180,gender,Female,1.11205813829452,1.06209667138858,1.16201960520047,1
2014,44,19180,gender,Male,1.03235393881444,0.98052632374735,1.08418155388153,1
2014,44,54640,all,All,1.02187336299358,0.970228853943993,1.07351787204317,1
2014,44,54640,gender,Female,1.00578895657162,0.949415351936119,1.06216256120713,1
2014,44,54640,gender,Male,1.04096811286596,0.982990424781052,1.09894580095086,1
2014,44,59000,all,All,0.924394706901601,0.893289376936415,0.955500036866787,1
2014,44,59000,gender,Female,0.920289974679353,0.886496520205302,0.954083429153405,1
2014,44,59000,gender,Male,0.932073544848881,0.897002038209707,0.967145051488055,1
2014,44,74300,all,All,0.863795381721653,0.815625072537464,0.911965690905842,1
2014,44,74300,gender,Female,0.85457980957462,0.800689649026802,0.908469970122439,1
2014,44,74300,gender,Male,0.863485228241662,0.810538904514555,0.916431551968769,1
2014,45,13330,all,All,1.11316605350534,1.09558199554787,1.13075011146281,1
2014,45,13330,gender,Female,1.16147816118136,1.14255064285789,1.18040567950482,1
2014,45,13330,gender,Male,1.06497264817867,1.04497461261063,1.08497068374671,1
2014,45,16000,all,All,0.960290840839455,0.936852154827399,0.983729526851512,1
2014,45,16000,gender,Female,0.980057544418217,0.955124688625597,1.00499040021084,1
2014,45,16000,gender,Male,0.932311358750363,0.9053455708089,0.959277146691825,1
2014,45,48535,all,All,,,,
2014,45,48535,gender,Female,,,,
2014,45,48535,gender,Male,,,,
2014,45,50875,all,All,,,,
2014,45,50875,gender,Female,,,,
2014,45,50875,gender,Male,,,,
2014,46,59020,all,All,1.15908859520281,1.13141343001792,1.18676376038769,1
2014,46,59020,gender,Female,1.2371163292575,1.20665472443159,1.26757793408341,1
2014,46,59020,gender,Male,1.0892496290764,1.05840225253572,1.12009700561708,1
2014,47,14000,all,All,1.15219372147919,1.13459808114748,1.1697893618109,1
2014,47,14000,gender,Female,1.15884036681653,1.1396896866279,1.17799104700516,1
2014,47,14000,gender,Male,1.13760493949026,1.11779826137032,1.15741161761019,1
2014,47,15160,all,All,1.10729114765286,1.08633206033144,1.12825023497427,1
2014,47,15160,gender,Female,1.10366149968988,1.08115143209472,1.12617156728504,1
2014,47,15160,gender,Male,1.10839368012926,1.0845061734821,1.13228118677642,1
2014,47,27740,all,All,1.17294656732762,1.14886663965941,1.19702649499582,1
2014,47,27740,gender,Female,1.18701270158535,1.1612363416348,1.2127890615359,1
2014,47,27740,gender,Male,1.15051605265335,1.12297618000028,1.17805592530641,1
2014,47,40000,all,All,1.16872547106855,1.15336268374704,1.18408825839007,1
2014,47,40000,gender,Female,1.16478800481955,1.14817775134336,1.18139825829573,1
2014,47,40000,gender,Male,1.17185782727799,1.15445649931805,1.18925915523793,1
2014,47,48000,all,All,1.22365359528742,1.21295776775688,1.23434942281795,1
2014,47,48000,gender,Female,1.21136189406435,1.19986119124129,1.22286259688741,1
2014,47,48000,gender,Male,1.2348984688505,1.22272181398716,1.24707512371385,1
2014,47,51560,all,All,1.13762385630272,1.1115856317596,1.16366208084585,1
2014,47,51560,gender,Female,1.13672639747478,1.10864158918818,1.16481120576137,1
2014,47,51560,gender,Male,1.13317147713811,1.10360869798339,1.16273425629283,1
2014,47,52006,all,All,1.14460220170803,1.13144706210015,1.15775734131591,1
2014,47,52006,gender,Female,1.14799738736859,1.13384582189749,1.16214895283969,1
2014,47,52006,gender,Male,1.14415391971892,1.12918382908521,1.15912401035262,1
2014,48,01000,all,All,1.2088794363463,1.14269146188788,1.27506741080472,1
2014,48,01000,gender,Female,1.18732221876079,1.11795598546241,1.25668845205916,1
2014,48,01000,gender,Male,1.23291790150433,1.15561141425966,1.310224388749,1
2014,48,01924,all,All,0.921045440978178,0.863941085208534,0.978149796747822,1
2014,48,01924,gender,Female,0.632782511056979,0.571587439669525,0.693977582444433,1
2014,48,01924,gender,Male,1.01050478773643,0.945317920812523,1.07569165466034,1
2014,48,03000,all,All,0.943972129992587,0.894206091257545,0.99373816872763,1
2014,48,03000,gender,Female,1.03331180835243,0.979014961529361,1.08760865517549,1
2014,48,03000,gender,Male,0.875394640688137,0.818255897634995,0.932533383741279,1
2014,48,04000,all,All,0.973307614330757,0.94644415014304,1.00017107851847,1
2014,48,04000,gender,Female,0.994599488034674,0.965544502132082,1.02365447393727,1
2014,48,04000,gender,Male,0.958142029294578,0.9277288545749,0.988555204014257,1
2014,48,05000,all,All,0.872725839695452,0.840397696409345,0.905053982981558,1
2014,48,05000,gender,Female,0.896345354731824,0.861754529665001,0.930936179798645,1
2014,48,05000,gender,Male,0.831732533393731,0.794764723452305,0.868700343335158,1
2014,48,06128,all,All,1.00299023312253,0.929612277904782,1.07636818834028,1
2014,48,06128,gender,Female,1.07957397778838,1.00064819753107,1.15849975804569,1
2014,48,06128,gender,Male,0.940669398487905,0.857320329402292,1.02401846757352,1
2014,48,07000,all,All,0.812965697953808,0.761846399301211,0.864084996606405,1
2014,48,07000,gender,Female,0.969414804208434,0.91437689403729,1.02445271437958,1
2014,48,07000,gender,Male,0.677499349985562,0.619374553842565,0.735624146128559,1
2014,48,10768,all,All,1.06944632878648,1.03950651892442,1.09938613864855,1
2014,48,10768,gender,Female,1.10138546495589,1.06925311499036,1.13351781492141,1
2014,48,10768,gender,Male,1.03773008020614,1.00357772432431,1.07188243608797,1
2014,48,10912,all,All,0.851338062488983,0.797574467898854,0.905101657079112,1
2014,48,10912,gender,Female,0.900836509318539,0.842879739157725,0.958793279479354,1
2014,48,10912,gender,Male,0.824052482017292,0.762979111644159,0.885125852390425,1
2014,48,13024,all,All,0.812311373843363,0.770974399503129,0.853648348183598,1
2014,48,13024,gender,Female,0.893092309546131,0.847392279300912,0.93879233979135,1
2014,48,13024,gender,Male,0.746878064867128,0.700980132368584,0.792775997365671,1
2014,48,13552,all,All,,,,
2014,48,13552,gender,Female,,,,
2014,48,13552,gender,Male,,,,
2014,48,15976,all,All,1.17322247727102,1.10830231414143,1.23814264040061,1
2014,48,15976,gender,Female,1.12915165498385,1.05964295045754,1.19866035951016,1
2014,48,15976,gender,Male,1.22067821767105,1.14646398275371,1.29489245258839,1
2014,48,16432,all,All,1.00087018121293,0.97136337433231,1.03037698809355,1
2014,48,16432,gender,Female,1.02780835829089,0.996143900225394,1.05947281635639,1
2014,48,16432,gender,Male,0.975711725397124,0.94205603937061,1.00936741142364,1
2014,48,17000,all,All,0.924880537108298,0.867693344418036,0.982067729798559,1
2014,48,17000,gender,Female,0.999841397111738,0.93724931726647,1.06243347695701,1
2014,48,17000,gender,Male,0.863589256353416,0.7988204016424,0.928358111064432,1
2014,48,19000,all,All,1.02776816704761,1.00885583620246,1.04668049789276,1
2014,48,19000,gender,Female,1.04320920112998,1.02299645607953,1.06342194618043,1
2014,48,19000,gender,Male,1.01745710625094,0.994911094545893,1.04000311795599,1
2014,48,19972,all,All,0.972737977101784,0.929994361223249,1.01548159298032,1
2014,48,19972,gender,Female,1.10566933928287,1.06027013134691,1.15106854721882,1
2014,48,19972,gender,Male,0.867184451165895,0.817934220545208,0.916434681786582,1
2014,48,22660,all,All,0.730195431253371,0.692131695650914,0.768259166855829,1
2014,48,22660,gender,Female,0.698345566529438,0.656871826720427,0.739819306338449,1
2014,48,22660,gender,Male,0.764790805135616,0.721972726910603,0.807608883360629,1
2014,48,24000,all,All,0.992142471178706,0.9569891619096,1.02729578044781,1
2014,48,24000,gender,Female,0.99969452070703,0.961877731210762,1.0375113102033,1
2014,48,24000,gender,Male,0.983663575459583,0.943654587527865,1.0236725633913,1
2014,48,26232,all,All,0.995481173706559,0.966185359348094,1.02477698806502,1
2014,48,26232,gender,Female,1.0204019444413,0.988606722705359,1.05219716617723,1
2014,48,26232,gender,Male,0.973669784198243,0.940601786688763,1.00673778170772,1
2014,48,27000,all,All,0.920638927972778,0.887669143376719,0.953608712568836,1
2014,48,27000,gender,Female,0.919480150297414,0.88390736347219,0.955052937122638,1
2014,48,27000,gender,Male,0.928710874986849,0.891290855338276,0.966130894635421,1
2014,48,27684,all,All,1.10562681902971,1.07419332031336,1.13706031774606,1
2014,48,27684,gender,Female,1.16212679988278,1.12869216457742,1.19556143518814,1
2014,48,27684,gender,Male,1.07315170143828,1.03697916102097,1.10932424185559,1
2014,48,29000,all,All,0.856422549756938,0.828330851925432,0.884514247588444,1
2014,48,29000,gender,Female,0.914434382194869,0.884018352098188,0.944850412291549,1
2014,48,29000,gender,Male,0.81051922449922,0.778747389847793,0.842291059150647,1
2014,48,30464,all,All,0.92629051998599,0.885462100876536,0.967118939095444,1
2014,48,30464,gender,Female,0.940186274534679,0.896637872866122,0.983734676203235,1
2014,48,30464,gender,Male,0.913558042265094,0.866711344023027,0.96040474050716,1
2014,48,35000,all,All,1.0010313619614,0.977082257645502,1.0249804662773,1
2014,48,35000,gender,Female,1.02951295051859,1.00379476161892,1.05523113941827,1
2014,48,35000,gender,Male,0.973997840719698,0.946696368304753,1.00129931313464,1
2014,48,37000,all,All,1.12356618445424,1.0865941514857,1.16053821742279,1
2014,48,37000,gender,Female,1.11636226266976,1.07690198644444,1.15582253889508,1
2014,48,37000,gender,Male,1.12264439181851,1.08024075653939,1.16504802709763,1
2014,48,39148,all,All,0.974055468599593,0.939021173541867,1.00908976365732,1
2014,48,39148,gender,Female,1.02746961784872,0.989498824520888,1.06544041117655,1
2014,48,39148,gender,Male,0.924783399531368,0.885187048162255,0.96437975090048,1
2014,48,41464,all,All,1.14236275648234,1.10530952602289,1.17941598694179,1
2014,48,41464,gender,Female,1.18288221819047,1.14292270678529,1.22284172959564,1
2014,48,41464,gender,Male,1.108110772092,1.06604749947312,1.15017404471088,1
2014,48,41980,all,All,0.863851880280923,0.829491025751081,0.898212734810766,1
2014,48,41980,gender,Female,0.946190079539181,0.909405198949201,0.98297496012916,1
2014,48,41980,gender,Male,0.802183967843896,0.762899356632775,0.841468579055017,1
2014,48,42508,all,All,,,,
2014,48,42508,gender,Female,,,,
2014,48,42508,gender,Male,,,,
2014,48,43888,all,All,0.968095973155584,0.873428152262922,1.06276379404825,1
2014,48,43888,gender,Female,1.03416429006724,0.932385241455609,1.13594333867886,1
2014,48,43888,gender,Male,0.92035081580391,0.812568140555736,1.02813349105208,1
2014,48,45000,all,All,1.00398008715108,0.949004708622281,1.05895546567988,1
2014,48,45000,gender,Female,1.07975886170635,1.02195335315786,1.13756437025485,1
2014,48,45000,gender,Male,0.912301241472148,0.84830932460535,0.976293158338947,1
2014,48,45384,all,All,0.837544572358816,0.79480935845697,0.880279786260662,1
2014,48,45384,gender,Female,0.889547563276958,0.843440470988903,0.935654655565014,1
2014,48,45384,gender,Male,0.794053583197879,0.745558627895084,0.842548538500673,1
2014,48,45744,all,All,1.17053752516001,1.12822817182379,1.21284687849622,1
2014,48,45744,gender,Female,1.16546592047392,1.12012585307505,1.21080598787279,1
2014,48,45744,gender,Male,1.17862128446818,1.13029807022217,1.22694449871419,1
2014,48,47892,all,All,0.898577471847437,0.864144348633644,0.933010595061231,1
2014,48,47892,gender,Female,0.91615691372447,0.879244109218471,0.953069718230469,1
2014,48,47892,gender,Male,0.885011571878307,0.845685315958721,0.924337827797894,1
2014,48,48072,all,All,0.963216832240952,0.910590457863778,1.01584320661813,1
2014,48,48072,gender,Female,1.01058785457575,0.953017092187802,1.06815861696369,1
2014,48,48072,gender,Male,0.930693211397862,0.871756828056847,0.989629594738877,1
2014,48,48768,all,All,1.10833917309995,1.05051607652912,1.16616226967078,1
2014,48,48768,gender,Female,1.04506067270173,0.982451379683808,1.10766996571966,1
2014,48,48768,gender,Male,1.15652183319223,1.0911288104503,1.22191485593417,1
2014,48,50820,all,All,1.02665986086524,0.969634259910382,1.0836854618201,1
2014,48,50820,gender,Female,1.06563767723315,1.00418432873229,1.12709102573402,1
2014,48,50820,gender,Male,0.998773864626352,0.93399507415093,1.06355265510177,1
2014,48,53388,all,All,0.952107866939677,0.913408582209883,0.990807151669471,1
2014,48,53388,gender,Female,1.00349283566457,0.961498264580326,1.04548740674882,1
2014,48,53388,gender,Male,0.909833519665189,0.866154390730879,0.953512648599499,1
2014,48,56000,all,All,1.11161867640393,1.08197417900303,1.14126317380484,1
2014,48,56000,gender,Female,1.19015617655456,1.15818135619459,1.22213099691452,1
2014,48,56000,gender,Male,1.04148338021441,1.00783460566499,1.07513215476382,1
2014,48,56348,all,All,1.01229082368553,0.964559858980359,1.06002178839069,1
2014,48,56348,gender,Female,1.06393535819031,1.01278443056639,1.11508628581422,1
2014,48,56348,gender,Male,0.988742060994212,0.934227509115795,1.04325661287263,1
2014,48,57200,all,All,0.796649147416087,0.751018523402912,0.842279771429263,1
2014,48,57200,gender,Female,0.905203460958436,0.856714865658219,0.953692056258652,1
2014,48,57200,gender,Male,0.688986776360099,0.636442111545157,0.741531441175041,1
2014,48,58016,all,All,1.10426459008411,1.07531287353201,1.13321630663621,1
2014,48,58016,gender,Female,1.09985215526364,1.06911465031267,1.1305896602146,1
2014,48,58016,gender,Male,1.11290370758713,1.07952697467246,1.1462804405018,1
2014,48,61796,all,All,0.912472431413667,0.877027348434864,0.94791751439247,1
2014,48,61796,gender,Female,0.954503535767952,0.916114589541076,0.992892481994828,1
2014,48,61796,gender,Male,0.87727158084075,0.837186220042999,0.917356941638501,1
2014,48,63500,all,All,1.0460798873788,1.01488329556471,1.0772764791929,1
2014,48,63500,gender,Female,1.10994703464047,1.0762313760444,1.14366269323655,1
2014,48,63500,gender,Male,0.999863644227364,0.964517208118288,1.03521008033644,1
2014,48,64472,all,All,1.06844694074507,1.00144688079433,1.13544700069581,1
2014,48,64472,gender,Female,1.1178193308659,1.04706208680482,1.18857657492698,1
2014,48,64472,gender,Male,1.02085228613393,0.943311626587066,1.0983929456808,1
2014,48,65000,all,All,1.0152982310593,0.979262013541184,1.05133444857742,1
2014,48,65000,gender,Female,1.03811673554953,0.999646359312177,1.07658711178688,1
2014,48,65000,gender,Male,0.995409011449159,0.954197203004388,1.03662081989393,1
2014,48,70808,all,All,1.04017491758478,1.01493717827299,1.06541265689657,1
2014,48,70808,gender,Female,1.08134153095637,1.05392920491176,1.10875385700098,1
2014,48,70808,gender,Male,1.00710544023108,0.978644646171074,1.03556623429109,1
2014,48,72176,all,All,0.920018267775743,0.844060555728064,0.995975979823422,1
2014,48,72176,gender,Female,1.14000010096458,1.05883914749301,1.22116105443615,1
2014,48,72176,gender,Male,0.747738319530437,0.660633921704487,0.834842717356386,1
2014,48,74144,all,All,1.10056979475726,1.04134719707802,1.15979239243651,1
2014,48,74144,gender,Female,1.14201006749492,1.07901893144399,1.20500120354585,1
2014,48,74144,gender,Male,1.0709118218544,1.00286680317485,1.13895684053395,1
2014,48,76000,all,All,0.996325750304389,0.904620256294587,1.08803124431419,1
2014,48,76000,gender,Female,1.03047101834027,0.942266309999238,1.1186757266813,1
2014,48,76000,gender,Male,0.977822043973148,0.879808400694408,1.07583568725189,1
2014,48,79000,all,All,0.904205251540026,0.833380700686583,0.975029802393469,1
2014,48,79000,gender,Female,0.991566974223752,0.917509197892073,1.06562475055543,1
2014,48,79000,gender,Male,0.820283453350526,0.737320081499319,0.903246825201732,1
2014,49,43660,all,All,,,,
2014,49,43660,gender,Female,,,,
2014,49,43660,gender,Male,,,,
2014,49,44320,all,All,,,,
2014,49,44320,gender,Female,,,,
2014,49,44320,gender,Male,,,,
2014,49,55980,all,All,1.21783049243695,1.19443319207591,1.24122779279798,1
2014,49,55980,gender,Female,1.24876434717627,1.22390906704116,1.27361962731138,1
2014,49,55980,gender,Male,1.15837554831258,1.12584771469779,1.19090338192737,1
2014,49,57300,all,All,,,,
2014,49,57300,gender,Female,,,,
2014,49,57300,gender,Male,,,,
2014,49,62470,all,All,1.09367885824816,1.06308456773312,1.12427314876321,1
2014,49,62470,gender,Female,1.1672500335319,1.13449948858561,1.20000057847818,1
2014,49,62470,gender,Male,1.01303412849261,0.978052935953152,1.04801532103206,1
2014,49,65330,all,All,1.33186476228918,1.30946339294835,1.35426613163001,1
2014,49,65330,gender,Female,1.3633796830963,1.33940065832752,1.38735870786507,1
2014,49,65330,gender,Male,1.30590772767698,1.2802939024948,1.33152155285916,1
2014,49,67000,all,All,1.11119853168575,1.09522619319221,1.12717087017929,1
2014,49,67000,gender,Female,1.15064583017797,1.13355368579594,1.16773797456,1
2014,49,67000,gender,Male,1.06620687649743,1.04793878733502,1.08447496565984,1
2014,49,67440,all,All,1.26902963990893,1.25006002524319,1.28799925457467,1
2014,49,67440,gender,Female,1.26930475635762,1.24888019436396,1.28972931835129,1
2014,49,67440,gender,Male,1.26240633331339,1.24083825034319,1.2839744162836,1
2014,49,70850,all,All,,,,
2014,49,70850,gender,Female,,,,
2014,49,70850,gender,Male,,,,
2014,49,82950,all,All,1.23443701279997,1.21910878358344,1.24976524201651,1
2014,49,82950,gender,Female,1.27499800582282,1.25851810288021,1.29147790876542,1
2014,49,82950,gender,Male,1.19205876981181,1.17460659265606,1.20951094696756,1
2014,49,83470,all,All,,,,
2014,49,83470,gender,Female,,,,
2014,49,83470,gender,Male,,,,
2014,51,01000,all,All,0.805897369144646,0.772348141997059,0.839446596292232,1
2014,51,01000,gender,Female,0.83435732721388,0.798081591858988,0.870633062568772,1
2014,51,01000,gender,Male,0.788004694573956,0.750011655809284,0.825997733338629,1
2014,51,16000,all,All,0.998275914194958,0.979462638495182,1.01708918989473,1
2014,51,16000,gender,Female,1.03189596695173,1.01201334404452,1.05177858985895,1
2014,51,16000,gender,Male,0.958493987153562,0.936706467655192,0.980281506651933,1
2014,51,35000,all,All,1.08618296614467,1.06039288204302,1.11197305024632,1
2014,51,35000,gender,Female,1.10743745867466,1.07953900671496,1.13533591063436,1
2014,51,35000,gender,Male,1.06718583886246,1.03799197191088,1.09637970581405,1
2014,51,47672,all,All,0.733976530106475,0.692677702575392,0.775275357637559,1
2014,51,47672,gender,Female,0.768325738509494,0.723844749785338,0.812806727233651,1
2014,51,47672,gender,Male,0.692877891754227,0.645921466947154,0.739834316561299,1
2014,51,56000,all,All,0.961797436585259,0.939863930136415,0.983730943034102,1
2014,51,56000,gender,Female,0.974307664191863,0.951053202271021,0.997562126112705,1
2014,51,56000,gender,Male,0.937396015701707,0.91207044714229,0.962721584261124,1
2014,51,57000,all,All,0.870632723293625,0.849595213682362,0.891670232904888,1
2014,51,57000,gender,Female,0.894074978770834,0.871625323413115,0.916524634128553,1
2014,51,57000,gender,Male,0.8483652531619,0.824238143168994,0.872492363154807,1
2014,51,64000,all,All,0.895160717690605,0.864287517727261,0.926033917653949,1
2014,51,64000,gender,Female,0.877892364848691,0.845561135966834,0.910223593730548,1
2014,51,64000,gender,Male,0.907686450695831,0.871573635042207,0.943799266349454,1
2014,51,67000,all,All,0.433129125039612,0.408116671620483,0.458141578458742,1
2014,51,67000,gender,Female,0.503541846119325,0.476583316560444,0.530500375678206,1
2014,51,67000,gender,Male,0.362094915395126,0.333681660226689,0.390508170563563,1
2014,51,68000,all,All,1.01990763265485,0.987977382726989,1.05183788258272,1
2014,51,68000,gender,Female,1.0369573727002,1.00217613178293,1.07173861361748,1
2014,51,68000,gender,Male,1.00297435339466,0.967059980781491,1.03888872600784,1
2014,51,76432,all,All,0.864186319117224,0.832714748498273,0.895657889736176,1
2014,51,76432,gender,Female,0.888731701891464,0.854857019297768,0.922606384485161,1
2014,51,76432,gender,Male,0.835635206269904,0.799841815253934,0.871428597285875,1
2014,51,82000,all,All,0.997740798319072,0.983797425099732,1.01168417153841,1
2014,51,82000,gender,Female,1.00468513552354,0.989700576516777,1.0196696945303,1
2014,51,82000,gender,Male,0.988780616601763,0.972898696898763,1.00466253630476,1
2014,53,03180,all,All,1.12571620487086,1.06676891165771,1.18466349808402,1
2014,53,03180,gender,Female,1.24261173186434,1.17938862455564,1.30583483917305,1
2014,53,03180,gender,Male,1.03102483785539,0.963739820145236,1.09830985556553,1
2014,53,05210,all,All,1.29500884925295,1.24220632211795,1.34781137638794,1
2014,53,05210,gender,Female,1.28940618522314,1.23151801303657,1.34729435740971,1
2014,53,05210,gender,Male,1.29068389696814,1.2316304648396,1.34973732909668,1
2014,53,05280,all,All,1.29257268165706,1.20503178017759,1.38011358313653,1
2014,53,05280,gender,Female,1.30343620483923,1.20907730340057,1.39779510627789,1
2014,53,05280,gender,Male,1.28292697912283,1.18407294784214,1.38178101040352,1
2014,53,22640,all,All,1.28991767084339,1.23665254257127,1.34318279911552,1
2014,53,22640,gender,Female,1.29931701470386,1.24211394308844,1.35652008631929,1
2014,53,22640,gender,Male,1.28255127248397,1.22186008082861,1.34324246413932,1
2014,53,23515,all,All,1.10034833580399,1.05241441961917,1.14828225198881,1
2014,53,23515,gender,Female,1.19427308112801,1.14242786530489,1.24611829695113,1
2014,53,23515,gender,Male,1.02449856835082,0.970231114435603,1.07876602226604,1
2014,53,35275,all,All,0.922351009949208,0.858320354482769,0.986381665415646,1
2014,53,35275,gender,Female,0.946043798999462,0.875042204642514,1.01704539335641,1
2014,53,35275,gender,Male,0.908486155320313,0.837600255269971,0.979372055370654,1
2014,53,35415,all,All,1.53648557900653,1.49388936380989,1.57908179420317,1
2014,53,35415,gender,Female,1.56961966557907,1.5233047254072,1.61593460575094,1
2014,53,35415,gender,Male,1.50126786205444,1.45326730599758,1.54926841811131,1
2014,53,35940,all,All,,,,
2014,53,35940,gender,Female,,,,
2014,53,35940,gender,Male,,,,
2014,53,53545,all,All,1.37227384373822,1.31889720098352,1.42565048649293,1
2014,53,53545,gender,Female,1.44875098475234,1.39136665847869,1.50613531102599,1
2014,53,53545,gender,Male,1.28994262009611,1.22916687103609,1.35071836915613,1
2014,53,57745,all,All,1.15591796793185,1.09944045573947,1.21239548012423,1
2014,53,57745,gender,Female,1.12104904154226,1.05918220202849,1.18291588105603,1
2014,53,57745,gender,Male,1.207741694335,1.14451198614189,1.2709714025281,1
2014,53,63000,all,All,1.20226701267885,1.17035151591329,1.2341825094444,1
2014,53,63000,gender,Female,1.20872875047368,1.17479607275063,1.24266142819672,1
2014,53,63000,gender,Male,1.21698359103214,1.18023907424212,1.25372810782215,1
2014,53,67000,all,All,1.10522795196761,1.04967527720616,1.16078062672905,1
2014,53,67000,gender,Female,1.12909558711608,1.06814246279681,1.19004871143534,1
2014,53,67000,gender,Male,1.10125766332843,1.03918174421053,1.16333358244633,1
2014,53,67167,all,All,,,,
2014,53,67167,gender,Female,,,,
2014,53,67167,gender,Male,,,,
2014,53,70000,all,All,1.21202732525979,1.15650179698129,1.26755285353828,1
2014,53,70000,gender,Female,1.27374605734262,1.21430618428135,1.33318593040388,1
2014,53,70000,gender,Male,1.15552218708983,1.09194924255688,1.21909513162277,1
2014,53,74060,all,All,1.2543244035518,1.20995870826871,1.2986900988349,1
2014,53,74060,gender,Female,1.28286384546132,1.23534191489188,1.33038577603077,1
2014,53,74060,gender,Male,1.21624635539944,1.16556353297354,1.26692917782533,1
2014,53,80010,all,All,1.01410279395411,0.941566309282508,1.08663927862571,1
2014,53,80010,gender,Female,1.02897652746583,0.951621876371215,1.10633117856044,1
2014,53,80010,gender,Male,0.991849062018337,0.908587003847789,1.07511112018889,1
2014,55,02375,all,All,1.14170558875651,1.10073770170787,1.18267347580514,1
2014,55,02375,gender,Female,1.147280427142,1.10322569517603,1.19133515910796,1
2014,55,02375,gender,Male,1.14365479752662,1.09701001932818,1.19029957572505,1
2014,55,31000,all,All,0.96760847042555,0.930659077635515,1.00455786321558,1
2014,55,31000,gender,Female,1.03783535530278,0.997790825928254,1.07787988467731,1
2014,55,31000,gender,Male,0.905236773507942,0.863508075202871,0.946965471813012,1
2014,55,39225,all,All,1.01786163579724,0.990150900469492,1.04557237112499,1
2014,55,39225,gender,Female,1.103161467116,1.07635290687897,1.12997002735303,1
2014,55,39225,gender,Male,0.943005534087759,0.914771034101574,0.971240034073944,1
2014,55,48000,all,All,1.08928060347961,1.05827736125834,1.12028384570088,1
2014,55,48000,gender,Female,1.17019585748965,1.13710466091459,1.20328705406472,1
2014,55,48000,gender,Male,1.02048982348421,0.984940630403836,1.05603901656459,1
2014,55,53000,all,All,1.14667591050779,1.13000273210786,1.16334908890773,1
2014,55,53000,gender,Female,1.16764109056685,1.14964779152034,1.18563438961337,1
2014,55,53000,gender,Male,1.12963586779064,1.11070751274042,1.14856422284086,1
2014,55,66000,all,All,0.904879789638965,0.878046780784312,0.931712798493618,1
2014,55,66000,gender,Female,0.951491512978389,0.92216679555527,0.980816230401507,1
2014,55,66000,gender,Male,0.871974329696337,0.841794416092915,0.902154243299759,1
