year,state,county,count_homeless,count_homeless_lb,count_homeless_ub,share_homeless,count_homeless_quality,share_homeless_quality
2014,01,001,73,73,73,0.0075538079,1,1
2014,01,003,356,356,356,0.0116355079,1,1
2014,01,005,,,,,,
2014,01,007,31,31,31,0.0092344355,1,1
2014,01,009,179,179,179,0.0187101495,1,1
2014,01,011,,,,,,
2014,01,013,189,189,189,0.0592290818,1,1
2014,01,015,828,827,829,0.0451349141,1,1
2014,01,017,33,33,33,0.0070497757,1,1
2014,01,019,456,456,456,0.1126760563,1,1
2014,01,021,25,25,25,0.0032808399,3,3
2014,01,023,,,,,,
2014,01,025,26,26,26,0.0060648472,3,3
2014,01,027,,,,,,
2014,01,029,32,32,32,0.0118650352,1,1
2014,01,031,291,291,291,0.0310897436,1,1
2014,01,033,300,299,301,0.0447694374,1,1
2014,01,035,14,14,14,0.0091863517,3,3
2014,01,037,40,40,40,0.0380228137,1,1
2014,01,039,40,40,40,0.0064319022,1,1
2014,01,041,,,,,,
2014,01,043,59,59,59,0.0046003899,1,1
2014,01,045,42,42,42,0.0066027354,1,1
2014,01,047,436,436,436,0.0618527451,1,1
2014,01,049,452,452,452,0.0505084367,1,1
2014,01,051,134,134,134,0.010190889,1,1
2014,01,053,17,17,17,0.0038116592,3,3
2014,01,055,235,235,235,0.0147132482,1,1
2014,01,057,41,41,41,0.016872428,1,1
2014,01,059,,,,,,
2014,01,061,42,42,42,0.0104790419,1,1
2014,01,063,51,51,51,0.0407348243,1,1
2014,01,065,,,,,,
2014,01,067,19,19,19,0.0074451411,3,3
2014,01,069,954,954,954,0.0607953097,1,1
2014,01,071,15,15,15,0.0018357606,3,3
2014,01,073,1988,1988,1988,0.0190946376,1,1
2014,01,075,26,26,26,0.0109658372,3,3
2014,01,077,269,269,269,0.0207321773,1,1
2014,01,079,414,414,414,0.0826347305,1,1
2014,01,081,54,54,54,0.002422285,1,1
2014,01,083,188,188,188,0.0152795839,1,1
2014,01,085,117,117,117,0.0738636364,1,1
2014,01,087,55,55,55,0.0255932992,1,1
2014,01,089,460,460,460,0.008677608,1,1
2014,01,091,,,,,,
2014,01,093,52,52,52,0.0110099513,1,1
2014,01,095,564,564,564,0.0324063434,1,1
2014,01,097,6036,6036,6036,0.0957851974,1,1
2014,01,099,,,,,,
2014,01,101,953,953,953,0.0300479253,1,1
2014,01,103,285,285,285,0.0146846661,1,1
2014,01,105,206,206,206,0.1256097561,1,1
2014,01,107,,,,,,
2014,01,109,151,151,151,0.0353629977,1,1
2014,01,111,26,25,27,0.0069093808,3,3
2014,01,113,131,131,131,0.0123178185,1,1
2014,01,115,398,398,398,0.0307051381,1,1
2014,01,117,369,369,369,0.0126725737,1,1
2014,01,119,14,14,14,0.0083234245,3,3
2014,01,121,248,248,248,0.0245398773,1,1
2014,01,123,12,12,12,0.003868472,3,3
2014,01,125,593,593,593,0.0209807529,1,1
2014,01,127,130,130,130,0.0163645519,1,1
2014,01,129,41,41,41,0.0135896586,1,1
2014,01,131,132,132,132,0.0725274725,1,1
2014,01,133,,,,,,
2014,02,013,,,,,,
2014,02,016,,,,,,
2014,02,020,2217,2217,2217,0.0458086245,1,1
2014,02,050,53,53,53,0.0123831776,1,1
2014,02,060,,,,,,
2014,02,068,,,,,,
2014,02,070,,,,,,
2014,02,090,368,368,368,0.0265454808,1,1
2014,02,100,,,,,,
2014,02,105,15,15,15,0.1282051282,3,3
2014,02,110,180,180,180,0.0374609781,1,1
2014,02,122,243,243,243,0.0269341609,1,1
2014,02,130,18,18,18,0.007751938,3,3
2014,02,150,17,17,17,0.0068631409,3,3
2014,02,164,,,,,,
2014,02,170,879,879,879,0.0487574884,1,1
2014,02,180,25,25,25,0.0098347758,3,3
2014,02,185,,,,,,
2014,02,188,,,,,,
2014,02,195,,,,,,
2014,02,198,,,,,,
2014,02,220,50,50,50,0.0373971578,1,1
2014,02,230,,,,,,
2014,02,240,,,,,,
2014,02,261,18,18,18,0.0300500835,3,3
2014,02,270,,,,,,
2014,02,275,,,,,,
2014,02,282,,,,,,
2014,02,290,13,13,13,0.0024262785,3,3
2014,04,001,78,78,78,0.0347748551,1,1
2014,04,003,681,678,684,0.0406785736,1,1
2014,04,005,430,428,432,0.0319014764,1,1
2014,04,007,633,633,633,0.1128543412,1,1
2014,04,009,32,31,33,0.0069853744,2,2
2014,04,011,,,,,,
2014,04,012,18,17,19,0.0085714286,3,3
2014,04,013,18484,18467,18501,0.0289041023,1,1
2014,04,015,639,638,640,0.0470961085,1,1
2014,04,017,396,396,396,0.0262408058,1,1
2014,04,019,5398,5395,5401,0.0407257912,1,1
2014,04,021,940,935,945,0.0219027425,1,1
2014,04,023,181,179,183,0.0192430364,1,1
2014,04,025,1169,1166,1172,0.0596306876,1,1
2014,04,027,348,347,349,0.0110483205,1,1
2014,05,001,44,44,44,0.014735432,1,1
2014,05,003,31,31,31,0.0078282828,1,1
2014,05,005,137,137,137,0.0264683153,1,1
2014,05,007,798,797,799,0.0191624244,1,1
2014,05,009,277,277,277,0.0444194997,1,1
2014,05,011,32,32,32,0.0153403643,1,1
2014,05,013,28,28,28,0.0505415162,3,3
2014,05,015,111,111,111,0.0279034691,1,1
2014,05,017,,,,,,
2014,05,019,41,41,41,0.0149744339,1,1
2014,05,021,22,22,22,0.0085903944,3,3
2014,05,023,72,71,73,0.0212139069,1,1
2014,05,025,28,28,28,0.0185307743,3,3
2014,05,027,24,24,24,0.0078869537,3,3
2014,05,029,218,218,218,0.0768959436,1,1
2014,05,031,495,493,497,0.0267799178,1,1
2014,05,033,408,408,408,0.0368696909,1,1
2014,05,035,114,114,114,0.0117428925,1,1
2014,05,037,142,142,142,0.040981241,1,1
2014,05,039,,,,,,
2014,05,041,31,31,31,0.0114687384,1,1
2014,05,043,,,,,,
2014,05,045,579,579,579,0.0305896027,1,1
2014,05,047,69,69,69,0.0246252677,1,1
2014,05,049,49,48,50,0.0298053528,1,1
2014,05,051,292,291,293,0.020579322,1,1
2014,05,053,36,36,36,0.0598006645,1,1
2014,05,055,169,169,169,0.0216889117,1,1
2014,05,057,95,94,96,0.029539801,1,1
2014,05,059,145,145,145,0.027173913,1,1
2014,05,061,11,11,11,0.0111223458,3,3
2014,05,063,275,275,275,0.0426819804,1,1
2014,05,065,64,63,65,0.0363636364,1,1
2014,05,067,102,102,102,0.074670571,1,1
2014,05,069,74,72,76,0.0085174954,2,2
2014,05,071,270,270,270,0.0578158458,1,1
2014,05,073,,,,,,
2014,05,075,128,127,129,0.0401379743,1,1
2014,05,077,23,23,23,0.0266821346,3,3
2014,05,079,28,28,28,0.0170731707,3,3
2014,05,081,25,24,26,0.0128336756,3,3
2014,05,083,232,232,232,0.0653153153,1,1
2014,05,085,138,138,138,0.0100334448,1,1
2014,05,087,99,99,99,0.0421276596,1,1
2014,05,089,108,108,108,0.0674157303,1,1
2014,05,091,69,69,69,0.0100627096,1,1
2014,05,093,377,377,377,0.0477698936,1,1
2014,05,095,93,93,93,0.0831842576,1,1
2014,05,097,38,38,38,0.0350230415,1,1
2014,05,099,,,,,,
2014,05,101,35,35,35,0.0269853508,1,1
2014,05,103,28,28,28,0.0066603235,3,3
2014,05,105,,,,,,
2014,05,107,11,9,13,0.0042421905,3,3
2014,05,109,123,122,124,0.0602941176,1,1
2014,05,111,196,196,196,0.0456132185,1,1
2014,05,113,25,25,25,0.0100280786,3,3
2014,05,115,336,336,336,0.033293698,1,1
2014,05,117,41,41,41,0.0326173429,1,1
2014,05,119,1318,1312,1324,0.0227720377,1,1
2014,05,121,115,115,115,0.0473445862,1,1
2014,05,123,43,42,44,0.010588525,1,1
2014,05,125,187,187,187,0.0110657435,1,1
2014,05,127,17,17,17,0.0068410463,3,3
2014,05,129,45,45,45,0.03,1,1
2014,05,131,402,402,402,0.0198577356,1,1
2014,05,133,26,25,27,0.0078668684,3,3
2014,05,135,92,92,92,0.0312393888,1,1
2014,05,137,,,,,,
2014,05,139,105,105,105,0.0143149284,1,1
2014,05,141,212,212,212,0.0929009641,1,1
2014,05,143,383,383,383,0.0098434809,1,1
2014,05,145,215,214,216,0.0165054506,1,1
2014,05,147,20,20,20,0.0185701021,3,3
2014,05,149,103,103,103,0.0238150289,1,1
2014,06,001,3481,3480,3482,0.0156032184,1,1
2014,06,003,,,,,,
2014,06,005,107,107,107,0.0265245414,1,1
2014,06,007,812,812,812,0.02770102,1,1
2014,06,009,199,199,199,0.0345666146,1,1
2014,06,011,50,50,50,0.0112283854,1,1
2014,06,013,2576,2573,2579,0.0151869779,1,1
2014,06,015,151,151,151,0.0366415918,1,1
2014,06,017,844,843,845,0.0321793503,1,1
2014,06,019,4042,4041,4043,0.0206563845,1,1
2014,06,021,296,296,296,0.0597014925,1,1
2014,06,023,653,649,657,0.0430568377,1,1
2014,06,025,1707,1706,1708,0.0471312607,1,1
2014,06,027,,,,,,
2014,06,029,6394,6388,6400,0.0383285078,1,1
2014,06,031,653,652,654,0.0283876016,1,1
2014,06,033,755,754,756,0.0823786143,1,1
2014,06,035,29,29,29,0.0131878126,3,3
2014,06,037,49841,49839,49843,0.0328599373,1,1
2014,06,039,339,338,340,0.0115290437,1,1
2014,06,041,1267,1262,1272,0.0449386394,1,1
2014,06,043,66,66,66,0.0353130016,1,1
2014,06,045,548,548,548,0.0441365979,1,1
2014,06,047,1178,1178,1178,0.0216317461,1,1
2014,06,049,,,,,,
2014,06,051,23,23,23,0.0443159923,3,3
2014,06,053,5983,5982,5984,0.0804253145,1,1
2014,06,055,239,239,239,0.0127466667,1,1
2014,06,057,316,315,317,0.0197044335,1,1
2014,06,059,25203,25202,25204,0.0507147514,1,1
2014,06,061,1437,1436,1438,0.0216366785,1,1
2014,06,063,72,71,73,0.0333179084,1,1
2014,06,065,21633,21631,21635,0.0508408852,1,1
2014,06,067,10197,10197,10197,0.0428769658,1,1
2014,06,069,494,494,494,0.0484551251,1,1
2014,06,071,30552,30552,30552,0.0776517414,1,1
2014,06,073,19787,19784,19790,0.0411200309,1,1
2014,06,075,2512,2512,2512,0.0427123716,1,1
2014,06,077,2753,2752,2754,0.0201283889,1,1
2014,06,079,2879,2878,2880,0.0827869795,1,1
2014,06,081,1972,1972,1972,0.0224233603,1,1
2014,06,083,7515,7515,7515,0.1200153313,1,1
2014,06,085,1900,1896,1904,0.0070185548,1,1
2014,06,087,2881,2881,2881,0.0716274676,1,1
2014,06,089,691,688,694,0.0264436876,1,1
2014,06,091,,,,,,
2014,06,093,263,261,265,0.0624703088,1,1
2014,06,095,1197,1197,1197,0.0180807516,1,1
2014,06,097,1147,1142,1152,0.0179134781,1,1
2014,06,099,4056,4055,4057,0.0399566545,1,1
2014,06,101,282,280,284,0.0149570383,1,1
2014,06,103,275,274,276,0.0304338203,1,1
2014,06,105,169,168,170,0.1258376768,1,1
2014,06,107,3366,3363,3369,0.0350198196,1,1
2014,06,109,141,141,141,0.0420518938,1,1
2014,06,111,2953,2953,2953,0.0215684413,1,1
2014,06,113,858,857,859,0.0292383711,1,1
2014,06,115,220,220,220,0.0163120042,1,1
2014,08,001,4285,4285,4285,0.0507906028,1,1
2014,08,003,145,145,145,0.058633239,1,1
2014,08,005,2554,2554,2554,0.0215529245,1,1
2014,08,007,,,,,,
2014,08,009,,,,,,
2014,08,011,,,,,,
2014,08,013,1289,1289,1289,0.0207956892,1,1
2014,08,014,,,,,,
2014,08,015,23,23,23,0.0107276119,3,3
2014,08,017,,,,,,
2014,08,019,22,22,22,0.0247191011,3,3
2014,08,021,16,16,16,0.0101716465,3,3
2014,08,023,52,52,52,0.1094736842,1,1
2014,08,025,,,,,,
2014,08,027,,,,,,
2014,08,029,156,156,156,0.0307389163,1,1
2014,08,031,3266,3266,3266,0.0317435633,1,1
2014,08,033,,,,,,
2014,08,035,910,910,910,0.0136427693,1,1
2014,08,037,27,27,27,0.0040220468,3,3
2014,08,039,,,,,,
2014,08,041,2019,2017,2021,0.017498245,1,1
2014,08,043,34,34,34,0.0068327974,1,1
2014,08,045,155,155,155,0.0135029184,1,1
2014,08,047,,,,,,
2014,08,049,16,15,17,0.0092969204,3,3
2014,08,051,,,,,,
2014,08,053,,,,,,
2014,08,055,,,,,,
2014,08,057,,,,,,
2014,08,059,2756,2756,2756,0.0318314642,1,1
2014,08,061,,,,,,
2014,08,063,18,16,20,0.0137614679,3,3
2014,08,065,,,,,,
2014,08,067,56,56,56,0.0083832335,1,1
2014,08,069,1744,1744,1744,0.0376568134,1,1
2014,08,071,10,10,10,0.0507614213,3,3
2014,08,073,14,13,15,0.0216383308,3,3
2014,08,075,17,17,17,0.0074823944,3,3
2014,08,077,653,653,653,0.030028511,1,1
2014,08,079,,,,,,
2014,08,081,11,11,11,0.0050574713,3,3
2014,08,083,47,46,48,0.0116394255,1,1
2014,08,085,293,293,293,0.0481353705,1,1
2014,08,087,386,386,386,0.0729265067,1,1
2014,08,089,,,,,,
2014,08,091,10,10,10,0.0280898876,3,3
2014,08,093,,,,,,
2014,08,095,,,,,,
2014,08,097,,,,,,
2014,08,099,36,36,36,0.0224159402,1,1
2014,08,101,1610,1610,1610,0.0589981311,1,1
2014,08,103,,,,,,
2014,08,105,31,31,31,0.0200387847,1,1
2014,08,107,,,,,,
2014,08,109,187,187,187,0.1902339776,1,1
2014,08,111,,,,,,
2014,08,113,,,,,,
2014,08,115,,,,,,
2014,08,117,28,28,28,0.0083707025,3,3
2014,08,119,51,51,51,0.0177144842,1,1
2014,08,121,10,9,11,0.0145985401,3,3
2014,08,123,1090,1090,1090,0.0267563454,1,1
2014,08,125,38,38,38,0.0250494397,1,1
2014,09,001,366,361,371,0.0035530531,1,1
2014,09,003,1179,1172,1186,0.0094435589,1,1
2014,09,005,64,60,68,0.0050745322,3,3
2014,09,007,139,138,140,0.0058850925,1,1
2014,09,009,790,783,797,0.007072579,1,1
2014,09,011,344,344,344,0.0103896104,1,1
2014,09,013,76,74,78,0.0073147257,2,2
2014,09,015,224,219,229,0.0160550459,1,1
2014,10,001,791,791,791,0.0313901345,1,1
2014,10,003,1548,1544,1552,0.0212497255,1,1
2014,10,005,753,753,753,0.0252303568,1,1
2014,11,001,3499,3492,3506,0.0441235813,1,1
2014,12,001,683,683,683,0.0238070341,1,1
2014,12,003,93,93,93,0.0188411669,1,1
2014,12,005,1434,1434,1434,0.0518794544,1,1
2014,12,007,253,253,253,0.0790872148,1,1
2014,12,009,1842,1842,1842,0.0254824652,1,1
2014,12,011,2531,2531,2531,0.0094494245,1,1
2014,12,013,76,76,76,0.0334359877,1,1
2014,12,015,503,503,503,0.0311744654,1,1
2014,12,017,341,341,341,0.022543964,1,1
2014,12,019,1099,1099,1099,0.030668341,1,1
2014,12,021,778,778,778,0.0172017334,1,1
2014,12,023,588,588,588,0.0577376277,1,1
2014,12,027,368,368,368,0.0775226459,1,1
2014,12,029,61,61,61,0.0289923954,1,1
2014,12,031,2163,2163,2163,0.0168084858,1,1
2014,12,033,1937,1937,1937,0.0475512459,1,1
2014,12,035,614,614,614,0.0479949973,1,1
2014,12,037,225,225,225,0.175370226,1,1
2014,12,039,528,528,528,0.08885897,1,1
2014,12,041,,,,,,
2014,12,043,61,61,61,0.0380536494,1,1
2014,12,045,15,15,15,0.0080128205,3,3
2014,12,047,251,251,251,0.1435926773,1,1
2014,12,049,200,200,200,0.0382701875,1,1
2014,12,051,309,309,309,0.0435640773,1,1
2014,12,053,508,508,508,0.0229968311,1,1
2014,12,055,461,461,461,0.0375835643,1,1
2014,12,057,3803,3803,3803,0.0183304494,1,1
2014,12,059,104,104,104,0.031212485,1,1
2014,12,061,365,365,365,0.0201914034,1,1
2014,12,063,143,143,143,0.0209892852,1,1
2014,12,065,,,,,,
2014,12,067,208,208,208,0.1672025723,1,1
2014,12,069,2414,2414,2414,0.0572689315,1,1
2014,12,071,1248,1248,1248,0.0139653552,1,1
2014,12,073,807,806,807,0.0220648548,1,1
2014,12,075,216,216,216,0.0392941605,1,1
2014,12,077,50,50,50,0.034940601,1,1
2014,12,079,243,243,243,0.0930677901,1,1
2014,12,081,1861,1861,1861,0.0388655682,1,1
2014,12,083,2685,2685,2685,0.0631512101,1,1
2014,12,085,179,179,179,0.0093712371,1,1
2014,12,086,3972,3972,3972,0.0111271725,1,1
2014,12,087,456,456,456,0.0537862703,1,1
2014,12,089,483,483,483,0.0432408236,1,1
2014,12,091,487,487,487,0.0160118363,1,1
2014,12,093,468,468,468,0.0734463277,1,1
2014,12,095,6847,6847,6847,0.0346234754,1,1
2014,12,097,4665,4665,4665,0.0786412677,1,1
2014,12,099,3756,3756,3756,0.0198703875,1,1
2014,12,101,2174,2174,2174,0.0313731149,1,1
2014,12,103,3756,3756,3756,0.036194037,1,1
2014,12,105,3515,3515,3515,0.035247636,1,1
2014,12,107,674,674,674,0.0609789198,1,1
2014,12,109,829,829,829,0.0231118793,1,1
2014,12,111,663,663,663,0.0165443929,1,1
2014,12,113,1688,1688,1688,0.0641093809,1,1
2014,12,115,881,881,881,0.0210202329,1,1
2014,12,117,1994,1994,1994,0.0301509057,1,1
2014,12,119,152,152,152,0.0182978211,1,1
2014,12,121,352,352,352,0.0581914366,1,1
2014,12,123,94,94,94,0.0310231023,1,1
2014,12,125,121,121,121,0.0507550336,1,1
2014,12,127,2315,2315,2315,0.0374734934,1,1
2014,12,129,40,40,40,0.0077805874,1,1
2014,12,131,293,293,293,0.0347362181,1,1
2014,12,133,190,190,190,0.0571428571,1,1
2014,13,001,87,87,87,0.0235900217,1,1
2014,13,003,,,,,,
2014,13,005,51,51,51,0.0239661654,1,1
2014,13,007,,,,,,
2014,13,009,165,165,165,0.0296815974,1,1
2014,13,011,140,140,140,0.0492784231,1,1
2014,13,013,340,340,340,0.0253504324,1,1
2014,13,015,521,521,521,0.0285479452,1,1
2014,13,017,39,39,39,0.0117967332,1,1
2014,13,019,155,155,155,0.0485741147,1,1
2014,13,021,607,607,607,0.0249240371,1,1
2014,13,023,,,,,,
2014,13,025,90,90,90,0.0255899915,1,1
2014,13,027,,,,,,
2014,13,029,102,102,102,0.011970426,1,1
2014,13,031,112,112,112,0.0109965636,1,1
2014,13,033,10,10,10,0.0022686025,3,3
2014,13,035,287,287,287,0.0814646608,1,1
2014,13,037,,,,,,
2014,13,039,45,45,45,0.0049883605,1,1
2014,13,043,29,29,29,0.0133088573,3,3
2014,13,045,1132,1132,1132,0.0576198717,1,1
2014,13,047,375,375,375,0.0345303867,1,1
2014,13,049,84,84,84,0.0505415162,1,1
2014,13,051,744,744,744,0.0195157779,1,1
2014,13,053,,,,,,
2014,13,055,286,286,286,0.0669789227,1,1
2014,13,057,88,88,88,0.0021639699,1,1
2014,13,059,696,696,696,0.0531257156,1,1
2014,13,061,27,27,27,0.0876623377,3,3
2014,13,063,1986,1986,1986,0.0296302927,1,1
2014,13,065,16,16,16,0.0113798009,3,3
2014,13,067,2064,2064,2064,0.0171189702,1,1
2014,13,069,350,350,350,0.0449929297,1,1
2014,13,071,231,231,231,0.0237727694,1,1
2014,13,073,429,429,429,0.016802444,1,1
2014,13,075,,,,,,
2014,13,077,163,163,163,0.0072930649,1,1
2014,13,079,,,,,,
2014,13,081,78,78,78,0.018301267,1,1
2014,13,083,111,111,111,0.0503173164,1,1
2014,13,085,176,176,176,0.0507350822,1,1
2014,13,087,98,98,98,0.0183623759,1,1
2014,13,089,2051,2049,2053,0.0193475964,1,1
2014,13,091,12,12,12,0.003649635,3,3
2014,13,093,,,,,,
2014,13,095,725,725,725,0.0473608571,1,1
2014,13,097,466,466,466,0.0179797824,1,1
2014,13,099,20,20,20,0.0090950432,3,3
2014,13,101,,,,,,
2014,13,103,127,127,127,0.0109247312,1,1
2014,13,105,65,65,65,0.0213324582,1,1
2014,13,107,50,50,50,0.0115606936,1,1
2014,13,109,10,10,10,0.0052521008,3,3
2014,13,111,271,271,271,0.0918955578,1,1
2014,13,113,61,61,61,0.0030387566,1,1
2014,13,115,732,732,732,0.0448144974,1,1
2014,13,117,603,603,603,0.0142099682,1,1
2014,13,119,73,73,73,0.0204138702,1,1
2014,13,121,4508,4508,4508,0.0302971242,1,1
2014,13,123,72,72,72,0.0167325122,1,1
2014,13,125,,,,,,
2014,13,127,265,265,265,0.0201245443,1,1
2014,13,129,794,794,794,0.0734981024,1,1
2014,13,131,333,333,333,0.0713062099,1,1
2014,13,133,52,52,52,0.0221465077,1,1
2014,13,135,2543,2542,2544,0.0140045378,1,1
2014,13,137,162,162,162,0.0233496685,1,1
2014,13,139,198,198,198,0.0056423116,1,1
2014,13,141,307,307,307,0.3191268191,1,1
2014,13,143,433,433,433,0.0758053221,1,1
2014,13,145,45,45,45,0.0084634192,1,1
2014,13,147,29,29,29,0.0082222852,3,3
2014,13,149,106,106,106,0.052815147,1,1
2014,13,151,939,939,939,0.0227487463,1,1
2014,13,153,299,299,299,0.0106231791,1,1
2014,13,155,13,13,13,0.0072102052,3,3
2014,13,157,137,137,137,0.0112599655,1,1
2014,13,159,108,108,108,0.045646661,1,1
2014,13,161,20,20,20,0.006428801,3,3
2014,13,163,,,,,,
2014,13,165,18,18,18,0.0142970612,3,3
2014,13,167,64,64,64,0.0547476476,1,1
2014,13,169,10,10,10,0.0018385733,3,3
2014,13,171,19,19,19,0.0071214393,3,3
2014,13,173,61,61,61,0.0344438171,1,1
2014,13,175,652,652,652,0.0706239168,1,1
2014,13,177,369,369,369,0.0562328558,1,1
2014,13,179,207,207,207,0.0205418279,1,1
2014,13,181,45,45,45,0.0377833753,1,1
2014,13,183,28,28,28,0.0085863232,3,3
2014,13,185,429,429,429,0.0230261392,1,1
2014,13,187,76,76,76,0.020424617,1,1
2014,13,189,39,39,39,0.0091121495,1,1
2014,13,191,71,71,71,0.0438271605,1,1
2014,13,193,11,11,11,0.0068365444,3,3
2014,13,195,250,250,250,0.0515039143,1,1
2014,13,197,,,,,,
2014,13,199,,,,,,
2014,13,201,19,19,19,0.0187747036,3,3
2014,13,205,91,91,91,0.0233393178,1,1
2014,13,207,124,124,124,0.030876494,1,1
2014,13,209,181,181,181,0.0626514365,1,1
2014,13,211,50,50,50,0.0154990701,1,1
2014,13,213,117,117,117,0.0151652625,1,1
2014,13,215,1838,1838,1838,0.0568828918,1,1
2014,13,217,221,221,221,0.011246247,1,1
2014,13,219,60,60,60,0.0085445742,1,1
2014,13,221,68,68,68,0.0309794989,1,1
2014,13,223,519,519,519,0.0182181971,1,1
2014,13,225,,,,,,
2014,13,227,201,201,201,0.0462494248,1,1
2014,13,229,64,64,64,0.0171122995,1,1
2014,13,231,,,,,,
2014,13,233,964,964,964,0.124789644,1,1
2014,13,235,,,,,,
2014,13,237,12,12,12,0.0042719829,3,3
2014,13,239,,,,,,
2014,13,241,19,19,19,0.0084257206,3,3
2014,13,243,21,21,21,0.0203685742,3,3
2014,13,245,218,218,218,0.0068503912,1,1
2014,13,247,474,474,474,0.0288286097,1,1
2014,13,249,,,,,,
2014,13,251,131,131,131,0.0555555556,1,1
2014,13,253,181,181,181,0.109896782,1,1
2014,13,255,75,75,75,0.0071605881,1,1
2014,13,257,53,53,53,0.0129742962,1,1
2014,13,259,,,,,,
2014,13,261,,,,,,
2014,13,263,,,,,,
2014,13,265,,,,,,
2014,13,267,39,39,39,0.0103585657,1,1
2014,13,269,,,,,,
2014,13,271,39,39,39,0.0228604924,1,1
2014,13,273,14,14,14,0.0094658553,3,3
2014,13,275,304,304,304,0.035189258,1,1
2014,13,277,49,49,49,0.0061697305,1,1
2014,13,279,40,40,40,0.0071339397,1,1
2014,13,281,26,26,26,0.0239852399,3,3
2014,13,283,19,19,19,0.0158069884,3,3
2014,13,285,174,174,174,0.0137213154,1,1
2014,13,287,,,,,,
2014,13,289,63,63,63,0.0684782609,1,1
2014,13,291,60,60,60,0.0219458669,1,1
2014,13,293,,,,,,
2014,13,295,255,255,255,0.0242741552,1,1
2014,13,297,289,289,289,0.0186427558,1,1
2014,13,299,251,251,251,0.0410533202,1,1
2014,13,301,,,,,,
2014,13,303,,,,,,
2014,13,305,23,23,23,0.00419249,3,3
2014,13,307,,,,,,
2014,13,309,,,,,,
2014,13,311,167,167,167,0.0311044887,1,1
2014,13,313,579,579,579,0.0272239985,1,1
2014,13,315,,,,,,
2014,13,317,,,,,,
2014,13,319,,,,,,
2014,13,321,43,43,43,0.0126918536,1,1
2014,15,001,,,,,,
2014,15,003,3526,3526,3526,0.0193328362,1,1
2014,15,005,,,,,,
2014,15,007,,,,,,
2014,15,009,,,,,,
2014,16,001,1625,1621,1629,0.0221100468,1,1
2014,16,003,,,,,,
2014,16,005,213,212,214,0.0150158618,1,1
2014,16,007,,,,,,
2014,16,009,48,48,48,0.0367534456,1,1
2014,16,011,192,190,194,0.0206829689,1,1
2014,16,013,42,42,42,0.0126164013,1,1
2014,16,015,35,35,35,0.0577557756,1,1
2014,16,017,152,152,152,0.0298683435,1,1
2014,16,019,188,187,189,0.0081675211,1,1
2014,16,021,,,,,,
2014,16,023,,,,,,
2014,16,025,,,,,,
2014,16,027,1862,1861,1863,0.0487485601,1,1
2014,16,029,25,25,25,0.0193498452,3,3
2014,16,031,65,65,65,0.0121268657,1,1
2014,16,033,,,,,,
2014,16,035,124,124,124,0.113345521,1,1
2014,16,037,,,,,,
2014,16,039,24,23,25,0.0051690717,3,3
2014,16,041,,,,,,
2014,16,043,29,29,29,0.0129695886,3,3
2014,16,045,31,31,31,0.0122578094,1,1
2014,16,047,99,99,99,0.0331103679,1,1
2014,16,049,23,23,23,0.0190239868,3,3
2014,16,051,79,79,79,0.0120869033,1,1
2014,16,053,140,138,142,0.0307692308,1,1
2014,16,055,587,587,587,0.0284923794,1,1
2014,16,057,43,41,45,0.0090793919,2,2
2014,16,059,88,88,88,0.0993227991,1,1
2014,16,061,60,59,61,0.0804289544,1,1
2014,16,063,14,13,15,0.0147058824,3,3
2014,16,065,,,,,,
2014,16,067,109,109,109,0.025835506,1,1
2014,16,069,233,233,233,0.0417862267,1,1
2014,16,071,,,,,,
2014,16,073,109,109,109,0.0465414176,1,1
2014,16,075,314,314,314,0.0745489079,1,1
2014,16,077,,,,,,
2014,16,079,37,35,39,0.0208921513,3,3
2014,16,081,,,,,,
2014,16,083,417,413,421,0.0277482034,1,1
2014,16,085,24,23,25,0.0186770428,3,3
2014,16,087,67,66,68,0.0383954155,1,1
2014,17,001,173,173,173,0.0205780897,1,1
2014,17,003,72,72,72,0.0734693878,1,1
2014,17,005,94,94,94,0.0399659864,1,1
2014,17,007,80,80,80,0.008108656,1,1
2014,17,009,22,22,22,0.028241335,3,3
2014,17,011,71,67,75,0.0140761301,3,3
2014,17,013,22,22,22,0.0411985019,3,3
2014,17,015,,,,,,
2014,17,017,174,174,174,0.0847540185,1,1
2014,17,019,460,458,462,0.0192920651,1,1
2014,17,021,138,138,138,0.0239749826,1,1
2014,17,023,60,60,60,0.0223797091,1,1
2014,17,025,92,92,92,0.0390658174,1,1
2014,17,027,109,107,111,0.0227938101,1,1
2014,17,029,131,131,131,0.0200643284,1,1
2014,17,031,26737,26732,26742,0.0350278918,1,1
2014,17,033,59,59,59,0.0200748554,1,1
2014,17,035,19,19,19,0.0111111111,3,3
2014,17,037,342,342,342,0.0202943271,1,1
2014,17,039,43,43,43,0.0153901217,1,1
2014,17,041,95,94,96,0.0258362796,1,1
2014,17,043,1536,1536,1536,0.009932169,1,1
2014,17,045,91,91,91,0.029787234,1,1
2014,17,047,13,13,13,0.0138445154,3,3
2014,17,049,153,153,153,0.0286731634,1,1
2014,17,051,152,151,153,0.0533895328,1,1
2014,17,053,39,38,40,0.0135983264,2,2
2014,17,055,340,340,340,0.0519877676,1,1
2014,17,057,71,71,71,0.0145134914,1,1
2014,17,059,43,43,43,0.0578734859,1,1
2014,17,061,144,144,144,0.0710760118,1,1
2014,17,063,85,85,85,0.0068240206,1,1
2014,17,065,84,84,84,0.0678513732,1,1
2014,17,067,128,128,128,0.0454706927,1,1
2014,17,069,,,,,,
2014,17,071,17,17,17,0.0190796857,3,3
2014,17,073,205,204,206,0.0288488601,1,1
2014,17,075,38,38,38,0.0105643592,1,1
2014,17,077,424,424,424,0.0573825958,1,1
2014,17,079,35,35,35,0.0246132208,1,1
2014,17,081,562,561,563,0.094964515,1,1
2014,17,083,88,88,88,0.0328971963,1,1
2014,17,085,12,9,15,0.0047003525,3,3
2014,17,087,127,127,127,0.0640443772,1,1
2014,17,089,1545,1545,1545,0.0152369869,1,1
2014,17,091,381,381,381,0.020365619,1,1
2014,17,093,249,249,249,0.0095172572,1,1
2014,17,095,106,106,106,0.0138525876,1,1
2014,17,097,1305,1300,1310,0.0103318871,1,1
2014,17,099,320,316,324,0.0199687988,1,1
2014,17,101,62,62,62,0.0272288098,1,1
2014,17,103,44,44,44,0.0118983234,1,1
2014,17,105,111,108,114,0.018172888,2,2
2014,17,107,63,63,63,0.0214723926,1,1
2014,17,109,134,134,134,0.038750723,1,1
2014,17,111,938,937,939,0.0132686405,1,1
2014,17,113,356,355,357,0.0142593928,1,1
2014,17,115,129,127,131,0.0077715525,1,1
2014,17,117,265,265,265,0.030568693,1,1
2014,17,119,1478,1478,1478,0.0357047953,1,1
2014,17,121,483,483,483,0.0732706311,1,1
2014,17,123,32,32,32,0.0242240727,1,1
2014,17,125,43,43,43,0.0155459147,1,1
2014,17,127,50,50,50,0.0204918033,1,1
2014,17,129,,,,,,
2014,17,131,31,31,31,0.0106639147,1,1
2014,17,133,110,109,111,0.0212150434,1,1
2014,17,135,200,200,200,0.0444839858,1,1
2014,17,137,121,120,122,0.0285579419,1,1
2014,17,139,14,14,14,0.0083036773,3,3
2014,17,141,160,158,162,0.0248215948,1,1
2014,17,143,671,668,674,0.0234754924,1,1
2014,17,145,24,22,26,0.0087082729,3,3
2014,17,147,29,27,31,0.0107169254,3,3
2014,17,149,44,43,45,0.0188922284,1,1
2014,17,151,37,37,37,0.0675182482,1,1
2014,17,153,73,73,73,0.0804851158,1,1
2014,17,155,16,16,16,0.017679558,3,3
2014,17,157,280,279,281,0.0676818951,1,1
2014,17,159,177,177,177,0.072244898,1,1
2014,17,161,296,292,300,0.0134539339,1,1
2014,17,163,1475,1474,1476,0.0366805929,1,1
2014,17,165,224,224,224,0.0524713048,1,1
2014,17,167,833,832,834,0.0280037652,1,1
2014,17,169,19,19,19,0.015979815,3,3
2014,17,171,12,11,13,0.0134983127,3,3
2014,17,173,33,33,33,0.0140545145,1,1
2014,17,175,44,44,44,0.0469583778,1,1
2014,17,177,200,199,201,0.0300390508,1,1
2014,17,179,657,655,659,0.0326881934,1,1
2014,17,181,118,117,119,0.0409295872,1,1
2014,17,183,504,504,504,0.0402781108,1,1
2014,17,185,138,138,138,0.0791738382,1,1
2014,17,187,19,19,19,0.0070007369,3,3
2014,17,189,96,95,97,0.0518638574,1,1
2014,17,191,127,127,127,0.0483809524,1,1
2014,17,193,100,100,100,0.0405679513,1,1
2014,17,195,174,174,174,0.0183235046,1,1
2014,17,197,1753,1751,1755,0.0152228282,1,1
2014,17,199,379,379,379,0.0364353009,1,1
2014,17,201,2519,2516,2522,0.0551287943,1,1
2014,17,203,62,61,63,0.0091607565,1,1
2014,18,001,184,184,184,0.0562003665,1,1
2014,18,003,940,940,940,0.0200417893,1,1
2014,18,005,473,473,473,0.0382191338,1,1
2014,18,007,,,,,,
2014,18,009,,,,,,
2014,18,011,266,266,266,0.0227001195,1,1
2014,18,013,,,,,,
2014,18,015,25,25,25,0.0165453342,3,3
2014,18,017,415,415,415,0.0740410348,1,1
2014,18,019,265,265,265,0.0157550535,1,1
2014,18,021,14,14,14,0.0033057851,3,3
2014,18,023,138,137,139,0.0261264672,1,1
2014,18,025,,,,,,
2014,18,027,,,,,,
2014,18,029,88,88,88,0.0129889299,1,1
2014,18,031,68,68,68,0.0281456954,1,1
2014,18,033,55,55,55,0.0101158727,1,1
2014,18,035,102,101,103,0.0084549072,1,1
2014,18,037,,,,,,
2014,18,039,431,430,432,0.0136847119,1,1
2014,18,041,,,,,,
2014,18,043,113,113,113,0.0100847836,1,1
2014,18,045,,,,,,
2014,18,047,38,38,38,0.0079514543,1,1
2014,18,049,11,11,11,0.0058417419,3,3
2014,18,051,109,109,109,0.0513666352,1,1
2014,18,053,210,210,210,0.0195348837,1,1
2014,18,055,37,37,37,0.0166741776,1,1
2014,18,057,146,145,147,0.0025482599,1,1
2014,18,059,29,29,29,0.0026471931,3,3
2014,18,061,48,48,48,0.0145015106,1,1
2014,18,063,172,172,172,0.0064061976,1,1
2014,18,065,68,66,70,0.0098607889,2,2
2014,18,067,384,382,386,0.0275130759,1,1
2014,18,069,52,52,52,0.0093374035,1,1
2014,18,071,30,30,30,0.0048709206,1,1
2014,18,073,84,84,84,0.0163551402,1,1
2014,18,075,,,,,,
2014,18,077,82,82,82,0.019025522,1,1
2014,18,079,340,340,340,0.0753045404,1,1
2014,18,081,669,668,670,0.0262219261,1,1
2014,18,083,,,,,,
2014,18,085,79,79,79,0.0056744721,1,1
2014,18,087,23,23,23,0.0064263761,3,3
2014,18,089,1036,1035,1037,0.0149344097,1,1
2014,18,091,288,287,289,0.0175899346,1,1
2014,18,093,13,13,13,0.002560063,3,3
2014,18,095,381,378,384,0.019528447,1,1
2014,18,097,6076,6073,6079,0.0425272795,1,1
2014,18,099,108,108,108,0.0157940918,1,1
2014,18,101,,,,,,
2014,18,103,64,64,64,0.0138888889,1,1
2014,18,105,323,323,323,0.0235285548,1,1
2014,18,107,358,358,358,0.0583727376,1,1
2014,18,109,1121,1120,1122,0.0994411426,1,1
2014,18,111,,,,,,
2014,18,113,13,13,13,0.0034815212,3,3
2014,18,115,,,,,,
2014,18,117,,,,,,
2014,18,119,172,172,172,0.0618705036,1,1
2014,18,121,,,,,,
2014,18,123,267,267,267,0.0921007244,1,1
2014,18,125,19,19,19,0.0096988259,3,3
2014,18,127,271,270,272,0.0105112094,1,1
2014,18,129,18,18,18,0.0081818182,3,3
2014,18,131,,,,,,
2014,18,133,166,165,167,0.0280547575,1,1
2014,18,135,,,,,,
2014,18,137,30,30,30,0.0249169435,1,1
2014,18,139,,,,,,
2014,18,141,204,204,204,0.0057050171,1,1
2014,18,143,36,36,36,0.0137090632,1,1
2014,18,145,180,178,182,0.0298953662,1,1
2014,18,147,,,,,,
2014,18,149,,,,,,
2014,18,151,32,32,32,0.0084166228,1,1
2014,18,153,,,,,,
2014,18,155,42,42,42,0.0264317181,1,1
2014,18,157,315,315,315,0.0139652421,1,1
2014,18,159,,,,,,
2014,18,161,,,,,,
2014,18,163,510,510,510,0.0226485478,1,1
2014,18,165,17,17,17,0.0092041148,3,3
2014,18,167,205,205,205,0.0132223942,1,1
2014,18,169,27,26,28,0.0052754982,3,3
2014,18,171,,,,,,
2014,18,173,29,29,29,0.0028653295,3,3
2014,18,175,137,137,137,0.040070196,1,1
2014,18,177,127,127,127,0.0213015767,1,1
2014,18,179,34,33,35,0.0076714801,2,2
2014,18,181,15,15,15,0.0050933786,3,3
2014,18,183,32,32,32,0.0090883272,1,1
2014,19,001,,,,,,
2014,19,003,,,,,,
2014,19,005,,,,,,
2014,19,007,,,,,,
2014,19,009,,,,,,
2014,19,011,15,15,15,0.0090799031,3,3
2014,19,013,215,215,215,0.0120400963,1,1
2014,19,015,30,29,31,0.0093984962,2,2
2014,19,017,21,19,23,0.0045592705,3,3
2014,19,019,23,23,23,0.0154362416,3,3
2014,19,021,48,48,48,0.0120815505,1,1
2014,19,023,,,,,,
2014,19,025,,,,,,
2014,19,027,,,,,,
2014,19,029,,,,,,
2014,19,031,10,9,11,0.005624297,3,3
2014,19,033,52,52,52,0.0098020735,1,1
2014,19,035,,,,,,
2014,19,037,,,,,,
2014,19,039,25,25,25,0.0167897918,3,3
2014,19,041,,,,,,
2014,19,043,,,,,,
2014,19,045,158,158,158,0.0221288515,1,1
2014,19,047,,,,,,
2014,19,049,150,150,150,0.0094494141,1,1
2014,19,051,11,11,11,0.0088781275,3,3
2014,19,053,,,,,,
2014,19,055,,,,,,
2014,19,057,118,117,119,0.0224462621,1,1
2014,19,059,51,51,51,0.023118767,1,1
2014,19,061,243,243,243,0.0165632881,1,1
2014,19,063,,,,,,
2014,19,065,33,32,34,0.0112054329,2,2
2014,19,067,37,37,37,0.0235969388,1,1
2014,19,069,13,13,13,0.0100775194,3,3
2014,19,071,,,,,,
2014,19,073,11,11,11,0.0069095477,3,3
2014,19,075,,,,,,
2014,19,077,,,,,,
2014,19,079,53,52,54,0.0210651828,1,1
2014,19,081,,,,,,
2014,19,083,20,19,21,0.0089525515,3,3
2014,19,085,,,,,,
2014,19,087,16,15,17,0.0046189376,3,3
2014,19,089,11,11,11,0.0082706767,3,3
2014,19,091,15,15,15,0.011700468,3,3
2014,19,093,,,,,,
2014,19,095,22,22,22,0.012694749,3,3
2014,19,097,47,47,47,0.0172098133,1,1
2014,19,099,29,28,30,0.0053142752,3,3
2014,19,101,,,,,,
2014,19,103,569,569,569,0.0336367936,1,1
2014,19,105,25,25,25,0.0078100594,3,3
2014,19,107,10,9,11,0.0104821803,3,3
2014,19,109,,,,,,
2014,19,111,13,12,14,0.002507716,3,3
2014,19,113,860,859,861,0.0251138886,1,1
2014,19,115,91,91,91,0.0539419087,1,1
2014,19,117,12,12,12,0.0085046067,3,3
2014,19,119,14,14,14,0.0182529335,3,3
2014,19,121,87,87,87,0.0308182784,1,1
2014,19,123,36,36,36,0.0139914497,1,1
2014,19,125,31,30,32,0.0059603922,2,2
2014,19,127,63,63,63,0.0088582677,1,1
2014,19,129,,,,,,
2014,19,131,,,,,,
2014,19,133,,,,,,
2014,19,135,10,10,10,0.008071025,3,3
2014,19,137,,,,,,
2014,19,139,62,62,62,0.007994842,1,1
2014,19,141,,,,,,
2014,19,143,,,,,,
2014,19,145,12,10,14,0.0055172414,3,3
2014,19,147,,,,,,
2014,19,149,,,,,,
2014,19,151,,,,,,
2014,19,153,1477,1477,1477,0.0193097137,1,1
2014,19,155,437,435,439,0.0314614831,1,1
2014,19,157,15,15,15,0.0065132436,3,3
2014,19,159,,,,,,
2014,19,161,,,,,,
2014,19,163,455,455,455,0.0158840984,1,1
2014,19,165,,,,,,
2014,19,167,73,72,74,0.0146058423,1,1
2014,19,169,242,241,243,0.0249922545,1,1
2014,19,171,63,62,64,0.0300142925,1,1
2014,19,173,,,,,,
2014,19,175,,,,,,
2014,19,177,,,,,,
2014,19,179,129,129,129,0.0225761288,1,1
2014,19,181,48,46,50,0.0054782013,2,2
2014,19,183,128,128,128,0.04159896,1,1
2014,19,185,,,,,,
2014,19,187,46,45,47,0.00995671,1,1
2014,19,189,,,,,,
2014,19,191,18,17,19,0.0085551331,3,3
2014,19,193,406,406,406,0.0237357498,1,1
2014,19,195,,,,,,
2014,19,197,19,19,19,0.01,3,3
2014,20,001,,,,,,
2014,20,003,35,34,36,0.027301092,2,2
2014,20,005,18,18,18,0.0107206671,3,3
2014,20,007,,,,,,
2014,20,009,15,14,16,0.004049676,3,3
2014,20,011,66,65,67,0.0279661017,1,1
2014,20,013,12,12,12,0.0134529148,3,3
2014,20,015,111,110,112,0.006238759,1,1
2014,20,017,,,,,,
2014,20,019,,,,,,
2014,20,021,55,55,55,0.0192847125,1,1
2014,20,023,,,,,,
2014,20,025,,,,,,
2014,20,027,,,,,,
2014,20,029,,,,,,
2014,20,031,33,32,34,0.0209656925,2,2
2014,20,033,,,,,,
2014,20,035,218,217,219,0.0379923318,1,1
2014,20,037,193,192,194,0.0370015337,1,1
2014,20,039,,,,,,
2014,20,041,20,20,20,0.0396039604,3,3
2014,20,043,,,,,,
2014,20,045,298,298,298,0.0199544663,1,1
2014,20,047,37,37,37,0.1,1,1
2014,20,049,,,,,,
2014,20,051,,,,,,
2014,20,053,,,,,,
2014,20,055,259,258,260,0.029428474,1,1
2014,20,057,32,32,32,0.0045013363,1,1
2014,20,059,370,370,370,0.0937658388,1,1
2014,20,061,219,219,219,0.025665065,1,1
2014,20,063,,,,,,
2014,20,065,,,,,,
2014,20,067,,,,,,
2014,20,069,11,10,12,0.0214424951,3,3
2014,20,071,,,,,,
2014,20,073,,,,,,
2014,20,075,,,,,,
2014,20,077,,,,,,
2014,20,079,62,62,62,0.0101940151,1,1
2014,20,081,30,30,30,0.0569259962,1,1
2014,20,083,,,,,,
2014,20,085,17,17,17,0.008126195,3,3
2014,20,087,31,31,31,0.0176940639,1,1
2014,20,089,,,,,,
2014,20,091,1109,1109,1109,0.0116330298,1,1
2014,20,093,,,,,,
2014,20,095,,,,,,
2014,20,097,,,,,,
2014,20,099,25,25,25,0.0070881769,3,3
2014,20,101,,,,,,
2014,20,103,500,499,501,0.0436833828,1,1
2014,20,105,,,,,,
2014,20,107,67,67,67,0.0450874832,1,1
2014,20,109,,,,,,
2014,20,111,53,53,53,0.0106021204,1,1
2014,20,113,54,54,54,0.0189340813,1,1
2014,20,115,,,,,,
2014,20,117,,,,,,
2014,20,119,13,13,13,0.0303738318,3,3
2014,20,121,123,123,123,0.0241555381,1,1
2014,20,123,,,,,,
2014,20,125,35,34,36,0.0075285008,2,2
2014,20,127,,,,,,
2014,20,129,66,66,66,0.0627973359,1,1
2014,20,131,,,,,,
2014,20,133,,,,,,
2014,20,135,,,,,,
2014,20,137,,,,,,
2014,20,139,49,47,51,0.0204336947,2,2
2014,20,141,,,,,,
2014,20,143,,,,,,
2014,20,145,,,,,,
2014,20,147,,,,,,
2014,20,149,28,28,28,0.0147601476,3,3
2014,20,151,,,,,,
2014,20,153,,,,,,
2014,20,155,175,175,175,0.0195880904,1,1
2014,20,157,,,,,,
2014,20,159,28,28,28,0.0264400378,3,3
2014,20,161,276,276,276,0.0420411272,1,1
2014,20,163,,,,,,
2014,20,165,36,36,36,0.138996139,1,1
2014,20,167,,,,,,
2014,20,169,116,115,117,0.0147264187,1,1
2014,20,171,,,,,,
2014,20,173,2609,2608,2610,0.0311132312,1,1
2014,20,175,240,240,240,0.0473372781,1,1
2014,20,177,477,477,477,0.0171194774,1,1
2014,20,179,,,,,,
2014,20,181,,,,,,
2014,20,183,,,,,,
2014,20,185,,,,,,
2014,20,187,,,,,,
2014,20,189,59,59,59,0.0427846265,1,1
2014,20,191,53,52,54,0.0198948949,1,1
2014,20,193,13,13,13,0.0136554622,3,3
2014,20,195,,,,,,
2014,20,197,,,,,,
2014,20,199,,,,,,
2014,20,201,,,,,,
2014,20,203,36,36,36,0.0803571429,1,1
2014,20,205,18,18,18,0.024623803,3,3
2014,20,207,,,,,,
2014,20,209,1235,1235,1235,0.0397579113,1,1
2014,21,001,103,103,103,0.037965352,1,1
2014,21,003,20,20,20,0.0064724919,3,3
2014,21,005,46,46,46,0.0117107943,1,1
2014,21,007,44,44,44,0.03085554,1,1
2014,21,009,769,769,769,0.0944021606,1,1
2014,21,011,38,38,38,0.0176579926,1,1
2014,21,013,401,401,401,0.0811576604,1,1
2014,21,015,496,496,496,0.0225752128,1,1
2014,21,017,496,496,496,0.1355932203,1,1
2014,21,019,654,654,654,0.0876205788,1,1
2014,21,021,93,93,93,0.0202305852,1,1
2014,21,023,36,35,37,0.0230031949,2,2
2014,21,025,250,249,251,0.1031353135,1,1
2014,21,027,115,115,115,0.034753702,1,1
2014,21,029,316,316,316,0.0235504546,1,1
2014,21,031,34,34,34,0.0149911817,1,1
2014,21,033,42,42,42,0.0196998124,1,1
2014,21,035,,,,,,
2014,21,037,410,409,411,0.0343729041,1,1
2014,21,039,70,70,70,0.0866336634,1,1
2014,21,041,12,12,12,0.0057999033,3,3
2014,21,043,929,929,929,0.1950860983,1,1
2014,21,045,81,81,81,0.0351105332,1,1
2014,21,047,472,472,472,0.0506872852,1,1
2014,21,049,83,83,83,0.0144624499,1,1
2014,21,051,371,371,371,0.1093427645,1,1
2014,21,053,51,51,51,0.0274784483,1,1
2014,21,055,40,40,40,0.0281096275,1,1
2014,21,057,89,89,89,0.0932914046,1,1
2014,21,059,560,560,560,0.0335008375,1,1
2014,21,061,,,,,,
2014,21,063,140,140,140,0.1286764706,1,1
2014,21,065,55,55,55,0.0216791486,1,1
2014,21,067,795,795,795,0.019586105,1,1
2014,21,069,191,191,191,0.0828274068,1,1
2014,21,071,240,240,240,0.0384430562,1,1
2014,21,073,486,486,486,0.0673130194,1,1
2014,21,075,143,143,143,0.1435742972,1,1
2014,21,077,90,90,90,0.0522344748,1,1
2014,21,079,13,13,13,0.0048707381,3,3
2014,21,081,81,81,81,0.0163934426,1,1
2014,21,083,583,583,583,0.0901360544,1,1
2014,21,085,109,109,109,0.0246662141,1,1
2014,21,087,18,18,18,0.0110497238,3,3
2014,21,089,323,323,323,0.051920913,1,1
2014,21,091,,,,,,
2014,21,093,240,240,240,0.0138784479,1,1
2014,21,095,1087,1087,1087,0.2176176176,1,1
2014,21,097,317,317,317,0.1043106285,1,1
2014,21,099,45,45,45,0.0190033784,1,1
2014,21,101,372,372,372,0.0491218804,1,1
2014,21,103,143,143,143,0.0490566038,1,1
2014,21,105,,,,,,
2014,21,107,73,73,73,0.0094084289,1,1
2014,21,109,,,,,,
2014,21,111,6475,6475,6475,0.0643625375,1,1
2014,21,113,99,99,99,0.012145749,1,1
2014,21,115,39,39,39,0.0084837938,1,1
2014,21,117,1206,1206,1206,0.0519603619,1,1
2014,21,119,591,591,591,0.2407331976,1,1
2014,21,121,149,149,149,0.027814075,1,1
2014,21,123,47,47,47,0.0196735036,1,1
2014,21,125,103,103,103,0.0108730075,1,1
2014,21,127,779,779,779,0.2965359726,1,1
2014,21,129,149,149,149,0.1448007775,1,1
2014,21,131,151,151,151,0.0815334773,1,1
2014,21,133,374,374,374,0.1144080759,1,1
2014,21,135,165,165,165,0.0700934579,1,1
2014,21,137,44,44,44,0.0108776267,1,1
2014,21,139,98,98,98,0.0788415125,1,1
2014,21,141,259,259,259,0.0551768215,1,1
2014,21,143,53,53,53,0.0579868709,1,1
2014,21,145,251,251,251,0.0248785806,1,1
2014,21,147,28,28,28,0.0094371419,3,3
2014,21,149,,,,,,
2014,21,151,232,232,232,0.0179372197,1,1
2014,21,153,291,291,291,0.1275756247,1,1
2014,21,155,17,17,17,0.0052696838,3,3
2014,21,157,155,155,155,0.0314784728,1,1
2014,21,159,22,22,22,0.0105263158,3,3
2014,21,161,17,17,17,0.0059922453,3,3
2014,21,163,,,,,,
2014,21,165,78,78,78,0.0747842761,1,1
2014,21,167,62,62,62,0.0181021898,1,1
2014,21,169,12,12,12,0.0072507553,3,3
2014,21,171,36,36,36,0.0191285866,1,1
2014,21,173,414,414,414,0.084095064,1,1
2014,21,175,101,101,101,0.0488867377,1,1
2014,21,177,12,12,12,0.0023287405,3,3
2014,21,179,32,32,32,0.0042575838,1,1
2014,21,181,249,249,249,0.2094196804,1,1
2014,21,183,44,44,44,0.0102516309,1,1
2014,21,185,34,34,34,0.0027721158,1,1
2014,21,187,64,64,64,0.0326197757,1,1
2014,21,189,,,,,,
2014,21,191,46,46,46,0.0186385737,1,1
2014,21,193,700,700,700,0.1336643116,1,1
2014,21,195,734,734,734,0.0691474329,1,1
2014,21,197,59,59,59,0.0237999193,1,1
2014,21,199,181,180,182,0.0172298905,1,1
2014,21,201,32,32,32,0.0848806366,1,1
2014,21,203,296,296,296,0.1009549795,1,1
2014,21,205,654,654,654,0.1934911243,1,1
2014,21,207,203,203,203,0.0661453242,1,1
2014,21,209,214,214,214,0.0237355812,1,1
2014,21,211,31,31,31,0.0043810062,1,1
2014,21,213,50,50,50,0.0164907652,1,1
2014,21,215,126,126,126,0.0430180949,1,1
2014,21,217,68,68,68,0.0177963884,1,1
2014,21,219,,,,,,
2014,21,221,21,21,21,0.0101547389,3,3
2014,21,223,29,29,29,0.0197547684,3,3
2014,21,225,,,,,,
2014,21,227,210,210,210,0.0110870598,1,1
2014,21,229,40,40,40,0.0232693426,1,1
2014,21,231,40,40,40,0.0116346713,1,1
2014,21,233,120,120,120,0.0521512386,1,1
2014,21,235,368,368,368,0.0432026297,1,1
2014,21,237,19,19,19,0.0143072289,3,3
2014,21,239,53,53,53,0.0128765792,1,1
2014,22,001,118,118,118,0.0117377897,1,1
2014,22,003,34,34,34,0.0078214861,1,1
2014,22,005,94,94,94,0.0043514489,1,1
2014,22,007,364,364,364,0.0986984816,1,1
2014,22,009,28,28,28,0.0047594765,3,3
2014,22,011,79,79,79,0.0132528099,1,1
2014,22,013,12,12,12,0.0053499777,3,3
2014,22,015,798,798,798,0.0362809729,1,1
2014,22,017,2196,2196,2196,0.0531243196,1,1
2014,22,019,1288,1288,1288,0.0390409506,1,1
2014,22,021,25,25,25,0.0148367953,3,3
2014,22,023,23,23,23,0.0178018576,3,3
2014,22,025,10,10,10,0.006844627,3,3
2014,22,027,49,49,49,0.0289940828,1,1
2014,22,029,143,143,143,0.0403157598,1,1
2014,22,031,17,17,17,0.0033510743,3,3
2014,22,033,1392,1392,1392,0.0246293216,1,1
2014,22,035,,,,,,
2014,22,037,162,162,162,0.0810810811,1,1
2014,22,039,70,70,70,0.0114379085,1,1
2014,22,041,,,,,,
2014,22,043,212,212,212,0.0664785199,1,1
2014,22,045,142,142,142,0.0101821311,1,1
2014,22,047,279,279,279,0.0592734226,1,1
2014,22,049,22,22,22,0.0094097519,3,3
2014,22,051,904,904,904,0.018737693,1,1
2014,22,053,108,108,108,0.0185918402,1,1
2014,22,055,862,862,862,0.0287832243,1,1
2014,22,057,602,601,603,0.0403864216,1,1
2014,22,059,566,566,566,0.2149639195,1,1
2014,22,061,53,53,53,0.0087242798,1,1
2014,22,063,75,75,75,0.002912169,1,1
2014,22,065,64,64,64,0.0359550562,1,1
2014,22,067,182,182,182,0.041495668,1,1
2014,22,069,297,297,297,0.0453850856,1,1
2014,22,071,3300,3298,3302,0.0734541246,1,1
2014,22,073,425,425,425,0.0147283061,1,1
2014,22,075,147,147,147,0.0362158167,1,1
2014,22,077,114,114,114,0.0371214588,1,1
2014,22,079,466,466,466,0.0196881998,1,1
2014,22,081,96,96,96,0.064516129,1,1
2014,22,083,20,20,20,0.0062893082,3,3
2014,22,085,113,113,113,0.0258581236,1,1
2014,22,087,162,162,162,0.0218211207,1,1
2014,22,089,36,36,36,0.0037982697,1,1
2014,22,091,59,59,59,0.0523978686,1,1
2014,22,093,10,10,10,0.0026357406,3,3
2014,22,095,177,177,177,0.0301071611,1,1
2014,22,097,456,456,456,0.0310309629,1,1
2014,22,099,258,258,258,0.0308391107,1,1
2014,22,101,316,316,316,0.032597483,1,1
2014,22,103,1168,1168,1168,0.0308659919,1,1
2014,22,105,211,211,211,0.0105833375,1,1
2014,22,107,,,,,,
2014,22,109,943,943,943,0.0512054735,1,1
2014,22,111,57,57,57,0.019044437,1,1
2014,22,113,104,104,104,0.0109083281,1,1
2014,22,115,,,,,,
2014,22,117,88,88,88,0.0125249075,1,1
2014,22,119,31,31,31,0.0047809994,1,1
2014,22,121,112,112,112,0.0283616105,1,1
2014,22,123,12,12,12,0.0057224607,3,3
2014,22,125,51,51,51,0.0240566038,1,1
2014,22,127,48,48,48,0.0194410693,1,1
2014,23,001,281,280,282,0.0166617255,1,1
2014,23,003,34,34,34,0.0051266586,1,1
2014,23,005,397,397,397,0.0128582996,1,1
2014,23,007,17,15,19,0.005559189,3,3
2014,23,009,64,63,65,0.017098584,1,1
2014,23,011,258,257,259,0.0172875905,1,1
2014,23,013,56,56,56,0.0107962213,1,1
2014,23,015,23,22,24,0.016924209,3,3
2014,23,017,134,133,135,0.0149787615,1,1
2014,23,019,154,151,157,0.0093429594,1,1
2014,23,021,,,,,,
2014,23,023,98,98,98,0.0212443096,1,1
2014,23,025,84,82,86,0.0113636364,1,1
2014,23,027,30,30,30,0.0082079343,1,1
2014,23,029,11,9,13,0.0086887836,3,3
2014,23,031,282,282,282,0.0116183256,1,1
2014,24,001,83,83,83,0.0093626622,1,1
2014,24,003,1323,1323,1323,0.0166377424,1,1
2014,24,005,2689,2689,2689,0.0244832924,1,1
2014,24,009,145,145,145,0.0090449754,1,1
2014,24,011,120,120,120,0.0214592275,1,1
2014,24,013,184,184,184,0.007110012,1,1
2014,24,015,826,826,826,0.052675212,1,1
2014,24,017,542,542,542,0.0206413284,1,1
2014,24,019,122,122,122,0.0254378649,1,1
2014,24,021,841,841,841,0.020621843,1,1
2014,24,023,53,53,53,0.0137376879,1,1
2014,24,025,437,437,437,0.0116421569,1,1
2014,24,027,454,454,454,0.0084567384,1,1
2014,24,029,83,83,83,0.0394112061,1,1
2014,24,031,1050,1050,1050,0.0067990209,1,1
2014,24,033,2631,2631,2631,0.0204825186,1,1
2014,24,035,41,41,41,0.0053081305,1,1
2014,24,037,293,293,293,0.0163806116,1,1
2014,24,039,126,126,126,0.0428863172,1,1
2014,24,041,165,165,165,0.035637149,1,1
2014,24,043,743,743,743,0.0332780938,1,1
2014,24,045,1230,1230,1230,0.0845651427,1,1
2014,24,047,164,164,164,0.024646829,1,1
2014,24,510,2079,2079,2079,0.0243493945,1,1
2014,25,001,356,351,361,0.0143012092,1,1
2014,25,003,160,157,163,0.0109274689,1,1
2014,25,005,1439,1436,1442,0.0182686082,1,1
2014,25,007,11,10,12,0.0100182149,3,3
2014,25,009,2227,2219,2235,0.0205032361,1,1
2014,25,011,337,332,342,0.0371104504,1,1
2014,25,013,2562,2561,2563,0.037802107,1,1
2014,25,015,153,147,159,0.0092074382,2,2
2014,25,017,2428,2420,2436,0.0123199951,1,1
2014,25,019,,,,,,
2014,25,021,730,729,731,0.0087783643,1,1
2014,25,023,1143,1139,1147,0.0137305544,1,1
2014,25,025,3345,3340,3350,0.0418109321,1,1
2014,25,027,4433,4426,4440,0.0361532251,1,1
2014,26,001,44,44,44,0.0606060606,1,1
2014,26,003,49,49,49,0.0472061657,1,1
2014,26,005,806,805,807,0.0460150719,1,1
2014,26,007,216,216,216,0.0514163294,1,1
2014,26,009,216,216,216,0.0639431616,1,1
2014,26,011,140,140,140,0.0639561444,1,1
2014,26,013,37,37,37,0.03372835,1,1
2014,26,015,509,509,509,0.0565053286,1,1
2014,26,017,454,454,454,0.0298703862,1,1
2014,26,019,175,175,175,0.0843780135,1,1
2014,26,021,1026,1026,1026,0.0394615385,1,1
2014,26,023,637,637,637,0.0990206746,1,1
2014,26,025,1009,1008,1010,0.0471231085,1,1
2014,26,027,305,305,305,0.043577654,1,1
2014,26,029,192,191,193,0.0472906404,1,1
2014,26,031,123,123,123,0.0392845736,1,1
2014,26,033,250,249,251,0.0550660793,1,1
2014,26,035,129,128,130,0.0276172126,1,1
2014,26,037,283,282,284,0.0275533054,1,1
2014,26,039,41,41,41,0.0258838384,1,1
2014,26,041,158,156,160,0.0312006319,1,1
2014,26,043,133,132,134,0.0341990229,1,1
2014,26,045,882,881,883,0.0513656747,1,1
2014,26,047,158,158,158,0.0334108691,1,1
2014,26,049,2242,2242,2242,0.0319682884,1,1
2014,26,051,118,118,118,0.0402181322,1,1
2014,26,053,76,75,77,0.0608974359,1,1
2014,26,055,592,591,593,0.0441758078,1,1
2014,26,057,570,570,570,0.0846828109,1,1
2014,26,059,482,480,484,0.0741766697,1,1
2014,26,061,97,96,98,0.0170414617,1,1
2014,26,063,158,157,159,0.0313803376,1,1
2014,26,065,1086,1086,1086,0.0258879619,1,1
2014,26,067,471,469,473,0.0548951049,1,1
2014,26,069,475,475,475,0.1166502947,1,1
2014,26,071,72,72,72,0.0559006211,1,1
2014,26,073,317,317,317,0.0490788048,1,1
2014,26,075,1094,1094,1094,0.0454281206,1,1
2014,26,077,1479,1479,1479,0.0412955466,1,1
2014,26,079,233,233,233,0.1083217108,1,1
2014,26,081,2977,2974,2980,0.0286024481,1,1
2014,26,083,,,,,,
2014,26,085,118,118,118,0.1947194719,1,1
2014,26,087,376,375,377,0.0299005964,1,1
2014,26,089,196,195,197,0.0909512761,1,1
2014,26,091,500,500,500,0.0317742755,1,1
2014,26,093,517,516,518,0.0188858447,1,1
2014,26,095,33,33,33,0.0455801105,1,1
2014,26,097,81,80,82,0.0640822785,1,1
2014,26,099,1712,1711,1713,0.0133064924,1,1
2014,26,101,131,131,131,0.0267565359,1,1
2014,26,103,241,241,241,0.0288139646,1,1
2014,26,105,248,248,248,0.0561467059,1,1
2014,26,107,269,269,269,0.0420443889,1,1
2014,26,109,155,155,155,0.0415995706,1,1
2014,26,111,369,368,370,0.026737193,1,1
2014,26,113,122,122,122,0.0574929312,1,1
2014,26,115,823,823,823,0.0349795988,1,1
2014,26,117,463,463,463,0.0490882103,1,1
2014,26,119,28,28,28,0.0374832664,3,3
2014,26,121,1122,1122,1122,0.0382139573,1,1
2014,26,123,782,781,783,0.0947878788,1,1
2014,26,125,2477,2468,2486,0.0133732858,1,1
2014,26,127,278,278,278,0.0850152905,1,1
2014,26,129,128,128,128,0.0618058909,1,1
2014,26,131,71,71,71,0.1087289433,1,1
2014,26,133,295,295,295,0.0734927753,1,1
2014,26,135,54,54,54,0.0625724218,1,1
2014,26,137,131,131,131,0.033973029,1,1
2014,26,139,1144,1144,1144,0.0251113989,1,1
2014,26,141,67,67,67,0.045609258,1,1
2014,26,143,134,133,135,0.0419799499,1,1
2014,26,145,702,701,703,0.0243724612,1,1
2014,26,147,820,819,821,0.0281951656,1,1
2014,26,149,711,710,712,0.0639503508,1,1
2014,26,151,274,274,274,0.0401641747,1,1
2014,26,153,26,26,26,0.0307328605,3,3
2014,26,155,638,638,638,0.056525206,1,1
2014,26,157,537,537,537,0.0648785792,1,1
2014,26,159,724,724,724,0.0463864685,1,1
2014,26,161,1218,1217,1219,0.0276988152,1,1
2014,26,163,4413,4404,4422,0.0164040458,1,1
2014,26,165,223,222,224,0.0407752788,1,1
2014,27,001,,,,,,
2014,27,003,1208,1207,1209,0.0213555846,1,1
2014,27,005,139,139,139,0.0300865801,1,1
2014,27,007,402,401,403,0.0580673119,1,1
2014,27,009,112,112,112,0.0260162602,1,1
2014,27,011,,,,,,
2014,27,013,256,255,257,0.0269077149,1,1
2014,27,015,20,18,22,0.0071377587,3,3
2014,27,017,91,88,94,0.0140932322,2,2
2014,27,019,43,42,44,0.0027037223,1,1
2014,27,021,143,142,144,0.0370754472,1,1
2014,27,023,,,,,,
2014,27,025,18,16,20,0.0043699927,3,3
2014,27,027,226,224,228,0.0255367232,1,1
2014,27,029,,,,,,
2014,27,031,,,,,,
2014,27,033,,,,,,
2014,27,035,129,129,129,0.0138367478,1,1
2014,27,037,730,729,731,0.009964646,1,1
2014,27,039,24,23,25,0.0059464817,3,3
2014,27,041,71,70,72,0.0134367903,1,1
2014,27,043,,,,,,
2014,27,045,,,,,,
2014,27,047,17,16,18,0.0043870968,3,3
2014,27,049,,,,,,
2014,27,051,,,,,,
2014,27,053,5627,5619,5635,0.0366656241,1,1
2014,27,055,38,37,39,0.0091588335,2,2
2014,27,057,,,,,,
2014,27,059,42,42,42,0.0072016461,1,1
2014,27,061,77,77,77,0.0149718063,1,1
2014,27,063,,,,,,
2014,27,065,64,63,65,0.0287640449,1,1
2014,27,067,85,85,85,0.0154292975,1,1
2014,27,069,,,,,,
2014,27,071,,,,,,
2014,27,073,,,,,,
2014,27,075,30,30,30,0.0212314225,1,1
2014,27,077,,,,,,
2014,27,079,48,47,49,0.0138528139,1,1
2014,27,081,17,15,19,0.0181430096,3,3
2014,27,083,61,61,61,0.0163934426,1,1
2014,27,085,34,33,35,0.0068355448,2,2
2014,27,087,18,18,18,0.1463414634,3,3
2014,27,089,,,,,,
2014,27,091,51,50,52,0.0256926952,1,1
2014,27,093,,,,,,
2014,27,095,114,114,114,0.0199161426,1,1
2014,27,097,23,22,24,0.0060319958,3,3
2014,27,099,37,35,39,0.006353022,3,3
2014,27,101,11,10,12,0.0101851852,3,3
2014,27,103,,,,,,
2014,27,105,14,12,16,0.0041346722,3,3
2014,27,107,10,10,10,0.0334448161,3,3
2014,27,109,482,480,484,0.0229174591,1,1
2014,27,111,17,15,19,0.0041554632,3,3
2014,27,113,,,,,,
2014,27,115,49,48,50,0.0346289753,1,1
2014,27,117,,,,,,
2014,27,119,,,,,,
2014,27,121,,,,,,
2014,27,123,2792,2787,2797,0.0349419303,1,1
2014,27,125,,,,,,
2014,27,127,40,38,42,0.0212314225,3,3
2014,27,129,,,,,,
2014,27,131,47,47,47,0.0109582653,1,1
2014,27,133,,,,,,
2014,27,135,10,8,12,0.0040338846,3,3
2014,27,137,575,567,583,0.0251641138,1,1
2014,27,139,93,91,95,0.0040049955,1,1
2014,27,141,122,121,123,0.0061541566,1,1
2014,27,143,,,,,,
2014,27,145,423,419,427,0.018457108,1,1
2014,27,147,161,160,162,0.0246102109,1,1
2014,27,149,,,,,,
2014,27,151,,,,,,
2014,27,153,30,29,31,0.0206043956,2,2
2014,27,155,,,,,,
2014,27,157,,,,,,
2014,27,159,10,9,11,0.0068823125,3,3
2014,27,161,16,16,16,0.0179171333,3,3
2014,27,163,158,157,159,0.0046956728,1,1
2014,27,165,10,9,11,0.0080645161,3,3
2014,27,167,,,,,,
2014,27,169,28,26,30,0.0062569832,3,3
2014,27,171,79,77,81,0.0042709629,2,2
2014,27,173,,,,,,
2014,28,001,286,286,286,0.0802919708,1,1
2014,28,003,215,214,216,0.0355019815,1,1
2014,28,005,63,63,63,0.059772296,1,1
2014,28,007,,,,,,
2014,28,009,,,,,,
2014,28,011,175,175,175,0.0467789361,1,1
2014,28,013,30,30,30,0.0118017309,1,1
2014,28,015,,,,,,
2014,28,017,,,,,,
2014,28,019,,,,,,
2014,28,021,,,,,,
2014,28,023,,,,,,
2014,28,025,29,29,29,0.0090966123,3,3
2014,28,027,45,45,45,0.0148416887,1,1
2014,28,029,,,,,,
2014,28,031,15,15,15,0.0050284948,3,3
2014,28,033,,,,,,
2014,28,035,448,448,448,0.0404514673,1,1
2014,28,037,,,,,,
2014,28,039,41,41,41,0.0099853872,1,1
2014,28,041,,,,,,
2014,28,043,,,,,,
2014,28,045,15,15,15,0.003335557,3,3
2014,28,047,2166,2166,2166,0.0681282043,1,1
2014,28,049,3382,3382,3382,0.0956637343,1,1
2014,28,051,,,,,,
2014,28,053,,,,,,
2014,28,055,,,,,,
2014,28,057,77,77,77,0.0215928211,1,1
2014,28,059,161,160,162,0.0065810988,1,1
2014,28,061,14,14,14,0.014721346,3,3
2014,28,063,,,,,,
2014,28,065,36,36,36,0.0236220472,1,1
2014,28,067,30,30,30,0.0025421574,1,1
2014,28,069,,,,,,
2014,28,071,200,199,201,0.0291205591,1,1
2014,28,073,88,88,88,0.0084444871,1,1
2014,28,075,135,135,135,0.0107956817,1,1
2014,28,077,,,,,,
2014,28,079,,,,,,
2014,28,081,333,333,333,0.0201659299,1,1
2014,28,083,12,12,12,0.0022325581,3,3
2014,28,085,,,,,,
2014,28,087,74,74,74,0.0077673979,1,1
2014,28,089,,,,,,
2014,28,091,48,48,48,0.0125032561,1,1
2014,28,093,139,139,139,0.0292016807,1,1
2014,28,095,42,41,43,0.0102589155,1,1
2014,28,097,,,,,,
2014,28,099,,,,,,
2014,28,101,,,,,,
2014,28,103,157,157,157,0.0884507042,1,1
2014,28,105,407,407,407,0.0929860635,1,1
2014,28,107,,,,,,
2014,28,109,235,235,235,0.0346863469,1,1
2014,28,111,24,23,25,0.0125588697,3,3
2014,28,113,,,,,,
2014,28,115,19,19,19,0.0053551297,3,3
2014,28,117,236,236,236,0.0998307953,1,1
2014,28,119,,,,,,
2014,28,121,,,,,,
2014,28,123,,,,,,
2014,28,125,,,,,,
2014,28,127,320,320,320,0.0826019618,1,1
2014,28,129,,,,,,
2014,28,131,26,26,26,0.0098784195,3,3
2014,28,133,,,,,,
2014,28,135,139,139,139,0.0666027791,1,1
2014,28,137,85,84,86,0.0180467091,1,1
2014,28,139,,,,,,
2014,28,141,32,32,32,0.010139417,1,1
2014,28,143,,,,,,
2014,28,145,,,,,,
2014,28,147,,,,,,
2014,28,149,120,120,120,0.0144560896,1,1
2014,28,151,66,66,66,0.0088011735,1,1
2014,28,153,,,,,,
2014,28,155,,,,,,
2014,28,157,,,,,,
2014,28,159,,,,,,
2014,28,161,,,,,,
2014,28,163,68,68,68,0.0414129111,1,1
2014,29,001,,,,,,
2014,29,003,,,,,,
2014,29,005,,,,,,
2014,29,007,163,161,165,0.0487294469,1,1
2014,29,009,279,277,281,0.0414438503,1,1
2014,29,011,34,33,35,0.0172239108,2,2
2014,29,013,27,22,32,0.0098217534,3,3
2014,29,015,92,91,93,0.0359234674,1,1
2014,29,017,24,22,26,0.0126916975,3,3
2014,29,019,227,226,228,0.0097153863,1,1
2014,29,021,611,610,612,0.0474305232,1,1
2014,29,023,102,101,103,0.0147548098,1,1
2014,29,025,32,27,37,0.0199625702,3,3
2014,29,027,92,90,94,0.0190004131,1,1
2014,29,029,507,506,508,0.0947486451,1,1
2014,29,031,433,431,435,0.0427781071,1,1
2014,29,033,12,8,16,0.0082644628,3,3
2014,29,035,68,68,68,0.0525502318,1,1
2014,29,037,433,430,436,0.0236431146,1,1
2014,29,039,18,17,19,0.0082987552,3,3
2014,29,041,,,,,,
2014,29,043,345,345,345,0.0232479784,1,1
2014,29,045,,,,,,
2014,29,047,710,709,711,0.0173819375,1,1
2014,29,049,85,85,85,0.0201326386,1,1
2014,29,051,218,216,220,0.0189466365,1,1
2014,29,053,19,14,24,0.0076243981,3,3
2014,29,055,71,70,72,0.020437536,1,1
2014,29,057,,,,,,
2014,29,059,40,39,41,0.0162999185,2,2
2014,29,061,,,,,,
2014,29,063,50,47,53,0.0457875458,3,3
2014,29,065,47,44,50,0.020851819,3,3
2014,29,067,16,14,18,0.0102498398,3,3
2014,29,069,65,63,67,0.0112204385,2,2
2014,29,071,653,651,655,0.0396406241,1,1
2014,29,073,104,104,104,0.035543404,1,1
2014,29,075,,,,,,
2014,29,077,1609,1607,1611,0.0418237114,1,1
2014,29,079,54,51,57,0.0338557994,3,3
2014,29,081,14,11,17,0.0088719899,3,3
2014,29,083,85,79,91,0.0288919103,3,3
2014,29,085,,,,,,
2014,29,087,,,,,,
2014,29,089,15,13,17,0.0102739726,3,3
2014,29,091,217,215,219,0.03825811,1,1
2014,29,093,11,8,14,0.0058355438,3,3
2014,29,095,4356,4348,4364,0.040505105,1,1
2014,29,097,467,465,469,0.0214180884,1,1
2014,29,099,700,699,701,0.0198716857,1,1
2014,29,101,430,429,431,0.0581002567,1,1
2014,29,103,,,,,,
2014,29,105,51,49,53,0.0083730094,2,2
2014,29,107,79,75,83,0.0149000377,3,3
2014,29,109,164,162,166,0.0274064171,1,1
2014,29,111,,,,,,
2014,29,113,147,147,147,0.0161007667,1,1
2014,29,115,14,11,17,0.0060606061,3,3
2014,29,117,,,,,,
2014,29,119,210,210,210,0.0539707016,1,1
2014,29,121,,,,,,
2014,29,123,15,14,16,0.006947661,3,3
2014,29,125,,,,,,
2014,29,127,99,98,100,0.0192982456,1,1
2014,29,129,,,,,,
2014,29,131,36,34,38,0.0071570577,3,3
2014,29,133,,,,,,
2014,29,135,37,34,40,0.0152892562,3,3
2014,29,137,27,24,30,0.0181818182,3,3
2014,29,139,36,36,36,0.0221674877,1,1
2014,29,141,96,96,96,0.0467836257,1,1
2014,29,143,19,16,22,0.0070007369,3,3
2014,29,145,617,617,617,0.0708869485,1,1
2014,29,147,,,,,,
2014,29,149,43,42,44,0.0253388332,1,1
2014,29,151,,,,,,
2014,29,153,26,24,28,0.0167417901,3,3
2014,29,155,16,9,23,0.0045146727,3,3
2014,29,157,,,,,,
2014,29,159,842,840,844,0.12485172,1,1
2014,29,161,97,95,99,0.0146858441,1,1
2014,29,163,,,,,,
2014,29,165,184,182,186,0.0114356743,1,1
2014,29,167,40,36,44,0.0076511094,3,3
2014,29,169,258,255,261,0.0282646801,1,1
2014,29,171,,,,,,
2014,29,173,,,,,,
2014,29,175,66,62,70,0.0176329148,3,3
2014,29,177,,,,,,
2014,29,179,,,,,,
2014,29,181,31,29,33,0.0135845749,3,3
2014,29,183,613,613,613,0.0104996317,1,1
2014,29,185,14,11,17,0.0109289617,3,3
2014,29,186,,,,,,
2014,29,187,442,442,442,0.04112393,1,1
2014,29,189,4950,4950,4950,0.0353452769,1,1
2014,29,195,407,402,412,0.1111111111,1,1
2014,29,197,,,,,,
2014,29,199,,,,,,
2014,29,201,98,94,102,0.0143779343,2,2
2014,29,203,48,46,50,0.0238924838,2,2
2014,29,205,,,,,,
2014,29,207,15,10,20,0.0029452189,3,3
2014,29,209,169,167,171,0.0430025445,1,1
2014,29,211,,,,,,
2014,29,213,759,756,762,0.0957607873,1,1
2014,29,215,68,62,74,0.0172501268,3,3
2014,29,217,157,154,160,0.0502560819,1,1
2014,29,219,302,302,302,0.062383805,1,1
2014,29,221,98,95,101,0.0259053661,2,2
2014,29,223,,,,,,
2014,29,225,151,149,153,0.0216363376,1,1
2014,29,227,,,,,,
2014,29,229,34,30,38,0.0099154272,3,3
2014,29,510,5593,5588,5598,0.1387428061,1,1
2014,30,001,,,,,,
2014,30,003,,,,,,
2014,30,005,38,38,38,0.1719457014,1,1
2014,30,007,,,,,,
2014,30,009,,,,,,
2014,30,011,,,,,,
2014,30,013,241,241,241,0.0233165635,1,1
2014,30,015,,,,,,
2014,30,017,,,,,,
2014,30,019,,,,,,
2014,30,021,36,36,36,0.027820711,1,1
2014,30,023,48,48,48,0.0447761194,1,1
2014,30,025,,,,,,
2014,30,027,15,13,17,0.0116009281,3,3
2014,30,029,410,408,412,0.0357672512,1,1
2014,30,031,247,245,249,0.024385428,1,1
2014,30,033,,,,,,
2014,30,035,146,146,146,0.0741116751,1,1
2014,30,037,,,,,,
2014,30,039,,,,,,
2014,30,041,,,,,,
2014,30,043,,,,,,
2014,30,045,,,,,,
2014,30,047,82,81,83,0.0206030151,1,1
2014,30,049,182,182,182,0.0222276502,1,1
2014,30,051,,,,,,
2014,30,053,21,21,21,0.0115321252,3,3
2014,30,055,,,,,,
2014,30,057,,,,,,
2014,30,059,,,,,,
2014,30,061,33,33,33,0.0756880734,1,1
2014,30,063,469,469,469,0.0353402155,1,1
2014,30,065,52,52,52,0.08125,1,1
2014,30,067,36,36,36,0.0245231608,1,1
2014,30,069,,,,,,
2014,30,071,,,,,,
2014,30,073,10,10,10,0.0568181818,3,3
2014,30,075,,,,,,
2014,30,077,,,,,,
2014,30,079,,,,,,
2014,30,081,52,50,54,0.0121552127,2,2
2014,30,083,172,172,172,0.0944535969,1,1
2014,30,085,,,,,,
2014,30,087,,,,,,
2014,30,089,14,14,14,0.1842105263,3,3
2014,30,091,,,,,,
2014,30,093,64,64,64,0.015087223,1,1
2014,30,095,,,,,,
2014,30,097,,,,,,
2014,30,099,,,,,,
2014,30,101,,,,,,
2014,30,103,,,,,,
2014,30,105,,,,,,
2014,30,107,,,,,,
2014,30,109,,,,,,
2014,30,111,651,648,654,0.0308691735,1,1
2014,31,001,150,150,150,0.0407276677,1,1
2014,31,003,,,,,,
2014,31,005,,,,,,
2014,31,007,,,,,,
2014,31,009,,,,,,
2014,31,011,,,,,,
2014,31,013,,,,,,
2014,31,015,,,,,,
2014,31,017,,,,,,
2014,31,019,61,60,62,0.0106475825,1,1
2014,31,021,,,,,,
2014,31,023,,,,,,
2014,31,025,,,,,,
2014,31,027,,,,,,
2014,31,029,,,,,,
2014,31,031,,,,,,
2014,31,033,,,,,,
2014,31,035,,,,,,
2014,31,037,,,,,,
2014,31,039,,,,,,
2014,31,041,,,,,,
2014,31,043,22,22,22,0.0056050955,3,3
2014,31,045,,,,,,
2014,31,047,621,621,621,0.1570958765,1,1
2014,31,049,,,,,,
2014,31,051,,,,,,
2014,31,053,205,205,205,0.0413473175,1,1
2014,31,055,911,910,912,0.0104909198,1,1
2014,31,057,,,,,,
2014,31,059,,,,,,
2014,31,061,,,,,,
2014,31,063,,,,,,
2014,31,065,,,,,,
2014,31,067,,,,,,
2014,31,069,,,,,,
2014,31,071,,,,,,
2014,31,073,,,,,,
2014,31,075,,,,,,
2014,31,077,,,,,,
2014,31,079,370,369,371,0.0336180265,1,1
2014,31,081,11,11,11,0.0089942764,3,3
2014,31,083,,,,,,
2014,31,085,,,,,,
2014,31,087,,,,,,
2014,31,089,,,,,,
2014,31,091,,,,,,
2014,31,093,,,,,,
2014,31,095,,,,,,
2014,31,097,,,,,,
2014,31,099,,,,,,
2014,31,101,,,,,,
2014,31,103,,,,,,
2014,31,105,,,,,,
2014,31,107,,,,,,
2014,31,109,444,444,444,0.011374699,1,1
2014,31,111,42,42,42,0.0098130841,1,1
2014,31,113,,,,,,
2014,31,115,,,,,,
2014,31,117,,,,,,
2014,31,119,,,,,,
2014,31,121,13,13,13,0.0188953488,3,3
2014,31,123,,,,,,
2014,31,125,,,,,,
2014,31,127,,,,,,
2014,31,129,,,,,,
2014,31,131,12,12,12,0.0084745763,3,3
2014,31,133,,,,,,
2014,31,135,,,,,,
2014,31,137,,,,,,
2014,31,139,,,,,,
2014,31,141,32,32,32,0.0085561497,1,1
2014,31,143,,,,,,
2014,31,145,,,,,,
2014,31,147,,,,,,
2014,31,149,,,,,,
2014,31,151,89,89,89,0.0480561555,1,1
2014,31,153,118,118,118,0.0054942497,1,1
2014,31,155,,,,,,
2014,31,157,112,112,112,0.0209345794,1,1
2014,31,159,,,,,,
2014,31,161,,,,,,
2014,31,163,,,,,,
2014,31,165,,,,,,
2014,31,167,,,,,,
2014,31,169,,,,,,
2014,31,171,,,,,,
2014,31,173,45,45,45,0.0416666667,1,1
2014,31,175,,,,,,
2014,31,177,,,,,,
2014,31,179,,,,,,
2014,31,181,,,,,,
2014,31,183,,,,,,
2014,31,185,,,,,,
2014,32,001,98,98,98,0.0280721856,1,1
2014,32,003,11240,11240,11240,0.0346814032,1,1
2014,32,005,193,193,193,0.0318639591,1,1
2014,32,007,73,73,73,0.0074044021,1,1
2014,32,009,,,,,,
2014,32,011,10,10,10,0.04048583,3,3
2014,32,013,38,38,38,0.0109415491,1,1
2014,32,015,,,,,,
2014,32,017,23,23,23,0.0226600985,3,3
2014,32,019,595,595,595,0.073620391,1,1
2014,32,021,78,78,78,0.1628392484,1,1
2014,32,023,505,505,505,0.0977167183,1,1
2014,32,027,70,70,70,0.1011560694,1,1
2014,32,029,10,10,10,0.0248756219,3,3
2014,32,031,3449,3449,3449,0.0525105813,1,1
2014,32,033,36,36,36,0.028685259,1,1
2014,32,510,751,751,751,0.0268847999,1,1
2014,33,001,206,205,207,0.0245208904,1,1
2014,33,003,162,161,163,0.0316097561,1,1
2014,33,005,164,159,169,0.0221412178,2,2
2014,33,007,64,63,65,0.020506248,1,1
2014,33,009,151,146,156,0.0185367051,2,2
2014,33,011,1158,1154,1162,0.0210832954,1,1
2014,33,013,386,384,388,0.0169789742,1,1
2014,33,015,368,363,373,0.009424781,1,1
2014,33,017,346,345,347,0.0222022587,1,1
2014,33,019,278,277,279,0.0578443612,1,1
2014,34,001,432,430,434,0.0105669977,1,1
2014,34,003,495,482,508,0.0059538128,2,2
2014,34,005,769,765,773,0.0119683128,1,1
2014,34,007,1201,1200,1202,0.0156784418,1,1
2014,34,009,121,119,123,0.0108734723,1,1
2014,34,011,1498,1495,1501,0.052288038,1,1
2014,34,013,743,740,746,0.0078024909,1,1
2014,34,015,593,591,595,0.0139585246,1,1
2014,34,017,197,195,199,0.0032512006,1,1
2014,34,019,39,36,42,0.0036568214,3,3
2014,34,021,179,177,181,0.003439001,1,1
2014,34,023,945,943,947,0.0078393961,1,1
2014,34,025,563,556,570,0.0068629244,1,1
2014,34,027,94,88,100,0.0019307398,3,3
2014,34,029,635,629,641,0.0088776423,1,1
2014,34,031,341,337,345,0.0046768066,1,1
2014,34,033,397,395,399,0.038491371,1,1
2014,34,035,224,221,227,0.0070966924,1,1
2014,34,037,53,49,57,0.0058421517,3,3
2014,34,039,364,362,366,0.0056801336,1,1
2014,34,041,171,164,178,0.0172153428,2,2
2014,35,001,3554,3550,3558,0.0368027007,1,1
2014,35,003,,,,,,
2014,35,005,109,108,110,0.0094404989,1,1
2014,35,006,,,,,,
2014,35,007,,,,,,
2014,35,009,136,136,136,0.016152019,1,1
2014,35,011,34,34,34,0.10625,1,1
2014,35,013,694,693,695,0.0171387647,1,1
2014,35,015,366,366,366,0.033008658,1,1
2014,35,017,105,105,105,0.0359589041,1,1
2014,35,019,,,,,,
2014,35,021,,,,,,
2014,35,023,63,63,63,0.125748503,1,1
2014,35,025,150,150,150,0.0103469683,1,1
2014,35,027,36,36,36,0.0173913043,1,1
2014,35,028,,,,,,
2014,35,029,373,373,373,0.0683400513,1,1
2014,35,031,447,447,447,0.0375409423,1,1
2014,35,033,,,,,,
2014,35,035,138,138,138,0.0232675771,1,1
2014,35,037,,,,,,
2014,35,039,,,,,,
2014,35,041,31,30,32,0.0100258732,2,2
2014,35,043,790,787,793,0.0368693704,1,1
2014,35,045,548,548,548,0.0223719126,1,1
2014,35,047,45,45,45,0.0138888889,1,1
2014,35,049,1255,1255,1255,0.0850732104,1,1
2014,35,051,152,152,152,0.1095100865,1,1
2014,35,053,91,91,91,0.0407341092,1,1
2014,35,055,20,20,20,0.0069881202,3,3
2014,35,057,208,207,209,0.0583777715,1,1
2014,35,059,,,,,,
2014,35,061,933,933,933,0.0739654352,1,1
2014,36,001,749,749,749,0.0194272968,1,1
2014,36,003,102,100,104,0.0184082296,1,1
2014,36,005,39145,39143,39147,0.1761859753,1,1
2014,36,007,558,558,558,0.020275426,1,1
2014,36,009,189,188,190,0.0162762659,1,1
2014,36,011,135,134,136,0.0152473458,1,1
2014,36,013,314,314,314,0.0170791406,1,1
2014,36,015,113,113,113,0.0095608766,1,1
2014,36,017,158,158,158,0.0202097723,1,1
2014,36,019,172,172,172,0.0163591402,1,1
2014,36,021,195,195,195,0.0263584753,1,1
2014,36,023,81,81,81,0.013509006,1,1
2014,36,025,56,54,58,0.0190411425,2,2
2014,36,027,707,705,709,0.0182089783,1,1
2014,36,029,2911,2909,2913,0.0239991426,1,1
2014,36,031,14,12,16,0.0104321908,3,3
2014,36,033,88,87,89,0.01414791,1,1
2014,36,035,108,106,110,0.0121171323,1,1
2014,36,037,116,114,118,0.01358632,1,1
2014,36,039,161,161,161,0.0325055522,1,1
2014,36,041,,,,,,
2014,36,043,50,49,51,0.0078876794,1,1
2014,36,045,131,129,133,0.0092730233,1,1
2014,36,047,30120,30120,30120,0.093954414,1,1
2014,36,049,129,129,129,0.0179790941,1,1
2014,36,051,137,137,137,0.0190277778,1,1
2014,36,053,70,69,71,0.0070443796,1,1
2014,36,055,3301,3300,3302,0.0306807198,1,1
2014,36,057,190,190,190,0.0272167311,1,1
2014,36,059,3228,3222,3234,0.017812112,1,1
2014,36,061,18811,18811,18811,0.1113083509,1,1
2014,36,063,304,301,307,0.0104248825,1,1
2014,36,065,294,293,295,0.0117854566,1,1
2014,36,067,2714,2711,2717,0.0377237852,1,1
2014,36,069,290,289,291,0.0175597941,1,1
2014,36,071,1722,1722,1722,0.028497195,1,1
2014,36,073,74,74,74,0.0133045667,1,1
2014,36,075,883,882,884,0.0435748125,1,1
2014,36,077,96,95,97,0.0138508152,1,1
2014,36,079,142,142,142,0.010260857,1,1
2014,36,081,15907,15906,15908,0.056110337,1,1
2014,36,083,620,619,621,0.030182066,1,1
2014,36,085,2426,2426,2426,0.0395448914,1,1
2014,36,087,752,752,752,0.0183119856,1,1
2014,36,089,671,671,671,0.0433742728,1,1
2014,36,091,607,606,608,0.0196427416,1,1
2014,36,093,242,241,243,0.0095826404,1,1
2014,36,095,77,77,77,0.0199688797,1,1
2014,36,097,42,41,43,0.0193370166,1,1
2014,36,099,100,100,100,0.0241138172,1,1
2014,36,101,174,173,175,0.0119842964,1,1
2014,36,103,5375,5373,5377,0.0221663196,1,1
2014,36,105,361,361,361,0.0393803862,1,1
2014,36,107,79,76,82,0.010097137,2,2
2014,36,109,122,121,123,0.0110128182,1,1
2014,36,111,582,582,582,0.0269906785,1,1
2014,36,113,165,163,167,0.0179758144,1,1
2014,36,115,221,220,222,0.0249042146,1,1
2014,36,117,347,347,347,0.0254660208,1,1
2014,36,119,2843,2832,2854,0.0210736205,1,1
2014,36,121,37,36,38,0.0088053308,2,2
2014,36,123,69,69,69,0.0303296703,1,1
2014,37,001,768,768,768,0.0324776927,1,1
2014,37,003,24,24,24,0.0045653414,3,3
2014,37,005,19,19,19,0.0128639133,3,3
2014,37,007,42,42,42,0.0119115145,1,1
2014,37,009,99,99,99,0.0305555556,1,1
2014,37,011,26,26,26,0.0118451025,3,3
2014,37,013,73,73,73,0.0101642996,1,1
2014,37,015,20,20,20,0.0078554595,3,3
2014,37,017,64,64,64,0.0129949239,1,1
2014,37,019,248,248,248,0.0197861816,1,1
2014,37,021,734,734,734,0.0246217839,1,1
2014,37,023,102,102,102,0.0077010193,1,1
2014,37,025,495,495,495,0.0135635018,1,1
2014,37,027,204,204,204,0.0168191937,1,1
2014,37,029,,,,,,
2014,37,031,13,13,13,0.0015251056,3,3
2014,37,033,,,,,,
2014,37,035,274,274,274,0.0111450071,1,1
2014,37,037,802,802,802,0.093082637,1,1
2014,37,039,13,13,13,0.0037978382,3,3
2014,37,041,16,16,16,0.0070702607,3,3
2014,37,043,,,,,,
2014,37,045,133,133,133,0.0085179967,1,1
2014,37,047,10,10,10,0.0015880578,3,3
2014,37,049,139,139,139,0.0095749811,1,1
2014,37,051,793,793,793,0.0153670258,1,1
2014,37,053,70,70,70,0.0178662583,1,1
2014,37,055,161,161,161,0.031655525,1,1
2014,37,057,341,341,341,0.0133893513,1,1
2014,37,059,124,124,124,0.0195645314,1,1
2014,37,061,228,228,228,0.0225007402,1,1
2014,37,063,847,846,848,0.0245357898,1,1
2014,37,065,139,139,139,0.0231050532,1,1
2014,37,067,515,515,515,0.0094043315,1,1
2014,37,069,219,219,219,0.0251406268,1,1
2014,37,071,732,732,732,0.0220621477,1,1
2014,37,073,10,10,10,0.0059136606,3,3
2014,37,075,54,54,54,0.0436893204,1,1
2014,37,077,135,135,135,0.0164353543,1,1
2014,37,079,108,108,108,0.0339515876,1,1
2014,37,081,2807,2804,2810,0.0369390709,1,1
2014,37,083,193,193,193,0.0270081164,1,1
2014,37,085,180,179,181,0.008699855,1,1
2014,37,087,285,285,285,0.0382807253,1,1
2014,37,089,327,327,327,0.0237939315,1,1
2014,37,091,,,,,,
2014,37,093,98,98,98,0.0113268608,1,1
2014,37,095,,,,,,
2014,37,097,423,423,423,0.0155806844,1,1
2014,37,099,122,122,122,0.0328663793,1,1
2014,37,101,255,255,255,0.0073803942,1,1
2014,37,103,65,65,65,0.0536746491,1,1
2014,37,105,315,315,315,0.0307227153,1,1
2014,37,107,105,105,105,0.0113219754,1,1
2014,37,109,108,108,108,0.0091875798,1,1
2014,37,111,910,910,910,0.1435784159,1,1
2014,37,113,20,20,20,0.0045045045,3,3
2014,37,115,17,17,17,0.0068300522,3,3
2014,37,117,16,16,16,0.0046498111,3,3
2014,37,119,4441,4436,4446,0.0297662136,1,1
2014,37,121,28,28,28,0.0143295803,3,3
2014,37,123,21,21,21,0.0050071531,3,3
2014,37,125,324,324,324,0.0249173268,1,1
2014,37,127,415,415,415,0.0256950034,1,1
2014,37,129,819,819,819,0.0313420841,1,1
2014,37,131,21,21,21,0.0099526066,3,3
2014,37,133,278,278,278,0.0107651797,1,1
2014,37,135,127,127,127,0.0064251745,1,1
2014,37,137,13,13,13,0.0099540582,3,3
2014,37,139,115,115,115,0.0193733154,1,1
2014,37,141,79,79,79,0.0086956522,1,1
2014,37,143,37,37,37,0.0209988649,1,1
2014,37,145,50,50,50,0.010704346,1,1
2014,37,147,178,178,178,0.007323596,1,1
2014,37,149,,,,,,
2014,37,151,306,306,306,0.013346127,1,1
2014,37,153,219,219,219,0.0282909185,1,1
2014,37,155,147,147,147,0.0061021171,1,1
2014,37,157,83,83,83,0.0063161099,1,1
2014,37,159,209,209,209,0.0103923226,1,1
2014,37,161,266,266,266,0.0309158531,1,1
2014,37,163,29,29,29,0.0024290142,3,3
2014,37,165,89,89,89,0.0144786075,1,1
2014,37,167,54,54,54,0.0062118946,1,1
2014,37,169,39,39,39,0.0059424044,1,1
2014,37,171,96,96,96,0.0080066722,1,1
2014,37,173,41,41,41,0.0195238095,1,1
2014,37,175,114,114,114,0.0320855615,1,1
2014,37,177,,,,,,
2014,37,179,155,155,155,0.0037214886,1,1
2014,37,181,69,69,69,0.0101039684,1,1
2014,37,183,2578,2577,2579,0.0164834814,1,1
2014,37,185,105,105,105,0.0426309379,1,1
2014,37,187,34,34,34,0.0201421801,1,1
2014,37,189,62,62,62,0.0140717204,1,1
2014,37,191,320,320,320,0.0166242402,1,1
2014,37,193,256,256,256,0.024931827,1,1
2014,37,195,155,155,155,0.0117335352,1,1
2014,37,197,49,49,49,0.0086848635,1,1
2014,37,199,,,,,,
2014,38,001,,,,,,
2014,38,003,,,,,,
2014,38,005,,,,,,
2014,38,007,,,,,,
2014,38,009,,,,,,
2014,38,011,,,,,,
2014,38,013,10,10,10,0.0606060606,3,3
2014,38,015,429,429,429,0.0350862845,1,1
2014,38,017,227,227,227,0.0111460277,1,1
2014,38,019,,,,,,
2014,38,021,,,,,,
2014,38,023,,,,,,
2014,38,025,,,,,,
2014,38,027,,,,,,
2014,38,029,,,,,,
2014,38,031,,,,,,
2014,38,033,,,,,,
2014,38,035,143,143,143,0.0198033513,1,1
2014,38,037,,,,,,
2014,38,039,,,,,,
2014,38,041,,,,,,
2014,38,043,,,,,,
2014,38,045,,,,,,
2014,38,047,,,,,,
2014,38,049,,,,,,
2014,38,051,,,,,,
2014,38,053,598,598,598,0.3952412426,1,1
2014,38,055,,,,,,
2014,38,057,,,,,,
2014,38,059,106,106,106,0.0299773756,1,1
2014,38,061,152,152,152,0.1540020263,1,1
2014,38,063,,,,,,
2014,38,065,,,,,,
2014,38,067,,,,,,
2014,38,069,,,,,,
2014,38,071,19,19,19,0.0115151515,3,3
2014,38,073,,,,,,
2014,38,075,,,,,,
2014,38,077,,,,,,
2014,38,079,73,73,73,0.0343853038,1,1
2014,38,081,,,,,,
2014,38,083,,,,,,
2014,38,085,66,66,66,0.188034188,1,1
2014,38,087,,,,,,
2014,38,089,32,32,32,0.0093077371,1,1
2014,38,091,,,,,,
2014,38,093,,,,,,
2014,38,095,,,,,,
2014,38,097,,,,,,
2014,38,099,,,,,,
2014,38,101,413,413,413,0.0514705882,1,1
2014,38,103,,,,,,
2014,38,105,437,437,437,0.095854354,1,1
2014,39,001,71,71,71,0.0146210873,1,1
2014,39,003,216,212,220,0.0179536198,1,1
2014,39,005,143,142,144,0.0189128422,1,1
2014,39,007,20,19,21,0.0020807324,3,3
2014,39,009,87,87,87,0.0131758292,1,1
2014,39,011,70,70,70,0.0116375727,1,1
2014,39,013,124,123,125,0.0140765127,1,1
2014,39,015,,,,,,
2014,39,017,922,921,923,0.0164507726,1,1
2014,39,019,14,14,14,0.0136319377,3,3
2014,39,021,140,139,141,0.0197823937,1,1
2014,39,023,426,425,427,0.0234943746,1,1
2014,39,025,114,113,115,0.0045563549,1,1
2014,39,027,41,40,42,0.0066353779,1,1
2014,39,029,,,,,,
2014,39,031,87,85,89,0.0177514793,1,1
2014,39,033,93,91,95,0.0164050097,1,1
2014,39,035,3388,3376,3400,0.0224151163,1,1
2014,39,037,56,56,56,0.0097003291,1,1
2014,39,039,57,56,58,0.0125772286,1,1
2014,39,041,87,87,87,0.002911062,1,1
2014,39,043,191,190,192,0.0174445155,1,1
2014,39,045,98,94,102,0.0044271774,2,2
2014,39,047,237,237,237,0.0489063145,1,1
2014,39,049,3592,3579,3605,0.0194560749,1,1
2014,39,051,38,37,39,0.0072588348,2,2
2014,39,053,,,,,,
2014,39,055,75,74,76,0.0083481745,1,1
2014,39,057,654,653,655,0.0303353588,1,1
2014,39,059,285,285,285,0.0612508059,1,1
2014,39,061,2655,2647,2663,0.0262749018,1,1
2014,39,063,156,155,157,0.0175953079,1,1
2014,39,065,,,,,,
2014,39,067,28,27,29,0.0172520025,3,3
2014,39,069,75,73,77,0.0171781951,2,2
2014,39,071,552,552,552,0.1173219979,1,1
2014,39,073,33,33,33,0.0083969466,1,1
2014,39,075,,,,,,
2014,39,077,62,62,62,0.0074617884,1,1
2014,39,079,69,69,69,0.0176923077,1,1
2014,39,081,,,,,,
2014,39,083,203,203,203,0.0408450704,1,1
2014,39,085,162,161,163,0.0056516885,1,1
2014,39,087,30,29,31,0.0108972031,2,2
2014,39,089,514,511,517,0.0206575034,1,1
2014,39,091,28,28,28,0.0068359375,3,3
2014,39,093,547,541,553,0.0127378152,1,1
2014,39,095,3296,3292,3300,0.04777781,1,1
2014,39,097,18,18,18,0.0033228724,3,3
2014,39,099,202,196,208,0.0076108662,2,2
2014,39,101,244,243,245,0.0218246869,1,1
2014,39,103,48,47,49,0.0020433357,1,1
2014,39,105,49,48,50,0.0147679325,1,1
2014,39,107,,,,,,
2014,39,109,105,104,106,0.0107493857,1,1
2014,39,111,274,274,274,0.1189236111,1,1
2014,39,113,1271,1268,1274,0.0191386839,1,1
2014,39,115,161,161,161,0.081190116,1,1
2014,39,117,,,,,,
2014,39,119,34,32,36,0.0043152684,3,3
2014,39,121,60,60,60,0.035335689,1,1
2014,39,123,11,11,11,0.0032163743,3,3
2014,39,125,,,,,,
2014,39,127,109,108,110,0.0303114572,1,1
2014,39,129,93,93,93,0.0101141925,1,1
2014,39,131,,,,,,
2014,39,133,386,384,388,0.0210779228,1,1
2014,39,135,12,12,12,0.003785489,3,3
2014,39,137,,,,,,
2014,39,139,242,240,244,0.018273805,1,1
2014,39,141,391,391,391,0.0545175683,1,1
2014,39,143,307,307,307,0.0366917653,1,1
2014,39,145,132,131,133,0.0166372574,1,1
2014,39,147,44,43,45,0.0103262145,1,1
2014,39,149,,,,,,
2014,39,151,1016,1012,1020,0.0180596537,1,1
2014,39,153,1553,1548,1558,0.0222355855,1,1
2014,39,155,39,34,44,0.0027803522,3,3
2014,39,157,118,118,118,0.0159351789,1,1
2014,39,159,43,43,43,0.0056773171,1,1
2014,39,161,,,,,,
2014,39,163,,,,,,
2014,39,165,160,160,160,0.0043518468,1,1
2014,39,167,168,168,168,0.0230231602,1,1
2014,39,169,185,182,188,0.0142428208,1,1
2014,39,171,92,92,92,0.0294494238,1,1
2014,39,173,350,348,352,0.0234757529,1,1
2014,39,175,,,,,,
2014,40,001,68,68,68,0.0147537427,1,1
2014,40,003,,,,,,
2014,40,005,263,263,263,0.1101801424,1,1
2014,40,007,,,,,,
2014,40,009,234,234,234,0.0549682875,1,1
2014,40,011,,,,,,
2014,40,013,503,503,503,0.0660798739,1,1
2014,40,015,18,16,20,0.0030120482,3,3
2014,40,017,76,76,76,0.0029200446,1,1
2014,40,019,424,424,424,0.045562003,1,1
2014,40,021,594,593,595,0.0775760742,1,1
2014,40,023,13,13,13,0.004809471,3,3
2014,40,025,,,,,,
2014,40,027,305,305,305,0.0067833552,1,1
2014,40,029,,,,,,
2014,40,031,752,751,753,0.0344480073,1,1
2014,40,033,42,42,42,0.0379061372,1,1
2014,40,035,74,74,74,0.0263720599,1,1
2014,40,037,366,366,366,0.0280933374,1,1
2014,40,039,238,238,238,0.0435977285,1,1
2014,40,041,257,257,257,0.0391708581,1,1
2014,40,043,19,19,19,0.017163505,3,3
2014,40,045,48,48,48,0.0552359033,1,1
2014,40,047,176,175,177,0.0152196472,1,1
2014,40,049,139,139,139,0.0249461594,1,1
2014,40,051,219,218,220,0.0231061405,1,1
2014,40,053,,,,,,
2014,40,055,,,,,,
2014,40,057,,,,,,
2014,40,059,,,,,,
2014,40,061,48,48,48,0.0202105263,1,1
2014,40,063,,,,,,
2014,40,065,122,120,124,0.0254963427,1,1
2014,40,067,15,14,16,0.0128095645,3,3
2014,40,069,183,183,183,0.0927521541,1,1
2014,40,071,390,390,390,0.0464009518,1,1
2014,40,073,44,43,45,0.0122905028,1,1
2014,40,075,81,81,81,0.049031477,1,1
2014,40,077,,,,,,
2014,40,079,257,256,258,0.0261417964,1,1
2014,40,081,,,,,,
2014,40,083,47,47,47,0.0100063871,1,1
2014,40,085,78,78,78,0.0423913043,1,1
2014,40,087,267,267,267,0.0350623769,1,1
2014,40,089,486,486,486,0.0705574913,1,1
2014,40,091,18,17,19,0.0059721301,3,3
2014,40,093,,,,,,
2014,40,095,573,573,573,0.1933198381,1,1
2014,40,097,468,468,468,0.064276885,1,1
2014,40,099,100,99,101,0.0363901019,1,1
2014,40,101,639,636,642,0.0468200469,1,1
2014,40,103,43,43,43,0.0196526508,1,1
2014,40,105,48,48,48,0.0256,1,1
2014,40,107,20,20,20,0.0096758587,3,3
2014,40,109,10027,10023,10031,0.0750872411,1,1
2014,40,111,142,142,142,0.0206786078,1,1
2014,40,113,97,97,97,0.0252275683,1,1
2014,40,115,71,70,72,0.0116355293,1,1
2014,40,117,,,,,,
2014,40,119,411,411,411,0.0378383355,1,1
2014,40,121,259,258,260,0.0327516439,1,1
2014,40,123,289,289,289,0.0399612832,1,1
2014,40,125,233,233,233,0.0173401801,1,1
2014,40,127,41,41,41,0.0185688406,1,1
2014,40,129,,,,,,
2014,40,131,508,508,508,0.0360411493,1,1
2014,40,133,14,14,14,0.0026866244,3,3
2014,40,135,183,183,183,0.0217288055,1,1
2014,40,137,729,727,731,0.0875570502,1,1
2014,40,139,122,122,122,0.0261634141,1,1
2014,40,141,101,100,102,0.0666666667,1,1
2014,40,143,3949,3949,3949,0.0330725939,1,1
2014,40,145,133,133,133,0.0202035546,1,1
2014,40,147,453,453,453,0.0488567731,1,1
2014,40,149,,,,,,
2014,40,151,28,28,28,0.0194309507,3,3
2014,40,153,403,402,404,0.0999751923,1,1
2014,41,001,148,147,149,0.0606806068,1,1
2014,41,003,270,270,270,0.0304774805,1,1
2014,41,005,1331,1331,1331,0.0225980068,1,1
2014,41,007,213,213,213,0.0426255753,1,1
2014,41,009,177,177,177,0.0229780605,1,1
2014,41,011,423,423,423,0.0442607513,1,1
2014,41,013,114,114,114,0.034503632,1,1
2014,41,015,131,131,131,0.0577856198,1,1
2014,41,017,1373,1373,1373,0.0536936373,1,1
2014,41,019,504,504,504,0.0374609781,1,1
2014,41,021,,,,,,
2014,41,023,,,,,,
2014,41,025,48,48,48,0.0582524272,1,1
2014,41,027,45,45,45,0.0107810254,1,1
2014,41,029,2285,2285,2285,0.0786520721,1,1
2014,41,031,227,227,227,0.0613845322,1,1
2014,41,033,667,667,667,0.0620292012,1,1
2014,41,035,403,403,403,0.0416236315,1,1
2014,41,037,15,14,16,0.01525941,3,3
2014,41,039,2291,2289,2293,0.0505739514,1,1
2014,41,041,642,642,642,0.122519084,1,1
2014,41,043,1062,1062,1062,0.04710161,1,1
2014,41,045,390,390,390,0.0768775872,1,1
2014,41,047,1682,1682,1682,0.0280993668,1,1
2014,41,049,42,42,42,0.0186418109,1,1
2014,41,051,4525,4525,4525,0.0482399096,1,1
2014,41,053,147,146,148,0.0215859031,1,1
2014,41,055,11,11,11,0.0441767068,3,3
2014,41,057,140,140,140,0.0424113905,1,1
2014,41,059,127,126,128,0.0096146567,1,1
2014,41,061,216,216,216,0.0757097792,1,1
2014,41,063,37,37,37,0.0438388626,1,1
2014,41,065,94,94,94,0.0256760448,1,1
2014,41,067,2325,2325,2325,0.0268085695,1,1
2014,41,069,,,,,,
2014,41,071,515,515,515,0.0307959098,1,1
2014,42,001,204,204,204,0.0131451769,1,1
2014,42,003,2579,2572,2586,0.0175384908,1,1
2014,42,005,54,54,54,0.0068519223,1,1
2014,42,007,319,318,320,0.0102506427,1,1
2014,42,009,65,64,66,0.0091523515,1,1
2014,42,011,1189,1189,1189,0.0174778403,1,1
2014,42,013,190,189,191,0.0108515621,1,1
2014,42,015,103,103,103,0.0124081436,1,1
2014,42,017,776,775,777,0.0089498875,1,1
2014,42,019,309,309,309,0.0123382846,1,1
2014,42,021,96,95,97,0.0056751005,1,1
2014,42,023,,,,,,
2014,42,025,50,49,51,0.0068129173,1,1
2014,42,027,145,145,145,0.0115326493,1,1
2014,42,029,729,726,732,0.0095952616,1,1
2014,42,031,99,98,100,0.0166051661,1,1
2014,42,033,189,189,189,0.0170716286,1,1
2014,42,035,46,46,46,0.0113946,1,1
2014,42,037,40,38,42,0.0064651689,3,3
2014,42,039,127,127,127,0.0141978759,1,1
2014,42,041,265,264,266,0.0101141178,1,1
2014,42,043,797,795,799,0.0180606857,1,1
2014,42,045,685,682,688,0.0083615102,1,1
2014,42,047,28,28,28,0.0077994429,3,3
2014,42,049,635,635,635,0.0160540021,1,1
2014,42,051,272,272,272,0.0160547751,1,1
2014,42,053,28,28,28,0.0607375271,3,3
2014,42,055,325,325,325,0.014250011,1,1
2014,42,057,,,,,,
2014,42,059,,,,,,
2014,42,061,10,7,13,0.0020433183,3,3
2014,42,063,132,132,132,0.0136830103,1,1
2014,42,065,98,98,98,0.0190143578,1,1
2014,42,067,,,,,,
2014,42,069,129,125,133,0.005205391,2,2
2014,42,071,1553,1552,1554,0.0228711967,1,1
2014,42,073,148,147,149,0.011997406,1,1
2014,42,075,152,152,152,0.0079576985,1,1
2014,42,077,830,827,833,0.0166406031,1,1
2014,42,079,318,318,318,0.0077203205,1,1
2014,42,081,171,169,173,0.0113342613,1,1
2014,42,083,165,164,166,0.0240524781,1,1
2014,42,085,204,202,206,0.0127619643,1,1
2014,42,087,50,50,50,0.0096525097,1,1
2014,42,089,355,355,355,0.0135181448,1,1
2014,42,091,708,706,710,0.0065082502,1,1
2014,42,093,18,18,18,0.0080428954,3,3
2014,42,095,467,464,470,0.0109575541,1,1
2014,42,097,101,101,101,0.0086008686,1,1
2014,42,099,21,20,22,0.003945885,3,3
2014,42,101,4059,4037,4081,0.0218535987,1,1
2014,42,103,33,33,33,0.0041745731,1,1
2014,42,105,39,39,39,0.0216186253,1,1
2014,42,107,169,166,172,0.0096433666,1,1
2014,42,109,22,22,22,0.0081210779,3,3
2014,42,111,55,51,59,0.0065710872,3,3
2014,42,113,,,,,,
2014,42,115,45,43,47,0.0070866142,2,2
2014,42,117,11,9,13,0.0020560748,3,3
2014,42,119,11,11,11,0.0027826967,3,3
2014,42,121,171,171,171,0.0208995356,1,1
2014,42,123,132,131,133,0.0274314214,1,1
2014,42,125,232,227,237,0.0082721244,1,1
2014,42,127,26,25,27,0.0055342699,3,3
2014,42,129,447,446,448,0.0093681232,1,1
2014,42,131,10,10,10,0.0039231071,3,3
2014,42,133,764,764,764,0.0114472363,1,1
2014,44,001,21,21,21,0.0031597954,3,3
2014,44,003,116,116,116,0.0060438702,1,1
2014,44,005,185,185,185,0.026734104,1,1
2014,44,007,553,550,556,0.0069247915,1,1
2014,44,009,144,143,145,0.0094333443,1,1
2014,45,001,93,93,93,0.0304818092,1,1
2014,45,003,605,605,605,0.024659656,1,1
2014,45,005,45,45,45,0.0340393343,1,1
2014,45,007,949,949,949,0.0298822344,1,1
2014,45,009,19,19,19,0.0137880987,3,3
2014,45,011,22,21,23,0.0055096419,3,3
2014,45,013,210,210,210,0.0098337626,1,1
2014,45,015,412,412,412,0.0126516198,1,1
2014,45,017,21,21,21,0.0116666667,3,3
2014,45,019,791,791,791,0.0169053216,1,1
2014,45,021,218,218,218,0.0239455185,1,1
2014,45,023,74,74,74,0.013901935,1,1
2014,45,025,,,,,,
2014,45,027,50,50,50,0.0118091639,1,1
2014,45,029,157,157,157,0.0261274755,1,1
2014,45,031,149,149,149,0.0143186623,1,1
2014,45,033,12,12,12,0.0027855153,3,3
2014,45,035,200,200,200,0.0073104759,1,1
2014,45,037,38,38,38,0.0109447005,1,1
2014,45,039,195,195,195,0.0665075034,1,1
2014,45,041,437,435,439,0.0185609922,1,1
2014,45,043,103,103,103,0.0106328069,1,1
2014,45,045,987,987,987,0.0130714626,1,1
2014,45,047,356,356,356,0.0302284113,1,1
2014,45,049,171,171,171,0.052357624,1,1
2014,45,051,931,931,931,0.015714141,1,1
2014,45,053,32,32,32,0.0110573601,1,1
2014,45,055,,,,,,
2014,45,057,58,58,58,0.0047116166,1,1
2014,45,059,173,173,173,0.0187676286,1,1
2014,45,061,147,147,147,0.068372093,1,1
2014,45,063,372,371,373,0.009500945,1,1
2014,45,065,,,,,,
2014,45,067,137,137,137,0.0272419964,1,1
2014,45,069,83,83,83,0.0195248177,1,1
2014,45,071,42,42,42,0.0068481983,1,1
2014,45,073,151,151,151,0.0143127962,1,1
2014,45,075,259,259,259,0.024137931,1,1
2014,45,077,2142,2142,2142,0.1288886215,1,1
2014,45,079,1567,1567,1567,0.0228719057,1,1
2014,45,081,,,,,,
2014,45,083,915,914,916,0.0204327728,1,1
2014,45,085,46,46,46,0.0027183548,1,1
2014,45,087,16,16,16,0.0038461538,3,3
2014,45,089,64,64,64,0.0144698169,1,1
2014,45,091,185,185,185,0.0043779729,1,1
2014,46,003,,,,,,
2014,46,005,,,,,,
2014,46,007,,,,,,
2014,46,009,,,,,,
2014,46,011,,,,,,
2014,46,013,18,17,19,0.0038379531,3,3
2014,46,015,,,,,,
2014,46,017,,,,,,
2014,46,019,,,,,,
2014,46,021,,,,,,
2014,46,023,64,64,64,0.0485584219,1,1
2014,46,025,,,,,,
2014,46,027,,,,,,
2014,46,029,30,30,30,0.0075891728,1,1
2014,46,031,58,58,58,0.3135135135,1,1
2014,46,033,15,15,15,0.0173812283,3,3
2014,46,035,16,15,17,0.0054182188,3,3
2014,46,037,,,,,,
2014,46,039,,,,,,
2014,46,041,,,,,,
2014,46,043,,,,,,
2014,46,045,,,,,,
2014,46,047,,,,,,
2014,46,049,,,,,,
2014,46,051,,,,,,
2014,46,053,,,,,,
2014,46,055,,,,,,
2014,46,057,,,,,,
2014,46,059,,,,,,
2014,46,061,,,,,,
2014,46,063,,,,,,
2014,46,065,54,54,54,0.0204468005,1,1
2014,46,067,,,,,,
2014,46,069,,,,,,
2014,46,071,,,,,,
2014,46,073,,,,,,
2014,46,075,,,,,,
2014,46,077,,,,,,
2014,46,079,,,,,,
2014,46,081,28,28,28,0.0092745942,3,3
2014,46,083,13,13,13,0.0028805673,3,3
2014,46,085,,,,,,
2014,46,087,,,,,,
2014,46,089,,,,,,
2014,46,091,,,,,,
2014,46,093,36,36,36,0.0135746606,1,1
2014,46,095,,,,,,
2014,46,097,,,,,,
2014,46,099,923,922,924,0.0304630516,1,1
2014,46,101,10,10,10,0.0108813928,3,3
2014,46,103,796,796,796,0.0479604748,1,1
2014,46,105,,,,,,
2014,46,107,,,,,,
2014,46,109,,,,,,
2014,46,111,,,,,,
2014,46,113,,,,,,
2014,46,115,,,,,,
2014,46,117,,,,,,
2014,46,119,,,,,,
2014,46,121,,,,,,
2014,46,123,,,,,,
2014,46,125,,,,,,
2014,46,127,,,,,,
2014,46,129,14,14,14,0.0207407407,3,3
2014,46,135,,,,,,
2014,46,137,49,48,50,0.0687237027,1,1
2014,47,001,82,81,83,0.0068236665,1,1
2014,47,003,133,133,133,0.0157210402,1,1
2014,47,005,14,14,14,0.0062388592,3,3
2014,47,007,,,,,,
2014,47,009,78,78,78,0.004256248,1,1
2014,47,011,28,28,28,0.0050233226,3,3
2014,47,013,178,178,178,0.0308706209,1,1
2014,47,015,,,,,,
2014,47,017,19,19,19,0.0109132682,3,3
2014,47,019,83,83,83,0.0102519763,1,1
2014,47,021,44,44,44,0.0068248798,1,1
2014,47,023,,,,,,
2014,47,025,20,20,20,0.0044023773,3,3
2014,47,027,,,,,,
2014,47,029,129,129,129,0.0235487404,1,1
2014,47,031,50,50,50,0.0084717045,1,1
2014,47,033,,,,,,
2014,47,035,335,335,335,0.0447801096,1,1
2014,47,037,3188,3188,3188,0.0349538408,1,1
2014,47,039,16,16,16,0.009518144,3,3
2014,47,041,,,,,,
2014,47,043,134,134,134,0.0157776993,1,1
2014,47,045,10,10,10,0.0025037556,3,3
2014,47,047,10,10,10,0.0028176951,3,3
2014,47,049,,,,,,
2014,47,051,,,,,,
2014,47,053,32,32,32,0.0061692693,1,1
2014,47,055,,,,,,
2014,47,057,,,,,,
2014,47,059,46,46,46,0.0046506925,1,1
2014,47,061,26,26,26,0.0113686052,3,3
2014,47,063,524,524,524,0.0506524891,1,1
2014,47,065,477,477,477,0.0108911569,1,1
2014,47,067,,,,,,
2014,47,069,,,,,,
2014,47,071,23,23,23,0.0062568009,3,3
2014,47,073,41,41,41,0.0057246579,1,1
2014,47,075,,,,,,
2014,47,077,,,,,,
2014,47,079,25,25,25,0.0141482739,3,3
2014,47,081,,,,,,
2014,47,083,,,,,,
2014,47,085,,,,,,
2014,47,087,,,,,,
2014,47,089,107,107,107,0.0142457729,1,1
2014,47,091,,,,,,
2014,47,093,414,414,414,0.0069308422,1,1
2014,47,095,,,,,,
2014,47,097,,,,,,
2014,47,099,54,54,54,0.0078947368,1,1
2014,47,101,,,,,,
2014,47,103,,,,,,
2014,47,105,20,20,20,0.0027233115,3,3
2014,47,107,37,37,37,0.0046799899,1,1
2014,47,109,,,,,,
2014,47,111,,,,,,
2014,47,113,473,473,473,0.0362091403,1,1
2014,47,115,14,14,14,0.0030789532,3,3
2014,47,117,,,,,,
2014,47,119,,,,,,
2014,47,121,,,,,,
2014,47,123,,,,,,
2014,47,125,349,349,349,0.0108871974,1,1
2014,47,127,,,,,,
2014,47,129,32,32,32,0.0100250627,1,1
2014,47,131,20,20,20,0.0055218112,3,3
2014,47,133,,,,,,
2014,47,135,,,,,,
2014,47,137,,,,,,
2014,47,139,,,,,,
2014,47,141,573,573,573,0.0510740708,1,1
2014,47,143,101,101,101,0.0192161339,1,1
2014,47,145,14,14,14,0.0019977169,3,3
2014,47,147,174,174,174,0.0149535923,1,1
2014,47,149,1304,1304,1304,0.0261590002,1,1
2014,47,151,,,,,,
2014,47,153,23,23,23,0.0098374679,3,3
2014,47,155,111,111,111,0.0075985761,1,1
2014,47,157,723,723,723,0.0049622853,1,1
2014,47,159,22,22,22,0.0069356873,3,3
2014,47,161,,,,,,
2014,47,163,654,654,654,0.0298985096,1,1
2014,47,165,484,484,484,0.0167456665,1,1
2014,47,167,12,12,12,0.001039411,3,3
2014,47,169,,,,,,
2014,47,171,84,84,84,0.0335597283,1,1
2014,47,173,14,14,14,0.0032220944,3,3
2014,47,175,,,,,,
2014,47,177,184,184,184,0.0273768784,1,1
2014,47,179,708,708,708,0.0424155284,1,1
2014,47,181,,,,,,
2014,47,183,,,,,,
2014,47,185,37,37,37,0.0089092222,1,1
2014,47,187,138,138,138,0.0038788015,1,1
2014,47,189,560,560,560,0.0268224926,1,1
2014,48,001,141,140,142,0.0169777243,1,1
2014,48,003,74,74,74,0.0184308842,1,1
2014,48,005,600,600,600,0.0339693144,1,1
2014,48,007,105,105,105,0.0322679779,1,1
2014,48,009,28,27,29,0.0151761518,3,3
2014,48,011,,,,,,
2014,48,013,118,116,120,0.0128400435,1,1
2014,48,015,133,132,134,0.0229152309,1,1
2014,48,017,,,,,,
2014,48,019,115,114,116,0.0451157317,1,1
2014,48,021,600,599,601,0.0370965747,1,1
2014,48,023,,,,,,
2014,48,025,38,34,42,0.0071698113,3,3
2014,48,027,2234,2233,2235,0.0315509985,1,1
2014,48,029,9074,9056,9092,0.0259067653,1,1
2014,48,031,10,9,11,0.00594884,3,3
2014,48,033,,,,,,
2014,48,035,100,99,101,0.0436490615,1,1
2014,48,037,163,156,170,0.0091005527,2,2
2014,48,039,1991,1991,1991,0.0299303979,1,1
2014,48,041,965,963,967,0.0323868976,1,1
2014,48,043,12,9,15,0.0102476516,3,3
2014,48,045,,,,,,
2014,48,047,85,85,85,0.0552306693,1,1
2014,48,049,43,39,47,0.0063769835,3,3
2014,48,051,46,45,47,0.0166787527,1,1
2014,48,053,49,49,49,0.0068017768,1,1
2014,48,055,310,310,310,0.044849537,1,1
2014,48,057,193,193,193,0.0456912879,1,1
2014,48,059,126,126,126,0.0497826946,1,1
2014,48,061,1994,1991,1997,0.0199063583,1,1
2014,48,063,39,39,39,0.0159836066,1,1
2014,48,065,31,30,32,0.0246227164,2,2
2014,48,067,280,277,283,0.0498664292,1,1
2014,48,069,46,45,47,0.0269478617,1,1
2014,48,071,42,42,42,0.0055629139,1,1
2014,48,073,52,49,55,0.0046733172,3,3
2014,48,075,,,,,,
2014,48,077,50,48,52,0.0285877644,2,2
2014,48,079,15,14,16,0.0188679245,3,3
2014,48,081,10,10,10,0.0182149362,3,3
2014,48,083,44,43,45,0.0328849028,1,1
2014,48,085,2905,2903,2907,0.01521508,1,1
2014,48,087,,,,,,
2014,48,089,113,113,113,0.0320840432,1,1
2014,48,091,952,952,952,0.0330670372,1,1
2014,48,093,174,174,174,0.0766519824,1,1
2014,48,095,10,10,10,0.0218340611,3,3
2014,48,097,128,122,134,0.0200626959,2,2
2014,48,099,222,221,223,0.019990995,1,1
2014,48,101,,,,,,
2014,48,103,,,,,,
2014,48,105,37,37,37,0.0427251732,1,1
2014,48,107,,,,,,
2014,48,109,,,,,,
2014,48,111,47,46,48,0.0241273101,1,1
2014,48,113,9004,8988,9020,0.018181708,1,1
2014,48,115,66,63,69,0.0243632337,2,2
2014,48,117,,,,,,
2014,48,119,26,26,26,0.0321782178,3,3
2014,48,121,2193,2191,2195,0.0154949481,1,1
2014,48,123,140,137,143,0.0460677855,1,1
2014,48,125,,,,,,
2014,48,127,129,129,129,0.052674561,1,1
2014,48,129,15,14,16,0.0252951096,3,3
2014,48,131,,,,,,
2014,48,133,213,213,213,0.0730202263,1,1
2014,48,135,1266,1265,1267,0.0385423326,1,1
2014,48,137,,,,,,
2014,48,139,1057,1055,1059,0.0318921039,1,1
2014,48,141,3211,3205,3217,0.0181978929,1,1
2014,48,143,45,40,50,0.007893352,3,3
2014,48,145,20,17,23,0.0089645899,3,3
2014,48,147,107,103,111,0.019415714,2,2
2014,48,149,33,31,35,0.0089044792,3,3
2014,48,151,47,47,47,0.0883458647,1,1
2014,48,153,28,27,29,0.022310757,3,3
2014,48,155,,,,,,
2014,48,157,1839,1837,1841,0.0102109939,1,1
2014,48,159,39,39,39,0.0234798314,1,1
2014,48,161,64,62,66,0.0172926236,2,2
2014,48,163,187,187,187,0.0548226327,1,1
2014,48,165,17,15,19,0.0047819972,3,3
2014,48,167,3782,3779,3785,0.0462121212,1,1
2014,48,169,44,43,45,0.0417457306,1,1
2014,48,171,12,11,13,0.0032994226,3,3
2014,48,173,,,,,,
2014,48,175,62,62,62,0.0440340909,1,1
2014,48,177,145,144,146,0.0345238095,1,1
2014,48,179,193,190,196,0.0454010821,1,1
2014,48,181,860,857,863,0.039339463,1,1
2014,48,183,296,295,297,0.0122117249,1,1
2014,48,185,131,129,133,0.0292802861,1,1
2014,48,187,588,588,588,0.0232788313,1,1
2014,48,189,138,135,141,0.0187525479,1,1
2014,48,191,13,13,13,0.0241635688,3,3
2014,48,193,60,59,61,0.0395256917,1,1
2014,48,195,20,19,21,0.0137835975,3,3
2014,48,197,19,18,20,0.0258503401,3,3
2014,48,199,160,158,162,0.0149337316,1,1
2014,48,201,17955,17925,17985,0.0219551115,1,1
2014,48,203,227,224,230,0.0172034862,1,1
2014,48,205,,,,,,
2014,48,207,52,52,52,0.0597701149,1,1
2014,48,209,793,792,794,0.0235521236,1,1
2014,48,211,,,,,,
2014,48,213,116,111,121,0.0113937727,2,2
2014,48,215,1779,1772,1786,0.0077548779,1,1
2014,48,217,236,232,240,0.0365325077,1,1
2014,48,219,123,121,125,0.0247236181,1,1
2014,48,221,273,271,275,0.0343569091,1,1
2014,48,223,168,164,172,0.0249591443,1,1
2014,48,225,81,80,82,0.0259449071,1,1
2014,48,227,66,65,67,0.0112035308,1,1
2014,48,229,21,20,22,0.0321592649,3,3
2014,48,231,340,338,342,0.0231402709,1,1
2014,48,233,54,54,54,0.0127448667,1,1
2014,48,235,20,20,20,0.0597014925,3,3
2014,48,237,15,14,16,0.009299442,3,3
2014,48,239,26,24,28,0.0072808737,3,3
2014,48,241,209,208,210,0.0327946022,1,1
2014,48,243,,,,,,
2014,48,245,577,573,581,0.0137567651,1,1
2014,48,247,,,,,,
2014,48,249,207,203,211,0.0246252677,1,1
2014,48,251,751,751,751,0.0229712783,1,1
2014,48,253,295,295,295,0.1095432603,1,1
2014,48,255,118,117,119,0.0467511886,1,1
2014,48,257,390,390,390,0.0148854962,1,1
2014,48,259,41,40,42,0.0047018349,1,1
2014,48,261,,,,,,
2014,48,263,,,,,,
2014,48,265,480,479,481,0.0700627646,1,1
2014,48,267,,,,,,
2014,48,269,,,,,,
2014,48,271,,,,,,
2014,48,273,36,34,38,0.0069551777,3,3
2014,48,275,,,,,,
2014,48,277,195,193,197,0.0227777129,1,1
2014,48,279,60,57,63,0.0195058518,3,3
2014,48,281,77,77,77,0.0211654755,1,1
2014,48,283,32,32,32,0.0236511456,1,1
2014,48,285,71,66,76,0.0179701341,3,3
2014,48,287,161,159,163,0.0516853933,1,1
2014,48,289,25,23,27,0.0080153895,3,3
2014,48,291,738,736,740,0.0491443031,1,1
2014,48,293,86,85,87,0.0207779657,1,1
2014,48,295,41,40,42,0.046803653,1,1
2014,48,297,,,,,,
2014,48,299,,,,,,
2014,48,301,,,,,,
2014,48,303,1517,1512,1522,0.0305785124,1,1
2014,48,305,57,55,59,0.0414244186,2,2
2014,48,307,28,27,29,0.0178003814,3,3
2014,48,309,1487,1483,1491,0.0284017114,1,1
2014,48,311,,,,,,
2014,48,313,35,34,36,0.0130548303,2,2
2014,48,315,92,92,92,0.0793787748,1,1
2014,48,317,15,14,16,0.0125208681,3,3
2014,48,319,19,19,19,0.0290519878,3,3
2014,48,321,153,153,153,0.0214857464,1,1
2014,48,323,221,221,221,0.0146590608,1,1
2014,48,325,218,217,219,0.0222698948,1,1
2014,48,327,,,,,,
2014,48,329,848,847,849,0.0314470073,1,1
2014,48,331,139,137,141,0.0296185809,1,1
2014,48,333,22,20,24,0.022610483,3,3
2014,48,335,44,43,45,0.0294314381,1,1
2014,48,337,60,57,63,0.0178253119,3,3
2014,48,339,1108,1108,1108,0.0110490626,1,1
2014,48,341,12,11,13,0.0023566379,3,3
2014,48,343,84,84,84,0.0403846154,1,1
2014,48,345,,,,,,
2014,48,347,104,96,112,0.0092956739,3,3
2014,48,349,63,57,69,0.0063855666,3,3
2014,48,351,43,41,45,0.0219948849,2,2
2014,48,353,87,86,88,0.0275229358,1,1
2014,48,355,2420,2415,2425,0.0387932416,1,1
2014,48,357,10,10,10,0.0041237113,3,3
2014,48,359,11,8,14,0.0129564193,3,3
2014,48,361,515,515,515,0.0338059604,1,1
2014,48,363,183,178,188,0.0393125671,2,2
2014,48,365,18,17,19,0.0044598612,3,3
2014,48,367,304,303,305,0.0151221211,1,1
2014,48,369,65,63,67,0.027299454,2,2
2014,48,371,,,,,,
2014,48,373,187,185,189,0.0272992701,1,1
2014,48,375,2463,2463,2463,0.0653506328,1,1
2014,48,377,,,,,,
2014,48,379,21,21,21,0.0128283445,3,3
2014,48,381,111,111,111,0.0117846905,1,1
2014,48,383,36,36,36,0.0405405405,1,1
2014,48,385,17,16,18,0.0362473348,3,3
2014,48,387,29,29,29,0.013229927,3,3
2014,48,389,,,,,,
2014,48,391,72,71,73,0.0498960499,1,1
2014,48,393,,,,,,
2014,48,395,50,48,52,0.0153139357,2,2
2014,48,397,86,86,86,0.0042867112,1,1
2014,48,399,82,81,83,0.0400586224,1,1
2014,48,401,51,45,57,0.0061519903,3,3
2014,48,403,11,10,12,0.0070019096,3,3
2014,48,405,,,,,,
2014,48,407,114,114,114,0.0330434783,1,1
2014,48,409,175,174,176,0.0118619942,1,1
2014,48,411,16,14,18,0.016985138,3,3
2014,48,413,,,,,,
2014,48,415,246,245,247,0.0726520969,1,1
2014,48,417,20,20,20,0.0340715503,3,3
2014,48,419,169,166,172,0.0299858055,1,1
2014,48,421,,,,,,
2014,48,423,683,681,685,0.0196943483,1,1
2014,48,425,41,40,42,0.0214323053,1,1
2014,48,427,,,,,,
2014,48,429,49,49,49,0.0332880435,1,1
2014,48,431,,,,,,
2014,48,433,,,,,,
2014,48,435,17,17,17,0.0184983678,3,3
2014,48,437,28,26,30,0.0178799489,3,3
2014,48,439,7579,7570,7588,0.0213073413,1,1
2014,48,441,1128,1128,1128,0.047394958,1,1
2014,48,443,,,,,,
2014,48,445,120,119,121,0.049689441,1,1
2014,48,447,,,,,,
2014,48,449,130,128,132,0.0182815356,1,1
2014,48,451,319,318,320,0.0157671016,1,1
2014,48,453,4650,4640,4660,0.0288334542,1,1
2014,48,455,49,47,51,0.0213973799,2,2
2014,48,457,77,74,80,0.0218439716,2,2
2014,48,459,209,207,211,0.0293498104,1,1
2014,48,461,,,,,,
2014,48,463,93,91,95,0.0157600407,1,1
2014,48,465,196,195,197,0.0180279617,1,1
2014,48,467,159,156,162,0.0161126875,1,1
2014,48,469,955,954,956,0.0615216131,1,1
2014,48,471,462,461,463,0.0597285068,1,1
2014,48,473,269,269,269,0.0270569302,1,1
2014,48,475,28,27,29,0.0116038127,3,3
2014,48,477,80,79,81,0.0151486461,1,1
2014,48,479,642,640,644,0.0093300392,1,1
2014,48,481,115,113,117,0.0136823319,1,1
2014,48,483,21,18,24,0.0171849427,3,3
2014,48,485,607,606,608,0.0292445558,1,1
2014,48,487,28,26,30,0.0113821138,3,3
2014,48,489,164,162,166,0.0371376812,1,1
2014,48,491,1664,1662,1666,0.0147718093,1,1
2014,48,493,59,59,59,0.0067045455,1,1
2014,48,495,173,172,174,0.0928609769,1,1
2014,48,497,212,211,213,0.0237854819,1,1
2014,48,499,70,67,73,0.0115112646,2,2
2014,48,501,,,,,,
2014,48,503,65,64,66,0.0189283634,1,1
2014,48,505,161,161,161,0.0435135135,1,1
2014,48,507,261,260,262,0.1021526419,1,1
2014,49,001,,,,,,
2014,49,003,90,90,90,0.0078417705,1,1
2014,49,005,316,316,316,0.0136560069,1,1
2014,49,007,290,290,290,0.0822461713,1,1
2014,49,009,,,,,,
2014,49,011,1311,1311,1311,0.0182260531,1,1
2014,49,013,91,91,91,0.0172218017,1,1
2014,49,015,43,43,43,0.0181587838,1,1
2014,49,017,38,38,38,0.0388151175,1,1
2014,49,019,,,,,,
2014,49,021,248,247,249,0.0244865719,1,1
2014,49,023,12,12,12,0.0051260145,3,3
2014,49,025,,,,,,
2014,49,027,117,117,117,0.0389480692,1,1
2014,49,029,,,,,,
2014,49,031,,,,,,
2014,49,033,,,,,,
2014,49,035,5949,5944,5954,0.0308817575,1,1
2014,49,037,842,842,842,0.2671319797,1,1
2014,49,039,57,57,57,0.0098241986,1,1
2014,49,041,50,50,50,0.0104166667,1,1
2014,49,043,72,72,72,0.0147783251,1,1
2014,49,045,679,679,679,0.0480435859,1,1
2014,49,047,37,37,37,0.0045667736,1,1
2014,49,049,2154,2154,2154,0.0173360161,1,1
2014,49,051,165,165,165,0.0269431744,1,1
2014,49,053,991,991,991,0.0351992612,1,1
2014,49,055,,,,,,
2014,49,057,1429,1429,1429,0.0312199598,1,1
2014,50,001,,,,,,
2014,50,003,,,,,,
2014,50,005,15,15,15,0.0142314991,3,3
2014,50,007,154,154,154,0.0125816993,1,1
2014,50,009,,,,,,
2014,50,011,,,,,,
2014,50,013,,,,,,
2014,50,015,,,,,,
2014,50,017,,,,,,
2014,50,019,,,,,,
2014,50,021,48,48,48,0.02413273,1,1
2014,50,023,,,,,,
2014,50,025,,,,,,
2014,50,027,76,75,77,0.0224652675,1,1
2014,51,001,207,207,207,0.0393685812,1,1
2014,51,003,,,,,,
2014,51,005,32,32,32,0.0137339056,1,1
2014,51,007,,,,,,
2014,51,009,59,59,59,0.0138205669,1,1
2014,51,011,27,27,27,0.0117136659,3,3
2014,51,013,189,189,189,0.0076957531,1,1
2014,51,015,80,80,80,0.0076031173,1,1
2014,51,017,,,,,,
2014,51,019,,,,,,
2014,51,021,,,,,,
2014,51,023,49,49,49,0.0100760847,1,1
2014,51,025,,,,,,
2014,51,027,,,,,,
2014,51,029,,,,,,
2014,51,031,94,94,94,0.0115507496,1,1
2014,51,033,74,74,74,0.0169841634,1,1
2014,51,035,46,46,46,0.0118251928,1,1
2014,51,036,26,26,26,0.0366197183,3,3
2014,51,037,,,,,,
2014,51,041,609,609,609,0.010196735,1,1
2014,51,043,30,30,30,0.015037594,1,1
2014,51,045,,,,,,
2014,51,047,67,67,67,0.0082982413,1,1
2014,51,049,,,,,,
2014,51,051,,,,,,
2014,51,053,,,,,,
2014,51,057,10,10,10,0.0065530799,3,3
2014,51,059,2275,2275,2275,0.0122614409,1,1
2014,51,061,291,291,291,0.0260589236,1,1
2014,51,063,20,20,20,0.0100502513,3,3
2014,51,065,56,56,56,0.0154397574,1,1
2014,51,067,12,12,12,0.0016019223,3,3
2014,51,069,,,,,,
2014,51,071,,,,,,
2014,51,073,22,22,22,0.0039790197,3,3
2014,51,075,42,42,42,0.0172272354,1,1
2014,51,077,,,,,,
2014,51,079,76,76,76,0.0238618524,1,1
2014,51,081,,,,,,
2014,51,083,15,15,15,0.0027149321,3,3
2014,51,085,72,72,72,0.0039909096,1,1
2014,51,087,865,865,865,0.0169704342,1,1
2014,51,089,59,59,59,0.0079429187,1,1
2014,51,091,,,,,,
2014,51,093,33,33,33,0.0059150385,1,1
2014,51,095,,,,,,
2014,51,097,,,,,,
2014,51,099,119,119,119,0.0271441606,1,1
2014,51,101,,,,,,
2014,51,103,,,,,,
2014,51,105,,,,,,
2014,51,107,1325,1325,1325,0.0180473453,1,1
2014,51,109,47,47,47,0.009702725,1,1
2014,51,111,,,,,,
2014,51,113,30,30,30,0.0160857909,1,1
2014,51,115,,,,,,
2014,51,117,17,17,17,0.0037085515,3,3
2014,51,119,,,,,,
2014,51,121,179,179,179,0.0184479027,1,1
2014,51,125,,,,,,
2014,51,127,29,29,29,0.0095804427,3,3
2014,51,131,288,288,288,0.1744397335,1,1
2014,51,133,,,,,,
2014,51,135,40,40,40,0.0172562554,1,1
2014,51,137,120,120,120,0.0229797013,1,1
2014,51,139,44,44,44,0.0125499144,1,1
2014,51,141,40,40,40,0.0137693632,1,1
2014,51,143,13,13,13,0.0013979998,3,3
2014,51,145,17,17,17,0.0040313019,3,3
2014,51,147,,,,,,
2014,51,149,21,21,21,0.0032512773,3,3
2014,51,153,521,521,521,0.0060133193,1,1
2014,51,155,97,97,97,0.0218961625,1,1
2014,51,157,,,,,,
2014,51,159,21,21,21,0.0171428571,3,3
2014,51,161,69,69,69,0.0047969967,1,1
2014,51,163,29,29,29,0.0102691218,3,3
2014,51,165,,,,,,
2014,51,167,,,,,,
2014,51,169,14,14,14,0.0037007666,3,3
2014,51,171,48,48,48,0.0077469335,1,1
2014,51,173,10,10,10,0.0021358394,3,3
2014,51,175,11,11,11,0.0039711191,3,3
2014,51,177,559,559,559,0.0234018504,1,1
2014,51,179,357,357,357,0.0129474486,1,1
2014,51,181,,,,,,
2014,51,183,12,12,12,0.0108108108,3,3
2014,51,185,25,25,25,0.0040154192,3,3
2014,51,187,46,46,46,0.0085216747,1,1
2014,51,191,111,111,111,0.0151432469,1,1
2014,51,193,115,115,115,0.2079566004,1,1
2014,51,195,219,219,219,0.0358370152,1,1
2014,51,197,12,12,12,0.0027855153,3,3
2014,51,199,109,109,109,0.0085860575,1,1
2014,51,510,183,183,183,0.0128728194,1,1
2014,51,520,96,96,96,0.041684759,1,1
2014,51,530,,,,,,
2014,51,540,318,318,318,0.0176304263,1,1
2014,51,550,237,237,237,0.0059687209,1,1
2014,51,570,20,20,20,0.0070771408,3,3
2014,51,580,,,,,,
2014,51,590,178,178,178,0.0281868567,1,1
2014,51,595,16,16,16,0.0063141279,3,3
2014,51,600,,,,,,
2014,51,610,35,35,35,0.014198783,1,1
2014,51,620,30,30,30,0.024979184,1,1
2014,51,630,163,163,163,0.0470282747,1,1
2014,51,640,38,38,38,0.0273972603,1,1
2014,51,650,595,595,595,0.0286112714,1,1
2014,51,660,200,200,200,0.0114266126,1,1
2014,51,670,50,50,50,0.0114889706,1,1
2014,51,678,,,,,,
2014,51,680,247,247,247,0.0287209302,1,1
2014,51,683,99,99,99,0.0132423756,1,1
2014,51,685,12,12,12,0.0035724918,3,3
2014,51,690,35,35,35,0.0152173913,1,1
2014,51,700,632,632,632,0.0213896504,1,1
2014,51,710,487,487,487,0.0150820688,1,1
2014,51,720,15,15,15,0.0178784267,3,3
2014,51,730,458,458,458,0.1060676239,1,1
2014,51,735,24,24,24,0.0114558473,3,3
2014,51,740,194,194,194,0.0128647215,1,1
2014,51,750,32,32,32,0.0192307692,1,1
2014,51,760,1250,1250,1250,0.0521768168,1,1
2014,51,770,597,597,597,0.0437394681,1,1
2014,51,775,15,15,15,0.0038809832,3,3
2014,51,790,68,68,68,0.0248719824,1,1
2014,51,800,42,42,42,0.0029237731,1,1
2014,51,810,815,815,815,0.0116227664,1,1
2014,51,820,24,24,24,0.0074303406,3,3
2014,51,830,450,450,450,0.0395118096,1,1
2014,51,840,414,414,414,0.0237249284,1,1
2014,53,001,211,209,213,0.0448649798,1,1
2014,53,003,222,222,222,0.0673543689,1,1
2014,53,005,1003,1002,1004,0.0283365352,1,1
2014,53,007,603,602,604,0.0452397029,1,1
2014,53,009,410,408,412,0.0392119357,1,1
2014,53,011,2183,2180,2186,0.027470868,1,1
2014,53,013,,,,,,
2014,53,015,832,832,832,0.0498143935,1,1
2014,53,017,347,346,348,0.0434129864,1,1
2014,53,019,43,43,43,0.0504103165,1,1
2014,53,021,730,729,731,0.0378846852,1,1
2014,53,023,,,,,,
2014,53,025,978,976,980,0.0502724375,1,1
2014,53,027,907,905,909,0.0883498929,1,1
2014,53,029,367,367,367,0.0455278501,1,1
2014,53,031,67,65,69,0.0246414123,2,2
2014,53,033,7058,7057,7059,0.0271423957,1,1
2014,53,035,1062,1062,1062,0.0295426727,1,1
2014,53,037,49,47,51,0.0098294885,2,2
2014,53,039,130,126,134,0.041573393,2,2
2014,53,041,660,658,662,0.0554621849,1,1
2014,53,043,28,25,31,0.01352657,3,3
2014,53,045,568,568,568,0.0710710711,1,1
2014,53,047,329,328,330,0.0330188679,1,1
2014,53,049,244,243,245,0.0808482439,1,1
2014,53,051,129,129,129,0.080625,1,1
2014,53,053,3695,3694,3696,0.0284686267,1,1
2014,53,055,17,16,18,0.0087313816,3,3
2014,53,057,630,630,630,0.0328672788,1,1
2014,53,059,69,69,69,0.0613879004,1,1
2014,53,061,3231,3231,3231,0.0247086354,1,1
2014,53,063,2928,2926,2930,0.0391004754,1,1
2014,53,065,321,319,323,0.0537508372,1,1
2014,53,067,2004,2004,2004,0.0481545559,1,1
2014,53,069,33,33,33,0.0717391304,1,1
2014,53,071,330,329,331,0.0366829702,1,1
2014,53,073,854,854,854,0.0322337133,1,1
2014,53,075,95,89,101,0.0204918033,3,3
2014,53,077,2153,2153,2153,0.0401297273,1,1
2014,54,001,86,86,86,0.035116374,1,1
2014,54,003,390,390,390,0.0208913649,1,1
2014,54,005,30,30,30,0.0067385445,1,1
2014,54,007,42,42,42,0.0197461213,1,1
2014,54,009,31,31,31,0.0099009901,1,1
2014,54,011,296,296,296,0.0224174493,1,1
2014,54,013,20,20,20,0.0187617261,3,3
2014,54,015,685,685,685,0.3463094034,1,1
2014,54,017,23,23,23,0.0198275862,3,3
2014,54,019,182,182,182,0.0268120212,1,1
2014,54,021,66,66,66,0.0730088496,1,1
2014,54,023,57,57,57,0.0316666667,1,1
2014,54,025,260,260,260,0.0503973638,1,1
2014,54,027,207,206,207,0.058524173,1,1
2014,54,029,30,30,30,0.0071942446,1,1
2014,54,031,23,23,23,0.0097789116,3,3
2014,54,033,397,397,397,0.0362656436,1,1
2014,54,035,22,22,22,0.0044879641,3,3
2014,54,037,837,837,837,0.0923229649,1,1
2014,54,039,761,760,761,0.0266437925,1,1
2014,54,041,69,69,69,0.0267857143,1,1
2014,54,043,209,209,209,0.0563190515,1,1
2014,54,045,265,265,265,0.0430474334,1,1
2014,54,047,135,135,135,0.0395083406,1,1
2014,54,049,82,82,82,0.0100391773,1,1
2014,54,051,108,108,108,0.0230228096,1,1
2014,54,053,111,111,111,0.0261115032,1,1
2014,54,055,373,373,373,0.0394250079,1,1
2014,54,057,99,99,99,0.0236164122,1,1
2014,54,059,78,78,78,0.0179269134,1,1
2014,54,061,166,166,166,0.0146954674,1,1
2014,54,063,55,55,55,0.0299075585,1,1
2014,54,065,140,140,140,0.0558882236,1,1
2014,54,067,339,339,339,0.0857576524,1,1
2014,54,069,118,118,118,0.0216394645,1,1
2014,54,071,24,24,24,0.0253699789,3,3
2014,54,073,74,74,74,0.0610561056,1,1
2014,54,075,26,26,26,0.0242085661,3,3
2014,54,077,308,308,308,0.0725388601,1,1
2014,54,079,58,58,58,0.0059232026,1,1
2014,54,081,239,239,239,0.0192307692,1,1
2014,54,083,30,30,30,0.0073655782,1,1
2014,54,085,78,78,78,0.052,1,1
2014,54,087,225,225,225,0.0946173255,1,1
2014,54,089,,,,,,
2014,54,091,84,84,84,0.0349127182,1,1
2014,54,093,99,99,99,0.0967741935,1,1
2014,54,095,11,11,11,0.0084355828,3,3
2014,54,097,175,175,175,0.0456680585,1,1
2014,54,099,175,175,175,0.0236103616,1,1
2014,54,101,41,41,41,0.028511822,1,1
2014,54,103,29,29,29,0.0106266032,3,3
2014,54,105,52,52,52,0.0500481232,1,1
2014,54,107,320,320,320,0.0241345501,1,1
2014,54,109,115,115,115,0.027764365,1,1
2014,55,001,99,99,99,0.0290322581,1,1
2014,55,003,28,26,30,0.0104947526,3,3
2014,55,005,159,158,160,0.0203611218,1,1
2014,55,007,,,,,,
2014,55,009,1355,1353,1357,0.0306138587,1,1
2014,55,011,11,9,13,0.0054027505,3,3
2014,55,013,33,32,34,0.0129107981,2,2
2014,55,015,27,24,30,0.0069587629,3,3
2014,55,017,83,81,85,0.009296595,1,1
2014,55,019,47,44,50,0.0095160964,3,3
2014,55,021,85,82,88,0.009793755,2,2
2014,55,023,26,23,29,0.0118235562,3,3
2014,55,025,2069,2068,2070,0.0273272401,1,1
2014,55,027,255,253,257,0.0237341772,1,1
2014,55,029,22,20,24,0.0061971831,3,3
2014,55,031,217,217,217,0.0342595516,1,1
2014,55,033,29,28,30,0.0047131481,3,3
2014,55,035,329,327,331,0.02317391,1,1
2014,55,037,,,,,,
2014,55,039,151,150,152,0.0112711801,1,1
2014,55,041,42,42,42,0.0271317829,1,1
2014,55,043,100,97,103,0.0141362737,2,2
2014,55,045,45,41,49,0.0081595648,3,3
2014,55,047,97,96,98,0.0316269971,1,1
2014,55,049,16,14,18,0.0045236076,3,3
2014,55,051,,,,,,
2014,55,053,39,37,41,0.0121533188,3,3
2014,55,055,227,224,230,0.0168936519,1,1
2014,55,057,129,128,130,0.0345289079,1,1
2014,55,059,660,657,663,0.0222912726,1,1
2014,55,061,14,13,15,0.0039705048,3,3
2014,55,063,225,225,225,0.0138760407,1,1
2014,55,065,12,6,18,0.0041251289,3,3
2014,55,067,46,45,47,0.0156303092,1,1
2014,55,069,117,117,117,0.0247461929,1,1
2014,55,071,145,144,146,0.0136239782,1,1
2014,55,073,153,149,157,0.0076722495,2,2
2014,55,075,120,116,124,0.0197889182,2,2
2014,55,077,15,15,15,0.0082964602,3,3
2014,55,078,71,71,71,0.0835294118,1,1
2014,55,079,4240,4225,4255,0.0303043298,1,1
2014,55,081,175,174,176,0.0245993815,1,1
2014,55,083,23,21,25,0.0055142652,3,3
2014,55,085,56,53,59,0.0132607151,3,3
2014,55,087,444,444,444,0.0125918153,1,1
2014,55,089,63,62,64,0.004984966,1,1
2014,55,091,11,10,12,0.0095735422,3,3
2014,55,093,70,69,71,0.0091947984,1,1
2014,55,095,183,181,185,0.0248202902,1,1
2014,55,097,153,152,154,0.01629046,1,1
2014,55,099,,,,,,
2014,55,101,1601,1595,1607,0.0552812403,1,1
2014,55,103,39,38,40,0.0220963173,2,2
2014,55,105,1263,1262,1264,0.0450990894,1,1
2014,55,107,34,33,35,0.0176165803,2,2
2014,55,109,141,140,142,0.0098601399,1,1
2014,55,111,239,239,239,0.0235352043,1,1
2014,55,113,20,19,21,0.0086393089,3,3
2014,55,115,63,60,66,0.011675315,2,2
2014,55,117,368,365,371,0.0190910977,1,1
2014,55,119,42,41,43,0.0133375675,1,1
2014,55,121,77,75,79,0.0131242543,2,2
2014,55,123,75,74,76,0.018527668,1,1
2014,55,125,48,44,52,0.0183416125,3,3
2014,55,127,243,236,250,0.0149925962,2,2
2014,55,129,51,50,52,0.0191154423,1,1
2014,55,131,150,147,153,0.0074783129,1,1
2014,55,133,344,334,354,0.0055367777,2,2
2014,55,135,123,122,124,0.0140459061,1,1
2014,55,137,15,14,16,0.0057251908,3,3
2014,55,139,404,403,405,0.0180349092,1,1
2014,55,141,384,382,386,0.0311536589,1,1
2014,56,001,89,89,89,0.0228205128,1,1
2014,56,003,42,39,45,0.0163297045,3,3
2014,56,005,329,329,329,0.0360192687,1,1
2014,56,007,,,,,,
2014,56,009,66,66,66,0.0268292683,1,1
2014,56,011,11,11,11,0.00969163,3,3
2014,56,013,102,97,107,0.0151133501,3,3
2014,56,015,,,,,,
2014,56,017,,,,,,
2014,56,019,,,,,,
2014,56,021,355,355,355,0.0240710605,1,1
2014,56,023,38,38,38,0.0114630468,1,1
2014,56,025,210,210,210,0.0156331423,1,1
2014,56,027,,,,,,
2014,56,029,48,47,49,0.0120754717,1,1
2014,56,031,,,,,,
2014,56,033,57,55,59,0.0127974854,2,2
2014,56,035,,,,,,
2014,56,037,67,67,67,0.0079336886,1,1
2014,56,039,41,41,41,0.0152359718,1,1
2014,56,041,45,44,46,0.01017409,1,1
2014,56,043,34,33,35,0.0235457064,2,2
2014,56,045,33,32,34,0.0314885496,2,2
2015,01,001,18,18,18,0.0018732438,3,3
2015,01,003,431,431,431,0.0139342407,1,1
2015,01,005,,,,,,
2015,01,007,29,29,29,0.0087296809,3,3
2015,01,009,75,75,75,0.0080239649,1,1
2015,01,011,,,,,,
2015,01,013,178,178,178,0.0567783094,1,1
2015,01,015,347,346,348,0.0191553961,1,1
2015,01,017,,,,,,
2015,01,019,472,472,472,0.1167738743,1,1
2015,01,021,12,12,12,0.0015497869,3,3
2015,01,023,,,,,,
2015,01,025,19,19,19,0.0046844181,3,3
2015,01,027,13,13,13,0.0065722952,3,3
2015,01,029,37,37,37,0.0140630939,1,1
2015,01,031,274,274,274,0.0287845362,1,1
2015,01,033,299,299,299,0.0572358346,1,1
2015,01,035,,,,,,
2015,01,037,,,,,,
2015,01,039,,,,,,
2015,01,041,,,,,,
2015,01,043,31,31,31,0.0024403684,1,1
2015,01,045,21,21,21,0.0098545284,3,3
2015,01,047,321,321,321,0.045590115,1,1
2015,01,049,300,300,300,0.0332778702,1,1
2015,01,051,137,136,138,0.0104692037,1,1
2015,01,053,,,,,,
2015,01,055,253,253,253,0.0161496234,1,1
2015,01,057,21,21,21,0.0087390762,3,3
2015,01,059,,,,,,
2015,01,061,13,12,14,0.003236246,3,3
2015,01,063,,,,,,
2015,01,065,,,,,,
2015,01,067,,,,,,
2015,01,069,337,336,338,0.0214937177,1,1
2015,01,071,,,,,,
2015,01,073,1495,1494,1496,0.0143280206,1,1
2015,01,075,,,,,,
2015,01,077,252,252,252,0.0194384449,1,1
2015,01,079,288,288,288,0.0594918405,1,1
2015,01,081,,,,,,
2015,01,083,113,113,113,0.0088822512,1,1
2015,01,085,176,176,176,0.1126760563,1,1
2015,01,087,31,31,31,0.0145267104,1,1
2015,01,089,523,523,523,0.0098142241,1,1
2015,01,091,,,,,,
2015,01,093,52,51,53,0.0111325198,1,1
2015,01,095,636,636,636,0.035936264,1,1
2015,01,097,4551,4551,4551,0.072382861,1,1
2015,01,099,,,,,,
2015,01,101,535,535,535,0.0174454625,1,1
2015,01,103,131,131,131,0.0067117533,1,1
2015,01,105,222,222,222,0.1455737705,1,1
2015,01,107,,,,,,
2015,01,109,62,62,62,0.0148681055,1,1
2015,01,111,21,21,21,0.0094254937,3,3
2015,01,113,122,122,122,0.0114650879,1,1
2015,01,115,143,143,143,0.0109335576,1,1
2015,01,117,291,291,291,0.0099654121,1,1
2015,01,119,18,18,18,0.011299435,3,3
2015,01,121,35,35,35,0.003488488,1,1
2015,01,123,14,14,14,0.0045132173,3,3
2015,01,125,412,412,412,0.0143204727,1,1
2015,01,127,147,147,147,0.0187811422,1,1
2015,01,129,26,26,26,0.0088555858,3,3
2015,01,131,126,126,126,0.0701949861,1,1
2015,01,133,,,,,,
2015,02,013,,,,,,
2015,02,016,,,,,,
2015,02,020,2905,2905,2905,0.0596668515,1,1
2015,02,050,15,15,15,0.0034940601,3,3
2015,02,060,,,,,,
2015,02,068,,,,,,
2015,02,070,,,,,,
2015,02,090,398,398,398,0.0286310337,1,1
2015,02,100,,,,,,
2015,02,105,,,,,,
2015,02,110,228,228,228,0.0470006184,1,1
2015,02,122,327,327,327,0.0363656584,1,1
2015,02,130,35,35,35,0.014957265,1,1
2015,02,150,42,42,42,0.0172555464,1,1
2015,02,158,,,,,,
2015,02,164,,,,,,
2015,02,170,880,880,880,0.0469533668,1,1
2015,02,180,18,18,18,0.0068965517,3,3
2015,02,185,50,50,50,0.0244259893,1,1
2015,02,188,,,,,,
2015,02,195,,,,,,
2015,02,198,16,14,18,0.0196319018,3,3
2015,02,220,41,41,41,0.0307346327,1,1
2015,02,230,,,,,,
2015,02,240,,,,,,
2015,02,261,25,24,26,0.0247524752,3,3
2015,02,275,,,,,,
2015,02,282,,,,,,
2015,02,290,39,39,39,0.0068074708,1,1
2015,04,001,14,14,14,0.0375335121,3,3
2015,04,003,776,776,776,0.0465227818,1,1
2015,04,005,468,467,469,0.0353420933,1,1
2015,04,007,650,649,651,0.1189387008,1,1
2015,04,009,28,28,28,0.0062935491,3,3
2015,04,011,,,,,,
2015,04,012,15,14,16,0.007518797,3,3
2015,04,013,15638,15623,15653,0.0246726978,1,1
2015,04,015,680,679,681,0.0497003362,1,1
2015,04,017,211,210,212,0.0161673435,1,1
2015,04,019,4424,4422,4426,0.0341843358,1,1
2015,04,021,812,808,816,0.0236555381,1,1
2015,04,023,236,236,236,0.0250477606,1,1
2015,04,025,1133,1128,1138,0.0568832212,1,1
2015,04,027,335,334,336,0.0108523114,1,1
2015,05,001,35,35,35,0.0117370892,1,1
2015,05,003,47,47,47,0.0122046222,1,1
2015,05,005,79,79,79,0.0155726395,1,1
2015,05,007,900,899,901,0.0212004146,1,1
2015,05,009,274,273,275,0.0449696373,1,1
2015,05,011,28,28,28,0.0134421507,3,3
2015,05,013,31,31,31,0.054770318,1,1
2015,05,015,103,103,103,0.0261820031,1,1
2015,05,017,,,,,,
2015,05,019,57,57,57,0.0209097579,1,1
2015,05,021,34,34,34,0.0131223466,1,1
2015,05,023,125,125,125,0.0376392653,1,1
2015,05,025,22,22,22,0.0145310436,3,3
2015,05,027,31,31,31,0.0103922226,1,1
2015,05,029,192,192,192,0.0699198835,1,1
2015,05,031,526,526,526,0.0279921239,1,1
2015,05,033,435,435,435,0.0394593614,1,1
2015,05,035,128,128,128,0.0129909672,1,1
2015,05,037,116,116,116,0.0348139256,1,1
2015,05,039,,,,,,
2015,05,041,31,31,31,0.0117602428,1,1
2015,05,043,10,10,10,0.0096618357,3,3
2015,05,045,390,390,390,0.0206885576,1,1
2015,05,047,64,64,64,0.0229637603,1,1
2015,05,049,55,55,55,0.0325829384,1,1
2015,05,051,369,369,369,0.0252964969,1,1
2015,05,053,79,79,79,0.0164651938,1,1
2015,05,055,260,259,261,0.0331041508,1,1
2015,05,057,64,63,65,0.0204472843,1,1
2015,05,059,224,224,224,0.0423280423,1,1
2015,05,061,21,20,22,0.0073094326,3,3
2015,05,063,313,313,313,0.0484295219,1,1
2015,05,065,49,49,49,0.0271017699,1,1
2015,05,067,132,132,132,0.1014604151,1,1
2015,05,069,149,146,152,0.0174045088,1,1
2015,05,071,256,256,256,0.0547125454,1,1
2015,05,073,12,12,12,0.0185471406,3,3
2015,05,075,142,141,143,0.0446540881,1,1
2015,05,077,18,18,18,0.0219244823,3,3
2015,05,079,24,24,24,0.0147058824,3,3
2015,05,081,32,32,32,0.0224403927,1,1
2015,05,083,193,193,193,0.0485046494,1,1
2015,05,085,190,190,190,0.0138595084,1,1
2015,05,087,109,109,109,0.0462845011,1,1
2015,05,089,152,152,152,0.0928527795,1,1
2015,05,091,110,110,110,0.0159374094,1,1
2015,05,093,408,408,408,0.0529045643,1,1
2015,05,095,115,115,115,0.1024042743,1,1
2015,05,097,51,51,51,0.0471349353,1,1
2015,05,099,,,,,,
2015,05,101,74,74,74,0.0579029734,1,1
2015,05,103,56,55,57,0.0135298381,1,1
2015,05,105,11,11,11,0.0159883721,3,3
2015,05,107,31,31,31,0.0115758028,1,1
2015,05,109,128,128,128,0.0631786772,1,1
2015,05,111,272,272,272,0.0638347806,1,1
2015,05,113,33,33,33,0.0131421744,1,1
2015,05,115,369,369,369,0.0360950797,1,1
2015,05,117,31,31,31,0.0256198347,1,1
2015,05,119,1545,1542,1548,0.028048072,1,1
2015,05,121,127,127,127,0.0519427403,1,1
2015,05,123,49,49,49,0.0137601797,1,1
2015,05,125,137,136,138,0.008027187,1,1
2015,05,127,55,55,55,0.0226617223,1,1
2015,05,129,73,73,73,0.047188106,1,1
2015,05,131,392,392,392,0.019197806,1,1
2015,05,133,40,39,41,0.0120809423,2,2
2015,05,135,109,109,109,0.0377685378,1,1
2015,05,137,,,,,,
2015,05,139,102,101,103,0.0133385641,1,1
2015,05,141,188,188,188,0.0832964112,1,1
2015,05,143,477,477,477,0.0116857346,1,1
2015,05,145,315,315,315,0.0241954067,1,1
2015,05,147,25,25,25,0.0401284109,3,3
2015,05,149,139,139,139,0.0324236063,1,1
2015,06,001,3686,3686,3686,0.0164195859,1,1
2015,06,003,13,13,13,0.1625,3,3
2015,06,005,156,156,156,0.0384236453,1,1
2015,06,007,1228,1228,1228,0.0396295221,1,1
2015,06,009,1075,1075,1075,0.190299168,1,1
2015,06,011,76,76,76,0.0170212766,1,1
2015,06,013,2341,2339,2343,0.0136321815,1,1
2015,06,015,153,153,153,0.0367788462,1,1
2015,06,017,784,783,785,0.0290887504,1,1
2015,06,019,4779,4776,4782,0.0239015729,1,1
2015,06,021,334,334,334,0.0679967427,1,1
2015,06,023,1161,1157,1165,0.067113706,1,1
2015,06,025,1894,1894,1894,0.0515149867,1,1
2015,06,027,43,43,43,0.0213505462,1,1
2015,06,029,6221,6217,6225,0.0363359189,1,1
2015,06,031,684,681,687,0.0266625088,1,1
2015,06,033,851,851,851,0.0921993499,1,1
2015,06,035,12,10,14,0.0099916736,3,3
2015,06,037,55782,55780,55784,0.037127161,1,1
2015,06,039,510,509,511,0.0166650328,1,1
2015,06,041,1172,1171,1173,0.0390497451,1,1
2015,06,043,63,63,63,0.0329325666,1,1
2015,06,045,661,660,662,0.0501822047,1,1
2015,06,047,1418,1417,1419,0.0257658902,1,1
2015,06,049,,,,,,
2015,06,051,60,60,60,0.0352112676,1,1
2015,06,053,7486,7484,7488,0.1004266051,1,1
2015,06,055,382,382,382,0.0196340461,1,1
2015,06,057,590,589,591,0.0373962097,1,1
2015,06,059,26307,26307,26307,0.0533578078,1,1
2015,06,061,1711,1710,1712,0.0254110169,1,1
2015,06,063,164,164,164,0.0746812386,1,1
2015,06,065,22341,22341,22341,0.0523002659,1,1
2015,06,067,9723,9723,9723,0.040610812,1,1
2015,06,069,310,307,313,0.0281383317,1,1
2015,06,071,34695,34695,34695,0.0848610109,1,1
2015,06,073,20651,20648,20654,0.0410663612,1,1
2015,06,075,2410,2410,2410,0.0406428656,1,1
2015,06,077,2802,2801,2803,0.0195942686,1,1
2015,06,079,3287,3286,3288,0.0942752251,1,1
2015,06,081,2041,2041,2041,0.0231099335,1,1
2015,06,083,8605,8605,8605,0.1340488838,1,1
2015,06,085,3988,3987,3989,0.0150081099,1,1
2015,06,087,3059,3059,3059,0.0761002065,1,1
2015,06,089,686,683,689,0.0268671915,1,1
2015,06,091,10,10,10,0.0262467192,3,3
2015,06,093,254,249,259,0.0457987739,1,1
2015,06,095,1637,1637,1637,0.0247681298,1,1
2015,06,097,887,883,891,0.0132730782,1,1
2015,06,099,3216,3213,3219,0.0303550866,1,1
2015,06,101,335,333,337,0.016116617,1,1
2015,06,103,405,403,407,0.0415939201,1,1
2015,06,105,146,145,147,0.1021693492,1,1
2015,06,107,2904,2896,2912,0.0294912156,1,1
2015,06,109,208,207,209,0.034655115,1,1
2015,06,111,3677,3675,3679,0.0262133569,1,1
2015,06,113,903,903,903,0.0304235033,1,1
2015,06,115,249,247,251,0.0181964338,1,1
2015,08,001,3916,3915,3917,0.0464470828,1,1
2015,08,003,147,147,147,0.0577830189,1,1
2015,08,005,2911,2911,2911,0.0242207911,1,1
2015,08,007,16,16,16,0.0116618076,3,3
2015,08,009,,,,,,
2015,08,011,,,,,,
2015,08,013,1297,1297,1297,0.0205797883,1,1
2015,08,014,,,,,,
2015,08,015,21,21,21,0.0094893809,3,3
2015,08,017,,,,,,
2015,08,019,26,26,26,0.0290178571,3,3
2015,08,021,15,15,15,0.0255102041,3,3
2015,08,023,100,100,100,0.1926782274,1,1
2015,08,025,,,,,,
2015,08,027,,,,,,
2015,08,029,123,123,123,0.0246789727,1,1
2015,08,031,2637,2637,2637,0.025040357,1,1
2015,08,033,,,,,,
2015,08,035,676,676,676,0.010105238,1,1
2015,08,037,15,15,15,0.0022045855,3,3
2015,08,039,,,,,,
2015,08,041,1781,1780,1782,0.0151467474,1,1
2015,08,043,74,74,74,0.0148654078,1,1
2015,08,045,193,193,193,0.0166724257,1,1
2015,08,047,,,,,,
2015,08,049,20,20,20,0.0114613181,3,3
2015,08,051,,,,,,
2015,08,053,,,,,,
2015,08,055,,,,,,
2015,08,057,,,,,,
2015,08,059,2733,2733,2733,0.0315112244,1,1
2015,08,061,,,,,,
2015,08,063,42,39,45,0.0296819788,3,3
2015,08,065,12,12,12,0.0111731844,3,3
2015,08,067,112,112,112,0.0162060483,1,1
2015,08,069,1659,1659,1659,0.0355147389,1,1
2015,08,071,20,18,22,0.0124843945,3,3
2015,08,073,13,12,14,0.0243445693,3,3
2015,08,075,39,38,40,0.0145958084,2,2
2015,08,077,657,657,657,0.0297918651,1,1
2015,08,079,,,,,,
2015,08,081,,,,,,
2015,08,083,43,42,44,0.0105703048,1,1
2015,08,085,334,333,335,0.0517268081,1,1
2015,08,087,438,438,438,0.0806481311,1,1
2015,08,089,,,,,,
2015,08,091,,,,,,
2015,08,093,21,21,21,0.0199052133,3,3
2015,08,095,,,,,,
2015,08,097,,,,,,
2015,08,099,33,33,33,0.0209125475,1,1
2015,08,101,1618,1618,1618,0.0593543654,1,1
2015,08,103,,,,,,
2015,08,105,45,45,45,0.0278983261,1,1
2015,08,107,,,,,,
2015,08,109,221,221,221,0.2227822581,1,1
2015,08,111,,,,,,
2015,08,113,,,,,,
2015,08,115,14,13,15,0.017699115,3,3
2015,08,117,20,20,20,0.0057045066,3,3
2015,08,119,49,49,49,0.0171628722,1,1
2015,08,121,18,17,19,0.025974026,3,3
2015,08,123,761,761,761,0.0182901916,1,1
2015,08,125,58,58,58,0.038410596,1,1
2015,09,001,536,531,541,0.0053734875,1,1
2015,09,003,1277,1269,1285,0.0094629744,1,1
2015,09,005,103,98,108,0.0066038341,3,3
2015,09,007,132,129,135,0.0059413962,1,1
2015,09,009,1064,1058,1070,0.0097279111,1,1
2015,09,011,406,399,413,0.0118346645,1,1
2015,09,013,89,85,93,0.006513466,2,2
2015,09,015,271,265,277,0.0191208636,1,1
2015,10,001,907,906,908,0.0352274051,1,1
2015,10,003,1608,1605,1611,0.0221225545,1,1
2015,10,005,710,710,710,0.0235411141,1,1
2015,11,001,6496,6492,6500,0.0788196467,1,1
2015,12,001,784,784,784,0.0267531138,1,1
2015,12,003,41,41,41,0.0081967213,1,1
2015,12,005,1505,1505,1505,0.0541737158,1,1
2015,12,007,211,211,211,0.0658140986,1,1
2015,12,009,1969,1969,1969,0.0270824164,1,1
2015,12,011,2443,2443,2443,0.0090239506,1,1
2015,12,013,99,99,99,0.0449183303,1,1
2015,12,015,427,427,427,0.0265861403,1,1
2015,12,017,598,598,598,0.0392131148,1,1
2015,12,019,838,838,838,0.0228724275,1,1
2015,12,021,802,802,802,0.017437057,1,1
2015,12,023,553,553,553,0.0543488943,1,1
2015,12,027,327,327,327,0.0673255096,1,1
2015,12,029,44,44,44,0.020754717,1,1
2015,12,031,2254,2254,2254,0.0174469007,1,1
2015,12,033,1868,1868,1868,0.0459476079,1,1
2015,12,035,508,508,508,0.039276326,1,1
2015,12,037,268,268,268,0.2080745342,1,1
2015,12,039,519,519,519,0.0893902859,1,1
2015,12,041,,,,,,
2015,12,043,63,63,63,0.0377697842,1,1
2015,12,045,16,16,16,0.0081925243,3,3
2015,12,047,335,335,335,0.192639448,1,1
2015,12,049,192,192,192,0.0365644639,1,1
2015,12,051,423,423,423,0.05866038,1,1
2015,12,053,521,521,521,0.0234981057,1,1
2015,12,055,457,457,457,0.0369322774,1,1
2015,12,057,3311,3311,3311,0.0156235991,1,1
2015,12,059,93,93,93,0.0281221651,1,1
2015,12,061,311,311,311,0.0172931495,1,1
2015,12,063,140,140,140,0.0204379562,1,1
2015,12,065,,,,,,
2015,12,067,192,192,192,0.154340836,1,1
2015,12,069,2431,2431,2431,0.0572511893,1,1
2015,12,071,1288,1288,1288,0.0141059479,1,1
2015,12,073,866,866,866,0.0253068381,1,1
2015,12,075,190,190,190,0.0349586017,1,1
2015,12,077,47,47,47,0.0327754533,1,1
2015,12,079,150,150,150,0.0568181818,1,1
2015,12,081,1578,1578,1578,0.0326329721,1,1
2015,12,083,2493,2493,2493,0.0582667228,1,1
2015,12,085,265,265,265,0.0139517742,1,1
2015,12,086,6079,6079,6079,0.0170004391,1,1
2015,12,087,384,384,384,0.0455084143,1,1
2015,12,089,445,445,445,0.0394538523,1,1
2015,12,091,849,849,849,0.0277106861,1,1
2015,12,093,375,375,375,0.0582298137,1,1
2015,12,095,6933,6933,6933,0.0338279279,1,1
2015,12,097,3561,3561,3561,0.0575347778,1,1
2015,12,099,3763,3763,3763,0.0196147932,1,1
2015,12,101,2087,2087,2087,0.0295751495,1,1
2015,12,103,3501,3501,3501,0.0338277211,1,1
2015,12,105,3566,3566,3566,0.0350863384,1,1
2015,12,107,705,705,705,0.0629632937,1,1
2015,12,109,832,832,832,0.0223595808,1,1
2015,12,111,717,717,717,0.017904857,1,1
2015,12,113,1306,1306,1306,0.0488406881,1,1
2015,12,115,865,865,865,0.020416352,1,1
2015,12,117,1897,1897,1897,0.0283151233,1,1
2015,12,119,144,144,144,0.0168736817,1,1
2015,12,121,355,355,355,0.0587067968,1,1
2015,12,123,127,127,127,0.0430216802,1,1
2015,12,125,116,116,116,0.0497000857,1,1
2015,12,127,2168,2168,2168,0.0344520722,1,1
2015,12,129,54,54,54,0.0104874733,1,1
2015,12,131,241,241,241,0.0272193359,1,1
2015,12,133,199,199,199,0.0602300242,1,1
2015,13,001,84,84,84,0.023255814,1,1
2015,13,003,,,,,,
2015,13,005,42,42,42,0.0195804196,1,1
2015,13,007,,,,,,
2015,13,009,144,144,144,0.0265829795,1,1
2015,13,011,95,95,95,0.033664068,1,1
2015,13,013,436,436,436,0.0324670489,1,1
2015,13,015,463,463,463,0.025612657,1,1
2015,13,017,23,23,23,0.0070036541,3,3
2015,13,019,56,56,56,0.017942967,1,1
2015,13,021,570,570,570,0.0233062109,1,1
2015,13,023,,,,,,
2015,13,025,69,69,69,0.0197934596,1,1
2015,13,027,,,,,,
2015,13,029,134,134,134,0.0152602209,1,1
2015,13,031,132,132,132,0.012785742,1,1
2015,13,033,14,14,14,0.0032407407,3,3
2015,13,035,323,323,323,0.0935147655,1,1
2015,13,037,,,,,,
2015,13,039,39,39,39,0.0043175025,1,1
2015,13,043,28,28,28,0.0128381476,3,3
2015,13,045,1330,1330,1330,0.0672498357,1,1
2015,13,047,350,350,350,0.0323385383,1,1
2015,13,049,67,67,67,0.0394349617,1,1
2015,13,051,783,783,783,0.0204315946,1,1
2015,13,053,,,,,,
2015,13,055,214,213,215,0.0508072175,1,1
2015,13,057,124,124,124,0.0030030757,1,1
2015,13,059,577,577,577,0.0436955699,1,1
2015,13,061,18,18,18,0.0666666667,3,3
2015,13,063,2227,2227,2227,0.032724975,1,1
2015,13,065,25,25,25,0.0179468772,3,3
2015,13,067,2162,2162,2162,0.0177790204,1,1
2015,13,069,395,395,395,0.0508496395,1,1
2015,13,071,388,388,388,0.0402782103,1,1
2015,13,073,385,385,385,0.0147407918,1,1
2015,13,075,,,,,,
2015,13,077,211,211,211,0.0092560098,1,1
2015,13,079,,,,,,
2015,13,081,48,48,48,0.0113960114,1,1
2015,13,083,88,88,88,0.0408921933,1,1
2015,13,085,168,168,168,0.0484289421,1,1
2015,13,087,106,106,106,0.019924812,1,1
2015,13,089,1637,1637,1637,0.0153251325,1,1
2015,13,091,19,19,19,0.0059079602,3,3
2015,13,093,92,92,92,0.0650636492,1,1
2015,13,095,861,861,861,0.0566671054,1,1
2015,13,097,519,519,519,0.019949262,1,1
2015,13,099,,,,,,
2015,13,101,,,,,,
2015,13,103,116,116,116,0.0097939885,1,1
2015,13,105,60,60,60,0.0194868464,1,1
2015,13,107,49,49,49,0.0113610016,1,1
2015,13,109,,,,,,
2015,13,111,279,279,279,0.0945442223,1,1
2015,13,113,82,82,82,0.004082039,1,1
2015,13,115,876,876,876,0.0538712256,1,1
2015,13,117,608,608,608,0.0137289437,1,1
2015,13,119,37,37,37,0.0101648352,1,1
2015,13,121,4653,4653,4653,0.0311464546,1,1
2015,13,123,323,323,323,0.0767403184,1,1
2015,13,125,,,,,,
2015,13,127,271,271,271,0.0202631972,1,1
2015,13,129,660,660,660,0.0603566529,1,1
2015,13,131,410,410,410,0.0889370933,1,1
2015,13,133,47,47,47,0.0193654718,1,1
2015,13,135,2011,2011,2011,0.0109137483,1,1
2015,13,137,183,183,183,0.0266763848,1,1
2015,13,139,369,369,369,0.0104695702,1,1
2015,13,141,114,114,114,0.1163265306,1,1
2015,13,143,288,288,288,0.05,1,1
2015,13,145,59,59,59,0.0111552278,1,1
2015,13,147,45,45,45,0.0128314799,1,1
2015,13,149,121,121,121,0.0595179538,1,1
2015,13,151,1080,1080,1080,0.0258249641,1,1
2015,13,153,286,286,286,0.0100245356,1,1
2015,13,155,18,18,18,0.0101180438,3,3
2015,13,157,127,127,127,0.0102584814,1,1
2015,13,159,47,47,47,0.0193734542,1,1
2015,13,161,29,29,29,0.009360878,3,3
2015,13,163,,,,,,
2015,13,165,,,,,,
2015,13,167,63,63,63,0.0541702494,1,1
2015,13,169,10,10,10,0.0018181818,3,3
2015,13,171,14,14,14,0.005107625,3,3
2015,13,173,53,53,53,0.0295593977,1,1
2015,13,175,352,352,352,0.0386261385,1,1
2015,13,177,465,465,465,0.0723397635,1,1
2015,13,179,182,182,182,0.018227341,1,1
2015,13,181,90,90,90,0.0751252087,1,1
2015,13,183,18,18,18,0.0051590714,3,3
2015,13,185,470,470,470,0.0255782313,1,1
2015,13,187,102,102,102,0.0273385151,1,1
2015,13,189,31,31,31,0.0073581771,1,1
2015,13,191,41,41,41,0.0276280323,1,1
2015,13,193,,,,,,
2015,13,195,250,250,250,0.0436681223,1,1
2015,13,197,,,,,,
2015,13,199,,,,,,
2015,13,201,11,11,11,0.0105062082,3,3
2015,13,205,124,124,124,0.0318438624,1,1
2015,13,207,785,785,785,0.1957605985,1,1
2015,13,209,188,188,188,0.1333333333,1,1
2015,13,211,56,56,56,0.0175548589,1,1
2015,13,213,171,171,171,0.0223968566,1,1
2015,13,215,1240,1240,1240,0.0388726919,1,1
2015,13,217,202,202,202,0.0102491248,1,1
2015,13,219,116,116,116,0.015953789,1,1
2015,13,221,34,34,34,0.0159849553,1,1
2015,13,223,469,469,469,0.0163739832,1,1
2015,13,225,20,20,20,0.0054466231,3,3
2015,13,227,229,229,229,0.0526436782,1,1
2015,13,229,78,78,78,0.0214876033,1,1
2015,13,231,,,,,,
2015,13,233,888,888,888,0.1137878011,1,1
2015,13,235,18,18,18,0.0129403307,3,3
2015,13,237,,,,,,
2015,13,239,,,,,,
2015,13,241,63,63,63,0.0277777778,1,1
2015,13,243,17,17,17,0.0164728682,3,3
2015,13,245,284,284,284,0.0090227475,1,1
2015,13,247,530,530,530,0.0319257876,1,1
2015,13,249,11,11,11,0.0082212257,3,3
2015,13,251,60,60,60,0.0264550265,1,1
2015,13,253,194,194,194,0.1238034461,1,1
2015,13,255,103,103,103,0.010038008,1,1
2015,13,257,77,77,77,0.0188172043,1,1
2015,13,259,,,,,,
2015,13,261,,,,,,
2015,13,263,,,,,,
2015,13,265,,,,,,
2015,13,267,37,37,37,0.0098535286,1,1
2015,13,269,,,,,,
2015,13,271,38,38,38,0.0217391304,1,1
2015,13,273,,,,,,
2015,13,275,587,587,587,0.0675800138,1,1
2015,13,277,51,51,51,0.0065100842,1,1
2015,13,279,39,39,39,0.0051607781,1,1
2015,13,281,42,42,42,0.039961941,1,1
2015,13,283,14,14,14,0.0116472546,3,3
2015,13,285,167,167,167,0.0133942894,1,1
2015,13,287,,,,,,
2015,13,289,46,46,46,0.0555555556,1,1
2015,13,291,45,45,45,0.0162689805,1,1
2015,13,293,,,,,,
2015,13,295,231,231,231,0.0222543353,1,1
2015,13,297,287,287,287,0.0183621241,1,1
2015,13,299,257,257,257,0.0416599125,1,1
2015,13,301,,,,,,
2015,13,303,,,,,,
2015,13,305,117,117,117,0.0209865471,1,1
2015,13,307,,,,,,
2015,13,309,,,,,,
2015,13,311,163,163,163,0.0299357208,1,1
2015,13,313,583,583,583,0.0274430427,1,1
2015,13,315,,,,,,
2015,13,317,,,,,,
2015,13,319,,,,,,
2015,13,321,53,53,53,0.0157456922,1,1
2015,15,001,,,,,,
2015,15,003,3790,3790,3790,0.0208247479,1,1
2015,15,005,,,,,,
2015,15,007,,,,,,
2015,15,009,,,,,,
2015,16,001,1406,1405,1407,0.019516935,1,1
2015,16,003,,,,,,
2015,16,005,201,200,202,0.0147663826,1,1
2015,16,007,13,13,13,0.0117117117,3,3
2015,16,009,24,24,24,0.01875,3,3
2015,16,011,180,178,182,0.0192698855,1,1
2015,16,013,52,52,52,0.0154256897,1,1
2015,16,015,34,33,35,0.0413625304,2,2
2015,16,017,176,176,176,0.0347414133,1,1
2015,16,019,183,182,184,0.0080691389,1,1
2015,16,021,27,27,27,0.0188811189,3,3
2015,16,023,,,,,,
2015,16,025,,,,,,
2015,16,027,2095,2095,2095,0.0559009526,1,1
2015,16,029,26,26,26,0.019330855,3,3
2015,16,031,68,68,68,0.01257629,1,1
2015,16,033,,,,,,
2015,16,035,98,98,98,0.091846298,1,1
2015,16,037,,,,,,
2015,16,039,18,17,19,0.0042323066,3,3
2015,16,041,14,13,15,0.0043900909,3,3
2015,16,043,45,45,45,0.0204545455,1,1
2015,16,045,70,70,70,0.0279329609,1,1
2015,16,047,129,129,129,0.0409004439,1,1
2015,16,049,30,30,30,0.0232378002,1,1
2015,16,051,65,65,65,0.0096525097,1,1
2015,16,053,40,40,40,0.0089827083,1,1
2015,16,055,644,644,644,0.0313229572,1,1
2015,16,057,73,73,73,0.016708629,1,1
2015,16,059,29,29,29,0.0342384888,3,3
2015,16,061,108,108,108,0.1432360743,1,1
2015,16,063,34,33,35,0.0348360656,2,2
2015,16,065,,,,,,
2015,16,067,123,123,123,0.0294681361,1,1
2015,16,069,210,210,210,0.039817975,1,1
2015,16,071,,,,,,
2015,16,073,102,102,102,0.0431837426,1,1
2015,16,075,359,359,359,0.0850106559,1,1
2015,16,077,,,,,,
2015,16,079,54,54,54,0.045646661,1,1
2015,16,081,,,,,,
2015,16,083,511,510,512,0.0355132393,1,1
2015,16,085,35,35,35,0.0267584098,1,1
2015,16,087,62,62,62,0.0375985446,1,1
2015,17,001,142,142,142,0.0176969093,1,1
2015,17,003,122,122,122,0.1252566735,1,1
2015,17,005,104,104,104,0.0447119518,1,1
2015,17,007,105,105,105,0.0105591311,1,1
2015,17,009,18,18,18,0.0235910878,3,3
2015,17,011,103,102,104,0.0203758655,1,1
2015,17,013,17,16,18,0.030141844,3,3
2015,17,015,14,14,14,0.0060843112,3,3
2015,17,017,121,120,122,0.0512277731,1,1
2015,17,019,522,519,525,0.0217754046,1,1
2015,17,021,158,158,158,0.0278316012,1,1
2015,17,023,46,46,46,0.0171385991,1,1
2015,17,025,120,119,121,0.0511073254,1,1
2015,17,027,117,116,118,0.0245798319,1,1
2015,17,029,152,152,152,0.0231848688,1,1
2015,17,031,27294,27283,27305,0.0350317858,1,1
2015,17,033,90,90,90,0.0313261399,1,1
2015,17,035,24,24,24,0.0141176471,3,3
2015,17,037,266,265,267,0.0157545605,1,1
2015,17,039,35,35,35,0.0124777184,1,1
2015,17,041,96,96,96,0.0360766629,1,1
2015,17,043,1683,1681,1685,0.0109442772,1,1
2015,17,045,117,117,117,0.0390912128,1,1
2015,17,047,22,22,22,0.0238095238,3,3
2015,17,049,150,150,150,0.0285388128,1,1
2015,17,051,177,177,177,0.06201822,1,1
2015,17,053,53,53,53,0.0189285714,1,1
2015,17,055,387,387,387,0.0610410095,1,1
2015,17,057,106,106,106,0.0218646865,1,1
2015,17,059,38,38,38,0.0486555698,1,1
2015,17,061,170,170,170,0.087403599,1,1
2015,17,063,192,189,195,0.0152248037,1,1
2015,17,065,85,85,85,0.068,1,1
2015,17,067,111,108,114,0.0371237458,2,2
2015,17,069,,,,,,
2015,17,071,11,11,11,0.0126291619,3,3
2015,17,073,232,230,234,0.0271249854,1,1
2015,17,075,42,41,43,0.0093708166,1,1
2015,17,077,376,376,376,0.0513030427,1,1
2015,17,079,29,29,29,0.0209084355,3,3
2015,17,081,595,595,595,0.0984936269,1,1
2015,17,083,127,127,127,0.049687011,1,1
2015,17,085,,,,,,
2015,17,087,136,136,136,0.068617558,1,1
2015,17,089,1517,1517,1517,0.0151164876,1,1
2015,17,091,395,395,395,0.0213305973,1,1
2015,17,093,247,246,248,0.0092724679,1,1
2015,17,095,158,158,158,0.0208856576,1,1
2015,17,097,1221,1218,1224,0.0097717524,1,1
2015,17,099,317,312,322,0.0201078338,1,1
2015,17,101,75,75,75,0.0328659071,1,1
2015,17,103,47,46,48,0.0128485511,1,1
2015,17,105,78,77,79,0.0161023947,1,1
2015,17,107,74,74,74,0.0254382949,1,1
2015,17,109,121,121,121,0.0350419925,1,1
2015,17,111,773,772,774,0.0111576212,1,1
2015,17,113,348,346,350,0.0139635663,1,1
2015,17,115,360,359,361,0.0231095134,1,1
2015,17,117,338,338,338,0.0394721476,1,1
2015,17,119,1289,1289,1289,0.0314620454,1,1
2015,17,121,507,506,508,0.0739714036,1,1
2015,17,123,32,31,33,0.0245022971,2,2
2015,17,125,64,64,64,0.0230880231,1,1
2015,17,127,68,68,68,0.0275415148,1,1
2015,17,129,,,,,,
2015,17,131,40,40,40,0.0140498771,1,1
2015,17,133,101,101,101,0.0319923978,1,1
2015,17,135,184,184,184,0.0419995435,1,1
2015,17,137,80,78,82,0.0166770898,2,2
2015,17,139,14,14,14,0.0084745763,3,3
2015,17,141,111,110,112,0.0136413912,1,1
2015,17,143,791,790,792,0.0296576806,1,1
2015,17,145,28,28,28,0.0127330605,3,3
2015,17,147,19,18,20,0.0070737156,3,3
2015,17,149,41,40,42,0.0158423493,1,1
2015,17,151,18,18,18,0.0338345865,3,3
2015,17,153,93,93,93,0.1028761062,1,1
2015,17,155,12,12,12,0.0132450331,3,3
2015,17,157,232,232,232,0.0563517124,1,1
2015,17,159,172,172,172,0.0710450227,1,1
2015,17,161,158,157,159,0.0072350948,1,1
2015,17,163,1568,1565,1571,0.0380915363,1,1
2015,17,165,246,246,246,0.0589362722,1,1
2015,17,167,705,705,705,0.0247281656,1,1
2015,17,169,18,18,18,0.0153191489,3,3
2015,17,171,12,11,13,0.0135440181,3,3
2015,17,173,51,51,51,0.0217669654,1,1
2015,17,175,38,38,38,0.0408602151,1,1
2015,17,177,237,236,238,0.0358222491,1,1
2015,17,179,292,292,292,0.0157124408,1,1
2015,17,181,176,176,176,0.0606896552,1,1
2015,17,183,512,511,513,0.0386969995,1,1
2015,17,185,160,160,160,0.0941176471,1,1
2015,17,187,17,17,17,0.0062753784,3,3
2015,17,189,77,76,78,0.0417118093,1,1
2015,17,191,128,127,129,0.0498442368,1,1
2015,17,193,81,80,82,0.0328733766,1,1
2015,17,195,172,172,172,0.0182512733,1,1
2015,17,197,1853,1852,1854,0.0163193772,1,1
2015,17,199,369,369,369,0.0354500913,1,1
2015,17,201,2619,2615,2623,0.0599986255,1,1
2015,17,203,57,57,57,0.0075227663,1,1
2015,18,001,155,155,155,0.0475751995,1,1
2015,18,003,1102,1102,1102,0.0205325036,1,1
2015,18,005,419,419,419,0.0337087691,1,1
2015,18,007,,,,,,
2015,18,009,,,,,,
2015,18,011,260,260,260,0.0217391304,1,1
2015,18,013,14,14,14,0.0064014632,3,3
2015,18,015,30,30,30,0.0116234018,1,1
2015,18,017,382,382,382,0.0676106195,1,1
2015,18,019,343,343,343,0.0205082212,1,1
2015,18,021,13,13,13,0.003101145,3,3
2015,18,023,121,121,121,0.0296568627,1,1
2015,18,025,,,,,,
2015,18,027,,,,,,
2015,18,029,120,120,120,0.0178518298,1,1
2015,18,031,47,47,47,0.019764508,1,1
2015,18,033,92,92,92,0.0169429098,1,1
2015,18,035,81,79,83,0.0063069376,2,2
2015,18,037,,,,,,
2015,18,039,416,416,416,0.0123098775,1,1
2015,18,041,,,,,,
2015,18,043,109,109,109,0.0097880747,1,1
2015,18,045,19,18,20,0.0068247126,3,3
2015,18,047,30,30,30,0.0064020487,1,1
2015,18,049,38,38,38,0.0209251101,1,1
2015,18,051,111,111,111,0.0522352941,1,1
2015,18,053,139,138,140,0.0127628317,1,1
2015,18,055,46,45,47,0.0133140376,1,1
2015,18,057,256,254,258,0.0043858146,1,1
2015,18,059,23,22,24,0.0018829308,3,3
2015,18,061,27,27,27,0.0081374322,3,3
2015,18,063,113,112,114,0.0039007215,1,1
2015,18,065,21,20,22,0.0034246575,3,3
2015,18,067,517,517,517,0.0408695652,1,1
2015,18,069,18,18,18,0.0032900749,3,3
2015,18,071,45,45,45,0.0068902159,1,1
2015,18,073,54,54,54,0.0105986261,1,1
2015,18,075,,,,,,
2015,18,077,92,92,92,0.0214003257,1,1
2015,18,079,389,389,389,0.0875337534,1,1
2015,18,081,647,647,647,0.0252981427,1,1
2015,18,083,13,13,13,0.0046578287,3,3
2015,18,085,76,76,76,0.0062335958,1,1
2015,18,087,,,,,,
2015,18,089,758,755,761,0.0102708635,1,1
2015,18,091,214,213,215,0.0132556987,1,1
2015,18,093,69,69,69,0.0101545254,1,1
2015,18,095,493,493,493,0.0380900873,1,1
2015,18,097,5038,5031,5045,0.0333878974,1,1
2015,18,099,138,138,138,0.0203930841,1,1
2015,18,101,,,,,,
2015,18,103,80,80,80,0.0174253975,1,1
2015,18,105,248,248,248,0.0176073837,1,1
2015,18,107,134,134,134,0.0308969334,1,1
2015,18,109,752,751,753,0.0675105485,1,1
2015,18,111,10,10,10,0.010940919,3,3
2015,18,113,37,37,37,0.0075726566,1,1
2015,18,115,,,,,,
2015,18,117,,,,,,
2015,18,119,187,187,187,0.0680247363,1,1
2015,18,121,29,29,29,0.0232371795,3,3
2015,18,123,210,210,210,0.0717703349,1,1
2015,18,125,15,15,15,0.0077279753,3,3
2015,18,127,409,407,411,0.015419997,1,1
2015,18,129,13,13,13,0.0061061531,3,3
2015,18,131,,,,,,
2015,18,133,147,147,147,0.025511975,1,1
2015,18,135,,,,,,
2015,18,137,,,,,,
2015,18,139,,,,,,
2015,18,141,273,271,275,0.0072988798,1,1
2015,18,143,,,,,,
2015,18,145,119,118,120,0.0198863636,1,1
2015,18,147,,,,,,
2015,18,149,,,,,,
2015,18,151,48,48,48,0.048582996,1,1
2015,18,153,,,,,,
2015,18,155,54,54,54,0.0336239103,1,1
2015,18,157,412,411,413,0.0177272923,1,1
2015,18,159,,,,,,
2015,18,161,18,18,18,0.0134428678,3,3
2015,18,163,511,511,511,0.0223877327,1,1
2015,18,165,15,14,16,0.0059101655,3,3
2015,18,167,255,255,255,0.0167355779,1,1
2015,18,169,41,41,41,0.0137261466,1,1
2015,18,171,,,,,,
2015,18,173,16,16,16,0.0015800909,3,3
2015,18,175,130,130,130,0.0377358491,1,1
2015,18,177,231,231,231,0.0392656808,1,1
2015,18,179,44,44,44,0.0097951915,1,1
2015,18,181,19,19,19,0.0062561739,3,3
2015,18,183,68,68,68,0.0195570894,1,1
2015,19,001,,,,,,
2015,19,003,,,,,,
2015,19,005,,,,,,
2015,19,007,,,,,,
2015,19,009,,,,,,
2015,19,011,15,15,15,0.0091799266,3,3
2015,19,013,315,315,315,0.0177105589,1,1
2015,19,015,38,37,39,0.0117211598,2,2
2015,19,017,22,22,22,0.0059395248,3,3
2015,19,019,38,37,39,0.0152855994,2,2
2015,19,021,44,43,45,0.0126364159,1,1
2015,19,023,,,,,,
2015,19,025,,,,,,
2015,19,027,16,16,16,0.0048338369,3,3
2015,19,029,,,,,,
2015,19,031,,,,,,
2015,19,033,72,72,72,0.0135160503,1,1
2015,19,035,10,10,10,0.0100200401,3,3
2015,19,037,14,13,15,0.0080878105,3,3
2015,19,039,18,18,18,0.0120886501,3,3
2015,19,041,16,16,16,0.0066500416,3,3
2015,19,043,,,,,,
2015,19,045,159,159,159,0.0223251896,1,1
2015,19,047,,,,,,
2015,19,049,90,89,91,0.0053888989,1,1
2015,19,051,,,,,,
2015,19,053,,,,,,
2015,19,055,20,19,21,0.0087298123,3,3
2015,19,057,129,129,129,0.0249613003,1,1
2015,19,059,53,53,53,0.0235870049,1,1
2015,19,061,221,221,221,0.0150483454,1,1
2015,19,063,,,,,,
2015,19,065,42,40,44,0.0115416323,2,2
2015,19,067,28,28,28,0.0177890724,3,3
2015,19,069,21,21,21,0.0167064439,3,3
2015,19,071,,,,,,
2015,19,073,11,11,11,0.0079767948,3,3
2015,19,075,,,,,,
2015,19,077,,,,,,
2015,19,079,54,54,54,0.0235089247,1,1
2015,19,081,,,,,,
2015,19,083,20,19,21,0.0088691796,3,3
2015,19,085,11,8,14,0.0038596491,3,3
2015,19,087,12,11,13,0.0039787798,3,3
2015,19,089,14,14,14,0.0111199365,3,3
2015,19,091,10,10,10,0.0079051383,3,3
2015,19,093,,,,,,
2015,19,095,18,17,19,0.0077386071,3,3
2015,19,097,17,16,18,0.0080952381,3,3
2015,19,099,16,15,17,0.0031917016,3,3
2015,19,101,,,,,,
2015,19,103,522,522,522,0.0294018249,1,1
2015,19,105,37,37,37,0.0198604402,1,1
2015,19,107,,,,,,
2015,19,109,,,,,,
2015,19,111,,,,,,
2015,19,113,908,907,909,0.0256092058,1,1
2015,19,115,50,48,52,0.0212765957,2,2
2015,19,117,13,13,13,0.0095238095,3,3
2015,19,119,,,,,,
2015,19,121,69,68,70,0.0202405397,1,1
2015,19,123,45,45,45,0.0179068842,1,1
2015,19,125,26,24,28,0.004680468,3,3
2015,19,127,47,47,47,0.0066553384,1,1
2015,19,129,,,,,,
2015,19,131,,,,,,
2015,19,133,,,,,,
2015,19,135,,,,,,
2015,19,137,,,,,,
2015,19,139,57,57,57,0.0074695322,1,1
2015,19,141,,,,,,
2015,19,143,,,,,,
2015,19,145,15,14,16,0.006705409,3,3
2015,19,147,,,,,,
2015,19,149,12,11,13,0.0075805433,3,3
2015,19,151,,,,,,
2015,19,153,1496,1496,1496,0.0198476928,1,1
2015,19,155,378,378,378,0.0274689339,1,1
2015,19,157,,,,,,
2015,19,159,,,,,,
2015,19,161,14,14,14,0.0104011887,3,3
2015,19,163,422,422,422,0.0145975302,1,1
2015,19,165,,,,,,
2015,19,167,35,34,36,0.00680669,2,2
2015,19,169,207,207,207,0.0227622608,1,1
2015,19,171,49,48,50,0.0233667144,1,1
2015,19,173,,,,,,
2015,19,175,10,10,10,0.0066666667,3,3
2015,19,177,,,,,,
2015,19,179,91,91,91,0.0156572608,1,1
2015,19,181,37,36,38,0.0038951469,2,2
2015,19,183,136,135,137,0.0365591398,1,1
2015,19,185,,,,,,
2015,19,187,39,39,39,0.0097184152,1,1
2015,19,189,,,,,,
2015,19,191,10,10,10,0.00683527,3,3
2015,19,193,452,450,454,0.0243259243,1,1
2015,19,195,,,,,,
2015,19,197,18,17,19,0.0065383218,3,3
2015,20,001,,,,,,
2015,20,003,33,32,34,0.0265914585,2,2
2015,20,005,,,,,,
2015,20,007,,,,,,
2015,20,009,31,30,32,0.0070711679,2,2
2015,20,011,62,61,63,0.0262489416,1,1
2015,20,013,,,,,,
2015,20,015,106,105,107,0.006293042,1,1
2015,20,017,,,,,,
2015,20,019,,,,,,
2015,20,021,65,65,65,0.0178424376,1,1
2015,20,023,,,,,,
2015,20,025,,,,,,
2015,20,027,,,,,,
2015,20,029,,,,,,
2015,20,031,25,25,25,0.0192604006,3,3
2015,20,033,,,,,,
2015,20,035,109,109,109,0.0195165622,1,1
2015,20,037,164,163,165,0.0316541208,1,1
2015,20,039,,,,,,
2015,20,041,29,27,31,0.0088226346,3,3
2015,20,043,,,,,,
2015,20,045,321,321,321,0.0210505607,1,1
2015,20,047,37,37,37,0.1054131054,1,1
2015,20,049,,,,,,
2015,20,051,28,28,28,0.0090177134,3,3
2015,20,053,,,,,,
2015,20,055,320,319,321,0.0358021929,1,1
2015,20,057,36,36,36,0.005034965,1,1
2015,20,059,379,379,379,0.097079918,1,1
2015,20,061,311,311,311,0.0387877276,1,1
2015,20,063,,,,,,
2015,20,065,,,,,,
2015,20,067,,,,,,
2015,20,069,,,,,,
2015,20,071,,,,,,
2015,20,073,,,,,,
2015,20,075,,,,,,
2015,20,077,,,,,,
2015,20,079,48,47,49,0.0080835298,1,1
2015,20,081,57,57,57,0.1192468619,1,1
2015,20,083,,,,,,
2015,20,085,14,14,14,0.0070707071,3,3
2015,20,087,23,21,25,0.0090373281,3,3
2015,20,089,,,,,,
2015,20,091,1095,1095,1095,0.0113766234,1,1
2015,20,093,,,,,,
2015,20,095,,,,,,
2015,20,097,,,,,,
2015,20,099,29,28,30,0.0073195356,3,3
2015,20,101,,,,,,
2015,20,103,226,224,228,0.0196231658,1,1
2015,20,105,,,,,,
2015,20,107,87,87,87,0.0581162325,1,1
2015,20,109,,,,,,
2015,20,111,51,51,51,0.0099862933,1,1
2015,20,113,53,51,55,0.0120372473,2,2
2015,20,115,,,,,,
2015,20,117,,,,,,
2015,20,119,15,15,15,0.0366748166,3,3
2015,20,121,176,176,176,0.0352140856,1,1
2015,20,123,,,,,,
2015,20,125,33,31,35,0.0058991777,3,3
2015,20,127,,,,,,
2015,20,129,56,56,56,0.0508166969,1,1
2015,20,131,,,,,,
2015,20,133,24,24,24,0.0099173554,3,3
2015,20,135,,,,,,
2015,20,137,,,,,,
2015,20,139,40,39,41,0.023364486,2,2
2015,20,141,,,,,,
2015,20,143,,,,,,
2015,20,145,72,72,72,0.0662373505,1,1
2015,20,147,,,,,,
2015,20,149,48,48,48,0.0258342304,1,1
2015,20,151,21,21,21,0.0161166539,3,3
2015,20,153,,,,,,
2015,20,155,176,176,176,0.0200867382,1,1
2015,20,157,,,,,,
2015,20,159,25,24,26,0.018115942,3,3
2015,20,161,307,307,307,0.042239956,1,1
2015,20,163,,,,,,
2015,20,165,92,92,92,0.3755102041,1,1
2015,20,167,,,,,,
2015,20,169,155,154,156,0.0197880761,1,1
2015,20,171,,,,,,
2015,20,173,2979,2979,2979,0.0354735764,1,1
2015,20,175,148,148,148,0.0293069307,1,1
2015,20,177,673,672,674,0.0241486957,1,1
2015,20,179,,,,,,
2015,20,181,,,,,,
2015,20,183,,,,,,
2015,20,185,,,,,,
2015,20,187,,,,,,
2015,20,189,50,50,50,0.0375093773,1,1
2015,20,191,52,52,52,0.0228370663,1,1
2015,20,193,,,,,,
2015,20,195,,,,,,
2015,20,197,,,,,,
2015,20,199,,,,,,
2015,20,201,,,,,,
2015,20,203,33,33,33,0.0781990521,1,1
2015,20,205,20,20,20,0.0210084034,3,3
2015,20,207,,,,,,
2015,20,209,1112,1111,1113,0.035644453,1,1
2015,21,001,101,101,101,0.0375604314,1,1
2015,21,003,22,22,22,0.0071637903,3,3
2015,21,005,22,22,22,0.0057727631,3,3
2015,21,007,27,27,27,0.0196936543,3,3
2015,21,009,688,688,688,0.083963876,1,1
2015,21,011,38,38,38,0.0177985948,1,1
2015,21,013,490,490,490,0.1011143211,1,1
2015,21,015,422,422,422,0.0190304397,1,1
2015,21,017,334,334,334,0.0918086861,1,1
2015,21,019,721,721,721,0.0975114958,1,1
2015,21,021,147,147,147,0.0313232474,1,1
2015,21,023,62,62,62,0.0392902408,1,1
2015,21,025,270,270,270,0.1127348643,1,1
2015,21,027,109,109,109,0.0333537332,1,1
2015,21,029,389,389,389,0.0290710709,1,1
2015,21,031,43,43,43,0.0194043321,1,1
2015,21,033,38,38,38,0.0184466019,1,1
2015,21,035,20,20,20,0.0040469446,3,3
2015,21,037,534,533,535,0.0450442851,1,1
2015,21,039,102,102,102,0.1287878788,1,1
2015,21,041,,,,,,
2015,21,043,818,818,818,0.1751981152,1,1
2015,21,045,49,49,49,0.0209491236,1,1
2015,21,047,477,477,477,0.0530589544,1,1
2015,21,049,106,106,106,0.0191059841,1,1
2015,21,051,285,285,285,0.084519573,1,1
2015,21,053,20,20,20,0.0112803158,3,3
2015,21,055,251,251,251,0.1768851304,1,1
2015,21,057,93,93,93,0.0998925886,1,1
2015,21,059,415,415,415,0.0244635699,1,1
2015,21,061,30,30,30,0.0153139357,1,1
2015,21,063,139,139,139,0.1306390977,1,1
2015,21,065,123,123,123,0.0488482923,1,1
2015,21,067,1027,1027,1027,0.0251487622,1,1
2015,21,069,17,17,17,0.0073055436,3,3
2015,21,071,145,145,145,0.0239590218,1,1
2015,21,073,438,438,438,0.0611561016,1,1
2015,21,075,81,81,81,0.0837642192,1,1
2015,21,077,59,59,59,0.0340843443,1,1
2015,21,079,12,12,12,0.004442799,3,3
2015,21,081,121,121,121,0.0248510988,1,1
2015,21,083,654,654,654,0.1022354229,1,1
2015,21,085,76,76,76,0.0171906808,1,1
2015,21,087,,,,,,
2015,21,089,293,293,293,0.04688,1,1
2015,21,091,17,17,17,0.0100413467,3,3
2015,21,093,170,169,171,0.0098186439,1,1
2015,21,095,1147,1147,1147,0.2318108327,1,1
2015,21,097,339,339,339,0.1129623459,1,1
2015,21,099,46,46,46,0.0193521245,1,1
2015,21,101,358,358,358,0.047185976,1,1
2015,21,103,122,122,122,0.0409395973,1,1
2015,21,105,11,11,11,0.0133819951,3,3
2015,21,107,51,50,52,0.0065806452,1,1
2015,21,109,178,178,178,0.0761660248,1,1
2015,21,111,6025,6025,6025,0.0597854669,1,1
2015,21,113,130,130,130,0.0158536585,1,1
2015,21,115,63,63,63,0.0137795276,1,1
2015,21,117,1397,1397,1397,0.0600834373,1,1
2015,21,119,460,460,460,0.1905550953,1,1
2015,21,121,191,191,191,0.0353834754,1,1
2015,21,123,61,61,61,0.0255979857,1,1
2015,21,125,106,106,106,0.0113538989,1,1
2015,21,127,699,699,699,0.2649734647,1,1
2015,21,129,179,179,179,0.183967112,1,1
2015,21,131,180,180,180,0.0989010989,1,1
2015,21,133,376,375,377,0.1025361331,1,1
2015,21,135,309,309,309,0.135348226,1,1
2015,21,137,34,34,34,0.0086206897,1,1
2015,21,139,76,76,76,0.0604133545,1,1
2015,21,141,306,306,306,0.06640625,1,1
2015,21,143,32,32,32,0.0349344978,1,1
2015,21,145,214,214,214,0.0209250024,1,1
2015,21,147,12,12,12,0.0040567951,3,3
2015,21,149,,,,,,
2015,21,151,165,165,165,0.012716763,1,1
2015,21,153,227,227,227,0.1039377289,1,1
2015,21,155,31,31,31,0.0095238095,1,1
2015,21,157,218,218,218,0.0444716442,1,1
2015,21,159,12,12,12,0.0057361377,3,3
2015,21,161,,,,,,
2015,21,163,51,51,51,0.0102368527,1,1
2015,21,165,13,13,13,0.0128585559,3,3
2015,21,167,46,46,46,0.0135095448,1,1
2015,21,169,,,,,,
2015,21,171,117,117,117,0.0631408527,1,1
2015,21,173,380,380,380,0.0777096115,1,1
2015,21,175,59,59,59,0.0290640394,1,1
2015,21,177,37,37,37,0.0073661159,1,1
2015,21,179,70,70,70,0.0092899801,1,1
2015,21,181,84,84,84,0.0709459459,1,1
2015,21,183,82,82,82,0.0188592456,1,1
2015,21,185,12,12,12,0.0009760859,3,3
2015,21,187,22,22,22,0.0111055023,3,3
2015,21,189,,,,,,
2015,21,191,32,32,32,0.0129607128,1,1
2015,21,193,764,764,764,0.1465848043,1,1
2015,21,195,581,581,581,0.0563913423,1,1
2015,21,197,27,27,27,0.0110204082,3,3
2015,21,199,118,118,118,0.0111816545,1,1
2015,21,201,51,51,51,0.1367292225,1,1
2015,21,203,320,320,320,0.1119272473,1,1
2015,21,205,581,581,581,0.1784398034,1,1
2015,21,207,250,250,250,0.0829462508,1,1
2015,21,209,529,529,529,0.0583305767,1,1
2015,21,211,21,21,21,0.0030004286,3,3
2015,21,213,39,39,39,0.01284162,1,1
2015,21,215,84,84,84,0.0283687943,1,1
2015,21,217,79,79,79,0.0206051122,1,1
2015,21,219,26,26,26,0.0123281176,3,3
2015,21,221,15,15,15,0.0073206442,3,3
2015,21,223,11,11,11,0.0078459344,3,3
2015,21,225,10,10,10,0.0044228218,3,3
2015,21,227,176,176,176,0.0091829281,1,1
2015,21,229,46,46,46,0.0265742345,1,1
2015,21,231,61,61,61,0.0179043146,1,1
2015,21,233,99,99,99,0.0427645788,1,1
2015,21,235,315,314,316,0.0372692854,1,1
2015,21,237,,,,,,
2015,21,239,48,48,48,0.0115412359,1,1
2015,22,001,194,194,194,0.0192823775,1,1
2015,22,003,24,24,24,0.0056430755,3,3
2015,22,005,91,91,91,0.0041554409,1,1
2015,22,007,359,359,359,0.0981142389,1,1
2015,22,009,36,36,36,0.006277245,1,1
2015,22,011,119,119,119,0.0199363377,1,1
2015,22,013,12,12,12,0.0053215078,3,3
2015,22,015,641,641,641,0.0290887638,1,1
2015,22,017,2099,2099,2099,0.0511626773,1,1
2015,22,019,1354,1353,1355,0.0397242189,1,1
2015,22,021,33,33,33,0.0214983713,1,1
2015,22,023,29,29,29,0.0220700152,3,3
2015,22,025,,,,,,
2015,22,027,42,42,42,0.0247787611,1,1
2015,22,029,169,169,169,0.049720506,1,1
2015,22,031,20,20,20,0.0039070131,3,3
2015,22,033,1234,1230,1238,0.0227587097,1,1
2015,22,035,10,10,10,0.0093632959,3,3
2015,22,037,37,37,37,0.0179176755,1,1
2015,22,039,24,24,24,0.0039748261,3,3
2015,22,041,,,,,,
2015,22,043,214,214,214,0.0685677667,1,1
2015,22,045,125,125,125,0.0091240876,1,1
2015,22,047,220,220,220,0.0452581773,1,1
2015,22,049,18,18,18,0.0081190798,3,3
2015,22,051,713,712,714,0.0145840578,1,1
2015,22,053,199,199,199,0.0339938504,1,1
2015,22,055,936,935,937,0.0305552835,1,1
2015,22,057,543,543,543,0.0368910931,1,1
2015,22,059,591,591,591,0.2234404537,1,1
2015,22,061,45,45,45,0.007883672,1,1
2015,22,063,57,57,57,0.0022163465,1,1
2015,22,065,68,68,68,0.0381379697,1,1
2015,22,067,225,225,225,0.0534188034,1,1
2015,22,069,216,216,216,0.0335195531,1,1
2015,22,071,2965,2965,2965,0.063991885,1,1
2015,22,073,1043,1043,1043,0.0372846214,1,1
2015,22,075,147,147,147,0.0364583333,1,1
2015,22,077,57,57,57,0.019493844,1,1
2015,22,079,666,666,666,0.0279596977,1,1
2015,22,081,102,102,102,0.0700549451,1,1
2015,22,083,22,22,22,0.0071174377,3,3
2015,22,085,70,70,70,0.0159416989,1,1
2015,22,087,124,124,124,0.0164893617,1,1
2015,22,089,40,40,40,0.0042131873,1,1
2015,22,091,35,35,35,0.0303819444,1,1
2015,22,093,14,14,14,0.0036997886,3,3
2015,22,095,194,194,194,0.0323441147,1,1
2015,22,097,201,201,201,0.0137511117,1,1
2015,22,099,243,243,243,0.0290253225,1,1
2015,22,101,199,199,199,0.0209694415,1,1
2015,22,103,1273,1273,1273,0.0334392813,1,1
2015,22,105,255,255,255,0.0130128598,1,1
2015,22,107,21,21,21,0.0347682119,3,3
2015,22,109,1126,1126,1126,0.0618036116,1,1
2015,22,111,85,85,85,0.0277868585,1,1
2015,22,113,96,96,96,0.0099440646,1,1
2015,22,115,,,,,,
2015,22,117,242,242,242,0.0350826326,1,1
2015,22,119,122,122,122,0.0192125984,1,1
2015,22,121,100,100,100,0.0260960334,1,1
2015,22,123,10,10,10,0.0047619048,3,3
2015,22,125,43,43,43,0.0203117619,1,1
2015,22,127,47,47,47,0.0194939859,1,1
2015,23,001,374,374,374,0.0220401909,1,1
2015,23,003,25,23,27,0.00411049,3,3
2015,23,005,585,584,586,0.0180466436,1,1
2015,23,007,23,23,23,0.0079778009,3,3
2015,23,009,69,68,70,0.0188937568,1,1
2015,23,011,197,196,198,0.0155842101,1,1
2015,23,013,42,41,43,0.0082856579,1,1
2015,23,015,19,14,24,0.0102205487,3,3
2015,23,017,135,133,137,0.0177514793,1,1
2015,23,019,202,201,203,0.0122453928,1,1
2015,23,021,,,,,,
2015,23,023,99,99,99,0.0231146393,1,1
2015,23,025,70,70,70,0.0096899225,1,1
2015,23,027,38,37,39,0.0105849582,2,2
2015,23,029,,,,,,
2015,23,031,296,295,297,0.0110786736,1,1
2015,24,001,145,145,145,0.0164548343,1,1
2015,24,003,1122,1122,1122,0.0139514063,1,1
2015,24,005,2984,2984,2984,0.0268495024,1,1
2015,24,009,167,167,167,0.0104264219,1,1
2015,24,011,118,118,118,0.0210639057,1,1
2015,24,013,165,165,165,0.0064576729,1,1
2015,24,015,891,891,891,0.0561826092,1,1
2015,24,017,442,442,442,0.0168016117,1,1
2015,24,019,161,161,161,0.0339734121,1,1
2015,24,021,812,812,812,0.0199729431,1,1
2015,24,023,59,59,59,0.0153008299,1,1
2015,24,025,385,385,385,0.0102809229,1,1
2015,24,027,510,510,510,0.0092946966,1,1
2015,24,029,116,116,116,0.0571710202,1,1
2015,24,031,1227,1227,1227,0.0078462719,1,1
2015,24,033,2954,2954,2954,0.0227626489,1,1
2015,24,035,62,62,62,0.0080342102,1,1
2015,24,037,298,298,298,0.0166099994,1,1
2015,24,039,138,138,138,0.0474552957,1,1
2015,24,041,193,193,193,0.0417297297,1,1
2015,24,043,724,724,724,0.0324620006,1,1
2015,24,045,778,778,778,0.0526031102,1,1
2015,24,047,231,231,231,0.0346846847,1,1
2015,24,510,1992,1992,1992,0.0236942584,1,1
2015,25,001,341,341,341,0.0152873666,1,1
2015,25,003,176,175,177,0.0123361604,1,1
2015,25,005,1670,1664,1676,0.0211569159,1,1
2015,25,007,,,,,,
2015,25,009,2310,2305,2315,0.0221703953,1,1
2015,25,011,236,232,240,0.0320782928,1,1
2015,25,013,2692,2692,2692,0.0380285073,1,1
2015,25,015,150,148,152,0.0103741614,1,1
2015,25,017,2641,2635,2647,0.0132673566,1,1
2015,25,019,,,,,,
2015,25,021,708,705,711,0.0079532689,1,1
2015,25,023,991,987,995,0.0119584892,1,1
2015,25,025,4361,4359,4363,0.0542878839,1,1
2015,25,027,4614,4607,4621,0.0394746974,1,1
2015,26,001,37,37,37,0.0505464481,1,1
2015,26,003,51,51,51,0.0485714286,1,1
2015,26,005,714,713,715,0.0398815841,1,1
2015,26,007,179,179,179,0.0426901979,1,1
2015,26,009,190,190,190,0.0569032645,1,1
2015,26,011,138,138,138,0.064727955,1,1
2015,26,013,21,21,21,0.0193014706,3,3
2015,26,015,436,435,437,0.0480123334,1,1
2015,26,017,419,419,419,0.027860895,1,1
2015,26,019,139,139,139,0.0701311806,1,1
2015,26,021,1192,1192,1192,0.0454961832,1,1
2015,26,023,604,604,604,0.0855524079,1,1
2015,26,025,947,947,947,0.0445290826,1,1
2015,26,027,394,394,394,0.056503657,1,1
2015,26,029,179,178,180,0.0460983775,1,1
2015,26,031,140,140,140,0.0451321728,1,1
2015,26,033,191,190,192,0.0387974812,1,1
2015,26,035,128,128,128,0.0303893637,1,1
2015,26,037,250,249,251,0.0240847784,1,1
2015,26,039,38,38,38,0.023989899,1,1
2015,26,041,158,156,160,0.0308835027,1,1
2015,26,043,114,114,114,0.0309026837,1,1
2015,26,045,710,708,712,0.0391443379,1,1
2015,26,047,145,145,145,0.0311359244,1,1
2015,26,049,1959,1959,1959,0.0282349889,1,1
2015,26,051,105,105,105,0.0368550369,1,1
2015,26,053,80,80,80,0.0492307692,1,1
2015,26,055,585,584,586,0.043892557,1,1
2015,26,057,418,417,419,0.0635258359,1,1
2015,26,059,488,487,489,0.0765970805,1,1
2015,26,061,76,76,76,0.0134038801,1,1
2015,26,063,124,120,128,0.0245885386,2,2
2015,26,065,1332,1331,1333,0.031118587,1,1
2015,26,067,391,389,393,0.0460921844,1,1
2015,26,069,398,397,399,0.0992023928,1,1
2015,26,071,48,48,48,0.0373540856,1,1
2015,26,073,345,345,345,0.0524794646,1,1
2015,26,075,972,972,972,0.0400131731,1,1
2015,26,077,1496,1495,1497,0.0413522404,1,1
2015,26,079,217,217,217,0.1044776119,1,1
2015,26,081,2341,2338,2344,0.0221519886,1,1
2015,26,083,,,,,,
2015,26,085,143,142,144,0.2395309883,1,1
2015,26,087,405,404,406,0.0324675325,1,1
2015,26,089,186,186,186,0.094224924,1,1
2015,26,091,522,521,523,0.0331871066,1,1
2015,26,093,455,453,457,0.0168182154,1,1
2015,26,095,38,38,38,0.052704577,1,1
2015,26,097,77,77,77,0.0627546862,1,1
2015,26,099,1711,1707,1715,0.013401424,1,1
2015,26,101,218,217,219,0.0414212426,1,1
2015,26,103,180,179,181,0.0215388297,1,1
2015,26,105,293,293,293,0.0673563218,1,1
2015,26,107,243,243,243,0.0382255781,1,1
2015,26,109,187,187,187,0.0567526555,1,1
2015,26,111,328,327,329,0.0234688037,1,1
2015,26,113,100,100,100,0.0464900046,1,1
2015,26,115,875,875,875,0.036285975,1,1
2015,26,117,421,421,421,0.0446874005,1,1
2015,26,119,30,30,30,0.0409276944,1,1
2015,26,121,1146,1145,1147,0.039172791,1,1
2015,26,123,843,842,844,0.1050074738,1,1
2015,26,125,2241,2238,2244,0.012244162,1,1
2015,26,127,327,327,327,0.0993920973,1,1
2015,26,129,84,84,84,0.0392890552,1,1
2015,26,131,38,37,39,0.0607028754,2,2
2015,26,133,283,283,283,0.0715730905,1,1
2015,26,135,78,78,78,0.0953545232,1,1
2015,26,137,108,108,108,0.0279141897,1,1
2015,26,139,1021,1021,1021,0.0226200235,1,1
2015,26,141,60,60,60,0.0420462509,1,1
2015,26,143,83,83,83,0.035229202,1,1
2015,26,145,725,724,726,0.0255840215,1,1
2015,26,147,803,802,804,0.0278220498,1,1
2015,26,149,629,628,630,0.0577753284,1,1
2015,26,151,289,289,289,0.0430957352,1,1
2015,26,153,25,25,25,0.0305250305,3,3
2015,26,155,592,592,592,0.0491694352,1,1
2015,26,157,502,502,502,0.0622442653,1,1
2015,26,159,799,799,799,0.0511229125,1,1
2015,26,161,1203,1200,1206,0.0271588215,1,1
2015,26,163,4290,4273,4307,0.0159912328,1,1
2015,26,165,246,245,247,0.0443562928,1,1
2015,27,001,16,15,17,0.0095808383,3,3
2015,27,003,1724,1722,1726,0.0273889904,1,1
2015,27,005,180,179,181,0.0381436745,1,1
2015,27,007,471,467,475,0.0576428834,1,1
2015,27,009,82,82,82,0.0129317142,1,1
2015,27,011,,,,,,
2015,27,013,322,321,323,0.0294467307,1,1
2015,27,015,40,38,42,0.0142298115,3,3
2015,27,017,105,103,107,0.0160378799,1,1
2015,27,019,56,53,59,0.0033187152,3,3
2015,27,021,121,120,122,0.0282314512,1,1
2015,27,023,18,18,18,0.0089374379,3,3
2015,27,025,53,52,54,0.0079903513,1,1
2015,27,027,200,198,202,0.0196463654,1,1
2015,27,029,,,,,,
2015,27,031,,,,,,
2015,27,033,,,,,,
2015,27,035,104,100,108,0.0108063175,2,2
2015,27,037,729,727,731,0.0099182324,1,1
2015,27,039,29,29,29,0.0072645291,3,3
2015,27,041,41,41,41,0.0077096653,1,1
2015,27,043,,,,,,
2015,27,045,,,,,,
2015,27,047,10,8,12,0.0024125452,3,3
2015,27,049,40,37,43,0.005904059,3,3
2015,27,051,,,,,,
2015,27,053,5041,5019,5063,0.0309586686,1,1
2015,27,055,50,48,52,0.0118990957,2,2
2015,27,057,,,,,,
2015,27,059,142,141,143,0.0235762909,1,1
2015,27,061,61,60,62,0.0099025974,1,1
2015,27,063,,,,,,
2015,27,065,73,73,73,0.0338904364,1,1
2015,27,067,101,100,102,0.0176727909,1,1
2015,27,069,,,,,,
2015,27,071,,,,,,
2015,27,073,,,,,,
2015,27,075,32,32,32,0.0227758007,1,1
2015,27,077,,,,,,
2015,27,079,73,71,75,0.0169925512,2,2
2015,27,081,,,,,,
2015,27,083,64,61,67,0.0140135757,2,2
2015,27,085,28,26,30,0.0054666146,3,3
2015,27,087,75,73,77,0.0567322239,2,2
2015,27,089,20,18,22,0.0150943396,3,3
2015,27,091,54,52,56,0.0194244604,2,2
2015,27,093,16,15,17,0.0046948357,3,3
2015,27,095,93,92,94,0.015153984,1,1
2015,27,097,25,21,29,0.0046825248,3,3
2015,27,099,58,56,60,0.0104222821,2,2
2015,27,101,,,,,,
2015,27,103,32,30,34,0.0125984252,3,3
2015,27,105,15,12,18,0.0035945363,3,3
2015,27,107,,,,,,
2015,27,109,579,578,580,0.0245713801,1,1
2015,27,111,40,34,46,0.0050454087,3,3
2015,27,113,,,,,,
2015,27,115,83,82,84,0.0219460603,1,1
2015,27,117,11,10,12,0.0071013557,3,3
2015,27,119,92,89,95,0.0194832698,2,2
2015,27,121,,,,,,
2015,27,123,2880,2867,2893,0.0332084174,1,1
2015,27,125,,,,,,
2015,27,127,34,32,36,0.0140495868,3,3
2015,27,129,44,42,46,0.0246360582,2,2
2015,27,131,289,287,291,0.0341567191,1,1
2015,27,133,,,,,,
2015,27,135,13,10,16,0.0045391061,3,3
2015,27,137,551,545,557,0.0230775674,1,1
2015,27,139,150,148,152,0.0061503137,1,1
2015,27,141,115,114,116,0.0057786041,1,1
2015,27,143,21,17,25,0.0089858793,3,3
2015,27,145,449,446,452,0.0183850626,1,1
2015,27,147,187,185,189,0.028346218,1,1
2015,27,149,,,,,,
2015,27,151,,,,,,
2015,27,153,79,78,80,0.0354896676,1,1
2015,27,155,,,,,,
2015,27,157,31,30,32,0.0068904201,2,2
2015,27,159,36,36,36,0.0119126406,1,1
2015,27,161,32,31,33,0.0089186176,2,2
2015,27,163,225,222,228,0.0060255483,1,1
2015,27,165,19,17,21,0.0107405314,3,3
2015,27,167,,,,,,
2015,27,169,49,46,52,0.0092575099,3,3
2015,27,171,152,145,159,0.0055339134,2,2
2015,27,173,,,,,,
2015,28,001,25,25,25,0.0070204999,3,3
2015,28,003,339,339,339,0.0565565566,1,1
2015,28,005,,,,,,
2015,28,007,,,,,,
2015,28,009,,,,,,
2015,28,011,85,85,85,0.0232749179,1,1
2015,28,013,42,42,42,0.0164641317,1,1
2015,28,015,,,,,,
2015,28,017,,,,,,
2015,28,019,,,,,,
2015,28,021,,,,,,
2015,28,023,,,,,,
2015,28,025,11,11,11,0.0033639144,3,3
2015,28,027,46,46,46,0.0163584637,1,1
2015,28,029,30,30,30,0.0071394574,1,1
2015,28,031,28,28,28,0.0095400341,3,3
2015,28,033,,,,,,
2015,28,035,200,200,200,0.0174703005,1,1
2015,28,037,,,,,,
2015,28,039,62,62,62,0.0150961773,1,1
2015,28,041,,,,,,
2015,28,043,,,,,,
2015,28,045,,,,,,
2015,28,047,1839,1839,1839,0.0570763501,1,1
2015,28,049,4253,4253,4253,0.1242114486,1,1
2015,28,051,,,,,,
2015,28,053,15,15,15,0.0086855819,3,3
2015,28,055,,,,,,
2015,28,057,73,73,73,0.0205981941,1,1
2015,28,059,145,144,146,0.0065115861,1,1
2015,28,061,,,,,,
2015,28,063,,,,,,
2015,28,065,18,18,18,0.0122365738,3,3
2015,28,067,24,24,24,0.0020309723,3,3
2015,28,069,,,,,,
2015,28,071,214,214,214,0.0306107853,1,1
2015,28,073,181,181,181,0.0171061336,1,1
2015,28,075,192,192,192,0.0155088853,1,1
2015,28,077,,,,,,
2015,28,079,91,91,91,0.0312285518,1,1
2015,28,081,204,203,205,0.0219260533,1,1
2015,28,083,167,167,167,0.031803466,1,1
2015,28,085,,,,,,
2015,28,087,172,172,172,0.0184272552,1,1
2015,28,089,,,,,,
2015,28,091,46,46,46,0.0119822871,1,1
2015,28,093,163,163,163,0.0347547974,1,1
2015,28,095,66,66,66,0.0156956005,1,1
2015,28,097,,,,,,
2015,28,099,,,,,,
2015,28,101,,,,,,
2015,28,103,72,72,72,0.0421299005,1,1
2015,28,105,459,459,459,0.0890916149,1,1
2015,28,107,,,,,,
2015,28,109,65,65,65,0.0075371058,1,1
2015,28,111,,,,,,
2015,28,113,62,61,63,0.0140877073,1,1
2015,28,115,39,39,39,0.0108393552,1,1
2015,28,117,209,209,209,0.0895842263,1,1
2015,28,119,,,,,,
2015,28,121,39,39,39,0.0016629003,1,1
2015,28,123,,,,,,
2015,28,125,,,,,,
2015,28,127,368,368,368,0.0986330742,1,1
2015,28,129,,,,,,
2015,28,131,21,21,21,0.007963595,3,3
2015,28,133,39,39,39,0.0096606391,1,1
2015,28,135,82,82,82,0.101863354,1,1
2015,28,137,18,18,18,0.0064285714,3,3
2015,28,139,,,,,,
2015,28,141,18,18,18,0.0057034221,3,3
2015,28,143,,,,,,
2015,28,145,18,18,18,0.0036057692,3,3
2015,28,147,,,,,,
2015,28,149,174,174,174,0.0209009009,1,1
2015,28,151,73,73,73,0.0100247185,1,1
2015,28,153,,,,,,
2015,28,155,,,,,,
2015,28,157,,,,,,
2015,28,159,,,,,,
2015,28,161,,,,,,
2015,28,163,60,60,60,0.0372208437,1,1
2015,29,001,,,,,,
2015,29,003,,,,,,
2015,29,005,,,,,,
2015,29,007,189,189,189,0.0790133779,1,1
2015,29,009,325,325,325,0.0519418252,1,1
2015,29,011,27,27,27,0.0159574468,3,3
2015,29,013,,,,,,
2015,29,015,93,93,93,0.0462916874,1,1
2015,29,017,27,27,27,0.0187760779,3,3
2015,29,019,285,285,285,0.0139808683,1,1
2015,29,021,475,475,475,0.0381710061,1,1
2015,29,023,77,77,77,0.0110346804,1,1
2015,29,025,20,17,23,0.0167644593,3,3
2015,29,027,93,93,93,0.0242629794,1,1
2015,29,029,575,575,575,0.1126567398,1,1
2015,29,031,365,365,365,0.0385021097,1,1
2015,29,033,11,10,12,0.010587103,3,3
2015,29,035,94,94,94,0.0733801717,1,1
2015,29,037,471,470,472,0.0267416113,1,1
2015,29,039,38,38,38,0.0176662018,1,1
2015,29,041,,,,,,
2015,29,043,305,305,305,0.0202550139,1,1
2015,29,045,,,,,,
2015,29,047,758,758,758,0.0183535109,1,1
2015,29,049,116,116,116,0.0275142315,1,1
2015,29,051,157,156,158,0.0145883665,1,1
2015,29,053,23,22,24,0.0134424313,3,3
2015,29,055,91,90,92,0.0362405416,1,1
2015,29,057,,,,,,
2015,29,059,47,47,47,0.0278601067,1,1
2015,29,061,,,,,,
2015,29,063,44,43,45,0.0599455041,1,1
2015,29,065,47,47,47,0.0309210526,1,1
2015,29,067,,,,,,
2015,29,069,65,65,65,0.0132653061,1,1
2015,29,071,608,608,608,0.0382558359,1,1
2015,29,073,112,112,112,0.0377612947,1,1
2015,29,075,,,,,,
2015,29,077,1749,1748,1750,0.0464098074,1,1
2015,29,079,22,22,22,0.0161054173,3,3
2015,29,081,,,,,,
2015,29,083,80,78,82,0.0315208826,2,2
2015,29,085,,,,,,
2015,29,087,,,,,,
2015,29,089,45,44,46,0.0309065934,1,1
2015,29,091,190,189,191,0.0376834589,1,1
2015,29,093,,,,,,
2015,29,095,4833,4831,4835,0.0458495399,1,1
2015,29,097,594,593,595,0.0276497696,1,1
2015,29,099,948,948,948,0.0298357147,1,1
2015,29,101,401,400,402,0.0555786556,1,1
2015,29,103,,,,,,
2015,29,105,121,120,122,0.0224907063,1,1
2015,29,107,71,71,71,0.0232026144,1,1
2015,29,109,138,137,139,0.0261611374,1,1
2015,29,111,,,,,,
2015,29,113,156,156,156,0.0171240395,1,1
2015,29,115,11,10,12,0.0085870414,3,3
2015,29,117,,,,,,
2015,29,119,65,65,65,0.0167138082,1,1
2015,29,121,,,,,,
2015,29,123,12,12,12,0.006103764,3,3
2015,29,125,,,,,,
2015,29,127,133,133,133,0.0276564774,1,1
2015,29,129,,,,,,
2015,29,131,29,28,30,0.005953603,3,3
2015,29,133,,,,,,
2015,29,135,41,39,43,0.0183527305,3,3
2015,29,137,29,29,29,0.025528169,3,3
2015,29,139,46,46,46,0.0278619019,1,1
2015,29,141,102,102,102,0.0500490677,1,1
2015,29,143,19,19,19,0.0183752418,3,3
2015,29,145,647,647,647,0.0749276202,1,1
2015,29,147,,,,,,
2015,29,149,35,34,36,0.022264631,2,2
2015,29,151,16,16,16,0.0106880428,3,3
2015,29,153,16,13,19,0.0109514031,3,3
2015,29,155,,,,,,
2015,29,157,,,,,,
2015,29,159,828,828,828,0.1406966865,1,1
2015,29,161,104,103,105,0.0165341812,1,1
2015,29,163,,,,,,
2015,29,165,110,109,111,0.0067943175,1,1
2015,29,167,75,75,75,0.0167560322,1,1
2015,29,169,260,260,260,0.0351066703,1,1
2015,29,171,,,,,,
2015,29,173,11,11,11,0.0144546649,3,3
2015,29,175,26,25,27,0.0082278481,3,3
2015,29,177,,,,,,
2015,29,179,11,11,11,0.0217391304,3,3
2015,29,181,13,12,14,0.0079027356,3,3
2015,29,183,773,773,773,0.0131048045,1,1
2015,29,185,,,,,,
2015,29,186,,,,,,
2015,29,187,558,558,558,0.0517529215,1,1
2015,29,189,5138,5138,5138,0.0367553956,1,1
2015,29,195,361,359,363,0.107472462,1,1
2015,29,197,,,,,,
2015,29,199,,,,,,
2015,29,201,97,97,97,0.0160304082,1,1
2015,29,203,26,26,26,0.0209677419,3,3
2015,29,205,,,,,,
2015,29,207,13,13,13,0.0035645736,3,3
2015,29,209,131,131,131,0.0367770915,1,1
2015,29,211,31,31,31,0.0330843116,1,1
2015,29,213,610,610,610,0.08,1,1
2015,29,215,27,27,27,0.0149253731,3,3
2015,29,217,144,144,144,0.0579010856,1,1
2015,29,219,312,312,312,0.06430338,1,1
2015,29,221,72,72,72,0.0917197452,1,1
2015,29,223,,,,,,
2015,29,225,166,166,166,0.0281881474,1,1
2015,29,227,,,,,,
2015,29,229,38,36,40,0.0129737112,3,3
2015,29,510,5997,5994,6000,0.1594565131,1,1
2015,30,001,,,,,,
2015,30,003,,,,,,
2015,30,005,72,72,72,0.3185840708,1,1
2015,30,007,,,,,,
2015,30,009,,,,,,
2015,30,011,,,,,,
2015,30,013,187,187,187,0.0183189655,1,1
2015,30,015,,,,,,
2015,30,017,,,,,,
2015,30,019,,,,,,
2015,30,021,35,33,37,0.0260029718,3,3
2015,30,023,27,27,27,0.0251162791,3,3
2015,30,025,,,,,,
2015,30,027,,,,,,
2015,30,029,492,489,495,0.0423809114,1,1
2015,30,031,235,235,235,0.0237349763,1,1
2015,30,033,,,,,,
2015,30,035,148,148,148,0.0719844358,1,1
2015,30,037,,,,,,
2015,30,039,,,,,,
2015,30,041,,,,,,
2015,30,043,15,14,16,0.0266903915,3,3
2015,30,045,,,,,,
2015,30,047,67,67,67,0.0169534413,1,1
2015,30,049,165,164,166,0.0202354673,1,1
2015,30,051,,,,,,
2015,30,053,32,32,32,0.0209287116,1,1
2015,30,055,,,,,,
2015,30,057,,,,,,
2015,30,059,,,,,,
2015,30,061,33,33,33,0.0793269231,1,1
2015,30,063,503,500,506,0.0372675409,1,1
2015,30,065,38,38,38,0.0629139073,1,1
2015,30,067,92,92,92,0.0615384615,1,1
2015,30,069,,,,,,
2015,30,071,,,,,,
2015,30,073,,,,,,
2015,30,075,,,,,,
2015,30,077,,,,,,
2015,30,079,,,,,,
2015,30,081,27,26,28,0.0071846727,3,3
2015,30,083,103,101,105,0.0562534134,1,1
2015,30,085,,,,,,
2015,30,087,29,28,30,0.1078066914,3,3
2015,30,089,12,10,14,0.0258064516,3,3
2015,30,091,,,,,,
2015,30,093,104,104,104,0.0239907728,1,1
2015,30,095,,,,,,
2015,30,097,,,,,,
2015,30,099,,,,,,
2015,30,101,,,,,,
2015,30,103,,,,,,
2015,30,105,,,,,,
2015,30,107,,,,,,
2015,30,109,,,,,,
2015,30,111,583,580,586,0.0279790757,1,1
2015,31,001,156,156,156,0.0429397192,1,1
2015,31,003,,,,,,
2015,31,005,,,,,,
2015,31,007,,,,,,
2015,31,009,,,,,,
2015,31,011,,,,,,
2015,31,013,,,,,,
2015,31,015,,,,,,
2015,31,017,,,,,,
2015,31,019,53,52,54,0.0090598291,1,1
2015,31,021,,,,,,
2015,31,023,,,,,,
2015,31,025,,,,,,
2015,31,027,,,,,,
2015,31,029,10,10,10,0.0431034483,3,3
2015,31,031,,,,,,
2015,31,033,,,,,,
2015,31,035,,,,,,
2015,31,037,,,,,,
2015,31,039,,,,,,
2015,31,041,,,,,,
2015,31,043,34,34,34,0.0086734694,1,1
2015,31,045,,,,,,
2015,31,047,583,583,583,0.1482329011,1,1
2015,31,049,,,,,,
2015,31,051,,,,,,
2015,31,053,183,183,183,0.0371875635,1,1
2015,31,055,1033,1032,1034,0.0116942514,1,1
2015,31,057,,,,,,
2015,31,059,,,,,,
2015,31,061,,,,,,
2015,31,063,,,,,,
2015,31,065,,,,,,
2015,31,067,,,,,,
2015,31,069,,,,,,
2015,31,071,,,,,,
2015,31,073,,,,,,
2015,31,075,,,,,,
2015,31,077,,,,,,
2015,31,079,333,333,333,0.0343369767,1,1
2015,31,081,27,27,27,0.0212765957,3,3
2015,31,083,,,,,,
2015,31,085,,,,,,
2015,31,087,,,,,,
2015,31,089,,,,,,
2015,31,091,,,,,,
2015,31,093,,,,,,
2015,31,095,,,,,,
2015,31,097,,,,,,
2015,31,099,,,,,,
2015,31,101,,,,,,
2015,31,103,,,,,,
2015,31,105,,,,,,
2015,31,107,,,,,,
2015,31,109,452,452,452,0.0106641501,1,1
2015,31,111,74,74,74,0.0158085879,1,1
2015,31,113,,,,,,
2015,31,115,,,,,,
2015,31,117,,,,,,
2015,31,119,,,,,,
2015,31,121,12,12,12,0.0173160173,3,3
2015,31,123,,,,,,
2015,31,125,,,,,,
2015,31,127,,,,,,
2015,31,129,,,,,,
2015,31,131,19,19,19,0.0128378378,3,3
2015,31,133,,,,,,
2015,31,135,,,,,,
2015,31,137,,,,,,
2015,31,139,,,,,,
2015,31,141,22,22,22,0.0057321522,3,3
2015,31,143,,,,,,
2015,31,145,,,,,,
2015,31,147,,,,,,
2015,31,149,,,,,,
2015,31,151,119,119,119,0.0637386181,1,1
2015,31,153,138,138,138,0.0063900722,1,1
2015,31,155,,,,,,
2015,31,157,143,143,143,0.0265898103,1,1
2015,31,159,,,,,,
2015,31,161,,,,,,
2015,31,163,,,,,,
2015,31,165,,,,,,
2015,31,167,,,,,,
2015,31,169,,,,,,
2015,31,171,,,,,,
2015,31,173,10,10,10,0.0089365505,3,3
2015,31,175,,,,,,
2015,31,177,,,,,,
2015,31,179,,,,,,
2015,31,181,,,,,,
2015,31,183,,,,,,
2015,31,185,,,,,,
2015,32,001,127,127,127,0.038802322,1,1
2015,32,003,14598,14598,14598,0.0447805147,1,1
2015,32,005,170,170,170,0.0281410363,1,1
2015,32,007,51,51,51,0.0050251256,1,1
2015,32,009,,,,,,
2015,32,011,,,,,,
2015,32,013,87,87,87,0.0249498136,1,1
2015,32,015,10,10,10,0.00999001,3,3
2015,32,017,,,,,,
2015,32,019,534,534,534,0.0656907369,1,1
2015,32,021,51,51,51,0.100990099,1,1
2015,32,023,542,542,542,0.1068822717,1,1
2015,32,027,95,95,95,0.1463790447,1,1
2015,32,029,10,10,10,0.0243309002,3,3
2015,32,031,3394,3394,3394,0.0510345242,1,1
2015,32,033,49,49,49,0.0396119644,1,1
2015,32,510,972,972,972,0.0289449391,1,1
2015,33,001,207,206,208,0.0248023005,1,1
2015,33,003,164,163,165,0.0341169128,1,1
2015,33,005,200,197,203,0.0258799172,1,1
2015,33,007,60,58,62,0.0192246075,2,2
2015,33,009,146,139,153,0.0201240524,3,3
2015,33,011,1223,1219,1227,0.0231598084,1,1
2015,33,013,327,325,329,0.0146008216,1,1
2015,33,015,401,393,409,0.0106059404,1,1
2015,33,017,321,320,322,0.0210795902,1,1
2015,33,019,244,241,247,0.0445011855,1,1
2015,34,001,481,478,484,0.0113480866,1,1
2015,34,003,460,454,466,0.0059713893,1,1
2015,34,005,877,870,884,0.0132764128,1,1
2015,34,007,1232,1229,1235,0.0156834789,1,1
2015,34,009,194,190,198,0.0198040016,1,1
2015,34,011,1342,1338,1346,0.0463685993,1,1
2015,34,013,866,863,869,0.0087545491,1,1
2015,34,015,640,640,640,0.0142446972,1,1
2015,34,017,272,270,274,0.0036965562,1,1
2015,34,019,31,27,35,0.0025658004,3,3
2015,34,021,232,232,232,0.0042269431,1,1
2015,34,023,970,966,974,0.0079579296,1,1
2015,34,025,498,492,504,0.0063978211,1,1
2015,34,027,119,110,128,0.0023750125,3,3
2015,34,029,646,642,650,0.009711803,1,1
2015,34,031,458,452,464,0.0058020953,1,1
2015,34,033,328,326,330,0.0348380244,1,1
2015,34,035,92,90,94,0.0037842952,1,1
2015,34,037,64,58,70,0.0041707397,3,3
2015,34,039,378,375,381,0.0051617484,1,1
2015,34,041,164,156,172,0.0122920102,3,3
2015,35,001,2985,2980,2990,0.0315876358,1,1
2015,35,003,,,,,,
2015,35,005,191,190,192,0.0167573258,1,1
2015,35,006,,,,,,
2015,35,007,,,,,,
2015,35,009,125,125,125,0.0149129086,1,1
2015,35,011,39,39,39,0.1238095238,1,1
2015,35,013,835,835,835,0.0208603977,1,1
2015,35,015,489,489,489,0.0437701396,1,1
2015,35,017,60,60,60,0.0144857557,1,1
2015,35,019,,,,,,
2015,35,021,,,,,,
2015,35,023,75,75,75,0.1470588235,1,1
2015,35,025,172,171,173,0.0116570654,1,1
2015,35,027,35,35,35,0.0176856998,1,1
2015,35,028,,,,,,
2015,35,029,301,301,301,0.0546875,1,1
2015,35,031,575,575,575,0.0492041759,1,1
2015,35,033,,,,,,
2015,35,035,126,126,126,0.0216643741,1,1
2015,35,037,,,,,,
2015,35,039,,,,,,
2015,35,041,23,22,24,0.0074554295,3,3
2015,35,043,671,671,671,0.0320883745,1,1
2015,35,045,719,719,719,0.0297747225,1,1
2015,35,047,28,28,28,0.0088888889,3,3
2015,35,049,1244,1243,1245,0.0770803643,1,1
2015,35,051,166,166,166,0.1249059443,1,1
2015,35,053,96,96,96,0.0450492726,1,1
2015,35,055,32,32,32,0.0113194199,1,1
2015,35,057,259,259,259,0.0726507714,1,1
2015,35,059,,,,,,
2015,35,061,819,819,819,0.0654623931,1,1
2015,36,001,874,874,874,0.0224540129,1,1
2015,36,003,66,63,69,0.0111430019,2,2
2015,36,005,49464,49464,49464,0.2154533694,1,1
2015,36,007,651,651,651,0.0241048617,1,1
2015,36,009,178,175,181,0.0143525238,1,1
2015,36,011,159,158,160,0.0164800995,1,1
2015,36,013,240,238,242,0.0128914433,1,1
2015,36,015,75,74,76,0.0063884157,1,1
2015,36,017,186,186,186,0.0243169042,1,1
2015,36,019,223,223,223,0.0213806328,1,1
2015,36,021,184,183,185,0.025534277,1,1
2015,36,023,97,96,98,0.0151066812,1,1
2015,36,025,79,77,81,0.0226881103,2,2
2015,36,027,836,833,839,0.0216137956,1,1
2015,36,029,3272,3267,3277,0.0267121666,1,1
2015,36,031,29,26,32,0.0130571814,3,3
2015,36,033,103,101,105,0.0153251004,1,1
2015,36,035,120,119,121,0.0150394786,1,1
2015,36,037,126,123,129,0.015166105,1,1
2015,36,039,147,146,148,0.0325653522,1,1
2015,36,041,,,,,,
2015,36,043,33,30,36,0.0040892193,3,3
2015,36,045,182,180,184,0.0134605429,1,1
2015,36,047,36026,36026,36026,0.1187421102,1,1
2015,36,049,85,85,85,0.0201804368,1,1
2015,36,051,106,105,107,0.0134705808,1,1
2015,36,053,87,83,91,0.0090691129,2,2
2015,36,055,3573,3572,3574,0.0338393931,1,1
2015,36,057,206,206,206,0.0264781491,1,1
2015,36,059,4007,3998,4016,0.0207681144,1,1
2015,36,061,23236,23235,23237,0.1371867159,1,1
2015,36,063,351,350,352,0.0127224619,1,1
2015,36,065,251,249,253,0.0088727067,1,1
2015,36,067,3018,3017,3019,0.0427824164,1,1
2015,36,069,318,317,319,0.0195511835,1,1
2015,36,071,1885,1884,1886,0.0316524776,1,1
2015,36,073,103,102,104,0.0169268694,1,1
2015,36,075,1101,1101,1101,0.0555023441,1,1
2015,36,077,87,84,90,0.0128451203,2,2
2015,36,079,102,102,102,0.0075825156,1,1
2015,36,081,21018,21017,21019,0.0727087809,1,1
2015,36,083,696,695,697,0.0353676508,1,1
2015,36,085,3474,3474,3474,0.0550188464,1,1
2015,36,087,763,763,763,0.0189980579,1,1
2015,36,089,649,649,649,0.0421346491,1,1
2015,36,091,683,681,685,0.0223188027,1,1
2015,36,093,189,189,189,0.0078478595,1,1
2015,36,095,22,21,23,0.0063400576,3,3
2015,36,097,33,33,33,0.0176376269,1,1
2015,36,099,114,114,114,0.028099581,1,1
2015,36,101,246,245,247,0.0178351338,1,1
2015,36,103,5636,5631,5641,0.0234648548,1,1
2015,36,105,374,372,376,0.0417364133,1,1
2015,36,107,80,80,80,0.0120012001,1,1
2015,36,109,144,143,145,0.0131063985,1,1
2015,36,111,515,514,516,0.0224273832,1,1
2015,36,113,212,210,214,0.0240690282,1,1
2015,36,115,245,245,245,0.0295145163,1,1
2015,36,117,362,360,364,0.0251843607,1,1
2015,36,119,2864,2860,2868,0.021886654,1,1
2015,36,121,42,42,42,0.01342711,1,1
2015,36,123,62,62,62,0.0280162675,1,1
2015,37,001,672,672,672,0.0290720311,1,1
2015,37,003,30,30,30,0.0059008655,1,1
2015,37,005,23,23,23,0.0154155496,3,3
2015,37,007,66,66,66,0.019219569,1,1
2015,37,009,80,80,80,0.0251968504,1,1
2015,37,011,,,,,,
2015,37,013,99,99,99,0.0140107557,1,1
2015,37,015,11,11,11,0.0040396621,3,3
2015,37,017,46,46,46,0.0094572368,1,1
2015,37,019,362,362,362,0.0289021956,1,1
2015,37,021,753,751,755,0.0251351893,1,1
2015,37,023,88,88,88,0.006885759,1,1
2015,37,025,477,477,477,0.012950695,1,1
2015,37,027,179,179,179,0.0146877821,1,1
2015,37,029,11,11,11,0.0059139785,3,3
2015,37,031,,,,,,
2015,37,033,17,17,17,0.0061438381,3,3
2015,37,035,273,273,273,0.0112917235,1,1
2015,37,037,715,715,715,0.082278481,1,1
2015,37,039,22,22,22,0.0059443394,3,3
2015,37,041,,,,,,
2015,37,043,12,12,12,0.0087336245,3,3
2015,37,045,230,230,230,0.0148463723,1,1
2015,37,047,14,14,14,0.002259887,3,3
2015,37,049,105,105,105,0.007349853,1,1
2015,37,051,567,566,568,0.0110105639,1,1
2015,37,053,91,91,91,0.0224969098,1,1
2015,37,055,172,172,172,0.033778476,1,1
2015,37,057,298,298,298,0.0118583366,1,1
2015,37,059,101,101,101,0.0159734303,1,1
2015,37,061,153,153,153,0.0151966627,1,1
2015,37,063,982,981,983,0.0251453153,1,1
2015,37,065,73,73,73,0.0119378577,1,1
2015,37,067,481,481,481,0.0087479994,1,1
2015,37,069,165,165,165,0.0193366928,1,1
2015,37,071,707,706,708,0.0204069851,1,1
2015,37,073,,,,,,
2015,37,075,71,71,71,0.0579591837,1,1
2015,37,077,138,138,138,0.0171258377,1,1
2015,37,079,83,83,83,0.0261499685,1,1
2015,37,081,2624,2624,2624,0.0358710065,1,1
2015,37,083,211,211,211,0.031324228,1,1
2015,37,085,227,227,227,0.0109714838,1,1
2015,37,087,406,406,406,0.0487512008,1,1
2015,37,089,283,283,283,0.0206599504,1,1
2015,37,091,,,,,,
2015,37,093,136,136,136,0.015688084,1,1
2015,37,095,11,11,11,0.0177705977,3,3
2015,37,097,432,432,432,0.0159733777,1,1
2015,37,099,77,77,77,0.0206766917,1,1
2015,37,101,299,299,299,0.008577904,1,1
2015,37,103,56,56,56,0.0478632479,1,1
2015,37,105,272,272,272,0.0265858665,1,1
2015,37,107,72,72,72,0.0079303888,1,1
2015,37,109,131,131,131,0.011271726,1,1
2015,37,111,968,968,968,0.1550040032,1,1
2015,37,113,41,41,41,0.0092655367,1,1
2015,37,115,,,,,,
2015,37,117,10,10,10,0.0029673591,3,3
2015,37,119,3944,3942,3946,0.0260230407,1,1
2015,37,121,,,,,,
2015,37,123,19,19,19,0.0045960329,3,3
2015,37,125,344,344,344,0.0266006805,1,1
2015,37,127,439,439,439,0.0275909748,1,1
2015,37,129,882,882,882,0.0336461433,1,1
2015,37,131,13,13,13,0.004,3,3
2015,37,133,253,253,253,0.009623797,1,1
2015,37,135,143,143,143,0.0072925697,1,1
2015,37,137,,,,,,
2015,37,139,151,150,152,0.0250124234,1,1
2015,37,141,109,109,109,0.0118594277,1,1
2015,37,143,36,36,36,0.0206422018,1,1
2015,37,145,32,32,32,0.0068758058,1,1
2015,37,147,183,183,183,0.0076358174,1,1
2015,37,149,,,,,,
2015,37,151,295,295,295,0.0130559858,1,1
2015,37,153,180,180,180,0.0236561966,1,1
2015,37,155,137,137,137,0.0057219229,1,1
2015,37,157,127,127,127,0.0098948189,1,1
2015,37,159,205,205,205,0.0103061686,1,1
2015,37,161,252,252,252,0.029553184,1,1
2015,37,163,24,23,25,0.0020314881,3,3
2015,37,165,111,111,111,0.0185277917,1,1
2015,37,167,27,27,27,0.0031366171,3,3
2015,37,169,46,46,46,0.0073073868,1,1
2015,37,171,109,109,109,0.00970528,1,1
2015,37,173,31,31,31,0.0152035311,1,1
2015,37,175,176,176,176,0.0504587156,1,1
2015,37,177,,,,,,
2015,37,179,248,247,249,0.0056883343,1,1
2015,37,181,45,45,45,0.006690455,1,1
2015,37,183,2762,2761,2763,0.0173806887,1,1
2015,37,185,93,93,93,0.0395072218,1,1
2015,37,187,28,28,28,0.0172520025,3,3
2015,37,189,64,64,64,0.014538846,1,1
2015,37,191,266,266,266,0.0138541667,1,1
2015,37,193,233,233,233,0.0232720735,1,1
2015,37,195,132,132,132,0.0100571429,1,1
2015,37,197,53,53,53,0.0094609068,1,1
2015,37,199,,,,,,
2015,38,001,,,,,,
2015,38,003,,,,,,
2015,38,005,24,23,25,0.0529801325,3,3
2015,38,007,,,,,,
2015,38,009,,,,,,
2015,38,011,,,,,,
2015,38,013,10,10,10,0.0568181818,3,3
2015,38,015,411,411,411,0.0327203248,1,1
2015,38,017,286,285,287,0.0132763903,1,1
2015,38,019,,,,,,
2015,38,021,,,,,,
2015,38,023,,,,,,
2015,38,025,,,,,,
2015,38,027,,,,,,
2015,38,029,,,,,,
2015,38,031,,,,,,
2015,38,033,,,,,,
2015,38,035,150,150,150,0.0205733096,1,1
2015,38,037,,,,,,
2015,38,039,,,,,,
2015,38,041,,,,,,
2015,38,043,,,,,,
2015,38,045,,,,,,
2015,38,047,,,,,,
2015,38,049,,,,,,
2015,38,051,,,,,,
2015,38,053,355,355,355,0.2243994943,1,1
2015,38,055,,,,,,
2015,38,057,,,,,,
2015,38,059,97,95,99,0.0230732636,1,1
2015,38,061,103,103,103,0.1098081023,1,1
2015,38,063,,,,,,
2015,38,065,,,,,,
2015,38,067,,,,,,
2015,38,069,,,,,,
2015,38,071,21,21,21,0.0124407583,3,3
2015,38,073,,,,,,
2015,38,075,,,,,,
2015,38,077,,,,,,
2015,38,079,104,103,105,0.0400616333,1,1
2015,38,081,,,,,,
2015,38,083,,,,,,
2015,38,085,40,40,40,0.1044386423,1,1
2015,38,087,,,,,,
2015,38,089,25,25,25,0.007104291,3,3
2015,38,091,,,,,,
2015,38,093,,,,,,
2015,38,095,,,,,,
2015,38,097,,,,,,
2015,38,099,,,,,,
2015,38,101,309,309,309,0.0405139636,1,1
2015,38,103,,,,,,
2015,38,105,269,269,269,0.0547304171,1,1
2015,39,001,97,97,97,0.019991756,1,1
2015,39,003,134,130,138,0.0122430333,2,2
2015,39,005,136,135,137,0.0175506517,1,1
2015,39,007,34,33,35,0.0031519422,2,2
2015,39,009,142,141,143,0.0194015576,1,1
2015,39,011,57,56,58,0.0095301789,1,1
2015,39,013,119,116,122,0.0149010769,2,2
2015,39,015,,,,,,
2015,39,017,1022,1021,1023,0.0182067589,1,1
2015,39,019,,,,,,
2015,39,021,130,129,131,0.0212661541,1,1
2015,39,023,575,574,576,0.0291242466,1,1
2015,39,025,164,162,166,0.0064750474,1,1
2015,39,027,54,54,54,0.0087449393,1,1
2015,39,029,,,,,,
2015,39,031,72,71,73,0.0149439601,1,1
2015,39,033,135,134,136,0.0242674816,1,1
2015,39,035,3724,3705,3743,0.0241012199,1,1
2015,39,037,61,61,61,0.0128151261,1,1
2015,39,039,44,43,45,0.0098610489,1,1
2015,39,041,95,95,95,0.0030936564,1,1
2015,39,043,241,240,242,0.0198011667,1,1
2015,39,045,104,102,106,0.0046889089,1,1
2015,39,047,277,277,277,0.0573855397,1,1
2015,39,049,3996,3984,4008,0.0214556095,1,1
2015,39,051,52,51,53,0.0067893981,1,1
2015,39,053,49,49,49,0.0113111727,1,1
2015,39,055,79,77,81,0.0093991672,2,2
2015,39,057,457,456,458,0.0244136973,1,1
2015,39,059,284,284,284,0.0621036519,1,1
2015,39,061,3321,3314,3328,0.0310632208,1,1
2015,39,063,169,167,171,0.0208796639,1,1
2015,39,065,,,,,,
2015,39,067,11,11,11,0.007028754,3,3
2015,39,069,75,74,76,0.024785195,1,1
2015,39,071,568,567,569,0.1063670412,1,1
2015,39,073,31,31,31,0.0081173082,1,1
2015,39,075,,,,,,
2015,39,077,81,80,82,0.0114552397,1,1
2015,39,079,92,92,92,0.0236747298,1,1
2015,39,081,,,,,,
2015,39,083,161,160,162,0.027063372,1,1
2015,39,085,195,194,196,0.0065280707,1,1
2015,39,087,35,35,35,0.0085847437,1,1
2015,39,089,584,583,585,0.0230356579,1,1
2015,39,091,39,39,39,0.0059742647,1,1
2015,39,093,491,484,498,0.0126768563,1,1
2015,39,095,3705,3702,3708,0.0554424924,1,1
2015,39,097,22,20,24,0.0032210835,3,3
2015,39,099,121,119,123,0.0058703668,1,1
2015,39,101,445,443,447,0.0398459885,1,1
2015,39,103,48,47,49,0.0020565553,1,1
2015,39,105,81,81,81,0.0242152466,1,1
2015,39,107,,,,,,
2015,39,109,97,97,97,0.0106863501,1,1
2015,39,111,270,270,270,0.1212393354,1,1
2015,39,113,1137,1134,1140,0.0165360171,1,1
2015,39,115,151,151,151,0.0772773797,1,1
2015,39,117,,,,,,
2015,39,119,25,22,28,0.0040167095,3,3
2015,39,121,42,42,42,0.0251196172,1,1
2015,39,123,,,,,,
2015,39,125,,,,,,
2015,39,127,105,105,105,0.0423387097,1,1
2015,39,129,155,155,155,0.0165988434,1,1
2015,39,131,30,30,30,0.0402144772,1,1
2015,39,133,338,337,339,0.0187423755,1,1
2015,39,135,29,27,31,0.0047032112,3,3
2015,39,137,,,,,,
2015,39,139,274,273,275,0.0274852041,1,1
2015,39,141,443,443,443,0.0614339204,1,1
2015,39,143,170,170,170,0.0203983681,1,1
2015,39,145,101,100,102,0.0212095758,1,1
2015,39,147,73,71,75,0.0139419404,2,2
2015,39,149,,,,,,
2015,39,151,1090,1085,1095,0.0209213052,1,1
2015,39,153,1562,1560,1564,0.0231253239,1,1
2015,39,155,36,33,39,0.0028288543,3,3
2015,39,157,70,69,71,0.0093159436,1,1
2015,39,159,79,79,79,0.0100881114,1,1
2015,39,161,,,,,,
2015,39,163,,,,,,
2015,39,165,149,149,149,0.0040168221,1,1
2015,39,167,257,257,257,0.035744089,1,1
2015,39,169,203,201,205,0.0156732551,1,1
2015,39,171,90,89,91,0.0255174369,1,1
2015,39,173,324,322,326,0.0200482643,1,1
2015,39,175,,,,,,
2015,40,001,53,53,53,0.0116406765,1,1
2015,40,003,44,44,44,0.04296875,1,1
2015,40,005,283,283,283,0.1184100418,1,1
2015,40,007,,,,,,
2015,40,009,197,197,197,0.0480605026,1,1
2015,40,011,,,,,,
2015,40,013,510,510,510,0.0661307054,1,1
2015,40,015,24,23,25,0.0043636364,3,3
2015,40,017,187,186,188,0.0069843878,1,1
2015,40,019,443,443,443,0.0476446548,1,1
2015,40,021,468,468,468,0.0604807444,1,1
2015,40,023,,,,,,
2015,40,025,,,,,,
2015,40,027,252,252,252,0.0055384615,1,1
2015,40,029,,,,,,
2015,40,031,912,912,912,0.0421266571,1,1
2015,40,033,107,106,108,0.0986175115,1,1
2015,40,035,72,72,72,0.0258342304,1,1
2015,40,037,434,432,436,0.0333974606,1,1
2015,40,039,143,143,143,0.026071103,1,1
2015,40,041,200,200,200,0.0305110603,1,1
2015,40,043,,,,,,
2015,40,045,28,28,28,0.0329799764,3,3
2015,40,047,336,336,336,0.0289680145,1,1
2015,40,049,85,85,85,0.0153291253,1,1
2015,40,051,232,231,233,0.0246624854,1,1
2015,40,053,,,,,,
2015,40,055,,,,,,
2015,40,057,,,,,,
2015,40,059,,,,,,
2015,40,061,,,,,,
2015,40,063,,,,,,
2015,40,065,96,95,97,0.0202062724,1,1
2015,40,067,14,13,15,0.0121422376,3,3
2015,40,069,194,194,194,0.097979798,1,1
2015,40,071,231,230,232,0.0277111324,1,1
2015,40,073,37,36,38,0.0100762527,2,2
2015,40,075,73,73,73,0.0439759036,1,1
2015,40,077,,,,,,
2015,40,079,240,240,240,0.0243630088,1,1
2015,40,081,,,,,,
2015,40,083,15,15,15,0.0031512605,3,3
2015,40,085,85,85,85,0.0452850293,1,1
2015,40,087,255,255,255,0.0331513261,1,1
2015,40,089,232,232,232,0.0343296833,1,1
2015,40,091,46,46,46,0.0152166722,1,1
2015,40,093,,,,,,
2015,40,095,656,656,656,0.222826087,1,1
2015,40,097,412,412,412,0.0567884218,1,1
2015,40,099,97,96,98,0.0350813743,1,1
2015,40,101,1128,1127,1129,0.0829411765,1,1
2015,40,103,39,39,39,0.0173951829,1,1
2015,40,105,95,95,95,0.0504246285,1,1
2015,40,107,20,20,20,0.0093327112,3,3
2015,40,109,9168,9162,9174,0.0673098101,1,1
2015,40,111,100,100,100,0.0147601476,1,1
2015,40,113,44,43,45,0.0114404576,1,1
2015,40,115,104,104,104,0.017295859,1,1
2015,40,117,,,,,,
2015,40,119,381,380,382,0.0345358956,1,1
2015,40,121,256,256,256,0.0322865431,1,1
2015,40,123,270,270,270,0.0371185043,1,1
2015,40,125,446,445,447,0.0334809699,1,1
2015,40,127,,,,,,
2015,40,129,,,,,,
2015,40,131,531,529,533,0.0381438115,1,1
2015,40,133,15,15,15,0.0028835063,3,3
2015,40,135,201,198,204,0.0241383451,1,1
2015,40,137,743,742,744,0.0916152898,1,1
2015,40,139,133,133,133,0.0278359146,1,1
2015,40,141,139,137,141,0.0964607911,1,1
2015,40,143,3757,3756,3758,0.0310131911,1,1
2015,40,145,186,186,186,0.028280371,1,1
2015,40,147,417,416,418,0.0439409905,1,1
2015,40,149,,,,,,
2015,40,151,20,19,21,0.0147167035,3,3
2015,40,153,342,341,343,0.0868020305,1,1
2015,41,001,156,155,157,0.0557740436,1,1
2015,41,003,292,292,292,0.0328200517,1,1
2015,41,005,1613,1613,1613,0.0271160797,1,1
2015,41,007,287,287,287,0.0585594777,1,1
2015,41,009,209,209,209,0.0271076524,1,1
2015,41,011,583,583,583,0.0603769677,1,1
2015,41,013,84,84,84,0.0279813458,1,1
2015,41,015,141,141,141,0.0761339093,1,1
2015,41,017,1043,1043,1043,0.0401787434,1,1
2015,41,019,503,503,503,0.0361844472,1,1
2015,41,021,,,,,,
2015,41,023,28,28,28,0.0385144429,3,3
2015,41,025,43,43,43,0.050647821,1,1
2015,41,027,18,18,18,0.0043530834,3,3
2015,41,029,2565,2565,2565,0.0871174812,1,1
2015,41,031,134,134,134,0.0370985604,1,1
2015,41,033,708,708,708,0.0654464781,1,1
2015,41,035,274,274,274,0.0284114475,1,1
2015,41,037,23,23,23,0.0236625514,3,3
2015,41,039,2515,2514,2516,0.0551789201,1,1
2015,41,041,831,831,831,0.1533210332,1,1
2015,41,043,1008,1008,1008,0.04400978,1,1
2015,41,045,284,283,285,0.0608006851,1,1
2015,41,047,1829,1829,1829,0.0303946822,1,1
2015,41,049,46,46,46,0.0211883924,1,1
2015,41,051,4567,4567,4567,0.0486026861,1,1
2015,41,053,182,181,183,0.0258302583,1,1
2015,41,055,,,,,,
2015,41,057,205,205,205,0.0616726835,1,1
2015,41,059,178,177,179,0.0135206988,1,1
2015,41,061,190,190,190,0.076,1,1
2015,41,063,37,37,37,0.0432748538,1,1
2015,41,065,115,115,115,0.0316368638,1,1
2015,41,067,2428,2428,2428,0.0277384271,1,1
2015,41,069,,,,,,
2015,41,071,654,654,654,0.0390005367,1,1
2015,42,001,315,314,316,0.0226537217,1,1
2015,42,003,2811,2809,2813,0.0194308308,1,1
2015,42,005,66,65,67,0.0088888889,1,1
2015,42,007,328,327,329,0.0109592703,1,1
2015,42,009,82,82,82,0.0123717562,1,1
2015,42,011,1147,1147,1147,0.0169571709,1,1
2015,42,013,242,240,244,0.0135165326,1,1
2015,42,015,150,150,150,0.0183553598,1,1
2015,42,017,788,787,789,0.0090906993,1,1
2015,42,019,236,236,236,0.0089577165,1,1
2015,42,021,118,117,119,0.0073538577,1,1
2015,42,023,,,,,,
2015,42,025,51,50,52,0.0061579329,1,1
2015,42,027,105,104,106,0.0082958047,1,1
2015,42,029,816,813,819,0.0102364674,1,1
2015,42,031,116,116,116,0.0252393386,1,1
2015,42,033,189,189,189,0.0189644792,1,1
2015,42,035,40,40,40,0.0089686099,1,1
2015,42,037,34,33,35,0.004978767,2,2
2015,42,039,154,154,154,0.014468245,1,1
2015,42,041,341,341,341,0.0130068276,1,1
2015,42,043,779,778,780,0.0171348129,1,1
2015,42,045,804,802,806,0.0118987716,1,1
2015,42,047,13,12,14,0.0037005408,3,3
2015,42,049,697,697,697,0.0180080093,1,1
2015,42,051,303,303,303,0.0183414044,1,1
2015,42,053,43,43,43,0.0955555556,1,1
2015,42,055,341,341,341,0.0148448043,1,1
2015,42,057,10,10,10,0.009009009,3,3
2015,42,059,38,35,41,0.0077220077,3,3
2015,42,061,15,14,16,0.0041073384,3,3
2015,42,063,133,133,133,0.0139705882,1,1
2015,42,065,115,115,115,0.0228537361,1,1
2015,42,067,21,21,21,0.0073247297,3,3
2015,42,069,147,143,151,0.005303987,2,2
2015,42,071,1479,1479,1479,0.0219719816,1,1
2015,42,073,176,176,176,0.01618242,1,1
2015,42,075,237,237,237,0.0122874326,1,1
2015,42,077,872,870,874,0.0179756751,1,1
2015,42,079,335,334,336,0.0077018576,1,1
2015,42,081,206,204,208,0.01380512,1,1
2015,42,083,169,169,169,0.0285135819,1,1
2015,42,085,195,194,196,0.0127434322,1,1
2015,42,087,67,67,67,0.0132411067,1,1
2015,42,089,347,347,347,0.0136694899,1,1
2015,42,091,820,819,821,0.0072371034,1,1
2015,42,093,19,19,19,0.0083922261,3,3
2015,42,095,511,511,511,0.0122283909,1,1
2015,42,097,99,98,100,0.0084963955,1,1
2015,42,099,41,39,43,0.0066829666,3,3
2015,42,101,3967,3948,3986,0.0209344788,1,1
2015,42,103,50,50,50,0.0064574454,1,1
2015,42,105,23,22,24,0.0171641791,3,3
2015,42,107,162,160,164,0.0097431888,1,1
2015,42,109,30,30,30,0.0062473969,1,1
2015,42,111,44,40,48,0.0052114177,3,3
2015,42,113,,,,,,
2015,42,115,43,42,44,0.0079644379,1,1
2015,42,117,10,9,11,0.002608242,3,3
2015,42,119,24,24,24,0.006117767,3,3
2015,42,121,100,100,100,0.0165782493,1,1
2015,42,123,89,89,89,0.0188319932,1,1
2015,42,125,226,220,232,0.0085279801,2,2
2015,42,127,29,29,29,0.0065007846,3,3
2015,42,129,434,433,435,0.0092312928,1,1
2015,42,131,,,,,,
2015,42,133,811,811,811,0.0121097191,1,1
2015,44,001,17,17,17,0.0051081731,3,3
2015,44,003,148,148,148,0.0077841477,1,1
2015,44,005,189,188,190,0.0272334294,1,1
2015,44,007,559,554,564,0.0066995853,1,1
2015,44,009,141,141,141,0.0095710019,1,1
2015,45,001,77,77,77,0.0251963351,1,1
2015,45,003,546,546,546,0.0220179047,1,1
2015,45,005,16,16,16,0.0126482213,3,3
2015,45,007,883,883,883,0.0275120735,1,1
2015,45,009,24,23,25,0.0112570356,3,3
2015,45,011,25,24,26,0.0064383209,3,3
2015,45,013,429,429,429,0.0197659418,1,1
2015,45,015,343,343,343,0.0102993724,1,1
2015,45,017,17,17,17,0.0094549499,3,3
2015,45,019,447,447,447,0.0092962316,1,1
2015,45,021,246,246,246,0.0272757512,1,1
2015,45,023,97,97,97,0.0186466744,1,1
2015,45,025,,,,,,
2015,45,027,97,97,97,0.019265144,1,1
2015,45,029,138,138,138,0.0236544395,1,1
2015,45,031,280,280,280,0.0271238981,1,1
2015,45,033,17,17,17,0.0039962388,3,3
2015,45,035,184,184,184,0.0066011337,1,1
2015,45,037,23,23,23,0.0066320646,3,3
2015,45,039,156,156,156,0.0538860104,1,1
2015,45,041,493,493,493,0.0222002071,1,1
2015,45,043,107,107,107,0.011040033,1,1
2015,45,045,998,998,998,0.0130773767,1,1
2015,45,047,344,344,344,0.0293215138,1,1
2015,45,049,170,170,170,0.0535096003,1,1
2015,45,051,843,843,843,0.0195193109,1,1
2015,45,053,61,61,61,0.0215015862,1,1
2015,45,055,18,18,18,0.0016933208,3,3
2015,45,057,67,67,67,0.0053065104,1,1
2015,45,059,200,200,200,0.0218818381,1,1
2015,45,061,144,144,144,0.067352666,1,1
2015,45,063,400,400,400,0.010119409,1,1
2015,45,065,,,,,,
2015,45,067,169,169,169,0.0338338338,1,1
2015,45,069,92,92,92,0.0223355183,1,1
2015,45,071,46,46,46,0.0074906367,1,1
2015,45,073,234,234,234,0.0223367698,1,1
2015,45,075,383,383,383,0.0367209971,1,1
2015,45,077,2038,2038,2038,0.1231643198,1,1
2015,45,079,2047,2047,2047,0.0234414365,1,1
2015,45,081,,,,,,
2015,45,083,830,829,831,0.0185819509,1,1
2015,45,085,172,172,172,0.0100052353,1,1
2015,45,087,16,16,16,0.0039091131,3,3
2015,45,089,130,130,130,0.0302255289,1,1
2015,45,091,293,293,293,0.006724965,1,1
2015,46,003,,,,,,
2015,46,005,10,10,10,0.0035310734,3,3
2015,46,007,,,,,,
2015,46,009,,,,,,
2015,46,011,18,18,18,0.0053699284,3,3
2015,46,013,17,16,18,0.0035424047,3,3
2015,46,015,,,,,,
2015,46,017,,,,,,
2015,46,019,,,,,,
2015,46,021,,,,,,
2015,46,023,70,70,70,0.0540958269,1,1
2015,46,025,,,,,,
2015,46,027,,,,,,
2015,46,029,17,17,17,0.0042246521,3,3
2015,46,031,83,82,84,0.1278890601,1,1
2015,46,033,18,18,18,0.0205479452,3,3
2015,46,035,13,13,13,0.0046779417,3,3
2015,46,037,,,,,,
2015,46,039,,,,,,
2015,46,041,,,,,,
2015,46,043,,,,,,
2015,46,045,,,,,,
2015,46,047,10,10,10,0.0118063754,3,3
2015,46,049,,,,,,
2015,46,051,,,,,,
2015,46,053,,,,,,
2015,46,055,,,,,,
2015,46,057,,,,,,
2015,46,059,,,,,,
2015,46,061,,,,,,
2015,46,063,,,,,,
2015,46,065,40,40,40,0.0150886458,1,1
2015,46,067,,,,,,
2015,46,069,,,,,,
2015,46,071,,,,,,
2015,46,073,,,,,,
2015,46,075,,,,,,
2015,46,077,,,,,,
2015,46,079,11,11,11,0.0095403296,3,3
2015,46,081,45,45,45,0.0147251309,1,1
2015,46,083,17,16,18,0.0028877187,3,3
2015,46,085,,,,,,
2015,46,087,,,,,,
2015,46,089,,,,,,
2015,46,091,,,,,,
2015,46,093,36,36,36,0.0134178159,1,1
2015,46,095,,,,,,
2015,46,097,,,,,,
2015,46,099,791,790,792,0.0246394418,1,1
2015,46,101,,,,,,
2015,46,102,,,,,,
2015,46,103,704,704,704,0.0427703524,1,1
2015,46,105,,,,,,
2015,46,107,,,,,,
2015,46,109,,,,,,
2015,46,111,,,,,,
2015,46,115,,,,,,
2015,46,117,,,,,,
2015,46,119,,,,,,
2015,46,121,,,,,,
2015,46,123,,,,,,
2015,46,125,,,,,,
2015,46,127,,,,,,
2015,46,129,,,,,,
2015,46,135,15,14,16,0.0048185031,3,3
2015,46,137,67,67,67,0.1914285714,1,1
2015,47,001,105,104,106,0.0089179548,1,1
2015,47,003,126,126,126,0.0146426496,1,1
2015,47,005,30,30,30,0.0135440181,1,1
2015,47,007,,,,,,
2015,47,009,61,61,61,0.0033666317,1,1
2015,47,011,36,36,36,0.0022634392,1,1
2015,47,013,284,284,284,0.0498945889,1,1
2015,47,015,,,,,,
2015,47,017,92,92,92,0.0254847645,1,1
2015,47,019,130,130,130,0.0161390441,1,1
2015,47,021,167,167,167,0.0261550509,1,1
2015,47,023,,,,,,
2015,47,025,15,15,15,0.0033783784,3,3
2015,47,027,,,,,,
2015,47,029,85,85,85,0.0184102231,1,1
2015,47,031,54,54,54,0.0091308759,1,1
2015,47,033,21,20,22,0.0066964286,3,3
2015,47,035,750,750,750,0.099377236,1,1
2015,47,037,3078,3078,3078,0.032089241,1,1
2015,47,039,13,13,13,0.0076877587,3,3
2015,47,041,13,13,13,0.0043521928,3,3
2015,47,043,70,70,70,0.0083492366,1,1
2015,47,045,46,46,46,0.0068421835,1,1
2015,47,047,31,31,31,0.0088143304,1,1
2015,47,049,,,,,,
2015,47,051,,,,,,
2015,47,053,75,75,75,0.008648524,1,1
2015,47,055,47,47,47,0.0117177761,1,1
2015,47,057,40,40,40,0.0109980753,1,1
2015,47,059,50,50,50,0.0050653429,1,1
2015,47,061,49,49,49,0.0235463719,1,1
2015,47,063,740,740,740,0.0713596914,1,1
2015,47,065,1305,1305,1305,0.0293832887,1,1
2015,47,067,,,,,,
2015,47,069,44,44,44,0.0116248349,1,1
2015,47,071,62,62,62,0.0171650055,1,1
2015,47,073,65,65,65,0.0091613813,1,1
2015,47,075,,,,,,
2015,47,077,56,56,56,0.0112925993,1,1
2015,47,079,52,52,52,0.010688592,1,1
2015,47,081,,,,,,
2015,47,083,20,20,20,0.0141743444,3,3
2015,47,085,,,,,,
2015,47,087,18,18,18,0.01171875,3,3
2015,47,089,91,91,91,0.0122164049,1,1
2015,47,091,,,,,,
2015,47,093,568,568,568,0.0094183193,1,1
2015,47,095,,,,,,
2015,47,097,,,,,,
2015,47,099,70,70,70,0.0103214391,1,1
2015,47,101,,,,,,
2015,47,103,,,,,,
2015,47,105,83,83,83,0.0113964026,1,1
2015,47,107,108,108,108,0.0136656966,1,1
2015,47,109,41,41,41,0.0094123049,1,1
2015,47,111,,,,,,
2015,47,113,347,347,347,0.0267623014,1,1
2015,47,115,25,25,25,0.0055629729,3,3
2015,47,117,29,29,29,0.0053923392,3,3
2015,47,119,123,123,123,0.0099829559,1,1
2015,47,121,,,,,,
2015,47,123,18,18,18,0.0033173609,3,3
2015,47,125,451,451,451,0.0138322343,1,1
2015,47,127,,,,,,
2015,47,129,28,28,28,0.0089829965,3,3
2015,47,131,38,38,38,0.010743568,1,1
2015,47,133,,,,,,
2015,47,135,,,,,,
2015,47,137,,,,,,
2015,47,139,,,,,,
2015,47,141,588,588,588,0.0521184187,1,1
2015,47,143,95,95,95,0.0179279109,1,1
2015,47,145,,,,,,
2015,47,147,105,105,105,0.0092072957,1,1
2015,47,149,1510,1510,1510,0.029310713,1,1
2015,47,151,,,,,,
2015,47,153,20,20,20,0.008650519,3,3
2015,47,155,257,257,257,0.0176280952,1,1
2015,47,157,757,757,757,0.0052309351,1,1
2015,47,159,38,38,38,0.0118601748,1,1
2015,47,161,,,,,,
2015,47,163,697,697,697,0.0320062451,1,1
2015,47,165,216,216,216,0.0073982737,1,1
2015,47,167,18,18,18,0.0015822785,3,3
2015,47,169,,,,,,
2015,47,171,98,98,98,0.0407484407,1,1
2015,47,173,14,14,14,0.0038303694,3,3
2015,47,175,,,,,,
2015,47,177,163,163,163,0.0245852187,1,1
2015,47,179,709,709,709,0.042242612,1,1
2015,47,181,,,,,,
2015,47,183,,,,,,
2015,47,185,76,76,76,0.0187793427,1,1
2015,47,187,216,216,216,0.0053351776,1,1
2015,47,189,144,144,144,0.0067653277,1,1
2015,48,001,135,134,136,0.0159782223,1,1
2015,48,003,41,41,41,0.0103118712,1,1
2015,48,005,776,776,776,0.0440758832,1,1
2015,48,007,104,104,104,0.0305433186,1,1
2015,48,009,41,40,42,0.0221501891,1,1
2015,48,011,15,15,15,0.0424929178,3,3
2015,48,013,75,74,76,0.0082590023,1,1
2015,48,015,59,58,60,0.0100493953,1,1
2015,48,017,,,,,,
2015,48,019,221,221,221,0.0883293365,1,1
2015,48,021,565,565,565,0.0340197495,1,1
2015,48,023,,,,,,
2015,48,025,102,100,104,0.0186573989,1,1
2015,48,027,2213,2210,2216,0.0306056122,1,1
2015,48,029,9062,9049,9075,0.0256263061,1,1
2015,48,031,,,,,,
2015,48,033,,,,,,
2015,48,035,74,72,76,0.0328450954,2,2
2015,48,037,177,172,182,0.0099471732,2,2
2015,48,039,2290,2289,2291,0.0334321211,1,1
2015,48,041,845,844,846,0.0280274636,1,1
2015,48,043,,,,,,
2015,48,045,,,,,,
2015,48,047,52,52,52,0.0337224384,1,1
2015,48,049,56,51,61,0.0082632433,3,3
2015,48,051,31,30,32,0.0112891479,2,2
2015,48,053,38,38,38,0.0051955154,1,1
2015,48,055,397,397,397,0.0569175627,1,1
2015,48,057,176,176,176,0.0421153386,1,1
2015,48,059,123,123,123,0.0482542173,1,1
2015,48,061,3029,3026,3032,0.030380534,1,1
2015,48,063,32,32,32,0.0129240711,1,1
2015,48,065,33,32,34,0.0258418168,2,2
2015,48,067,264,263,265,0.0480087289,1,1
2015,48,069,62,61,63,0.0365997639,1,1
2015,48,071,60,60,60,0.0076481836,1,1
2015,48,073,74,71,77,0.0066618653,2,2
2015,48,075,22,22,22,0.0193832599,3,3
2015,48,077,70,68,72,0.0404157044,2,2
2015,48,079,,,,,,
2015,48,081,16,16,16,0.0290381125,3,3
2015,48,083,33,32,34,0.0249244713,2,2
2015,48,085,2938,2936,2940,0.0148889159,1,1
2015,48,087,,,,,,
2015,48,089,124,124,124,0.0348804501,1,1
2015,48,091,919,919,919,0.0310242387,1,1
2015,48,093,205,205,205,0.087494665,1,1
2015,48,095,11,10,12,0.0220883534,3,3
2015,48,097,107,101,113,0.0167292058,3,3
2015,48,099,229,228,230,0.0203212352,1,1
2015,48,101,,,,,,
2015,48,103,,,,,,
2015,48,105,27,27,27,0.0326086957,3,3
2015,48,107,27,25,29,0.0213270142,3,3
2015,48,109,,,,,,
2015,48,111,13,12,14,0.0067183463,3,3
2015,48,113,10940,10923,10957,0.0219875632,1,1
2015,48,115,75,73,77,0.0273822563,2,2
2015,48,117,,,,,,
2015,48,119,16,16,16,0.0199501247,3,3
2015,48,121,2418,2418,2418,0.0166310157,1,1
2015,48,123,108,105,111,0.03567889,2,2
2015,48,125,10,9,11,0.0259067358,3,3
2015,48,127,219,219,219,0.0946413137,1,1
2015,48,129,,,,,,
2015,48,131,,,,,,
2015,48,133,223,223,223,0.0775112965,1,1
2015,48,135,1444,1444,1444,0.0440418459,1,1
2015,48,137,,,,,,
2015,48,139,976,973,979,0.0248960539,1,1
2015,48,141,3231,3226,3236,0.0183454463,1,1
2015,48,143,55,49,61,0.0094210346,3,3
2015,48,145,16,13,19,0.0072992701,3,3
2015,48,147,162,160,164,0.0297084174,1,1
2015,48,149,58,56,60,0.015167364,2,2
2015,48,151,39,39,39,0.0696428571,1,1
2015,48,153,16,15,17,0.0126682502,3,3
2015,48,155,,,,,,
2015,48,157,2455,2454,2456,0.0134753136,1,1
2015,48,159,83,83,83,0.0501510574,1,1
2015,48,161,87,85,89,0.0230219635,1,1
2015,48,163,175,175,175,0.0532562386,1,1
2015,48,165,21,19,23,0.0058823529,3,3
2015,48,167,3609,3606,3612,0.0438006699,1,1
2015,48,169,44,43,45,0.0417061611,1,1
2015,48,171,26,25,27,0.0068965517,3,3
2015,48,173,,,,,,
2015,48,175,42,42,42,0.0307017544,1,1
2015,48,177,95,94,96,0.0223057056,1,1
2015,48,179,152,150,154,0.0366883901,1,1
2015,48,181,896,895,897,0.0403294774,1,1
2015,48,183,364,362,366,0.0149033737,1,1
2015,48,185,199,197,201,0.0440850687,1,1
2015,48,187,538,538,538,0.020797897,1,1
2015,48,189,134,133,135,0.0179817499,1,1
2015,48,191,17,17,17,0.0326923077,3,3
2015,48,193,68,67,69,0.0432569975,1,1
2015,48,195,24,23,25,0.0164948454,3,3
2015,48,197,32,31,33,0.0418300654,2,2
2015,48,199,270,268,272,0.0252667041,1,1
2015,48,201,17461,17433,17489,0.0210134245,1,1
2015,48,203,273,269,277,0.0205618739,1,1
2015,48,205,,,,,,
2015,48,207,65,65,65,0.0732807215,1,1
2015,48,209,956,954,958,0.027372942,1,1
2015,48,211,,,,,,
2015,48,213,66,60,72,0.0064642507,3,3
2015,48,215,2309,2304,2314,0.0098816259,1,1
2015,48,217,288,283,293,0.0447900467,1,1
2015,48,219,139,136,142,0.0280864821,1,1
2015,48,221,336,334,338,0.0413385827,1,1
2015,48,223,191,189,193,0.0283466904,1,1
2015,48,225,111,110,112,0.0364651774,1,1
2015,48,227,45,45,45,0.007788162,1,1
2015,48,229,25,24,26,0.0390625,3,3
2015,48,231,414,413,415,0.0281498606,1,1
2015,48,233,47,46,48,0.0112225406,1,1
2015,48,235,35,35,35,0.1073619632,1,1
2015,48,237,10,10,10,0.0063251107,3,3
2015,48,239,77,75,79,0.0216718266,2,2
2015,48,241,204,202,206,0.0317608594,1,1
2015,48,243,,,,,,
2015,48,245,1034,1030,1038,0.0246378193,1,1
2015,48,247,,,,,,
2015,48,249,167,164,170,0.0201715183,1,1
2015,48,251,789,789,789,0.0235733493,1,1
2015,48,253,352,352,352,0.1321817499,1,1
2015,48,255,69,68,70,0.0274463007,1,1
2015,48,257,487,487,487,0.0181465887,1,1
2015,48,259,34,33,35,0.0037292969,2,2
2015,48,261,,,,,,
2015,48,263,,,,,,
2015,48,265,309,308,310,0.0451160753,1,1
2015,48,267,,,,,,
2015,48,269,,,,,,
2015,48,271,,,,,,
2015,48,273,23,20,26,0.004389313,3,3
2015,48,275,14,12,16,0.0178117048,3,3
2015,48,277,164,162,166,0.018974893,1,1
2015,48,279,46,43,49,0.0149496263,3,3
2015,48,281,68,68,68,0.0186864523,1,1
2015,48,283,38,38,38,0.0279206466,1,1
2015,48,285,106,101,111,0.0266064257,2,2
2015,48,287,191,190,192,0.0624795551,1,1
2015,48,289,56,55,57,0.0178514504,1,1
2015,48,291,763,762,764,0.0490391413,1,1
2015,48,293,69,68,70,0.0168580503,1,1
2015,48,295,38,37,39,0.0450771056,2,2
2015,48,297,15,15,15,0.0083892617,3,3
2015,48,299,,,,,,
2015,48,301,,,,,,
2015,48,303,1278,1275,1281,0.0255212078,1,1
2015,48,305,50,47,53,0.0361794501,3,3
2015,48,307,56,55,57,0.0358514725,1,1
2015,48,309,2101,2098,2104,0.0392182483,1,1
2015,48,311,,,,,,
2015,48,313,25,25,25,0.0092971365,3,3
2015,48,315,53,53,53,0.043946932,1,1
2015,48,317,14,13,15,0.0114754098,3,3
2015,48,319,12,12,12,0.0179104478,3,3
2015,48,321,150,149,151,0.0206583115,1,1
2015,48,323,227,227,227,0.0150400848,1,1
2015,48,325,250,249,251,0.0250727109,1,1
2015,48,327,,,,,,
2015,48,329,776,775,777,0.0284113792,1,1
2015,48,331,137,135,139,0.0295258621,1,1
2015,48,333,23,22,24,0.0203539823,3,3
2015,48,335,37,36,38,0.0252387449,2,2
2015,48,337,61,57,65,0.0181980907,3,3
2015,48,339,1420,1420,1420,0.0136525334,1,1
2015,48,341,19,19,19,0.0037284144,3,3
2015,48,343,82,82,82,0.0407554672,1,1
2015,48,345,,,,,,
2015,48,347,109,102,116,0.0097338811,3,3
2015,48,349,131,128,134,0.0132069765,1,1
2015,48,351,287,286,288,0.1472550026,1,1
2015,48,353,79,78,80,0.0243601603,1,1
2015,48,355,2050,2045,2055,0.0329063533,1,1
2015,48,357,24,24,24,0.010139417,3,3
2015,48,359,,,,,,
2015,48,361,544,544,544,0.035497553,1,1
2015,48,363,262,258,266,0.0577474102,1,1
2015,48,365,38,37,39,0.009375771,2,2
2015,48,367,256,254,258,0.0124247719,1,1
2015,48,369,78,77,79,0.0323383085,1,1
2015,48,371,,,,,,
2015,48,373,143,142,144,0.0204052511,1,1
2015,48,375,2415,2415,2415,0.0639176349,1,1
2015,48,377,,,,,,
2015,48,379,38,38,38,0.0228640193,1,1
2015,48,381,151,151,151,0.0157046282,1,1
2015,48,383,42,42,42,0.046306505,1,1
2015,48,385,,,,,,
2015,48,387,40,38,42,0.0192215281,3,3
2015,48,389,,,,,,
2015,48,391,74,73,75,0.0518934081,1,1
2015,48,393,,,,,,
2015,48,395,15,12,18,0.0045058576,3,3
2015,48,397,180,180,180,0.0087032202,1,1
2015,48,399,82,82,82,0.0408570005,1,1
2015,48,401,90,85,95,0.0109435798,3,3
2015,48,403,19,18,20,0.0117356393,3,3
2015,48,405,,,,,,
2015,48,407,132,132,132,0.0386077801,1,1
2015,48,409,196,195,197,0.0133605999,1,1
2015,48,411,29,27,31,0.0301142264,3,3
2015,48,413,,,,,,
2015,48,415,123,122,124,0.0359438925,1,1
2015,48,417,46,46,46,0.0706605223,1,1
2015,48,419,187,185,189,0.03317956,1,1
2015,48,421,,,,,,
2015,48,423,631,630,632,0.0179347981,1,1
2015,48,425,47,46,48,0.0237613751,1,1
2015,48,427,,,,,,
2015,48,429,78,78,78,0.0525606469,1,1
2015,48,431,,,,,,
2015,48,433,11,11,11,0.0454545455,3,3
2015,48,435,18,18,18,0.0197585071,3,3
2015,48,437,52,51,53,0.0322380657,1,1
2015,48,439,8676,8666,8686,0.0242932664,1,1
2015,48,441,1048,1048,1048,0.0445218573,1,1
2015,48,443,,,,,,
2015,48,445,146,145,147,0.05954323,1,1
2015,48,447,,,,,,
2015,48,449,146,145,147,0.0206828163,1,1
2015,48,451,335,335,335,0.0161189434,1,1
2015,48,453,5255,5248,5262,0.0322202874,1,1
2015,48,455,55,53,57,0.023255814,2,2
2015,48,457,58,55,61,0.01604426,3,3
2015,48,459,240,237,243,0.0334075724,1,1
2015,48,461,,,,,,
2015,48,463,101,98,104,0.017124449,2,2
2015,48,465,193,192,194,0.0180289584,1,1
2015,48,467,238,237,239,0.023864434,1,1
2015,48,469,825,824,826,0.0531058899,1,1
2015,48,471,261,260,262,0.0324344476,1,1
2015,48,473,357,356,358,0.0339676499,1,1
2015,48,475,14,13,15,0.0057471264,3,3
2015,48,477,112,111,113,0.0208410867,1,1
2015,48,479,583,581,585,0.0084954463,1,1
2015,48,481,123,121,125,0.0145613827,1,1
2015,48,483,32,30,34,0.02680067,3,3
2015,48,485,509,509,509,0.0245573407,1,1
2015,48,487,33,31,35,0.0137729549,3,3
2015,48,489,161,160,162,0.0363513208,1,1
2015,48,491,1625,1622,1628,0.0140740163,1,1
2015,48,493,72,72,72,0.0081401922,1,1
2015,48,495,78,77,79,0.0410526316,1,1
2015,48,497,293,292,294,0.0325555556,1,1
2015,48,499,119,118,120,0.0191226097,1,1
2015,48,501,,,,,,
2015,48,503,25,24,26,0.007431629,3,3
2015,48,505,198,198,198,0.0535569381,1,1
2015,48,507,175,174,176,0.0696656051,1,1
2015,49,001,,,,,,
2015,49,003,82,82,82,0.0070848453,1,1
2015,49,005,319,319,319,0.0134281866,1,1
2015,49,007,294,294,294,0.0830508475,1,1
2015,49,009,,,,,,
2015,49,011,1389,1388,1390,0.0187918555,1,1
2015,49,013,110,110,110,0.0213633715,1,1
2015,49,015,58,58,58,0.025261324,1,1
2015,49,017,37,37,37,0.03722334,1,1
2015,49,019,,,,,,
2015,49,021,336,335,337,0.032551831,1,1
2015,49,023,12,12,12,0.004916018,3,3
2015,49,025,,,,,,
2015,49,027,94,94,94,0.0320709655,1,1
2015,49,029,,,,,,
2015,49,031,,,,,,
2015,49,033,,,,,,
2015,49,035,6126,6122,6130,0.0318821723,1,1
2015,49,037,773,773,773,0.2469648562,1,1
2015,49,039,51,51,51,0.0087328767,1,1
2015,49,041,78,78,78,0.0165816327,1,1
2015,49,043,77,77,77,0.0157496421,1,1
2015,49,045,659,659,659,0.0460968103,1,1
2015,49,047,38,38,38,0.005091104,1,1
2015,49,049,2148,2147,2149,0.0168500984,1,1
2015,49,051,230,230,230,0.0355102671,1,1
2015,49,053,928,927,929,0.030722373,1,1
2015,49,055,,,,,,
2015,49,057,1244,1243,1245,0.0279839834,1,1
2015,50,001,,,,,,
2015,50,003,,,,,,
2015,50,005,27,27,27,0.0239574091,3,3
2015,50,007,128,128,128,0.0102179293,1,1
2015,50,009,,,,,,
2015,50,011,,,,,,
2015,50,013,,,,,,
2015,50,015,,,,,,
2015,50,017,,,,,,
2015,50,019,,,,,,
2015,50,021,22,22,22,0.0112130479,3,3
2015,50,023,19,19,19,0.0180436847,3,3
2015,50,025,,,,,,
2015,50,027,90,90,90,0.0263543192,1,1
2015,51,001,273,273,273,0.0513157895,1,1
2015,51,003,,,,,,
2015,51,005,38,38,38,0.0168290523,1,1
2015,51,007,,,,,,
2015,51,009,33,33,33,0.0078384798,1,1
2015,51,011,53,53,53,0.0231037489,1,1
2015,51,013,178,178,178,0.0070178205,1,1
2015,51,015,93,93,93,0.0088808251,1,1
2015,51,017,,,,,,
2015,51,019,34,34,34,0.0034437354,1,1
2015,51,021,,,,,,
2015,51,023,27,27,27,0.0056758461,3,3
2015,51,025,,,,,,
2015,51,027,,,,,,
2015,51,029,,,,,,
2015,51,031,106,106,106,0.0133518075,1,1
2015,51,033,79,79,79,0.0182448037,1,1
2015,51,035,42,42,42,0.0107637109,1,1
2015,51,036,24,24,24,0.033379694,3,3
2015,51,037,,,,,,
2015,51,041,708,708,708,0.0118674467,1,1
2015,51,043,13,13,13,0.0064870259,3,3
2015,51,045,,,,,,
2015,51,047,96,96,96,0.0118066658,1,1
2015,51,049,10,10,10,0.0071479628,3,3
2015,51,051,,,,,,
2015,51,053,11,11,11,0.0024898144,3,3
2015,51,057,20,20,20,0.0134318334,3,3
2015,51,059,2312,2312,2312,0.0124416127,1,1
2015,51,061,283,283,283,0.0253811659,1,1
2015,51,063,23,23,23,0.0110789981,3,3
2015,51,065,53,53,53,0.0149127743,1,1
2015,51,067,28,28,28,0.0038141943,3,3
2015,51,069,,,,,,
2015,51,071,18,18,18,0.0074750831,3,3
2015,51,073,13,13,13,0.0023393918,3,3
2015,51,075,23,23,23,0.0089598753,3,3
2015,51,077,,,,,,
2015,51,079,65,65,65,0.0203634085,1,1
2015,51,081,,,,,,
2015,51,083,30,30,30,0.0055928412,1,1
2015,51,085,83,83,83,0.0045955373,1,1
2015,51,087,826,826,826,0.0160282532,1,1
2015,51,089,48,48,48,0.0064733648,1,1
2015,51,091,,,,,,
2015,51,093,45,45,45,0.0082071858,1,1
2015,51,095,,,,,,
2015,51,097,,,,,,
2015,51,099,80,80,80,0.0182565039,1,1
2015,51,101,,,,,,
2015,51,103,,,,,,
2015,51,105,,,,,,
2015,51,107,1833,1833,1833,0.0240544868,1,1
2015,51,109,35,35,35,0.0071780148,1,1
2015,51,111,,,,,,
2015,51,113,33,33,33,0.0180426463,1,1
2015,51,115,,,,,,
2015,51,117,11,11,11,0.0024287922,3,3
2015,51,119,,,,,,
2015,51,121,183,183,183,0.0187212276,1,1
2015,51,125,21,21,21,0.010719755,3,3
2015,51,127,24,24,24,0.0078895464,3,3
2015,51,131,267,267,267,0.1570588235,1,1
2015,51,133,,,,,,
2015,51,135,74,74,74,0.0328305235,1,1
2015,51,137,109,109,109,0.0212186101,1,1
2015,51,139,84,84,84,0.0242844753,1,1
2015,51,141,49,49,49,0.0167121419,1,1
2015,51,143,22,22,22,0.0023812101,3,3
2015,51,145,27,27,27,0.006323185,3,3
2015,51,147,,,,,,
2015,51,149,29,29,29,0.0044926414,3,3
2015,51,153,427,427,427,0.0048637135,1,1
2015,51,155,84,84,84,0.0193281178,1,1
2015,51,157,,,,,,
2015,51,159,16,16,16,0.0124804992,3,3
2015,51,161,48,48,48,0.0033368092,1,1
2015,51,163,13,13,13,0.0046164773,3,3
2015,51,165,,,,,,
2015,51,167,,,,,,
2015,51,169,,,,,,
2015,51,171,66,66,66,0.0108695652,1,1
2015,51,173,18,18,18,0.0039181541,3,3
2015,51,175,22,22,22,0.0078768349,3,3
2015,51,177,559,559,559,0.0235556867,1,1
2015,51,179,439,439,439,0.0157681118,1,1
2015,51,181,,,,,,
2015,51,183,19,19,19,0.0178236398,3,3
2015,51,185,34,34,34,0.0055710306,1,1
2015,51,187,55,55,55,0.0101233204,1,1
2015,51,191,109,109,109,0.0148380071,1,1
2015,51,193,103,103,103,0.1694078947,1,1
2015,51,195,252,252,252,0.0418326693,1,1
2015,51,197,22,22,22,0.0051923531,3,3
2015,51,199,80,80,80,0.0062997086,1,1
2015,51,510,171,171,171,0.0116097495,1,1
2015,51,520,76,76,76,0.0332022717,1,1
2015,51,530,,,,,,
2015,51,540,336,336,336,0.0185185185,1,1
2015,51,550,223,223,223,0.0055829557,1,1
2015,51,570,32,32,32,0.0114490161,1,1
2015,51,580,,,,,,
2015,51,590,95,95,95,0.0152024324,1,1
2015,51,595,17,17,17,0.0066070735,3,3
2015,51,600,,,,,,
2015,51,610,15,15,15,0.0059571088,3,3
2015,51,620,38,38,38,0.0335689046,1,1
2015,51,630,147,147,147,0.041619479,1,1
2015,51,640,20,20,20,0.0143884892,3,3
2015,51,650,514,514,514,0.0249296731,1,1
2015,51,660,217,217,217,0.0121923812,1,1
2015,51,670,66,66,66,0.0150822669,1,1
2015,51,678,,,,,,
2015,51,680,176,176,176,0.020546346,1,1
2015,51,683,86,86,86,0.0113083498,1,1
2015,51,685,17,17,17,0.0049375545,3,3
2015,51,690,58,58,58,0.0265324794,1,1
2015,51,700,580,580,580,0.0198650546,1,1
2015,51,710,572,572,572,0.0177927087,1,1
2015,51,720,25,25,25,0.0299401198,3,3
2015,51,730,339,339,339,0.0791686128,1,1
2015,51,735,22,22,22,0.0104612458,3,3
2015,51,740,195,195,195,0.0130635761,1,1
2015,51,750,51,51,51,0.0307043949,1,1
2015,51,760,1513,1513,1513,0.0630942452,1,1
2015,51,770,584,584,584,0.0427025446,1,1
2015,51,775,,,,,,
2015,51,790,62,62,62,0.0233082707,1,1
2015,51,800,90,90,90,0.0062573872,1,1
2015,51,810,738,738,738,0.010576551,1,1
2015,51,820,82,82,82,0.0253320976,1,1
2015,51,830,413,413,413,0.0356126584,1,1
2015,51,840,403,403,403,0.0228756315,1,1
2015,53,001,170,168,172,0.0347861674,1,1
2015,53,003,194,194,194,0.0580664472,1,1
2015,53,005,858,857,859,0.0235941152,1,1
2015,53,007,708,707,709,0.0532731377,1,1
2015,53,009,516,515,517,0.0490401064,1,1
2015,53,011,2756,2752,2760,0.0345987747,1,1
2015,53,013,,,,,,
2015,53,015,828,828,828,0.048637218,1,1
2015,53,017,412,412,412,0.0506142506,1,1
2015,53,019,46,46,46,0.0556900726,1,1
2015,53,021,452,450,454,0.0230883179,1,1
2015,53,023,,,,,,
2015,53,025,1157,1155,1159,0.0588384866,1,1
2015,53,027,985,983,987,0.0952795512,1,1
2015,53,029,376,376,376,0.0457087284,1,1
2015,53,031,112,111,113,0.0420736289,1,1
2015,53,033,8264,8259,8269,0.0311435376,1,1
2015,53,035,1149,1147,1151,0.031623273,1,1
2015,53,037,41,40,42,0.0080486847,1,1
2015,53,039,159,156,162,0.0508474576,1,1
2015,53,041,643,641,645,0.0539520054,1,1
2015,53,043,27,23,31,0.0134128167,3,3
2015,53,045,669,668,670,0.0829304574,1,1
2015,53,047,280,279,281,0.0272744983,1,1
2015,53,049,284,283,285,0.0920285159,1,1
2015,53,051,133,133,133,0.0840707965,1,1
2015,53,053,4041,4036,4046,0.0305855996,1,1
2015,53,055,24,22,26,0.0125984252,3,3
2015,53,057,663,662,664,0.0344881398,1,1
2015,53,059,69,69,69,0.064546305,1,1
2015,53,061,3787,3787,3787,0.0287593314,1,1
2015,53,063,3045,3041,3049,0.0403348655,1,1
2015,53,065,388,386,390,0.0654300169,1,1
2015,53,067,1831,1831,1831,0.0433157484,1,1
2015,53,069,50,50,50,0.1091703057,1,1
2015,53,071,357,356,358,0.0402707276,1,1
2015,53,073,979,979,979,0.0365666903,1,1
2015,53,075,93,85,101,0.0193387399,3,3
2015,53,077,2614,2614,2614,0.0481719003,1,1
2015,54,001,74,74,74,0.0309364548,1,1
2015,54,003,349,349,349,0.0184881072,1,1
2015,54,005,34,34,34,0.007850381,1,1
2015,54,007,53,53,53,0.0252380952,1,1
2015,54,009,,,,,,
2015,54,011,265,265,265,0.0203501766,1,1
2015,54,013,33,33,33,0.0311614731,1,1
2015,54,015,639,639,639,0.3196598299,1,1
2015,54,017,15,15,15,0.0126689189,3,3
2015,54,019,170,170,170,0.0255216934,1,1
2015,54,021,45,45,45,0.0530660377,1,1
2015,54,023,46,46,46,0.0263308529,1,1
2015,54,025,295,295,295,0.057752545,1,1
2015,54,027,184,184,184,0.0552884615,1,1
2015,54,029,36,36,36,0.0086372361,1,1
2015,54,031,42,42,42,0.017551191,1,1
2015,54,033,704,704,704,0.0649686231,1,1
2015,54,035,30,30,30,0.0062240664,1,1
2015,54,037,974,974,974,0.1065878748,1,1
2015,54,039,854,854,854,0.0312294303,1,1
2015,54,041,62,62,62,0.0242282141,1,1
2015,54,043,317,317,317,0.0874000551,1,1
2015,54,045,237,237,237,0.0390895596,1,1
2015,54,047,62,62,62,0.0188106796,1,1
2015,54,049,65,65,65,0.0080187515,1,1
2015,54,051,163,163,163,0.035038693,1,1
2015,54,053,161,161,161,0.0379359095,1,1
2015,54,055,383,383,383,0.0408925902,1,1
2015,54,057,114,114,114,0.0272076372,1,1
2015,54,059,182,182,182,0.0433127082,1,1
2015,54,061,118,118,118,0.0103381812,1,1
2015,54,063,83,83,83,0.045755237,1,1
2015,54,065,96,96,96,0.0399334443,1,1
2015,54,067,128,128,128,0.0330749354,1,1
2015,54,069,120,120,120,0.0223089794,1,1
2015,54,071,20,20,20,0.0208986416,3,3
2015,54,073,20,20,20,0.0171969046,3,3
2015,54,075,31,31,31,0.0290534208,1,1
2015,54,077,285,285,285,0.0681981335,1,1
2015,54,079,47,47,47,0.0048150804,1,1
2015,54,081,279,279,279,0.0226314082,1,1
2015,54,083,48,48,48,0.0118226601,1,1
2015,54,085,78,78,78,0.0524193548,1,1
2015,54,087,319,319,319,0.1366752356,1,1
2015,54,089,,,,,,
2015,54,091,140,140,140,0.0571428571,1,1
2015,54,093,63,63,63,0.0616438356,1,1
2015,54,095,20,20,20,0.0153491942,3,3
2015,54,097,171,171,171,0.045071165,1,1
2015,54,099,86,86,86,0.0117566644,1,1
2015,54,101,27,27,27,0.0191897655,3,3
2015,54,103,26,26,26,0.0096474954,3,3
2015,54,105,134,134,134,0.1248835042,1,1
2015,54,107,279,279,279,0.0213204952,1,1
2015,54,109,109,109,109,0.0268472906,1,1
2015,55,001,52,52,52,0.0331632653,1,1
2015,55,003,34,32,36,0.01308699,3,3
2015,55,005,173,172,174,0.0221851757,1,1
2015,55,007,12,10,14,0.0080160321,3,3
2015,55,009,1215,1213,1217,0.0273039844,1,1
2015,55,011,36,34,38,0.0181543116,3,3
2015,55,013,51,51,51,0.0200629426,1,1
2015,55,015,14,12,16,0.0036363636,3,3
2015,55,017,65,61,69,0.0072698803,3,3
2015,55,019,85,83,87,0.0174037674,1,1
2015,55,021,101,98,104,0.0117101449,2,2
2015,55,023,15,13,17,0.0067204301,3,3
2015,55,025,1751,1748,1754,0.022804527,1,1
2015,55,027,247,242,252,0.0233437293,1,1
2015,55,029,17,14,20,0.0047914318,3,3
2015,55,031,171,171,171,0.0269971582,1,1
2015,55,033,64,63,65,0.0104729177,1,1
2015,55,035,404,403,405,0.028277455,1,1
2015,55,037,,,,,,
2015,55,039,143,141,145,0.0108071342,1,1
2015,55,041,19,18,20,0.0122818358,3,3
2015,55,043,146,146,146,0.0208244188,1,1
2015,55,045,35,30,40,0.0064971227,3,3
2015,55,047,59,58,60,0.019337922,1,1
2015,55,049,20,18,22,0.0057355893,3,3
2015,55,051,,,,,,
2015,55,053,28,26,30,0.0088832487,3,3
2015,55,055,254,252,256,0.0190604833,1,1
2015,55,057,118,117,119,0.0318918919,1,1
2015,55,059,722,721,723,0.0249861573,1,1
2015,55,061,19,18,20,0.0052341598,3,3
2015,55,063,248,248,248,0.0152446521,1,1
2015,55,065,18,13,23,0.006122449,3,3
2015,55,067,60,60,60,0.0205761317,1,1
2015,55,069,105,105,105,0.0226195605,1,1
2015,55,071,92,90,94,0.0087477418,1,1
2015,55,073,359,355,363,0.0181468938,1,1
2015,55,075,156,153,159,0.025862069,1,1
2015,55,077,,,,,,
2015,55,078,143,143,143,0.1739659367,1,1
2015,55,079,4875,4864,4886,0.0352089788,1,1
2015,55,081,166,165,167,0.0232427891,1,1
2015,55,083,42,39,45,0.0101670298,3,3
2015,55,085,24,21,27,0.0057430007,3,3
2015,55,087,469,469,469,0.013298174,1,1
2015,55,089,26,24,28,0.002054037,3,3
2015,55,091,17,17,17,0.0142140468,3,3
2015,55,093,94,93,95,0.0121384298,1,1
2015,55,095,188,185,191,0.0257428454,1,1
2015,55,097,117,116,118,0.0125,1,1
2015,55,099,,,,,,
2015,55,101,1074,1068,1080,0.0372787227,1,1
2015,55,103,,,,,,
2015,55,105,1198,1197,1199,0.0429113833,1,1
2015,55,107,24,23,25,0.0128410915,3,3
2015,55,109,162,162,162,0.0112453145,1,1
2015,55,111,310,309,311,0.0261780105,1,1
2015,55,113,21,20,22,0.0091823349,3,3
2015,55,115,54,50,58,0.0099686173,3,3
2015,55,117,339,335,343,0.0175130444,1,1
2015,55,119,59,58,60,0.0181315304,1,1
2015,55,121,65,62,68,0.0110450297,2,2
2015,55,123,71,69,73,0.0174447174,2,2
2015,55,125,76,73,79,0.0295375049,2,2
2015,55,127,280,274,286,0.0174978128,1,1
2015,55,129,75,74,76,0.0295043273,1,1
2015,55,131,170,168,172,0.0085375653,1,1
2015,55,133,416,406,426,0.0067364057,1,1
2015,55,135,155,154,156,0.0178880554,1,1
2015,55,137,19,18,20,0.0073302469,3,3
2015,55,139,427,427,427,0.0186723806,1,1
2015,55,141,364,362,366,0.0296199854,1,1
2015,56,001,95,95,95,0.0239596469,1,1
2015,56,003,36,34,38,0.0140625,3,3
2015,56,005,317,317,317,0.0345428789,1,1
2015,56,007,62,61,63,0.0245156188,1,1
2015,56,009,101,101,101,0.04185661,1,1
2015,56,011,,,,,,
2015,56,013,151,147,155,0.0223240686,2,2
2015,56,015,,,,,,
2015,56,017,,,,,,
2015,56,019,,,,,,
2015,56,021,291,291,291,0.0194012934,1,1
2015,56,023,23,23,23,0.0067488263,3,3
2015,56,025,199,199,199,0.0148319296,1,1
2015,56,027,,,,,,
2015,56,029,34,33,35,0.0084915085,2,2
2015,56,031,,,,,,
2015,56,033,83,81,85,0.0183668953,1,1
2015,56,035,,,,,,
2015,56,037,89,89,89,0.0105213382,1,1
2015,56,039,39,39,39,0.0140794224,1,1
2015,56,041,29,28,30,0.0067145172,3,3
2015,56,043,55,54,56,0.037568306,1,1
2015,56,045,23,22,24,0.0215557638,3,3
2016,01,001,49,49,49,0.0052648544,1,1
2016,01,003,383,383,383,0.0122489446,1,1
2016,01,005,36,36,36,0.0075062552,1,1
2016,01,007,40,40,40,0.0121543604,1,1
2016,01,009,146,146,146,0.0157242865,1,1
2016,01,011,,,,,,
2016,01,013,168,168,168,0.0536569786,1,1
2016,01,015,394,394,394,0.0219804742,1,1
2016,01,017,20,20,20,0.0054779512,3,3
2016,01,019,444,444,444,0.1104202935,1,1
2016,01,021,,,,,,
2016,01,023,,,,,,
2016,01,025,22,22,22,0.0055527511,3,3
2016,01,027,,,,,,
2016,01,029,32,32,32,0.0122417751,1,1
2016,01,031,329,329,329,0.033526954,1,1
2016,01,033,313,310,316,0.038704093,1,1
2016,01,035,,,,,,
2016,01,037,,,,,,
2016,01,039,,,,,,
2016,01,041,,,,,,
2016,01,043,34,34,34,0.0026780088,1,1
2016,01,045,41,41,41,0.0078050638,1,1
2016,01,047,338,338,338,0.0507431317,1,1
2016,01,049,361,361,361,0.0400088662,1,1
2016,01,051,117,116,118,0.0088195387,1,1
2016,01,053,16,16,16,0.0036117381,3,3
2016,01,055,266,266,266,0.0170995114,1,1
2016,01,057,33,33,33,0.0138947368,1,1
2016,01,059,,,,,,
2016,01,061,20,20,20,0.0072072072,3,3
2016,01,063,,,,,,
2016,01,065,,,,,,
2016,01,067,,,,,,
2016,01,069,209,209,209,0.0134560907,1,1
2016,01,071,13,12,14,0.0016266266,3,3
2016,01,073,1578,1578,1578,0.0158414649,1,1
2016,01,075,,,,,,
2016,01,077,254,254,254,0.0197220281,1,1
2016,01,079,254,254,254,0.0525444766,1,1
2016,01,081,32,31,33,0.0014139897,2,2
2016,01,083,116,116,116,0.0081062194,1,1
2016,01,085,192,192,192,0.1273209549,1,1
2016,01,087,56,56,56,0.0276816609,1,1
2016,01,089,478,478,478,0.0088817868,1,1
2016,01,091,,,,,,
2016,01,093,54,53,55,0.0116529996,1,1
2016,01,095,563,563,563,0.0310963822,1,1
2016,01,097,5776,5776,5776,0.0929289679,1,1
2016,01,099,,,,,,
2016,01,101,850,850,850,0.0280324517,1,1
2016,01,103,132,132,132,0.0067213198,1,1
2016,01,105,231,231,231,0.1601941748,1,1
2016,01,107,,,,,,
2016,01,109,119,119,119,0.029382716,1,1
2016,01,111,15,15,15,0.006663705,3,3
2016,01,113,71,71,71,0.0068085923,1,1
2016,01,115,109,109,109,0.0083060276,1,1
2016,01,117,281,281,281,0.0095109156,1,1
2016,01,119,30,30,30,0.0191204589,1,1
2016,01,121,65,65,65,0.0054773742,1,1
2016,01,123,14,13,15,0.0023399632,3,3
2016,01,125,432,432,432,0.0149760799,1,1
2016,01,127,164,164,164,0.0157012925,1,1
2016,01,129,64,64,64,0.0227596017,1,1
2016,01,131,93,93,93,0.0526315789,1,1
2016,01,133,,,,,,
2016,02,013,,,,,,
2016,02,016,,,,,,
2016,02,020,2476,2476,2476,0.0508972804,1,1
2016,02,050,24,24,24,0.0056245606,3,3
2016,02,060,,,,,,
2016,02,068,,,,,,
2016,02,070,,,,,,
2016,02,090,434,434,434,0.0313992186,1,1
2016,02,100,,,,,,
2016,02,105,21,21,21,0.1891891892,3,3
2016,02,110,184,184,184,0.0379225062,1,1
2016,02,122,251,251,251,0.027848663,1,1
2016,02,130,23,23,23,0.0097416349,3,3
2016,02,150,21,21,21,0.0086597938,3,3
2016,02,158,31,31,31,0.0153999006,1,1
2016,02,164,,,,,,
2016,02,170,514,514,514,0.0271584064,1,1
2016,02,180,21,21,21,0.0079125848,3,3
2016,02,185,21,21,21,0.0097947761,3,3
2016,02,188,,,,,,
2016,02,195,,,,,,
2016,02,198,11,11,11,0.1145833333,3,3
2016,02,220,28,28,28,0.0217898833,3,3
2016,02,230,,,,,,
2016,02,240,,,,,,
2016,02,261,19,19,19,0.0195272354,3,3
2016,02,275,,,,,,
2016,02,282,,,,,,
2016,02,290,33,33,33,0.0297029703,1,1
2016,04,001,345,344,346,0.0985714286,1,1
2016,04,003,720,720,720,0.0453571879,1,1
2016,04,005,558,557,559,0.0409090909,1,1
2016,04,007,751,751,751,0.2013404826,1,1
2016,04,009,26,26,26,0.0066735113,3,3
2016,04,011,,,,,,
2016,04,012,34,33,35,0.0149779736,2,2
2016,04,013,16318,16297,16339,0.0245672724,1,1
2016,04,015,613,612,614,0.032183546,1,1
2016,04,017,555,554,556,0.0310142498,1,1
2016,04,019,4223,4220,4226,0.0356094846,1,1
2016,04,021,834,832,836,0.0193162868,1,1
2016,04,023,342,342,342,0.036309587,1,1
2016,04,025,1197,1195,1199,0.0612370185,1,1
2016,04,027,395,394,396,0.0126016909,1,1
2016,05,001,27,26,28,0.009202454,3,3
2016,05,003,35,35,35,0.0091599058,1,1
2016,05,005,153,153,153,0.0305023923,1,1
2016,05,007,904,903,905,0.0206058672,1,1
2016,05,009,265,265,265,0.0439542213,1,1
2016,05,011,26,26,26,0.0126336249,3,3
2016,05,013,35,35,35,0.0611888112,1,1
2016,05,015,218,218,218,0.0552458186,1,1
2016,05,017,,,,,,
2016,05,019,44,44,44,0.016730038,1,1
2016,05,021,20,19,21,0.0080096115,3,3
2016,05,023,175,175,175,0.0523795271,1,1
2016,05,025,27,27,27,0.0176240209,3,3
2016,05,027,30,29,31,0.0076687117,2,2
2016,05,029,130,130,130,0.0464617584,1,1
2016,05,031,497,497,497,0.0261043122,1,1
2016,05,033,382,382,382,0.0349688759,1,1
2016,05,035,123,122,124,0.0120552779,1,1
2016,05,037,113,113,113,0.0342320509,1,1
2016,05,039,,,,,,
2016,05,041,28,28,28,0.0107733744,3,3
2016,05,043,12,12,12,0.0038734668,3,3
2016,05,045,510,510,510,0.0267857143,1,1
2016,05,047,62,62,62,0.0217696629,1,1
2016,05,049,47,46,48,0.0277942046,1,1
2016,05,051,510,510,510,0.0334843411,1,1
2016,05,053,52,52,52,0.0107482431,1,1
2016,05,055,383,383,383,0.0482246286,1,1
2016,05,057,55,55,55,0.0220883534,1,1
2016,05,059,171,171,171,0.0316608036,1,1
2016,05,061,15,15,15,0.005129959,3,3
2016,05,063,308,308,308,0.047275518,1,1
2016,05,065,57,57,57,0.0311986864,1,1
2016,05,067,188,187,189,0.0828558836,1,1
2016,05,069,197,197,197,0.0244447202,1,1
2016,05,071,246,246,246,0.0526992288,1,1
2016,05,073,,,,,,
2016,05,075,142,142,142,0.0452950558,1,1
2016,05,077,16,16,16,0.0196560197,3,3
2016,05,079,67,67,67,0.0421914358,1,1
2016,05,081,33,32,34,0.0172503921,2,2
2016,05,083,302,302,302,0.0776549241,1,1
2016,05,085,217,217,217,0.0156036528,1,1
2016,05,087,80,80,80,0.0330715172,1,1
2016,05,089,229,229,229,0.1400611621,1,1
2016,05,091,115,115,115,0.0166666667,1,1
2016,05,093,466,465,467,0.0740858506,1,1
2016,05,095,102,102,102,0.0970504282,1,1
2016,05,097,59,59,59,0.0545286506,1,1
2016,05,099,,,,,,
2016,05,101,108,107,109,0.0864,1,1
2016,05,103,65,64,66,0.0160851274,1,1
2016,05,105,15,15,15,0.0092250923,3,3
2016,05,107,27,25,29,0.0066160255,3,3
2016,05,109,123,123,123,0.0608308605,1,1
2016,05,111,234,234,234,0.0557541101,1,1
2016,05,113,73,72,74,0.0207681366,1,1
2016,05,115,407,407,407,0.0396879571,1,1
2016,05,117,72,72,72,0.0588235294,1,1
2016,05,119,1601,1596,1606,0.0275223049,1,1
2016,05,121,97,97,97,0.0399012752,1,1
2016,05,123,33,33,33,0.0097173145,1,1
2016,05,125,191,191,191,0.010980798,1,1
2016,05,127,85,85,85,0.0352990033,1,1
2016,05,129,66,66,66,0.0430809399,1,1
2016,05,131,443,443,443,0.0217401973,1,1
2016,05,133,58,57,59,0.0178516467,1,1
2016,05,135,87,87,87,0.0302503477,1,1
2016,05,137,,,,,,
2016,05,139,141,140,142,0.0187350518,1,1
2016,05,141,204,204,204,0.0892388451,1,1
2016,05,143,610,609,611,0.0147211429,1,1
2016,05,145,268,268,268,0.0207784153,1,1
2016,05,147,56,56,56,0.052532833,1,1
2016,05,149,136,136,136,0.0317090231,1,1
2016,06,001,4456,4456,4456,0.0197001649,1,1
2016,06,003,,,,,,
2016,06,005,86,86,86,0.0210474792,1,1
2016,06,007,1377,1376,1378,0.0440908072,1,1
2016,06,009,307,307,307,0.0548606147,1,1
2016,06,011,218,215,221,0.0450413223,1,1
2016,06,013,2639,2637,2641,0.0152668664,1,1
2016,06,015,166,166,166,0.0389854392,1,1
2016,06,017,869,868,870,0.0321935317,1,1
2016,06,019,4720,4717,4723,0.0234683426,1,1
2016,06,021,377,377,377,0.077001634,1,1
2016,06,023,1303,1299,1307,0.0732887114,1,1
2016,06,025,1431,1431,1431,0.0383163306,1,1
2016,06,027,57,56,58,0.0269248937,1,1
2016,06,029,5672,5671,5673,0.0313389211,1,1
2016,06,031,816,814,818,0.0294351057,1,1
2016,06,033,632,631,633,0.0669846317,1,1
2016,06,035,20,18,22,0.0127469726,3,3
2016,06,037,68485,68483,68487,0.0455817303,1,1
2016,06,039,1243,1243,1243,0.0400916011,1,1
2016,06,041,1121,1119,1123,0.0368047804,1,1
2016,06,043,54,54,54,0.0285412262,1,1
2016,06,045,791,790,792,0.0602574846,1,1
2016,06,047,1938,1937,1939,0.0342221437,1,1
2016,06,049,,,,,,
2016,06,051,34,34,34,0.0213032581,1,1
2016,06,053,8072,8071,8073,0.1057264106,1,1
2016,06,055,464,464,464,0.0241427754,1,1
2016,06,057,720,718,722,0.0461095101,1,1
2016,06,059,26334,26334,26334,0.0536957364,1,1
2016,06,061,1786,1785,1787,0.026068426,1,1
2016,06,063,174,173,175,0.0807050093,1,1
2016,06,065,21853,21853,21853,0.0509871721,1,1
2016,06,067,10823,10822,10824,0.0448020068,1,1
2016,06,069,384,384,384,0.0346101848,1,1
2016,06,071,33871,33871,33871,0.0833394846,1,1
2016,06,073,20829,20824,20834,0.0413961281,1,1
2016,06,075,2308,2308,2308,0.0381519134,1,1
2016,06,077,3504,3504,3504,0.0241928802,1,1
2016,06,079,3209,3208,3210,0.0922338469,1,1
2016,06,081,2440,2438,2442,0.0262953703,1,1
2016,06,083,8106,8106,8106,0.1242622599,1,1
2016,06,085,4648,4645,4651,0.0172593696,1,1
2016,06,087,3462,3462,3462,0.086078719,1,1
2016,06,089,662,660,664,0.0257007532,1,1
2016,06,091,10,10,10,0.0265957447,3,3
2016,06,093,302,299,305,0.0555760029,1,1
2016,06,095,1591,1591,1591,0.0241086176,1,1
2016,06,097,1148,1143,1153,0.0168281564,1,1
2016,06,099,3559,3556,3562,0.0326771581,1,1
2016,06,101,347,345,349,0.0171807694,1,1
2016,06,103,487,486,488,0.0524841039,1,1
2016,06,105,168,167,169,0.1070745698,1,1
2016,06,107,3087,3082,3092,0.0310910574,1,1
2016,06,109,272,272,272,0.0445901639,1,1
2016,06,111,4017,4017,4017,0.0299318207,1,1
2016,06,113,924,924,924,0.0309641098,1,1
2016,06,115,292,291,293,0.0231287129,1,1
2016,08,001,3608,3608,3608,0.042981035,1,1
2016,08,003,128,128,128,0.0485584219,1,1
2016,08,005,1780,1779,1781,0.0148746104,1,1
2016,08,007,,,,,,
2016,08,009,,,,,,
2016,08,011,16,15,17,0.0110573601,3,3
2016,08,013,1095,1095,1095,0.017282197,1,1
2016,08,014,,,,,,
2016,08,015,51,51,51,0.0229007634,1,1
2016,08,017,,,,,,
2016,08,019,29,29,29,0.0337995338,3,3
2016,08,021,22,22,22,0.0140306122,3,3
2016,08,023,57,57,57,0.1182572614,1,1
2016,08,025,,,,,,
2016,08,027,,,,,,
2016,08,029,73,73,73,0.0145679505,1,1
2016,08,031,2139,2139,2139,0.0198856505,1,1
2016,08,033,,,,,,
2016,08,035,617,617,617,0.0091448051,1,1
2016,08,037,24,24,24,0.0034777568,3,3
2016,08,039,21,20,22,0.006294964,3,3
2016,08,041,1926,1925,1927,0.0157266856,1,1
2016,08,043,24,24,24,0.0046656299,3,3
2016,08,045,278,278,278,0.0238278906,1,1
2016,08,047,,,,,,
2016,08,049,41,41,41,0.0246098439,1,1
2016,08,051,,,,,,
2016,08,053,,,,,,
2016,08,055,20,20,20,0.0255754476,3,3
2016,08,057,,,,,,
2016,08,059,2825,2825,2825,0.0327077376,1,1
2016,08,061,,,,,,
2016,08,063,29,27,31,0.0207142857,3,3
2016,08,065,17,17,17,0.0164569216,3,3
2016,08,067,96,96,96,0.0131452828,1,1
2016,08,069,1769,1769,1769,0.037546429,1,1
2016,08,071,41,41,41,0.0182954038,1,1
2016,08,073,20,19,21,0.0280504909,3,3
2016,08,075,36,35,37,0.0121909922,2,2
2016,08,077,719,719,719,0.0316294211,1,1
2016,08,079,,,,,,
2016,08,081,,,,,,
2016,08,083,71,71,71,0.017504931,1,1
2016,08,085,337,337,337,0.0514425279,1,1
2016,08,087,477,477,477,0.0858067998,1,1
2016,08,089,12,9,15,0.0036374659,3,3
2016,08,091,10,9,11,0.0191204589,3,3
2016,08,093,16,16,16,0.0095636581,3,3
2016,08,095,,,,,,
2016,08,097,,,,,,
2016,08,099,52,52,52,0.0219409283,1,1
2016,08,101,1342,1342,1342,0.049764527,1,1
2016,08,103,15,15,15,0.0117096019,3,3
2016,08,105,13,12,14,0.0065359477,3,3
2016,08,107,,,,,,
2016,08,109,238,238,238,0.2458677686,1,1
2016,08,111,,,,,,
2016,08,113,,,,,,
2016,08,115,19,19,19,0.0252659574,3,3
2016,08,117,25,25,25,0.0070283947,3,3
2016,08,119,63,63,63,0.0220742817,1,1
2016,08,121,21,20,22,0.0222222222,3,3
2016,08,123,736,736,736,0.0170706251,1,1
2016,08,125,54,53,55,0.0302013423,1,1
2016,09,001,612,604,620,0.0048579525,1,1
2016,09,003,1229,1221,1237,0.0100688186,1,1
2016,09,005,98,94,102,0.0057630109,2,2
2016,09,007,98,95,101,0.0047818874,2,2
2016,09,009,1584,1577,1591,0.0144665461,1,1
2016,09,011,522,516,528,0.0143924564,1,1
2016,09,013,80,78,82,0.0058763038,2,2
2016,09,015,245,241,249,0.0195780726,1,1
2016,10,001,967,965,969,0.0364768012,1,1
2016,10,003,1581,1576,1586,0.0208311373,1,1
2016,10,005,724,724,724,0.0236338709,1,1
2016,11,001,6584,6576,6592,0.0764594535,1,1
2016,12,001,837,837,837,0.0283969466,1,1
2016,12,003,11,11,11,0.0021982414,3,3
2016,12,005,1583,1583,1583,0.0564872966,1,1
2016,12,007,180,180,180,0.0558139535,1,1
2016,12,009,2261,2261,2261,0.0307853603,1,1
2016,12,011,2866,2866,2866,0.0104796276,1,1
2016,12,013,70,70,70,0.0320659643,1,1
2016,12,015,453,453,453,0.0284494128,1,1
2016,12,017,592,592,592,0.0385969488,1,1
2016,12,019,556,556,556,0.0150063426,1,1
2016,12,021,896,896,896,0.0193036884,1,1
2016,12,023,504,504,504,0.050069541,1,1
2016,12,027,263,263,263,0.0535423453,1,1
2016,12,029,67,67,67,0.0312063344,1,1
2016,12,031,3348,3348,3348,0.025857475,1,1
2016,12,033,1618,1618,1618,0.0400633883,1,1
2016,12,035,550,550,550,0.0425334468,1,1
2016,12,037,286,286,286,0.2193251534,1,1
2016,12,039,307,307,307,0.0546263345,1,1
2016,12,041,,,,,,
2016,12,043,49,49,49,0.0290112493,1,1
2016,12,045,,,,,,
2016,12,047,364,364,364,0.2156398104,1,1
2016,12,049,160,160,160,0.030418251,1,1
2016,12,051,543,543,543,0.0733982157,1,1
2016,12,053,612,612,612,0.0274525636,1,1
2016,12,055,486,486,486,0.0394544569,1,1
2016,12,057,3207,3207,3207,0.0149589992,1,1
2016,12,059,76,76,76,0.0229537904,1,1
2016,12,061,302,302,302,0.016891325,1,1
2016,12,063,124,124,124,0.018403087,1,1
2016,12,065,,,,,,
2016,12,067,166,166,166,0.1309148265,1,1
2016,12,069,2395,2395,2395,0.0563900923,1,1
2016,12,071,1496,1496,1496,0.0161405174,1,1
2016,12,073,881,880,881,0.0238850481,1,1
2016,12,075,227,227,227,0.0412502271,1,1
2016,12,077,25,25,25,0.0177683014,3,3
2016,12,079,159,159,159,0.0576295759,1,1
2016,12,081,1903,1903,1903,0.0389288929,1,1
2016,12,083,2426,2426,2426,0.0563766499,1,1
2016,12,085,476,476,476,0.0250183959,1,1
2016,12,086,8036,8036,8036,0.0224941147,1,1
2016,12,087,360,360,360,0.0420021001,1,1
2016,12,089,564,564,564,0.0488480859,1,1
2016,12,091,686,686,686,0.0220628437,1,1
2016,12,093,487,487,487,0.0749923006,1,1
2016,12,095,6190,6190,6190,0.0297334557,1,1
2016,12,097,3338,3338,3338,0.0529580683,1,1
2016,12,099,4315,4315,4315,0.0220973821,1,1
2016,12,101,1972,1972,1972,0.0272026265,1,1
2016,12,103,4009,4009,4009,0.0389582625,1,1
2016,12,105,3318,3318,3318,0.0324356029,1,1
2016,12,107,701,701,701,0.0622834296,1,1
2016,12,109,904,904,904,0.0231018885,1,1
2016,12,111,742,742,742,0.0183740683,1,1
2016,12,113,1101,1101,1101,0.0400757107,1,1
2016,12,115,794,794,794,0.0185470684,1,1
2016,12,117,1539,1539,1539,0.022696437,1,1
2016,12,119,144,144,144,0.0167364017,1,1
2016,12,121,469,469,469,0.0774438573,1,1
2016,12,123,124,124,124,0.0441595442,1,1
2016,12,125,68,68,68,0.0290598291,1,1
2016,12,127,2310,2310,2310,0.0366503776,1,1
2016,12,129,61,61,61,0.0117806103,1,1
2016,12,131,218,218,218,0.0237679895,1,1
2016,12,133,199,199,199,0.0615337044,1,1
2016,13,001,111,111,111,0.0307223914,1,1
2016,13,003,,,,,,
2016,13,005,37,37,37,0.0175023652,1,1
2016,13,007,,,,,,
2016,13,009,185,185,185,0.0335997094,1,1
2016,13,011,106,106,106,0.0381157857,1,1
2016,13,013,323,323,323,0.0238060142,1,1
2016,13,015,579,579,579,0.0318657127,1,1
2016,13,017,29,29,29,0.0089175892,3,3
2016,13,019,68,68,68,0.0215941569,1,1
2016,13,021,652,652,652,0.0271802568,1,1
2016,13,023,14,14,14,0.0055643879,3,3
2016,13,025,65,65,65,0.0185926773,1,1
2016,13,027,15,15,15,0.0070455613,3,3
2016,13,029,117,117,117,0.0130857846,1,1
2016,13,031,238,238,238,0.0225656585,1,1
2016,13,033,13,13,13,0.0030352557,3,3
2016,13,035,361,361,361,0.1048199768,1,1
2016,13,037,,,,,,
2016,13,039,62,62,62,0.006739863,1,1
2016,13,043,27,27,27,0.0123119015,3,3
2016,13,045,1175,1175,1175,0.0588765847,1,1
2016,13,047,376,376,376,0.0351730589,1,1
2016,13,049,69,69,69,0.0408525755,1,1
2016,13,051,749,749,749,0.0196861776,1,1
2016,13,053,,,,,,
2016,13,055,234,234,234,0.0551886792,1,1
2016,13,057,151,151,151,0.003602443,1,1
2016,13,059,700,700,700,0.0520562207,1,1
2016,13,061,18,18,18,0.0792951542,3,3
2016,13,063,2969,2969,2969,0.0430708079,1,1
2016,13,065,26,26,26,0.0187454939,3,3
2016,13,067,2110,2110,2110,0.0172833236,1,1
2016,13,069,451,451,451,0.0585410177,1,1
2016,13,071,270,270,270,0.027843663,1,1
2016,13,073,492,492,492,0.0182804488,1,1
2016,13,075,29,29,29,0.0089423373,3,3
2016,13,077,234,234,234,0.0101956342,1,1
2016,13,079,12,12,12,0.0072072072,3,3
2016,13,081,21,21,21,0.0050203203,3,3
2016,13,083,25,25,25,0.0114155251,3,3
2016,13,085,154,154,154,0.0448065173,1,1
2016,13,087,62,62,62,0.0118027794,1,1
2016,13,089,1894,1893,1895,0.0176837466,1,1
2016,13,091,14,14,14,0.0043942247,3,3
2016,13,093,70,70,70,0.0528301887,1,1
2016,13,095,706,706,706,0.0472367189,1,1
2016,13,097,570,570,570,0.0216754763,1,1
2016,13,099,37,37,37,0.0171455051,1,1
2016,13,101,,,,,,
2016,13,103,135,135,135,0.0112612613,1,1
2016,13,105,53,53,53,0.0171910477,1,1
2016,13,107,57,57,57,0.0129781421,1,1
2016,13,109,21,21,21,0.0113085622,3,3
2016,13,111,279,279,279,0.0954498803,1,1
2016,13,113,81,81,81,0.0040268456,1,1
2016,13,115,724,724,724,0.0446005051,1,1
2016,13,117,587,587,587,0.0126951858,1,1
2016,13,119,30,30,30,0.0081081081,1,1
2016,13,121,3679,3679,3679,0.0245351722,1,1
2016,13,123,164,164,164,0.0392814371,1,1
2016,13,125,,,,,,
2016,13,127,257,257,257,0.0192135167,1,1
2016,13,129,744,744,744,0.069157836,1,1
2016,13,131,45,45,45,0.0096133305,1,1
2016,13,133,67,67,67,0.0270597738,1,1
2016,13,135,1742,1742,1742,0.0093255816,1,1
2016,13,137,196,196,196,0.0284759553,1,1
2016,13,139,517,517,517,0.0146904214,1,1
2016,13,141,63,63,63,0.0661070304,1,1
2016,13,143,364,364,364,0.0631725095,1,1
2016,13,145,36,36,36,0.0068246445,1,1
2016,13,147,47,47,47,0.0135057471,1,1
2016,13,149,129,129,129,0.0628042843,1,1
2016,13,151,1023,1023,1023,0.0243978059,1,1
2016,13,153,366,366,366,0.0126193842,1,1
2016,13,155,11,11,11,0.00625,3,3
2016,13,157,189,189,189,0.0147968371,1,1
2016,13,159,69,69,69,0.0284888522,1,1
2016,13,161,42,42,42,0.013363029,1,1
2016,13,163,,,,,,
2016,13,165,,,,,,
2016,13,167,51,51,51,0.0437392796,1,1
2016,13,169,,,,,,
2016,13,171,19,19,19,0.0069444444,3,3
2016,13,173,72,72,72,0.0406091371,1,1
2016,13,175,527,527,527,0.0585815918,1,1
2016,13,177,431,431,431,0.0668527998,1,1
2016,13,179,223,223,223,0.022255489,1,1
2016,13,181,113,113,113,0.0947191953,1,1
2016,13,183,19,19,19,0.0053042993,3,3
2016,13,185,537,536,538,0.0278555867,1,1
2016,13,187,97,97,97,0.0253793825,1,1
2016,13,189,42,42,42,0.0101621098,1,1
2016,13,191,71,71,71,0.0501412429,1,1
2016,13,193,22,22,22,0.0153096729,3,3
2016,13,195,291,291,291,0.0505559416,1,1
2016,13,197,,,,,,
2016,13,199,11,11,11,0.0039104159,3,3
2016,13,201,22,22,22,0.0212355212,3,3
2016,13,205,136,136,136,0.0349255265,1,1
2016,13,207,822,822,822,0.2027627035,1,1
2016,13,209,71,71,71,0.0774263904,1,1
2016,13,211,86,86,86,0.027284264,1,1
2016,13,213,99,99,99,0.0132512381,1,1
2016,13,215,1095,1095,1095,0.034662868,1,1
2016,13,217,188,188,188,0.0095518748,1,1
2016,13,219,71,71,71,0.0094628815,1,1
2016,13,221,47,47,47,0.0222537879,1,1
2016,13,223,455,455,455,0.0156799228,1,1
2016,13,225,36,36,36,0.0098928277,1,1
2016,13,227,270,270,270,0.061321826,1,1
2016,13,229,90,90,90,0.0246170678,1,1
2016,13,231,,,,,,
2016,13,233,1145,1145,1145,0.1471722365,1,1
2016,13,235,45,45,45,0.0327749454,1,1
2016,13,237,20,20,20,0.0067453626,3,3
2016,13,239,15,15,15,0.045045045,3,3
2016,13,241,83,83,83,0.0368070953,1,1
2016,13,243,10,10,10,0.0101010101,3,3
2016,13,245,318,318,318,0.0102057191,1,1
2016,13,247,561,561,561,0.033874766,1,1
2016,13,249,23,23,23,0.0175438596,3,3
2016,13,251,103,103,103,0.0442439863,1,1
2016,13,253,176,176,176,0.1144343303,1,1
2016,13,255,188,188,188,0.0182435711,1,1
2016,13,257,38,38,38,0.0092977734,1,1
2016,13,259,,,,,,
2016,13,261,25,25,25,0.0053191489,3,3
2016,13,263,,,,,,
2016,13,265,,,,,,
2016,13,267,50,50,50,0.0132908028,1,1
2016,13,269,,,,,,
2016,13,271,10,10,10,0.0057438254,3,3
2016,13,273,19,19,19,0.0133897111,3,3
2016,13,275,460,460,460,0.0523798679,1,1
2016,13,277,49,49,49,0.0063119928,1,1
2016,13,279,27,26,28,0.0048596112,3,3
2016,13,281,61,61,61,0.0603363007,1,1
2016,13,283,13,13,13,0.0110921502,3,3
2016,13,285,164,164,164,0.0132600259,1,1
2016,13,287,31,31,31,0.0228782288,1,1
2016,13,289,54,54,54,0.0633802817,1,1
2016,13,291,66,66,66,0.023117338,1,1
2016,13,293,11,11,11,0.0026315789,3,3
2016,13,295,151,151,151,0.0147417749,1,1
2016,13,297,263,263,263,0.0166582214,1,1
2016,13,299,397,397,397,0.0642810881,1,1
2016,13,301,,,,,,
2016,13,303,,,,,,
2016,13,305,141,141,141,0.0255249819,1,1
2016,13,307,,,,,,
2016,13,309,,,,,,
2016,13,311,143,143,143,0.0248912097,1,1
2016,13,313,684,684,684,0.0320614981,1,1
2016,13,315,,,,,,
2016,13,317,,,,,,
2016,13,319,,,,,,
2016,13,321,30,30,30,0.0090117152,1,1
2016,15,001,,,,,,
2016,15,003,2958,2958,2958,0.0162930322,1,1
2016,15,005,,,,,,
2016,15,007,,,,,,
2016,15,009,,,,,,
2016,16,001,1582,1582,1582,0.0215100548,1,1
2016,16,003,10,10,10,0.0606060606,3,3
2016,16,005,269,268,270,0.0191622738,1,1
2016,16,007,,,,,,
2016,16,009,31,31,31,0.0236280488,1,1
2016,16,011,170,167,173,0.0177787074,1,1
2016,16,013,60,60,60,0.0180722892,1,1
2016,16,015,18,18,18,0.0340909091,3,3
2016,16,017,149,149,149,0.0291414043,1,1
2016,16,019,293,293,293,0.0125112088,1,1
2016,16,021,43,43,43,0.0297372061,1,1
2016,16,023,24,24,24,0.0547945205,3,3
2016,16,025,,,,,,
2016,16,027,1992,1992,1992,0.0524873524,1,1
2016,16,029,25,25,25,0.0184774575,3,3
2016,16,031,58,58,58,0.0106480632,1,1
2016,16,033,26,26,26,0.2063492063,3,3
2016,16,035,136,136,136,0.1206743567,1,1
2016,16,037,,,,,,
2016,16,039,21,21,21,0.0054305663,3,3
2016,16,041,12,12,12,0.0037652965,3,3
2016,16,043,22,22,22,0.01,3,3
2016,16,045,81,81,81,0.0317273796,1,1
2016,16,047,173,173,173,0.0542149796,1,1
2016,16,049,35,35,35,0.0255474453,1,1
2016,16,051,36,36,36,0.0052409375,1,1
2016,16,053,65,65,65,0.0164348925,1,1
2016,16,055,654,654,654,0.0314105951,1,1
2016,16,057,92,91,93,0.0190634065,1,1
2016,16,059,35,34,36,0.0412249706,2,2
2016,16,061,92,92,92,0.14910859,1,1
2016,16,063,55,55,55,0.0573514077,1,1
2016,16,065,47,47,47,0.0067489948,1,1
2016,16,067,157,157,157,0.0371773621,1,1
2016,16,069,173,173,173,0.0323424939,1,1
2016,16,071,,,,,,
2016,16,073,114,114,114,0.0490322581,1,1
2016,16,075,331,331,331,0.077264239,1,1
2016,16,077,,,,,,
2016,16,079,76,76,76,0.0443407235,1,1
2016,16,081,,,,,,
2016,16,083,501,500,502,0.0339730115,1,1
2016,16,085,38,38,38,0.028592927,1,1
2016,16,087,73,73,73,0.0432720806,1,1
2016,17,001,187,187,187,0.0222778175,1,1
2016,17,003,75,75,75,0.0819672131,1,1
2016,17,005,55,55,55,0.0243362832,1,1
2016,17,007,86,86,86,0.0086956522,1,1
2016,17,009,15,15,15,0.0201342282,3,3
2016,17,011,77,74,80,0.0153969206,2,2
2016,17,013,20,20,20,0.0335008375,3,3
2016,17,015,10,10,10,0.0044603033,3,3
2016,17,017,54,54,54,0.0234070221,1,1
2016,17,019,612,609,615,0.0244976383,1,1
2016,17,021,149,149,149,0.0263903649,1,1
2016,17,023,73,73,73,0.0270070292,1,1
2016,17,025,152,152,152,0.0642978003,1,1
2016,17,027,130,128,132,0.0253658537,1,1
2016,17,029,150,150,150,0.0229568411,1,1
2016,17,031,24749,24739,24759,0.0331535157,1,1
2016,17,033,99,99,99,0.0350442478,1,1
2016,17,035,45,45,45,0.0278637771,1,1
2016,17,037,303,303,303,0.0178919398,1,1
2016,17,039,44,44,44,0.0160233066,1,1
2016,17,041,101,100,102,0.0277930655,1,1
2016,17,043,1720,1717,1723,0.0111384536,1,1
2016,17,045,89,88,90,0.0294604436,1,1
2016,17,047,11,11,11,0.0116772824,3,3
2016,17,049,131,131,131,0.0252944584,1,1
2016,17,051,224,224,224,0.0807498198,1,1
2016,17,053,46,45,47,0.0164933668,1,1
2016,17,055,404,404,404,0.0643824701,1,1
2016,17,057,122,122,122,0.0254378649,1,1
2016,17,059,34,34,34,0.0447957839,1,1
2016,17,061,206,206,206,0.1075156576,1,1
2016,17,063,126,125,127,0.0097591201,1,1
2016,17,065,88,88,88,0.0695652174,1,1
2016,17,067,117,116,118,0.039039039,1,1
2016,17,069,,,,,,
2016,17,071,18,18,18,0.0213523132,3,3
2016,17,073,201,201,201,0.0283537876,1,1
2016,17,075,59,59,59,0.013345397,1,1
2016,17,077,425,425,425,0.0585238226,1,1
2016,17,079,33,33,33,0.0235882773,1,1
2016,17,081,694,693,695,0.1157245289,1,1
2016,17,083,93,93,93,0.0358243451,1,1
2016,17,085,10,9,11,0.0079554495,3,3
2016,17,087,118,118,118,0.063304721,1,1
2016,17,089,1728,1728,1728,0.0172938351,1,1
2016,17,091,431,431,431,0.0237845594,1,1
2016,17,093,276,276,276,0.0103401768,1,1
2016,17,095,141,141,141,0.0190026954,1,1
2016,17,097,1290,1285,1295,0.0103671915,1,1
2016,17,099,294,290,298,0.0200915738,1,1
2016,17,101,76,76,76,0.0341419587,1,1
2016,17,103,48,48,48,0.0129624629,1,1
2016,17,105,100,98,102,0.0180864532,1,1
2016,17,107,93,92,94,0.0281051677,1,1
2016,17,109,92,92,92,0.026759744,1,1
2016,17,111,931,929,933,0.0132751565,1,1
2016,17,113,344,342,346,0.013834151,1,1
2016,17,115,233,232,234,0.0149685211,1,1
2016,17,117,366,366,366,0.0430537584,1,1
2016,17,119,1077,1077,1077,0.0263847718,1,1
2016,17,121,505,504,506,0.0739168618,1,1
2016,17,123,22,22,22,0.037414966,3,3
2016,17,125,75,75,75,0.0279850746,1,1
2016,17,127,53,53,53,0.0212765957,1,1
2016,17,129,,,,,,
2016,17,131,34,34,34,0.0121039516,1,1
2016,17,133,107,106,108,0.0206483983,1,1
2016,17,135,216,216,216,0.0496209511,1,1
2016,17,137,37,36,38,0.0077276525,2,2
2016,17,139,42,42,42,0.0256723716,1,1
2016,17,141,80,80,80,0.0109559025,1,1
2016,17,143,891,889,893,0.0310485417,1,1
2016,17,145,38,38,38,0.0171867933,1,1
2016,17,147,20,18,22,0.0076190476,3,3
2016,17,149,71,70,72,0.0277560594,1,1
2016,17,151,18,18,18,0.034026465,3,3
2016,17,153,100,100,100,0.1157407407,1,1
2016,17,155,,,,,,
2016,17,157,307,307,307,0.0739224657,1,1
2016,17,159,152,152,152,0.0621168778,1,1
2016,17,161,273,272,274,0.012698265,1,1
2016,17,163,1372,1369,1375,0.0333171442,1,1
2016,17,165,260,260,260,0.0636474908,1,1
2016,17,167,737,735,739,0.0247041866,1,1
2016,17,169,27,27,27,0.023872679,3,3
2016,17,171,21,21,21,0.0241657077,3,3
2016,17,173,36,36,36,0.0155440415,1,1
2016,17,175,38,38,38,0.0412147505,1,1
2016,17,177,220,217,223,0.0338565713,1,1
2016,17,179,315,315,315,0.0156942853,1,1
2016,17,181,177,177,177,0.0595158036,1,1
2016,17,183,499,498,500,0.0380306379,1,1
2016,17,185,127,127,127,0.0759115362,1,1
2016,17,187,34,34,34,0.0125739645,1,1
2016,17,189,98,97,99,0.0509355509,1,1
2016,17,191,104,104,104,0.0457746479,1,1
2016,17,193,197,197,197,0.0799188641,1,1
2016,17,195,155,155,155,0.0187969925,1,1
2016,17,197,1745,1744,1746,0.0154820736,1,1
2016,17,199,429,429,429,0.0414372646,1,1
2016,17,201,2758,2756,2760,0.0632989833,1,1
2016,17,203,56,54,58,0.0072379475,2,2
2016,18,001,158,158,158,0.0483772198,1,1
2016,18,003,1419,1418,1420,0.0262826449,1,1
2016,18,005,362,362,362,0.0293212376,1,1
2016,18,007,,,,,,
2016,18,009,,,,,,
2016,18,011,255,255,255,0.0211337643,1,1
2016,18,013,,,,,,
2016,18,015,18,18,18,0.0069551777,3,3
2016,18,017,412,412,412,0.0734141126,1,1
2016,18,019,314,314,314,0.0184727615,1,1
2016,18,021,,,,,,
2016,18,023,103,102,104,0.018982676,1,1
2016,18,025,,,,,,
2016,18,027,33,33,33,0.0074762121,1,1
2016,18,029,83,82,84,0.0098645115,1,1
2016,18,031,46,46,46,0.019384745,1,1
2016,18,033,83,83,83,0.015143222,1,1
2016,18,035,122,122,122,0.0101582015,1,1
2016,18,037,,,,,,
2016,18,039,465,465,465,0.0137736967,1,1
2016,18,041,27,27,27,0.0074626866,3,3
2016,18,043,82,82,82,0.0074322487,1,1
2016,18,045,,,,,,
2016,18,047,26,26,26,0.0056880333,3,3
2016,18,049,27,26,28,0.0109311741,3,3
2016,18,051,95,95,95,0.0450023685,1,1
2016,18,053,162,161,163,0.014764856,1,1
2016,18,055,78,77,79,0.0187770823,1,1
2016,18,057,304,303,305,0.0051065831,1,1
2016,18,059,20,20,20,0.0017728925,3,3
2016,18,061,23,23,23,0.0068718255,3,3
2016,18,063,117,116,118,0.0039817588,1,1
2016,18,065,33,33,33,0.0069095477,1,1
2016,18,067,615,613,617,0.0448839585,1,1
2016,18,069,35,35,35,0.0064766839,1,1
2016,18,071,67,66,68,0.010336316,1,1
2016,18,073,55,55,55,0.0109148641,1,1
2016,18,075,,,,,,
2016,18,077,105,105,105,0.0244129272,1,1
2016,18,079,360,360,360,0.0811907984,1,1
2016,18,081,496,496,496,0.0190388454,1,1
2016,18,083,19,19,19,0.0067615658,3,3
2016,18,085,104,104,104,0.0087248322,1,1
2016,18,087,50,50,50,0.0145348837,1,1
2016,18,089,861,857,865,0.0116676153,1,1
2016,18,091,235,232,238,0.0135932439,1,1
2016,18,093,67,67,67,0.0101071051,1,1
2016,18,095,443,441,445,0.0337189831,1,1
2016,18,097,5246,5241,5251,0.0345145203,1,1
2016,18,099,135,134,136,0.0185848018,1,1
2016,18,101,,,,,,
2016,18,103,82,82,82,0.0179824561,1,1
2016,18,105,266,265,267,0.0186522684,1,1
2016,18,107,129,129,129,0.020782987,1,1
2016,18,109,520,519,521,0.0479881875,1,1
2016,18,111,21,21,21,0.0245327103,3,3
2016,18,113,59,58,60,0.0080855146,1,1
2016,18,115,,,,,,
2016,18,117,,,,,,
2016,18,119,157,157,157,0.0575091575,1,1
2016,18,121,24,24,24,0.0110803324,3,3
2016,18,123,245,245,245,0.0823806321,1,1
2016,18,125,,,,,,
2016,18,127,381,381,381,0.015122048,1,1
2016,18,129,28,28,28,0.0078409409,3,3
2016,18,131,10,10,10,0.008912656,3,3
2016,18,133,155,155,155,0.0267934313,1,1
2016,18,135,,,,,,
2016,18,137,68,67,69,0.0218579235,1,1
2016,18,139,14,14,14,0.0066413662,3,3
2016,18,141,431,429,433,0.0114994664,1,1
2016,18,143,43,43,43,0.0166473093,1,1
2016,18,145,113,113,113,0.0208448626,1,1
2016,18,147,14,14,14,0.0042372881,3,3
2016,18,149,,,,,,
2016,18,151,44,43,45,0.0121078701,1,1
2016,18,153,25,24,26,0.0093492895,3,3
2016,18,155,41,41,41,0.0259987318,1,1
2016,18,157,426,426,426,0.018214469,1,1
2016,18,159,20,20,20,0.0119474313,3,3
2016,18,161,,,,,,
2016,18,163,516,516,516,0.0225534333,1,1
2016,18,165,35,35,35,0.019326339,1,1
2016,18,167,163,163,163,0.0110053339,1,1
2016,18,169,13,13,13,0.0043771044,3,3
2016,18,171,,,,,,
2016,18,173,21,21,21,0.0020566056,3,3
2016,18,175,113,113,113,0.0331378299,1,1
2016,18,177,170,170,170,0.029109589,1,1
2016,18,179,51,51,51,0.0113941019,1,1
2016,18,181,,,,,,
2016,18,183,69,69,69,0.0198161976,1,1
2016,19,001,,,,,,
2016,19,003,,,,,,
2016,19,005,,,,,,
2016,19,007,,,,,,
2016,19,009,,,,,,
2016,19,011,32,32,32,0.0202020202,1,1
2016,19,013,258,258,258,0.013970867,1,1
2016,19,015,58,56,60,0.0179122915,2,2
2016,19,017,38,38,38,0.0102232984,1,1
2016,19,019,41,41,41,0.0272063703,1,1
2016,19,021,74,74,74,0.0214928841,1,1
2016,19,023,,,,,,
2016,19,025,,,,,,
2016,19,027,12,12,12,0.0042208934,3,3
2016,19,029,,,,,,
2016,19,031,,,,,,
2016,19,033,98,98,98,0.0185360318,1,1
2016,19,035,,,,,,
2016,19,037,,,,,,
2016,19,039,,,,,,
2016,19,041,,,,,,
2016,19,043,,,,,,
2016,19,045,114,114,114,0.0185697996,1,1
2016,19,047,,,,,,
2016,19,049,130,129,131,0.0073666912,1,1
2016,19,051,,,,,,
2016,19,053,11,11,11,0.0155367232,3,3
2016,19,055,22,22,22,0.0142764439,3,3
2016,19,057,123,122,124,0.0219446922,1,1
2016,19,059,34,34,34,0.0149450549,1,1
2016,19,061,214,214,214,0.0145133944,1,1
2016,19,063,,,,,,
2016,19,065,44,44,44,0.0124083474,1,1
2016,19,067,27,27,27,0.0172744722,3,3
2016,19,069,12,12,12,0.0095238095,3,3
2016,19,071,,,,,,
2016,19,073,11,10,12,0.0071013557,3,3
2016,19,075,,,,,,
2016,19,077,,,,,,
2016,19,079,36,34,38,0.0144694534,3,3
2016,19,081,,,,,,
2016,19,083,18,18,18,0.010989011,3,3
2016,19,085,,,,,,
2016,19,087,,,,,,
2016,19,089,24,24,24,0.0191082803,3,3
2016,19,091,,,,,,
2016,19,093,,,,,,
2016,19,095,10,10,10,0.005800464,3,3
2016,19,097,19,19,19,0.0131124914,3,3
2016,19,099,22,22,22,0.0044471397,3,3
2016,19,101,,,,,,
2016,19,103,532,532,532,0.0324093817,1,1
2016,19,105,38,38,38,0.0201698514,1,1
2016,19,107,,,,,,
2016,19,109,,,,,,
2016,19,111,12,11,13,0.0024038462,3,3
2016,19,113,904,904,904,0.025567057,1,1
2016,19,115,68,67,69,0.0417690418,1,1
2016,19,117,,,,,,
2016,19,119,,,,,,
2016,19,121,52,51,53,0.0153347095,1,1
2016,19,123,40,40,40,0.0131319764,1,1
2016,19,125,21,20,22,0.0040462428,3,3
2016,19,127,29,28,30,0.0040406855,3,3
2016,19,129,,,,,,
2016,19,131,,,,,,
2016,19,133,,,,,,
2016,19,135,,,,,,
2016,19,137,,,,,,
2016,19,139,76,75,77,0.0099763718,1,1
2016,19,141,,,,,,
2016,19,143,,,,,,
2016,19,145,12,11,13,0.0089552239,3,3
2016,19,147,,,,,,
2016,19,149,,,,,,
2016,19,151,,,,,,
2016,19,153,1547,1546,1548,0.0197417115,1,1
2016,19,155,349,349,349,0.0268709578,1,1
2016,19,157,,,,,,
2016,19,159,,,,,,
2016,19,161,,,,,,
2016,19,163,531,531,531,0.0184215091,1,1
2016,19,165,,,,,,
2016,19,167,14,11,17,0.0030501089,3,3
2016,19,169,160,159,161,0.0164999484,1,1
2016,19,171,42,41,43,0.0200286123,1,1
2016,19,173,,,,,,
2016,19,175,,,,,,
2016,19,177,11,11,11,0.0169491525,3,3
2016,19,179,138,138,138,0.0237890019,1,1
2016,19,181,21,20,22,0.0025044723,3,3
2016,19,183,138,137,139,0.0362394958,1,1
2016,19,185,,,,,,
2016,19,187,28,27,29,0.0060475162,3,3
2016,19,189,,,,,,
2016,19,191,,,,,,
2016,19,193,451,448,454,0.0244219418,1,1
2016,19,195,,,,,,
2016,19,197,14,13,15,0.0049365303,3,3
2016,20,001,,,,,,
2016,20,003,18,17,19,0.0147540984,3,3
2016,20,005,13,12,14,0.0056992547,3,3
2016,20,007,,,,,,
2016,20,009,26,26,26,0.0074691181,3,3
2016,20,011,85,84,86,0.0365748709,1,1
2016,20,013,,,,,,
2016,20,015,85,83,87,0.0048185941,1,1
2016,20,017,,,,,,
2016,20,019,,,,,,
2016,20,021,75,75,75,0.0270855905,1,1
2016,20,023,,,,,,
2016,20,025,,,,,,
2016,20,027,,,,,,
2016,20,029,,,,,,
2016,20,031,57,57,57,0.044049459,1,1
2016,20,033,,,,,,
2016,20,035,84,84,84,0.0151981183,1,1
2016,20,037,168,167,169,0.0326530612,1,1
2016,20,039,,,,,,
2016,20,041,,,,,,
2016,20,043,,,,,,
2016,20,045,320,320,320,0.0210512466,1,1
2016,20,047,45,45,45,0.1264044944,1,1
2016,20,049,,,,,,
2016,20,051,22,22,22,0.0069466372,3,3
2016,20,053,,,,,,
2016,20,055,316,316,316,0.0406587751,1,1
2016,20,057,20,19,21,0.0026666667,3,3
2016,20,059,417,417,417,0.1061879297,1,1
2016,20,061,275,275,275,0.0345303867,1,1
2016,20,063,,,,,,
2016,20,065,,,,,,
2016,20,067,,,,,,
2016,20,069,16,16,16,0.0140969163,3,3
2016,20,071,,,,,,
2016,20,073,,,,,,
2016,20,075,,,,,,
2016,20,077,,,,,,
2016,20,079,63,62,64,0.0108024691,1,1
2016,20,081,35,35,35,0.0746268657,1,1
2016,20,083,,,,,,
2016,20,085,,,,,,
2016,20,087,18,17,19,0.0071599045,3,3
2016,20,089,,,,,,
2016,20,091,1039,1039,1039,0.0111932259,1,1
2016,20,093,11,11,11,0.0167427702,3,3
2016,20,095,,,,,,
2016,20,097,,,,,,
2016,20,099,23,23,23,0.0066473988,3,3
2016,20,101,,,,,,
2016,20,103,182,179,185,0.0135084985,1,1
2016,20,105,,,,,,
2016,20,107,84,84,84,0.054368932,1,1
2016,20,109,,,,,,
2016,20,111,47,47,47,0.0092903736,1,1
2016,20,113,42,41,43,0.0104973757,1,1
2016,20,115,,,,,,
2016,20,117,,,,,,
2016,20,119,13,12,14,0.0228873239,3,3
2016,20,121,192,192,192,0.0215827338,1,1
2016,20,123,,,,,,
2016,20,125,31,30,32,0.005537692,2,2
2016,20,127,,,,,,
2016,20,129,61,60,62,0.0473970474,1,1
2016,20,131,,,,,,
2016,20,133,,,,,,
2016,20,135,,,,,,
2016,20,137,,,,,,
2016,20,139,34,33,35,0.0185690879,2,2
2016,20,141,,,,,,
2016,20,143,,,,,,
2016,20,145,,,,,,
2016,20,147,,,,,,
2016,20,149,48,48,48,0.0254372019,1,1
2016,20,151,15,15,15,0.0112781955,3,3
2016,20,153,,,,,,
2016,20,155,118,117,119,0.0122026887,1,1
2016,20,157,,,,,,
2016,20,159,31,31,31,0.0230141054,1,1
2016,20,161,329,328,330,0.0450438116,1,1
2016,20,163,,,,,,
2016,20,165,108,108,108,0.4390243902,1,1
2016,20,167,,,,,,
2016,20,169,95,95,95,0.0130387044,1,1
2016,20,171,10,10,10,0.0097751711,3,3
2016,20,173,2534,2533,2535,0.0298363358,1,1
2016,20,175,192,192,192,0.0383923215,1,1
2016,20,177,556,554,558,0.0196995465,1,1
2016,20,179,,,,,,
2016,20,181,,,,,,
2016,20,183,,,,,,
2016,20,185,,,,,,
2016,20,187,,,,,,
2016,20,189,62,62,62,0.0500807754,1,1
2016,20,191,84,83,85,0.0338164251,1,1
2016,20,193,,,,,,
2016,20,195,,,,,,
2016,20,197,,,,,,
2016,20,199,,,,,,
2016,20,201,,,,,,
2016,20,203,33,33,33,0.0800970874,1,1
2016,20,205,27,27,27,0.0193548387,3,3
2016,20,207,59,59,59,0.1201629328,1,1
2016,20,209,984,982,986,0.0316012589,1,1
2016,21,001,40,40,40,0.0152033447,1,1
2016,21,003,43,43,43,0.0140202152,1,1
2016,21,005,22,22,22,0.0058047493,3,3
2016,21,007,47,47,47,0.0340826686,1,1
2016,21,009,699,699,699,0.0851089736,1,1
2016,21,011,136,136,136,0.0655421687,1,1
2016,21,013,655,655,655,0.1385950063,1,1
2016,21,015,417,417,417,0.0186061039,1,1
2016,21,017,245,245,245,0.0674373796,1,1
2016,21,019,718,718,718,0.0989116958,1,1
2016,21,021,106,105,107,0.0223628692,1,1
2016,21,023,42,42,42,0.0270967742,1,1
2016,21,025,259,259,259,0.1123644252,1,1
2016,21,027,56,55,57,0.0174454829,1,1
2016,21,029,388,388,388,0.029124756,1,1
2016,21,031,56,56,56,0.0246045694,1,1
2016,21,033,18,18,18,0.0088845015,3,3
2016,21,035,16,15,17,0.0033195021,3,3
2016,21,037,678,678,678,0.0571428571,1,1
2016,21,039,95,95,95,0.1238591917,1,1
2016,21,041,24,24,24,0.0113582584,3,3
2016,21,043,381,381,381,0.0833151104,1,1
2016,21,045,18,18,18,0.0076988879,3,3
2016,21,047,290,290,290,0.0329433148,1,1
2016,21,049,95,95,95,0.0170648464,1,1
2016,21,051,324,324,324,0.0983009709,1,1
2016,21,053,32,32,32,0.0179472799,1,1
2016,21,055,301,301,301,0.2197080292,1,1
2016,21,057,79,79,79,0.0863387978,1,1
2016,21,059,407,407,407,0.0240985257,1,1
2016,21,061,26,26,26,0.0132180986,3,3
2016,21,063,124,124,124,0.1157796452,1,1
2016,21,065,98,98,98,0.0408673895,1,1
2016,21,067,976,976,976,0.0234852495,1,1
2016,21,069,214,214,214,0.0925605536,1,1
2016,21,071,90,90,90,0.0151489648,1,1
2016,21,073,373,373,373,0.0516620499,1,1
2016,21,075,37,36,38,0.037,2,2
2016,21,077,103,103,103,0.0616766467,1,1
2016,21,079,22,22,22,0.008061561,3,3
2016,21,081,87,87,87,0.0182084554,1,1
2016,21,083,581,581,581,0.0919886004,1,1
2016,21,085,31,31,31,0.0071593533,1,1
2016,21,087,15,15,15,0.0092592593,3,3
2016,21,089,243,243,243,0.0389111289,1,1
2016,21,091,,,,,,
2016,21,093,142,142,142,0.00832015,1,1
2016,21,095,1291,1291,1291,0.2637385087,1,1
2016,21,097,309,309,309,0.102521566,1,1
2016,21,099,49,49,49,0.0200655201,1,1
2016,21,101,358,358,358,0.047185976,1,1
2016,21,103,150,150,150,0.0496853263,1,1
2016,21,105,,,,,,
2016,21,107,49,49,49,0.0071138211,1,1
2016,21,109,201,201,201,0.0872774642,1,1
2016,21,111,5766,5766,5766,0.0577680262,1,1
2016,21,113,351,351,351,0.0424836601,1,1
2016,21,115,29,29,29,0.0065909091,3,3
2016,21,117,1623,1623,1623,0.0701322271,1,1
2016,21,119,492,492,492,0.2070707071,1,1
2016,21,121,224,224,224,0.0431100847,1,1
2016,21,123,32,32,32,0.013559322,1,1
2016,21,125,63,63,63,0.0067734652,1,1
2016,21,127,532,532,532,0.2066822067,1,1
2016,21,129,117,117,117,0.1231578947,1,1
2016,21,131,182,182,182,0.102189781,1,1
2016,21,133,395,395,395,0.109146173,1,1
2016,21,135,125,125,125,0.0545851528,1,1
2016,21,137,19,19,19,0.0048272358,3,3
2016,21,139,66,66,66,0.0532687651,1,1
2016,21,141,230,230,230,0.0491558025,1,1
2016,21,143,10,10,10,0.0107874865,3,3
2016,21,145,283,283,283,0.027507776,1,1
2016,21,147,,,,,,
2016,21,149,,,,,,
2016,21,151,167,167,167,0.0128283915,1,1
2016,21,153,105,105,105,0.048454084,1,1
2016,21,155,,,,,,
2016,21,157,245,245,245,0.0497765136,1,1
2016,21,159,14,14,14,0.0069547938,3,3
2016,21,161,22,22,22,0.0077931279,3,3
2016,21,163,119,119,119,0.0239919355,1,1
2016,21,165,28,28,28,0.0272638754,3,3
2016,21,167,47,47,47,0.0140298507,1,1
2016,21,169,11,11,11,0.0066385033,3,3
2016,21,171,45,45,45,0.0244831338,1,1
2016,21,173,246,246,246,0.050193838,1,1
2016,21,175,27,27,27,0.0133070478,3,3
2016,21,177,12,12,12,0.0024590164,3,3
2016,21,179,52,52,52,0.0070156503,1,1
2016,21,181,51,51,51,0.0427135678,1,1
2016,21,183,63,63,63,0.0145027624,1,1
2016,21,185,21,21,21,0.0016839067,3,3
2016,21,187,36,36,36,0.018907563,1,1
2016,21,189,,,,,,
2016,21,191,31,31,31,0.0127782358,1,1
2016,21,193,745,745,745,0.1442400774,1,1
2016,21,195,769,769,769,0.0764337541,1,1
2016,21,197,60,60,60,0.0243803332,1,1
2016,21,199,78,78,78,0.0076862436,1,1
2016,21,201,15,15,15,0.037037037,3,3
2016,21,203,399,399,399,0.138637943,1,1
2016,21,205,622,622,622,0.1880290206,1,1
2016,21,207,317,317,317,0.1031229668,1,1
2016,21,209,403,403,403,0.0437757984,1,1
2016,21,211,33,33,33,0.0046302792,1,1
2016,21,213,43,43,43,0.0141076115,1,1
2016,21,215,96,96,96,0.0321070234,1,1
2016,21,217,85,85,85,0.0224927229,1,1
2016,21,219,31,31,31,0.0148325359,1,1
2016,21,221,26,26,26,0.0127952756,3,3
2016,21,223,,,,,,
2016,21,225,24,24,24,0.0108548168,3,3
2016,21,227,221,221,221,0.0112268225,1,1
2016,21,229,37,37,37,0.0216627635,1,1
2016,21,231,63,63,63,0.0188509874,1,1
2016,21,233,177,177,177,0.0761290323,1,1
2016,21,235,257,257,257,0.0305261908,1,1
2016,21,237,,,,,,
2016,21,239,44,44,44,0.0107082015,1,1
2016,22,001,231,231,231,0.0234779957,1,1
2016,22,003,,,,,,
2016,22,005,184,184,184,0.0083857442,1,1
2016,22,007,294,294,294,0.0819169685,1,1
2016,22,009,44,44,44,0.0079508493,1,1
2016,22,011,85,85,85,0.014280914,1,1
2016,22,013,32,32,32,0.0141467728,1,1
2016,22,015,619,619,619,0.0278189744,1,1
2016,22,017,2027,2027,2027,0.0498990695,1,1
2016,22,019,998,996,1000,0.0291080908,1,1
2016,22,021,30,30,30,0.019206146,1,1
2016,22,023,22,22,22,0.0163204748,3,3
2016,22,025,,,,,,
2016,22,027,33,33,33,0.0193095377,1,1
2016,22,029,217,217,217,0.0635804278,1,1
2016,22,031,28,28,28,0.0054676821,3,3
2016,22,033,6080,6079,6081,0.1055518906,1,1
2016,22,035,13,13,13,0.012392755,3,3
2016,22,037,129,129,129,0.0640516385,1,1
2016,22,039,23,23,23,0.0038500167,3,3
2016,22,041,,,,,,
2016,22,043,207,207,207,0.0681818182,1,1
2016,22,045,,,,,,
2016,22,047,227,227,227,0.0456098051,1,1
2016,22,049,22,22,22,0.0099863822,3,3
2016,22,051,877,876,878,0.0179294272,1,1
2016,22,053,199,199,199,0.033711672,1,1
2016,22,055,1310,1310,1310,0.0407414319,1,1
2016,22,057,737,737,737,0.0502968675,1,1
2016,22,059,568,568,568,0.2188824663,1,1
2016,22,061,,,,,,
2016,22,063,5683,5683,5683,0.2259642147,1,1
2016,22,065,106,106,106,0.0598870056,1,1
2016,22,067,33,33,33,0.0080902182,1,1
2016,22,069,226,226,226,0.0338983051,1,1
2016,22,071,3177,3176,3178,0.0637746909,1,1
2016,22,073,319,319,319,0.0114872164,1,1
2016,22,075,123,123,123,0.0303030303,1,1
2016,22,077,122,122,122,0.0408163265,1,1
2016,22,079,856,856,856,0.0363992006,1,1
2016,22,081,105,105,105,0.070754717,1,1
2016,22,083,15,15,15,0.0050234427,3,3
2016,22,085,39,39,39,0.0088596093,1,1
2016,22,087,82,82,82,0.0108825481,1,1
2016,22,089,42,42,42,0.0045069213,1,1
2016,22,091,41,41,41,0.0336065574,1,1
2016,22,093,26,26,26,0.0069112174,3,3
2016,22,095,75,75,75,0.0125397091,1,1
2016,22,097,86,86,86,0.0060576178,1,1
2016,22,099,195,195,195,0.0238999877,1,1
2016,22,101,303,302,304,0.0334695681,1,1
2016,22,103,1217,1217,1217,0.0318003658,1,1
2016,22,105,758,758,758,0.0391246,1,1
2016,22,107,,,,,,
2016,22,109,1006,1006,1006,0.0561477926,1,1
2016,22,111,31,31,31,0.0146710838,1,1
2016,22,113,224,224,224,0.0232848233,1,1
2016,22,115,,,,,,
2016,22,117,113,113,113,0.0168004758,1,1
2016,22,119,147,147,147,0.0233111323,1,1
2016,22,121,225,225,225,0.0579001544,1,1
2016,22,123,,,,,,
2016,22,125,60,60,60,0.0276370336,1,1
2016,22,127,34,34,34,0.014208107,1,1
2016,23,001,336,336,336,0.0197438007,1,1
2016,23,003,45,41,49,0.00652363,3,3
2016,23,005,702,700,704,0.0217620435,1,1
2016,23,007,28,26,30,0.0092135571,3,3
2016,23,009,66,62,70,0.0155917789,3,3
2016,23,011,296,296,296,0.0203282742,1,1
2016,23,013,77,76,78,0.0150950794,1,1
2016,23,015,21,17,25,0.0131992458,3,3
2016,23,017,132,130,134,0.0152161383,1,1
2016,23,019,234,232,236,0.0134420956,1,1
2016,23,021,,,,,,
2016,23,023,71,70,72,0.0157358156,1,1
2016,23,025,84,84,84,0.0133375675,1,1
2016,23,027,46,44,48,0.0129140932,2,2
2016,23,029,,,,,,
2016,23,031,356,354,358,0.0147399801,1,1
2016,24,001,85,85,85,0.0097678695,1,1
2016,24,003,1163,1163,1163,0.0142862407,1,1
2016,24,005,3009,3009,3009,0.02683277,1,1
2016,24,009,164,164,164,0.0102821317,1,1
2016,24,011,133,133,133,0.0233128834,1,1
2016,24,013,192,192,192,0.007602455,1,1
2016,24,015,1001,1001,1001,0.064031216,1,1
2016,24,017,526,526,526,0.0199317923,1,1
2016,24,019,189,189,189,0.039244186,1,1
2016,24,021,829,829,829,0.0200643803,1,1
2016,24,023,39,39,39,0.0101747978,1,1
2016,24,025,411,411,411,0.0109816705,1,1
2016,24,027,487,487,487,0.0087548988,1,1
2016,24,029,111,111,111,0.0554722639,1,1
2016,24,031,1485,1485,1485,0.0093390353,1,1
2016,24,033,2393,2393,2393,0.0181699456,1,1
2016,24,035,127,127,127,0.0163849826,1,1
2016,24,037,316,316,316,0.0174904522,1,1
2016,24,039,147,147,147,0.0496957404,1,1
2016,24,041,183,183,183,0.0398432397,1,1
2016,24,043,812,812,812,0.0360168552,1,1
2016,24,045,803,803,803,0.0539324333,1,1
2016,24,047,243,243,243,0.0364481776,1,1
2016,24,510,2659,2659,2659,0.0321309891,1,1
2016,25,001,381,380,382,0.0163491246,1,1
2016,25,003,183,182,184,0.0123240622,1,1
2016,25,005,1981,1977,1985,0.0248825583,1,1
2016,25,007,22,21,23,0.0216322517,3,3
2016,25,009,2692,2688,2696,0.0257118024,1,1
2016,25,011,182,179,185,0.0216899059,1,1
2016,25,013,2574,2570,2578,0.0359376745,1,1
2016,25,015,165,160,170,0.0106280193,2,2
2016,25,017,2658,2651,2665,0.0128988426,1,1
2016,25,019,,,,,,
2016,25,021,558,556,560,0.0060483215,1,1
2016,25,023,906,902,910,0.0110632166,1,1
2016,25,025,3722,3720,3724,0.0451463435,1,1
2016,25,027,4830,4823,4837,0.0383342461,1,1
2016,26,001,35,35,35,0.0499286733,1,1
2016,26,003,53,53,53,0.0516066212,1,1
2016,26,005,752,752,752,0.0418195974,1,1
2016,26,007,151,151,151,0.0363242723,1,1
2016,26,009,172,172,172,0.0509478673,1,1
2016,26,011,145,145,145,0.069980695,1,1
2016,26,013,37,37,37,0.0351377018,1,1
2016,26,015,420,419,421,0.0461031833,1,1
2016,26,017,368,368,368,0.0245956423,1,1
2016,26,019,123,123,123,0.0620585267,1,1
2016,26,021,751,749,753,0.0284502027,1,1
2016,26,023,636,636,636,0.0884561892,1,1
2016,26,025,804,804,804,0.0383642697,1,1
2016,26,027,323,323,323,0.0470502549,1,1
2016,26,029,222,221,223,0.0548148148,1,1
2016,26,031,164,164,164,0.054214876,1,1
2016,26,033,235,233,237,0.0427583697,1,1
2016,26,035,120,120,120,0.0283353011,1,1
2016,26,037,249,248,250,0.0242194339,1,1
2016,26,039,38,38,38,0.0234134319,1,1
2016,26,041,147,147,147,0.0310519645,1,1
2016,26,043,90,90,90,0.024576734,1,1
2016,26,045,706,706,706,0.0391114066,1,1
2016,26,047,163,163,163,0.0354039965,1,1
2016,26,049,1827,1825,1829,0.0266929652,1,1
2016,26,051,88,88,88,0.0315186246,1,1
2016,26,053,74,74,74,0.0449301761,1,1
2016,26,055,540,540,540,0.0409773866,1,1
2016,26,057,265,265,265,0.0422580131,1,1
2016,26,059,479,477,481,0.0763224984,1,1
2016,26,061,75,75,75,0.014010835,1,1
2016,26,063,120,118,122,0.024691358,1,1
2016,26,065,1396,1396,1396,0.0327638002,1,1
2016,26,067,308,308,308,0.0370905588,1,1
2016,26,069,434,434,434,0.1098734177,1,1
2016,26,071,23,23,23,0.0177743431,3,3
2016,26,073,299,299,299,0.0452824474,1,1
2016,26,075,996,996,996,0.0409287035,1,1
2016,26,077,1324,1323,1325,0.0366130192,1,1
2016,26,079,180,180,180,0.087804878,1,1
2016,26,081,2410,2405,2415,0.0221236907,1,1
2016,26,083,,,,,,
2016,26,085,72,72,72,0.1409001957,1,1
2016,26,087,329,329,329,0.0268812812,1,1
2016,26,089,119,119,119,0.0633315593,1,1
2016,26,091,502,502,502,0.0320480082,1,1
2016,26,093,417,416,418,0.0156955736,1,1
2016,26,095,52,52,52,0.0778443114,1,1
2016,26,097,57,56,58,0.0469522241,1,1
2016,26,099,1701,1699,1703,0.0133990815,1,1
2016,26,101,239,238,240,0.0430785869,1,1
2016,26,103,184,183,185,0.0219178082,1,1
2016,26,105,364,364,364,0.0820559062,1,1
2016,26,107,222,222,222,0.0352380952,1,1
2016,26,109,126,126,126,0.0344450519,1,1
2016,26,111,363,363,363,0.0265622713,1,1
2016,26,113,96,96,96,0.0443828017,1,1
2016,26,115,763,763,763,0.0322389825,1,1
2016,26,117,366,366,366,0.0382525084,1,1
2016,26,119,33,33,33,0.047008547,1,1
2016,26,121,960,960,960,0.0328643319,1,1
2016,26,123,728,727,729,0.091838022,1,1
2016,26,125,1914,1910,1918,0.0106117561,1,1
2016,26,127,337,337,337,0.1052467208,1,1
2016,26,129,115,115,115,0.0530932595,1,1
2016,26,131,29,28,30,0.0487394958,3,3
2016,26,133,288,288,288,0.0733384263,1,1
2016,26,135,61,61,61,0.0727056019,1,1
2016,26,137,81,81,81,0.0207852194,1,1
2016,26,139,962,961,963,0.0211145497,1,1
2016,26,141,60,60,60,0.0424028269,1,1
2016,26,143,148,148,148,0.0554722639,1,1
2016,26,145,631,631,631,0.0227534978,1,1
2016,26,147,622,621,623,0.0219160706,1,1
2016,26,149,602,601,603,0.0552749977,1,1
2016,26,151,329,329,329,0.0498182919,1,1
2016,26,153,24,24,24,0.0297029703,3,3
2016,26,155,453,453,453,0.0383670704,1,1
2016,26,157,405,404,406,0.0512982901,1,1
2016,26,159,798,798,798,0.0519294592,1,1
2016,26,161,1107,1104,1110,0.025042416,1,1
2016,26,163,4411,4401,4421,0.0166649665,1,1
2016,26,165,195,195,195,0.0337078652,1,1
2016,27,001,,,,,,
2016,27,003,1775,1773,1777,0.0276225898,1,1
2016,27,005,132,132,132,0.0282594733,1,1
2016,27,007,546,545,547,0.0703608247,1,1
2016,27,009,63,63,63,0.0096729618,1,1
2016,27,011,,,,,,
2016,27,013,331,330,332,0.029535112,1,1
2016,27,015,47,46,48,0.0166903409,1,1
2016,27,017,119,119,119,0.0195530726,1,1
2016,27,019,93,91,95,0.005981092,1,1
2016,27,021,157,157,157,0.0377585378,1,1
2016,27,023,15,15,15,0.0213675214,3,3
2016,27,025,79,78,80,0.0105151071,1,1
2016,27,027,158,156,160,0.0150619638,1,1
2016,27,029,,,,,,
2016,27,031,,,,,,
2016,27,033,,,,,,
2016,27,035,99,98,100,0.0103415857,1,1
2016,27,037,913,913,913,0.0122515801,1,1
2016,27,039,31,31,31,0.0077383924,1,1
2016,27,041,62,61,63,0.0112706781,1,1
2016,27,043,,,,,,
2016,27,045,,,,,,
2016,27,047,20,20,20,0.0049788399,3,3
2016,27,049,67,66,68,0.012345679,1,1
2016,27,051,,,,,,
2016,27,053,6002,5990,6014,0.0369588108,1,1
2016,27,055,35,33,37,0.008049678,3,3
2016,27,057,15,15,15,0.0057537399,3,3
2016,27,059,144,144,144,0.0245398773,1,1
2016,27,061,100,100,100,0.0160025604,1,1
2016,27,063,,,,,,
2016,27,065,81,81,81,0.036437247,1,1
2016,27,067,73,73,73,0.0127332984,1,1
2016,27,069,,,,,,
2016,27,071,,,,,,
2016,27,073,,,,,,
2016,27,075,29,29,29,0.0208483106,3,3
2016,27,077,,,,,,
2016,27,079,46,45,47,0.0185708518,1,1
2016,27,081,,,,,,
2016,27,083,49,48,50,0.0153220763,1,1
2016,27,085,34,34,34,0.0071896807,1,1
2016,27,087,89,89,89,0.1340361446,1,1
2016,27,089,22,22,22,0.0465116279,3,3
2016,27,091,70,69,71,0.0311111111,1,1
2016,27,093,12,11,13,0.0049443758,3,3
2016,27,095,99,99,99,0.0175097276,1,1
2016,27,097,17,15,19,0.0045009267,3,3
2016,27,099,63,61,65,0.0102439024,2,2
2016,27,101,12,12,12,0.0111835974,3,3
2016,27,103,47,45,49,0.0179801071,2,2
2016,27,105,10,7,13,0.0022967386,3,3
2016,27,107,17,16,18,0.0151921358,3,3
2016,27,109,552,552,552,0.0244291025,1,1
2016,27,111,44,40,48,0.0058370921,3,3
2016,27,113,,,,,,
2016,27,115,80,79,81,0.026272578,1,1
2016,27,117,12,11,13,0.0077720207,3,3
2016,27,119,92,89,95,0.0202509355,2,2
2016,27,121,,,,,,
2016,27,123,2847,2841,2853,0.0334748204,1,1
2016,27,125,,,,,,
2016,27,127,31,28,34,0.0124398074,3,3
2016,27,129,13,11,15,0.0072829132,3,3
2016,27,131,226,223,229,0.0265445149,1,1
2016,27,133,,,,,,
2016,27,135,17,16,18,0.0077484047,3,3
2016,27,137,635,628,642,0.0260352604,1,1
2016,27,139,124,124,124,0.0050472159,1,1
2016,27,141,121,121,121,0.0060463722,1,1
2016,27,143,13,11,15,0.0094408134,3,3
2016,27,145,468,464,472,0.0252754375,1,1
2016,27,147,137,135,139,0.0205582233,1,1
2016,27,149,,,,,,
2016,27,151,,,,,,
2016,27,153,100,100,100,0.033557047,1,1
2016,27,155,,,,,,
2016,27,157,22,20,24,0.0055443548,3,3
2016,27,159,22,22,22,0.0085803432,3,3
2016,27,161,12,12,12,0.0159786951,3,3
2016,27,163,266,264,268,0.0069838269,1,1
2016,27,165,18,18,18,0.0168381665,3,3
2016,27,167,,,,,,
2016,27,169,51,48,54,0.0121834687,3,3
2016,27,171,117,114,120,0.0043843214,2,2
2016,27,173,,,,,,
2016,28,001,38,38,38,0.010982659,1,1
2016,28,003,337,337,337,0.0569930661,1,1
2016,28,005,,,,,,
2016,28,007,,,,,,
2016,28,009,,,,,,
2016,28,011,236,236,236,0.0661991585,1,1
2016,28,013,30,30,30,0.0118436636,1,1
2016,28,015,,,,,,
2016,28,017,,,,,,
2016,28,019,,,,,,
2016,28,021,,,,,,
2016,28,023,,,,,,
2016,28,025,,,,,,
2016,28,027,71,71,71,0.0170263789,1,1
2016,28,029,,,,,,
2016,28,031,21,21,21,0.0072289157,3,3
2016,28,033,,,,,,
2016,28,035,150,150,150,0.016687062,1,1
2016,28,037,,,,,,
2016,28,039,57,57,57,0.0139637433,1,1
2016,28,041,,,,,,
2016,28,043,,,,,,
2016,28,045,,,,,,
2016,28,047,2020,2020,2020,0.0661384323,1,1
2016,28,049,4593,4593,4593,0.1393845594,1,1
2016,28,051,,,,,,
2016,28,053,,,,,,
2016,28,055,,,,,,
2016,28,057,87,87,87,0.0242339833,1,1
2016,28,059,224,224,224,0.0171621207,1,1
2016,28,061,,,,,,
2016,28,063,,,,,,
2016,28,065,46,46,46,0.0323943662,1,1
2016,28,067,65,65,65,0.005485695,1,1
2016,28,069,,,,,,
2016,28,071,145,145,145,0.0509486999,1,1
2016,28,073,105,105,105,0.0106135651,1,1
2016,28,075,304,304,304,0.0252010279,1,1
2016,28,077,,,,,,
2016,28,079,130,130,130,0.0446428571,1,1
2016,28,081,400,400,400,0.0248957491,1,1
2016,28,083,229,229,229,0.0446132866,1,1
2016,28,085,15,15,15,0.0046569388,3,3
2016,28,087,88,88,88,0.0094613482,1,1
2016,28,089,,,,,,
2016,28,091,63,62,64,0.0167464115,1,1
2016,28,093,150,150,150,0.0332152347,1,1
2016,28,095,47,47,47,0.0086492455,1,1
2016,28,097,37,37,37,0.0325991189,1,1
2016,28,099,19,19,19,0.0056530794,3,3
2016,28,101,155,155,155,0.1654215582,1,1
2016,28,103,48,48,48,0.0293577982,1,1
2016,28,105,,,,,,
2016,28,107,,,,,,
2016,28,109,55,55,55,0.0152059718,1,1
2016,28,111,,,,,,
2016,28,113,58,58,58,0.0216741405,1,1
2016,28,115,50,50,50,0.0083794201,1,1
2016,28,117,,,,,,
2016,28,119,,,,,,
2016,28,121,28,28,28,0.006631928,3,3
2016,28,123,,,,,,
2016,28,125,,,,,,
2016,28,127,299,299,299,0.0821202966,1,1
2016,28,129,,,,,,
2016,28,131,29,29,29,0.0113458529,3,3
2016,28,133,,,,,,
2016,28,135,,,,,,
2016,28,137,33,33,33,0.0124575311,1,1
2016,28,139,,,,,,
2016,28,141,17,17,17,0.0055230669,3,3
2016,28,143,,,,,,
2016,28,145,17,17,17,0.0060070671,3,3
2016,28,147,,,,,,
2016,28,149,265,265,265,0.031885453,1,1
2016,28,151,61,61,61,0.0087167762,1,1
2016,28,153,,,,,,
2016,28,155,,,,,,
2016,28,157,49,49,49,0.0400326797,1,1
2016,28,159,,,,,,
2016,28,161,32,32,32,0.0281195079,1,1
2016,28,163,41,41,41,0.0259493671,1,1
2016,29,001,,,,,,
2016,29,003,,,,,,
2016,29,005,,,,,,
2016,29,007,188,188,188,0.0785953177,1,1
2016,29,009,268,268,268,0.0427705075,1,1
2016,29,011,28,28,28,0.0164705882,3,3
2016,29,013,,,,,,
2016,29,015,101,101,101,0.0416666667,1,1
2016,29,017,41,41,41,0.0276653171,1,1
2016,29,019,335,335,335,0.0163183789,1,1
2016,29,021,487,487,487,0.0391794047,1,1
2016,29,023,98,98,98,0.0141129032,1,1
2016,29,025,27,25,29,0.022556391,3,3
2016,29,027,68,67,69,0.0180323522,1,1
2016,29,029,696,696,696,0.1309994353,1,1
2016,29,031,436,435,437,0.0441518987,1,1
2016,29,033,17,17,17,0.0193401593,3,3
2016,29,035,127,127,127,0.102917342,1,1
2016,29,037,561,560,562,0.031013323,1,1
2016,29,039,34,34,34,0.0160984848,1,1
2016,29,041,,,,,,
2016,29,043,280,280,280,0.0183702926,1,1
2016,29,045,,,,,,
2016,29,047,838,838,838,0.0201287471,1,1
2016,29,049,112,112,112,0.0324167873,1,1
2016,29,051,111,109,113,0.0097814593,1,1
2016,29,053,26,26,26,0.0172757475,3,3
2016,29,055,61,61,61,0.0251339102,1,1
2016,29,057,,,,,,
2016,29,059,51,51,51,0.0302491103,1,1
2016,29,061,,,,,,
2016,29,063,49,48,50,0.0740181269,1,1
2016,29,065,42,42,42,0.0275049116,1,1
2016,29,067,,,,,,
2016,29,069,56,56,56,0.0152049959,1,1
2016,29,071,675,675,675,0.0427919361,1,1
2016,29,073,111,111,111,0.038052794,1,1
2016,29,075,,,,,,
2016,29,077,2099,2098,2100,0.0567082725,1,1
2016,29,079,17,15,19,0.0119298246,3,3
2016,29,081,10,9,11,0.0085034014,3,3
2016,29,083,70,69,71,0.0278219396,1,1
2016,29,085,,,,,,
2016,29,087,,,,,,
2016,29,089,43,42,44,0.0297990298,1,1
2016,29,091,156,155,157,0.0313064419,1,1
2016,29,093,,,,,,
2016,29,095,4271,4270,4272,0.0405633856,1,1
2016,29,097,593,593,593,0.0285370549,1,1
2016,29,099,1003,1003,1003,0.0318029044,1,1
2016,29,101,395,394,396,0.054302997,1,1
2016,29,103,,,,,,
2016,29,105,139,138,140,0.0263657056,1,1
2016,29,107,129,129,129,0.03877367,1,1
2016,29,109,229,229,229,0.0485993209,1,1
2016,29,111,,,,,,
2016,29,113,112,112,112,0.0121765601,1,1
2016,29,115,26,24,28,0.0147811256,3,3
2016,29,117,33,33,33,0.0176470588,1,1
2016,29,119,102,102,102,0.0265694191,1,1
2016,29,121,,,,,,
2016,29,123,22,22,22,0.0111788618,3,3
2016,29,125,,,,,,
2016,29,127,132,132,132,0.027638191,1,1
2016,29,129,,,,,,
2016,29,131,30,29,31,0.0064808814,2,2
2016,29,133,,,,,,
2016,29,135,35,35,35,0.0176678445,1,1
2016,29,137,,,,,,
2016,29,139,46,46,46,0.0288220551,1,1
2016,29,141,104,104,104,0.0504609413,1,1
2016,29,143,15,15,15,0.01525941,3,3
2016,29,145,568,568,568,0.0661310979,1,1
2016,29,147,,,,,,
2016,29,149,47,47,47,0.0304010349,1,1
2016,29,151,,,,,,
2016,29,153,,,,,,
2016,29,155,,,,,,
2016,29,157,68,68,68,0.0297072958,1,1
2016,29,159,877,877,877,0.145947745,1,1
2016,29,161,115,114,116,0.0182771774,1,1
2016,29,163,,,,,,
2016,29,165,199,198,200,0.0117162202,1,1
2016,29,167,176,175,177,0.0377277599,1,1
2016,29,169,192,191,193,0.0217934166,1,1
2016,29,171,,,,,,
2016,29,173,11,11,11,0.0145118734,3,3
2016,29,175,22,21,23,0.0070762303,3,3
2016,29,177,,,,,,
2016,29,179,,,,,,
2016,29,181,118,117,119,0.0567035079,1,1
2016,29,183,803,803,803,0.013493984,1,1
2016,29,185,10,10,10,0.119047619,3,3
2016,29,186,41,41,41,0.0221262817,1,1
2016,29,187,527,527,527,0.048827944,1,1
2016,29,189,5456,5455,5457,0.039746485,1,1
2016,29,195,366,365,367,0.1104738907,1,1
2016,29,197,,,,,,
2016,29,199,,,,,,
2016,29,201,101,101,101,0.0168670675,1,1
2016,29,203,25,25,25,0.0174581006,3,3
2016,29,205,,,,,,
2016,29,207,14,13,15,0.0034313725,3,3
2016,29,209,146,146,146,0.0418698021,1,1
2016,29,211,60,60,60,0.0640341515,1,1
2016,29,213,956,956,956,0.1263046638,1,1
2016,29,215,44,43,45,0.0194174757,1,1
2016,29,217,147,147,147,0.0604440789,1,1
2016,29,219,409,409,409,0.0843995047,1,1
2016,29,221,108,107,109,0.0334987593,1,1
2016,29,223,,,,,,
2016,29,225,222,222,222,0.0384016606,1,1
2016,29,227,,,,,,
2016,29,229,45,44,46,0.0156521739,1,1
2016,29,510,6126,6125,6127,0.1637136214,1,1
2016,30,001,,,,,,
2016,30,003,13,12,14,0.0335051546,3,3
2016,30,005,76,76,76,0.3140495868,1,1
2016,30,007,,,,,,
2016,30,009,,,,,,
2016,30,011,,,,,,
2016,30,013,353,353,353,0.0344390244,1,1
2016,30,015,,,,,,
2016,30,017,,,,,,
2016,30,019,,,,,,
2016,30,021,10,10,10,0.0081168831,3,3
2016,30,023,64,64,64,0.0599812559,1,1
2016,30,025,,,,,,
2016,30,027,,,,,,
2016,30,029,550,550,550,0.0462690334,1,1
2016,30,031,261,259,263,0.0233661594,1,1
2016,30,033,,,,,,
2016,30,035,225,225,225,0.1100244499,1,1
2016,30,037,,,,,,
2016,30,039,,,,,,
2016,30,041,28,28,28,0.0537428023,3,3
2016,30,043,11,11,11,0.0200729927,3,3
2016,30,045,,,,,,
2016,30,047,80,80,80,0.0229226361,1,1
2016,30,049,184,182,186,0.0223003272,1,1
2016,30,051,,,,,,
2016,30,053,29,28,30,0.0188311688,3,3
2016,30,055,,,,,,
2016,30,057,,,,,,
2016,30,059,,,,,,
2016,30,061,45,45,45,0.1025056948,1,1
2016,30,063,509,507,511,0.0381645048,1,1
2016,30,065,30,30,30,0.051457976,1,1
2016,30,067,46,45,47,0.0285182889,1,1
2016,30,069,,,,,,
2016,30,071,,,,,,
2016,30,073,,,,,,
2016,30,075,,,,,,
2016,30,077,,,,,,
2016,30,079,,,,,,
2016,30,081,54,54,54,0.0102292101,1,1
2016,30,083,45,45,45,0.0338855422,1,1
2016,30,085,,,,,,
2016,30,087,233,233,233,0.3728,1,1
2016,30,089,,,,,,
2016,30,091,,,,,,
2016,30,093,136,136,136,0.0325358852,1,1
2016,30,095,,,,,,
2016,30,097,,,,,,
2016,30,099,,,,,,
2016,30,101,,,,,,
2016,30,103,,,,,,
2016,30,105,,,,,,
2016,30,107,,,,,,
2016,30,109,,,,,,
2016,30,111,639,636,642,0.0306342586,1,1
2016,31,001,169,169,169,0.0455894254,1,1
2016,31,003,,,,,,
2016,31,005,,,,,,
2016,31,007,,,,,,
2016,31,009,,,,,,
2016,31,011,,,,,,
2016,31,013,,,,,,
2016,31,015,,,,,,
2016,31,017,,,,,,
2016,31,019,49,49,49,0.0082145851,1,1
2016,31,021,,,,,,
2016,31,023,,,,,,
2016,31,025,,,,,,
2016,31,027,,,,,,
2016,31,029,,,,,,
2016,31,031,,,,,,
2016,31,033,,,,,,
2016,31,035,20,20,20,0.0289435601,3,3
2016,31,037,,,,,,
2016,31,039,,,,,,
2016,31,041,,,,,,
2016,31,043,35,34,36,0.0081833061,2,2
2016,31,045,,,,,,
2016,31,047,524,524,524,0.1303806917,1,1
2016,31,049,,,,,,
2016,31,051,,,,,,
2016,31,053,181,181,181,0.0364698771,1,1
2016,31,055,1139,1138,1140,0.0129353912,1,1
2016,31,057,,,,,,
2016,31,059,,,,,,
2016,31,061,,,,,,
2016,31,063,,,,,,
2016,31,065,,,,,,
2016,31,067,,,,,,
2016,31,069,,,,,,
2016,31,071,,,,,,
2016,31,073,,,,,,
2016,31,075,,,,,,
2016,31,077,,,,,,
2016,31,079,423,422,424,0.0407553714,1,1
2016,31,081,31,31,31,0.0247801759,1,1
2016,31,083,,,,,,
2016,31,085,,,,,,
2016,31,087,,,,,,
2016,31,089,,,,,,
2016,31,091,,,,,,
2016,31,093,15,15,15,0.0307377049,3,3
2016,31,095,,,,,,
2016,31,097,,,,,,
2016,31,099,,,,,,
2016,31,101,,,,,,
2016,31,103,,,,,,
2016,31,105,,,,,,
2016,31,107,,,,,,
2016,31,109,329,329,329,0.0082026478,1,1
2016,31,111,66,66,66,0.0156139106,1,1
2016,31,113,,,,,,
2016,31,115,,,,,,
2016,31,117,,,,,,
2016,31,119,,,,,,
2016,31,121,17,17,17,0.0238764045,3,3
2016,31,123,,,,,,
2016,31,125,,,,,,
2016,31,127,,,,,,
2016,31,129,,,,,,
2016,31,131,24,24,24,0.016404648,3,3
2016,31,133,,,,,,
2016,31,135,,,,,,
2016,31,137,,,,,,
2016,31,139,,,,,,
2016,31,141,25,25,25,0.0052105044,3,3
2016,31,143,,,,,,
2016,31,145,,,,,,
2016,31,147,,,,,,
2016,31,149,,,,,,
2016,31,151,141,141,141,0.0726804124,1,1
2016,31,153,169,169,169,0.0077622635,1,1
2016,31,155,,,,,,
2016,31,157,152,151,153,0.0269886364,1,1
2016,31,159,,,,,,
2016,31,161,,,,,,
2016,31,163,,,,,,
2016,31,165,,,,,,
2016,31,167,,,,,,
2016,31,169,,,,,,
2016,31,171,,,,,,
2016,31,173,26,26,26,0.0227870289,3,3
2016,31,175,,,,,,
2016,31,177,,,,,,
2016,31,179,,,,,,
2016,31,181,,,,,,
2016,31,183,,,,,,
2016,31,185,,,,,,
2016,32,001,145,145,145,0.0453692115,1,1
2016,32,003,10879,10879,10879,0.0332737939,1,1
2016,32,005,212,212,212,0.0357383682,1,1
2016,32,007,78,78,78,0.007873221,1,1
2016,32,009,,,,,,
2016,32,011,,,,,,
2016,32,013,49,49,49,0.0144160047,1,1
2016,32,015,,,,,,
2016,32,017,17,17,17,0.0156682028,3,3
2016,32,019,665,665,665,0.0796597988,1,1
2016,32,021,47,47,47,0.0907335907,1,1
2016,32,023,501,501,501,0.0995627981,1,1
2016,32,027,47,47,47,0.0749601276,1,1
2016,32,029,11,11,11,0.0258823529,3,3
2016,32,031,3251,3251,3251,0.0487618305,1,1
2016,32,033,16,16,16,0.0115107914,3,3
2016,32,510,833,833,833,0.0214984386,1,1
2016,33,001,300,300,300,0.0354233085,1,1
2016,33,003,183,181,185,0.0345739656,1,1
2016,33,005,224,222,226,0.0307819156,1,1
2016,33,007,46,43,49,0.0136620137,3,3
2016,33,009,311,304,318,0.0358915176,1,1
2016,33,011,1378,1372,1384,0.0249660295,1,1
2016,33,013,283,278,288,0.0129466124,1,1
2016,33,015,475,470,480,0.0132374662,1,1
2016,33,017,432,432,432,0.0285129694,1,1
2016,33,019,242,241,243,0.046763285,1,1
2016,34,001,632,628,636,0.0147007513,1,1
2016,34,003,511,500,522,0.0055087806,1,1
2016,34,005,912,908,916,0.013882969,1,1
2016,34,007,1365,1360,1370,0.0182411033,1,1
2016,34,009,182,179,185,0.0175590931,1,1
2016,34,011,575,570,580,0.0202814716,1,1
2016,34,013,1021,1017,1025,0.0096457251,1,1
2016,34,015,612,612,612,0.0137244349,1,1
2016,34,017,508,506,510,0.0066890513,1,1
2016,34,019,17,12,22,0.0014384837,3,3
2016,34,021,158,156,160,0.0026486958,1,1
2016,34,023,1188,1187,1189,0.0094008166,1,1
2016,34,025,542,534,550,0.0065988921,1,1
2016,34,027,237,229,245,0.0041609607,2,2
2016,34,029,660,655,665,0.0101152526,1,1
2016,34,031,664,660,668,0.0084161428,1,1
2016,34,033,263,262,264,0.0283557951,1,1
2016,34,035,120,117,123,0.0027849335,2,2
2016,34,037,78,70,86,0.0050306353,3,3
2016,34,039,508,504,512,0.006794714,1,1
2016,34,041,170,165,175,0.0132563943,2,2
2016,35,001,4565,4563,4567,0.0479607489,1,1
2016,35,003,,,,,,
2016,35,005,213,213,213,0.0186580238,1,1
2016,35,006,,,,,,
2016,35,007,,,,,,
2016,35,009,125,125,125,0.014850897,1,1
2016,35,011,38,38,38,0.1229773463,1,1
2016,35,013,1113,1113,1113,0.0277597646,1,1
2016,35,015,449,448,450,0.0395803949,1,1
2016,35,017,28,28,28,0.0066762041,3,3
2016,35,019,,,,,,
2016,35,021,,,,,,
2016,35,023,102,102,102,0.1502209131,1,1
2016,35,025,146,146,146,0.0098615333,1,1
2016,35,027,32,31,33,0.0127642601,2,2
2016,35,028,,,,,,
2016,35,029,312,312,312,0.0568720379,1,1
2016,35,031,752,752,752,0.0578817734,1,1
2016,35,033,,,,,,
2016,35,035,139,139,139,0.0231435231,1,1
2016,35,037,,,,,,
2016,35,039,,,,,,
2016,35,041,27,27,27,0.0088062622,3,3
2016,35,043,463,461,465,0.0213995193,1,1
2016,35,045,817,817,817,0.0337756832,1,1
2016,35,047,32,32,32,0.0103795005,1,1
2016,35,049,1250,1246,1254,0.0720378054,1,1
2016,35,051,135,135,135,0.1018099548,1,1
2016,35,053,91,91,91,0.0429245283,1,1
2016,35,055,70,69,71,0.0210084034,1,1
2016,35,057,262,262,262,0.0736161843,1,1
2016,35,059,,,,,,
2016,35,061,535,535,535,0.0429305087,1,1
2016,36,001,1013,1011,1015,0.0253624096,1,1
2016,36,003,84,83,85,0.0137976347,1,1
2016,36,005,49621,49621,49621,0.214625559,1,1
2016,36,007,687,687,687,0.0255761141,1,1
2016,36,009,153,150,156,0.0121188119,1,1
2016,36,011,217,217,217,0.0253002215,1,1
2016,36,013,261,260,262,0.0146357876,1,1
2016,36,015,100,100,100,0.008760403,1,1
2016,36,017,129,129,129,0.0171908316,1,1
2016,36,019,239,238,240,0.0218185138,1,1
2016,36,021,207,207,207,0.0289672544,1,1
2016,36,023,109,108,110,0.0172988415,1,1
2016,36,025,76,75,77,0.0219020173,1,1
2016,36,027,881,879,883,0.0228825225,1,1
2016,36,029,2443,2441,2445,0.0200655436,1,1
2016,36,031,22,20,24,0.0074099023,3,3
2016,36,033,165,164,166,0.0267033501,1,1
2016,36,035,136,136,136,0.0172545039,1,1
2016,36,037,87,85,89,0.0105059775,1,1
2016,36,039,136,134,138,0.0228379513,1,1
2016,36,041,,,,,,
2016,36,043,46,46,46,0.0071384233,1,1
2016,36,045,242,241,243,0.0141802414,1,1
2016,36,047,39123,39123,39123,0.1192454463,1,1
2016,36,049,116,116,116,0.0275796481,1,1
2016,36,051,170,170,170,0.0241889585,1,1
2016,36,053,141,139,143,0.0156492786,1,1
2016,36,055,3546,3545,3547,0.0324490524,1,1
2016,36,057,244,244,244,0.0308509293,1,1
2016,36,059,4904,4895,4913,0.0247754347,1,1
2016,36,061,23713,23712,23714,0.1377885727,1,1
2016,36,063,437,434,440,0.0149575575,1,1
2016,36,065,355,352,358,0.0115043101,1,1
2016,36,067,3156,3155,3157,0.0449893086,1,1
2016,36,069,356,356,356,0.022895363,1,1
2016,36,071,1861,1860,1862,0.0316163229,1,1
2016,36,073,76,75,77,0.0127946128,1,1
2016,36,075,853,853,853,0.0431898734,1,1
2016,36,077,77,72,82,0.0113854798,3,3
2016,36,079,78,78,78,0.0058400719,1,1
2016,36,081,23117,23117,23117,0.0788793045,1,1
2016,36,083,702,702,702,0.0359116022,1,1
2016,36,085,3417,3417,3417,0.0534582831,1,1
2016,36,087,738,738,738,0.0182551265,1,1
2016,36,089,618,618,618,0.0405485204,1,1
2016,36,091,631,629,633,0.0206330521,1,1
2016,36,093,352,351,353,0.01408338,1,1
2016,36,095,20,20,20,0.0057770075,3,3
2016,36,097,37,37,37,0.0199138859,1,1
2016,36,099,91,91,91,0.0218644882,1,1
2016,36,101,330,329,331,0.0225486847,1,1
2016,36,103,5632,5626,5638,0.0236282247,1,1
2016,36,105,327,326,328,0.0363212263,1,1
2016,36,107,54,53,55,0.0095170955,1,1
2016,36,109,211,211,211,0.0191800745,1,1
2016,36,111,622,622,622,0.0269287384,1,1
2016,36,113,211,210,212,0.0235280999,1,1
2016,36,115,208,208,208,0.026766182,1,1
2016,36,117,342,342,342,0.025327705,1,1
2016,36,119,2758,2748,2768,0.0197696173,1,1
2016,36,121,52,51,53,0.0126551472,1,1
2016,36,123,76,76,76,0.0346873574,1,1
2016,37,001,610,610,610,0.0257797312,1,1
2016,37,003,56,56,56,0.0112562814,1,1
2016,37,005,30,30,30,0.0211267606,1,1
2016,37,007,57,57,57,0.017035266,1,1
2016,37,009,105,105,105,0.0339256866,1,1
2016,37,011,,,,,,
2016,37,013,124,124,124,0.0169213974,1,1
2016,37,015,16,16,16,0.0069808028,3,3
2016,37,017,50,50,50,0.0105241002,1,1
2016,37,019,381,381,381,0.0303682449,1,1
2016,37,021,787,786,788,0.0264697969,1,1
2016,37,023,85,85,85,0.006754609,1,1
2016,37,025,560,560,560,0.0144404332,1,1
2016,37,027,189,189,189,0.0157631359,1,1
2016,37,029,,,,,,
2016,37,031,17,17,17,0.0020228463,3,3
2016,37,033,13,13,13,0.0047952785,3,3
2016,37,035,263,263,263,0.0109913073,1,1
2016,37,037,619,619,619,0.0696523011,1,1
2016,37,039,44,43,45,0.0121479845,1,1
2016,37,041,26,26,26,0.0123750595,3,3
2016,37,043,12,12,12,0.0087019579,3,3
2016,37,045,311,310,312,0.0196599026,1,1
2016,37,047,32,32,32,0.0038484666,1,1
2016,37,049,183,183,183,0.012913697,1,1
2016,37,051,786,786,786,0.0153533617,1,1
2016,37,053,81,81,81,0.0199654917,1,1
2016,37,055,223,223,223,0.043520687,1,1
2016,37,057,347,347,347,0.0140128417,1,1
2016,37,059,109,109,109,0.0174623518,1,1
2016,37,061,132,132,132,0.0132943902,1,1
2016,37,063,969,968,970,0.0244820616,1,1
2016,37,065,404,404,404,0.0656803772,1,1
2016,37,067,666,665,667,0.011917117,1,1
2016,37,069,157,157,157,0.018610716,1,1
2016,37,071,726,726,726,0.0217828318,1,1
2016,37,073,,,,,,
2016,37,075,48,48,48,0.038616251,1,1
2016,37,077,135,135,135,0.0172128012,1,1
2016,37,079,78,78,78,0.0249201278,1,1
2016,37,081,2961,2960,2962,0.0390983996,1,1
2016,37,083,237,237,237,0.0356927711,1,1
2016,37,085,217,217,217,0.0104442412,1,1
2016,37,087,280,280,280,0.0384773945,1,1
2016,37,089,350,350,350,0.0258971513,1,1
2016,37,091,,,,,,
2016,37,093,143,143,143,0.0164898524,1,1
2016,37,095,11,11,11,0.0176282051,3,3
2016,37,097,395,394,396,0.014000638,1,1
2016,37,099,104,104,104,0.0275715801,1,1
2016,37,101,525,525,525,0.0148359567,1,1
2016,37,103,45,45,45,0.038071066,1,1
2016,37,105,280,280,280,0.027424094,1,1
2016,37,107,181,181,181,0.0204242835,1,1
2016,37,109,118,118,118,0.0102528456,1,1
2016,37,111,872,872,872,0.1408951365,1,1
2016,37,113,47,47,47,0.0107208029,1,1
2016,37,115,24,24,24,0.0102960103,3,3
2016,37,117,10,10,10,0.0030432136,3,3
2016,37,119,4188,4183,4193,0.0273052674,1,1
2016,37,121,14,14,14,0.0075757576,3,3
2016,37,123,31,31,31,0.0076581028,1,1
2016,37,125,355,355,355,0.0278125979,1,1
2016,37,127,511,511,511,0.030562201,1,1
2016,37,129,686,685,687,0.0258721478,1,1
2016,37,131,,,,,,
2016,37,133,240,239,241,0.0090668682,1,1
2016,37,135,195,195,195,0.0099125661,1,1
2016,37,137,,,,,,
2016,37,139,115,115,115,0.0196379781,1,1
2016,37,141,129,129,129,0.0135932561,1,1
2016,37,143,46,46,46,0.027495517,1,1
2016,37,145,41,41,41,0.008895639,1,1
2016,37,147,287,287,287,0.0119807973,1,1
2016,37,149,,,,,,
2016,37,151,333,333,333,0.0150481269,1,1
2016,37,153,197,197,197,0.0261620186,1,1
2016,37,155,427,427,427,0.0179736499,1,1
2016,37,157,118,118,118,0.0094031397,1,1
2016,37,159,286,286,286,0.01465239,1,1
2016,37,161,272,272,272,0.0325748503,1,1
2016,37,163,62,62,62,0.0053095829,1,1
2016,37,165,120,120,120,0.0200300451,1,1
2016,37,167,94,94,94,0.0110731535,1,1
2016,37,169,42,42,42,0.0068314899,1,1
2016,37,171,139,139,139,0.0126467109,1,1
2016,37,173,,,,,,
2016,37,175,115,115,115,0.033557047,1,1
2016,37,177,,,,,,
2016,37,179,260,259,261,0.0059408203,1,1
2016,37,181,45,45,45,0.0070411516,1,1
2016,37,183,3388,3387,3389,0.0208735083,1,1
2016,37,185,70,70,70,0.0311942959,1,1
2016,37,187,11,11,11,0.007073955,3,3
2016,37,189,53,53,53,0.0117908788,1,1
2016,37,191,258,258,258,0.0136054422,1,1
2016,37,193,309,309,309,0.0311774796,1,1
2016,37,195,169,169,169,0.0129690737,1,1
2016,37,197,61,61,61,0.0110808356,1,1
2016,37,199,17,17,17,0.0076749436,3,3
2016,38,001,,,,,,
2016,38,003,,,,,,
2016,38,005,65,65,65,0.0916784203,1,1
2016,38,007,,,,,,
2016,38,009,,,,,,
2016,38,011,,,,,,
2016,38,013,,,,,,
2016,38,015,358,358,358,0.0277993477,1,1
2016,38,017,334,334,334,0.0157317131,1,1
2016,38,019,,,,,,
2016,38,021,,,,,,
2016,38,023,,,,,,
2016,38,025,,,,,,
2016,38,027,,,,,,
2016,38,029,,,,,,
2016,38,031,,,,,,
2016,38,033,,,,,,
2016,38,035,192,192,192,0.0259634888,1,1
2016,38,037,,,,,,
2016,38,039,,,,,,
2016,38,041,,,,,,
2016,38,043,,,,,,
2016,38,045,,,,,,
2016,38,047,,,,,,
2016,38,049,,,,,,
2016,38,051,,,,,,
2016,38,053,254,254,254,0.1501182033,1,1
2016,38,055,,,,,,
2016,38,057,,,,,,
2016,38,059,73,72,74,0.0189217211,1,1
2016,38,061,58,58,58,0.0615058324,1,1
2016,38,063,,,,,,
2016,38,065,,,,,,
2016,38,067,,,,,,
2016,38,069,,,,,,
2016,38,071,24,24,24,0.0138568129,3,3
2016,38,073,,,,,,
2016,38,075,,,,,,
2016,38,077,40,39,41,0.1246105919,2,2
2016,38,079,147,145,149,0.0313633454,1,1
2016,38,081,,,,,,
2016,38,083,,,,,,
2016,38,085,225,225,225,0.1738794436,1,1
2016,38,087,,,,,,
2016,38,089,87,87,87,0.0250143761,1,1
2016,38,091,,,,,,
2016,38,093,,,,,,
2016,38,095,,,,,,
2016,38,097,,,,,,
2016,38,099,,,,,,
2016,38,101,327,326,328,0.0387486669,1,1
2016,38,103,,,,,,
2016,38,105,215,215,215,0.0423228346,1,1
2016,39,001,61,61,61,0.0126398674,1,1
2016,39,003,121,119,123,0.0095283093,1,1
2016,39,005,122,122,122,0.0188825259,1,1
2016,39,007,64,62,66,0.0052476222,2,2
2016,39,009,159,159,159,0.0221943049,1,1
2016,39,011,27,25,29,0.0039601056,3,3
2016,39,013,68,65,71,0.008485151,2,2
2016,39,015,18,17,19,0.0036503752,3,3
2016,39,017,1252,1248,1256,0.0218560156,1,1
2016,39,019,10,9,11,0.0037921881,3,3
2016,39,021,143,140,146,0.0209677419,1,1
2016,39,023,626,624,628,0.0318332062,1,1
2016,39,025,146,145,147,0.0087550971,1,1
2016,39,027,73,73,73,0.0121322918,1,1
2016,39,029,11,7,15,0.0017176765,3,3
2016,39,031,53,51,55,0.011048572,2,2
2016,39,033,151,151,151,0.0313148071,1,1
2016,39,035,3809,3790,3828,0.0247954328,1,1
2016,39,037,71,69,73,0.0091707569,2,2
2016,39,039,47,45,49,0.0089866157,2,2
2016,39,041,149,148,150,0.0047145931,1,1
2016,39,043,249,249,249,0.0226425389,1,1
2016,39,045,212,210,214,0.0103987835,1,1
2016,39,047,265,265,265,0.054990662,1,1
2016,39,049,4708,4687,4729,0.0236479529,1,1
2016,39,051,92,92,92,0.0120371582,1,1
2016,39,053,49,49,49,0.0110809588,1,1
2016,39,055,74,73,75,0.0082644628,1,1
2016,39,057,498,496,500,0.0229450792,1,1
2016,39,059,273,272,274,0.0609783337,1,1
2016,39,061,2102,2095,2109,0.0194831677,1,1
2016,39,063,150,149,151,0.0173290203,1,1
2016,39,065,25,25,25,0.0139586823,3,3
2016,39,067,,,,,,
2016,39,069,90,88,92,0.0232498063,1,1
2016,39,071,559,558,560,0.0779311306,1,1
2016,39,073,32,32,32,0.0084678486,1,1
2016,39,075,,,,,,
2016,39,077,78,78,78,0.0087551914,1,1
2016,39,079,75,74,76,0.0196902074,1,1
2016,39,081,,,,,,
2016,39,083,61,60,62,0.009078732,1,1
2016,39,085,237,237,237,0.0078510617,1,1
2016,39,087,36,35,37,0.0075805433,2,2
2016,39,089,444,444,444,0.0173356239,1,1
2016,39,091,40,39,41,0.0085233326,2,2
2016,39,093,441,439,443,0.0108481748,1,1
2016,39,095,4100,4094,4106,0.0612699314,1,1
2016,39,097,30,30,30,0.0045454545,1,1
2016,39,099,344,338,350,0.0144271095,1,1
2016,39,101,468,465,471,0.0411500923,1,1
2016,39,103,67,66,68,0.0025262047,1,1
2016,39,105,83,83,83,0.024813154,1,1
2016,39,107,58,58,58,0.0215133531,1,1
2016,39,109,114,114,114,0.0103167421,1,1
2016,39,111,272,272,272,0.1252302026,1,1
2016,39,113,1286,1274,1298,0.0185380058,1,1
2016,39,115,134,134,134,0.0703412073,1,1
2016,39,117,26,24,28,0.00615239,3,3
2016,39,119,86,86,86,0.0077792854,1,1
2016,39,121,43,43,43,0.0253987005,1,1
2016,39,123,,,,,,
2016,39,125,,,,,,
2016,39,127,85,83,87,0.0143872715,1,1
2016,39,129,151,151,151,0.0162260907,1,1
2016,39,131,20,19,21,0.0101317123,3,3
2016,39,133,331,328,334,0.0164709395,1,1
2016,39,135,51,51,51,0.0084367246,1,1
2016,39,137,,,,,,
2016,39,139,324,320,328,0.021775657,1,1
2016,39,141,396,396,396,0.0481283422,1,1
2016,39,143,158,158,158,0.0194318042,1,1
2016,39,145,125,123,127,0.0156523917,1,1
2016,39,147,71,70,72,0.0167058824,1,1
2016,39,149,20,16,24,0.0029890898,3,3
2016,39,151,842,837,847,0.0154756653,1,1
2016,39,153,1608,1603,1613,0.0246195303,1,1
2016,39,155,118,117,119,0.0128038194,1,1
2016,39,157,111,110,112,0.0165449396,1,1
2016,39,159,109,109,109,0.014084507,1,1
2016,39,161,,,,,,
2016,39,163,,,,,,
2016,39,165,204,204,204,0.0054606778,1,1
2016,39,167,247,247,247,0.0347985348,1,1
2016,39,169,281,278,284,0.0184917083,1,1
2016,39,171,111,111,111,0.0350489422,1,1
2016,39,173,277,276,278,0.0161018427,1,1
2016,39,175,10,10,10,0.0062150404,3,3
2016,40,001,41,41,41,0.0091497434,1,1
2016,40,003,37,37,37,0.0370741483,1,1
2016,40,005,249,249,249,0.1066381156,1,1
2016,40,007,,,,,,
2016,40,009,148,148,148,0.0373360242,1,1
2016,40,011,,,,,,
2016,40,013,627,627,627,0.0793470008,1,1
2016,40,015,274,274,274,0.0454771784,1,1
2016,40,017,149,148,150,0.0054329991,1,1
2016,40,019,313,313,313,0.0343427694,1,1
2016,40,021,475,475,475,0.0616482803,1,1
2016,40,023,,,,,,
2016,40,025,,,,,,
2016,40,027,251,251,251,0.0054701972,1,1
2016,40,029,14,13,15,0.0119555935,3,3
2016,40,031,1010,1009,1011,0.0469134656,1,1
2016,40,033,69,69,69,0.0651558074,1,1
2016,40,035,108,108,108,0.0396184886,1,1
2016,40,037,470,468,472,0.0363917925,1,1
2016,40,039,141,141,141,0.0259716338,1,1
2016,40,041,254,254,254,0.0392520476,1,1
2016,40,043,,,,,,
2016,40,045,50,50,50,0.0633713561,1,1
2016,40,047,275,274,276,0.0234821962,1,1
2016,40,049,90,88,92,0.0162954916,1,1
2016,40,051,327,325,329,0.0347724373,1,1
2016,40,053,,,,,,
2016,40,055,,,,,,
2016,40,057,,,,,,
2016,40,059,,,,,,
2016,40,061,,,,,,
2016,40,063,,,,,,
2016,40,065,83,83,83,0.0176445578,1,1
2016,40,067,,,,,,
2016,40,069,197,197,197,0.1011293634,1,1
2016,40,071,72,71,73,0.0088877916,1,1
2016,40,073,50,50,50,0.0136054422,1,1
2016,40,075,57,57,57,0.0355583281,1,1
2016,40,077,,,,,,
2016,40,079,336,336,336,0.0345110929,1,1
2016,40,081,,,,,,
2016,40,083,14,14,14,0.002994012,3,3
2016,40,085,90,90,90,0.047318612,1,1
2016,40,087,239,239,239,0.0306528152,1,1
2016,40,089,270,270,270,0.0403708134,1,1
2016,40,091,56,56,56,0.0188742838,1,1
2016,40,093,,,,,,
2016,40,095,599,599,599,0.2012092711,1,1
2016,40,097,484,484,484,0.0670824671,1,1
2016,40,099,58,57,59,0.0216337188,1,1
2016,40,101,372,371,373,0.0277985353,1,1
2016,40,103,78,78,78,0.0353420933,1,1
2016,40,105,54,53,55,0.029621503,1,1
2016,40,107,25,24,26,0.0117702448,3,3
2016,40,109,11375,11369,11381,0.0820227717,1,1
2016,40,111,114,114,114,0.0172205438,1,1
2016,40,113,77,76,78,0.0199637024,1,1
2016,40,115,64,64,64,0.010834603,1,1
2016,40,117,,,,,,
2016,40,119,590,590,590,0.0533261027,1,1
2016,40,121,249,247,251,0.0312421581,1,1
2016,40,123,310,310,310,0.0428650442,1,1
2016,40,125,534,534,534,0.04047601,1,1
2016,40,127,11,11,11,0.0048608042,3,3
2016,40,129,,,,,,
2016,40,131,541,541,541,0.0393912917,1,1
2016,40,133,23,23,23,0.0045616819,3,3
2016,40,135,116,114,118,0.0140350877,1,1
2016,40,137,772,772,772,0.0971558017,1,1
2016,40,139,110,110,110,0.0231481481,1,1
2016,40,141,59,58,60,0.0412876137,1,1
2016,40,143,2915,2912,2918,0.0239929544,1,1
2016,40,145,181,181,181,0.027587258,1,1
2016,40,147,408,408,408,0.0426376842,1,1
2016,40,149,,,,,,
2016,40,151,16,16,16,0.0121120363,3,3
2016,40,153,311,310,312,0.0817345598,1,1
2016,41,001,179,179,179,0.0608016304,1,1
2016,41,003,402,402,402,0.045229523,1,1
2016,41,005,1787,1787,1787,0.029894441,1,1
2016,41,007,328,328,328,0.0649376361,1,1
2016,41,009,265,265,265,0.0343531242,1,1
2016,41,011,574,574,574,0.0566521911,1,1
2016,41,013,102,102,102,0.0339321357,1,1
2016,41,015,200,200,200,0.0868432479,1,1
2016,41,017,981,981,981,0.0371393958,1,1
2016,41,019,559,559,559,0.0404135338,1,1
2016,41,021,,,,,,
2016,41,023,12,12,12,0.2033898305,3,3
2016,41,025,48,47,49,0.0430493274,1,1
2016,41,027,28,28,28,0.0068143101,3,3
2016,41,029,2549,2549,2549,0.085416527,1,1
2016,41,031,144,143,145,0.0388663968,1,1
2016,41,033,1027,1027,1027,0.0950046253,1,1
2016,41,035,297,297,297,0.0311125079,1,1
2016,41,037,44,44,44,0.0454076367,1,1
2016,41,039,2646,2645,2647,0.0576395242,1,1
2016,41,041,727,727,727,0.1330770639,1,1
2016,41,043,965,965,965,0.0425091406,1,1
2016,41,045,331,330,332,0.0690014592,1,1
2016,41,047,1810,1809,1811,0.0296027346,1,1
2016,41,049,74,74,74,0.0332136445,1,1
2016,41,051,4931,4931,4931,0.0527983896,1,1
2016,41,053,217,217,217,0.0323012801,1,1
2016,41,055,,,,,,
2016,41,057,273,273,273,0.0814682184,1,1
2016,41,059,229,227,231,0.0176357335,1,1
2016,41,061,243,243,243,0.0691322902,1,1
2016,41,063,22,21,23,0.0255516841,3,3
2016,41,065,155,155,155,0.0426997245,1,1
2016,41,067,2463,2463,2463,0.0280814968,1,1
2016,41,069,,,,,,
2016,41,071,534,534,534,0.0317649158,1,1
2016,42,001,311,311,311,0.0208096353,1,1
2016,42,003,3118,3115,3121,0.0215243789,1,1
2016,42,005,70,70,70,0.0094365058,1,1
2016,42,007,394,393,395,0.0129887255,1,1
2016,42,009,95,93,97,0.0142151728,1,1
2016,42,011,1192,1192,1192,0.0175863086,1,1
2016,42,013,302,301,303,0.0169586703,1,1
2016,42,015,100,98,102,0.0109926349,1,1
2016,42,017,786,784,788,0.0089909747,1,1
2016,42,019,211,211,211,0.0080706854,1,1
2016,42,021,150,147,153,0.0086720241,1,1
2016,42,023,,,,,,
2016,42,025,74,74,74,0.0087367178,1,1
2016,42,027,138,138,138,0.0110003986,1,1
2016,42,029,938,936,940,0.0117220695,1,1
2016,42,031,132,132,132,0.0224222864,1,1
2016,42,033,190,189,191,0.0175325275,1,1
2016,42,035,31,31,31,0.0068251871,1,1
2016,42,037,61,61,61,0.0089561004,1,1
2016,42,039,183,183,183,0.0171960158,1,1
2016,42,041,330,330,330,0.0123355263,1,1
2016,42,043,933,932,934,0.0200973634,1,1
2016,42,045,737,735,739,0.0099547511,1,1
2016,42,047,,,,,,
2016,42,049,697,697,697,0.017886012,1,1
2016,42,051,270,269,271,0.0164905637,1,1
2016,42,053,66,66,66,0.1395348837,1,1
2016,42,055,366,366,366,0.0158489586,1,1
2016,42,057,13,12,14,0.006175772,3,3
2016,42,059,24,23,25,0.0056804734,3,3
2016,42,061,22,18,26,0.0039934652,3,3
2016,42,063,131,130,132,0.0136957658,1,1
2016,42,065,96,96,96,0.0192732383,1,1
2016,42,067,40,40,40,0.0140203295,1,1
2016,42,069,136,133,139,0.0049009009,1,1
2016,42,071,1716,1716,1716,0.0251196698,1,1
2016,42,073,153,153,153,0.0127627628,1,1
2016,42,075,328,328,328,0.0168985059,1,1
2016,42,077,1087,1084,1090,0.0210113272,1,1
2016,42,079,394,392,396,0.0088987262,1,1
2016,42,081,199,193,205,0.0123964368,2,2
2016,42,083,152,152,152,0.0235878336,1,1
2016,42,085,224,224,224,0.014764039,1,1
2016,42,087,80,80,80,0.0160674834,1,1
2016,42,089,430,430,430,0.0168601004,1,1
2016,42,091,906,905,907,0.0079150141,1,1
2016,42,093,20,20,20,0.0087298123,3,3
2016,42,095,565,563,567,0.01286928,1,1
2016,42,097,120,119,121,0.0117970901,1,1
2016,42,099,58,58,58,0.009458578,1,1
2016,42,101,3836,3818,3854,0.0201416637,1,1
2016,42,103,52,52,52,0.0068205666,1,1
2016,42,105,42,41,43,0.01816609,1,1
2016,42,107,185,184,186,0.0107796294,1,1
2016,42,109,36,36,36,0.0074781886,1,1
2016,42,111,86,83,89,0.0109623964,2,2
2016,42,113,,,,,,
2016,42,115,55,54,56,0.008997219,1,1
2016,42,117,24,23,25,0.00440044,3,3
2016,42,119,17,17,17,0.0041975309,3,3
2016,42,121,91,91,91,0.0151489928,1,1
2016,42,123,82,82,82,0.0174840085,1,1
2016,42,125,253,253,253,0.0109042324,1,1
2016,42,127,57,57,57,0.0127374302,1,1
2016,42,129,461,461,461,0.0098544281,1,1
2016,42,131,11,11,11,0.0046550994,3,3
2016,42,133,1199,1198,1200,0.0175639054,1,1
2016,44,001,14,14,14,0.0021299255,3,3
2016,44,003,164,163,165,0.0076389212,1,1
2016,44,005,199,198,200,0.0271080234,1,1
2016,44,007,709,706,712,0.0086740561,1,1
2016,44,009,157,157,157,0.0107394487,1,1
2016,45,001,79,79,79,0.0262197146,1,1
2016,45,003,532,532,532,0.0214187938,1,1
2016,45,005,11,11,11,0.0088495575,3,3
2016,45,007,733,733,733,0.0227152995,1,1
2016,45,009,,,,,,
2016,45,011,48,46,50,0.0127863612,2,2
2016,45,013,359,359,359,0.0163844644,1,1
2016,45,015,344,344,344,0.0099341573,1,1
2016,45,017,11,11,11,0.00625,3,3
2016,45,019,412,412,412,0.008485922,1,1
2016,45,021,85,85,85,0.0093995356,1,1
2016,45,023,31,31,31,0.0058823529,1,1
2016,45,025,,,,,,
2016,45,027,81,81,81,0.016281407,1,1
2016,45,029,114,114,114,0.0195977308,1,1
2016,45,031,283,283,283,0.0277260703,1,1
2016,45,033,14,14,14,0.0033293698,3,3
2016,45,035,170,170,170,0.0059966842,1,1
2016,45,037,19,19,19,0.0054301229,3,3
2016,45,039,99,99,99,0.0356243253,1,1
2016,45,041,477,477,477,0.0230068008,1,1
2016,45,043,67,67,67,0.0070032403,1,1
2016,45,045,1155,1155,1155,0.0150159911,1,1
2016,45,047,347,347,347,0.0298417613,1,1
2016,45,049,172,172,172,0.055483871,1,1
2016,45,051,538,538,538,0.0122297743,1,1
2016,45,053,93,93,93,0.0339539978,1,1
2016,45,055,10,10,10,0.0009237022,3,3
2016,45,057,25,25,25,0.0019297569,3,3
2016,45,059,122,122,122,0.0135887726,1,1
2016,45,061,65,65,65,0.031614786,1,1
2016,45,063,358,358,358,0.0088798492,1,1
2016,45,065,,,,,,
2016,45,067,237,237,237,0.0494471104,1,1
2016,45,069,62,62,62,0.0152221949,1,1
2016,45,071,56,56,56,0.0091042107,1,1
2016,45,073,94,94,94,0.0090341182,1,1
2016,45,075,167,167,167,0.0159839204,1,1
2016,45,077,1151,1151,1151,0.0702772011,1,1
2016,45,079,1734,1734,1734,0.0191990434,1,1
2016,45,081,,,,,,
2016,45,083,887,886,888,0.0184818619,1,1
2016,45,085,355,355,355,0.02071662,1,1
2016,45,087,14,14,14,0.0034619189,3,3
2016,45,089,105,105,105,0.0254483762,1,1
2016,45,091,288,288,288,0.00647002,1,1
2016,46,003,,,,,,
2016,46,005,,,,,,
2016,46,007,32,31,33,0.038694075,2,2
2016,46,009,,,,,,
2016,46,011,29,28,30,0.0072211155,3,3
2016,46,013,21,19,23,0.0039421813,3,3
2016,46,015,,,,,,
2016,46,017,,,,,,
2016,46,019,,,,,,
2016,46,021,,,,,,
2016,46,023,78,78,78,0.0485074627,1,1
2016,46,025,,,,,,
2016,46,027,,,,,,
2016,46,029,23,23,23,0.00575,3,3
2016,46,031,138,136,140,0.1511500548,1,1
2016,46,033,,,,,,
2016,46,035,29,28,30,0.0096441636,3,3
2016,46,037,10,10,10,0.0480769231,3,3
2016,46,039,,,,,,
2016,46,041,68,68,68,0.0735930736,1,1
2016,46,043,,,,,,
2016,46,045,,,,,,
2016,46,047,14,14,14,0.0164899882,3,3
2016,46,049,,,,,,
2016,46,051,,,,,,
2016,46,053,,,,,,
2016,46,055,,,,,,
2016,46,057,,,,,,
2016,46,059,,,,,,
2016,46,061,,,,,,
2016,46,063,,,,,,
2016,46,065,238,238,238,0.0827826087,1,1
2016,46,067,,,,,,
2016,46,069,211,211,211,0.2691326531,1,1
2016,46,071,,,,,,
2016,46,073,,,,,,
2016,46,075,,,,,,
2016,46,077,,,,,,
2016,46,079,,,,,,
2016,46,081,82,82,82,0.0265802269,1,1
2016,46,083,13,12,14,0.0018521157,3,3
2016,46,085,182,182,182,0.52,1,1
2016,46,087,,,,,,
2016,46,089,,,,,,
2016,46,091,,,,,,
2016,46,093,56,56,56,0.0197670314,1,1
2016,46,095,,,,,,
2016,46,097,,,,,,
2016,46,099,792,791,793,0.0251828299,1,1
2016,46,101,54,53,55,0.0526315789,1,1
2016,46,102,149,149,149,0.0561416729,1,1
2016,46,103,673,671,675,0.0388052817,1,1
2016,46,105,,,,,,
2016,46,107,,,,,,
2016,46,109,,,,,,
2016,46,111,,,,,,
2016,46,115,,,,,,
2016,46,117,,,,,,
2016,46,119,,,,,,
2016,46,121,35,35,35,0.0447570332,1,1
2016,46,123,,,,,,
2016,46,125,,,,,,
2016,46,127,,,,,,
2016,46,129,17,17,17,0.0257575758,3,3
2016,46,135,22,21,23,0.0069952305,3,3
2016,46,137,11,11,11,0.0334346505,3,3
2016,47,001,106,106,106,0.0096276113,1,1
2016,47,003,102,102,102,0.0118178658,1,1
2016,47,005,35,35,35,0.0159817352,1,1
2016,47,007,32,32,32,0.0175342466,1,1
2016,47,009,93,93,93,0.0051401094,1,1
2016,47,011,27,27,27,0.0017028254,3,3
2016,47,013,406,406,406,0.0708798883,1,1
2016,47,015,52,52,52,0.0260390586,1,1
2016,47,017,168,168,168,0.0372505543,1,1
2016,47,019,149,149,149,0.0186017478,1,1
2016,47,021,95,95,95,0.0148623279,1,1
2016,47,023,,,,,,
2016,47,025,28,28,28,0.0064353022,3,3
2016,47,027,,,,,,
2016,47,029,79,78,80,0.0148580026,1,1
2016,47,031,86,86,86,0.0146382979,1,1
2016,47,033,19,18,20,0.0060897436,3,3
2016,47,035,395,395,395,0.052359491,1,1
2016,47,037,3573,3573,3573,0.036763798,1,1
2016,47,039,19,19,19,0.0113365155,3,3
2016,47,041,,,,,,
2016,47,043,179,179,179,0.0212236187,1,1
2016,47,045,39,39,39,0.0058018447,1,1
2016,47,047,17,17,17,0.0047712602,3,3
2016,47,049,,,,,,
2016,47,051,19,19,19,0.0033717835,3,3
2016,47,053,68,68,68,0.00783681,1,1
2016,47,055,21,21,21,0.0053137652,3,3
2016,47,057,24,24,24,0.0068493151,3,3
2016,47,059,57,57,57,0.0058467535,1,1
2016,47,061,26,26,26,0.0127015144,3,3
2016,47,063,534,534,534,0.0512279355,1,1
2016,47,065,720,720,720,0.016199433,1,1
2016,47,067,,,,,,
2016,47,069,48,48,48,0.0128136679,1,1
2016,47,071,65,65,65,0.0179706939,1,1
2016,47,073,58,57,59,0.0076285677,1,1
2016,47,075,12,12,12,0.0039986671,3,3
2016,47,077,30,30,30,0.0061187028,1,1
2016,47,079,48,48,48,0.0100544617,1,1
2016,47,081,32,32,32,0.00945906,1,1
2016,47,083,12,12,12,0.0085653105,3,3
2016,47,085,,,,,,
2016,47,087,146,146,146,0.0956749672,1,1
2016,47,089,121,121,121,0.0164067797,1,1
2016,47,091,16,16,16,0.0075011721,3,3
2016,47,093,523,523,523,0.0086629563,1,1
2016,47,095,,,,,,
2016,47,097,19,19,19,0.004429937,3,3
2016,47,099,76,76,76,0.0109573241,1,1
2016,47,101,,,,,,
2016,47,103,,,,,,
2016,47,105,58,58,58,0.0080712497,1,1
2016,47,107,107,107,107,0.0135340248,1,1
2016,47,109,79,79,79,0.0183806422,1,1
2016,47,111,,,,,,
2016,47,113,501,500,502,0.0387351167,1,1
2016,47,115,36,36,36,0.0086935523,1,1
2016,47,117,29,29,29,0.0053113553,3,3
2016,47,119,81,81,81,0.0063880126,1,1
2016,47,121,10,10,10,0.0056947608,3,3
2016,47,123,22,22,22,0.0031236689,3,3
2016,47,125,519,519,519,0.0154735995,1,1
2016,47,127,,,,,,
2016,47,129,30,30,30,0.0096867937,1,1
2016,47,131,33,33,33,0.0096153846,1,1
2016,47,133,,,,,,
2016,47,135,,,,,,
2016,47,137,,,,,,
2016,47,139,20,20,20,0.0082850041,3,3
2016,47,141,572,572,572,0.0502945573,1,1
2016,47,143,111,111,111,0.0210028382,1,1
2016,47,145,53,53,53,0.0078927774,1,1
2016,47,147,238,238,238,0.0207208776,1,1
2016,47,149,1551,1551,1551,0.0294788459,1,1
2016,47,151,11,11,11,0.0037288136,3,3
2016,47,153,104,104,104,0.0456942004,1,1
2016,47,155,417,417,417,0.0283422823,1,1
2016,47,157,931,930,932,0.0064974945,1,1
2016,47,159,20,20,20,0.0063918185,3,3
2016,47,161,,,,,,
2016,47,163,760,760,760,0.0350262697,1,1
2016,47,165,162,162,162,0.0054954374,1,1
2016,47,167,26,26,26,0.0023264137,3,3
2016,47,169,,,,,,
2016,47,171,152,152,152,0.0642434489,1,1
2016,47,173,23,23,23,0.0061349693,3,3
2016,47,175,26,26,26,0.0350404313,3,3
2016,47,177,234,234,234,0.0350194553,1,1
2016,47,179,672,672,672,0.0406386067,1,1
2016,47,181,,,,,,
2016,47,183,,,,,,
2016,47,185,59,59,59,0.0145895153,1,1
2016,47,187,368,368,368,0.008792259,1,1
2016,47,189,763,763,763,0.0351272962,1,1
2016,48,001,116,113,119,0.0135847289,2,2
2016,48,003,24,24,24,0.0060514372,3,3
2016,48,005,629,628,630,0.0356293191,1,1
2016,48,007,74,74,74,0.0218031821,1,1
2016,48,009,37,36,38,0.0197018104,2,2
2016,48,011,14,14,14,0.0417910448,3,3
2016,48,013,173,172,174,0.0193772401,1,1
2016,48,015,52,52,52,0.0088360238,1,1
2016,48,017,,,,,,
2016,48,019,173,173,173,0.0678697528,1,1
2016,48,021,701,701,701,0.0413325472,1,1
2016,48,023,,,,,,
2016,48,025,101,100,102,0.0187802157,1,1
2016,48,027,2417,2415,2419,0.0329790282,1,1
2016,48,029,9159,9146,9172,0.0258243695,1,1
2016,48,031,11,11,11,0.006406523,3,3
2016,48,033,,,,,,
2016,48,035,74,72,76,0.0323851204,2,2
2016,48,037,202,198,206,0.011306392,1,1
2016,48,039,2534,2533,2535,0.0358877763,1,1
2016,48,041,834,834,834,0.0275220275,1,1
2016,48,043,,,,,,
2016,48,045,,,,,,
2016,48,047,44,44,44,0.027901078,1,1
2016,48,049,121,117,125,0.0181110612,2,2
2016,48,051,53,53,53,0.0197172619,1,1
2016,48,053,53,53,53,0.0071708835,1,1
2016,48,055,342,342,342,0.0466894198,1,1
2016,48,057,215,215,215,0.0535758784,1,1
2016,48,059,124,124,124,0.0489924931,1,1
2016,48,061,2324,2323,2325,0.0236626143,1,1
2016,48,063,34,34,34,0.0140437836,1,1
2016,48,065,33,32,34,0.0249621785,2,2
2016,48,067,193,191,195,0.0352254061,1,1
2016,48,069,32,31,33,0.0186915888,2,2
2016,48,071,117,117,117,0.0145251397,1,1
2016,48,073,52,50,54,0.0046733172,2,2
2016,48,075,10,10,10,0.0088105727,3,3
2016,48,077,66,64,68,0.0382830626,2,2
2016,48,079,,,,,,
2016,48,081,15,14,16,0.027173913,3,3
2016,48,083,65,64,66,0.0487256372,1,1
2016,48,085,2273,2273,2273,0.0111912558,1,1
2016,48,087,,,,,,
2016,48,089,104,104,104,0.0292299044,1,1
2016,48,091,642,642,642,0.0208103728,1,1
2016,48,093,117,117,117,0.0491803279,1,1
2016,48,095,,,,,,
2016,48,097,50,44,56,0.0076804916,3,3
2016,48,099,260,259,261,0.0229844413,1,1
2016,48,101,,,,,,
2016,48,103,,,,,,
2016,48,105,41,41,41,0.0518331226,1,1
2016,48,107,20,18,22,0.0164609053,3,3
2016,48,109,,,,,,
2016,48,111,21,20,22,0.0107747563,3,3
2016,48,113,10059,10043,10075,0.0198798788,1,1
2016,48,115,71,69,73,0.0265123226,2,2
2016,48,117,19,18,20,0.0044206608,3,3
2016,48,119,,,,,,
2016,48,121,2270,2269,2271,0.0150922823,1,1
2016,48,123,162,159,165,0.0559585492,1,1
2016,48,125,20,19,21,0.0522193211,3,3
2016,48,127,173,173,173,0.0781744239,1,1
2016,48,129,,,,,,
2016,48,131,,,,,,
2016,48,133,242,242,242,0.0846449808,1,1
2016,48,135,1674,1673,1675,0.0510023765,1,1
2016,48,137,,,,,,
2016,48,139,782,780,784,0.0194358146,1,1
2016,48,141,3597,3593,3601,0.0205419605,1,1
2016,48,143,42,35,49,0.007217735,3,3
2016,48,145,13,10,16,0.005952381,3,3
2016,48,147,155,154,156,0.0279985549,1,1
2016,48,149,69,67,71,0.0178756477,2,2
2016,48,151,34,34,34,0.062962963,1,1
2016,48,153,,,,,,
2016,48,155,,,,,,
2016,48,157,2399,2399,2399,0.0128204443,1,1
2016,48,159,48,48,48,0.0296662546,1,1
2016,48,161,83,81,85,0.0218421053,1,1
2016,48,163,209,209,209,0.0645061728,1,1
2016,48,165,28,26,30,0.007934259,3,3
2016,48,167,3240,3239,3241,0.0391172067,1,1
2016,48,169,23,22,24,0.0222652469,3,3
2016,48,171,20,19,21,0.0052124055,3,3
2016,48,173,,,,,,
2016,48,175,44,44,44,0.0329094989,1,1
2016,48,177,81,81,81,0.0189651136,1,1
2016,48,179,140,137,143,0.0341880342,1,1
2016,48,181,821,820,822,0.0363644417,1,1
2016,48,183,324,322,326,0.0133273004,1,1
2016,48,185,234,233,235,0.0517127072,1,1
2016,48,187,550,550,550,0.021010811,1,1
2016,48,189,100,100,100,0.0135666802,1,1
2016,48,191,18,18,18,0.034416826,3,3
2016,48,193,93,92,94,0.0551601423,1,1
2016,48,195,38,37,39,0.0267794221,2,2
2016,48,197,26,25,27,0.0338983051,3,3
2016,48,199,343,342,344,0.0319158835,1,1
2016,48,201,18071,18048,18094,0.0216023851,1,1
2016,48,203,295,292,298,0.0222860165,1,1
2016,48,205,,,,,,
2016,48,207,40,40,40,0.0454545455,1,1
2016,48,209,876,873,879,0.0241741866,1,1
2016,48,211,,,,,,
2016,48,213,97,92,102,0.0095764636,3,3
2016,48,215,2056,2049,2063,0.0086082012,1,1
2016,48,217,293,288,298,0.0440270473,1,1
2016,48,219,178,175,181,0.0362673187,1,1
2016,48,221,282,280,284,0.0343149185,1,1
2016,48,223,131,129,133,0.0191408533,1,1
2016,48,225,119,118,120,0.0373743719,1,1
2016,48,227,52,51,53,0.0092873727,1,1
2016,48,229,11,9,13,0.0181818182,3,3
2016,48,231,418,417,419,0.0278202995,1,1
2016,48,233,26,26,26,0.0061509345,3,3
2016,48,235,18,18,18,0.0692307692,3,3
2016,48,237,28,28,28,0.0171884592,3,3
2016,48,239,51,49,53,0.0143621515,2,2
2016,48,241,141,140,142,0.0236775819,1,1
2016,48,243,,,,,,
2016,48,245,976,973,979,0.0230569336,1,1
2016,48,247,,,,,,
2016,48,249,124,120,128,0.0150888294,2,2
2016,48,251,819,817,821,0.0235934664,1,1
2016,48,253,391,391,391,0.146004481,1,1
2016,48,255,96,95,97,0.0380499405,1,1
2016,48,257,417,417,417,0.0150427474,1,1
2016,48,259,49,48,50,0.0051475995,1,1
2016,48,261,,,,,,
2016,48,263,,,,,,
2016,48,265,193,191,195,0.0281054318,1,1
2016,48,267,,,,,,
2016,48,269,,,,,,
2016,48,271,,,,,,
2016,48,273,26,24,28,0.0049345227,3,3
2016,48,275,16,14,18,0.019826518,3,3
2016,48,277,187,187,187,0.0218126677,1,1
2016,48,279,77,74,80,0.02563249,2,2
2016,48,281,88,88,88,0.0241426612,1,1
2016,48,283,,,,,,
2016,48,285,72,67,77,0.0178261946,3,3
2016,48,287,121,120,122,0.0392093325,1,1
2016,48,289,91,90,92,0.0291013751,1,1
2016,48,291,774,773,775,0.0476044037,1,1
2016,48,293,97,96,98,0.02408143,1,1
2016,48,295,50,49,51,0.0615763547,1,1
2016,48,297,28,28,28,0.0160550459,3,3
2016,48,299,13,13,13,0.006993007,3,3
2016,48,301,,,,,,
2016,48,303,1361,1357,1365,0.0271104737,1,1
2016,48,305,47,45,49,0.0329824561,2,2
2016,48,307,28,27,29,0.0186915888,3,3
2016,48,309,1713,1707,1719,0.0315144602,1,1
2016,48,311,,,,,,
2016,48,313,33,32,34,0.012295082,2,2
2016,48,315,32,32,32,0.0253565769,1,1
2016,48,317,12,11,13,0.0096230954,3,3
2016,48,319,14,14,14,0.0198019802,3,3
2016,48,321,117,116,118,0.0161068282,1,1
2016,48,323,129,129,129,0.0086979974,1,1
2016,48,325,307,306,308,0.0301009903,1,1
2016,48,327,,,,,,
2016,48,329,606,605,607,0.02192554,1,1
2016,48,331,99,96,102,0.0210235719,2,2
2016,48,333,19,18,20,0.0189243028,3,3
2016,48,335,56,56,56,0.0388619015,1,1
2016,48,337,61,57,65,0.0182963407,3,3
2016,48,339,1339,1339,1339,0.0125433255,1,1
2016,48,341,122,121,123,0.0239968529,1,1
2016,48,343,67,67,67,0.0339240506,1,1
2016,48,345,,,,,,
2016,48,347,138,133,143,0.0122797651,2,2
2016,48,349,178,176,180,0.0179525971,1,1
2016,48,351,36,35,37,0.0188186095,2,2
2016,48,353,94,93,95,0.0293383271,1,1
2016,48,355,1894,1890,1898,0.0304702457,1,1
2016,48,357,14,14,14,0.0060085837,3,3
2016,48,359,,,,,,
2016,48,361,390,390,390,0.0254336768,1,1
2016,48,363,249,246,252,0.0538961039,1,1
2016,48,365,18,15,21,0.0044776119,3,3
2016,48,367,243,241,245,0.01145686,1,1
2016,48,369,43,42,44,0.0181587838,1,1
2016,48,371,,,,,,
2016,48,373,255,254,256,0.0367806145,1,1
2016,48,375,2435,2435,2435,0.065330543,1,1
2016,48,377,,,,,,
2016,48,379,25,25,25,0.0148279953,3,3
2016,48,381,119,119,119,0.0120665179,1,1
2016,48,383,43,43,43,0.0505287897,1,1
2016,48,385,,,,,,
2016,48,387,57,55,59,0.0274038462,2,2
2016,48,389,11,10,12,0.0041540785,3,3
2016,48,391,53,52,54,0.037884203,1,1
2016,48,393,,,,,,
2016,48,395,16,13,19,0.0047675805,3,3
2016,48,397,64,64,64,0.0030066711,1,1
2016,48,399,65,65,65,0.0318003914,1,1
2016,48,401,78,72,84,0.0095017664,3,3
2016,48,403,52,50,54,0.0255528256,2,2
2016,48,405,38,37,39,0.0334212841,2,2
2016,48,407,158,158,158,0.0448608745,1,1
2016,48,409,169,168,170,0.0116680475,1,1
2016,48,411,16,15,17,0.0164439877,3,3
2016,48,413,41,41,41,0.0719298246,1,1
2016,48,415,64,63,65,0.0191273162,1,1
2016,48,417,48,48,48,0.0753532182,1,1
2016,48,419,181,178,184,0.0326655838,1,1
2016,48,421,,,,,,
2016,48,423,604,602,606,0.0169520067,1,1
2016,48,425,38,38,38,0.019124308,1,1
2016,48,427,45,43,47,0.0025558017,2,2
2016,48,429,53,53,53,0.0354989953,1,1
2016,48,431,,,,,,
2016,48,433,12,12,12,0.0481927711,3,3
2016,48,435,14,14,14,0.0167865707,3,3
2016,48,437,54,53,55,0.0330275229,1,1
2016,48,439,7722,7715,7729,0.0214455917,1,1
2016,48,441,1300,1299,1301,0.0547368421,1,1
2016,48,443,,,,,,
2016,48,445,142,141,143,0.0582444627,1,1
2016,48,447,,,,,,
2016,48,449,131,131,131,0.0184507042,1,1
2016,48,451,332,331,333,0.0157712223,1,1
2016,48,453,4851,4841,4861,0.02950371,1,1
2016,48,455,37,35,39,0.0159482759,3,3
2016,48,457,52,50,54,0.014254386,2,2
2016,48,459,170,167,173,0.0231513006,1,1
2016,48,461,,,,,,
2016,48,463,98,95,101,0.0165624472,2,2
2016,48,465,176,175,177,0.016401081,1,1
2016,48,467,222,220,224,0.0222177742,1,1
2016,48,469,825,824,826,0.0536201742,1,1
2016,48,471,352,351,353,0.0420398901,1,1
2016,48,473,392,392,392,0.0360559235,1,1
2016,48,475,27,26,28,0.0109311741,3,3
2016,48,477,76,75,77,0.0140454629,1,1
2016,48,479,657,655,659,0.0095773991,1,1
2016,48,481,112,110,114,0.0131609871,1,1
2016,48,483,23,21,25,0.0204444444,3,3
2016,48,485,422,422,422,0.0203520617,1,1
2016,48,487,36,34,38,0.0152027027,3,3
2016,48,489,170,169,171,0.0390355913,1,1
2016,48,491,1689,1687,1691,0.0142580977,1,1
2016,48,493,94,94,94,0.0106023009,1,1
2016,48,495,72,71,73,0.0395170143,1,1
2016,48,497,327,326,328,0.0354702245,1,1
2016,48,499,184,184,184,0.0295915085,1,1
2016,48,501,,,,,,
2016,48,503,42,42,42,0.0122842937,1,1
2016,48,505,145,145,145,0.0407188992,1,1
2016,48,507,180,180,180,0.0744416873,1,1
2016,49,001,,,,,,
2016,49,003,143,143,143,0.0120848475,1,1
2016,49,005,293,293,293,0.0121521297,1,1
2016,49,007,297,297,297,0.0847119224,1,1
2016,49,009,,,,,,
2016,49,011,1456,1455,1457,0.0194813883,1,1
2016,49,013,86,86,86,0.0167055167,1,1
2016,49,015,61,61,61,0.0266724967,1,1
2016,49,017,29,29,29,0.0295315682,3,3
2016,49,019,,,,,,
2016,49,021,401,400,402,0.0380238953,1,1
2016,49,023,11,11,11,0.0043324143,3,3
2016,49,025,,,,,,
2016,49,027,98,98,98,0.0330299966,1,1
2016,49,029,,,,,,
2016,49,031,,,,,,
2016,49,033,,,,,,
2016,49,035,6414,6407,6421,0.0329809334,1,1
2016,49,037,926,926,926,0.2980366913,1,1
2016,49,039,71,71,71,0.0119488388,1,1
2016,49,041,70,70,70,0.0147368421,1,1
2016,49,043,58,58,58,0.0114263199,1,1
2016,49,045,546,546,546,0.0372391215,1,1
2016,49,047,24,24,24,0.0033167496,3,3
2016,49,049,1765,1764,1766,0.0134910989,1,1
2016,49,051,277,277,277,0.040861484,1,1
2016,49,053,1109,1109,1109,0.0345299997,1,1
2016,49,055,,,,,,
2016,49,057,1281,1280,1282,0.0286276175,1,1
2016,50,001,,,,,,
2016,50,003,,,,,,
2016,50,005,19,19,19,0.017288444,3,3
2016,50,007,178,178,178,0.0140102322,1,1
2016,50,009,,,,,,
2016,50,011,,,,,,
2016,50,013,,,,,,
2016,50,015,,,,,,
2016,50,017,,,,,,
2016,50,019,,,,,,
2016,50,021,28,28,28,0.0098765432,3,3
2016,50,023,,,,,,
2016,50,025,,,,,,
2016,50,027,61,60,62,0.0181385668,1,1
2016,51,001,263,263,263,0.0499809958,1,1
2016,51,003,,,,,,
2016,51,005,14,14,14,0.0062388592,3,3
2016,51,007,,,,,,
2016,51,009,78,78,78,0.0188451317,1,1
2016,51,011,23,23,23,0.0099826389,3,3
2016,51,013,204,204,204,0.0077933985,1,1
2016,51,015,110,110,110,0.0105932203,1,1
2016,51,017,,,,,,
2016,51,019,67,67,67,0.0069057926,1,1
2016,51,021,,,,,,
2016,51,023,24,24,24,0.0051568543,3,3
2016,51,025,,,,,,
2016,51,027,,,,,,
2016,51,029,20,20,20,0.0097370983,3,3
2016,51,031,113,113,113,0.0140897756,1,1
2016,51,033,87,87,87,0.0202372645,1,1
2016,51,035,40,40,40,0.0104275287,1,1
2016,51,036,26,26,26,0.0382916053,3,3
2016,51,037,,,,,,
2016,51,041,715,715,715,0.0119047619,1,1
2016,51,043,17,17,17,0.0085213033,3,3
2016,51,045,,,,,,
2016,51,047,97,97,97,0.0118263838,1,1
2016,51,049,,,,,,
2016,51,051,,,,,,
2016,51,053,13,13,13,0.0029585799,3,3
2016,51,057,,,,,,
2016,51,059,3257,3257,3257,0.0173737244,1,1
2016,51,061,308,308,308,0.0278355174,1,1
2016,51,063,16,16,16,0.0078354554,3,3
2016,51,065,53,53,53,0.0147714604,1,1
2016,51,067,22,22,22,0.002992383,3,3
2016,51,069,,,,,,
2016,51,071,24,24,24,0.0099958351,3,3
2016,51,073,15,15,15,0.0027272727,3,3
2016,51,075,19,19,19,0.0073245952,3,3
2016,51,077,19,19,19,0.0115571776,3,3
2016,51,079,72,72,72,0.0226628895,1,1
2016,51,081,,,,,,
2016,51,083,39,39,39,0.007518797,1,1
2016,51,085,44,44,44,0.0024391596,1,1
2016,51,087,986,986,986,0.0191735537,1,1
2016,51,089,65,65,65,0.0086574321,1,1
2016,51,091,,,,,,
2016,51,093,59,59,59,0.0108237021,1,1
2016,51,095,,,,,,
2016,51,097,12,12,12,0.014084507,3,3
2016,51,099,58,58,58,0.0133456052,1,1
2016,51,101,14,13,15,0.0046589018,3,3
2016,51,103,,,,,,
2016,51,105,,,,,,
2016,51,107,2286,2286,2286,0.0291775157,1,1
2016,51,109,19,19,19,0.00390625,3,3
2016,51,111,,,,,,
2016,51,113,29,29,29,0.0166570936,3,3
2016,51,115,14,14,14,0.012832264,3,3
2016,51,117,14,14,14,0.003164557,3,3
2016,51,119,13,13,13,0.010483871,3,3
2016,51,121,187,187,187,0.0193301633,1,1
2016,51,125,28,28,28,0.0147523709,3,3
2016,51,127,37,37,37,0.0117237009,1,1
2016,51,131,260,260,260,0.1558752998,1,1
2016,51,133,,,,,,
2016,51,135,38,38,38,0.017551963,1,1
2016,51,137,116,116,116,0.0227050303,1,1
2016,51,139,68,68,68,0.0197789412,1,1
2016,51,141,61,61,61,0.0221656977,1,1
2016,51,143,26,26,26,0.0028316271,3,3
2016,51,145,15,15,15,0.0035161744,3,3
2016,51,147,,,,,,
2016,51,149,17,17,17,0.0026372944,3,3
2016,51,153,456,456,456,0.0051038111,1,1
2016,51,155,86,86,86,0.0201405152,1,1
2016,51,157,,,,,,
2016,51,159,19,19,19,0.0144596651,3,3
2016,51,161,50,50,50,0.0035124693,1,1
2016,51,163,,,,,,
2016,51,165,,,,,,
2016,51,167,,,,,,
2016,51,169,13,13,13,0.0034833869,3,3
2016,51,171,56,56,56,0.0093224571,1,1
2016,51,173,,,,,,
2016,51,175,26,26,26,0.0094545455,3,3
2016,51,177,573,573,573,0.0242827478,1,1
2016,51,179,424,424,424,0.0149369407,1,1
2016,51,181,,,,,,
2016,51,183,15,15,15,0.013562387,3,3
2016,51,185,36,36,36,0.0060412821,1,1
2016,51,187,61,61,61,0.0113277623,1,1
2016,51,191,98,98,98,0.0134911894,1,1
2016,51,193,48,48,48,0.0208695652,1,1
2016,51,195,247,247,247,0.0419426049,1,1
2016,51,197,,,,,,
2016,51,199,125,125,125,0.0098564895,1,1
2016,51,510,142,142,142,0.0092804392,1,1
2016,51,520,85,85,85,0.0369725968,1,1
2016,51,530,,,,,,
2016,51,540,348,348,348,0.0190570067,1,1
2016,51,550,245,245,245,0.0060957404,1,1
2016,51,570,33,33,33,0.0116320056,1,1
2016,51,580,,,,,,
2016,51,590,77,77,77,0.0129281397,1,1
2016,51,595,41,41,41,0.0160973695,1,1
2016,51,600,,,,,,
2016,51,610,10,10,10,0.0037453184,3,3
2016,51,620,56,56,56,0.0496453901,1,1
2016,51,630,183,183,183,0.0511601901,1,1
2016,51,640,20,20,20,0.015015015,3,3
2016,51,650,538,538,538,0.0265207532,1,1
2016,51,660,188,188,188,0.0104218637,1,1
2016,51,670,71,71,71,0.0165424045,1,1
2016,51,678,,,,,,
2016,51,680,184,184,184,0.0217057921,1,1
2016,51,683,104,104,104,0.0134837288,1,1
2016,51,685,55,55,55,0.015328874,1,1
2016,51,690,17,17,17,0.0083292504,3,3
2016,51,700,622,622,622,0.0215650244,1,1
2016,51,710,710,710,710,0.0225934765,1,1
2016,51,720,23,23,23,0.0291508238,3,3
2016,51,730,299,299,299,0.0699415205,1,1
2016,51,735,27,27,27,0.0131195335,3,3
2016,51,740,266,266,266,0.0182054616,1,1
2016,51,750,52,52,52,0.0313441832,1,1
2016,51,760,1394,1394,1394,0.0560559756,1,1
2016,51,770,488,488,488,0.0356803393,1,1
2016,51,775,19,19,19,0.0049325026,3,3
2016,51,790,61,61,61,0.0227696902,1,1
2016,51,800,175,175,175,0.0122514702,1,1
2016,51,810,886,886,886,0.0128247811,1,1
2016,51,820,86,86,86,0.0271293375,1,1
2016,51,830,435,435,435,0.0374773843,1,1
2016,51,840,440,440,440,0.024706609,1,1
2016,53,001,140,138,142,0.0279608548,1,1
2016,53,003,197,197,197,0.0580949572,1,1
2016,53,005,1158,1157,1159,0.031281234,1,1
2016,53,007,755,754,756,0.0574800152,1,1
2016,53,009,451,449,453,0.0422799288,1,1
2016,53,011,2701,2699,2703,0.0335590483,1,1
2016,53,013,15,14,16,0.0331858407,3,3
2016,53,015,916,916,916,0.053426655,1,1
2016,53,017,398,397,399,0.0479575853,1,1
2016,53,019,41,40,42,0.0469107551,1,1
2016,53,021,276,274,278,0.0137245152,1,1
2016,53,023,,,,,,
2016,53,025,1054,1052,1056,0.0523544606,1,1
2016,53,027,853,852,854,0.0815097946,1,1
2016,53,029,404,404,404,0.0484993998,1,1
2016,53,031,100,98,102,0.0378501136,1,1
2016,53,033,9254,9251,9257,0.0343222523,1,1
2016,53,035,1151,1150,1152,0.0317569805,1,1
2016,53,037,78,77,79,0.0149884704,1,1
2016,53,039,151,147,155,0.0479212948,2,2
2016,53,041,661,660,662,0.0546010243,1,1
2016,53,043,39,36,42,0.0187680462,3,3
2016,53,045,778,778,778,0.0898487123,1,1
2016,53,047,307,307,307,0.0297913634,1,1
2016,53,049,313,312,314,0.1010655473,1,1
2016,53,051,145,145,145,0.090738423,1,1
2016,53,053,4607,4606,4608,0.0343043083,1,1
2016,53,055,64,63,65,0.0345013477,1,1
2016,53,057,701,701,701,0.0364250455,1,1
2016,53,059,78,77,79,0.0693950178,1,1
2016,53,061,3909,3908,3910,0.0293059242,1,1
2016,53,063,3035,3031,3039,0.0397183725,1,1
2016,53,065,394,392,396,0.0680366085,1,1
2016,53,067,1949,1949,1949,0.0450146661,1,1
2016,53,069,39,39,39,0.0884353741,1,1
2016,53,071,278,276,280,0.0314408505,1,1
2016,53,073,959,959,959,0.0351681396,1,1
2016,53,075,93,84,102,0.0193186539,3,3
2016,53,077,2550,2549,2551,0.046599174,1,1
2016,54,001,30,30,30,0.012908778,1,1
2016,54,003,338,338,338,0.0177894737,1,1
2016,54,005,29,29,29,0.0069411202,3,3
2016,54,007,62,62,62,0.0304070623,1,1
2016,54,009,64,64,64,0.0215851602,1,1
2016,54,011,239,239,239,0.0185732048,1,1
2016,54,013,154,154,154,0.146527117,1,1
2016,54,015,435,435,435,0.2244582043,1,1
2016,54,017,16,16,16,0.013559322,3,3
2016,54,019,219,219,219,0.0337598273,1,1
2016,54,021,46,46,46,0.0548271752,1,1
2016,54,023,67,67,67,0.0398572278,1,1
2016,54,025,322,322,322,0.0648931882,1,1
2016,54,027,184,184,184,0.0565284178,1,1
2016,54,029,25,25,25,0.0061515748,3,3
2016,54,031,67,67,67,0.0281394372,1,1
2016,54,033,501,501,501,0.0467874486,1,1
2016,54,035,34,34,34,0.0071927227,1,1
2016,54,037,816,816,816,0.0886763747,1,1
2016,54,039,737,737,737,0.0276807512,1,1
2016,54,041,56,56,56,0.0218664584,1,1
2016,54,043,381,381,381,0.1076271186,1,1
2016,54,045,264,264,264,0.0451590831,1,1
2016,54,047,109,109,109,0.0340625,1,1
2016,54,049,33,33,33,0.0040715608,1,1
2016,54,051,126,126,126,0.0273496853,1,1
2016,54,053,104,104,104,0.0250481696,1,1
2016,54,055,375,375,375,0.0406901042,1,1
2016,54,057,169,169,169,0.0405762305,1,1
2016,54,059,130,130,130,0.030952381,1,1
2016,54,061,131,131,131,0.0114370526,1,1
2016,54,063,104,104,104,0.056861673,1,1
2016,54,065,111,111,111,0.0477830392,1,1
2016,54,067,147,147,147,0.0387351779,1,1
2016,54,069,52,52,52,0.0096888392,1,1
2016,54,071,17,17,17,0.0182599356,3,3
2016,54,073,15,15,15,0.0131926121,3,3
2016,54,075,35,35,35,0.0329877474,1,1
2016,54,077,101,101,101,0.0223797917,1,1
2016,54,079,65,65,65,0.0066906845,1,1
2016,54,081,228,228,228,0.0187669767,1,1
2016,54,083,72,72,72,0.0177865613,1,1
2016,54,085,108,108,108,0.0747922438,1,1
2016,54,087,290,290,290,0.1258680556,1,1
2016,54,089,36,36,36,0.0230917255,1,1
2016,54,091,163,163,163,0.0663680782,1,1
2016,54,093,73,73,73,0.0746421268,1,1
2016,54,095,19,19,19,0.0145148969,3,3
2016,54,097,354,354,354,0.0935270806,1,1
2016,54,099,128,128,128,0.0179397337,1,1
2016,54,101,32,32,32,0.0229226361,1,1
2016,54,103,27,27,27,0.0105716523,3,3
2016,54,105,147,147,147,0.1434146341,1,1
2016,54,107,349,349,349,0.0271384137,1,1
2016,54,109,88,88,88,0.0221272316,1,1
2016,55,001,57,57,57,0.0366323907,1,1
2016,55,003,24,22,26,0.0096115338,3,3
2016,55,005,206,204,208,0.0263258786,1,1
2016,55,007,14,12,16,0.0094212651,3,3
2016,55,009,1255,1252,1258,0.0278635021,1,1
2016,55,011,10,7,13,0.0049875312,3,3
2016,55,013,18,16,20,0.0069310743,3,3
2016,55,015,19,16,22,0.0049376299,3,3
2016,55,017,71,68,74,0.0078383749,2,2
2016,55,019,90,87,93,0.0186142709,2,2
2016,55,021,110,107,113,0.0128190188,2,2
2016,55,023,24,24,24,0.0111576011,3,3
2016,55,025,1986,1983,1989,0.0257600913,1,1
2016,55,027,246,245,247,0.0235925961,1,1
2016,55,029,,,,,,
2016,55,031,152,151,153,0.0238468779,1,1
2016,55,033,83,83,83,0.0136783125,1,1
2016,55,035,418,418,418,0.029420045,1,1
2016,55,037,,,,,,
2016,55,039,194,193,195,0.0147092274,1,1
2016,55,041,25,23,27,0.0163505559,3,3
2016,55,043,167,167,167,0.0237587139,1,1
2016,55,045,36,32,40,0.0066790353,3,3
2016,55,047,84,83,85,0.0273883274,1,1
2016,55,049,36,34,38,0.0103211009,3,3
2016,55,051,,,,,,
2016,55,053,66,65,67,0.0212971926,1,1
2016,55,055,214,214,214,0.0163221722,1,1
2016,55,057,65,63,67,0.017648656,2,2
2016,55,059,638,635,641,0.0221427828,1,1
2016,55,061,15,14,16,0.004178273,3,3
2016,55,063,201,201,201,0.0124028138,1,1
2016,55,065,38,34,42,0.012995896,3,3
2016,55,067,70,70,70,0.0245700246,1,1
2016,55,069,146,146,146,0.0319614711,1,1
2016,55,071,100,98,102,0.0095620578,1,1
2016,55,073,400,396,404,0.0203066301,1,1
2016,55,075,137,132,142,0.0227385892,2,2
2016,55,077,,,,,,
2016,55,078,165,165,165,0.1966626937,1,1
2016,55,079,5112,5093,5131,0.0374039658,1,1
2016,55,081,130,129,131,0.0182635572,1,1
2016,55,083,58,57,59,0.0141256698,1,1
2016,55,085,28,25,31,0.0069204152,3,3
2016,55,087,492,490,494,0.0138661857,1,1
2016,55,089,39,38,40,0.0030744974,2,2
2016,55,091,,,,,,
2016,55,093,78,76,80,0.0101867572,2,2
2016,55,095,152,150,154,0.0210964608,1,1
2016,55,097,195,194,196,0.0208133205,1,1
2016,55,099,,,,,,
2016,55,101,1212,1205,1219,0.0423805861,1,1
2016,55,103,50,50,50,0.0274876306,1,1
2016,55,105,1191,1190,1192,0.0427970822,1,1
2016,55,107,19,18,20,0.0104683196,3,3
2016,55,109,170,169,171,0.0117752996,1,1
2016,55,111,338,338,338,0.0287121984,1,1
2016,55,113,23,21,25,0.009156051,3,3
2016,55,115,63,59,67,0.0116537181,3,3
2016,55,117,265,259,271,0.0138381201,1,1
2016,55,119,44,43,45,0.0131578947,1,1
2016,55,121,59,57,61,0.009986459,2,2
2016,55,123,97,95,99,0.0238153695,1,1
2016,55,125,84,81,87,0.0316622691,2,2
2016,55,127,290,284,296,0.0181102854,1,1
2016,55,129,48,47,49,0.0197206245,1,1
2016,55,131,161,158,164,0.0080608822,1,1
2016,55,133,400,390,410,0.006466214,2,2
2016,55,135,192,191,193,0.0224824356,1,1
2016,55,137,28,28,28,0.0108653473,3,3
2016,55,139,344,343,345,0.0150421969,1,1
2016,55,141,341,338,344,0.0279645727,1,1
2016,56,001,80,80,80,0.0198856575,1,1
2016,56,003,61,60,62,0.0238188208,1,1
2016,56,005,271,271,271,0.0310566124,1,1
2016,56,007,114,113,115,0.046303818,1,1
2016,56,009,88,88,88,0.0380622837,1,1
2016,56,011,,,,,,
2016,56,013,232,228,236,0.0331097474,1,1
2016,56,015,21,21,21,0.0121880441,3,3
2016,56,017,15,15,15,0.0227963526,3,3
2016,56,019,,,,,,
2016,56,021,376,376,376,0.0247841276,1,1
2016,56,023,38,38,38,0.0109383995,1,1
2016,56,025,216,216,216,0.0162186514,1,1
2016,56,027,,,,,,
2016,56,029,62,61,63,0.0155116337,1,1
2016,56,031,,,,,,
2016,56,033,35,33,37,0.0077143487,3,3
2016,56,035,,,,,,
2016,56,037,156,156,156,0.0186135306,1,1
2016,56,039,92,92,92,0.0324514991,1,1
2016,56,041,14,13,15,0.003221353,3,3
2016,56,043,60,59,61,0.0416377516,1,1
2016,56,045,28,28,28,0.0272904483,3,3
2017,01,001,56,56,56,0.0060560182,1,1
2017,01,003,63,63,63,0.0019822541,1,1
2017,01,005,22,21,23,0.0040418887,3,3
2017,01,007,,,,,,
2017,01,009,135,135,135,0.0145583953,1,1
2017,01,011,,,,,,
2017,01,013,100,100,100,0.0326690624,1,1
2017,01,015,320,320,320,0.0182159731,1,1
2017,01,017,21,21,21,0.0057692308,3,3
2017,01,019,460,460,460,0.1158106747,1,1
2017,01,021,,,,,,
2017,01,023,,,,,,
2017,01,025,17,16,18,0.0045381741,3,3
2017,01,027,25,25,25,0.0130821559,3,3
2017,01,029,30,30,30,0.0116099071,1,1
2017,01,031,306,306,306,0.030949732,1,1
2017,01,033,321,320,322,0.0612244898,1,1
2017,01,035,,,,,,
2017,01,037,,,,,,
2017,01,039,11,11,11,0.0017909476,3,3
2017,01,041,,,,,,
2017,01,043,34,34,34,0.0026693884,1,1
2017,01,045,33,32,34,0.0053415345,2,2
2017,01,047,313,313,313,0.0483323039,1,1
2017,01,049,409,409,409,0.0336847307,1,1
2017,01,051,72,72,72,0.0054748688,1,1
2017,01,053,25,24,26,0.0045964332,3,3
2017,01,055,228,228,228,0.0149410223,1,1
2017,01,057,12,12,12,0.0051502146,3,3
2017,01,059,,,,,,
2017,01,061,11,11,11,0.0027513757,3,3
2017,01,063,,,,,,
2017,01,065,,,,,,
2017,01,067,,,,,,
2017,01,069,159,159,159,0.0102165392,1,1
2017,01,071,63,63,63,0.0079125848,1,1
2017,01,073,1408,1407,1409,0.0135543618,1,1
2017,01,075,,,,,,
2017,01,077,114,114,114,0.0089679043,1,1
2017,01,079,187,187,187,0.0393352966,1,1
2017,01,081,59,58,60,0.002596831,1,1
2017,01,083,177,177,177,0.0124841303,1,1
2017,01,085,89,89,89,0.0619777159,1,1
2017,01,087,30,30,30,0.0155118925,1,1
2017,01,089,391,391,391,0.0072341764,1,1
2017,01,091,,,,,,
2017,01,093,50,50,50,0.0110399647,1,1
2017,01,095,544,544,544,0.02991312,1,1
2017,01,097,6585,6583,6587,0.1075400519,1,1
2017,01,099,,,,,,
2017,01,101,687,686,688,0.022131306,1,1
2017,01,103,109,109,109,0.0055541401,1,1
2017,01,105,139,139,139,0.1028867506,1,1
2017,01,107,10,10,10,0.0039032006,3,3
2017,01,109,109,109,109,0.0265594542,1,1
2017,01,111,,,,,,
2017,01,113,61,61,61,0.005738476,1,1
2017,01,115,104,103,105,0.0078865549,1,1
2017,01,117,308,308,308,0.010314457,1,1
2017,01,119,16,16,16,0.0104506858,3,3
2017,01,121,14,13,15,0.0014307614,3,3
2017,01,123,16,16,16,0.0052253429,3,3
2017,01,125,283,283,283,0.0096884629,1,1
2017,01,127,115,115,115,0.0110375276,1,1
2017,01,129,28,28,28,0.0104438642,3,3
2017,01,131,72,72,72,0.0425531915,1,1
2017,01,133,,,,,,
2017,02,013,,,,,,
2017,02,016,,,,,,
2017,02,020,2047,2047,2047,0.0426174217,1,1
2017,02,050,25,25,25,0.0057763401,3,3
2017,02,060,,,,,,
2017,02,068,,,,,,
2017,02,070,,,,,,
2017,02,090,419,419,419,0.0304063861,1,1
2017,02,100,,,,,,
2017,02,105,27,27,27,0.2288135593,3,3
2017,02,110,221,221,221,0.0463798531,1,1
2017,02,122,204,204,204,0.0228060369,1,1
2017,02,130,27,27,27,0.0114455278,3,3
2017,02,150,23,23,23,0.0094962841,3,3
2017,02,158,28,28,28,0.0140210315,3,3
2017,02,164,,,,,,
2017,02,170,578,578,578,0.0300119425,1,1
2017,02,180,51,51,51,0.019058296,1,1
2017,02,185,28,28,28,0.0129689671,3,3
2017,02,188,,,,,,
2017,02,195,,,,,,
2017,02,198,17,17,17,0.0284757119,3,3
2017,02,220,32,32,32,0.0252167061,1,1
2017,02,230,,,,,,
2017,02,240,,,,,,
2017,02,261,22,22,22,0.0223577236,3,3
2017,02,275,,,,,,
2017,02,282,,,,,,
2017,02,290,72,72,72,0.0125457397,1,1
2017,04,001,355,355,355,0.1152597403,1,1
2017,04,003,686,685,687,0.0433628319,1,1
2017,04,005,531,530,532,0.0382702703,1,1
2017,04,007,810,809,811,0.1567337461,1,1
2017,04,009,40,40,40,0.0108754758,1,1
2017,04,011,,,,,,
2017,04,012,46,45,47,0.0208239022,1,1
2017,04,013,15887,15859,15915,0.0241200369,1,1
2017,04,015,524,523,525,0.027878272,1,1
2017,04,017,526,522,530,0.034525763,1,1
2017,04,019,4009,4007,4011,0.0348435993,1,1
2017,04,021,611,607,615,0.0145061728,1,1
2017,04,023,257,257,257,0.0276433258,1,1
2017,04,025,1080,1076,1084,0.0547362019,1,1
2017,04,027,407,406,408,0.0132263096,1,1
2017,05,001,77,77,77,0.0266343826,1,1
2017,05,003,84,84,84,0.0225685116,1,1
2017,05,005,162,162,162,0.0319652723,1,1
2017,05,007,965,964,966,0.0211465136,1,1
2017,05,009,309,309,309,0.0512182994,1,1
2017,05,011,21,21,21,0.009976247,3,3
2017,05,013,34,34,34,0.0562913907,1,1
2017,05,015,304,304,304,0.0769425462,1,1
2017,05,017,,,,,,
2017,05,019,37,37,37,0.014346646,1,1
2017,05,021,30,30,30,0.0122498979,1,1
2017,05,023,154,154,154,0.0467516697,1,1
2017,05,025,36,36,36,0.0238252813,1,1
2017,05,027,26,26,26,0.0067444877,3,3
2017,05,029,184,184,184,0.0554550934,1,1
2017,05,031,403,403,403,0.02071234,1,1
2017,05,033,361,361,361,0.0328510329,1,1
2017,05,035,171,170,172,0.0170590583,1,1
2017,05,037,140,140,140,0.0420546711,1,1
2017,05,039,,,,,,
2017,05,041,26,26,26,0.0103133677,3,3
2017,05,043,23,23,23,0.007460266,3,3
2017,05,045,548,548,548,0.0285045514,1,1
2017,05,047,71,71,71,0.0251327434,1,1
2017,05,049,54,54,54,0.0321237359,1,1
2017,05,051,577,577,577,0.0375651042,1,1
2017,05,053,43,43,43,0.0090355117,1,1
2017,05,055,325,325,325,0.0409732728,1,1
2017,05,057,83,82,84,0.0289501221,1,1
2017,05,059,154,154,154,0.0285767304,1,1
2017,05,061,33,32,34,0.0113558156,2,2
2017,05,063,296,296,296,0.0442914859,1,1
2017,05,065,40,40,40,0.0225861095,1,1
2017,05,067,163,163,163,0.0740236149,1,1
2017,05,069,322,322,322,0.0411081323,1,1
2017,05,071,201,201,201,0.043105297,1,1
2017,05,073,,,,,,
2017,05,075,131,130,132,0.0414163769,1,1
2017,05,077,,,,,,
2017,05,079,67,67,67,0.0420854271,1,1
2017,05,081,24,23,25,0.012526096,3,3
2017,05,083,396,396,396,0.1021935484,1,1
2017,05,085,318,318,318,0.0225932504,1,1
2017,05,087,137,137,137,0.0588993981,1,1
2017,05,089,241,241,241,0.1426035503,1,1
2017,05,091,116,116,116,0.0172004745,1,1
2017,05,093,504,503,505,0.0681081081,1,1
2017,05,095,81,81,81,0.0790243902,1,1
2017,05,097,55,55,55,0.0516917293,1,1
2017,05,099,,,,,,
2017,05,101,123,122,124,0.0956454121,1,1
2017,05,103,50,50,50,0.0162813416,1,1
2017,05,105,16,16,16,0.0102040816,3,3
2017,05,107,31,31,31,0.0088596742,1,1
2017,05,109,101,101,101,0.0489341085,1,1
2017,05,111,273,273,273,0.0657039711,1,1
2017,05,113,82,81,83,0.0233818078,1,1
2017,05,115,420,420,420,0.0408321991,1,1
2017,05,117,42,42,42,0.0352644836,1,1
2017,05,119,1682,1679,1685,0.0286693143,1,1
2017,05,121,116,116,116,0.044632551,1,1
2017,05,123,17,17,17,0.0049289649,3,3
2017,05,125,140,140,140,0.0079311126,1,1
2017,05,127,103,103,103,0.043313709,1,1
2017,05,129,56,56,56,0.037458194,1,1
2017,05,131,380,380,380,0.0186649639,1,1
2017,05,133,74,73,75,0.0224242424,1,1
2017,05,135,81,81,81,0.0281935259,1,1
2017,05,137,12,12,12,0.0071132187,3,3
2017,05,139,208,208,208,0.0284502804,1,1
2017,05,141,207,206,208,0.0898047722,1,1
2017,05,143,685,685,685,0.0163379207,1,1
2017,05,145,401,401,401,0.0312621813,1,1
2017,05,147,73,73,73,0.0665451231,1,1
2017,05,149,151,151,151,0.0353299017,1,1
2017,06,001,4160,4160,4160,0.0184577159,1,1
2017,06,003,14,14,14,0.175,3,3
2017,06,005,148,148,148,0.0356884495,1,1
2017,06,007,1409,1407,1411,0.044978612,1,1
2017,06,009,275,275,275,0.0503570775,1,1
2017,06,011,270,270,270,0.0563439065,1,1
2017,06,013,2559,2558,2560,0.0147905396,1,1
2017,06,015,156,156,156,0.036896878,1,1
2017,06,017,843,843,843,0.030418937,1,1
2017,06,019,4511,4510,4512,0.0222306547,1,1
2017,06,021,418,418,418,0.0862923204,1,1
2017,06,023,1415,1410,1420,0.0777942713,1,1
2017,06,025,2053,2053,2053,0.054756888,1,1
2017,06,027,135,135,135,0.0732501356,1,1
2017,06,029,5142,5138,5146,0.0273218527,1,1
2017,06,031,912,911,913,0.0321171996,1,1
2017,06,033,843,842,844,0.0882814954,1,1
2017,06,035,52,51,53,0.0160791589,1,1
2017,06,037,65319,65316,65322,0.0438722045,1,1
2017,06,039,1123,1123,1123,0.0359337002,1,1
2017,06,041,957,954,960,0.0335648148,1,1
2017,06,043,115,115,115,0.0616621984,1,1
2017,06,045,996,996,996,0.0756666413,1,1
2017,06,047,1688,1687,1689,0.0298470515,1,1
2017,06,049,,,,,,
2017,06,051,23,23,23,0.0156143924,3,3
2017,06,053,8363,8360,8366,0.1089230128,1,1
2017,06,055,546,546,546,0.0267620821,1,1
2017,06,057,662,662,662,0.0463975329,1,1
2017,06,059,29295,29295,29295,0.0602982494,1,1
2017,06,061,1588,1588,1588,0.0227438736,1,1
2017,06,063,,,,,,
2017,06,065,21240,21240,21240,0.0495505689,1,1
2017,06,067,10665,10665,10665,0.0439340886,1,1
2017,06,069,290,290,290,0.0258766842,1,1
2017,06,071,32525,32525,32525,0.0806985855,1,1
2017,06,073,20178,20175,20181,0.0398636048,1,1
2017,06,075,2511,2511,2511,0.0414657507,1,1
2017,06,077,4329,4328,4330,0.0291424878,1,1
2017,06,079,3058,3058,3058,0.0880430714,1,1
2017,06,081,1856,1854,1858,0.0200835371,1,1
2017,06,083,9319,9318,9320,0.1395728493,1,1
2017,06,085,4146,4143,4149,0.0152635784,1,1
2017,06,087,3427,3426,3428,0.0850942319,1,1
2017,06,089,746,745,747,0.0280704395,1,1
2017,06,091,11,11,11,0.027027027,3,3
2017,06,093,321,318,324,0.0594554547,1,1
2017,06,095,1512,1512,1512,0.0229776758,1,1
2017,06,097,2587,2585,2589,0.0379804445,1,1
2017,06,099,2973,2972,2974,0.0271767448,1,1
2017,06,101,403,401,405,0.0174587359,1,1
2017,06,103,582,580,584,0.0562536246,1,1
2017,06,105,171,171,171,0.1136212625,1,1
2017,06,107,3128,3125,3131,0.0312150726,1,1
2017,06,109,279,279,279,0.0459183673,1,1
2017,06,111,5504,5504,5504,0.0414192723,1,1
2017,06,113,836,836,836,0.0278045698,1,1
2017,06,115,459,459,459,0.0325047801,1,1
2017,08,001,3992,3992,3992,0.0471299379,1,1
2017,08,003,132,132,132,0.0498866213,1,1
2017,08,005,2770,2769,2771,0.0231799163,1,1
2017,08,007,18,18,18,0.0108433735,3,3
2017,08,009,,,,,,
2017,08,011,,,,,,
2017,08,013,976,976,976,0.0153210995,1,1
2017,08,014,,,,,,
2017,08,015,53,53,53,0.0229040622,1,1
2017,08,017,,,,,,
2017,08,019,25,25,25,0.0309405941,3,3
2017,08,021,19,19,19,0.0120405577,3,3
2017,08,023,39,39,39,0.078313253,1,1
2017,08,025,,,,,,
2017,08,027,,,,,,
2017,08,029,136,136,136,0.0268880981,1,1
2017,08,031,1901,1901,1901,0.0173802536,1,1
2017,08,033,,,,,,
2017,08,035,653,653,653,0.009660192,1,1
2017,08,037,20,20,20,0.0028855865,3,3
2017,08,039,18,18,18,0.0064308682,3,3
2017,08,041,2190,2189,2191,0.0180392415,1,1
2017,08,043,98,98,98,0.0199959192,1,1
2017,08,045,313,313,313,0.0265636935,1,1
2017,08,047,,,,,,
2017,08,049,74,74,74,0.043350908,1,1
2017,08,051,,,,,,
2017,08,053,,,,,,
2017,08,055,11,11,11,0.0484581498,3,3
2017,08,057,,,,,,
2017,08,059,3135,3135,3135,0.0363917071,1,1
2017,08,061,,,,,,
2017,08,063,25,25,25,0.0210614996,3,3
2017,08,065,,,,,,
2017,08,067,162,162,162,0.021850553,1,1
2017,08,069,1944,1944,1944,0.0409798052,1,1
2017,08,071,22,22,22,0.0187393526,3,3
2017,08,073,32,31,33,0.048048048,2,2
2017,08,075,26,26,26,0.011348756,3,3
2017,08,077,736,735,737,0.0324229075,1,1
2017,08,079,,,,,,
2017,08,081,,,,,,
2017,08,083,82,82,82,0.0203322589,1,1
2017,08,085,460,460,460,0.0734824281,1,1
2017,08,087,451,451,451,0.0801065719,1,1
2017,08,089,36,35,37,0.0138355111,2,2
2017,08,091,13,13,13,0.0366197183,3,3
2017,08,093,20,20,20,0.0120627262,3,3
2017,08,095,,,,,,
2017,08,097,,,,,,
2017,08,099,54,53,55,0.0288153682,1,1
2017,08,101,1062,1062,1062,0.0396342601,1,1
2017,08,103,17,17,17,0.0135566188,3,3
2017,08,105,31,31,31,0.0160289555,1,1
2017,08,107,,,,,,
2017,08,109,237,237,237,0.2410986775,1,1
2017,08,111,,,,,,
2017,08,113,,,,,,
2017,08,115,15,15,15,0.1282051282,3,3
2017,08,117,41,41,41,0.0114142539,1,1
2017,08,119,60,60,60,0.0209132102,1,1
2017,08,121,23,23,23,0.037398374,3,3
2017,08,123,845,844,846,0.0193341723,1,1
2017,08,125,73,73,73,0.0412662521,1,1
2017,09,001,608,604,612,0.0050810205,1,1
2017,09,003,1404,1398,1410,0.0111613708,1,1
2017,09,005,106,102,110,0.005876483,2,2
2017,09,007,165,162,168,0.0059220444,1,1
2017,09,009,1830,1823,1837,0.0162323263,1,1
2017,09,011,644,637,651,0.0173365278,1,1
2017,09,013,91,87,95,0.0061569689,2,2
2017,09,015,283,281,285,0.0200680755,1,1
2017,10,001,1014,1013,1015,0.0391899204,1,1
2017,10,003,1718,1715,1721,0.0231986605,1,1
2017,10,005,751,751,751,0.024289272,1,1
2017,11,001,7587,7585,7587,0.0878959197,1,1
2017,12,001,1019,1019,1019,0.0342359898,1,1
2017,12,003,98,98,98,0.0194290246,1,1
2017,12,005,1523,1523,1523,0.054245619,1,1
2017,12,007,155,155,155,0.048226509,1,1
2017,12,009,2763,2763,2763,0.0375795659,1,1
2017,12,011,5072,5072,5072,0.0185428236,1,1
2017,12,013,73,73,73,0.0326329906,1,1
2017,12,015,434,434,434,0.0272938809,1,1
2017,12,017,669,669,669,0.0430446532,1,1
2017,12,019,727,727,727,0.0193758162,1,1
2017,12,021,1359,1359,1359,0.0290186197,1,1
2017,12,023,672,672,672,0.0659664278,1,1
2017,12,027,134,134,134,0.0276973956,1,1
2017,12,029,80,80,80,0.0365797897,1,1
2017,12,031,5825,5825,5825,0.0449518841,1,1
2017,12,033,1912,1912,1912,0.0474535888,1,1
2017,12,035,529,529,529,0.0406110855,1,1
2017,12,037,290,290,290,0.2222222222,1,1
2017,12,039,287,287,287,0.053977807,1,1
2017,12,041,13,13,13,0.0048634493,3,3
2017,12,043,39,39,39,0.0232835821,1,1
2017,12,045,15,15,15,0.0075872534,3,3
2017,12,047,335,335,335,0.2029073289,1,1
2017,12,049,151,151,151,0.0290049942,1,1
2017,12,051,1235,1235,1235,0.1683478735,1,1
2017,12,053,654,654,654,0.0291378926,1,1
2017,12,055,651,651,651,0.0524407927,1,1
2017,12,057,4865,4865,4865,0.0224119186,1,1
2017,12,059,71,71,71,0.0216727717,1,1
2017,12,061,416,416,416,0.023381295,1,1
2017,12,063,158,158,158,0.0237665463,1,1
2017,12,065,38,38,38,0.0523415978,1,1
2017,12,067,201,201,201,0.1652960526,1,1
2017,12,069,2297,2297,2297,0.0532033168,1,1
2017,12,071,2070,2070,2070,0.0222052971,1,1
2017,12,073,819,819,819,0.0219812663,1,1
2017,12,075,212,212,212,0.0380200861,1,1
2017,12,077,29,29,29,0.0203938115,3,3
2017,12,079,169,169,169,0.0606822262,1,1
2017,12,081,1677,1677,1677,0.0342580487,1,1
2017,12,083,2669,2669,2669,0.061898467,1,1
2017,12,085,482,482,482,0.0254072005,1,1
2017,12,086,8946,8946,8946,0.0252113629,1,1
2017,12,087,698,698,698,0.0821176471,1,1
2017,12,089,547,547,547,0.0460592792,1,1
2017,12,091,453,453,453,0.0142978885,1,1
2017,12,093,521,521,521,0.0812792512,1,1
2017,12,095,9799,9799,9799,0.0463123567,1,1
2017,12,097,5221,5221,5221,0.0791276409,1,1
2017,12,099,4445,4445,4445,0.022676836,1,1
2017,12,101,2229,2229,2229,0.0302516218,1,1
2017,12,103,4227,4227,4227,0.0415128064,1,1
2017,12,105,4890,4890,4890,0.0469578244,1,1
2017,12,107,634,634,634,0.0568967065,1,1
2017,12,109,893,893,893,0.0219227181,1,1
2017,12,111,1581,1581,1581,0.0387044653,1,1
2017,12,113,1034,1034,1034,0.036935167,1,1
2017,12,115,828,828,828,0.0193002494,1,1
2017,12,117,2269,2269,2269,0.0334094088,1,1
2017,12,119,148,148,148,0.0171118048,1,1
2017,12,121,286,286,286,0.0466786355,1,1
2017,12,123,126,126,126,0.0442726634,1,1
2017,12,125,98,98,98,0.0420962199,1,1
2017,12,127,2718,2718,2718,0.0431682099,1,1
2017,12,129,83,83,83,0.0159922929,1,1
2017,12,131,349,349,349,0.036814346,1,1
2017,12,133,197,197,197,0.0586833482,1,1
2017,13,001,66,66,66,0.0181368508,1,1
2017,13,003,,,,,,
2017,13,005,68,68,68,0.0317757009,1,1
2017,13,007,,,,,,
2017,13,009,146,146,146,0.0279747078,1,1
2017,13,011,83,83,83,0.0297277937,1,1
2017,13,013,386,386,386,0.0279669613,1,1
2017,13,015,468,468,468,0.0259078831,1,1
2017,13,017,25,25,25,0.0078740157,3,3
2017,13,019,67,67,67,0.0212698413,1,1
2017,13,021,771,771,771,0.0319784322,1,1
2017,13,023,11,11,11,0.0043137255,3,3
2017,13,025,44,44,44,0.0128205128,1,1
2017,13,027,,,,,,
2017,13,029,71,71,71,0.0077434835,1,1
2017,13,031,275,275,275,0.0259213875,1,1
2017,13,033,,,,,,
2017,13,035,408,408,408,0.1171740379,1,1
2017,13,037,,,,,,
2017,13,039,131,131,131,0.0141591007,1,1
2017,13,043,31,31,31,0.0109193378,1,1
2017,13,045,905,905,905,0.0452590518,1,1
2017,13,047,321,321,321,0.0297497683,1,1
2017,13,049,74,74,74,0.0428736964,1,1
2017,13,051,1075,1075,1075,0.0286178256,1,1
2017,13,053,,,,,,
2017,13,055,382,382,382,0.0907578997,1,1
2017,13,057,144,144,144,0.0034035312,1,1
2017,13,059,797,797,797,0.0586029412,1,1
2017,13,061,,,,,,
2017,13,063,2872,2872,2872,0.0411679544,1,1
2017,13,065,45,45,45,0.0320284698,1,1
2017,13,067,2061,2061,2061,0.0169540324,1,1
2017,13,069,459,459,459,0.0595099183,1,1
2017,13,071,24,24,24,0.0024891101,3,3
2017,13,073,368,368,368,0.0135708227,1,1
2017,13,075,23,23,23,0.0071673419,3,3
2017,13,077,208,208,208,0.0089779006,1,1
2017,13,079,,,,,,
2017,13,081,23,23,23,0.0056344929,3,3
2017,13,083,25,25,25,0.0116550117,3,3
2017,13,085,193,193,193,0.0548919226,1,1
2017,13,087,73,73,73,0.0140817901,1,1
2017,13,089,1668,1668,1668,0.0157615731,1,1
2017,13,091,23,23,23,0.0072532324,3,3
2017,13,093,91,91,91,0.0714285714,1,1
2017,13,095,472,472,472,0.0324420922,1,1
2017,13,097,652,652,652,0.024658674,1,1
2017,13,099,72,72,72,0.0350877193,1,1
2017,13,101,,,,,,
2017,13,103,124,124,124,0.0100153461,1,1
2017,13,105,31,31,31,0.0101439791,1,1
2017,13,107,58,58,58,0.013388735,1,1
2017,13,109,21,21,21,0.0109261186,3,3
2017,13,111,283,283,283,0.0958347443,1,1
2017,13,113,91,91,91,0.0045215145,1,1
2017,13,115,804,804,804,0.0496633517,1,1
2017,13,117,494,494,494,0.0103494511,1,1
2017,13,119,32,32,32,0.0086580087,1,1
2017,13,121,4515,4514,4516,0.0299788853,1,1
2017,13,123,70,70,70,0.0169450496,1,1
2017,13,125,,,,,,
2017,13,127,232,232,232,0.0174764595,1,1
2017,13,129,800,800,800,0.0740466494,1,1
2017,13,131,29,29,29,0.0061754685,3,3
2017,13,133,82,82,82,0.0323343849,1,1
2017,13,135,1968,1968,1968,0.0104703685,1,1
2017,13,137,178,178,178,0.0257560411,1,1
2017,13,139,595,595,595,0.0168069601,1,1
2017,13,141,73,73,73,0.0832383124,1,1
2017,13,143,304,304,304,0.0529616725,1,1
2017,13,145,42,42,42,0.0079335096,1,1
2017,13,147,61,61,61,0.0171012055,1,1
2017,13,149,161,161,161,0.0760869565,1,1
2017,13,151,1177,1177,1177,0.0280184727,1,1
2017,13,153,379,379,379,0.0128518142,1,1
2017,13,155,27,27,27,0.0155799192,3,3
2017,13,157,170,170,170,0.0130168453,1,1
2017,13,159,24,24,24,0.0099378882,3,3
2017,13,161,35,35,35,0.0111714012,1,1
2017,13,163,14,14,14,0.005313093,3,3
2017,13,165,,,,,,
2017,13,167,40,40,40,0.0343347639,1,1
2017,13,169,16,16,16,0.0029585799,3,3
2017,13,171,33,33,33,0.0122585438,1,1
2017,13,173,58,58,58,0.0334293948,1,1
2017,13,175,509,509,509,0.0573198198,1,1
2017,13,177,560,560,560,0.0867544539,1,1
2017,13,179,255,255,255,0.0255459828,1,1
2017,13,181,112,112,112,0.0985048373,1,1
2017,13,183,28,28,28,0.0075390415,3,3
2017,13,185,547,547,547,0.0287546654,1,1
2017,13,187,99,99,99,0.0256742739,1,1
2017,13,189,45,45,45,0.0113236034,1,1
2017,13,191,73,73,73,0.0528985507,1,1
2017,13,193,27,27,27,0.0197080292,3,3
2017,13,195,280,280,280,0.0453074434,1,1
2017,13,197,,,,,,
2017,13,199,16,16,16,0.0057950018,3,3
2017,13,201,21,21,21,0.0208955224,3,3
2017,13,205,53,53,53,0.0145364783,1,1
2017,13,207,803,803,803,0.1976372139,1,1
2017,13,209,83,83,83,0.090809628,1,1
2017,13,211,78,78,78,0.0252508903,1,1
2017,13,213,174,174,174,0.0233870968,1,1
2017,13,215,1145,1145,1145,0.0360482322,1,1
2017,13,217,259,259,259,0.0131759678,1,1
2017,13,219,102,102,102,0.0131612903,1,1
2017,13,221,42,42,42,0.019525802,1,1
2017,13,223,374,374,374,0.0127102804,1,1
2017,13,225,53,53,53,0.0145364783,1,1
2017,13,227,170,170,170,0.0387155545,1,1
2017,13,229,93,93,93,0.0254237288,1,1
2017,13,231,,,,,,
2017,13,233,1359,1359,1359,0.1734081919,1,1
2017,13,235,15,15,15,0.011269722,3,3
2017,13,237,18,18,18,0.0061266167,3,3
2017,13,239,73,73,73,0.2192192192,1,1
2017,13,241,81,81,81,0.0359840071,1,1
2017,13,243,21,21,21,0.018783542,3,3
2017,13,245,344,344,344,0.0111507293,1,1
2017,13,247,575,575,575,0.0344311377,1,1
2017,13,249,14,14,14,0.0106060606,3,3
2017,13,251,85,85,85,0.0362318841,1,1
2017,13,253,150,150,150,0.0998668442,1,1
2017,13,255,293,293,293,0.0282192045,1,1
2017,13,257,45,45,45,0.0112135559,1,1
2017,13,259,,,,,,
2017,13,261,26,26,26,0.0056805768,3,3
2017,13,263,,,,,,
2017,13,265,,,,,,
2017,13,267,39,39,39,0.010072314,1,1
2017,13,269,10,10,10,0.0070671378,3,3
2017,13,271,13,13,13,0.0073989755,3,3
2017,13,273,24,24,24,0.0176730486,3,3
2017,13,275,466,466,466,0.0534955803,1,1
2017,13,277,54,54,54,0.0068632435,1,1
2017,13,279,79,79,79,0.0142934684,1,1
2017,13,281,54,54,54,0.0541082164,1,1
2017,13,283,17,17,17,0.0150575731,3,3
2017,13,285,203,203,203,0.016543069,1,1
2017,13,287,17,17,17,0.0137429264,3,3
2017,13,289,47,47,47,0.0584577114,1,1
2017,13,291,51,51,51,0.0176899063,1,1
2017,13,293,22,22,22,0.0053012048,3,3
2017,13,295,119,118,120,0.0117635429,1,1
2017,13,297,336,336,336,0.0211960636,1,1
2017,13,299,416,416,416,0.0678187154,1,1
2017,13,301,,,,,,
2017,13,303,,,,,,
2017,13,305,58,58,58,0.0107526882,1,1
2017,13,307,,,,,,
2017,13,309,,,,,,
2017,13,311,156,156,156,0.0257893867,1,1
2017,13,313,587,587,587,0.0279897006,1,1
2017,13,315,,,,,,
2017,13,317,,,,,,
2017,13,319,,,,,,
2017,13,321,26,26,26,0.0079486396,3,3
2017,15,001,,,,,,
2017,15,003,3101,3101,3101,0.0171480394,1,1
2017,15,005,,,,,,
2017,15,007,,,,,,
2017,15,009,,,,,,
2017,16,001,1788,1787,1789,0.023888733,1,1
2017,16,003,,,,,,
2017,16,005,278,278,278,0.0222506803,1,1
2017,16,007,27,27,27,0.0228426396,3,3
2017,16,009,41,41,41,0.0305286672,1,1
2017,16,011,172,171,173,0.0180539519,1,1
2017,16,013,102,102,102,0.0296167247,1,1
2017,16,015,33,33,33,0.038961039,1,1
2017,16,017,152,152,152,0.0299094845,1,1
2017,16,019,271,271,271,0.0114345992,1,1
2017,16,021,106,106,106,0.0706195869,1,1
2017,16,023,,,,,,
2017,16,025,,,,,,
2017,16,027,1920,1919,1921,0.050385766,1,1
2017,16,029,31,31,31,0.0229970326,1,1
2017,16,031,88,88,88,0.0159333695,1,1
2017,16,033,30,30,30,0.2189781022,1,1
2017,16,035,132,132,132,0.1161971831,1,1
2017,16,037,12,12,12,0.052173913,3,3
2017,16,039,33,33,33,0.007601935,1,1
2017,16,041,17,17,17,0.0053241466,3,3
2017,16,043,34,34,34,0.0157699443,1,1
2017,16,045,74,74,74,0.0291223928,1,1
2017,16,047,179,178,180,0.0554179567,1,1
2017,16,049,14,13,15,0.0078125,3,3
2017,16,051,57,57,57,0.0079431438,1,1
2017,16,053,129,129,129,0.0279341706,1,1
2017,16,055,722,722,722,0.0344531399,1,1
2017,16,057,109,108,110,0.0240193918,1,1
2017,16,059,53,53,53,0.0591517857,1,1
2017,16,061,84,84,84,0.1341853035,1,1
2017,16,063,51,51,51,0.0548977395,1,1
2017,16,065,69,68,70,0.0099524016,1,1
2017,16,067,147,147,147,0.0346371348,1,1
2017,16,069,209,209,209,0.039441404,1,1
2017,16,071,55,55,55,0.0370619946,1,1
2017,16,073,110,110,110,0.0470487596,1,1
2017,16,075,327,327,327,0.0759052925,1,1
2017,16,077,,,,,,
2017,16,079,66,66,66,0.0392623438,1,1
2017,16,081,,,,,,
2017,16,083,549,547,551,0.0346241171,1,1
2017,16,085,27,27,27,0.0190543402,3,3
2017,16,087,44,43,45,0.0246498599,1,1
2017,17,001,118,117,119,0.0134795522,1,1
2017,17,003,152,152,152,0.1835748792,1,1
2017,17,005,81,81,81,0.0356985456,1,1
2017,17,007,66,66,66,0.0068478938,1,1
2017,17,009,,,,,,
2017,17,011,75,73,77,0.0158495351,2,2
2017,17,013,19,19,19,0.0325900515,3,3
2017,17,015,,,,,,
2017,17,017,54,54,54,0.0233362143,1,1
2017,17,019,528,523,533,0.021103961,1,1
2017,17,021,170,170,170,0.0308866279,1,1
2017,17,023,93,93,93,0.0350678733,1,1
2017,17,025,190,190,190,0.0804403048,1,1
2017,17,027,140,139,141,0.0268404908,1,1
2017,17,029,231,231,231,0.0339007925,1,1
2017,17,031,24730,24710,24750,0.0332632111,1,1
2017,17,033,188,188,188,0.0657572578,1,1
2017,17,035,30,30,30,0.0183038438,1,1
2017,17,037,256,254,258,0.0152589855,1,1
2017,17,039,58,58,58,0.0221797323,1,1
2017,17,041,89,89,89,0.0253705815,1,1
2017,17,043,1883,1881,1885,0.0122427749,1,1
2017,17,045,157,156,158,0.0536202186,1,1
2017,17,047,15,15,15,0.0161987041,3,3
2017,17,049,164,164,164,0.0329317269,1,1
2017,17,051,287,286,288,0.1017730496,1,1
2017,17,053,43,43,43,0.0156193244,1,1
2017,17,055,469,469,469,0.0747648653,1,1
2017,17,057,120,119,121,0.0260190807,1,1
2017,17,059,54,54,54,0.0718085106,1,1
2017,17,061,221,221,221,0.1198481562,1,1
2017,17,063,106,103,109,0.0081045952,2,2
2017,17,065,108,108,108,0.0878763222,1,1
2017,17,067,115,115,115,0.039600551,1,1
2017,17,069,45,45,45,0.0785340314,1,1
2017,17,071,,,,,,
2017,17,073,193,191,195,0.0225836649,1,1
2017,17,075,159,158,160,0.0365601288,1,1
2017,17,077,366,366,366,0.0508828027,1,1
2017,17,079,61,60,62,0.0455904335,1,1
2017,17,081,687,685,689,0.1180412371,1,1
2017,17,083,74,74,74,0.0290994888,1,1
2017,17,085,11,9,13,0.0058855003,3,3
2017,17,087,142,142,142,0.077893582,1,1
2017,17,089,1851,1851,1851,0.0187720579,1,1
2017,17,091,502,501,503,0.0280431261,1,1
2017,17,093,202,200,204,0.0075084563,1,1
2017,17,095,128,128,128,0.0176066025,1,1
2017,17,097,1506,1501,1511,0.0118536942,1,1
2017,17,099,282,276,288,0.0194939859,1,1
2017,17,101,58,58,58,0.0267034991,1,1
2017,17,103,22,22,22,0.0061315496,3,3
2017,17,105,83,81,85,0.0143202208,1,1
2017,17,107,96,96,96,0.0290556901,1,1
2017,17,109,103,103,103,0.0285397617,1,1
2017,17,111,832,829,835,0.0124117972,1,1
2017,17,113,370,368,372,0.0149900741,1,1
2017,17,115,409,407,411,0.0250689549,1,1
2017,17,117,376,376,376,0.0452739314,1,1
2017,17,119,1182,1181,1183,0.0293096608,1,1
2017,17,121,469,468,470,0.0695329874,1,1
2017,17,123,15,14,16,0.0117647059,3,3
2017,17,125,65,65,65,0.0250965251,1,1
2017,17,127,102,102,102,0.0444638187,1,1
2017,17,129,,,,,,
2017,17,131,30,30,30,0.0107219442,1,1
2017,17,133,119,119,119,0.0229110512,1,1
2017,17,135,222,222,222,0.0517120894,1,1
2017,17,137,110,110,110,0.0256709452,1,1
2017,17,139,39,39,39,0.0239117106,1,1
2017,17,141,137,136,138,0.0170292107,1,1
2017,17,143,775,772,778,0.0277558914,1,1
2017,17,145,31,30,32,0.0113138686,2,2
2017,17,147,28,26,30,0.0106870229,3,3
2017,17,149,47,45,49,0.0186138614,2,2
2017,17,151,21,21,21,0.0394736842,3,3
2017,17,153,81,81,81,0.0973557692,1,1
2017,17,155,,,,,,
2017,17,157,254,254,254,0.0623772102,1,1
2017,17,159,164,164,164,0.0632960247,1,1
2017,17,161,287,286,288,0.0131905506,1,1
2017,17,163,1722,1722,1722,0.0422763429,1,1
2017,17,165,332,332,332,0.0824435063,1,1
2017,17,167,716,714,718,0.0244002181,1,1
2017,17,169,27,27,27,0.0253998119,3,3
2017,17,171,27,27,27,0.0321428571,3,3
2017,17,173,53,53,53,0.0230034722,1,1
2017,17,175,33,32,34,0.0377574371,2,2
2017,17,177,369,368,370,0.057244803,1,1
2017,17,179,317,314,320,0.0159128558,1,1
2017,17,181,204,204,204,0.0695296524,1,1
2017,17,183,450,447,453,0.0355281857,1,1
2017,17,185,117,117,117,0.0721776681,1,1
2017,17,187,55,55,55,0.0201612903,1,1
2017,17,189,81,80,82,0.0446280992,1,1
2017,17,191,97,95,99,0.0391444713,1,1
2017,17,193,225,225,225,0.0899640144,1,1
2017,17,195,156,153,159,0.0188656428,1,1
2017,17,197,1688,1684,1692,0.0149344847,1,1
2017,17,199,456,456,456,0.0439772398,1,1
2017,17,201,2944,2943,2945,0.0690998709,1,1
2017,17,203,62,60,64,0.0081589683,2,2
2017,18,001,134,133,135,0.0309683383,1,1
2017,18,003,1532,1531,1533,0.0282240236,1,1
2017,18,005,497,497,497,0.0401194705,1,1
2017,18,007,13,13,13,0.0070883315,3,3
2017,18,009,,,,,,
2017,18,011,257,257,257,0.0208046628,1,1
2017,18,013,10,10,10,0.0050175615,3,3
2017,18,015,25,25,25,0.0098970705,3,3
2017,18,017,507,507,507,0.0777249732,1,1
2017,18,019,397,397,397,0.0238009592,1,1
2017,18,021,,,,,,
2017,18,023,68,67,69,0.0108626198,1,1
2017,18,025,24,24,24,0.0157480315,3,3
2017,18,027,34,34,34,0.0072867553,1,1
2017,18,029,41,40,42,0.0049290695,1,1
2017,18,031,52,52,52,0.0125060125,1,1
2017,18,033,156,156,156,0.0290016732,1,1
2017,18,035,117,117,117,0.0092916137,1,1
2017,18,037,,,,,,
2017,18,039,719,719,719,0.0197391901,1,1
2017,18,041,,,,,,
2017,18,043,56,56,56,0.0048869884,1,1
2017,18,045,18,18,18,0.0067618332,3,3
2017,18,047,12,12,12,0.0026155187,3,3
2017,18,049,18,17,19,0.0073170732,3,3
2017,18,051,91,91,91,0.0225024728,1,1
2017,18,053,189,188,190,0.0173156207,1,1
2017,18,055,57,56,58,0.0133552015,1,1
2017,18,057,321,318,324,0.0053160658,1,1
2017,18,059,58,57,59,0.0042728746,1,1
2017,18,061,22,22,22,0.0040998882,3,3
2017,18,063,141,140,142,0.004693273,1,1
2017,18,065,62,61,63,0.0095033722,1,1
2017,18,067,683,682,684,0.0492998412,1,1
2017,18,069,42,42,42,0.0081253627,1,1
2017,18,071,65,64,66,0.0100355103,1,1
2017,18,073,64,64,64,0.0128256513,1,1
2017,18,075,,,,,,
2017,18,077,97,97,97,0.0231835564,1,1
2017,18,079,166,166,166,0.0393644771,1,1
2017,18,081,496,496,496,0.0184290704,1,1
2017,18,083,29,28,30,0.007330637,3,3
2017,18,085,106,106,106,0.0089263158,1,1
2017,18,087,88,88,88,0.0162211982,1,1
2017,18,089,853,852,854,0.0118934746,1,1
2017,18,091,246,244,248,0.0142691415,1,1
2017,18,093,73,73,73,0.0112152404,1,1
2017,18,095,436,435,437,0.0299553418,1,1
2017,18,097,4351,4345,4357,0.0283001073,1,1
2017,18,099,150,150,150,0.0223980887,1,1
2017,18,101,,,,,,
2017,18,103,75,74,76,0.0142207053,1,1
2017,18,105,278,277,279,0.0193350953,1,1
2017,18,107,150,150,150,0.0244259893,1,1
2017,18,109,573,573,573,0.0547958305,1,1
2017,18,111,14,14,14,0.0157303371,3,3
2017,18,113,52,52,52,0.0071763732,1,1
2017,18,115,,,,,,
2017,18,117,13,13,13,0.0091872792,3,3
2017,18,119,250,250,250,0.0975039002,1,1
2017,18,121,18,18,18,0.007996446,3,3
2017,18,123,143,143,143,0.0487555404,1,1
2017,18,125,,,,,,
2017,18,127,409,408,410,0.0153068862,1,1
2017,18,129,36,36,36,0.0101925255,1,1
2017,18,131,10,10,10,0.0077579519,3,3
2017,18,133,134,134,134,0.0238179879,1,1
2017,18,135,21,20,22,0.0085365854,3,3
2017,18,137,66,66,66,0.0206896552,1,1
2017,18,139,18,18,18,0.0084785681,3,3
2017,18,141,420,417,423,0.0107353731,1,1
2017,18,143,55,55,55,0.0141752577,1,1
2017,18,145,126,124,128,0.0237288136,1,1
2017,18,147,20,20,20,0.0061387354,3,3
2017,18,149,,,,,,
2017,18,151,67,67,67,0.0179144385,1,1
2017,18,153,64,63,65,0.0216508796,1,1
2017,18,155,71,71,71,0.0470822281,1,1
2017,18,157,486,485,487,0.0204339051,1,1
2017,18,159,,,,,,
2017,18,161,,,,,,
2017,18,163,516,516,516,0.0225879881,1,1
2017,18,165,37,37,37,0.0148296593,1,1
2017,18,167,264,264,264,0.0182031304,1,1
2017,18,169,23,22,24,0.0043176272,3,3
2017,18,171,,,,,,
2017,18,173,32,32,32,0.00312317,1,1
2017,18,175,126,126,126,0.0379175444,1,1
2017,18,177,105,105,105,0.0112431738,1,1
2017,18,179,45,45,45,0.0090909091,1,1
2017,18,181,31,31,31,0.0077345309,1,1
2017,18,183,65,65,65,0.0180605724,1,1
2017,19,001,,,,,,
2017,19,003,,,,,,
2017,19,005,,,,,,
2017,19,007,,,,,,
2017,19,009,,,,,,
2017,19,011,25,25,25,0.007827176,3,3
2017,19,013,261,259,263,0.0140989628,1,1
2017,19,015,46,44,48,0.014228271,2,2
2017,19,017,32,30,34,0.0076045627,3,3
2017,19,019,49,48,50,0.0228971963,1,1
2017,19,021,55,53,57,0.0156472262,2,2
2017,19,023,,,,,,
2017,19,025,,,,,,
2017,19,027,12,11,13,0.0041565639,3,3
2017,19,029,,,,,,
2017,19,031,17,15,19,0.0052795031,3,3
2017,19,033,133,133,133,0.0254642926,1,1
2017,19,035,,,,,,
2017,19,037,,,,,,
2017,19,039,,,,,,
2017,19,041,,,,,,
2017,19,043,,,,,,
2017,19,045,101,100,102,0.0145344654,1,1
2017,19,047,,,,,,
2017,19,049,131,131,131,0.0071191783,1,1
2017,19,051,10,10,10,0.0084317032,3,3
2017,19,053,,,,,,
2017,19,055,,,,,,
2017,19,057,178,177,179,0.0325887953,1,1
2017,19,059,21,21,21,0.0094594595,3,3
2017,19,061,176,176,176,0.0120498425,1,1
2017,19,063,,,,,,
2017,19,065,32,32,32,0.0158887786,1,1
2017,19,067,33,33,33,0.0164015905,1,1
2017,19,069,11,11,11,0.0087440382,3,3
2017,19,071,,,,,,
2017,19,073,,,,,,
2017,19,075,10,10,10,0.0061919505,3,3
2017,19,077,,,,,,
2017,19,079,21,21,21,0.0093333333,3,3
2017,19,081,10,9,11,0.006385696,3,3
2017,19,083,,,,,,
2017,19,085,,,,,,
2017,19,087,12,10,14,0.0035566094,3,3
2017,19,089,34,33,35,0.0218790219,2,2
2017,19,091,,,,,,
2017,19,093,,,,,,
2017,19,095,18,17,19,0.0067264574,3,3
2017,19,097,30,30,30,0.0213219616,1,1
2017,19,099,28,28,28,0.0070457977,3,3
2017,19,101,,,,,,
2017,19,103,502,502,502,0.029576386,1,1
2017,19,105,40,39,41,0.0136239782,2,2
2017,19,107,,,,,,
2017,19,109,,,,,,
2017,19,111,,,,,,
2017,19,113,968,968,968,0.0270935961,1,1
2017,19,115,76,75,77,0.0470879802,1,1
2017,19,117,14,14,14,0.0108864697,3,3
2017,19,119,,,,,,
2017,19,121,55,55,55,0.0163934426,1,1
2017,19,123,66,66,66,0.0223274696,1,1
2017,19,125,10,8,12,0.0019278967,3,3
2017,19,127,28,28,28,0.0041797283,3,3
2017,19,129,,,,,,
2017,19,131,,,,,,
2017,19,133,,,,,,
2017,19,135,,,,,,
2017,19,137,,,,,,
2017,19,139,86,86,86,0.0113862042,1,1
2017,19,141,,,,,,
2017,19,143,,,,,,
2017,19,145,13,11,15,0.0055272109,3,3
2017,19,147,,,,,,
2017,19,149,17,16,18,0.0164410058,3,3
2017,19,151,,,,,,
2017,19,153,1660,1660,1660,0.0215839499,1,1
2017,19,155,242,242,242,0.0187698751,1,1
2017,19,157,,,,,,
2017,19,159,,,,,,
2017,19,161,,,,,,
2017,19,163,560,560,560,0.0194843603,1,1
2017,19,165,,,,,,
2017,19,167,15,13,17,0.0038880249,3,3
2017,19,169,188,188,188,0.0200533333,1,1
2017,19,171,50,50,50,0.0238322212,1,1
2017,19,173,,,,,,
2017,19,175,,,,,,
2017,19,177,21,21,21,0.0312965723,3,3
2017,19,179,160,159,161,0.0247524752,1,1
2017,19,181,36,35,37,0.0037201612,2,2
2017,19,183,161,161,161,0.0505812127,1,1
2017,19,185,,,,,,
2017,19,187,42,41,43,0.0090556274,1,1
2017,19,189,,,,,,
2017,19,191,,,,,,
2017,19,193,626,624,628,0.034828085,1,1
2017,19,195,,,,,,
2017,19,197,16,16,16,0.0155945419,3,3
2017,20,001,,,,,,
2017,20,003,19,19,19,0.0181470869,3,3
2017,20,005,,,,,,
2017,20,007,,,,,,
2017,20,009,17,16,18,0.0039812646,3,3
2017,20,011,102,101,103,0.0432386604,1,1
2017,20,013,,,,,,
2017,20,015,83,83,83,0.0045140588,1,1
2017,20,017,16,16,16,0.0449438202,3,3
2017,20,019,,,,,,
2017,20,021,72,72,72,0.0202076901,1,1
2017,20,023,,,,,,
2017,20,025,,,,,,
2017,20,027,,,,,,
2017,20,029,,,,,,
2017,20,031,63,62,64,0.0415567282,1,1
2017,20,033,,,,,,
2017,20,035,69,69,69,0.0125454545,1,1
2017,20,037,187,185,189,0.0302197802,1,1
2017,20,039,,,,,,
2017,20,041,,,,,,
2017,20,043,,,,,,
2017,20,045,283,283,283,0.018662622,1,1
2017,20,047,39,38,40,0.0857142857,2,2
2017,20,049,,,,,,
2017,20,051,29,29,29,0.009185936,3,3
2017,20,053,19,19,19,0.0346083789,3,3
2017,20,055,228,228,228,0.0264470479,1,1
2017,20,057,23,23,23,0.003097226,3,3
2017,20,059,274,273,275,0.0615592002,1,1
2017,20,061,290,290,290,0.0382636232,1,1
2017,20,063,,,,,,
2017,20,065,,,,,,
2017,20,067,,,,,,
2017,20,069,18,17,19,0.0154109589,3,3
2017,20,071,,,,,,
2017,20,073,,,,,,
2017,20,075,,,,,,
2017,20,077,,,,,,
2017,20,079,57,57,57,0.0099824869,1,1
2017,20,081,33,33,33,0.0706638116,1,1
2017,20,083,,,,,,
2017,20,085,,,,,,
2017,20,087,19,19,19,0.0115012107,3,3
2017,20,089,,,,,,
2017,20,091,973,973,973,0.0103712547,1,1
2017,20,093,,,,,,
2017,20,095,,,,,,
2017,20,097,,,,,,
2017,20,099,25,24,26,0.0071880391,3,3
2017,20,101,,,,,,
2017,20,103,195,194,196,0.0166481687,1,1
2017,20,105,,,,,,
2017,20,107,74,74,74,0.0486202365,1,1
2017,20,109,,,,,,
2017,20,111,69,68,70,0.0122688478,1,1
2017,20,113,64,63,65,0.0144894725,1,1
2017,20,115,,,,,,
2017,20,117,,,,,,
2017,20,119,13,12,14,0.022260274,3,3
2017,20,121,135,135,135,0.0150636019,1,1
2017,20,123,,,,,,
2017,20,125,28,27,29,0.0049269752,3,3
2017,20,127,,,,,,
2017,20,129,58,58,58,0.0464371497,1,1
2017,20,131,,,,,,
2017,20,133,10,10,10,0.004100041,3,3
2017,20,135,,,,,,
2017,20,137,,,,,,
2017,20,139,42,42,42,0.0186500888,1,1
2017,20,141,,,,,,
2017,20,143,,,,,,
2017,20,145,,,,,,
2017,20,147,,,,,,
2017,20,149,47,47,47,0.0248677249,1,1
2017,20,151,13,13,13,0.0097670924,3,3
2017,20,153,,,,,,
2017,20,155,96,95,97,0.0100010418,1,1
2017,20,157,,,,,,
2017,20,159,32,32,32,0.0322906155,1,1
2017,20,161,369,369,369,0.0501631321,1,1
2017,20,163,,,,,,
2017,20,165,,,,,,
2017,20,167,14,14,14,0.016374269,3,3
2017,20,169,122,122,122,0.0159769513,1,1
2017,20,171,10,10,10,0.0098814229,3,3
2017,20,173,2258,2257,2259,0.0271325747,1,1
2017,20,175,279,279,279,0.0560466051,1,1
2017,20,177,752,752,752,0.0275387263,1,1
2017,20,179,,,,,,
2017,20,181,,,,,,
2017,20,183,,,,,,
2017,20,185,,,,,,
2017,20,187,,,,,,
2017,20,189,79,79,79,0.0631494804,1,1
2017,20,191,87,87,87,0.0324869305,1,1
2017,20,193,,,,,,
2017,20,195,,,,,,
2017,20,197,,,,,,
2017,20,199,,,,,,
2017,20,201,,,,,,
2017,20,203,29,29,29,0.0702179177,3,3
2017,20,205,23,23,23,0.0161857847,3,3
2017,20,207,58,58,58,0.1155378486,1,1
2017,20,209,1110,1110,1110,0.0344634873,1,1
2017,21,001,35,35,35,0.0130256792,1,1
2017,21,003,15,15,15,0.0048402711,3,3
2017,21,005,17,17,17,0.0045515395,3,3
2017,21,007,63,63,63,0.0477272727,1,1
2017,21,009,561,561,561,0.0676718938,1,1
2017,21,011,113,113,113,0.0558300395,1,1
2017,21,013,572,572,572,0.1243478261,1,1
2017,21,015,417,417,417,0.0188159913,1,1
2017,21,017,268,268,268,0.0739106453,1,1
2017,21,019,548,548,548,0.0752333882,1,1
2017,21,021,98,98,98,0.0209222886,1,1
2017,21,023,43,43,43,0.0281782438,1,1
2017,21,025,272,272,272,0.1406411582,1,1
2017,21,027,92,91,93,0.0282728949,1,1
2017,21,029,373,373,373,0.0279840948,1,1
2017,21,031,46,46,46,0.0204172215,1,1
2017,21,033,21,21,21,0.0103754941,3,3
2017,21,035,19,18,20,0.0039840637,3,3
2017,21,037,646,646,646,0.0551900897,1,1
2017,21,039,98,98,98,0.1192214112,1,1
2017,21,041,18,18,18,0.0085632731,3,3
2017,21,043,384,384,384,0.0863892013,1,1
2017,21,045,35,35,35,0.015015015,1,1
2017,21,047,204,204,204,0.023089983,1,1
2017,21,049,93,93,93,0.0169863014,1,1
2017,21,051,33,33,33,0.0100456621,1,1
2017,21,053,15,15,15,0.0081168831,3,3
2017,21,055,252,252,252,0.1872213967,1,1
2017,21,057,59,59,59,0.0629669157,1,1
2017,21,059,184,184,184,0.0108785621,1,1
2017,21,061,16,16,16,0.0081012658,3,3
2017,21,063,129,129,129,0.1229742612,1,1
2017,21,065,60,60,60,0.0251151109,1,1
2017,21,067,1025,1025,1025,0.0246104348,1,1
2017,21,069,206,206,206,0.090311267,1,1
2017,21,071,229,229,229,0.0384486232,1,1
2017,21,073,329,329,329,0.0453980958,1,1
2017,21,075,95,95,95,0.0955734406,1,1
2017,21,077,59,59,59,0.0354567308,1,1
2017,21,079,37,37,37,0.013708781,1,1
2017,21,081,56,55,57,0.0119888675,1,1
2017,21,083,364,364,364,0.0574767093,1,1
2017,21,085,11,11,11,0.0025498377,3,3
2017,21,087,,,,,,
2017,21,089,253,253,253,0.0405124099,1,1
2017,21,091,,,,,,
2017,21,093,97,96,98,0.0056049925,1,1
2017,21,095,1276,1276,1276,0.2660550459,1,1
2017,21,097,316,316,316,0.107960369,1,1
2017,21,099,31,31,31,0.0130581297,1,1
2017,21,101,389,389,389,0.0517700293,1,1
2017,21,103,158,158,158,0.0517184943,1,1
2017,21,105,23,23,23,0.0297542044,3,3
2017,21,107,33,33,33,0.0048344565,1,1
2017,21,109,147,147,147,0.0658602151,1,1
2017,21,111,4576,4576,4576,0.0463171959,1,1
2017,21,113,342,342,342,0.0410022779,1,1
2017,21,115,79,79,79,0.0179423121,1,1
2017,21,117,1594,1594,1594,0.068650674,1,1
2017,21,119,392,392,392,0.1673068715,1,1
2017,21,121,84,84,84,0.01640625,1,1
2017,21,123,,,,,,
2017,21,125,104,104,104,0.0112505409,1,1
2017,21,127,613,613,613,0.2369540008,1,1
2017,21,129,181,181,181,0.1982475356,1,1
2017,21,131,152,152,152,0.084538376,1,1
2017,21,133,424,424,424,0.1197063806,1,1
2017,21,135,94,94,94,0.041740675,1,1
2017,21,137,11,11,11,0.0028255844,3,3
2017,21,139,26,26,26,0.0213289582,3,3
2017,21,141,129,129,129,0.0275935829,1,1
2017,21,143,,,,,,
2017,21,145,332,332,332,0.0325075884,1,1
2017,21,147,,,,,,
2017,21,149,,,,,,
2017,21,151,95,95,95,0.0073626288,1,1
2017,21,153,101,101,101,0.0473511486,1,1
2017,21,155,26,26,26,0.0079219988,3,3
2017,21,157,248,248,248,0.0510393085,1,1
2017,21,159,15,15,15,0.007751938,3,3
2017,21,161,20,20,20,0.007140307,3,3
2017,21,163,133,133,133,0.026658649,1,1
2017,21,165,,,,,,
2017,21,167,52,52,52,0.0154577883,1,1
2017,21,169,,,,,,
2017,21,171,52,52,52,0.0278074866,1,1
2017,21,173,242,242,242,0.0508617066,1,1
2017,21,175,,,,,,
2017,21,177,12,12,12,0.0025332489,3,3
2017,21,179,40,40,40,0.0054577705,1,1
2017,21,181,339,339,339,0.3059566787,1,1
2017,21,183,52,52,52,0.0119981541,1,1
2017,21,185,19,19,19,0.0015037594,3,3
2017,21,187,29,29,29,0.0150259067,3,3
2017,21,189,19,19,19,0.022673031,3,3
2017,21,191,22,22,22,0.009193481,3,3
2017,21,193,653,653,653,0.1275141574,1,1
2017,21,195,497,497,497,0.0506058446,1,1
2017,21,197,33,33,33,0.0138830459,1,1
2017,21,199,179,179,179,0.017654601,1,1
2017,21,201,21,21,21,0.0518518519,3,3
2017,21,203,295,295,295,0.1028232834,1,1
2017,21,205,410,410,410,0.1210868281,1,1
2017,21,207,299,299,299,0.0962033462,1,1
2017,21,209,410,410,410,0.0440575972,1,1
2017,21,211,15,15,15,0.0020853608,3,3
2017,21,213,62,62,62,0.020687354,1,1
2017,21,215,31,31,31,0.0102615028,1,1
2017,21,217,67,67,67,0.0176501581,1,1
2017,21,219,52,52,52,0.0257171118,1,1
2017,21,221,31,31,31,0.01496139,1,1
2017,21,223,10,10,10,0.0080064051,3,3
2017,21,225,15,15,15,0.0068838917,3,3
2017,21,227,145,145,145,0.007269628,1,1
2017,21,229,35,35,35,0.0203606748,1,1
2017,21,231,75,75,75,0.0229217604,1,1
2017,21,233,244,244,244,0.1053085887,1,1
2017,21,235,280,280,280,0.0336862368,1,1
2017,21,237,,,,,,
2017,21,239,40,40,40,0.0098473658,1,1
2017,22,001,157,157,157,0.0159650193,1,1
2017,22,003,31,31,31,0.0071825765,1,1
2017,22,005,117,117,117,0.0052648157,1,1
2017,22,007,250,250,250,0.0720668781,1,1
2017,22,009,60,60,60,0.0098409054,1,1
2017,22,011,44,44,44,0.0073689499,1,1
2017,22,013,37,37,37,0.0164444444,1,1
2017,22,015,611,611,611,0.0271206001,1,1
2017,22,017,2284,2284,2284,0.0580786248,1,1
2017,22,019,925,924,926,0.0268606441,1,1
2017,22,021,42,42,42,0.0272904483,1,1
2017,22,023,29,29,29,0.0213864307,3,3
2017,22,025,,,,,,
2017,22,027,35,35,35,0.0204439252,1,1
2017,22,029,179,179,179,0.052849129,1,1
2017,22,031,80,80,80,0.015452965,1,1
2017,22,033,1403,1400,1406,0.0232511891,1,1
2017,22,035,12,12,12,0.0118110236,3,3
2017,22,037,103,103,103,0.0536458333,1,1
2017,22,039,16,16,16,0.002698145,3,3
2017,22,041,,,,,,
2017,22,043,216,216,216,0.0717607973,1,1
2017,22,045,70,70,70,0.0053615196,1,1
2017,22,047,293,292,294,0.0565637066,1,1
2017,22,049,30,30,30,0.0133392619,1,1
2017,22,051,940,940,940,0.0191731087,1,1
2017,22,053,181,181,181,0.0304970514,1,1
2017,22,055,961,959,963,0.0300293732,1,1
2017,22,057,822,822,822,0.0565298123,1,1
2017,22,059,338,338,338,0.1275471698,1,1
2017,22,061,46,45,47,0.0076007931,1,1
2017,22,063,34,34,34,0.001349367,1,1
2017,22,065,88,88,88,0.0504587156,1,1
2017,22,067,217,217,217,0.0562905318,1,1
2017,22,069,208,208,208,0.0337224384,1,1
2017,22,071,2860,2856,2864,0.0565038723,1,1
2017,22,073,194,194,194,0.0069977997,1,1
2017,22,075,98,97,99,0.0195569747,1,1
2017,22,077,50,50,50,0.0169779287,1,1
2017,22,079,894,894,894,0.0383214025,1,1
2017,22,081,105,105,105,0.070754717,1,1
2017,22,083,21,21,21,0.0072866065,3,3
2017,22,085,18,18,18,0.004076087,3,3
2017,22,087,71,71,71,0.0092231749,1,1
2017,22,089,28,28,28,0.0029959341,3,3
2017,22,091,25,25,25,0.0211685013,3,3
2017,22,093,17,17,17,0.004447933,3,3
2017,22,095,85,85,85,0.0141078838,1,1
2017,22,097,80,80,80,0.0057661813,1,1
2017,22,099,144,144,144,0.0179305192,1,1
2017,22,101,234,234,234,0.0261540181,1,1
2017,22,103,1043,1043,1043,0.0273674267,1,1
2017,22,105,493,493,493,0.0254530435,1,1
2017,22,107,,,,,,
2017,22,109,657,657,657,0.0370725652,1,1
2017,22,111,26,26,26,0.0086007278,3,3
2017,22,113,126,126,126,0.0130192188,1,1
2017,22,115,,,,,,
2017,22,117,60,60,60,0.0082633246,1,1
2017,22,119,131,131,131,0.0210644798,1,1
2017,22,121,130,130,130,0.0334878928,1,1
2017,22,123,13,13,13,0.0063756744,3,3
2017,22,125,24,24,24,0.0108991826,3,3
2017,22,127,73,73,73,0.0322580645,1,1
2017,23,001,368,368,368,0.0216534275,1,1
2017,23,003,35,31,39,0.0050585345,3,3
2017,23,005,794,792,796,0.0229168471,1,1
2017,23,007,14,13,15,0.004620462,3,3
2017,23,009,79,73,85,0.0160210911,3,3
2017,23,011,257,256,258,0.0171036869,1,1
2017,23,013,47,47,47,0.0095450853,1,1
2017,23,015,30,27,33,0.0101591602,3,3
2017,23,017,121,120,122,0.0137266024,1,1
2017,23,019,182,176,188,0.0092933007,2,2
2017,23,021,,,,,,
2017,23,023,97,97,97,0.0218468468,1,1
2017,23,025,83,81,85,0.0126082333,1,1
2017,23,027,65,65,65,0.0184816605,1,1
2017,23,029,16,10,22,0.0078934386,3,3
2017,23,031,237,234,240,0.0089803342,1,1
2017,24,001,78,78,78,0.0090392861,1,1
2017,24,003,1253,1253,1253,0.015131571,1,1
2017,24,005,2991,2991,2991,0.0264031355,1,1
2017,24,009,185,185,185,0.0116293689,1,1
2017,24,011,173,173,173,0.0298945913,1,1
2017,24,013,182,182,182,0.0071965204,1,1
2017,24,015,1000,1000,1000,0.0650872169,1,1
2017,24,017,747,747,747,0.0277788108,1,1
2017,24,019,150,150,150,0.031466331,1,1
2017,24,021,845,845,845,0.0200522069,1,1
2017,24,023,58,58,58,0.0152191026,1,1
2017,24,025,474,474,474,0.0125463208,1,1
2017,24,027,491,491,491,0.0086468019,1,1
2017,24,029,118,118,118,0.0592072253,1,1
2017,24,031,1452,1452,1452,0.008988152,1,1
2017,24,033,1816,1816,1816,0.0136460298,1,1
2017,24,035,143,143,143,0.018385189,1,1
2017,24,037,320,320,320,0.0177255858,1,1
2017,24,039,149,149,149,0.0510623715,1,1
2017,24,041,177,177,177,0.038097288,1,1
2017,24,043,784,784,784,0.034697942,1,1
2017,24,045,778,778,778,0.052029693,1,1
2017,24,047,183,183,183,0.0273788151,1,1
2017,24,510,3518,3518,3518,0.0434369251,1,1
2017,25,001,393,390,396,0.0163491139,1,1
2017,25,003,219,216,222,0.016613564,1,1
2017,25,005,2222,2220,2224,0.0281255142,1,1
2017,25,007,19,19,19,0.0299684543,3,3
2017,25,009,2767,2761,2773,0.0248775006,1,1
2017,25,011,209,207,211,0.0290681502,1,1
2017,25,013,3238,3235,3241,0.0451666899,1,1
2017,25,015,192,188,196,0.0122636689,1,1
2017,25,017,2830,2823,2837,0.013601388,1,1
2017,25,019,,,,,,
2017,25,021,743,740,746,0.0079650951,1,1
2017,25,023,878,873,883,0.0107370403,1,1
2017,25,025,5065,5060,5070,0.0618142765,1,1
2017,25,027,5077,5067,5087,0.0408657716,1,1
2017,26,001,25,25,25,0.0344352617,3,3
2017,26,003,49,49,49,0.0490981964,1,1
2017,26,005,618,617,619,0.033588782,1,1
2017,26,007,178,178,178,0.0437992126,1,1
2017,26,009,166,166,166,0.0496559976,1,1
2017,26,011,121,121,121,0.0596646943,1,1
2017,26,013,62,62,62,0.0620620621,1,1
2017,26,015,351,351,351,0.0393453649,1,1
2017,26,017,461,461,461,0.0314912221,1,1
2017,26,019,113,113,113,0.0585795749,1,1
2017,26,021,890,889,891,0.0339526189,1,1
2017,26,023,591,591,591,0.0831691528,1,1
2017,26,025,818,816,820,0.0391556173,1,1
2017,26,027,217,217,217,0.031609614,1,1
2017,26,029,178,177,179,0.0468791151,1,1
2017,26,031,177,177,177,0.0609084652,1,1
2017,26,033,201,198,204,0.0376545523,1,1
2017,26,035,146,146,146,0.0342723005,1,1
2017,26,037,207,204,210,0.0198789974,1,1
2017,26,039,67,67,67,0.0413070284,1,1
2017,26,041,135,133,137,0.0282190635,1,1
2017,26,043,92,92,92,0.0250135943,1,1
2017,26,045,631,631,631,0.0345242655,1,1
2017,26,047,170,170,170,0.0375607601,1,1
2017,26,049,1407,1407,1407,0.020769367,1,1
2017,26,051,68,68,68,0.0250922509,1,1
2017,26,053,59,58,60,0.03569268,1,1
2017,26,055,539,538,540,0.0405507072,1,1
2017,26,057,245,244,246,0.0394652062,1,1
2017,26,059,493,493,493,0.081326295,1,1
2017,26,061,60,60,60,0.0117210393,1,1
2017,26,063,109,107,111,0.0227225349,1,1
2017,26,065,1297,1297,1297,0.030702585,1,1
2017,26,067,327,327,327,0.0395500726,1,1
2017,26,069,423,423,423,0.1082672127,1,1
2017,26,071,16,16,16,0.012718601,3,3
2017,26,073,203,203,203,0.0313949892,1,1
2017,26,075,898,898,898,0.0371704127,1,1
2017,26,077,1278,1276,1280,0.0351002472,1,1
2017,26,079,158,157,159,0.0767362797,1,1
2017,26,081,2491,2486,2496,0.0231546463,1,1
2017,26,083,,,,,,
2017,26,085,82,82,82,0.153271028,1,1
2017,26,087,387,387,387,0.0321055251,1,1
2017,26,089,116,116,116,0.0605744125,1,1
2017,26,091,553,553,553,0.0353422381,1,1
2017,26,093,381,381,381,0.014457557,1,1
2017,26,095,58,58,58,0.088820827,1,1
2017,26,097,83,82,84,0.0650470219,1,1
2017,26,099,1708,1707,1709,0.0136706713,1,1
2017,26,101,308,308,308,0.0553757641,1,1
2017,26,103,156,155,157,0.0184987549,1,1
2017,26,105,381,381,381,0.0871853547,1,1
2017,26,107,191,191,191,0.0307568438,1,1
2017,26,109,149,147,151,0.0401509027,1,1
2017,26,111,330,330,330,0.0246158437,1,1
2017,26,113,84,84,84,0.0376850606,1,1
2017,26,115,773,773,773,0.0327681221,1,1
2017,26,117,479,479,479,0.0486541392,1,1
2017,26,119,19,19,19,0.0281065089,3,3
2017,26,121,845,845,845,0.0291419506,1,1
2017,26,123,741,741,741,0.0936433717,1,1
2017,26,125,1985,1983,1987,0.0110277778,1,1
2017,26,127,346,346,346,0.1075536214,1,1
2017,26,129,91,91,91,0.0418390805,1,1
2017,26,131,17,17,17,0.0337301587,3,3
2017,26,133,307,307,307,0.0773689516,1,1
2017,26,135,55,55,55,0.0660264106,1,1
2017,26,137,71,71,71,0.0183462532,1,1
2017,26,139,850,850,850,0.0187986553,1,1
2017,26,141,58,58,58,0.0410474168,1,1
2017,26,143,182,182,182,0.0574313664,1,1
2017,26,145,583,581,585,0.0213482735,1,1
2017,26,147,574,573,575,0.0205212542,1,1
2017,26,149,656,656,656,0.0604887045,1,1
2017,26,151,363,363,363,0.056174559,1,1
2017,26,153,37,37,37,0.0461922597,1,1
2017,26,155,447,447,447,0.038981425,1,1
2017,26,157,295,295,295,0.0378933847,1,1
2017,26,159,635,634,636,0.040248463,1,1
2017,26,161,1151,1147,1155,0.026002485,1,1
2017,26,163,3912,3900,3924,0.0144002474,1,1
2017,26,165,271,271,271,0.0445357436,1,1
2017,27,001,,,,,,
2017,27,003,1786,1785,1787,0.0283177422,1,1
2017,27,005,12,12,12,0.0073619632,3,3
2017,27,007,388,387,389,0.0541068191,1,1
2017,27,009,65,65,65,0.0098649264,1,1
2017,27,011,,,,,,
2017,27,013,274,273,275,0.0242542268,1,1
2017,27,015,54,54,54,0.0198310687,1,1
2017,27,017,123,122,124,0.0205170976,1,1
2017,27,019,62,62,62,0.0039987101,1,1
2017,27,021,178,178,178,0.0564362714,1,1
2017,27,023,12,11,13,0.0056577086,3,3
2017,27,025,49,49,49,0.0067298448,1,1
2017,27,027,161,160,162,0.0156584322,1,1
2017,27,029,,,,,,
2017,27,031,,,,,,
2017,27,033,,,,,,
2017,27,035,77,76,78,0.0080233406,1,1
2017,27,037,817,816,818,0.0114177905,1,1
2017,27,039,21,21,21,0.005277708,3,3
2017,27,041,107,106,108,0.019415714,1,1
2017,27,043,,,,,,
2017,27,045,,,,,,
2017,27,047,29,29,29,0.0071924603,3,3
2017,27,049,74,74,74,0.0212155963,1,1
2017,27,051,,,,,,
2017,27,053,5543,5540,5546,0.0349559503,1,1
2017,27,055,32,30,34,0.0075901328,3,3
2017,27,057,25,25,25,0.0095057034,3,3
2017,27,059,150,150,150,0.0261643119,1,1
2017,27,061,112,112,112,0.0178571429,1,1
2017,27,063,,,,,,
2017,27,065,79,79,79,0.0365910144,1,1
2017,27,067,96,95,97,0.015907208,1,1
2017,27,069,,,,,,
2017,27,071,,,,,,
2017,27,073,,,,,,
2017,27,075,24,24,24,0.0172910663,3,3
2017,27,077,,,,,,
2017,27,079,88,88,88,0.0207596131,1,1
2017,27,081,,,,,,
2017,27,083,37,37,37,0.0140257771,1,1
2017,27,085,47,47,47,0.0102307357,1,1
2017,27,087,67,67,67,0.1026033691,1,1
2017,27,089,,,,,,
2017,27,091,52,51,53,0.0237659963,1,1
2017,27,093,31,31,31,0.0092124814,1,1
2017,27,095,153,153,153,0.026965104,1,1
2017,27,097,18,18,18,0.0052098408,3,3
2017,27,099,73,73,73,0.0126516464,1,1
2017,27,101,18,18,18,0.0243572395,3,3
2017,27,103,14,13,15,0.0053010223,3,3
2017,27,105,14,14,14,0.0039503386,3,3
2017,27,107,15,15,15,0.0183823529,3,3
2017,27,109,464,464,464,0.0210707961,1,1
2017,27,111,63,61,65,0.0116688276,2,2
2017,27,113,18,18,18,0.0088495575,3,3
2017,27,115,54,54,54,0.0204622963,1,1
2017,27,117,,,,,,
2017,27,119,102,101,103,0.0268421053,1,1
2017,27,121,,,,,,
2017,27,123,2867,2862,2872,0.033440642,1,1
2017,27,125,,,,,,
2017,27,127,29,29,29,0.0253054101,3,3
2017,27,129,10,10,10,0.0143061516,3,3
2017,27,131,137,137,137,0.0170482827,1,1
2017,27,133,,,,,,
2017,27,135,,,,,,
2017,27,137,486,485,487,0.0240713224,1,1
2017,27,139,113,113,113,0.0045536974,1,1
2017,27,141,116,116,116,0.005962784,1,1
2017,27,143,15,14,16,0.0106157113,3,3
2017,27,145,408,407,409,0.0215690421,1,1
2017,27,147,170,170,170,0.0297723292,1,1
2017,27,149,,,,,,
2017,27,151,,,,,,
2017,27,153,165,165,165,0.0541871921,1,1
2017,27,155,,,,,,
2017,27,157,42,42,42,0.0129549661,1,1
2017,27,159,41,41,41,0.0230596175,1,1
2017,27,161,22,21,23,0.0079681275,3,3
2017,27,163,269,266,272,0.0080157335,1,1
2017,27,165,,,,,,
2017,27,167,,,,,,
2017,27,169,16,15,17,0.0084299262,3,3
2017,27,171,104,103,105,0.0039252689,1,1
2017,27,173,,,,,,
2017,28,001,32,32,32,0.0096560048,1,1
2017,28,003,262,262,262,0.0446109314,1,1
2017,28,005,,,,,,
2017,28,007,,,,,,
2017,28,009,,,,,,
2017,28,011,120,120,120,0.0352941176,1,1
2017,28,013,32,32,32,0.012663237,1,1
2017,28,015,,,,,,
2017,28,017,,,,,,
2017,28,019,,,,,,
2017,28,021,,,,,,
2017,28,023,,,,,,
2017,28,025,,,,,,
2017,28,027,63,63,63,0.0240091463,1,1
2017,28,029,,,,,,
2017,28,031,60,60,60,0.0209059233,1,1
2017,28,033,,,,,,
2017,28,035,150,150,150,0.0183688464,1,1
2017,28,037,,,,,,
2017,28,039,75,75,75,0.018076645,1,1
2017,28,041,,,,,,
2017,28,043,,,,,,
2017,28,045,43,43,43,0.0094463972,1,1
2017,28,047,1701,1701,1701,0.052077274,1,1
2017,28,049,4333,4333,4333,0.1692908771,1,1
2017,28,051,,,,,,
2017,28,053,49,49,49,0.0297510625,1,1
2017,28,055,,,,,,
2017,28,057,41,41,41,0.0112947658,1,1
2017,28,059,387,387,387,0.0160781055,1,1
2017,28,061,,,,,,
2017,28,063,,,,,,
2017,28,065,,,,,,
2017,28,067,39,39,39,0.0032855939,1,1
2017,28,069,,,,,,
2017,28,071,81,81,81,0.01125,1,1
2017,28,073,192,192,192,0.0182561567,1,1
2017,28,075,210,210,210,0.0177634918,1,1
2017,28,077,,,,,,
2017,28,079,63,63,63,0.0216494845,1,1
2017,28,081,211,211,211,0.0130553149,1,1
2017,28,083,244,244,244,0.0481547267,1,1
2017,28,085,12,11,13,0.001980198,3,3
2017,28,087,80,80,80,0.0086636344,1,1
2017,28,089,,,,,,
2017,28,091,47,47,47,0.0126310132,1,1
2017,28,093,119,119,119,0.0271070615,1,1
2017,28,095,65,64,66,0.0126262626,1,1
2017,28,097,26,26,26,0.0241187384,3,3
2017,28,099,,,,,,
2017,28,101,180,180,180,0.0904977376,1,1
2017,28,103,69,69,69,0.043533123,1,1
2017,28,105,,,,,,
2017,28,107,,,,,,
2017,28,109,132,132,132,0.0151185431,1,1
2017,28,111,,,,,,
2017,28,113,66,66,66,0.0153595532,1,1
2017,28,115,60,60,60,0.0101300017,1,1
2017,28,117,138,138,138,0.0569777044,1,1
2017,28,119,,,,,,
2017,28,121,87,87,87,0.0036956799,1,1
2017,28,123,,,,,,
2017,28,125,,,,,,
2017,28,127,311,311,311,0.0851821419,1,1
2017,28,129,,,,,,
2017,28,131,,,,,,
2017,28,133,,,,,,
2017,28,135,142,142,142,0.1215753425,1,1
2017,28,137,16,16,16,0.0065226254,3,3
2017,28,139,,,,,,
2017,28,141,20,20,20,0.0066666667,3,3
2017,28,143,30,30,30,0.0146056475,1,1
2017,28,145,20,20,20,0.0038887809,3,3
2017,28,147,,,,,,
2017,28,149,137,137,137,0.0169617432,1,1
2017,28,151,71,71,71,0.01455813,1,1
2017,28,153,,,,,,
2017,28,155,,,,,,
2017,28,157,,,,,,
2017,28,159,,,,,,
2017,28,161,10,9,11,0.0062034739,3,3
2017,28,163,338,338,338,0.1397849462,1,1
2017,29,001,,,,,,
2017,29,003,,,,,,
2017,29,005,,,,,,
2017,29,007,255,254,256,0.0847457627,1,1
2017,29,009,326,326,326,0.0528620075,1,1
2017,29,011,50,50,50,0.0296912114,1,1
2017,29,013,12,11,13,0.0186625194,3,3
2017,29,015,118,118,118,0.0484798685,1,1
2017,29,017,53,52,54,0.0308498254,1,1
2017,29,019,312,311,313,0.0141689373,1,1
2017,29,021,550,550,550,0.0443441103,1,1
2017,29,023,125,125,125,0.0183123352,1,1
2017,29,025,44,42,46,0.0279542567,2,2
2017,29,027,54,53,55,0.0142405063,1,1
2017,29,029,773,772,774,0.1475472418,1,1
2017,29,031,480,480,480,0.0490296221,1,1
2017,29,033,29,29,29,0.0338389732,3,3
2017,29,035,119,119,119,0.098265896,1,1
2017,29,037,604,603,605,0.033338853,1,1
2017,29,039,45,45,45,0.0211565585,1,1
2017,29,041,,,,,,
2017,29,043,210,210,210,0.0135676444,1,1
2017,29,045,,,,,,
2017,29,047,1024,1024,1024,0.0244397241,1,1
2017,29,049,106,105,107,0.0259042033,1,1
2017,29,051,155,153,157,0.0135017422,1,1
2017,29,053,23,23,23,0.0145293746,3,3
2017,29,055,91,90,92,0.0274592637,1,1
2017,29,057,,,,,,
2017,29,059,43,43,43,0.0252941176,1,1
2017,29,061,,,,,,
2017,29,063,52,52,52,0.0685111989,1,1
2017,29,065,38,37,39,0.020663404,2,2
2017,29,067,,,,,,
2017,29,069,52,51,53,0.0134366925,1,1
2017,29,071,561,560,562,0.0352011043,1,1
2017,29,073,113,113,113,0.0397747272,1,1
2017,29,075,,,,,,
2017,29,077,2656,2656,2656,0.0691522599,1,1
2017,29,079,29,28,30,0.0211062591,3,3
2017,29,081,,,,,,
2017,29,083,83,82,84,0.0347571189,1,1
2017,29,085,,,,,,
2017,29,087,,,,,,
2017,29,089,54,54,54,0.0479573712,1,1
2017,29,091,187,187,187,0.0368981847,1,1
2017,29,093,32,30,34,0.0387878788,3,3
2017,29,095,4854,4851,4857,0.0456610696,1,1
2017,29,097,705,705,705,0.0323424167,1,1
2017,29,099,834,833,835,0.0242575841,1,1
2017,29,101,366,365,367,0.0511458916,1,1
2017,29,103,,,,,,
2017,29,105,153,153,153,0.0263293753,1,1
2017,29,107,119,118,120,0.0356714628,1,1
2017,29,109,185,185,185,0.0340699816,1,1
2017,29,111,10,10,10,0.010940919,3,3
2017,29,113,84,84,84,0.0093770931,1,1
2017,29,115,34,33,35,0.0249449743,2,2
2017,29,117,24,24,24,0.0127863612,3,3
2017,29,119,117,117,117,0.0313504823,1,1
2017,29,121,,,,,,
2017,29,123,11,11,11,0.0057261843,3,3
2017,29,125,,,,,,
2017,29,127,148,147,149,0.0303776683,1,1
2017,29,129,11,11,11,0.0198198198,3,3
2017,29,131,23,22,24,0.0077181208,3,3
2017,29,133,14,14,14,0.0067994172,3,3
2017,29,135,45,44,46,0.0201162271,1,1
2017,29,137,11,11,11,0.0092827004,3,3
2017,29,139,41,41,41,0.0256410256,1,1
2017,29,141,140,140,140,0.0666666667,1,1
2017,29,143,45,44,46,0.0191326531,1,1
2017,29,145,456,456,456,0.0537989618,1,1
2017,29,147,,,,,,
2017,29,149,26,25,27,0.0136770121,3,3
2017,29,151,,,,,,
2017,29,153,33,32,34,0.0234042553,2,2
2017,29,155,10,8,12,0.0043122035,3,3
2017,29,157,53,53,53,0.0233892321,1,1
2017,29,159,897,897,897,0.148019802,1,1
2017,29,161,132,132,132,0.0215651037,1,1
2017,29,163,10,9,11,0.0084674005,3,3
2017,29,165,240,240,240,0.0143721181,1,1
2017,29,167,180,180,180,0.0473808897,1,1
2017,29,169,212,212,212,0.0257656782,1,1
2017,29,171,,,,,,
2017,29,173,12,12,12,0.0153649168,3,3
2017,29,175,42,41,43,0.013320647,1,1
2017,29,177,24,24,24,0.0136208854,3,3
2017,29,179,32,31,33,0.0315893386,2,2
2017,29,181,107,106,108,0.0511716882,1,1
2017,29,183,686,686,686,0.0114798266,1,1
2017,29,185,14,14,14,0.0254545455,3,3
2017,29,186,52,52,52,0.0281995662,1,1
2017,29,187,491,491,491,0.0458707025,1,1
2017,29,189,6059,6059,6059,0.0424701223,1,1
2017,29,195,375,373,377,0.1110781991,1,1
2017,29,197,,,,,,
2017,29,199,,,,,,
2017,29,201,79,77,81,0.0132151221,2,2
2017,29,203,54,54,54,0.0411271896,1,1
2017,29,205,,,,,,
2017,29,207,21,20,22,0.0058577406,3,3
2017,29,209,167,166,168,0.0451839827,1,1
2017,29,211,52,52,52,0.0547368421,1,1
2017,29,213,1022,1022,1022,0.1312780989,1,1
2017,29,215,53,52,54,0.0187212999,1,1
2017,29,217,139,139,139,0.0570607553,1,1
2017,29,219,380,380,380,0.0789692436,1,1
2017,29,221,201,200,202,0.0633469902,1,1
2017,29,223,,,,,,
2017,29,225,254,254,254,0.0435752273,1,1
2017,29,227,,,,,,
2017,29,229,57,57,57,0.0200774921,1,1
2017,29,510,5856,5854,5858,0.1795492871,1,1
2017,30,001,,,,,,
2017,30,003,136,136,136,0.1355932203,1,1
2017,30,005,92,90,94,0.1469648562,1,1
2017,30,007,,,,,,
2017,30,009,,,,,,
2017,30,011,,,,,,
2017,30,013,390,390,390,0.0377687391,1,1
2017,30,015,,,,,,
2017,30,017,,,,,,
2017,30,019,,,,,,
2017,30,021,13,13,13,0.0110169492,3,3
2017,30,023,99,99,99,0.0893501805,1,1
2017,30,025,,,,,,
2017,30,027,,,,,,
2017,30,029,559,557,561,0.0455322962,1,1
2017,30,031,192,188,196,0.0170258047,1,1
2017,30,033,,,,,,
2017,30,035,220,220,220,0.1090188305,1,1
2017,30,037,,,,,,
2017,30,039,,,,,,
2017,30,041,83,81,85,0.0710616438,1,1
2017,30,043,21,21,21,0.0362694301,3,3
2017,30,045,,,,,,
2017,30,047,101,101,101,0.028338945,1,1
2017,30,049,150,148,152,0.018206093,1,1
2017,30,051,,,,,,
2017,30,053,50,49,51,0.0311138768,1,1
2017,30,055,,,,,,
2017,30,057,,,,,,
2017,30,059,,,,,,
2017,30,061,45,45,45,0.1032110092,1,1
2017,30,063,544,542,546,0.0412121212,1,1
2017,30,065,16,16,16,0.0287253142,3,3
2017,30,067,25,25,25,0.0174094708,3,3
2017,30,069,,,,,,
2017,30,071,,,,,,
2017,30,073,103,102,104,0.1475644699,1,1
2017,30,075,,,,,,
2017,30,077,,,,,,
2017,30,079,,,,,,
2017,30,081,87,86,88,0.0161950856,1,1
2017,30,083,30,29,31,0.0219458669,2,2
2017,30,085,175,173,177,0.156529517,1,1
2017,30,087,205,203,207,0.244047619,1,1
2017,30,089,,,,,,
2017,30,091,,,,,,
2017,30,093,148,148,148,0.0354151711,1,1
2017,30,095,,,,,,
2017,30,097,,,,,,
2017,30,099,,,,,,
2017,30,101,,,,,,
2017,30,103,,,,,,
2017,30,105,,,,,,
2017,30,107,,,,,,
2017,30,109,,,,,,
2017,30,111,551,549,553,0.026300716,1,1
2017,31,001,159,159,159,0.042513369,1,1
2017,31,003,,,,,,
2017,31,005,,,,,,
2017,31,007,,,,,,
2017,31,009,,,,,,
2017,31,011,,,,,,
2017,31,013,,,,,,
2017,31,015,,,,,,
2017,31,017,,,,,,
2017,31,019,77,77,77,0.0124434389,1,1
2017,31,021,,,,,,
2017,31,023,,,,,,
2017,31,025,,,,,,
2017,31,027,,,,,,
2017,31,029,,,,,,
2017,31,031,,,,,,
2017,31,033,,,,,,
2017,31,035,20,20,20,0.0293685756,3,3
2017,31,037,10,10,10,0.0048285852,3,3
2017,31,039,,,,,,
2017,31,041,,,,,,
2017,31,043,22,22,22,0.0057142857,3,3
2017,31,045,,,,,,
2017,31,047,398,397,399,0.0809601302,1,1
2017,31,049,,,,,,
2017,31,051,,,,,,
2017,31,053,207,207,207,0.0418943534,1,1
2017,31,055,1342,1342,1342,0.0140267993,1,1
2017,31,057,,,,,,
2017,31,059,,,,,,
2017,31,061,,,,,,
2017,31,063,,,,,,
2017,31,065,,,,,,
2017,31,067,14,14,14,0.00657277,3,3
2017,31,069,,,,,,
2017,31,071,,,,,,
2017,31,073,,,,,,
2017,31,075,,,,,,
2017,31,077,,,,,,
2017,31,079,325,325,325,0.0284738041,1,1
2017,31,081,27,27,27,0.018907563,3,3
2017,31,083,,,,,,
2017,31,085,,,,,,
2017,31,087,,,,,,
2017,31,089,,,,,,
2017,31,091,,,,,,
2017,31,093,27,27,27,0.0537848606,3,3
2017,31,095,,,,,,
2017,31,097,,,,,,
2017,31,099,,,,,,
2017,31,101,,,,,,
2017,31,103,,,,,,
2017,31,105,,,,,,
2017,31,107,,,,,,
2017,31,109,344,343,345,0.0078542399,1,1
2017,31,111,86,85,87,0.0191026211,1,1
2017,31,113,,,,,,
2017,31,115,,,,,,
2017,31,117,,,,,,
2017,31,119,,,,,,
2017,31,121,12,12,12,0.0164158687,3,3
2017,31,123,,,,,,
2017,31,125,,,,,,
2017,31,127,,,,,,
2017,31,129,,,,,,
2017,31,131,23,23,23,0.0156996587,3,3
2017,31,133,,,,,,
2017,31,135,,,,,,
2017,31,137,,,,,,
2017,31,139,,,,,,
2017,31,141,29,29,29,0.0073828921,3,3
2017,31,143,,,,,,
2017,31,145,,,,,,
2017,31,147,,,,,,
2017,31,149,,,,,,
2017,31,151,231,231,231,0.1129584352,1,1
2017,31,153,166,166,166,0.007608048,1,1
2017,31,155,,,,,,
2017,31,157,140,139,141,0.0248447205,1,1
2017,31,159,,,,,,
2017,31,161,,,,,,
2017,31,163,10,10,10,0.0208333333,3,3
2017,31,165,,,,,,
2017,31,167,,,,,,
2017,31,169,,,,,,
2017,31,171,,,,,,
2017,31,173,38,38,38,0.0337477798,1,1
2017,31,175,,,,,,
2017,31,177,,,,,,
2017,31,179,,,,,,
2017,31,181,,,,,,
2017,31,183,,,,,,
2017,31,185,13,13,13,0.0095870206,3,3
2017,32,001,184,184,184,0.0537383178,1,1
2017,32,003,15019,15019,15019,0.0448434108,1,1
2017,32,005,222,222,222,0.0381902632,1,1
2017,32,007,112,112,112,0.0112732763,1,1
2017,32,009,,,,,,
2017,32,011,,,,,,
2017,32,013,73,73,73,0.0203796762,1,1
2017,32,015,20,20,20,0.0194741967,3,3
2017,32,017,19,19,19,0.017163505,3,3
2017,32,019,763,763,763,0.0849098598,1,1
2017,32,021,73,73,73,0.1243611584,1,1
2017,32,023,522,522,522,0.0959206174,1,1
2017,32,027,51,51,51,0.0728571429,1,1
2017,32,029,27,27,27,0.0609480813,3,3
2017,32,031,2650,2650,2650,0.0392191686,1,1
2017,32,033,45,45,45,0.0230179028,1,1
2017,32,510,901,901,901,0.019940687,1,1
2017,33,001,344,344,344,0.0405995515,1,1
2017,33,003,217,215,219,0.0374460742,1,1
2017,33,005,223,222,224,0.0290970772,1,1
2017,33,007,111,110,112,0.0317142857,1,1
2017,33,009,285,278,292,0.0317195326,2,2
2017,33,011,1797,1794,1800,0.0330884384,1,1
2017,33,013,385,380,390,0.0187704159,1,1
2017,33,015,570,562,578,0.0142382534,1,1
2017,33,017,504,503,505,0.0343956869,1,1
2017,33,019,293,292,294,0.0543801039,1,1
2017,34,001,718,712,724,0.0163044712,1,1
2017,34,003,638,630,646,0.0067327986,1,1
2017,34,005,999,994,1004,0.0150130744,1,1
2017,34,007,1647,1643,1651,0.0219395231,1,1
2017,34,009,300,300,300,0.0267332026,1,1
2017,34,011,667,666,668,0.0240533718,1,1
2017,34,013,1060,1054,1066,0.0090573518,1,1
2017,34,015,725,724,726,0.0168651717,1,1
2017,34,017,668,665,671,0.0085405613,1,1
2017,34,019,37,34,40,0.0031150025,3,3
2017,34,021,274,273,275,0.0048438992,1,1
2017,34,023,1141,1140,1142,0.0089928908,1,1
2017,34,025,742,730,754,0.0088005408,1,1
2017,34,027,292,283,301,0.0053816949,2,2
2017,34,029,817,814,820,0.0118577649,1,1
2017,34,031,809,804,814,0.0102063989,1,1
2017,34,033,351,351,351,0.0372532371,1,1
2017,34,035,185,182,188,0.0041396286,1,1
2017,34,037,159,155,163,0.0103092784,2,2
2017,34,039,818,816,820,0.0102589829,1,1
2017,34,041,217,214,220,0.0186650611,1,1
2017,35,001,3557,3552,3562,0.037398015,1,1
2017,35,003,,,,,,
2017,35,005,261,261,261,0.0229612035,1,1
2017,35,006,,,,,,
2017,35,007,,,,,,
2017,35,009,188,187,189,0.0227878788,1,1
2017,35,011,31,31,31,0.1016393443,1,1
2017,35,013,1067,1065,1069,0.0265389877,1,1
2017,35,015,268,268,268,0.0229983695,1,1
2017,35,017,22,22,22,0.0080233406,3,3
2017,35,019,,,,,,
2017,35,021,,,,,,
2017,35,023,88,88,88,0.1303703704,1,1
2017,35,025,174,174,174,0.0116489255,1,1
2017,35,027,59,57,61,0.0211393766,2,2
2017,35,028,,,,,,
2017,35,029,264,264,264,0.0480611688,1,1
2017,35,031,745,745,745,0.0572812548,1,1
2017,35,033,,,,,,
2017,35,035,117,117,117,0.0183846637,1,1
2017,35,037,,,,,,
2017,35,039,84,83,85,0.0183206107,1,1
2017,35,041,23,23,23,0.0075657895,3,3
2017,35,043,403,400,406,0.0184599881,1,1
2017,35,045,769,767,771,0.0321918955,1,1
2017,35,047,66,66,66,0.0214494638,1,1
2017,35,049,1333,1330,1336,0.0773381295,1,1
2017,35,051,194,194,194,0.150621118,1,1
2017,35,053,120,120,120,0.0584795322,1,1
2017,35,055,65,64,66,0.0200741198,1,1
2017,35,057,288,288,288,0.065648507,1,1
2017,35,059,,,,,,
2017,35,061,538,538,538,0.0432858637,1,1
2017,36,001,1145,1143,1147,0.0283268598,1,1
2017,36,003,80,78,82,0.0124941434,2,2
2017,36,005,48036,48035,48037,0.2075491264,1,1
2017,36,007,914,914,914,0.0342309277,1,1
2017,36,009,167,164,170,0.0126476825,1,1
2017,36,011,299,298,300,0.0306950005,1,1
2017,36,013,426,425,427,0.0223457826,1,1
2017,36,015,109,108,110,0.0092932049,1,1
2017,36,017,143,143,143,0.0189278623,1,1
2017,36,019,314,313,315,0.0284781426,1,1
2017,36,021,222,221,223,0.0422213769,1,1
2017,36,023,97,97,97,0.017062445,1,1
2017,36,025,50,47,53,0.015503876,3,3
2017,36,027,955,954,956,0.0259955903,1,1
2017,36,029,2815,2807,2823,0.0224842051,1,1
2017,36,031,29,27,31,0.0101080516,3,3
2017,36,033,169,168,170,0.0255595886,1,1
2017,36,035,149,149,149,0.0191148172,1,1
2017,36,037,132,132,132,0.0160799123,1,1
2017,36,039,95,94,96,0.0159825034,1,1
2017,36,041,,,,,,
2017,36,043,68,66,70,0.0075631187,2,2
2017,36,045,263,260,266,0.0153855154,1,1
2017,36,047,38352,38352,38352,0.1170406584,1,1
2017,36,049,84,84,84,0.0200525185,1,1
2017,36,051,218,218,218,0.0277742388,1,1
2017,36,053,116,115,117,0.0124450166,1,1
2017,36,055,3660,3658,3662,0.0334769366,1,1
2017,36,057,328,328,328,0.0419062221,1,1
2017,36,059,4873,4861,4885,0.0238503103,1,1
2017,36,061,24496,24495,24497,0.1411295666,1,1
2017,36,063,469,467,471,0.0162109848,1,1
2017,36,065,472,468,476,0.0161749083,1,1
2017,36,067,2369,2369,2369,0.0343010208,1,1
2017,36,069,371,370,372,0.0229749814,1,1
2017,36,071,2061,2060,2062,0.0346607918,1,1
2017,36,073,72,72,72,0.0123182207,1,1
2017,36,075,917,917,917,0.0469029717,1,1
2017,36,077,109,105,113,0.0177351123,2,2
2017,36,079,83,82,84,0.0059349303,1,1
2017,36,081,23862,23862,23862,0.0814188763,1,1
2017,36,083,633,633,633,0.0315915556,1,1
2017,36,085,3344,3344,3344,0.0523743892,1,1
2017,36,087,796,796,796,0.019619442,1,1
2017,36,089,650,650,650,0.0424005219,1,1
2017,36,091,664,664,664,0.0217812039,1,1
2017,36,093,573,573,573,0.0236298404,1,1
2017,36,095,25,25,25,0.0074250074,3,3
2017,36,097,43,43,43,0.022848034,1,1
2017,36,099,126,126,126,0.0308219178,1,1
2017,36,101,308,305,311,0.0212942478,1,1
2017,36,103,5678,5675,5681,0.0239644796,1,1
2017,36,105,414,413,415,0.0455545775,1,1
2017,36,107,70,70,70,0.0106821303,1,1
2017,36,109,219,219,219,0.0196836239,1,1
2017,36,111,660,660,660,0.0288184438,1,1
2017,36,113,253,253,253,0.0292080351,1,1
2017,36,115,214,214,214,0.024606186,1,1
2017,36,117,322,322,322,0.0226760563,1,1
2017,36,119,2879,2869,2889,0.0213430003,1,1
2017,36,121,52,52,52,0.0130065033,1,1
2017,36,123,73,73,73,0.0341920375,1,1
2017,37,001,635,634,636,0.0259437817,1,1
2017,37,003,74,74,74,0.0149404401,1,1
2017,37,005,39,39,39,0.0277382646,1,1
2017,37,007,61,61,61,0.0182035213,1,1
2017,37,009,121,121,121,0.0397111913,1,1
2017,37,011,15,15,15,0.0072780204,3,3
2017,37,013,94,94,94,0.0139032687,1,1
2017,37,015,,,,,,
2017,37,017,37,37,37,0.0082405345,1,1
2017,37,019,373,373,373,0.0295961279,1,1
2017,37,021,826,825,827,0.0272131256,1,1
2017,37,023,122,122,122,0.009762343,1,1
2017,37,025,531,531,531,0.0139740519,1,1
2017,37,027,215,215,215,0.0182792042,1,1
2017,37,029,,,,,,
2017,37,031,52,52,52,0.0062015504,1,1
2017,37,033,18,18,18,0.0067340067,3,3
2017,37,035,296,296,296,0.0125036962,1,1
2017,37,037,620,620,620,0.0688124306,1,1
2017,37,039,25,24,26,0.0070681368,3,3
2017,37,041,,,,,,
2017,37,043,,,,,,
2017,37,045,362,362,362,0.0241429905,1,1
2017,37,047,48,48,48,0.0053613314,1,1
2017,37,049,158,158,158,0.0113229182,1,1
2017,37,051,796,796,796,0.0155547739,1,1
2017,37,053,66,66,66,0.0162441546,1,1
2017,37,055,191,191,191,0.0361468584,1,1
2017,37,057,411,411,411,0.0165993538,1,1
2017,37,059,139,139,139,0.0226236979,1,1
2017,37,061,125,125,125,0.0126582278,1,1
2017,37,063,1007,1002,1012,0.024611399,1,1
2017,37,065,112,112,112,0.01836969,1,1
2017,37,067,652,652,652,0.0117855464,1,1
2017,37,069,108,108,108,0.0131083869,1,1
2017,37,071,733,733,733,0.0219836247,1,1
2017,37,073,18,18,18,0.0106824926,3,3
2017,37,075,65,65,65,0.0543478261,1,1
2017,37,077,120,120,120,0.0157006411,1,1
2017,37,079,79,79,79,0.0257580698,1,1
2017,37,081,3056,3053,3059,0.0397958121,1,1
2017,37,083,266,266,266,0.040741308,1,1
2017,37,085,220,220,220,0.0106357264,1,1
2017,37,087,263,263,263,0.0360422091,1,1
2017,37,089,326,326,326,0.024112426,1,1
2017,37,091,29,29,29,0.0099009901,3,3
2017,37,093,61,61,61,0.0068186899,1,1
2017,37,095,,,,,,
2017,37,097,369,368,370,0.0128107207,1,1
2017,37,099,108,108,108,0.0289544236,1,1
2017,37,101,481,481,481,0.0132638429,1,1
2017,37,103,30,30,30,0.0261780105,1,1
2017,37,105,314,314,314,0.0308811959,1,1
2017,37,107,54,54,54,0.0061693134,1,1
2017,37,109,103,102,104,0.0076217256,1,1
2017,37,111,663,663,663,0.1094782034,1,1
2017,37,113,59,59,59,0.0134060441,1,1
2017,37,115,27,27,27,0.011826544,3,3
2017,37,117,25,25,25,0.0079440737,3,3
2017,37,119,4506,4503,4509,0.0289581245,1,1
2017,37,121,12,12,12,0.0064690027,3,3
2017,37,123,67,67,67,0.0165432099,1,1
2017,37,125,296,296,296,0.0232211501,1,1
2017,37,127,560,560,560,0.0337451039,1,1
2017,37,129,629,628,630,0.0237188431,1,1
2017,37,131,21,21,21,0.0070469799,3,3
2017,37,133,316,316,316,0.0118480747,1,1
2017,37,135,171,171,171,0.0086934418,1,1
2017,37,137,17,16,18,0.0092140921,3,3
2017,37,139,114,114,114,0.0200421941,1,1
2017,37,141,82,82,82,0.0086680761,1,1
2017,37,143,52,52,52,0.0318042813,1,1
2017,37,145,70,69,71,0.0134615385,1,1
2017,37,147,264,264,264,0.0110087152,1,1
2017,37,149,,,,,,
2017,37,151,321,321,321,0.0149427428,1,1
2017,37,153,148,148,148,0.0200868621,1,1
2017,37,155,147,147,147,0.0064245444,1,1
2017,37,157,118,118,118,0.0096626269,1,1
2017,37,159,307,307,307,0.0158738366,1,1
2017,37,161,238,238,238,0.0288205377,1,1
2017,37,163,29,29,29,0.0025077828,3,3
2017,37,165,135,135,135,0.022963089,1,1
2017,37,167,101,101,101,0.012155494,1,1
2017,37,169,69,69,69,0.0114656032,1,1
2017,37,171,91,91,91,0.0083755177,1,1
2017,37,173,20,20,20,0.0096665056,3,3
2017,37,175,115,115,115,0.0335668418,1,1
2017,37,177,,,,,,
2017,37,179,240,240,240,0.0055438775,1,1
2017,37,181,96,96,96,0.0154589372,1,1
2017,37,183,3246,3242,3250,0.0196433218,1,1
2017,37,185,79,79,79,0.0372465818,1,1
2017,37,187,15,15,15,0.010026738,3,3
2017,37,189,43,43,43,0.0092852516,1,1
2017,37,191,324,324,324,0.0170625099,1,1
2017,37,193,300,300,300,0.0307062436,1,1
2017,37,195,153,152,154,0.0124329595,1,1
2017,37,197,53,53,53,0.0097194205,1,1
2017,37,199,13,13,13,0.0058690745,3,3
2017,38,001,,,,,,
2017,38,003,,,,,,
2017,38,005,53,53,53,0.077147016,1,1
2017,38,007,,,,,,
2017,38,009,,,,,,
2017,38,011,,,,,,
2017,38,013,,,,,,
2017,38,015,358,357,359,0.0273574813,1,1
2017,38,017,404,404,404,0.0183286453,1,1
2017,38,019,,,,,,
2017,38,021,,,,,,
2017,38,023,,,,,,
2017,38,025,,,,,,
2017,38,027,,,,,,
2017,38,029,,,,,,
2017,38,031,,,,,,
2017,38,033,,,,,,
2017,38,035,144,143,145,0.0186480186,1,1
2017,38,037,,,,,,
2017,38,039,,,,,,
2017,38,041,,,,,,
2017,38,043,,,,,,
2017,38,045,,,,,,
2017,38,047,,,,,,
2017,38,049,,,,,,
2017,38,051,,,,,,
2017,38,053,271,271,271,0.1497237569,1,1
2017,38,055,11,11,11,0.0279898219,3,3
2017,38,057,,,,,,
2017,38,059,74,73,75,0.0180664062,1,1
2017,38,061,58,58,58,0.0593047035,1,1
2017,38,063,,,,,,
2017,38,065,,,,,,
2017,38,067,,,,,,
2017,38,069,,,,,,
2017,38,071,45,45,45,0.0264550265,1,1
2017,38,073,,,,,,
2017,38,075,,,,,,
2017,38,077,76,75,77,0.0436280138,1,1
2017,38,079,172,170,174,0.036279266,1,1
2017,38,081,,,,,,
2017,38,083,,,,,,
2017,38,085,240,240,240,0.183908046,1,1
2017,38,087,,,,,,
2017,38,089,103,103,103,0.0255266419,1,1
2017,38,091,,,,,,
2017,38,093,,,,,,
2017,38,095,,,,,,
2017,38,097,,,,,,
2017,38,099,13,13,13,0.0138888889,3,3
2017,38,101,239,238,240,0.0299236259,1,1
2017,38,103,,,,,,
2017,38,105,164,164,164,0.0306313037,1,1
2017,39,001,57,57,57,0.01202278,1,1
2017,39,003,121,118,124,0.0102908658,2,2
2017,39,005,145,145,145,0.0266055046,1,1
2017,39,007,151,151,151,0.0114863837,1,1
2017,39,009,165,165,165,0.023099538,1,1
2017,39,011,44,44,44,0.0072667217,1,1
2017,39,013,104,103,105,0.0118047673,1,1
2017,39,015,35,34,36,0.0059002023,2,2
2017,39,017,1356,1353,1359,0.0239864148,1,1
2017,39,019,23,22,24,0.007620941,3,3
2017,39,021,193,193,193,0.0285460731,1,1
2017,39,023,503,502,504,0.0261720173,1,1
2017,39,025,126,125,127,0.0066893183,1,1
2017,39,027,79,79,79,0.0133875614,1,1
2017,39,029,13,10,16,0.0022807018,3,3
2017,39,031,129,129,129,0.0272727273,1,1
2017,39,033,134,134,134,0.0249024345,1,1
2017,39,035,4074,4057,4091,0.0271906348,1,1
2017,39,037,68,67,69,0.009348364,1,1
2017,39,039,54,53,55,0.0120294052,1,1
2017,39,041,163,162,164,0.0050228029,1,1
2017,39,043,261,260,262,0.021347947,1,1
2017,39,045,211,210,212,0.0089852234,1,1
2017,39,047,161,161,161,0.0331412104,1,1
2017,39,049,4589,4571,4607,0.0233114561,1,1
2017,39,051,33,32,34,0.006390395,2,2
2017,39,053,96,96,96,0.0223411683,1,1
2017,39,055,80,78,82,0.0109469075,2,2
2017,39,057,488,486,490,0.0222688692,1,1
2017,39,059,338,338,338,0.0748781568,1,1
2017,39,061,4333,4327,4339,0.0398206097,1,1
2017,39,063,178,175,181,0.0176534761,1,1
2017,39,065,24,23,25,0.0065058281,3,3
2017,39,067,15,15,15,0.0095480586,3,3
2017,39,069,85,85,85,0.0197812427,1,1
2017,39,071,525,523,527,0.0748502994,1,1
2017,39,073,140,140,140,0.0370076659,1,1
2017,39,075,,,,,,
2017,39,077,81,81,81,0.010215664,1,1
2017,39,079,87,86,88,0.0175261886,1,1
2017,39,081,,,,,,
2017,39,083,34,33,35,0.0044531762,2,2
2017,39,085,226,226,226,0.0075821116,1,1
2017,39,087,33,31,35,0.0050613497,3,3
2017,39,089,866,866,866,0.0314966358,1,1
2017,39,091,60,59,61,0.0107816712,1,1
2017,39,093,521,518,524,0.012349776,1,1
2017,39,095,3504,3496,3512,0.0515529138,1,1
2017,39,097,57,56,58,0.0084796192,1,1
2017,39,099,353,346,360,0.015599452,1,1
2017,39,101,537,535,539,0.0478694955,1,1
2017,39,103,89,89,89,0.0033731287,1,1
2017,39,105,34,34,34,0.010268801,1,1
2017,39,107,95,95,95,0.0188156071,1,1
2017,39,109,216,215,217,0.0158788503,1,1
2017,39,111,257,257,257,0.1184331797,1,1
2017,39,113,1436,1430,1442,0.0212250207,1,1
2017,39,115,140,140,140,0.0759219089,1,1
2017,39,117,,,,,,
2017,39,119,138,135,141,0.0096328354,1,1
2017,39,121,57,57,57,0.0340501792,1,1
2017,39,123,,,,,,
2017,39,125,,,,,,
2017,39,127,73,73,73,0.0124509637,1,1
2017,39,129,144,144,144,0.0154258168,1,1
2017,39,131,31,31,31,0.0162729659,1,1
2017,39,133,315,313,317,0.0168964222,1,1
2017,39,135,65,65,65,0.0108677479,1,1
2017,39,137,,,,,,
2017,39,139,530,528,532,0.0405601898,1,1
2017,39,141,464,464,464,0.0487036843,1,1
2017,39,143,197,197,197,0.024742527,1,1
2017,39,145,171,170,172,0.0198906595,1,1
2017,39,147,76,75,77,0.0147831161,1,1
2017,39,149,27,25,29,0.0052682927,3,3
2017,39,151,1024,1021,1027,0.0192084037,1,1
2017,39,153,1892,1887,1897,0.0261676556,1,1
2017,39,155,169,166,172,0.0097608871,1,1
2017,39,157,143,143,143,0.0192774333,1,1
2017,39,159,61,61,61,0.007784584,1,1
2017,39,161,,,,,,
2017,39,163,,,,,,
2017,39,165,231,231,231,0.0060639471,1,1
2017,39,167,174,174,174,0.0247194204,1,1
2017,39,169,297,295,299,0.0212613644,1,1
2017,39,171,94,92,96,0.0206411946,1,1
2017,39,173,300,296,304,0.0200924252,1,1
2017,39,175,,,,,,
2017,40,001,48,48,48,0.0364188164,1,1
2017,40,003,35,34,36,0.0510204082,2,2
2017,40,005,209,209,209,0.1342324984,1,1
2017,40,007,,,,,,
2017,40,009,140,140,140,0.0479945149,1,1
2017,40,011,,,,,,
2017,40,013,744,744,744,0.1122679946,1,1
2017,40,015,295,295,295,0.1025730181,1,1
2017,40,017,158,157,159,0.006628629,1,1
2017,40,019,316,316,316,0.0438158625,1,1
2017,40,021,462,462,462,0.0727329975,1,1
2017,40,023,66,66,66,0.0422264875,1,1
2017,40,025,,,,,,
2017,40,027,199,199,199,0.0046126744,1,1
2017,40,029,17,16,18,0.0187637969,3,3
2017,40,031,919,919,919,0.0499131002,1,1
2017,40,033,56,56,56,0.0545808967,1,1
2017,40,035,71,69,73,0.0317815577,2,2
2017,40,037,501,501,501,0.0634337807,1,1
2017,40,039,331,331,331,0.0665995976,1,1
2017,40,041,267,267,267,0.0630907372,1,1
2017,40,043,,,,,,
2017,40,045,15,15,15,0.0404312668,3,3
2017,40,047,562,562,562,0.0714739921,1,1
2017,40,049,86,85,87,0.0539523212,1,1
2017,40,051,267,267,267,0.052097561,1,1
2017,40,053,,,,,,
2017,40,055,,,,,,
2017,40,057,,,,,,
2017,40,059,,,,,,
2017,40,061,,,,,,
2017,40,063,,,,,,
2017,40,065,123,122,124,0.031353556,1,1
2017,40,067,,,,,,
2017,40,069,165,164,166,0.1162790698,1,1
2017,40,071,27,27,27,0.0045469855,3,3
2017,40,073,53,53,53,0.0353805073,1,1
2017,40,075,82,82,82,0.0650277557,1,1
2017,40,077,,,,,,
2017,40,079,373,373,373,0.0576863594,1,1
2017,40,081,,,,,,
2017,40,083,16,16,16,0.0040140492,3,3
2017,40,085,115,115,115,0.0651189128,1,1
2017,40,087,208,208,208,0.0434419382,1,1
2017,40,089,250,250,250,0.0477828746,1,1
2017,40,091,208,208,208,0.079480321,1,1
2017,40,093,,,,,,
2017,40,095,601,601,601,0.1942469295,1,1
2017,40,097,514,514,514,0.0729078014,1,1
2017,40,099,49,49,49,0.0193675889,1,1
2017,40,101,248,247,249,0.0211099762,1,1
2017,40,103,104,104,104,0.0937781785,1,1
2017,40,105,51,51,51,0.059371362,1,1
2017,40,107,34,33,35,0.0334975369,2,2
2017,40,109,9893,9890,9896,0.07752831,1,1
2017,40,111,145,144,146,0.0459442332,1,1
2017,40,113,59,59,59,0.0381383323,1,1
2017,40,115,107,107,107,0.0382552735,1,1
2017,40,117,14,14,14,0.0081442699,3,3
2017,40,119,459,459,459,0.0549174444,1,1
2017,40,121,277,276,278,0.0495882564,1,1
2017,40,123,277,277,277,0.0436977441,1,1
2017,40,125,396,396,396,0.050697734,1,1
2017,40,127,27,27,27,0.0462328767,3,3
2017,40,129,,,,,,
2017,40,131,618,618,618,0.0570531758,1,1
2017,40,133,22,22,22,0.037414966,3,3
2017,40,135,137,134,140,0.0313860252,1,1
2017,40,137,695,694,696,0.1287513894,1,1
2017,40,139,151,151,151,0.0479822053,1,1
2017,40,141,82,81,83,0.0608308605,1,1
2017,40,143,2735,2735,2735,0.0236872418,1,1
2017,40,145,297,297,297,0.1252636019,1,1
2017,40,147,325,325,325,0.0402128186,1,1
2017,40,149,,,,,,
2017,40,151,11,11,11,0.0098566308,3,3
2017,40,153,114,113,115,0.0302226935,1,1
2017,41,001,186,186,186,0.0527809308,1,1
2017,41,003,279,279,279,0.0306728232,1,1
2017,41,005,1619,1619,1619,0.0271112079,1,1
2017,41,007,315,315,315,0.0630252101,1,1
2017,41,009,230,230,230,0.0302154493,1,1
2017,41,011,590,590,590,0.0587532364,1,1
2017,41,013,99,99,99,0.0336505778,1,1
2017,41,015,129,129,129,0.0563318777,1,1
2017,41,017,929,929,929,0.034598339,1,1
2017,41,019,675,674,676,0.0491087668,1,1
2017,41,021,,,,,,
2017,41,023,,,,,,
2017,41,025,77,77,77,0.0887096774,1,1
2017,41,027,32,32,32,0.0078392945,1,1
2017,41,029,2286,2286,2286,0.07558524,1,1
2017,41,031,137,137,137,0.0370070232,1,1
2017,41,033,977,977,977,0.0891748813,1,1
2017,41,035,384,384,384,0.0397845006,1,1
2017,41,037,48,48,48,0.0498960499,1,1
2017,41,039,2465,2464,2466,0.0536347614,1,1
2017,41,041,824,824,824,0.1494106981,1,1
2017,41,043,1076,1076,1076,0.0474008811,1,1
2017,41,045,266,265,267,0.0526107595,1,1
2017,41,047,1833,1833,1833,0.03004524,1,1
2017,41,049,113,113,113,0.0462167689,1,1
2017,41,051,3739,3739,3739,0.0401326664,1,1
2017,41,053,281,281,281,0.0402175469,1,1
2017,41,055,,,,,,
2017,41,057,253,253,253,0.0740198947,1,1
2017,41,059,187,186,188,0.0138508259,1,1
2017,41,061,168,168,168,0.0463448276,1,1
2017,41,063,26,26,26,0.0634146341,3,3
2017,41,065,141,141,141,0.0394515949,1,1
2017,41,067,2767,2767,2767,0.0315777461,1,1
2017,41,069,22,22,22,0.0544554455,3,3
2017,41,071,609,609,609,0.0365743799,1,1
2017,42,001,362,361,363,0.0233910571,1,1
2017,42,003,3781,3777,3785,0.0260778404,1,1
2017,42,005,121,121,121,0.0160818713,1,1
2017,42,007,650,647,653,0.0209178091,1,1
2017,42,009,101,100,102,0.017968333,1,1
2017,42,011,2049,2049,2049,0.030158076,1,1
2017,42,013,332,330,334,0.0188411554,1,1
2017,42,015,142,140,144,0.0155293088,1,1
2017,42,017,852,851,853,0.0097565444,1,1
2017,42,019,290,290,290,0.01125689,1,1
2017,42,021,185,185,185,0.0106511601,1,1
2017,42,023,,,,,,
2017,42,025,103,102,104,0.0116239702,1,1
2017,42,027,161,161,161,0.0128001272,1,1
2017,42,029,1048,1048,1048,0.0129855647,1,1
2017,42,031,177,176,178,0.0337657383,1,1
2017,42,033,174,173,175,0.0163718479,1,1
2017,42,035,41,41,41,0.0091477019,1,1
2017,42,037,74,74,74,0.0110217456,1,1
2017,42,039,220,220,220,0.0209843571,1,1
2017,42,041,388,388,388,0.0143788912,1,1
2017,42,043,1508,1507,1509,0.0314973787,1,1
2017,42,045,895,894,896,0.0118480275,1,1
2017,42,047,21,20,22,0.0061511424,3,3
2017,42,049,805,803,807,0.0209395484,1,1
2017,42,051,334,334,334,0.0209996856,1,1
2017,42,053,56,56,56,0.1264108352,1,1
2017,42,055,423,423,423,0.0184934202,1,1
2017,42,057,,,,,,
2017,42,059,41,41,41,0.0096266729,1,1
2017,42,061,30,30,30,0.0056796668,1,1
2017,42,063,140,139,141,0.0147913365,1,1
2017,42,065,96,96,96,0.01950823,1,1
2017,42,067,44,44,44,0.015675098,1,1
2017,42,069,378,376,380,0.0135902783,1,1
2017,42,071,2296,2296,2296,0.0336928608,1,1
2017,42,073,184,182,186,0.0153756163,1,1
2017,42,075,719,719,719,0.0364863493,1,1
2017,42,077,1452,1449,1455,0.0281014128,1,1
2017,42,079,588,587,589,0.0139664141,1,1
2017,42,081,267,267,267,0.0169287345,1,1
2017,42,083,177,177,177,0.0273021749,1,1
2017,42,085,225,224,226,0.0164269548,1,1
2017,42,087,80,80,80,0.0161976109,1,1
2017,42,089,488,488,488,0.0192679749,1,1
2017,42,091,1205,1205,1205,0.01051566,1,1
2017,42,093,22,22,22,0.0095902354,3,3
2017,42,095,838,837,839,0.0182106613,1,1
2017,42,097,161,159,163,0.0137795276,1,1
2017,42,099,62,62,62,0.0102870416,1,1
2017,42,101,4596,4575,4617,0.0236543866,1,1
2017,42,103,52,52,52,0.0069112174,1,1
2017,42,105,56,55,57,0.0247568523,1,1
2017,42,107,289,288,290,0.0167042367,1,1
2017,42,109,37,37,37,0.0077731092,1,1
2017,42,111,79,77,81,0.011056683,2,2
2017,42,113,,,,,,
2017,42,115,59,57,61,0.0097746852,2,2
2017,42,117,31,31,31,0.0056839017,1,1
2017,42,119,17,17,17,0.0042553191,3,3
2017,42,121,92,92,92,0.0154882155,1,1
2017,42,123,79,79,79,0.0171440972,1,1
2017,42,125,293,291,295,0.010770079,1,1
2017,42,127,44,44,44,0.0099435028,1,1
2017,42,129,404,403,405,0.0087411831,1,1
2017,42,131,34,34,34,0.0103217972,1,1
2017,42,133,1663,1663,1663,0.0245482995,1,1
2017,44,001,28,28,28,0.0042501518,3,3
2017,44,003,199,199,199,0.010491907,1,1
2017,44,005,211,210,212,0.0286918684,1,1
2017,44,007,923,916,930,0.0105242754,1,1
2017,44,009,177,177,177,0.0123362141,1,1
2017,45,001,69,69,69,0.0229159748,1,1
2017,45,003,424,424,424,0.0172589246,1,1
2017,45,005,23,23,23,0.019295302,3,3
2017,45,007,834,834,834,0.025622907,1,1
2017,45,009,30,30,30,0.0218181818,1,1
2017,45,011,23,23,23,0.0061629153,3,3
2017,45,013,308,308,308,0.0139070755,1,1
2017,45,015,381,381,381,0.0108531548,1,1
2017,45,017,24,24,24,0.0134378499,3,3
2017,45,019,501,501,501,0.0100993811,1,1
2017,45,021,117,117,117,0.0130770091,1,1
2017,45,023,40,40,40,0.0075443229,1,1
2017,45,025,28,28,28,0.0038894291,3,3
2017,45,027,21,21,21,0.0072614108,3,3
2017,45,029,165,165,165,0.0288159273,1,1
2017,45,031,218,218,218,0.0217239661,1,1
2017,45,033,,,,,,
2017,45,035,204,204,204,0.0071351124,1,1
2017,45,037,32,32,32,0.0091585575,1,1
2017,45,039,101,101,101,0.0368075802,1,1
2017,45,041,571,570,571,0.0260921221,1,1
2017,45,043,43,43,43,0.0045536376,1,1
2017,45,045,1392,1392,1392,0.0184370861,1,1
2017,45,047,410,410,410,0.0354456644,1,1
2017,45,049,129,129,129,0.0428571429,1,1
2017,45,051,551,551,551,0.0122988326,1,1
2017,45,053,124,124,124,0.0463551402,1,1
2017,45,055,18,18,18,0.0016717749,3,3
2017,45,057,31,31,31,0.0023401525,1,1
2017,45,059,460,460,460,0.0524395805,1,1
2017,45,061,51,51,51,0.0260469867,1,1
2017,45,063,298,298,298,0.0073033846,1,1
2017,45,065,,,,,,
2017,45,067,35,35,35,0.0076452599,1,1
2017,45,069,64,64,64,0.0161534578,1,1
2017,45,071,51,51,51,0.008382643,1,1
2017,45,073,65,65,65,0.0061798821,1,1
2017,45,075,82,82,82,0.0079797587,1,1
2017,45,077,1478,1478,1478,0.0907973953,1,1
2017,45,079,1648,1648,1648,0.0173387903,1,1
2017,45,081,18,18,18,0.0076923077,3,3
2017,45,083,891,890,891,0.0204869973,1,1
2017,45,085,156,156,156,0.0092956739,1,1
2017,45,087,16,16,16,0.003960396,3,3
2017,45,089,141,141,141,0.0358504958,1,1
2017,45,091,385,385,385,0.0083881651,1,1
2017,46,003,,,,,,
2017,46,005,,,,,,
2017,46,007,24,24,24,0.0285714286,3,3
2017,46,009,,,,,,
2017,46,011,14,14,14,0.0041103934,3,3
2017,46,013,16,15,17,0.0030406689,3,3
2017,46,015,,,,,,
2017,46,017,,,,,,
2017,46,019,,,,,,
2017,46,021,,,,,,
2017,46,023,87,87,87,0.054613936,1,1
2017,46,025,,,,,,
2017,46,027,,,,,,
2017,46,029,35,34,36,0.0082140343,2,2
2017,46,031,182,182,182,0.6523297491,1,1
2017,46,033,17,17,17,0.0189098999,3,3
2017,46,035,17,17,17,0.0061239193,3,3
2017,46,037,15,14,16,0.0205479452,3,3
2017,46,039,,,,,,
2017,46,041,34,34,34,0.036598493,1,1
2017,46,043,,,,,,
2017,46,045,,,,,,
2017,46,047,,,,,,
2017,46,049,,,,,,
2017,46,051,,,,,,
2017,46,053,,,,,,
2017,46,055,,,,,,
2017,46,057,,,,,,
2017,46,059,,,,,,
2017,46,061,,,,,,
2017,46,063,,,,,,
2017,46,065,259,259,259,0.0889423077,1,1
2017,46,067,,,,,,
2017,46,069,265,265,265,0.536437247,1,1
2017,46,071,27,27,27,0.0754189944,3,3
2017,46,073,,,,,,
2017,46,075,,,,,,
2017,46,077,,,,,,
2017,46,079,,,,,,
2017,46,081,50,50,50,0.0156054931,1,1
2017,46,083,23,22,24,0.0030576974,3,3
2017,46,085,138,138,138,0.375,1,1
2017,46,087,,,,,,
2017,46,089,,,,,,
2017,46,091,,,,,,
2017,46,093,27,27,27,0.0095575221,3,3
2017,46,095,,,,,,
2017,46,097,,,,,,
2017,46,099,839,838,840,0.0259736239,1,1
2017,46,101,51,51,51,0.159375,1,1
2017,46,102,167,167,167,0.11988514,1,1
2017,46,103,605,604,606,0.0352030723,1,1
2017,46,105,,,,,,
2017,46,107,,,,,,
2017,46,109,,,,,,
2017,46,111,,,,,,
2017,46,115,,,,,,
2017,46,117,,,,,,
2017,46,119,,,,,,
2017,46,121,30,29,31,0.0107257776,2,2
2017,46,123,,,,,,
2017,46,125,,,,,,
2017,46,127,,,,,,
2017,46,129,15,15,15,0.0239616613,3,3
2017,46,135,23,23,23,0.0079861111,3,3
2017,46,137,52,51,53,0.0702702703,1,1
2017,47,001,205,205,205,0.0171390352,1,1
2017,47,003,112,112,112,0.0127941512,1,1
2017,47,005,40,40,40,0.0185185185,1,1
2017,47,007,32,32,32,0.0179775281,1,1
2017,47,009,89,89,89,0.0048992624,1,1
2017,47,011,28,28,28,0.0017517518,3,3
2017,47,013,417,417,417,0.073962398,1,1
2017,47,015,40,40,40,0.0203355363,1,1
2017,47,017,212,212,212,0.046572935,1,1
2017,47,019,175,175,175,0.0222759674,1,1
2017,47,021,78,78,78,0.0124263183,1,1
2017,47,023,,,,,,
2017,47,025,16,16,16,0.0037780401,3,3
2017,47,027,,,,,,
2017,47,029,92,92,92,0.0175304878,1,1
2017,47,031,88,88,88,0.0149812734,1,1
2017,47,033,33,33,33,0.0106658048,1,1
2017,47,035,271,271,271,0.0365278339,1,1
2017,47,037,3323,3322,3324,0.0345056748,1,1
2017,47,039,26,26,26,0.0155502392,3,3
2017,47,041,,,,,,
2017,47,043,165,165,165,0.0196733039,1,1
2017,47,045,54,54,54,0.0081362061,1,1
2017,47,047,,,,,,
2017,47,049,13,12,14,0.0046712181,3,3
2017,47,051,,,,,,
2017,47,053,108,108,108,0.0125420973,1,1
2017,47,055,25,25,25,0.0064750065,3,3
2017,47,057,47,47,47,0.0134170711,1,1
2017,47,059,99,99,99,0.0102814415,1,1
2017,47,061,58,58,58,0.0281690141,1,1
2017,47,063,517,517,517,0.0490372759,1,1
2017,47,065,533,533,533,0.0118914819,1,1
2017,47,067,,,,,,
2017,47,069,15,15,15,0.0040683483,3,3
2017,47,071,59,59,59,0.0163028461,1,1
2017,47,073,53,53,53,0.0079045488,1,1
2017,47,075,15,15,15,0.0051652893,3,3
2017,47,077,101,101,101,0.0208591491,1,1
2017,47,079,59,59,59,0.0125,1,1
2017,47,081,28,28,28,0.008254717,3,3
2017,47,083,21,21,21,0.0151843818,3,3
2017,47,085,28,28,28,0.0093959732,3,3
2017,47,087,192,192,192,0.128600134,1,1
2017,47,089,131,131,131,0.0179402903,1,1
2017,47,091,,,,,,
2017,47,093,512,512,512,0.0084207756,1,1
2017,47,095,,,,,,
2017,47,097,,,,,,
2017,47,099,73,73,73,0.010508133,1,1
2017,47,101,,,,,,
2017,47,103,21,20,22,0.0039333208,3,3
2017,47,105,90,90,90,0.0125278396,1,1
2017,47,107,103,103,103,0.0131293818,1,1
2017,47,109,65,65,65,0.0152189183,1,1
2017,47,111,,,,,,
2017,47,113,394,394,394,0.0306949205,1,1
2017,47,115,77,76,78,0.017591958,1,1
2017,47,117,46,46,46,0.0083002526,1,1
2017,47,119,116,116,116,0.0090688766,1,1
2017,47,121,,,,,,
2017,47,123,19,19,19,0.0027945286,3,3
2017,47,125,1128,1128,1128,0.0323756494,1,1
2017,47,127,,,,,,
2017,47,129,481,481,481,0.161409396,1,1
2017,47,131,24,23,25,0.0047942469,3,3
2017,47,133,14,14,14,0.0044699872,3,3
2017,47,135,,,,,,
2017,47,137,,,,,,
2017,47,139,76,76,76,0.0317991632,1,1
2017,47,141,535,535,535,0.0468435338,1,1
2017,47,143,135,135,135,0.0260065498,1,1
2017,47,145,60,60,60,0.0090456807,1,1
2017,47,147,262,262,262,0.0230208242,1,1
2017,47,149,1531,1531,1531,0.0282821939,1,1
2017,47,151,21,21,21,0.0049284206,3,3
2017,47,153,74,74,74,0.0331838565,1,1
2017,47,155,288,288,288,0.019845645,1,1
2017,47,157,1414,1414,1414,0.0099303332,1,1
2017,47,159,26,26,26,0.0083173385,3,3
2017,47,161,10,10,10,0.0048449612,3,3
2017,47,163,796,796,796,0.0369699503,1,1
2017,47,165,230,230,230,0.0077608314,1,1
2017,47,167,24,24,24,0.0021594385,3,3
2017,47,169,,,,,,
2017,47,171,89,89,89,0.037006237,1,1
2017,47,173,16,16,16,0.0038031852,3,3
2017,47,175,31,31,31,0.0419485792,1,1
2017,47,177,204,204,204,0.0312883436,1,1
2017,47,179,594,594,594,0.0362106803,1,1
2017,47,181,,,,,,
2017,47,183,10,10,10,0.0023849273,3,3
2017,47,185,54,54,54,0.0135101326,1,1
2017,47,187,286,286,286,0.0066472981,1,1
2017,47,189,630,630,630,0.0284861639,1,1
2017,48,001,109,107,111,0.0129116323,1,1
2017,48,003,57,57,57,0.0140186916,1,1
2017,48,005,525,525,525,0.0301516196,1,1
2017,48,007,,,,,,
2017,48,009,31,30,32,0.0209318028,2,2
2017,48,011,,,,,,
2017,48,013,182,182,182,0.0210550671,1,1
2017,48,015,58,58,58,0.0098305085,1,1
2017,48,017,,,,,,
2017,48,019,203,203,203,0.0779270633,1,1
2017,48,021,784,784,784,0.0452316391,1,1
2017,48,023,,,,,,
2017,48,025,128,127,129,0.0239790184,1,1
2017,48,027,2833,2832,2834,0.0380273561,1,1
2017,48,029,9210,9204,9216,0.0262636344,1,1
2017,48,031,17,17,17,0.0100591716,3,3
2017,48,033,,,,,,
2017,48,035,97,96,98,0.0447210696,1,1
2017,48,037,227,226,228,0.0133576556,1,1
2017,48,039,4490,4490,4490,0.0625644456,1,1
2017,48,041,1078,1078,1078,0.0350295704,1,1
2017,48,043,21,20,22,0.017369727,3,3
2017,48,045,,,,,,
2017,48,047,51,51,51,0.0320956576,1,1
2017,48,049,119,118,120,0.0193874226,1,1
2017,48,051,39,39,39,0.0169270833,1,1
2017,48,053,80,80,80,0.0107628145,1,1
2017,48,055,386,386,386,0.0510852303,1,1
2017,48,057,2362,2362,2362,0.6045559253,1,1
2017,48,059,102,102,102,0.0404601349,1,1
2017,48,061,2702,2701,2703,0.0283083112,1,1
2017,48,063,39,39,39,0.0166382253,1,1
2017,48,065,38,38,38,0.0303514377,1,1
2017,48,067,241,238,244,0.0439781022,1,1
2017,48,069,92,91,93,0.0536756126,1,1
2017,48,071,1491,1491,1491,0.1807930156,1,1
2017,48,073,73,73,73,0.007064744,1,1
2017,48,075,24,24,24,0.0215439856,3,3
2017,48,077,49,49,49,0.0332428765,1,1
2017,48,079,,,,,,
2017,48,081,13,13,13,0.0244821092,3,3
2017,48,083,80,80,80,0.0604686319,1,1
2017,48,085,2053,2052,2054,0.0097799627,1,1
2017,48,087,,,,,,
2017,48,089,332,332,332,0.0928152083,1,1
2017,48,091,749,749,749,0.0233660895,1,1
2017,48,093,131,131,131,0.0563683305,1,1
2017,48,095,,,,,,
2017,48,097,66,64,68,0.0117542297,2,2
2017,48,099,297,296,298,0.02609154,1,1
2017,48,101,,,,,,
2017,48,103,,,,,,
2017,48,105,33,33,33,0.0435356201,1,1
2017,48,107,21,21,21,0.0810810811,3,3
2017,48,109,,,,,,
2017,48,111,20,20,20,0.0102459016,3,3
2017,48,113,9720,9714,9726,0.019378145,1,1
2017,48,115,48,48,48,0.0249869859,1,1
2017,48,117,19,19,19,0.0045313618,3,3
2017,48,119,16,16,16,0.0194647202,3,3
2017,48,121,3444,3444,3444,0.0227613691,1,1
2017,48,123,181,180,182,0.0669874167,1,1
2017,48,125,26,25,27,0.0728291317,3,3
2017,48,127,175,175,175,0.079149706,1,1
2017,48,129,,,,,,
2017,48,131,13,13,13,0.0089041096,3,3
2017,48,133,165,164,166,0.0580577058,1,1
2017,48,135,2158,2158,2158,0.0655508642,1,1
2017,48,137,,,,,,
2017,48,139,808,807,809,0.0199965353,1,1
2017,48,141,3177,3177,3177,0.0184150427,1,1
2017,48,143,45,44,46,0.0114068441,1,1
2017,48,145,30,30,30,0.0151591713,1,1
2017,48,147,176,175,177,0.031333452,1,1
2017,48,149,269,268,270,0.0754981757,1,1
2017,48,151,34,34,34,0.0607142857,1,1
2017,48,153,17,17,17,0.0223684211,3,3
2017,48,155,,,,,,
2017,48,157,7191,7191,7191,0.0368368748,1,1
2017,48,159,67,67,67,0.0412307692,1,1
2017,48,161,132,131,133,0.0355316285,1,1
2017,48,163,217,217,217,0.0663811563,1,1
2017,48,165,29,29,29,0.0084326839,3,3
2017,48,167,8864,8864,8864,0.1071009992,1,1
2017,48,169,26,26,26,0.0298507463,3,3
2017,48,171,25,25,25,0.0078027466,3,3
2017,48,173,,,,,,
2017,48,175,82,82,82,0.0611483967,1,1
2017,48,177,67,67,67,0.0157758418,1,1
2017,48,179,148,147,149,0.0407938258,1,1
2017,48,181,694,694,694,0.0306090945,1,1
2017,48,183,309,309,309,0.0128396909,1,1
2017,48,185,296,296,296,0.0671354049,1,1
2017,48,187,517,517,517,0.0195057536,1,1
2017,48,189,76,74,78,0.011368736,2,2
2017,48,191,32,32,32,0.0636182903,1,1
2017,48,193,84,84,84,0.0582524272,1,1
2017,48,195,56,56,56,0.0554455446,1,1
2017,48,197,28,27,29,0.0373333333,3,3
2017,48,199,2091,2091,2091,0.1920992191,1,1
2017,48,201,75094,75091,75097,0.0904543193,1,1
2017,48,203,374,374,374,0.0328127742,1,1
2017,48,205,,,,,,
2017,48,207,43,43,43,0.0520581114,1,1
2017,48,209,694,694,694,0.0187877311,1,1
2017,48,211,,,,,,
2017,48,213,76,74,78,0.0084916201,2,2
2017,48,215,2248,2247,2249,0.0095489725,1,1
2017,48,217,299,296,302,0.0484210526,1,1
2017,48,219,193,193,193,0.0430035651,1,1
2017,48,221,295,295,295,0.0372005044,1,1
2017,48,223,158,158,158,0.0240523672,1,1
2017,48,225,107,107,107,0.033979041,1,1
2017,48,227,33,32,34,0.0069737954,2,2
2017,48,229,,,,,,
2017,48,231,423,423,423,0.0279761905,1,1
2017,48,233,64,64,64,0.0150129017,1,1
2017,48,235,14,14,14,0.0505415162,3,3
2017,48,237,34,33,35,0.0206938527,2,2
2017,48,239,45,45,45,0.01276958,1,1
2017,48,241,440,440,440,0.0732600733,1,1
2017,48,243,,,,,,
2017,48,245,24372,24372,24372,0.5838303989,1,1
2017,48,247,,,,,,
2017,48,249,200,199,201,0.0266489007,1,1
2017,48,251,797,797,797,0.0224753955,1,1
2017,48,253,338,338,338,0.1260253542,1,1
2017,48,255,83,82,84,0.0319599538,1,1
2017,48,257,425,425,425,0.0146592163,1,1
2017,48,259,64,64,64,0.0065392868,1,1
2017,48,261,,,,,,
2017,48,263,,,,,,
2017,48,265,216,215,217,0.0313270486,1,1
2017,48,267,,,,,,
2017,48,269,,,,,,
2017,48,271,,,,,,
2017,48,273,59,59,59,0.0131023762,1,1
2017,48,275,20,19,21,0.0258397933,3,3
2017,48,277,169,168,170,0.0195783133,1,1
2017,48,279,74,74,74,0.0304151254,1,1
2017,48,281,114,114,114,0.0314049587,1,1
2017,48,283,31,31,31,0.0224637681,1,1
2017,48,285,85,84,86,0.0216010165,1,1
2017,48,287,109,108,110,0.0352408665,1,1
2017,48,289,84,84,84,0.028,1,1
2017,48,291,3704,3704,3704,0.21838335,1,1
2017,48,293,160,160,160,0.0401002506,1,1
2017,48,295,23,22,24,0.0297157623,3,3
2017,48,297,23,23,23,0.012935883,3,3
2017,48,299,19,19,19,0.0105967652,3,3
2017,48,301,,,,,,
2017,48,303,1288,1288,1288,0.0260002422,1,1
2017,48,305,24,24,24,0.0254506893,3,3
2017,48,307,53,52,54,0.0360544218,1,1
2017,48,309,1570,1569,1571,0.0295179364,1,1
2017,48,311,,,,,,
2017,48,313,33,33,33,0.01217263,1,1
2017,48,315,19,19,19,0.0149371069,3,3
2017,48,317,15,15,15,0.0148221344,3,3
2017,48,319,15,15,15,0.0206043956,3,3
2017,48,321,261,261,261,0.0373283753,1,1
2017,48,323,136,136,136,0.009326567,1,1
2017,48,325,243,243,243,0.0238165246,1,1
2017,48,327,,,,,,
2017,48,329,675,675,675,0.0237642586,1,1
2017,48,331,180,180,180,0.0451920663,1,1
2017,48,333,31,31,31,0.0341034103,1,1
2017,48,335,33,33,33,0.0286458333,1,1
2017,48,337,51,49,53,0.0160427807,2,2
2017,48,339,2550,2550,2550,0.0232534812,1,1
2017,48,341,178,178,178,0.0365278063,1,1
2017,48,343,75,75,75,0.0391236307,1,1
2017,48,345,,,,,,
2017,48,347,168,165,171,0.0167497507,1,1
2017,48,349,206,206,206,0.0216887766,1,1
2017,48,351,257,257,257,0.1604244694,1,1
2017,48,353,103,102,104,0.031819586,1,1
2017,48,355,2818,2818,2818,0.0458987556,1,1
2017,48,357,27,27,27,0.0121402878,3,3
2017,48,359,,,,,,
2017,48,361,5898,5898,5898,0.396264445,1,1
2017,48,363,233,231,235,0.0543757293,1,1
2017,48,365,19,19,19,0.0054316752,3,3
2017,48,367,230,230,230,0.0106152213,1,1
2017,48,369,88,88,88,0.0374787053,1,1
2017,48,371,,,,,,
2017,48,373,358,358,358,0.0530134755,1,1
2017,48,375,1989,1989,1989,0.0541991389,1,1
2017,48,377,,,,,,
2017,48,379,32,32,32,0.0187683284,1,1
2017,48,381,96,96,96,0.0095980804,1,1
2017,48,383,77,77,77,0.0896391153,1,1
2017,48,385,24,24,24,0.1030042918,3,3
2017,48,387,18,16,20,0.0085066163,3,3
2017,48,389,12,12,12,0.0042765502,3,3
2017,48,391,871,871,871,0.6751937984,1,1
2017,48,393,,,,,,
2017,48,395,15,13,17,0.0053821313,3,3
2017,48,397,90,90,90,0.0040845965,1,1
2017,48,399,74,74,74,0.0371299548,1,1
2017,48,401,112,110,114,0.0176294664,1,1
2017,48,403,49,49,49,0.0374617737,1,1
2017,48,405,22,22,22,0.0187713311,3,3
2017,48,407,118,118,118,0.0332488025,1,1
2017,48,409,2001,2001,2001,0.1393939394,1,1
2017,48,411,15,14,16,0.0176470588,3,3
2017,48,413,26,26,26,0.0468468468,3,3
2017,48,415,52,52,52,0.0175853906,1,1
2017,48,417,49,49,49,0.0769230769,1,1
2017,48,419,120,119,121,0.0247831475,1,1
2017,48,421,,,,,,
2017,48,423,669,667,671,0.0186330214,1,1
2017,48,425,43,43,43,0.0238095238,1,1
2017,48,427,29,28,30,0.0027107871,3,3
2017,48,429,61,61,61,0.0406395736,1,1
2017,48,431,,,,,,
2017,48,433,,,,,,
2017,48,435,,,,,,
2017,48,437,29,29,29,0.0212922173,3,3
2017,48,439,8521,8520,8522,0.0239398315,1,1
2017,48,441,1630,1629,1631,0.0684672575,1,1
2017,48,443,,,,,,
2017,48,445,163,162,164,0.0692732682,1,1
2017,48,447,,,,,,
2017,48,449,98,96,100,0.0137989299,1,1
2017,48,451,333,333,333,0.0156979211,1,1
2017,48,453,5147,5144,5150,0.0318165802,1,1
2017,48,455,33,33,33,0.0164424514,1,1
2017,48,457,167,167,167,0.0475647964,1,1
2017,48,459,212,212,212,0.0358714044,1,1
2017,48,461,15,15,15,0.0485436893,3,3
2017,48,463,99,98,100,0.0183129856,1,1
2017,48,465,217,217,217,0.0205123358,1,1
2017,48,467,179,177,181,0.0185146876,1,1
2017,48,469,2488,2488,2488,0.1627633128,1,1
2017,48,471,501,501,501,0.0536230333,1,1
2017,48,473,847,847,847,0.0758145363,1,1
2017,48,475,30,30,30,0.0128865979,1,1
2017,48,477,92,91,93,0.0167913853,1,1
2017,48,479,562,562,562,0.0083411253,1,1
2017,48,481,1292,1291,1293,0.1543792568,1,1
2017,48,483,25,25,25,0.0280583614,3,3
2017,48,485,591,591,591,0.0286115414,1,1
2017,48,487,24,23,25,0.0108401084,3,3
2017,48,489,111,111,111,0.0257480863,1,1
2017,48,491,1891,1890,1892,0.0155943329,1,1
2017,48,493,137,137,137,0.0151180755,1,1
2017,48,495,113,112,114,0.0610151188,1,1
2017,48,497,264,264,264,0.0285374554,1,1
2017,48,499,236,236,236,0.0379238309,1,1
2017,48,501,,,,,,
2017,48,503,53,53,53,0.0160072486,1,1
2017,48,505,160,160,160,0.0454416359,1,1
2017,48,507,243,242,244,0.0995901639,1,1
2017,49,001,,,,,,
2017,49,003,130,130,130,0.0109069553,1,1
2017,49,005,306,306,306,0.0125025536,1,1
2017,49,007,58,58,58,0.0165383519,1,1
2017,49,009,,,,,,
2017,49,011,1293,1292,1294,0.0170722368,1,1
2017,49,013,82,82,82,0.0156578194,1,1
2017,49,015,61,61,61,0.0266143106,1,1
2017,49,017,24,24,24,0.0246659815,3,3
2017,49,019,,,,,,
2017,49,021,352,352,352,0.032949546,1,1
2017,49,023,,,,,,
2017,49,025,20,20,20,0.0150829563,3,3
2017,49,027,151,151,151,0.0499503804,1,1
2017,49,029,,,,,,
2017,49,031,,,,,,
2017,49,033,,,,,,
2017,49,035,5872,5868,5876,0.0300528689,1,1
2017,49,037,891,891,891,0.2764505119,1,1
2017,49,039,57,57,57,0.0094355239,1,1
2017,49,041,65,65,65,0.0135614438,1,1
2017,49,043,17,17,17,0.0025483436,3,3
2017,49,045,703,703,703,0.0429260548,1,1
2017,49,047,97,97,97,0.0135041069,1,1
2017,49,049,1424,1423,1425,0.010697919,1,1
2017,49,051,331,331,331,0.0470437749,1,1
2017,49,053,781,780,782,0.0230635207,1,1
2017,49,055,,,,,,
2017,49,057,1104,1102,1106,0.0237245885,1,1
2017,50,001,,,,,,
2017,50,003,,,,,,
2017,50,005,,,,,,
2017,50,007,,,,,,
2017,50,009,,,,,,
2017,50,011,,,,,,
2017,50,013,,,,,,
2017,50,015,,,,,,
2017,50,017,,,,,,
2017,50,019,,,,,,
2017,50,021,,,,,,
2017,50,023,,,,,,
2017,50,025,,,,,,
2017,50,027,,,,,,
2017,51,001,284,284,284,0.0546784752,1,1
2017,51,003,,,,,,
2017,51,005,27,27,27,0.0123287671,3,3
2017,51,007,,,,,,
2017,51,009,68,68,68,0.016798419,1,1
2017,51,011,23,23,23,0.0101321586,3,3
2017,51,013,212,212,212,0.0078591288,1,1
2017,51,015,86,86,86,0.0082995561,1,1
2017,51,017,,,,,,
2017,51,019,66,66,66,0.0067908221,1,1
2017,51,021,13,13,13,0.0178082192,3,3
2017,51,023,25,25,25,0.0053786575,3,3
2017,51,025,,,,,,
2017,51,027,,,,,,
2017,51,029,19,19,19,0.0090952609,3,3
2017,51,031,92,92,92,0.0116529449,1,1
2017,51,033,94,94,94,0.0221176471,1,1
2017,51,035,58,58,58,0.0152350932,1,1
2017,51,036,23,23,23,0.0353846154,3,3
2017,51,037,,,,,,
2017,51,041,885,885,885,0.0145284413,1,1
2017,51,043,,,,,,
2017,51,045,,,,,,
2017,51,047,113,113,113,0.0137670565,1,1
2017,51,049,,,,,,
2017,51,051,,,,,,
2017,51,053,13,13,13,0.002998155,3,3
2017,51,057,11,11,11,0.0078403421,3,3
2017,51,059,2930,2930,2930,0.0155391502,1,1
2017,51,061,273,273,273,0.0245062837,1,1
2017,51,063,20,20,20,0.0098473658,3,3
2017,51,065,55,55,55,0.015324603,1,1
2017,51,067,,,,,,
2017,51,069,,,,,,
2017,51,071,26,26,26,0.0104669887,3,3
2017,51,073,13,13,13,0.0023901452,3,3
2017,51,075,17,17,17,0.0064761905,3,3
2017,51,077,13,13,13,0.0082070707,3,3
2017,51,079,48,48,48,0.0154241645,1,1
2017,51,081,,,,,,
2017,51,083,27,27,27,0.0052930798,3,3
2017,51,085,64,64,64,0.0035555556,1,1
2017,51,087,981,981,981,0.0190024213,1,1
2017,51,089,33,33,33,0.0044123546,1,1
2017,51,091,,,,,,
2017,51,093,64,64,64,0.0116916332,1,1
2017,51,095,,,,,,
2017,51,097,,,,,,
2017,51,099,53,53,53,0.0116997792,1,1
2017,51,101,23,22,24,0.0076513639,3,3
2017,51,103,25,25,25,0.0216637782,3,3
2017,51,105,,,,,,
2017,51,107,2112,2112,2112,0.0262015235,1,1
2017,51,109,69,69,69,0.0140816327,1,1
2017,51,111,32,32,32,0.0209424084,1,1
2017,51,113,21,21,21,0.012295082,3,3
2017,51,115,,,,,,
2017,51,117,18,18,18,0.0041493776,3,3
2017,51,119,18,18,18,0.0140186916,3,3
2017,51,121,201,201,201,0.0203729982,1,1
2017,51,125,45,45,45,0.0239107333,1,1
2017,51,127,30,30,30,0.0092478422,1,1
2017,51,131,113,113,113,0.0683192261,1,1
2017,51,133,,,,,,
2017,51,135,46,46,46,0.0223626641,1,1
2017,51,137,130,130,130,0.025671406,1,1
2017,51,139,87,87,87,0.0258851532,1,1
2017,51,141,49,49,49,0.0179487179,1,1
2017,51,143,24,24,24,0.0026672594,3,3
2017,51,145,17,17,17,0.0039636279,3,3
2017,51,147,,,,,,
2017,51,149,30,30,30,0.0047408344,1,1
2017,51,153,516,516,516,0.005697754,1,1
2017,51,155,99,99,99,0.0236107799,1,1
2017,51,157,,,,,,
2017,51,159,24,24,24,0.0181543116,3,3
2017,51,161,75,75,75,0.0052984811,1,1
2017,51,163,14,14,14,0.0049469965,3,3
2017,51,165,,,,,,
2017,51,167,10,10,10,0.0026136958,3,3
2017,51,169,14,14,14,0.0039492243,3,3
2017,51,171,84,84,84,0.0138613861,1,1
2017,51,173,14,14,14,0.0031595577,3,3
2017,51,175,16,16,16,0.0057142857,3,3
2017,51,177,560,560,560,0.023535345,1,1
2017,51,179,333,333,333,0.0115081559,1,1
2017,51,181,,,,,,
2017,51,183,,,,,,
2017,51,185,67,67,67,0.0115716753,1,1
2017,51,187,44,44,44,0.0081632653,1,1
2017,51,191,92,92,92,0.0127194802,1,1
2017,51,193,43,43,43,0.0191196087,1,1
2017,51,195,216,216,216,0.0370688176,1,1
2017,51,197,24,24,24,0.0057831325,3,3
2017,51,199,184,184,184,0.0146310433,1,1
2017,51,510,190,190,190,0.0120942075,1,1
2017,51,520,106,106,106,0.0468404772,1,1
2017,51,530,,,,,,
2017,51,540,331,331,331,0.0179364907,1,1
2017,51,550,292,292,292,0.0071839787,1,1
2017,51,570,48,48,48,0.0169431698,1,1
2017,51,580,,,,,,
2017,51,590,88,88,88,0.0150995196,1,1
2017,51,595,17,17,17,0.0071368598,3,3
2017,51,600,,,,,,
2017,51,610,10,10,10,0.0037355248,3,3
2017,51,620,46,46,46,0.0411081323,1,1
2017,51,630,201,201,201,0.0555709151,1,1
2017,51,640,18,18,18,0.0138248848,3,3
2017,51,650,386,386,386,0.0193901643,1,1
2017,51,660,176,176,176,0.0097205346,1,1
2017,51,670,78,78,78,0.0179599355,1,1
2017,51,678,,,,,,
2017,51,680,169,169,169,0.0201670644,1,1
2017,51,683,127,127,127,0.0162404092,1,1
2017,51,685,73,73,73,0.0196078431,1,1
2017,51,690,45,45,45,0.0223214286,1,1
2017,51,700,610,610,610,0.0212684355,1,1
2017,51,710,636,636,636,0.0206654536,1,1
2017,51,720,24,24,24,0.030075188,3,3
2017,51,730,384,384,384,0.0915812068,1,1
2017,51,735,23,23,23,0.0109263658,3,3
2017,51,740,263,263,263,0.0183415859,1,1
2017,51,750,55,55,55,0.0340979541,1,1
2017,51,760,1420,1420,1420,0.0567659404,1,1
2017,51,770,568,568,568,0.0411952422,1,1
2017,51,775,33,33,33,0.0083480901,1,1
2017,51,790,71,71,71,0.0262865605,1,1
2017,51,800,155,155,155,0.0107946236,1,1
2017,51,810,794,794,794,0.0115095817,1,1
2017,51,820,88,88,88,0.0285158782,1,1
2017,51,830,440,440,440,0.0377132082,1,1
2017,51,840,523,523,523,0.0292015634,1,1
2017,53,001,107,106,108,0.0238573021,1,1
2017,53,003,195,195,195,0.0583832335,1,1
2017,53,005,1176,1176,1176,0.0313934864,1,1
2017,53,007,633,633,633,0.0557561878,1,1
2017,53,009,603,601,605,0.0592687242,1,1
2017,53,011,2606,2605,2607,0.0325965952,1,1
2017,53,013,,,,,,
2017,53,015,981,981,981,0.0562209869,1,1
2017,53,017,235,234,236,0.0292579681,1,1
2017,53,019,19,18,20,0.0607028754,3,3
2017,53,021,547,547,547,0.026741628,1,1
2017,53,023,,,,,,
2017,53,025,1264,1263,1265,0.0624413377,1,1
2017,53,027,683,682,684,0.0682045137,1,1
2017,53,029,440,440,440,0.0529865125,1,1
2017,53,031,90,90,90,0.034992224,1,1
2017,53,033,3957,3957,3957,0.0226896105,1,1
2017,53,035,928,928,928,0.0305454067,1,1
2017,53,037,143,143,143,0.0279460621,1,1
2017,53,039,151,151,151,0.0574362876,1,1
2017,53,041,741,740,742,0.0607775591,1,1
2017,53,043,42,42,42,0.0253929867,1,1
2017,53,045,798,798,798,0.0896125772,1,1
2017,53,047,394,394,394,0.0405099733,1,1
2017,53,049,382,382,382,0.1254515599,1,1
2017,53,051,181,181,181,0.109963548,1,1
2017,53,053,4528,4528,4528,0.0383225424,1,1
2017,53,055,66,66,66,0.0366666667,1,1
2017,53,057,765,765,765,0.0394126739,1,1
2017,53,059,52,51,53,0.052,1,1
2017,53,061,3581,3580,3582,0.0317639128,1,1
2017,53,063,3122,3120,3124,0.0411141108,1,1
2017,53,065,197,195,199,0.0711191336,1,1
2017,53,067,1962,1962,1962,0.0467198476,1,1
2017,53,069,63,63,63,0.130977131,1,1
2017,53,071,63,63,63,0.0382513661,1,1
2017,53,073,961,961,961,0.0349061058,1,1
2017,53,075,124,123,125,0.0307006685,1,1
2017,53,077,2320,2319,2321,0.04719668,1,1
2017,54,001,17,17,17,0.0073370738,3,3
2017,54,003,497,497,497,0.0257246377,1,1
2017,54,005,44,44,44,0.0109725686,1,1
2017,54,007,41,41,41,0.0202769535,1,1
2017,54,009,42,42,42,0.0142857143,1,1
2017,54,011,141,141,141,0.0110104638,1,1
2017,54,013,101,101,101,0.0981535471,1,1
2017,54,015,686,686,686,0.3537906137,1,1
2017,54,017,44,44,44,0.0393559928,1,1
2017,54,019,133,133,133,0.0205532375,1,1
2017,54,021,39,39,39,0.0488721805,1,1
2017,54,023,85,85,85,0.0506253722,1,1
2017,54,025,200,200,200,0.0404367165,1,1
2017,54,027,228,228,228,0.0715181932,1,1
2017,54,029,45,45,45,0.010940919,1,1
2017,54,031,63,63,63,0.0264705882,1,1
2017,54,033,356,356,356,0.0329996292,1,1
2017,54,035,23,23,23,0.0049398625,3,3
2017,54,037,1387,1387,1387,0.1510893246,1,1
2017,54,039,691,691,691,0.0263017661,1,1
2017,54,041,56,56,56,0.021646695,1,1
2017,54,043,399,399,399,0.1147540984,1,1
2017,54,045,266,266,266,0.0452997275,1,1
2017,54,047,90,90,90,0.0290697674,1,1
2017,54,049,52,52,52,0.0064348472,1,1
2017,54,051,99,99,99,0.0210727969,1,1
2017,54,053,59,59,59,0.0141452889,1,1
2017,54,055,567,567,567,0.0626450116,1,1
2017,54,057,134,134,134,0.0322891566,1,1
2017,54,059,267,267,267,0.061891516,1,1
2017,54,061,135,135,135,0.0114815445,1,1
2017,54,063,104,104,104,0.0576496674,1,1
2017,54,065,98,98,98,0.0414902625,1,1
2017,54,067,233,233,233,0.0617873243,1,1
2017,54,069,45,45,45,0.0085259568,1,1
2017,54,071,17,17,17,0.0181818182,3,3
2017,54,073,25,25,25,0.0217580505,3,3
2017,54,075,33,33,33,0.0320699708,1,1
2017,54,077,88,88,88,0.0194647202,1,1
2017,54,079,49,49,49,0.0050756163,1,1
2017,54,081,239,239,239,0.0198044415,1,1
2017,54,083,105,105,105,0.025990099,1,1
2017,54,085,95,95,95,0.0651130912,1,1
2017,54,087,223,223,223,0.0994204191,1,1
2017,54,089,28,28,28,0.0181936322,3,3
2017,54,091,134,134,134,0.0549405494,1,1
2017,54,093,123,123,123,0.1216617211,1,1
2017,54,095,20,20,20,0.0154798762,3,3
2017,54,097,354,354,354,0.09375,1,1
2017,54,099,119,119,119,0.016951567,1,1
2017,54,101,38,38,38,0.027818448,1,1
2017,54,103,41,41,41,0.0159719517,1,1
2017,54,105,118,118,118,0.1140096618,1,1
2017,54,107,345,345,345,0.0272167876,1,1
2017,54,109,56,56,56,0.0139825218,1,1
2017,55,001,40,40,40,0.0260756193,1,1
2017,55,003,31,31,31,0.0146919431,1,1
2017,55,005,159,157,161,0.0202418842,1,1
2017,55,007,14,14,14,0.019525802,3,3
2017,55,009,1220,1220,1220,0.0281177257,1,1
2017,55,011,19,19,19,0.0168589175,3,3
2017,55,013,57,57,57,0.0219907407,1,1
2017,55,015,26,26,26,0.0096654275,3,3
2017,55,017,67,65,69,0.0074304092,2,2
2017,55,019,28,26,30,0.0105184072,3,3
2017,55,021,78,78,78,0.0102997491,1,1
2017,55,023,33,32,34,0.0152003685,2,2
2017,55,025,1853,1852,1854,0.0245410961,1,1
2017,55,027,176,176,176,0.0168614677,1,1
2017,55,029,17,16,18,0.0077981651,3,3
2017,55,031,149,149,149,0.0236771015,1,1
2017,55,033,79,78,80,0.0128538887,1,1
2017,55,035,335,335,335,0.0231673582,1,1
2017,55,037,,,,,,
2017,55,039,189,187,191,0.0143170972,1,1
2017,55,041,61,61,61,0.039507772,1,1
2017,55,043,68,67,69,0.0155642023,1,1
2017,55,045,38,38,38,0.0112193682,1,1
2017,55,047,61,61,61,0.0219899063,1,1
2017,55,049,49,49,49,0.0154379332,1,1
2017,55,051,,,,,,
2017,55,053,55,54,56,0.0190641248,1,1
2017,55,055,240,240,240,0.0182801432,1,1
2017,55,057,88,88,88,0.0275862069,1,1
2017,55,059,646,646,646,0.0241685061,1,1
2017,55,061,21,21,21,0.005826859,3,3
2017,55,063,211,211,211,0.013551702,1,1
2017,55,065,42,39,45,0.017107943,3,3
2017,55,067,29,29,29,0.0117504052,3,3
2017,55,069,135,135,135,0.029709507,1,1
2017,55,071,97,96,98,0.009283185,1,1
2017,55,073,334,331,337,0.018110834,1,1
2017,55,075,128,127,129,0.0264517462,1,1
2017,55,077,,,,,,
2017,55,078,141,141,141,0.1589627959,1,1
2017,55,079,5173,5170,5176,0.0421089476,1,1
2017,55,081,126,126,126,0.0190938021,1,1
2017,55,083,59,58,60,0.0145499383,1,1
2017,55,085,25,25,25,0.010517459,3,3
2017,55,087,516,516,516,0.0145286631,1,1
2017,55,089,29,27,31,0.0022979398,3,3
2017,55,091,16,16,16,0.0137221269,3,3
2017,55,093,87,86,88,0.011627907,1,1
2017,55,095,203,202,204,0.0285674078,1,1
2017,55,097,153,153,153,0.0204217832,1,1
2017,55,099,,,,,,
2017,55,101,1161,1160,1162,0.0500927644,1,1
2017,55,103,54,54,54,0.03,1,1
2017,55,105,1169,1168,1170,0.0454563129,1,1
2017,55,107,49,49,49,0.0272980501,1,1
2017,55,109,160,160,160,0.0109125631,1,1
2017,55,111,235,235,235,0.0260532151,1,1
2017,55,113,46,46,46,0.0178156468,1,1
2017,55,115,80,79,81,0.0310800311,1,1
2017,55,117,299,298,300,0.0183807709,1,1
2017,55,119,18,18,18,0.006221915,3,3
2017,55,121,48,48,48,0.0097126669,1,1
2017,55,123,99,99,99,0.0255880072,1,1
2017,55,125,92,91,93,0.0470588235,1,1
2017,55,127,276,276,276,0.0191719922,1,1
2017,55,129,60,60,60,0.0239520958,1,1
2017,55,131,147,147,147,0.0092621763,1,1
2017,55,133,491,491,491,0.0084741375,1,1
2017,55,135,205,205,205,0.0265131919,1,1
2017,55,137,27,27,27,0.0104813665,3,3
2017,55,139,425,424,426,0.0184525877,1,1
2017,55,141,313,313,313,0.0293345829,1,1
2017,56,001,65,65,65,0.0159079785,1,1
2017,56,003,52,52,52,0.0356164384,1,1
2017,56,005,369,369,369,0.0423748277,1,1
2017,56,007,66,65,67,0.0279069767,1,1
2017,56,009,67,67,67,0.0294117647,1,1
2017,56,011,,,,,,
2017,56,013,219,217,221,0.03447733,1,1
2017,56,015,19,19,19,0.0112028302,3,3
2017,56,017,,,,,,
2017,56,019,,,,,,
2017,56,021,336,336,336,0.0220068116,1,1
2017,56,023,20,20,20,0.0057208238,3,3
2017,56,025,134,134,134,0.0100926414,1,1
2017,56,027,,,,,,
2017,56,029,81,81,81,0.0207958922,1,1
2017,56,031,,,,,,
2017,56,033,31,31,31,0.0087348549,1,1
2017,56,035,,,,,,
2017,56,037,111,111,111,0.0136279926,1,1
2017,56,039,73,73,73,0.0255066387,1,1
2017,56,041,17,16,18,0.0039896738,3,3
2017,56,043,35,35,35,0.0274725275,1,1
2017,56,045,48,48,48,0.0476190476,1,1
2018,01,001,58,58,58,0.0063778315,1,1
2018,01,003,229,229,229,0.0070970341,1,1
2018,01,005,32,32,32,0.0058964437,1,1
2018,01,007,29,29,29,0.0089616811,3,3
2018,01,009,127,127,127,0.0165991374,1,1
2018,01,011,,,,,,
2018,01,013,86,86,86,0.0285240464,1,1
2018,01,015,281,281,281,0.016195032,1,1
2018,01,017,,,,,,
2018,01,019,262,262,262,0.0665988815,1,1
2018,01,021,,,,,,
2018,01,023,15,15,15,0.0115384615,3,3
2018,01,025,16,16,16,0.0044223328,3,3
2018,01,027,25,25,25,0.0133832976,3,3
2018,01,029,27,27,27,0.0107484076,3,3
2018,01,031,340,340,340,0.0349327032,1,1
2018,01,033,92,91,93,0.0114570361,1,1
2018,01,035,,,,,,
2018,01,037,,,,,,
2018,01,039,,,,,,
2018,01,041,15,15,15,0.0066725979,3,3
2018,01,043,35,35,35,0.002762649,1,1
2018,01,045,32,32,32,0.0050054747,1,1
2018,01,047,209,209,209,0.0344146221,1,1
2018,01,049,418,417,419,0.034591195,1,1
2018,01,051,31,31,31,0.0027114493,1,1
2018,01,053,22,21,23,0.0040991243,3,3
2018,01,055,206,206,206,0.013547284,1,1
2018,01,057,12,12,12,0.0052128584,3,3
2018,01,059,,,,,,
2018,01,061,,,,,,
2018,01,063,,,,,,
2018,01,065,,,,,,
2018,01,067,14,14,14,0.0056772101,3,3
2018,01,069,233,233,233,0.0151446214,1,1
2018,01,071,60,60,60,0.007663814,1,1
2018,01,073,1291,1291,1291,0.0130743445,1,1
2018,01,075,,,,,,
2018,01,077,161,161,161,0.0128501876,1,1
2018,01,079,153,153,153,0.0328185328,1,1
2018,01,081,116,116,116,0.0050953176,1,1
2018,01,083,183,183,183,0.0122851772,1,1
2018,01,085,181,181,181,0.1362951807,1,1
2018,01,087,37,37,37,0.0197649573,1,1
2018,01,089,495,495,495,0.0091032809,1,1
2018,01,091,,,,,,
2018,01,093,46,46,46,0.0100261552,1,1
2018,01,095,499,499,499,0.0273904929,1,1
2018,01,097,7956,7955,7957,0.1331147102,1,1
2018,01,099,,,,,,
2018,01,101,440,439,441,0.0143075472,1,1
2018,01,103,92,91,93,0.0046601155,1,1
2018,01,105,181,181,181,0.1404189294,1,1
2018,01,107,,,,,,
2018,01,109,108,108,108,0.0266403552,1,1
2018,01,111,33,33,33,0.0152777778,1,1
2018,01,113,52,52,52,0.0049089021,1,1
2018,01,115,63,63,63,0.0046618322,1,1
2018,01,117,302,302,302,0.0100465735,1,1
2018,01,119,,,,,,
2018,01,121,60,58,62,0.0051898625,2,2
2018,01,123,22,22,22,0.0037080735,3,3
2018,01,125,423,423,423,0.0144630218,1,1
2018,01,127,95,95,95,0.0092655808,1,1
2018,01,129,28,28,28,0.01052236,3,3
2018,01,131,96,96,96,0.060952381,1,1
2018,01,133,,,,,,
2018,02,013,,,,,,
2018,02,016,,,,,,
2018,02,020,1928,1928,1928,0.0413476592,1,1
2018,02,050,38,38,38,0.0089432808,1,1
2018,02,060,,,,,,
2018,02,068,,,,,,
2018,02,070,12,12,12,0.0256959315,3,3
2018,02,090,390,390,390,0.0293785311,1,1
2018,02,100,,,,,,
2018,02,105,28,28,28,0.2372881356,3,3
2018,02,110,126,126,126,0.0265542677,1,1
2018,02,122,223,223,223,0.025192047,1,1
2018,02,130,,,,,,
2018,02,150,20,20,20,0.0084388186,3,3
2018,02,158,25,25,25,0.0124626122,3,3
2018,02,164,,,,,,
2018,02,170,577,577,577,0.0306458466,1,1
2018,02,180,58,58,58,0.0216984661,1,1
2018,02,185,36,36,36,0.0164009112,1,1
2018,02,188,,,,,,
2018,02,195,,,,,,
2018,02,198,17,16,18,0.0433673469,3,3
2018,02,220,54,54,54,0.0443349754,1,1
2018,02,230,,,,,,
2018,02,240,,,,,,
2018,02,261,25,25,25,0.0168804862,3,3
2018,02,275,,,,,,
2018,02,282,,,,,,
2018,02,290,55,55,55,0.0087039088,1,1
2018,04,001,179,178,180,0.0850356295,1,1
2018,04,003,330,326,334,0.0202255455,1,1
2018,04,005,552,550,554,0.0352783281,1,1
2018,04,007,816,816,816,0.159406134,1,1
2018,04,009,28,28,28,0.0070404828,3,3
2018,04,011,,,,,,
2018,04,012,35,35,35,0.0170150705,1,1
2018,04,013,13140,13114,13166,0.0193182453,1,1
2018,04,015,403,402,404,0.0298828415,1,1
2018,04,017,723,722,724,0.0420422167,1,1
2018,04,019,3586,3579,3593,0.0278146209,1,1
2018,04,021,608,603,613,0.0136384029,1,1
2018,04,023,314,312,316,0.049612893,1,1
2018,04,025,1044,1041,1047,0.0501103965,1,1
2018,04,027,427,426,428,0.0125832498,1,1
2018,05,001,81,81,81,0.0283514176,1,1
2018,05,003,54,54,54,0.0290166577,1,1
2018,05,005,165,165,165,0.0323402587,1,1
2018,05,007,1005,1005,1005,0.0218274222,1,1
2018,05,009,347,347,347,0.0571663921,1,1
2018,05,011,20,20,20,0.0097943193,3,3
2018,05,013,73,73,73,0.1231028668,1,1
2018,05,015,354,354,354,0.090283091,1,1
2018,05,017,,,,,,
2018,05,019,14,14,14,0.007751938,3,3
2018,05,021,32,30,34,0.0132395532,3,3
2018,05,023,168,168,168,0.0517082179,1,1
2018,05,025,27,26,28,0.0180843938,3,3
2018,05,027,63,63,63,0.0163891779,1,1
2018,05,029,213,213,213,0.063868066,1,1
2018,05,031,398,398,398,0.0199548759,1,1
2018,05,033,320,320,320,0.0292906178,1,1
2018,05,035,184,184,184,0.018640462,1,1
2018,05,037,108,108,108,0.0334883721,1,1
2018,05,039,15,15,15,0.0190597205,3,3
2018,05,041,18,18,18,0.0072376357,3,3
2018,05,043,32,32,32,0.0104677789,1,1
2018,05,045,595,595,595,0.0313471366,1,1
2018,05,047,51,51,51,0.018404908,1,1
2018,05,049,54,53,55,0.0309455587,1,1
2018,05,051,519,519,519,0.0339348764,1,1
2018,05,053,63,63,63,0.0131661442,1,1
2018,05,055,322,322,322,0.0405133367,1,1
2018,05,057,140,139,141,0.0416666667,1,1
2018,05,059,136,136,136,0.0252835099,1,1
2018,05,061,54,53,55,0.0186851211,1,1
2018,05,063,267,267,267,0.0391725352,1,1
2018,05,065,30,30,30,0.0170842825,1,1
2018,05,067,126,126,126,0.0575079872,1,1
2018,05,069,180,180,180,0.0249895877,1,1
2018,05,071,189,189,189,0.0410601781,1,1
2018,05,073,12,12,12,0.0212389381,3,3
2018,05,075,153,152,154,0.0494186047,1,1
2018,05,077,,,,,,
2018,05,079,30,30,30,0.0194426442,1,1
2018,05,081,34,34,34,0.0243727599,1,1
2018,05,083,402,402,402,0.1037151703,1,1
2018,05,085,173,173,173,0.0125416848,1,1
2018,05,087,90,90,90,0.039352864,1,1
2018,05,089,227,227,227,0.1285390713,1,1
2018,05,091,73,73,73,0.0110706703,1,1
2018,05,093,512,512,512,0.071120989,1,1
2018,05,095,82,82,82,0.0829120324,1,1
2018,05,097,58,58,58,0.0556621881,1,1
2018,05,099,27,27,27,0.0675,3,3
2018,05,101,166,166,166,0.1830209482,1,1
2018,05,103,44,44,44,0.0149456522,1,1
2018,05,105,25,25,25,0.0157133878,3,3
2018,05,107,56,56,56,0.0170006072,1,1
2018,05,109,118,118,118,0.0568948891,1,1
2018,05,111,299,299,299,0.0745078495,1,1
2018,05,113,51,51,51,0.0145133751,1,1
2018,05,115,452,452,452,0.0446243459,1,1
2018,05,117,51,51,51,0.0428571429,1,1
2018,05,119,1565,1561,1569,0.0264823338,1,1
2018,05,121,86,86,86,0.0325881016,1,1
2018,05,123,39,39,39,0.0115692673,1,1
2018,05,125,121,121,121,0.006763177,1,1
2018,05,127,86,86,86,0.0359832636,1,1
2018,05,129,69,69,69,0.0468113976,1,1
2018,05,131,405,404,406,0.0197947214,1,1
2018,05,133,62,61,63,0.0189312977,1,1
2018,05,135,81,81,81,0.027911785,1,1
2018,05,137,,,,,,
2018,05,139,207,207,207,0.0288020036,1,1
2018,05,141,214,214,214,0.1126908899,1,1
2018,05,143,903,902,904,0.0211292323,1,1
2018,05,145,327,327,327,0.0256109023,1,1
2018,05,147,97,97,97,0.0926456543,1,1
2018,05,149,116,116,116,0.0266360505,1,1
2018,06,001,4005,3994,4016,0.0184603897,1,1
2018,06,003,12,12,12,0.1518987342,3,3
2018,06,005,179,179,179,0.0430806258,1,1
2018,06,007,5953,5952,5954,0.1884039624,1,1
2018,06,009,236,235,237,0.0442527658,1,1
2018,06,011,267,266,268,0.0554171856,1,1
2018,06,013,3181,3180,3182,0.0183944071,1,1
2018,06,015,210,210,210,0.0492264416,1,1
2018,06,017,808,807,809,0.0284787819,1,1
2018,06,019,4451,4446,4456,0.0218019554,1,1
2018,06,021,286,286,286,0.0578830196,1,1
2018,06,023,1327,1322,1332,0.0781645756,1,1
2018,06,025,1641,1641,1641,0.0441485069,1,1
2018,06,027,,,,,,
2018,06,029,5448,5442,5454,0.0301332434,1,1
2018,06,031,855,852,858,0.0301268499,1,1
2018,06,033,780,780,780,0.0815217391,1,1
2018,06,035,112,109,115,0.0323045861,2,2
2018,06,037,67947,67887,68007,0.0477554308,1,1
2018,06,039,1235,1235,1235,0.0398155909,1,1
2018,06,041,1265,1264,1266,0.0413061224,1,1
2018,06,043,111,110,112,0.0589484865,1,1
2018,06,045,1035,1031,1039,0.0804133323,1,1
2018,06,047,1596,1595,1597,0.0276445014,1,1
2018,06,049,,,,,,
2018,06,051,74,74,74,0.0490390987,1,1
2018,06,053,9244,9240,9248,0.1237980447,1,1
2018,06,055,429,429,429,0.021562123,1,1
2018,06,057,658,656,660,0.0436977022,1,1
2018,06,059,29803,29801,29805,0.0631126659,1,1
2018,06,061,1441,1440,1442,0.0216288425,1,1
2018,06,063,124,124,124,0.0562103354,1,1
2018,06,065,20009,20002,20016,0.0472723149,1,1
2018,06,067,10931,10926,10936,0.0457718318,1,1
2018,06,069,322,321,323,0.028245614,1,1
2018,06,071,31807,31804,31810,0.0798482715,1,1
2018,06,073,21465,21447,21483,0.0444012808,1,1
2018,06,075,3501,3501,3501,0.0599301585,1,1
2018,06,077,5236,5228,5244,0.0360862044,1,1
2018,06,079,2963,2963,2963,0.0863747668,1,1
2018,06,081,2342,2333,2351,0.0259869954,1,1
2018,06,083,8414,8412,8416,0.1259335758,1,1
2018,06,085,4439,4434,4444,0.0175351968,1,1
2018,06,087,3783,3782,3784,0.0945135662,1,1
2018,06,089,1126,1121,1131,0.0436298822,1,1
2018,06,091,11,11,11,0.027027027,3,3
2018,06,093,356,354,358,0.0627865961,1,1
2018,06,095,1552,1552,1552,0.0243764528,1,1
2018,06,097,792,784,800,0.012244898,1,1
2018,06,099,1858,1853,1863,0.0171010971,1,1
2018,06,101,448,446,450,0.0200196622,1,1
2018,06,103,764,763,765,0.0719804032,1,1
2018,06,105,155,155,155,0.105298913,1,1
2018,06,107,2653,2652,2654,0.0268052903,1,1
2018,06,109,327,327,327,0.0609165425,1,1
2018,06,111,6513,6510,6516,0.0444473259,1,1
2018,06,113,885,884,886,0.0303967027,1,1
2018,06,115,413,412,414,0.0285556247,1,1
2018,08,001,3758,3758,3758,0.0439717308,1,1
2018,08,003,115,115,115,0.0435111616,1,1
2018,08,005,2897,2896,2898,0.0244790698,1,1
2018,08,007,21,21,21,0.0123094959,3,3
2018,08,009,,,,,,
2018,08,011,11,11,11,0.0047639671,3,3
2018,08,013,939,939,939,0.0147160231,1,1
2018,08,014,,,,,,
2018,08,015,43,43,43,0.0182667799,1,1
2018,08,017,,,,,,
2018,08,019,34,34,34,0.0447368421,1,1
2018,08,021,12,10,14,0.0077469335,3,3
2018,08,023,33,33,33,0.0647058824,1,1
2018,08,025,,,,,,
2018,08,027,,,,,,
2018,08,029,169,169,169,0.0338135254,1,1
2018,08,031,1988,1988,1988,0.0180224283,1,1
2018,08,033,,,,,,
2018,08,035,683,683,683,0.0101048956,1,1
2018,08,037,57,57,57,0.0082921152,1,1
2018,08,039,38,38,38,0.0125371165,1,1
2018,08,041,2076,2075,2077,0.0168596813,1,1
2018,08,043,122,122,122,0.0240963855,1,1
2018,08,045,269,269,269,0.0226946765,1,1
2018,08,047,,,,,,
2018,08,049,71,71,71,0.0402038505,1,1
2018,08,051,12,12,12,0.0057831325,3,3
2018,08,053,,,,,,
2018,08,055,12,12,12,0.0162381597,3,3
2018,08,057,,,,,,
2018,08,059,2753,2753,2753,0.0325236869,1,1
2018,08,061,,,,,,
2018,08,063,17,15,19,0.0128495843,3,3
2018,08,065,,,,,,
2018,08,067,146,146,146,0.0194148936,1,1
2018,08,069,2157,2157,2157,0.0451510267,1,1
2018,08,071,15,15,15,0.0133570793,3,3
2018,08,073,35,35,35,0.0746268657,1,1
2018,08,075,35,34,36,0.0141643059,2,2
2018,08,077,619,617,621,0.0272591157,1,1
2018,08,079,,,,,,
2018,08,081,,,,,,
2018,08,083,87,87,87,0.0217881292,1,1
2018,08,085,221,221,221,0.0359116022,1,1
2018,08,087,506,506,506,0.0882455528,1,1
2018,08,089,33,32,34,0.0129361035,2,2
2018,08,091,,,,,,
2018,08,093,13,13,13,0.0080745342,3,3
2018,08,095,,,,,,
2018,08,097,,,,,,
2018,08,099,67,67,67,0.0421383648,1,1
2018,08,101,588,588,588,0.0222314643,1,1
2018,08,103,23,23,23,0.0181531176,3,3
2018,08,105,21,21,21,0.010960334,3,3
2018,08,107,,,,,,
2018,08,109,206,206,206,0.2062062062,1,1
2018,08,111,,,,,,
2018,08,113,,,,,,
2018,08,115,15,15,15,0.0219298246,3,3
2018,08,117,18,18,18,0.0050321498,3,3
2018,08,119,79,79,79,0.0287063953,1,1
2018,08,121,25,25,25,0.0412541254,3,3
2018,08,123,1055,1054,1056,0.0236250448,1,1
2018,08,125,69,68,70,0.0383333333,1,1
2018,09,001,587,578,596,0.005139295,1,1
2018,09,003,1145,1142,1148,0.0091908814,1,1
2018,09,005,120,114,126,0.0066075657,3,3
2018,09,007,138,134,142,0.0057600801,2,2
2018,09,009,1826,1819,1833,0.015319306,1,1
2018,09,011,723,722,724,0.0199354785,1,1
2018,09,013,86,83,89,0.0053686248,2,2
2018,09,015,221,218,224,0.0151816995,1,1
2018,10,001,1003,1000,1006,0.0370329346,1,1
2018,10,003,1629,1625,1633,0.0215710162,1,1
2018,10,005,911,910,912,0.0288510261,1,1
2018,11,001,7145,7142,7148,0.0802178062,1,1
2018,12,001,1028,1027,1028,0.0331602206,1,1
2018,12,003,55,55,55,0.0108695652,1,1
2018,12,005,5725,5725,5725,0.2035266095,1,1
2018,12,007,161,161,161,0.050917141,1,1
2018,12,009,2264,2264,2264,0.0307049665,1,1
2018,12,011,5566,5566,5566,0.0204224654,1,1
2018,12,013,202,202,202,0.0926605505,1,1
2018,12,015,362,362,362,0.0226136932,1,1
2018,12,017,618,618,618,0.039948287,1,1
2018,12,019,992,992,992,0.025911608,1,1
2018,12,021,1024,1024,1024,0.0215869804,1,1
2018,12,023,507,507,507,0.0499556607,1,1
2018,12,027,154,154,154,0.0312753859,1,1
2018,12,029,53,53,53,0.0237881508,1,1
2018,12,031,3771,3771,3771,0.028956684,1,1
2018,12,033,1942,1942,1942,0.0485827934,1,1
2018,12,035,556,556,556,0.042835131,1,1
2018,12,037,289,289,289,0.2197718631,1,1
2018,12,039,252,252,252,0.0481191522,1,1
2018,12,041,13,13,13,0.0047238372,3,3
2018,12,043,45,45,45,0.0256264237,1,1
2018,12,045,108,108,108,0.0552147239,1,1
2018,12,047,347,347,347,0.2155279503,1,1
2018,12,049,183,183,183,0.036023622,1,1
2018,12,051,346,346,346,0.0476190476,1,1
2018,12,053,582,582,582,0.0255184812,1,1
2018,12,055,465,465,465,0.0377037217,1,1
2018,12,057,4241,4241,4241,0.0192552168,1,1
2018,12,059,56,56,56,0.0170940171,1,1
2018,12,061,441,441,441,0.0246920493,1,1
2018,12,063,2857,2857,2857,0.4415082677,1,1
2018,12,065,34,34,34,0.044213264,1,1
2018,12,067,204,204,204,0.1661237785,1,1
2018,12,069,2019,2019,2019,0.0459479757,1,1
2018,12,071,1272,1272,1272,0.013473149,1,1
2018,12,073,1373,1372,1373,0.0370630314,1,1
2018,12,075,262,262,262,0.047567175,1,1
2018,12,077,34,34,34,0.0257966616,1,1
2018,12,079,227,227,227,0.0867405426,1,1
2018,12,081,1418,1418,1418,0.0287620941,1,1
2018,12,083,2181,2181,2181,0.0508237597,1,1
2018,12,085,621,621,621,0.0333440722,1,1
2018,12,086,9917,9917,9917,0.0282991947,1,1
2018,12,087,352,352,352,0.0410352063,1,1
2018,12,089,548,548,548,0.0452219838,1,1
2018,12,091,1142,1142,1142,0.0358499451,1,1
2018,12,093,432,432,432,0.0666563802,1,1
2018,12,095,6181,6181,6181,0.0288387067,1,1
2018,12,097,3493,3493,3493,0.0509525338,1,1
2018,12,099,4532,4532,4532,0.0230366492,1,1
2018,12,101,1908,1908,1908,0.0254237288,1,1
2018,12,103,4367,4367,4367,0.0432598962,1,1
2018,12,105,3692,3692,3692,0.0349462366,1,1
2018,12,107,537,537,537,0.0488626024,1,1
2018,12,109,751,751,751,0.0177034959,1,1
2018,12,111,1509,1509,1509,0.0364413533,1,1
2018,12,113,1141,1141,1141,0.0400702371,1,1
2018,12,115,826,826,826,0.0191598432,1,1
2018,12,117,1591,1591,1591,0.0233048675,1,1
2018,12,119,127,127,127,0.0143730195,1,1
2018,12,121,318,318,318,0.0533646585,1,1
2018,12,123,103,103,103,0.0370237239,1,1
2018,12,125,61,61,61,0.0259906263,1,1
2018,12,127,2746,2746,2746,0.0434335606,1,1
2018,12,129,94,94,94,0.0185880957,1,1
2018,12,131,466,466,466,0.0474348534,1,1
2018,12,133,213,213,213,0.0617928634,1,1
2018,13,001,58,58,58,0.0161785216,1,1
2018,13,003,,,,,,
2018,13,005,74,74,74,0.0345632882,1,1
2018,13,007,,,,,,
2018,13,009,364,364,364,0.0708584777,1,1
2018,13,011,129,129,129,0.0469090909,1,1
2018,13,013,335,335,335,0.023831543,1,1
2018,13,015,519,519,519,0.0288782551,1,1
2018,13,017,28,28,28,0.00896,3,3
2018,13,019,49,49,49,0.0155014236,1,1
2018,13,021,746,746,746,0.0305700119,1,1
2018,13,023,,,,,,
2018,13,025,65,65,65,0.018813314,1,1
2018,13,027,10,10,10,0.0046125461,3,3
2018,13,029,90,90,90,0.0093419141,1,1
2018,13,031,251,251,251,0.0235769303,1,1
2018,13,033,13,13,13,0.0031265031,3,3
2018,13,035,440,440,440,0.1264004596,1,1
2018,13,037,,,,,,
2018,13,039,106,106,106,0.0113368984,1,1
2018,13,043,30,30,30,0.009603073,1,1
2018,13,045,1042,1042,1042,0.0511888387,1,1
2018,13,047,323,323,323,0.0300381289,1,1
2018,13,049,60,60,60,0.0348634515,1,1
2018,13,051,997,997,997,0.0265328933,1,1
2018,13,053,,,,,,
2018,13,055,309,309,309,0.0751276441,1,1
2018,13,057,244,244,244,0.0056431842,1,1
2018,13,059,867,867,867,0.0641651865,1,1
2018,13,061,,,,,,
2018,13,063,2301,2301,2301,0.0343217684,1,1
2018,13,065,37,37,37,0.0273668639,1,1
2018,13,067,1951,1951,1951,0.0161739592,1,1
2018,13,069,540,540,540,0.0699119627,1,1
2018,13,071,301,301,301,0.031426185,1,1
2018,13,073,355,355,355,0.0128144966,1,1
2018,13,075,20,20,20,0.0063816209,3,3
2018,13,077,189,189,189,0.0081673221,1,1
2018,13,079,10,10,10,0.0057770075,3,3
2018,13,081,23,23,23,0.0058213111,3,3
2018,13,083,34,34,34,0.015610652,1,1
2018,13,085,247,247,247,0.0688022284,1,1
2018,13,087,53,53,53,0.0104577743,1,1
2018,13,089,2240,2240,2240,0.0213185119,1,1
2018,13,091,42,42,42,0.0136230944,1,1
2018,13,093,76,76,76,0.0616382806,1,1
2018,13,095,428,428,428,0.0302837331,1,1
2018,13,097,682,682,682,0.0256825457,1,1
2018,13,099,96,96,96,0.0476426799,1,1
2018,13,101,,,,,,
2018,13,103,151,151,151,0.0118570868,1,1
2018,13,105,55,55,55,0.0180505415,1,1
2018,13,107,78,78,78,0.0182072829,1,1
2018,13,109,49,49,49,0.0258302583,1,1
2018,13,111,260,260,260,0.086927449,1,1
2018,13,113,105,105,105,0.0051685946,1,1
2018,13,115,538,538,538,0.0332714904,1,1
2018,13,117,621,621,621,0.0125846067,1,1
2018,13,119,95,95,95,0.0263230812,1,1
2018,13,121,3741,3740,3742,0.0252451295,1,1
2018,13,123,72,72,72,0.017167382,1,1
2018,13,125,,,,,,
2018,13,127,369,369,369,0.027765237,1,1
2018,13,129,684,684,684,0.0634920635,1,1
2018,13,131,38,38,38,0.0081387877,1,1
2018,13,133,75,75,75,0.0288350634,1,1
2018,13,135,2034,2034,2034,0.0107284139,1,1
2018,13,137,154,154,154,0.0222286374,1,1
2018,13,139,594,594,594,0.0169235591,1,1
2018,13,141,60,60,60,0.0715990453,1,1
2018,13,143,368,368,368,0.0650636492,1,1
2018,13,145,26,26,26,0.0047723935,3,3
2018,13,147,53,53,53,0.0148709315,1,1
2018,13,149,113,113,113,0.0535798957,1,1
2018,13,151,1095,1095,1095,0.0256915605,1,1
2018,13,153,482,482,482,0.0161907961,1,1
2018,13,155,43,43,43,0.0250145433,1,1
2018,13,157,175,175,175,0.0129879768,1,1
2018,13,159,31,31,31,0.0130252101,1,1
2018,13,161,11,11,11,0.0035495321,3,3
2018,13,163,13,13,13,0.0052313883,3,3
2018,13,165,10,10,10,0.0085984523,3,3
2018,13,167,44,44,44,0.0392156863,1,1
2018,13,169,14,14,14,0.0026410111,3,3
2018,13,171,52,52,52,0.0194392523,1,1
2018,13,173,76,76,76,0.044057971,1,1
2018,13,175,524,524,524,0.0585017305,1,1
2018,13,177,545,545,545,0.0838590552,1,1
2018,13,179,225,225,225,0.0222529918,1,1
2018,13,181,123,123,123,0.1080843585,1,1
2018,13,183,28,28,28,0.0073800738,3,3
2018,13,185,608,608,608,0.031784202,1,1
2018,13,187,42,42,42,0.0108977686,1,1
2018,13,189,48,48,48,0.0125984252,1,1
2018,13,191,76,76,76,0.0574452003,1,1
2018,13,193,,,,,,
2018,13,195,282,282,282,0.042228212,1,1
2018,13,197,,,,,,
2018,13,199,15,15,15,0.005843397,3,3
2018,13,201,44,44,44,0.0477223427,1,1
2018,13,205,59,59,59,0.0159934942,1,1
2018,13,207,735,735,735,0.1813471503,1,1
2018,13,209,54,54,54,0.0605381166,1,1
2018,13,211,63,63,63,0.0204479065,1,1
2018,13,213,166,166,166,0.0228461327,1,1
2018,13,215,1141,1141,1141,0.0358140557,1,1
2018,13,217,198,198,198,0.0100334448,1,1
2018,13,219,106,106,106,0.0132186058,1,1
2018,13,221,17,17,17,0.0080875357,3,3
2018,13,223,252,252,252,0.0084106535,1,1
2018,13,225,54,54,54,0.0150585611,1,1
2018,13,227,207,207,207,0.0478280961,1,1
2018,13,229,74,74,74,0.0204307013,1,1
2018,13,231,,,,,,
2018,13,233,782,782,782,0.0988872028,1,1
2018,13,235,20,20,20,0.014858841,3,3
2018,13,237,12,12,12,0.004069176,3,3
2018,13,239,70,70,70,0.2201257862,1,1
2018,13,241,93,93,93,0.0416107383,1,1
2018,13,243,25,25,25,0.0212044105,3,3
2018,13,245,337,337,337,0.0108895854,1,1
2018,13,247,650,650,650,0.0387481371,1,1
2018,13,249,13,13,13,0.0099464422,3,3
2018,13,251,77,77,77,0.0333766797,1,1
2018,13,253,,,,,,
2018,13,255,287,287,287,0.0277214334,1,1
2018,13,257,25,25,25,0.0063564709,3,3
2018,13,259,,,,,,
2018,13,261,20,20,20,0.0044573211,3,3
2018,13,263,,,,,,
2018,13,265,,,,,,
2018,13,267,34,34,34,0.0090113968,1,1
2018,13,269,113,113,113,0.0794096978,1,1
2018,13,271,,,,,,
2018,13,273,10,10,10,0.0078247261,3,3
2018,13,275,397,397,397,0.0455536431,1,1
2018,13,277,41,41,41,0.0051984278,1,1
2018,13,279,83,83,83,0.0150199059,1,1
2018,13,281,56,56,56,0.0588235294,1,1
2018,13,283,19,19,19,0.0169340463,3,3
2018,13,285,213,213,213,0.0175815105,1,1
2018,13,287,18,18,18,0.01453958,3,3
2018,13,289,56,56,56,0.0708860759,1,1
2018,13,291,50,50,50,0.0172771251,1,1
2018,13,293,59,59,59,0.0144289557,1,1
2018,13,295,80,80,80,0.0092197764,1,1
2018,13,297,303,303,303,0.0191215449,1,1
2018,13,299,319,319,319,0.0518446286,1,1
2018,13,301,,,,,,
2018,13,303,11,11,11,0.0035369775,3,3
2018,13,305,74,74,74,0.013759762,1,1
2018,13,307,,,,,,
2018,13,309,,,,,,
2018,13,311,242,242,242,0.041079613,1,1
2018,13,313,693,693,693,0.0331817094,1,1
2018,13,315,,,,,,
2018,13,317,,,,,,
2018,13,319,,,,,,
2018,13,321,55,55,55,0.0169334975,1,1
2018,15,001,,,,,,
2018,15,003,3600,3600,3600,0.0198590011,1,1
2018,15,005,,,,,,
2018,15,007,,,,,,
2018,15,009,,,,,,
2018,16,001,1684,1683,1685,0.0218874693,1,1
2018,16,003,10,10,10,0.0621118012,3,3
2018,16,005,331,330,332,0.0255776215,1,1
2018,16,007,29,29,29,0.0239471511,3,3
2018,16,009,57,57,57,0.0412445731,1,1
2018,16,011,212,211,213,0.0199210675,1,1
2018,16,013,97,97,97,0.0271176964,1,1
2018,16,015,29,28,30,0.0341578327,3,3
2018,16,017,166,166,166,0.0326065606,1,1
2018,16,019,344,342,346,0.0139718127,1,1
2018,16,021,130,130,130,0.0885558583,1,1
2018,16,023,25,25,25,0.0582750583,3,3
2018,16,025,,,,,,
2018,16,027,1720,1719,1721,0.0429731418,1,1
2018,16,029,15,15,15,0.0165562914,3,3
2018,16,031,95,95,95,0.0170832584,1,1
2018,16,033,,,,,,
2018,16,035,90,90,90,0.0768573868,1,1
2018,16,037,,,,,,
2018,16,039,41,41,41,0.0092134831,1,1
2018,16,041,18,18,18,0.0055675843,3,3
2018,16,043,45,45,45,0.0200534759,1,1
2018,16,045,62,62,62,0.0233345879,1,1
2018,16,047,124,124,124,0.041154995,1,1
2018,16,049,11,10,12,0.0081001473,3,3
2018,16,051,33,33,33,0.0044271532,1,1
2018,16,053,104,104,104,0.021802935,1,1
2018,16,055,607,607,607,0.028114868,1,1
2018,16,057,96,95,97,0.0214094558,1,1
2018,16,059,71,71,71,0.077173913,1,1
2018,16,061,69,69,69,0.092,1,1
2018,16,063,57,57,57,0.0613562971,1,1
2018,16,065,77,77,77,0.0110521028,1,1
2018,16,067,131,131,131,0.0297727273,1,1
2018,16,069,241,241,241,0.0445471349,1,1
2018,16,071,57,57,57,0.0231331169,1,1
2018,16,073,135,135,135,0.056675063,1,1
2018,16,075,433,433,433,0.0986332574,1,1
2018,16,077,53,53,53,0.0360054348,1,1
2018,16,079,61,61,61,0.0355892649,1,1
2018,16,081,,,,,,
2018,16,083,468,468,468,0.0296653144,1,1
2018,16,085,34,34,34,0.0225314778,1,1
2018,16,087,58,57,59,0.0309994655,1,1
2018,17,001,155,154,156,0.0165739949,1,1
2018,17,003,120,120,120,0.1657458564,1,1
2018,17,005,84,84,84,0.0376512775,1,1
2018,17,007,125,125,125,0.0132247143,1,1
2018,17,009,,,,,,
2018,17,011,124,121,127,0.0252545825,1,1
2018,17,013,42,42,42,0.0695364238,1,1
2018,17,015,,,,,,
2018,17,017,65,65,65,0.0285087719,1,1
2018,17,019,730,729,731,0.0293632597,1,1
2018,17,021,204,204,204,0.0385998108,1,1
2018,17,023,119,119,119,0.0456463368,1,1
2018,17,025,244,244,244,0.1040511727,1,1
2018,17,027,169,168,170,0.0335917313,1,1
2018,17,029,308,308,308,0.0459290188,1,1
2018,17,031,24712,24705,24719,0.0342200848,1,1
2018,17,033,194,194,194,0.0682137834,1,1
2018,17,035,43,43,43,0.0264452645,1,1
2018,17,037,305,305,305,0.0183271241,1,1
2018,17,039,59,59,59,0.0234219929,1,1
2018,17,041,124,124,124,0.0355606539,1,1
2018,17,043,2139,2135,2143,0.0141888665,1,1
2018,17,045,221,221,221,0.0760233918,1,1
2018,17,047,37,37,37,0.0412946429,1,1
2018,17,049,240,240,240,0.0480865558,1,1
2018,17,051,320,320,320,0.1159840522,1,1
2018,17,053,28,28,28,0.0102903344,3,3
2018,17,055,675,675,675,0.1085732668,1,1
2018,17,057,172,172,172,0.0386169735,1,1
2018,17,059,65,65,65,0.0866666667,1,1
2018,17,061,248,248,248,0.1344902386,1,1
2018,17,063,135,134,136,0.0101093305,1,1
2018,17,065,105,105,105,0.0875729775,1,1
2018,17,067,137,137,137,0.0480870481,1,1
2018,17,069,46,46,46,0.0851851852,1,1
2018,17,071,27,27,27,0.0351105332,3,3
2018,17,073,301,300,302,0.0357312441,1,1
2018,17,075,55,53,57,0.0139913508,2,2
2018,17,077,498,498,498,0.0700323443,1,1
2018,17,079,55,55,55,0.0429352069,1,1
2018,17,081,681,681,681,0.1139176982,1,1
2018,17,083,69,69,69,0.0270906949,1,1
2018,17,085,,,,,,
2018,17,087,184,184,184,0.1027932961,1,1
2018,17,089,2217,2217,2217,0.0229503106,1,1
2018,17,091,476,476,476,0.0270978026,1,1
2018,17,093,235,233,237,0.0087014478,1,1
2018,17,095,175,175,175,0.0243055556,1,1
2018,17,097,1698,1691,1705,0.0133791386,1,1
2018,17,099,363,362,364,0.0256882032,1,1
2018,17,101,60,60,60,0.0285171103,1,1
2018,17,103,55,54,56,0.0134969325,1,1
2018,17,105,88,85,91,0.016,2,2
2018,17,107,91,91,91,0.0282083075,1,1
2018,17,109,170,170,170,0.0493468795,1,1
2018,17,111,874,869,879,0.0127663925,1,1
2018,17,113,440,438,442,0.0173652222,1,1
2018,17,115,520,519,521,0.031996062,1,1
2018,17,117,427,427,427,0.0522196405,1,1
2018,17,119,1538,1538,1538,0.0385386389,1,1
2018,17,121,684,683,685,0.1002344666,1,1
2018,17,123,13,13,13,0.0242085661,3,3
2018,17,125,111,111,111,0.0434782609,1,1
2018,17,127,127,127,127,0.0551215278,1,1
2018,17,129,10,10,10,0.0044483986,3,3
2018,17,131,41,41,41,0.015145918,1,1
2018,17,133,119,119,119,0.0230754315,1,1
2018,17,135,252,252,252,0.0608108108,1,1
2018,17,137,193,193,193,0.0451356408,1,1
2018,17,139,52,52,52,0.0312876053,1,1
2018,17,141,188,186,190,0.0217366169,1,1
2018,17,143,840,836,844,0.0304028376,1,1
2018,17,145,69,69,69,0.0258814704,1,1
2018,17,147,44,44,44,0.0187633262,1,1
2018,17,149,58,58,58,0.0269266481,1,1
2018,17,151,42,42,42,0.0836653386,1,1
2018,17,153,117,117,117,0.1379716981,1,1
2018,17,155,,,,,,
2018,17,157,249,249,249,0.0612094395,1,1
2018,17,159,157,157,157,0.0659386812,1,1
2018,17,161,459,457,461,0.0213717,1,1
2018,17,163,2311,2310,2312,0.0575950156,1,1
2018,17,165,312,312,312,0.078748107,1,1
2018,17,167,641,640,642,0.0219874455,1,1
2018,17,169,35,35,35,0.0341796875,1,1
2018,17,171,20,20,20,0.023557126,3,3
2018,17,173,80,80,80,0.0350723367,1,1
2018,17,175,34,34,34,0.0401891253,1,1
2018,17,177,379,378,380,0.0630405855,1,1
2018,17,179,319,316,322,0.0162233637,1,1
2018,17,181,236,236,236,0.0816326531,1,1
2018,17,183,496,492,500,0.0398393574,1,1
2018,17,185,176,176,176,0.1075137447,1,1
2018,17,187,43,42,44,0.0162019593,1,1
2018,17,189,109,109,109,0.0601213458,1,1
2018,17,191,108,107,109,0.0444444444,1,1
2018,17,193,314,314,314,0.1233307148,1,1
2018,17,195,219,219,219,0.0240236946,1,1
2018,17,197,1911,1909,1913,0.0172917703,1,1
2018,17,199,622,622,622,0.0603122273,1,1
2018,17,201,3025,3024,3026,0.0681582624,1,1
2018,17,203,60,57,63,0.0088823094,3,3
2018,18,001,108,108,108,0.0249942143,1,1
2018,18,003,1414,1413,1415,0.0259244999,1,1
2018,18,005,380,380,380,0.0305638221,1,1
2018,18,007,,,,,,
2018,18,009,15,15,15,0.0094577554,3,3
2018,18,011,175,175,175,0.0140584833,1,1
2018,18,013,21,21,21,0.0110294118,3,3
2018,18,015,34,34,34,0.0138043037,1,1
2018,18,017,358,358,358,0.054005129,1,1
2018,18,019,445,443,447,0.0259082441,1,1
2018,18,021,11,11,11,0.0026296916,3,3
2018,18,023,120,119,121,0.0223422082,1,1
2018,18,025,23,23,23,0.0152217075,3,3
2018,18,027,31,31,31,0.0066041755,1,1
2018,18,029,40,40,40,0.0049370526,1,1
2018,18,031,66,66,66,0.0160818713,1,1
2018,18,033,93,93,93,0.0171491794,1,1
2018,18,035,113,112,114,0.0082301529,1,1
2018,18,037,14,13,15,0.0022300096,3,3
2018,18,039,634,634,634,0.0174925505,1,1
2018,18,041,,,,,,
2018,18,043,85,84,86,0.0069752175,1,1
2018,18,045,30,30,30,0.0114898506,1,1
2018,18,047,16,16,16,0.0035971223,3,3
2018,18,049,22,22,22,0.0089467263,3,3
2018,18,051,101,101,101,0.0248952428,1,1
2018,18,053,181,181,181,0.016722099,1,1
2018,18,055,49,49,49,0.0115948888,1,1
2018,18,057,275,275,275,0.0045791358,1,1
2018,18,059,80,80,80,0.0058466711,1,1
2018,18,061,27,27,27,0.0051136364,3,3
2018,18,063,200,200,200,0.0068561242,1,1
2018,18,065,53,52,54,0.0107723577,1,1
2018,18,067,377,376,378,0.0271359678,1,1
2018,18,069,27,27,27,0.0052672649,3,3
2018,18,071,107,106,108,0.0151837661,1,1
2018,18,073,95,95,95,0.0190228274,1,1
2018,18,075,,,,,,
2018,18,077,91,91,91,0.0219541616,1,1
2018,18,079,191,191,191,0.0456173872,1,1
2018,18,081,502,502,502,0.0184389348,1,1
2018,18,083,26,26,26,0.009499452,3,3
2018,18,085,155,155,155,0.0132422042,1,1
2018,18,087,98,98,98,0.0181784456,1,1
2018,18,089,898,894,902,0.0119319692,1,1
2018,18,091,162,162,162,0.0101886792,1,1
2018,18,093,64,64,64,0.0101555062,1,1
2018,18,095,327,325,329,0.0182875678,1,1
2018,18,097,4574,4569,4579,0.029700913,1,1
2018,18,099,68,68,68,0.0100636377,1,1
2018,18,101,,,,,,
2018,18,103,96,96,96,0.0185758514,1,1
2018,18,105,249,249,249,0.0171783374,1,1
2018,18,107,81,81,81,0.0131878867,1,1
2018,18,109,514,514,514,0.0497146726,1,1
2018,18,111,25,25,25,0.0120365912,3,3
2018,18,113,105,105,105,0.0146382267,1,1
2018,18,115,47,47,47,0.0589711418,1,1
2018,18,117,25,25,25,0.0111457869,3,3
2018,18,119,218,218,218,0.0870954854,1,1
2018,18,121,18,17,19,0.0081300813,3,3
2018,18,123,147,147,147,0.0494782901,1,1
2018,18,125,23,23,23,0.0131503716,3,3
2018,18,127,382,382,382,0.0143119404,1,1
2018,18,129,47,47,47,0.0136469222,1,1
2018,18,131,14,14,14,0.0070457977,3,3
2018,18,133,173,173,173,0.0313860668,1,1
2018,18,135,105,105,105,0.0216450216,1,1
2018,18,137,97,97,97,0.0438319024,1,1
2018,18,139,29,29,29,0.0140435835,3,3
2018,18,141,389,387,391,0.0100876511,1,1
2018,18,143,23,23,23,0.0087319666,3,3
2018,18,145,112,110,114,0.0186635561,1,1
2018,18,147,25,25,25,0.0076103501,3,3
2018,18,149,23,22,24,0.0080701754,3,3
2018,18,151,75,75,75,0.0200481155,1,1
2018,18,153,52,52,52,0.0172242464,1,1
2018,18,155,56,56,56,0.0367936925,1,1
2018,18,157,547,546,548,0.0226905048,1,1
2018,18,159,17,16,18,0.0073244291,3,3
2018,18,161,,,,,,
2018,18,163,527,527,527,0.0233175523,1,1
2018,18,165,61,61,61,0.0251339102,1,1
2018,18,167,366,366,366,0.0248607526,1,1
2018,18,169,37,37,37,0.0115264798,1,1
2018,18,171,,,,,,
2018,18,173,32,32,32,0.0031243898,1,1
2018,18,175,92,92,92,0.0283687943,1,1
2018,18,177,104,104,104,0.0103503185,1,1
2018,18,179,74,74,74,0.0148118495,1,1
2018,18,181,19,18,20,0.0048162231,3,3
2018,18,183,60,59,61,0.009760859,1,1
2018,19,001,,,,,,
2018,19,003,,,,,,
2018,19,005,,,,,,
2018,19,007,,,,,,
2018,19,009,,,,,,
2018,19,011,19,19,19,0.0060741688,3,3
2018,19,013,303,301,305,0.0163934426,1,1
2018,19,015,54,54,54,0.0228619814,1,1
2018,19,017,25,24,26,0.0068194217,3,3
2018,19,019,33,32,34,0.0154711674,2,2
2018,19,021,57,56,58,0.0142857143,1,1
2018,19,023,,,,,,
2018,19,025,,,,,,
2018,19,027,26,25,27,0.008816548,3,3
2018,19,029,,,,,,
2018,19,031,12,11,13,0.0080808081,3,3
2018,19,033,131,131,131,0.024417521,1,1
2018,19,035,,,,,,
2018,19,037,16,15,17,0.0095465394,3,3
2018,19,039,10,10,10,0.0071174377,3,3
2018,19,041,,,,,,
2018,19,043,,,,,,
2018,19,045,123,123,123,0.0173190651,1,1
2018,19,047,,,,,,
2018,19,049,153,152,154,0.0079513564,1,1
2018,19,051,11,11,11,0.0085403727,3,3
2018,19,053,,,,,,
2018,19,055,10,10,10,0.0068212824,3,3
2018,19,057,258,258,258,0.0589041096,1,1
2018,19,059,24,24,24,0.0099543758,3,3
2018,19,061,217,217,217,0.0147941096,1,1
2018,19,063,,,,,,
2018,19,065,39,37,41,0.0116766467,3,3
2018,19,067,29,29,29,0.0181818182,3,3
2018,19,069,22,22,22,0.0162002946,3,3
2018,19,071,,,,,,
2018,19,073,11,11,11,0.0087579618,3,3
2018,19,075,,,,,,
2018,19,077,,,,,,
2018,19,079,29,29,29,0.0118755119,3,3
2018,19,081,,,,,,
2018,19,083,,,,,,
2018,19,085,,,,,,
2018,19,087,17,16,18,0.0057374283,3,3
2018,19,089,37,36,38,0.025,2,2
2018,19,091,,,,,,
2018,19,093,,,,,,
2018,19,095,15,14,16,0.0066050198,3,3
2018,19,097,25,24,26,0.0130480167,3,3
2018,19,099,33,31,35,0.0062311178,3,3
2018,19,101,11,11,11,0.0066305003,3,3
2018,19,103,461,460,462,0.0246208075,1,1
2018,19,105,32,31,33,0.0113757554,2,2
2018,19,107,13,12,14,0.0222984563,3,3
2018,19,109,,,,,,
2018,19,111,,,,,,
2018,19,113,881,881,881,0.0245438083,1,1
2018,19,115,86,85,87,0.0396496081,1,1
2018,19,117,15,15,15,0.0117370892,3,3
2018,19,119,,,,,,
2018,19,121,63,62,64,0.0192837466,1,1
2018,19,123,42,42,42,0.0150160887,1,1
2018,19,125,21,19,23,0.0039712557,3,3
2018,19,127,70,68,72,0.0099800399,2,2
2018,19,129,137,137,137,0.0638992537,1,1
2018,19,131,,,,,,
2018,19,133,,,,,,
2018,19,135,10,10,10,0.0083472454,3,3
2018,19,137,,,,,,
2018,19,139,77,76,78,0.0105019094,1,1
2018,19,141,,,,,,
2018,19,143,,,,,,
2018,19,145,15,14,16,0.0102179837,3,3
2018,19,147,,,,,,
2018,19,149,13,12,14,0.0070118662,3,3
2018,19,151,11,11,11,0.01542777,3,3
2018,19,153,1557,1557,1557,0.0196137712,1,1
2018,19,155,179,178,180,0.0132171602,1,1
2018,19,157,,,,,,
2018,19,159,,,,,,
2018,19,161,10,10,10,0.0108932462,3,3
2018,19,163,451,451,451,0.0156239174,1,1
2018,19,165,,,,,,
2018,19,167,46,44,48,0.0115752391,2,2
2018,19,169,179,178,180,0.0161508617,1,1
2018,19,171,57,57,57,0.0280235988,1,1
2018,19,173,,,,,,
2018,19,175,,,,,,
2018,19,177,21,21,21,0.0300429185,3,3
2018,19,179,179,179,179,0.0270147902,1,1
2018,19,181,29,29,29,0.0038983734,3,3
2018,19,183,149,149,149,0.0387415497,1,1
2018,19,185,,,,,,
2018,19,187,70,69,71,0.0157870997,1,1
2018,19,189,,,,,,
2018,19,191,,,,,,
2018,19,193,675,675,675,0.0404846158,1,1
2018,19,195,,,,,,
2018,19,197,16,16,16,0.015936255,3,3
2018,20,001,,,,,,
2018,20,003,,,,,,
2018,20,005,,,,,,
2018,20,007,,,,,,
2018,20,009,29,29,29,0.0078548212,3,3
2018,20,011,99,98,100,0.0415268456,1,1
2018,20,013,11,11,11,0.0111111111,3,3
2018,20,015,86,83,89,0.0050713528,2,2
2018,20,017,,,,,,
2018,20,019,,,,,,
2018,20,021,79,79,79,0.0224113475,1,1
2018,20,023,,,,,,
2018,20,025,,,,,,
2018,20,027,,,,,,
2018,20,029,,,,,,
2018,20,031,67,67,67,0.0521806854,1,1
2018,20,033,,,,,,
2018,20,035,61,61,61,0.0109397418,1,1
2018,20,037,242,242,242,0.0396461337,1,1
2018,20,039,,,,,,
2018,20,041,,,,,,
2018,20,043,,,,,,
2018,20,045,213,213,213,0.014012236,1,1
2018,20,047,44,43,45,0.0930232558,1,1
2018,20,049,,,,,,
2018,20,051,18,17,19,0.0049409827,3,3
2018,20,053,10,10,10,0.017699115,3,3
2018,20,055,255,255,255,0.029685681,1,1
2018,20,057,33,33,33,0.0044444444,1,1
2018,20,059,240,240,240,0.0542250339,1,1
2018,20,061,309,309,309,0.0414486922,1,1
2018,20,063,,,,,,
2018,20,065,,,,,,
2018,20,067,,,,,,
2018,20,069,17,15,19,0.0133333333,3,3
2018,20,071,,,,,,
2018,20,073,22,22,22,0.033033033,3,3
2018,20,075,,,,,,
2018,20,077,,,,,,
2018,20,079,84,84,84,0.0146036161,1,1
2018,20,081,52,52,52,0.0728291317,1,1
2018,20,083,,,,,,
2018,20,085,18,18,18,0.0152027027,3,3
2018,20,087,18,17,19,0.0078568311,3,3
2018,20,089,,,,,,
2018,20,091,1039,1039,1039,0.0110606044,1,1
2018,20,093,,,,,,
2018,20,095,,,,,,
2018,20,097,,,,,,
2018,20,099,16,14,18,0.004626952,3,3
2018,20,101,,,,,,
2018,20,103,158,157,159,0.0134285229,1,1
2018,20,105,,,,,,
2018,20,107,37,36,38,0.0195767196,2,2
2018,20,109,,,,,,
2018,20,111,64,64,64,0.0115795187,1,1
2018,20,113,66,64,68,0.012694749,2,2
2018,20,115,13,12,14,0.0091292135,3,3
2018,20,117,,,,,,
2018,20,119,,,,,,
2018,20,121,133,133,133,0.0144314236,1,1
2018,20,123,,,,,,
2018,20,125,19,17,21,0.003372382,3,3
2018,20,127,22,22,22,0.0270935961,3,3
2018,20,129,19,19,19,0.015224359,3,3
2018,20,131,,,,,,
2018,20,133,14,13,15,0.0057283142,3,3
2018,20,135,,,,,,
2018,20,137,,,,,,
2018,20,139,59,59,59,0.0260831123,1,1
2018,20,141,,,,,,
2018,20,143,,,,,,
2018,20,145,,,,,,
2018,20,147,,,,,,
2018,20,149,26,25,27,0.0086956522,3,3
2018,20,151,,,,,,
2018,20,153,,,,,,
2018,20,155,106,106,106,0.0140509014,1,1
2018,20,157,,,,,,
2018,20,159,47,47,47,0.0480572597,1,1
2018,20,161,373,373,373,0.048745426,1,1
2018,20,163,,,,,,
2018,20,165,14,14,14,0.0528301887,3,3
2018,20,167,,,,,,
2018,20,169,112,111,113,0.0137965016,1,1
2018,20,171,,,,,,
2018,20,173,2321,2319,2323,0.0277784427,1,1
2018,20,175,249,249,249,0.0448972232,1,1
2018,20,177,521,520,522,0.0187248419,1,1
2018,20,179,,,,,,
2018,20,181,,,,,,
2018,20,183,,,,,,
2018,20,185,,,,,,
2018,20,187,16,16,16,0.0362811791,3,3
2018,20,189,54,54,54,0.0437956204,1,1
2018,20,191,107,105,109,0.0361120486,1,1
2018,20,193,,,,,,
2018,20,195,,,,,,
2018,20,197,,,,,,
2018,20,199,,,,,,
2018,20,201,,,,,,
2018,20,203,26,26,26,0.0632603406,3,3
2018,20,205,28,28,28,0.0193370166,3,3
2018,20,207,48,48,48,0.099378882,1,1
2018,20,209,1156,1155,1157,0.0355167752,1,1
2018,21,001,26,26,26,0.0098671727,3,3
2018,21,003,42,42,42,0.0136763269,1,1
2018,21,005,16,16,16,0.0043045467,3,3
2018,21,007,58,58,58,0.0460683082,1,1
2018,21,009,725,725,725,0.0877936546,1,1
2018,21,011,107,107,107,0.0536609829,1,1
2018,21,013,581,581,581,0.1290250944,1,1
2018,21,015,360,360,360,0.0159914712,1,1
2018,21,017,273,273,273,0.0764063812,1,1
2018,21,019,450,450,450,0.0617792422,1,1
2018,21,021,87,87,87,0.0186295503,1,1
2018,21,023,35,35,35,0.0224071703,1,1
2018,21,025,265,264,266,0.1184622262,1,1
2018,21,027,100,100,100,0.0322372663,1,1
2018,21,029,435,435,435,0.0330547112,1,1
2018,21,031,40,40,40,0.0176056338,1,1
2018,21,033,22,22,22,0.0110887097,3,3
2018,21,035,41,41,41,0.0085666527,1,1
2018,21,037,726,726,726,0.062371134,1,1
2018,21,039,101,101,101,0.1278481013,1,1
2018,21,041,29,29,29,0.0134259259,3,3
2018,21,043,399,399,399,0.0907643312,1,1
2018,21,045,87,87,87,0.037037037,1,1
2018,21,047,216,216,216,0.0247990815,1,1
2018,21,049,63,63,63,0.0116429495,1,1
2018,21,051,10,10,10,0.0030883261,3,3
2018,21,053,28,28,28,0.0155210643,3,3
2018,21,055,315,315,315,0.2248394004,1,1
2018,21,057,64,64,64,0.0669456067,1,1
2018,21,059,203,203,203,0.0121288164,1,1
2018,21,061,14,14,14,0.0071794872,3,3
2018,21,063,60,60,60,0.0579710145,1,1
2018,21,065,73,73,73,0.0304547351,1,1
2018,21,067,1221,1221,1221,0.0290804297,1,1
2018,21,069,26,26,26,0.0114790287,3,3
2018,21,071,59,59,59,0.0101654032,1,1
2018,21,073,228,228,228,0.0312200466,1,1
2018,21,075,83,83,83,0.085303186,1,1
2018,21,077,89,89,89,0.0564362714,1,1
2018,21,079,31,31,31,0.0116937005,1,1
2018,21,081,61,61,61,0.0134272507,1,1
2018,21,083,218,218,218,0.03488,1,1
2018,21,085,11,11,11,0.0025827659,3,3
2018,21,087,,,,,,
2018,21,089,148,148,148,0.0239249919,1,1
2018,21,091,,,,,,
2018,21,093,160,160,160,0.0092123445,1,1
2018,21,095,1481,1481,1481,0.317947617,1,1
2018,21,097,165,165,165,0.0557809331,1,1
2018,21,099,31,31,31,0.0128684101,1,1
2018,21,101,242,242,242,0.0325400027,1,1
2018,21,103,173,173,173,0.0576090576,1,1
2018,21,105,,,,,,
2018,21,107,112,111,113,0.0151864407,1,1
2018,21,109,244,244,244,0.1145002346,1,1
2018,21,111,5172,5172,5172,0.0528099984,1,1
2018,21,113,366,366,366,0.0434782609,1,1
2018,21,115,92,92,92,0.0210670941,1,1
2018,21,117,1771,1770,1772,0.0768796666,1,1
2018,21,119,92,92,92,0.0403331872,1,1
2018,21,121,135,135,135,0.0266798419,1,1
2018,21,123,,,,,,
2018,21,125,200,199,201,0.0208073242,1,1
2018,21,127,556,556,556,0.2208978943,1,1
2018,21,129,143,143,143,0.1531049251,1,1
2018,21,131,139,139,139,0.0777839955,1,1
2018,21,133,373,373,373,0.1077723201,1,1
2018,21,135,45,45,45,0.0200267023,1,1
2018,21,137,22,22,22,0.0058309038,3,3
2018,21,139,37,37,37,0.030730897,1,1
2018,21,141,173,173,173,0.0381225209,1,1
2018,21,143,12,12,12,0.0125523013,3,3
2018,21,145,253,253,253,0.0245535714,1,1
2018,21,147,,,,,,
2018,21,149,,,,,,
2018,21,151,160,160,160,0.01236954,1,1
2018,21,153,86,86,86,0.0406811731,1,1
2018,21,155,50,50,50,0.0152439024,1,1
2018,21,157,295,295,295,0.0618319011,1,1
2018,21,159,26,26,26,0.0137275607,3,3
2018,21,161,31,31,31,0.0115327381,1,1
2018,21,163,193,193,193,0.0395572863,1,1
2018,21,165,79,79,79,0.079,1,1
2018,21,167,63,63,63,0.0188905547,1,1
2018,21,169,22,22,22,0.0140306122,3,3
2018,21,171,34,34,34,0.0188470067,1,1
2018,21,173,144,144,144,0.0307692308,1,1
2018,21,175,17,17,17,0.0086558045,3,3
2018,21,177,36,36,36,0.0077402709,1,1
2018,21,179,49,49,49,0.0066332747,1,1
2018,21,181,320,320,320,0.2841918295,1,1
2018,21,183,43,43,43,0.0100915278,1,1
2018,21,185,41,41,41,0.0032214976,1,1
2018,21,187,36,36,36,0.019088017,1,1
2018,21,189,25,25,25,0.0311332503,3,3
2018,21,191,37,37,37,0.015625,1,1
2018,21,193,684,684,684,0.1364452424,1,1
2018,21,195,591,591,591,0.060287667,1,1
2018,21,197,18,18,18,0.0078397213,3,3
2018,21,199,106,106,106,0.010435125,1,1
2018,21,201,30,30,30,0.0659340659,1,1
2018,21,203,319,319,319,0.112920354,1,1
2018,21,205,370,370,370,0.1065361359,1,1
2018,21,207,263,263,263,0.0840524129,1,1
2018,21,209,466,466,466,0.0492028297,1,1
2018,21,211,35,35,35,0.0048449612,1,1
2018,21,213,93,93,93,0.0309896701,1,1
2018,21,215,35,35,35,0.0114155251,1,1
2018,21,217,72,72,72,0.0185710601,1,1
2018,21,219,43,43,43,0.0215215215,1,1
2018,21,221,53,53,53,0.0261341223,1,1
2018,21,223,12,12,12,0.0096230954,3,3
2018,21,225,12,12,12,0.0054029716,3,3
2018,21,227,194,194,194,0.0094353387,1,1
2018,21,229,41,41,41,0.0236720554,1,1
2018,21,231,69,69,69,0.0215087282,1,1
2018,21,233,410,410,410,0.1819795828,1,1
2018,21,235,346,346,346,0.0416917701,1,1
2018,21,237,,,,,,
2018,21,239,42,42,42,0.010286554,1,1
2018,22,001,215,215,215,0.0220241754,1,1
2018,22,003,13,13,13,0.0030566659,3,3
2018,22,005,62,62,62,0.0027510316,1,1
2018,22,007,138,138,138,0.0411449016,1,1
2018,22,009,41,41,41,0.0068128946,1,1
2018,22,011,36,36,36,0.0061287028,1,1
2018,22,013,31,31,31,0.0143718127,1,1
2018,22,015,439,439,439,0.0194342379,1,1
2018,22,017,2298,2298,2298,0.0601586429,1,1
2018,22,019,817,817,817,0.024321267,1,1
2018,22,021,55,55,55,0.0363036304,1,1
2018,22,023,14,14,14,0.0104399702,3,3
2018,22,025,16,16,16,0.0133444537,3,3
2018,22,027,29,29,29,0.0172004745,3,3
2018,22,029,140,140,140,0.0420294206,1,1
2018,22,031,68,68,68,0.0135081446,1,1
2018,22,033,1270,1265,1275,0.0201660924,1,1
2018,22,035,12,12,12,0.0126849894,3,3
2018,22,037,118,118,118,0.0626326964,1,1
2018,22,039,56,56,56,0.0096219931,1,1
2018,22,041,11,11,11,0.0036642239,3,3
2018,22,043,196,196,196,0.0648791791,1,1
2018,22,045,75,75,75,0.0059737157,1,1
2018,22,047,158,158,158,0.0312376433,1,1
2018,22,049,10,10,10,0.0044247788,3,3
2018,22,051,1298,1298,1298,0.0259932714,1,1
2018,22,053,120,120,120,0.020746888,1,1
2018,22,055,862,859,865,0.0265181813,1,1
2018,22,057,839,839,839,0.0582557978,1,1
2018,22,059,312,312,312,0.1184060721,1,1
2018,22,061,54,54,54,0.0090878492,1,1
2018,22,063,30,30,30,0.0011755486,1,1
2018,22,065,33,33,33,0.0265486726,1,1
2018,22,067,193,193,193,0.0513571048,1,1
2018,22,069,170,170,170,0.0286532951,1,1
2018,22,071,2767,2762,2772,0.0540113215,1,1
2018,22,073,308,308,308,0.011109508,1,1
2018,22,075,50,50,50,0.0124564026,1,1
2018,22,077,79,79,79,0.0275934335,1,1
2018,22,079,963,963,963,0.0416180475,1,1
2018,22,081,144,144,144,0.1001390821,1,1
2018,22,083,23,23,23,0.0082585278,3,3
2018,22,085,43,43,43,0.0097994531,1,1
2018,22,087,80,80,80,0.0103199174,1,1
2018,22,089,21,21,21,0.0022512864,3,3
2018,22,091,28,28,28,0.0237087214,3,3
2018,22,093,37,36,38,0.0096404377,2,2
2018,22,095,71,71,71,0.011952862,1,1
2018,22,097,152,152,152,0.0111846946,1,1
2018,22,099,155,155,155,0.0197956577,1,1
2018,22,101,319,319,319,0.0378545152,1,1
2018,22,103,638,638,638,0.0167713782,1,1
2018,22,105,290,290,290,0.0150305795,1,1
2018,22,107,,,,,,
2018,22,109,756,756,756,0.0438108484,1,1
2018,22,111,50,50,50,0.0168634064,1,1
2018,22,113,88,88,88,0.0091906005,1,1
2018,22,115,,,,,,
2018,22,117,70,70,70,0.0097601785,1,1
2018,22,119,97,97,97,0.0157980456,1,1
2018,22,121,108,108,108,0.0284061021,1,1
2018,22,123,,,,,,
2018,22,125,40,40,40,0.017644464,1,1
2018,22,127,49,49,49,0.0226223453,1,1
2018,23,001,390,390,390,0.0228631727,1,1
2018,23,003,37,33,41,0.0059275873,3,3
2018,23,005,756,755,757,0.0219978468,1,1
2018,23,007,37,36,38,0.0120875531,2,2
2018,23,009,85,82,88,0.0188094711,2,2
2018,23,011,229,229,229,0.0155835318,1,1
2018,23,013,69,68,70,0.0134215133,1,1
2018,23,015,26,26,26,0.0086666667,3,3
2018,23,017,139,138,140,0.0156461054,1,1
2018,23,019,206,202,210,0.0111435681,1,1
2018,23,021,,,,,,
2018,23,023,99,98,100,0.0222172352,1,1
2018,23,025,68,66,70,0.0100206307,2,2
2018,23,027,67,66,68,0.0194541231,1,1
2018,23,029,14,12,16,0.0084439083,3,3
2018,23,031,313,311,315,0.0120742198,1,1
2018,24,001,76,76,76,0.0089003396,1,1
2018,24,003,1246,1246,1246,0.0149520598,1,1
2018,24,005,3031,3031,3031,0.0266311702,1,1
2018,24,009,217,217,217,0.0136169679,1,1
2018,24,011,162,162,162,0.0277920741,1,1
2018,24,013,175,175,175,0.0069502363,1,1
2018,24,015,642,642,642,0.0419415953,1,1
2018,24,017,699,699,699,0.0257857459,1,1
2018,24,019,80,80,80,0.0167189133,1,1
2018,24,021,853,853,853,0.0199705008,1,1
2018,24,023,59,59,59,0.0153565851,1,1
2018,24,025,415,415,415,0.0109712896,1,1
2018,24,027,465,465,465,0.0080301173,1,1
2018,24,029,101,101,101,0.0528242678,1,1
2018,24,031,1437,1437,1437,0.0088332924,1,1
2018,24,033,1444,1444,1444,0.0108852153,1,1
2018,24,035,181,181,181,0.0233578526,1,1
2018,24,037,205,205,205,0.0113895216,1,1
2018,24,039,117,117,117,0.0399317406,1,1
2018,24,041,252,252,252,0.053915276,1,1
2018,24,043,740,740,740,0.0326264274,1,1
2018,24,045,702,702,702,0.0469596629,1,1
2018,24,047,248,248,248,0.0364170338,1,1
2018,24,510,2928,2928,2928,0.0367373057,1,1
2018,25,001,406,403,409,0.0175818465,1,1
2018,25,003,205,203,207,0.0146701016,1,1
2018,25,005,2304,2299,2309,0.0296651087,1,1
2018,25,007,10,10,10,0.015576324,3,3
2018,25,009,2989,2985,2993,0.0282055637,1,1
2018,25,011,187,180,194,0.0233196159,2,2
2018,25,013,3052,3050,3054,0.0428904691,1,1
2018,25,015,181,180,182,0.0124083088,1,1
2018,25,017,3049,3038,3060,0.0147845356,1,1
2018,25,019,,,,,,
2018,25,021,756,752,760,0.0079961923,1,1
2018,25,023,1020,1012,1028,0.0125210218,1,1
2018,25,025,5582,5580,5584,0.0683398629,1,1
2018,25,027,4889,4880,4898,0.0395508563,1,1
2018,26,001,21,21,21,0.0306122449,3,3
2018,26,003,37,37,37,0.036097561,1,1
2018,26,005,539,538,540,0.0294551615,1,1
2018,26,007,194,194,194,0.0489034535,1,1
2018,26,009,180,180,180,0.0557966522,1,1
2018,26,011,95,95,95,0.0480283114,1,1
2018,26,013,46,45,47,0.0477673936,1,1
2018,26,015,360,360,360,0.0399733511,1,1
2018,26,017,489,489,489,0.0336916081,1,1
2018,26,019,101,101,101,0.0539818279,1,1
2018,26,021,858,858,858,0.0329581685,1,1
2018,26,023,628,628,628,0.0888763091,1,1
2018,26,025,894,893,895,0.0450968523,1,1
2018,26,027,323,323,323,0.047029703,1,1
2018,26,029,208,206,210,0.0532923392,1,1
2018,26,031,201,201,201,0.0713271824,1,1
2018,26,033,154,153,155,0.0336832896,1,1
2018,26,035,177,177,177,0.0422434368,1,1
2018,26,037,198,197,199,0.0186810076,1,1
2018,26,039,50,50,50,0.0318268619,1,1
2018,26,041,148,148,148,0.0326422585,1,1
2018,26,043,96,96,96,0.025862069,1,1
2018,26,045,685,685,685,0.0373459819,1,1
2018,26,047,164,164,164,0.0365500334,1,1
2018,26,049,1328,1327,1329,0.020007533,1,1
2018,26,051,63,63,63,0.0235866717,1,1
2018,26,053,64,64,64,0.040175769,1,1
2018,26,055,607,607,607,0.0465490798,1,1
2018,26,057,282,281,283,0.046812749,1,1
2018,26,059,541,540,542,0.0904228648,1,1
2018,26,061,86,84,88,0.0155571635,1,1
2018,26,063,107,106,108,0.0228144989,1,1
2018,26,065,1030,1030,1030,0.0244064262,1,1
2018,26,067,308,307,309,0.0370414913,1,1
2018,26,069,384,384,384,0.0994046078,1,1
2018,26,071,38,38,38,0.0298977183,1,1
2018,26,073,215,215,215,0.0336252737,1,1
2018,26,075,962,961,963,0.0398739949,1,1
2018,26,077,1473,1472,1474,0.0404570299,1,1
2018,26,079,133,132,134,0.0651960784,1,1
2018,26,081,2694,2687,2701,0.0245816377,1,1
2018,26,083,,,,,,
2018,26,085,94,94,94,0.1825242718,1,1
2018,26,087,384,384,384,0.0320721624,1,1
2018,26,089,114,114,114,0.0589147287,1,1
2018,26,091,533,532,534,0.0342589022,1,1
2018,26,093,374,374,374,0.01443681,1,1
2018,26,095,69,69,69,0.1157718121,1,1
2018,26,097,86,85,87,0.0665119876,1,1
2018,26,099,1606,1606,1606,0.0130761527,1,1
2018,26,101,286,285,287,0.0509349955,1,1
2018,26,103,147,146,148,0.0174625802,1,1
2018,26,105,273,273,273,0.0622293139,1,1
2018,26,107,186,186,186,0.0295566502,1,1
2018,26,109,150,149,151,0.0432152118,1,1
2018,26,111,356,356,356,0.0263899185,1,1
2018,26,113,103,103,103,0.046946217,1,1
2018,26,115,735,735,735,0.031388794,1,1
2018,26,117,450,450,450,0.0421269425,1,1
2018,26,119,23,23,23,0.0353846154,3,3
2018,26,121,759,758,760,0.0267838238,1,1
2018,26,123,703,703,703,0.0897943543,1,1
2018,26,125,2187,2185,2189,0.0123075365,1,1
2018,26,127,308,308,308,0.098089172,1,1
2018,26,129,127,127,127,0.0587690884,1,1
2018,26,131,,,,,,
2018,26,133,210,210,210,0.0540818954,1,1
2018,26,135,96,96,96,0.1155234657,1,1
2018,26,137,56,56,56,0.0146175933,1,1
2018,26,139,945,945,945,0.0206201314,1,1
2018,26,141,62,62,62,0.0454878944,1,1
2018,26,143,263,263,263,0.0832278481,1,1
2018,26,145,734,734,734,0.026832389,1,1
2018,26,147,614,614,614,0.0224169405,1,1
2018,26,149,494,494,494,0.0462980319,1,1
2018,26,151,355,355,355,0.0560644346,1,1
2018,26,153,30,30,30,0.036809816,1,1
2018,26,155,380,380,380,0.0336521431,1,1
2018,26,157,291,291,291,0.0375580795,1,1
2018,26,159,673,672,674,0.043229702,1,1
2018,26,161,928,924,932,0.0208999595,1,1
2018,26,163,3388,3368,3408,0.0128207554,1,1
2018,26,165,318,318,318,0.0497419052,1,1
2018,27,001,,,,,,
2018,27,003,1652,1651,1653,0.0260292751,1,1
2018,27,005,148,148,148,0.0317120206,1,1
2018,27,007,409,408,410,0.0534430942,1,1
2018,27,009,52,52,52,0.0078656784,1,1
2018,27,011,,,,,,
2018,27,013,230,230,230,0.023677167,1,1
2018,27,015,48,48,48,0.0177777778,1,1
2018,27,017,85,84,86,0.014805783,1,1
2018,27,019,41,40,42,0.0024863554,1,1
2018,27,021,161,161,161,0.0521710953,1,1
2018,27,023,28,28,28,0.0130963517,3,3
2018,27,025,39,38,40,0.0053882288,2,2
2018,27,027,183,182,184,0.0174086758,1,1
2018,27,029,,,,,,
2018,27,031,,,,,,
2018,27,033,,,,,,
2018,27,035,45,44,46,0.0046840845,1,1
2018,27,037,776,776,776,0.0102804605,1,1
2018,27,039,14,14,14,0.0048159615,3,3
2018,27,041,75,75,75,0.0133570793,1,1
2018,27,043,,,,,,
2018,27,045,,,,,,
2018,27,047,46,46,46,0.0112140419,1,1
2018,27,049,74,73,75,0.0124307072,1,1
2018,27,051,,,,,,
2018,27,053,5686,5680,5692,0.0343648012,1,1
2018,27,055,34,33,35,0.0081671871,2,2
2018,27,057,,,,,,
2018,27,059,98,97,99,0.0156524517,1,1
2018,27,061,135,135,135,0.0195964581,1,1
2018,27,063,,,,,,
2018,27,065,96,96,96,0.0445889457,1,1
2018,27,067,22,22,22,0.0035871515,3,3
2018,27,069,,,,,,
2018,27,071,11,11,11,0.0084745763,3,3
2018,27,073,,,,,,
2018,27,075,,,,,,
2018,27,077,,,,,,
2018,27,079,69,69,69,0.0162735849,1,1
2018,27,081,,,,,,
2018,27,083,37,36,38,0.0110217456,2,2
2018,27,085,80,80,80,0.0162074554,1,1
2018,27,087,84,84,84,0.0627333831,1,1
2018,27,089,,,,,,
2018,27,091,100,99,101,0.0362056481,1,1
2018,27,093,33,33,33,0.0098039216,1,1
2018,27,095,174,174,174,0.0274318146,1,1
2018,27,097,35,35,35,0.0100286533,1,1
2018,27,099,39,39,39,0.0068722467,1,1
2018,27,101,11,10,12,0.0100640439,3,3
2018,27,103,27,27,27,0.0120213713,3,3
2018,27,105,14,13,15,0.0031263957,3,3
2018,27,107,10,9,11,0.0126262626,3,3
2018,27,109,463,461,465,0.019074692,1,1
2018,27,111,29,28,30,0.0071393402,3,3
2018,27,113,12,12,12,0.0059405941,3,3
2018,27,115,68,68,68,0.0203592814,1,1
2018,27,117,19,19,19,0.0120788303,3,3
2018,27,119,64,64,64,0.0169761273,1,1
2018,27,121,,,,,,
2018,27,123,2962,2958,2966,0.0335549942,1,1
2018,27,125,,,,,,
2018,27,127,40,40,40,0.0246609125,1,1
2018,27,129,,,,,,
2018,27,131,119,117,121,0.0144417476,1,1
2018,27,133,,,,,,
2018,27,135,,,,,,
2018,27,137,573,571,575,0.0256651438,1,1
2018,27,139,112,112,112,0.0044084075,1,1
2018,27,141,98,97,99,0.0048008622,1,1
2018,27,143,25,23,27,0.0120889749,3,3
2018,27,145,681,678,684,0.0271444515,1,1
2018,27,147,154,152,156,0.0228418867,1,1
2018,27,149,,,,,,
2018,27,151,,,,,,
2018,27,153,146,146,146,0.0471576227,1,1
2018,27,155,,,,,,
2018,27,157,35,35,35,0.0108325596,1,1
2018,27,159,29,28,30,0.0086412396,3,3
2018,27,161,64,64,64,0.0174054936,1,1
2018,27,163,304,302,306,0.0077906768,1,1
2018,27,165,,,,,,
2018,27,167,,,,,,
2018,27,169,28,27,29,0.0059854639,3,3
2018,27,171,119,117,121,0.0044684766,1,1
2018,27,173,,,,,,
2018,28,001,,,,,,
2018,28,003,363,363,363,0.0618925831,1,1
2018,28,005,,,,,,
2018,28,007,,,,,,
2018,28,009,,,,,,
2018,28,011,,,,,,
2018,28,013,46,46,46,0.0184,1,1
2018,28,015,,,,,,
2018,28,017,,,,,,
2018,28,019,,,,,,
2018,28,021,,,,,,
2018,28,023,,,,,,
2018,28,025,,,,,,
2018,28,027,19,19,19,0.0081127242,3,3
2018,28,029,11,11,11,0.0043392505,3,3
2018,28,031,23,23,23,0.0082942661,3,3
2018,28,033,,,,,,
2018,28,035,152,152,152,0.0175135384,1,1
2018,28,037,,,,,,
2018,28,039,47,47,47,0.0114188533,1,1
2018,28,041,,,,,,
2018,28,043,,,,,,
2018,28,045,45,45,45,0.0072,1,1
2018,28,047,1935,1935,1935,0.0587182133,1,1
2018,28,049,1860,1859,1861,0.0636006155,1,1
2018,28,051,,,,,,
2018,28,053,103,103,103,0.0651898734,1,1
2018,28,055,,,,,,
2018,28,057,59,59,59,0.0168571429,1,1
2018,28,059,379,379,379,0.0159103312,1,1
2018,28,061,,,,,,
2018,28,063,,,,,,
2018,28,065,,,,,,
2018,28,067,28,27,29,0.0023584906,3,3
2018,28,069,,,,,,
2018,28,071,88,88,88,0.0122018857,1,1
2018,28,073,77,77,77,0.007247741,1,1
2018,28,075,168,168,168,0.0145896657,1,1
2018,28,077,,,,,,
2018,28,079,11,11,11,0.0038664323,3,3
2018,28,081,187,186,188,0.0117109218,1,1
2018,28,083,127,127,127,0.026180169,1,1
2018,28,085,,,,,,
2018,28,087,126,126,126,0.0138370305,1,1
2018,28,089,,,,,,
2018,28,091,61,61,61,0.0165311653,1,1
2018,28,093,87,87,87,0.0204033771,1,1
2018,28,095,85,85,85,0.021733572,1,1
2018,28,097,27,27,27,0.0213607595,3,3
2018,28,099,10,9,11,0.002356823,3,3
2018,28,101,189,189,189,0.0985915493,1,1
2018,28,103,35,35,35,0.0234113712,1,1
2018,28,105,,,,,,
2018,28,107,,,,,,
2018,28,109,139,139,139,0.0161665504,1,1
2018,28,111,,,,,,
2018,28,113,73,73,73,0.0172048079,1,1
2018,28,115,37,37,37,0.0062510559,1,1
2018,28,117,70,70,70,0.0289735099,1,1
2018,28,119,,,,,,
2018,28,121,23,23,23,0.0054028659,3,3
2018,28,123,,,,,,
2018,28,125,63,63,63,0.077970297,1,1
2018,28,127,307,307,307,0.0851122817,1,1
2018,28,129,,,,,,
2018,28,131,14,14,14,0.0055183287,3,3
2018,28,133,,,,,,
2018,28,135,101,100,102,0.0567734682,1,1
2018,28,137,19,19,19,0.0047559449,3,3
2018,28,139,,,,,,
2018,28,141,12,12,12,0.0039525692,3,3
2018,28,143,27,27,27,0.0136708861,3,3
2018,28,145,20,20,20,0.0039761431,3,3
2018,28,147,,,,,,
2018,28,149,243,243,243,0.0312540193,1,1
2018,28,151,101,100,102,0.0156710628,1,1
2018,28,153,,,,,,
2018,28,155,,,,,,
2018,28,157,,,,,,
2018,28,159,,,,,,
2018,28,161,,,,,,
2018,28,163,34,34,34,0.0227424749,1,1
2018,29,001,,,,,,
2018,29,003,,,,,,
2018,29,005,,,,,,
2018,29,007,111,111,111,0.0362626593,1,1
2018,29,009,313,313,313,0.0506636452,1,1
2018,29,011,50,50,50,0.0301568154,1,1
2018,29,013,17,15,19,0.0071881607,3,3
2018,29,015,175,175,175,0.0733445096,1,1
2018,29,017,39,39,39,0.0236363636,1,1
2018,29,019,63,63,63,0.0026170398,1,1
2018,29,021,501,501,501,0.0420231505,1,1
2018,29,023,116,116,116,0.017154688,1,1
2018,29,025,48,46,50,0.031372549,2,2
2018,29,027,69,69,69,0.0162085976,1,1
2018,29,029,738,738,738,0.142774231,1,1
2018,29,031,340,340,340,0.0342672848,1,1
2018,29,033,41,38,44,0.0332522303,3,3
2018,29,035,123,123,123,0.1045029737,1,1
2018,29,037,486,485,487,0.0274142599,1,1
2018,29,039,46,46,46,0.0206741573,1,1
2018,29,041,11,10,12,0.0117773019,3,3
2018,29,043,211,211,211,0.013433501,1,1
2018,29,045,,,,,,
2018,29,047,965,965,965,0.0226446087,1,1
2018,29,049,96,96,96,0.0236278612,1,1
2018,29,051,187,187,187,0.0171638366,1,1
2018,29,053,47,46,48,0.0228821811,1,1
2018,29,055,123,123,123,0.0376953724,1,1
2018,29,057,,,,,,
2018,29,059,47,47,47,0.0267958951,1,1
2018,29,061,,,,,,
2018,29,063,44,42,46,0.0478781284,2,2
2018,29,065,40,39,41,0.022246941,2,2
2018,29,067,16,16,16,0.0110041265,3,3
2018,29,069,42,41,43,0.011941996,1,1
2018,29,071,546,544,548,0.0345832278,1,1
2018,29,073,120,120,120,0.0435097897,1,1
2018,29,075,,,,,,
2018,29,077,2151,2150,2152,0.0557687322,1,1
2018,29,079,26,25,27,0.0193596426,3,3
2018,29,081,15,14,16,0.0124481328,3,3
2018,29,083,100,100,100,0.0378931413,1,1
2018,29,085,,,,,,
2018,29,087,,,,,,
2018,29,089,32,32,32,0.0294117647,1,1
2018,29,091,208,208,208,0.0454943132,1,1
2018,29,093,31,31,31,0.02100271,1,1
2018,29,095,4539,4539,4539,0.0428328772,1,1
2018,29,097,807,807,807,0.0368796271,1,1
2018,29,099,841,840,842,0.0244832606,1,1
2018,29,101,423,422,424,0.05618276,1,1
2018,29,103,,,,,,
2018,29,105,212,212,212,0.0364010989,1,1
2018,29,107,99,99,99,0.0246944375,1,1
2018,29,109,215,215,215,0.0366894198,1,1
2018,29,111,,,,,,
2018,29,113,53,53,53,0.0070441255,1,1
2018,29,115,40,39,41,0.0337268128,2,2
2018,29,117,30,30,30,0.0162689805,1,1
2018,29,119,193,193,193,0.0508697944,1,1
2018,29,121,,,,,,
2018,29,123,13,13,13,0.0067849687,3,3
2018,29,125,,,,,,
2018,29,127,146,146,146,0.0296025953,1,1
2018,29,129,,,,,,
2018,29,131,53,52,54,0.0107592367,1,1
2018,29,133,31,30,32,0.0153922542,2,2
2018,29,135,60,58,62,0.0264666961,2,2
2018,29,137,20,19,21,0.01447178,3,3
2018,29,139,71,71,71,0.044072005,1,1
2018,29,141,185,185,185,0.0870178739,1,1
2018,29,143,66,66,66,0.0663316583,1,1
2018,29,145,494,494,494,0.0586698337,1,1
2018,29,147,,,,,,
2018,29,149,53,52,54,0.0277632268,1,1
2018,29,151,13,13,13,0.0091613813,3,3
2018,29,153,45,44,46,0.0317124736,1,1
2018,29,155,12,11,13,0.0068610635,3,3
2018,29,157,73,73,73,0.0324877615,1,1
2018,29,159,924,924,924,0.1378281623,1,1
2018,29,161,106,106,106,0.0162951576,1,1
2018,29,163,16,16,16,0.0137575236,3,3
2018,29,165,263,262,264,0.0154878982,1,1
2018,29,167,164,163,165,0.0357454228,1,1
2018,29,169,137,137,137,0.0163445478,1,1
2018,29,171,,,,,,
2018,29,173,31,31,31,0.0421195652,1,1
2018,29,175,73,73,73,0.0229199372,1,1
2018,29,177,23,23,23,0.0129723632,3,3
2018,29,179,30,29,31,0.0300902708,2,2
2018,29,181,113,111,115,0.054748062,1,1
2018,29,183,621,621,621,0.0103799288,1,1
2018,29,185,13,13,13,0.0228471002,3,3
2018,29,186,21,21,21,0.0114006515,3,3
2018,29,187,528,528,528,0.0497268789,1,1
2018,29,189,6408,6408,6408,0.0451830803,1,1
2018,29,195,301,300,302,0.0880116959,1,1
2018,29,197,,,,,,
2018,29,199,,,,,,
2018,29,201,102,101,103,0.0172998643,1,1
2018,29,203,60,60,60,0.047355959,1,1
2018,29,205,12,12,12,0.0163265306,3,3
2018,29,207,33,31,35,0.007864633,3,3
2018,29,209,194,194,194,0.0532089962,1,1
2018,29,211,50,49,51,0.052742616,1,1
2018,29,213,287,286,288,0.0356344673,1,1
2018,29,215,67,67,67,0.023633157,1,1
2018,29,217,133,132,134,0.0478761699,1,1
2018,29,219,275,275,275,0.0568299235,1,1
2018,29,221,202,201,203,0.0605515588,1,1
2018,29,223,,,,,,
2018,29,225,260,260,260,0.0437342304,1,1
2018,29,227,,,,,,
2018,29,229,84,84,84,0.0295151089,1,1
2018,29,510,5297,5296,5298,0.1722713672,1,1
2018,30,001,11,9,13,0.0099188458,3,3
2018,30,003,138,137,139,0.058277027,1,1
2018,30,005,93,92,94,0.1894093686,1,1
2018,30,007,,,,,,
2018,30,009,,,,,,
2018,30,011,,,,,,
2018,30,013,385,382,388,0.0359577846,1,1
2018,30,015,,,,,,
2018,30,017,,,,,,
2018,30,019,,,,,,
2018,30,021,12,12,12,0.0101265823,3,3
2018,30,023,38,38,38,0.0353488372,1,1
2018,30,025,,,,,,
2018,30,027,,,,,,
2018,30,029,581,578,584,0.0470026697,1,1
2018,30,031,188,185,191,0.0158329122,1,1
2018,30,033,,,,,,
2018,30,035,307,307,307,0.1523573201,1,1
2018,30,037,,,,,,
2018,30,039,,,,,,
2018,30,041,58,57,59,0.0321151717,1,1
2018,30,043,10,8,12,0.0096061479,3,3
2018,30,045,,,,,,
2018,30,047,289,289,289,0.069924994,1,1
2018,30,049,231,229,233,0.0277310924,1,1
2018,30,051,,,,,,
2018,30,053,40,39,41,0.0174672489,2,2
2018,30,055,,,,,,
2018,30,057,,,,,,
2018,30,059,,,,,,
2018,30,061,63,63,63,0.152173913,1,1
2018,30,063,524,523,525,0.0390026051,1,1
2018,30,065,19,19,19,0.0341726619,3,3
2018,30,067,36,36,36,0.0260492041,1,1
2018,30,069,,,,,,
2018,30,071,,,,,,
2018,30,073,96,96,96,0.1476923077,1,1
2018,30,075,,,,,,
2018,30,077,10,10,10,0.0483091787,3,3
2018,30,079,,,,,,
2018,30,081,62,62,62,0.0115477743,1,1
2018,30,083,67,65,69,0.0402644231,2,2
2018,30,085,141,137,145,0.064947029,2,2
2018,30,087,202,199,205,0.1430594901,1,1
2018,30,089,,,,,,
2018,30,091,,,,,,
2018,30,093,135,135,135,0.0319451018,1,1
2018,30,095,,,,,,
2018,30,097,,,,,,
2018,30,099,,,,,,
2018,30,101,15,14,16,0.0355450237,3,3
2018,30,103,,,,,,
2018,30,105,,,,,,
2018,30,107,,,,,,
2018,30,109,,,,,,
2018,30,111,505,501,509,0.0260376386,1,1
2018,31,001,129,129,129,0.035734072,1,1
2018,31,003,,,,,,
2018,31,005,,,,,,
2018,31,007,,,,,,
2018,31,009,,,,,,
2018,31,011,,,,,,
2018,31,013,,,,,,
2018,31,015,,,,,,
2018,31,017,,,,,,
2018,31,019,82,82,82,0.0130948579,1,1
2018,31,021,,,,,,
2018,31,023,,,,,,
2018,31,025,,,,,,
2018,31,027,,,,,,
2018,31,029,,,,,,
2018,31,031,,,,,,
2018,31,033,,,,,,
2018,31,035,30,30,30,0.0437317784,1,1
2018,31,037,,,,,,
2018,31,039,,,,,,
2018,31,041,,,,,,
2018,31,043,43,43,43,0.0111254851,1,1
2018,31,045,,,,,,
2018,31,047,169,169,169,0.0416872225,1,1
2018,31,049,,,,,,
2018,31,051,,,,,,
2018,31,053,699,698,700,0.1416126418,1,1
2018,31,055,1855,1855,1855,0.0190309111,1,1
2018,31,057,,,,,,
2018,31,059,,,,,,
2018,31,061,,,,,,
2018,31,063,,,,,,
2018,31,065,,,,,,
2018,31,067,18,17,19,0.0070643642,3,3
2018,31,069,,,,,,
2018,31,071,,,,,,
2018,31,073,,,,,,
2018,31,075,,,,,,
2018,31,077,,,,,,
2018,31,079,356,355,357,0.0311488319,1,1
2018,31,081,,,,,,
2018,31,083,,,,,,
2018,31,085,,,,,,
2018,31,087,,,,,,
2018,31,089,,,,,,
2018,31,091,,,,,,
2018,31,093,27,27,27,0.0551020408,3,3
2018,31,095,,,,,,
2018,31,097,,,,,,
2018,31,099,,,,,,
2018,31,101,,,,,,
2018,31,103,,,,,,
2018,31,105,,,,,,
2018,31,107,25,24,26,0.0564334086,3,3
2018,31,109,363,363,363,0.0086387435,1,1
2018,31,111,82,82,82,0.0193853428,1,1
2018,31,113,,,,,,
2018,31,115,,,,,,
2018,31,117,,,,,,
2018,31,119,,,,,,
2018,31,121,,,,,,
2018,31,123,,,,,,
2018,31,125,34,34,34,0.0743982495,1,1
2018,31,127,,,,,,
2018,31,129,,,,,,
2018,31,131,18,18,18,0.012345679,3,3
2018,31,133,,,,,,
2018,31,135,,,,,,
2018,31,137,,,,,,
2018,31,139,,,,,,
2018,31,141,23,23,23,0.0046511628,3,3
2018,31,143,,,,,,
2018,31,145,,,,,,
2018,31,147,,,,,,
2018,31,149,,,,,,
2018,31,151,51,51,51,0.0238764045,1,1
2018,31,153,211,211,211,0.0076847434,1,1
2018,31,155,,,,,,
2018,31,157,82,82,82,0.0151068534,1,1
2018,31,159,,,,,,
2018,31,161,,,,,,
2018,31,163,12,12,12,0.0264900662,3,3
2018,31,165,,,,,,
2018,31,167,,,,,,
2018,31,169,,,,,,
2018,31,171,,,,,,
2018,31,173,37,37,37,0.0328888889,1,1
2018,31,175,,,,,,
2018,31,177,,,,,,
2018,31,179,,,,,,
2018,31,181,,,,,,
2018,31,183,,,,,,
2018,31,185,20,20,20,0.0143575018,3,3
2018,32,001,140,140,140,0.0403923832,1,1
2018,32,003,13844,13844,13844,0.0412845815,1,1
2018,32,005,192,192,192,0.0327868852,1,1
2018,32,007,162,162,162,0.015987368,1,1
2018,32,009,,,,,,
2018,32,011,,,,,,
2018,32,013,92,92,92,0.0260992908,1,1
2018,32,015,34,34,34,0.0339321357,1,1
2018,32,017,30,30,30,0.0295566502,1,1
2018,32,019,458,458,458,0.0503020319,1,1
2018,32,021,58,58,58,0.096345515,1,1
2018,32,023,463,463,463,0.0844274252,1,1
2018,32,027,59,59,59,0.0896656535,1,1
2018,32,029,16,16,16,0.0347826087,3,3
2018,32,031,2489,2489,2489,0.0368249741,1,1
2018,32,033,33,33,33,0.019939577,1,1
2018,32,510,572,572,572,0.0113146339,1,1
2018,33,001,280,278,282,0.0318254149,1,1
2018,33,003,210,207,213,0.036263167,1,1
2018,33,005,168,164,172,0.0206642066,1,1
2018,33,007,60,57,63,0.0183879865,3,3
2018,33,009,204,197,211,0.0203167015,2,2
2018,33,011,1569,1563,1575,0.028303929,1,1
2018,33,013,317,308,326,0.0151211601,2,2
2018,33,015,523,518,528,0.0132549358,1,1
2018,33,017,430,429,431,0.0299588936,1,1
2018,33,019,241,239,243,0.0489240763,1,1
2018,34,001,759,757,761,0.017417445,1,1
2018,34,003,682,672,692,0.0069942262,1,1
2018,34,005,1067,1060,1074,0.0159377427,1,1
2018,34,007,1512,1508,1516,0.0200986322,1,1
2018,34,009,320,318,322,0.0280234697,1,1
2018,34,011,737,733,741,0.0258850801,1,1
2018,34,013,1202,1196,1208,0.0092812799,1,1
2018,34,015,778,777,779,0.017179323,1,1
2018,34,017,515,510,520,0.0057983742,1,1
2018,34,019,26,22,30,0.0023168776,3,3
2018,34,021,446,444,448,0.0078479676,1,1
2018,34,023,1275,1273,1277,0.0100294196,1,1
2018,34,025,860,852,868,0.0108591343,1,1
2018,34,027,290,287,293,0.0056449886,1,1
2018,34,029,857,854,860,0.0124421086,1,1
2018,34,031,906,901,911,0.0114310227,1,1
2018,34,033,299,298,300,0.0308438209,1,1
2018,34,035,210,208,212,0.0047637411,1,1
2018,34,037,132,127,137,0.0083735093,2,2
2018,34,039,922,921,923,0.0116917536,1,1
2018,34,041,205,200,210,0.0158081431,1,1
2018,35,001,4703,4698,4708,0.0497172155,1,1
2018,35,003,,,,,,
2018,35,005,222,222,222,0.0194055944,1,1
2018,35,006,25,25,25,0.0071715433,3,3
2018,35,007,17,16,18,0.0124816446,3,3
2018,35,009,98,98,98,0.0119497622,1,1
2018,35,011,45,45,45,0.140625,1,1
2018,35,013,720,720,720,0.0180252353,1,1
2018,35,015,290,290,290,0.0232390416,1,1
2018,35,017,,,,,,
2018,35,019,,,,,,
2018,35,021,,,,,,
2018,35,023,92,92,92,0.1807465619,1,1
2018,35,025,261,261,261,0.0168833689,1,1
2018,35,027,34,33,35,0.0132501949,2,2
2018,35,028,,,,,,
2018,35,029,353,353,353,0.0649852725,1,1
2018,35,031,890,889,891,0.0786288541,1,1
2018,35,033,,,,,,
2018,35,035,189,189,189,0.0295959912,1,1
2018,35,037,90,90,90,0.0938477581,1,1
2018,35,039,134,131,137,0.0282343026,1,1
2018,35,041,12,11,13,0.0039946738,3,3
2018,35,043,285,285,285,0.0132036136,1,1
2018,35,045,668,668,668,0.0285275026,1,1
2018,35,047,49,49,49,0.0160603081,1,1
2018,35,049,1214,1211,1217,0.0715970748,1,1
2018,35,051,221,221,221,0.1689602446,1,1
2018,35,053,99,99,99,0.0494011976,1,1
2018,35,055,97,95,99,0.0272089762,1,1
2018,35,057,312,312,312,0.0747842761,1,1
2018,35,059,,,,,,
2018,35,061,573,573,573,0.0441210441,1,1
2018,36,001,1212,1211,1213,0.0301260222,1,1
2018,36,003,73,72,74,0.016058073,1,1
2018,36,005,44468,44467,44469,0.1963067768,1,1
2018,36,007,739,739,739,0.0279669997,1,1
2018,36,009,105,103,107,0.0090595341,1,1
2018,36,011,175,172,178,0.0184872174,1,1
2018,36,013,334,332,336,0.0194039389,1,1
2018,36,015,116,116,116,0.0103267159,1,1
2018,36,017,86,85,87,0.0119693807,1,1
2018,36,019,280,280,280,0.0252115973,1,1
2018,36,021,206,205,207,0.029820498,1,1
2018,36,023,108,107,109,0.0191897655,1,1
2018,36,025,35,31,39,0.0088473205,3,3
2018,36,027,950,950,950,0.0280145086,1,1
2018,36,029,2125,2119,2131,0.0178062678,1,1
2018,36,031,23,20,26,0.0089078234,3,3
2018,36,033,135,135,135,0.0248207391,1,1
2018,36,035,109,108,110,0.0140627016,1,1
2018,36,037,151,150,152,0.0185617701,1,1
2018,36,039,93,92,94,0.0158947189,1,1
2018,36,041,,,,,,
2018,36,043,45,43,47,0.0065626367,2,2
2018,36,045,218,217,219,0.0135445791,1,1
2018,36,047,35550,35550,35550,0.1094523074,1,1
2018,36,049,60,60,60,0.0145631068,1,1
2018,36,051,173,172,174,0.0222909419,1,1
2018,36,053,141,140,142,0.0159250056,1,1
2018,36,055,3523,3522,3524,0.0331754447,1,1
2018,36,057,249,249,249,0.0359566787,1,1
2018,36,059,3443,3434,3452,0.0178883162,1,1
2018,36,061,22650,22649,22651,0.1316401255,1,1
2018,36,063,479,477,481,0.0178691338,1,1
2018,36,065,566,563,569,0.0215569775,1,1
2018,36,067,2302,2300,2304,0.0345697552,1,1
2018,36,069,357,356,358,0.0222860353,1,1
2018,36,071,2027,2027,2027,0.0351799785,1,1
2018,36,073,60,59,61,0.010413051,1,1
2018,36,075,822,822,822,0.0427457098,1,1
2018,36,077,116,113,119,0.017756008,2,2
2018,36,079,96,96,96,0.0070129301,1,1
2018,36,081,22969,22969,22969,0.07879291,1,1
2018,36,083,645,645,645,0.0348742903,1,1
2018,36,085,2791,2791,2791,0.043961756,1,1
2018,36,087,883,883,883,0.0219286264,1,1
2018,36,089,567,567,567,0.0374702617,1,1
2018,36,091,551,550,552,0.0166194124,1,1
2018,36,093,540,539,541,0.0246970043,1,1
2018,36,095,83,82,84,0.0233934611,1,1
2018,36,097,30,30,30,0.0161377084,1,1
2018,36,099,127,127,127,0.03140455,1,1
2018,36,101,261,261,261,0.0199938716,1,1
2018,36,103,5202,5200,5204,0.022522698,1,1
2018,36,105,399,399,399,0.0448465775,1,1
2018,36,107,37,37,37,0.0070195409,1,1
2018,36,109,162,162,162,0.0149460282,1,1
2018,36,111,596,596,596,0.026175941,1,1
2018,36,113,214,214,214,0.0279227557,1,1
2018,36,115,231,230,232,0.0268510985,1,1
2018,36,117,300,300,300,0.0212464589,1,1
2018,36,119,2813,2807,2819,0.0216602884,1,1
2018,36,121,40,39,41,0.0099378882,2,2
2018,36,123,53,53,53,0.0250354275,1,1
2018,37,001,629,629,629,0.026508766,1,1
2018,37,003,79,79,79,0.0162384378,1,1
2018,37,005,61,61,61,0.043079096,1,1
2018,37,007,78,78,78,0.0245669291,1,1
2018,37,009,105,105,105,0.0344375205,1,1
2018,37,011,11,11,11,0.0055055055,3,3
2018,37,013,98,98,98,0.0148372445,1,1
2018,37,015,,,,,,
2018,37,017,66,66,66,0.0151689267,1,1
2018,37,019,450,450,450,0.0359109409,1,1
2018,37,021,843,842,844,0.0279992029,1,1
2018,37,023,72,72,72,0.0058871627,1,1
2018,37,025,543,542,544,0.0135777155,1,1
2018,37,027,223,223,223,0.0191893985,1,1
2018,37,029,,,,,,
2018,37,031,794,794,794,0.0967584694,1,1
2018,37,033,12,12,12,0.004743083,3,3
2018,37,035,279,279,279,0.0119979358,1,1
2018,37,037,443,442,444,0.0459162521,1,1
2018,37,039,20,20,20,0.0057820179,3,3
2018,37,041,35,35,35,0.017369727,1,1
2018,37,043,,,,,,
2018,37,045,319,318,320,0.0203353095,1,1
2018,37,047,89,89,89,0.0102287093,1,1
2018,37,049,1204,1204,1204,0.0877614987,1,1
2018,37,051,828,828,828,0.0161202399,1,1
2018,37,053,77,77,77,0.018702939,1,1
2018,37,055,200,200,200,0.0378429518,1,1
2018,37,057,377,377,377,0.0154394299,1,1
2018,37,059,136,136,136,0.0222658808,1,1
2018,37,061,297,297,297,0.0309149578,1,1
2018,37,063,1118,1114,1122,0.0263505232,1,1
2018,37,065,127,127,127,0.0211737246,1,1
2018,37,067,680,680,680,0.0123658847,1,1
2018,37,069,161,161,161,0.0196078431,1,1
2018,37,071,755,755,755,0.0229965581,1,1
2018,37,073,19,19,19,0.0112359551,3,3
2018,37,075,45,45,45,0.0384944397,1,1
2018,37,077,71,70,72,0.0082586949,1,1
2018,37,079,94,94,94,0.0322248886,1,1
2018,37,081,2796,2793,2799,0.0370360558,1,1
2018,37,083,110,109,111,0.0175354695,1,1
2018,37,085,237,237,237,0.0115249951,1,1
2018,37,087,244,244,244,0.0337669527,1,1
2018,37,089,352,352,352,0.0263118553,1,1
2018,37,091,27,27,27,0.0094240838,3,3
2018,37,093,188,188,188,0.020828717,1,1
2018,37,095,,,,,,
2018,37,097,410,410,410,0.0154763702,1,1
2018,37,099,110,110,110,0.0300793,1,1
2018,37,101,389,389,389,0.010603789,1,1
2018,37,103,47,47,47,0.0418894831,1,1
2018,37,105,326,326,326,0.0324023457,1,1
2018,37,107,132,132,132,0.0152954809,1,1
2018,37,109,102,102,102,0.0088022092,1,1
2018,37,111,459,459,459,0.0773899848,1,1
2018,37,113,75,75,75,0.0167448091,1,1
2018,37,115,24,24,24,0.0105633803,3,3
2018,37,117,18,18,18,0.0059820538,3,3
2018,37,119,4728,4725,4731,0.030411403,1,1
2018,37,121,33,33,33,0.0178764897,1,1
2018,37,123,64,64,64,0.016182048,1,1
2018,37,125,320,319,321,0.0241618846,1,1
2018,37,127,401,401,401,0.0245967,1,1
2018,37,129,1460,1459,1461,0.0547657452,1,1
2018,37,131,18,18,18,0.0063694268,3,3
2018,37,133,1374,1373,1375,0.0508399319,1,1
2018,37,135,248,248,248,0.0124930734,1,1
2018,37,137,182,182,182,0.0948410631,1,1
2018,37,139,122,121,123,0.0203435051,1,1
2018,37,141,925,925,925,0.0980911983,1,1
2018,37,143,32,32,32,0.0193939394,1,1
2018,37,145,49,49,49,0.0110709444,1,1
2018,37,147,340,339,341,0.013785833,1,1
2018,37,149,11,11,11,0.0049393803,3,3
2018,37,151,325,325,325,0.0157974044,1,1
2018,37,153,173,173,173,0.0238983285,1,1
2018,37,155,300,300,300,0.0136091453,1,1
2018,37,157,121,120,122,0.0100157272,1,1
2018,37,159,292,292,292,0.0153878583,1,1
2018,37,161,269,269,269,0.0333622721,1,1
2018,37,163,112,112,112,0.0099475975,1,1
2018,37,165,164,164,164,0.0286063143,1,1
2018,37,167,165,165,165,0.0195381883,1,1
2018,37,169,64,64,64,0.010808985,1,1
2018,37,171,145,145,145,0.0135996999,1,1
2018,37,173,49,49,49,0.0239726027,1,1
2018,37,175,165,165,165,0.043409629,1,1
2018,37,177,,,,,,
2018,37,179,262,262,262,0.0061751673,1,1
2018,37,181,216,216,216,0.0369041517,1,1
2018,37,183,3988,3984,3992,0.0240477095,1,1
2018,37,185,78,78,78,0.0393145161,1,1
2018,37,187,14,14,14,0.0103016924,3,3
2018,37,189,40,40,40,0.0084961767,1,1
2018,37,191,297,296,298,0.0158332445,1,1
2018,37,193,319,319,319,0.0338138647,1,1
2018,37,195,164,164,164,0.0147137987,1,1
2018,37,197,58,58,58,0.0108370703,1,1
2018,37,199,17,17,17,0.0079143389,3,3
2018,38,001,,,,,,
2018,38,003,,,,,,
2018,38,005,81,81,81,0.107712766,1,1
2018,38,007,,,,,,
2018,38,009,,,,,,
2018,38,011,,,,,,
2018,38,013,,,,,,
2018,38,015,427,427,427,0.0323264441,1,1
2018,38,017,377,375,379,0.0155778687,1,1
2018,38,019,,,,,,
2018,38,021,,,,,,
2018,38,023,,,,,,
2018,38,025,,,,,,
2018,38,027,,,,,,
2018,38,029,,,,,,
2018,38,031,,,,,,
2018,38,033,,,,,,
2018,38,035,148,147,149,0.0190500708,1,1
2018,38,037,,,,,,
2018,38,039,,,,,,
2018,38,041,,,,,,
2018,38,043,,,,,,
2018,38,045,,,,,,
2018,38,047,,,,,,
2018,38,049,,,,,,
2018,38,051,,,,,,
2018,38,053,403,403,403,0.1674979219,1,1
2018,38,055,,,,,,
2018,38,057,,,,,,
2018,38,059,72,72,72,0.0176125245,1,1
2018,38,061,12,12,12,0.0433212996,3,3
2018,38,063,,,,,,
2018,38,065,,,,,,
2018,38,067,,,,,,
2018,38,069,,,,,,
2018,38,071,22,22,22,0.0128205128,3,3
2018,38,073,,,,,,
2018,38,075,,,,,,
2018,38,077,103,103,103,0.067408377,1,1
2018,38,079,92,90,94,0.0333091962,1,1
2018,38,081,,,,,,
2018,38,083,,,,,,
2018,38,085,337,337,337,0.3297455969,1,1
2018,38,087,,,,,,
2018,38,089,92,92,92,0.0218061152,1,1
2018,38,091,,,,,,
2018,38,093,,,,,,
2018,38,095,,,,,,
2018,38,097,,,,,,
2018,38,099,,,,,,
2018,38,101,188,187,189,0.0206389285,1,1
2018,38,103,,,,,,
2018,38,105,401,401,401,0.0688293855,1,1
2018,39,001,51,51,51,0.0111524164,1,1
2018,39,003,65,62,68,0.006769423,2,2
2018,39,005,128,127,129,0.0235814296,1,1
2018,39,007,175,175,175,0.0148229714,1,1
2018,39,009,169,169,169,0.023958038,1,1
2018,39,011,42,40,44,0.0063044131,2,2
2018,39,013,80,79,81,0.0099700897,1,1
2018,39,015,46,45,47,0.0079146593,1,1
2018,39,017,1137,1137,1137,0.0196896755,1,1
2018,39,019,26,26,26,0.0112602858,3,3
2018,39,021,189,188,190,0.0277410832,1,1
2018,39,023,489,489,489,0.0257693929,1,1
2018,39,025,137,136,138,0.0052506515,1,1
2018,39,027,58,57,59,0.008005521,1,1
2018,39,029,22,20,24,0.0039783002,3,3
2018,39,031,80,80,80,0.0166493236,1,1
2018,39,033,105,104,106,0.0198187995,1,1
2018,39,035,3805,3792,3818,0.0247130879,1,1
2018,39,037,44,44,44,0.007367716,1,1
2018,39,039,47,46,48,0.0090228451,1,1
2018,39,041,161,161,161,0.0048415228,1,1
2018,39,043,240,239,241,0.0191372299,1,1
2018,39,045,230,230,230,0.0097157099,1,1
2018,39,047,105,105,105,0.0219206681,1,1
2018,39,049,4005,3987,4023,0.0210583324,1,1
2018,39,051,47,47,47,0.0062475076,1,1
2018,39,053,83,82,84,0.0194881428,1,1
2018,39,055,86,84,88,0.0087345115,1,1
2018,39,057,327,326,328,0.0148138081,1,1
2018,39,059,204,204,204,0.0450828729,1,1
2018,39,061,5064,5059,5069,0.0468359816,1,1
2018,39,063,149,145,153,0.0162628247,2,2
2018,39,065,21,21,21,0.0066772655,3,3
2018,39,067,,,,,,
2018,39,069,71,69,73,0.0166980245,2,2
2018,39,071,463,462,464,0.0734221376,1,1
2018,39,073,123,123,123,0.0326866862,1,1
2018,39,075,12,12,12,0.005636449,3,3
2018,39,077,53,53,53,0.0067887793,1,1
2018,39,079,67,66,68,0.0136986301,1,1
2018,39,081,,,,,,
2018,39,083,53,51,55,0.0070459984,2,2
2018,39,085,224,224,224,0.0077861587,1,1
2018,39,087,12,9,15,0.0017945267,3,3
2018,39,089,760,760,760,0.0271486747,1,1
2018,39,091,25,24,26,0.0055728934,3,3
2018,39,093,509,504,514,0.0119962291,1,1
2018,39,095,3229,3221,3237,0.043389457,1,1
2018,39,097,52,52,52,0.0094631483,1,1
2018,39,099,330,326,334,0.0140497275,1,1
2018,39,101,486,485,487,0.0437995674,1,1
2018,39,103,116,115,117,0.0044203948,1,1
2018,39,105,90,90,90,0.027480916,1,1
2018,39,107,89,88,90,0.0174990169,1,1
2018,39,109,158,157,159,0.0115454878,1,1
2018,39,111,196,196,196,0.094049904,1,1
2018,39,113,1254,1250,1258,0.0176190409,1,1
2018,39,115,157,157,157,0.0891538898,1,1
2018,39,117,16,13,19,0.0030953763,3,3
2018,39,119,156,155,157,0.0145035329,1,1
2018,39,121,31,30,32,0.018607443,2,2
2018,39,123,,,,,,
2018,39,125,,,,,,
2018,39,127,61,60,62,0.0106923751,1,1
2018,39,129,121,121,121,0.0127906977,1,1
2018,39,131,15,14,16,0.0076726343,3,3
2018,39,133,251,250,252,0.0146236309,1,1
2018,39,135,63,63,63,0.0122187742,1,1
2018,39,137,,,,,,
2018,39,139,513,511,515,0.0390767824,1,1
2018,39,141,560,560,560,0.06738058,1,1
2018,39,143,157,157,157,0.0199162755,1,1
2018,39,145,123,120,126,0.0135926622,1,1
2018,39,147,62,62,62,0.0149541727,1,1
2018,39,149,22,22,22,0.0057501307,3,3
2018,39,151,918,913,923,0.0167045765,1,1
2018,39,153,1661,1660,1662,0.0231714632,1,1
2018,39,155,217,213,221,0.0114276687,1,1
2018,39,157,239,238,240,0.0258826078,1,1
2018,39,159,41,40,42,0.0052396166,1,1
2018,39,161,,,,,,
2018,39,163,,,,,,
2018,39,165,174,174,174,0.0045284197,1,1
2018,39,167,194,194,194,0.0274593064,1,1
2018,39,169,189,186,192,0.0124089029,1,1
2018,39,171,85,84,86,0.0190029063,1,1
2018,39,173,209,207,211,0.0139621885,1,1
2018,39,175,,,,,,
2018,40,001,100,99,101,0.0370919881,1,1
2018,40,003,41,41,41,0.1025,1,1
2018,40,005,147,147,147,0.1308993767,1,1
2018,40,007,,,,,,
2018,40,009,151,151,151,0.050249584,1,1
2018,40,011,,,,,,
2018,40,013,359,359,359,0.0574216251,1,1
2018,40,015,77,77,77,0.0278884462,1,1
2018,40,017,140,140,140,0.0058690366,1,1
2018,40,019,251,250,252,0.0332010582,1,1
2018,40,021,557,557,557,0.0908497798,1,1
2018,40,023,51,51,51,0.0325047801,1,1
2018,40,025,,,,,,
2018,40,027,231,230,232,0.0051548692,1,1
2018,40,029,15,15,15,0.0167973124,3,3
2018,40,031,800,800,800,0.0436086127,1,1
2018,40,033,59,59,59,0.0711700844,1,1
2018,40,035,74,74,74,0.052002811,1,1
2018,40,037,386,385,387,0.0471882641,1,1
2018,40,039,119,119,119,0.0235970652,1,1
2018,40,041,262,262,262,0.066195048,1,1
2018,40,043,,,,,,
2018,40,045,,,,,,
2018,40,047,357,356,358,0.0443588469,1,1
2018,40,049,94,92,96,0.0408163265,1,1
2018,40,051,335,335,335,0.0486635677,1,1
2018,40,053,,,,,,
2018,40,055,,,,,,
2018,40,057,,,,,,
2018,40,059,,,,,,
2018,40,061,,,,,,
2018,40,063,,,,,,
2018,40,065,133,132,134,0.0342783505,1,1
2018,40,067,,,,,,
2018,40,069,95,95,95,0.0801011804,1,1
2018,40,071,11,10,12,0.0022204279,3,3
2018,40,073,64,64,64,0.0423000661,1,1
2018,40,075,19,19,19,0.0407725322,3,3
2018,40,077,,,,,,
2018,40,079,280,279,281,0.0351009151,1,1
2018,40,081,14,13,15,0.0070316424,3,3
2018,40,083,,,,,,
2018,40,085,143,143,143,0.0833333333,1,1
2018,40,087,162,162,162,0.0377710422,1,1
2018,40,089,68,68,68,0.0324272771,1,1
2018,40,091,182,182,182,0.0702160494,1,1
2018,40,093,,,,,,
2018,40,095,373,372,374,0.1209860525,1,1
2018,40,097,519,519,519,0.073763502,1,1
2018,40,099,24,23,25,0.0093713393,3,3
2018,40,101,654,654,654,0.0665784384,1,1
2018,40,103,10,10,10,0.0058445354,3,3
2018,40,105,59,59,59,0.0744010088,1,1
2018,40,107,68,67,69,0.0436737315,1,1
2018,40,109,8557,8554,8560,0.0692017177,1,1
2018,40,111,155,155,155,0.0490196078,1,1
2018,40,113,145,143,147,0.1131928181,1,1
2018,40,115,180,180,180,0.0485175202,1,1
2018,40,117,25,24,26,0.0108318891,3,3
2018,40,119,569,569,569,0.0895780856,1,1
2018,40,121,337,336,338,0.0638499432,1,1
2018,40,123,270,270,270,0.042973102,1,1
2018,40,125,496,496,496,0.0541484716,1,1
2018,40,127,111,111,111,0.0827123696,1,1
2018,40,129,,,,,,
2018,40,131,575,575,575,0.0612288361,1,1
2018,40,133,79,78,80,0.0227403569,1,1
2018,40,135,99,98,100,0.0297923563,1,1
2018,40,137,723,721,725,0.1365181269,1,1
2018,40,139,193,193,193,0.0628050765,1,1
2018,40,141,84,84,84,0.0612691466,1,1
2018,40,143,2580,2579,2581,0.0222967367,1,1
2018,40,145,209,208,210,0.0727715877,1,1
2018,40,147,291,290,292,0.0361850286,1,1
2018,40,149,,,,,,
2018,40,151,14,14,14,0.0126012601,3,3
2018,40,153,150,150,150,0.0426378624,1,1
2018,41,001,217,216,218,0.0538327958,1,1
2018,41,003,343,343,343,0.0380013295,1,1
2018,41,005,1145,1145,1145,0.0190935165,1,1
2018,41,007,362,362,362,0.0711897738,1,1
2018,41,009,218,218,218,0.0290899386,1,1
2018,41,011,699,699,699,0.0747833529,1,1
2018,41,013,76,76,76,0.0259385666,1,1
2018,41,015,138,138,138,0.0611431103,1,1
2018,41,017,625,625,625,0.0231352952,1,1
2018,41,019,707,707,707,0.0491381707,1,1
2018,41,021,30,30,30,0.1829268293,1,1
2018,41,023,11,10,12,0.0873015873,3,3
2018,41,025,48,48,48,0.0559440559,1,1
2018,41,027,45,45,45,0.0110267091,1,1
2018,41,029,2309,2309,2309,0.0756453938,1,1
2018,41,031,113,113,113,0.0306815096,1,1
2018,41,033,977,977,977,0.0893134656,1,1
2018,41,035,626,626,626,0.0642974528,1,1
2018,41,037,43,43,43,0.0446521288,1,1
2018,41,039,2508,2507,2509,0.0541836801,1,1
2018,41,041,1016,1016,1016,0.1830300847,1,1
2018,41,043,1279,1279,1279,0.0561728666,1,1
2018,41,045,281,279,283,0.0538108005,1,1
2018,41,047,1898,1898,1898,0.0309943335,1,1
2018,41,049,130,130,130,0.0514647664,1,1
2018,41,051,3686,3686,3686,0.0398835737,1,1
2018,41,053,210,210,210,0.0300257363,1,1
2018,41,055,16,16,16,0.0592592593,3,3
2018,41,057,250,250,250,0.0711845103,1,1
2018,41,059,200,197,203,0.0151572565,1,1
2018,41,061,176,176,176,0.0611111111,1,1
2018,41,063,13,13,13,0.030162413,3,3
2018,41,065,131,131,131,0.0364192383,1,1
2018,41,067,3187,3187,3187,0.0363621842,1,1
2018,41,069,18,18,18,0.0141176471,3,3
2018,41,071,674,674,674,0.0410600061,1,1
2018,42,001,289,288,290,0.0187236799,1,1
2018,42,003,2970,2967,2973,0.0203382867,1,1
2018,42,005,150,150,150,0.0200507953,1,1
2018,42,007,736,735,737,0.0234596628,1,1
2018,42,009,143,141,145,0.0225338796,1,1
2018,42,011,1680,1680,1680,0.0246554836,1,1
2018,42,013,427,425,429,0.0244895618,1,1
2018,42,015,165,165,165,0.0182139309,1,1
2018,42,017,940,940,940,0.0108129249,1,1
2018,42,019,351,351,351,0.0137701059,1,1
2018,42,021,266,266,266,0.0156535044,1,1
2018,42,023,18,18,18,0.0337078652,3,3
2018,42,025,95,95,95,0.0107612143,1,1
2018,42,027,151,150,152,0.0116494368,1,1
2018,42,029,1330,1330,1330,0.0159207077,1,1
2018,42,031,160,159,161,0.0280210158,1,1
2018,42,033,184,183,185,0.0175438596,1,1
2018,42,035,45,45,45,0.0103854143,1,1
2018,42,037,129,129,129,0.0192307692,1,1
2018,42,039,310,310,310,0.0305448813,1,1
2018,42,041,415,415,415,0.0150739167,1,1
2018,42,043,1256,1256,1256,0.0254585994,1,1
2018,42,045,981,980,982,0.0128293991,1,1
2018,42,047,33,32,34,0.0097922849,2,2
2018,42,049,610,610,610,0.0162801249,1,1
2018,42,051,247,246,248,0.0152065505,1,1
2018,42,053,54,54,54,0.1288782816,1,1
2018,42,055,451,451,451,0.0196591256,1,1
2018,42,057,,,,,,
2018,42,059,28,27,29,0.0069204152,3,3
2018,42,061,44,43,45,0.0084469188,1,1
2018,42,063,143,142,144,0.0154879238,1,1
2018,42,065,93,93,93,0.0192267935,1,1
2018,42,067,55,55,55,0.0202205882,1,1
2018,42,069,337,336,338,0.0121889468,1,1
2018,42,071,2046,2046,2046,0.0301024011,1,1
2018,42,073,194,194,194,0.0164518318,1,1
2018,42,075,708,708,708,0.0354531798,1,1
2018,42,077,1037,1035,1039,0.0192543355,1,1
2018,42,079,408,407,409,0.0090978014,1,1
2018,42,081,251,250,252,0.0170759916,1,1
2018,42,083,209,208,210,0.0324433406,1,1
2018,42,085,289,289,289,0.020178746,1,1
2018,42,087,115,115,115,0.023478971,1,1
2018,42,089,476,476,476,0.0189196709,1,1
2018,42,091,1320,1320,1320,0.0114247137,1,1
2018,42,093,36,36,36,0.0156385752,1,1
2018,42,095,800,799,801,0.0172417509,1,1
2018,42,097,215,215,215,0.0190958344,1,1
2018,42,099,114,112,116,0.0188866799,1,1
2018,42,101,4320,4302,4338,0.0222794106,1,1
2018,42,103,87,87,87,0.0118206522,1,1
2018,42,105,53,53,53,0.0237242614,1,1
2018,42,107,346,346,346,0.0202968264,1,1
2018,42,109,40,40,40,0.0084334809,1,1
2018,42,111,85,83,87,0.0105106962,1,1
2018,42,113,,,,,,
2018,42,115,62,62,62,0.0104447439,1,1
2018,42,117,46,46,46,0.0082748696,1,1
2018,42,119,26,26,26,0.0064070971,3,3
2018,42,121,151,151,151,0.0261019879,1,1
2018,42,123,136,136,136,0.030141844,1,1
2018,42,125,317,316,318,0.0117108131,1,1
2018,42,127,42,42,42,0.0096640589,1,1
2018,42,129,465,464,466,0.010133589,1,1
2018,42,131,25,25,25,0.007800312,3,3
2018,42,133,1464,1464,1464,0.0213159389,1,1
2018,44,001,39,39,39,0.0059315589,1,1
2018,44,003,250,250,250,0.0117492246,1,1
2018,44,005,119,119,119,0.0139589443,1,1
2018,44,007,953,946,960,0.0107831046,1,1
2018,44,009,132,132,132,0.0092755253,1,1
2018,45,001,40,40,40,0.0132802125,1,1
2018,45,003,432,432,432,0.0178993163,1,1
2018,45,005,25,25,25,0.0223214286,3,3
2018,45,007,1103,1103,1103,0.0337815075,1,1
2018,45,009,,,,,,
2018,45,011,27,26,28,0.0074175824,3,3
2018,45,013,390,390,390,0.0175399145,1,1
2018,45,015,377,377,377,0.0104330981,1,1
2018,45,017,50,50,50,0.0295857988,1,1
2018,45,019,341,341,341,0.0068516546,1,1
2018,45,021,74,74,74,0.0084513476,1,1
2018,45,023,29,29,29,0.0056114551,3,3
2018,45,025,51,51,51,0.0073328541,1,1
2018,45,027,12,12,12,0.0024198427,3,3
2018,45,029,117,117,117,0.0211420311,1,1
2018,45,031,140,140,140,0.0140393101,1,1
2018,45,033,11,11,11,0.0026608612,3,3
2018,45,035,114,114,114,0.003999579,1,1
2018,45,037,35,35,35,0.0104073744,1,1
2018,45,039,142,142,142,0.0539513678,1,1
2018,45,041,215,215,215,0.01002331,1,1
2018,45,043,87,87,87,0.0093397746,1,1
2018,45,045,1399,1399,1399,0.0183697051,1,1
2018,45,047,429,429,429,0.0376117833,1,1
2018,45,049,140,140,140,0.0482925147,1,1
2018,45,051,649,649,649,0.0144443703,1,1
2018,45,053,132,132,132,0.0517038778,1,1
2018,45,055,12,12,12,0.0011142061,3,3
2018,45,057,48,48,48,0.0035471475,1,1
2018,45,059,169,169,169,0.0190874181,1,1
2018,45,061,64,64,64,0.0352422907,1,1
2018,45,063,331,331,331,0.0080141398,1,1
2018,45,065,,,,,,
2018,45,067,164,164,164,0.0374002281,1,1
2018,45,069,30,30,30,0.007568113,1,1
2018,45,071,29,29,29,0.0048357512,3,3
2018,45,073,67,67,67,0.0063189663,1,1
2018,45,075,93,92,94,0.009392042,1,1
2018,45,077,1763,1763,1763,0.1086260012,1,1
2018,45,079,1818,1818,1818,0.0185098454,1,1
2018,45,081,17,17,17,0.0073024055,3,3
2018,45,083,1089,1088,1090,0.0235683677,1,1
2018,45,085,188,188,188,0.0113362277,1,1
2018,45,087,16,16,16,0.0040190907,3,3
2018,45,089,22,22,22,0.0061111111,3,3
2018,45,091,303,303,303,0.0064258902,1,1
2018,46,003,,,,,,
2018,46,005,,,,,,
2018,46,007,,,,,,
2018,46,009,,,,,,
2018,46,011,13,12,14,0.0034201526,3,3
2018,46,013,,,,,,
2018,46,015,,,,,,
2018,46,017,,,,,,
2018,46,019,,,,,,
2018,46,021,,,,,,
2018,46,023,50,50,50,0.0384319754,1,1
2018,46,025,,,,,,
2018,46,027,,,,,,
2018,46,029,48,48,48,0.0120633325,1,1
2018,46,031,140,139,141,0.2140672783,1,1
2018,46,033,17,17,17,0.0177824268,3,3
2018,46,035,38,37,39,0.0126624459,2,2
2018,46,037,,,,,,
2018,46,039,,,,,,
2018,46,041,54,54,54,0.0602006689,1,1
2018,46,043,,,,,,
2018,46,045,,,,,,
2018,46,047,,,,,,
2018,46,049,,,,,,
2018,46,051,,,,,,
2018,46,053,,,,,,
2018,46,055,,,,,,
2018,46,057,,,,,,
2018,46,059,,,,,,
2018,46,061,,,,,,
2018,46,063,,,,,,
2018,46,065,100,100,100,0.0375798572,1,1
2018,46,067,,,,,,
2018,46,069,,,,,,
2018,46,071,,,,,,
2018,46,073,,,,,,
2018,46,075,,,,,,
2018,46,077,,,,,,
2018,46,079,,,,,,
2018,46,081,17,16,18,0.005371248,3,3
2018,46,083,20,18,22,0.0025179403,3,3
2018,46,085,,,,,,
2018,46,087,,,,,,
2018,46,089,,,,,,
2018,46,091,,,,,,
2018,46,093,36,36,36,0.0125130344,1,1
2018,46,095,,,,,,
2018,46,097,,,,,,
2018,46,099,732,731,733,0.021748819,1,1
2018,46,101,44,44,44,0.0430528376,1,1
2018,46,102,96,96,96,0.2157303371,1,1
2018,46,103,582,581,583,0.0338057621,1,1
2018,46,105,,,,,,
2018,46,107,,,,,,
2018,46,109,,,,,,
2018,46,111,,,,,,
2018,46,115,,,,,,
2018,46,117,,,,,,
2018,46,119,,,,,,
2018,46,121,26,26,26,0.0123868509,3,3
2018,46,123,,,,,,
2018,46,125,,,,,,
2018,46,127,,,,,,
2018,46,129,,,,,,
2018,46,135,18,18,18,0.0060872506,3,3
2018,46,137,52,51,53,0.0714285714,1,1
2018,47,001,192,191,193,0.0158246106,1,1
2018,47,003,128,128,128,0.0145305937,1,1
2018,47,005,25,25,25,0.0112714157,3,3
2018,47,007,16,16,16,0.0092753623,3,3
2018,47,009,74,74,74,0.0040897535,1,1
2018,47,011,16,16,16,0.0027768136,3,3
2018,47,013,430,430,430,0.0791022811,1,1
2018,47,015,,,,,,
2018,47,017,163,163,163,0.0356673961,1,1
2018,47,019,220,220,220,0.0284531816,1,1
2018,47,021,55,55,55,0.0090849025,1,1
2018,47,023,,,,,,
2018,47,025,19,19,19,0.0045949214,3,3
2018,47,027,21,21,21,0.018469657,3,3
2018,47,029,37,37,37,0.0082149201,1,1
2018,47,031,111,111,111,0.0118034879,1,1
2018,47,033,16,16,16,0.0051931191,3,3
2018,47,035,188,188,188,0.0252790104,1,1
2018,47,037,3709,3709,3709,0.0385262589,1,1
2018,47,039,22,22,22,0.013622291,3,3
2018,47,041,,,,,,
2018,47,043,147,147,147,0.0176619008,1,1
2018,47,045,58,58,58,0.008801214,1,1
2018,47,047,37,37,37,0.0104108047,1,1
2018,47,049,17,16,18,0.0061173084,3,3
2018,47,051,25,25,25,0.0046399406,3,3
2018,47,053,57,56,58,0.0062233868,1,1
2018,47,055,19,19,19,0.0050478215,3,3
2018,47,057,24,24,24,0.0070422535,3,3
2018,47,059,89,89,89,0.0093125458,1,1
2018,47,061,51,51,51,0.0251727542,1,1
2018,47,063,554,554,554,0.0527016743,1,1
2018,47,065,1465,1465,1465,0.0325179792,1,1
2018,47,067,,,,,,
2018,47,069,22,22,22,0.0062182024,3,3
2018,47,071,92,92,92,0.0257558791,1,1
2018,47,073,59,58,60,0.0081683511,1,1
2018,47,075,15,15,15,0.0051194539,3,3
2018,47,077,89,89,89,0.0183542999,1,1
2018,47,079,46,46,46,0.0097955707,1,1
2018,47,081,37,37,37,0.0109241216,1,1
2018,47,083,46,46,46,0.0333091962,1,1
2018,47,085,44,44,44,0.0145647137,1,1
2018,47,087,127,127,127,0.0859269283,1,1
2018,47,089,175,175,175,0.0242214533,1,1
2018,47,091,15,15,15,0.007204611,3,3
2018,47,093,534,533,535,0.0087559644,1,1
2018,47,095,,,,,,
2018,47,097,14,14,14,0.0035175879,3,3
2018,47,099,97,97,97,0.0139187832,1,1
2018,47,101,,,,,,
2018,47,103,13,12,14,0.00243309,3,3
2018,47,105,46,46,46,0.006356225,1,1
2018,47,107,120,120,120,0.0154698982,1,1
2018,47,109,41,41,41,0.0097595811,1,1
2018,47,111,,,,,,
2018,47,113,385,385,385,0.0303197354,1,1
2018,47,115,44,43,45,0.0100917431,1,1
2018,47,117,43,43,43,0.0078899083,1,1
2018,47,119,115,115,115,0.0088940449,1,1
2018,47,121,10,10,10,0.0055586437,3,3
2018,47,123,45,44,46,0.0066244664,1,1
2018,47,125,1137,1137,1137,0.0321495221,1,1
2018,47,127,,,,,,
2018,47,129,461,461,461,0.1590752243,1,1
2018,47,131,34,34,34,0.0069232336,1,1
2018,47,133,69,69,69,0.0217734301,1,1
2018,47,135,,,,,,
2018,47,137,,,,,,
2018,47,139,141,141,141,0.0610125487,1,1
2018,47,141,572,572,572,0.0488221236,1,1
2018,47,143,145,145,145,0.033791657,1,1
2018,47,145,141,141,141,0.021556337,1,1
2018,47,147,349,349,349,0.0306516775,1,1
2018,47,149,1420,1420,1420,0.0257050795,1,1
2018,47,151,12,12,12,0.0028415818,3,3
2018,47,153,59,59,59,0.0266125395,1,1
2018,47,155,321,321,321,0.022083104,1,1
2018,47,157,2369,2369,2369,0.0169870715,1,1
2018,47,159,42,42,42,0.0137524558,1,1
2018,47,161,13,13,13,0.0062290369,3,3
2018,47,163,746,746,746,0.0350103248,1,1
2018,47,165,266,266,266,0.008904958,1,1
2018,47,167,33,33,33,0.0030428769,1,1
2018,47,169,,,,,,
2018,47,171,80,80,80,0.0330715172,1,1
2018,47,173,25,25,25,0.0055444666,3,3
2018,47,175,41,41,41,0.0535947712,1,1
2018,47,177,259,259,259,0.0397910585,1,1
2018,47,179,550,550,550,0.0334326181,1,1
2018,47,181,,,,,,
2018,47,183,33,33,33,0.0080019399,1,1
2018,47,185,158,158,158,0.0401218893,1,1
2018,47,187,234,234,234,0.0053104575,1,1
2018,47,189,784,784,784,0.0347379148,1,1
2018,48,001,93,93,93,0.0120123999,1,1
2018,48,003,64,64,64,0.014818245,1,1
2018,48,005,684,683,685,0.039751264,1,1
2018,48,007,368,368,368,0.1300813008,1,1
2018,48,009,27,27,27,0.0534653465,3,3
2018,48,011,,,,,,
2018,48,013,147,147,147,0.0170930233,1,1
2018,48,015,45,44,46,0.0076687117,1,1
2018,48,017,,,,,,
2018,48,019,197,197,197,0.0775590551,1,1
2018,48,021,864,864,864,0.0487529624,1,1
2018,48,023,,,,,,
2018,48,025,165,165,165,0.0309452363,1,1
2018,48,027,2200,2199,2201,0.0291920438,1,1
2018,48,029,7484,7481,7487,0.0215979106,1,1
2018,48,031,16,15,17,0.0096327514,3,3
2018,48,033,,,,,,
2018,48,035,110,110,110,0.0566426365,1,1
2018,48,037,175,173,177,0.0102729674,1,1
2018,48,039,1989,1989,1989,0.0273563756,1,1
2018,48,041,940,940,940,0.0307239745,1,1
2018,48,043,16,16,16,0.0157790927,3,3
2018,48,045,11,10,12,0.0266990291,3,3
2018,48,047,60,60,60,0.0382653061,1,1
2018,48,049,135,134,136,0.0224438903,1,1
2018,48,051,14,13,15,0.0061108686,3,3
2018,48,053,185,185,185,0.0247624147,1,1
2018,48,055,455,455,455,0.0588083236,1,1
2018,48,057,311,311,311,0.0808632345,1,1
2018,48,059,74,73,75,0.0293767368,1,1
2018,48,061,2732,2732,2732,0.0293867717,1,1
2018,48,063,21,21,21,0.0089134126,3,3
2018,48,065,25,24,26,0.0205423172,3,3
2018,48,067,160,159,161,0.0304587855,1,1
2018,48,069,52,51,53,0.03064231,1,1
2018,48,071,125,125,125,0.014589169,1,1
2018,48,073,101,100,102,0.0096466094,1,1
2018,48,075,20,20,20,0.0182481752,3,3
2018,48,077,52,52,52,0.0375451264,1,1
2018,48,079,19,19,19,0.0482233503,3,3
2018,48,081,12,12,12,0.0227272727,3,3
2018,48,083,48,48,48,0.0374123149,1,1
2018,48,085,1804,1803,1805,0.0084088059,1,1
2018,48,087,,,,,,
2018,48,089,105,105,105,0.0290939318,1,1
2018,48,091,663,663,663,0.0200532333,1,1
2018,48,093,99,99,99,0.0422715628,1,1
2018,48,095,,,,,,
2018,48,097,30,29,31,0.0052807604,2,2
2018,48,099,328,328,328,0.0287265721,1,1
2018,48,101,,,,,,
2018,48,103,,,,,,
2018,48,105,29,29,29,0.0373230373,3,3
2018,48,107,23,23,23,0.0360501567,3,3
2018,48,109,10,10,10,0.0264550265,3,3
2018,48,111,25,24,26,0.0130412102,3,3
2018,48,113,9668,9664,9672,0.018901862,1,1
2018,48,115,70,70,70,0.0371155885,1,1
2018,48,117,153,153,153,0.0359576968,1,1
2018,48,119,,,,,,
2018,48,121,2751,2751,2751,0.0183670608,1,1
2018,48,123,137,137,137,0.0540433925,1,1
2018,48,125,36,35,37,0.1049562682,2,2
2018,48,127,64,64,64,0.0288418206,1,1
2018,48,129,,,,,,
2018,48,131,,,,,,
2018,48,133,197,196,198,0.0797248078,1,1
2018,48,135,2099,2099,2099,0.0617552738,1,1
2018,48,137,,,,,,
2018,48,139,598,597,599,0.0143206092,1,1
2018,48,141,3087,3086,3088,0.0176650339,1,1
2018,48,143,46,46,46,0.0120418848,1,1
2018,48,145,26,25,27,0.019047619,3,3
2018,48,147,176,174,178,0.0309532184,1,1
2018,48,149,76,76,76,0.0233846154,1,1
2018,48,151,19,19,19,0.0342960289,3,3
2018,48,153,19,19,19,0.0257452575,3,3
2018,48,155,,,,,,
2018,48,157,2906,2905,2907,0.0145560553,1,1
2018,48,159,42,42,42,0.0259099321,1,1
2018,48,161,113,113,113,0.032499281,1,1
2018,48,163,138,138,138,0.0439630456,1,1
2018,48,165,20,20,20,0.0056609114,3,3
2018,48,167,3187,3187,3187,0.0384968473,1,1
2018,48,169,,,,,,
2018,48,171,26,25,27,0.0070194384,3,3
2018,48,173,,,,,,
2018,48,175,47,47,47,0.0353383459,1,1
2018,48,177,111,111,111,0.0260380014,1,1
2018,48,179,161,160,162,0.0408629442,1,1
2018,48,181,599,598,600,0.0260593405,1,1
2018,48,183,232,232,232,0.0110344828,1,1
2018,48,185,272,272,272,0.058772688,1,1
2018,48,187,456,456,456,0.0171344831,1,1
2018,48,189,41,40,42,0.0057787174,1,1
2018,48,191,15,15,15,0.0307377049,3,3
2018,48,193,60,59,61,0.0339943343,1,1
2018,48,195,47,47,47,0.0477642276,1,1
2018,48,197,,,,,,
2018,48,199,483,483,483,0.04375,1,1
2018,48,201,20973,20973,20973,0.0251546001,1,1
2018,48,203,411,411,411,0.0264427717,1,1
2018,48,205,,,,,,
2018,48,207,42,42,42,0.0521091811,1,1
2018,48,209,707,706,708,0.0187911971,1,1
2018,48,211,,,,,,
2018,48,213,64,63,65,0.0069136869,1,1
2018,48,215,3640,3639,3641,0.0150216452,1,1
2018,48,217,296,294,298,0.0482792367,1,1
2018,48,219,141,140,142,0.029253112,1,1
2018,48,221,243,243,243,0.0330792268,1,1
2018,48,223,164,163,165,0.0247958875,1,1
2018,48,225,114,113,115,0.0361445783,1,1
2018,48,227,24,23,25,0.0040561095,3,3
2018,48,229,,,,,,
2018,48,231,382,382,382,0.0249428665,1,1
2018,48,233,31,29,33,0.0201954397,3,3
2018,48,235,,,,,,
2018,48,237,41,41,41,0.0294751977,1,1
2018,48,239,40,40,40,0.0255264837,1,1
2018,48,241,252,252,252,0.0427553444,1,1
2018,48,243,,,,,,
2018,48,245,1532,1532,1532,0.0379856686,1,1
2018,48,247,,,,,,
2018,48,249,104,103,105,0.0187151341,1,1
2018,48,251,652,652,652,0.0181398325,1,1
2018,48,253,311,311,311,0.1159582401,1,1
2018,48,255,48,48,48,0.02268431,1,1
2018,48,257,385,385,385,0.0125849895,1,1
2018,48,259,68,68,68,0.0066199377,1,1
2018,48,261,,,,,,
2018,48,263,,,,,,
2018,48,265,228,228,228,0.0340603526,1,1
2018,48,267,,,,,,
2018,48,269,,,,,,
2018,48,271,,,,,,
2018,48,273,18,18,18,0.004494382,3,3
2018,48,275,10,9,11,0.015128593,3,3
2018,48,277,192,191,193,0.0225988701,1,1
2018,48,279,76,75,77,0.0313919868,1,1
2018,48,281,93,93,93,0.0255004113,1,1
2018,48,283,17,17,17,0.0126206385,3,3
2018,48,285,74,72,76,0.0256055363,2,2
2018,48,287,61,61,61,0.0210562651,1,1
2018,48,289,49,47,51,0.0222121487,2,2
2018,48,291,859,859,859,0.0478604858,1,1
2018,48,293,143,142,144,0.0367798354,1,1
2018,48,295,47,46,48,0.0625832224,1,1
2018,48,297,23,23,23,0.0134739309,3,3
2018,48,299,38,38,38,0.0213483146,1,1
2018,48,301,,,,,,
2018,48,303,1094,1093,1095,0.0215757815,1,1
2018,48,305,35,35,35,0.0376749193,1,1
2018,48,307,26,26,26,0.0212940213,3,3
2018,48,309,1184,1183,1185,0.0262854098,1,1
2018,48,311,,,,,,
2018,48,313,16,16,16,0.0058436815,3,3
2018,48,315,18,18,18,0.0135951662,3,3
2018,48,317,,,,,,
2018,48,319,36,36,36,0.0503496503,1,1
2018,48,321,115,115,115,0.0161471497,1,1
2018,48,323,104,104,104,0.0071423666,1,1
2018,48,325,193,193,193,0.0184724349,1,1
2018,48,327,,,,,,
2018,48,329,589,588,590,0.02,1,1
2018,48,331,154,154,154,0.0357391506,1,1
2018,48,333,28,27,29,0.0311457175,3,3
2018,48,335,,,,,,
2018,48,337,49,49,49,0.0167406901,1,1
2018,48,339,1663,1663,1663,0.0148561729,1,1
2018,48,341,181,181,181,0.0372734761,1,1
2018,48,343,99,99,99,0.0519685039,1,1
2018,48,345,,,,,,
2018,48,347,172,172,172,0.02272427,1,1
2018,48,349,197,196,198,0.0205379483,1,1
2018,48,351,45,45,45,0.0237341772,1,1
2018,48,353,80,79,81,0.0250156348,1,1
2018,48,355,1604,1602,1606,0.0274671644,1,1
2018,48,357,38,38,38,0.0169794459,1,1
2018,48,359,,,,,,
2018,48,361,921,921,921,0.0610418876,1,1
2018,48,363,219,219,219,0.0535321437,1,1
2018,48,365,18,17,19,0.0050689946,3,3
2018,48,367,150,149,151,0.0084109005,1,1
2018,48,369,39,39,39,0.0238386308,1,1
2018,48,371,,,,,,
2018,48,373,299,298,300,0.0498084291,1,1
2018,48,375,2076,2076,2076,0.0569422349,1,1
2018,48,377,,,,,,
2018,48,379,29,29,29,0.0168408827,3,3
2018,48,381,97,97,97,0.0095416093,1,1
2018,48,383,75,75,75,0.0857142857,1,1
2018,48,385,21,21,21,0.0925110132,3,3
2018,48,387,33,32,34,0.0154422087,2,2
2018,48,389,,,,,,
2018,48,391,104,104,104,0.0920353982,1,1
2018,48,393,,,,,,
2018,48,395,36,35,37,0.0107946027,2,2
2018,48,397,81,81,81,0.0035595008,1,1
2018,48,399,41,41,41,0.0204590818,1,1
2018,48,401,102,101,103,0.0135009927,1,1
2018,48,403,46,46,46,0.0512820513,1,1
2018,48,405,33,33,33,0.0833333333,1,1
2018,48,407,161,161,161,0.0446230599,1,1
2018,48,409,421,421,421,0.0298539214,1,1
2018,48,411,26,25,27,0.0296803653,3,3
2018,48,413,22,22,22,0.0427184466,3,3
2018,48,415,38,38,38,0.012987013,1,1
2018,48,417,31,31,31,0.0511551155,1,1
2018,48,419,147,146,148,0.0325221239,1,1
2018,48,421,,,,,,
2018,48,423,608,607,609,0.017664662,1,1
2018,48,425,51,50,52,0.0243436754,1,1
2018,48,427,30,30,30,0.0029457973,1,1
2018,48,429,74,74,74,0.049966239,1,1
2018,48,431,,,,,,
2018,48,433,13,13,13,0.0580357143,3,3
2018,48,435,64,64,64,0.0792079208,1,1
2018,48,437,24,24,24,0.0219378428,3,3
2018,48,439,7540,7539,7541,0.0213640704,1,1
2018,48,441,1486,1485,1487,0.0624107518,1,1
2018,48,443,,,,,,
2018,48,445,140,140,140,0.059473237,1,1
2018,48,447,41,41,41,0.2789115646,1,1
2018,48,449,86,86,86,0.0142691223,1,1
2018,48,451,308,308,308,0.0146255758,1,1
2018,48,453,3262,3260,3264,0.0206396912,1,1
2018,48,455,32,30,34,0.0150305308,3,3
2018,48,457,66,66,66,0.0308267165,1,1
2018,48,459,206,206,206,0.0289082234,1,1
2018,48,461,,,,,,
2018,48,463,88,88,88,0.0186361711,1,1
2018,48,465,182,182,182,0.0174379611,1,1
2018,48,467,143,142,144,0.0154244418,1,1
2018,48,469,935,935,935,0.0623001066,1,1
2018,48,471,434,434,434,0.0435830488,1,1
2018,48,473,247,247,247,0.0217448719,1,1
2018,48,475,,,,,,
2018,48,477,19,18,20,0.0034551737,3,3
2018,48,479,737,736,738,0.0109486882,1,1
2018,48,481,183,183,183,0.0234344987,1,1
2018,48,483,32,32,32,0.0383233533,1,1
2018,48,485,606,606,606,0.0292471042,1,1
2018,48,487,23,23,23,0.0115927419,3,3
2018,48,489,105,105,105,0.025210084,1,1
2018,48,491,1765,1764,1766,0.0140939544,1,1
2018,48,493,79,79,79,0.008652793,1,1
2018,48,495,114,114,114,0.0587931924,1,1
2018,48,497,235,235,235,0.0270893372,1,1
2018,48,499,160,160,160,0.0272294078,1,1
2018,48,501,45,44,46,0.0206232814,1,1
2018,48,503,48,48,48,0.0147284443,1,1
2018,48,505,188,188,188,0.0533787621,1,1
2018,48,507,231,230,232,0.0947109471,1,1
2018,49,001,11,11,11,0.007019783,3,3
2018,49,003,148,148,148,0.0123220381,1,1
2018,49,005,278,278,278,0.0111624172,1,1
2018,49,007,21,21,21,0.0058220128,3,3
2018,49,009,,,,,,
2018,49,011,1260,1256,1264,0.0160794273,1,1
2018,49,013,51,51,51,0.0096499527,1,1
2018,49,015,40,40,40,0.0172935581,1,1
2018,49,017,43,43,43,0.0441025641,1,1
2018,49,019,,,,,,
2018,49,021,339,339,339,0.0311523617,1,1
2018,49,023,,,,,,
2018,49,025,30,30,30,0.0220913108,1,1
2018,49,027,138,138,138,0.0448488788,1,1
2018,49,029,,,,,,
2018,49,031,,,,,,
2018,49,033,,,,,,
2018,49,035,5731,5724,5738,0.0293399409,1,1
2018,49,037,905,905,905,0.2879414572,1,1
2018,49,039,63,63,63,0.0103703704,1,1
2018,49,041,64,64,64,0.013391923,1,1
2018,49,043,26,26,26,0.0039085989,3,3
2018,49,045,758,758,758,0.0440006966,1,1
2018,49,047,40,39,41,0.005069066,2,2
2018,49,049,1565,1564,1566,0.0114542088,1,1
2018,49,051,298,298,298,0.0406382108,1,1
2018,49,053,970,968,972,0.0277873267,1,1
2018,49,055,,,,,,
2018,49,057,1005,1004,1006,0.0215281794,1,1
2018,50,001,48,48,48,0.0170757737,1,1
2018,50,003,124,124,124,0.0240543162,1,1
2018,50,005,20,19,21,0.0051733057,3,3
2018,50,007,235,234,236,0.010510309,1,1
2018,50,009,,,,,,
2018,50,011,70,69,71,0.0121422376,1,1
2018,50,013,,,,,,
2018,50,015,50,50,50,0.015503876,1,1
2018,50,017,20,19,21,0.0066312997,3,3
2018,50,019,89,83,95,0.0258495498,3,3
2018,50,021,73,73,73,0.0160087719,1,1
2018,50,023,98,95,101,0.0137756536,2,2
2018,50,025,103,99,107,0.023992546,2,2
2018,50,027,101,100,102,0.0203178435,1,1
2018,51,001,295,295,295,0.0576735093,1,1
2018,51,003,,,,,,
2018,51,005,22,22,22,0.0105566219,3,3
2018,51,007,,,,,,
2018,51,009,79,79,79,0.0193722413,1,1
2018,51,011,15,15,15,0.0067537145,3,3
2018,51,013,182,182,182,0.0066341037,1,1
2018,51,015,145,145,145,0.0139342687,1,1
2018,51,017,,,,,,
2018,51,019,71,71,71,0.0073712625,1,1
2018,51,021,12,12,12,0.0163043478,3,3
2018,51,023,24,24,24,0.00515132,3,3
2018,51,025,,,,,,
2018,51,027,,,,,,
2018,51,029,36,36,36,0.0169252468,1,1
2018,51,031,70,70,70,0.0088719899,1,1
2018,51,033,106,106,106,0.0251542477,1,1
2018,51,035,68,68,68,0.0180754918,1,1
2018,51,036,16,16,16,0.0252764613,3,3
2018,51,037,,,,,,
2018,51,041,897,897,897,0.0145730439,1,1
2018,51,043,15,15,15,0.007629705,3,3
2018,51,045,,,,,,
2018,51,047,115,115,115,0.0139647845,1,1
2018,51,049,,,,,,
2018,51,051,,,,,,
2018,51,053,16,16,16,0.0036538022,3,3
2018,51,057,25,25,25,0.0189107413,3,3
2018,51,059,2467,2467,2467,0.0131365251,1,1
2018,51,061,304,304,304,0.0271768282,1,1
2018,51,063,,,,,,
2018,51,065,52,52,52,0.0144846797,1,1
2018,51,067,12,12,12,0.0016992353,3,3
2018,51,069,,,,,,
2018,51,071,11,11,11,0.0044989775,3,3
2018,51,073,14,14,14,0.0025887574,3,3
2018,51,075,13,13,13,0.004857997,3,3
2018,51,077,13,13,13,0.0084306096,3,3
2018,51,079,35,35,35,0.0116627791,1,1
2018,51,081,,,,,,
2018,51,083,44,44,44,0.0088709677,1,1
2018,51,085,59,59,59,0.0033284441,1,1
2018,51,087,1126,1126,1126,0.0218543175,1,1
2018,51,089,29,29,29,0.0038900067,3,3
2018,51,091,,,,,,
2018,51,093,24,24,24,0.0043391792,3,3
2018,51,095,,,,,,
2018,51,097,13,13,13,0.015681544,3,3
2018,51,099,70,70,70,0.0156354702,1,1
2018,51,101,22,21,23,0.0072368421,3,3
2018,51,103,18,18,18,0.0158450704,3,3
2018,51,105,,,,,,
2018,51,107,2459,2459,2459,0.0300222206,1,1
2018,51,109,34,34,34,0.0069302894,1,1
2018,51,111,38,38,38,0.0245003224,1,1
2018,51,113,20,20,20,0.0118343195,3,3
2018,51,115,12,12,12,0.0112781955,3,3
2018,51,117,13,13,13,0.003084223,3,3
2018,51,119,10,10,10,0.0081833061,3,3
2018,51,121,234,234,234,0.0235792019,1,1
2018,51,125,46,46,46,0.0254565578,1,1
2018,51,127,29,29,29,0.0087719298,3,3
2018,51,131,127,127,127,0.079029247,1,1
2018,51,133,,,,,,
2018,51,135,29,29,29,0.0141948116,3,3
2018,51,137,49,49,49,0.0097202936,1,1
2018,51,139,83,83,83,0.0249174422,1,1
2018,51,141,46,46,46,0.0176923077,1,1
2018,51,143,53,53,53,0.0059920859,1,1
2018,51,145,24,24,24,0.0055594163,3,3
2018,51,147,,,,,,
2018,51,149,52,52,52,0.0081761006,1,1
2018,51,153,484,484,484,0.0053278734,1,1
2018,51,155,85,85,85,0.0208282284,1,1
2018,51,157,16,16,16,0.0199501247,3,3
2018,51,159,14,14,14,0.0106544901,3,3
2018,51,161,71,71,71,0.0050279725,1,1
2018,51,163,15,15,15,0.0052779733,3,3
2018,51,165,,,,,,
2018,51,167,,,,,,
2018,51,169,12,12,12,0.0033965468,3,3
2018,51,171,89,89,89,0.0147595357,1,1
2018,51,173,,,,,,
2018,51,175,25,25,25,0.0087138376,3,3
2018,51,177,552,552,552,0.0233226297,1,1
2018,51,179,240,240,240,0.0081995217,1,1
2018,51,181,,,,,,
2018,51,183,,,,,,
2018,51,185,49,49,49,0.0086679639,1,1
2018,51,187,85,85,85,0.0160437901,1,1
2018,51,191,70,70,70,0.0098730606,1,1
2018,51,193,35,35,35,0.0150732127,1,1
2018,51,195,255,255,255,0.0443092963,1,1
2018,51,197,14,14,14,0.0034347399,3,3
2018,51,199,207,207,207,0.0162352941,1,1
2018,51,510,211,211,211,0.0132155831,1,1
2018,51,520,93,93,93,0.0409511229,1,1
2018,51,530,,,,,,
2018,51,540,351,351,351,0.0189187732,1,1
2018,51,550,168,168,168,0.0041096896,1,1
2018,51,570,36,36,36,0.0125610607,1,1
2018,51,580,,,,,,
2018,51,590,90,90,90,0.0158283503,1,1
2018,51,595,20,20,20,0.0089166295,3,3
2018,51,600,,,,,,
2018,51,610,,,,,,
2018,51,620,47,47,47,0.0437209302,1,1
2018,51,630,203,203,203,0.0547169811,1,1
2018,51,640,14,14,14,0.0105980318,3,3
2018,51,650,389,389,389,0.0198580836,1,1
2018,51,660,160,160,160,0.008719346,1,1
2018,51,670,59,59,59,0.013494968,1,1
2018,51,678,,,,,,
2018,51,680,252,252,252,0.030497398,1,1
2018,51,683,84,84,84,0.0108766024,1,1
2018,51,685,31,31,31,0.0083243824,1,1
2018,51,690,64,64,64,0.0329557158,1,1
2018,51,700,749,749,749,0.0261412816,1,1
2018,51,710,661,661,661,0.0219696214,1,1
2018,51,720,35,35,35,0.041567696,1,1
2018,51,730,418,418,418,0.0996661898,1,1
2018,51,735,18,18,18,0.0084945729,3,3
2018,51,740,220,220,220,0.0157075539,1,1
2018,51,750,53,53,53,0.032199271,1,1
2018,51,760,1189,1189,1189,0.0480151839,1,1
2018,51,770,730,730,730,0.0530947705,1,1
2018,51,775,38,38,38,0.0096008085,1,1
2018,51,790,74,74,74,0.0271360469,1,1
2018,51,800,162,162,162,0.0113564669,1,1
2018,51,810,930,930,930,0.01355211,1,1
2018,51,820,73,73,73,0.0240765172,1,1
2018,51,830,430,430,430,0.0368592491,1,1
2018,51,840,465,465,465,0.0258563167,1,1
2018,53,001,108,108,108,0.0210321324,1,1
2018,53,003,195,195,195,0.0582611294,1,1
2018,53,005,931,931,931,0.0241554668,1,1
2018,53,007,747,747,747,0.0559970015,1,1
2018,53,009,401,400,402,0.0385132539,1,1
2018,53,011,2709,2707,2711,0.0339070029,1,1
2018,53,013,18,18,18,0.0434782609,3,3
2018,53,015,1001,1001,1001,0.0570435377,1,1
2018,53,017,516,514,518,0.0602662929,1,1
2018,53,019,32,31,33,0.0487062405,2,2
2018,53,021,583,583,583,0.028065277,1,1
2018,53,023,,,,,,
2018,53,025,1194,1193,1195,0.0578012296,1,1
2018,53,027,837,836,838,0.0767960363,1,1
2018,53,029,439,439,439,0.0524116523,1,1
2018,53,031,75,74,76,0.0279955207,1,1
2018,53,033,8032,8032,8032,0.0289396598,1,1
2018,53,035,919,919,919,0.0253384433,1,1
2018,53,037,128,128,128,0.0253214639,1,1
2018,53,039,142,139,145,0.0461188698,1,1
2018,53,041,819,818,820,0.0663104202,1,1
2018,53,043,40,39,41,0.0222593211,2,2
2018,53,045,839,839,839,0.0830939883,1,1
2018,53,047,376,375,377,0.0359189912,1,1
2018,53,049,387,387,387,0.1236421725,1,1
2018,53,051,196,196,196,0.114619883,1,1
2018,53,053,5147,5147,5147,0.0371343025,1,1
2018,53,055,81,81,81,0.0438311688,1,1
2018,53,057,879,879,879,0.0447077972,1,1
2018,53,059,88,87,89,0.0827067669,1,1
2018,53,061,3992,3991,3993,0.0292445643,1,1
2018,53,063,2953,2950,2956,0.0395839198,1,1
2018,53,065,369,368,370,0.0641627543,1,1
2018,53,067,1978,1978,1978,0.0463796661,1,1
2018,53,069,74,74,74,0.1425818882,1,1
2018,53,071,374,374,374,0.0432469935,1,1
2018,53,073,1125,1125,1125,0.0400541176,1,1
2018,53,075,102,100,104,0.0229471316,1,1
2018,53,077,2166,2166,2166,0.0392078778,1,1
2018,54,001,21,21,21,0.0089514066,3,3
2018,54,003,403,403,403,0.0206349206,1,1
2018,54,005,24,24,24,0.00625,3,3
2018,54,007,41,41,41,0.0203676105,1,1
2018,54,009,67,67,67,0.0236498412,1,1
2018,54,011,455,455,455,0.0363505632,1,1
2018,54,013,131,131,131,0.1349124614,1,1
2018,54,015,633,633,633,0.3367021277,1,1
2018,54,017,28,28,28,0.024911032,3,3
2018,54,019,180,180,180,0.0287172942,1,1
2018,54,021,15,15,15,0.0184275184,3,3
2018,54,023,124,124,124,0.075015124,1,1
2018,54,025,177,177,177,0.0363599014,1,1
2018,54,027,143,143,143,0.0472883598,1,1
2018,54,029,64,64,64,0.0158376639,1,1
2018,54,031,76,76,76,0.0320675105,1,1
2018,54,033,417,417,417,0.0385932439,1,1
2018,54,035,15,15,15,0.003268686,3,3
2018,54,037,1411,1411,1411,0.1558255108,1,1
2018,54,039,652,652,652,0.0253066294,1,1
2018,54,041,36,36,36,0.0139480821,1,1
2018,54,043,396,396,396,0.1160269558,1,1
2018,54,045,309,309,309,0.0547484054,1,1
2018,54,047,149,149,149,0.0486451192,1,1
2018,54,049,71,71,71,0.0089207187,1,1
2018,54,051,132,132,132,0.0284054229,1,1
2018,54,053,78,78,78,0.0190989226,1,1
2018,54,055,588,588,588,0.0653043092,1,1
2018,54,057,75,75,75,0.0180072029,1,1
2018,54,059,345,345,345,0.0819088319,1,1
2018,54,061,288,288,288,0.0246596455,1,1
2018,54,063,168,168,168,0.0953461975,1,1
2018,54,065,111,111,111,0.0476599399,1,1
2018,54,067,279,279,279,0.0746987952,1,1
2018,54,069,46,46,46,0.0087154225,1,1
2018,54,071,17,17,17,0.0182599356,3,3
2018,54,073,43,43,43,0.0390199637,1,1
2018,54,075,51,51,51,0.050295858,1,1
2018,54,077,122,122,122,0.0276330691,1,1
2018,54,079,30,30,30,0.0031436655,1,1
2018,54,081,372,372,372,0.0317921545,1,1
2018,54,083,34,34,34,0.008596713,1,1
2018,54,085,116,116,116,0.0854826824,1,1
2018,54,087,212,212,212,0.1012900143,1,1
2018,54,089,54,54,54,0.0357615894,1,1
2018,54,091,85,85,85,0.0349075975,1,1
2018,54,093,163,163,163,0.1609081935,1,1
2018,54,095,14,14,14,0.0110410095,3,3
2018,54,097,384,384,384,0.1008668243,1,1
2018,54,099,80,80,80,0.011823825,1,1
2018,54,101,68,68,68,0.0517110266,1,1
2018,54,103,34,34,34,0.0135404221,1,1
2018,54,105,137,137,137,0.1356435644,1,1
2018,54,107,299,299,299,0.0240682605,1,1
2018,54,109,59,59,59,0.0149480618,1,1
2018,55,001,36,36,36,0.0240963855,1,1
2018,55,003,25,25,25,0.0119445772,3,3
2018,55,005,189,188,190,0.027732942,1,1
2018,55,007,16,16,16,0.0213618158,3,3
2018,55,009,1257,1257,1257,0.0290851034,1,1
2018,55,011,12,11,13,0.0105170903,3,3
2018,55,013,68,68,68,0.0261136713,1,1
2018,55,015,21,20,22,0.0066561014,3,3
2018,55,017,68,67,69,0.0090945566,1,1
2018,55,019,89,89,89,0.0207073057,1,1
2018,55,021,102,101,103,0.0138323841,1,1
2018,55,023,28,27,29,0.0127795527,3,3
2018,55,025,1716,1715,1717,0.0220852263,1,1
2018,55,027,216,215,217,0.0239627247,1,1
2018,55,029,22,21,23,0.0066707095,3,3
2018,55,031,146,146,146,0.0234124439,1,1
2018,55,033,88,88,88,0.0143322476,1,1
2018,55,035,375,375,375,0.0276182059,1,1
2018,55,037,,,,,,
2018,55,039,183,180,186,0.0139951055,1,1
2018,55,041,42,41,43,0.028,1,1
2018,55,043,136,133,139,0.0193154381,1,1
2018,55,045,71,70,72,0.0151095978,1,1
2018,55,047,107,106,108,0.0345495641,1,1
2018,55,049,46,45,47,0.013306335,1,1
2018,55,051,,,,,,
2018,55,053,76,76,76,0.0323541933,1,1
2018,55,055,227,226,228,0.0173973023,1,1
2018,55,057,74,74,74,0.0201415351,1,1
2018,55,059,557,557,557,0.0200114967,1,1
2018,55,061,23,23,23,0.0064443822,3,3
2018,55,063,249,249,249,0.0154189114,1,1
2018,55,065,15,13,17,0.0083056478,3,3
2018,55,067,27,27,27,0.0112172829,3,3
2018,55,069,61,61,61,0.0135105205,1,1
2018,55,071,120,120,120,0.0125588697,1,1
2018,55,073,341,340,342,0.0190492151,1,1
2018,55,075,149,148,150,0.0276335312,1,1
2018,55,077,,,,,,
2018,55,078,103,103,103,0.111834962,1,1
2018,55,079,5589,5588,5590,0.0448670606,1,1
2018,55,081,108,108,108,0.016090584,1,1
2018,55,083,50,49,51,0.0125722907,1,1
2018,55,085,34,34,34,0.0144680851,1,1
2018,55,087,450,450,450,0.0132563483,1,1
2018,55,089,42,42,42,0.0073465104,1,1
2018,55,091,24,24,24,0.0250260688,3,3
2018,55,093,75,73,77,0.0099773846,2,2
2018,55,095,128,126,130,0.0180688876,1,1
2018,55,097,139,139,139,0.0184301246,1,1
2018,55,099,,,,,,
2018,55,101,962,961,963,0.0396831945,1,1
2018,55,103,57,57,57,0.0326647564,1,1
2018,55,105,1192,1192,1192,0.0437945477,1,1
2018,55,107,38,38,38,0.0274566474,1,1
2018,55,109,146,146,146,0.0104099822,1,1
2018,55,111,404,404,404,0.03401246,1,1
2018,55,113,61,61,61,0.026001705,1,1
2018,55,115,104,103,105,0.0244074161,1,1
2018,55,117,269,266,272,0.0157420412,1,1
2018,55,119,27,26,28,0.0075970737,3,3
2018,55,121,38,37,39,0.0071969697,2,2
2018,55,123,103,103,103,0.0254887404,1,1
2018,55,125,84,83,85,0.0336943442,1,1
2018,55,127,256,255,257,0.0179284264,1,1
2018,55,129,55,55,55,0.0257611241,1,1
2018,55,131,159,157,161,0.0082575954,1,1
2018,55,133,402,402,402,0.0067906552,1,1
2018,55,135,152,152,152,0.0200474809,1,1
2018,55,137,38,38,38,0.019328586,1,1
2018,55,139,426,426,426,0.0186083082,1,1
2018,55,141,338,335,341,0.0276912994,1,1
2018,56,001,64,64,64,0.0157713159,1,1
2018,56,003,34,34,34,0.0239943543,1,1
2018,56,005,413,413,413,0.0473569545,1,1
2018,56,007,39,39,39,0.0165675446,1,1
2018,56,009,73,73,73,0.0316154179,1,1
2018,56,011,,,,,,
2018,56,013,206,203,209,0.0317069417,1,1
2018,56,015,22,22,22,0.0132370638,3,3
2018,56,017,,,,,,
2018,56,019,,,,,,
2018,56,021,323,323,323,0.0210245395,1,1
2018,56,023,23,23,23,0.0065714286,3,3
2018,56,025,150,150,150,0.0112090868,1,1
2018,56,027,,,,,,
2018,56,029,84,83,85,0.0211320755,1,1
2018,56,031,20,20,20,0.0197238659,3,3
2018,56,033,48,48,48,0.013590034,1,1
2018,56,035,,,,,,
2018,56,037,74,74,74,0.0092708594,1,1
2018,56,039,83,83,83,0.0288094412,1,1
2018,56,041,33,32,34,0.009545849,2,2
2018,56,043,45,45,45,0.0353773585,1,1
2018,56,045,44,43,45,0.0433497537,1,1
2019,01,001,57,57,57,0.00625,1,1
2019,01,003,167,167,167,0.0050878957,1,1
2019,01,005,17,16,18,0.0026550055,3,3
2019,01,007,41,41,41,0.0126426149,1,1
2019,01,009,104,104,104,0.013589442,1,1
2019,01,011,11,11,11,0.0075394106,3,3
2019,01,013,108,108,108,0.0365853659,1,1
2019,01,015,250,250,250,0.0143661648,1,1
2019,01,017,28,27,29,0.0063176895,3,3
2019,01,019,276,276,276,0.0708237105,1,1
2019,01,021,,,,,,
2019,01,023,,,,,,
2019,01,025,,,,,,
2019,01,027,11,11,11,0.0059782609,3,3
2019,01,029,38,38,38,0.0149665223,1,1
2019,01,031,353,353,353,0.0355488419,1,1
2019,01,033,268,267,269,0.0332423716,1,1
2019,01,035,,,,,,
2019,01,037,,,,,,
2019,01,039,,,,,,
2019,01,041,,,,,,
2019,01,043,28,28,28,0.0022389253,3,3
2019,01,045,48,48,48,0.0073959938,1,1
2019,01,047,256,256,256,0.0446615492,1,1
2019,01,049,302,302,302,0.0244376113,1,1
2019,01,051,70,70,70,0.0060569352,1,1
2019,01,053,24,24,24,0.0057471264,3,3
2019,01,055,185,185,185,0.0121694514,1,1
2019,01,057,,,,,,
2019,01,059,,,,,,
2019,01,061,,,,,,
2019,01,063,,,,,,
2019,01,065,,,,,,
2019,01,067,,,,,,
2019,01,069,96,95,97,0.0063241107,1,1
2019,01,071,77,76,78,0.0100640439,1,1
2019,01,073,1367,1365,1369,0.0132249794,1,1
2019,01,075,,,,,,
2019,01,077,63,63,63,0.0049826004,1,1
2019,01,079,122,122,122,0.0261914985,1,1
2019,01,081,74,74,74,0.0032098551,1,1
2019,01,083,157,157,157,0.0100984113,1,1
2019,01,085,27,27,27,0.0210772834,3,3
2019,01,087,59,59,59,0.0316863588,1,1
2019,01,089,450,450,450,0.0081736445,1,1
2019,01,091,,,,,,
2019,01,093,26,25,27,0.005711775,3,3
2019,01,095,529,529,529,0.0284760726,1,1
2019,01,097,4037,4035,4039,0.0666193604,1,1
2019,01,099,119,119,119,0.0359842758,1,1
2019,01,101,288,288,288,0.0102182012,1,1
2019,01,103,124,124,124,0.0062071382,1,1
2019,01,105,148,148,148,0.1256366723,1,1
2019,01,107,10,10,10,0.0040683483,3,3
2019,01,109,73,73,73,0.0182911551,1,1
2019,01,111,22,22,22,0.0101102941,3,3
2019,01,113,59,59,59,0.0053841942,1,1
2019,01,115,66,66,66,0.004788855,1,1
2019,01,117,321,321,321,0.0104672775,1,1
2019,01,119,,,,,,
2019,01,121,20,19,21,0.0021717885,3,3
2019,01,123,11,11,11,0.0036231884,3,3
2019,01,125,357,357,357,0.0119150925,1,1
2019,01,127,75,75,75,0.007334246,1,1
2019,01,129,19,19,19,0.0072574484,3,3
2019,01,131,72,72,72,0.0483221477,1,1
2019,01,133,,,,,,
2019,02,013,,,,,,
2019,02,016,,,,,,
2019,02,020,1709,1709,1709,0.0366321566,1,1
2019,02,050,23,23,23,0.005418139,3,3
2019,02,060,,,,,,
2019,02,068,,,,,,
2019,02,070,10,10,10,0.0226244344,3,3
2019,02,090,370,369,371,0.0241877492,1,1
2019,02,100,,,,,,
2019,02,105,30,30,30,0.2362204724,1,1
2019,02,110,85,85,85,0.017989418,1,1
2019,02,122,175,175,175,0.0199452929,1,1
2019,02,130,,,,,,
2019,02,150,27,27,27,0.0116984402,3,3
2019,02,158,20,20,20,0.0098667982,3,3
2019,02,164,,,,,,
2019,02,170,532,532,532,0.0272792534,1,1
2019,02,180,62,61,63,0.0237547893,1,1
2019,02,185,34,34,34,0.0156682028,1,1
2019,02,188,,,,,,
2019,02,195,,,,,,
2019,02,198,12,11,13,0.0512820513,3,3
2019,02,220,,,,,,
2019,02,230,,,,,,
2019,02,240,,,,,,
2019,02,261,15,15,15,0.01,3,3
2019,02,275,,,,,,
2019,02,282,,,,,,
2019,02,290,46,44,48,0.0063022332,2,2
2019,04,001,276,275,277,0.0461384152,1,1
2019,04,003,362,360,364,0.0264060106,1,1
2019,04,005,580,579,581,0.03652853,1,1
2019,04,007,369,369,369,0.0535092807,1,1
2019,04,009,31,31,31,0.007607362,1,1
2019,04,011,,,,,,
2019,04,012,39,39,39,0.0188861985,1,1
2019,04,013,10598,10578,10618,0.0157341204,1,1
2019,04,015,390,390,390,0.0289317507,1,1
2019,04,017,693,691,695,0.0398344542,1,1
2019,04,019,2992,2987,2997,0.0233863278,1,1
2019,04,021,636,632,640,0.0138053789,1,1
2019,04,023,453,451,455,0.0462150582,1,1
2019,04,025,877,874,880,0.0421391505,1,1
2019,04,027,298,297,299,0.0089205532,1,1
2019,05,001,91,90,92,0.0322123894,1,1
2019,05,003,63,63,63,0.0174225664,1,1
2019,05,005,185,185,185,0.0354677914,1,1
2019,05,007,1071,1071,1071,0.0221048069,1,1
2019,05,009,370,370,370,0.0606756314,1,1
2019,05,011,22,22,22,0.0108267717,3,3
2019,05,013,77,77,77,0.137745975,1,1
2019,05,015,376,376,376,0.0943301555,1,1
2019,05,017,,,,,,
2019,05,019,13,13,13,0.0071625344,3,3
2019,05,021,42,42,42,0.0174563591,1,1
2019,05,023,183,183,183,0.0571875,1,1
2019,05,025,26,25,27,0.0186379928,3,3
2019,05,027,29,29,29,0.0075876504,3,3
2019,05,029,243,243,243,0.0725373134,1,1
2019,05,031,442,442,442,0.021859545,1,1
2019,05,033,270,270,270,0.0247275392,1,1
2019,05,035,153,153,153,0.0155093766,1,1
2019,05,037,134,134,134,0.041180086,1,1
2019,05,039,,,,,,
2019,05,041,24,23,25,0.0099916736,3,3
2019,05,043,31,31,31,0.0103852596,1,1
2019,05,045,640,640,640,0.0334203655,1,1
2019,05,047,99,99,99,0.0310053241,1,1
2019,05,049,63,63,63,0.0366705471,1,1
2019,05,051,443,443,443,0.0289089011,1,1
2019,05,053,42,42,42,0.0086938522,1,1
2019,05,055,318,318,318,0.0403246259,1,1
2019,05,057,208,207,209,0.0590741267,1,1
2019,05,059,159,159,159,0.0294936004,1,1
2019,05,061,63,62,64,0.0218902015,1,1
2019,05,063,333,333,333,0.0482608696,1,1
2019,05,065,43,43,43,0.0231431647,1,1
2019,05,067,107,107,107,0.0487471526,1,1
2019,05,069,190,189,191,0.0192229866,1,1
2019,05,071,166,166,166,0.0363079615,1,1
2019,05,073,13,13,13,0.023853211,3,3
2019,05,075,156,156,156,0.0498880716,1,1
2019,05,077,,,,,,
2019,05,079,32,32,32,0.0212060968,1,1
2019,05,081,29,29,29,0.020625889,3,3
2019,05,083,223,223,223,0.0658983452,1,1
2019,05,085,219,219,219,0.0157068063,1,1
2019,05,087,53,53,53,0.0230034722,1,1
2019,05,089,131,131,131,0.0706580367,1,1
2019,05,091,94,94,94,0.0146714531,1,1
2019,05,093,335,334,336,0.0482361411,1,1
2019,05,095,47,47,47,0.0497354497,1,1
2019,05,097,57,57,57,0.05517909,1,1
2019,05,099,125,125,125,0.0954198473,1,1
2019,05,101,173,173,173,0.1941638608,1,1
2019,05,103,54,54,54,0.0140005185,1,1
2019,05,105,,,,,,
2019,05,107,14,11,17,0.0038230475,3,3
2019,05,109,101,101,101,0.0469330855,1,1
2019,05,111,267,267,267,0.0681992337,1,1
2019,05,113,69,69,69,0.0197537933,1,1
2019,05,115,402,402,402,0.0396449704,1,1
2019,05,117,50,50,50,0.0425894378,1,1
2019,05,119,1039,1036,1042,0.0173609371,1,1
2019,05,121,94,94,94,0.0352323838,1,1
2019,05,123,20,20,20,0.0060186578,3,3
2019,05,125,139,139,139,0.0077179345,1,1
2019,05,127,60,60,60,0.025751073,1,1
2019,05,129,66,66,66,0.045112782,1,1
2019,05,131,386,386,386,0.0188743827,1,1
2019,05,133,69,69,69,0.0289672544,1,1
2019,05,135,106,106,106,0.037258348,1,1
2019,05,137,,,,,,
2019,05,139,205,205,205,0.0288448009,1,1
2019,05,141,295,294,296,0.1321684588,1,1
2019,05,143,957,957,957,0.0223056125,1,1
2019,05,145,341,341,341,0.0285045557,1,1
2019,05,147,72,72,72,0.0736196319,1,1
2019,05,149,134,134,134,0.0318971673,1,1
2019,06,001,3828,3818,3838,0.0176045327,1,1
2019,06,003,24,24,24,0.3428571429,3,3
2019,06,005,165,165,165,0.039606337,1,1
2019,06,007,1836,1835,1837,0.0622330689,1,1
2019,06,009,205,204,206,0.0385700847,1,1
2019,06,011,327,327,327,0.0671182266,1,1
2019,06,013,2796,2795,2797,0.0165748804,1,1
2019,06,015,276,276,276,0.0637855327,1,1
2019,06,017,802,800,804,0.0251111529,1,1
2019,06,019,2823,2819,2827,0.0137780576,1,1
2019,06,021,242,241,243,0.0454630847,1,1
2019,06,023,1048,1042,1054,0.0648916409,1,1
2019,06,025,1909,1907,1911,0.0531740063,1,1
2019,06,027,,,,,,
2019,06,029,5056,5049,5063,0.0261377089,1,1
2019,06,031,844,840,848,0.0294035674,1,1
2019,06,033,761,760,762,0.0778516624,1,1
2019,06,035,113,113,113,0.0325554595,1,1
2019,06,037,55180,55123,55237,0.0393620467,1,1
2019,06,039,876,875,877,0.0278537361,1,1
2019,06,041,1370,1367,1373,0.0479456849,1,1
2019,06,043,157,157,157,0.0908039329,1,1
2019,06,045,888,885,891,0.0693046125,1,1
2019,06,047,1766,1765,1767,0.0302366195,1,1
2019,06,049,,,,,,
2019,06,051,39,39,39,0.0259481038,1,1
2019,06,053,9785,9781,9789,0.1276665144,1,1
2019,06,055,379,378,380,0.0191898734,1,1
2019,06,057,482,479,485,0.0325192282,1,1
2019,06,059,27677,27677,27677,0.0591636668,1,1
2019,06,061,1298,1297,1299,0.0191634801,1,1
2019,06,063,61,60,62,0.0274898603,1,1
2019,06,065,19087,19084,19090,0.0447596692,1,1
2019,06,067,10429,10421,10437,0.0430470137,1,1
2019,06,069,309,308,310,0.0270815074,1,1
2019,06,071,32521,32518,32524,0.0809255891,1,1
2019,06,073,19656,19633,19679,0.0406166893,1,1
2019,06,075,3575,3574,3576,0.060380354,1,1
2019,06,077,5585,5580,5590,0.0381632444,1,1
2019,06,079,2614,2614,2614,0.0765132888,1,1
2019,06,081,1738,1734,1742,0.0193748328,1,1
2019,06,083,7893,7890,7896,0.1186471251,1,1
2019,06,085,3726,3717,3735,0.0146431758,1,1
2019,06,087,3369,3368,3370,0.0833127257,1,1
2019,06,089,744,738,750,0.0289359054,1,1
2019,06,091,15,15,15,0.0347222222,3,3
2019,06,093,330,328,332,0.0605060506,1,1
2019,06,095,1156,1155,1157,0.0183941699,1,1
2019,06,097,994,989,999,0.0159706936,1,1
2019,06,099,1737,1732,1742,0.0158799813,1,1
2019,06,101,386,382,390,0.01854521,1,1
2019,06,103,703,702,704,0.0698043888,1,1
2019,06,105,119,117,121,0.0806779661,1,1
2019,06,107,2815,2814,2816,0.0282315893,1,1
2019,06,109,329,329,329,0.0544251447,1,1
2019,06,111,6710,6704,6716,0.0464832736,1,1
2019,06,113,819,819,819,0.0283577438,1,1
2019,06,115,406,404,408,0.030629951,1,1
2019,08,001,3165,3165,3165,0.0372230324,1,1
2019,08,003,165,165,165,0.0638792102,1,1
2019,08,005,2753,2753,2753,0.0234017052,1,1
2019,08,007,17,17,17,0.0097588978,3,3
2019,08,009,,,,,,
2019,08,011,40,40,40,0.0166251039,1,1
2019,08,013,779,779,779,0.0121995145,1,1
2019,08,014,,,,,,
2019,08,015,62,62,62,0.0257475083,1,1
2019,08,017,,,,,,
2019,08,019,36,36,36,0.050209205,1,1
2019,08,021,19,19,19,0.0121019108,3,3
2019,08,023,24,24,24,0.0491803279,3,3
2019,08,025,,,,,,
2019,08,027,,,,,,
2019,08,029,233,233,233,0.0463036566,1,1
2019,08,031,2252,2252,2252,0.0203952254,1,1
2019,08,033,,,,,,
2019,08,035,628,628,628,0.0093306589,1,1
2019,08,037,63,63,63,0.0092483852,1,1
2019,08,039,24,22,26,0.0074673304,3,3
2019,08,041,2075,2073,2077,0.0165901786,1,1
2019,08,043,172,172,172,0.0352459016,1,1
2019,08,045,258,258,258,0.0215755143,1,1
2019,08,047,,,,,,
2019,08,049,63,63,63,0.0352348993,1,1
2019,08,051,16,16,16,0.0075793463,3,3
2019,08,053,,,,,,
2019,08,055,,,,,,
2019,08,057,,,,,,
2019,08,059,2381,2381,2381,0.0283189419,1,1
2019,08,061,,,,,,
2019,08,063,33,33,33,0.0280135823,1,1
2019,08,065,19,19,19,0.0172413793,3,3
2019,08,067,112,112,112,0.0146731298,1,1
2019,08,069,2205,2205,2205,0.0458725139,1,1
2019,08,071,,,,,,
2019,08,073,25,25,25,0.0555555556,3,3
2019,08,075,69,68,70,0.026953125,1,1
2019,08,077,693,692,694,0.0312021612,1,1
2019,08,079,,,,,,
2019,08,081,,,,,,
2019,08,083,101,101,101,0.025389643,1,1
2019,08,085,258,258,258,0.0415124698,1,1
2019,08,087,499,499,499,0.085577088,1,1
2019,08,089,39,39,39,0.0180138568,1,1
2019,08,091,,,,,,
2019,08,093,11,11,11,0.0069796954,3,3
2019,08,095,,,,,,
2019,08,097,,,,,,
2019,08,099,72,72,72,0.0453400504,1,1
2019,08,101,497,497,497,0.0186701728,1,1
2019,08,103,30,30,30,0.0234741784,1,1
2019,08,105,33,33,33,0.0169840453,1,1
2019,08,107,,,,,,
2019,08,109,242,242,242,0.2412761715,1,1
2019,08,111,10,10,10,0.1234567901,3,3
2019,08,113,11,11,11,0.0552763819,3,3
2019,08,115,21,21,21,0.0216942149,3,3
2019,08,117,16,16,16,0.0044667783,3,3
2019,08,119,64,64,64,0.0241418333,1,1
2019,08,121,30,30,30,0.0511073254,1,1
2019,08,123,993,992,994,0.0219423268,1,1
2019,08,125,47,46,48,0.0252416756,1,1
2019,09,001,393,387,399,0.0033532423,1,1
2019,09,003,1249,1244,1254,0.0095628206,1,1
2019,09,005,129,122,136,0.0075882353,3,3
2019,09,007,126,123,129,0.0049721795,1,1
2019,09,009,1439,1435,1443,0.0128975012,1,1
2019,09,011,601,600,602,0.0168616559,1,1
2019,09,013,139,136,142,0.008139603,1,1
2019,09,015,198,193,203,0.0137290251,2,2
2019,10,001,793,792,794,0.0289078449,1,1
2019,10,003,1299,1294,1304,0.0167310665,1,1
2019,10,005,621,620,622,0.0186800626,1,1
2019,11,001,6498,6494,6502,0.071379924,1,1
2019,12,001,1046,1045,1046,0.0338500372,1,1
2019,12,003,103,103,103,0.0204081633,1,1
2019,12,005,3774,3774,3774,0.1503046716,1,1
2019,12,007,140,140,140,0.0455729167,1,1
2019,12,009,1615,1615,1615,0.0218355372,1,1
2019,12,011,5131,5131,5131,0.0190049707,1,1
2019,12,013,271,271,271,0.1270511017,1,1
2019,12,015,386,386,386,0.0240798503,1,1
2019,12,017,637,637,637,0.0408045609,1,1
2019,12,019,817,817,817,0.0211122022,1,1
2019,12,021,1163,1163,1163,0.02431325,1,1
2019,12,023,462,462,462,0.0453296703,1,1
2019,12,027,125,125,125,0.025308767,1,1
2019,12,029,68,68,68,0.030438675,1,1
2019,12,031,3349,3349,3349,0.0257063686,1,1
2019,12,033,1819,1819,1819,0.0457736732,1,1
2019,12,035,445,445,445,0.0343735517,1,1
2019,12,037,140,140,140,0.1067073171,1,1
2019,12,039,149,149,149,0.0287256603,1,1
2019,12,041,,,,,,
2019,12,043,35,35,35,0.0196961171,1,1
2019,12,045,30,30,30,0.0158730159,1,1
2019,12,047,285,285,285,0.1738865162,1,1
2019,12,049,255,255,255,0.0503157064,1,1
2019,12,051,446,446,446,0.0500336549,1,1
2019,12,053,696,696,696,0.0302964349,1,1
2019,12,055,426,426,426,0.0352649007,1,1
2019,12,057,4781,4781,4781,0.0214101789,1,1
2019,12,059,58,58,58,0.0178351784,1,1
2019,12,061,529,529,529,0.0296010296,1,1
2019,12,063,389,389,389,0.0608763693,1,1
2019,12,065,26,26,26,0.0343007916,3,3
2019,12,067,203,203,203,0.1662571663,1,1
2019,12,069,1525,1525,1525,0.0340454982,1,1
2019,12,071,1236,1236,1236,0.0129271124,1,1
2019,12,073,856,856,856,0.023176477,1,1
2019,12,075,211,211,211,0.038412525,1,1
2019,12,077,52,52,52,0.0398773006,1,1
2019,12,079,186,186,186,0.0728840125,1,1
2019,12,081,1283,1283,1283,0.0256149177,1,1
2019,12,083,1087,1087,1087,0.0251445755,1,1
2019,12,085,669,669,669,0.0351402458,1,1
2019,12,086,9388,9388,9388,0.0270308402,1,1
2019,12,087,276,276,276,0.0313315927,1,1
2019,12,089,513,513,513,0.0418843893,1,1
2019,12,091,733,733,733,0.0225830304,1,1
2019,12,093,352,352,352,0.0531320755,1,1
2019,12,095,4867,4867,4867,0.0226384728,1,1
2019,12,097,2625,2625,2625,0.0375402217,1,1
2019,12,099,4563,4563,4563,0.0229326445,1,1
2019,12,101,1879,1879,1879,0.0245105073,1,1
2019,12,103,4251,4251,4251,0.0426071443,1,1
2019,12,105,3911,3911,3911,0.0363209168,1,1
2019,12,107,525,525,525,0.0483870968,1,1
2019,12,109,688,688,688,0.0155842979,1,1
2019,12,111,1428,1428,1428,0.0341145273,1,1
2019,12,113,796,796,796,0.0274085807,1,1
2019,12,115,727,727,727,0.0167184086,1,1
2019,12,117,1599,1599,1599,0.0234815555,1,1
2019,12,119,99,99,99,0.0110454089,1,1
2019,12,121,279,279,279,0.0471045079,1,1
2019,12,123,109,109,109,0.0388730385,1,1
2019,12,125,73,73,73,0.0304039983,1,1
2019,12,127,2664,2664,2664,0.0422796743,1,1
2019,12,129,63,63,63,0.0123820755,1,1
2019,12,131,340,340,340,0.0325421133,1,1
2019,12,133,231,231,231,0.0665897953,1,1
2019,13,001,71,71,71,0.0199046818,1,1
2019,13,003,,,,,,
2019,13,005,80,80,80,0.0379146919,1,1
2019,13,007,,,,,,
2019,13,009,482,482,482,0.0958822359,1,1
2019,13,011,105,105,105,0.0381818182,1,1
2019,13,013,319,319,319,0.0223514574,1,1
2019,13,015,456,456,456,0.0252045103,1,1
2019,13,017,20,20,20,0.0065252855,3,3
2019,13,019,68,68,68,0.0213836478,1,1
2019,13,021,516,515,517,0.0214143426,1,1
2019,13,023,,,,,,
2019,13,025,60,60,60,0.017366136,1,1
2019,13,027,15,15,15,0.0068681319,3,3
2019,13,029,89,89,89,0.0091282051,1,1
2019,13,031,195,195,195,0.0178866263,1,1
2019,13,033,15,15,15,0.0035252644,3,3
2019,13,035,362,362,362,0.1029579067,1,1
2019,13,037,,,,,,
2019,13,039,68,68,68,0.0073299558,1,1
2019,13,043,,,,,,
2019,13,045,923,923,923,0.0451433043,1,1
2019,13,047,293,293,293,0.0272051996,1,1
2019,13,049,39,39,39,0.0230905861,1,1
2019,13,051,1012,1012,1012,0.0270183682,1,1
2019,13,053,,,,,,
2019,13,055,374,374,374,0.0918467583,1,1
2019,13,057,241,241,241,0.0055537632,1,1
2019,13,059,551,551,551,0.0363360591,1,1
2019,13,061,,,,,,
2019,13,063,2359,2359,2359,0.0364549529,1,1
2019,13,065,14,14,14,0.0104790419,3,3
2019,13,067,1717,1716,1718,0.0141428618,1,1
2019,13,069,661,661,661,0.0850817351,1,1
2019,13,071,263,263,263,0.0278395258,1,1
2019,13,073,222,222,222,0.0077040533,1,1
2019,13,075,11,11,11,0.0034700315,3,3
2019,13,077,178,178,178,0.0077882301,1,1
2019,13,079,17,17,17,0.0100413467,3,3
2019,13,081,12,12,12,0.0030596634,3,3
2019,13,083,25,25,25,0.011368804,3,3
2019,13,085,207,207,207,0.0568681319,1,1
2019,13,087,46,46,46,0.0091779729,1,1
2019,13,089,1729,1729,1729,0.016517951,1,1
2019,13,091,35,35,35,0.0114379085,1,1
2019,13,093,103,103,103,0.0840816327,1,1
2019,13,095,332,332,332,0.0239158623,1,1
2019,13,097,724,724,724,0.0271537336,1,1
2019,13,099,67,67,67,0.0344473008,1,1
2019,13,101,,,,,,
2019,13,103,64,64,64,0.0049359864,1,1
2019,13,105,58,58,58,0.018904824,1,1
2019,13,107,69,69,69,0.0165032289,1,1
2019,13,109,92,92,92,0.0475944128,1,1
2019,13,111,193,193,193,0.0661185337,1,1
2019,13,113,88,88,88,0.0042847405,1,1
2019,13,115,625,625,625,0.039084485,1,1
2019,13,117,608,608,608,0.0120291231,1,1
2019,13,119,92,92,92,0.025527192,1,1
2019,13,121,2860,2859,2861,0.0192913465,1,1
2019,13,123,93,93,93,0.0222010026,1,1
2019,13,125,,,,,,
2019,13,127,234,234,234,0.0176111989,1,1
2019,13,129,517,517,517,0.0477642276,1,1
2019,13,131,37,37,37,0.0079127459,1,1
2019,13,133,59,59,59,0.0222641509,1,1
2019,13,135,1791,1791,1791,0.0093811382,1,1
2019,13,137,138,138,138,0.0196974022,1,1
2019,13,139,874,874,874,0.024819674,1,1
2019,13,141,45,45,45,0.0574712644,1,1
2019,13,143,330,330,330,0.0583864119,1,1
2019,13,145,37,37,37,0.0066642651,1,1
2019,13,147,34,34,34,0.0095532453,1,1
2019,13,149,120,120,120,0.0568450971,1,1
2019,13,151,779,779,779,0.0181124881,1,1
2019,13,153,513,513,513,0.0169749512,1,1
2019,13,155,66,66,66,0.0389380531,1,1
2019,13,157,138,138,138,0.0098522167,1,1
2019,13,159,32,32,32,0.0132669983,1,1
2019,13,161,17,17,17,0.0055123217,3,3
2019,13,163,11,11,11,0.0046179681,3,3
2019,13,165,17,17,17,0.0150044131,3,3
2019,13,167,53,53,53,0.0483576642,1,1
2019,13,169,12,12,12,0.0022680023,3,3
2019,13,171,47,47,47,0.0174916263,1,1
2019,13,173,68,68,68,0.0397660819,1,1
2019,13,175,471,471,471,0.0529570497,1,1
2019,13,177,514,514,514,0.0775030157,1,1
2019,13,179,244,244,244,0.0241775664,1,1
2019,13,181,142,142,142,0.127126231,1,1
2019,13,183,12,12,12,0.0030959752,3,3
2019,13,185,555,555,555,0.0287937743,1,1
2019,13,187,80,80,80,0.0207576544,1,1
2019,13,189,25,25,25,0.0068775791,3,3
2019,13,191,69,69,69,0.0519578313,1,1
2019,13,193,,,,,,
2019,13,195,187,187,187,0.037429944,1,1
2019,13,197,,,,,,
2019,13,199,17,17,17,0.0068548387,3,3
2019,13,201,32,32,32,0.0368663594,1,1
2019,13,205,82,82,82,0.0296993843,1,1
2019,13,207,785,785,785,0.1890655106,1,1
2019,13,209,47,47,47,0.0532879819,1,1
2019,13,211,34,34,34,0.0106382979,1,1
2019,13,213,156,156,156,0.0216186253,1,1
2019,13,215,1086,1086,1086,0.0342230486,1,1
2019,13,217,204,204,204,0.0104193268,1,1
2019,13,219,67,67,67,0.0082309582,1,1
2019,13,221,34,34,34,0.0159549507,1,1
2019,13,223,212,212,212,0.0069517314,1,1
2019,13,225,67,67,67,0.0181424316,1,1
2019,13,227,134,134,134,0.0309254558,1,1
2019,13,229,76,76,76,0.0210526316,1,1
2019,13,231,,,,,,
2019,13,233,615,615,615,0.0763595729,1,1
2019,13,235,27,27,27,0.0200296736,3,3
2019,13,237,12,12,12,0.003992016,3,3
2019,13,239,68,68,68,0.2266666667,1,1
2019,13,241,106,106,106,0.0462276494,1,1
2019,13,243,,,,,,
2019,13,245,629,629,629,0.0205113155,1,1
2019,13,247,511,511,511,0.0308481739,1,1
2019,13,249,,,,,,
2019,13,251,77,77,77,0.0336980306,1,1
2019,13,253,,,,,,
2019,13,255,365,365,365,0.0357597727,1,1
2019,13,257,76,76,76,0.0190763052,1,1
2019,13,259,,,,,,
2019,13,261,15,15,15,0.0033967391,3,3
2019,13,263,,,,,,
2019,13,265,,,,,,
2019,13,267,34,34,34,0.008987576,1,1
2019,13,269,126,126,126,0.0903225806,1,1
2019,13,271,12,12,12,0.0070838253,3,3
2019,13,273,,,,,,
2019,13,275,391,391,391,0.0453175707,1,1
2019,13,277,38,38,38,0.0048156127,1,1
2019,13,279,99,99,99,0.0178121626,1,1
2019,13,281,50,50,50,0.0534759358,1,1
2019,13,283,17,17,17,0.0152877698,3,3
2019,13,285,228,228,228,0.0188010225,1,1
2019,13,287,,,,,,
2019,13,289,63,63,63,0.0802547771,1,1
2019,13,291,26,26,26,0.0090655509,3,3
2019,13,293,77,77,77,0.0185810811,1,1
2019,13,295,86,85,87,0.0086319382,1,1
2019,13,297,247,247,247,0.0154317131,1,1
2019,13,299,389,389,389,0.0626812762,1,1
2019,13,301,,,,,,
2019,13,303,21,21,21,0.0068093385,3,3
2019,13,305,107,107,107,0.0199143867,1,1
2019,13,307,,,,,,
2019,13,309,,,,,,
2019,13,311,175,175,175,0.0294216543,1,1
2019,13,313,695,695,695,0.0334842937,1,1
2019,13,315,,,,,,
2019,13,317,,,,,,
2019,13,319,,,,,,
2019,13,321,34,34,34,0.0106884627,1,1
2019,15,001,,,,,,
2019,15,003,3586,3586,3586,0.0198025269,1,1
2019,15,005,,,,,,
2019,15,007,,,,,,
2019,15,009,,,,,,
2019,16,001,1506,1506,1506,0.0194623934,1,1
2019,16,003,,,,,,
2019,16,005,332,330,334,0.0250603865,1,1
2019,16,007,17,17,17,0.0145051195,3,3
2019,16,009,63,63,63,0.0465288035,1,1
2019,16,011,160,160,160,0.017167382,1,1
2019,16,013,113,113,113,0.0323411563,1,1
2019,16,015,41,41,41,0.0678807947,1,1
2019,16,017,172,172,172,0.0343793724,1,1
2019,16,019,345,343,347,0.0135177494,1,1
2019,16,021,131,131,131,0.0905947441,1,1
2019,16,023,,,,,,
2019,16,025,,,,,,
2019,16,027,1755,1753,1757,0.0426695842,1,1
2019,16,029,37,37,37,0.0248322148,1,1
2019,16,031,123,123,123,0.0221063983,1,1
2019,16,033,20,20,20,0.1652892562,3,3
2019,16,035,86,86,86,0.076173605,1,1
2019,16,037,,,,,,
2019,16,039,38,38,38,0.0087638376,1,1
2019,16,041,26,26,26,0.0080271689,3,3
2019,16,043,39,39,39,0.0177595628,1,1
2019,16,045,80,80,80,0.0299850075,1,1
2019,16,047,137,135,139,0.0419601838,1,1
2019,16,049,12,12,12,0.0088365243,3,3
2019,16,051,46,46,46,0.0060654008,1,1
2019,16,053,104,104,104,0.0217573222,1,1
2019,16,055,682,682,682,0.0314285714,1,1
2019,16,057,73,71,75,0.0177184466,2,2
2019,16,059,97,97,97,0.1102272727,1,1
2019,16,061,69,69,69,0.0941336971,1,1
2019,16,063,54,54,54,0.059602649,1,1
2019,16,065,57,57,57,0.0081463484,1,1
2019,16,067,127,127,127,0.0290617849,1,1
2019,16,069,232,232,232,0.0438812181,1,1
2019,16,071,51,51,51,0.0151470151,1,1
2019,16,073,104,104,104,0.043697479,1,1
2019,16,075,427,426,428,0.0987739995,1,1
2019,16,077,110,110,110,0.0708762887,1,1
2019,16,079,106,106,106,0.0628706999,1,1
2019,16,081,,,,,,
2019,16,083,420,420,420,0.0283822138,1,1
2019,16,085,41,41,41,0.0271164021,1,1
2019,16,087,41,40,42,0.0227146814,1,1
2019,17,001,97,97,97,0.0119076848,1,1
2019,17,003,126,126,126,0.1823444284,1,1
2019,17,005,47,47,47,0.022327791,1,1
2019,17,007,86,86,86,0.0092752373,1,1
2019,17,009,,,,,,
2019,17,011,71,68,74,0.0148722245,2,2
2019,17,013,23,23,23,0.0391822828,3,3
2019,17,015,,,,,,
2019,17,017,51,51,51,0.0229419703,1,1
2019,17,019,599,596,602,0.0241561479,1,1
2019,17,021,142,142,142,0.0272134918,1,1
2019,17,023,86,86,86,0.0336726703,1,1
2019,17,025,270,270,270,0.1191001323,1,1
2019,17,027,150,147,153,0.0308515014,1,1
2019,17,029,253,253,253,0.0384381647,1,1
2019,17,031,20806,20790,20822,0.0294157982,1,1
2019,17,033,192,192,192,0.0684736091,1,1
2019,17,035,38,38,38,0.024173028,1,1
2019,17,037,293,292,294,0.0177092777,1,1
2019,17,039,48,48,48,0.0195121951,1,1
2019,17,041,81,81,81,0.0233564014,1,1
2019,17,043,1984,1980,1988,0.0132139812,1,1
2019,17,045,160,160,160,0.0570409982,1,1
2019,17,047,40,40,40,0.0442477876,1,1
2019,17,049,208,208,208,0.0415252545,1,1
2019,17,051,255,255,255,0.0916606758,1,1
2019,17,053,40,40,40,0.015015015,1,1
2019,17,055,536,536,536,0.0878400524,1,1
2019,17,057,147,147,147,0.0339491917,1,1
2019,17,059,52,52,52,0.0735502122,1,1
2019,17,061,193,193,193,0.107881498,1,1
2019,17,063,115,112,118,0.0086518206,2,2
2019,17,065,79,79,79,0.068815331,1,1
2019,17,067,109,109,109,0.0386114063,1,1
2019,17,069,75,75,75,0.1439539347,1,1
2019,17,071,11,11,11,0.0145888594,3,3
2019,17,073,217,216,218,0.0262045647,1,1
2019,17,075,59,57,61,0.0148315737,2,2
2019,17,077,315,315,315,0.0447506748,1,1
2019,17,079,33,33,33,0.0269387755,1,1
2019,17,081,544,543,545,0.0906364545,1,1
2019,17,083,72,72,72,0.0280811232,1,1
2019,17,085,11,10,12,0.0074576271,3,3
2019,17,087,159,159,159,0.0875550661,1,1
2019,17,089,1651,1650,1652,0.0172603055,1,1
2019,17,091,469,468,470,0.027150631,1,1
2019,17,093,208,208,208,0.0078511305,1,1
2019,17,095,98,97,99,0.0137737175,1,1
2019,17,097,1435,1428,1442,0.0118210126,1,1
2019,17,099,256,252,260,0.0194292653,1,1
2019,17,101,56,56,56,0.0260950606,1,1
2019,17,103,22,21,23,0.006387921,3,3
2019,17,105,78,75,81,0.0151133501,2,2
2019,17,107,53,52,54,0.0163580247,1,1
2019,17,109,127,127,127,0.0370586519,1,1
2019,17,111,644,641,647,0.0094356209,1,1
2019,17,113,323,322,324,0.0133852721,1,1
2019,17,115,309,309,309,0.0191997018,1,1
2019,17,117,340,340,340,0.0423728814,1,1
2019,17,119,1184,1183,1185,0.0298101616,1,1
2019,17,121,617,617,617,0.0912992009,1,1
2019,17,123,11,10,12,0.0086750789,3,3
2019,17,125,104,104,104,0.0414012739,1,1
2019,17,127,126,126,126,0.0552874068,1,1
2019,17,129,,,,,,
2019,17,131,35,35,35,0.0129390018,1,1
2019,17,133,89,88,90,0.0171781509,1,1
2019,17,135,210,210,210,0.0516732283,1,1
2019,17,137,110,110,110,0.0262279447,1,1
2019,17,139,44,44,44,0.0261127596,1,1
2019,17,141,108,106,110,0.0148965517,1,1
2019,17,143,552,546,558,0.0199811772,1,1
2019,17,145,68,67,69,0.0253731343,1,1
2019,17,147,35,34,36,0.01361338,2,2
2019,17,149,53,53,53,0.0438741722,1,1
2019,17,151,21,21,21,0.0418326693,3,3
2019,17,153,77,76,78,0.0925480769,1,1
2019,17,155,10,10,10,0.0118483412,3,3
2019,17,157,196,196,196,0.0480981595,1,1
2019,17,159,152,152,152,0.0628878775,1,1
2019,17,161,250,248,252,0.0117519861,1,1
2019,17,163,1513,1511,1515,0.0384683837,1,1
2019,17,165,282,282,282,0.0711043873,1,1
2019,17,167,628,628,628,0.0232008275,1,1
2019,17,169,20,20,20,0.0199004975,3,3
2019,17,171,22,22,22,0.0264741276,3,3
2019,17,173,39,39,39,0.0171277997,1,1
2019,17,175,31,31,31,0.0444763271,1,1
2019,17,177,235,234,236,0.0436559539,1,1
2019,17,179,283,280,286,0.014526975,1,1
2019,17,181,178,178,178,0.0636851521,1,1
2019,17,183,399,398,400,0.0327936221,1,1
2019,17,185,180,180,180,0.1083032491,1,1
2019,17,187,24,23,25,0.0092236741,3,3
2019,17,189,83,82,84,0.0456043956,1,1
2019,17,191,63,63,63,0.0274629468,1,1
2019,17,193,245,245,245,0.099796334,1,1
2019,17,195,175,174,176,0.0195508882,1,1
2019,17,197,1591,1587,1595,0.0145202654,1,1
2019,17,199,495,495,495,0.0483965585,1,1
2019,17,201,2887,2884,2890,0.0654975271,1,1
2019,17,203,45,44,46,0.0069273399,1,1
2019,18,001,99,99,99,0.0227795674,1,1
2019,18,003,1168,1167,1169,0.0211916685,1,1
2019,18,005,365,365,365,0.0293455539,1,1
2019,18,007,10,10,10,0.0057770075,3,3
2019,18,009,15,15,15,0.0095419847,3,3
2019,18,011,158,158,158,0.0125916481,1,1
2019,18,013,36,36,36,0.0193756728,1,1
2019,18,015,32,32,32,0.0129502226,1,1
2019,18,017,489,489,489,0.073401381,1,1
2019,18,019,279,278,280,0.0232732733,1,1
2019,18,021,30,30,30,0.0072446269,1,1
2019,18,023,191,191,191,0.0360922147,1,1
2019,18,025,36,36,36,0.0237310481,1,1
2019,18,027,21,20,22,0.0045474231,3,3
2019,18,029,34,34,34,0.0042558518,1,1
2019,18,031,69,69,69,0.0169117647,1,1
2019,18,033,116,116,116,0.0202478618,1,1
2019,18,035,72,71,73,0.005577072,1,1
2019,18,037,18,16,20,0.0028548771,3,3
2019,18,039,662,662,662,0.0183659315,1,1
2019,18,041,20,20,20,0.0057987823,3,3
2019,18,043,117,116,118,0.0095518001,1,1
2019,18,045,41,41,41,0.0158546017,1,1
2019,18,047,19,19,19,0.0043123014,3,3
2019,18,049,37,36,38,0.0150590151,2,2
2019,18,051,101,101,101,0.0247974466,1,1
2019,18,053,241,241,241,0.0222591669,1,1
2019,18,055,48,47,49,0.0117560617,1,1
2019,18,057,350,350,350,0.0056539157,1,1
2019,18,059,83,83,83,0.0060005784,1,1
2019,18,061,53,53,53,0.0098678086,1,1
2019,18,063,175,174,176,0.0056486233,1,1
2019,18,065,36,36,36,0.0057961681,1,1
2019,18,067,166,165,167,0.0121389397,1,1
2019,18,069,17,17,17,0.0033405384,3,3
2019,18,071,112,111,113,0.0151290018,1,1
2019,18,073,131,131,131,0.0262893839,1,1
2019,18,075,19,19,19,0.006037496,3,3
2019,18,077,67,67,67,0.0162345529,1,1
2019,18,079,185,185,185,0.0443326144,1,1
2019,18,081,434,434,434,0.0156497909,1,1
2019,18,083,21,20,22,0.0052843483,3,3
2019,18,085,260,260,260,0.0223156811,1,1
2019,18,087,86,86,86,0.0160657575,1,1
2019,18,089,758,753,763,0.0097956863,1,1
2019,18,091,189,188,190,0.0110506929,1,1
2019,18,093,43,43,43,0.006912072,1,1
2019,18,095,257,256,258,0.016774362,1,1
2019,18,097,4357,4352,4362,0.0276396255,1,1
2019,18,099,82,82,82,0.0122333284,1,1
2019,18,101,,,,,,
2019,18,103,84,83,85,0.0164673593,1,1
2019,18,105,257,256,258,0.0174913224,1,1
2019,18,107,120,120,120,0.0194143343,1,1
2019,18,109,590,589,591,0.0555607873,1,1
2019,18,111,32,32,32,0.0160561967,1,1
2019,18,113,115,115,115,0.0161994647,1,1
2019,18,115,43,43,43,0.052184466,1,1
2019,18,117,,,,,,
2019,18,119,175,175,175,0.0737152485,1,1
2019,18,121,19,19,19,0.0086678832,3,3
2019,18,123,189,189,189,0.0647260274,1,1
2019,18,125,41,40,42,0.0224657534,1,1
2019,18,127,335,334,336,0.0124795113,1,1
2019,18,129,38,38,38,0.0108478447,1,1
2019,18,131,10,10,10,0.005186722,3,3
2019,18,133,147,147,147,0.0271067675,1,1
2019,18,135,163,161,165,0.026383943,1,1
2019,18,137,91,90,92,0.0302124834,1,1
2019,18,139,43,43,43,0.0213611525,1,1
2019,18,141,504,501,507,0.0131393712,1,1
2019,18,143,46,46,46,0.0170940171,1,1
2019,18,145,82,80,84,0.0139266304,1,1
2019,18,147,18,18,18,0.0054446461,3,3
2019,18,149,21,20,22,0.0074919729,3,3
2019,18,151,52,52,52,0.0142778693,1,1
2019,18,153,69,69,69,0.0221508828,1,1
2019,18,155,50,50,50,0.0339213026,1,1
2019,18,157,322,321,323,0.0132439436,1,1
2019,18,159,13,12,14,0.0057042563,3,3
2019,18,161,,,,,,
2019,18,163,508,508,508,0.0222592236,1,1
2019,18,165,67,67,67,0.0273134937,1,1
2019,18,167,341,341,341,0.0232891681,1,1
2019,18,169,46,46,46,0.0086158457,1,1
2019,18,171,,,,,,
2019,18,173,39,39,39,0.0038378272,1,1
2019,18,175,89,89,89,0.0276054591,1,1
2019,18,177,116,116,116,0.0116349047,1,1
2019,18,179,73,73,73,0.0144985104,1,1
2019,18,181,76,75,77,0.019172553,1,1
2019,18,183,38,38,38,0.0076489533,1,1
2019,19,001,,,,,,
2019,19,003,,,,,,
2019,19,005,,,,,,
2019,19,007,11,11,11,0.0078125,3,3
2019,19,009,,,,,,
2019,19,011,21,21,21,0.0066666667,3,3
2019,19,013,366,366,366,0.0204892795,1,1
2019,19,015,44,44,44,0.0182800166,1,1
2019,19,017,,,,,,
2019,19,019,14,13,15,0.0066413662,3,3
2019,19,021,93,92,94,0.0278693437,1,1
2019,19,023,,,,,,
2019,19,025,,,,,,
2019,19,027,10,9,11,0.0038654813,3,3
2019,19,029,,,,,,
2019,19,031,13,12,14,0.0070537168,3,3
2019,19,033,124,124,124,0.0229587113,1,1
2019,19,035,,,,,,
2019,19,037,19,19,19,0.0183397683,3,3
2019,19,039,,,,,,
2019,19,041,,,,,,
2019,19,043,,,,,,
2019,19,045,95,95,95,0.0134275618,1,1
2019,19,047,,,,,,
2019,19,049,131,130,132,0.0065174129,1,1
2019,19,051,12,12,12,0.0092307692,3,3
2019,19,053,,,,,,
2019,19,055,,,,,,
2019,19,057,263,262,264,0.0497070497,1,1
2019,19,059,24,24,24,0.0096930533,3,3
2019,19,061,262,262,262,0.0178158575,1,1
2019,19,063,,,,,,
2019,19,065,44,42,46,0.0130757801,2,2
2019,19,067,27,27,27,0.0167701863,3,3
2019,19,069,13,13,13,0.0097597598,3,3
2019,19,071,,,,,,
2019,19,073,,,,,,
2019,19,075,,,,,,
2019,19,077,,,,,,
2019,19,079,21,21,21,0.008,3,3
2019,19,081,,,,,,
2019,19,083,,,,,,
2019,19,085,,,,,,
2019,19,087,11,11,11,0.0045286126,3,3
2019,19,089,22,22,22,0.0200729927,3,3
2019,19,091,,,,,,
2019,19,093,,,,,,
2019,19,095,10,9,11,0.0043668122,3,3
2019,19,097,29,28,30,0.0154009559,3,3
2019,19,099,27,25,29,0.0051291793,3,3
2019,19,101,15,15,15,0.0091463415,3,3
2019,19,103,362,362,362,0.0204646956,1,1
2019,19,105,23,22,24,0.0082378223,3,3
2019,19,107,17,16,18,0.0185387132,3,3
2019,19,109,,,,,,
2019,19,111,,,,,,
2019,19,113,623,622,624,0.0170297679,1,1
2019,19,115,75,74,76,0.0480153649,1,1
2019,19,117,13,13,13,0.0102604578,3,3
2019,19,119,,,,,,
2019,19,121,31,31,31,0.0117290957,1,1
2019,19,123,42,42,42,0.015,1,1
2019,19,125,37,37,37,0.007505071,1,1
2019,19,127,33,33,33,0.0063097514,1,1
2019,19,129,106,106,106,0.0510351468,1,1
2019,19,131,,,,,,
2019,19,133,,,,,,
2019,19,135,,,,,,
2019,19,137,,,,,,
2019,19,139,44,43,45,0.0060798673,1,1
2019,19,141,,,,,,
2019,19,143,,,,,,
2019,19,145,,,,,,
2019,19,147,,,,,,
2019,19,149,,,,,,
2019,19,151,,,,,,
2019,19,153,1292,1292,1292,0.0161352766,1,1
2019,19,155,149,148,150,0.0098629774,1,1
2019,19,157,12,11,13,0.0053475936,3,3
2019,19,159,,,,,,
2019,19,161,,,,,,
2019,19,163,392,392,392,0.0136414254,1,1
2019,19,165,,,,,,
2019,19,167,30,30,30,0.0162601626,1,1
2019,19,169,158,156,160,0.0136489288,1,1
2019,19,171,46,46,46,0.0225822288,1,1
2019,19,173,,,,,,
2019,19,175,16,16,16,0.0106382979,3,3
2019,19,177,16,16,16,0.0190023753,3,3
2019,19,179,157,157,157,0.023163175,1,1
2019,19,181,51,51,51,0.0052275523,1,1
2019,19,183,169,169,169,0.0438847053,1,1
2019,19,185,,,,,,
2019,19,187,76,76,76,0.0197865139,1,1
2019,19,189,,,,,,
2019,19,191,,,,,,
2019,19,193,280,279,281,0.0157631031,1,1
2019,19,195,,,,,,
2019,19,197,,,,,,
2019,20,001,11,11,11,0.0091514143,3,3
2019,20,003,12,12,12,0.0119284294,3,3
2019,20,005,121,121,121,0.0701042874,1,1
2019,20,007,,,,,,
2019,20,009,15,15,15,0.0040021345,3,3
2019,20,011,77,77,77,0.0423542354,1,1
2019,20,013,,,,,,
2019,20,015,80,77,83,0.0047576569,2,2
2019,20,017,10,10,10,0.025974026,3,3
2019,20,019,,,,,,
2019,20,021,58,58,58,0.0167195157,1,1
2019,20,023,,,,,,
2019,20,025,,,,,,
2019,20,027,,,,,,
2019,20,029,,,,,,
2019,20,031,69,69,69,0.0524316109,1,1
2019,20,033,,,,,,
2019,20,035,52,51,53,0.0089670633,1,1
2019,20,037,271,270,272,0.0433114911,1,1
2019,20,039,,,,,,
2019,20,041,19,19,19,0.0055280768,3,3
2019,20,043,,,,,,
2019,20,045,205,205,205,0.0137059571,1,1
2019,20,047,45,45,45,0.1339285714,1,1
2019,20,049,,,,,,
2019,20,051,23,22,24,0.0062893082,3,3
2019,20,053,,,,,,
2019,20,055,289,289,289,0.0337656268,1,1
2019,20,057,33,33,33,0.0043621943,1,1
2019,20,059,287,287,287,0.0654205607,1,1
2019,20,061,220,220,220,0.0294787619,1,1
2019,20,063,,,,,,
2019,20,065,,,,,,
2019,20,067,,,,,,
2019,20,069,21,21,21,0.016496465,3,3
2019,20,071,,,,,,
2019,20,073,,,,,,
2019,20,075,,,,,,
2019,20,077,11,11,11,0.0108695652,3,3
2019,20,079,66,66,66,0.0115042705,1,1
2019,20,081,48,48,48,0.0677966102,1,1
2019,20,083,,,,,,
2019,20,085,30,29,31,0.0123152709,2,2
2019,20,087,20,20,20,0.0113507378,3,3
2019,20,089,,,,,,
2019,20,091,968,968,968,0.0102675067,1,1
2019,20,093,,,,,,
2019,20,095,,,,,,
2019,20,097,,,,,,
2019,20,099,25,24,26,0.0072737853,3,3
2019,20,101,,,,,,
2019,20,103,198,198,198,0.0175703257,1,1
2019,20,105,,,,,,
2019,20,107,28,28,28,0.018766756,3,3
2019,20,109,,,,,,
2019,20,111,107,107,107,0.0192619262,1,1
2019,20,113,72,72,72,0.0138674884,1,1
2019,20,115,,,,,,
2019,20,117,,,,,,
2019,20,119,,,,,,
2019,20,121,88,88,88,0.0094037187,1,1
2019,20,123,,,,,,
2019,20,125,11,10,12,0.0040907401,3,3
2019,20,127,13,12,14,0.0117222723,3,3
2019,20,129,24,24,24,0.0190930788,3,3
2019,20,131,,,,,,
2019,20,133,13,13,13,0.0069112174,3,3
2019,20,135,,,,,,
2019,20,137,,,,,,
2019,20,139,38,37,39,0.0167696381,2,2
2019,20,141,,,,,,
2019,20,143,,,,,,
2019,20,145,,,,,,
2019,20,147,,,,,,
2019,20,149,15,13,17,0.0035244361,3,3
2019,20,151,47,47,47,0.0347376201,1,1
2019,20,153,,,,,,
2019,20,155,88,88,88,0.0104080426,1,1
2019,20,157,,,,,,
2019,20,159,30,30,30,0.03125,1,1
2019,20,161,239,239,239,0.0309705844,1,1
2019,20,163,,,,,,
2019,20,165,,,,,,
2019,20,167,,,,,,
2019,20,169,132,131,133,0.01679603,1,1
2019,20,171,,,,,,
2019,20,173,1903,1902,1904,0.02277569,1,1
2019,20,175,236,235,237,0.0436309854,1,1
2019,20,177,471,471,471,0.017338487,1,1
2019,20,179,,,,,,
2019,20,181,,,,,,
2019,20,183,,,,,,
2019,20,185,,,,,,
2019,20,187,18,18,18,0.0382978723,3,3
2019,20,189,61,61,61,0.0502057613,1,1
2019,20,191,80,79,81,0.0305576776,1,1
2019,20,193,,,,,,
2019,20,195,,,,,,
2019,20,197,,,,,,
2019,20,199,,,,,,
2019,20,201,,,,,,
2019,20,203,17,17,17,0.0418719212,3,3
2019,20,205,32,31,33,0.0226950355,2,2
2019,20,207,50,50,50,0.1050420168,1,1
2019,20,209,994,994,994,0.0301212121,1,1
2019,21,001,,,,,,
2019,21,003,,,,,,
2019,21,005,10,10,10,0.0026260504,3,3
2019,21,007,32,32,32,0.0269133726,1,1
2019,21,009,668,668,668,0.0777196044,1,1
2019,21,011,146,146,146,0.0709426628,1,1
2019,21,013,462,461,463,0.1029182446,1,1
2019,21,015,224,224,224,0.0096472716,1,1
2019,21,017,247,247,247,0.0666127292,1,1
2019,21,019,293,293,293,0.0394135055,1,1
2019,21,021,103,103,103,0.0215121136,1,1
2019,21,023,37,37,37,0.0235069886,1,1
2019,21,025,318,318,318,0.1640020629,1,1
2019,21,027,106,105,107,0.0339417227,1,1
2019,21,029,390,390,390,0.0292573143,1,1
2019,21,031,,,,,,
2019,21,033,13,13,13,0.0065326633,3,3
2019,21,035,29,29,29,0.0059027071,3,3
2019,21,037,695,695,695,0.0589632646,1,1
2019,21,039,98,98,98,0.126778784,1,1
2019,21,041,14,14,14,0.0064427059,3,3
2019,21,043,347,347,347,0.0799170889,1,1
2019,21,045,100,100,100,0.0415627598,1,1
2019,21,047,116,116,116,0.0128247651,1,1
2019,21,049,38,38,38,0.0067459613,1,1
2019,21,051,,,,,,
2019,21,053,25,25,25,0.0141643059,3,3
2019,21,055,205,205,205,0.1420651421,1,1
2019,21,057,70,70,70,0.0714285714,1,1
2019,21,059,168,168,168,0.0097538319,1,1
2019,21,061,34,34,34,0.0176440062,1,1
2019,21,063,24,24,24,0.0231660232,3,3
2019,21,065,32,32,32,0.0132395532,1,1
2019,21,067,853,853,853,0.0196806792,1,1
2019,21,069,40,40,40,0.0182315406,1,1
2019,21,071,44,44,44,0.0075021313,1,1
2019,21,073,131,131,131,0.0174783189,1,1
2019,21,075,89,89,89,0.0914696814,1,1
2019,21,077,144,144,144,0.088127295,1,1
2019,21,079,26,26,26,0.0098298677,3,3
2019,21,081,44,44,44,0.0120021822,1,1
2019,21,083,204,204,204,0.0324324324,1,1
2019,21,085,,,,,,
2019,21,087,11,11,11,0.006614552,3,3
2019,21,089,48,48,48,0.0076506216,1,1
2019,21,091,,,,,,
2019,21,093,110,110,110,0.0061769991,1,1
2019,21,095,1500,1500,1500,0.3192168546,1,1
2019,21,097,101,101,101,0.0336891261,1,1
2019,21,099,10,10,10,0.00405515,3,3
2019,21,101,144,144,144,0.0192102455,1,1
2019,21,103,123,123,123,0.0390724269,1,1
2019,21,105,,,,,,
2019,21,107,49,48,50,0.00657277,1,1
2019,21,109,80,80,80,0.0370541918,1,1
2019,21,111,4912,4912,4912,0.0489496552,1,1
2019,21,113,287,287,287,0.0330835735,1,1
2019,21,115,78,78,78,0.0179764923,1,1
2019,21,117,1465,1464,1466,0.0618587172,1,1
2019,21,119,147,147,147,0.0643607706,1,1
2019,21,121,24,24,24,0.0047505938,3,3
2019,21,123,10,10,10,0.0041220115,3,3
2019,21,125,104,104,104,0.0104659354,1,1
2019,21,127,482,482,482,0.1874756904,1,1
2019,21,129,152,152,152,0.1707865169,1,1
2019,21,131,124,124,124,0.0701754386,1,1
2019,21,133,456,456,456,0.1523554962,1,1
2019,21,135,,,,,,
2019,21,137,20,20,20,0.0054039449,3,3
2019,21,139,17,17,17,0.0141903172,3,3
2019,21,141,113,113,113,0.024726477,1,1
2019,21,143,10,10,10,0.0103092784,3,3
2019,21,145,241,241,241,0.0228848163,1,1
2019,21,147,,,,,,
2019,21,149,,,,,,
2019,21,151,90,90,90,0.0068300827,1,1
2019,21,153,87,87,87,0.0419277108,1,1
2019,21,155,18,18,18,0.0054397099,3,3
2019,21,157,214,214,214,0.0445184107,1,1
2019,21,159,13,13,13,0.0068027211,3,3
2019,21,161,32,32,32,0.0115232265,1,1
2019,21,163,146,146,146,0.0290836653,1,1
2019,21,165,20,20,20,0.0204498978,3,3
2019,21,167,242,242,242,0.0726072607,1,1
2019,21,169,,,,,,
2019,21,171,35,35,35,0.0184794087,1,1
2019,21,173,35,35,35,0.0074404762,1,1
2019,21,175,16,16,16,0.0079720977,3,3
2019,21,177,15,15,15,0.0031969309,3,3
2019,21,179,10,9,11,0.0013304949,3,3
2019,21,181,,,,,,
2019,21,183,58,58,58,0.0134915097,1,1
2019,21,185,12,12,12,0.0009272854,3,3
2019,21,187,32,32,32,0.0166406656,1,1
2019,21,189,,,,,,
2019,21,191,,,,,,
2019,21,193,444,444,444,0.0880428316,1,1
2019,21,195,511,510,512,0.0529369108,1,1
2019,21,197,,,,,,
2019,21,199,120,120,120,0.0115329169,1,1
2019,21,201,47,47,47,0.1049107143,1,1
2019,21,203,154,154,154,0.0547652916,1,1
2019,21,205,240,240,240,0.067643743,1,1
2019,21,207,239,239,239,0.0767501606,1,1
2019,21,209,407,407,407,0.0410075567,1,1
2019,21,211,31,31,31,0.0042442497,1,1
2019,21,213,124,124,124,0.0392653578,1,1
2019,21,215,51,51,51,0.0160934049,1,1
2019,21,217,41,41,41,0.0101686508,1,1
2019,21,219,11,11,11,0.0053372149,3,3
2019,21,221,26,26,26,0.0127201566,3,3
2019,21,223,11,11,11,0.00902379,3,3
2019,21,225,24,24,24,0.0110395584,3,3
2019,21,227,98,98,98,0.0044699872,1,1
2019,21,229,69,69,69,0.0388951522,1,1
2019,21,231,56,56,56,0.0168980084,1,1
2019,21,233,471,471,471,0.208591674,1,1
2019,21,235,342,342,342,0.0458076614,1,1
2019,21,237,,,,,,
2019,21,239,56,56,56,0.0131671761,1,1
2019,22,001,196,196,196,0.0201252695,1,1
2019,22,003,24,24,24,0.0057074911,3,3
2019,22,005,61,61,61,0.0026445851,1,1
2019,22,007,135,135,135,0.041120926,1,1
2019,22,009,46,46,46,0.0091017016,1,1
2019,22,011,34,34,34,0.0057961132,1,1
2019,22,013,11,11,11,0.0050667895,3,3
2019,22,015,201,201,201,0.0088808377,1,1
2019,22,017,1900,1900,1900,0.0507126461,1,1
2019,22,019,870,870,870,0.0262506789,1,1
2019,22,021,43,43,43,0.0282894737,1,1
2019,22,023,17,17,17,0.0126960418,3,3
2019,22,025,14,14,14,0.0122484689,3,3
2019,22,027,18,18,18,0.0109555691,3,3
2019,22,029,144,144,144,0.0435176791,1,1
2019,22,031,81,81,81,0.0163768702,1,1
2019,22,033,1239,1235,1243,0.0196432818,1,1
2019,22,035,,,,,,
2019,22,037,139,139,139,0.0774373259,1,1
2019,22,039,54,54,54,0.0094554369,1,1
2019,22,041,,,,,,
2019,22,043,166,166,166,0.0565202588,1,1
2019,22,045,96,96,96,0.0080073401,1,1
2019,22,047,144,144,144,0.0317250496,1,1
2019,22,049,18,18,18,0.0079540433,3,3
2019,22,051,1304,1304,1304,0.0254573141,1,1
2019,22,053,115,115,115,0.0201577564,1,1
2019,22,055,798,798,798,0.0241160471,1,1
2019,22,057,731,731,731,0.0498907999,1,1
2019,22,059,326,326,326,0.1227409639,1,1
2019,22,061,35,35,35,0.0058882907,1,1
2019,22,063,27,27,27,0.0010472829,3,3
2019,22,065,52,52,52,0.043956044,1,1
2019,22,067,103,103,103,0.0288839035,1,1
2019,22,069,149,149,149,0.0255311857,1,1
2019,22,071,2488,2484,2492,0.0478636425,1,1
2019,22,073,156,156,156,0.005662843,1,1
2019,22,075,59,59,59,0.0145859085,1,1
2019,22,077,42,42,42,0.0147835269,1,1
2019,22,079,1028,1028,1028,0.0449792168,1,1
2019,22,081,148,148,148,0.1018582244,1,1
2019,22,083,38,38,38,0.0138787436,1,1
2019,22,085,43,43,43,0.0099376011,1,1
2019,22,087,78,78,78,0.0098224405,1,1
2019,22,089,27,27,27,0.0028601695,3,3
2019,22,091,21,21,21,0.0172981878,3,3
2019,22,093,35,34,36,0.0093085106,2,2
2019,22,095,49,49,49,0.0082798243,1,1
2019,22,097,108,108,108,0.0081731497,1,1
2019,22,099,83,83,83,0.0107862248,1,1
2019,22,101,239,238,240,0.0272147575,1,1
2019,22,103,535,535,535,0.0139946114,1,1
2019,22,105,215,215,215,0.0108394253,1,1
2019,22,107,,,,,,
2019,22,109,546,546,546,0.0321744255,1,1
2019,22,111,39,39,39,0.0130960376,1,1
2019,22,113,114,114,114,0.0119147157,1,1
2019,22,115,,,,,,
2019,22,117,66,66,66,0.00943666,1,1
2019,22,119,114,114,114,0.0191886888,1,1
2019,22,121,66,66,66,0.0191693291,1,1
2019,22,123,,,,,,
2019,22,125,37,37,37,0.0166892197,1,1
2019,22,127,54,54,54,0.0254716981,1,1
2019,23,001,323,323,323,0.0191158194,1,1
2019,23,003,50,48,52,0.0085557837,2,2
2019,23,005,680,676,684,0.0204918033,1,1
2019,23,007,39,39,39,0.0160957491,1,1
2019,23,009,83,80,86,0.0195847098,2,2
2019,23,011,257,257,257,0.017676594,1,1
2019,23,013,75,73,77,0.014137606,2,2
2019,23,015,19,16,22,0.006037496,3,3
2019,23,017,145,145,145,0.0162756763,1,1
2019,23,019,196,192,200,0.0110840921,1,1
2019,23,021,,,,,,
2019,23,023,68,67,69,0.0153880969,1,1
2019,23,025,56,55,57,0.0085850069,1,1
2019,23,027,52,51,53,0.0154394299,1,1
2019,23,029,,,,,,
2019,23,031,305,303,307,0.0118899111,1,1
2019,24,001,50,50,50,0.0059262771,1,1
2019,24,003,1128,1128,1128,0.0132674665,1,1
2019,24,005,2921,2921,2921,0.0253916097,1,1
2019,24,009,139,139,139,0.0086755711,1,1
2019,24,011,124,124,124,0.0211099762,1,1
2019,24,013,115,115,115,0.0045373841,1,1
2019,24,015,496,496,496,0.0325117986,1,1
2019,24,017,699,699,699,0.0253987864,1,1
2019,24,019,60,60,60,0.0127388535,1,1
2019,24,021,931,931,931,0.0212421283,1,1
2019,24,023,63,63,63,0.0164319249,1,1
2019,24,025,389,389,389,0.0101225637,1,1
2019,24,027,349,349,349,0.005928518,1,1
2019,24,029,127,127,127,0.0662148071,1,1
2019,24,031,1296,1296,1296,0.0078418559,1,1
2019,24,033,1189,1189,1189,0.0087457338,1,1
2019,24,035,195,195,195,0.0251159196,1,1
2019,24,037,188,188,188,0.010396505,1,1
2019,24,039,90,90,90,0.0309810671,1,1
2019,24,041,197,197,197,0.0418881565,1,1
2019,24,043,654,654,654,0.0284434393,1,1
2019,24,045,604,604,604,0.0397290009,1,1
2019,24,047,166,166,166,0.0241208951,1,1
2019,24,510,3635,3635,3635,0.0456727145,1,1
2019,25,001,321,319,323,0.0135775315,1,1
2019,25,003,243,237,249,0.0169977616,2,2
2019,25,005,2465,2463,2467,0.0309630579,1,1
2019,25,007,,,,,,
2019,25,009,2790,2785,2795,0.0255810755,1,1
2019,25,011,157,151,163,0.0207397622,2,2
2019,25,013,2866,2864,2868,0.0405111243,1,1
2019,25,015,187,182,192,0.0110919983,2,2
2019,25,017,3521,3514,3528,0.0166013645,1,1
2019,25,019,,,,,,
2019,25,021,867,861,873,0.0086062279,1,1
2019,25,023,1093,1086,1100,0.013436432,1,1
2019,25,025,4989,4988,4990,0.0619343786,1,1
2019,25,027,4415,4406,4424,0.0355203347,1,1
2019,26,001,19,19,19,0.0274566474,3,3
2019,26,003,37,36,38,0.0367063492,2,2
2019,26,005,509,508,510,0.0278614046,1,1
2019,26,007,171,171,171,0.0439362795,1,1
2019,26,009,179,178,180,0.0562893082,1,1
2019,26,011,106,106,106,0.0546391753,1,1
2019,26,013,45,44,46,0.0480256137,1,1
2019,26,015,290,290,290,0.0324203466,1,1
2019,26,017,482,482,482,0.033708651,1,1
2019,26,019,98,98,98,0.0536986301,1,1
2019,26,021,951,951,951,0.0367692546,1,1
2019,26,023,606,606,606,0.0858478538,1,1
2019,26,025,807,807,807,0.0412787724,1,1
2019,26,027,271,271,271,0.0397127784,1,1
2019,26,029,201,199,203,0.0523710266,1,1
2019,26,031,176,176,176,0.0625222025,1,1
2019,26,033,207,206,208,0.0416582813,1,1
2019,26,035,187,186,188,0.0423076923,1,1
2019,26,037,381,380,382,0.0354155047,1,1
2019,26,039,59,59,59,0.0362853629,1,1
2019,26,041,123,122,124,0.0261035654,1,1
2019,26,043,62,61,63,0.0162091503,1,1
2019,26,045,605,605,605,0.0331071468,1,1
2019,26,047,138,138,138,0.0308379888,1,1
2019,26,049,1120,1120,1120,0.0171219788,1,1
2019,26,051,75,75,75,0.028604119,1,1
2019,26,053,82,82,82,0.0519974635,1,1
2019,26,055,562,562,562,0.0424952741,1,1
2019,26,057,216,216,216,0.0369420215,1,1
2019,26,059,441,441,441,0.0737704918,1,1
2019,26,061,66,65,67,0.012516594,1,1
2019,26,063,100,99,101,0.021805495,1,1
2019,26,065,1224,1223,1225,0.029048105,1,1
2019,26,067,246,246,246,0.0298398836,1,1
2019,26,069,277,277,277,0.0723993727,1,1
2019,26,071,45,45,45,0.0337584396,1,1
2019,26,073,150,149,151,0.0232378002,1,1
2019,26,075,1015,1014,1016,0.0422687711,1,1
2019,26,077,1400,1400,1400,0.0388910495,1,1
2019,26,079,99,99,99,0.0504587156,1,1
2019,26,081,2170,2165,2175,0.0208283342,1,1
2019,26,083,,,,,,
2019,26,085,83,83,83,0.1656686627,1,1
2019,26,087,282,281,283,0.0236736064,1,1
2019,26,089,80,80,80,0.0404040404,1,1
2019,26,091,471,470,472,0.0305586193,1,1
2019,26,093,267,267,267,0.0105105696,1,1
2019,26,095,64,64,64,0.1116928447,1,1
2019,26,097,78,78,78,0.0815047022,1,1
2019,26,099,1163,1161,1165,0.0098051614,1,1
2019,26,101,270,270,270,0.0466804979,1,1
2019,26,103,167,166,168,0.0202228142,1,1
2019,26,105,275,275,275,0.0618116431,1,1
2019,26,107,161,160,162,0.0258302583,1,1
2019,26,109,206,205,207,0.0581756566,1,1
2019,26,111,278,278,278,0.0219485236,1,1
2019,26,113,114,114,114,0.0499780798,1,1
2019,26,115,544,544,544,0.0234361537,1,1
2019,26,117,485,485,485,0.0452340981,1,1
2019,26,119,18,18,18,0.0263929619,3,3
2019,26,121,766,766,766,0.027191083,1,1
2019,26,123,633,633,633,0.0813729271,1,1
2019,26,125,2134,2133,2135,0.0119214547,1,1
2019,26,127,269,269,269,0.0883996057,1,1
2019,26,129,135,135,135,0.0629370629,1,1
2019,26,131,,,,,,
2019,26,133,158,158,158,0.0418321419,1,1
2019,26,135,76,76,76,0.0932515337,1,1
2019,26,137,50,49,51,0.0132908028,1,1
2019,26,139,773,773,773,0.017068916,1,1
2019,26,141,71,71,71,0.0537878788,1,1
2019,26,143,237,237,237,0.0760834671,1,1
2019,26,145,796,795,797,0.0282339588,1,1
2019,26,147,589,589,589,0.0219317843,1,1
2019,26,149,522,521,523,0.0487759297,1,1
2019,26,151,287,287,287,0.0465153971,1,1
2019,26,153,24,24,24,0.0310478655,3,3
2019,26,155,345,345,345,0.0309444793,1,1
2019,26,157,244,244,244,0.0321560358,1,1
2019,26,159,628,628,628,0.0407474695,1,1
2019,26,161,945,941,949,0.0211873907,1,1
2019,26,163,3614,3596,3632,0.0140401313,1,1
2019,26,165,390,390,390,0.0597701149,1,1
2019,27,001,,,,,,
2019,27,003,1530,1530,1530,0.0242965127,1,1
2019,27,005,156,156,156,0.0335339639,1,1
2019,27,007,422,421,423,0.0587907495,1,1
2019,27,009,80,80,80,0.0122473974,1,1
2019,27,011,,,,,,
2019,27,013,212,212,212,0.0212531328,1,1
2019,27,015,27,27,27,0.0099447514,3,3
2019,27,017,59,58,60,0.0108675631,1,1
2019,27,019,79,78,80,0.0047619048,1,1
2019,27,021,215,214,216,0.0477671629,1,1
2019,27,023,24,24,24,0.0110548135,3,3
2019,27,025,,,,,,
2019,27,027,180,179,181,0.0183710961,1,1
2019,27,029,20,20,20,0.0137551582,3,3
2019,27,031,,,,,,
2019,27,033,,,,,,
2019,27,035,53,52,54,0.0055139409,1,1
2019,27,037,790,789,791,0.0111523639,1,1
2019,27,039,27,27,27,0.0092370852,3,3
2019,27,041,46,46,46,0.0108593012,1,1
2019,27,043,15,15,15,0.0082281953,3,3
2019,27,045,,,,,,
2019,27,047,32,32,32,0.0079012346,1,1
2019,27,049,46,46,46,0.0100152406,1,1
2019,27,051,,,,,,
2019,27,053,4616,4614,4618,0.0295846232,1,1
2019,27,055,,,,,,
2019,27,057,,,,,,
2019,27,059,58,56,60,0.0093232599,2,2
2019,27,061,191,191,191,0.0277656636,1,1
2019,27,063,,,,,,
2019,27,065,74,74,74,0.0346279832,1,1
2019,27,067,80,79,81,0.0129512708,1,1
2019,27,069,,,,,,
2019,27,071,,,,,,
2019,27,073,,,,,,
2019,27,075,26,26,26,0.0187185025,3,3
2019,27,077,,,,,,
2019,27,079,68,68,68,0.0199471986,1,1
2019,27,081,,,,,,
2019,27,083,35,34,36,0.0083892617,2,2
2019,27,085,61,60,62,0.0125,1,1
2019,27,087,62,61,63,0.0406290957,1,1
2019,27,089,,,,,,
2019,27,091,92,92,92,0.0333938294,1,1
2019,27,093,18,17,19,0.0052677788,3,3
2019,27,095,144,144,144,0.0234527687,1,1
2019,27,097,33,33,33,0.0097144539,1,1
2019,27,099,,,,,,
2019,27,101,14,14,14,0.0127041742,3,3
2019,27,103,27,26,28,0.010215664,3,3
2019,27,105,23,23,23,0.0057157058,3,3
2019,27,107,,,,,,
2019,27,109,461,460,462,0.0194711945,1,1
2019,27,111,26,25,27,0.0073863636,3,3
2019,27,113,16,16,16,0.0078817734,3,3
2019,27,115,68,67,69,0.0179514256,1,1
2019,27,117,23,23,23,0.0204626335,3,3
2019,27,119,63,63,63,0.016657853,1,1
2019,27,121,,,,,,
2019,27,123,815,811,819,0.0124980831,1,1
2019,27,125,,,,,,
2019,27,127,15,15,15,0.0095846645,3,3
2019,27,129,,,,,,
2019,27,131,89,89,89,0.011267249,1,1
2019,27,133,,,,,,
2019,27,135,,,,,,
2019,27,137,522,520,524,0.0244256235,1,1
2019,27,139,105,104,106,0.0041941282,1,1
2019,27,141,91,91,91,0.0043893498,1,1
2019,27,143,31,30,32,0.0169491525,2,2
2019,27,145,661,661,661,0.030029075,1,1
2019,27,147,135,135,135,0.0233200898,1,1
2019,27,149,,,,,,
2019,27,151,,,,,,
2019,27,153,86,86,86,0.0436769934,1,1
2019,27,155,,,,,,
2019,27,157,42,41,43,0.0140468227,1,1
2019,27,159,,,,,,
2019,27,161,52,51,53,0.0145332588,1,1
2019,27,163,210,210,210,0.0053836491,1,1
2019,27,165,,,,,,
2019,27,167,,,,,,
2019,27,169,25,24,26,0.0064020487,3,3
2019,27,171,114,113,115,0.0042486583,1,1
2019,27,173,,,,,,
2019,28,001,,,,,,
2019,28,003,250,250,250,0.0425097772,1,1
2019,28,005,,,,,,
2019,28,007,,,,,,
2019,28,009,,,,,,
2019,28,011,71,71,71,0.077173913,1,1
2019,28,013,37,37,37,0.0155396892,1,1
2019,28,015,,,,,,
2019,28,017,,,,,,
2019,28,019,,,,,,
2019,28,021,,,,,,
2019,28,023,,,,,,
2019,28,025,,,,,,
2019,28,027,52,52,52,0.0204643841,1,1
2019,28,029,,,,,,
2019,28,031,30,30,30,0.0110132159,1,1
2019,28,033,,,,,,
2019,28,035,195,194,196,0.0180288462,1,1
2019,28,037,,,,,,
2019,28,039,70,70,70,0.0168593449,1,1
2019,28,041,,,,,,
2019,28,043,,,,,,
2019,28,045,15,14,16,0.002417795,3,3
2019,28,047,1649,1649,1649,0.0502024538,1,1
2019,28,049,3558,3558,3558,0.1580630831,1,1
2019,28,051,,,,,,
2019,28,053,69,69,69,0.0464333782,1,1
2019,28,055,,,,,,
2019,28,057,27,27,27,0.0077854671,3,3
2019,28,059,435,435,435,0.0183420476,1,1
2019,28,061,,,,,,
2019,28,063,,,,,,
2019,28,065,,,,,,
2019,28,067,49,49,49,0.0055448682,1,1
2019,28,069,,,,,,
2019,28,071,32,32,32,0.0043219881,1,1
2019,28,073,35,35,35,0.0032655346,1,1
2019,28,075,92,92,92,0.0081257728,1,1
2019,28,077,,,,,,
2019,28,079,11,11,11,0.003963964,3,3
2019,28,081,201,201,201,0.0243017773,1,1
2019,28,083,171,171,171,0.036251855,1,1
2019,28,085,16,16,16,0.0056697378,3,3
2019,28,087,53,53,53,0.0059020045,1,1
2019,28,089,,,,,,
2019,28,091,19,19,19,0.0093091622,3,3
2019,28,093,69,69,69,0.0170792079,1,1
2019,28,095,29,29,29,0.0075737791,3,3
2019,28,097,18,18,18,0.0141732283,3,3
2019,28,099,,,,,,
2019,28,101,,,,,,
2019,28,103,71,71,71,0.048696845,1,1
2019,28,105,65,65,65,0.0128433116,1,1
2019,28,107,,,,,,
2019,28,109,69,68,70,0.0079842629,1,1
2019,28,111,,,,,,
2019,28,113,31,31,31,0.0074933527,1,1
2019,28,115,31,31,31,0.0051995975,1,1
2019,28,117,,,,,,
2019,28,119,,,,,,
2019,28,121,15,15,15,0.003435639,3,3
2019,28,123,,,,,,
2019,28,125,196,196,196,0.2582345191,1,1
2019,28,127,124,124,124,0.0350282486,1,1
2019,28,129,,,,,,
2019,28,131,,,,,,
2019,28,133,,,,,,
2019,28,135,93,93,93,0.0559566787,1,1
2019,28,137,17,17,17,0.0043444927,3,3
2019,28,139,,,,,,
2019,28,141,,,,,,
2019,28,143,,,,,,
2019,28,145,31,31,31,0.0060570535,1,1
2019,28,147,,,,,,
2019,28,149,235,235,235,0.0311011117,1,1
2019,28,151,87,87,87,0.017299662,1,1
2019,28,153,,,,,,
2019,28,155,,,,,,
2019,28,157,,,,,,
2019,28,159,,,,,,
2019,28,161,,,,,,
2019,28,163,313,313,313,0.133932392,1,1
2019,29,001,46,46,46,0.0179757718,1,1
2019,29,003,16,15,17,0.0059084195,3,3
2019,29,005,,,,,,
2019,29,007,108,108,108,0.0349854227,1,1
2019,29,009,256,256,256,0.0469724771,1,1
2019,29,011,48,48,48,0.0294478528,1,1
2019,29,013,,,,,,
2019,29,015,184,184,184,0.0741636437,1,1
2019,29,017,54,54,54,0.0331085224,1,1
2019,29,019,204,203,205,0.0083072036,1,1
2019,29,021,453,453,453,0.0413849808,1,1
2019,29,023,153,153,153,0.0225099309,1,1
2019,29,025,41,39,43,0.0267275098,3,3
2019,29,027,59,59,59,0.0140643623,1,1
2019,29,029,641,641,641,0.1229854183,1,1
2019,29,031,296,296,296,0.0295055821,1,1
2019,29,033,29,29,29,0.0328425821,3,3
2019,29,035,119,119,119,0.1027633851,1,1
2019,29,037,479,478,480,0.0271173007,1,1
2019,29,039,51,51,51,0.0234914786,1,1
2019,29,041,10,10,10,0.0229357798,3,3
2019,29,043,293,293,293,0.0185654543,1,1
2019,29,045,,,,,,
2019,29,047,985,985,985,0.0235448787,1,1
2019,29,049,89,89,89,0.0218996063,1,1
2019,29,051,234,234,234,0.0207907597,1,1
2019,29,053,51,48,54,0.021365731,3,3
2019,29,055,83,83,83,0.025243309,1,1
2019,29,057,,,,,,
2019,29,059,43,43,43,0.0241573034,1,1
2019,29,061,,,,,,
2019,29,063,32,31,33,0.0357941834,2,2
2019,29,065,43,43,43,0.0250582751,1,1
2019,29,067,18,18,18,0.0130813953,3,3
2019,29,069,38,37,39,0.0108478447,2,2
2019,29,071,556,554,558,0.0352836654,1,1
2019,29,073,98,98,98,0.0352391226,1,1
2019,29,075,,,,,,
2019,29,077,2384,2383,2385,0.0614464663,1,1
2019,29,079,31,31,31,0.0237184392,1,1
2019,29,081,,,,,,
2019,29,083,118,118,118,0.0457719162,1,1
2019,29,085,,,,,,
2019,29,087,,,,,,
2019,29,089,33,33,33,0.030669145,1,1
2019,29,091,259,259,259,0.051266825,1,1
2019,29,093,20,20,20,0.0145666424,3,3
2019,29,095,4232,4231,4233,0.0392724573,1,1
2019,29,097,861,861,861,0.0388415212,1,1
2019,29,099,800,800,800,0.0258264463,1,1
2019,29,101,423,422,424,0.058016733,1,1
2019,29,103,,,,,,
2019,29,105,268,268,268,0.0456247872,1,1
2019,29,107,111,111,111,0.0274074074,1,1
2019,29,109,241,240,242,0.0424221088,1,1
2019,29,111,10,10,10,0.0114025086,3,3
2019,29,113,119,118,120,0.012671707,1,1
2019,29,115,29,27,31,0.0160843039,3,3
2019,29,117,36,35,37,0.0187304891,2,2
2019,29,119,199,199,199,0.0532797858,1,1
2019,29,121,14,12,16,0.0075921909,3,3
2019,29,123,16,16,16,0.0083289953,3,3
2019,29,125,,,,,,
2019,29,127,147,147,147,0.0297089733,1,1
2019,29,129,,,,,,
2019,29,131,39,38,40,0.0078851597,2,2
2019,29,133,132,132,132,0.0679361812,1,1
2019,29,135,60,58,62,0.0263852243,2,2
2019,29,137,20,19,21,0.0141643059,3,3
2019,29,139,67,67,67,0.0422446406,1,1
2019,29,141,175,175,175,0.0815470643,1,1
2019,29,143,63,63,63,0.065830721,1,1
2019,29,145,386,386,386,0.0457834183,1,1
2019,29,147,,,,,,
2019,29,149,38,37,39,0.039957939,2,2
2019,29,151,16,16,16,0.0116026106,3,3
2019,29,153,36,35,37,0.0246575342,2,2
2019,29,155,17,17,17,0.016221374,3,3
2019,29,157,77,77,77,0.0349523377,1,1
2019,29,159,947,947,947,0.1373459028,1,1
2019,29,161,52,52,52,0.0080582675,1,1
2019,29,163,116,115,117,0.0441904762,1,1
2019,29,165,233,231,235,0.0131164152,1,1
2019,29,167,162,162,162,0.0424639581,1,1
2019,29,169,174,174,174,0.0212039971,1,1
2019,29,171,,,,,,
2019,29,173,25,25,25,0.0332005312,3,3
2019,29,175,252,251,253,0.0724762726,1,1
2019,29,177,22,22,22,0.0124787294,3,3
2019,29,179,25,24,26,0.02596054,3,3
2019,29,181,120,120,120,0.0689655172,1,1
2019,29,183,668,668,668,0.0110980047,1,1
2019,29,185,,,,,,
2019,29,186,51,51,51,0.0271710176,1,1
2019,29,187,492,492,492,0.0463146004,1,1
2019,29,189,7306,7305,7307,0.051591673,1,1
2019,29,195,278,276,280,0.0784203103,1,1
2019,29,197,,,,,,
2019,29,199,,,,,,
2019,29,201,90,89,91,0.0151770658,1,1
2019,29,203,45,45,45,0.0369761709,1,1
2019,29,205,17,17,17,0.0166994106,3,3
2019,29,207,102,101,103,0.0233302836,1,1
2019,29,209,177,177,177,0.0489897592,1,1
2019,29,211,69,69,69,0.1063174114,1,1
2019,29,213,957,957,957,0.1233724378,1,1
2019,29,215,80,80,80,0.0219178082,1,1
2019,29,217,133,132,134,0.048136084,1,1
2019,29,219,294,294,294,0.0610972569,1,1
2019,29,221,223,223,223,0.0640068886,1,1
2019,29,223,,,,,,
2019,29,225,230,230,230,0.0385324175,1,1
2019,29,227,,,,,,
2019,29,229,101,100,102,0.0348035837,1,1
2019,29,510,4131,4130,4132,0.1334776568,1,1
2019,30,001,19,18,20,0.0168141593,3,3
2019,30,003,135,135,135,0.0638297872,1,1
2019,30,005,96,94,98,0.1285140562,1,1
2019,30,007,,,,,,
2019,30,009,,,,,,
2019,30,011,,,,,,
2019,30,013,488,488,488,0.0461334846,1,1
2019,30,015,,,,,,
2019,30,017,,,,,,
2019,30,019,,,,,,
2019,30,021,,,,,,
2019,30,023,88,88,88,0.0861056751,1,1
2019,30,025,,,,,,
2019,30,027,,,,,,
2019,30,029,578,577,579,0.047966805,1,1
2019,30,031,186,185,187,0.016030337,1,1
2019,30,033,,,,,,
2019,30,035,241,240,242,0.0877959927,1,1
2019,30,037,,,,,,
2019,30,039,,,,,,
2019,30,041,117,116,118,0.0502145923,1,1
2019,30,043,,,,,,
2019,30,045,,,,,,
2019,30,047,297,297,297,0.0741387918,1,1
2019,30,049,217,215,219,0.0226773958,1,1
2019,30,051,,,,,,
2019,30,053,27,26,28,0.0170347003,3,3
2019,30,055,,,,,,
2019,30,057,,,,,,
2019,30,059,,,,,,
2019,30,061,68,68,68,0.1072555205,1,1
2019,30,063,424,422,426,0.0321675138,1,1
2019,30,065,,,,,,
2019,30,067,46,45,47,0.0312075984,1,1
2019,30,069,,,,,,
2019,30,071,,,,,,
2019,30,073,80,80,80,0.1208459215,1,1
2019,30,075,,,,,,
2019,30,077,17,15,19,0.0274193548,3,3
2019,30,079,,,,,,
2019,30,081,108,108,108,0.0200185357,1,1
2019,30,083,44,43,45,0.0266505148,1,1
2019,30,085,271,271,271,0.1571925754,1,1
2019,30,087,85,83,87,0.0977011494,1,1
2019,30,089,,,,,,
2019,30,091,,,,,,
2019,30,093,146,146,146,0.0340009315,1,1
2019,30,095,,,,,,
2019,30,097,,,,,,
2019,30,099,,,,,,
2019,30,101,,,,,,
2019,30,103,,,,,,
2019,30,105,,,,,,
2019,30,107,,,,,,
2019,30,109,,,,,,
2019,30,111,484,482,486,0.0219461322,1,1
2019,31,001,140,140,140,0.0384826828,1,1
2019,31,003,,,,,,
2019,31,005,,,,,,
2019,31,007,,,,,,
2019,31,009,,,,,,
2019,31,011,,,,,,
2019,31,013,,,,,,
2019,31,015,,,,,,
2019,31,017,,,,,,
2019,31,019,86,86,86,0.0132572838,1,1
2019,31,021,,,,,,
2019,31,023,,,,,,
2019,31,025,,,,,,
2019,31,027,,,,,,
2019,31,029,,,,,,
2019,31,031,,,,,,
2019,31,033,,,,,,
2019,31,035,22,22,22,0.0321637427,3,3
2019,31,037,,,,,,
2019,31,039,,,,,,
2019,31,041,,,,,,
2019,31,043,57,57,57,0.0148514851,1,1
2019,31,045,,,,,,
2019,31,047,423,423,423,0.1026699029,1,1
2019,31,049,,,,,,
2019,31,051,,,,,,
2019,31,053,141,141,141,0.0289587184,1,1
2019,31,055,2143,2143,2143,0.0220212711,1,1
2019,31,057,,,,,,
2019,31,059,,,,,,
2019,31,061,,,,,,
2019,31,063,,,,,,
2019,31,065,,,,,,
2019,31,067,,,,,,
2019,31,069,,,,,,
2019,31,071,,,,,,
2019,31,073,,,,,,
2019,31,075,,,,,,
2019,31,077,,,,,,
2019,31,079,309,309,309,0.0306852036,1,1
2019,31,081,,,,,,
2019,31,083,,,,,,
2019,31,085,,,,,,
2019,31,087,,,,,,
2019,31,089,,,,,,
2019,31,091,,,,,,
2019,31,093,,,,,,
2019,31,095,,,,,,
2019,31,097,,,,,,
2019,31,099,,,,,,
2019,31,101,,,,,,
2019,31,103,,,,,,
2019,31,105,,,,,,
2019,31,107,,,,,,
2019,31,109,238,236,240,0.0052472606,1,1
2019,31,111,54,54,54,0.0131163469,1,1
2019,31,113,,,,,,
2019,31,115,,,,,,
2019,31,117,,,,,,
2019,31,119,11,11,11,0.0024054231,3,3
2019,31,121,,,,,,
2019,31,123,,,,,,
2019,31,125,,,,,,
2019,31,127,,,,,,
2019,31,129,,,,,,
2019,31,131,20,20,20,0.0138696255,3,3
2019,31,133,,,,,,
2019,31,135,,,,,,
2019,31,137,,,,,,
2019,31,139,,,,,,
2019,31,141,20,20,20,0.0039215686,3,3
2019,31,143,,,,,,
2019,31,145,,,,,,
2019,31,147,,,,,,
2019,31,149,,,,,,
2019,31,151,136,136,136,0.0638497653,1,1
2019,31,153,187,186,188,0.0081194911,1,1
2019,31,155,,,,,,
2019,31,157,45,45,45,0.0080703013,1,1
2019,31,159,,,,,,
2019,31,161,,,,,,
2019,31,163,,,,,,
2019,31,165,,,,,,
2019,31,167,,,,,,
2019,31,169,,,,,,
2019,31,171,,,,,,
2019,31,173,13,12,14,0.0088255261,3,3
2019,31,175,,,,,,
2019,31,177,,,,,,
2019,31,179,,,,,,
2019,31,181,,,,,,
2019,31,183,,,,,,
2019,31,185,15,15,15,0.0101078167,3,3
2019,32,001,131,131,131,0.0379050926,1,1
2019,32,003,13304,13304,13304,0.039866353,1,1
2019,32,005,142,142,142,0.024537757,1,1
2019,32,007,176,176,176,0.0171489818,1,1
2019,32,009,,,,,,
2019,32,011,,,,,,
2019,32,013,142,142,142,0.0402836879,1,1
2019,32,015,23,23,23,0.0222437137,3,3
2019,32,017,35,35,35,0.0357873211,1,1
2019,32,019,300,300,300,0.0331785003,1,1
2019,32,021,35,35,35,0.0598290598,1,1
2019,32,023,394,394,394,0.068977591,1,1
2019,32,027,55,55,55,0.0816023739,1,1
2019,32,029,13,13,13,0.0289532294,3,3
2019,32,031,2253,2253,2253,0.0332036431,1,1
2019,32,033,41,41,41,0.0318570319,1,1
2019,32,510,1215,1215,1215,0.0217574271,1,1
2019,33,001,211,211,211,0.0239827233,1,1
2019,33,003,208,205,211,0.037083259,1,1
2019,33,005,188,184,192,0.0233511365,1,1
2019,33,007,60,56,64,0.0169204738,3,3
2019,33,009,145,138,152,0.0169412315,3,3
2019,33,011,1498,1491,1505,0.0277155914,1,1
2019,33,013,252,242,262,0.0129496403,2,2
2019,33,015,400,395,405,0.010175269,1,1
2019,33,017,376,373,379,0.02607128,1,1
2019,33,019,160,159,161,0.0334238563,1,1
2019,34,001,665,660,670,0.0152817355,1,1
2019,34,003,539,525,553,0.0058109448,2,2
2019,34,005,743,737,749,0.0113528711,1,1
2019,34,007,1453,1451,1455,0.0182776492,1,1
2019,34,009,343,342,344,0.0314073803,1,1
2019,34,011,511,507,515,0.0177900014,1,1
2019,34,013,1252,1248,1256,0.010234444,1,1
2019,34,015,687,685,689,0.0160442794,1,1
2019,34,017,544,541,547,0.0062814651,1,1
2019,34,019,39,36,42,0.003012979,3,3
2019,34,021,509,509,509,0.0106152242,1,1
2019,34,023,1202,1201,1203,0.0095653419,1,1
2019,34,025,792,784,800,0.0099753136,1,1
2019,34,027,263,260,266,0.0049264775,1,1
2019,34,029,789,786,792,0.0117531394,1,1
2019,34,031,804,801,807,0.0101752832,1,1
2019,34,033,260,260,260,0.0263504611,1,1
2019,34,035,184,183,185,0.0049116438,1,1
2019,34,037,122,115,129,0.0079272255,3,3
2019,34,039,831,830,832,0.0111542127,1,1
2019,34,041,180,177,183,0.0141765771,1,1
2019,35,001,2161,2156,2166,0.0233099982,1,1
2019,35,003,,,,,,
2019,35,005,190,190,190,0.0164075993,1,1
2019,35,006,15,15,15,0.0044014085,3,3
2019,35,007,30,28,32,0.0199600798,3,3
2019,35,009,73,73,73,0.008995687,1,1
2019,35,011,42,42,42,0.1505376344,1,1
2019,35,013,904,904,904,0.0230066424,1,1
2019,35,015,492,492,492,0.0374628798,1,1
2019,35,017,,,,,,
2019,35,019,16,16,16,0.0252365931,3,3
2019,35,021,,,,,,
2019,35,023,89,89,89,0.18275154,1,1
2019,35,025,219,218,220,0.0135285397,1,1
2019,35,027,140,140,140,0.0682593857,1,1
2019,35,028,,,,,,
2019,35,029,278,278,278,0.0508412582,1,1
2019,35,031,387,387,387,0.0308563228,1,1
2019,35,033,16,16,16,0.0390243902,3,3
2019,35,035,196,195,197,0.0273018526,1,1
2019,35,037,104,102,106,0.0731364276,1,1
2019,35,039,141,141,141,0.0342982243,1,1
2019,35,041,17,15,19,0.005035545,3,3
2019,35,043,233,232,234,0.0107586462,1,1
2019,35,045,763,762,764,0.0335428848,1,1
2019,35,047,56,56,56,0.0188298588,1,1
2019,35,049,1053,1053,1053,0.0560315011,1,1
2019,35,051,202,202,202,0.1571984436,1,1
2019,35,053,81,81,81,0.0417095778,1,1
2019,35,055,129,128,130,0.0420332356,1,1
2019,35,057,307,307,307,0.0746595331,1,1
2019,35,059,,,,,,
2019,35,061,696,696,696,0.0540288775,1,1
2019,36,001,1086,1086,1086,0.0279177378,1,1
2019,36,003,61,59,63,0.0138636364,2,2
2019,36,005,41881,41881,41881,0.1842510471,1,1
2019,36,007,724,724,724,0.0278418705,1,1
2019,36,009,104,101,107,0.0084408733,2,2
2019,36,011,160,160,160,0.0193073489,1,1
2019,36,013,406,403,409,0.0222417004,1,1
2019,36,015,105,105,105,0.0094534978,1,1
2019,36,017,61,59,63,0.0106475825,2,2
2019,36,019,201,201,201,0.0190629742,1,1
2019,36,021,204,204,204,0.0305206463,1,1
2019,36,023,68,66,70,0.0112526891,2,2
2019,36,025,14,11,17,0.0057400574,3,3
2019,36,027,785,784,786,0.0217168783,1,1
2019,36,029,1853,1848,1858,0.0149078417,1,1
2019,36,031,10,8,12,0.0067430883,3,3
2019,36,033,159,159,159,0.0244577757,1,1
2019,36,035,84,84,84,0.0110497238,1,1
2019,36,037,141,140,142,0.0174353901,1,1
2019,36,039,81,79,83,0.0141435306,2,2
2019,36,041,,,,,,
2019,36,043,33,32,34,0.0056468172,2,2
2019,36,045,231,229,233,0.0146119299,1,1
2019,36,047,33902,33902,33902,0.1035017555,1,1
2019,36,049,51,51,51,0.0123367199,1,1
2019,36,051,136,135,137,0.0178407451,1,1
2019,36,053,114,112,116,0.0137914348,1,1
2019,36,055,3060,3059,3061,0.0306936155,1,1
2019,36,057,287,287,287,0.0373114925,1,1
2019,36,059,3045,3038,3052,0.0168757898,1,1
2019,36,061,22090,22089,22091,0.1272406802,1,1
2019,36,063,513,513,513,0.0193140319,1,1
2019,36,065,594,592,596,0.0205259339,1,1
2019,36,067,2246,2244,2248,0.0326581653,1,1
2019,36,069,373,373,373,0.0234443746,1,1
2019,36,071,1888,1887,1889,0.0323448288,1,1
2019,36,073,84,84,84,0.0146596859,1,1
2019,36,075,795,795,795,0.0422019323,1,1
2019,36,077,105,100,110,0.0164499452,2,2
2019,36,079,82,82,82,0.0060525539,1,1
2019,36,081,23123,23123,23123,0.0793680214,1,1
2019,36,083,576,576,576,0.0306301516,1,1
2019,36,085,2658,2657,2659,0.0403093722,1,1
2019,36,087,1073,1073,1073,0.026469645,1,1
2019,36,089,519,519,519,0.0349518486,1,1
2019,36,091,487,486,488,0.0148227058,1,1
2019,36,093,491,490,492,0.0224806556,1,1
2019,36,095,68,68,68,0.0194563662,1,1
2019,36,097,20,20,20,0.0108991826,3,3
2019,36,099,124,124,124,0.0308074534,1,1
2019,36,101,309,307,311,0.0225087413,1,1
2019,36,103,4849,4844,4854,0.0213065123,1,1
2019,36,105,389,388,390,0.0407842315,1,1
2019,36,107,33,32,34,0.0062146893,2,2
2019,36,109,192,192,192,0.0175808076,1,1
2019,36,111,542,542,542,0.0239145782,1,1
2019,36,113,191,191,191,0.0237326044,1,1
2019,36,115,177,176,178,0.0208210799,1,1
2019,36,117,299,299,299,0.0231084319,1,1
2019,36,119,2437,2428,2446,0.0192045517,1,1
2019,36,121,29,29,29,0.0074703761,3,3
2019,36,123,51,51,51,0.0250614251,1,1
2019,37,001,538,538,538,0.0232417487,1,1
2019,37,003,45,45,45,0.0093244923,1,1
2019,37,005,77,77,77,0.053030303,1,1
2019,37,007,52,52,52,0.0165236733,1,1
2019,37,009,161,161,161,0.053577371,1,1
2019,37,011,,,,,,
2019,37,013,66,65,67,0.0096069869,1,1
2019,37,015,,,,,,
2019,37,017,35,35,35,0.0082372323,1,1
2019,37,019,244,244,244,0.0193497224,1,1
2019,37,021,732,730,734,0.0245267214,1,1
2019,37,023,54,54,54,0.0043781417,1,1
2019,37,025,478,478,478,0.0119497013,1,1
2019,37,027,176,176,176,0.015379238,1,1
2019,37,029,,,,,,
2019,37,031,65,65,65,0.0079365079,1,1
2019,37,033,10,10,10,0.0041701418,3,3
2019,37,035,219,219,219,0.0094555503,1,1
2019,37,037,311,311,311,0.0338190518,1,1
2019,37,039,14,14,14,0.0043668122,3,3
2019,37,041,22,22,22,0.0113343637,3,3
2019,37,043,,,,,,
2019,37,045,197,196,198,0.0126517244,1,1
2019,37,047,42,42,42,0.0053373999,1,1
2019,37,049,237,237,237,0.0176733781,1,1
2019,37,051,789,788,790,0.0153828157,1,1
2019,37,053,55,55,55,0.0130146711,1,1
2019,37,055,214,214,214,0.0397178916,1,1
2019,37,057,386,386,386,0.0159655871,1,1
2019,37,059,65,65,65,0.0104804902,1,1
2019,37,061,173,173,173,0.0173537968,1,1
2019,37,063,1152,1148,1156,0.0263001689,1,1
2019,37,065,71,71,71,0.0105138457,1,1
2019,37,067,572,572,572,0.0103604419,1,1
2019,37,069,150,150,150,0.0184615385,1,1
2019,37,071,533,533,533,0.0163758142,1,1
2019,37,073,22,22,22,0.0134392181,3,3
2019,37,075,45,45,45,0.0379106992,1,1
2019,37,077,82,81,83,0.0096949633,1,1
2019,37,079,71,71,71,0.024704245,1,1
2019,37,081,2029,2027,2031,0.026102506,1,1
2019,37,083,193,193,193,0.0320651271,1,1
2019,37,085,178,178,178,0.008718652,1,1
2019,37,087,225,224,226,0.0299043062,1,1
2019,37,089,311,311,311,0.0232158853,1,1
2019,37,091,12,12,12,0.004350979,3,3
2019,37,093,128,128,128,0.0141420837,1,1
2019,37,095,63,63,63,0.1122994652,1,1
2019,37,097,368,368,368,0.0137900022,1,1
2019,37,099,94,94,94,0.0258525853,1,1
2019,37,101,378,378,378,0.0101354069,1,1
2019,37,103,44,44,44,0.0399636694,1,1
2019,37,105,340,340,340,0.0336001581,1,1
2019,37,107,41,41,41,0.0047607989,1,1
2019,37,109,96,96,96,0.0082966036,1,1
2019,37,111,491,491,491,0.083149873,1,1
2019,37,113,42,42,42,0.0092735703,1,1
2019,37,115,18,18,18,0.0080213904,3,3
2019,37,117,13,13,13,0.0044735031,3,3
2019,37,119,4256,4252,4260,0.0270460915,1,1
2019,37,121,32,32,32,0.017419706,1,1
2019,37,123,24,24,24,0.0062321475,3,3
2019,37,125,258,258,258,0.0200046522,1,1
2019,37,127,359,359,359,0.0220245399,1,1
2019,37,129,902,902,902,0.0343828619,1,1
2019,37,131,10,9,11,0.0036023055,3,3
2019,37,133,304,304,304,0.0112106796,1,1
2019,37,135,184,184,184,0.0092546022,1,1
2019,37,137,25,24,26,0.0137211855,3,3
2019,37,139,115,115,115,0.0192855945,1,1
2019,37,141,256,256,256,0.0260958206,1,1
2019,37,143,48,48,48,0.0288634997,1,1
2019,37,145,41,40,42,0.0080756352,1,1
2019,37,147,227,227,227,0.0094222148,1,1
2019,37,149,16,16,16,0.007269423,3,3
2019,37,151,249,249,249,0.0121291831,1,1
2019,37,153,153,153,153,0.0213091922,1,1
2019,37,155,170,170,170,0.007804251,1,1
2019,37,157,111,111,111,0.0092100896,1,1
2019,37,159,268,268,268,0.0141260805,1,1
2019,37,161,178,178,178,0.0213352511,1,1
2019,37,163,76,76,76,0.0067603629,1,1
2019,37,165,96,96,96,0.0167160021,1,1
2019,37,167,186,186,186,0.0222701149,1,1
2019,37,169,53,53,53,0.0089983022,1,1
2019,37,171,79,78,80,0.0070097604,1,1
2019,37,173,36,36,36,0.0187012987,1,1
2019,37,175,119,119,119,0.0350102971,1,1
2019,37,177,,,,,,
2019,37,179,247,246,248,0.0055312955,1,1
2019,37,181,136,135,137,0.0209617756,1,1
2019,37,183,4223,4218,4228,0.0251605677,1,1
2019,37,185,72,72,72,0.0384615385,1,1
2019,37,187,12,12,12,0.0097165992,3,3
2019,37,189,41,41,41,0.0086206897,1,1
2019,37,191,208,208,208,0.0114035088,1,1
2019,37,193,287,287,287,0.0306787814,1,1
2019,37,195,181,181,181,0.0164366146,1,1
2019,37,197,47,47,47,0.0089370603,1,1
2019,37,199,17,17,17,0.0080037665,3,3
2019,38,001,,,,,,
2019,38,003,10,10,10,0.0090909091,3,3
2019,38,005,89,89,89,0.125528914,1,1
2019,38,007,,,,,,
2019,38,009,,,,,,
2019,38,011,,,,,,
2019,38,013,,,,,,
2019,38,015,458,458,458,0.0335064745,1,1
2019,38,017,459,458,460,0.0179233863,1,1
2019,38,019,,,,,,
2019,38,021,,,,,,
2019,38,023,,,,,,
2019,38,025,,,,,,
2019,38,027,,,,,,
2019,38,029,,,,,,
2019,38,031,,,,,,
2019,38,033,,,,,,
2019,38,035,116,114,118,0.014611412,1,1
2019,38,037,,,,,,
2019,38,039,,,,,,
2019,38,041,,,,,,
2019,38,043,,,,,,
2019,38,045,,,,,,
2019,38,047,,,,,,
2019,38,049,,,,,,
2019,38,051,,,,,,
2019,38,053,494,494,494,0.1886216113,1,1
2019,38,055,,,,,,
2019,38,057,,,,,,
2019,38,059,50,48,52,0.0114863313,2,2
2019,38,061,,,,,,
2019,38,063,,,,,,
2019,38,065,,,,,,
2019,38,067,,,,,,
2019,38,069,,,,,,
2019,38,071,17,17,17,0.01,3,3
2019,38,073,11,10,12,0.0121546961,3,3
2019,38,075,,,,,,
2019,38,077,103,102,104,0.0636982066,1,1
2019,38,079,243,241,245,0.0554921215,1,1
2019,38,081,,,,,,
2019,38,083,,,,,,
2019,38,085,273,273,273,0.3070866142,1,1
2019,38,087,,,,,,
2019,38,089,67,67,67,0.0149787615,1,1
2019,38,091,,,,,,
2019,38,093,,,,,,
2019,38,095,,,,,,
2019,38,097,,,,,,
2019,38,099,,,,,,
2019,38,101,187,184,190,0.0204059363,1,1
2019,38,103,,,,,,
2019,38,105,412,412,412,0.067674113,1,1
2019,39,001,59,59,59,0.0129272568,1,1
2019,39,003,79,76,82,0.0076758647,2,2
2019,39,005,143,142,144,0.0232218253,1,1
2019,39,007,226,226,226,0.0193211935,1,1
2019,39,009,116,116,116,0.0168189068,1,1
2019,39,011,46,43,49,0.0066425993,3,3
2019,39,013,50,49,51,0.0062336367,1,1
2019,39,015,44,44,44,0.0157142857,1,1
2019,39,017,1088,1085,1091,0.0194452388,1,1
2019,39,019,19,19,19,0.0082037997,3,3
2019,39,021,196,196,196,0.0295536791,1,1
2019,39,023,557,556,558,0.0284881342,1,1
2019,39,025,140,138,142,0.0051917229,1,1
2019,39,027,35,34,36,0.0049751244,2,2
2019,39,029,26,23,29,0.0027825342,3,3
2019,39,031,75,75,75,0.0157828283,1,1
2019,39,033,109,109,109,0.0233955785,1,1
2019,39,035,3466,3451,3481,0.0231035862,1,1
2019,39,037,49,49,49,0.008346108,1,1
2019,39,039,17,15,19,0.0027974329,3,3
2019,39,041,128,127,129,0.0037653704,1,1
2019,39,043,232,230,234,0.0186915888,1,1
2019,39,045,246,245,247,0.0100968642,1,1
2019,39,047,101,101,101,0.0208807112,1,1
2019,39,049,4145,4125,4165,0.021222563,1,1
2019,39,051,54,54,54,0.0078511195,1,1
2019,39,053,138,138,138,0.0621901758,1,1
2019,39,055,82,81,83,0.0097271649,1,1
2019,39,057,374,373,375,0.0169215456,1,1
2019,39,059,172,172,172,0.0380868025,1,1
2019,39,061,3380,3372,3388,0.0308363212,1,1
2019,39,063,101,98,104,0.010850881,2,2
2019,39,065,26,26,26,0.008248731,3,3
2019,39,067,,,,,,
2019,39,069,63,61,65,0.0150825952,2,2
2019,39,071,436,435,437,0.0620817315,1,1
2019,39,073,80,80,80,0.0216274669,1,1
2019,39,075,,,,,,
2019,39,077,56,54,58,0.0062208398,2,2
2019,39,079,48,47,49,0.0098989482,1,1
2019,39,081,35,35,35,0.0074914384,1,1
2019,39,083,77,77,77,0.0138738739,1,1
2019,39,085,280,279,281,0.0095755959,1,1
2019,39,087,21,19,23,0.0030168079,3,3
2019,39,089,680,679,681,0.0240580223,1,1
2019,39,091,51,51,51,0.0082980801,1,1
2019,39,093,454,447,461,0.0108690448,1,1
2019,39,095,2451,2445,2457,0.0335836234,1,1
2019,39,097,36,36,36,0.005363528,1,1
2019,39,099,338,335,341,0.0178779224,1,1
2019,39,101,411,410,412,0.0374180626,1,1
2019,39,103,68,67,69,0.002602572,1,1
2019,39,105,86,86,86,0.027223805,1,1
2019,39,107,21,21,21,0.0052199851,3,3
2019,39,109,120,119,121,0.0087546509,1,1
2019,39,111,190,190,190,0.0936421883,1,1
2019,39,113,1405,1398,1412,0.0201598439,1,1
2019,39,115,145,145,145,0.0827153451,1,1
2019,39,117,17,16,18,0.0041830709,3,3
2019,39,119,185,185,185,0.0171582267,1,1
2019,39,121,47,47,47,0.0283645142,1,1
2019,39,123,10,8,12,0.0021551724,3,3
2019,39,125,,,,,,
2019,39,127,51,51,51,0.0090058273,1,1
2019,39,129,119,119,119,0.0123739212,1,1
2019,39,131,,,,,,
2019,39,133,215,212,218,0.0122702888,1,1
2019,39,135,57,57,57,0.0097286226,1,1
2019,39,137,,,,,,
2019,39,139,575,573,577,0.0380744272,1,1
2019,39,141,632,632,632,0.0760346487,1,1
2019,39,143,138,137,139,0.0180250784,1,1
2019,39,145,122,118,126,0.0151930262,2,2
2019,39,147,61,60,62,0.0146247902,1,1
2019,39,149,27,26,28,0.0060948081,3,3
2019,39,151,937,935,939,0.0178370867,1,1
2019,39,153,1711,1706,1716,0.0238816386,1,1
2019,39,155,233,224,242,0.0109010948,2,2
2019,39,157,288,287,289,0.0350706283,1,1
2019,39,159,25,25,25,0.0037391564,3,3
2019,39,161,,,,,,
2019,39,163,,,,,,
2019,39,165,119,118,120,0.0032011621,1,1
2019,39,167,230,230,230,0.0333140209,1,1
2019,39,169,201,201,201,0.0145378273,1,1
2019,39,171,50,48,52,0.0102082483,2,2
2019,39,173,145,144,146,0.0089611272,1,1
2019,39,175,,,,,,
2019,40,001,150,149,151,0.0545652965,1,1
2019,40,003,34,34,34,0.0805687204,1,1
2019,40,005,239,239,239,0.1086857663,1,1
2019,40,007,,,,,,
2019,40,009,21,21,21,0.0096286107,3,3
2019,40,011,,,,,,
2019,40,013,602,602,602,0.0902007791,1,1
2019,40,015,166,165,167,0.044160681,1,1
2019,40,017,214,213,215,0.0085113153,1,1
2019,40,019,254,254,254,0.03342985,1,1
2019,40,021,559,559,559,0.0889985671,1,1
2019,40,023,50,50,50,0.1457725948,1,1
2019,40,025,,,,,,
2019,40,027,324,322,326,0.0069853179,1,1
2019,40,029,25,25,25,0.0283125708,3,3
2019,40,031,883,881,885,0.0467171049,1,1
2019,40,033,10,10,10,0.0529100529,3,3
2019,40,035,56,56,56,0.0285860133,1,1
2019,40,037,515,514,516,0.0616102405,1,1
2019,40,039,201,201,201,0.0392961877,1,1
2019,40,041,240,240,240,0.0603773585,1,1
2019,40,043,,,,,,
2019,40,045,,,,,,
2019,40,047,247,246,248,0.0301182783,1,1
2019,40,049,126,126,126,0.0602582496,1,1
2019,40,051,344,344,344,0.0501677118,1,1
2019,40,053,,,,,,
2019,40,055,26,26,26,0.0276008493,3,3
2019,40,057,,,,,,
2019,40,059,,,,,,
2019,40,061,,,,,,
2019,40,063,,,,,,
2019,40,065,164,164,164,0.0426527958,1,1
2019,40,067,,,,,,
2019,40,069,158,158,158,0.1215384615,1,1
2019,40,071,95,95,95,0.0200379667,1,1
2019,40,073,44,44,44,0.0191055145,1,1
2019,40,075,44,44,44,0.0361842105,1,1
2019,40,077,,,,,,
2019,40,079,264,263,265,0.0389323109,1,1
2019,40,081,15,14,16,0.007568113,3,3
2019,40,083,,,,,,
2019,40,085,164,164,164,0.0955710956,1,1
2019,40,087,169,167,171,0.0268296555,1,1
2019,40,089,133,133,133,0.0353911655,1,1
2019,40,091,205,205,205,0.0794881737,1,1
2019,40,093,,,,,,
2019,40,095,392,392,392,0.3153660499,1,1
2019,40,097,530,530,530,0.0762919246,1,1
2019,40,099,157,157,157,0.0623015873,1,1
2019,40,101,592,592,592,0.0614681757,1,1
2019,40,103,,,,,,
2019,40,105,28,27,29,0.0198863636,3,3
2019,40,107,48,47,49,0.0435176791,1,1
2019,40,109,9852,9847,9857,0.0622571044,1,1
2019,40,111,138,138,138,0.0310042687,1,1
2019,40,113,202,200,204,0.1212484994,1,1
2019,40,115,195,195,195,0.054061547,1,1
2019,40,117,52,52,52,0.0316301703,1,1
2019,40,119,371,370,372,0.0458760974,1,1
2019,40,121,192,192,192,0.0307445957,1,1
2019,40,123,194,194,194,0.0312903226,1,1
2019,40,125,479,479,479,0.0535734258,1,1
2019,40,127,91,91,91,0.0800351803,1,1
2019,40,129,,,,,,
2019,40,131,546,545,547,0.0519060747,1,1
2019,40,133,155,155,155,0.0473282443,1,1
2019,40,135,23,23,23,0.0122535962,3,3
2019,40,137,445,444,446,0.094459775,1,1
2019,40,139,177,177,177,0.0576547231,1,1
2019,40,141,91,91,91,0.0687311178,1,1
2019,40,143,2720,2719,2721,0.0233418291,1,1
2019,40,145,228,227,229,0.0798878767,1,1
2019,40,147,261,261,261,0.0324626866,1,1
2019,40,149,,,,,,
2019,40,151,16,16,16,0.0122982321,3,3
2019,40,153,141,141,141,0.0406457192,1,1
2019,41,001,263,262,264,0.0603487838,1,1
2019,41,003,283,282,284,0.0311880097,1,1
2019,41,005,1337,1337,1337,0.0223780672,1,1
2019,41,007,339,339,339,0.067168615,1,1
2019,41,009,278,278,278,0.0372155288,1,1
2019,41,011,800,800,800,0.07960199,1,1
2019,41,013,119,119,119,0.038749593,1,1
2019,41,015,153,153,153,0.0679094541,1,1
2019,41,017,618,618,618,0.0226988908,1,1
2019,41,019,677,677,677,0.0478073582,1,1
2019,41,021,33,33,33,0.1918604651,1,1
2019,41,023,,,,,,
2019,41,025,41,41,41,0.0490430622,1,1
2019,41,027,35,35,35,0.0086100861,1,1
2019,41,029,2056,2056,2056,0.0674253107,1,1
2019,41,031,97,97,97,0.0270798437,1,1
2019,41,033,903,903,903,0.081845373,1,1
2019,41,035,646,646,646,0.0661004809,1,1
2019,41,037,48,48,48,0.050209205,1,1
2019,41,039,2466,2466,2466,0.0537489102,1,1
2019,41,041,849,849,849,0.1509333333,1,1
2019,41,043,1088,1088,1088,0.0477779729,1,1
2019,41,045,259,258,260,0.0540822719,1,1
2019,41,047,1786,1786,1786,0.0289803336,1,1
2019,41,049,173,173,173,0.0755458515,1,1
2019,41,051,3169,3169,3169,0.0345037835,1,1
2019,41,053,185,185,185,0.0262485812,1,1
2019,41,055,,,,,,
2019,41,057,171,171,171,0.0481012658,1,1
2019,41,059,229,229,229,0.0179861766,1,1
2019,41,061,197,197,197,0.0598238688,1,1
2019,41,063,10,9,11,0.021978022,3,3
2019,41,065,99,99,99,0.0279345372,1,1
2019,41,067,2781,2781,2781,0.0318717337,1,1
2019,41,069,48,48,48,0.0296662546,1,1
2019,41,071,627,627,627,0.0386607473,1,1
2019,42,001,215,214,216,0.0154320988,1,1
2019,42,003,2509,2505,2513,0.017597879,1,1
2019,42,005,127,127,127,0.0172273467,1,1
2019,42,007,679,678,680,0.0220368688,1,1
2019,42,009,121,121,121,0.0191455696,1,1
2019,42,011,1306,1306,1306,0.019237001,1,1
2019,42,013,417,417,417,0.0249521302,1,1
2019,42,015,139,139,139,0.0153370849,1,1
2019,42,017,697,697,697,0.0080996595,1,1
2019,42,019,341,341,341,0.0133359406,1,1
2019,42,021,217,217,217,0.0128882818,1,1
2019,42,023,13,13,13,0.0247619048,3,3
2019,42,025,87,87,87,0.0097840756,1,1
2019,42,027,120,119,121,0.0093203883,1,1
2019,42,029,1279,1278,1280,0.0152749248,1,1
2019,42,031,110,110,110,0.0202652911,1,1
2019,42,033,168,168,168,0.0162099575,1,1
2019,42,035,69,69,69,0.0162582469,1,1
2019,42,037,148,148,148,0.0244952003,1,1
2019,42,039,250,250,250,0.025196533,1,1
2019,42,041,351,350,352,0.0126902636,1,1
2019,42,043,1234,1232,1236,0.0242583892,1,1
2019,42,045,1186,1185,1187,0.0154489442,1,1
2019,42,047,52,52,52,0.0154807979,1,1
2019,42,049,550,549,551,0.0148934442,1,1
2019,42,051,186,185,187,0.0115277347,1,1
2019,42,053,53,53,53,0.1244131455,1,1
2019,42,055,362,362,362,0.0156743884,1,1
2019,42,057,11,11,11,0.0101851852,3,3
2019,42,059,29,28,30,0.0070835369,3,3
2019,42,061,33,32,34,0.0085892764,2,2
2019,42,063,98,98,98,0.0107010264,1,1
2019,42,065,67,67,67,0.0140226036,1,1
2019,42,067,69,69,69,0.0261363636,1,1
2019,42,069,312,311,313,0.0119471568,1,1
2019,42,071,1785,1785,1785,0.0266167633,1,1
2019,42,073,142,141,143,0.0120727767,1,1
2019,42,075,672,672,672,0.0336,1,1
2019,42,077,860,856,864,0.0163538517,1,1
2019,42,079,407,405,409,0.0090803623,1,1
2019,42,081,231,228,234,0.0161110336,1,1
2019,42,083,189,189,189,0.031547321,1,1
2019,42,085,236,234,238,0.0166843408,1,1
2019,42,087,112,112,112,0.02300267,1,1
2019,42,089,342,342,342,0.0137437711,1,1
2019,42,091,1123,1123,1123,0.0096881335,1,1
2019,42,093,24,24,24,0.0105680317,3,3
2019,42,095,630,627,633,0.0142058266,1,1
2019,42,097,114,114,114,0.0100938551,1,1
2019,42,099,92,91,93,0.0154284756,1,1
2019,42,101,5592,5583,5601,0.0288479396,1,1
2019,42,103,79,79,79,0.0106727911,1,1
2019,42,105,44,43,45,0.0197663971,1,1
2019,42,107,292,292,292,0.017408931,1,1
2019,42,109,41,41,41,0.0086699091,1,1
2019,42,111,80,78,82,0.0100376412,2,2
2019,42,113,,,,,,
2019,42,115,59,58,60,0.0098960081,1,1
2019,42,117,37,37,37,0.0067753159,1,1
2019,42,119,21,21,21,0.0053873781,3,3
2019,42,121,123,123,123,0.0214547357,1,1
2019,42,123,96,96,96,0.0217440544,1,1
2019,42,125,316,314,318,0.011692877,1,1
2019,42,127,35,35,35,0.008049678,1,1
2019,42,129,389,389,389,0.0085890925,1,1
2019,42,131,,,,,,
2019,42,133,1676,1676,1676,0.0241133731,1,1
2019,44,001,41,41,41,0.0062404871,1,1
2019,44,003,210,210,210,0.0099786172,1,1
2019,44,005,141,141,141,0.0166430595,1,1
2019,44,007,1042,1037,1047,0.0120579522,1,1
2019,44,009,112,112,112,0.0079783445,1,1
2019,45,001,31,31,31,0.010455312,1,1
2019,45,003,301,301,301,0.0124462455,1,1
2019,45,005,14,14,14,0.0126239856,3,3
2019,45,007,953,953,953,0.0292771343,1,1
2019,45,009,,,,,,
2019,45,011,,,,,,
2019,45,013,323,323,323,0.0144164249,1,1
2019,45,015,363,363,363,0.0097530831,1,1
2019,45,017,10,10,10,0.0058823529,3,3
2019,45,019,350,350,350,0.0069583888,1,1
2019,45,021,73,73,73,0.0084082009,1,1
2019,45,023,19,19,19,0.0037203838,3,3
2019,45,025,40,40,40,0.0057240985,1,1
2019,45,027,26,26,26,0.0053300533,3,3
2019,45,029,110,110,110,0.0203854707,1,1
2019,45,031,97,97,97,0.0098487156,1,1
2019,45,033,,,,,,
2019,45,035,93,93,93,0.0032624711,1,1
2019,45,037,28,28,28,0.0084899939,3,3
2019,45,039,80,80,80,0.0308880309,1,1
2019,45,041,392,392,392,0.0185062789,1,1
2019,45,043,24,24,24,0.0026072787,3,3
2019,45,045,1364,1364,1364,0.0176450803,1,1
2019,45,047,378,378,378,0.0330304089,1,1
2019,45,049,126,126,126,0.0448079659,1,1
2019,45,051,621,621,621,0.0135711008,1,1
2019,45,053,62,62,62,0.0233433735,1,1
2019,45,055,13,13,13,0.0011896047,3,3
2019,45,057,55,55,55,0.0038710586,1,1
2019,45,059,202,202,202,0.0235431235,1,1
2019,45,061,15,15,15,0.0088757396,3,3
2019,45,063,349,349,349,0.0083259775,1,1
2019,45,065,17,17,17,0.0254491018,3,3
2019,45,067,17,17,17,0.0038955087,3,3
2019,45,069,59,59,59,0.0153246753,1,1
2019,45,071,38,38,38,0.0063555779,1,1
2019,45,073,31,31,31,0.0029434106,1,1
2019,45,075,42,42,42,0.0034243783,1,1
2019,45,077,1939,1939,1939,0.1184266781,1,1
2019,45,079,1540,1540,1540,0.0153832323,1,1
2019,45,081,20,20,20,0.0086132644,3,3
2019,45,083,1118,1117,1119,0.0226013828,1,1
2019,45,085,179,179,179,0.0109573947,1,1
2019,45,087,19,19,19,0.0047452547,3,3
2019,45,089,15,15,15,0.0044603033,3,3
2019,45,091,348,348,348,0.0072343256,1,1
2019,46,003,,,,,,
2019,46,005,,,,,,
2019,46,007,,,,,,
2019,46,009,,,,,,
2019,46,011,21,21,21,0.0061529446,3,3
2019,46,013,,,,,,
2019,46,015,,,,,,
2019,46,017,,,,,,
2019,46,019,,,,,,
2019,46,021,,,,,,
2019,46,023,67,66,68,0.0435914118,1,1
2019,46,025,,,,,,
2019,46,027,,,,,,
2019,46,029,22,20,24,0.0049052397,3,3
2019,46,031,81,80,82,0.1768558952,1,1
2019,46,033,10,10,10,0.0107526882,3,3
2019,46,035,54,54,54,0.019600726,1,1
2019,46,037,,,,,,
2019,46,039,,,,,,
2019,46,041,20,20,20,0.0285306705,3,3
2019,46,043,,,,,,
2019,46,045,,,,,,
2019,46,047,,,,,,
2019,46,049,,,,,,
2019,46,051,,,,,,
2019,46,053,,,,,,
2019,46,055,,,,,,
2019,46,057,,,,,,
2019,46,059,,,,,,
2019,46,061,,,,,,
2019,46,063,,,,,,
2019,46,065,298,298,298,0.1011541073,1,1
2019,46,067,,,,,,
2019,46,069,191,191,191,0.4473067916,1,1
2019,46,071,12,12,12,0.0652173913,3,3
2019,46,073,,,,,,
2019,46,075,,,,,,
2019,46,077,,,,,,
2019,46,079,34,34,34,0.025297619,1,1
2019,46,081,25,24,26,0.0079038887,3,3
2019,46,083,32,31,33,0.0038318764,2,2
2019,46,085,131,131,131,0.4729241877,1,1
2019,46,087,,,,,,
2019,46,089,,,,,,
2019,46,091,,,,,,
2019,46,093,36,36,36,0.012137559,1,1
2019,46,095,,,,,,
2019,46,097,,,,,,
2019,46,099,791,791,791,0.0253623188,1,1
2019,46,101,31,30,32,0.0252648737,2,2
2019,46,102,90,90,90,0.0361155698,1,1
2019,46,103,667,666,668,0.0397947616,1,1
2019,46,105,,,,,,
2019,46,107,,,,,,
2019,46,109,,,,,,
2019,46,111,,,,,,
2019,46,115,,,,,,
2019,46,117,,,,,,
2019,46,119,,,,,,
2019,46,121,41,41,41,0.0153500562,1,1
2019,46,123,,,,,,
2019,46,125,,,,,,
2019,46,127,10,9,11,0.0047961631,3,3
2019,46,129,,,,,,
2019,46,135,31,31,31,0.0095267363,1,1
2019,46,137,17,17,17,0.05,3,3
2019,47,001,136,136,136,0.0111612638,1,1
2019,47,003,88,88,88,0.0098126673,1,1
2019,47,005,,,,,,
2019,47,007,,,,,,
2019,47,009,96,96,96,0.0052631579,1,1
2019,47,011,46,46,46,0.0028612303,1,1
2019,47,013,622,622,622,0.1150360644,1,1
2019,47,015,33,33,33,0.0163124073,1,1
2019,47,017,143,143,143,0.0313871817,1,1
2019,47,019,211,211,211,0.0274739583,1,1
2019,47,021,73,73,73,0.0120920987,1,1
2019,47,023,,,,,,
2019,47,025,26,26,26,0.0062847474,3,3
2019,47,027,11,11,11,0.0099637681,3,3
2019,47,029,40,40,40,0.0088593577,1,1
2019,47,031,86,86,86,0.0091392136,1,1
2019,47,033,15,15,15,0.0056497175,3,3
2019,47,035,146,146,146,0.0199917842,1,1
2019,47,037,4062,4062,4062,0.0416197053,1,1
2019,47,039,17,17,17,0.0106183635,3,3
2019,47,041,,,,,,
2019,47,043,163,163,163,0.0197815534,1,1
2019,47,045,49,49,49,0.0075489139,1,1
2019,47,047,11,11,11,0.0031446541,3,3
2019,47,049,17,16,18,0.0061616528,3,3
2019,47,051,13,13,13,0.00244775,3,3
2019,47,053,30,28,32,0.00327654,3,3
2019,47,055,11,11,11,0.0029146794,3,3
2019,47,057,18,18,18,0.0054298643,3,3
2019,47,059,57,57,57,0.0060651202,1,1
2019,47,061,83,83,83,0.0426296867,1,1
2019,47,063,535,535,535,0.0508990581,1,1
2019,47,065,1463,1463,1463,0.0322658903,1,1
2019,47,067,,,,,,
2019,47,069,,,,,,
2019,47,071,100,100,100,0.028192839,1,1
2019,47,073,66,66,66,0.009202454,1,1
2019,47,075,,,,,,
2019,47,077,72,72,72,0.0148026316,1,1
2019,47,079,52,52,52,0.0111611934,1,1
2019,47,081,70,70,70,0.0206367925,1,1
2019,47,083,21,21,21,0.0154411765,3,3
2019,47,085,40,40,40,0.0134680135,1,1
2019,47,087,206,206,206,0.1444600281,1,1
2019,47,089,170,170,170,0.0235424456,1,1
2019,47,091,33,33,33,0.015699334,1,1
2019,47,093,515,514,516,0.0083481926,1,1
2019,47,095,,,,,,
2019,47,097,16,16,16,0.0041067762,3,3
2019,47,099,71,71,71,0.0101865136,1,1
2019,47,101,,,,,,
2019,47,103,,,,,,
2019,47,105,94,94,94,0.0128573383,1,1
2019,47,107,82,82,82,0.0106965823,1,1
2019,47,109,48,48,48,0.0117936118,1,1
2019,47,111,,,,,,
2019,47,113,386,386,386,0.030324456,1,1
2019,47,115,96,96,96,0.0222325151,1,1
2019,47,117,23,23,23,0.0042232831,3,3
2019,47,119,61,61,61,0.0046768382,1,1
2019,47,121,35,35,35,0.0200918485,1,1
2019,47,123,43,43,43,0.0063978575,1,1
2019,47,125,934,934,934,0.0255316822,1,1
2019,47,127,,,,,,
2019,47,129,360,360,360,0.1282965075,1,1
2019,47,131,37,37,37,0.0075264443,1,1
2019,47,133,53,53,53,0.0165315034,1,1
2019,47,135,,,,,,
2019,47,137,,,,,,
2019,47,139,159,159,159,0.0700749229,1,1
2019,47,141,343,343,343,0.0287848271,1,1
2019,47,143,101,101,101,0.0197884013,1,1
2019,47,145,126,126,126,0.0193429536,1,1
2019,47,147,316,316,316,0.0249211356,1,1
2019,47,149,1304,1304,1304,0.0230087871,1,1
2019,47,151,,,,,,
2019,47,153,51,51,51,0.0232983097,1,1
2019,47,155,219,219,219,0.0149365707,1,1
2019,47,157,1671,1671,1671,0.011861832,1,1
2019,47,159,31,31,31,0.0100032268,1,1
2019,47,161,,,,,,
2019,47,163,499,499,499,0.023913356,1,1
2019,47,165,345,345,345,0.0113393591,1,1
2019,47,167,28,28,28,0.0026214774,3,3
2019,47,169,35,35,35,0.0265957447,1,1
2019,47,171,98,98,98,0.0419520548,1,1
2019,47,173,28,28,28,0.005794702,3,3
2019,47,175,44,44,44,0.0573663625,1,1
2019,47,177,208,208,208,0.0320394331,1,1
2019,47,179,406,406,406,0.0244563581,1,1
2019,47,181,,,,,,
2019,47,183,41,41,41,0.0100244499,1,1
2019,47,185,96,96,96,0.0243222701,1,1
2019,47,187,179,179,179,0.0039757457,1,1
2019,47,189,827,827,827,0.0359596487,1,1
2019,48,001,71,69,73,0.0085800604,2,2
2019,48,003,114,114,114,0.0261527873,1,1
2019,48,005,704,704,704,0.0420549582,1,1
2019,48,007,239,239,239,0.0805799056,1,1
2019,48,009,30,30,30,0.0193050193,1,1
2019,48,011,,,,,,
2019,48,013,128,127,129,0.0141155712,1,1
2019,48,015,69,69,69,0.0117546848,1,1
2019,48,017,,,,,,
2019,48,019,164,164,164,0.0629316961,1,1
2019,48,021,917,917,917,0.0503099797,1,1
2019,48,023,,,,,,
2019,48,025,154,154,154,0.028319235,1,1
2019,48,027,1535,1533,1537,0.0201303555,1,1
2019,48,029,7280,7275,7285,0.0211406667,1,1
2019,48,031,12,11,13,0.0071513707,3,3
2019,48,033,,,,,,
2019,48,035,123,122,124,0.0550089445,1,1
2019,48,037,189,186,192,0.0107673902,1,1
2019,48,039,1659,1659,1659,0.0227790746,1,1
2019,48,041,841,841,841,0.0269016698,1,1
2019,48,043,14,13,15,0.0122807018,3,3
2019,48,045,,,,,,
2019,48,047,32,32,32,0.02124834,1,1
2019,48,049,111,110,112,0.0188871873,1,1
2019,48,051,33,32,34,0.0119219653,2,2
2019,48,053,144,144,144,0.0189423836,1,1
2019,48,055,346,346,346,0.0443589744,1,1
2019,48,057,258,258,258,0.0671875,1,1
2019,48,059,65,64,66,0.0257527734,1,1
2019,48,061,2652,2650,2654,0.0290856447,1,1
2019,48,063,14,14,14,0.0057353544,3,3
2019,48,065,35,35,35,0.0294612795,1,1
2019,48,067,195,194,196,0.0399181167,1,1
2019,48,069,65,65,65,0.0451388889,1,1
2019,48,071,506,506,506,0.055385289,1,1
2019,48,073,91,91,91,0.0085954472,1,1
2019,48,075,12,12,12,0.0110091743,3,3
2019,48,077,77,77,77,0.0507246377,1,1
2019,48,079,14,14,14,0.0350877193,3,3
2019,48,081,12,12,12,0.0233463035,3,3
2019,48,083,43,43,43,0.0395584177,1,1
2019,48,085,1790,1789,1791,0.0081257632,1,1
2019,48,087,,,,,,
2019,48,089,115,115,115,0.0322309417,1,1
2019,48,091,666,666,666,0.0192318799,1,1
2019,48,093,118,118,118,0.0484003281,1,1
2019,48,095,,,,,,
2019,48,097,50,49,51,0.008957363,1,1
2019,48,099,223,222,224,0.0190941005,1,1
2019,48,101,,,,,,
2019,48,103,,,,,,
2019,48,105,33,33,33,0.0406905055,1,1
2019,48,107,28,28,28,0.0378890392,3,3
2019,48,109,23,23,23,0.0595854922,3,3
2019,48,111,36,36,36,0.0191285866,1,1
2019,48,113,10539,10536,10542,0.0209848274,1,1
2019,48,115,74,74,74,0.038124678,1,1
2019,48,117,135,135,135,0.0334406738,1,1
2019,48,119,,,,,,
2019,48,121,2691,2690,2692,0.0174412952,1,1
2019,48,123,122,120,124,0.0431705591,1,1
2019,48,125,34,33,35,0.0985507246,2,2
2019,48,127,86,86,86,0.0403187998,1,1
2019,48,129,12,12,12,0.0264900662,3,3
2019,48,131,19,19,19,0.0124264225,3,3
2019,48,133,178,178,178,0.067500948,1,1
2019,48,135,2306,2306,2306,0.0666647394,1,1
2019,48,137,,,,,,
2019,48,139,620,619,621,0.0144330377,1,1
2019,48,141,2411,2410,2412,0.0142170593,1,1
2019,48,143,51,49,53,0.0121805589,2,2
2019,48,145,35,35,35,0.0163475012,1,1
2019,48,147,154,154,154,0.0271126761,1,1
2019,48,149,90,88,92,0.0236406619,1,1
2019,48,151,35,35,35,0.0626118068,1,1
2019,48,153,,,,,,
2019,48,155,,,,,,
2019,48,157,2724,2724,2724,0.013184005,1,1
2019,48,159,12,12,12,0.0076045627,3,3
2019,48,161,87,87,87,0.0252173913,1,1
2019,48,163,239,239,239,0.0757287706,1,1
2019,48,165,23,23,23,0.006403118,3,3
2019,48,167,2645,2645,2645,0.0317020843,1,1
2019,48,169,14,14,14,0.0172626387,3,3
2019,48,171,14,14,14,0.0037333333,3,3
2019,48,173,,,,,,
2019,48,175,53,53,53,0.040181956,1,1
2019,48,177,90,90,90,0.0212414444,1,1
2019,48,179,139,137,141,0.0352255449,1,1
2019,48,181,685,683,687,0.0294991602,1,1
2019,48,183,171,171,171,0.0075616875,1,1
2019,48,185,217,217,217,0.0468480138,1,1
2019,48,187,384,384,384,0.0143928036,1,1
2019,48,189,65,64,66,0.0091587995,1,1
2019,48,191,,,,,,
2019,48,193,68,67,69,0.0392156863,1,1
2019,48,195,28,28,28,0.0295670539,3,3
2019,48,197,10,10,10,0.0190839695,3,3
2019,48,199,480,480,480,0.0427312383,1,1
2019,48,201,19697,19695,19699,0.0234211224,1,1
2019,48,203,268,267,269,0.014589798,1,1
2019,48,205,,,,,,
2019,48,207,50,50,50,0.0613496933,1,1
2019,48,209,607,607,607,0.0156588587,1,1
2019,48,211,,,,,,
2019,48,213,50,49,51,0.0056186088,1,1
2019,48,215,3510,3507,3513,0.0139319991,1,1
2019,48,217,301,300,302,0.0495636424,1,1
2019,48,219,139,138,140,0.0288921222,1,1
2019,48,221,175,175,175,0.0221099179,1,1
2019,48,223,157,154,160,0.0226649343,1,1
2019,48,225,121,120,122,0.038695235,1,1
2019,48,227,28,26,30,0.0047489824,3,3
2019,48,229,,,,,,
2019,48,231,265,265,265,0.017819918,1,1
2019,48,233,58,57,59,0.0388219545,1,1
2019,48,235,12,12,12,0.0406779661,3,3
2019,48,237,26,25,27,0.0159216167,3,3
2019,48,239,32,31,33,0.0137693632,2,2
2019,48,241,271,271,271,0.0510261721,1,1
2019,48,243,,,,,,
2019,48,245,2638,2638,2638,0.0657871767,1,1
2019,48,247,,,,,,
2019,48,249,225,224,226,0.0305498982,1,1
2019,48,251,699,699,699,0.0190297288,1,1
2019,48,253,342,342,342,0.1267605634,1,1
2019,48,255,50,50,50,0.0240847784,1,1
2019,48,257,385,385,385,0.0120936077,1,1
2019,48,259,73,73,73,0.0068435361,1,1
2019,48,261,,,,,,
2019,48,263,,,,,,
2019,48,265,183,183,183,0.0278326996,1,1
2019,48,267,,,,,,
2019,48,269,,,,,,
2019,48,271,,,,,,
2019,48,273,11,11,11,0.0031161473,3,3
2019,48,275,10,9,11,0.015037594,3,3
2019,48,277,151,150,152,0.0175316382,1,1
2019,48,279,79,77,81,0.0277290277,2,2
2019,48,281,107,107,107,0.0284423179,1,1
2019,48,283,22,22,22,0.01665405,3,3
2019,48,285,47,46,48,0.0137749121,1,1
2019,48,287,55,55,55,0.0185122854,1,1
2019,48,289,51,49,53,0.017459774,2,2
2019,48,291,1076,1076,1076,0.055443912,1,1
2019,48,293,120,119,121,0.0317544324,1,1
2019,48,295,51,49,53,0.0696721311,2,2
2019,48,297,,,,,,
2019,48,299,19,19,19,0.0106861642,3,3
2019,48,301,,,,,,
2019,48,303,1089,1089,1089,0.021340388,1,1
2019,48,305,27,26,28,0.0186592951,3,3
2019,48,307,,,,,,
2019,48,309,1098,1095,1101,0.0203525552,1,1
2019,48,311,,,,,,
2019,48,313,,,,,,
2019,48,315,13,13,13,0.0102281668,3,3
2019,48,317,,,,,,
2019,48,319,27,27,27,0.035667107,3,3
2019,48,321,88,88,88,0.0123145816,1,1
2019,48,323,153,153,153,0.0105517241,1,1
2019,48,325,154,154,154,0.0142223864,1,1
2019,48,327,,,,,,
2019,48,329,707,707,707,0.0240443477,1,1
2019,48,331,80,79,81,0.0205233453,1,1
2019,48,333,,,,,,
2019,48,335,14,14,14,0.0116086235,3,3
2019,48,337,34,33,35,0.0115254237,2,2
2019,48,339,1845,1845,1845,0.0160064546,1,1
2019,48,341,115,115,115,0.0235752358,1,1
2019,48,343,80,80,80,0.0422832981,1,1
2019,48,345,,,,,,
2019,48,347,158,155,161,0.0160438668,1,1
2019,48,349,139,138,140,0.0143372873,1,1
2019,48,351,74,74,74,0.0402173913,1,1
2019,48,353,86,86,86,0.027027027,1,1
2019,48,355,1392,1389,1395,0.0232046409,1,1
2019,48,357,19,19,19,0.0085856304,3,3
2019,48,359,,,,,,
2019,48,361,1625,1625,1625,0.1081530782,1,1
2019,48,363,233,231,235,0.0537237722,1,1
2019,48,365,20,20,20,0.0056417489,3,3
2019,48,367,135,134,136,0.0067733681,1,1
2019,48,369,20,19,21,0.0092807425,3,3
2019,48,371,,,,,,
2019,48,373,128,128,128,0.0237785621,1,1
2019,48,375,2010,2010,2010,0.0556601684,1,1
2019,48,377,,,,,,
2019,48,379,32,32,32,0.0185292415,1,1
2019,48,381,142,142,142,0.0136788363,1,1
2019,48,383,82,82,82,0.09030837,1,1
2019,48,385,15,15,15,0.067264574,3,3
2019,48,387,48,48,48,0.0229335882,1,1
2019,48,389,,,,,,
2019,48,391,53,53,53,0.0406441718,1,1
2019,48,393,,,,,,
2019,48,395,23,23,23,0.0092369478,3,3
2019,48,397,80,80,80,0.0033888253,1,1
2019,48,399,54,54,54,0.0258496888,1,1
2019,48,401,83,83,83,0.0120657072,1,1
2019,48,403,15,15,15,0.0164473684,3,3
2019,48,405,,,,,,
2019,48,407,202,202,202,0.0565351245,1,1
2019,48,409,238,238,238,0.0170316302,1,1
2019,48,411,19,18,20,0.0190954774,3,3
2019,48,413,19,19,19,0.0376237624,3,3
2019,48,415,35,35,35,0.011916922,1,1
2019,48,417,28,28,28,0.0441640379,3,3
2019,48,419,107,107,107,0.0279009126,1,1
2019,48,421,,,,,,
2019,48,423,583,582,584,0.0167039138,1,1
2019,48,425,35,35,35,0.0161141805,1,1
2019,48,427,18,18,18,0.0017657446,3,3
2019,48,429,84,84,84,0.0576923077,1,1
2019,48,431,,,,,,
2019,48,433,22,22,22,0.1,3,3
2019,48,435,,,,,,
2019,48,437,17,16,18,0.0134281201,3,3
2019,48,439,7829,7828,7830,0.0221795384,1,1
2019,48,441,1479,1478,1480,0.0615557498,1,1
2019,48,443,,,,,,
2019,48,445,155,155,155,0.0679526523,1,1
2019,48,447,37,37,37,0.2283950617,1,1
2019,48,449,84,84,84,0.011941996,1,1
2019,48,451,271,270,272,0.0128594477,1,1
2019,48,453,2535,2528,2542,0.0157424082,1,1
2019,48,455,36,36,36,0.0182833926,1,1
2019,48,457,47,47,47,0.0132956153,1,1
2019,48,459,168,167,169,0.0220559275,1,1
2019,48,461,19,19,19,0.0627062706,3,3
2019,48,463,54,54,54,0.0114649682,1,1
2019,48,465,185,185,185,0.0179072694,1,1
2019,48,467,109,109,109,0.0111771944,1,1
2019,48,469,735,735,735,0.0500612996,1,1
2019,48,471,327,327,327,0.0320902846,1,1
2019,48,473,141,141,141,0.0119724887,1,1
2019,48,475,,,,,,
2019,48,477,42,42,42,0.0082352941,1,1
2019,48,479,947,947,947,0.0141326409,1,1
2019,48,481,174,173,175,0.0238486842,1,1
2019,48,483,,,,,,
2019,48,485,519,519,519,0.0249819495,1,1
2019,48,487,33,32,34,0.0151237397,2,2
2019,48,489,177,177,177,0.0493173586,1,1
2019,48,491,1713,1711,1715,0.013285249,1,1
2019,48,493,106,106,106,0.0115242444,1,1
2019,48,495,51,50,52,0.0268279853,1,1
2019,48,497,188,187,189,0.0193236715,1,1
2019,48,499,156,156,156,0.0247776366,1,1
2019,48,501,35,35,35,0.016218721,1,1
2019,48,503,96,96,96,0.0300375469,1,1
2019,48,505,178,178,178,0.0501549732,1,1
2019,48,507,107,106,108,0.0442331542,1,1
2019,49,001,,,,,,
2019,49,003,137,137,137,0.0113120304,1,1
2019,49,005,239,238,240,0.0094001967,1,1
2019,49,007,12,12,12,0.0033076075,3,3
2019,49,009,,,,,,
2019,49,011,1357,1354,1360,0.0161466886,1,1
2019,49,013,72,72,72,0.0135491155,1,1
2019,49,015,41,41,41,0.0179588261,1,1
2019,49,017,34,34,34,0.0344478217,1,1
2019,49,019,,,,,,
2019,49,021,328,327,329,0.029739777,1,1
2019,49,023,,,,,,
2019,49,025,26,26,26,0.0192165558,3,3
2019,49,027,88,88,88,0.02816,1,1
2019,49,029,,,,,,
2019,49,031,,,,,,
2019,49,033,,,,,,
2019,49,035,5902,5896,5908,0.0296843958,1,1
2019,49,037,439,439,439,0.1338822812,1,1
2019,49,039,58,58,58,0.0095410429,1,1
2019,49,041,47,47,47,0.0097248086,1,1
2019,49,043,,,,,,
2019,49,045,880,880,880,0.0442811855,1,1
2019,49,047,30,29,31,0.0038192234,2,2
2019,49,049,1604,1604,1604,0.0116747094,1,1
2019,49,051,208,208,208,0.0279757902,1,1
2019,49,053,991,989,993,0.0266641554,1,1
2019,49,055,,,,,,
2019,49,057,787,787,787,0.0168367456,1,1
2019,50,001,49,49,49,0.0115538788,1,1
2019,50,003,100,100,100,0.0211148649,1,1
2019,50,005,43,42,44,0.0108203322,1,1
2019,50,007,169,169,169,0.0075379126,1,1
2019,50,009,,,,,,
2019,50,011,71,69,73,0.0086050176,2,2
2019,50,013,,,,,,
2019,50,015,47,45,49,0.014084507,2,2
2019,50,017,,,,,,
2019,50,019,81,76,86,0.021215296,3,3
2019,50,021,81,81,81,0.014764856,1,1
2019,50,023,85,85,85,0.0120499008,1,1
2019,50,025,107,106,108,0.0233115468,1,1
2019,50,027,64,64,64,0.0187958884,1,1
2019,51,001,217,217,217,0.0420461151,1,1
2019,51,003,,,,,,
2019,51,005,10,10,10,0.0049407115,3,3
2019,51,007,,,,,,
2019,51,009,62,62,62,0.0150668287,1,1
2019,51,011,16,16,16,0.0070206231,3,3
2019,51,013,177,177,177,0.0062875209,1,1
2019,51,015,99,99,99,0.0095753941,1,1
2019,51,017,,,,,,
2019,51,019,79,79,79,0.0082679226,1,1
2019,51,021,,,,,,
2019,51,023,17,17,17,0.0036386986,3,3
2019,51,025,15,15,15,0.0097529259,3,3
2019,51,027,,,,,,
2019,51,029,35,35,35,0.0165641268,1,1
2019,51,031,58,58,58,0.0073223078,1,1
2019,51,033,77,77,77,0.0181048672,1,1
2019,51,035,22,22,22,0.0059251279,3,3
2019,51,036,22,22,22,0.035483871,3,3
2019,51,037,,,,,,
2019,51,041,769,769,769,0.0122815984,1,1
2019,51,043,11,11,11,0.0057172557,3,3
2019,51,045,14,14,14,0.0238095238,3,3
2019,51,047,111,111,111,0.0130342884,1,1
2019,51,049,,,,,,
2019,51,051,,,,,,
2019,51,053,17,17,17,0.003910743,3,3
2019,51,057,23,23,23,0.0174242424,3,3
2019,51,059,1684,1684,1684,0.0089153833,1,1
2019,51,061,263,263,263,0.0235220463,1,1
2019,51,063,,,,,,
2019,51,065,66,66,66,0.0185967878,1,1
2019,51,067,14,14,14,0.0020328154,3,3
2019,51,069,,,,,,
2019,51,071,16,16,16,0.0066973629,3,3
2019,51,073,25,25,25,0.0047116472,3,3
2019,51,075,16,16,16,0.006109202,3,3
2019,51,077,15,15,15,0.0096401028,3,3
2019,51,079,37,37,37,0.0124327957,1,1
2019,51,081,,,,,,
2019,51,083,48,48,48,0.0098039216,1,1
2019,51,085,44,44,44,0.0025084089,1,1
2019,51,087,922,922,922,0.0178040397,1,1
2019,51,089,30,30,30,0.0040644899,1,1
2019,51,091,,,,,,
2019,51,093,30,30,30,0.0053285968,1,1
2019,51,095,,,,,,
2019,51,097,21,21,21,0.025210084,3,3
2019,51,099,73,73,73,0.0161575919,1,1
2019,51,101,16,15,17,0.0053511706,3,3
2019,51,103,,,,,,
2019,51,105,,,,,,
2019,51,107,2449,2449,2449,0.0292921561,1,1
2019,51,109,36,36,36,0.0072187688,1,1
2019,51,111,49,49,49,0.0308176101,1,1
2019,51,113,,,,,,
2019,51,115,,,,,,
2019,51,117,13,13,13,0.0030959752,3,3
2019,51,119,,,,,,
2019,51,121,135,135,135,0.0134784345,1,1
2019,51,125,46,46,46,0.0271386431,1,1
2019,51,127,26,26,26,0.007751938,3,3
2019,51,131,124,124,124,0.0815789474,1,1
2019,51,133,,,,,,
2019,51,135,30,30,30,0.0150753769,1,1
2019,51,137,33,33,33,0.0064845746,1,1
2019,51,139,54,54,54,0.0161097852,1,1
2019,51,141,68,68,68,0.0265832682,1,1
2019,51,143,29,29,29,0.0033245443,3,3
2019,51,145,29,29,29,0.0066728026,3,3
2019,51,147,,,,,,
2019,51,149,52,52,52,0.0081851094,1,1
2019,51,153,538,538,538,0.0058328003,1,1
2019,51,155,43,43,43,0.0104980469,1,1
2019,51,157,10,10,10,0.012642225,3,3
2019,51,159,11,11,11,0.0084550346,3,3
2019,51,161,52,52,52,0.003714551,1,1
2019,51,163,16,16,16,0.0056757716,3,3
2019,51,165,,,,,,
2019,51,167,,,,,,
2019,51,169,10,10,10,0.0028473804,3,3
2019,51,171,92,92,92,0.0153282239,1,1
2019,51,173,11,11,11,0.0025773196,3,3
2019,51,175,15,15,15,0.0053514092,3,3
2019,51,177,507,507,507,0.0212293778,1,1
2019,51,179,217,217,217,0.007212657,1,1
2019,51,181,,,,,,
2019,51,183,12,12,12,0.0109990834,3,3
2019,51,185,29,29,29,0.0051924799,3,3
2019,51,187,60,60,60,0.0111690246,1,1
2019,51,191,103,103,103,0.0146099291,1,1
2019,51,193,29,28,30,0.0128603104,3,3
2019,51,195,247,247,247,0.0438643225,1,1
2019,51,197,18,18,18,0.0045203415,3,3
2019,51,199,146,146,146,0.0112498074,1,1
2019,51,510,164,164,164,0.0100644369,1,1
2019,51,520,53,53,53,0.0235033259,1,1
2019,51,530,,,,,,
2019,51,540,245,245,245,0.0129314895,1,1
2019,51,550,158,158,158,0.0037983508,1,1
2019,51,570,41,41,41,0.0141428079,1,1
2019,51,580,,,,,,
2019,51,590,55,55,55,0.0096457383,1,1
2019,51,595,19,19,19,0.0085470085,3,3
2019,51,600,,,,,,
2019,51,610,,,,,,
2019,51,620,40,40,40,0.0371057514,1,1
2019,51,630,134,134,134,0.0356857523,1,1
2019,51,640,,,,,,
2019,51,650,341,341,341,0.0174077288,1,1
2019,51,660,210,210,210,0.0113378685,1,1
2019,51,670,47,47,47,0.0109736166,1,1
2019,51,678,,,,,,
2019,51,680,176,176,176,0.02147127,1,1
2019,51,683,58,58,58,0.0074463988,1,1
2019,51,685,14,14,14,0.0038461538,3,3
2019,51,690,16,16,16,0.0082901554,3,3
2019,51,700,554,554,554,0.0193368237,1,1
2019,51,710,785,785,785,0.0263096156,1,1
2019,51,720,17,17,17,0.0207823961,3,3
2019,51,730,444,444,444,0.1054882395,1,1
2019,51,735,18,18,18,0.0085146641,3,3
2019,51,740,208,208,208,0.0148667,1,1
2019,51,750,53,53,53,0.0322777101,1,1
2019,51,760,852,852,852,0.0337947721,1,1
2019,51,770,552,552,552,0.0393190398,1,1
2019,51,775,28,28,28,0.0071319409,3,3
2019,51,790,66,66,66,0.0241139934,1,1
2019,51,800,143,143,143,0.009984639,1,1
2019,51,810,792,792,792,0.0115273775,1,1
2019,51,820,55,55,55,0.0185748058,1,1
2019,51,830,345,345,345,0.0296417218,1,1
2019,51,840,432,432,432,0.0236556785,1,1
2019,53,001,91,91,91,0.0168737252,1,1
2019,53,003,177,177,177,0.0530416542,1,1
2019,53,005,788,788,788,0.0205149567,1,1
2019,53,007,744,744,744,0.0558894231,1,1
2019,53,009,352,352,352,0.0324244657,1,1
2019,53,011,2572,2570,2574,0.0321580395,1,1
2019,53,013,15,15,15,0.0347222222,3,3
2019,53,015,786,786,786,0.044605868,1,1
2019,53,017,425,424,426,0.0505050505,1,1
2019,53,019,20,19,21,0.0306748466,3,3
2019,53,021,264,263,265,0.0123226288,1,1
2019,53,023,,,,,,
2019,53,025,1039,1038,1040,0.0497748395,1,1
2019,53,027,912,912,912,0.082999636,1,1
2019,53,029,471,471,471,0.0552104091,1,1
2019,53,031,74,74,74,0.0357142857,1,1
2019,53,033,7377,7376,7378,0.02624417,1,1
2019,53,035,785,785,785,0.021302578,1,1
2019,53,037,113,113,113,0.0208525558,1,1
2019,53,039,89,87,91,0.0317630264,1,1
2019,53,041,677,677,677,0.0537386887,1,1
2019,53,043,39,36,42,0.0177111717,3,3
2019,53,045,896,896,896,0.0853739876,1,1
2019,53,047,221,221,221,0.0206928839,1,1
2019,53,049,441,441,441,0.1397338403,1,1
2019,53,051,189,189,189,0.1135135135,1,1
2019,53,053,4783,4783,4783,0.0340243,1,1
2019,53,055,39,39,39,0.0365510778,1,1
2019,53,057,736,736,736,0.0373774821,1,1
2019,53,059,59,57,61,0.0521201413,2,2
2019,53,061,3656,3656,3656,0.0264131314,1,1
2019,53,063,2899,2897,2901,0.0369388769,1,1
2019,53,065,360,359,361,0.0577385726,1,1
2019,53,067,1732,1732,1732,0.0397010957,1,1
2019,53,069,57,57,57,0.1108949416,1,1
2019,53,071,349,348,350,0.0395960971,1,1
2019,53,073,996,996,996,0.035021097,1,1
2019,53,075,98,97,99,0.0231568998,1,1
2019,53,077,2456,2455,2457,0.0441012749,1,1
2019,54,001,12,12,12,0.0052956752,3,3
2019,54,003,389,389,389,0.0197461929,1,1
2019,54,005,24,24,24,0.0065323898,3,3
2019,54,007,33,33,33,0.0170542636,1,1
2019,54,009,38,38,38,0.0141211446,1,1
2019,54,011,252,252,252,0.0206743785,1,1
2019,54,013,178,178,178,0.1899679829,1,1
2019,54,015,469,469,469,0.2586872587,1,1
2019,54,017,34,34,34,0.0303300624,1,1
2019,54,019,135,135,135,0.022262533,1,1
2019,54,021,12,12,12,0.0148883375,3,3
2019,54,023,70,70,70,0.0432365658,1,1
2019,54,025,187,187,187,0.0389016018,1,1
2019,54,027,150,150,150,0.0505390836,1,1
2019,54,029,18,18,18,0.0045169385,3,3
2019,54,031,44,44,44,0.0193661972,1,1
2019,54,033,586,586,586,0.0553195506,1,1
2019,54,035,,,,,,
2019,54,037,1206,1206,1206,0.1346884074,1,1
2019,54,039,622,622,622,0.0244602619,1,1
2019,54,041,252,252,252,0.0977501939,1,1
2019,54,043,517,517,517,0.1560990338,1,1
2019,54,045,410,410,410,0.0744506991,1,1
2019,54,047,206,206,206,0.0710099966,1,1
2019,54,049,53,53,53,0.0066541117,1,1
2019,54,051,124,124,124,0.0278026906,1,1
2019,54,053,109,109,109,0.0277001271,1,1
2019,54,055,450,450,450,0.0512236767,1,1
2019,54,057,83,83,83,0.0202735711,1,1
2019,54,059,405,405,405,0.098062954,1,1
2019,54,061,362,362,362,0.0308373797,1,1
2019,54,063,165,165,165,0.0969447709,1,1
2019,54,065,102,102,102,0.0454342984,1,1
2019,54,067,271,271,271,0.0745734728,1,1
2019,54,069,117,117,117,0.0222053521,1,1
2019,54,071,22,22,22,0.025462963,3,3
2019,54,073,45,45,45,0.0411334552,1,1
2019,54,075,36,36,36,0.0366598778,1,1
2019,54,077,216,216,216,0.049270073,1,1
2019,54,079,58,58,58,0.006116853,1,1
2019,54,081,174,174,174,0.0151819213,1,1
2019,54,083,163,163,163,0.042118863,1,1
2019,54,085,87,87,87,0.0648769575,1,1
2019,54,087,132,132,132,0.0655737705,1,1
2019,54,089,38,38,38,0.0261888353,1,1
2019,54,091,104,104,104,0.0430820215,1,1
2019,54,093,156,156,156,0.1598360656,1,1
2019,54,095,12,12,12,0.0097008892,3,3
2019,54,097,439,439,439,0.1147712418,1,1
2019,54,099,101,101,101,0.0150701283,1,1
2019,54,101,68,68,68,0.0532915361,1,1
2019,54,103,28,28,28,0.0113867426,3,3
2019,54,105,112,112,112,0.112337011,1,1
2019,54,107,256,256,256,0.0209184507,1,1
2019,54,109,53,53,53,0.0137590862,1,1
2019,55,001,16,16,16,0.0111498258,3,3
2019,55,003,20,20,20,0.0095465394,3,3
2019,55,005,151,151,151,0.0194662885,1,1
2019,55,007,14,14,14,0.018018018,3,3
2019,55,009,1369,1368,1370,0.0307240002,1,1
2019,55,011,10,9,11,0.0089928058,3,3
2019,55,013,43,43,43,0.0160507652,1,1
2019,55,015,13,13,13,0.0060549604,3,3
2019,55,017,52,50,54,0.0060954167,2,2
2019,55,019,105,104,106,0.0234794275,1,1
2019,55,021,82,81,83,0.0105317236,1,1
2019,55,023,21,20,22,0.0099056604,3,3
2019,55,025,1802,1802,1802,0.0229562913,1,1
2019,55,027,152,151,153,0.017167382,1,1
2019,55,029,17,16,18,0.005164034,3,3
2019,55,031,130,130,130,0.0211760873,1,1
2019,55,033,77,77,77,0.0126188135,1,1
2019,55,035,277,277,277,0.0199495859,1,1
2019,55,037,,,,,,
2019,55,039,206,205,207,0.0156832889,1,1
2019,55,041,27,27,27,0.017988008,3,3
2019,55,043,147,146,148,0.0226956925,1,1
2019,55,045,68,68,68,0.0154510339,1,1
2019,55,047,82,81,83,0.0272787758,1,1
2019,55,049,41,41,41,0.0135896586,1,1
2019,55,051,,,,,,
2019,55,053,66,66,66,0.0285467128,1,1
2019,55,055,231,231,231,0.0180878553,1,1
2019,55,057,81,81,81,0.0219393283,1,1
2019,55,059,519,519,519,0.019023532,1,1
2019,55,061,14,13,15,0.0039171796,3,3
2019,55,063,204,204,204,0.0132691557,1,1
2019,55,065,14,10,18,0.0057236304,3,3
2019,55,067,16,16,16,0.0070360598,3,3
2019,55,069,45,45,45,0.0101146325,1,1
2019,55,071,127,127,127,0.01230978,1,1
2019,55,073,279,278,280,0.016173913,1,1
2019,55,075,124,124,124,0.0235651843,1,1
2019,55,077,,,,,,
2019,55,078,79,79,79,0.0855904659,1,1
2019,55,079,5299,5296,5302,0.043282936,1,1
2019,55,081,123,123,123,0.0183117463,1,1
2019,55,083,82,81,83,0.0207647506,1,1
2019,55,085,21,20,22,0.0069674851,3,3
2019,55,087,421,421,421,0.0124489917,1,1
2019,55,089,17,16,18,0.0029457633,3,3
2019,55,091,20,20,20,0.0168350168,3,3
2019,55,093,98,97,99,0.0129801325,1,1
2019,55,095,163,163,163,0.0232524964,1,1
2019,55,097,163,163,163,0.0216295117,1,1
2019,55,099,,,,,,
2019,55,101,807,806,808,0.0328904467,1,1
2019,55,103,49,49,49,0.0281447444,1,1
2019,55,105,1079,1079,1079,0.040160792,1,1
2019,55,107,,,,,,
2019,55,109,118,118,118,0.0079632879,1,1
2019,55,111,364,364,364,0.0306113868,1,1
2019,55,113,48,48,48,0.0204953032,1,1
2019,55,115,96,95,97,0.0206540448,1,1
2019,55,117,212,211,213,0.0124948429,1,1
2019,55,119,19,18,20,0.0052733833,3,3
2019,55,121,40,38,42,0.0074682599,3,3
2019,55,123,71,70,72,0.0176572992,1,1
2019,55,125,92,92,92,0.0500816549,1,1
2019,55,127,223,222,224,0.0158167246,1,1
2019,55,129,38,38,38,0.0181470869,1,1
2019,55,131,142,142,142,0.0074989438,1,1
2019,55,133,354,352,356,0.0060887513,1,1
2019,55,135,190,190,190,0.0253265796,1,1
2019,55,137,33,33,33,0.0168453292,1,1
2019,55,139,393,393,393,0.0173318633,1,1
2019,55,141,283,281,285,0.0243273446,1,1
2019,56,001,58,58,58,0.0142611261,1,1
2019,56,003,57,57,57,0.0224763407,1,1
2019,56,005,319,319,319,0.0359355638,1,1
2019,56,007,68,67,69,0.0291845494,1,1
2019,56,009,85,85,85,0.035153019,1,1
2019,56,011,,,,,,
2019,56,013,405,405,405,0.0573491929,1,1
2019,56,015,13,13,13,0.0078313253,3,3
2019,56,017,11,11,11,0.0166919575,3,3
2019,56,019,13,13,13,0.0102442868,3,3
2019,56,021,305,305,305,0.0197028424,1,1
2019,56,023,16,16,16,0.004432133,3,3
2019,56,025,160,160,160,0.0120030008,1,1
2019,56,027,,,,,,
2019,56,029,61,60,62,0.0154235145,1,1
2019,56,031,18,18,18,0.0180541625,3,3
2019,56,033,54,53,55,0.0115582192,1,1
2019,56,035,,,,,,
2019,56,037,88,88,88,0.0109684657,1,1
2019,56,039,71,71,71,0.0247472987,1,1
2019,56,041,29,28,30,0.0067300998,3,3
2019,56,043,46,46,46,0.036977492,1,1
2019,56,045,29,28,30,0.0277511962,3,3
2020,01,001,45,45,45,0.0050251256,1,1
2020,01,003,318,318,318,0.0098039216,1,1
2020,01,005,33,32,34,0.0046380885,2,2
2020,01,007,,,,,,
2020,01,009,100,100,100,0.0128932439,1,1
2020,01,011,,,,,,
2020,01,013,33,33,33,0.0111524164,1,1
2020,01,015,193,193,193,0.0125872302,1,1
2020,01,017,,,,,,
2020,01,019,227,227,227,0.0592225411,1,1
2020,01,021,,,,,,
2020,01,023,,,,,,
2020,01,025,,,,,,
2020,01,027,16,16,16,0.0088691796,3,3
2020,01,029,36,36,36,0.0143426295,1,1
2020,01,031,296,296,296,0.0301149659,1,1
2020,01,033,153,153,153,0.0299120235,1,1
2020,01,035,,,,,,
2020,01,037,,,,,,
2020,01,039,14,13,15,0.0023569024,3,3
2020,01,041,,,,,,
2020,01,043,12,11,13,0.0009613844,3,3
2020,01,045,129,129,129,0.0410174881,1,1
2020,01,047,204,204,204,0.0371923428,1,1
2020,01,049,308,308,308,0.0361290323,1,1
2020,01,051,67,66,68,0.0050761421,1,1
2020,01,053,,,,,,
2020,01,055,210,210,210,0.0141709967,1,1
2020,01,057,,,,,,
2020,01,059,,,,,,
2020,01,061,,,,,,
2020,01,063,,,,,,
2020,01,065,,,,,,
2020,01,067,,,,,,
2020,01,069,83,83,83,0.005776324,1,1
2020,01,071,53,53,53,0.0069736842,1,1
2020,01,073,1132,1131,1133,0.0112069222,1,1
2020,01,075,,,,,,
2020,01,077,68,68,68,0.0054213506,1,1
2020,01,079,121,121,121,0.0256791171,1,1
2020,01,081,64,64,64,0.0027832137,1,1
2020,01,083,153,153,153,0.0087035668,1,1
2020,01,085,353,353,353,0.2844480258,1,1
2020,01,087,58,58,58,0.0309994655,1,1
2020,01,089,393,393,393,0.0072163055,1,1
2020,01,091,,,,,,
2020,01,093,34,34,34,0.0074972437,1,1
2020,01,095,437,437,437,0.0236676776,1,1
2020,01,097,2432,2430,2434,0.0423339368,1,1
2020,01,099,43,43,43,0.013642132,1,1
2020,01,101,184,184,184,0.0061585835,1,1
2020,01,103,103,103,103,0.0051941503,1,1
2020,01,105,153,153,153,0.1326973114,1,1
2020,01,107,,,,,,
2020,01,109,18,18,18,0.0046644208,3,3
2020,01,111,13,13,13,0.0064070971,3,3
2020,01,113,40,40,40,0.0037091988,1,1
2020,01,115,62,62,62,0.0046148121,1,1
2020,01,117,409,409,409,0.0136210744,1,1
2020,01,119,,,,,,
2020,01,121,19,17,21,0.0017327861,3,3
2020,01,123,21,21,21,0.0071234735,3,3
2020,01,125,216,216,216,0.0073195527,1,1
2020,01,127,100,99,101,0.0102239035,1,1
2020,01,129,15,15,15,0.0057427259,3,3
2020,01,131,82,82,82,0.0585714286,1,1
2020,01,133,,,,,,
2020,02,013,,,,,,
2020,02,016,,,,,,
2020,02,020,1300,1300,1300,0.0305522914,1,1
2020,02,050,49,49,49,0.0109644216,1,1
2020,02,060,,,,,,
2020,02,063,,,,,,
2020,02,066,,,,,,
2020,02,068,,,,,,
2020,02,070,17,17,17,0.0413625304,3,3
2020,02,090,252,251,253,0.0160335942,1,1
2020,02,100,,,,,,
2020,02,105,40,40,40,0.1438848921,1,1
2020,02,110,53,53,53,0.0128516004,1,1
2020,02,122,136,136,136,0.0170811354,1,1
2020,02,130,10,10,10,0.0046274873,3,3
2020,02,150,17,17,17,0.0074106364,3,3
2020,02,158,20,20,20,0.0095102235,3,3
2020,02,164,,,,,,
2020,02,170,434,434,434,0.023819978,1,1
2020,02,180,70,70,70,0.0276679842,1,1
2020,02,185,41,41,41,0.0191768007,1,1
2020,02,188,,,,,,
2020,02,195,,,,,,
2020,02,198,38,37,39,0.0264808362,2,2
2020,02,220,22,22,22,0.0191138141,3,3
2020,02,230,,,,,,
2020,02,240,,,,,,
2020,02,275,,,,,,
2020,02,282,,,,,,
2020,02,290,93,93,93,0.008248337,1,1
2020,04,001,251,251,251,0.0820529585,1,1
2020,04,003,452,450,454,0.0349115625,1,1
2020,04,005,526,524,528,0.0356320282,1,1
2020,04,007,214,214,214,0.0343996142,1,1
2020,04,009,13,12,14,0.0034446211,3,3
2020,04,011,,,,,,
2020,04,012,23,23,23,0.0118986032,3,3
2020,04,013,8300,8283,8317,0.0128865179,1,1
2020,04,015,379,379,379,0.030235341,1,1
2020,04,017,575,569,581,0.0343427104,1,1
2020,04,019,2044,2039,2049,0.0163474227,1,1
2020,04,021,381,379,383,0.00908354,1,1
2020,04,023,428,428,428,0.047115808,1,1
2020,04,025,936,934,938,0.0506520916,1,1
2020,04,027,186,184,188,0.0060458313,1,1
2020,05,001,44,44,44,0.0157367668,1,1
2020,05,003,36,35,37,0.0105293946,2,2
2020,05,005,155,155,155,0.0299574797,1,1
2020,05,007,902,901,903,0.0183669314,1,1
2020,05,009,396,395,397,0.0665881957,1,1
2020,05,011,14,14,14,0.0070351759,3,3
2020,05,013,81,81,81,0.154875717,1,1
2020,05,015,272,272,272,0.0705211304,1,1
2020,05,017,,,,,,
2020,05,019,28,28,28,0.0111687276,3,3
2020,05,021,40,40,40,0.0171747531,1,1
2020,05,023,183,183,183,0.0579480684,1,1
2020,05,025,26,26,26,0.0194902549,3,3
2020,05,027,67,66,68,0.0177624602,1,1
2020,05,029,205,205,205,0.06020558,1,1
2020,05,031,329,329,329,0.017183746,1,1
2020,05,033,246,246,246,0.0231791199,1,1
2020,05,035,119,119,119,0.0124230087,1,1
2020,05,037,103,103,103,0.0320772345,1,1
2020,05,039,,,,,,
2020,05,041,27,27,27,0.0116883117,3,3
2020,05,043,22,22,22,0.0075627363,3,3
2020,05,045,638,638,638,0.0343176806,1,1
2020,05,047,72,72,72,0.0228934817,1,1
2020,05,049,70,70,70,0.0402761795,1,1
2020,05,051,298,298,298,0.0198283319,1,1
2020,05,053,40,40,40,0.0084691933,1,1
2020,05,055,188,188,188,0.0246073298,1,1
2020,05,057,171,171,171,0.0597275585,1,1
2020,05,059,127,127,127,0.0244701349,1,1
2020,05,061,99,99,99,0.0359477124,1,1
2020,05,063,258,258,258,0.0384271671,1,1
2020,05,065,34,34,34,0.0183982684,1,1
2020,05,067,72,72,72,0.034416826,1,1
2020,05,069,196,196,196,0.0206838328,1,1
2020,05,071,151,151,151,0.0344512891,1,1
2020,05,073,12,12,12,0.0225140713,3,3
2020,05,075,125,125,125,0.0409970482,1,1
2020,05,077,,,,,,
2020,05,079,36,36,36,0.0252277505,1,1
2020,05,081,34,34,34,0.0252225519,1,1
2020,05,083,295,295,295,0.0886151998,1,1
2020,05,085,165,165,165,0.0122831832,1,1
2020,05,087,62,62,62,0.0276046305,1,1
2020,05,089,108,108,108,0.0588876772,1,1
2020,05,091,100,100,100,0.0196116886,1,1
2020,05,093,406,406,406,0.065210408,1,1
2020,05,095,40,40,40,0.0431034483,1,1
2020,05,097,68,67,69,0.0655105973,1,1
2020,05,099,60,60,60,0.0451467269,1,1
2020,05,101,178,178,178,0.1445978879,1,1
2020,05,103,52,52,52,0.0187793427,1,1
2020,05,105,,,,,,
2020,05,107,46,46,46,0.0131994261,1,1
2020,05,109,86,86,86,0.0399071926,1,1
2020,05,111,301,301,301,0.0795875198,1,1
2020,05,113,26,26,26,0.0105008078,3,3
2020,05,115,347,347,347,0.0347347347,1,1
2020,05,117,34,34,34,0.0299032542,1,1
2020,05,119,949,947,951,0.0162511131,1,1
2020,05,121,123,123,123,0.0485590209,1,1
2020,05,123,23,23,23,0.0100217865,3,3
2020,05,125,121,121,121,0.0068431173,1,1
2020,05,127,63,63,63,0.0279379157,1,1
2020,05,129,28,28,28,0.0185185185,3,3
2020,05,131,356,356,356,0.0177928828,1,1
2020,05,133,91,91,91,0.0295646524,1,1
2020,05,135,86,86,86,0.0303994344,1,1
2020,05,137,,,,,,
2020,05,139,192,192,192,0.0276179517,1,1
2020,05,141,207,207,207,0.1139867841,1,1
2020,05,143,906,906,906,0.0217730888,1,1
2020,05,145,276,276,276,0.0221775814,1,1
2020,05,147,44,44,44,0.0473627557,1,1
2020,05,149,120,120,120,0.029375765,1,1
2020,06,001,3360,3353,3367,0.0157436779,1,1
2020,06,003,13,13,13,0.1780821918,3,3
2020,06,005,155,155,155,0.0396014308,1,1
2020,06,007,1547,1544,1550,0.0537059538,1,1
2020,06,009,167,166,168,0.0331612391,1,1
2020,06,011,453,453,453,0.0944537114,1,1
2020,06,013,2416,2411,2421,0.0144110612,1,1
2020,06,015,236,236,236,0.0555686367,1,1
2020,06,017,744,742,746,0.0237411449,1,1
2020,06,019,3636,3634,3638,0.0179850421,1,1
2020,06,021,168,166,170,0.030080573,1,1
2020,06,023,1032,1025,1039,0.0637666831,1,1
2020,06,025,1706,1704,1708,0.050321515,1,1
2020,06,027,64,61,67,0.0290249433,2,2
2020,06,029,4688,4685,4691,0.0247629612,1,1
2020,06,031,716,714,718,0.0246225799,1,1
2020,06,033,590,589,591,0.0623546819,1,1
2020,06,035,121,118,124,0.0335738069,2,2
2020,06,037,50586,50536,50636,0.037413522,1,1
2020,06,039,1317,1314,1320,0.0428320541,1,1
2020,06,041,1574,1571,1577,0.0533288159,1,1
2020,06,043,148,147,149,0.082359488,1,1
2020,06,045,681,679,683,0.0544060078,1,1
2020,06,047,1470,1469,1471,0.0256088638,1,1
2020,06,049,,,,,,
2020,06,051,52,52,52,0.0301974448,1,1
2020,06,053,10351,10349,10353,0.1381422661,1,1
2020,06,055,623,621,625,0.0320308483,1,1
2020,06,057,373,369,377,0.0260202302,1,1
2020,06,059,24365,24360,24370,0.0534071879,1,1
2020,06,061,1073,1073,1073,0.0164047211,1,1
2020,06,063,113,113,113,0.0549878345,1,1
2020,06,065,16743,16736,16750,0.0401575313,1,1
2020,06,067,8501,8490,8512,0.035344695,1,1
2020,06,069,204,202,206,0.0180227935,1,1
2020,06,071,25692,25690,25694,0.0649310935,1,1
2020,06,073,18444,18423,18465,0.0394000696,1,1
2020,06,075,3248,3247,3249,0.0565390708,1,1
2020,06,077,5495,5485,5505,0.0378670415,1,1
2020,06,079,2860,2860,2860,0.0869670985,1,1
2020,06,081,1796,1789,1803,0.0205630803,1,1
2020,06,083,8285,8281,8289,0.1258410924,1,1
2020,06,085,3505,3499,3511,0.0143658139,1,1
2020,06,087,3770,3768,3772,0.0951563644,1,1
2020,06,089,546,536,556,0.0218820135,1,1
2020,06,091,,,,,,
2020,06,093,385,380,390,0.0702298431,1,1
2020,06,095,1003,1001,1005,0.0164472066,1,1
2020,06,097,783,780,786,0.0133658803,1,1
2020,06,099,1654,1649,1659,0.0156461362,1,1
2020,06,101,419,415,423,0.0198493534,1,1
2020,06,103,738,735,741,0.0699592378,1,1
2020,06,105,124,121,127,0.0829431438,1,1
2020,06,107,2563,2560,2566,0.0260774897,1,1
2020,06,109,265,264,266,0.0466138962,1,1
2020,06,111,6634,6634,6634,0.0454371113,1,1
2020,06,113,612,610,614,0.0209216464,1,1
2020,06,115,319,318,320,0.0221897607,1,1
2020,08,001,2202,2202,2202,0.0269578737,1,1
2020,08,003,109,109,109,0.045115894,1,1
2020,08,005,1738,1738,1738,0.0150752897,1,1
2020,08,007,,,,,,
2020,08,009,,,,,,
2020,08,011,24,24,24,0.0104121475,3,3
2020,08,013,698,698,698,0.0115272823,1,1
2020,08,014,,,,,,
2020,08,015,20,20,20,0.0160771704,3,3
2020,08,017,,,,,,
2020,08,019,23,23,23,0.0337243402,3,3
2020,08,021,23,23,23,0.015282392,3,3
2020,08,023,43,43,43,0.0886597938,1,1
2020,08,025,,,,,,
2020,08,027,,,,,,
2020,08,029,150,150,150,0.0312956395,1,1
2020,08,031,1662,1662,1662,0.0151324775,1,1
2020,08,033,,,,,,
2020,08,035,467,467,467,0.0074151701,1,1
2020,08,037,57,57,57,0.0085087326,1,1
2020,08,039,11,10,12,0.0133333333,3,3
2020,08,041,1130,1129,1131,0.0098545366,1,1
2020,08,043,61,61,61,0.0131380573,1,1
2020,08,045,110,110,110,0.0099018814,1,1
2020,08,047,,,,,,
2020,08,049,39,39,39,0.0233532934,1,1
2020,08,051,,,,,,
2020,08,053,,,,,,
2020,08,055,,,,,,
2020,08,057,,,,,,
2020,08,059,1561,1561,1561,0.0194883831,1,1
2020,08,061,,,,,,
2020,08,063,33,33,33,0.0329012961,1,1
2020,08,065,43,43,43,0.0430861723,1,1
2020,08,067,61,61,61,0.0073984233,1,1
2020,08,069,2257,2257,2257,0.0497092767,1,1
2020,08,071,15,15,15,0.0150753769,3,3
2020,08,073,17,16,18,0.0260336907,3,3
2020,08,075,22,21,23,0.0084452975,3,3
2020,08,077,634,634,634,0.0300701954,1,1
2020,08,079,,,,,,
2020,08,081,,,,,,
2020,08,083,62,62,62,0.0165731088,1,1
2020,08,085,143,143,143,0.0245030843,1,1
2020,08,087,337,337,337,0.0599111111,1,1
2020,08,089,17,17,17,0.0081068193,3,3
2020,08,091,,,,,,
2020,08,093,12,12,12,0.0087082729,3,3
2020,08,095,10,9,11,0.0108225108,3,3
2020,08,097,,,,,,
2020,08,099,47,47,47,0.0305393112,1,1
2020,08,101,509,509,509,0.0199303027,1,1
2020,08,103,13,13,13,0.0110732538,3,3
2020,08,105,12,11,13,0.0080321285,3,3
2020,08,107,16,16,16,0.0055671538,3,3
2020,08,109,195,195,195,0.1959798995,1,1
2020,08,111,12,12,12,0.1445783133,3,3
2020,08,113,,,,,,
2020,08,115,,,,,,
2020,08,117,12,12,12,0.0034742328,3,3
2020,08,119,,,,,,
2020,08,121,41,40,42,0.0590778098,1,1
2020,08,123,610,609,611,0.016709582,1,1
2020,08,125,47,47,47,0.0284331518,1,1
2020,09,001,418,412,424,0.00344711,1,1
2020,09,003,972,969,975,0.0070297245,1,1
2020,09,005,77,73,81,0.005005851,3,3
2020,09,007,57,54,60,0.0047298979,3,3
2020,09,009,1097,1092,1102,0.0102812585,1,1
2020,09,011,522,517,527,0.0154643756,1,1
2020,09,013,83,80,86,0.0066469128,2,2
2020,09,015,151,149,153,0.0119329856,1,1
2020,10,001,700,699,701,0.0259730622,1,1
2020,10,003,1204,1200,1208,0.0164575303,1,1
2020,10,005,670,669,671,0.0212361331,1,1
2020,11,001,5075,5071,5079,0.0560544308,1,1
2020,12,001,810,809,810,0.0274167344,1,1
2020,12,003,120,120,120,0.024276755,1,1
2020,12,005,2050,2050,2050,0.0810917722,1,1
2020,12,007,153,153,153,0.0548190613,1,1
2020,12,009,1125,1125,1125,0.0158459632,1,1
2020,12,011,3256,3256,3256,0.0125117682,1,1
2020,12,013,131,131,131,0.0635305529,1,1
2020,12,015,390,390,390,0.0255168804,1,1
2020,12,017,638,638,638,0.0413936288,1,1
2020,12,019,805,805,805,0.0210358524,1,1
2020,12,021,1152,1152,1152,0.0248656349,1,1
2020,12,023,348,348,348,0.0354920959,1,1
2020,12,027,61,61,61,0.0132206329,1,1
2020,12,029,41,41,41,0.0192397935,1,1
2020,12,031,2435,2435,2435,0.0192011986,1,1
2020,12,033,1363,1363,1363,0.0354348109,1,1
2020,12,035,284,284,284,0.0220960087,1,1
2020,12,037,108,108,108,0.088091354,1,1
2020,12,039,170,170,170,0.0345247766,1,1
2020,12,041,,,,,,
2020,12,043,56,56,56,0.0319817247,1,1
2020,12,045,24,24,24,0.0130434783,3,3
2020,12,047,273,273,273,0.1728942369,1,1
2020,12,049,284,284,284,0.0575015185,1,1
2020,12,051,,,,,,
2020,12,053,690,690,690,0.0305026303,1,1
2020,12,055,374,374,374,0.0308810173,1,1
2020,12,057,4012,4012,4012,0.0183244041,1,1
2020,12,059,21,21,21,0.0067071223,3,3
2020,12,061,423,423,423,0.0240751281,1,1
2020,12,063,365,365,365,0.058418694,1,1
2020,12,065,26,26,26,0.0368271955,3,3
2020,12,067,156,156,156,0.1333333333,1,1
2020,12,069,1311,1311,1311,0.0299958816,1,1
2020,12,071,960,960,960,0.0101130342,1,1
2020,12,073,526,525,526,0.0146107053,1,1
2020,12,075,157,157,157,0.0288179148,1,1
2020,12,077,58,58,58,0.0455616654,1,1
2020,12,079,130,130,130,0.0536082474,1,1
2020,12,081,1201,1201,1201,0.0244199996,1,1
2020,12,083,1023,1023,1023,0.0248439663,1,1
2020,12,085,623,623,623,0.0341557018,1,1
2020,12,086,5729,5729,5729,0.0171047092,1,1
2020,12,087,264,264,264,0.0308880309,1,1
2020,12,089,495,495,495,0.0416036309,1,1
2020,12,091,606,606,606,0.0191687227,1,1
2020,12,093,356,356,356,0.0568417691,1,1
2020,12,095,4250,4250,4250,0.0199220929,1,1
2020,12,097,2501,2501,2501,0.0364364802,1,1
2020,12,099,2977,2977,2977,0.0155421209,1,1
2020,12,101,1547,1547,1547,0.0200583468,1,1
2020,12,103,3334,3334,3334,0.0347045843,1,1
2020,12,105,3930,3930,3930,0.0372978513,1,1
2020,12,107,357,357,357,0.0345963756,1,1
2020,12,109,677,677,677,0.0150220782,1,1
2020,12,111,1695,1695,1695,0.0405706216,1,1
2020,12,113,819,819,819,0.0294922578,1,1
2020,12,115,610,610,610,0.014313201,1,1
2020,12,117,1394,1394,1394,0.0210491348,1,1
2020,12,119,100,100,100,0.0115273775,1,1
2020,12,121,265,265,265,0.0464260687,1,1
2020,12,123,87,87,87,0.0318564628,1,1
2020,12,125,48,48,48,0.0204778157,1,1
2020,12,127,2563,2563,2563,0.0419558669,1,1
2020,12,129,73,73,73,0.0147088455,1,1
2020,12,131,224,224,224,0.0216320618,1,1
2020,12,133,231,231,231,0.067961165,1,1
2020,13,001,59,59,59,0.0170077832,1,1
2020,13,003,,,,,,
2020,13,005,49,49,49,0.0235917188,1,1
2020,13,007,,,,,,
2020,13,009,434,434,434,0.0871660976,1,1
2020,13,011,60,60,60,0.0218898212,1,1
2020,13,013,353,353,353,0.0250745845,1,1
2020,13,015,447,447,447,0.0249483731,1,1
2020,13,017,25,25,25,0.0083139342,3,3
2020,13,019,54,54,54,0.0178985747,1,1
2020,13,021,414,414,414,0.0189127455,1,1
2020,13,023,,,,,,
2020,13,025,40,40,40,0.0117508813,1,1
2020,13,027,21,21,21,0.0095978062,3,3
2020,13,029,72,72,72,0.007410457,1,1
2020,13,031,145,145,145,0.0132917774,1,1
2020,13,033,20,20,20,0.0047709924,3,3
2020,13,035,348,348,348,0.1015169195,1,1
2020,13,037,,,,,,
2020,13,039,69,69,69,0.0075599869,1,1
2020,13,043,19,19,19,0.0055072464,3,3
2020,13,045,822,822,822,0.040337619,1,1
2020,13,047,208,208,208,0.0197399639,1,1
2020,13,049,17,17,17,0.0102657005,3,3
2020,13,051,523,523,523,0.014327982,1,1
2020,13,053,,,,,,
2020,13,055,364,364,364,0.1396776669,1,1
2020,13,057,228,227,229,0.0054231483,1,1
2020,13,059,688,688,688,0.0467740839,1,1
2020,13,061,,,,,,
2020,13,063,1631,1630,1632,0.025342221,1,1
2020,13,065,17,17,17,0.0129770992,3,3
2020,13,067,1338,1338,1338,0.0114985992,1,1
2020,13,069,677,677,677,0.0895265803,1,1
2020,13,071,218,218,218,0.0240273338,1,1
2020,13,073,205,204,206,0.0071155849,1,1
2020,13,075,,,,,,
2020,13,077,189,189,189,0.0084978193,1,1
2020,13,079,,,,,,
2020,13,081,13,13,13,0.0034482759,3,3
2020,13,083,26,26,26,0.0123750595,3,3
2020,13,085,216,216,216,0.0584890333,1,1
2020,13,087,20,20,20,0.0044752741,3,3
2020,13,089,1686,1686,1686,0.0169853519,1,1
2020,13,091,31,31,31,0.0104906937,1,1
2020,13,093,85,85,85,0.0717299578,1,1
2020,13,095,307,307,307,0.0230428582,1,1
2020,13,097,494,494,494,0.0190851491,1,1
2020,13,099,51,51,51,0.0285394516,1,1
2020,13,101,,,,,,
2020,13,103,57,57,57,0.0043768717,1,1
2020,13,105,39,39,39,0.0129525075,1,1
2020,13,107,52,52,52,0.0127544763,1,1
2020,13,109,103,103,103,0.0550802139,1,1
2020,13,111,129,129,129,0.0449477352,1,1
2020,13,113,56,55,57,0.0027546854,1,1
2020,13,115,609,609,609,0.0390885751,1,1
2020,13,117,620,620,620,0.0121207382,1,1
2020,13,119,99,99,99,0.0278481013,1,1
2020,13,121,2051,2050,2052,0.0142832271,1,1
2020,13,123,54,54,54,0.0131354901,1,1
2020,13,125,,,,,,
2020,13,127,183,183,183,0.0143046979,1,1
2020,13,129,438,438,438,0.0416231113,1,1
2020,13,131,34,34,34,0.0074939387,1,1
2020,13,133,48,48,48,0.0185328185,1,1
2020,13,135,1300,1300,1300,0.006899663,1,1
2020,13,137,115,115,115,0.0168054947,1,1
2020,13,139,686,686,686,0.0198105579,1,1
2020,13,141,58,58,58,0.0738853503,1,1
2020,13,143,436,436,436,0.0783890687,1,1
2020,13,145,28,28,28,0.0051039008,3,3
2020,13,147,44,44,44,0.0126002291,1,1
2020,13,149,127,127,127,0.0605050024,1,1
2020,13,151,754,754,754,0.0177880532,1,1
2020,13,153,410,410,410,0.0138135508,1,1
2020,13,155,53,53,53,0.0320823245,1,1
2020,13,157,160,160,160,0.0112731628,1,1
2020,13,159,16,16,16,0.00674252,3,3
2020,13,161,16,16,16,0.0052134246,3,3
2020,13,163,13,13,13,0.0056867892,3,3
2020,13,165,16,16,16,0.0143626571,3,3
2020,13,167,30,30,30,0.0283018868,1,1
2020,13,169,,,,,,
2020,13,171,36,36,36,0.0133086876,1,1
2020,13,173,68,68,68,0.0397893505,1,1
2020,13,175,334,334,334,0.038448256,1,1
2020,13,177,321,321,321,0.0504003768,1,1
2020,13,179,189,189,189,0.0187147242,1,1
2020,13,181,137,137,137,0.1205985915,1,1
2020,13,183,22,22,22,0.0056598919,3,3
2020,13,185,496,496,496,0.0262990456,1,1
2020,13,187,52,52,52,0.0139298152,1,1
2020,13,189,43,43,43,0.012366983,1,1
2020,13,191,69,69,69,0.0545886076,1,1
2020,13,193,,,,,,
2020,13,195,211,211,211,0.0424461879,1,1
2020,13,197,,,,,,
2020,13,199,23,23,23,0.0099696576,3,3
2020,13,201,26,26,26,0.0334620335,3,3
2020,13,205,61,61,61,0.0226765799,1,1
2020,13,207,656,656,656,0.1566380134,1,1
2020,13,209,37,37,37,0.0403930131,1,1
2020,13,211,33,33,33,0.0101789019,1,1
2020,13,213,151,151,151,0.0219285507,1,1
2020,13,215,995,995,995,0.0323503593,1,1
2020,13,217,105,105,105,0.0055952254,1,1
2020,13,219,75,75,75,0.0091196498,1,1
2020,13,221,56,56,56,0.0262295082,1,1
2020,13,223,151,151,151,0.0050390443,1,1
2020,13,225,35,35,35,0.0096048299,1,1
2020,13,227,139,139,139,0.0331504889,1,1
2020,13,229,57,57,57,0.0159708602,1,1
2020,13,231,,,,,,
2020,13,233,1193,1193,1193,0.1540149755,1,1
2020,13,235,25,25,25,0.01953125,3,3
2020,13,237,10,10,10,0.0033090668,3,3
2020,13,239,54,54,54,0.1881533101,1,1
2020,13,241,106,106,106,0.0486238532,1,1
2020,13,243,,,,,,
2020,13,245,806,806,806,0.0277042588,1,1
2020,13,247,479,479,479,0.0305251083,1,1
2020,13,249,,,,,,
2020,13,251,48,48,48,0.0224089636,1,1
2020,13,253,,,,,,
2020,13,255,317,317,317,0.0327919727,1,1
2020,13,257,42,42,42,0.0106843042,1,1
2020,13,259,,,,,,
2020,13,261,,,,,,
2020,13,263,,,,,,
2020,13,265,,,,,,
2020,13,267,22,22,22,0.0059267241,3,3
2020,13,269,120,120,120,0.0909090909,1,1
2020,13,271,10,10,10,0.0061462815,3,3
2020,13,273,,,,,,
2020,13,275,333,333,333,0.0387614946,1,1
2020,13,277,44,44,44,0.0056577086,1,1
2020,13,279,83,83,83,0.0338499184,1,1
2020,13,281,48,48,48,0.0508474576,1,1
2020,13,283,27,27,27,0.0245901639,3,3
2020,13,285,126,126,126,0.0103618421,1,1
2020,13,287,,,,,,
2020,13,289,55,55,55,0.0762829404,1,1
2020,13,291,41,41,41,0.0141135972,1,1
2020,13,293,61,61,61,0.0150840752,1,1
2020,13,295,111,111,111,0.0114693118,1,1
2020,13,297,244,244,244,0.0155493245,1,1
2020,13,299,222,222,222,0.0363636364,1,1
2020,13,301,,,,,,
2020,13,303,20,20,20,0.0067069081,3,3
2020,13,305,68,68,68,0.013575564,1,1
2020,13,307,,,,,,
2020,13,309,,,,,,
2020,13,311,310,310,310,0.0504475183,1,1
2020,13,313,509,509,509,0.0249485345,1,1
2020,13,315,,,,,,
2020,13,317,,,,,,
2020,13,319,,,,,,
2020,13,321,17,17,17,0.0054002541,3,3
2020,15,001,,,,,,
2020,15,003,3089,3089,3089,0.0175072687,1,1
2020,15,005,,,,,,
2020,15,007,,,,,,
2020,15,009,,,,,,
2020,16,001,1700,1695,1705,0.0218750804,1,1
2020,16,003,,,,,,
2020,16,005,252,252,252,0.0181910056,1,1
2020,16,007,,,,,,
2020,16,009,62,62,62,0.0485893417,1,1
2020,16,011,163,162,164,0.0150786309,1,1
2020,16,013,82,81,83,0.0249391727,1,1
2020,16,015,39,39,39,0.0589123867,1,1
2020,16,017,151,151,151,0.0328046926,1,1
2020,16,019,335,334,336,0.0139845544,1,1
2020,16,021,127,127,127,0.0960665658,1,1
2020,16,023,,,,,,
2020,16,025,,,,,,
2020,16,027,1535,1534,1536,0.0401454127,1,1
2020,16,029,12,11,13,0.0077821012,3,3
2020,16,031,102,102,102,0.0189204229,1,1
2020,16,033,15,15,15,0.1282051282,3,3
2020,16,035,56,56,56,0.0550639135,1,1
2020,16,037,,,,,,
2020,16,039,32,32,32,0.0079860245,1,1
2020,16,041,32,32,32,0.0101943294,1,1
2020,16,043,31,31,31,0.0144387517,1,1
2020,16,045,93,93,93,0.0374848851,1,1
2020,16,047,125,123,127,0.039544448,1,1
2020,16,049,14,13,15,0.0084797093,3,3
2020,16,051,50,50,50,0.006569439,1,1
2020,16,053,110,110,110,0.022993311,1,1
2020,16,055,559,559,559,0.0277915879,1,1
2020,16,057,75,74,76,0.0197005516,1,1
2020,16,059,95,94,96,0.119047619,1,1
2020,16,061,76,76,76,0.1328671329,1,1
2020,16,063,37,37,37,0.0416197975,1,1
2020,16,065,72,72,72,0.0134078212,1,1
2020,16,067,61,61,61,0.0143428168,1,1
2020,16,069,194,194,194,0.0383247728,1,1
2020,16,071,27,27,27,0.003457549,3,3
2020,16,073,119,119,119,0.0501052632,1,1
2020,16,075,350,349,351,0.0814521759,1,1
2020,16,077,71,71,71,0.0466798159,1,1
2020,16,079,141,140,142,0.0901534527,1,1
2020,16,081,,,,,,
2020,16,083,486,486,486,0.0320474777,1,1
2020,16,085,32,32,32,0.0214046823,1,1
2020,16,087,45,44,46,0.0254381006,1,1
2020,17,001,87,85,89,0.0108519396,1,1
2020,17,003,141,141,141,0.2070484581,1,1
2020,17,005,36,36,36,0.0179015415,1,1
2020,17,007,77,77,77,0.0085148734,1,1
2020,17,009,18,18,18,0.0248618785,3,3
2020,17,011,77,76,78,0.017965469,1,1
2020,17,013,,,,,,
2020,17,015,,,,,,
2020,17,017,52,52,52,0.0245051838,1,1
2020,17,019,445,444,446,0.0195226814,1,1
2020,17,021,124,124,124,0.0244672455,1,1
2020,17,023,58,58,58,0.023838882,1,1
2020,17,025,217,217,217,0.0992226795,1,1
2020,17,027,113,111,115,0.0290115533,1,1
2020,17,029,152,151,153,0.0255204835,1,1
2020,17,031,15858,15846,15870,0.0228329371,1,1
2020,17,033,179,179,179,0.0652332362,1,1
2020,17,035,33,33,33,0.021086262,1,1
2020,17,037,195,195,195,0.0133552496,1,1
2020,17,039,29,29,29,0.0124892334,3,3
2020,17,041,59,59,59,0.0176488184,1,1
2020,17,043,1717,1715,1719,0.011929493,1,1
2020,17,045,167,167,167,0.0613294161,1,1
2020,17,047,29,29,29,0.0350241546,3,3
2020,17,049,150,150,150,0.0293542074,1,1
2020,17,051,190,190,190,0.0709219858,1,1
2020,17,053,43,43,43,0.0164435946,1,1
2020,17,055,397,397,397,0.0699929478,1,1
2020,17,057,136,136,136,0.0329617063,1,1
2020,17,059,48,48,48,0.0651289009,1,1
2020,17,061,164,164,164,0.0914158305,1,1
2020,17,063,60,56,64,0.0046772685,3,3
2020,17,065,188,188,188,0.1739130435,1,1
2020,17,067,83,83,83,0.0302478134,1,1
2020,17,069,60,60,60,0.1183431953,1,1
2020,17,071,,,,,,
2020,17,073,175,174,176,0.022048633,1,1
2020,17,075,31,28,34,0.0082424887,3,3
2020,17,077,315,315,315,0.0477200424,1,1
2020,17,079,20,20,20,0.0164744646,3,3
2020,17,081,408,406,410,0.0728311317,1,1
2020,17,083,53,53,53,0.0214922952,1,1
2020,17,085,,,,,,
2020,17,087,113,113,113,0.0656976744,1,1
2020,17,089,1206,1206,1206,0.0130761474,1,1
2020,17,091,345,345,345,0.020746888,1,1
2020,17,093,175,175,175,0.00671038,1,1
2020,17,095,78,78,78,0.0113851992,1,1
2020,17,097,1067,1058,1076,0.0094145674,1,1
2020,17,099,175,171,179,0.0131896292,1,1
2020,17,101,80,80,80,0.0378967314,1,1
2020,17,103,21,21,21,0.0061764706,3,3
2020,17,105,66,64,68,0.0134255492,2,2
2020,17,107,45,44,46,0.0190516511,1,1
2020,17,109,75,75,75,0.0241935484,1,1
2020,17,111,514,512,516,0.0079886853,1,1
2020,17,113,185,185,185,0.0083752094,1,1
2020,17,115,215,215,215,0.0136986301,1,1
2020,17,117,280,280,280,0.0369832255,1,1
2020,17,119,1132,1132,1132,0.029308961,1,1
2020,17,121,513,512,514,0.0803571429,1,1
2020,17,123,,,,,,
2020,17,125,104,104,104,0.0425183974,1,1
2020,17,127,88,88,88,0.0410447761,1,1
2020,17,129,,,,,,
2020,17,131,16,16,16,0.0060698027,3,3
2020,17,133,54,54,54,0.0108194751,1,1
2020,17,135,136,136,136,0.0342914776,1,1
2020,17,137,55,55,55,0.0139949109,1,1
2020,17,139,60,60,60,0.0362976407,1,1
2020,17,141,114,114,114,0.0138821237,1,1
2020,17,143,254,250,258,0.0098103588,1,1
2020,17,145,59,59,59,0.0226140284,1,1
2020,17,147,31,30,32,0.0149541727,2,2
2020,17,149,54,53,55,0.0234070221,1,1
2020,17,151,15,15,15,0.0306748466,3,3
2020,17,153,67,67,67,0.0825123153,1,1
2020,17,155,,,,,,
2020,17,157,172,172,172,0.0438104941,1,1
2020,17,159,109,109,109,0.0479331574,1,1
2020,17,161,95,94,96,0.0045860488,1,1
2020,17,163,1166,1165,1167,0.0310032173,1,1
2020,17,165,291,291,291,0.077724359,1,1
2020,17,167,261,259,263,0.0094681854,1,1
2020,17,169,13,13,13,0.0136411333,3,3
2020,17,171,11,11,11,0.0135970334,3,3
2020,17,173,49,49,49,0.0210300429,1,1
2020,17,175,11,11,11,0.0161290323,3,3
2020,17,177,208,206,210,0.0403491756,1,1
2020,17,179,165,165,165,0.0092421442,1,1
2020,17,181,177,177,177,0.0657503715,1,1
2020,17,183,285,284,286,0.0253130829,1,1
2020,17,185,145,145,145,0.0924155513,1,1
2020,17,187,63,63,63,0.0405144695,1,1
2020,17,189,56,55,57,0.0320549513,1,1
2020,17,191,81,81,81,0.0338770389,1,1
2020,17,193,257,257,257,0.1089906701,1,1
2020,17,195,130,130,130,0.0155242417,1,1
2020,17,197,1151,1145,1157,0.0108776804,1,1
2020,17,199,469,469,469,0.0480286738,1,1
2020,17,201,1634,1634,1634,0.0410171449,1,1
2020,17,203,42,39,45,0.0064417178,3,3
2020,18,001,91,91,91,0.021553766,1,1
2020,18,003,1283,1281,1285,0.0235941006,1,1
2020,18,005,354,354,354,0.0284223204,1,1
2020,18,007,10,10,10,0.0060938452,3,3
2020,18,009,,,,,,
2020,18,011,79,79,79,0.0063362207,1,1
2020,18,013,19,19,19,0.0110916521,3,3
2020,18,015,38,38,38,0.0155737705,1,1
2020,18,017,445,445,445,0.0677321157,1,1
2020,18,019,389,388,390,0.0203398693,1,1
2020,18,021,21,21,21,0.0051826259,3,3
2020,18,023,99,99,99,0.0191009068,1,1
2020,18,025,10,10,10,0.0071890726,3,3
2020,18,027,20,20,20,0.0044189129,3,3
2020,18,029,26,26,26,0.0033020066,3,3
2020,18,031,17,17,17,0.0042267529,3,3
2020,18,033,97,97,97,0.0173835125,1,1
2020,18,035,81,79,83,0.0063865016,2,2
2020,18,037,22,22,22,0.0034727703,3,3
2020,18,039,399,399,399,0.0114071702,1,1
2020,18,041,21,21,21,0.0064083003,3,3
2020,18,043,84,83,85,0.0069663294,1,1
2020,18,045,22,22,22,0.0089285714,3,3
2020,18,047,19,19,19,0.0044843049,3,3
2020,18,049,29,28,30,0.0119243421,3,3
2020,18,051,86,85,87,0.0178757015,1,1
2020,18,053,179,179,179,0.0170427497,1,1
2020,18,055,36,36,36,0.0076190476,1,1
2020,18,057,282,282,282,0.0046162157,1,1
2020,18,059,70,70,70,0.0051113545,1,1
2020,18,061,83,83,83,0.0160324512,1,1
2020,18,063,132,131,133,0.0042543591,1,1
2020,18,065,71,71,71,0.0141688286,1,1
2020,18,067,159,159,159,0.012380285,1,1
2020,18,069,28,28,28,0.005625879,3,3
2020,18,071,99,99,99,0.0138830459,1,1
2020,18,073,168,168,168,0.0356763644,1,1
2020,18,075,,,,,,
2020,18,077,57,57,57,0.0139980354,1,1
2020,18,079,259,259,259,0.0651572327,1,1
2020,18,081,406,406,406,0.0147588062,1,1
2020,18,083,63,63,63,0.015857035,1,1
2020,18,085,231,231,231,0.0202117421,1,1
2020,18,087,73,73,73,0.0142661716,1,1
2020,18,089,648,645,651,0.0088612961,1,1
2020,18,091,249,248,250,0.0150826822,1,1
2020,18,093,81,81,81,0.0138722384,1,1
2020,18,095,177,177,177,0.0117017057,1,1
2020,18,097,3705,3692,3718,0.0235444389,1,1
2020,18,099,62,62,62,0.0094946401,1,1
2020,18,101,,,,,,
2020,18,103,135,134,136,0.0275341628,1,1
2020,18,105,223,223,223,0.0163777908,1,1
2020,18,107,97,97,97,0.0161022576,1,1
2020,18,109,358,357,359,0.035459588,1,1
2020,18,111,,,,,,
2020,18,113,131,131,131,0.018878801,1,1
2020,18,115,10,10,10,0.0122699387,3,3
2020,18,117,20,20,20,0.009492169,3,3
2020,18,119,238,238,238,0.1074977416,1,1
2020,18,121,26,25,27,0.0117487573,3,3
2020,18,123,150,150,150,0.051510989,1,1
2020,18,125,24,24,24,0.0143971206,3,3
2020,18,127,265,265,265,0.0101981913,1,1
2020,18,129,36,36,36,0.010446895,1,1
2020,18,131,10,10,10,0.0087183958,3,3
2020,18,133,165,165,165,0.0321011673,1,1
2020,18,135,183,183,183,0.028782636,1,1
2020,18,137,68,68,68,0.0324427481,1,1
2020,18,139,39,39,39,0.0198979592,1,1
2020,18,141,482,480,484,0.0127459276,1,1
2020,18,143,43,43,43,0.0160089352,1,1
2020,18,145,62,61,63,0.011573642,1,1
2020,18,147,30,30,30,0.0092879257,1,1
2020,18,149,17,15,19,0.0052943008,3,3
2020,18,151,50,50,50,0.0141083521,1,1
2020,18,153,58,58,58,0.0188250568,1,1
2020,18,155,45,45,45,0.0308219178,1,1
2020,18,157,502,502,502,0.0213073005,1,1
2020,18,159,25,24,26,0.0113173382,3,3
2020,18,161,,,,,,
2020,18,163,388,388,388,0.0174845658,1,1
2020,18,165,41,41,41,0.0172124265,1,1
2020,18,167,190,190,190,0.0138949832,1,1
2020,18,169,39,39,39,0.007733492,1,1
2020,18,171,,,,,,
2020,18,173,24,24,24,0.0023956878,3,3
2020,18,175,79,79,79,0.024382716,1,1
2020,18,177,105,105,105,0.0109079576,1,1
2020,18,179,73,72,74,0.0148434323,1,1
2020,18,181,,,,,,
2020,18,183,39,38,40,0.0082557155,2,2
2020,19,001,,,,,,
2020,19,003,,,,,,
2020,19,005,,,,,,
2020,19,007,12,11,13,0.0068415051,3,3
2020,19,009,,,,,,
2020,19,011,39,39,39,0.0125040077,1,1
2020,19,013,293,291,295,0.0162976972,1,1
2020,19,015,32,31,33,0.0139616056,2,2
2020,19,017,,,,,,
2020,19,019,28,27,29,0.013559322,3,3
2020,19,021,270,269,271,0.0726001613,1,1
2020,19,023,,,,,,
2020,19,025,,,,,,
2020,19,027,,,,,,
2020,19,029,,,,,,
2020,19,031,12,10,14,0.0049180328,3,3
2020,19,033,106,106,106,0.0206910014,1,1
2020,19,035,,,,,,
2020,19,037,21,21,21,0.0204081633,3,3
2020,19,039,11,11,11,0.0082150859,3,3
2020,19,041,,,,,,
2020,19,043,,,,,,
2020,19,045,114,114,114,0.016426513,1,1
2020,19,047,,,,,,
2020,19,049,112,111,113,0.0055574852,1,1
2020,19,051,11,11,11,0.0087232355,3,3
2020,19,053,,,,,,
2020,19,055,12,11,13,0.0056764428,3,3
2020,19,057,99,99,99,0.0298282615,1,1
2020,19,059,33,33,33,0.0133010883,1,1
2020,19,061,313,313,313,0.0216653977,1,1
2020,19,063,,,,,,
2020,19,065,39,37,41,0.0118974985,3,3
2020,19,067,15,15,15,0.0091911765,3,3
2020,19,069,12,12,12,0.0095162569,3,3
2020,19,071,,,,,,
2020,19,073,10,10,10,0.0068870523,3,3
2020,19,075,,,,,,
2020,19,077,,,,,,
2020,19,079,,,,,,
2020,19,081,,,,,,
2020,19,083,,,,,,
2020,19,085,,,,,,
2020,19,087,,,,,,
2020,19,089,21,21,21,0.0196445276,3,3
2020,19,091,16,16,16,0.0105263158,3,3
2020,19,093,,,,,,
2020,19,095,15,15,15,0.0066283694,3,3
2020,19,097,44,43,45,0.023655914,1,1
2020,19,099,25,24,26,0.0053123672,3,3
2020,19,101,,,,,,
2020,19,103,298,298,298,0.0168200034,1,1
2020,19,105,23,22,24,0.0083212735,3,3
2020,19,107,10,9,11,0.0181488203,3,3
2020,19,109,,,,,,
2020,19,111,13,13,13,0.0035087719,3,3
2020,19,113,768,765,771,0.0217342087,1,1
2020,19,115,110,109,111,0.0529610014,1,1
2020,19,117,12,12,12,0.009561753,3,3
2020,19,119,,,,,,
2020,19,121,24,23,25,0.007573367,3,3
2020,19,123,32,32,32,0.0117690327,1,1
2020,19,125,38,37,39,0.008583691,2,2
2020,19,127,63,61,65,0.0091890315,2,2
2020,19,129,87,87,87,0.0427728614,1,1
2020,19,131,,,,,,
2020,19,133,,,,,,
2020,19,135,10,10,10,0.0083892617,3,3
2020,19,137,,,,,,
2020,19,139,15,15,15,0.0024557957,3,3
2020,19,141,,,,,,
2020,19,143,,,,,,
2020,19,145,15,15,15,0.0138888889,3,3
2020,19,147,,,,,,
2020,19,149,10,9,11,0.0029886432,3,3
2020,19,151,,,,,,
2020,19,153,1351,1351,1351,0.0174149555,1,1
2020,19,155,105,103,107,0.007383447,1,1
2020,19,157,,,,,,
2020,19,159,,,,,,
2020,19,161,,,,,,
2020,19,163,399,399,399,0.0142652842,1,1
2020,19,165,,,,,,
2020,19,167,26,25,27,0.0076650943,3,3
2020,19,169,187,186,188,0.0184965381,1,1
2020,19,171,36,36,36,0.0177777778,1,1
2020,19,173,,,,,,
2020,19,175,,,,,,
2020,19,177,16,16,16,0.0194410693,3,3
2020,19,179,205,205,205,0.0305878842,1,1
2020,19,181,25,25,25,0.0033521051,3,3
2020,19,183,160,160,160,0.04382361,1,1
2020,19,185,,,,,,
2020,19,187,69,68,70,0.0158839779,1,1
2020,19,189,,,,,,
2020,19,191,,,,,,
2020,19,193,205,203,207,0.0115623237,1,1
2020,19,195,,,,,,
2020,19,197,,,,,,
2020,20,001,,,,,,
2020,20,003,12,12,12,0.0101437025,3,3
2020,20,005,36,36,36,0.0219646126,1,1
2020,20,007,,,,,,
2020,20,009,,,,,,
2020,20,011,24,24,24,0.0131004367,3,3
2020,20,013,,,,,,
2020,20,015,71,69,73,0.0039948236,2,2
2020,20,017,,,,,,
2020,20,019,,,,,,
2020,20,021,53,53,53,0.0160654744,1,1
2020,20,023,,,,,,
2020,20,025,,,,,,
2020,20,027,,,,,,
2020,20,029,,,,,,
2020,20,031,60,60,60,0.0465838509,1,1
2020,20,033,,,,,,
2020,20,035,48,48,48,0.0090978014,1,1
2020,20,037,314,314,314,0.0503043896,1,1
2020,20,039,,,,,,
2020,20,041,25,23,27,0.0073142188,3,3
2020,20,043,,,,,,
2020,20,045,149,149,149,0.0102978782,1,1
2020,20,047,22,22,22,0.0753424658,3,3
2020,20,049,,,,,,
2020,20,051,20,20,20,0.0062092518,3,3
2020,20,053,,,,,,
2020,20,055,182,182,182,0.0219039596,1,1
2020,20,057,25,25,25,0.0033925906,3,3
2020,20,059,274,274,274,0.0654094056,1,1
2020,20,061,205,205,205,0.0291151825,1,1
2020,20,063,,,,,,
2020,20,065,,,,,,
2020,20,067,,,,,,
2020,20,069,10,9,11,0.0089285714,3,3
2020,20,071,,,,,,
2020,20,073,,,,,,
2020,20,075,,,,,,
2020,20,077,,,,,,
2020,20,079,65,63,67,0.0119749447,2,2
2020,20,081,44,44,44,0.0672782875,1,1
2020,20,083,,,,,,
2020,20,085,21,20,22,0.0147575545,3,3
2020,20,087,24,21,27,0.0081549439,3,3
2020,20,089,,,,,,
2020,20,091,598,598,598,0.0066197308,1,1
2020,20,093,,,,,,
2020,20,095,,,,,,
2020,20,097,,,,,,
2020,20,099,,,,,,
2020,20,101,,,,,,
2020,20,103,146,146,146,0.0133053859,1,1
2020,20,105,,,,,,
2020,20,107,19,19,19,0.0128552097,3,3
2020,20,109,,,,,,
2020,20,111,107,107,107,0.0205967276,1,1
2020,20,113,34,34,34,0.0108522183,1,1
2020,20,115,20,18,22,0.0149700599,3,3
2020,20,117,,,,,,
2020,20,119,,,,,,
2020,20,121,122,122,122,0.0117397998,1,1
2020,20,123,,,,,,
2020,20,125,11,11,11,0.0061315496,3,3
2020,20,127,16,15,17,0.0152380952,3,3
2020,20,129,26,26,26,0.0109151973,3,3
2020,20,131,,,,,,
2020,20,133,,,,,,
2020,20,135,,,,,,
2020,20,137,,,,,,
2020,20,139,21,20,22,0.0094509451,3,3
2020,20,141,,,,,,
2020,20,143,,,,,,
2020,20,145,,,,,,
2020,20,147,,,,,,
2020,20,149,,,,,,
2020,20,151,47,47,47,0.0354716981,1,1
2020,20,153,,,,,,
2020,20,155,70,69,71,0.0078882128,1,1
2020,20,157,,,,,,
2020,20,159,32,31,33,0.0226628895,2,2
2020,20,161,180,180,180,0.0244598451,1,1
2020,20,163,,,,,,
2020,20,165,,,,,,
2020,20,167,,,,,,
2020,20,169,157,156,158,0.0207809398,1,1
2020,20,171,,,,,,
2020,20,173,1333,1333,1333,0.0167672956,1,1
2020,20,175,135,134,136,0.0256361565,1,1
2020,20,177,334,334,334,0.0128195287,1,1
2020,20,179,,,,,,
2020,20,181,,,,,,
2020,20,183,,,,,,
2020,20,185,,,,,,
2020,20,187,15,15,15,0.032967033,3,3
2020,20,189,50,50,50,0.0425170068,1,1
2020,20,191,99,99,99,0.042838598,1,1
2020,20,193,,,,,,
2020,20,195,,,,,,
2020,20,197,,,,,,
2020,20,199,,,,,,
2020,20,201,,,,,,
2020,20,203,21,21,21,0.0512195122,3,3
2020,20,205,16,16,16,0.0223463687,3,3
2020,20,207,46,46,46,0.1036036036,1,1
2020,20,209,405,405,405,0.0129845148,1,1
2020,21,001,,,,,,
2020,21,003,,,,,,
2020,21,005,,,,,,
2020,21,007,15,15,15,0.013464991,3,3
2020,21,009,560,560,560,0.0681348096,1,1
2020,21,011,106,106,106,0.053481332,1,1
2020,21,013,453,453,453,0.1061387067,1,1
2020,21,015,173,172,174,0.0078379848,1,1
2020,21,017,214,214,214,0.0620289855,1,1
2020,21,019,198,198,198,0.0285631852,1,1
2020,21,021,58,58,58,0.0128120168,1,1
2020,21,023,10,10,10,0.0065402224,3,3
2020,21,025,263,263,263,0.1439518336,1,1
2020,21,027,60,60,60,0.0201139792,1,1
2020,21,029,382,382,382,0.0300196464,1,1
2020,21,031,,,,,,
2020,21,033,13,13,13,0.0069667738,3,3
2020,21,035,29,28,30,0.0060504903,3,3
2020,21,037,657,657,657,0.0585822559,1,1
2020,21,039,70,70,70,0.0904392765,1,1
2020,21,041,,,,,,
2020,21,043,258,258,258,0.0612681073,1,1
2020,21,045,,,,,,
2020,21,047,58,58,58,0.0070568196,1,1
2020,21,049,16,16,16,0.0030245747,3,3
2020,21,051,,,,,,
2020,21,053,55,55,55,0.0329736211,1,1
2020,21,055,38,38,38,0.0277169949,1,1
2020,21,057,59,59,59,0.0615866388,1,1
2020,21,059,70,70,70,0.0043837675,1,1
2020,21,061,22,22,22,0.0116094987,3,3
2020,21,063,,,,,,
2020,21,065,41,41,41,0.0179431072,1,1
2020,21,067,535,535,535,0.0129844914,1,1
2020,21,069,,,,,,
2020,21,071,23,23,23,0.0040266106,3,3
2020,21,073,121,121,121,0.0168900056,1,1
2020,21,075,10,10,10,0.0105932203,3,3
2020,21,077,182,182,182,0.1184895833,1,1
2020,21,079,,,,,,
2020,21,081,17,17,17,0.0049204052,3,3
2020,21,083,169,169,169,0.0284607612,1,1
2020,21,085,,,,,,
2020,21,087,,,,,,
2020,21,089,100,99,101,0.0166278683,1,1
2020,21,091,,,,,,
2020,21,093,109,109,109,0.0063634771,1,1
2020,21,095,1338,1338,1338,0.2985940638,1,1
2020,21,097,137,137,137,0.0482564283,1,1
2020,21,099,11,11,11,0.0048309179,3,3
2020,21,101,106,106,106,0.015048268,1,1
2020,21,103,131,131,131,0.0444218379,1,1
2020,21,105,,,,,,
2020,21,107,40,40,40,0.0061557402,1,1
2020,21,109,67,67,67,0.0326034063,1,1
2020,21,111,3953,3953,3953,0.0412152933,1,1
2020,21,113,324,324,324,0.039478494,1,1
2020,21,115,42,42,42,0.0102090423,1,1
2020,21,117,1253,1252,1254,0.0593838863,1,1
2020,21,119,388,388,388,0.1783088235,1,1
2020,21,121,,,,,,
2020,21,123,,,,,,
2020,21,125,60,60,60,0.0063938619,1,1
2020,21,127,428,428,428,0.1737012987,1,1
2020,21,129,145,145,145,0.1620111732,1,1
2020,21,131,127,127,127,0.0737514518,1,1
2020,21,133,492,492,492,0.1674608577,1,1
2020,21,135,,,,,,
2020,21,137,49,49,49,0.014084507,1,1
2020,21,139,23,23,23,0.0206834532,3,3
2020,21,141,101,101,101,0.0227733935,1,1
2020,21,143,21,21,21,0.0221285564,3,3
2020,21,145,189,189,189,0.0188022284,1,1
2020,21,147,,,,,,
2020,21,149,,,,,,
2020,21,151,34,33,35,0.0027942143,2,2
2020,21,153,72,72,72,0.036,1,1
2020,21,155,12,12,12,0.0037151703,3,3
2020,21,157,292,292,292,0.0636304206,1,1
2020,21,159,14,14,14,0.0076796489,3,3
2020,21,161,31,31,31,0.011684885,1,1
2020,21,163,137,137,137,0.0276265376,1,1
2020,21,165,51,51,51,0.0548977395,1,1
2020,21,167,101,101,101,0.0311248074,1,1
2020,21,169,,,,,,
2020,21,171,47,47,47,0.0257816786,1,1
2020,21,173,,,,,,
2020,21,175,20,20,20,0.0103519669,3,3
2020,21,177,,,,,,
2020,21,179,,,,,,
2020,21,181,263,263,263,0.2410632447,1,1
2020,21,183,44,44,44,0.0107843137,1,1
2020,21,185,10,10,10,0.0008054124,3,3
2020,21,187,13,13,13,0.0073696145,3,3
2020,21,189,,,,,,
2020,21,191,,,,,,
2020,21,193,497,497,497,0.1033264033,1,1
2020,21,195,332,332,332,0.0358841332,1,1
2020,21,197,,,,,,
2020,21,199,130,130,130,0.0131618913,1,1
2020,21,201,38,38,38,0.0850111857,1,1
2020,21,203,176,176,176,0.0644216691,1,1
2020,21,205,255,255,255,0.0766686711,1,1
2020,21,207,172,172,172,0.0578151261,1,1
2020,21,209,336,336,336,0.0355932203,1,1
2020,21,211,31,31,31,0.0044533831,1,1
2020,21,213,39,39,39,0.0129697373,1,1
2020,21,215,30,30,30,0.0095602294,1,1
2020,21,217,23,23,23,0.0058673469,3,3
2020,21,219,16,16,16,0.0082389289,3,3
2020,21,221,25,25,25,0.0129533679,3,3
2020,21,223,,,,,,
2020,21,225,,,,,,
2020,21,227,135,135,135,0.0064252058,1,1
2020,21,229,59,59,59,0.0347058824,1,1
2020,21,231,25,25,25,0.0079795723,3,3
2020,21,233,488,488,488,0.2235455795,1,1
2020,21,235,311,311,311,0.0433328689,1,1
2020,21,237,,,,,,
2020,21,239,83,83,83,0.0205751116,1,1
2020,22,001,154,154,154,0.0160366552,1,1
2020,22,003,82,82,82,0.0198019802,1,1
2020,22,005,48,48,48,0.0020730759,1,1
2020,22,007,89,89,89,0.0280580076,1,1
2020,22,009,39,38,40,0.0068625726,2,2
2020,22,011,91,91,91,0.0158730159,1,1
2020,22,013,17,17,17,0.0085858586,3,3
2020,22,015,153,153,153,0.0068209175,1,1
2020,22,017,1110,1110,1110,0.0307028462,1,1
2020,22,019,670,670,670,0.0222754172,1,1
2020,22,021,,,,,,
2020,22,023,490,490,490,0.4166666667,1,1
2020,22,025,,,,,,
2020,22,027,15,15,15,0.0091074681,3,3
2020,22,029,48,48,48,0.0147194112,1,1
2020,22,031,37,37,37,0.0076683938,1,1
2020,22,033,728,723,733,0.0115485897,1,1
2020,22,035,14,14,14,0.0167464115,3,3
2020,22,037,42,42,42,0.0249554367,1,1
2020,22,039,74,74,74,0.0129280224,1,1
2020,22,041,,,,,,
2020,22,043,126,126,126,0.0432395333,1,1
2020,22,045,39,39,39,0.0032989342,1,1
2020,22,047,146,145,147,0.0292175305,1,1
2020,22,049,10,10,10,0.0046794572,3,3
2020,22,051,469,468,470,0.0094686263,1,1
2020,22,053,276,276,276,0.0488236335,1,1
2020,22,055,662,659,665,0.0194774626,1,1
2020,22,057,490,489,491,0.0337605071,1,1
2020,22,059,306,306,306,0.1178736518,1,1
2020,22,061,47,47,47,0.0079526227,1,1
2020,22,063,40,40,40,0.0015572079,1,1
2020,22,065,14,14,14,0.0127041742,3,3
2020,22,067,57,57,57,0.0171325518,1,1
2020,22,069,117,117,117,0.0210242588,1,1
2020,22,071,2750,2746,2754,0.0571582973,1,1
2020,22,073,134,134,134,0.0050087841,1,1
2020,22,075,45,45,45,0.0112669004,1,1
2020,22,077,21,21,21,0.0077149155,3,3
2020,22,079,265,265,265,0.011885007,1,1
2020,22,081,73,73,73,0.0523672884,1,1
2020,22,083,19,19,19,0.0070474777,3,3
2020,22,085,35,35,35,0.0082683676,1,1
2020,22,087,39,39,39,0.0050381088,1,1
2020,22,089,18,18,18,0.0019027484,3,3
2020,22,091,,,,,,
2020,22,093,23,23,23,0.0064734028,3,3
2020,22,095,29,29,29,0.0051702621,3,3
2020,22,097,111,111,111,0.0086806913,1,1
2020,22,099,53,53,53,0.0071660357,1,1
2020,22,101,148,148,148,0.0187081279,1,1
2020,22,103,391,391,391,0.0106192287,1,1
2020,22,105,104,104,104,0.0053199652,1,1
2020,22,107,,,,,,
2020,22,109,379,379,379,0.0228823281,1,1
2020,22,111,25,25,25,0.0087047354,3,3
2020,22,113,101,101,101,0.0106137032,1,1
2020,22,115,24,24,24,0.0029538462,3,3
2020,22,117,34,34,34,0.0049591599,1,1
2020,22,119,61,61,61,0.0107017544,1,1
2020,22,121,46,46,46,0.0131654264,1,1
2020,22,123,,,,,,
2020,22,125,29,29,29,0.0136022514,3,3
2020,22,127,38,38,38,0.0191628845,1,1
2020,23,001,270,269,271,0.0169003505,1,1
2020,23,003,73,72,74,0.012102122,1,1
2020,23,005,579,575,583,0.017865959,1,1
2020,23,007,15,14,16,0.0054190751,3,3
2020,23,009,55,53,57,0.0132498193,2,2
2020,23,011,247,246,248,0.0173054018,1,1
2020,23,013,79,77,81,0.0154841239,2,2
2020,23,015,27,19,35,0.0075609073,3,3
2020,23,017,120,120,120,0.0141492748,1,1
2020,23,019,209,206,212,0.0114646188,1,1
2020,23,021,,,,,,
2020,23,023,64,64,64,0.0152781093,1,1
2020,23,025,60,59,61,0.0092735703,1,1
2020,23,027,54,54,54,0.0177281681,1,1
2020,23,029,,,,,,
2020,23,031,304,303,305,0.0120658861,1,1
2020,24,001,59,59,59,0.0073065015,1,1
2020,24,003,905,904,906,0.0108942952,1,1
2020,24,005,1828,1828,1828,0.0164560153,1,1
2020,24,009,126,126,126,0.0082396024,1,1
2020,24,011,80,80,80,0.014406627,1,1
2020,24,013,92,92,92,0.0037447086,1,1
2020,24,015,471,471,471,0.0320016307,1,1
2020,24,017,644,644,644,0.0240585774,1,1
2020,24,019,61,61,61,0.0130845131,1,1
2020,24,021,812,812,812,0.0187871636,1,1
2020,24,023,58,58,58,0.0158991228,1,1
2020,24,025,338,338,338,0.0090536523,1,1
2020,24,027,394,394,394,0.0068769309,1,1
2020,24,029,142,142,142,0.0783664459,1,1
2020,24,031,660,660,660,0.0041105105,1,1
2020,24,033,631,631,631,0.0047931574,1,1
2020,24,035,199,199,199,0.0269100744,1,1
2020,24,037,177,177,177,0.0102632494,1,1
2020,24,039,65,65,65,0.0230660043,1,1
2020,24,041,171,171,171,0.0377984085,1,1
2020,24,043,698,698,698,0.0318154884,1,1
2020,24,045,435,435,435,0.0303051414,1,1
2020,24,047,160,160,160,0.0238414543,1,1
2020,24,510,2620,2620,2620,0.0334785775,1,1
2020,25,001,299,295,303,0.0134460584,1,1
2020,25,003,184,179,189,0.0135105368,2,2
2020,25,005,2055,2053,2057,0.0266737624,1,1
2020,25,007,12,10,14,0.0058280719,3,3
2020,25,009,2342,2333,2351,0.0219567989,1,1
2020,25,011,156,151,161,0.021343549,2,2
2020,25,013,2191,2188,2194,0.031972799,1,1
2020,25,015,140,137,143,0.0089491179,1,1
2020,25,017,3362,3354,3370,0.016346972,1,1
2020,25,019,,,,,,
2020,25,021,739,735,743,0.0075730404,1,1
2020,25,023,1024,1014,1034,0.0129745071,1,1
2020,25,025,4827,4826,4828,0.0618338799,1,1
2020,25,027,3535,3524,3546,0.0294019795,1,1
2020,26,001,20,20,20,0.0303030303,3,3
2020,26,003,24,23,25,0.0252631579,3,3
2020,26,005,461,461,461,0.0263880939,1,1
2020,26,007,170,170,170,0.0455764075,1,1
2020,26,009,176,176,176,0.0602946214,1,1
2020,26,011,83,83,83,0.0445996776,1,1
2020,26,013,60,60,60,0.0671892497,1,1
2020,26,015,248,248,248,0.0292383872,1,1
2020,26,017,394,394,394,0.0290004416,1,1
2020,26,019,120,120,120,0.0676056338,1,1
2020,26,021,776,776,776,0.0313294844,1,1
2020,26,023,461,461,461,0.0673878088,1,1
2020,26,025,504,503,505,0.0261763789,1,1
2020,26,027,275,275,275,0.0428549166,1,1
2020,26,029,170,170,170,0.0463847203,1,1
2020,26,031,127,126,128,0.0499213836,1,1
2020,26,033,139,135,143,0.0305965221,2,2
2020,26,035,172,172,172,0.0450143941,1,1
2020,26,037,207,206,208,0.0190977027,1,1
2020,26,039,48,48,48,0.02946593,1,1
2020,26,041,130,130,130,0.0284526155,1,1
2020,26,043,72,72,72,0.0203792811,1,1
2020,26,045,426,426,426,0.0247343668,1,1
2020,26,047,102,101,103,0.0237374913,1,1
2020,26,049,714,714,714,0.0118435458,1,1
2020,26,051,40,40,40,0.0158165283,1,1
2020,26,053,49,49,49,0.0324718357,1,1
2020,26,055,488,488,488,0.040022964,1,1
2020,26,057,134,134,134,0.0247415066,1,1
2020,26,059,486,486,486,0.0864153627,1,1
2020,26,061,66,64,68,0.0126630852,2,2
2020,26,063,85,84,86,0.0189520624,1,1
2020,26,065,553,552,554,0.0136847315,1,1
2020,26,067,177,177,177,0.0224078997,1,1
2020,26,069,283,283,283,0.0770277627,1,1
2020,26,071,23,22,24,0.0185633575,3,3
2020,26,073,174,174,174,0.0277511962,1,1
2020,26,075,943,942,944,0.0411772412,1,1
2020,26,077,1099,1098,1100,0.0318532259,1,1
2020,26,079,85,85,85,0.0441558442,1,1
2020,26,081,1417,1412,1422,0.0142730514,1,1
2020,26,083,,,,,,
2020,26,085,55,55,55,0.1208791209,1,1
2020,26,087,218,216,220,0.0194590735,1,1
2020,26,089,97,96,98,0.0489157842,1,1
2020,26,091,408,407,409,0.0275601189,1,1
2020,26,093,208,208,208,0.0084769939,1,1
2020,26,095,30,30,30,0.0537634409,1,1
2020,26,097,97,96,98,0.0856134157,1,1
2020,26,099,909,909,909,0.0078819357,1,1
2020,26,101,269,269,269,0.0445659377,1,1
2020,26,103,144,142,146,0.0182186235,1,1
2020,26,105,212,212,212,0.0498237368,1,1
2020,26,107,118,118,118,0.0215840498,1,1
2020,26,109,153,153,153,0.0418032787,1,1
2020,26,111,212,212,212,0.018724607,1,1
2020,26,113,133,133,133,0.0615455807,1,1
2020,26,115,417,417,417,0.0186352058,1,1
2020,26,117,402,402,402,0.0385611511,1,1
2020,26,119,46,46,46,0.0678466077,1,1
2020,26,121,777,777,777,0.0290913175,1,1
2020,26,123,515,515,515,0.0698778833,1,1
2020,26,125,1453,1451,1455,0.0084625823,1,1
2020,26,127,142,141,143,0.0482173175,1,1
2020,26,129,114,114,114,0.0555826426,1,1
2020,26,131,,,,,,
2020,26,133,139,139,139,0.038113518,1,1
2020,26,135,59,59,59,0.07375,1,1
2020,26,137,64,63,65,0.0177876598,1,1
2020,26,139,753,753,753,0.017162002,1,1
2020,26,141,71,71,71,0.0569823435,1,1
2020,26,143,159,158,160,0.0537889039,1,1
2020,26,145,462,462,462,0.017107943,1,1
2020,26,147,437,436,438,0.0173640084,1,1
2020,26,149,407,406,408,0.0410779168,1,1
2020,26,151,255,255,255,0.0426136364,1,1
2020,26,153,24,24,24,0.0339943343,3,3
2020,26,155,301,301,301,0.0284525948,1,1
2020,26,157,232,232,232,0.0324520912,1,1
2020,26,159,433,433,433,0.0305165974,1,1
2020,26,161,824,822,826,0.0193813948,1,1
2020,26,163,3568,3542,3594,0.0141466045,1,1
2020,26,165,399,399,399,0.0530232558,1,1
2020,27,001,,,,,,
2020,27,003,1249,1248,1250,0.0202486909,1,1
2020,27,005,80,80,80,0.0182107899,1,1
2020,27,007,384,383,385,0.0516545601,1,1
2020,27,009,17,17,17,0.0026479751,3,3
2020,27,011,,,,,,
2020,27,013,185,185,185,0.0191511387,1,1
2020,27,015,34,34,34,0.0127102804,1,1
2020,27,017,15,15,15,0.0054724553,3,3
2020,27,019,65,65,65,0.0048023642,1,1
2020,27,021,43,43,43,0.0344551282,1,1
2020,27,023,,,,,,
2020,27,025,15,15,15,0.0025510204,3,3
2020,27,027,173,173,173,0.0212452413,1,1
2020,27,029,15,15,15,0.0109569028,3,3
2020,27,031,,,,,,
2020,27,033,,,,,,
2020,27,035,47,45,49,0.0059758423,2,2
2020,27,037,575,574,576,0.0083152567,1,1
2020,27,039,30,30,30,0.0103412616,1,1
2020,27,041,30,30,30,0.0061211998,1,1
2020,27,043,,,,,,
2020,27,045,,,,,,
2020,27,047,,,,,,
2020,27,049,42,41,43,0.0082272282,1,1
2020,27,051,,,,,,
2020,27,053,3250,3244,3256,0.0226308936,1,1
2020,27,055,11,11,11,0.0076495132,3,3
2020,27,057,,,,,,
2020,27,059,,,,,,
2020,27,061,159,159,159,0.0594170404,1,1
2020,27,063,,,,,,
2020,27,065,30,30,30,0.0190597205,1,1
2020,27,067,51,51,51,0.008660214,1,1
2020,27,069,,,,,,
2020,27,071,,,,,,
2020,27,073,10,10,10,0.0128040973,3,3
2020,27,075,20,20,20,0.0148698885,3,3
2020,27,077,,,,,,
2020,27,079,43,43,43,0.0129245567,1,1
2020,27,081,,,,,,
2020,27,083,23,22,24,0.0083393764,3,3
2020,27,085,28,27,29,0.0063593005,3,3
2020,27,087,40,40,40,0.0294985251,1,1
2020,27,089,,,,,,
2020,27,091,82,81,83,0.0411233701,1,1
2020,27,093,10,9,11,0.0030487805,3,3
2020,27,095,60,60,60,0.0101660454,1,1
2020,27,097,13,13,13,0.0039382005,3,3
2020,27,099,33,33,33,0.0065554231,1,1
2020,27,101,15,15,15,0.0138121547,3,3
2020,27,103,26,25,27,0.0115095175,3,3
2020,27,105,28,28,28,0.0083234245,3,3
2020,27,107,,,,,,
2020,27,109,405,405,405,0.0185320765,1,1
2020,27,111,,,,,,
2020,27,113,21,21,21,0.0109717868,3,3
2020,27,115,56,56,56,0.0172999691,1,1
2020,27,117,,,,,,
2020,27,119,56,55,57,0.0156206416,1,1
2020,27,121,,,,,,
2020,27,123,1497,1496,1498,0.019193292,1,1
2020,27,125,,,,,,
2020,27,127,,,,,,
2020,27,129,,,,,,
2020,27,131,52,52,52,0.015485408,1,1
2020,27,133,,,,,,
2020,27,135,,,,,,
2020,27,137,346,345,347,0.0198713531,1,1
2020,27,139,86,86,86,0.0035039113,1,1
2020,27,141,65,65,65,0.0033680502,1,1
2020,27,143,31,31,31,0.0177752294,1,1
2020,27,145,513,510,516,0.0233691691,1,1
2020,27,147,67,67,67,0.0135875076,1,1
2020,27,149,,,,,,
2020,27,151,,,,,,
2020,27,153,70,70,70,0.0367068694,1,1
2020,27,155,,,,,,
2020,27,157,22,20,24,0.0045633686,3,3
2020,27,159,,,,,,
2020,27,161,31,29,33,0.0091337655,3,3
2020,27,163,251,250,252,0.0067614891,1,1
2020,27,165,22,22,22,0.0133252574,3,3
2020,27,167,,,,,,
2020,27,169,11,10,12,0.0029239766,3,3
2020,27,171,38,37,39,0.002210459,2,2
2020,27,173,,,,,,
2020,28,001,79,79,79,0.0274782609,1,1
2020,28,003,201,201,201,0.0354622442,1,1
2020,28,005,29,29,29,0.0348139256,3,3
2020,28,007,,,,,,
2020,28,009,,,,,,
2020,28,011,137,136,138,0.0282357791,1,1
2020,28,013,35,35,35,0.0155141844,1,1
2020,28,015,,,,,,
2020,28,017,13,13,13,0.0057496683,3,3
2020,28,019,,,,,,
2020,28,021,12,12,12,0.0090497738,3,3
2020,28,023,,,,,,
2020,28,025,,,,,,
2020,28,027,28,28,28,0.0109076743,3,3
2020,28,029,38,38,38,0.010193133,1,1
2020,28,031,14,14,14,0.0052890064,3,3
2020,28,033,142,142,142,0.0041682567,1,1
2020,28,035,205,205,205,0.0194331216,1,1
2020,28,037,,,,,,
2020,28,039,48,48,48,0.012490242,1,1
2020,28,041,,,,,,
2020,28,043,,,,,,
2020,28,045,142,142,142,0.0243902439,1,1
2020,28,047,1076,1076,1076,0.0348761831,1,1
2020,28,049,2985,2985,2985,0.0943694477,1,1
2020,28,051,,,,,,
2020,28,053,22,22,22,0.0158730159,3,3
2020,28,055,,,,,,
2020,28,057,26,26,26,0.007696862,3,3
2020,28,059,296,296,296,0.0131409545,1,1
2020,28,061,,,,,,
2020,28,063,,,,,,
2020,28,065,15,15,15,0.0118110236,3,3
2020,28,067,59,59,59,0.0054098661,1,1
2020,28,069,,,,,,
2020,28,071,32,32,32,0.0043889727,1,1
2020,28,073,86,86,86,0.0083511361,1,1
2020,28,075,72,72,72,0.006779661,1,1
2020,28,077,,,,,,
2020,28,079,12,12,12,0.0045836516,3,3
2020,28,081,494,494,494,0.033919253,1,1
2020,28,083,125,125,125,0.0300408556,1,1
2020,28,085,14,14,14,0.0026027143,3,3
2020,28,087,76,76,76,0.0089781453,1,1
2020,28,089,15,15,15,0.0011549122,3,3
2020,28,091,26,26,26,0.0072686609,3,3
2020,28,093,54,54,54,0.0139318885,1,1
2020,28,095,22,22,22,0.0046560847,3,3
2020,28,097,15,15,15,0.012489592,3,3
2020,28,099,18,18,18,0.004707113,3,3
2020,28,101,,,,,,
2020,28,103,53,53,53,0.0375088464,1,1
2020,28,105,39,39,39,0.0079494497,1,1
2020,28,107,,,,,,
2020,28,109,26,25,27,0.0052303359,3,3
2020,28,111,30,29,31,0.0203114421,2,2
2020,28,113,24,24,24,0.0062548866,3,3
2020,28,115,32,32,32,0.0055267703,1,1
2020,28,117,12,12,12,0.0052816901,3,3
2020,28,119,,,,,,
2020,28,121,35,35,35,0.0015611758,1,1
2020,28,123,,,,,,
2020,28,125,177,177,177,0.2587719298,1,1
2020,28,127,70,70,70,0.0221029365,1,1
2020,28,129,,,,,,
2020,28,131,,,,,,
2020,28,133,28,28,28,0.0088917117,3,3
2020,28,135,74,74,74,0.0474663246,1,1
2020,28,137,25,25,25,0.006626027,3,3
2020,28,139,,,,,,
2020,28,141,,,,,,
2020,28,143,13,13,13,0.0073198198,3,3
2020,28,145,,,,,,
2020,28,147,,,,,,
2020,28,149,125,125,125,0.0172747374,1,1
2020,28,151,73,73,73,0.014117192,1,1
2020,28,153,24,24,24,0.0081995217,3,3
2020,28,155,,,,,,
2020,28,157,,,,,,
2020,28,159,,,,,,
2020,28,161,,,,,,
2020,28,163,299,299,299,0.0842728298,1,1
2020,29,001,53,53,53,0.0216680294,1,1
2020,29,003,,,,,,
2020,29,005,,,,,,
2020,29,007,105,105,105,0.0317604356,1,1
2020,29,009,217,217,217,0.0342812006,1,1
2020,29,011,35,35,35,0.0240715268,1,1
2020,29,013,26,22,30,0.0106252554,3,3
2020,29,015,146,146,146,0.0615514334,1,1
2020,29,017,62,62,62,0.0398713826,1,1
2020,29,019,233,232,234,0.0098221061,1,1
2020,29,021,329,329,329,0.028930707,1,1
2020,29,023,132,132,132,0.0198257735,1,1
2020,29,025,53,52,54,0.0366782007,1,1
2020,29,027,73,73,73,0.0181321411,1,1
2020,29,029,488,487,489,0.1009307135,1,1
2020,29,031,232,232,232,0.0231675654,1,1
2020,29,033,38,38,38,0.0454002389,1,1
2020,29,035,119,119,119,0.1075949367,1,1
2020,29,037,440,439,441,0.0256514895,1,1
2020,29,039,53,53,53,0.0257531584,1,1
2020,29,041,22,21,23,0.0396396396,3,3
2020,29,043,260,260,260,0.0167385566,1,1
2020,29,045,,,,,,
2020,29,047,948,948,948,0.023003567,1,1
2020,29,049,87,87,87,0.0219475277,1,1
2020,29,051,152,152,152,0.0127292522,1,1
2020,29,053,60,59,61,0.0284900285,1,1
2020,29,055,97,97,97,0.0305800757,1,1
2020,29,057,,,,,,
2020,29,059,72,72,72,0.0423280423,1,1
2020,29,061,,,,,,
2020,29,063,,,,,,
2020,29,065,47,47,47,0.0285367335,1,1
2020,29,067,,,,,,
2020,29,069,53,53,53,0.0141032464,1,1
2020,29,071,446,446,446,0.0300964977,1,1
2020,29,073,123,123,123,0.0452039691,1,1
2020,29,075,,,,,,
2020,29,077,2105,2105,2105,0.0577677763,1,1
2020,29,079,25,25,25,0.0203086921,3,3
2020,29,081,,,,,,
2020,29,083,94,94,94,0.0353250658,1,1
2020,29,085,40,39,41,0.0439077936,2,2
2020,29,087,,,,,,
2020,29,089,41,40,42,0.0279481936,1,1
2020,29,091,196,195,197,0.0381397159,1,1
2020,29,093,15,15,15,0.0106609808,3,3
2020,29,095,3650,3649,3651,0.0348225956,1,1
2020,29,097,1095,1095,1095,0.0503263168,1,1
2020,29,099,733,733,733,0.0219434798,1,1
2020,29,101,420,420,420,0.0570342205,1,1
2020,29,103,,,,,,
2020,29,105,347,347,347,0.0602744485,1,1
2020,29,107,182,180,184,0.0355191257,1,1
2020,29,109,262,262,262,0.0468945767,1,1
2020,29,111,32,32,32,0.0226950355,1,1
2020,29,113,133,132,134,0.0142933907,1,1
2020,29,115,37,36,38,0.0192307692,2,2
2020,29,117,30,29,31,0.0160427807,2,2
2020,29,119,95,95,95,0.0267454955,1,1
2020,29,121,18,16,20,0.0099722992,3,3
2020,29,123,19,19,19,0.0097137014,3,3
2020,29,125,,,,,,
2020,29,127,148,148,148,0.0308076603,1,1
2020,29,129,,,,,,
2020,29,131,46,44,48,0.0090622537,2,2
2020,29,133,150,150,150,0.0806451613,1,1
2020,29,135,37,36,38,0.01797862,2,2
2020,29,137,16,15,17,0.0137812231,3,3
2020,29,139,48,48,48,0.032366824,1,1
2020,29,141,150,150,150,0.0737463127,1,1
2020,29,143,70,68,72,0.0286064569,2,2
2020,29,145,247,247,247,0.0300012146,1,1
2020,29,147,,,,,,
2020,29,149,67,66,68,0.0451178451,1,1
2020,29,151,17,17,17,0.0120824449,3,3
2020,29,153,39,39,39,0.0338835795,1,1
2020,29,155,16,16,16,0.0157946693,3,3
2020,29,157,115,115,115,0.0541431262,1,1
2020,29,159,946,945,947,0.1429218915,1,1
2020,29,161,95,95,95,0.0160500084,1,1
2020,29,163,95,95,95,0.0376834589,1,1
2020,29,165,245,244,246,0.0139944022,1,1
2020,29,167,146,145,147,0.0295426953,1,1
2020,29,169,141,141,141,0.0178707224,1,1
2020,29,171,,,,,,
2020,29,173,22,22,22,0.0291005291,3,3
2020,29,175,310,310,310,0.0928978124,1,1
2020,29,177,30,29,31,0.0154878678,2,2
2020,29,179,19,19,19,0.0281481481,3,3
2020,29,181,72,71,73,0.0436893204,1,1
2020,29,183,647,647,647,0.0110424631,1,1
2020,29,185,17,17,17,0.0188888889,3,3
2020,29,186,39,39,39,0.0213933077,1,1
2020,29,187,416,416,416,0.040107983,1,1
2020,29,189,6518,6518,6518,0.0483333951,1,1
2020,29,195,262,260,264,0.0734304933,1,1
2020,29,197,10,10,10,0.0173010381,3,3
2020,29,199,,,,,,
2020,29,201,111,110,112,0.0184201792,1,1
2020,29,203,59,59,59,0.0498732037,1,1
2020,29,205,,,,,,
2020,29,207,105,104,106,0.0242718447,1,1
2020,29,209,210,209,211,0.0608872137,1,1
2020,29,211,38,38,38,0.0586419753,1,1
2020,29,213,931,931,931,0.1227908204,1,1
2020,29,215,93,93,93,0.0266934558,1,1
2020,29,217,119,119,119,0.0470355731,1,1
2020,29,219,244,244,244,0.051163766,1,1
2020,29,221,228,227,229,0.0668425682,1,1
2020,29,223,,,,,,
2020,29,225,293,293,293,0.045035352,1,1
2020,29,227,,,,,,
2020,29,229,137,137,137,0.0479859895,1,1
2020,29,510,4054,4054,4054,0.1389069728,1,1
2020,30,001,,,,,,
2020,30,003,467,467,467,0.1925773196,1,1
2020,30,005,96,95,97,0.2152466368,1,1
2020,30,007,,,,,,
2020,30,009,,,,,,
2020,30,011,,,,,,
2020,30,013,543,543,543,0.0529756098,1,1
2020,30,015,,,,,,
2020,30,017,,,,,,
2020,30,019,,,,,,
2020,30,021,13,13,13,0.0117647059,3,3
2020,30,023,42,42,42,0.0405014465,1,1
2020,30,025,,,,,,
2020,30,027,,,,,,
2020,30,029,544,541,547,0.0433846399,1,1
2020,30,031,188,184,192,0.0154898245,1,1
2020,30,033,,,,,,
2020,30,035,237,237,237,0.1183225162,1,1
2020,30,037,,,,,,
2020,30,039,,,,,,
2020,30,041,28,27,29,0.0122591944,3,3
2020,30,043,,,,,,
2020,30,045,,,,,,
2020,30,047,332,332,332,0.083774918,1,1
2020,30,049,280,278,282,0.0297587416,1,1
2020,30,051,,,,,,
2020,30,053,34,34,34,0.0217252396,1,1
2020,30,055,,,,,,
2020,30,057,,,,,,
2020,30,059,,,,,,
2020,30,061,66,66,66,0.0980683507,1,1
2020,30,063,481,480,482,0.0364919202,1,1
2020,30,065,19,19,19,0.0373280943,3,3
2020,30,067,45,45,45,0.0348567002,1,1
2020,30,069,,,,,,
2020,30,071,,,,,,
2020,30,073,17,17,17,0.0262345679,3,3
2020,30,075,,,,,,
2020,30,077,13,13,13,0.0241635688,3,3
2020,30,079,,,,,,
2020,30,081,89,89,89,0.0185146661,1,1
2020,30,083,18,18,18,0.0137509549,3,3
2020,30,085,248,245,251,0.1197489136,1,1
2020,30,087,279,275,283,0.2522603978,1,1
2020,30,089,,,,,,
2020,30,091,,,,,,
2020,30,093,134,134,134,0.0316934721,1,1
2020,30,095,,,,,,
2020,30,097,,,,,,
2020,30,099,,,,,,
2020,30,101,25,25,25,0.0560538117,3,3
2020,30,103,,,,,,
2020,30,105,25,24,26,0.0283446712,3,3
2020,30,107,,,,,,
2020,30,109,,,,,,
2020,30,111,455,454,456,0.0218214954,1,1
2020,31,001,148,148,148,0.0403050109,1,1
2020,31,003,,,,,,
2020,31,005,,,,,,
2020,31,007,,,,,,
2020,31,009,,,,,,
2020,31,011,,,,,,
2020,31,013,,,,,,
2020,31,015,,,,,,
2020,31,017,,,,,,
2020,31,019,97,96,98,0.0144905886,1,1
2020,31,021,,,,,,
2020,31,023,,,,,,
2020,31,025,,,,,,
2020,31,027,,,,,,
2020,31,029,,,,,,
2020,31,031,,,,,,
2020,31,033,,,,,,
2020,31,035,14,14,14,0.0204978038,3,3
2020,31,037,,,,,,
2020,31,039,,,,,,
2020,31,041,,,,,,
2020,31,043,19,19,19,0.0050883771,3,3
2020,31,045,,,,,,
2020,31,047,361,360,362,0.0895115299,1,1
2020,31,049,,,,,,
2020,31,051,,,,,,
2020,31,053,72,72,72,0.0147904684,1,1
2020,31,055,1146,1146,1146,0.0135065058,1,1
2020,31,057,,,,,,
2020,31,059,,,,,,
2020,31,061,,,,,,
2020,31,063,,,,,,
2020,31,065,,,,,,
2020,31,067,,,,,,
2020,31,069,,,,,,
2020,31,071,,,,,,
2020,31,073,,,,,,
2020,31,075,,,,,,
2020,31,077,,,,,,
2020,31,079,98,98,98,0.0098790323,1,1
2020,31,081,,,,,,
2020,31,083,,,,,,
2020,31,085,,,,,,
2020,31,087,,,,,,
2020,31,089,,,,,,
2020,31,091,,,,,,
2020,31,093,,,,,,
2020,31,095,,,,,,
2020,31,097,,,,,,
2020,31,099,,,,,,
2020,31,101,,,,,,
2020,31,103,,,,,,
2020,31,105,,,,,,
2020,31,107,,,,,,
2020,31,109,185,185,185,0.0044392187,1,1
2020,31,111,46,46,46,0.0117376882,1,1
2020,31,113,,,,,,
2020,31,115,,,,,,
2020,31,117,,,,,,
2020,31,119,,,,,,
2020,31,121,,,,,,
2020,31,123,,,,,,
2020,31,125,,,,,,
2020,31,127,,,,,,
2020,31,129,,,,,,
2020,31,131,,,,,,
2020,31,133,,,,,,
2020,31,135,,,,,,
2020,31,137,,,,,,
2020,31,139,,,,,,
2020,31,141,14,13,15,0.0027553631,3,3
2020,31,143,,,,,,
2020,31,145,,,,,,
2020,31,147,,,,,,
2020,31,149,,,,,,
2020,31,151,121,121,121,0.0586524479,1,1
2020,31,153,135,135,135,0.0063628223,1,1
2020,31,155,,,,,,
2020,31,157,41,41,41,0.0076165707,1,1
2020,31,159,,,,,,
2020,31,161,,,,,,
2020,31,163,,,,,,
2020,31,165,,,,,,
2020,31,167,,,,,,
2020,31,169,,,,,,
2020,31,171,,,,,,
2020,31,173,,,,,,
2020,31,175,,,,,,
2020,31,177,,,,,,
2020,31,179,,,,,,
2020,31,181,,,,,,
2020,31,183,,,,,,
2020,31,185,12,12,12,0.0080482897,3,3
2020,32,001,123,123,123,0.037881121,1,1
2020,32,003,10688,10688,10688,0.0334740614,1,1
2020,32,005,119,119,119,0.022037037,1,1
2020,32,007,143,143,143,0.0148834305,1,1
2020,32,009,,,,,,
2020,32,011,15,15,15,0.0462962963,3,3
2020,32,013,97,97,97,0.0293405929,1,1
2020,32,015,28,28,28,0.0272638754,3,3
2020,32,017,31,31,31,0.0349887133,1,1
2020,32,019,342,342,342,0.0387623257,1,1
2020,32,021,35,35,35,0.0611888112,1,1
2020,32,023,315,315,315,0.0583982202,1,1
2020,32,027,46,46,46,0.0716510903,1,1
2020,32,029,,,,,,
2020,32,031,1703,1703,1703,0.0262048378,1,1
2020,32,033,45,45,45,0.0366449511,1,1
2020,32,510,1434,1434,1434,0.0234854813,1,1
2020,33,001,192,191,193,0.0230105465,1,1
2020,33,003,178,176,180,0.0349019608,1,1
2020,33,005,137,134,140,0.0184935205,1,1
2020,33,007,89,87,91,0.0262150221,1,1
2020,33,009,151,142,160,0.0183096884,3,3
2020,33,011,1256,1250,1262,0.025038874,1,1
2020,33,013,250,248,252,0.0141450719,1,1
2020,33,015,428,421,435,0.0113609216,1,1
2020,33,017,358,357,359,0.0260401513,1,1
2020,33,019,102,100,104,0.0220683687,1,1
2020,34,001,552,548,556,0.0133659411,1,1
2020,34,003,464,448,480,0.0048652106,2,2
2020,34,005,635,630,640,0.0099539142,1,1
2020,34,007,1094,1089,1099,0.0143794114,1,1
2020,34,009,359,357,361,0.032400722,1,1
2020,34,011,509,504,514,0.0183449867,1,1
2020,34,013,1210,1206,1214,0.0101219655,1,1
2020,34,015,573,572,574,0.0140499718,1,1
2020,34,017,462,459,465,0.0062767475,1,1
2020,34,019,10,4,16,0.0009584971,3,3
2020,34,021,460,459,461,0.0091942995,1,1
2020,34,023,928,927,929,0.0075611286,1,1
2020,34,025,626,612,640,0.0081393837,1,1
2020,34,027,228,221,235,0.004311649,2,2
2020,34,029,591,587,595,0.0090917482,1,1
2020,34,031,533,530,536,0.0070555842,1,1
2020,34,033,233,232,234,0.0246979012,1,1
2020,34,035,226,223,229,0.0062053817,1,1
2020,34,037,97,88,106,0.0061972911,3,3
2020,34,039,716,715,717,0.0086980818,1,1
2020,34,041,114,109,119,0.0098667128,2,2
2020,35,001,1982,1979,1985,0.0224342649,1,1
2020,35,003,,,,,,
2020,35,005,169,169,169,0.015908877,1,1
2020,35,006,11,11,11,0.0034310667,3,3
2020,35,007,41,41,41,0.0295389049,1,1
2020,35,009,84,84,84,0.0108177721,1,1
2020,35,011,36,36,36,0.138996139,1,1
2020,35,013,843,843,843,0.0221149558,1,1
2020,35,015,306,306,306,0.0231747955,1,1
2020,35,017,71,71,71,0.0199718706,1,1
2020,35,019,17,17,17,0.0282392027,3,3
2020,35,021,,,,,,
2020,35,023,77,77,77,0.1734234234,1,1
2020,35,025,234,234,234,0.0161323681,1,1
2020,35,027,113,113,113,0.0507637017,1,1
2020,35,028,,,,,,
2020,35,029,261,261,261,0.051026393,1,1
2020,35,031,269,267,271,0.0201543418,1,1
2020,35,033,18,18,18,0.04400978,3,3
2020,35,035,163,162,164,0.0241481481,1,1
2020,35,037,91,90,92,0.0704334365,1,1
2020,35,039,161,160,162,0.0380075543,1,1
2020,35,041,11,9,13,0.0036654449,3,3
2020,35,043,368,367,369,0.0176051285,1,1
2020,35,045,648,648,648,0.0308630215,1,1
2020,35,047,39,39,39,0.0117647059,1,1
2020,35,049,951,950,952,0.0509946914,1,1
2020,35,051,181,181,181,0.1495867769,1,1
2020,35,053,73,73,73,0.0401982379,1,1
2020,35,055,183,182,184,0.0533838973,1,1
2020,35,057,257,257,257,0.0771771772,1,1
2020,35,059,10,10,10,0.0200400802,3,3
2020,35,061,503,503,503,0.0411586613,1,1
2020,36,001,780,777,783,0.0200148829,1,1
2020,36,003,60,58,62,0.0152905199,2,2
2020,36,005,35872,35871,35873,0.1632095946,1,1
2020,36,007,602,602,602,0.0240665227,1,1
2020,36,009,103,101,105,0.0089200658,1,1
2020,36,011,147,147,147,0.0229329173,1,1
2020,36,013,264,261,267,0.0144903672,1,1
2020,36,015,116,115,117,0.0105675503,1,1
2020,36,017,73,72,74,0.0145766773,1,1
2020,36,019,184,184,184,0.0178018576,1,1
2020,36,021,155,155,155,0.024128269,1,1
2020,36,023,64,62,66,0.0110880111,2,2
2020,36,025,22,18,26,0.0083491461,3,3
2020,36,027,639,639,639,0.018260795,1,1
2020,36,029,1061,1058,1064,0.0089604675,1,1
2020,36,031,21,19,23,0.0088644998,3,3
2020,36,033,132,132,132,0.0210191083,1,1
2020,36,035,97,96,98,0.0131081081,1,1
2020,36,037,109,108,110,0.0157833768,1,1
2020,36,039,74,72,76,0.013466788,2,2
2020,36,041,,,,,,
2020,36,043,15,13,17,0.0025075226,3,3
2020,36,045,266,263,269,0.0182654673,1,1
2020,36,047,29286,29285,29287,0.0926068808,1,1
2020,36,049,32,32,32,0.0092352092,1,1
2020,36,051,112,112,112,0.0168294515,1,1
2020,36,053,71,70,72,0.0093347357,1,1
2020,36,055,1786,1785,1787,0.0181970086,1,1
2020,36,057,212,212,212,0.0289380289,1,1
2020,36,059,2487,2481,2493,0.012942205,1,1
2020,36,061,19680,19679,19681,0.1165055441,1,1
2020,36,063,489,487,491,0.0190020984,1,1
2020,36,065,454,451,457,0.0155468804,1,1
2020,36,067,1303,1300,1306,0.0194251468,1,1
2020,36,069,328,327,329,0.0213222388,1,1
2020,36,071,1582,1581,1583,0.0278732139,1,1
2020,36,073,82,82,82,0.0146402428,1,1
2020,36,075,769,769,769,0.042362144,1,1
2020,36,077,79,75,83,0.015914585,3,3
2020,36,079,83,83,83,0.006291215,1,1
2020,36,081,20847,20847,20847,0.0740849986,1,1
2020,36,083,406,406,406,0.0237913859,1,1
2020,36,085,2321,2320,2322,0.0357583041,1,1
2020,36,087,1140,1139,1141,0.0288046087,1,1
2020,36,089,430,428,432,0.0300930786,1,1
2020,36,091,462,462,462,0.0143997008,1,1
2020,36,093,375,374,376,0.0178206529,1,1
2020,36,095,51,51,51,0.0164995147,1,1
2020,36,097,18,18,18,0.0104895105,3,3
2020,36,099,116,116,116,0.0296751087,1,1
2020,36,101,265,264,266,0.0218953978,1,1
2020,36,103,4071,4065,4077,0.0183196008,1,1
2020,36,105,305,304,306,0.0324571672,1,1
2020,36,107,44,42,46,0.0072344623,2,2
2020,36,109,165,163,167,0.0159143519,1,1
2020,36,111,541,541,541,0.0249400701,1,1
2020,36,113,188,187,189,0.0237283857,1,1
2020,36,115,163,162,164,0.0229222332,1,1
2020,36,117,275,274,276,0.0208207147,1,1
2020,36,119,1987,1979,1995,0.016259963,1,1
2020,36,121,31,29,33,0.0082688717,3,3
2020,36,123,25,25,25,0.0128998968,3,3
2020,37,001,515,514,516,0.0228027452,1,1
2020,37,003,83,83,83,0.0181539808,1,1
2020,37,005,57,57,57,0.0423162584,1,1
2020,37,007,33,33,33,0.0110663984,1,1
2020,37,009,146,146,146,0.0509598604,1,1
2020,37,011,,,,,,
2020,37,013,37,37,37,0.0061046032,1,1
2020,37,015,13,13,13,0.0066496164,3,3
2020,37,017,77,77,77,0.0191685337,1,1
2020,37,019,209,208,210,0.0152990264,1,1
2020,37,021,685,683,687,0.0240621048,1,1
2020,37,023,64,64,64,0.0054547004,1,1
2020,37,025,436,435,437,0.0113155641,1,1
2020,37,027,127,127,127,0.011727768,1,1
2020,37,029,10,10,10,0.0056053812,3,3
2020,37,031,76,76,76,0.0096901696,1,1
2020,37,033,21,21,21,0.0092307692,3,3
2020,37,035,167,167,167,0.0074630201,1,1
2020,37,037,305,305,305,0.0345335145,1,1
2020,37,039,15,15,15,0.0050795801,3,3
2020,37,041,84,84,84,0.0441872699,1,1
2020,37,043,,,,,,
2020,37,045,307,307,307,0.020060115,1,1
2020,37,047,59,59,59,0.0070221376,1,1
2020,37,049,152,152,152,0.0119084926,1,1
2020,37,051,473,473,473,0.0094159334,1,1
2020,37,053,51,51,51,0.0122214234,1,1
2020,37,055,114,114,114,0.0217142857,1,1
2020,37,057,392,392,392,0.0165463678,1,1
2020,37,059,85,85,85,0.0144828761,1,1
2020,37,061,99,99,99,0.0102135562,1,1
2020,37,063,782,779,785,0.0180596291,1,1
2020,37,065,47,47,47,0.0086143695,1,1
2020,37,067,453,453,453,0.0085696449,1,1
2020,37,069,127,127,127,0.0161187968,1,1
2020,37,071,490,490,490,0.0154112282,1,1
2020,37,073,27,27,27,0.0180965147,3,3
2020,37,075,16,16,16,0.0142984808,3,3
2020,37,077,74,73,75,0.0094969199,1,1
2020,37,079,87,87,87,0.0318798095,1,1
2020,37,081,1641,1639,1643,0.0222865059,1,1
2020,37,083,97,96,98,0.0156300354,1,1
2020,37,085,194,194,194,0.0099640473,1,1
2020,37,087,174,174,174,0.0254683841,1,1
2020,37,089,316,316,316,0.0243488981,1,1
2020,37,091,11,11,11,0.0041635125,3,3
2020,37,093,94,94,94,0.0109404097,1,1
2020,37,095,,,,,,
2020,37,097,298,298,298,0.0113931794,1,1
2020,37,099,110,110,110,0.0310559006,1,1
2020,37,101,362,362,362,0.0097366793,1,1
2020,37,103,35,35,35,0.0345167653,1,1
2020,37,105,337,337,337,0.0355410251,1,1
2020,37,107,55,55,55,0.0066161434,1,1
2020,37,109,53,52,54,0.0039337935,1,1
2020,37,111,386,386,386,0.0676955454,1,1
2020,37,113,68,68,68,0.0156034878,1,1
2020,37,115,20,20,20,0.0092678406,3,3
2020,37,117,17,17,17,0.0061975939,3,3
2020,37,119,3055,3048,3062,0.0201055624,1,1
2020,37,121,35,35,35,0.0201265095,1,1
2020,37,123,45,45,45,0.0122083559,1,1
2020,37,125,281,281,281,0.0225575981,1,1
2020,37,127,191,191,191,0.0123808906,1,1
2020,37,129,881,879,883,0.0332202112,1,1
2020,37,131,19,18,20,0.0071134407,3,3
2020,37,133,300,300,300,0.0113524559,1,1
2020,37,135,125,125,125,0.0065789474,1,1
2020,37,137,12,11,13,0.0070546737,3,3
2020,37,139,96,96,96,0.0170757737,1,1
2020,37,141,112,112,112,0.0117154812,1,1
2020,37,143,61,61,61,0.0378646803,1,1
2020,37,145,53,52,54,0.0105137869,1,1
2020,37,147,228,227,229,0.009464901,1,1
2020,37,149,16,16,16,0.0074280409,3,3
2020,37,151,244,244,244,0.0123269678,1,1
2020,37,153,135,135,135,0.02011323,1,1
2020,37,155,76,76,76,0.0036048001,1,1
2020,37,157,60,60,60,0.00520969,1,1
2020,37,159,180,180,180,0.0098873936,1,1
2020,37,161,173,173,173,0.0214108911,1,1
2020,37,163,42,42,42,0.0039040714,1,1
2020,37,165,70,70,70,0.0127087872,1,1
2020,37,167,142,141,143,0.0156198438,1,1
2020,37,169,37,37,37,0.0066165951,1,1
2020,37,171,79,79,79,0.007745098,1,1
2020,37,173,45,45,45,0.0233039876,1,1
2020,37,175,111,111,111,0.0342698364,1,1
2020,37,177,,,,,,
2020,37,179,227,227,227,0.0052497687,1,1
2020,37,181,106,106,106,0.0199323054,1,1
2020,37,183,3859,3856,3862,0.0234422933,1,1
2020,37,185,42,42,42,0.0233463035,1,1
2020,37,187,11,11,11,0.0093856655,3,3
2020,37,189,21,21,21,0.0046022354,3,3
2020,37,191,113,112,114,0.0063465319,1,1
2020,37,193,273,273,273,0.0310297795,1,1
2020,37,195,209,209,209,0.018087408,1,1
2020,37,197,76,76,76,0.0148873653,1,1
2020,37,199,,,,,,
2020,38,001,,,,,,
2020,38,003,,,,,,
2020,38,005,42,42,42,0.0572207084,1,1
2020,38,007,,,,,,
2020,38,009,,,,,,
2020,38,011,,,,,,
2020,38,013,,,,,,
2020,38,015,322,322,322,0.0239708181,1,1
2020,38,017,374,374,374,0.0163568773,1,1
2020,38,019,,,,,,
2020,38,021,,,,,,
2020,38,023,,,,,,
2020,38,025,,,,,,
2020,38,027,,,,,,
2020,38,029,,,,,,
2020,38,031,,,,,,
2020,38,033,,,,,,
2020,38,035,85,84,86,0.0109776572,1,1
2020,38,037,,,,,,
2020,38,039,,,,,,
2020,38,041,,,,,,
2020,38,043,,,,,,
2020,38,045,,,,,,
2020,38,047,,,,,,
2020,38,049,,,,,,
2020,38,051,,,,,,
2020,38,053,202,202,202,0.1054279749,1,1
2020,38,055,,,,,,
2020,38,057,,,,,,
2020,38,059,29,29,29,0.0068123091,3,3
2020,38,061,,,,,,
2020,38,063,,,,,,
2020,38,065,,,,,,
2020,38,067,,,,,,
2020,38,069,,,,,,
2020,38,071,,,,,,
2020,38,073,13,12,14,0.0141304348,3,3
2020,38,075,,,,,,
2020,38,077,44,44,44,0.0291005291,1,1
2020,38,079,163,162,164,0.0373510541,1,1
2020,38,081,,,,,,
2020,38,083,,,,,,
2020,38,085,256,256,256,0.2932416953,1,1
2020,38,087,,,,,,
2020,38,089,56,55,57,0.013342864,1,1
2020,38,091,,,,,,
2020,38,093,,,,,,
2020,38,095,,,,,,
2020,38,097,,,,,,
2020,38,099,,,,,,
2020,38,101,120,119,121,0.0155642023,1,1
2020,38,103,,,,,,
2020,38,105,311,311,311,0.0526850754,1,1
2020,39,001,26,26,26,0.0346666667,3,3
2020,39,003,62,58,66,0.006584537,3,3
2020,39,005,122,121,123,0.0207447713,1,1
2020,39,007,235,230,240,0.0195377453,1,1
2020,39,009,106,106,106,0.0163051838,1,1
2020,39,011,33,31,35,0.0052356021,3,3
2020,39,013,51,49,53,0.0104830421,2,2
2020,39,015,43,41,45,0.0175438596,2,2
2020,39,017,850,848,852,0.0156092186,1,1
2020,39,019,22,22,22,0.0076655052,3,3
2020,39,021,161,159,163,0.0253943218,1,1
2020,39,023,608,605,611,0.0325778278,1,1
2020,39,025,101,100,102,0.0041347689,1,1
2020,39,027,49,48,50,0.0074107683,1,1
2020,39,029,19,18,20,0.0033251663,3,3
2020,39,031,37,36,38,0.0080945089,2,2
2020,39,033,76,76,76,0.017124831,1,1
2020,39,035,2961,2946,2976,0.0207128117,1,1
2020,39,037,43,41,45,0.006293911,2,2
2020,39,039,17,16,18,0.0043456033,3,3
2020,39,041,94,93,95,0.002804798,1,1
2020,39,043,224,222,226,0.0195684459,1,1
2020,39,045,226,225,227,0.0097104065,1,1
2020,39,047,98,98,98,0.0210526316,1,1
2020,39,049,2594,2583,2605,0.014117852,1,1
2020,39,051,49,48,50,0.0073276507,1,1
2020,39,053,164,163,165,0.039527597,1,1
2020,39,055,64,62,66,0.006700869,2,2
2020,39,057,272,271,273,0.013213505,1,1
2020,39,059,138,138,138,0.0311231394,1,1
2020,39,061,3252,3247,3257,0.030467696,1,1
2020,39,063,83,83,83,0.008541731,1,1
2020,39,065,26,25,27,0.0096153846,3,3
2020,39,067,,,,,,
2020,39,069,40,39,41,0.0100351229,2,2
2020,39,071,352,351,353,0.052545156,1,1
2020,39,073,42,42,42,0.0121282125,1,1
2020,39,075,11,10,12,0.0031654676,3,3
2020,39,077,36,36,36,0.0051465332,1,1
2020,39,079,39,37,41,0.0081131683,3,3
2020,39,081,104,103,105,0.0189469849,1,1
2020,39,083,89,89,89,0.01868178,1,1
2020,39,085,265,264,266,0.0093715741,1,1
2020,39,087,34,33,35,0.004553978,2,2
2020,39,089,467,467,467,0.0168021875,1,1
2020,39,091,57,57,57,0.0133928571,1,1
2020,39,093,213,209,217,0.0053471908,1,1
2020,39,095,2187,2184,2190,0.0270939927,1,1
2020,39,097,30,30,30,0.0047221785,1,1
2020,39,099,208,204,212,0.0114948881,1,1
2020,39,101,291,289,293,0.026793113,1,1
2020,39,103,59,58,60,0.0027304702,1,1
2020,39,105,83,83,83,0.0265515035,1,1
2020,39,107,31,31,31,0.0059661278,1,1
2020,39,109,116,114,118,0.0087100165,1,1
2020,39,111,153,153,153,0.0774683544,1,1
2020,39,113,868,862,874,0.0126386907,1,1
2020,39,115,112,112,112,0.0668257757,1,1
2020,39,117,71,71,71,0.018644958,1,1
2020,39,119,198,196,200,0.018663399,1,1
2020,39,121,47,47,47,0.0284848485,1,1
2020,39,123,,,,,,
2020,39,125,,,,,,
2020,39,127,66,65,67,0.0120437956,1,1
2020,39,129,149,149,149,0.0159631455,1,1
2020,39,131,14,14,14,0.0197461213,3,3
2020,39,133,168,165,171,0.0110272399,1,1
2020,39,135,47,47,47,0.0083958557,1,1
2020,39,137,,,,,,
2020,39,139,512,507,517,0.0304725628,1,1
2020,39,141,632,631,633,0.0700044307,1,1
2020,39,143,118,118,118,0.0184837093,1,1
2020,39,145,131,128,134,0.0177771747,1,1
2020,39,147,64,62,66,0.0150058617,2,2
2020,39,149,28,27,29,0.0065681445,3,3
2020,39,151,895,894,896,0.0174610297,1,1
2020,39,153,1206,1201,1211,0.0184468544,1,1
2020,39,155,256,253,259,0.0171869755,1,1
2020,39,157,239,238,240,0.020665802,1,1
2020,39,159,17,16,18,0.0025890953,3,3
2020,39,161,,,,,,
2020,39,163,,,,,,
2020,39,165,116,116,116,0.0032174854,1,1
2020,39,167,187,186,188,0.0257433921,1,1
2020,39,169,176,175,177,0.0133010883,1,1
2020,39,171,52,48,56,0.0102645085,3,3
2020,39,173,160,159,161,0.0098991524,1,1
2020,39,175,,,,,,
2020,40,001,100,100,100,0.042625746,1,1
2020,40,003,15,15,15,0.0365853659,3,3
2020,40,005,201,201,201,0.0971483809,1,1
2020,40,007,,,,,,
2020,40,009,122,122,122,0.0426573427,1,1
2020,40,011,,,,,,
2020,40,013,481,481,481,0.076531424,1,1
2020,40,015,88,86,90,0.0248306998,1,1
2020,40,017,300,300,300,0.0127043279,1,1
2020,40,019,256,256,256,0.035290874,1,1
2020,40,021,499,499,499,0.0867222802,1,1
2020,40,023,72,72,72,0.2285714286,1,1
2020,40,025,,,,,,
2020,40,027,289,288,290,0.0069268012,1,1
2020,40,029,32,32,32,0.0371660859,1,1
2020,40,031,735,734,736,0.0418374317,1,1
2020,40,033,10,9,11,0.0129198966,3,3
2020,40,035,37,37,37,0.0304777595,1,1
2020,40,037,381,381,381,0.0479728028,1,1
2020,40,039,142,142,142,0.029813143,1,1
2020,40,041,181,181,181,0.0485515021,1,1
2020,40,043,,,,,,
2020,40,045,,,,,,
2020,40,047,216,216,216,0.0292286874,1,1
2020,40,049,107,106,108,0.0545084055,1,1
2020,40,051,248,248,248,0.0381479772,1,1
2020,40,053,,,,,,
2020,40,055,36,36,36,0.0399113082,1,1
2020,40,057,,,,,,
2020,40,059,,,,,,
2020,40,061,,,,,,
2020,40,063,51,50,52,0.0288298474,1,1
2020,40,065,162,162,162,0.0434665951,1,1
2020,40,067,12,11,13,0.029925187,3,3
2020,40,069,102,101,103,0.0836065574,1,1
2020,40,071,113,113,113,0.0201713674,1,1
2020,40,073,34,33,35,0.017059709,2,2
2020,40,075,47,47,47,0.0415194346,1,1
2020,40,077,,,,,,
2020,40,079,195,195,195,0.0358587716,1,1
2020,40,081,30,28,32,0.0114635078,3,3
2020,40,083,,,,,,
2020,40,085,161,161,161,0.0948174323,1,1
2020,40,087,152,151,153,0.0285392415,1,1
2020,40,089,276,276,276,0.0662506001,1,1
2020,40,091,93,93,93,0.0379901961,1,1
2020,40,093,,,,,,
2020,40,095,278,277,279,0.0981291917,1,1
2020,40,097,441,441,441,0.0675862069,1,1
2020,40,099,126,126,126,0.0544041451,1,1
2020,40,101,522,522,522,0.0586780576,1,1
2020,40,103,,,,,,
2020,40,105,20,19,21,0.0199203187,3,3
2020,40,107,52,52,52,0.0608187135,1,1
2020,40,109,9681,9677,9685,0.0553408714,1,1
2020,40,111,127,126,128,0.0267481045,1,1
2020,40,113,179,178,180,0.1002239642,1,1
2020,40,115,184,184,184,0.0434474616,1,1
2020,40,117,48,48,48,0.0302839117,1,1
2020,40,119,382,381,383,0.0438727461,1,1
2020,40,121,236,236,236,0.040781061,1,1
2020,40,123,204,204,204,0.0349614396,1,1
2020,40,125,466,465,467,0.0548945694,1,1
2020,40,127,119,119,119,0.091048202,1,1
2020,40,129,,,,,,
2020,40,131,412,411,413,0.0404874214,1,1
2020,40,133,100,100,100,0.0315059861,1,1
2020,40,135,93,93,93,0.0354691076,1,1
2020,40,137,244,243,245,0.0563901086,1,1
2020,40,139,255,253,257,0.067424643,1,1
2020,40,141,67,67,67,0.0524667189,1,1
2020,40,143,2092,2091,2093,0.0190668891,1,1
2020,40,145,155,155,155,0.075133301,1,1
2020,40,147,244,244,244,0.0254405172,1,1
2020,40,149,,,,,,
2020,40,151,34,34,34,0.0266249021,1,1
2020,40,153,128,127,129,0.0378474276,1,1
2020,41,001,236,236,236,0.0485496811,1,1
2020,41,003,275,275,275,0.0312145289,1,1
2020,41,005,988,988,988,0.0174333457,1,1
2020,41,007,275,275,275,0.057748845,1,1
2020,41,009,191,191,191,0.027940316,1,1
2020,41,011,647,647,647,0.0588449295,1,1
2020,41,013,90,90,90,0.0294117647,1,1
2020,41,015,143,143,143,0.0703740157,1,1
2020,41,017,444,444,444,0.0172877,1,1
2020,41,019,458,458,458,0.0348872639,1,1
2020,41,021,16,15,17,0.0540540541,3,3
2020,41,023,,,,,,
2020,41,025,34,34,34,0.0456375839,1,1
2020,41,027,30,30,30,0.007976602,1,1
2020,41,029,2396,2396,2396,0.0822096414,1,1
2020,41,031,98,96,100,0.0285215367,1,1
2020,41,033,832,832,832,0.0821079641,1,1
2020,41,035,538,538,538,0.0563114926,1,1
2020,41,037,38,38,38,0.0528511822,1,1
2020,41,039,1899,1899,1899,0.0438933062,1,1
2020,41,041,773,773,773,0.1545690862,1,1
2020,41,043,984,984,984,0.0405605936,1,1
2020,41,045,314,313,315,0.0641601962,1,1
2020,41,047,1332,1332,1332,0.0227206823,1,1
2020,41,049,86,85,87,0.0363329109,1,1
2020,41,051,2505,2505,2505,0.0283637352,1,1
2020,41,053,118,118,118,0.0186531774,1,1
2020,41,055,,,,,,
2020,41,057,169,169,169,0.0521283159,1,1
2020,41,059,181,179,183,0.0143207532,1,1
2020,41,061,156,156,156,0.0571847507,1,1
2020,41,063,11,10,12,0.0132211538,3,3
2020,41,065,125,125,125,0.0373134328,1,1
2020,41,067,1718,1718,1718,0.0206950551,1,1
2020,41,069,103,103,103,0.0395849347,1,1
2020,41,071,546,546,546,0.0357470211,1,1
2020,42,001,182,182,182,0.012745098,1,1
2020,42,003,1726,1723,1729,0.0120581249,1,1
2020,42,005,119,119,119,0.0167440552,1,1
2020,42,007,603,602,604,0.0187926575,1,1
2020,42,009,122,120,124,0.0197283312,1,1
2020,42,011,1314,1314,1314,0.0199087893,1,1
2020,42,013,326,324,328,0.0196314585,1,1
2020,42,015,107,106,108,0.0122383621,1,1
2020,42,017,577,577,577,0.0068713381,1,1
2020,42,019,370,370,370,0.0148254999,1,1
2020,42,021,221,221,221,0.0134657568,1,1
2020,42,023,23,23,23,0.0443159923,3,3
2020,42,025,54,52,56,0.0065028902,2,2
2020,42,027,115,113,117,0.0090815762,1,1
2020,42,029,1551,1551,1551,0.0175003103,1,1
2020,42,031,77,76,78,0.0146082337,1,1
2020,42,033,176,176,176,0.0190579318,1,1
2020,42,035,80,80,80,0.0191204589,1,1
2020,42,037,106,105,107,0.0159614516,1,1
2020,42,039,214,214,214,0.0225073622,1,1
2020,42,041,340,340,340,0.0131492439,1,1
2020,42,043,1134,1134,1134,0.0184177616,1,1
2020,42,045,1164,1164,1164,0.0161147414,1,1
2020,42,047,52,52,52,0.0160493827,1,1
2020,42,049,535,534,536,0.0154892878,1,1
2020,42,051,190,189,191,0.0123948072,1,1
2020,42,053,44,44,44,0.1067961165,1,1
2020,42,055,379,379,379,0.017045199,1,1
2020,42,057,15,15,15,0.0144648023,3,3
2020,42,059,33,33,33,0.0100763359,1,1
2020,42,061,36,35,37,0.0095414789,2,2
2020,42,063,92,92,92,0.0105710674,1,1
2020,42,065,83,83,83,0.0180004337,1,1
2020,42,067,65,65,65,0.0270833333,1,1
2020,42,069,215,214,216,0.0086276083,1,1
2020,42,071,1921,1921,1921,0.0294699701,1,1
2020,42,073,97,95,99,0.0084230636,1,1
2020,42,075,583,583,583,0.0300499974,1,1
2020,42,077,429,428,430,0.008418037,1,1
2020,42,079,359,359,359,0.008215855,1,1
2020,42,081,171,170,172,0.0139239476,1,1
2020,42,083,147,146,148,0.0243055556,1,1
2020,42,085,267,266,268,0.021208992,1,1
2020,42,087,123,123,123,0.0256731371,1,1
2020,42,089,249,249,249,0.010775489,1,1
2020,42,091,1157,1157,1157,0.0099866212,1,1
2020,42,093,14,14,14,0.0064724919,3,3
2020,42,095,503,500,506,0.0113364886,1,1
2020,42,097,151,150,152,0.0152479047,1,1
2020,42,099,100,100,100,0.0177053824,1,1
2020,42,101,3116,3098,3134,0.0162101704,1,1
2020,42,103,97,97,97,0.0135304784,1,1
2020,42,105,49,48,50,0.0235917188,1,1
2020,42,107,277,277,277,0.016826631,1,1
2020,42,109,48,48,48,0.0108303249,1,1
2020,42,111,71,68,74,0.0097060834,2,2
2020,42,113,,,,,,
2020,42,115,46,45,47,0.0080857796,1,1
2020,42,117,38,38,38,0.0073119107,1,1
2020,42,119,10,10,10,0.0026773762,3,3
2020,42,121,109,109,109,0.0196644416,1,1
2020,42,123,72,72,72,0.0167597765,1,1
2020,42,125,197,195,199,0.0075363428,1,1
2020,42,127,28,28,28,0.0067049808,3,3
2020,42,129,279,279,279,0.0063437926,1,1
2020,42,131,12,11,13,0.00386349,3,3
2020,42,133,1353,1352,1354,0.0201231483,1,1
2020,44,001,27,27,27,0.0041866956,3,3
2020,44,003,145,144,146,0.0071864004,1,1
2020,44,005,137,136,138,0.0163153507,1,1
2020,44,007,702,697,707,0.0083524695,1,1
2020,44,009,100,100,100,0.007423905,1,1
2020,45,001,47,47,47,0.0160738714,1,1
2020,45,003,257,257,257,0.0114029639,1,1
2020,45,005,11,11,11,0.010270775,3,3
2020,45,007,963,963,963,0.0304795063,1,1
2020,45,009,,,,,,
2020,45,011,23,23,23,0.0080985915,3,3
2020,45,013,344,344,344,0.0162118856,1,1
2020,45,015,401,401,401,0.0109637731,1,1
2020,45,017,,,,,,
2020,45,019,349,349,349,0.0072211877,1,1
2020,45,021,70,70,70,0.0088809947,1,1
2020,45,023,32,32,32,0.0065843621,1,1
2020,45,025,150,150,150,0.0221500295,1,1
2020,45,027,29,28,30,0.0064530485,3,3
2020,45,029,76,76,76,0.0147917478,1,1
2020,45,031,125,125,125,0.0135296028,1,1
2020,45,033,,,,,,
2020,45,035,64,64,64,0.0023893971,1,1
2020,45,037,,,,,,
2020,45,039,132,132,132,0.0546810273,1,1
2020,45,041,117,117,117,0.005760709,1,1
2020,45,043,11,11,11,0.0012973228,3,3
2020,45,045,1000,1000,1000,0.0134963695,1,1
2020,45,047,504,503,505,0.0455202312,1,1
2020,45,049,114,114,114,0.0439645199,1,1
2020,45,051,650,650,650,0.0146136379,1,1
2020,45,053,54,54,54,0.0202702703,1,1
2020,45,055,,,,,,
2020,45,057,38,38,38,0.0027259684,1,1
2020,45,059,201,201,201,0.0246323529,1,1
2020,45,061,53,53,53,0.0338658147,1,1
2020,45,063,303,303,303,0.007404873,1,1
2020,45,065,19,19,19,0.0289193303,3,3
2020,45,067,13,13,13,0.0031325301,3,3
2020,45,069,11,11,11,0.0029997273,3,3
2020,45,071,22,22,22,0.0038194444,3,3
2020,45,073,27,27,27,0.0026553895,3,3
2020,45,075,57,57,57,0.0048556095,1,1
2020,45,077,2687,2687,2687,0.1712664924,1,1
2020,45,079,1305,1305,1305,0.0122805036,1,1
2020,45,081,18,18,18,0.007775378,3,3
2020,45,083,1032,1032,1032,0.0214165646,1,1
2020,45,085,203,203,203,0.0130245092,1,1
2020,45,087,22,22,22,0.0057682223,3,3
2020,45,089,13,13,13,0.0040701315,3,3
2020,45,091,423,423,423,0.0090392341,1,1
2020,46,003,,,,,,
2020,46,005,,,,,,
2020,46,007,,,,,,
2020,46,009,,,,,,
2020,46,011,,,,,,
2020,46,013,,,,,,
2020,46,015,,,,,,
2020,46,017,,,,,,
2020,46,019,,,,,,
2020,46,021,,,,,,
2020,46,023,41,40,42,0.0277966102,1,1
2020,46,025,,,,,,
2020,46,027,,,,,,
2020,46,029,14,14,14,0.003541614,3,3
2020,46,031,93,92,94,0.2057522124,1,1
2020,46,033,,,,,,
2020,46,035,,,,,,
2020,46,037,,,,,,
2020,46,039,,,,,,
2020,46,041,27,27,27,0.0394736842,3,3
2020,46,043,,,,,,
2020,46,045,,,,,,
2020,46,047,,,,,,
2020,46,049,,,,,,
2020,46,051,,,,,,
2020,46,053,,,,,,
2020,46,055,,,,,,
2020,46,057,,,,,,
2020,46,059,,,,,,
2020,46,061,,,,,,
2020,46,063,,,,,,
2020,46,065,207,207,207,0.0715767635,1,1
2020,46,067,,,,,,
2020,46,069,243,243,243,0.6311688312,1,1
2020,46,071,,,,,,
2020,46,073,,,,,,
2020,46,075,,,,,,
2020,46,077,,,,,,
2020,46,079,,,,,,
2020,46,081,17,17,17,0.0054909561,3,3
2020,46,083,17,17,17,0.0022612397,3,3
2020,46,085,105,104,106,0.1632970451,1,1
2020,46,087,,,,,,
2020,46,089,,,,,,
2020,46,091,,,,,,
2020,46,093,,,,,,
2020,46,095,,,,,,
2020,46,097,,,,,,
2020,46,099,709,706,712,0.0208560082,1,1
2020,46,101,29,29,29,0.1847133758,3,3
2020,46,102,232,232,232,0.0830648049,1,1
2020,46,103,525,525,525,0.0337208555,1,1
2020,46,105,,,,,,
2020,46,107,,,,,,
2020,46,109,12,12,12,0.0129032258,3,3
2020,46,111,,,,,,
2020,46,115,,,,,,
2020,46,117,,,,,,
2020,46,119,,,,,,
2020,46,121,29,29,29,0.0108818011,3,3
2020,46,123,,,,,,
2020,46,125,,,,,,
2020,46,127,,,,,,
2020,46,129,11,11,11,0.0177133655,3,3
2020,46,135,20,20,20,0.0067681895,3,3
2020,46,137,,,,,,
2020,47,001,118,118,118,0.0108605614,1,1
2020,47,003,78,78,78,0.0090246442,1,1
2020,47,005,23,23,23,0.0115,3,3
2020,47,007,13,13,13,0.0082802548,3,3
2020,47,009,50,50,50,0.0027813317,1,1
2020,47,011,31,31,31,0.0020103761,1,1
2020,47,013,459,459,459,0.0888845856,1,1
2020,47,015,12,12,12,0.0064,3,3
2020,47,017,121,120,122,0.0275814908,1,1
2020,47,019,193,193,193,0.0256614812,1,1
2020,47,021,49,49,49,0.0086222066,1,1
2020,47,023,,,,,,
2020,47,025,18,18,18,0.0044389642,3,3
2020,47,027,12,12,12,0.0109589041,3,3
2020,47,029,23,22,24,0.0045535538,3,3
2020,47,031,118,118,118,0.012777477,1,1
2020,47,033,14,14,14,0.0046620047,3,3
2020,47,035,163,163,163,0.0238548222,1,1
2020,47,037,2737,2736,2738,0.0297144718,1,1
2020,47,039,,,,,,
2020,47,041,14,14,14,0.0047879617,3,3
2020,47,043,136,136,136,0.0169343793,1,1
2020,47,045,33,33,33,0.0051943963,1,1
2020,47,047,,,,,,
2020,47,049,10,10,10,0.0048076923,3,3
2020,47,051,11,11,11,0.0021375826,3,3
2020,47,053,21,20,22,0.0025325615,3,3
2020,47,055,,,,,,
2020,47,057,14,14,14,0.0043518806,3,3
2020,47,059,51,51,51,0.0056372278,1,1
2020,47,061,77,77,77,0.0410229089,1,1
2020,47,063,523,523,523,0.0512242899,1,1
2020,47,065,1278,1278,1278,0.0289795918,1,1
2020,47,067,,,,,,
2020,47,069,24,24,24,0.0071813285,3,3
2020,47,071,62,62,62,0.0177803269,1,1
2020,47,073,55,55,55,0.0079433853,1,1
2020,47,075,,,,,,
2020,47,077,48,48,48,0.0100020838,1,1
2020,47,079,54,54,54,0.0117493473,1,1
2020,47,081,76,76,76,0.0235075781,1,1
2020,47,083,20,20,20,0.015576324,3,3
2020,47,085,28,28,28,0.0098280098,3,3
2020,47,087,226,226,226,0.157162726,1,1
2020,47,089,101,101,101,0.0146228464,1,1
2020,47,091,54,54,54,0.023642732,1,1
2020,47,093,430,430,430,0.0072501644,1,1
2020,47,095,,,,,,
2020,47,097,,,,,,
2020,47,099,58,58,58,0.0087021755,1,1
2020,47,101,,,,,,
2020,47,103,14,14,14,0.0027375831,3,3
2020,47,105,56,56,56,0.0077777778,1,1
2020,47,107,64,64,64,0.0087336245,1,1
2020,47,109,56,56,56,0.0142059868,1,1
2020,47,111,,,,,,
2020,47,113,190,190,190,0.0153498142,1,1
2020,47,115,109,109,109,0.0277071683,1,1
2020,47,117,24,24,24,0.0044767767,3,3
2020,47,119,55,55,55,0.0043191456,1,1
2020,47,121,11,11,11,0.0062429058,3,3
2020,47,123,34,34,34,0.005280323,1,1
2020,47,125,568,568,568,0.0155932576,1,1
2020,47,127,,,,,,
2020,47,129,494,494,494,0.176744186,1,1
2020,47,131,26,26,26,0.005541347,3,3
2020,47,133,29,29,29,0.009312781,3,3
2020,47,135,,,,,,
2020,47,137,,,,,,
2020,47,139,173,173,173,0.0792124542,1,1
2020,47,141,345,345,345,0.029718322,1,1
2020,47,143,96,96,96,0.0195638883,1,1
2020,47,145,81,81,81,0.0127740104,1,1
2020,47,147,218,218,218,0.0156160458,1,1
2020,47,149,1072,1072,1072,0.0191036265,1,1
2020,47,151,17,17,17,0.0042194093,3,3
2020,47,153,89,89,89,0.0439072521,1,1
2020,47,155,81,81,81,0.00572843,1,1
2020,47,157,705,703,707,0.0048948136,1,1
2020,47,159,21,21,21,0.007,3,3
2020,47,161,10,10,10,0.0050890585,3,3
2020,47,163,445,445,445,0.0221934068,1,1
2020,47,165,228,228,228,0.0077058267,1,1
2020,47,167,28,28,28,0.002694121,3,3
2020,47,169,,,,,,
2020,47,171,22,22,22,0.009817046,3,3
2020,47,173,43,43,43,0.0083787997,1,1
2020,47,175,159,159,159,0.2137096774,1,1
2020,47,177,234,234,234,0.0375240539,1,1
2020,47,179,288,288,288,0.0180056268,1,1
2020,47,181,,,,,,
2020,47,183,35,35,35,0.0088742394,1,1
2020,47,185,56,56,56,0.0146290491,1,1
2020,47,187,191,191,191,0.0044304238,1,1
2020,47,189,800,800,800,0.0359050312,1,1
2020,48,001,75,74,76,0.009839937,1,1
2020,48,003,93,93,93,0.0225290698,1,1
2020,48,005,483,481,485,0.0303163445,1,1
2020,48,007,193,193,193,0.0641196013,1,1
2020,48,009,29,28,30,0.0184595799,3,3
2020,48,011,,,,,,
2020,48,013,106,105,107,0.0120715181,1,1
2020,48,015,44,44,44,0.0075796727,1,1
2020,48,017,,,,,,
2020,48,019,148,148,148,0.0593900482,1,1
2020,48,021,931,931,931,0.0513796909,1,1
2020,48,023,15,15,15,0.0241545894,3,3
2020,48,025,86,86,86,0.0184193617,1,1
2020,48,027,1227,1226,1228,0.016802695,1,1
2020,48,029,5566,5565,5567,0.0170301562,1,1
2020,48,031,,,,,,
2020,48,033,,,,,,
2020,48,035,95,93,97,0.0550724638,1,1
2020,48,037,118,115,121,0.0067305499,2,2
2020,48,039,1480,1480,1480,0.0205684108,1,1
2020,48,041,708,708,708,0.0235090982,1,1
2020,48,043,,,,,,
2020,48,045,,,,,,
2020,48,047,23,23,23,0.0159944367,3,3
2020,48,049,169,169,169,0.0349679288,1,1
2020,48,051,16,14,18,0.005893186,3,3
2020,48,053,180,180,180,0.0249584027,1,1
2020,48,055,250,249,251,0.0325436084,1,1
2020,48,057,133,133,133,0.036131486,1,1
2020,48,059,114,114,114,0.0558549731,1,1
2020,48,061,2047,2046,2048,0.0236003505,1,1
2020,48,063,15,15,15,0.0063911376,3,3
2020,48,065,33,33,33,0.0279898219,1,1
2020,48,067,175,175,175,0.0404717854,1,1
2020,48,069,55,55,55,0.0394548063,1,1
2020,48,071,123,123,123,0.013284372,1,1
2020,48,073,105,105,105,0.0103102907,1,1
2020,48,075,14,14,14,0.0140421264,3,3
2020,48,077,68,68,68,0.0416922134,1,1
2020,48,079,11,11,11,0.0294117647,3,3
2020,48,081,,,,,,
2020,48,083,63,63,63,0.0498812352,1,1
2020,48,085,1432,1431,1433,0.0064539391,1,1
2020,48,087,,,,,,
2020,48,089,99,99,99,0.0283261803,1,1
2020,48,091,739,739,739,0.0212716963,1,1
2020,48,093,119,119,119,0.0506598553,1,1
2020,48,095,,,,,,
2020,48,097,40,40,40,0.0078833268,1,1
2020,48,099,167,166,168,0.0147787611,1,1
2020,48,101,,,,,,
2020,48,103,,,,,,
2020,48,105,27,27,27,0.0353403141,3,3
2020,48,107,,,,,,
2020,48,109,32,32,32,0.0826873385,1,1
2020,48,111,174,174,174,0.0950300382,1,1
2020,48,113,9559,9551,9567,0.0202190057,1,1
2020,48,115,43,43,43,0.024869867,1,1
2020,48,117,100,100,100,0.0249376559,1,1
2020,48,119,15,15,15,0.0186104218,3,3
2020,48,121,2212,2210,2214,0.0142682982,1,1
2020,48,123,52,52,52,0.0199923106,1,1
2020,48,125,16,15,17,0.0484848485,3,3
2020,48,127,94,94,94,0.0454985479,1,1
2020,48,129,10,10,10,0.022675737,3,3
2020,48,131,12,12,12,0.0080645161,3,3
2020,48,133,141,140,142,0.0517621145,1,1
2020,48,135,1455,1454,1456,0.0445321825,1,1
2020,48,137,,,,,,
2020,48,139,517,516,518,0.0122689195,1,1
2020,48,141,2128,2127,2129,0.0129587791,1,1
2020,48,143,27,26,28,0.0069533866,3,3
2020,48,145,15,15,15,0.0108853411,3,3
2020,48,147,88,87,89,0.0158501441,1,1
2020,48,149,64,63,65,0.0173724213,1,1
2020,48,151,30,30,30,0.0542495479,1,1
2020,48,153,20,19,21,0.0172265289,3,3
2020,48,155,,,,,,
2020,48,157,2437,2436,2438,0.0117316311,1,1
2020,48,159,10,10,10,0.0067658999,3,3
2020,48,161,99,99,99,0.0294555192,1,1
2020,48,163,183,183,183,0.062692703,1,1
2020,48,165,42,42,42,0.0122164049,1,1
2020,48,167,2127,2127,2127,0.0263294712,1,1
2020,48,169,14,14,14,0.017565872,3,3
2020,48,171,46,46,46,0.0148339245,1,1
2020,48,173,,,,,,
2020,48,175,42,42,42,0.0330448466,1,1
2020,48,177,92,92,92,0.0231913285,1,1
2020,48,179,129,128,130,0.0363995485,1,1
2020,48,181,544,541,547,0.0229149115,1,1
2020,48,183,139,138,140,0.0063098643,1,1
2020,48,185,136,135,137,0.0318575779,1,1
2020,48,187,300,300,300,0.011581223,1,1
2020,48,189,41,41,41,0.0075077825,1,1
2020,48,191,13,13,13,0.0293453725,3,3
2020,48,193,66,66,66,0.0484937546,1,1
2020,48,195,33,33,33,0.0356756757,1,1
2020,48,197,20,20,20,0.0378787879,3,3
2020,48,199,314,314,314,0.0285740286,1,1
2020,48,201,17244,17238,17250,0.0212468673,1,1
2020,48,203,315,315,315,0.0144039508,1,1
2020,48,205,,,,,,
2020,48,207,31,31,31,0.0396419437,1,1
2020,48,209,629,629,629,0.016474594,1,1
2020,48,211,,,,,,
2020,48,213,47,45,49,0.0061663605,2,2
2020,48,215,3040,3039,3041,0.0118655446,1,1
2020,48,217,278,277,279,0.0490213366,1,1
2020,48,219,88,88,88,0.0197975253,1,1
2020,48,221,89,88,90,0.0112915504,1,1
2020,48,223,131,129,133,0.0193329398,1,1
2020,48,225,69,69,69,0.0269005848,1,1
2020,48,227,57,57,57,0.0127374302,1,1
2020,48,229,,,,,,
2020,48,231,251,250,252,0.0168084109,1,1
2020,48,233,37,37,37,0.0272459499,1,1
2020,48,235,16,16,16,0.0495356037,3,3
2020,48,237,12,12,12,0.0087082729,3,3
2020,48,239,39,38,40,0.0177595628,2,2
2020,48,241,204,204,204,0.0397893505,1,1
2020,48,243,,,,,,
2020,48,245,757,756,758,0.019756244,1,1
2020,48,247,,,,,,
2020,48,249,266,264,268,0.0349402338,1,1
2020,48,251,552,552,552,0.0152087064,1,1
2020,48,253,326,326,326,0.1238131409,1,1
2020,48,255,50,50,50,0.0220361393,1,1
2020,48,257,250,250,250,0.0076553266,1,1
2020,48,259,59,59,59,0.0055238274,1,1
2020,48,261,,,,,,
2020,48,263,,,,,,
2020,48,265,115,115,115,0.017921147,1,1
2020,48,267,,,,,,
2020,48,269,,,,,,
2020,48,271,,,,,,
2020,48,273,14,13,15,0.0039829303,3,3
2020,48,275,,,,,,
2020,48,277,109,109,109,0.0131072631,1,1
2020,48,279,36,35,37,0.0135849057,2,2
2020,48,281,83,83,83,0.0222400857,1,1
2020,48,283,31,31,31,0.0245059289,1,1
2020,48,285,42,40,44,0.0126773317,2,2
2020,48,287,21,21,21,0.0070635721,3,3
2020,48,289,55,55,55,0.0278340081,1,1
2020,48,291,471,471,471,0.0235511776,1,1
2020,48,293,68,68,68,0.0185034014,1,1
2020,48,295,43,42,44,0.0640834575,1,1
2020,48,297,15,15,15,0.0093574548,3,3
2020,48,299,29,29,29,0.0167533218,3,3
2020,48,301,,,,,,
2020,48,303,1122,1122,1122,0.0227849644,1,1
2020,48,305,27,27,27,0.0230375427,3,3
2020,48,307,16,15,17,0.0134907251,3,3
2020,48,309,1148,1146,1150,0.0213724541,1,1
2020,48,311,,,,,,
2020,48,313,,,,,,
2020,48,315,14,14,14,0.011409943,3,3
2020,48,317,,,,,,
2020,48,319,14,14,14,0.0195530726,3,3
2020,48,321,151,150,152,0.0220020399,1,1
2020,48,323,116,116,116,0.0082691759,1,1
2020,48,325,143,143,143,0.0130414957,1,1
2020,48,327,,,,,,
2020,48,329,615,615,615,0.0216366451,1,1
2020,48,331,59,57,61,0.015522231,2,2
2020,48,333,,,,,,
2020,48,335,,,,,,
2020,48,337,39,36,42,0.0124521073,3,3
2020,48,339,1367,1367,1367,0.011894093,1,1
2020,48,341,65,64,66,0.013652594,1,1
2020,48,343,90,90,90,0.046923879,1,1
2020,48,345,,,,,,
2020,48,347,139,138,140,0.0144041451,1,1
2020,48,349,71,70,72,0.0079516183,1,1
2020,48,351,55,55,55,0.0310383747,1,1
2020,48,353,97,97,97,0.0325285044,1,1
2020,48,355,1058,1055,1061,0.0198491614,1,1
2020,48,357,30,30,30,0.0140646976,1,1
2020,48,359,,,,,,
2020,48,361,364,364,364,0.0246428813,1,1
2020,48,363,97,96,98,0.024967825,1,1
2020,48,365,11,9,13,0.0027575834,3,3
2020,48,367,230,229,231,0.0110063645,1,1
2020,48,369,14,14,14,0.0090264346,3,3
2020,48,371,,,,,,
2020,48,373,151,151,151,0.0265657987,1,1
2020,48,375,1888,1888,1888,0.0539521061,1,1
2020,48,377,,,,,,
2020,48,379,30,30,30,0.0175541252,1,1
2020,48,381,135,135,135,0.013076327,1,1
2020,48,383,45,45,45,0.0537634409,1,1
2020,48,385,,,,,,
2020,48,387,50,50,50,0.0253036437,1,1
2020,48,389,,,,,,
2020,48,391,33,33,33,0.0264635124,1,1
2020,48,393,,,,,,
2020,48,395,26,25,27,0.0105177994,3,3
2020,48,397,43,43,43,0.001801198,1,1
2020,48,399,45,44,46,0.0222772277,1,1
2020,48,401,80,78,82,0.01189768,2,2
2020,48,403,53,52,54,0.029185022,1,1
2020,48,405,,,,,,
2020,48,407,141,141,141,0.0407161421,1,1
2020,48,409,162,162,162,0.0117553153,1,1
2020,48,411,10,9,11,0.0117233294,3,3
2020,48,413,15,15,15,0.0287907869,3,3
2020,48,415,41,40,42,0.0142608696,1,1
2020,48,417,30,30,30,0.0483091787,1,1
2020,48,419,102,102,102,0.0279605263,1,1
2020,48,421,,,,,,
2020,48,423,488,488,488,0.0144029278,1,1
2020,48,425,17,17,17,0.0088495575,3,3
2020,48,427,33,33,33,0.0033009903,1,1
2020,48,429,82,82,82,0.0584878745,1,1
2020,48,431,,,,,,
2020,48,433,17,17,17,0.0798122066,3,3
2020,48,435,,,,,,
2020,48,437,24,24,24,0.0252631579,3,3
2020,48,439,6846,6846,6846,0.01993222,1,1
2020,48,441,1363,1362,1364,0.0586690771,1,1
2020,48,443,,,,,,
2020,48,445,61,60,62,0.0280976509,1,1
2020,48,447,34,34,34,0.2428571429,1,1
2020,48,449,56,56,56,0.0080022864,1,1
2020,48,451,258,257,259,0.0127729095,1,1
2020,48,453,2189,2185,2193,0.0143327637,1,1
2020,48,455,15,14,16,0.007800312,3,3
2020,48,457,54,54,54,0.0153933865,1,1
2020,48,459,222,221,223,0.0317052271,1,1
2020,48,461,10,10,10,0.0346020761,3,3
2020,48,463,51,51,51,0.0111451049,1,1
2020,48,465,94,94,94,0.0095199514,1,1
2020,48,467,113,112,114,0.0125304946,1,1
2020,48,469,713,713,713,0.0496310734,1,1
2020,48,471,334,334,334,0.0280766644,1,1
2020,48,473,217,217,217,0.018469657,1,1
2020,48,475,,,,,,
2020,48,477,20,20,20,0.0040453074,3,3
2020,48,479,829,829,829,0.0129646717,1,1
2020,48,481,112,111,113,0.0159136118,1,1
2020,48,483,16,16,16,0.0383693046,3,3
2020,48,485,445,445,445,0.0220723178,1,1
2020,48,487,37,36,38,0.0173139916,2,2
2020,48,489,130,129,131,0.0338365435,1,1
2020,48,491,1336,1335,1337,0.0107964831,1,1
2020,48,493,105,105,105,0.0118764846,1,1
2020,48,495,27,27,27,0.0211764706,3,3
2020,48,497,192,192,192,0.0207343413,1,1
2020,48,499,106,106,106,0.0185769366,1,1
2020,48,501,38,37,39,0.0183663606,2,2
2020,48,503,74,74,74,0.0231539424,1,1
2020,48,505,137,137,137,0.0393000574,1,1
2020,48,507,118,117,119,0.0498942918,1,1
2020,49,001,28,28,28,0.0178799489,3,3
2020,49,003,89,89,89,0.0073785442,1,1
2020,49,005,247,247,247,0.0098140496,1,1
2020,49,007,11,11,11,0.0032286469,3,3
2020,49,009,,,,,,
2020,49,011,1439,1436,1442,0.0179261031,1,1
2020,49,013,104,104,104,0.0203921569,1,1
2020,49,015,37,37,37,0.0162708883,1,1
2020,49,017,19,19,19,0.0192502533,3,3
2020,49,019,,,,,,
2020,49,021,357,356,358,0.0292551012,1,1
2020,49,023,,,,,,
2020,49,025,18,18,18,0.0130151844,3,3
2020,49,027,78,78,78,0.0252182347,1,1
2020,49,029,,,,,,
2020,49,031,,,,,,
2020,49,033,,,,,,
2020,49,035,5340,5337,5343,0.0278056934,1,1
2020,49,037,62,62,62,0.3502824859,1,1
2020,49,039,47,47,47,0.00803007,1,1
2020,49,041,43,43,43,0.0091801879,1,1
2020,49,043,,,,,,
2020,49,045,280,280,280,0.0118946474,1,1
2020,49,047,14,14,14,0.0020434973,3,3
2020,49,049,796,794,798,0.0058860502,1,1
2020,49,051,121,121,121,0.0130796671,1,1
2020,49,053,742,742,742,0.0190110172,1,1
2020,49,055,,,,,,
2020,49,057,465,463,467,0.0098544091,1,1
2020,50,001,47,47,47,0.0114802149,1,1
2020,50,003,118,117,119,0.0232055064,1,1
2020,50,005,58,57,59,0.0136824723,1,1
2020,50,007,206,206,206,0.0095556174,1,1
2020,50,009,,,,,,
2020,50,011,81,80,82,0.0103527607,1,1
2020,50,013,,,,,,
2020,50,015,33,31,35,0.0098010098,3,3
2020,50,017,67,64,70,0.01706137,2,2
2020,50,019,94,91,97,0.0258810573,2,2
2020,50,021,48,48,48,0.011741683,1,1
2020,50,023,97,97,97,0.0188532556,1,1
2020,50,025,90,90,90,0.023400936,1,1
2020,50,027,68,67,69,0.0173380928,1,1
2020,51,001,240,240,240,0.0493522517,1,1
2020,51,003,,,,,,
2020,51,005,,,,,,
2020,51,007,,,,,,
2020,51,009,62,62,62,0.0153275649,1,1
2020,51,011,15,15,15,0.0066021127,3,3
2020,51,013,161,161,161,0.0060005218,1,1
2020,51,015,54,54,54,0.00532177,1,1
2020,51,017,,,,,,
2020,51,019,78,78,78,0.008503216,1,1
2020,51,021,,,,,,
2020,51,023,16,16,16,0.003610923,3,3
2020,51,025,,,,,,
2020,51,027,,,,,,
2020,51,029,46,46,46,0.0228969637,1,1
2020,51,031,24,24,24,0.0030820598,3,3
2020,51,033,34,34,34,0.0082304527,1,1
2020,51,035,27,27,27,0.007603492,3,3
2020,51,036,13,13,13,0.0226086957,3,3
2020,51,037,13,13,13,0.0075318656,3,3
2020,51,041,491,491,491,0.0080703485,1,1
2020,51,043,,,,,,
2020,51,045,10,10,10,0.0183150183,3,3
2020,51,047,80,80,80,0.0096922704,1,1
2020,51,049,,,,,,
2020,51,051,,,,,,
2020,51,053,17,17,17,0.0040389641,3,3
2020,51,057,23,23,23,0.0187908497,3,3
2020,51,059,1186,1186,1186,0.0065878641,1,1
2020,51,061,191,191,191,0.0185653188,1,1
2020,51,063,16,16,16,0.0087383943,3,3
2020,51,065,68,68,68,0.0206248104,1,1
2020,51,067,11,11,11,0.0016837594,3,3
2020,51,069,,,,,,
2020,51,071,34,34,34,0.0147954743,1,1
2020,51,073,27,27,27,0.0053528945,3,3
2020,51,075,10,10,10,0.0038744673,3,3
2020,51,077,,,,,,
2020,51,079,27,27,27,0.0092213115,3,3
2020,51,081,,,,,,
2020,51,083,33,33,33,0.0070362473,1,1
2020,51,085,56,56,56,0.0033900357,1,1
2020,51,087,551,551,551,0.0109780638,1,1
2020,51,089,60,60,60,0.0084151473,1,1
2020,51,091,,,,,,
2020,51,093,22,22,22,0.0040770941,3,3
2020,51,095,,,,,,
2020,51,097,,,,,,
2020,51,099,66,66,66,0.0153595532,1,1
2020,51,101,27,27,27,0.0096085409,3,3
2020,51,103,26,26,26,0.0256410256,3,3
2020,51,105,22,22,22,0.0072178478,3,3
2020,51,107,1882,1882,1882,0.0232156514,1,1
2020,51,109,25,25,25,0.0050160514,3,3
2020,51,111,47,47,47,0.0289765721,1,1
2020,51,113,15,15,15,0.0092250923,3,3
2020,51,115,18,18,18,0.0193340494,3,3
2020,51,117,19,19,19,0.0046488867,3,3
2020,51,119,15,15,15,0.012864494,3,3
2020,51,121,90,90,90,0.009280264,1,1
2020,51,125,30,30,30,0.0187969925,1,1
2020,51,127,14,14,14,0.0046052632,3,3
2020,51,131,127,127,127,0.090070922,1,1
2020,51,133,,,,,,
2020,51,135,28,28,28,0.0149094782,3,3
2020,51,137,44,44,44,0.0089722675,1,1
2020,51,139,60,60,60,0.0186974135,1,1
2020,51,141,47,47,47,0.0186804452,1,1
2020,51,143,,,,,,
2020,51,145,23,23,23,0.0054657795,3,3
2020,51,147,,,,,,
2020,51,149,46,46,46,0.00754222,1,1
2020,51,153,450,450,450,0.0050252379,1,1
2020,51,155,45,45,45,0.0112247443,1,1
2020,51,157,10,10,10,0.0130548303,3,3
2020,51,159,21,21,21,0.0160796325,3,3
2020,51,161,59,59,59,0.0043097151,1,1
2020,51,163,16,16,16,0.0059018812,3,3
2020,51,165,,,,,,
2020,51,167,,,,,,
2020,51,169,,,,,,
2020,51,171,52,52,52,0.0090136939,1,1
2020,51,173,18,18,18,0.0043806279,3,3
2020,51,175,27,27,27,0.0103448276,3,3
2020,51,177,431,431,431,0.0187187839,1,1
2020,51,179,171,171,171,0.0058218712,1,1
2020,51,181,,,,,,
2020,51,183,,,,,,
2020,51,185,16,16,16,0.0029455081,3,3
2020,51,187,86,86,86,0.0166698973,1,1
2020,51,191,79,79,79,0.0116881195,1,1
2020,51,193,41,41,41,0.0187987162,1,1
2020,51,195,207,207,207,0.0373511368,1,1
2020,51,197,45,45,45,0.0116670988,1,1
2020,51,199,172,172,172,0.0139497161,1,1
2020,51,510,111,111,111,0.0070364501,1,1
2020,51,520,91,91,91,0.0411020777,1,1
2020,51,530,,,,,,
2020,51,540,149,149,149,0.0083924749,1,1
2020,51,550,139,139,139,0.0035036423,1,1
2020,51,570,42,42,42,0.0150862069,1,1
2020,51,580,,,,,,
2020,51,590,70,70,70,0.012715713,1,1
2020,51,595,12,12,12,0.0056153486,3,3
2020,51,600,,,,,,
2020,51,610,11,11,11,0.0044,3,3
2020,51,620,30,30,30,0.0291828794,1,1
2020,51,630,102,102,102,0.0287729196,1,1
2020,51,640,14,14,14,0.0105820106,3,3
2020,51,650,323,323,323,0.0168027883,1,1
2020,51,660,80,80,80,0.0044840536,1,1
2020,51,670,41,41,41,0.0096698113,1,1
2020,51,678,,,,,,
2020,51,680,130,130,130,0.0163831128,1,1
2020,51,683,42,42,42,0.0056764428,1,1
2020,51,685,11,11,11,0.0031428571,3,3
2020,51,690,33,33,33,0.0175438596,1,1
2020,51,700,321,321,321,0.0118393391,1,1
2020,51,710,512,512,512,0.0183151493,1,1
2020,51,720,18,18,18,0.0209059233,3,3
2020,51,730,402,402,402,0.099381953,1,1
2020,51,735,,,,,,
2020,51,740,200,200,200,0.0149309444,1,1
2020,51,750,25,25,25,0.0099206349,3,3
2020,51,760,543,543,543,0.019238264,1,1
2020,51,770,519,519,519,0.0374648091,1,1
2020,51,775,23,23,23,0.0060083595,3,3
2020,51,790,39,39,39,0.0149597238,1,1
2020,51,800,114,114,114,0.0082197707,1,1
2020,51,810,622,622,622,0.0094799732,1,1
2020,51,820,45,45,45,0.0154479918,1,1
2020,51,830,205,205,205,0.0186618116,1,1
2020,51,840,474,474,474,0.0266456799,1,1
2020,53,001,56,56,56,0.0106829454,1,1
2020,53,003,157,157,157,0.0498412698,1,1
2020,53,005,619,619,619,0.0168243096,1,1
2020,53,007,764,764,764,0.061173833,1,1
2020,53,009,273,272,274,0.0273136568,1,1
2020,53,011,2201,2200,2202,0.029461764,1,1
2020,53,013,23,23,23,0.0567901235,3,3
2020,53,015,789,789,789,0.0476794779,1,1
2020,53,017,373,372,374,0.0458625353,1,1
2020,53,019,36,36,36,0.0491803279,1,1
2020,53,021,472,472,472,0.0226955811,1,1
2020,53,023,,,,,,
2020,53,025,854,853,855,0.0427299109,1,1
2020,53,027,744,744,744,0.0712916826,1,1
2020,53,029,466,466,466,0.0582063452,1,1
2020,53,031,54,54,54,0.0288615714,1,1
2020,53,033,6932,6932,6932,0.0259399101,1,1
2020,53,035,662,661,663,0.0189673944,1,1
2020,53,037,60,60,60,0.0122000813,1,1
2020,53,039,65,62,68,0.0174919268,2,2
2020,53,041,676,675,677,0.0579561043,1,1
2020,53,043,28,25,31,0.0132013201,3,3
2020,53,045,704,704,704,0.0704493145,1,1
2020,53,047,291,290,292,0.0218994582,1,1
2020,53,049,359,359,359,0.119269103,1,1
2020,53,051,198,198,198,0.1340555179,1,1
2020,53,053,4121,4121,4121,0.0310155115,1,1
2020,53,055,10,9,11,0.0064350064,3,3
2020,53,057,724,723,725,0.039006519,1,1
2020,53,059,32,31,33,0.0329557158,2,2
2020,53,061,3465,3465,3465,0.0263187877,1,1
2020,53,063,2609,2609,2609,0.035731405,1,1
2020,53,065,249,248,250,0.0411366265,1,1
2020,53,067,1418,1417,1419,0.0344810816,1,1
2020,53,069,50,50,50,0.1030927835,1,1
2020,53,071,302,302,302,0.036442621,1,1
2020,53,073,868,868,868,0.0324437467,1,1
2020,53,075,95,93,97,0.0232217062,1,1
2020,53,077,2084,2083,2085,0.0388842243,1,1
2020,54,001,,,,,,
2020,54,003,415,415,415,0.0215271294,1,1
2020,54,005,27,27,27,0.0080693365,3,3
2020,54,007,33,33,33,0.0186335404,1,1
2020,54,009,40,40,40,0.0154380548,1,1
2020,54,011,385,385,385,0.0324210526,1,1
2020,54,013,233,233,233,0.2623873874,1,1
2020,54,015,441,441,441,0.252,1,1
2020,54,017,47,47,47,0.0426497278,1,1
2020,54,019,112,112,112,0.0196905767,1,1
2020,54,021,,,,,,
2020,54,023,77,77,77,0.0480649189,1,1
2020,54,025,57,57,57,0.0120788303,1,1
2020,54,027,100,100,100,0.0346620451,1,1
2020,54,029,25,25,25,0.0066015316,3,3
2020,54,031,49,49,49,0.0218262806,1,1
2020,54,033,630,630,630,0.062308377,1,1
2020,54,035,,,,,,
2020,54,037,788,788,788,0.0926404891,1,1
2020,54,039,749,749,749,0.0302981271,1,1
2020,54,041,134,134,134,0.0539669754,1,1
2020,54,043,424,424,424,0.1361592807,1,1
2020,54,045,397,397,397,0.0759227386,1,1
2020,54,047,180,180,180,0.066518847,1,1
2020,54,049,46,46,46,0.0060067903,1,1
2020,54,051,73,73,73,0.0168981481,1,1
2020,54,053,69,69,69,0.0179081235,1,1
2020,54,055,438,438,438,0.051742469,1,1
2020,54,057,73,73,73,0.0182454386,1,1
2020,54,059,425,425,425,0.1077313054,1,1
2020,54,061,365,365,365,0.0328444164,1,1
2020,54,063,139,139,139,0.0835838845,1,1
2020,54,065,106,106,106,0.0486015589,1,1
2020,54,067,246,246,246,0.0708729473,1,1
2020,54,069,65,65,65,0.012835703,1,1
2020,54,071,15,15,15,0.0172413793,3,3
2020,54,073,87,87,87,0.0826996198,1,1
2020,54,075,46,46,46,0.0478668054,1,1
2020,54,077,250,250,250,0.0593824228,1,1
2020,54,079,57,57,57,0.0062315513,1,1
2020,54,081,76,76,76,0.0069923636,1,1
2020,54,083,271,271,271,0.0715039578,1,1
2020,54,085,95,95,95,0.0733024691,1,1
2020,54,087,133,133,133,0.0698896479,1,1
2020,54,089,31,31,31,0.0222541278,1,1
2020,54,091,,,,,,
2020,54,093,85,85,85,0.0914962325,1,1
2020,54,095,,,,,,
2020,54,097,411,411,411,0.1109311741,1,1
2020,54,099,56,56,56,0.0086673889,1,1
2020,54,101,94,94,94,0.0787269682,1,1
2020,54,103,16,16,16,0.0067510549,3,3
2020,54,105,118,118,118,0.1244725738,1,1
2020,54,107,212,212,212,0.0178691841,1,1
2020,54,109,44,44,44,0.0119532736,1,1
2020,55,001,34,34,34,0.025974026,1,1
2020,55,003,16,16,16,0.0087145969,3,3
2020,55,005,139,139,139,0.018162812,1,1
2020,55,007,16,16,16,0.0215343203,3,3
2020,55,009,1042,1041,1043,0.0241763341,1,1
2020,55,011,16,14,18,0.0085561497,3,3
2020,55,013,49,49,49,0.0172839506,1,1
2020,55,015,13,12,14,0.004248366,3,3
2020,55,017,93,92,94,0.0122610415,1,1
2020,55,019,121,121,121,0.0377064506,1,1
2020,55,021,63,59,67,0.0084,3,3
2020,55,023,21,21,21,0.0107969152,3,3
2020,55,025,1287,1287,1287,0.0165025389,1,1
2020,55,027,190,190,190,0.0227435959,1,1
2020,55,029,27,26,28,0.0084269663,3,3
2020,55,031,152,152,152,0.0257365391,1,1
2020,55,033,49,49,49,0.008423586,1,1
2020,55,035,307,307,307,0.0229618549,1,1
2020,55,037,,,,,,
2020,55,039,149,148,150,0.0115146832,1,1
2020,55,041,16,15,17,0.0107744108,3,3
2020,55,043,147,147,147,0.0234711799,1,1
2020,55,045,46,46,46,0.0108669974,1,1
2020,55,047,69,69,69,0.0268065268,1,1
2020,55,049,52,52,52,0.0154577883,1,1
2020,55,051,,,,,,
2020,55,053,98,98,98,0.04345898,1,1
2020,55,055,186,185,187,0.0152621646,1,1
2020,55,057,73,73,73,0.0202272098,1,1
2020,55,059,416,415,417,0.0162671568,1,1
2020,55,061,32,32,32,0.0092942202,1,1
2020,55,063,199,199,199,0.0133003609,1,1
2020,55,065,41,39,43,0.0167963949,3,3
2020,55,067,14,14,14,0.0065055762,3,3
2020,55,069,58,58,58,0.0129957428,1,1
2020,55,071,133,133,133,0.0139398386,1,1
2020,55,073,248,248,248,0.0144825975,1,1
2020,55,075,112,111,113,0.0218068536,1,1
2020,55,077,,,,,,
2020,55,078,139,139,139,0.1453974895,1,1
2020,55,079,3112,3110,3114,0.0270169377,1,1
2020,55,081,83,83,83,0.0126254944,1,1
2020,55,083,61,61,61,0.0156772038,1,1
2020,55,085,14,13,15,0.0046620047,3,3
2020,55,087,485,484,486,0.0138892866,1,1
2020,55,089,,,,,,
2020,55,091,23,23,23,0.0238341969,3,3
2020,55,093,71,70,72,0.0100752093,1,1
2020,55,095,160,159,161,0.0238059813,1,1
2020,55,097,127,127,127,0.0173663339,1,1
2020,55,099,,,,,,
2020,55,101,562,560,564,0.0233340253,1,1
2020,55,103,45,45,45,0.0279156328,1,1
2020,55,105,780,780,780,0.0299171525,1,1
2020,55,107,16,16,16,0.0206718346,3,3
2020,55,109,110,109,111,0.0075513146,1,1
2020,55,111,287,287,287,0.0253555968,1,1
2020,55,113,92,92,92,0.0406899602,1,1
2020,55,115,105,104,106,0.023364486,1,1
2020,55,117,209,208,210,0.0127136687,1,1
2020,55,119,27,27,27,0.0071599045,3,3
2020,55,121,17,15,19,0.0050206734,3,3
2020,55,123,73,73,73,0.018961039,1,1
2020,55,125,85,85,85,0.0341777242,1,1
2020,55,127,200,196,204,0.0145401672,1,1
2020,55,129,37,37,37,0.0195974576,1,1
2020,55,131,104,103,105,0.0057011293,1,1
2020,55,133,284,281,287,0.0049174083,1,1
2020,55,135,173,172,174,0.0223687613,1,1
2020,55,137,32,32,32,0.0170303353,1,1
2020,55,139,355,355,355,0.0162844037,1,1
2020,55,141,208,207,209,0.0184201204,1,1
2020,56,001,83,83,83,0.021189686,1,1
2020,56,003,36,36,36,0.0110633067,1,1
2020,56,005,228,228,228,0.0266137504,1,1
2020,56,007,84,84,84,0.0368582712,1,1
2020,56,009,90,90,90,0.03894418,1,1
2020,56,011,,,,,,
2020,56,013,395,395,395,0.062165565,1,1
2020,56,015,19,19,19,0.0118306351,3,3
2020,56,017,,,,,,
2020,56,019,,,,,,
2020,56,021,313,313,313,0.0207973422,1,1
2020,56,023,13,13,13,0.0037005408,3,3
2020,56,025,129,129,129,0.0098398169,1,1
2020,56,027,,,,,,
2020,56,029,48,48,48,0.0127287192,1,1
2020,56,031,33,32,34,0.0275,2,2
2020,56,033,62,62,62,0.0131300296,1,1
2020,56,035,,,,,,
2020,56,037,83,83,83,0.0110666667,1,1
2020,56,039,47,47,47,0.0170971262,1,1
2020,56,041,23,22,24,0.0055435045,3,3
2020,56,043,38,38,38,0.0331299041,1,1
2020,56,045,28,28,28,0.036036036,3,3
2021,01,001,42,42,42,0.0046625222,1,1
2021,01,003,232,232,232,0.0067935578,1,1
2021,01,005,31,31,31,0.0041239856,1,1
2021,01,007,,,,,,
2021,01,009,38,38,38,0.0049614832,1,1
2021,01,011,10,10,10,0.0069300069,3,3
2021,01,013,64,64,64,0.0218653912,1,1
2021,01,015,199,198,200,0.0116722388,1,1
2021,01,017,,,,,,
2021,01,019,288,288,288,0.0739409499,1,1
2021,01,021,,,,,,
2021,01,023,,,,,,
2021,01,025,17,16,18,0.00509287,3,3
2021,01,027,22,22,22,0.0120481928,3,3
2021,01,029,59,59,59,0.0234406039,1,1
2021,01,031,253,253,253,0.025257063,1,1
2021,01,033,56,55,57,0.0108801243,1,1
2021,01,035,,,,,,
2021,01,037,,,,,,
2021,01,039,11,11,11,0.0059076262,3,3
2021,01,041,,,,,,
2021,01,043,14,14,14,0.0010829208,3,3
2021,01,045,93,93,93,0.0281903607,1,1
2021,01,047,136,136,136,0.0265262337,1,1
2021,01,049,270,269,271,0.0222772277,1,1
2021,01,051,61,61,61,0.0045078333,1,1
2021,01,053,17,17,17,0.0031704588,3,3
2021,01,055,165,165,165,0.0110051357,1,1
2021,01,057,,,,,,
2021,01,059,,,,,,
2021,01,061,,,,,,
2021,01,063,,,,,,
2021,01,065,,,,,,
2021,01,067,,,,,,
2021,01,069,135,134,136,0.0089898115,1,1
2021,01,071,72,72,72,0.0094277858,1,1
2021,01,073,768,768,768,0.0080975929,1,1
2021,01,075,14,14,14,0.0063291139,3,3
2021,01,077,148,148,148,0.0114782069,1,1
2021,01,079,164,164,164,0.0344248531,1,1
2021,01,081,72,72,72,0.0030411827,1,1
2021,01,083,108,108,108,0.00532177,1,1
2021,01,085,158,158,158,0.1338983051,1,1
2021,01,087,,,,,,
2021,01,089,452,452,452,0.0080550308,1,1
2021,01,091,,,,,,
2021,01,093,56,55,57,0.0121002593,1,1
2021,01,095,676,676,676,0.0358868185,1,1
2021,01,097,2349,2347,2351,0.0388033567,1,1
2021,01,099,98,98,98,0.0309832438,1,1
2021,01,101,266,266,266,0.0097094466,1,1
2021,01,103,103,103,103,0.0051795233,1,1
2021,01,105,,,,,,
2021,01,107,,,,,,
2021,01,109,68,68,68,0.0177129461,1,1
2021,01,111,,,,,,
2021,01,113,114,114,114,0.0103448276,1,1
2021,01,115,210,210,210,0.0150959672,1,1
2021,01,117,387,387,387,0.0124935434,1,1
2021,01,119,,,,,,
2021,01,121,,,,,,
2021,01,123,20,19,21,0.0034873583,3,3
2021,01,125,295,295,295,0.0098088113,1,1
2021,01,127,110,110,110,0.0112244898,1,1
2021,01,129,27,27,27,0.0104529617,3,3
2021,01,131,95,95,95,0.0727411945,1,1
2021,01,133,,,,,,
2021,02,013,,,,,,
2021,02,016,,,,,,
2021,02,020,1690,1690,1690,0.0386798499,1,1
2021,02,050,63,63,63,0.0145867099,1,1
2021,02,060,,,,,,
2021,02,063,,,,,,
2021,02,066,,,,,,
2021,02,068,,,,,,
2021,02,070,16,16,16,0.0375586854,3,3
2021,02,090,285,284,286,0.0181170936,1,1
2021,02,100,,,,,,
2021,02,105,22,22,22,0.1788617886,3,3
2021,02,110,72,72,72,0.016532721,1,1
2021,02,122,176,176,176,0.020895168,1,1
2021,02,130,18,18,18,0.0083487941,3,3
2021,02,150,22,22,22,0.0096618357,3,3
2021,02,158,23,23,23,0.0115288221,3,3
2021,02,164,,,,,,
2021,02,170,453,453,453,0.0234484187,1,1
2021,02,180,44,44,44,0.017147311,1,1
2021,02,185,39,39,39,0.0189504373,1,1
2021,02,188,,,,,,
2021,02,195,,,,,,
2021,02,198,25,24,26,0.0222024867,3,3
2021,02,220,13,13,13,0.0084470435,3,3
2021,02,230,,,,,,
2021,02,240,,,,,,
2021,02,275,,,,,,
2021,02,282,,,,,,
2021,02,290,148,148,148,0.0159948125,1,1
2021,04,001,180,179,181,0.0420266169,1,1
2021,04,003,563,562,564,0.0422292229,1,1
2021,04,005,502,500,504,0.0330720074,1,1
2021,04,007,397,397,397,0.0726973082,1,1
2021,04,009,20,20,20,0.0050238634,3,3
2021,04,011,,,,,,
2021,04,012,19,18,20,0.0094905095,3,3
2021,04,013,10752,10724,10780,0.0161114133,1,1
2021,04,015,359,357,361,0.0248116663,1,1
2021,04,017,713,710,716,0.0402870381,1,1
2021,04,019,2663,2660,2666,0.0200341551,1,1
2021,04,021,536,533,539,0.0113754536,1,1
2021,04,023,528,527,529,0.0568904213,1,1
2021,04,025,1223,1222,1224,0.0642399412,1,1
2021,04,027,321,320,322,0.0098300413,1,1
2021,05,001,50,50,50,0.0180245133,1,1
2021,05,003,49,49,49,0.0147412756,1,1
2021,05,005,164,164,164,0.0317337461,1,1
2021,05,007,1192,1192,1192,0.0233697996,1,1
2021,05,009,347,347,347,0.0579202137,1,1
2021,05,011,14,14,14,0.0073995772,3,3
2021,05,013,66,66,66,0.1235955056,1,1
2021,05,015,209,209,209,0.0539772727,1,1
2021,05,017,14,14,14,0.0151024811,3,3
2021,05,019,26,26,26,0.01003861,3,3
2021,05,021,69,69,69,0.0299349241,1,1
2021,05,023,144,144,144,0.0448458424,1,1
2021,05,025,35,35,35,0.0261780105,1,1
2021,05,027,40,39,41,0.0105652404,2,2
2021,05,029,305,305,305,0.0899970493,1,1
2021,05,031,422,422,422,0.02185283,1,1
2021,05,033,271,271,271,0.0252022691,1,1
2021,05,035,179,179,179,0.0194798128,1,1
2021,05,037,150,150,150,0.0473933649,1,1
2021,05,039,,,,,,
2021,05,041,36,36,36,0.0166204986,1,1
2021,05,043,32,32,32,0.0108585002,1,1
2021,05,045,699,699,699,0.0374217035,1,1
2021,05,047,47,47,47,0.0147196993,1,1
2021,05,049,106,106,106,0.0603988604,1,1
2021,05,051,577,577,577,0.0385617857,1,1
2021,05,053,62,62,62,0.0130967469,1,1
2021,05,055,143,143,143,0.0187246301,1,1
2021,05,057,162,162,162,0.0487658037,1,1
2021,05,059,130,130,130,0.0254901961,1,1
2021,05,061,88,88,88,0.0315978456,1,1
2021,05,063,302,302,302,0.0440425842,1,1
2021,05,065,83,83,83,0.0443139349,1,1
2021,05,067,129,129,129,0.0608490566,1,1
2021,05,069,237,237,237,0.0264184595,1,1
2021,05,071,172,172,172,0.0385045892,1,1
2021,05,073,21,21,21,0.0392523364,3,3
2021,05,075,162,162,162,0.0527515467,1,1
2021,05,077,,,,,,
2021,05,079,21,21,21,0.0148305085,3,3
2021,05,081,39,38,40,0.0217633929,2,2
2021,05,083,259,259,259,0.078366112,1,1
2021,05,085,160,159,161,0.0118360704,1,1
2021,05,087,79,79,79,0.0343926861,1,1
2021,05,089,123,123,123,0.0652866242,1,1
2021,05,091,127,127,127,0.0244418784,1,1
2021,05,093,402,402,402,0.0622002166,1,1
2021,05,095,63,63,63,0.0702341137,1,1
2021,05,097,56,56,56,0.0561122244,1,1
2021,05,099,34,34,34,0.0259938838,1,1
2021,05,101,280,280,280,0.2232854864,1,1
2021,05,103,30,30,30,0.0082667401,1,1
2021,05,105,11,11,11,0.007019783,3,3
2021,05,107,67,67,67,0.0203215044,1,1
2021,05,109,76,76,76,0.0358998583,1,1
2021,05,111,313,313,313,0.0829358771,1,1
2021,05,113,64,64,64,0.0189349112,1,1
2021,05,115,448,448,448,0.044172747,1,1
2021,05,117,36,36,36,0.0310077519,1,1
2021,05,119,1088,1086,1090,0.0180890152,1,1
2021,05,121,126,126,126,0.0482943657,1,1
2021,05,123,66,66,66,0.0298237686,1,1
2021,05,125,138,138,138,0.0076012118,1,1
2021,05,127,62,62,62,0.0272767268,1,1
2021,05,129,38,38,38,0.0271816881,1,1
2021,05,131,389,389,389,0.0192450403,1,1
2021,05,133,169,169,169,0.0557755776,1,1
2021,05,135,147,147,147,0.0514886165,1,1
2021,05,137,,,,,,
2021,05,139,208,208,208,0.0286304198,1,1
2021,05,141,231,231,231,0.1247974068,1,1
2021,05,143,975,974,976,0.0224246188,1,1
2021,05,145,284,284,284,0.0225218081,1,1
2021,05,147,53,53,53,0.0566239316,1,1
2021,05,149,151,151,151,0.0374689826,1,1
2021,06,001,3830,3818,3842,0.0185679865,1,1
2021,06,003,,,,,,
2021,06,005,185,185,185,0.0458147598,1,1
2021,06,007,1606,1603,1609,0.056163665,1,1
2021,06,009,164,164,164,0.0311668567,1,1
2021,06,011,437,437,437,0.0894209126,1,1
2021,06,013,2524,2519,2529,0.0153692518,1,1
2021,06,015,222,222,222,0.052920143,1,1
2021,06,017,869,866,872,0.0273459626,1,1
2021,06,019,2731,2728,2734,0.0134262173,1,1
2021,06,021,138,136,140,0.0240921788,1,1
2021,06,023,1066,1059,1073,0.0655515927,1,1
2021,06,025,1569,1568,1570,0.0456489482,1,1
2021,06,027,79,77,81,0.0315369261,2,2
2021,06,029,5532,5529,5535,0.0289162672,1,1
2021,06,031,625,625,625,0.0222277545,1,1
2021,06,033,545,544,546,0.0553636733,1,1
2021,06,035,126,124,128,0.0350877193,1,1
2021,06,037,49164,49104,49224,0.0377793164,1,1
2021,06,039,976,974,978,0.0312940875,1,1
2021,06,041,1684,1677,1691,0.0580549523,1,1
2021,06,043,161,161,161,0.0942071387,1,1
2021,06,045,667,664,670,0.0540650077,1,1
2021,06,047,1553,1551,1555,0.0264709893,1,1
2021,06,049,17,17,17,0.0203106332,3,3
2021,06,051,44,44,44,0.0258519389,1,1
2021,06,053,9697,9692,9702,0.1302817374,1,1
2021,06,055,363,363,363,0.0203349952,1,1
2021,06,057,404,403,405,0.0291654635,1,1
2021,06,059,26139,26130,26148,0.0587244138,1,1
2021,06,061,1155,1153,1157,0.0180223758,1,1
2021,06,063,113,113,113,0.0541706616,1,1
2021,06,065,14947,14946,14948,0.0359495595,1,1
2021,06,067,10308,10302,10314,0.0431853602,1,1
2021,06,069,343,342,344,0.0309734513,1,1
2021,06,071,25644,25642,25646,0.0648179743,1,1
2021,06,073,20454,20437,20471,0.0451114885,1,1
2021,06,075,2981,2980,2982,0.055266134,1,1
2021,06,077,5290,5283,5297,0.0364686742,1,1
2021,06,079,2865,2864,2866,0.0877381025,1,1
2021,06,081,1849,1845,1853,0.0226465473,1,1
2021,06,083,6674,6668,6680,0.1010156049,1,1
2021,06,085,4573,4567,4579,0.0199325267,1,1
2021,06,087,2930,2929,2931,0.0755427216,1,1
2021,06,089,668,658,678,0.0261724719,1,1
2021,06,091,46,46,46,0.116751269,1,1
2021,06,093,345,338,352,0.0612897495,1,1
2021,06,095,995,992,998,0.0162094357,1,1
2021,06,097,607,598,616,0.0107090559,1,1
2021,06,099,1974,1969,1979,0.018780504,1,1
2021,06,101,448,446,450,0.0206899737,1,1
2021,06,103,681,680,682,0.0657526311,1,1
2021,06,105,157,157,157,0.1148500366,1,1
2021,06,107,2512,2506,2518,0.025419441,1,1
2021,06,109,253,252,254,0.0442927171,1,1
2021,06,111,6624,6621,6627,0.0457547039,1,1
2021,06,113,531,530,532,0.0184061839,1,1
2021,06,115,433,433,433,0.0296068376,1,1
2021,08,001,2201,2201,2201,0.0267465458,1,1
2021,08,003,116,116,116,0.0476581758,1,1
2021,08,005,1847,1847,1847,0.0161021751,1,1
2021,08,007,10,10,10,0.0058411215,3,3
2021,08,009,,,,,,
2021,08,011,12,12,12,0.014527845,3,3
2021,08,013,1971,1971,1971,0.0321051603,1,1
2021,08,014,,,,,,
2021,08,015,50,50,50,0.0381097561,1,1
2021,08,017,,,,,,
2021,08,019,16,16,16,0.0229885057,3,3
2021,08,021,10,9,11,0.0072780204,3,3
2021,08,023,75,75,75,0.1623376623,1,1
2021,08,025,,,,,,
2021,08,027,,,,,,
2021,08,029,178,178,178,0.0386117137,1,1
2021,08,031,1830,1830,1830,0.0168624741,1,1
2021,08,033,,,,,,
2021,08,035,475,475,475,0.0074690232,1,1
2021,08,037,66,66,66,0.0098698968,1,1
2021,08,039,22,22,22,0.0072968491,3,3
2021,08,041,1255,1254,1256,0.0102639176,1,1
2021,08,043,87,87,87,0.0183312263,1,1
2021,08,045,171,171,171,0.015115354,1,1
2021,08,047,,,,,,
2021,08,049,60,60,60,0.0357355569,1,1
2021,08,051,,,,,,
2021,08,053,,,,,,
2021,08,055,10,10,10,0.0483091787,3,3
2021,08,057,,,,,,
2021,08,059,1637,1637,1637,0.021286279,1,1
2021,08,061,,,,,,
2021,08,063,14,14,14,0.035,3,3
2021,08,065,29,29,29,0.0287984111,3,3
2021,08,067,59,59,59,0.0076178179,1,1
2021,08,069,2197,2197,2197,0.0475078387,1,1
2021,08,071,17,17,17,0.0167158309,3,3
2021,08,073,11,11,11,0.0245535714,3,3
2021,08,075,41,41,41,0.0162827641,1,1
2021,08,077,797,797,797,0.0373704694,1,1
2021,08,079,,,,,,
2021,08,081,,,,,,
2021,08,083,48,47,49,0.0125720272,1,1
2021,08,085,140,140,140,0.0231213873,1,1
2021,08,087,213,213,213,0.0380765105,1,1
2021,08,089,19,19,19,0.0078674948,3,3
2021,08,091,,,,,,
2021,08,093,,,,,,
2021,08,095,17,16,18,0.018579235,3,3
2021,08,097,,,,,,
2021,08,099,57,57,57,0.0362364908,1,1
2021,08,101,565,565,565,0.0222660099,1,1
2021,08,103,38,38,38,0.0313531353,1,1
2021,08,105,26,25,27,0.0143884892,3,3
2021,08,107,10,9,11,0.0029325513,3,3
2021,08,109,285,285,285,0.2796859666,1,1
2021,08,111,,,,,,
2021,08,113,16,16,16,0.0804020101,3,3
2021,08,115,12,12,12,0.013215859,3,3
2021,08,117,20,20,20,0.0055248619,3,3
2021,08,119,31,31,31,0.0143851508,1,1
2021,08,121,27,26,28,0.0434083601,3,3
2021,08,123,1101,1101,1101,0.0249365827,1,1
2021,08,125,27,25,29,0.0144307857,3,3
2021,09,001,565,557,573,0.0042559923,1,1
2021,09,003,1154,1147,1161,0.0081516748,1,1
2021,09,005,91,88,94,0.006137038,2,2
2021,09,007,79,76,82,0.0054678848,2,2
2021,09,009,1350,1347,1353,0.0130916708,1,1
2021,09,011,508,505,511,0.0155308936,1,1
2021,09,013,78,75,81,0.0067125645,2,2
2021,09,015,199,197,201,0.0156164169,1,1
2021,10,001,893,891,895,0.0327358041,1,1
2021,10,003,1787,1787,1787,0.0250796458,1,1
2021,10,005,753,751,755,0.0224642005,1,1
2021,11,001,6064,6060,6068,0.0679097374,1,1
2021,12,001,898,897,899,0.0298646447,1,1
2021,12,003,233,233,233,0.0468907225,1,1
2021,12,005,1831,1831,1831,0.0698881637,1,1
2021,12,007,124,124,124,0.0432507848,1,1
2021,12,009,1277,1277,1277,0.017614522,1,1
2021,12,011,4200,4200,4200,0.0164038791,1,1
2021,12,013,80,80,80,0.038040894,1,1
2021,12,015,486,486,486,0.0296341463,1,1
2021,12,017,890,890,890,0.056720413,1,1
2021,12,019,767,767,767,0.0198740704,1,1
2021,12,021,1295,1295,1295,0.0271961694,1,1
2021,12,023,342,342,342,0.0344653835,1,1
2021,12,027,71,71,71,0.0155429072,1,1
2021,12,029,40,40,40,0.0187969925,1,1
2021,12,031,3248,3248,3248,0.0251884481,1,1
2021,12,033,1821,1821,1821,0.0481695059,1,1
2021,12,035,321,321,321,0.0244459676,1,1
2021,12,037,67,67,67,0.0539452496,1,1
2021,12,039,80,80,80,0.016988745,1,1
2021,12,041,39,39,39,0.0139484979,1,1
2021,12,043,64,64,64,0.0376914016,1,1
2021,12,045,19,19,19,0.0098445596,3,3
2021,12,047,245,245,245,0.1492082826,1,1
2021,12,049,348,348,348,0.0704310868,1,1
2021,12,051,487,487,487,0.0339775344,1,1
2021,12,053,837,837,837,0.0357631174,1,1
2021,12,055,457,457,457,0.037318308,1,1
2021,12,057,4518,4518,4518,0.0201562354,1,1
2021,12,059,78,78,78,0.0243369735,1,1
2021,12,061,471,471,471,0.0271219625,1,1
2021,12,063,445,445,445,0.0737609813,1,1
2021,12,065,20,20,20,0.0287356322,3,3
2021,12,067,183,183,183,0.1601049869,1,1
2021,12,069,1730,1730,1730,0.0377358491,1,1
2021,12,071,1512,1512,1512,0.01554532,1,1
2021,12,073,632,630,634,0.0177020895,1,1
2021,12,075,188,188,188,0.0339044184,1,1
2021,12,077,60,60,60,0.0460829493,1,1
2021,12,079,134,134,134,0.0565162379,1,1
2021,12,081,1384,1384,1384,0.0275433848,1,1
2021,12,083,1132,1132,1132,0.0265242045,1,1
2021,12,085,713,713,713,0.0384532413,1,1
2021,12,086,8494,8494,8494,0.0257725859,1,1
2021,12,087,258,258,258,0.0291492487,1,1
2021,12,089,385,385,385,0.031098546,1,1
2021,12,091,584,584,584,0.0180581323,1,1
2021,12,093,236,236,236,0.0368519675,1,1
2021,12,095,5812,5812,5812,0.0269352155,1,1
2021,12,097,2943,2943,2943,0.0406340177,1,1
2021,12,099,4516,4516,4516,0.0234746177,1,1
2021,12,101,1829,1829,1829,0.0225365649,1,1
2021,12,103,4673,4673,4673,0.0489596211,1,1
2021,12,105,4307,4307,4307,0.0390646967,1,1
2021,12,107,248,248,248,0.0242495355,1,1
2021,12,109,837,837,837,0.0172484853,1,1
2021,12,111,2352,2352,2352,0.053930111,1,1
2021,12,113,817,817,817,0.0267203035,1,1
2021,12,115,748,748,748,0.017040277,1,1
2021,12,117,1936,1936,1936,0.029012873,1,1
2021,12,119,120,120,120,0.013464991,1,1
2021,12,121,233,233,233,0.03973397,1,1
2021,12,123,106,106,106,0.0385174419,1,1
2021,12,125,67,67,67,0.0283058724,1,1
2021,12,127,2712,2712,2712,0.0432770561,1,1
2021,12,129,71,71,71,0.0140288481,1,1
2021,12,131,230,230,230,0.0207843846,1,1
2021,12,133,205,205,205,0.0608308605,1,1
2021,13,001,80,80,80,0.0229687051,1,1
2021,13,003,,,,,,
2021,13,005,36,36,36,0.0169891458,1,1
2021,13,007,,,,,,
2021,13,009,252,252,252,0.0518945634,1,1
2021,13,011,79,79,79,0.0280838962,1,1
2021,13,013,368,368,368,0.025635667,1,1
2021,13,015,432,432,432,0.0238885202,1,1
2021,13,017,38,38,38,0.0123939987,1,1
2021,13,019,64,64,64,0.0213689482,1,1
2021,13,021,587,586,588,0.0249606668,1,1
2021,13,023,,,,,,
2021,13,025,25,25,25,0.0073942621,3,3
2021,13,027,20,20,20,0.0094607379,3,3
2021,13,029,57,57,57,0.0056558841,1,1
2021,13,031,241,241,241,0.0218891916,1,1
2021,13,033,,,,,,
2021,13,035,421,421,421,0.1196362603,1,1
2021,13,037,,,,,,
2021,13,039,90,90,90,0.009679501,1,1
2021,13,043,16,16,16,0.0073193047,3,3
2021,13,045,940,940,940,0.0451055662,1,1
2021,13,047,266,266,266,0.0250636012,1,1
2021,13,049,32,32,32,0.0190589637,1,1
2021,13,051,841,841,841,0.0234098817,1,1
2021,13,053,14,14,14,0.0146443515,3,3
2021,13,055,326,326,326,0.1284982263,1,1
2021,13,057,259,258,260,0.0060617408,1,1
2021,13,059,690,690,690,0.0470668486,1,1
2021,13,061,11,11,11,0.0547263682,3,3
2021,13,063,2092,2092,2092,0.03239393,1,1
2021,13,065,31,31,31,0.0247208931,1,1
2021,13,067,1975,1975,1975,0.0170227804,1,1
2021,13,069,547,547,547,0.0722684635,1,1
2021,13,071,171,171,171,0.0190063354,1,1
2021,13,073,265,265,265,0.009238922,1,1
2021,13,075,27,27,27,0.0087406928,3,3
2021,13,077,131,131,131,0.0055818314,1,1
2021,13,079,14,14,14,0.0086848635,3,3
2021,13,081,15,15,15,0.0040683483,3,3
2021,13,083,,,,,,
2021,13,085,249,249,249,0.0650470219,1,1
2021,13,087,27,27,27,0.0060906835,3,3
2021,13,089,1498,1498,1498,0.0151145192,1,1
2021,13,091,63,63,63,0.0220202726,1,1
2021,13,093,115,115,115,0.1021314387,1,1
2021,13,095,322,322,322,0.0246762204,1,1
2021,13,097,667,667,667,0.0257628428,1,1
2021,13,099,49,49,49,0.0286717379,1,1
2021,13,101,,,,,,
2021,13,103,98,98,98,0.0072138388,1,1
2021,13,105,73,73,73,0.0240924092,1,1
2021,13,107,43,43,43,0.010782347,1,1
2021,13,109,108,108,108,0.0591456736,1,1
2021,13,111,139,139,139,0.0493082653,1,1
2021,13,113,63,62,64,0.0030965839,1,1
2021,13,115,619,619,619,0.039827564,1,1
2021,13,117,851,851,851,0.0161305609,1,1
2021,13,119,70,70,70,0.0193050193,1,1
2021,13,121,2379,2378,2380,0.0166678344,1,1
2021,13,123,60,60,60,0.014527845,1,1
2021,13,125,,,,,,
2021,13,127,204,204,204,0.014280714,1,1
2021,13,129,509,509,509,0.0480505995,1,1
2021,13,131,53,53,53,0.0118198037,1,1
2021,13,133,64,64,64,0.0251473477,1,1
2021,13,135,1772,1772,1772,0.009272244,1,1
2021,13,137,128,128,128,0.0181097906,1,1
2021,13,139,796,796,796,0.0228054091,1,1
2021,13,141,46,46,46,0.0633608815,1,1
2021,13,143,339,339,339,0.0594736842,1,1
2021,13,145,31,31,31,0.005647659,1,1
2021,13,147,41,41,41,0.0113165885,1,1
2021,13,149,109,109,109,0.0493883099,1,1
2021,13,151,1371,1371,1371,0.0320386988,1,1
2021,13,153,455,455,455,0.0150448038,1,1
2021,13,155,64,64,64,0.0395794682,1,1
2021,13,157,173,173,173,0.0115287218,1,1
2021,13,159,,,,,,
2021,13,161,11,11,11,0.0035783995,3,3
2021,13,163,19,19,19,0.0088413215,3,3
2021,13,165,23,23,23,0.0197255575,3,3
2021,13,167,40,40,40,0.0392156863,1,1
2021,13,169,11,11,11,0.002148018,3,3
2021,13,171,48,48,48,0.0173097728,1,1
2021,13,173,67,67,67,0.038572251,1,1
2021,13,175,449,449,449,0.0512908385,1,1
2021,13,177,211,211,211,0.0334389857,1,1
2021,13,179,238,238,238,0.0228450758,1,1
2021,13,181,144,144,144,0.1226575809,1,1
2021,13,183,20,20,20,0.0048792388,3,3
2021,13,185,509,509,509,0.026875759,1,1
2021,13,187,70,70,70,0.0186666667,1,1
2021,13,189,64,64,64,0.0191961608,1,1
2021,13,191,40,40,40,0.0316706255,1,1
2021,13,193,,,,,,
2021,13,195,167,167,167,0.0337783172,1,1
2021,13,197,12,12,12,0.0092592593,3,3
2021,13,199,32,32,32,0.0135078092,1,1
2021,13,201,14,14,14,0.0189189189,3,3
2021,13,205,89,89,89,0.033750474,1,1
2021,13,207,708,708,708,0.1644599303,1,1
2021,13,209,42,42,42,0.0445387063,1,1
2021,13,211,44,44,44,0.0130177515,1,1
2021,13,213,130,130,130,0.0189118417,1,1
2021,13,215,912,912,912,0.03031411,1,1
2021,13,217,223,223,223,0.0118711738,1,1
2021,13,219,63,63,63,0.0074795204,1,1
2021,13,221,39,39,39,0.0178981184,1,1
2021,13,223,167,167,167,0.0053647724,1,1
2021,13,225,47,47,47,0.0125199787,1,1
2021,13,227,109,109,109,0.0264563107,1,1
2021,13,229,38,38,38,0.0106561974,1,1
2021,13,231,,,,,,
2021,13,233,1790,1790,1790,0.2279093456,1,1
2021,13,235,64,64,64,0.0518638574,1,1
2021,13,237,11,11,11,0.0037061995,3,3
2021,13,239,32,32,32,0.1198501873,1,1
2021,13,241,39,39,39,0.0173564753,1,1
2021,13,243,,,,,,
2021,13,245,490,490,490,0.0166270784,1,1
2021,13,247,837,837,837,0.053650407,1,1
2021,13,249,14,14,14,0.0110935024,3,3
2021,13,251,45,45,45,0.0217496375,1,1
2021,13,253,12,12,12,0.0090909091,3,3
2021,13,255,356,356,356,0.0373165618,1,1
2021,13,257,46,46,46,0.0119947849,1,1
2021,13,259,,,,,,
2021,13,261,26,26,26,0.0071823204,3,3
2021,13,263,,,,,,
2021,13,265,12,12,12,0.0681818182,3,3
2021,13,267,18,18,18,0.0049944506,3,3
2021,13,269,143,143,143,0.1127760252,1,1
2021,13,271,24,24,24,0.0149439601,3,3
2021,13,273,,,,,,
2021,13,275,389,389,389,0.0453908985,1,1
2021,13,277,41,41,41,0.0053784599,1,1
2021,13,279,105,105,105,0.0194408443,1,1
2021,13,281,77,77,77,0.0751953125,1,1
2021,13,283,17,17,17,0.0159474672,3,3
2021,13,285,206,206,206,0.0169700964,1,1
2021,13,287,,,,,,
2021,13,289,45,45,45,0.0627615063,1,1
2021,13,291,52,52,52,0.017292983,1,1
2021,13,293,85,85,85,0.0209928377,1,1
2021,13,295,124,123,125,0.0128724177,1,1
2021,13,297,213,213,213,0.0131101126,1,1
2021,13,299,282,282,282,0.0468049793,1,1
2021,13,301,,,,,,
2021,13,303,17,17,17,0.0057803468,3,3
2021,13,305,105,105,105,0.0205841992,1,1
2021,13,307,,,,,,
2021,13,309,,,,,,
2021,13,311,275,275,275,0.0435954344,1,1
2021,13,313,583,583,583,0.0289114803,1,1
2021,13,315,,,,,,
2021,13,317,,,,,,
2021,13,319,,,,,,
2021,13,321,42,42,42,0.0136319377,1,1
2021,15,001,,,,,,
2021,15,003,3251,3251,3251,0.0187725924,1,1
2021,15,005,,,,,,
2021,15,007,,,,,,
2021,15,009,,,,,,
2021,16,001,1761,1759,1763,0.0226314707,1,1
2021,16,003,,,,,,
2021,16,005,246,244,248,0.0175501177,1,1
2021,16,007,,,,,,
2021,16,009,90,90,90,0.0684931507,1,1
2021,16,011,183,183,183,0.0159671931,1,1
2021,16,013,93,92,94,0.0277777778,1,1
2021,16,015,22,22,22,0.0333333333,3,3
2021,16,017,161,161,161,0.0318685669,1,1
2021,16,019,368,363,373,0.0142244212,1,1
2021,16,021,144,144,144,0.1006993007,1,1
2021,16,023,,,,,,
2021,16,025,,,,,,
2021,16,027,1948,1946,1950,0.0478741706,1,1
2021,16,029,17,17,17,0.011863224,3,3
2021,16,031,127,127,127,0.0229573391,1,1
2021,16,033,14,14,14,0.1157024793,3,3
2021,16,035,73,73,73,0.0695900858,1,1
2021,16,037,,,,,,
2021,16,039,48,48,48,0.0116618076,1,1
2021,16,041,39,38,40,0.0118253487,2,2
2021,16,043,81,81,81,0.0365688488,1,1
2021,16,045,132,132,132,0.0509849363,1,1
2021,16,047,164,163,165,0.0549045865,1,1
2021,16,049,,,,,,
2021,16,051,74,74,74,0.0093469749,1,1
2021,16,053,171,171,171,0.0351057278,1,1
2021,16,055,634,634,634,0.029965025,1,1
2021,16,057,79,78,80,0.0203923593,1,1
2021,16,059,65,64,66,0.082592122,1,1
2021,16,061,97,97,97,0.1325136612,1,1
2021,16,063,58,58,58,0.0628385699,1,1
2021,16,065,44,44,44,0.0059669108,1,1
2021,16,067,103,103,103,0.0230734767,1,1
2021,16,069,216,216,216,0.0411350219,1,1
2021,16,071,118,118,118,0.0171064077,1,1
2021,16,073,130,130,130,0.0528885273,1,1
2021,16,075,330,330,330,0.0748129676,1,1
2021,16,077,83,83,83,0.0522341095,1,1
2021,16,079,212,212,212,0.1196388262,1,1
2021,16,081,,,,,,
2021,16,083,521,520,522,0.0319435929,1,1
2021,16,085,58,58,58,0.0371556694,1,1
2021,16,087,59,59,59,0.0362407862,1,1
2021,17,001,146,145,147,0.0181908796,1,1
2021,17,003,162,162,162,0.2608695652,1,1
2021,17,005,46,46,46,0.0229655517,1,1
2021,17,007,117,117,117,0.0129310345,1,1
2021,17,009,,,,,,
2021,17,011,45,41,49,0.0101694915,3,3
2021,17,013,15,15,15,0.0246305419,3,3
2021,17,015,11,9,13,0.0053948014,3,3
2021,17,017,40,39,41,0.0188235294,2,2
2021,17,019,476,475,477,0.0200971079,1,1
2021,17,021,169,169,169,0.0336117741,1,1
2021,17,023,81,81,81,0.0334434352,1,1
2021,17,025,234,234,234,0.1086350975,1,1
2021,17,027,169,169,169,0.0336720462,1,1
2021,17,029,236,236,236,0.038841343,1,1
2021,17,031,22923,22914,22932,0.0335382626,1,1
2021,17,033,218,218,218,0.0792727273,1,1
2021,17,035,37,37,37,0.0240728692,1,1
2021,17,037,259,259,259,0.0157753685,1,1
2021,17,039,39,39,39,0.016532429,1,1
2021,17,041,93,93,93,0.0277280859,1,1
2021,17,043,2045,2041,2049,0.0143405118,1,1
2021,17,045,180,180,180,0.0668896321,1,1
2021,17,047,32,32,32,0.0396039604,1,1
2021,17,049,196,196,196,0.0381694255,1,1
2021,17,051,206,206,206,0.0779417329,1,1
2021,17,053,73,73,73,0.0277672119,1,1
2021,17,055,516,516,516,0.0914893617,1,1
2021,17,057,141,141,141,0.0343986338,1,1
2021,17,059,74,74,74,0.1020689655,1,1
2021,17,061,206,206,206,0.116581777,1,1
2021,17,063,86,85,87,0.0067429826,1,1
2021,17,065,176,176,176,0.1545215101,1,1
2021,17,067,105,105,105,0.0376479025,1,1
2021,17,069,85,85,85,0.1686507937,1,1
2021,17,071,15,15,15,0.0203252033,3,3
2021,17,073,190,190,190,0.0239023777,1,1
2021,17,075,60,59,61,0.0165243735,1,1
2021,17,077,464,464,464,0.0693054518,1,1
2021,17,079,27,27,27,0.0225941423,3,3
2021,17,081,510,510,510,0.094095941,1,1
2021,17,083,51,51,51,0.0208163265,1,1
2021,17,085,,,,,,
2021,17,087,161,161,161,0.0945945946,1,1
2021,17,089,1680,1680,1680,0.0183234082,1,1
2021,17,091,420,419,421,0.0251587397,1,1
2021,17,093,231,231,231,0.0087722629,1,1
2021,17,095,89,89,89,0.0155052265,1,1
2021,17,097,1182,1174,1190,0.0108834768,1,1
2021,17,099,219,212,226,0.015467194,2,2
2021,17,101,81,81,81,0.0394160584,1,1
2021,17,103,45,44,46,0.012755102,1,1
2021,17,105,80,78,82,0.01671542,2,2
2021,17,107,52,50,54,0.0175913396,2,2
2021,17,109,75,74,76,0.0236071766,1,1
2021,17,111,615,612,618,0.009717482,1,1
2021,17,113,294,294,294,0.0133055757,1,1
2021,17,115,198,198,198,0.0128521355,1,1
2021,17,117,345,344,346,0.0458837611,1,1
2021,17,119,1394,1394,1394,0.0358566762,1,1
2021,17,121,548,548,548,0.0876519514,1,1
2021,17,123,19,19,19,0.0360531309,3,3
2021,17,125,138,138,138,0.0567667626,1,1
2021,17,127,144,144,144,0.0694980695,1,1
2021,17,129,,,,,,
2021,17,131,32,32,32,0.0121074537,1,1
2021,17,133,47,47,47,0.009270217,1,1
2021,17,135,207,207,207,0.0520885757,1,1
2021,17,137,114,114,114,0.027589545,1,1
2021,17,139,38,38,38,0.0228640193,1,1
2021,17,141,122,122,122,0.0148526905,1,1
2021,17,143,487,485,489,0.0183489695,1,1
2021,17,145,63,63,63,0.0242121445,1,1
2021,17,147,35,34,36,0.0137795276,2,2
2021,17,149,65,64,66,0.0273799495,1,1
2021,17,151,41,41,41,0.0857740586,1,1
2021,17,153,80,80,80,0.0998751561,1,1
2021,17,155,,,,,,
2021,17,157,233,233,233,0.0588532458,1,1
2021,17,159,116,116,116,0.0518783542,1,1
2021,17,161,179,179,179,0.0086136375,1,1
2021,17,163,1378,1375,1381,0.0355209568,1,1
2021,17,165,416,416,416,0.1105207226,1,1
2021,17,167,492,490,494,0.0181543116,1,1
2021,17,169,,,,,,
2021,17,171,18,18,18,0.0233160622,3,3
2021,17,173,52,51,53,0.0226382238,1,1
2021,17,175,10,10,10,0.0142450142,3,3
2021,17,177,245,243,247,0.0452530477,1,1
2021,17,179,209,208,210,0.0116870771,1,1
2021,17,181,220,220,220,0.0854037267,1,1
2021,17,183,442,442,442,0.0391219685,1,1
2021,17,185,177,177,177,0.1141935484,1,1
2021,17,187,93,92,94,0.0364420063,1,1
2021,17,189,67,65,69,0.0377039955,2,2
2021,17,191,184,184,184,0.077116513,1,1
2021,17,193,291,291,291,0.1250537172,1,1
2021,17,195,157,156,158,0.0184077852,1,1
2021,17,197,1320,1318,1322,0.0126695269,1,1
2021,17,199,577,577,577,0.0585905768,1,1
2021,17,201,1861,1858,1864,0.0442663115,1,1
2021,17,203,60,57,63,0.0090252708,3,3
2021,18,001,93,93,93,0.0221217888,1,1
2021,18,003,1344,1343,1345,0.0244172738,1,1
2021,18,005,440,440,440,0.0347606257,1,1
2021,18,007,,,,,,
2021,18,009,,,,,,
2021,18,011,101,101,101,0.0078838498,1,1
2021,18,013,30,30,30,0.0177200236,1,1
2021,18,015,35,35,35,0.0140280561,1,1
2021,18,017,538,538,538,0.080262569,1,1
2021,18,019,331,331,331,0.0179296896,1,1
2021,18,021,15,15,15,0.0037369208,3,3
2021,18,023,100,100,100,0.0194855807,1,1
2021,18,025,14,14,14,0.0104321908,3,3
2021,18,027,19,18,20,0.0041877893,3,3
2021,18,029,28,28,28,0.0035764465,3,3
2021,18,031,41,41,41,0.0102448776,1,1
2021,18,033,106,105,107,0.0153134932,1,1
2021,18,035,114,111,117,0.0091346154,2,2
2021,18,037,15,15,15,0.0029222677,3,3
2021,18,039,405,405,405,0.0117401513,1,1
2021,18,041,20,20,20,0.0060514372,3,3
2021,18,043,123,122,124,0.0101678102,1,1
2021,18,045,27,27,27,0.0109711499,3,3
2021,18,047,,,,,,
2021,18,049,14,14,14,0.0057447682,3,3
2021,18,051,63,63,63,0.0132939439,1,1
2021,18,053,227,227,227,0.0210555607,1,1
2021,18,055,49,49,49,0.0102147175,1,1
2021,18,057,317,316,318,0.005148026,1,1
2021,18,059,100,100,100,0.0072129256,1,1
2021,18,061,137,136,138,0.0229480737,1,1
2021,18,063,133,132,134,0.0041619727,1,1
2021,18,065,50,50,50,0.0082658291,1,1
2021,18,067,183,183,183,0.0144858703,1,1
2021,18,069,107,107,107,0.0214171337,1,1
2021,18,071,175,174,176,0.0242617496,1,1
2021,18,073,160,160,160,0.0333959507,1,1
2021,18,075,,,,,,
2021,18,077,95,95,95,0.0229857247,1,1
2021,18,079,222,222,222,0.0551826995,1,1
2021,18,081,301,301,301,0.0108300651,1,1
2021,18,083,103,102,104,0.0195149678,1,1
2021,18,085,176,176,176,0.0153564261,1,1
2021,18,087,68,68,68,0.0223831468,1,1
2021,18,089,792,790,794,0.0108900408,1,1
2021,18,091,337,336,338,0.0202329491,1,1
2021,18,093,57,57,57,0.0106026786,1,1
2021,18,095,189,188,190,0.0125874126,1,1
2021,18,097,4119,4107,4131,0.0263257128,1,1
2021,18,099,64,64,64,0.0097220112,1,1
2021,18,101,,,,,,
2021,18,103,93,93,93,0.0193709644,1,1
2021,18,105,198,198,198,0.0144,1,1
2021,18,107,86,86,86,0.0143237841,1,1
2021,18,109,324,324,324,0.0315083147,1,1
2021,18,111,22,22,22,0.0109289617,3,3
2021,18,113,99,99,99,0.0145012451,1,1
2021,18,115,13,13,13,0.0151691949,3,3
2021,18,117,28,28,28,0.0128794848,3,3
2021,18,119,199,199,199,0.0903723887,1,1
2021,18,121,35,35,35,0.0157586673,1,1
2021,18,123,92,92,92,0.0313993174,1,1
2021,18,125,21,21,21,0.0129789864,3,3
2021,18,127,287,286,288,0.0110244689,1,1
2021,18,129,33,33,33,0.0093036369,1,1
2021,18,131,12,12,12,0.0101954121,3,3
2021,18,133,161,161,161,0.0284050812,1,1
2021,18,135,165,163,167,0.0199975761,1,1
2021,18,137,81,81,81,0.0285412262,1,1
2021,18,139,15,15,15,0.0078410873,3,3
2021,18,141,393,390,396,0.0104354753,1,1
2021,18,143,64,64,64,0.0165975104,1,1
2021,18,145,60,59,61,0.012541806,1,1
2021,18,147,24,24,24,0.007518797,3,3
2021,18,149,13,12,14,0.0058322118,3,3
2021,18,151,36,36,36,0.0101038451,1,1
2021,18,153,59,59,59,0.0191062176,1,1
2021,18,155,39,39,39,0.0261044177,1,1
2021,18,157,526,525,527,0.0222090863,1,1
2021,18,159,20,20,20,0.0090702948,3,3
2021,18,161,,,,,,
2021,18,163,459,459,459,0.0209187859,1,1
2021,18,165,51,51,51,0.0220874838,1,1
2021,18,167,333,333,333,0.0238880918,1,1
2021,18,169,45,45,45,0.0087378641,1,1
2021,18,171,18,18,18,0.0132061629,3,3
2021,18,173,34,34,34,0.0033763654,1,1
2021,18,175,81,81,81,0.0256248023,1,1
2021,18,177,74,73,75,0.0075096408,1,1
2021,18,179,70,70,70,0.0163972827,1,1
2021,18,181,,,,,,
2021,18,183,35,33,37,0.0057509037,3,3
2021,19,001,,,,,,
2021,19,003,,,,,,
2021,19,005,,,,,,
2021,19,007,10,10,10,0.0073475386,3,3
2021,19,009,,,,,,
2021,19,011,44,44,44,0.0093042927,1,1
2021,19,013,376,375,377,0.0220631381,1,1
2021,19,015,38,38,38,0.019328586,1,1
2021,19,017,10,9,11,0.0031397174,3,3
2021,19,019,39,39,39,0.0187140115,1,1
2021,19,021,48,47,49,0.0129554656,1,1
2021,19,023,,,,,,
2021,19,025,,,,,,
2021,19,027,11,9,13,0.0032699168,3,3
2021,19,029,,,,,,
2021,19,031,16,16,16,0.0088348978,3,3
2021,19,033,145,145,145,0.0287641341,1,1
2021,19,035,,,,,,
2021,19,037,17,17,17,0.0165692008,3,3
2021,19,039,,,,,,
2021,19,041,,,,,,
2021,19,043,,,,,,
2021,19,045,108,107,109,0.0155664457,1,1
2021,19,047,,,,,,
2021,19,049,136,135,137,0.0064476367,1,1
2021,19,051,22,22,22,0.0170146945,3,3
2021,19,053,,,,,,
2021,19,055,16,16,16,0.0114942529,3,3
2021,19,057,51,49,53,0.0096099491,2,2
2021,19,059,23,21,25,0.0081734186,3,3
2021,19,061,307,307,307,0.0215287518,1,1
2021,19,063,,,,,,
2021,19,065,26,25,27,0.0134228188,3,3
2021,19,067,10,10,10,0.0062383032,3,3
2021,19,069,12,12,12,0.0094339623,3,3
2021,19,071,,,,,,
2021,19,073,10,10,10,0.0068728522,3,3
2021,19,075,14,14,14,0.0185922975,3,3
2021,19,077,,,,,,
2021,19,079,24,24,24,0.0092807425,3,3
2021,19,081,,,,,,
2021,19,083,,,,,,
2021,19,085,,,,,,
2021,19,087,12,11,13,0.0041811847,3,3
2021,19,089,18,18,18,0.0168224299,3,3
2021,19,091,31,31,31,0.0203145478,1,1
2021,19,093,,,,,,
2021,19,095,21,20,22,0.008114374,3,3
2021,19,097,23,23,23,0.0168374817,3,3
2021,19,099,44,44,44,0.0105718405,1,1
2021,19,101,,,,,,
2021,19,103,453,453,453,0.0254565889,1,1
2021,19,105,22,21,23,0.0079451065,3,3
2021,19,107,10,10,10,0.0308641975,3,3
2021,19,109,,,,,,
2021,19,111,21,21,21,0.0058059165,3,3
2021,19,113,475,475,475,0.0142373288,1,1
2021,19,115,120,120,120,0.0795755968,1,1
2021,19,117,14,14,14,0.0110062893,3,3
2021,19,119,,,,,,
2021,19,121,48,48,48,0.0147013783,1,1
2021,19,123,35,35,35,0.0126903553,1,1
2021,19,125,55,55,55,0.0132116262,1,1
2021,19,127,146,146,146,0.0248004077,1,1
2021,19,129,35,35,35,0.0170233463,1,1
2021,19,131,,,,,,
2021,19,133,,,,,,
2021,19,135,18,18,18,0.0156114484,3,3
2021,19,137,,,,,,
2021,19,139,29,29,29,0.0048037105,3,3
2021,19,141,,,,,,
2021,19,143,,,,,,
2021,19,145,32,31,33,0.0140043764,2,2
2021,19,147,,,,,,
2021,19,149,,,,,,
2021,19,151,,,,,,
2021,19,153,1584,1583,1585,0.0199002475,1,1
2021,19,155,137,135,139,0.009759225,1,1
2021,19,157,,,,,,
2021,19,159,,,,,,
2021,19,161,,,,,,
2021,19,163,539,539,539,0.0191733068,1,1
2021,19,165,,,,,,
2021,19,167,38,37,39,0.0213483146,2,2
2021,19,169,114,112,116,0.0103242166,1,1
2021,19,171,25,25,25,0.0126518219,3,3
2021,19,173,,,,,,
2021,19,175,,,,,,
2021,19,177,23,23,23,0.0269953052,3,3
2021,19,179,256,256,256,0.037015616,1,1
2021,19,181,42,41,43,0.0041958042,1,1
2021,19,183,167,166,168,0.0453311618,1,1
2021,19,185,,,,,,
2021,19,187,62,62,62,0.0143154006,1,1
2021,19,189,,,,,,
2021,19,191,,,,,,
2021,19,193,320,318,322,0.0178790926,1,1
2021,19,195,,,,,,
2021,19,197,25,25,25,0.0120831319,3,3
2021,20,001,10,10,10,0.0083472454,3,3
2021,20,003,,,,,,
2021,20,005,61,61,61,0.0386075949,1,1
2021,20,007,,,,,,
2021,20,009,14,13,15,0.0037960954,3,3
2021,20,011,18,18,18,0.0097772949,3,3
2021,20,013,,,,,,
2021,20,015,97,95,99,0.0053290847,1,1
2021,20,017,16,16,16,0.0427807487,3,3
2021,20,019,,,,,,
2021,20,021,60,60,60,0.0180288462,1,1
2021,20,023,,,,,,
2021,20,025,,,,,,
2021,20,027,10,10,10,0.0074019245,3,3
2021,20,029,,,,,,
2021,20,031,61,61,61,0.0464231355,1,1
2021,20,033,,,,,,
2021,20,035,55,55,55,0.0103015546,1,1
2021,20,037,326,324,328,0.0520766773,1,1
2021,20,039,,,,,,
2021,20,041,39,39,39,0.0112489184,1,1
2021,20,043,,,,,,
2021,20,045,160,160,160,0.0112501758,1,1
2021,20,047,33,33,33,0.1064516129,1,1
2021,20,049,,,,,,
2021,20,051,14,14,14,0.0042774213,3,3
2021,20,053,,,,,,
2021,20,055,201,201,201,0.024173181,1,1
2021,20,057,49,49,49,0.0066002155,1,1
2021,20,059,305,305,305,0.0706672845,1,1
2021,20,061,194,194,194,0.0273431994,1,1
2021,20,063,,,,,,
2021,20,065,,,,,,
2021,20,067,,,,,,
2021,20,069,16,14,18,0.0131040131,3,3
2021,20,071,,,,,,
2021,20,073,,,,,,
2021,20,075,,,,,,
2021,20,077,,,,,,
2021,20,079,56,54,58,0.0102582891,2,2
2021,20,081,39,39,39,0.0615141956,1,1
2021,20,083,,,,,,
2021,20,085,22,22,22,0.0190641248,3,3
2021,20,087,29,29,29,0.017586416,3,3
2021,20,089,,,,,,
2021,20,091,866,866,866,0.0089429551,1,1
2021,20,093,25,25,25,0.0281848929,3,3
2021,20,095,,,,,,
2021,20,097,,,,,,
2021,20,099,,,,,,
2021,20,101,,,,,,
2021,20,103,134,134,134,0.0119749777,1,1
2021,20,105,,,,,,
2021,20,107,33,33,33,0.022696011,1,1
2021,20,109,,,,,,
2021,20,111,69,69,69,0.0134555382,1,1
2021,20,113,35,33,37,0.0097902098,3,3
2021,20,115,19,17,21,0.010021097,3,3
2021,20,117,,,,,,
2021,20,119,,,,,,
2021,20,121,66,66,66,0.0141267123,1,1
2021,20,123,,,,,,
2021,20,125,17,16,18,0.0037069341,3,3
2021,20,127,,,,,,
2021,20,129,28,28,28,0.0150134048,3,3
2021,20,131,,,,,,
2021,20,133,13,13,13,0.0074158585,3,3
2021,20,135,,,,,,
2021,20,137,,,,,,
2021,20,139,23,23,23,0.0101905184,3,3
2021,20,141,,,,,,
2021,20,143,12,12,12,0.0201005025,3,3
2021,20,145,,,,,,
2021,20,147,,,,,,
2021,20,149,,,,,,
2021,20,151,35,35,35,0.0282258065,1,1
2021,20,153,,,,,,
2021,20,155,94,93,95,0.0105145414,1,1
2021,20,157,,,,,,
2021,20,159,31,30,32,0.0180442375,2,2
2021,20,161,197,197,197,0.0259483667,1,1
2021,20,163,,,,,,
2021,20,165,,,,,,
2021,20,167,27,27,27,0.0331695332,3,3
2021,20,169,199,198,200,0.025972331,1,1
2021,20,171,,,,,,
2021,20,173,1746,1746,1746,0.0221346078,1,1
2021,20,175,210,210,210,0.0398406375,1,1
2021,20,177,351,351,351,0.013323717,1,1
2021,20,179,,,,,,
2021,20,181,,,,,,
2021,20,183,,,,,,
2021,20,185,,,,,,
2021,20,187,,,,,,
2021,20,189,41,41,41,0.0347163421,1,1
2021,20,191,65,65,65,0.0279690189,1,1
2021,20,193,,,,,,
2021,20,195,,,,,,
2021,20,197,,,,,,
2021,20,199,,,,,,
2021,20,201,,,,,,
2021,20,203,18,18,18,0.0467532468,3,3
2021,20,205,35,35,35,0.0451612903,1,1
2021,20,207,67,67,67,0.1599045346,1,1
2021,20,209,635,635,635,0.0207116997,1,1
2021,21,001,12,12,12,0.0046136101,3,3
2021,21,003,,,,,,
2021,21,005,12,12,12,0.0032171582,3,3
2021,21,007,51,51,51,0.047265987,1,1
2021,21,009,687,687,687,0.0826515881,1,1
2021,21,011,240,240,240,0.1244813278,1,1
2021,21,013,446,446,446,0.1060894386,1,1
2021,21,015,209,209,209,0.0094720145,1,1
2021,21,017,193,193,193,0.0553802009,1,1
2021,21,019,202,202,202,0.0294246176,1,1
2021,21,021,86,85,87,0.0182049111,1,1
2021,21,023,12,12,12,0.0081521739,3,3
2021,21,025,352,351,353,0.1683405069,1,1
2021,21,027,41,41,41,0.015145918,1,1
2021,21,029,362,362,362,0.0287529786,1,1
2021,21,031,,,,,,
2021,21,033,19,19,19,0.0102315563,3,3
2021,21,035,18,18,18,0.0037205457,3,3
2021,21,037,636,636,636,0.0563979782,1,1
2021,21,039,56,56,56,0.0743691899,1,1
2021,21,041,40,40,40,0.019436346,1,1
2021,21,043,203,203,203,0.0504222553,1,1
2021,21,045,10,10,10,0.0045413261,3,3
2021,21,047,133,133,133,0.0162711035,1,1
2021,21,049,19,19,19,0.0036757593,3,3
2021,21,051,,,,,,
2021,21,053,29,29,29,0.018721756,3,3
2021,21,055,77,77,77,0.0543018336,1,1
2021,21,057,61,61,61,0.0615539859,1,1
2021,21,059,261,261,261,0.0160952146,1,1
2021,21,061,,,,,,
2021,21,063,70,70,70,0.0770077008,1,1
2021,21,065,38,38,38,0.0177238806,1,1
2021,21,067,709,709,709,0.0171194012,1,1
2021,21,069,40,40,40,0.0188946623,1,1
2021,21,071,227,227,227,0.04165902,1,1
2021,21,073,193,193,193,0.0271984216,1,1
2021,21,075,42,42,42,0.0439330544,1,1
2021,21,077,96,96,96,0.0614990391,1,1
2021,21,079,,,,,,
2021,21,081,16,15,17,0.0036781609,3,3
2021,21,083,398,398,398,0.066689008,1,1
2021,21,085,,,,,,
2021,21,087,,,,,,
2021,21,089,70,70,70,0.0144478844,1,1
2021,21,091,,,,,,
2021,21,093,177,177,177,0.0103861049,1,1
2021,21,095,1319,1319,1319,0.3120416371,1,1
2021,21,097,195,195,195,0.0685654008,1,1
2021,21,099,10,10,10,0.0043497173,3,3
2021,21,101,73,73,73,0.0105035971,1,1
2021,21,103,94,94,94,0.0313751669,1,1
2021,21,105,13,13,13,0.0173796791,3,3
2021,21,107,158,158,158,0.0226263783,1,1
2021,21,109,130,130,130,0.0636942675,1,1
2021,21,111,3564,3564,3564,0.0377570371,1,1
2021,21,113,480,480,480,0.0588307391,1,1
2021,21,115,94,94,94,0.0232156088,1,1
2021,21,117,1578,1578,1578,0.0729576032,1,1
2021,21,119,604,604,604,0.280669145,1,1
2021,21,121,39,39,39,0.0098236776,1,1
2021,21,123,,,,,,
2021,21,125,77,77,77,0.0082911597,1,1
2021,21,127,347,347,347,0.1418642682,1,1
2021,21,129,112,112,112,0.1297798378,1,1
2021,21,131,36,36,36,0.0228136882,1,1
2021,21,133,454,454,454,0.1416978777,1,1
2021,21,135,14,14,14,0.0068426197,3,3
2021,21,137,72,72,72,0.0211827008,1,1
2021,21,139,15,15,15,0.0136736554,3,3
2021,21,141,146,146,146,0.0323294951,1,1
2021,21,143,,,,,,
2021,21,145,361,361,361,0.0363288719,1,1
2021,21,147,16,16,16,0.0058351568,3,3
2021,21,149,,,,,,
2021,21,151,104,104,104,0.0085751979,1,1
2021,21,153,63,63,63,0.0312035661,1,1
2021,21,155,19,19,19,0.0058678196,3,3
2021,21,157,314,314,314,0.0689655172,1,1
2021,21,159,86,86,86,0.049255441,1,1
2021,21,161,32,32,32,0.0119715675,1,1
2021,21,163,150,150,150,0.030102348,1,1
2021,21,165,68,68,68,0.0698869476,1,1
2021,21,167,119,119,119,0.0369794904,1,1
2021,21,169,,,,,,
2021,21,171,35,35,35,0.0197183099,1,1
2021,21,173,43,43,43,0.0098195935,1,1
2021,21,175,22,22,22,0.0116959064,3,3
2021,21,177,,,,,,
2021,21,179,12,12,12,0.0016738736,3,3
2021,21,181,282,282,282,0.2478031634,1,1
2021,21,183,30,30,30,0.0075433744,1,1
2021,21,185,11,11,11,0.0008864534,3,3
2021,21,187,24,24,24,0.0138488171,3,3
2021,21,189,,,,,,
2021,21,191,,,,,,
2021,21,193,455,455,455,0.0996714129,1,1
2021,21,195,193,192,194,0.0214826358,1,1
2021,21,197,14,14,14,0.0063665302,3,3
2021,21,199,49,49,49,0.0050339018,1,1
2021,21,201,38,38,38,0.0865603645,1,1
2021,21,203,126,126,126,0.0456191166,1,1
2021,21,205,255,255,255,0.0782688766,1,1
2021,21,207,250,250,250,0.0849473327,1,1
2021,21,209,343,343,343,0.0358524093,1,1
2021,21,211,18,18,18,0.0026052974,3,3
2021,21,213,60,60,60,0.0197433366,1,1
2021,21,215,40,40,40,0.0124339447,1,1
2021,21,217,34,33,35,0.0085750315,2,2
2021,21,219,,,,,,
2021,21,221,45,45,45,0.0227502528,1,1
2021,21,223,45,45,45,0.0377833753,1,1
2021,21,225,25,25,25,0.012189176,3,3
2021,21,227,285,285,285,0.0132078969,1,1
2021,21,229,80,80,80,0.0470035253,1,1
2021,21,231,69,69,69,0.0217665615,1,1
2021,21,233,588,588,588,0.2720962517,1,1
2021,21,235,343,343,343,0.0488534397,1,1
2021,21,237,,,,,,
2021,21,239,94,94,94,0.0235707121,1,1
2021,22,001,140,140,140,0.0149492792,1,1
2021,22,003,22,22,22,0.0055318079,3,3
2021,22,005,106,106,106,0.004593119,1,1
2021,22,007,117,117,117,0.0389740173,1,1
2021,22,009,31,30,32,0.0053969359,2,2
2021,22,011,19,19,19,0.0033503791,3,3
2021,22,013,27,27,27,0.0138248848,3,3
2021,22,015,197,197,197,0.0087871894,1,1
2021,22,017,1371,1371,1371,0.0394577793,1,1
2021,22,019,980,980,980,0.0333582953,1,1
2021,22,021,,,,,,
2021,22,023,582,582,582,0.5096322242,1,1
2021,22,025,,,,,,
2021,22,027,20,20,20,0.0119189511,3,3
2021,22,029,62,62,62,0.0202217873,1,1
2021,22,031,27,27,27,0.0056063123,3,3
2021,22,033,1455,1452,1458,0.0227974241,1,1
2021,22,035,,,,,,
2021,22,037,85,85,85,0.0504151839,1,1
2021,22,039,22,22,22,0.0039048633,3,3
2021,22,041,,,,,,
2021,22,043,91,91,91,0.0336662967,1,1
2021,22,045,89,89,89,0.0078145579,1,1
2021,22,047,127,127,127,0.0261585994,1,1
2021,22,049,10,10,10,0.0047619048,3,3
2021,22,051,1118,1118,1118,0.0231657032,1,1
2021,22,053,88,88,88,0.0163053548,1,1
2021,22,055,613,612,614,0.0182413331,1,1
2021,22,057,1342,1342,1342,0.0955840456,1,1
2021,22,059,335,335,335,0.1300970874,1,1
2021,22,061,85,85,85,0.0143387314,1,1
2021,22,063,289,289,289,0.0110461339,1,1
2021,22,065,31,31,31,0.0267011197,1,1
2021,22,067,73,73,73,0.0223446587,1,1
2021,22,069,100,100,100,0.0190657769,1,1
2021,22,071,2890,2888,2892,0.0598603948,1,1
2021,22,073,195,195,195,0.0073283476,1,1
2021,22,075,56,56,56,0.0148069804,1,1
2021,22,077,39,39,39,0.0150637312,1,1
2021,22,079,218,218,218,0.0099899184,1,1
2021,22,081,92,92,92,0.0700685453,1,1
2021,22,083,24,24,24,0.0069808028,3,3
2021,22,085,25,25,25,0.0061606703,3,3
2021,22,087,88,88,88,0.0113724477,1,1
2021,22,089,787,787,787,0.0861333041,1,1
2021,22,091,,,,,,
2021,22,093,188,188,188,0.0548905109,1,1
2021,22,095,44,44,44,0.0086122529,1,1
2021,22,097,81,81,81,0.0065201642,1,1
2021,22,099,49,49,49,0.0066730219,1,1
2021,22,101,225,225,225,0.0284126784,1,1
2021,22,103,505,505,505,0.0136309652,1,1
2021,22,105,389,389,389,0.0201106343,1,1
2021,22,107,,,,,,
2021,22,109,1369,1369,1369,0.0898647762,1,1
2021,22,111,35,35,35,0.012345679,1,1
2021,22,113,64,64,64,0.0068164874,1,1
2021,22,115,,,,,,
2021,22,117,81,81,81,0.0120553654,1,1
2021,22,119,66,66,66,0.0121301231,1,1
2021,22,121,50,50,50,0.0120481928,1,1
2021,22,123,12,12,12,0.0066225166,3,3
2021,22,125,35,35,35,0.0161812298,1,1
2021,22,127,34,34,34,0.017507724,1,1
2021,23,001,437,437,437,0.0271799975,1,1
2021,23,003,74,71,77,0.0129257642,2,2
2021,23,005,1156,1154,1158,0.0362314298,1,1
2021,23,007,39,39,39,0.0136650315,1,1
2021,23,009,50,48,52,0.0121506683,2,2
2021,23,011,286,284,288,0.0193596426,1,1
2021,23,013,115,115,115,0.0230645808,1,1
2021,23,015,43,40,46,0.0122020431,3,3
2021,23,017,165,165,165,0.019123783,1,1
2021,23,019,253,247,259,0.0135678661,1,1
2021,23,021,,,,,,
2021,23,023,83,83,83,0.019686907,1,1
2021,23,025,40,39,41,0.0069553121,2,2
2021,23,027,69,68,70,0.021468575,1,1
2021,23,029,,,,,,
2021,23,031,316,314,318,0.0117954461,1,1
2021,24,001,54,54,54,0.0066404329,1,1
2021,24,003,1030,1030,1030,0.012378915,1,1
2021,24,005,2714,2714,2714,0.0244205298,1,1
2021,24,009,162,162,162,0.0105147011,1,1
2021,24,011,120,120,120,0.0216177265,1,1
2021,24,013,170,170,170,0.0067853437,1,1
2021,24,015,503,503,503,0.0340324763,1,1
2021,24,017,866,866,866,0.0322232558,1,1
2021,24,019,137,137,137,0.0299584518,1,1
2021,24,021,987,987,987,0.0218266254,1,1
2021,24,023,64,64,64,0.0182752713,1,1
2021,24,025,439,439,439,0.0115770042,1,1
2021,24,027,483,483,483,0.0084256433,1,1
2021,24,029,60,60,60,0.0335946249,1,1
2021,24,031,1219,1219,1219,0.0077039265,1,1
2021,24,033,853,853,853,0.0066242137,1,1
2021,24,035,207,207,207,0.0278225806,1,1
2021,24,037,246,246,246,0.0140732265,1,1
2021,24,039,87,87,87,0.0317402408,1,1
2021,24,041,214,214,214,0.0472093536,1,1
2021,24,043,749,749,749,0.0337828695,1,1
2021,24,045,628,628,628,0.0428259684,1,1
2021,24,047,228,228,228,0.0335146259,1,1
2021,24,510,4553,4553,4553,0.0582195284,1,1
2021,25,001,367,365,369,0.0165315315,1,1
2021,25,003,212,207,217,0.0147201778,1,1
2021,25,005,2464,2461,2467,0.0299548975,1,1
2021,25,007,14,11,17,0.0070105158,3,3
2021,25,009,2647,2638,2656,0.0253989272,1,1
2021,25,011,158,153,163,0.0187225975,2,2
2021,25,013,2254,2248,2260,0.0332806709,1,1
2021,25,015,181,177,185,0.0112793669,1,1
2021,25,017,4200,4190,4210,0.0206529276,1,1
2021,25,019,,,,,,
2021,25,021,714,709,719,0.007217662,1,1
2021,25,023,940,931,949,0.011943788,1,1
2021,25,025,4631,4630,4632,0.0610169045,1,1
2021,25,027,3369,3357,3381,0.0281488908,1,1
2021,26,001,33,33,33,0.047826087,1,1
2021,26,003,39,39,39,0.0419354839,1,1
2021,26,005,486,485,487,0.0275478971,1,1
2021,26,007,189,189,189,0.0488245931,1,1
2021,26,009,202,201,203,0.0690362269,1,1
2021,26,011,121,121,121,0.0633839707,1,1
2021,26,013,47,46,48,0.0522222222,1,1
2021,26,015,226,226,226,0.0262363594,1,1
2021,26,017,398,398,398,0.0291724694,1,1
2021,26,019,124,124,124,0.0725146199,1,1
2021,26,021,801,800,802,0.0322619623,1,1
2021,26,023,539,539,539,0.0789627893,1,1
2021,26,025,652,651,653,0.0334874165,1,1
2021,26,027,263,263,263,0.0405676384,1,1
2021,26,029,153,153,153,0.0425472747,1,1
2021,26,031,152,152,152,0.0631491483,1,1
2021,26,033,158,154,162,0.0309318716,2,2
2021,26,035,128,128,128,0.0307396734,1,1
2021,26,037,206,205,207,0.0189286042,1,1
2021,26,039,52,52,52,0.0314199396,1,1
2021,26,041,110,109,111,0.0242504409,1,1
2021,26,043,89,88,90,0.0248951049,1,1
2021,26,045,393,393,393,0.0230309423,1,1
2021,26,047,120,120,120,0.0287907869,1,1
2021,26,049,837,836,838,0.0135202804,1,1
2021,26,051,86,86,86,0.0332174585,1,1
2021,26,053,50,50,50,0.0404203719,1,1
2021,26,055,416,414,418,0.0335213537,1,1
2021,26,057,167,167,167,0.0304134038,1,1
2021,26,059,525,525,525,0.0971682399,1,1
2021,26,061,72,69,75,0.0139968896,2,2
2021,26,063,101,98,104,0.0223797917,2,2
2021,26,065,707,707,707,0.0177557888,1,1
2021,26,067,177,177,177,0.0223146747,1,1
2021,26,069,251,251,251,0.0678745268,1,1
2021,26,071,22,21,23,0.0173638516,3,3
2021,26,073,170,170,170,0.0268732216,1,1
2021,26,075,984,984,984,0.0432736708,1,1
2021,26,077,1200,1199,1201,0.0345821326,1,1
2021,26,079,98,98,98,0.053030303,1,1
2021,26,081,1786,1780,1792,0.0174899134,1,1
2021,26,083,,,,,,
2021,26,085,64,64,64,0.1454545455,1,1
2021,26,087,184,183,185,0.0166124955,1,1
2021,26,089,90,90,90,0.0486486486,1,1
2021,26,091,489,488,490,0.0330472393,1,1
2021,26,093,223,223,223,0.008983242,1,1
2021,26,095,41,41,41,0.0780952381,1,1
2021,26,097,86,85,87,0.0794090489,1,1
2021,26,099,1084,1083,1085,0.0094356867,1,1
2021,26,101,280,279,281,0.0480192077,1,1
2021,26,103,132,131,133,0.0163649888,1,1
2021,26,105,218,218,218,0.0521406362,1,1
2021,26,107,93,93,93,0.0157307172,1,1
2021,26,109,201,200,202,0.0524941238,1,1
2021,26,111,252,252,252,0.0206794682,1,1
2021,26,113,162,162,162,0.0751740139,1,1
2021,26,115,485,485,485,0.0215316315,1,1
2021,26,117,430,430,430,0.0401381499,1,1
2021,26,119,66,66,66,0.0974889217,1,1
2021,26,121,721,721,721,0.0265190525,1,1
2021,26,123,616,616,616,0.0824631861,1,1
2021,26,125,1385,1384,1386,0.0080555103,1,1
2021,26,127,101,101,101,0.037173353,1,1
2021,26,129,112,112,112,0.0552540701,1,1
2021,26,131,,,,,,
2021,26,133,152,152,152,0.0411924119,1,1
2021,26,135,52,52,52,0.0656565657,1,1
2021,26,137,50,49,51,0.0138427464,1,1
2021,26,139,657,655,659,0.014640016,1,1
2021,26,141,72,71,73,0.0598503741,1,1
2021,26,143,217,217,217,0.0702492716,1,1
2021,26,145,473,472,474,0.0173941823,1,1
2021,26,147,514,513,515,0.0204122156,1,1
2021,26,149,439,439,439,0.0435861795,1,1
2021,26,151,254,254,254,0.0420181969,1,1
2021,26,153,23,23,23,0.0321678322,3,3
2021,26,155,232,232,232,0.0219302392,1,1
2021,26,157,222,222,222,0.0309623431,1,1
2021,26,159,528,528,528,0.0347528467,1,1
2021,26,161,867,864,870,0.0205650039,1,1
2021,26,163,4027,4006,4048,0.0162857755,1,1
2021,26,165,480,480,480,0.0583232078,1,1
2021,27,001,,,,,,
2021,27,003,1509,1507,1511,0.0235127302,1,1
2021,27,005,138,137,139,0.0305309735,1,1
2021,27,007,346,343,349,0.0439420879,1,1
2021,27,009,32,32,32,0.0050600886,1,1
2021,27,011,,,,,,
2021,27,013,231,231,231,0.0220251716,1,1
2021,27,015,16,15,17,0.0059746079,3,3
2021,27,017,70,68,72,0.0123022847,2,2
2021,27,019,82,82,82,0.0057118975,1,1
2021,27,021,38,38,38,0.012067323,1,1
2021,27,023,,,,,,
2021,27,025,30,28,32,0.0043047783,3,3
2021,27,027,246,246,246,0.0249442304,1,1
2021,27,029,20,20,20,0.01447178,3,3
2021,27,031,,,,,,
2021,27,033,10,10,10,0.0086730269,3,3
2021,27,035,56,56,56,0.0072717829,1,1
2021,27,037,883,882,884,0.0121709166,1,1
2021,27,039,,,,,,
2021,27,041,43,43,43,0.0087062158,1,1
2021,27,043,13,13,13,0.012037037,3,3
2021,27,045,12,10,14,0.006504065,3,3
2021,27,047,37,36,38,0.0093718338,2,2
2021,27,049,70,69,71,0.0137713948,1,1
2021,27,051,,,,,,
2021,27,053,4713,4710,4716,0.0315099083,1,1
2021,27,055,36,35,37,0.0088845015,2,2
2021,27,057,,,,,,
2021,27,059,48,48,48,0.0082730093,1,1
2021,27,061,173,173,173,0.0257747318,1,1
2021,27,063,,,,,,
2021,27,065,46,46,46,0.0286247666,1,1
2021,27,067,47,46,48,0.007826811,1,1
2021,27,069,,,,,,
2021,27,071,,,,,,
2021,27,073,10,10,10,0.0073099415,3,3
2021,27,075,29,29,29,0.0217065868,3,3
2021,27,077,,,,,,
2021,27,079,15,15,15,0.0066401062,3,3
2021,27,081,,,,,,
2021,27,083,31,31,31,0.0093683892,1,1
2021,27,085,61,61,61,0.0129264675,1,1
2021,27,087,55,55,55,0.0392857143,1,1
2021,27,089,,,,,,
2021,27,091,141,141,141,0.0505920344,1,1
2021,27,093,14,13,15,0.0041891083,3,3
2021,27,095,68,68,68,0.0160794514,1,1
2021,27,097,11,11,11,0.0045081967,3,3
2021,27,099,35,35,35,0.006754149,1,1
2021,27,101,,,,,,
2021,27,103,33,32,34,0.0134364821,2,2
2021,27,105,177,177,177,0.0448896779,1,1
2021,27,107,10,9,11,0.0108577633,3,3
2021,27,109,404,403,405,0.0176805252,1,1
2021,27,111,39,37,41,0.0064282182,3,3
2021,27,113,22,22,22,0.011872639,3,3
2021,27,115,46,46,46,0.0178294574,1,1
2021,27,117,11,10,12,0.0071428571,3,3
2021,27,119,70,68,72,0.0185873606,2,2
2021,27,121,,,,,,
2021,27,123,2104,2100,2108,0.0264451176,1,1
2021,27,125,,,,,,
2021,27,127,,,,,,
2021,27,129,,,,,,
2021,27,131,77,77,77,0.010632422,1,1
2021,27,133,,,,,,
2021,27,135,13,13,13,0.0123809524,3,3
2021,27,137,424,423,425,0.0189083125,1,1
2021,27,139,98,96,100,0.0040006532,1,1
2021,27,141,76,76,76,0.0038399353,1,1
2021,27,143,24,23,25,0.0143369176,3,3
2021,27,145,770,768,772,0.033542429,1,1
2021,27,147,101,101,101,0.0174288179,1,1
2021,27,149,,,,,,
2021,27,151,,,,,,
2021,27,153,73,73,73,0.0301030928,1,1
2021,27,155,,,,,,
2021,27,157,,,,,,
2021,27,159,,,,,,
2021,27,161,28,27,29,0.0081632653,3,3
2021,27,163,330,329,331,0.0084972706,1,1
2021,27,165,77,77,77,0.0451612903,1,1
2021,27,167,,,,,,
2021,27,169,22,21,23,0.0051461988,3,3
2021,27,171,73,70,76,0.0033760348,2,2
2021,27,173,,,,,,
2021,28,001,,,,,,
2021,28,003,201,201,201,0.0356889205,1,1
2021,28,005,31,31,31,0.0349887133,1,1
2021,28,007,,,,,,
2021,28,009,29,29,29,0.0316248637,3,3
2021,28,011,113,113,113,0.1340450771,1,1
2021,28,013,43,43,43,0.0197247706,1,1
2021,28,015,,,,,,
2021,28,017,,,,,,
2021,28,019,,,,,,
2021,28,021,,,,,,
2021,28,023,,,,,,
2021,28,025,,,,,,
2021,28,027,32,32,32,0.0125097733,1,1
2021,28,029,21,21,21,0.0056588521,3,3
2021,28,031,28,28,28,0.0107485605,3,3
2021,28,033,167,167,167,0.0048449331,1,1
2021,28,035,186,186,186,0.0174565931,1,1
2021,28,037,,,,,,
2021,28,039,69,69,69,0.0168993387,1,1
2021,28,041,,,,,,
2021,28,043,,,,,,
2021,28,045,22,22,22,0.0037478705,3,3
2021,28,047,1353,1353,1353,0.0429006278,1,1
2021,28,049,914,913,915,0.0296426023,1,1
2021,28,051,,,,,,
2021,28,053,57,57,57,0.0453460621,1,1
2021,28,055,,,,,,
2021,28,057,17,17,17,0.0050132704,3,3
2021,28,059,265,265,265,0.0115766022,1,1
2021,28,061,,,,,,
2021,28,063,,,,,,
2021,28,065,13,13,13,0.0101641908,3,3
2021,28,067,88,88,88,0.0077594568,1,1
2021,28,069,,,,,,
2021,28,071,31,31,31,0.0041305796,1,1
2021,28,073,125,125,125,0.0121065375,1,1
2021,28,075,142,142,142,0.013357163,1,1
2021,28,077,,,,,,
2021,28,079,10,10,10,0.0038804812,3,3
2021,28,081,503,502,504,0.032841473,1,1
2021,28,083,155,155,155,0.0389643037,1,1
2021,28,085,29,29,29,0.0053250092,3,3
2021,28,087,43,43,43,0.0050481334,1,1
2021,28,089,54,54,54,0.0033534124,1,1
2021,28,091,33,33,33,0.0093883357,1,1
2021,28,093,48,48,48,0.0125195618,1,1
2021,28,095,14,14,14,0.0044025157,3,3
2021,28,097,,,,,,
2021,28,099,11,11,11,0.0028082716,3,3
2021,28,101,10,9,11,0.0056401579,3,3
2021,28,103,99,99,99,0.0711718188,1,1
2021,28,105,46,46,46,0.0093839249,1,1
2021,28,107,,,,,,
2021,28,109,45,45,45,0.0053072296,1,1
2021,28,111,23,23,23,0.0150918635,3,3
2021,28,113,17,16,18,0.0044144378,3,3
2021,28,115,31,31,31,0.005372617,1,1
2021,28,117,11,10,12,0.0030838239,3,3
2021,28,119,,,,,,
2021,28,121,,,,,,
2021,28,123,,,,,,
2021,28,125,169,169,169,0.2734627832,1,1
2021,28,127,51,51,51,0.0162110617,1,1
2021,28,129,,,,,,
2021,28,131,,,,,,
2021,28,133,,,,,,
2021,28,135,49,48,50,0.033584647,1,1
2021,28,137,30,30,30,0.0081366965,1,1
2021,28,139,11,11,11,0.0028743141,3,3
2021,28,141,,,,,,
2021,28,143,41,41,41,0.024595081,1,1
2021,28,145,,,,,,
2021,28,147,,,,,,
2021,28,149,154,154,154,0.0221423436,1,1
2021,28,151,71,71,71,0.0163556784,1,1
2021,28,153,11,11,11,0.0038582953,3,3
2021,28,155,,,,,,
2021,28,157,,,,,,
2021,28,159,,,,,,
2021,28,161,,,,,,
2021,28,163,,,,,,
2021,29,001,84,84,84,0.0340494528,1,1
2021,29,003,10,10,10,0.0042662116,3,3
2021,29,005,,,,,,
2021,29,007,103,103,103,0.0309030903,1,1
2021,29,009,313,313,313,0.0479032752,1,1
2021,29,011,48,48,48,0.0310679612,1,1
2021,29,013,31,29,33,0.0122820919,3,3
2021,29,015,168,168,168,0.0679062247,1,1
2021,29,017,63,63,63,0.0406451613,1,1
2021,29,019,348,347,349,0.0143274733,1,1
2021,29,021,382,382,382,0.0337963373,1,1
2021,29,023,237,237,237,0.0351527737,1,1
2021,29,025,54,51,57,0.036437247,3,3
2021,29,027,109,108,110,0.0265853659,1,1
2021,29,029,418,418,418,0.0843422115,1,1
2021,29,031,128,128,128,0.0122067519,1,1
2021,29,033,51,51,51,0.0608591885,1,1
2021,29,035,17,17,17,0.0276872964,3,3
2021,29,037,423,422,424,0.0241714286,1,1
2021,29,039,45,45,45,0.0201072386,1,1
2021,29,041,20,19,21,0.0362318841,3,3
2021,29,043,154,154,154,0.0096442886,1,1
2021,29,045,23,23,23,0.0202464789,3,3
2021,29,047,915,915,915,0.0222681918,1,1
2021,29,049,99,99,99,0.0248868778,1,1
2021,29,051,170,170,170,0.0142905178,1,1
2021,29,053,68,66,70,0.0291970803,2,2
2021,29,055,93,93,93,0.0293098014,1,1
2021,29,057,,,,,,
2021,29,059,147,147,147,0.085118703,1,1
2021,29,061,,,,,,
2021,29,063,10,10,10,0.0122100122,3,3
2021,29,065,29,29,29,0.0171597633,3,3
2021,29,067,24,24,24,0.0175054705,3,3
2021,29,069,73,72,74,0.0156955493,1,1
2021,29,071,444,444,444,0.0293476105,1,1
2021,29,073,117,117,117,0.0427319211,1,1
2021,29,075,,,,,,
2021,29,077,2183,2183,2183,0.0608450861,1,1
2021,29,079,18,18,18,0.014527845,3,3
2021,29,081,,,,,,
2021,29,083,73,72,74,0.0261648746,1,1
2021,29,085,34,33,35,0.0362473348,2,2
2021,29,087,,,,,,
2021,29,089,24,23,25,0.0167014614,3,3
2021,29,091,202,200,204,0.0380199511,1,1
2021,29,093,35,35,35,0.024137931,1,1
2021,29,095,4154,4153,4155,0.0398453762,1,1
2021,29,097,1368,1368,1368,0.0617718775,1,1
2021,29,099,705,705,705,0.0211979073,1,1
2021,29,101,318,318,318,0.0411650485,1,1
2021,29,103,,,,,,
2021,29,105,356,356,356,0.0606990622,1,1
2021,29,107,151,151,151,0.029590437,1,1
2021,29,109,289,288,290,0.0498104102,1,1
2021,29,111,32,32,32,0.0225988701,1,1
2021,29,113,141,140,142,0.0144897749,1,1
2021,29,115,34,33,35,0.017838405,2,2
2021,29,117,31,30,32,0.0164369035,2,2
2021,29,119,183,183,183,0.0511173184,1,1
2021,29,121,23,23,23,0.013302487,3,3
2021,29,123,,,,,,
2021,29,125,13,12,14,0.0106907895,3,3
2021,29,127,119,119,119,0.0244002461,1,1
2021,29,129,,,,,,
2021,29,131,77,76,78,0.0149311615,1,1
2021,29,133,112,112,112,0.0611020185,1,1
2021,29,135,34,34,34,0.0169407075,1,1
2021,29,137,22,22,22,0.0165537998,3,3
2021,29,139,57,57,57,0.038,1,1
2021,29,141,134,134,134,0.0629107981,1,1
2021,29,143,15,15,15,0.0164293538,3,3
2021,29,145,271,271,271,0.0314385151,1,1
2021,29,147,,,,,,
2021,29,149,84,84,84,0.0544747082,1,1
2021,29,151,,,,,,
2021,29,153,59,59,59,0.0578999019,1,1
2021,29,155,26,24,28,0.0146396396,3,3
2021,29,157,104,104,104,0.0477283157,1,1
2021,29,159,907,906,908,0.1352520131,1,1
2021,29,161,99,98,100,0.015699334,1,1
2021,29,163,98,98,98,0.0392156863,1,1
2021,29,165,327,327,327,0.0186399134,1,1
2021,29,167,142,141,143,0.0276587456,1,1
2021,29,169,103,101,105,0.0119642235,1,1
2021,29,171,,,,,,
2021,29,173,28,28,28,0.035131744,3,3
2021,29,175,197,197,197,0.0714544795,1,1
2021,29,177,55,55,55,0.0270536153,1,1
2021,29,179,25,24,26,0.0350631136,3,3
2021,29,181,90,90,90,0.046923879,1,1
2021,29,183,629,629,629,0.0106049366,1,1
2021,29,185,24,24,24,0.0265486726,3,3
2021,29,186,39,39,39,0.0215707965,1,1
2021,29,187,426,426,426,0.041459854,1,1
2021,29,189,6705,6705,6705,0.0491947614,1,1
2021,29,195,268,267,269,0.0756207675,1,1
2021,29,197,13,13,13,0.0226876091,3,3
2021,29,199,,,,,,
2021,29,201,91,91,91,0.016060713,1,1
2021,29,203,38,38,38,0.031147541,1,1
2021,29,205,,,,,,
2021,29,207,165,164,166,0.0352714835,1,1
2021,29,209,190,189,191,0.0537634409,1,1
2021,29,211,59,59,59,0.0885885886,1,1
2021,29,213,840,840,840,0.1096605744,1,1
2021,29,215,70,70,70,0.0218818381,1,1
2021,29,217,118,118,118,0.0426454644,1,1
2021,29,219,184,184,184,0.0383333333,1,1
2021,29,221,180,178,182,0.0541027953,1,1
2021,29,223,,,,,,
2021,29,225,259,259,259,0.0387144993,1,1
2021,29,227,,,,,,
2021,29,229,96,96,96,0.0328317373,1,1
2021,29,510,4245,4243,4247,0.1470893971,1,1
2021,30,001,11,11,11,0.0098743268,3,3
2021,30,003,243,241,245,0.097708082,1,1
2021,30,005,145,142,148,0.1147151899,1,1
2021,30,007,,,,,,
2021,30,009,,,,,,
2021,30,011,,,,,,
2021,30,013,528,524,532,0.0482191781,1,1
2021,30,015,,,,,,
2021,30,017,33,33,33,0.0226492793,1,1
2021,30,019,,,,,,
2021,30,021,15,15,15,0.0131118881,3,3
2021,30,023,71,71,71,0.0670443815,1,1
2021,30,025,,,,,,
2021,30,027,11,10,12,0.0088211708,3,3
2021,30,029,480,476,484,0.0350928498,1,1
2021,30,031,234,232,236,0.0195865071,1,1
2021,30,033,,,,,,
2021,30,035,310,309,311,0.1553106212,1,1
2021,30,037,,,,,,
2021,30,039,,,,,,
2021,30,041,11,9,13,0.0042113323,3,3
2021,30,043,25,25,25,0.033557047,3,3
2021,30,045,,,,,,
2021,30,047,385,384,386,0.0938795416,1,1
2021,30,049,61,61,61,0.0079644862,1,1
2021,30,051,,,,,,
2021,30,053,30,29,31,0.0191693291,2,2
2021,30,055,,,,,,
2021,30,057,,,,,,
2021,30,059,,,,,,
2021,30,061,88,88,88,0.1271676301,1,1
2021,30,063,480,478,482,0.0353513036,1,1
2021,30,065,40,40,40,0.0720720721,1,1
2021,30,067,29,27,31,0.0195945946,3,3
2021,30,069,,,,,,
2021,30,071,,,,,,
2021,30,073,73,73,73,0.2011019284,1,1
2021,30,075,,,,,,
2021,30,077,,,,,,
2021,30,079,,,,,,
2021,30,081,138,138,138,0.0268586999,1,1
2021,30,083,25,25,25,0.0173250173,3,3
2021,30,085,208,205,211,0.095676173,1,1
2021,30,087,228,227,229,0.1642651297,1,1
2021,30,089,13,12,14,0.0191740413,3,3
2021,30,091,11,11,11,0.0306406685,3,3
2021,30,093,136,136,136,0.0319323785,1,1
2021,30,095,,,,,,
2021,30,097,,,,,,
2021,30,099,,,,,,
2021,30,101,29,29,29,0.0599173554,3,3
2021,30,103,,,,,,
2021,30,105,,,,,,
2021,30,107,,,,,,
2021,30,109,,,,,,
2021,30,111,624,622,626,0.0283894449,1,1
2021,31,001,151,151,151,0.0409658166,1,1
2021,31,003,,,,,,
2021,31,005,,,,,,
2021,31,007,,,,,,
2021,31,009,,,,,,
2021,31,011,,,,,,
2021,31,013,,,,,,
2021,31,015,,,,,,
2021,31,017,,,,,,
2021,31,019,83,83,83,0.0134369435,1,1
2021,31,021,,,,,,
2021,31,023,,,,,,
2021,31,025,,,,,,
2021,31,027,,,,,,
2021,31,029,,,,,,
2021,31,031,,,,,,
2021,31,033,,,,,,
2021,31,035,52,52,52,0.0748201439,1,1
2021,31,037,,,,,,
2021,31,039,,,,,,
2021,31,041,,,,,,
2021,31,043,54,54,54,0.0144076841,1,1
2021,31,045,,,,,,
2021,31,047,409,409,409,0.1282131661,1,1
2021,31,049,,,,,,
2021,31,051,,,,,,
2021,31,053,49,48,50,0.0094049904,1,1
2021,31,055,1035,1035,1035,0.0107804639,1,1
2021,31,057,,,,,,
2021,31,059,,,,,,
2021,31,061,,,,,,
2021,31,063,,,,,,
2021,31,065,,,,,,
2021,31,067,,,,,,
2021,31,069,,,,,,
2021,31,071,,,,,,
2021,31,073,,,,,,
2021,31,075,,,,,,
2021,31,077,,,,,,
2021,31,079,224,224,224,0.0216823154,1,1
2021,31,081,12,12,12,0.0097560976,3,3
2021,31,083,,,,,,
2021,31,085,,,,,,
2021,31,087,,,,,,
2021,31,089,,,,,,
2021,31,091,,,,,,
2021,31,093,21,21,21,0.0424242424,3,3
2021,31,095,,,,,,
2021,31,097,,,,,,
2021,31,099,,,,,,
2021,31,101,,,,,,
2021,31,103,,,,,,
2021,31,105,,,,,,
2021,31,107,,,,,,
2021,31,109,458,458,458,0.0109708482,1,1
2021,31,111,45,45,45,0.0117370892,1,1
2021,31,113,,,,,,
2021,31,115,,,,,,
2021,31,117,,,,,,
2021,31,119,21,21,21,0.0041924536,3,3
2021,31,121,,,,,,
2021,31,123,,,,,,
2021,31,125,,,,,,
2021,31,127,,,,,,
2021,31,129,,,,,,
2021,31,131,,,,,,
2021,31,133,,,,,,
2021,31,135,,,,,,
2021,31,137,,,,,,
2021,31,139,,,,,,
2021,31,141,70,70,70,0.0170981925,1,1
2021,31,143,,,,,,
2021,31,145,,,,,,
2021,31,147,,,,,,
2021,31,149,,,,,,
2021,31,151,112,112,112,0.0528301887,1,1
2021,31,153,167,166,168,0.0060002874,1,1
2021,31,155,,,,,,
2021,31,157,78,78,78,0.0143911439,1,1
2021,31,159,,,,,,
2021,31,161,,,,,,
2021,31,163,16,16,16,0.0341880342,3,3
2021,31,165,,,,,,
2021,31,167,,,,,,
2021,31,169,,,,,,
2021,31,171,,,,,,
2021,31,173,,,,,,
2021,31,175,,,,,,
2021,31,177,,,,,,
2021,31,179,,,,,,
2021,31,181,,,,,,
2021,31,183,,,,,,
2021,31,185,14,14,14,0.0092044707,3,3
2021,32,001,119,119,119,0.0354166667,1,1
2021,32,003,12078,12078,12078,0.0377148745,1,1
2021,32,005,81,81,81,0.015008338,1,1
2021,32,007,149,149,149,0.0149854169,1,1
2021,32,009,,,,,,
2021,32,011,,,,,,
2021,32,013,169,169,169,0.0498966637,1,1
2021,32,015,39,39,39,0.0378640777,1,1
2021,32,017,15,15,15,0.0159235669,3,3
2021,32,019,300,300,300,0.0335683115,1,1
2021,32,021,59,59,59,0.0964052288,1,1
2021,32,023,398,398,398,0.070730407,1,1
2021,32,027,47,47,47,0.0702541106,1,1
2021,32,029,,,,,,
2021,32,031,1908,1908,1908,0.0286813781,1,1
2021,32,033,30,30,30,0.0235849057,1,1
2021,32,510,1313,1313,1313,0.0207631608,1,1
2021,33,001,209,209,209,0.0263224181,1,1
2021,33,003,191,189,193,0.0359969845,1,1
2021,33,005,187,185,189,0.025256618,1,1
2021,33,007,78,76,80,0.0236506974,2,2
2021,33,009,211,207,215,0.0242445134,1,1
2021,33,011,1304,1296,1312,0.025740229,1,1
2021,33,013,314,311,317,0.0181178236,1,1
2021,33,015,462,455,469,0.0140772114,1,1
2021,33,017,318,316,320,0.0226608708,1,1
2021,33,019,98,95,101,0.0214582877,2,2
2021,34,001,642,641,643,0.0152436129,1,1
2021,34,003,560,548,572,0.0061595996,1,1
2021,34,005,706,701,711,0.0114091791,1,1
2021,34,007,1560,1556,1564,0.0196587444,1,1
2021,34,009,459,455,463,0.0393181429,1,1
2021,34,011,436,432,440,0.0157788072,1,1
2021,34,013,696,689,703,0.0053589578,1,1
2021,34,015,527,526,528,0.0127977853,1,1
2021,34,017,587,585,589,0.0072445882,1,1
2021,34,019,23,21,25,0.0023699124,3,3
2021,34,021,466,464,468,0.0079039316,1,1
2021,34,023,946,944,948,0.0077303371,1,1
2021,34,025,788,777,799,0.0097430698,1,1
2021,34,027,199,187,211,0.0037964782,3,3
2021,34,029,637,634,640,0.0096917506,1,1
2021,34,031,515,508,522,0.0066184314,1,1
2021,34,033,219,219,219,0.0251579552,1,1
2021,34,035,338,336,340,0.0079136522,1,1
2021,34,037,94,84,104,0.0057860396,3,3
2021,34,039,782,779,785,0.009639683,1,1
2021,34,041,129,124,134,0.0104826914,2,2
2021,35,001,2146,2142,2150,0.0246907899,1,1
2021,35,003,44,44,44,0.1623616236,1,1
2021,35,005,155,155,155,0.0145567243,1,1
2021,35,006,45,45,45,0.014159849,1,1
2021,35,007,37,37,37,0.0296712109,1,1
2021,35,009,58,58,58,0.0073894764,1,1
2021,35,011,29,29,29,0.1115384615,3,3
2021,35,013,1524,1523,1525,0.0400399348,1,1
2021,35,015,327,327,327,0.0248499126,1,1
2021,35,017,98,98,98,0.0275745639,1,1
2021,35,019,23,23,23,0.0378289474,3,3
2021,35,021,,,,,,
2021,35,023,62,61,63,0.1003236246,1,1
2021,35,025,184,182,186,0.0124374747,1,1
2021,35,027,136,133,139,0.0527131783,1,1
2021,35,028,,,,,,
2021,35,029,384,384,384,0.0717488789,1,1
2021,35,031,252,251,253,0.0195137061,1,1
2021,35,033,438,438,438,0.893877551,1,1
2021,35,035,211,210,212,0.0311945594,1,1
2021,35,037,96,95,97,0.0747081712,1,1
2021,35,039,123,122,124,0.0300880626,1,1
2021,35,041,10,8,12,0.0032808399,3,3
2021,35,043,515,514,516,0.0244864968,1,1
2021,35,045,778,778,778,0.0366065967,1,1
2021,35,047,283,283,283,0.0872379778,1,1
2021,35,049,781,779,783,0.0429333187,1,1
2021,35,051,160,160,160,0.1275917065,1,1
2021,35,053,85,85,85,0.0484606613,1,1
2021,35,055,167,166,168,0.0518794657,1,1
2021,35,057,246,246,246,0.0868031052,1,1
2021,35,059,,,,,,
2021,35,061,454,454,454,0.0368028534,1,1
2021,36,001,984,982,986,0.0283385652,1,1
2021,36,003,93,90,96,0.0175240249,2,2
2021,36,005,38659,38658,38660,0.1854949379,1,1
2021,36,007,627,627,627,0.0275036189,1,1
2021,36,009,144,142,146,0.0123308786,1,1
2021,36,011,157,157,157,0.0223583025,1,1
2021,36,013,302,299,305,0.0175204502,1,1
2021,36,015,132,132,132,0.0125618576,1,1
2021,36,017,131,129,133,0.0225356959,1,1
2021,36,019,186,186,186,0.017865719,1,1
2021,36,021,144,144,144,0.0227956308,1,1
2021,36,023,62,61,63,0.0116497557,1,1
2021,36,025,23,21,25,0.0112414467,3,3
2021,36,027,768,768,768,0.0212301313,1,1
2021,36,029,1887,1883,1891,0.0162096691,1,1
2021,36,031,22,21,23,0.0092748735,3,3
2021,36,033,145,145,145,0.0230487999,1,1
2021,36,035,118,117,119,0.0159718462,1,1
2021,36,037,156,154,158,0.0224041361,1,1
2021,36,039,72,72,72,0.0169811321,1,1
2021,36,041,,,,,,
2021,36,043,40,37,43,0.0053255226,3,3
2021,36,045,307,305,309,0.0212574436,1,1
2021,36,047,33315,33315,33315,0.1106670919,1,1
2021,36,049,36,35,37,0.0099889012,2,2
2021,36,051,121,121,121,0.0182558841,1,1
2021,36,053,98,96,100,0.0118845501,1,1
2021,36,055,2415,2414,2416,0.0234906183,1,1
2021,36,057,228,228,228,0.030661646,1,1
2021,36,059,2334,2328,2340,0.0121063115,1,1
2021,36,061,20977,20976,20978,0.1325150506,1,1
2021,36,063,641,640,642,0.0250146341,1,1
2021,36,065,494,494,494,0.0205081368,1,1
2021,36,067,2088,2084,2092,0.0317161345,1,1
2021,36,069,350,349,351,0.0228534117,1,1
2021,36,071,1649,1648,1650,0.0292754807,1,1
2021,36,073,98,98,98,0.0177826166,1,1
2021,36,075,929,929,929,0.0511789335,1,1
2021,36,077,39,35,43,0.010017981,3,3
2021,36,079,65,65,65,0.0049823701,1,1
2021,36,081,25154,25154,25154,0.093815152,1,1
2021,36,083,495,494,496,0.0261448265,1,1
2021,36,085,2629,2628,2630,0.0416178566,1,1
2021,36,087,1450,1450,1450,0.0392422192,1,1
2021,36,089,453,452,454,0.0325711821,1,1
2021,36,091,472,471,473,0.0146857498,1,1
2021,36,093,523,523,523,0.0255858324,1,1
2021,36,095,70,70,70,0.0228384992,1,1
2021,36,097,25,25,25,0.0128402671,3,3
2021,36,099,151,151,151,0.0386288053,1,1
2021,36,101,286,286,286,0.024188092,1,1
2021,36,103,3896,3890,3902,0.0177078031,1,1
2021,36,105,367,366,368,0.0393861344,1,1
2021,36,107,78,77,79,0.0126500162,1,1
2021,36,109,234,234,234,0.0229052467,1,1
2021,36,111,614,613,615,0.0287978988,1,1
2021,36,113,275,275,275,0.037805884,1,1
2021,36,115,205,205,205,0.0283110068,1,1
2021,36,117,317,316,318,0.0240442961,1,1
2021,36,119,2176,2171,2181,0.0180948817,1,1
2021,36,121,25,24,26,0.0067330999,3,3
2021,36,123,37,37,37,0.0189938398,1,1
2021,37,001,518,518,518,0.0233775612,1,1
2021,37,003,84,84,84,0.0186294079,1,1
2021,37,005,51,51,51,0.036637931,1,1
2021,37,007,65,65,65,0.0222298222,1,1
2021,37,009,90,90,90,0.0325144509,1,1
2021,37,011,32,32,32,0.0169761273,1,1
2021,37,013,32,32,32,0.0053999325,1,1
2021,37,015,,,,,,
2021,37,017,125,125,125,0.0313991459,1,1
2021,37,019,256,256,256,0.0202531646,1,1
2021,37,021,759,757,761,0.0277007299,1,1
2021,37,023,73,73,73,0.0062757909,1,1
2021,37,025,595,594,596,0.0147269937,1,1
2021,37,027,139,139,139,0.0127452778,1,1
2021,37,029,21,21,21,0.0111702128,3,3
2021,37,031,53,53,53,0.0066549473,1,1
2021,37,033,15,15,15,0.0067294751,3,3
2021,37,035,219,219,219,0.0098502226,1,1
2021,37,037,288,288,288,0.031968032,1,1
2021,37,039,19,19,19,0.0064538043,3,3
2021,37,041,29,29,29,0.0149716056,3,3
2021,37,043,18,18,18,0.0143769968,3,3
2021,37,045,335,335,335,0.0217490099,1,1
2021,37,047,46,46,46,0.0062884484,1,1
2021,37,049,75,75,75,0.0059213643,1,1
2021,37,051,824,824,824,0.0166592536,1,1
2021,37,053,75,75,75,0.016991391,1,1
2021,37,055,86,86,86,0.0163996949,1,1
2021,37,057,440,439,441,0.0185865754,1,1
2021,37,059,135,135,135,0.0221057803,1,1
2021,37,061,141,141,141,0.0144987147,1,1
2021,37,063,1172,1168,1176,0.0268487125,1,1
2021,37,065,90,89,91,0.0141553948,1,1
2021,37,067,904,904,904,0.0170710981,1,1
2021,37,069,158,158,158,0.019698292,1,1
2021,37,071,576,576,576,0.0190111559,1,1
2021,37,073,18,18,18,0.0122033898,3,3
2021,37,075,20,20,20,0.0172413793,3,3
2021,37,077,84,84,84,0.0122896854,1,1
2021,37,079,102,102,102,0.0373079737,1,1
2021,37,081,2446,2440,2452,0.0326172474,1,1
2021,37,083,140,139,141,0.0226207788,1,1
2021,37,085,232,232,232,0.0117736615,1,1
2021,37,087,353,353,353,0.0490209693,1,1
2021,37,089,331,330,332,0.0250719588,1,1
2021,37,091,,,,,,
2021,37,093,127,127,127,0.0143114717,1,1
2021,37,095,,,,,,
2021,37,097,346,346,346,0.0126763143,1,1
2021,37,099,102,101,103,0.028579434,1,1
2021,37,101,394,394,394,0.0104169421,1,1
2021,37,103,34,34,34,0.0329457364,1,1
2021,37,105,357,356,358,0.0371526694,1,1
2021,37,107,94,94,94,0.0113212092,1,1
2021,37,109,71,70,72,0.0052545885,1,1
2021,37,111,389,389,389,0.0661452134,1,1
2021,37,113,85,85,85,0.0190029063,1,1
2021,37,115,23,23,23,0.0107627515,3,3
2021,37,117,,,,,,
2021,37,119,4369,4363,4375,0.0278716971,1,1
2021,37,121,34,34,34,0.0196873191,1,1
2021,37,123,54,54,54,0.015054363,1,1
2021,37,125,193,193,193,0.0150452136,1,1
2021,37,127,225,225,225,0.0145952257,1,1
2021,37,129,1172,1172,1172,0.0456084368,1,1
2021,37,131,17,17,17,0.0063361908,3,3
2021,37,133,400,400,400,0.0146065364,1,1
2021,37,135,162,162,162,0.0086340138,1,1
2021,37,137,16,16,16,0.0093131548,3,3
2021,37,139,114,114,114,0.0204118174,1,1
2021,37,141,98,98,98,0.0094850949,1,1
2021,37,143,64,64,64,0.0386007238,1,1
2021,37,145,63,62,64,0.012567325,1,1
2021,37,147,240,240,240,0.0098292173,1,1
2021,37,149,,,,,,
2021,37,151,315,315,315,0.0160305344,1,1
2021,37,153,170,170,170,0.0249632893,1,1
2021,37,155,231,231,231,0.0111148535,1,1
2021,37,157,96,96,96,0.0083872095,1,1
2021,37,159,180,180,180,0.0099425541,1,1
2021,37,161,186,185,187,0.0209082734,1,1
2021,37,163,53,53,53,0.0048825426,1,1
2021,37,165,123,123,123,0.0225688073,1,1
2021,37,167,169,168,170,0.0186266946,1,1
2021,37,169,44,44,44,0.0079724588,1,1
2021,37,171,104,104,104,0.0100853375,1,1
2021,37,173,40,40,40,0.0208441897,1,1
2021,37,175,108,108,108,0.0324519231,1,1
2021,37,177,,,,,,
2021,37,179,242,242,242,0.0058107427,1,1
2021,37,181,116,116,116,0.0217922224,1,1
2021,37,183,4734,4731,4737,0.0289481087,1,1
2021,37,185,81,81,81,0.0454290522,1,1
2021,37,187,13,13,13,0.0119156737,3,3
2021,37,189,35,35,35,0.0074898352,1,1
2021,37,191,164,163,165,0.0087331594,1,1
2021,37,193,317,317,317,0.0366770797,1,1
2021,37,195,221,221,221,0.0192357908,1,1
2021,37,197,62,62,62,0.0119276645,1,1
2021,37,199,11,11,11,0.005606524,3,3
2021,38,001,,,,,,
2021,38,003,,,,,,
2021,38,005,59,58,60,0.0516185477,1,1
2021,38,007,,,,,,
2021,38,009,,,,,,
2021,38,011,,,,,,
2021,38,013,,,,,,
2021,38,015,329,328,330,0.0237716763,1,1
2021,38,017,513,512,514,0.0202967359,1,1
2021,38,019,,,,,,
2021,38,021,,,,,,
2021,38,023,,,,,,
2021,38,025,,,,,,
2021,38,027,,,,,,
2021,38,029,,,,,,
2021,38,031,,,,,,
2021,38,033,,,,,,
2021,38,035,98,98,98,0.0130163368,1,1
2021,38,037,,,,,,
2021,38,039,,,,,,
2021,38,041,,,,,,
2021,38,043,,,,,,
2021,38,045,,,,,,
2021,38,047,,,,,,
2021,38,049,,,,,,
2021,38,051,,,,,,
2021,38,053,228,227,229,0.1003521127,1,1
2021,38,055,,,,,,
2021,38,057,,,,,,
2021,38,059,24,24,24,0.0056100982,3,3
2021,38,061,,,,,,
2021,38,063,,,,,,
2021,38,065,,,,,,
2021,38,067,,,,,,
2021,38,069,,,,,,
2021,38,071,111,111,111,0.0649882904,1,1
2021,38,073,,,,,,
2021,38,075,,,,,,
2021,38,077,64,62,66,0.0328542094,2,2
2021,38,079,100,99,101,0.0240326845,1,1
2021,38,081,,,,,,
2021,38,083,,,,,,
2021,38,085,176,176,176,0.2242038217,1,1
2021,38,087,,,,,,
2021,38,089,78,78,78,0.018177581,1,1
2021,38,091,,,,,,
2021,38,093,22,21,23,0.0089321965,3,3
2021,38,095,,,,,,
2021,38,097,,,,,,
2021,38,099,,,,,,
2021,38,101,121,119,123,0.0133318643,1,1
2021,38,103,,,,,,
2021,38,105,246,246,246,0.0407554672,1,1
2021,39,001,,,,,,
2021,39,003,103,100,106,0.0089877836,2,2
2021,39,005,117,116,118,0.0189873418,1,1
2021,39,007,248,246,250,0.0194479297,1,1
2021,39,009,124,124,124,0.0177956372,1,1
2021,39,011,37,37,37,0.0072492163,1,1
2021,39,013,63,62,64,0.0094156329,1,1
2021,39,015,57,56,58,0.0297184567,1,1
2021,39,017,1039,1037,1041,0.0183949153,1,1
2021,39,019,15,14,16,0.0050813008,3,3
2021,39,021,167,166,168,0.0263656457,1,1
2021,39,023,496,493,499,0.0263241694,1,1
2021,39,025,97,97,97,0.0040163968,1,1
2021,39,027,64,64,64,0.0097234883,1,1
2021,39,029,31,28,34,0.0051435208,3,3
2021,39,031,75,74,76,0.0159438776,1,1
2021,39,033,57,55,59,0.0092098885,2,2
2021,39,035,3109,3092,3126,0.0204139253,1,1
2021,39,037,45,43,47,0.007968833,2,2
2021,39,039,20,19,21,0.0050800102,3,3
2021,39,041,124,124,124,0.0036130536,1,1
2021,39,043,292,290,294,0.0246830093,1,1
2021,39,045,234,234,234,0.0107829132,1,1
2021,39,047,99,99,99,0.0214703969,1,1
2021,39,049,3370,3350,3390,0.0182345493,1,1
2021,39,051,69,69,69,0.0101890136,1,1
2021,39,053,187,187,187,0.040336497,1,1
2021,39,055,47,44,50,0.0049261084,3,3
2021,39,057,335,334,336,0.015576324,1,1
2021,39,059,176,176,176,0.0395150427,1,1
2021,39,061,3573,3566,3580,0.0321851298,1,1
2021,39,063,91,88,94,0.0089956505,2,2
2021,39,065,17,15,19,0.0047833427,3,3
2021,39,067,,,,,,
2021,39,069,52,51,53,0.0105476673,1,1
2021,39,071,372,371,373,0.0549077491,1,1
2021,39,073,92,92,92,0.0263534804,1,1
2021,39,075,14,13,15,0.0041679071,3,3
2021,39,077,42,40,44,0.0048622366,2,2
2021,39,079,38,37,39,0.0078496178,2,2
2021,39,081,39,37,41,0.0056456283,3,3
2021,39,083,62,61,63,0.0099057357,1,1
2021,39,085,289,288,290,0.0102905569,1,1
2021,39,087,27,24,30,0.0047923323,3,3
2021,39,089,504,504,504,0.0175115528,1,1
2021,39,091,96,94,98,0.0152067163,1,1
2021,39,093,305,300,310,0.0072733343,1,1
2021,39,095,2222,2215,2229,0.0305542951,1,1
2021,39,097,45,44,46,0.0063956794,1,1
2021,39,099,278,274,282,0.01258488,1,1
2021,39,101,342,342,342,0.0293461472,1,1
2021,39,103,114,114,114,0.0050570022,1,1
2021,39,105,96,96,96,0.0317460317,1,1
2021,39,107,63,62,64,0.0119160204,1,1
2021,39,109,151,149,153,0.0100432325,1,1
2021,39,111,172,172,172,0.08875129,1,1
2021,39,113,992,986,998,0.0139382614,1,1
2021,39,115,111,111,111,0.0667067308,1,1
2021,39,117,74,72,76,0.0153782211,2,2
2021,39,119,215,214,216,0.018929389,1,1
2021,39,121,42,42,42,0.0246334311,1,1
2021,39,123,11,11,11,0.0070648683,3,3
2021,39,125,10,9,11,0.0045167118,3,3
2021,39,127,61,61,61,0.0109850531,1,1
2021,39,129,148,147,149,0.0154649948,1,1
2021,39,131,15,14,16,0.0064516129,3,3
2021,39,133,148,144,152,0.0093387178,2,2
2021,39,135,47,46,48,0.0084244488,1,1
2021,39,137,,,,,,
2021,39,139,514,511,517,0.0329719674,1,1
2021,39,141,681,681,681,0.0785557734,1,1
2021,39,143,103,101,105,0.0135937706,1,1
2021,39,145,172,169,175,0.018791653,1,1
2021,39,147,67,65,69,0.0153740248,2,2
2021,39,149,57,56,58,0.0132743363,1,1
2021,39,151,736,731,741,0.0136339218,1,1
2021,39,153,1606,1604,1608,0.0232598557,1,1
2021,39,155,308,302,314,0.0150317228,1,1
2021,39,157,243,241,245,0.017202322,1,1
2021,39,159,40,40,40,0.0050767864,1,1
2021,39,161,,,,,,
2021,39,163,,,,,,
2021,39,165,156,156,156,0.0042148492,1,1
2021,39,167,180,180,180,0.0256300726,1,1
2021,39,169,178,176,180,0.0157801418,1,1
2021,39,171,51,49,53,0.0108579945,2,2
2021,39,173,163,163,163,0.009238268,1,1
2021,39,175,,,,,,
2021,40,001,131,131,131,0.0567345171,1,1
2021,40,003,,,,,,
2021,40,005,232,232,232,0.125,1,1
2021,40,007,,,,,,
2021,40,009,87,87,87,0.0294615645,1,1
2021,40,011,33,33,33,0.0408921933,1,1
2021,40,013,508,508,508,0.0753597389,1,1
2021,40,015,100,99,101,0.0345661943,1,1
2021,40,017,129,128,130,0.0050175029,1,1
2021,40,019,341,341,341,0.046112238,1,1
2021,40,021,388,388,388,0.0670584169,1,1
2021,40,023,96,95,97,0.0649087221,1,1
2021,40,025,,,,,,
2021,40,027,418,418,418,0.0101698214,1,1
2021,40,029,37,37,37,0.0411568409,1,1
2021,40,031,1106,1106,1106,0.0600043403,1,1
2021,40,033,,,,,,
2021,40,035,54,54,54,0.0346598203,1,1
2021,40,037,371,371,371,0.0530834168,1,1
2021,40,039,167,167,167,0.0344187964,1,1
2021,40,041,182,182,182,0.0455113778,1,1
2021,40,043,,,,,,
2021,40,045,,,,,,
2021,40,047,99,98,100,0.0106738544,1,1
2021,40,049,128,128,128,0.0478504673,1,1
2021,40,051,254,254,254,0.0367158138,1,1
2021,40,053,,,,,,
2021,40,055,14,14,14,0.0207715134,3,3
2021,40,057,,,,,,
2021,40,059,,,,,,
2021,40,061,,,,,,
2021,40,063,30,30,30,0.0219298246,1,1
2021,40,065,139,139,139,0.0352434077,1,1
2021,40,067,19,19,19,0.475,3,3
2021,40,069,119,119,119,0.0969055375,1,1
2021,40,071,69,69,69,0.0121095121,1,1
2021,40,073,22,22,22,0.016381236,3,3
2021,40,075,41,41,41,0.0361871139,1,1
2021,40,077,,,,,,
2021,40,079,227,226,228,0.0323407893,1,1
2021,40,081,19,18,20,0.0092864125,3,3
2021,40,083,,,,,,
2021,40,085,89,89,89,0.0514153668,1,1
2021,40,087,91,91,91,0.0139207588,1,1
2021,40,089,219,219,219,0.0519696251,1,1
2021,40,091,179,179,179,0.0694606131,1,1
2021,40,093,,,,,,
2021,40,095,358,358,358,0.1199731903,1,1
2021,40,097,488,488,488,0.0724250519,1,1
2021,40,099,82,82,82,0.0350128096,1,1
2021,40,101,718,718,718,0.079786643,1,1
2021,40,103,,,,,,
2021,40,105,27,25,29,0.0167182663,3,3
2021,40,107,58,58,58,0.0466237942,1,1
2021,40,109,7888,7886,7890,0.0497254635,1,1
2021,40,111,93,92,94,0.0187386661,1,1
2021,40,113,167,167,167,0.0709129512,1,1
2021,40,115,157,156,158,0.0315768302,1,1
2021,40,117,28,28,28,0.0177890724,3,3
2021,40,119,230,229,231,0.0251586086,1,1
2021,40,121,225,225,225,0.0415665989,1,1
2021,40,123,233,233,233,0.0382594417,1,1
2021,40,125,428,425,431,0.0438929341,1,1
2021,40,127,70,70,70,0.0622775801,1,1
2021,40,129,,,,,,
2021,40,131,471,470,472,0.0449556171,1,1
2021,40,133,91,91,91,0.0389888603,1,1
2021,40,135,71,71,71,0.0263255469,1,1
2021,40,137,334,333,335,0.0677897301,1,1
2021,40,139,357,356,358,0.1014492754,1,1
2021,40,141,28,28,28,0.0216383308,3,3
2021,40,143,2310,2306,2314,0.0202354673,1,1
2021,40,145,158,158,158,0.0764762827,1,1
2021,40,147,278,278,278,0.0288801164,1,1
2021,40,149,,,,,,
2021,40,151,36,36,36,0.0275650842,1,1
2021,40,153,124,123,125,0.0356731876,1,1
2021,41,001,211,211,211,0.0438122924,1,1
2021,41,003,421,421,421,0.0455874391,1,1
2021,41,005,860,860,860,0.0153243051,1,1
2021,41,007,264,264,264,0.0562779791,1,1
2021,41,009,94,94,94,0.0220709087,1,1
2021,41,011,683,682,684,0.0715857877,1,1
2021,41,013,77,77,77,0.0239427861,1,1
2021,41,015,80,80,80,0.0388161087,1,1
2021,41,017,720,720,720,0.0281513919,1,1
2021,41,019,337,337,337,0.0279691261,1,1
2021,41,021,36,36,36,0.225,1,1
2021,41,023,24,23,25,0.0242424242,3,3
2021,41,025,25,25,25,0.0325520833,3,3
2021,41,027,49,49,49,0.0126028807,1,1
2021,41,029,2086,2086,2086,0.0714187894,1,1
2021,41,031,131,131,131,0.03801509,1,1
2021,41,033,809,809,809,0.0803057375,1,1
2021,41,035,499,499,499,0.0516830658,1,1
2021,41,037,63,63,63,0.0639593909,1,1
2021,41,039,2001,2001,2001,0.0467141356,1,1
2021,41,041,630,630,630,0.12108399,1,1
2021,41,043,996,996,996,0.047372176,1,1
2021,41,045,372,371,373,0.0749093838,1,1
2021,41,047,1473,1473,1473,0.0255480783,1,1
2021,41,049,97,97,97,0.0430346051,1,1
2021,41,051,2306,2306,2306,0.0271879458,1,1
2021,41,053,140,140,140,0.0209863589,1,1
2021,41,055,,,,,,
2021,41,057,161,161,161,0.0491753207,1,1
2021,41,059,241,239,243,0.0187024678,1,1
2021,41,061,115,115,115,0.0476782753,1,1
2021,41,063,24,23,25,0.0273037543,3,3
2021,41,065,84,84,84,0.0250671441,1,1
2021,41,067,2100,2100,2100,0.0255210549,1,1
2021,41,069,38,38,38,0.0336283186,1,1
2021,41,071,550,550,550,0.0361437866,1,1
2021,42,001,206,205,207,0.0142098365,1,1
2021,42,003,2240,2233,2247,0.0157485851,1,1
2021,42,005,129,128,130,0.0185558113,1,1
2021,42,007,703,703,703,0.0231661504,1,1
2021,42,009,119,118,120,0.019396903,1,1
2021,42,011,1540,1540,1540,0.0230352709,1,1
2021,42,013,328,327,329,0.0197912267,1,1
2021,42,015,143,142,144,0.0164556962,1,1
2021,42,017,696,696,696,0.0083295436,1,1
2021,42,019,436,436,436,0.0173084557,1,1
2021,42,021,281,281,281,0.0170210188,1,1
2021,42,023,26,26,26,0.0638820639,3,3
2021,42,025,53,52,54,0.0062908012,1,1
2021,42,027,138,137,139,0.010815047,1,1
2021,42,029,1748,1748,1748,0.0203573009,1,1
2021,42,031,114,114,114,0.0221746742,1,1
2021,42,033,194,194,194,0.0193150139,1,1
2021,42,035,78,78,78,0.019033675,1,1
2021,42,037,108,108,108,0.0164784864,1,1
2021,42,039,250,250,250,0.0263157895,1,1
2021,42,041,452,452,452,0.0162706983,1,1
2021,42,043,1497,1497,1497,0.0240342934,1,1
2021,42,045,1396,1396,1396,0.0184161577,1,1
2021,42,047,104,104,104,0.0325203252,1,1
2021,42,049,696,696,696,0.019159303,1,1
2021,42,051,201,200,202,0.0133448413,1,1
2021,42,053,57,57,57,0.1417910448,1,1
2021,42,055,492,492,492,0.0218598658,1,1
2021,42,057,19,19,19,0.0097385956,3,3
2021,42,059,30,30,30,0.0077319588,1,1
2021,42,061,44,43,45,0.0121112029,1,1
2021,42,063,104,103,105,0.0119170391,1,1
2021,42,065,107,107,107,0.0230404823,1,1
2021,42,067,62,62,62,0.0266094421,1,1
2021,42,069,310,310,310,0.0123678436,1,1
2021,42,071,1960,1960,1960,0.0300286498,1,1
2021,42,073,128,128,128,0.0123385387,1,1
2021,42,075,616,616,616,0.0315250768,1,1
2021,42,077,812,810,814,0.0155919966,1,1
2021,42,079,595,594,596,0.0132119463,1,1
2021,42,081,219,219,219,0.0168968444,1,1
2021,42,083,131,131,131,0.0225124592,1,1
2021,42,085,308,308,308,0.0227709596,1,1
2021,42,087,114,114,114,0.0239747634,1,1
2021,42,089,382,382,382,0.0164258686,1,1
2021,42,091,1459,1459,1459,0.0127335725,1,1
2021,42,093,19,19,19,0.0087517273,3,3
2021,42,095,570,568,572,0.0133508221,1,1
2021,42,097,200,199,201,0.0173460538,1,1
2021,42,099,115,114,116,0.0201754386,1,1
2021,42,101,5827,5815,5839,0.0315612729,1,1
2021,42,103,87,87,87,0.0121865808,1,1
2021,42,105,43,42,44,0.0228359002,1,1
2021,42,107,314,314,314,0.0187866459,1,1
2021,42,109,41,41,41,0.0093436645,1,1
2021,42,111,79,79,79,0.0096518021,1,1
2021,42,113,,,,,,
2021,42,115,60,60,60,0.0104511409,1,1
2021,42,117,30,30,30,0.0058846607,1,1
2021,42,119,12,12,12,0.0033076075,3,3
2021,42,121,143,143,143,0.0255083839,1,1
2021,42,123,85,85,85,0.0200613642,1,1
2021,42,125,320,318,322,0.0121585167,1,1
2021,42,127,43,43,43,0.0104954845,1,1
2021,42,129,326,326,326,0.0074307075,1,1
2021,42,131,28,28,28,0.0092074975,3,3
2021,42,133,1504,1503,1505,0.0222324055,1,1
2021,44,001,22,22,22,0.0034821146,3,3
2021,44,003,138,137,139,0.0068161612,1,1
2021,44,005,116,115,117,0.0184273233,1,1
2021,44,007,1070,1063,1077,0.0125423451,1,1
2021,44,009,121,121,121,0.009093642,1,1
2021,45,001,46,46,46,0.0156143924,1,1
2021,45,003,215,215,215,0.0094298246,1,1
2021,45,005,,,,,,
2021,45,007,749,749,749,0.023221206,1,1
2021,45,009,,,,,,
2021,45,011,22,22,22,0.0081061164,3,3
2021,45,013,277,277,277,0.0130150825,1,1
2021,45,015,315,315,315,0.0084965205,1,1
2021,45,017,24,24,24,0.0155339806,3,3
2021,45,019,285,285,285,0.0057773003,1,1
2021,45,021,75,75,75,0.0096252567,1,1
2021,45,023,25,25,25,0.0051727705,3,3
2021,45,025,111,111,111,0.0160846254,1,1
2021,45,027,12,12,12,0.0027777778,3,3
2021,45,029,123,123,123,0.0247435124,1,1
2021,45,031,145,145,145,0.0157215657,1,1
2021,45,033,,,,,,
2021,45,035,104,104,104,0.0038000585,1,1
2021,45,037,19,19,19,0.0060183719,3,3
2021,45,039,190,190,190,0.0804062632,1,1
2021,45,041,173,173,173,0.0088233794,1,1
2021,45,043,10,10,10,0.0011943151,3,3
2021,45,045,1312,1311,1312,0.0170067145,1,1
2021,45,047,329,329,329,0.0305818925,1,1
2021,45,049,90,90,90,0.0366598778,1,1
2021,45,051,261,261,261,0.0056067539,1,1
2021,45,053,42,42,42,0.0157185629,1,1
2021,45,055,12,12,12,0.0011053795,3,3
2021,45,057,35,35,35,0.0023957834,1,1
2021,45,059,80,80,80,0.0097465887,1,1
2021,45,061,18,18,18,0.0124913255,3,3
2021,45,063,423,423,423,0.0101041468,1,1
2021,45,065,29,28,29,0.0428994083,3,3
2021,45,067,14,14,14,0.0035008752,3,3
2021,45,069,13,13,13,0.0035480349,3,3
2021,45,071,52,52,52,0.0090450513,1,1
2021,45,073,91,91,91,0.0088962753,1,1
2021,45,075,37,37,37,0.00326884,1,1
2021,45,077,2913,2913,2913,0.1796263181,1,1
2021,45,079,1489,1489,1489,0.0136349068,1,1
2021,45,081,26,26,26,0.0108604845,3,3
2021,45,083,1001,1001,1001,0.0199864228,1,1
2021,45,085,129,129,129,0.0085424806,1,1
2021,45,087,35,35,35,0.0090697072,1,1
2021,45,089,19,19,19,0.0063039151,3,3
2021,45,091,363,363,363,0.007471288,1,1
2021,46,003,,,,,,
2021,46,005,,,,,,
2021,46,007,,,,,,
2021,46,009,,,,,,
2021,46,011,,,,,,
2021,46,013,,,,,,
2021,46,015,,,,,,
2021,46,017,,,,,,
2021,46,019,,,,,,
2021,46,021,,,,,,
2021,46,023,13,13,13,0.023465704,3,3
2021,46,025,,,,,,
2021,46,027,,,,,,
2021,46,029,16,16,16,0.0040712468,3,3
2021,46,031,104,104,104,0.398467433,1,1
2021,46,033,,,,,,
2021,46,035,,,,,,
2021,46,037,,,,,,
2021,46,039,,,,,,
2021,46,041,35,35,35,0.0535168196,1,1
2021,46,043,,,,,,
2021,46,045,,,,,,
2021,46,047,,,,,,
2021,46,049,,,,,,
2021,46,051,,,,,,
2021,46,053,,,,,,
2021,46,055,,,,,,
2021,46,057,,,,,,
2021,46,059,,,,,,
2021,46,061,,,,,,
2021,46,063,,,,,,
2021,46,065,124,124,124,0.0424657534,1,1
2021,46,067,,,,,,
2021,46,069,185,185,185,0.4830287206,1,1
2021,46,071,,,,,,
2021,46,073,,,,,,
2021,46,075,,,,,,
2021,46,077,,,,,,
2021,46,079,,,,,,
2021,46,081,13,12,14,0.0041976106,3,3
2021,46,083,22,21,23,0.0023954704,3,3
2021,46,085,92,91,93,0.143525741,1,1
2021,46,087,,,,,,
2021,46,089,,,,,,
2021,46,091,,,,,,
2021,46,093,,,,,,
2021,46,095,,,,,,
2021,46,097,,,,,,
2021,46,099,817,816,818,0.0244860037,1,1
2021,46,101,11,11,11,0.1428571429,3,3
2021,46,102,179,178,180,0.0652570179,1,1
2021,46,103,607,607,607,0.0387834643,1,1
2021,46,105,,,,,,
2021,46,107,,,,,,
2021,46,109,,,,,,
2021,46,111,,,,,,
2021,46,115,,,,,,
2021,46,117,,,,,,
2021,46,119,,,,,,
2021,46,121,55,55,55,0.0221595488,1,1
2021,46,123,,,,,,
2021,46,125,,,,,,
2021,46,127,,,,,,
2021,46,129,,,,,,
2021,46,135,19,19,19,0.0063206919,3,3
2021,46,137,14,13,15,0.0190217391,3,3
2021,47,001,104,104,104,0.0086078464,1,1
2021,47,003,68,68,68,0.00769579,1,1
2021,47,005,19,19,19,0.0090261283,3,3
2021,47,007,22,22,22,0.0135135135,3,3
2021,47,009,68,68,68,0.0037668956,1,1
2021,47,011,45,45,45,0.0028421651,1,1
2021,47,013,487,487,487,0.0927619048,1,1
2021,47,015,46,46,46,0.0236625514,1,1
2021,47,017,131,131,131,0.0298473456,1,1
2021,47,019,159,159,159,0.0214488062,1,1
2021,47,021,71,71,71,0.012270999,1,1
2021,47,023,,,,,,
2021,47,025,18,18,18,0.0044106837,3,3
2021,47,027,27,27,27,0.0247479377,3,3
2021,47,029,57,56,58,0.0113840623,1,1
2021,47,031,154,154,154,0.016388209,1,1
2021,47,033,20,19,21,0.0067294751,3,3
2021,47,035,154,154,154,0.021448468,1,1
2021,47,037,3436,3435,3437,0.0373093002,1,1
2021,47,039,14,14,14,0.0094022834,3,3
2021,47,041,24,24,24,0.008182748,3,3
2021,47,043,124,124,124,0.0153503342,1,1
2021,47,045,29,29,29,0.0046266752,3,3
2021,47,047,34,34,34,0.0106716886,1,1
2021,47,049,16,16,16,0.0071910112,3,3
2021,47,051,20,20,20,0.0038865138,3,3
2021,47,053,67,67,67,0.0080849523,1,1
2021,47,055,,,,,,
2021,47,057,,,,,,
2021,47,059,42,42,42,0.0045896623,1,1
2021,47,061,81,81,81,0.0444322545,1,1
2021,47,063,545,545,545,0.0538484339,1,1
2021,47,065,1620,1620,1620,0.0358597485,1,1
2021,47,067,,,,,,
2021,47,069,22,22,22,0.0066006601,3,3
2021,47,071,95,95,95,0.0278755869,1,1
2021,47,073,71,71,71,0.0102541883,1,1
2021,47,075,37,37,37,0.0134203845,1,1
2021,47,077,64,64,64,0.0131741457,1,1
2021,47,079,79,79,79,0.0171701804,1,1
2021,47,081,97,97,97,0.0302369077,1,1
2021,47,083,43,43,43,0.0333591932,1,1
2021,47,085,142,142,142,0.0516927557,1,1
2021,47,087,266,266,266,0.1805838425,1,1
2021,47,089,121,121,121,0.0172980701,1,1
2021,47,091,52,52,52,0.0114260602,1,1
2021,47,093,466,466,466,0.0076940858,1,1
2021,47,095,,,,,,
2021,47,097,,,,,,
2021,47,099,44,44,44,0.0064037258,1,1
2021,47,101,,,,,,
2021,47,103,30,30,30,0.0057848052,1,1
2021,47,105,52,52,52,0.0071213366,1,1
2021,47,107,121,121,121,0.0165255395,1,1
2021,47,109,75,75,75,0.0192653481,1,1
2021,47,111,,,,,,
2021,47,113,256,255,257,0.0207052734,1,1
2021,47,115,100,100,100,0.025503698,1,1
2021,47,117,33,33,33,0.0062594841,1,1
2021,47,119,119,119,119,0.0090425532,1,1
2021,47,121,13,13,13,0.0074285714,3,3
2021,47,123,32,31,33,0.0049390338,2,2
2021,47,125,768,768,768,0.0203821656,1,1
2021,47,127,,,,,,
2021,47,129,525,525,525,0.1882395124,1,1
2021,47,131,31,31,31,0.0066452304,1,1
2021,47,133,41,41,41,0.0132686084,1,1
2021,47,135,18,18,18,0.0173076923,3,3
2021,47,137,,,,,,
2021,47,139,149,149,149,0.0693991616,1,1
2021,47,141,414,414,414,0.0345547116,1,1
2021,47,143,110,110,110,0.0223033252,1,1
2021,47,145,145,145,145,0.023001269,1,1
2021,47,147,297,297,297,0.0207069651,1,1
2021,47,149,1302,1302,1302,0.0222116074,1,1
2021,47,151,15,15,15,0.0037669513,3,3
2021,47,153,80,80,80,0.0390434358,1,1
2021,47,155,148,148,148,0.0103467562,1,1
2021,47,157,1466,1466,1466,0.0110319294,1,1
2021,47,159,13,13,13,0.0043463725,3,3
2021,47,161,,,,,,
2021,47,163,458,458,458,0.0228508706,1,1
2021,47,165,377,377,377,0.0124648702,1,1
2021,47,167,60,60,60,0.0058252427,1,1
2021,47,169,23,23,23,0.0164051355,3,3
2021,47,171,44,44,44,0.0196956132,1,1
2021,47,173,66,66,66,0.0111769687,1,1
2021,47,175,143,143,143,0.1896551724,1,1
2021,47,177,199,199,199,0.0315873016,1,1
2021,47,179,322,322,322,0.0200610554,1,1
2021,47,181,,,,,,
2021,47,183,41,41,41,0.0102989199,1,1
2021,47,185,82,82,82,0.0213708627,1,1
2021,47,187,237,237,237,0.0052427829,1,1
2021,47,189,703,703,703,0.0298222543,1,1
2021,48,001,86,85,87,0.0108435254,1,1
2021,48,003,73,73,73,0.0176030866,1,1
2021,48,005,423,422,424,0.0264772158,1,1
2021,48,007,221,221,221,0.0735440932,1,1
2021,48,009,13,12,14,0.0079462103,3,3
2021,48,011,,,,,,
2021,48,013,202,202,202,0.0241136445,1,1
2021,48,015,36,36,36,0.0062143967,1,1
2021,48,017,,,,,,
2021,48,019,128,128,128,0.0497860755,1,1
2021,48,021,1091,1091,1091,0.0571293921,1,1
2021,48,023,,,,,,
2021,48,025,99,99,99,0.021086262,1,1
2021,48,027,1359,1359,1359,0.0183462707,1,1
2021,48,029,6241,6234,6248,0.0186332437,1,1
2021,48,031,10,10,10,0.0056818182,3,3
2021,48,033,,,,,,
2021,48,035,88,88,88,0.043956044,1,1
2021,48,037,115,113,117,0.0069591528,1,1
2021,48,039,1444,1444,1444,0.0197770291,1,1
2021,48,041,433,433,433,0.0140443061,1,1
2021,48,043,,,,,,
2021,48,045,,,,,,
2021,48,047,25,25,25,0.0186289121,3,3
2021,48,049,103,102,104,0.0199341978,1,1
2021,48,051,31,31,31,0.0130033557,1,1
2021,48,053,215,215,215,0.0294884104,1,1
2021,48,055,196,196,196,0.0258985201,1,1
2021,48,057,139,139,139,0.0388702461,1,1
2021,48,059,61,60,62,0.0237261766,1,1
2021,48,061,2255,2255,2255,0.0276547994,1,1
2021,48,063,22,22,22,0.0093299406,3,3
2021,48,065,42,42,42,0.0418743769,1,1
2021,48,067,119,117,121,0.0230307722,1,1
2021,48,069,76,76,76,0.0555149744,1,1
2021,48,071,71,71,71,0.0072768269,1,1
2021,48,073,69,69,69,0.0066673109,1,1
2021,48,075,,,,,,
2021,48,077,71,71,71,0.0420118343,1,1
2021,48,079,,,,,,
2021,48,081,14,14,14,0.0279441118,3,3
2021,48,083,20,20,20,0.018957346,3,3
2021,48,085,1969,1969,1969,0.0085898884,1,1
2021,48,087,,,,,,
2021,48,089,79,79,79,0.022297488,1,1
2021,48,091,672,672,672,0.0181798507,1,1
2021,48,093,83,83,83,0.0356070356,1,1
2021,48,095,,,,,,
2021,48,097,19,18,20,0.0041457561,3,3
2021,48,099,209,208,210,0.018627451,1,1
2021,48,101,,,,,,
2021,48,103,,,,,,
2021,48,105,37,37,37,0.0507544582,1,1
2021,48,107,,,,,,
2021,48,109,29,29,29,0.0805555556,3,3
2021,48,111,35,35,35,0.0179303279,1,1
2021,48,113,10958,10954,10962,0.0225288755,1,1
2021,48,115,41,41,41,0.0254658385,1,1
2021,48,117,61,61,61,0.0148094198,1,1
2021,48,119,,,,,,
2021,48,121,2327,2326,2328,0.0146142638,1,1
2021,48,123,56,56,56,0.0227088402,1,1
2021,48,125,10,10,10,0.0325732899,3,3
2021,48,127,46,46,46,0.0239209568,1,1
2021,48,129,,,,,,
2021,48,131,13,13,13,0.0089470062,3,3
2021,48,133,151,150,152,0.056133829,1,1
2021,48,135,1792,1792,1792,0.056334486,1,1
2021,48,137,,,,,,
2021,48,139,505,505,505,0.0114502086,1,1
2021,48,141,2306,2305,2307,0.0140960438,1,1
2021,48,143,34,33,35,0.0080817685,2,2
2021,48,145,18,17,19,0.0083759888,3,3
2021,48,147,97,95,99,0.0190382728,1,1
2021,48,149,31,30,32,0.0089029294,2,2
2021,48,151,42,42,42,0.0734265734,1,1
2021,48,153,12,11,13,0.0107142857,3,3
2021,48,155,,,,,,
2021,48,157,2738,2738,2738,0.0126360872,1,1
2021,48,159,16,16,16,0.0104712042,3,3
2021,48,161,63,63,63,0.0185840708,1,1
2021,48,163,190,190,190,0.0643849543,1,1
2021,48,165,46,46,46,0.0132183908,1,1
2021,48,167,1860,1860,1860,0.0229205176,1,1
2021,48,169,,,,,,
2021,48,171,61,61,61,0.0165715838,1,1
2021,48,173,,,,,,
2021,48,175,52,52,52,0.0395437262,1,1
2021,48,177,81,81,81,0.0203313253,1,1
2021,48,179,84,84,84,0.0242774566,1,1
2021,48,181,635,633,637,0.0294213038,1,1
2021,48,183,175,174,176,0.0074332073,1,1
2021,48,185,136,134,138,0.0293356342,1,1
2021,48,187,272,272,272,0.0111343076,1,1
2021,48,189,41,40,42,0.006638601,1,1
2021,48,191,22,22,22,0.0497737557,3,3
2021,48,193,84,84,84,0.0472972973,1,1
2021,48,195,27,26,28,0.0201944652,3,3
2021,48,197,11,11,11,0.0220883534,3,3
2021,48,199,234,234,234,0.0208481825,1,1
2021,48,201,18540,18533,18547,0.0227974178,1,1
2021,48,203,291,290,292,0.0109567378,1,1
2021,48,205,,,,,,
2021,48,207,53,53,53,0.0683870968,1,1
2021,48,209,635,634,636,0.015770912,1,1
2021,48,211,,,,,,
2021,48,213,77,75,79,0.0083099504,2,2
2021,48,215,2995,2993,2997,0.0120237665,1,1
2021,48,217,189,187,191,0.0367132867,1,1
2021,48,219,80,80,80,0.0170321482,1,1
2021,48,221,153,152,154,0.0187041565,1,1
2021,48,223,112,112,112,0.0176851413,1,1
2021,48,225,26,24,28,0.0084911822,3,3
2021,48,227,72,72,72,0.0163524869,1,1
2021,48,229,,,,,,
2021,48,231,203,200,206,0.0134606458,1,1
2021,48,233,36,36,36,0.0273972603,1,1
2021,48,235,18,18,18,0.0538922156,3,3
2021,48,237,32,32,32,0.0228571429,1,1
2021,48,239,40,39,41,0.01472212,2,2
2021,48,241,177,177,177,0.0346041056,1,1
2021,48,243,,,,,,
2021,48,245,937,937,937,0.0234097836,1,1
2021,48,247,,,,,,
2021,48,249,211,211,211,0.0343536307,1,1
2021,48,251,493,491,495,0.0131726607,1,1
2021,48,253,251,251,251,0.0944319037,1,1
2021,48,255,35,35,35,0.0174737893,1,1
2021,48,257,257,257,257,0.0072779792,1,1
2021,48,259,67,66,68,0.0058397978,1,1
2021,48,261,,,,,,
2021,48,263,,,,,,
2021,48,265,144,144,144,0.0220791168,1,1
2021,48,267,,,,,,
2021,48,269,,,,,,
2021,48,271,,,,,,
2021,48,273,,,,,,
2021,48,275,21,20,22,0.0581717452,3,3
2021,48,277,83,83,83,0.0098120345,1,1
2021,48,279,26,25,27,0.0100154083,3,3
2021,48,281,98,98,98,0.0262032086,1,1
2021,48,283,13,13,13,0.0110921502,3,3
2021,48,285,69,69,69,0.0246516613,1,1
2021,48,287,19,19,19,0.0097988654,3,3
2021,48,289,90,90,90,0.039249891,1,1
2021,48,291,488,488,488,0.0217217128,1,1
2021,48,293,54,53,55,0.0145748988,1,1
2021,48,295,21,19,23,0.0307467057,3,3
2021,48,297,16,16,16,0.0097323601,3,3
2021,48,299,13,13,13,0.0069112174,3,3
2021,48,301,,,,,,
2021,48,303,955,953,957,0.0191206503,1,1
2021,48,305,13,12,14,0.0109612142,3,3
2021,48,307,,,,,,
2021,48,309,1124,1122,1126,0.0276649684,1,1
2021,48,311,,,,,,
2021,48,313,,,,,,
2021,48,315,18,18,18,0.0154772141,3,3
2021,48,317,,,,,,
2021,48,319,14,14,14,0.0184453228,3,3
2021,48,321,148,148,148,0.0213811037,1,1
2021,48,323,75,75,75,0.0056032873,1,1
2021,48,325,153,153,153,0.013113911,1,1
2021,48,327,,,,,,
2021,48,329,349,349,349,0.0118357242,1,1
2021,48,331,51,51,51,0.0142061281,1,1
2021,48,333,,,,,,
2021,48,335,15,15,15,0.0116369279,3,3
2021,48,337,38,35,41,0.0136396267,3,3
2021,48,339,1315,1315,1315,0.0108953221,1,1
2021,48,341,110,110,110,0.0224489796,1,1
2021,48,343,64,64,64,0.0343716434,1,1
2021,48,345,,,,,,
2021,48,347,157,155,159,0.0156984302,1,1
2021,48,349,110,109,111,0.0113040797,1,1
2021,48,351,68,68,68,0.0393974508,1,1
2021,48,353,131,130,132,0.0237490935,1,1
2021,48,355,1073,1073,1073,0.0197576784,1,1
2021,48,357,23,23,23,0.011208577,3,3
2021,48,359,,,,,,
2021,48,361,233,233,233,0.0155178155,1,1
2021,48,363,96,96,96,0.023674476,1,1
2021,48,365,12,12,12,0.0041623309,3,3
2021,48,367,260,260,260,0.0113507378,1,1
2021,48,369,14,14,14,0.0065851364,3,3
2021,48,371,23,23,23,0.0102313167,3,3
2021,48,373,123,121,125,0.01806698,1,1
2021,48,375,1712,1712,1712,0.0495055231,1,1
2021,48,377,,,,,,
2021,48,379,42,42,42,0.024291498,1,1
2021,48,381,142,142,142,0.0132573989,1,1
2021,48,383,14,14,14,0.0172413793,3,3
2021,48,385,11,11,11,0.0541871921,3,3
2021,48,387,45,45,45,0.0287172942,1,1
2021,48,389,,,,,,
2021,48,391,69,68,70,0.0548489666,1,1
2021,48,393,,,,,,
2021,48,395,20,20,20,0.0077279753,3,3
2021,48,397,47,47,47,0.0018391704,1,1
2021,48,399,40,40,40,0.0197921821,1,1
2021,48,401,173,173,173,0.0251892836,1,1
2021,48,403,53,53,53,0.03625171,1,1
2021,48,405,11,11,11,0.0301369863,3,3
2021,48,407,85,85,85,0.0242579909,1,1
2021,48,409,171,171,171,0.0125587544,1,1
2021,48,411,20,18,22,0.0204081633,3,3
2021,48,413,14,14,14,0.0280561122,3,3
2021,48,415,33,33,33,0.0106727038,1,1
2021,48,417,21,21,21,0.0336538462,3,3
2021,48,419,60,60,60,0.0163043478,1,1
2021,48,421,,,,,,
2021,48,423,619,619,619,0.0178762238,1,1
2021,48,425,25,25,25,0.0125691302,3,3
2021,48,427,66,66,66,0.0073268206,1,1
2021,48,429,37,37,37,0.0261115032,1,1
2021,48,431,,,,,,
2021,48,433,,,,,,
2021,48,435,15,15,15,0.02170767,3,3
2021,48,437,29,29,29,0.0238095238,3,3
2021,48,439,8096,8095,8097,0.0232926135,1,1
2021,48,441,1126,1126,1126,0.0482495608,1,1
2021,48,443,,,,,,
2021,48,445,41,40,42,0.0186788155,1,1
2021,48,447,50,50,50,0.3184713376,1,1
2021,48,449,83,83,83,0.0118741059,1,1
2021,48,451,204,204,204,0.0098846787,1,1
2021,48,453,2606,2603,2609,0.0173306998,1,1
2021,48,455,15,14,16,0.0078905839,3,3
2021,48,457,82,80,84,0.0230143138,1,1
2021,48,459,138,138,138,0.0232401482,1,1
2021,48,461,13,13,13,0.0416666667,3,3
2021,48,463,54,52,56,0.0105058366,2,2
2021,48,465,161,161,161,0.0163120567,1,1
2021,48,467,138,137,139,0.013130352,1,1
2021,48,469,637,637,637,0.045087769,1,1
2021,48,471,300,300,300,0.0184184676,1,1
2021,48,473,180,180,180,0.0143460588,1,1
2021,48,475,,,,,,
2021,48,477,53,52,54,0.00980755,1,1
2021,48,479,758,758,758,0.0128315813,1,1
2021,48,481,109,109,109,0.0166845247,1,1
2021,48,483,,,,,,
2021,48,485,369,369,369,0.0182718495,1,1
2021,48,487,56,56,56,0.0299305184,1,1
2021,48,489,119,119,119,0.0351136028,1,1
2021,48,491,1628,1628,1628,0.0123489566,1,1
2021,48,493,94,92,96,0.0103205973,1,1
2021,48,495,33,33,33,0.025963808,1,1
2021,48,497,167,167,167,0.0175291277,1,1
2021,48,499,264,264,264,0.0417457306,1,1
2021,48,501,26,26,26,0.0129160457,3,3
2021,48,503,71,71,71,0.0221390708,1,1
2021,48,505,116,116,116,0.0352905385,1,1
2021,48,507,123,122,124,0.054185022,1,1
2021,49,001,50,50,50,0.0318674315,1,1
2021,49,003,82,82,82,0.0065224308,1,1
2021,49,005,194,193,195,0.0073590775,1,1
2021,49,007,,,,,,
2021,49,009,,,,,,
2021,49,011,1497,1494,1500,0.0181672553,1,1
2021,49,013,137,137,137,0.0258295626,1,1
2021,49,015,30,30,30,0.0133451957,1,1
2021,49,017,18,18,18,0.0136054422,3,3
2021,49,019,,,,,,
2021,49,021,499,498,500,0.0373335328,1,1
2021,49,023,,,,,,
2021,49,025,22,22,22,0.0146666667,3,3
2021,49,027,91,91,91,0.0283224401,1,1
2021,49,029,,,,,,
2021,49,031,,,,,,
2021,49,033,,,,,,
2021,49,035,6026,6016,6036,0.0308206917,1,1
2021,49,037,590,590,590,0.1844903064,1,1
2021,49,039,52,52,52,0.0085709576,1,1
2021,49,041,23,23,23,0.0047638774,3,3
2021,49,043,12,12,12,0.0018616196,3,3
2021,49,045,358,356,360,0.0142425207,1,1
2021,49,047,,,,,,
2021,49,049,962,960,964,0.0068206633,1,1
2021,49,051,80,80,80,0.0088898767,1,1
2021,49,053,666,662,670,0.0166433427,1,1
2021,49,055,,,,,,
2021,49,057,555,554,556,0.0117358483,1,1
2021,50,001,60,60,60,0.0145595729,1,1
2021,50,003,154,154,154,0.0310922673,1,1
2021,50,005,63,62,64,0.0141223941,1,1
2021,50,007,267,267,267,0.0123405435,1,1
2021,50,009,11,11,11,0.0873015873,3,3
2021,50,011,86,85,87,0.0106858847,1,1
2021,50,013,15,14,16,0.0262237762,3,3
2021,50,015,32,30,34,0.0092565809,3,3
2021,50,017,63,62,64,0.0153808594,1,1
2021,50,019,130,127,133,0.0338453528,1,1
2021,50,021,98,97,99,0.0143948296,1,1
2021,50,023,144,142,146,0.0209059233,1,1
2021,50,025,112,110,114,0.0260646963,1,1
2021,50,027,130,126,134,0.0178375412,2,2
2021,51,001,172,172,172,0.0362029047,1,1
2021,51,003,,,,,,
2021,51,005,,,,,,
2021,51,007,,,,,,
2021,51,009,71,71,71,0.017884131,1,1
2021,51,011,14,14,14,0.005988024,3,3
2021,51,013,181,181,181,0.0066970067,1,1
2021,51,015,89,89,89,0.0089636419,1,1
2021,51,017,,,,,,
2021,51,019,65,65,65,0.0072158082,1,1
2021,51,021,,,,,,
2021,51,023,28,28,28,0.0062625811,3,3
2021,51,025,,,,,,
2021,51,027,,,,,,
2021,51,029,42,42,42,0.0217278841,1,1
2021,51,031,35,35,35,0.0044568955,1,1
2021,51,033,42,42,42,0.0099103351,1,1
2021,51,035,25,25,25,0.007108331,3,3
2021,51,036,14,14,14,0.0265151515,3,3
2021,51,037,18,18,18,0.0105757932,3,3
2021,51,041,710,710,710,0.0113700056,1,1
2021,51,043,21,21,21,0.0114566285,3,3
2021,51,045,11,11,11,0.0214424951,3,3
2021,51,047,65,65,65,0.0077695434,1,1
2021,51,049,,,,,,
2021,51,051,,,,,,
2021,51,053,27,27,27,0.0064454524,3,3
2021,51,057,23,23,23,0.0165111271,3,3
2021,51,059,2095,2095,2095,0.0117380756,1,1
2021,51,061,135,135,135,0.0124172185,1,1
2021,51,063,16,16,16,0.009009009,3,3
2021,51,065,63,63,63,0.0190045249,1,1
2021,51,067,,,,,,
2021,51,069,,,,,,
2021,51,071,11,11,11,0.0031179138,3,3
2021,51,073,28,28,28,0.0055599682,3,3
2021,51,075,,,,,,
2021,51,077,,,,,,
2021,51,079,37,37,37,0.0127718329,1,1
2021,51,081,,,,,,
2021,51,083,56,56,56,0.0122084151,1,1
2021,51,085,45,45,45,0.0026685643,1,1
2021,51,087,758,758,758,0.0151627293,1,1
2021,51,089,84,84,84,0.0119572954,1,1
2021,51,091,,,,,,
2021,51,093,34,34,34,0.0060508987,1,1
2021,51,095,,,,,,
2021,51,097,,,,,,
2021,51,099,40,40,40,0.0089545556,1,1
2021,51,101,20,19,21,0.0071530758,3,3
2021,51,103,28,28,28,0.0279441118,3,3
2021,51,105,25,25,25,0.0085149864,3,3
2021,51,107,1921,1921,1921,0.0236777557,1,1
2021,51,109,38,38,38,0.0073529412,1,1
2021,51,111,38,38,38,0.0236465464,1,1
2021,51,113,12,12,12,0.0074119827,3,3
2021,51,115,30,30,30,0.0332225914,1,1
2021,51,117,37,37,37,0.0083370888,1,1
2021,51,119,12,12,12,0.0099833611,3,3
2021,51,121,100,100,100,0.0103305785,1,1
2021,51,125,24,24,24,0.0156046814,3,3
2021,51,127,12,12,12,0.0036674817,3,3
2021,51,131,157,157,157,0.1162962963,1,1
2021,51,133,,,,,,
2021,51,135,35,35,35,0.0191991223,1,1
2021,51,137,62,62,62,0.0123407643,1,1
2021,51,139,41,41,41,0.0130781499,1,1
2021,51,141,89,89,89,0.0350669819,1,1
2021,51,143,24,24,24,0.0030326005,3,3
2021,51,145,33,33,33,0.0076833527,1,1
2021,51,147,,,,,,
2021,51,149,78,78,78,0.0127056524,1,1
2021,51,153,809,809,809,0.008981903,1,1
2021,51,155,54,54,54,0.013369646,1,1
2021,51,157,,,,,,
2021,51,159,17,17,17,0.0125925926,3,3
2021,51,161,53,53,53,0.0038621293,1,1
2021,51,163,18,18,18,0.0068441065,3,3
2021,51,165,,,,,,
2021,51,167,12,12,12,0.0034722222,3,3
2021,51,169,,,,,,
2021,51,171,38,38,38,0.0066948555,1,1
2021,51,173,25,25,25,0.0061728395,3,3
2021,51,175,44,44,44,0.0169230769,1,1
2021,51,177,505,505,505,0.0212452671,1,1
2021,51,179,243,243,243,0.0079842287,1,1
2021,51,181,,,,,,
2021,51,183,,,,,,
2021,51,185,27,27,27,0.0049833887,3,3
2021,51,187,87,87,87,0.0168441433,1,1
2021,51,191,68,68,68,0.0101010101,1,1
2021,51,193,41,40,42,0.0190166976,1,1
2021,51,195,206,206,206,0.0357328708,1,1
2021,51,197,36,36,36,0.0094019326,1,1
2021,51,199,198,198,198,0.0157718655,1,1
2021,51,510,192,192,192,0.0122495853,1,1
2021,51,520,108,108,108,0.0490909091,1,1
2021,51,530,,,,,,
2021,51,540,216,216,216,0.0120207023,1,1
2021,51,550,203,203,203,0.0050175491,1,1
2021,51,570,37,37,37,0.0132806892,1,1
2021,51,580,,,,,,
2021,51,590,104,104,104,0.0181311018,1,1
2021,51,595,29,29,29,0.0142366225,3,3
2021,51,600,,,,,,
2021,51,610,,,,,,
2021,51,620,26,26,26,0.0262096774,3,3
2021,51,630,144,144,144,0.0397350993,1,1
2021,51,640,21,21,21,0.0155096012,3,3
2021,51,650,272,272,272,0.0138641113,1,1
2021,51,660,161,161,161,0.0089713585,1,1
2021,51,670,51,51,51,0.0125153374,1,1
2021,51,678,,,,,,
2021,51,680,125,125,125,0.0159642401,1,1
2021,51,683,77,77,77,0.0107586978,1,1
2021,51,685,16,16,16,0.0045610034,3,3
2021,51,690,24,24,24,0.0132085856,3,3
2021,51,700,610,610,610,0.0228910237,1,1
2021,51,710,612,612,612,0.0222723633,1,1
2021,51,720,21,21,21,0.0254237288,3,3
2021,51,730,56,56,56,0.0134035424,1,1
2021,51,735,,,,,,
2021,51,740,284,284,284,0.0210105793,1,1
2021,51,750,28,28,28,0.0103665309,3,3
2021,51,760,654,654,654,0.0308825613,1,1
2021,51,770,590,590,590,0.0431128973,1,1
2021,51,775,20,20,20,0.0052645433,3,3
2021,51,790,62,62,62,0.0226277372,1,1
2021,51,800,97,97,97,0.0069048975,1,1
2021,51,810,688,688,688,0.0105118411,1,1
2021,51,820,51,51,51,0.0168818272,1,1
2021,51,830,221,221,221,0.0199476487,1,1
2021,51,840,370,370,370,0.0205350205,1,1
2021,53,001,67,66,68,0.0126845892,1,1
2021,53,003,112,112,112,0.0363518338,1,1
2021,53,005,716,716,716,0.0191777153,1,1
2021,53,007,814,814,814,0.0645212429,1,1
2021,53,009,375,374,376,0.0388078237,1,1
2021,53,011,2797,2796,2798,0.0376999906,1,1
2021,53,013,23,23,23,0.0606860158,3,3
2021,53,015,793,793,793,0.047736576,1,1
2021,53,017,398,398,398,0.0504627869,1,1
2021,53,019,22,22,22,0.0339506173,3,3
2021,53,021,432,431,433,0.0176427346,1,1
2021,53,023,,,,,,
2021,53,025,859,858,860,0.0420666014,1,1
2021,53,027,720,720,720,0.0696392301,1,1
2021,53,029,463,463,463,0.0588235294,1,1
2021,53,031,62,61,63,0.0266323024,1,1
2021,53,033,7569,7568,7570,0.0288480229,1,1
2021,53,035,708,708,708,0.0204287734,1,1
2021,53,037,56,56,56,0.010963195,1,1
2021,53,039,43,42,44,0.011424017,1,1
2021,53,041,628,628,628,0.0534013605,1,1
2021,53,043,38,37,39,0.0190095048,2,2
2021,53,045,854,854,854,0.0898947368,1,1
2021,53,047,430,429,431,0.036887707,1,1
2021,53,049,300,300,300,0.1054481547,1,1
2021,53,051,201,201,201,0.1279439847,1,1
2021,53,053,5087,5087,5087,0.0377443888,1,1
2021,53,055,18,17,19,0.0119126406,3,3
2021,53,057,805,805,805,0.0435936315,1,1
2021,53,059,24,23,25,0.0280046674,3,3
2021,53,061,4502,4501,4503,0.034360904,1,1
2021,53,063,2832,2832,2832,0.0377046998,1,1
2021,53,065,302,301,303,0.0481966167,1,1
2021,53,067,1589,1589,1589,0.0382200842,1,1
2021,53,069,51,51,51,0.1115973742,1,1
2021,53,071,315,314,316,0.0377245509,1,1
2021,53,073,1231,1231,1231,0.0460118113,1,1
2021,53,075,92,89,95,0.0218995477,2,2
2021,53,077,2229,2229,2229,0.0455316107,1,1
2021,54,001,,,,,,
2021,54,003,480,480,480,0.0243383024,1,1
2021,54,005,14,14,14,0.004406673,3,3
2021,54,007,36,36,36,0.0206067544,1,1
2021,54,009,46,46,46,0.0178156468,1,1
2021,54,011,427,427,427,0.0365989543,1,1
2021,54,013,184,184,184,0.2137049942,1,1
2021,54,015,405,405,405,0.2426602756,1,1
2021,54,017,32,32,32,0.0295748614,1,1
2021,54,019,149,149,149,0.0266356811,1,1
2021,54,021,,,,,,
2021,54,023,48,48,48,0.0298136646,1,1
2021,54,025,80,80,80,0.0170031881,1,1
2021,54,027,87,87,87,0.0309168443,1,1
2021,54,029,23,23,23,0.0062516988,3,3
2021,54,031,53,53,53,0.0247779336,1,1
2021,54,033,423,423,423,0.042406015,1,1
2021,54,035,14,14,14,0.0034171345,3,3
2021,54,037,980,980,980,0.1128772172,1,1
2021,54,039,520,520,520,0.0213184651,1,1
2021,54,041,182,182,182,0.0737140543,1,1
2021,54,043,407,407,407,0.1318432135,1,1
2021,54,045,314,314,314,0.0606060606,1,1
2021,54,047,196,196,196,0.0747520976,1,1
2021,54,049,51,51,51,0.0068816624,1,1
2021,54,051,52,52,52,0.0120817844,1,1
2021,54,053,107,107,107,0.0275064267,1,1
2021,54,055,423,423,423,0.048947003,1,1
2021,54,057,109,109,109,0.0270942083,1,1
2021,54,059,414,414,414,0.1056391937,1,1
2021,54,061,467,467,467,0.0412945442,1,1
2021,54,063,124,124,124,0.0756558877,1,1
2021,54,065,95,95,95,0.0428120775,1,1
2021,54,067,283,283,283,0.0809033734,1,1
2021,54,069,59,59,59,0.0117366222,1,1
2021,54,071,11,11,11,0.0126436782,3,3
2021,54,073,89,89,89,0.0834114339,1,1
2021,54,075,60,60,60,0.0634920635,1,1
2021,54,077,246,246,246,0.0580325548,1,1
2021,54,079,53,53,53,0.0058012259,1,1
2021,54,081,84,84,84,0.0077799389,1,1
2021,54,083,162,162,162,0.0447143251,1,1
2021,54,085,80,80,80,0.0639488409,1,1
2021,54,087,78,78,78,0.0432852386,1,1
2021,54,089,37,37,37,0.0271858927,1,1
2021,54,091,,,,,,
2021,54,093,46,46,46,0.0480668757,1,1
2021,54,095,,,,,,
2021,54,097,340,340,340,0.0860323887,1,1
2021,54,099,128,128,128,0.0201638311,1,1
2021,54,101,80,80,80,0.0662251656,1,1
2021,54,103,11,11,11,0.0047722343,3,3
2021,54,105,104,104,104,0.1126760563,1,1
2021,54,107,195,195,195,0.0163961994,1,1
2021,54,109,45,45,45,0.0123898678,1,1
2021,55,001,39,39,39,0.0283430233,1,1
2021,55,003,21,21,21,0.0111111111,3,3
2021,55,005,120,119,121,0.01953125,1,1
2021,55,007,19,19,19,0.0238693467,3,3
2021,55,009,1266,1266,1266,0.0302429469,1,1
2021,55,011,23,23,23,0.0140243902,3,3
2021,55,013,67,67,67,0.0237757275,1,1
2021,55,015,13,12,14,0.0041841004,3,3
2021,55,017,90,88,92,0.0117647059,1,1
2021,55,019,129,127,131,0.0297303526,1,1
2021,55,021,65,64,66,0.0096353395,1,1
2021,55,023,26,26,26,0.0134994808,3,3
2021,55,025,1547,1547,1547,0.0201721215,1,1
2021,55,027,174,174,174,0.0209663815,1,1
2021,55,029,,,,,,
2021,55,031,161,161,161,0.0277634075,1,1
2021,55,033,66,66,66,0.0110441767,1,1
2021,55,035,321,321,321,0.0238750465,1,1
2021,55,037,,,,,,
2021,55,039,211,209,213,0.0178450609,1,1
2021,55,041,36,36,36,0.0239840107,1,1
2021,55,043,125,124,126,0.0199904046,1,1
2021,55,045,36,35,37,0.0078722939,2,2
2021,55,047,69,69,69,0.0267961165,1,1
2021,55,049,51,51,51,0.0167432699,1,1
2021,55,051,,,,,,
2021,55,053,67,67,67,0.0308329498,1,1
2021,55,055,201,201,201,0.0166556182,1,1
2021,55,057,74,74,74,0.0207108872,1,1
2021,55,059,655,654,656,0.0253787438,1,1
2021,55,061,39,38,40,0.011057556,2,2
2021,55,063,242,242,242,0.0162198391,1,1
2021,55,065,24,22,26,0.0112044818,3,3
2021,55,067,,,,,,
2021,55,069,53,53,53,0.0124588622,1,1
2021,55,071,164,163,165,0.0161783565,1,1
2021,55,073,292,291,293,0.0160395496,1,1
2021,55,075,122,122,122,0.0280588776,1,1
2021,55,077,,,,,,
2021,55,078,135,135,135,0.1410658307,1,1
2021,55,079,4520,4518,4522,0.0389430243,1,1
2021,55,081,74,73,75,0.0102592541,1,1
2021,55,083,44,42,46,0.0112647209,2,2
2021,55,085,30,29,31,0.010478519,2,2
2021,55,087,604,604,604,0.0174274338,1,1
2021,55,089,14,11,17,0.0011245883,3,3
2021,55,091,14,14,14,0.0139581256,3,3
2021,55,093,59,58,60,0.008295838,1,1
2021,55,095,142,141,143,0.0210682493,1,1
2021,55,097,104,103,105,0.0121127417,1,1
2021,55,099,,,,,,
2021,55,101,873,872,874,0.0372106901,1,1
2021,55,103,24,24,24,0.014916097,3,3
2021,55,105,924,923,925,0.0354593599,1,1
2021,55,107,13,12,14,0.0103503185,3,3
2021,55,109,120,120,120,0.0081984013,1,1
2021,55,111,290,290,290,0.0253829322,1,1
2021,55,113,117,117,117,0.0512932924,1,1
2021,55,115,115,114,116,0.0242105263,1,1
2021,55,117,315,312,318,0.0181996765,1,1
2021,55,119,26,26,26,0.0075340481,3,3
2021,55,121,43,41,45,0.0081780145,2,2
2021,55,123,100,98,102,0.0262398321,1,1
2021,55,125,92,91,93,0.0458852868,1,1
2021,55,127,261,261,261,0.0194500335,1,1
2021,55,129,30,29,31,0.0152284264,2,2
2021,55,131,131,131,131,0.0071412996,1,1
2021,55,133,377,374,380,0.0064263189,1,1
2021,55,135,186,185,187,0.0240714378,1,1
2021,55,137,40,40,40,0.0214247456,1,1
2021,55,139,401,401,401,0.0183902775,1,1
2021,55,141,265,264,266,0.0225167814,1,1
2021,56,001,54,54,54,0.013684744,1,1
2021,56,003,51,51,51,0.0183519252,1,1
2021,56,005,197,197,197,0.0228194139,1,1
2021,56,007,51,51,51,0.0305755396,1,1
2021,56,009,61,61,61,0.0258584146,1,1
2021,56,011,10,10,10,0.0081566069,3,3
2021,56,013,319,319,319,0.0591617211,1,1
2021,56,015,26,26,26,0.0165184244,3,3
2021,56,017,,,,,,
2021,56,019,29,29,29,0.02406639,3,3
2021,56,021,349,349,349,0.0228912502,1,1
2021,56,023,18,18,18,0.0048701299,3,3
2021,56,025,189,189,189,0.0142544687,1,1
2021,56,027,,,,,,
2021,56,029,47,47,47,0.0122427716,1,1
2021,56,031,42,41,42,0.0357446809,1,1
2021,56,033,56,56,56,0.0119352089,1,1
2021,56,035,,,,,,
2021,56,037,189,189,189,0.0254751314,1,1
2021,56,039,64,64,64,0.0228734811,1,1
2021,56,041,32,32,32,0.0092996222,1,1
2021,56,043,47,47,47,0.0402742074,1,1
2021,56,045,19,19,19,0.0245795602,3,3
2022,01,001,110,110,110,0.0119539231,1,1
2022,01,003,193,193,193,0.0061236793,1,1
2022,01,005,11,11,11,0.0017490857,3,3
2022,01,007,13,13,13,0.0041962556,3,3
2022,01,009,62,62,62,0.006738398,1,1
2022,01,011,,,,,,
2022,01,013,77,77,77,0.0265517241,1,1
2022,01,015,60,60,60,0.0066830029,1,1
2022,01,017,,,,,,
2022,01,019,282,282,282,0.0725681935,1,1
2022,01,021,,,,,,
2022,01,023,,,,,,
2022,01,025,11,11,11,0.0034087388,3,3
2022,01,027,25,25,25,0.0140134529,3,3
2022,01,029,44,44,44,0.0175508576,1,1
2022,01,031,250,250,250,0.024553133,1,1
2022,01,033,97,96,98,0.0175820192,1,1
2022,01,035,,,,,,
2022,01,037,,,,,,
2022,01,039,170,170,170,0.0131162719,1,1
2022,01,041,,,,,,
2022,01,043,19,19,19,0.0014534884,3,3
2022,01,045,55,55,55,0.0171446384,1,1
2022,01,047,362,362,362,0.0713300493,1,1
2022,01,049,410,410,410,0.0335186396,1,1
2022,01,051,105,105,105,0.0077737469,1,1
2022,01,053,,,,,,
2022,01,055,164,164,164,0.0108044008,1,1
2022,01,057,,,,,,
2022,01,059,43,43,43,0.0068788994,1,1
2022,01,061,,,,,,
2022,01,063,,,,,,
2022,01,065,,,,,,
2022,01,067,,,,,,
2022,01,069,156,156,156,0.010305873,1,1
2022,01,071,138,138,138,0.0181197479,1,1
2022,01,073,806,804,808,0.0079142201,1,1
2022,01,075,10,10,10,0.0045433894,3,3
2022,01,077,66,66,66,0.0051866405,1,1
2022,01,079,160,160,160,0.0340570456,1,1
2022,01,081,107,107,107,0.004485997,1,1
2022,01,083,168,168,168,0.0081053698,1,1
2022,01,085,185,185,185,0.1573129252,1,1
2022,01,087,20,20,20,0.0111731844,3,3
2022,01,089,544,544,544,0.0095774648,1,1
2022,01,091,,,,,,
2022,01,093,55,55,55,0.0119982548,1,1
2022,01,095,741,741,741,0.0393604589,1,1
2022,01,097,3574,3574,3574,0.0600783338,1,1
2022,01,099,,,,,,
2022,01,101,539,539,539,0.0178317398,1,1
2022,01,103,134,134,134,0.0066753014,1,1
2022,01,105,89,89,89,0.0951871658,1,1
2022,01,107,,,,,,
2022,01,109,75,75,75,0.0191424196,1,1
2022,01,111,13,13,13,0.0062200957,3,3
2022,01,113,88,88,88,0.0080637771,1,1
2022,01,115,145,145,145,0.0104286536,1,1
2022,01,117,384,384,384,0.0123755197,1,1
2022,01,119,,,,,,
2022,01,121,12,12,12,0.0013692378,3,3
2022,01,123,16,16,16,0.0055191445,3,3
2022,01,125,290,290,290,0.0094885973,1,1
2022,01,127,99,98,100,0.0099417554,1,1
2022,01,129,21,21,21,0.0083003953,3,3
2022,01,131,71,71,71,0.0572580645,1,1
2022,01,133,10,10,10,0.0025342119,3,3
2022,02,013,,,,,,
2022,02,016,,,,,,
2022,02,020,1879,1879,1879,0.042354161,1,1
2022,02,050,56,56,56,0.011767178,1,1
2022,02,060,,,,,,
2022,02,063,,,,,,
2022,02,066,,,,,,
2022,02,068,,,,,,
2022,02,070,17,17,17,0.0404761905,3,3
2022,02,090,512,512,512,0.0403054397,1,1
2022,02,100,,,,,,
2022,02,105,,,,,,
2022,02,110,125,125,125,0.0288151222,1,1
2022,02,122,198,198,198,0.023217636,1,1
2022,02,130,14,14,14,0.0067502411,3,3
2022,02,150,30,30,30,0.013464991,1,1
2022,02,158,24,24,24,0.0117936118,3,3
2022,02,164,,,,,,
2022,02,170,495,495,495,0.0251205278,1,1
2022,02,180,40,40,40,0.0156924284,1,1
2022,02,185,,,,,,
2022,02,188,,,,,,
2022,02,195,,,,,,
2022,02,198,24,24,24,0.0220183486,3,3
2022,02,220,,,,,,
2022,02,230,,,,,,
2022,02,240,43,43,43,0.0324773414,1,1
2022,02,275,,,,,,
2022,02,282,,,,,,
2022,02,290,103,103,103,0.0114001107,1,1
2022,04,001,332,322,342,0.0469523405,2,2
2022,04,003,364,361,367,0.0264862112,1,1
2022,04,005,584,576,592,0.0345031313,1,1
2022,04,007,509,507,511,0.0719231313,1,1
2022,04,009,39,38,40,0.0065141139,2,2
2022,04,011,,,,,,
2022,04,012,40,39,41,0.021141649,2,2
2022,04,013,11651,11614,11688,0.0171836561,1,1
2022,04,015,565,564,566,0.0280132877,1,1
2022,04,017,725,712,738,0.036653185,1,1
2022,04,019,2878,2872,2884,0.0212453401,1,1
2022,04,021,626,619,633,0.0124649051,1,1
2022,04,023,601,600,602,0.0606703008,1,1
2022,04,025,1238,1238,1238,0.0584403323,1,1
2022,04,027,372,371,373,0.0102341192,1,1
2022,05,001,69,69,69,0.0251457726,1,1
2022,05,003,80,80,80,0.023916293,1,1
2022,05,005,265,265,265,0.0518388106,1,1
2022,05,007,1352,1352,1352,0.0260110047,1,1
2022,05,009,336,336,336,0.056028014,1,1
2022,05,011,15,15,15,0.0080385852,3,3
2022,05,013,108,108,108,0.1988950276,1,1
2022,05,015,306,306,306,0.0766725132,1,1
2022,05,017,,,,,,
2022,05,019,25,25,25,0.0097732604,3,3
2022,05,021,75,75,75,0.0326512843,1,1
2022,05,023,164,164,164,0.0545212766,1,1
2022,05,025,34,34,34,0.0259146341,1,1
2022,05,027,49,48,50,0.0127837203,1,1
2022,05,029,322,322,322,0.092555332,1,1
2022,05,031,347,347,347,0.0171045497,1,1
2022,05,033,330,329,331,0.0303699613,1,1
2022,05,035,211,211,211,0.0227101496,1,1
2022,05,037,227,227,227,0.0713612072,1,1
2022,05,039,,,,,,
2022,05,041,58,58,58,0.0276322058,1,1
2022,05,043,72,72,72,0.0245482441,1,1
2022,05,045,858,858,858,0.0448768241,1,1
2022,05,047,111,111,111,0.034354689,1,1
2022,05,049,127,127,127,0.0717108978,1,1
2022,05,051,593,593,593,0.040032404,1,1
2022,05,053,80,80,80,0.0165528657,1,1
2022,05,055,165,165,165,0.0217505932,1,1
2022,05,057,227,227,227,0.0680863827,1,1
2022,05,059,156,156,156,0.0305224027,1,1
2022,05,061,126,126,126,0.0445387063,1,1
2022,05,063,273,273,273,0.0398249453,1,1
2022,05,065,86,86,86,0.0451680672,1,1
2022,05,067,192,192,192,0.0870748299,1,1
2022,05,069,273,273,273,0.0303400756,1,1
2022,05,071,192,192,192,0.043262731,1,1
2022,05,073,37,37,37,0.0717054264,1,1
2022,05,075,173,173,173,0.0549380756,1,1
2022,05,077,29,29,29,0.0459587956,3,3
2022,05,079,41,41,41,0.0286312849,1,1
2022,05,081,16,16,16,0.0088987764,3,3
2022,05,083,332,332,332,0.0988978254,1,1
2022,05,085,217,217,217,0.0159277745,1,1
2022,05,087,110,110,110,0.0470286447,1,1
2022,05,089,133,133,133,0.0694516971,1,1
2022,05,091,235,235,235,0.0377449406,1,1
2022,05,093,307,307,307,0.0620703599,1,1
2022,05,095,54,54,54,0.0573857598,1,1
2022,05,097,84,83,85,0.0810810811,1,1
2022,05,099,81,81,81,0.0599112426,1,1
2022,05,101,257,257,257,0.2065916399,1,1
2022,05,103,37,37,37,0.0102407971,1,1
2022,05,105,97,97,97,0.061744112,1,1
2022,05,107,60,59,61,0.0185128047,1,1
2022,05,109,101,101,101,0.0486278286,1,1
2022,05,111,259,259,259,0.0681937862,1,1
2022,05,113,69,69,69,0.0202643172,1,1
2022,05,115,435,435,435,0.0421225913,1,1
2022,05,117,86,86,86,0.072147651,1,1
2022,05,119,1932,1932,1932,0.0315089047,1,1
2022,05,121,190,190,190,0.0734441438,1,1
2022,05,123,87,87,87,0.0296523517,1,1
2022,05,125,215,215,215,0.0115759436,1,1
2022,05,127,119,119,119,0.0506167588,1,1
2022,05,129,48,48,48,0.0339943343,1,1
2022,05,131,444,444,444,0.0220402085,1,1
2022,05,133,161,161,161,0.0534173855,1,1
2022,05,135,163,163,163,0.057253249,1,1
2022,05,137,,,,,,
2022,05,139,327,326,328,0.0448867536,1,1
2022,05,141,280,280,280,0.1273306048,1,1
2022,05,143,1359,1359,1359,0.0320096099,1,1
2022,05,145,377,377,377,0.0301022038,1,1
2022,05,147,77,77,77,0.0814814815,1,1
2022,05,149,240,240,240,0.0606673407,1,1
2022,06,001,5506,5491,5521,0.02520093,1,1
2022,06,003,,,,,,
2022,06,005,297,297,297,0.0718954248,1,1
2022,06,007,966,962,970,0.0571766795,1,1
2022,06,009,284,284,284,0.0531835206,1,1
2022,06,011,439,439,439,0.0905901775,1,1
2022,06,013,2871,2866,2876,0.0174929778,1,1
2022,06,015,268,268,268,0.0644695694,1,1
2022,06,017,897,894,900,0.0268828483,1,1
2022,06,019,3365,3358,3372,0.0164575844,1,1
2022,06,021,175,175,175,0.0301828217,1,1
2022,06,023,1313,1306,1320,0.0777245013,1,1
2022,06,025,1549,1548,1550,0.0449128708,1,1
2022,06,027,60,59,61,0.0310077519,1,1
2022,06,029,6498,6493,6503,0.0334974354,1,1
2022,06,031,769,765,773,0.0272675697,1,1
2022,06,033,685,685,685,0.0697130063,1,1
2022,06,035,199,197,201,0.0559460219,1,1
2022,06,037,48417,48363,48471,0.0375486837,1,1
2022,06,039,1085,1083,1087,0.0344466315,1,1
2022,06,041,1092,1089,1095,0.0398031711,1,1
2022,06,043,174,173,175,0.0931477516,1,1
2022,06,045,738,734,742,0.0592723476,1,1
2022,06,047,1801,1800,1802,0.0307700193,1,1
2022,06,049,24,24,24,0.0288461538,3,3
2022,06,051,46,46,46,0.0268691589,1,1
2022,06,053,11327,11326,11328,0.1544218893,1,1
2022,06,055,452,452,452,0.0247021532,1,1
2022,06,057,486,485,487,0.0342808775,1,1
2022,06,059,27249,27244,27254,0.0620607192,1,1
2022,06,061,2103,2101,2105,0.0322897634,1,1
2022,06,063,128,127,129,0.0606635071,1,1
2022,06,065,17193,17188,17198,0.0407310891,1,1
2022,06,067,11496,11493,11499,0.0471990935,1,1
2022,06,069,325,324,326,0.0274516429,1,1
2022,06,071,27118,27116,27120,0.0685398569,1,1
2022,06,073,21404,21385,21423,0.0472268251,1,1
2022,06,075,3398,3394,3402,0.0617649732,1,1
2022,06,077,5949,5944,5954,0.0409504863,1,1
2022,06,079,3178,3177,3179,0.0979262318,1,1
2022,06,081,2210,2207,2213,0.0272839506,1,1
2022,06,083,8913,8908,8918,0.1349207551,1,1
2022,06,085,6939,6931,6947,0.030570706,1,1
2022,06,087,2199,2196,2202,0.0573537466,1,1
2022,06,089,930,925,935,0.0361712886,1,1
2022,06,091,41,41,41,0.1025,1,1
2022,06,093,317,311,323,0.0576363636,1,1
2022,06,095,1322,1320,1324,0.0215404168,1,1
2022,06,097,1019,1006,1032,0.0173210947,1,1
2022,06,099,2670,2667,2673,0.0253496255,1,1
2022,06,101,435,430,440,0.0194535128,1,1
2022,06,103,763,761,765,0.0725837139,1,1
2022,06,105,190,189,191,0.1275167785,1,1
2022,06,107,3463,3455,3471,0.0330328612,1,1
2022,06,109,224,223,225,0.0383824537,1,1
2022,06,111,9054,9050,9058,0.0618227257,1,1
2022,06,113,647,647,647,0.0221598109,1,1
2022,06,115,724,723,725,0.0474598492,1,1
2022,08,001,3399,3399,3399,0.0415784903,1,1
2022,08,003,127,127,127,0.0534736842,1,1
2022,08,005,3183,3182,3184,0.0280344199,1,1
2022,08,007,26,26,26,0.0154946365,3,3
2022,08,009,,,,,,
2022,08,011,,,,,,
2022,08,013,986,986,986,0.016330181,1,1
2022,08,014,,,,,,
2022,08,015,60,60,60,0.0254345061,1,1
2022,08,017,,,,,,
2022,08,019,11,11,11,0.0161764706,3,3
2022,08,021,18,17,19,0.0116429495,3,3
2022,08,023,82,82,82,0.1701244813,1,1
2022,08,025,,,,,,
2022,08,027,,,,,,
2022,08,029,159,159,159,0.0346254355,1,1
2022,08,031,1290,1289,1291,0.0119986606,1,1
2022,08,033,,,,,,
2022,08,035,559,559,559,0.0089668116,1,1
2022,08,037,93,93,93,0.0140483384,1,1
2022,08,039,14,11,17,0.0041043682,3,3
2022,08,041,1294,1288,1300,0.0106590664,1,1
2022,08,043,115,114,116,0.0235414534,1,1
2022,08,045,190,190,190,0.0161016949,1,1
2022,08,047,,,,,,
2022,08,049,42,42,42,0.0250896057,1,1
2022,08,051,18,18,18,0.0087336245,3,3
2022,08,053,,,,,,
2022,08,055,11,10,12,0.0150891632,3,3
2022,08,057,,,,,,
2022,08,059,1465,1465,1465,0.0194485377,1,1
2022,08,061,,,,,,
2022,08,063,35,33,37,0.0201265095,3,3
2022,08,065,67,67,67,0.0684371808,1,1
2022,08,067,106,105,107,0.0143011333,1,1
2022,08,069,2358,2358,2358,0.0511585525,1,1
2022,08,071,,,,,,
2022,08,073,12,10,14,0.0166435506,3,3
2022,08,075,64,62,66,0.0238361266,2,2
2022,08,077,908,907,909,0.0427374565,1,1
2022,08,079,,,,,,
2022,08,081,,,,,,
2022,08,083,46,45,47,0.0126338918,1,1
2022,08,085,197,196,198,0.0313245349,1,1
2022,08,087,234,233,235,0.0397553517,1,1
2022,08,089,28,27,29,0.0104050539,3,3
2022,08,091,,,,,,
2022,08,093,,,,,,
2022,08,095,33,33,33,0.0372460497,1,1
2022,08,097,,,,,,
2022,08,099,69,66,72,0.0303430079,2,2
2022,08,101,769,769,769,0.0301261459,1,1
2022,08,103,23,23,23,0.0191666667,3,3
2022,08,105,49,49,49,0.0281447444,1,1
2022,08,107,,,,,,
2022,08,109,207,207,207,0.2055610725,1,1
2022,08,111,,,,,,
2022,08,113,17,16,18,0.0156826568,3,3
2022,08,115,,,,,,
2022,08,117,,,,,,
2022,08,119,33,33,33,0.0142057684,1,1
2022,08,121,29,25,33,0.0310160428,3,3
2022,08,123,1020,1016,1024,0.022140702,1,1
2022,08,125,29,27,31,0.0156756757,3,3
2022,09,110,1369,1363,1375,0.0095274549,1,1
2022,09,120,282,279,285,0.0057348545,1,1
2022,09,130,151,147,155,0.008384231,2,2
2022,09,140,967,966,968,0.0165551009,1,1
2022,09,150,189,187,191,0.0162945081,1,1
2022,09,160,97,92,102,0.0087089244,3,3
2022,09,170,1090,1088,1092,0.0152772327,1,1
2022,09,180,824,823,825,0.0255282236,1,1
2022,09,190,309,305,313,0.003652655,1,1
2022,10,001,1174,1172,1176,0.0416622307,1,1
2022,10,003,2272,2271,2273,0.0293589363,1,1
2022,10,005,976,975,977,0.0293719342,1,1
2022,11,001,7451,7449,7451,0.0812629512,1,1
2022,12,001,1008,1008,1008,0.0333212125,1,1
2022,12,003,181,181,181,0.036178293,1,1
2022,12,005,1833,1833,1833,0.0670838823,1,1
2022,12,007,134,134,134,0.0446964643,1,1
2022,12,009,1634,1634,1634,0.0220438449,1,1
2022,12,011,4954,4954,4954,0.0194478903,1,1
2022,12,013,117,117,117,0.0549553781,1,1
2022,12,015,1009,1009,1009,0.0599382203,1,1
2022,12,017,744,744,744,0.0466428437,1,1
2022,12,019,899,899,899,0.0229249012,1,1
2022,12,021,1932,1932,1932,0.0401813568,1,1
2022,12,023,383,383,383,0.0387377364,1,1
2022,12,027,120,120,120,0.0261894369,1,1
2022,12,029,106,106,106,0.0507177033,1,1
2022,12,031,3474,3474,3474,0.0267640465,1,1
2022,12,033,1913,1913,1913,0.0505402763,1,1
2022,12,035,270,270,270,0.0202535444,1,1
2022,12,037,52,52,52,0.0430463576,1,1
2022,12,039,166,166,166,0.0359618718,1,1
2022,12,041,116,116,116,0.0408594576,1,1
2022,12,043,78,78,78,0.0428807037,1,1
2022,12,045,18,18,18,0.0093360996,3,3
2022,12,047,231,231,231,0.1394085697,1,1
2022,12,049,403,403,403,0.0822281167,1,1
2022,12,051,717,716,718,0.0510538308,1,1
2022,12,053,972,972,972,0.040402361,1,1
2022,12,055,479,479,479,0.0387477754,1,1
2022,12,057,4286,4286,4286,0.0190880831,1,1
2022,12,059,96,96,96,0.0296937829,1,1
2022,12,061,567,567,567,0.032967033,1,1
2022,12,063,350,350,350,0.0576036866,1,1
2022,12,065,,,,,,
2022,12,067,201,201,201,0.1756993007,1,1
2022,12,069,1758,1758,1758,0.0370479643,1,1
2022,12,071,4277,4277,4277,0.0430480907,1,1
2022,12,073,944,943,945,0.0266613946,1,1
2022,12,075,322,322,322,0.056600457,1,1
2022,12,077,68,68,68,0.0525096525,1,1
2022,12,079,99,99,99,0.040942928,1,1
2022,12,081,1227,1227,1227,0.0239489402,1,1
2022,12,083,1329,1329,1329,0.0298698672,1,1
2022,12,085,802,802,802,0.043002681,1,1
2022,12,086,11191,11189,11193,0.0332964398,1,1
2022,12,087,511,511,511,0.057229253,1,1
2022,12,089,393,393,393,0.0310230502,1,1
2022,12,091,651,651,651,0.0198881862,1,1
2022,12,093,350,350,350,0.0547045952,1,1
2022,12,095,8121,8121,8121,0.0374232733,1,1
2022,12,097,3779,3779,3779,0.0513744256,1,1
2022,12,099,5901,5901,5901,0.0305194671,1,1
2022,12,101,1771,1771,1771,0.0210710419,1,1
2022,12,103,4770,4770,4770,0.0509060639,1,1
2022,12,105,4962,4962,4962,0.0433426797,1,1
2022,12,107,436,436,436,0.0423588847,1,1
2022,12,109,510,510,510,0.0100687041,1,1
2022,12,111,2722,2722,2722,0.0596132367,1,1
2022,12,113,990,990,990,0.0321804707,1,1
2022,12,115,1052,1052,1052,0.0233378441,1,1
2022,12,117,2686,2686,2686,0.0402819436,1,1
2022,12,119,155,155,155,0.0164823479,1,1
2022,12,121,224,224,224,0.0377422072,1,1
2022,12,123,129,129,129,0.0463528566,1,1
2022,12,125,109,109,109,0.0457023061,1,1
2022,12,127,3004,3004,3004,0.047407875,1,1
2022,12,129,49,49,49,0.0095034911,1,1
2022,12,131,274,274,274,0.0236717063,1,1
2022,12,133,181,181,181,0.0546332629,1,1
2022,13,001,105,105,105,0.0303205313,1,1
2022,13,003,,,,,,
2022,13,005,,,,,,
2022,13,007,,,,,,
2022,13,009,239,239,239,0.0509269124,1,1
2022,13,011,95,95,95,0.0334154063,1,1
2022,13,013,418,418,418,0.0280876226,1,1
2022,13,015,460,460,460,0.0251324919,1,1
2022,13,017,31,31,31,0.0103230103,1,1
2022,13,019,63,63,63,0.0204944697,1,1
2022,13,021,567,567,567,0.0259365994,1,1
2022,13,023,,,,,,
2022,13,025,133,133,133,0.0390831619,1,1
2022,13,027,20,20,20,0.0093414292,3,3
2022,13,029,72,72,72,0.0070443205,1,1
2022,13,031,257,257,257,0.0232579186,1,1
2022,13,033,,,,,,
2022,13,035,363,363,363,0.1018518519,1,1
2022,13,037,,,,,,
2022,13,039,79,79,79,0.0082957051,1,1
2022,13,043,17,17,17,0.0077237619,3,3
2022,13,045,1011,1011,1011,0.0468207289,1,1
2022,13,047,305,305,305,0.0292537886,1,1
2022,13,049,56,56,56,0.0332147094,1,1
2022,13,051,884,884,884,0.0243351869,1,1
2022,13,053,16,16,16,0.0164948454,3,3
2022,13,055,94,94,94,0.0365048544,1,1
2022,13,057,265,264,266,0.0062333874,1,1
2022,13,059,763,763,763,0.0513493506,1,1
2022,13,061,10,10,10,0.05,3,3
2022,13,063,2835,2835,2835,0.0461335677,1,1
2022,13,065,43,43,43,0.034372502,1,1
2022,13,067,2294,2294,2294,0.0198216569,1,1
2022,13,069,558,558,558,0.0740249403,1,1
2022,13,071,288,288,288,0.0326160815,1,1
2022,13,073,264,264,264,0.0090956072,1,1
2022,13,075,28,28,28,0.0090439276,3,3
2022,13,077,200,199,201,0.0083371545,1,1
2022,13,079,12,12,12,0.0076824584,3,3
2022,13,081,22,22,22,0.0061538462,3,3
2022,13,083,12,12,12,0.0058167717,3,3
2022,13,085,198,198,198,0.0506912442,1,1
2022,13,087,42,42,42,0.0097447796,1,1
2022,13,089,1182,1182,1182,0.0120032902,1,1
2022,13,091,52,52,52,0.0186714542,1,1
2022,13,093,107,107,107,0.0963963964,1,1
2022,13,095,328,328,328,0.0251475887,1,1
2022,13,097,784,784,784,0.0303852415,1,1
2022,13,099,48,48,48,0.0287769784,1,1
2022,13,101,,,,,,
2022,13,103,110,110,110,0.0078308536,1,1
2022,13,105,30,30,30,0.0097847358,1,1
2022,13,107,63,63,63,0.0155210643,1,1
2022,13,109,111,111,111,0.0610561056,1,1
2022,13,111,183,183,183,0.065380493,1,1
2022,13,113,77,77,77,0.003758481,1,1
2022,13,115,661,661,661,0.0426506646,1,1
2022,13,117,974,974,974,0.0180113542,1,1
2022,13,119,12,12,12,0.0033158331,3,3
2022,13,121,3520,3516,3524,0.0244527652,1,1
2022,13,123,56,56,56,0.0136153659,1,1
2022,13,125,,,,,,
2022,13,127,258,258,258,0.0174489382,1,1
2022,13,129,465,465,465,0.0440507768,1,1
2022,13,131,32,32,32,0.0072644722,1,1
2022,13,133,79,79,79,0.0305137119,1,1
2022,13,135,2248,2248,2248,0.011543893,1,1
2022,13,137,206,206,206,0.0285952249,1,1
2022,13,139,1047,1047,1047,0.0296583763,1,1
2022,13,141,22,22,22,0.0312944523,3,3
2022,13,143,393,393,393,0.0679460581,1,1
2022,13,145,79,79,79,0.0139946856,1,1
2022,13,147,62,62,62,0.0169584245,1,1
2022,13,149,149,149,149,0.067881549,1,1
2022,13,151,1599,1599,1599,0.0368288919,1,1
2022,13,153,511,511,511,0.0166824459,1,1
2022,13,155,51,51,51,0.0314426634,1,1
2022,13,157,215,215,215,0.0135484278,1,1
2022,13,159,16,16,16,0.0062184221,3,3
2022,13,161,19,19,19,0.0061788618,3,3
2022,13,163,16,16,16,0.0077707625,3,3
2022,13,165,39,39,39,0.0340314136,1,1
2022,13,167,35,35,35,0.0346878097,1,1
2022,13,169,16,16,16,0.003102579,3,3
2022,13,171,45,45,45,0.0159574468,1,1
2022,13,173,82,82,82,0.0476190476,1,1
2022,13,175,397,397,397,0.0455693297,1,1
2022,13,177,92,92,92,0.0145270804,1,1
2022,13,179,253,253,253,0.0238454288,1,1
2022,13,181,168,168,168,0.136474411,1,1
2022,13,183,15,15,15,0.0034538338,3,3
2022,13,185,405,405,405,0.021294495,1,1
2022,13,187,85,85,85,0.0226727127,1,1
2022,13,189,26,26,26,0.0079462103,3,3
2022,13,191,63,63,63,0.0472618155,1,1
2022,13,193,14,14,14,0.012567325,3,3
2022,13,195,189,189,189,0.0372267087,1,1
2022,13,197,,,,,,
2022,13,199,22,22,22,0.0094705123,3,3
2022,13,201,13,13,13,0.0176870748,3,3
2022,13,205,114,114,114,0.031834683,1,1
2022,13,207,777,777,777,0.1722456218,1,1
2022,13,209,48,48,48,0.0504731861,1,1
2022,13,211,61,61,61,0.0173591349,1,1
2022,13,213,183,183,183,0.026510213,1,1
2022,13,215,911,911,911,0.0305520156,1,1
2022,13,217,208,208,208,0.0111462408,1,1
2022,13,219,70,70,70,0.0082053687,1,1
2022,13,221,52,52,52,0.0235187698,1,1
2022,13,223,211,211,211,0.0066945872,1,1
2022,13,225,25,25,25,0.0064666322,3,3
2022,13,227,137,137,137,0.0332201746,1,1
2022,13,229,28,28,28,0.0076986527,3,3
2022,13,231,,,,,,
2022,13,233,1681,1681,1681,0.2133790302,1,1
2022,13,235,57,57,57,0.0428571429,1,1
2022,13,237,11,11,11,0.0036937542,3,3
2022,13,239,14,14,14,0.0441640379,3,3
2022,13,241,83,83,83,0.0365638767,1,1
2022,13,243,,,,,,
2022,13,245,739,739,739,0.0249754977,1,1
2022,13,247,1255,1255,1255,0.0797635693,1,1
2022,13,249,,,,,,
2022,13,251,61,61,61,0.0297851562,1,1
2022,13,253,14,14,14,0.0104477612,3,3
2022,13,255,319,319,319,0.0333577329,1,1
2022,13,257,113,113,113,0.0294270833,1,1
2022,13,259,,,,,,
2022,13,261,69,68,70,0.0164168451,1,1
2022,13,263,,,,,,
2022,13,265,,,,,,
2022,13,267,27,27,27,0.007518797,3,3
2022,13,269,162,162,162,0.1318144833,1,1
2022,13,271,23,23,23,0.0145018916,3,3
2022,13,273,,,,,,
2022,13,275,474,474,474,0.0555881318,1,1
2022,13,277,33,33,33,0.0043075317,1,1
2022,13,279,145,145,145,0.0269266481,1,1
2022,13,281,55,55,55,0.0548902196,1,1
2022,13,283,22,22,22,0.0215686275,3,3
2022,13,285,217,217,217,0.0176710098,1,1
2022,13,287,,,,,,
2022,13,289,41,41,41,0.0571827057,1,1
2022,13,291,64,64,64,0.0211640212,1,1
2022,13,293,116,116,116,0.0285714286,1,1
2022,13,295,217,217,217,0.022421988,1,1
2022,13,297,290,290,290,0.0175778882,1,1
2022,13,299,391,391,391,0.0654612423,1,1
2022,13,301,12,12,12,0.0181268882,3,3
2022,13,303,18,18,18,0.0063671737,3,3
2022,13,305,25,25,25,0.00483372,3,3
2022,13,307,,,,,,
2022,13,309,,,,,,
2022,13,311,225,225,225,0.0351123596,1,1
2022,13,313,693,693,693,0.0346638655,1,1
2022,13,315,,,,,,
2022,13,317,,,,,,
2022,13,319,,,,,,
2022,13,321,37,37,37,0.0118665811,1,1
2022,15,001,,,,,,
2022,15,003,3542,3542,3542,0.0208097104,1,1
2022,15,005,,,,,,
2022,15,007,,,,,,
2022,15,009,,,,,,
2022,16,001,2045,2044,2046,0.0268312844,1,1
2022,16,003,14,14,14,0.0985915493,3,3
2022,16,005,293,292,294,0.0209390409,1,1
2022,16,007,,,,,,
2022,16,009,114,113,115,0.079002079,1,1
2022,16,011,206,206,206,0.0176566384,1,1
2022,16,013,213,212,214,0.0625550661,1,1
2022,16,015,34,34,34,0.0555555556,1,1
2022,16,017,161,161,161,0.0307839388,1,1
2022,16,019,430,427,433,0.0168001563,1,1
2022,16,021,118,118,118,0.0818875781,1,1
2022,16,023,,,,,,
2022,16,025,,,,,,
2022,16,027,1783,1780,1786,0.0438180433,1,1
2022,16,029,21,21,21,0.0144230769,3,3
2022,16,031,109,109,109,0.0196007912,1,1
2022,16,033,14,14,14,0.1196581197,3,3
2022,16,035,69,69,69,0.0610079576,1,1
2022,16,037,,,,,,
2022,16,039,51,51,51,0.0123307544,1,1
2022,16,041,22,22,22,0.0089141005,3,3
2022,16,043,102,102,102,0.0459045905,1,1
2022,16,045,104,104,104,0.0398773006,1,1
2022,16,047,179,178,180,0.0602896598,1,1
2022,16,049,12,11,13,0.0071005917,3,3
2022,16,051,54,54,54,0.0071971212,1,1
2022,16,053,160,159,161,0.0329896907,1,1
2022,16,055,703,702,704,0.0330341619,1,1
2022,16,057,71,70,72,0.0177411294,1,1
2022,16,059,92,91,93,0.1145703611,1,1
2022,16,061,106,106,106,0.1428571429,1,1
2022,16,063,75,75,75,0.0818777293,1,1
2022,16,065,63,63,63,0.0075575816,1,1
2022,16,067,87,87,87,0.0197502838,1,1
2022,16,069,223,223,223,0.0413039452,1,1
2022,16,071,182,182,182,0.0232796112,1,1
2022,16,073,194,194,194,0.0802980132,1,1
2022,16,075,421,421,421,0.0928949691,1,1
2022,16,077,101,101,101,0.0642493639,1,1
2022,16,079,173,173,173,0.09621802,1,1
2022,16,081,,,,,,
2022,16,083,488,487,489,0.0298818199,1,1
2022,16,085,84,84,84,0.050755287,1,1
2022,16,087,82,82,82,0.0440860215,1,1
2022,17,001,154,152,156,0.018585566,1,1
2022,17,003,172,172,172,0.2533136966,1,1
2022,17,005,53,53,53,0.0271655561,1,1
2022,17,007,212,212,212,0.0233248982,1,1
2022,17,009,10,10,10,0.0147058824,3,3
2022,17,011,56,52,60,0.0130780009,3,3
2022,17,013,16,16,16,0.0258481422,3,3
2022,17,015,19,19,19,0.0145817345,3,3
2022,17,017,58,58,58,0.0267157992,1,1
2022,17,019,527,526,528,0.0212946501,1,1
2022,17,021,221,221,221,0.0439626019,1,1
2022,17,023,89,89,89,0.0355857657,1,1
2022,17,025,324,324,324,0.1483516484,1,1
2022,17,027,206,204,208,0.0420579829,1,1
2022,17,029,265,264,266,0.0440858426,1,1
2022,17,031,24124,24118,24130,0.0359861509,1,1
2022,17,033,228,228,228,0.084538376,1,1
2022,17,035,41,41,41,0.0271164021,1,1
2022,17,037,360,360,360,0.0218791783,1,1
2022,17,039,39,39,39,0.0165675446,1,1
2022,17,041,120,120,120,0.0362866647,1,1
2022,17,043,2654,2651,2657,0.0184941291,1,1
2022,17,045,239,239,239,0.0885185185,1,1
2022,17,047,43,43,43,0.051497006,1,1
2022,17,049,270,270,270,0.0537099662,1,1
2022,17,051,225,225,225,0.0836431227,1,1
2022,17,053,91,91,91,0.0343655589,1,1
2022,17,055,564,564,564,0.0996818664,1,1
2022,17,057,135,135,135,0.0333333333,1,1
2022,17,059,99,99,99,0.140625,1,1
2022,17,061,200,200,200,0.1140901312,1,1
2022,17,063,100,99,101,0.007877117,1,1
2022,17,065,192,192,192,0.1642429427,1,1
2022,17,067,118,117,119,0.0422787531,1,1
2022,17,069,97,97,97,0.1823308271,1,1
2022,17,071,18,18,18,0.0241935484,3,3
2022,17,073,201,201,201,0.0251344254,1,1
2022,17,075,85,84,86,0.0217113665,1,1
2022,17,077,517,517,517,0.0763437685,1,1
2022,17,079,42,42,42,0.0351170569,1,1
2022,17,081,527,527,527,0.0979007988,1,1
2022,17,083,70,70,70,0.0287828947,1,1
2022,17,085,15,15,15,0.0080818966,3,3
2022,17,087,183,183,183,0.106271777,1,1
2022,17,089,2396,2396,2396,0.0265050112,1,1
2022,17,091,362,362,362,0.0221055203,1,1
2022,17,093,305,304,306,0.0114121081,1,1
2022,17,095,159,158,160,0.0237207221,1,1
2022,17,097,1652,1648,1656,0.0148772537,1,1
2022,17,099,310,307,313,0.022190408,1,1
2022,17,101,86,86,86,0.0433905146,1,1
2022,17,103,45,45,45,0.0118733509,1,1
2022,17,105,86,86,86,0.0179503235,1,1
2022,17,107,61,59,63,0.0293128304,2,2
2022,17,109,89,89,89,0.0269615268,1,1
2022,17,111,796,794,798,0.0120644447,1,1
2022,17,113,402,401,403,0.0179192297,1,1
2022,17,115,332,332,332,0.0235127479,1,1
2022,17,117,371,371,371,0.0497585837,1,1
2022,17,119,1657,1657,1657,0.0431791531,1,1
2022,17,121,613,612,614,0.098127101,1,1
2022,17,123,,,,,,
2022,17,125,117,117,117,0.0490771812,1,1
2022,17,127,149,149,149,0.070783848,1,1
2022,17,129,,,,,,
2022,17,131,58,58,58,0.0217636023,1,1
2022,17,133,47,47,47,0.009192255,1,1
2022,17,135,259,259,259,0.065026362,1,1
2022,17,137,128,126,130,0.0285014473,1,1
2022,17,139,41,41,41,0.0249695493,1,1
2022,17,141,160,160,160,0.0193400218,1,1
2022,17,143,592,589,595,0.0219666048,1,1
2022,17,145,85,85,85,0.0330482115,1,1
2022,17,147,44,44,44,0.0169753086,1,1
2022,17,149,72,72,72,0.0302013423,1,1
2022,17,151,63,63,63,0.1296296296,1,1
2022,17,153,109,109,109,0.1367628607,1,1
2022,17,155,,,,,,
2022,17,157,280,279,281,0.0719609355,1,1
2022,17,159,164,164,164,0.0719298246,1,1
2022,17,161,290,290,290,0.0139275766,1,1
2022,17,163,1663,1662,1664,0.0429660251,1,1
2022,17,165,502,502,502,0.1362279512,1,1
2022,17,167,587,587,587,0.0218215613,1,1
2022,17,169,16,16,16,0.0170757737,3,3
2022,17,171,15,15,15,0.0196592398,3,3
2022,17,173,59,58,60,0.0255300736,1,1
2022,17,175,11,11,11,0.0158959538,3,3
2022,17,177,326,325,327,0.0610486891,1,1
2022,17,179,259,255,263,0.0139585018,1,1
2022,17,181,263,263,263,0.1037066246,1,1
2022,17,183,470,469,471,0.0418298327,1,1
2022,17,185,181,181,181,0.1157289003,1,1
2022,17,187,84,84,84,0.0326975477,1,1
2022,17,189,94,93,95,0.0529279279,1,1
2022,17,191,209,209,209,0.0872287145,1,1
2022,17,193,332,332,332,0.1442850934,1,1
2022,17,195,228,228,228,0.0270174191,1,1
2022,17,197,1657,1654,1660,0.0157545448,1,1
2022,17,199,662,662,662,0.0668416801,1,1
2022,17,201,1971,1970,1972,0.0488512157,1,1
2022,17,203,36,35,37,0.0062619586,2,2
2022,18,001,117,117,117,0.0275878331,1,1
2022,18,003,1569,1569,1569,0.0286632931,1,1
2022,18,005,272,272,272,0.0215770268,1,1
2022,18,007,15,15,15,0.0093225606,3,3
2022,18,009,37,37,37,0.0247326203,1,1
2022,18,011,127,127,127,0.0097437471,1,1
2022,18,013,29,29,29,0.0175438596,3,3
2022,18,015,19,19,19,0.0139603233,3,3
2022,18,017,501,501,501,0.0750449371,1,1
2022,18,019,255,254,256,0.0126714371,1,1
2022,18,021,36,36,36,0.0089108911,1,1
2022,18,023,110,110,110,0.021691974,1,1
2022,18,025,17,17,17,0.0126488095,3,3
2022,18,027,25,25,25,0.0117702448,3,3
2022,18,029,39,39,39,0.0049298445,1,1
2022,18,031,67,67,67,0.0168723244,1,1
2022,18,033,106,106,106,0.0153556425,1,1
2022,18,035,112,110,114,0.0088043393,1,1
2022,18,037,13,12,14,0.0024818633,3,3
2022,18,039,574,574,574,0.0167586348,1,1
2022,18,041,19,19,19,0.0058407624,3,3
2022,18,043,185,184,186,0.0157099185,1,1
2022,18,045,45,45,45,0.0186027284,1,1
2022,18,047,,,,,,
2022,18,049,29,29,29,0.0179789213,3,3
2022,18,051,105,105,105,0.0221940393,1,1
2022,18,053,240,240,240,0.0218400218,1,1
2022,18,055,47,47,47,0.009805967,1,1
2022,18,057,459,459,459,0.0074095598,1,1
2022,18,059,110,110,110,0.0077947846,1,1
2022,18,061,116,116,116,0.0194500335,1,1
2022,18,063,192,192,192,0.0058708415,1,1
2022,18,065,48,48,48,0.0078791858,1,1
2022,18,067,170,170,170,0.0131670668,1,1
2022,18,069,101,101,101,0.0205451587,1,1
2022,18,071,155,155,155,0.0208697994,1,1
2022,18,073,149,149,149,0.0312762385,1,1
2022,18,075,,,,,,
2022,18,077,63,63,63,0.0158211954,1,1
2022,18,079,208,208,208,0.0534841862,1,1
2022,18,081,348,348,348,0.0125441569,1,1
2022,18,083,134,134,134,0.0253356022,1,1
2022,18,085,216,216,216,0.0190291604,1,1
2022,18,087,53,53,53,0.0105894106,1,1
2022,18,089,899,896,902,0.0122427857,1,1
2022,18,091,265,265,265,0.0160014492,1,1
2022,18,093,23,22,24,0.0043192488,3,3
2022,18,095,269,268,270,0.0181707647,1,1
2022,18,097,5192,5182,5202,0.0330635352,1,1
2022,18,099,50,49,51,0.0076534517,1,1
2022,18,101,,,,,,
2022,18,103,61,61,61,0.0133596145,1,1
2022,18,105,192,191,193,0.0136266856,1,1
2022,18,107,89,89,89,0.0148012639,1,1
2022,18,109,391,391,391,0.0380609364,1,1
2022,18,111,28,28,28,0.0141772152,3,3
2022,18,113,159,159,159,0.0235765125,1,1
2022,18,115,16,16,16,0.0193939394,3,3
2022,18,117,30,30,30,0.0099403579,1,1
2022,18,119,208,208,208,0.0929401251,1,1
2022,18,121,24,23,25,0.0108597285,3,3
2022,18,123,138,138,138,0.0475206612,1,1
2022,18,125,17,17,17,0.0108005083,3,3
2022,18,127,353,352,354,0.014365945,1,1
2022,18,129,38,38,38,0.0107405314,1,1
2022,18,131,11,11,11,0.0061867267,3,3
2022,18,133,163,163,163,0.0273260687,1,1
2022,18,135,254,253,255,0.0264638466,1,1
2022,18,137,80,80,80,0.0276816609,1,1
2022,18,139,30,30,30,0.0153217569,1,1
2022,18,141,528,524,532,0.0144546649,1,1
2022,18,143,36,36,36,0.009127789,1,1
2022,18,145,51,50,52,0.0084661355,1,1
2022,18,147,21,21,21,0.0065420561,3,3
2022,18,149,31,31,31,0.0097699338,1,1
2022,18,151,122,122,122,0.0339643653,1,1
2022,18,153,83,83,83,0.0359307359,1,1
2022,18,155,35,35,35,0.0236008092,1,1
2022,18,157,677,676,678,0.0285340976,1,1
2022,18,159,26,26,26,0.0116644235,3,3
2022,18,161,,,,,,
2022,18,163,561,561,561,0.0258061548,1,1
2022,18,165,35,35,35,0.015438906,1,1
2022,18,167,287,287,287,0.0208167114,1,1
2022,18,169,29,29,29,0.0055502392,3,3
2022,18,171,,,,,,
2022,18,173,29,29,29,0.0028650464,3,3
2022,18,175,59,59,59,0.0146583851,1,1
2022,18,177,115,115,115,0.0117647059,1,1
2022,18,179,89,89,89,0.017261443,1,1
2022,18,181,14,13,15,0.0037685061,3,3
2022,18,183,53,53,53,0.0088851635,1,1
2022,19,001,,,,,,
2022,19,003,,,,,,
2022,19,005,14,13,15,0.0075349839,3,3
2022,19,007,16,16,16,0.0117907148,3,3
2022,19,009,,,,,,
2022,19,011,25,25,25,0.0052932458,3,3
2022,19,013,419,418,420,0.0240763087,1,1
2022,19,015,52,52,52,0.0192378838,1,1
2022,19,017,,,,,,
2022,19,019,34,33,35,0.0163540164,2,2
2022,19,021,354,354,354,0.1023121387,1,1
2022,19,023,,,,,,
2022,19,025,,,,,,
2022,19,027,19,18,20,0.0056971514,3,3
2022,19,029,,,,,,
2022,19,031,42,42,42,0.0168336673,1,1
2022,19,033,163,163,163,0.0320047124,1,1
2022,19,035,,,,,,
2022,19,037,13,13,13,0.0125240848,3,3
2022,19,039,,,,,,
2022,19,041,10,9,11,0.0041442188,3,3
2022,19,043,,,,,,
2022,19,045,166,166,166,0.0280168776,1,1
2022,19,047,,,,,,
2022,19,049,174,174,174,0.008319388,1,1
2022,19,051,23,23,23,0.0182106097,3,3
2022,19,053,,,,,,
2022,19,055,20,20,20,0.0144927536,3,3
2022,19,057,49,47,51,0.0093905711,2,2
2022,19,059,12,12,12,0.0096463023,3,3
2022,19,061,327,327,327,0.0229312763,1,1
2022,19,063,,,,,,
2022,19,065,33,32,34,0.0364640884,2,2
2022,19,067,11,11,11,0.0071382219,3,3
2022,19,069,19,19,19,0.0146379045,3,3
2022,19,071,,,,,,
2022,19,073,,,,,,
2022,19,075,11,10,12,0.0064027939,3,3
2022,19,077,,,,,,
2022,19,079,24,24,24,0.0095351609,3,3
2022,19,081,,,,,,
2022,19,083,12,12,12,0.0062240664,3,3
2022,19,085,,,,,,
2022,19,087,19,19,19,0.008470798,3,3
2022,19,089,39,39,39,0.0367924528,1,1
2022,19,091,35,35,35,0.0230870712,1,1
2022,19,093,,,,,,
2022,19,095,14,12,16,0.0054474708,3,3
2022,19,097,13,13,13,0.0088980151,3,3
2022,19,099,58,58,58,0.0123116111,1,1
2022,19,101,15,15,15,0.0098360656,3,3
2022,19,103,517,517,517,0.0289376469,1,1
2022,19,105,30,30,30,0.0176366843,1,1
2022,19,107,14,13,15,0.0153172867,3,3
2022,19,109,,,,,,
2022,19,111,37,37,37,0.0102153506,1,1
2022,19,113,571,571,571,0.0172195416,1,1
2022,19,115,99,98,100,0.049009901,1,1
2022,19,117,,,,,,
2022,19,119,,,,,,
2022,19,121,64,63,65,0.0202531646,1,1
2022,19,123,41,41,41,0.0150128158,1,1
2022,19,125,66,65,67,0.0135998352,1,1
2022,19,127,163,162,164,0.0276130781,1,1
2022,19,129,40,40,40,0.0193143409,1,1
2022,19,131,,,,,,
2022,19,133,,,,,,
2022,19,135,24,24,24,0.0214285714,3,3
2022,19,137,,,,,,
2022,19,139,44,43,45,0.0063263839,1,1
2022,19,141,,,,,,
2022,19,143,,,,,,
2022,19,145,28,28,28,0.0130841121,3,3
2022,19,147,10,8,12,0.0058719906,3,3
2022,19,149,10,8,12,0.002660282,3,3
2022,19,151,,,,,,
2022,19,153,1697,1696,1698,0.021291812,1,1
2022,19,155,144,143,145,0.0114276645,1,1
2022,19,157,10,10,10,0.0063572791,3,3
2022,19,159,10,10,10,0.0157977883,3,3
2022,19,161,,,,,,
2022,19,163,484,484,484,0.0172647499,1,1
2022,19,165,,,,,,
2022,19,167,67,66,68,0.0137014315,1,1
2022,19,169,102,101,103,0.0103176209,1,1
2022,19,171,25,25,25,0.0111706881,3,3
2022,19,173,,,,,,
2022,19,175,,,,,,
2022,19,177,13,13,13,0.014994233,3,3
2022,19,179,246,246,246,0.0350028458,1,1
2022,19,181,25,25,25,0.0026019983,3,3
2022,19,183,169,169,169,0.0541840333,1,1
2022,19,185,,,,,,
2022,19,187,94,94,94,0.0255712731,1,1
2022,19,189,,,,,,
2022,19,191,,,,,,
2022,19,193,226,223,229,0.0123201047,1,1
2022,19,195,,,,,,
2022,19,197,18,16,20,0.0065028902,3,3
2022,20,001,,,,,,
2022,20,003,,,,,,
2022,20,005,46,46,46,0.0306258322,1,1
2022,20,007,,,,,,
2022,20,009,30,29,31,0.0050590219,2,2
2022,20,011,28,28,28,0.0152256661,3,3
2022,20,013,,,,,,
2022,20,015,165,163,167,0.0087232355,1,1
2022,20,017,15,15,15,0.0387596899,3,3
2022,20,019,,,,,,
2022,20,021,61,60,62,0.0181331748,1,1
2022,20,023,,,,,,
2022,20,025,,,,,,
2022,20,027,12,12,12,0.0089285714,3,3
2022,20,029,,,,,,
2022,20,031,56,56,56,0.0418848168,1,1
2022,20,033,,,,,,
2022,20,035,49,48,50,0.0085634394,1,1
2022,20,037,298,298,298,0.0563859981,1,1
2022,20,039,,,,,,
2022,20,041,56,55,57,0.0160274757,1,1
2022,20,043,,,,,,
2022,20,045,143,143,143,0.0101975326,1,1
2022,20,047,18,18,18,0.0608108108,3,3
2022,20,049,,,,,,
2022,20,051,31,31,31,0.008358048,1,1
2022,20,053,,,,,,
2022,20,055,398,398,398,0.0480328265,1,1
2022,20,057,47,47,47,0.0063011127,1,1
2022,20,059,366,366,366,0.0840992647,1,1
2022,20,061,219,219,219,0.0297918651,1,1
2022,20,063,,,,,,
2022,20,065,,,,,,
2022,20,067,,,,,,
2022,20,069,11,9,13,0.0094017094,3,3
2022,20,071,,,,,,
2022,20,073,,,,,,
2022,20,075,67,67,67,0.1220400729,1,1
2022,20,077,,,,,,
2022,20,079,80,79,81,0.0147465438,1,1
2022,20,081,37,36,38,0.0587301587,2,2
2022,20,083,,,,,,
2022,20,085,32,32,32,0.0205787781,1,1
2022,20,087,26,25,27,0.0118829982,3,3
2022,20,089,,,,,,
2022,20,091,877,877,877,0.0090559881,1,1
2022,20,093,19,18,20,0.0210643016,3,3
2022,20,095,10,10,10,0.0104821803,3,3
2022,20,097,,,,,,
2022,20,099,10,9,11,0.0029282577,3,3
2022,20,101,,,,,,
2022,20,103,196,196,196,0.0174299689,1,1
2022,20,105,,,,,,
2022,20,107,44,44,44,0.030428769,1,1
2022,20,109,,,,,,
2022,20,111,69,68,70,0.0130929791,1,1
2022,20,113,53,52,54,0.0121699196,1,1
2022,20,115,10,9,11,0.0078308536,3,3
2022,20,117,,,,,,
2022,20,119,21,20,22,0.0470852018,3,3
2022,20,121,89,89,89,0.019017094,1,1
2022,20,123,,,,,,
2022,20,125,13,12,14,0.0028217929,3,3
2022,20,127,,,,,,
2022,20,129,33,33,33,0.0197841727,1,1
2022,20,131,,,,,,
2022,20,133,13,13,13,0.0071507151,3,3
2022,20,135,,,,,,
2022,20,137,,,,,,
2022,20,139,66,66,66,0.0292553191,1,1
2022,20,141,,,,,,
2022,20,143,33,33,33,0.0544554455,1,1
2022,20,145,,,,,,
2022,20,147,,,,,,
2022,20,149,17,16,18,0.0038245219,3,3
2022,20,151,39,39,39,0.0321252059,1,1
2022,20,153,,,,,,
2022,20,155,83,81,85,0.0091915836,1,1
2022,20,157,,,,,,
2022,20,159,36,35,37,0.0219244823,2,2
2022,20,161,189,189,189,0.0243118086,1,1
2022,20,163,,,,,,
2022,20,165,,,,,,
2022,20,167,26,26,26,0.0334190231,3,3
2022,20,169,86,85,87,0.0112521261,1,1
2022,20,171,,,,,,
2022,20,173,1988,1988,1988,0.0244936179,1,1
2022,20,175,230,230,230,0.0437678402,1,1
2022,20,177,503,501,505,0.0184478838,1,1
2022,20,179,,,,,,
2022,20,181,,,,,,
2022,20,183,,,,,,
2022,20,185,,,,,,
2022,20,187,,,,,,
2022,20,189,29,29,29,0.0247440273,3,3
2022,20,191,70,70,70,0.0299145299,1,1
2022,20,193,,,,,,
2022,20,195,,,,,,
2022,20,197,,,,,,
2022,20,199,,,,,,
2022,20,201,,,,,,
2022,20,203,15,15,15,0.0382653061,3,3
2022,20,205,21,20,22,0.0132911392,3,3
2022,20,207,70,70,70,0.1686746988,1,1
2022,20,209,785,785,785,0.0251554188,1,1
2022,21,001,14,14,14,0.0053394355,3,3
2022,21,003,22,22,22,0.0069863449,3,3
2022,21,005,,,,,,
2022,21,007,30,30,30,0.0285171103,1,1
2022,21,009,522,522,522,0.0624327234,1,1
2022,21,011,463,463,463,0.2347870183,1,1
2022,21,013,440,440,440,0.1059985546,1,1
2022,21,015,228,228,228,0.0103078801,1,1
2022,21,017,213,213,213,0.0621353559,1,1
2022,21,019,207,207,207,0.0298056156,1,1
2022,21,021,66,66,66,0.0138277813,1,1
2022,21,023,11,11,11,0.0096069869,3,3
2022,21,025,431,431,431,0.2102439024,1,1
2022,21,027,51,51,51,0.018558952,1,1
2022,21,029,343,343,343,0.026727967,1,1
2022,21,031,,,,,,
2022,21,033,20,20,20,0.0105764146,3,3
2022,21,035,35,35,35,0.0070238812,1,1
2022,21,037,704,704,704,0.061705671,1,1
2022,21,039,48,48,48,0.0632411067,1,1
2022,21,041,34,34,34,0.0166503428,1,1
2022,21,043,161,161,161,0.0389076849,1,1
2022,21,045,,,,,,
2022,21,047,153,153,153,0.0186494393,1,1
2022,21,049,33,33,33,0.0061578653,1,1
2022,21,051,,,,,,
2022,21,053,20,20,20,0.0127064803,3,3
2022,21,055,92,92,92,0.0674981658,1,1
2022,21,057,105,105,105,0.1045816733,1,1
2022,21,059,151,151,151,0.0093186867,1,1
2022,21,061,25,25,25,0.0132275132,3,3
2022,21,063,,,,,,
2022,21,065,118,118,118,0.0535876476,1,1
2022,21,067,923,923,923,0.0222828449,1,1
2022,21,069,28,28,28,0.0128087832,3,3
2022,21,071,278,278,278,0.0499730361,1,1
2022,21,073,220,220,220,0.0309946464,1,1
2022,21,075,25,25,25,0.02593361,3,3
2022,21,077,81,81,81,0.0528720627,1,1
2022,21,079,,,,,,
2022,21,081,34,33,35,0.0078431373,2,2
2022,21,083,243,243,243,0.0410195814,1,1
2022,21,085,,,,,,
2022,21,087,,,,,,
2022,21,089,93,92,94,0.0246946362,1,1
2022,21,091,,,,,,
2022,21,093,111,111,111,0.0064760793,1,1
2022,21,095,1294,1294,1294,0.3017723881,1,1
2022,21,097,241,241,241,0.083218232,1,1
2022,21,099,11,11,11,0.0046868343,3,3
2022,21,101,131,131,131,0.0188353702,1,1
2022,21,103,105,105,105,0.0349766822,1,1
2022,21,105,20,20,20,0.0276625173,3,3
2022,21,107,92,92,92,0.0133488102,1,1
2022,21,109,89,89,89,0.0433511934,1,1
2022,21,111,3316,3316,3316,0.0348209598,1,1
2022,21,113,468,468,468,0.0557673975,1,1
2022,21,115,96,96,96,0.0233576642,1,1
2022,21,117,1637,1636,1638,0.0729110992,1,1
2022,21,119,297,297,297,0.1419694073,1,1
2022,21,121,36,36,36,0.009130104,1,1
2022,21,123,,,,,,
2022,21,125,61,61,61,0.0065422565,1,1
2022,21,127,394,394,394,0.1613431613,1,1
2022,21,129,140,140,140,0.1543550165,1,1
2022,21,131,98,98,98,0.0591073583,1,1
2022,21,133,540,540,540,0.2080123267,1,1
2022,21,135,37,37,37,0.018172888,1,1
2022,21,137,78,78,78,0.0228337237,1,1
2022,21,139,19,19,19,0.0176908752,3,3
2022,21,141,108,107,109,0.0234884732,1,1
2022,21,143,,,,,,
2022,21,145,291,291,291,0.0288490136,1,1
2022,21,147,23,23,23,0.0084714549,3,3
2022,21,149,,,,,,
2022,21,151,112,112,112,0.0091175513,1,1
2022,21,153,85,85,85,0.0421417947,1,1
2022,21,155,19,19,19,0.0058353808,3,3
2022,21,157,263,263,263,0.0585094549,1,1
2022,21,159,26,26,26,0.0147895336,3,3
2022,21,161,20,20,20,0.0076687117,3,3
2022,21,163,188,188,188,0.0378574305,1,1
2022,21,165,56,56,56,0.0586387435,1,1
2022,21,167,113,113,113,0.0351149782,1,1
2022,21,169,13,13,13,0.0089102125,3,3
2022,21,171,54,54,54,0.0302013423,1,1
2022,21,173,133,133,133,0.0297406082,1,1
2022,21,175,44,44,44,0.0234416622,1,1
2022,21,177,26,26,26,0.0057958092,3,3
2022,21,179,32,32,32,0.00442784,1,1
2022,21,181,268,268,268,0.2394995532,1,1
2022,21,183,22,22,22,0.0056265985,3,3
2022,21,185,,,,,,
2022,21,187,54,54,54,0.0311778291,1,1
2022,21,189,21,21,21,0.0267515924,3,3
2022,21,191,,,,,,
2022,21,193,514,514,514,0.1111832144,1,1
2022,21,195,291,291,291,0.0325030716,1,1
2022,21,197,33,33,33,0.0154929577,1,1
2022,21,199,46,46,46,0.0047276465,1,1
2022,21,201,68,68,68,0.1419624217,1,1
2022,21,203,153,153,153,0.0554147048,1,1
2022,21,205,275,275,275,0.0801983085,1,1
2022,21,207,243,243,243,0.0433077883,1,1
2022,21,209,334,334,334,0.034092069,1,1
2022,21,211,36,36,36,0.0051910598,1,1
2022,21,213,90,90,90,0.0291450777,1,1
2022,21,215,78,78,78,0.0231522707,1,1
2022,21,217,17,17,17,0.0042320139,3,3
2022,21,219,,,,,,
2022,21,221,52,52,52,0.0264765784,1,1
2022,21,223,47,47,47,0.03802589,1,1
2022,21,225,25,25,25,0.0121654501,3,3
2022,21,227,137,137,137,0.0061647842,1,1
2022,21,229,106,106,106,0.0596846847,1,1
2022,21,231,57,57,57,0.0177736202,1,1
2022,21,233,520,520,520,0.2398523985,1,1
2022,21,235,373,373,373,0.0506586989,1,1
2022,21,237,,,,,,
2022,21,239,101,101,101,0.0251870324,1,1
2022,22,001,222,222,222,0.0231225914,1,1
2022,22,003,33,33,33,0.0079787234,1,1
2022,22,005,114,114,114,0.0046025274,1,1
2022,22,007,167,167,167,0.0550973276,1,1
2022,22,009,26,26,26,0.0051181102,3,3
2022,22,011,43,43,43,0.0071428571,1,1
2022,22,013,34,34,34,0.0172501268,1,1
2022,22,015,255,255,255,0.0106614265,1,1
2022,22,017,1954,1954,1954,0.0540570448,1,1
2022,22,019,859,859,859,0.0278552435,1,1
2022,22,021,25,25,25,0.016644474,3,3
2022,22,023,25,25,25,0.0217013889,3,3
2022,22,025,,,,,,
2022,22,027,28,28,28,0.016175621,3,3
2022,22,029,53,53,53,0.01660401,1,1
2022,22,031,82,82,82,0.0159968787,1,1
2022,22,033,1631,1626,1636,0.0235997164,1,1
2022,22,035,17,17,17,0.0209359606,3,3
2022,22,037,47,47,47,0.0266138165,1,1
2022,22,039,13,13,13,0.0022787029,3,3
2022,22,041,,,,,,
2022,22,043,68,68,68,0.0228879165,1,1
2022,22,045,153,153,153,0.0130013596,1,1
2022,22,047,125,125,125,0.0242624224,1,1
2022,22,049,17,17,17,0.0078667284,3,3
2022,22,051,1413,1413,1413,0.0271464525,1,1
2022,22,053,110,110,110,0.0196604111,1,1
2022,22,055,767,766,768,0.0219268153,1,1
2022,22,057,1062,1062,1062,0.0747466216,1,1
2022,22,059,347,347,347,0.1315889268,1,1
2022,22,061,54,54,54,0.0081008101,1,1
2022,22,063,98,98,98,0.0035339512,1,1
2022,22,065,36,36,36,0.0261058738,1,1
2022,22,067,99,99,99,0.0292812777,1,1
2022,22,069,152,152,152,0.027501357,1,1
2022,22,071,2834,2832,2836,0.0567571898,1,1
2022,22,073,362,362,362,0.0129262632,1,1
2022,22,075,75,75,75,0.0194401244,1,1
2022,22,077,57,57,57,0.0210332103,1,1
2022,22,079,265,265,265,0.0115262494,1,1
2022,22,081,122,122,122,0.0864022663,1,1
2022,22,083,37,37,37,0.0128249567,1,1
2022,22,085,32,32,32,0.007727602,1,1
2022,22,087,57,57,57,0.0068865531,1,1
2022,22,089,82,82,82,0.0086352148,1,1
2022,22,091,10,10,10,0.0089365505,3,3
2022,22,093,61,61,61,0.0172462539,1,1
2022,22,095,54,54,54,0.0100334448,1,1
2022,22,097,184,183,185,0.0140340172,1,1
2022,22,099,112,112,112,0.0148600239,1,1
2022,22,101,285,283,287,0.032967033,1,1
2022,22,103,556,556,556,0.0140549559,1,1
2022,22,105,302,302,302,0.014589372,1,1
2022,22,107,23,23,23,0.0662824207,3,3
2022,22,109,1600,1600,1600,0.1014455998,1,1
2022,22,111,40,40,40,0.013726836,1,1
2022,22,113,90,89,91,0.0092592593,1,1
2022,22,115,,,,,,
2022,22,117,101,101,101,0.0148420279,1,1
2022,22,119,83,83,83,0.01495765,1,1
2022,22,121,74,74,74,0.0170821791,1,1
2022,22,123,,,,,,
2022,22,125,35,35,35,0.0155902004,1,1
2022,22,127,44,44,44,0.0218687873,1,1
2022,23,001,609,608,610,0.0373184631,1,1
2022,23,003,114,111,117,0.0157807309,2,2
2022,23,005,1698,1696,1700,0.0461877431,1,1
2022,23,007,61,61,61,0.0213810025,1,1
2022,23,009,67,63,71,0.016036381,3,3
2022,23,011,275,273,277,0.0185172716,1,1
2022,23,013,130,129,131,0.0258757962,1,1
2022,23,015,38,35,41,0.0106145251,3,3
2022,23,017,203,203,203,0.0236238799,1,1
2022,23,019,333,328,338,0.0177732707,1,1
2022,23,021,,,,,,
2022,23,023,90,89,91,0.0211764706,1,1
2022,23,025,67,65,69,0.0114726027,2,2
2022,23,027,131,128,134,0.0373751783,1,1
2022,23,029,17,11,23,0.0068465566,3,3
2022,23,031,548,546,550,0.0202154346,1,1
2022,24,001,74,74,74,0.009045349,1,1
2022,24,003,1221,1221,1221,0.0144449177,1,1
2022,24,005,2547,2547,2547,0.0229290074,1,1
2022,24,009,146,146,146,0.0094431149,1,1
2022,24,011,126,126,126,0.0222339862,1,1
2022,24,013,163,163,163,0.0063210145,1,1
2022,24,015,535,535,535,0.0355552602,1,1
2022,24,017,906,906,906,0.0328284658,1,1
2022,24,019,151,151,151,0.0333849215,1,1
2022,24,021,1069,1069,1069,0.022793663,1,1
2022,24,023,70,70,70,0.02,1,1
2022,24,025,479,479,479,0.0125930016,1,1
2022,24,027,488,488,488,0.0084610583,1,1
2022,24,029,66,66,66,0.037692747,1,1
2022,24,031,1826,1826,1826,0.0113731206,1,1
2022,24,033,1049,1049,1049,0.0079995119,1,1
2022,24,035,208,208,208,0.0281575741,1,1
2022,24,037,271,271,271,0.0154919111,1,1
2022,24,039,107,107,107,0.0385863686,1,1
2022,24,041,233,233,233,0.0515144815,1,1
2022,24,043,833,833,833,0.037359286,1,1
2022,24,045,579,579,579,0.0388590604,1,1
2022,24,047,210,210,210,0.0306972665,1,1
2022,24,510,4744,4744,4744,0.0620958664,1,1
2022,25,001,364,363,365,0.0164728244,1,1
2022,25,003,240,238,242,0.0169623295,1,1
2022,25,005,2199,2198,2200,0.0270792799,1,1
2022,25,007,20,19,21,0.008071025,3,3
2022,25,009,3085,3076,3094,0.0282067458,1,1
2022,25,011,208,203,213,0.0245543619,1,1
2022,25,013,2289,2285,2293,0.0340625,1,1
2022,25,015,150,147,153,0.0100853896,1,1
2022,25,017,4445,4442,4448,0.0222903106,1,1
2022,25,019,15,15,15,0.0086956522,3,3
2022,25,021,899,894,904,0.0093375434,1,1
2022,25,023,1479,1472,1486,0.0189569208,1,1
2022,25,025,5187,5185,5189,0.0687365827,1,1
2022,25,027,3450,3442,3458,0.0291153982,1,1
2022,26,001,30,30,30,0.0443131462,1,1
2022,26,003,32,32,32,0.0355951057,1,1
2022,26,005,538,538,538,0.0306954984,1,1
2022,26,007,224,224,224,0.0574211741,1,1
2022,26,009,240,240,240,0.0816882233,1,1
2022,26,011,156,156,156,0.0812077043,1,1
2022,26,013,26,24,28,0.030952381,3,3
2022,26,015,260,259,261,0.0301834223,1,1
2022,26,017,439,439,439,0.0328666617,1,1
2022,26,019,116,116,116,0.0677174548,1,1
2022,26,021,842,840,844,0.0334100468,1,1
2022,26,023,532,532,532,0.0785008116,1,1
2022,26,025,654,653,655,0.033713078,1,1
2022,26,027,209,209,209,0.033227345,1,1
2022,26,029,174,174,174,0.0487804878,1,1
2022,26,031,150,150,150,0.0577145056,1,1
2022,26,033,152,150,154,0.0337627721,1,1
2022,26,035,157,157,157,0.0371861677,1,1
2022,26,037,201,201,201,0.0197136132,1,1
2022,26,039,74,74,74,0.0449301761,1,1
2022,26,041,139,139,139,0.0325984991,1,1
2022,26,043,89,88,90,0.0227679713,1,1
2022,26,045,409,409,409,0.0237019008,1,1
2022,26,047,125,125,125,0.03047294,1,1
2022,26,049,974,970,978,0.0158854422,1,1
2022,26,051,69,69,69,0.0272296764,1,1
2022,26,053,50,49,51,0.0335795836,1,1
2022,26,055,491,490,492,0.0399089653,1,1
2022,26,057,181,181,181,0.0329270511,1,1
2022,26,059,530,530,530,0.0994184956,1,1
2022,26,061,66,64,68,0.0133145047,2,2
2022,26,063,121,120,122,0.0281068525,1,1
2022,26,065,1003,1003,1003,0.0250919371,1,1
2022,26,067,172,171,173,0.0219387755,1,1
2022,26,069,272,272,272,0.0731576116,1,1
2022,26,071,36,36,36,0.0271698113,1,1
2022,26,073,149,149,149,0.0238667307,1,1
2022,26,075,1087,1087,1087,0.0473555807,1,1
2022,26,077,1298,1296,1300,0.0376504714,1,1
2022,26,079,83,82,84,0.0424987199,1,1
2022,26,081,2366,2364,2368,0.0232993264,1,1
2022,26,083,,,,,,
2022,26,085,100,100,100,0.2262443439,1,1
2022,26,087,192,191,193,0.0172429277,1,1
2022,26,089,115,115,115,0.0615631692,1,1
2022,26,091,546,546,546,0.0370923913,1,1
2022,26,093,286,285,287,0.0116482711,1,1
2022,26,095,36,36,36,0.0715705765,1,1
2022,26,097,83,83,83,0.0762167126,1,1
2022,26,099,1326,1326,1326,0.011656733,1,1
2022,26,101,266,266,266,0.0449400237,1,1
2022,26,103,121,118,124,0.0149752475,2,2
2022,26,105,197,197,197,0.0471517472,1,1
2022,26,107,165,165,165,0.0277544155,1,1
2022,26,109,315,314,316,0.0776627219,1,1
2022,26,111,289,289,289,0.0238921958,1,1
2022,26,113,169,169,169,0.0765398551,1,1
2022,26,115,585,585,585,0.0262437755,1,1
2022,26,117,492,492,492,0.0457164096,1,1
2022,26,119,65,65,65,0.0953079179,1,1
2022,26,121,887,886,888,0.0326835919,1,1
2022,26,123,676,676,676,0.0907017308,1,1
2022,26,125,1679,1677,1681,0.0099919065,1,1
2022,26,127,114,114,114,0.0430513595,1,1
2022,26,129,76,76,76,0.0382101559,1,1
2022,26,131,,,,,,
2022,26,133,217,217,217,0.0589193592,1,1
2022,26,135,51,51,51,0.064231738,1,1
2022,26,137,53,52,54,0.0146895787,1,1
2022,26,139,839,838,840,0.0189441835,1,1
2022,26,141,71,70,72,0.0575364668,1,1
2022,26,143,275,275,275,0.0893437297,1,1
2022,26,145,561,559,563,0.0205178846,1,1
2022,26,147,503,502,504,0.0201975586,1,1
2022,26,149,439,437,441,0.0433024265,1,1
2022,26,151,178,177,179,0.0299008903,1,1
2022,26,153,30,30,30,0.0416088766,1,1
2022,26,155,172,172,172,0.0163358344,1,1
2022,26,157,207,207,207,0.0291837022,1,1
2022,26,159,615,614,616,0.0387035872,1,1
2022,26,161,1048,1047,1049,0.0255043684,1,1
2022,26,163,5044,5023,5065,0.0205692847,1,1
2022,26,165,649,649,649,0.082918104,1,1
2022,27,001,19,18,20,0.0109447005,3,3
2022,27,003,1697,1695,1699,0.0260347949,1,1
2022,27,005,153,151,155,0.033804684,1,1
2022,27,007,283,279,287,0.0355527638,1,1
2022,27,009,33,33,33,0.0051984877,1,1
2022,27,011,,,,,,
2022,27,013,251,249,253,0.0224910394,1,1
2022,27,015,35,34,36,0.0104727708,2,2
2022,27,017,96,94,98,0.0158599042,1,1
2022,27,019,92,89,95,0.005582863,2,2
2022,27,021,124,123,125,0.0296934866,1,1
2022,27,023,19,18,20,0.008601177,3,3
2022,27,025,68,65,71,0.0092240912,2,2
2022,27,027,355,352,358,0.0314548999,1,1
2022,27,029,28,28,28,0.0197879859,3,3
2022,27,031,,,,,,
2022,27,033,,,,,,
2022,27,035,88,86,90,0.0091925206,1,1
2022,27,037,1287,1284,1290,0.0174036511,1,1
2022,27,039,27,27,27,0.0068545316,3,3
2022,27,041,67,66,68,0.0133306805,1,1
2022,27,043,21,21,21,0.0113882863,3,3
2022,27,045,,,,,,
2022,27,047,106,105,107,0.0257219122,1,1
2022,27,049,81,81,81,0.0102272727,1,1
2022,27,051,,,,,,
2022,27,053,5979,5959,5999,0.0372788149,1,1
2022,27,055,61,59,63,0.0141334569,2,2
2022,27,057,,,,,,
2022,27,059,42,41,43,0.0067862336,1,1
2022,27,061,168,168,168,0.025343189,1,1
2022,27,063,,,,,,
2022,27,065,62,62,62,0.028650647,1,1
2022,27,067,80,79,81,0.0133936046,1,1
2022,27,069,,,,,,
2022,27,071,,,,,,
2022,27,073,19,18,20,0.0140324963,3,3
2022,27,075,31,31,31,0.0233962264,1,1
2022,27,077,,,,,,
2022,27,079,41,41,41,0.009656147,1,1
2022,27,081,,,,,,
2022,27,083,32,29,35,0.0063141279,3,3
2022,27,085,75,74,76,0.0148456057,1,1
2022,27,087,57,56,58,0.0372792675,1,1
2022,27,089,,,,,,
2022,27,091,148,146,150,0.0469692161,1,1
2022,27,093,14,12,16,0.0042270531,3,3
2022,27,095,91,90,92,0.0147847279,1,1
2022,27,097,53,52,54,0.0105409706,1,1
2022,27,099,51,48,54,0.0079414513,3,3
2022,27,101,,,,,,
2022,27,103,28,28,28,0.0133971292,3,3
2022,27,105,204,203,205,0.0449636324,1,1
2022,27,107,,,,,,
2022,27,109,675,671,679,0.0275240581,1,1
2022,27,111,123,121,125,0.0157510565,1,1
2022,27,113,,,,,,
2022,27,115,50,49,51,0.0132065504,1,1
2022,27,117,14,13,15,0.0090968161,3,3
2022,27,119,107,102,112,0.0213914434,2,2
2022,27,121,,,,,,
2022,27,123,2477,2464,2490,0.0282140945,1,1
2022,27,125,18,18,18,0.0240320427,3,3
2022,27,127,21,19,23,0.0106707317,3,3
2022,27,129,19,19,19,0.0113704369,3,3
2022,27,131,97,94,100,0.0125080593,2,2
2022,27,133,,,,,,
2022,27,135,16,14,18,0.006557377,3,3
2022,27,137,356,349,363,0.0150643196,1,1
2022,27,139,163,159,167,0.0064183336,2,2
2022,27,141,108,106,110,0.0050802013,1,1
2022,27,143,50,47,53,0.0243902439,3,3
2022,27,145,801,798,804,0.0327660967,1,1
2022,27,147,143,143,143,0.0213719922,1,1
2022,27,149,,,,,,
2022,27,151,,,,,,
2022,27,153,80,79,81,0.0268096515,1,1
2022,27,155,,,,,,
2022,27,157,,,,,,
2022,27,159,19,16,22,0.0058987892,3,3
2022,27,161,23,21,25,0.0067627168,3,3
2022,27,163,402,401,403,0.0099519731,1,1
2022,27,165,71,70,72,0.0363357216,1,1
2022,27,167,12,10,14,0.0114942529,3,3
2022,27,169,54,50,58,0.0116029222,3,3
2022,27,171,110,103,117,0.0040053891,3,3
2022,27,173,17,16,18,0.025,3,3
2022,28,001,,,,,,
2022,28,003,101,100,102,0.0177879535,1,1
2022,28,005,,,,,,
2022,28,007,,,,,,
2022,28,009,17,17,17,0.0176899063,3,3
2022,28,011,,,,,,
2022,28,013,24,24,24,0.0115384615,3,3
2022,28,015,,,,,,
2022,28,017,,,,,,
2022,28,019,,,,,,
2022,28,021,,,,,,
2022,28,023,,,,,,
2022,28,025,,,,,,
2022,28,027,29,29,29,0.0110308102,3,3
2022,28,029,20,20,20,0.0090702948,3,3
2022,28,031,,,,,,
2022,28,033,201,201,201,0.0057423649,1,1
2022,28,035,171,171,171,0.0158347995,1,1
2022,28,037,,,,,,
2022,28,039,72,72,72,0.0172869148,1,1
2022,28,041,,,,,,
2022,28,043,,,,,,
2022,28,045,36,36,36,0.0062805304,1,1
2022,28,047,972,972,972,0.0344387755,1,1
2022,28,049,598,598,598,0.0199101049,1,1
2022,28,051,,,,,,
2022,28,053,,,,,,
2022,28,055,,,,,,
2022,28,057,29,29,29,0.0085925926,3,3
2022,28,059,226,225,227,0.0098685647,1,1
2022,28,061,11,11,11,0.0077958894,3,3
2022,28,063,,,,,,
2022,28,065,21,21,21,0.0170040486,3,3
2022,28,067,110,110,110,0.0097899608,1,1
2022,28,069,,,,,,
2022,28,071,20,20,20,0.0026184865,3,3
2022,28,073,59,59,59,0.0057415337,1,1
2022,28,075,136,136,136,0.012922843,1,1
2022,28,077,,,,,,
2022,28,079,14,14,14,0.0050161233,3,3
2022,28,081,504,504,504,0.0355154675,1,1
2022,28,083,152,152,152,0.0377171216,1,1
2022,28,085,24,24,24,0.0092807425,3,3
2022,28,087,33,33,33,0.0039516226,1,1
2022,28,089,30,30,30,0.0022792889,1,1
2022,28,091,25,25,25,0.0070422535,3,3
2022,28,093,86,86,86,0.0226196739,1,1
2022,28,095,17,17,17,0.004674182,3,3
2022,28,097,,,,,,
2022,28,099,89,89,89,0.0163602941,1,1
2022,28,101,,,,,,
2022,28,103,40,40,40,0.0286327845,1,1
2022,28,105,28,28,28,0.0057212914,3,3
2022,28,107,,,,,,
2022,28,109,79,79,79,0.0117647059,1,1
2022,28,111,,,,,,
2022,28,113,46,46,46,0.012442521,1,1
2022,28,115,47,47,47,0.008148405,1,1
2022,28,117,,,,,,
2022,28,119,43,43,43,0.0504694836,1,1
2022,28,121,98,98,98,0.004272759,1,1
2022,28,123,,,,,,
2022,28,125,110,110,110,0.1821192053,1,1
2022,28,127,29,29,29,0.0096409574,3,3
2022,28,129,,,,,,
2022,28,131,12,12,12,0.0047656871,3,3
2022,28,133,,,,,,
2022,28,135,22,22,22,0.0257913247,3,3
2022,28,137,29,28,30,0.0078804348,3,3
2022,28,139,18,18,18,0.0072434608,3,3
2022,28,141,,,,,,
2022,28,143,28,28,28,0.0167564333,3,3
2022,28,145,31,31,31,0.0060855909,1,1
2022,28,147,21,21,21,0.0124703088,3,3
2022,28,149,112,112,112,0.0163217721,1,1
2022,28,151,114,113,115,0.0278728606,1,1
2022,28,153,,,,,,
2022,28,155,,,,,,
2022,28,157,,,,,,
2022,28,159,,,,,,
2022,28,161,,,,,,
2022,28,163,,,,,,
2022,29,001,106,106,106,0.0422984836,1,1
2022,29,003,11,11,11,0.0047169811,3,3
2022,29,005,,,,,,
2022,29,007,94,94,94,0.0279761905,1,1
2022,29,009,344,344,344,0.0523911057,1,1
2022,29,011,42,42,42,0.027486911,1,1
2022,29,013,23,21,25,0.0092854259,3,3
2022,29,015,182,182,182,0.0702974121,1,1
2022,29,017,78,78,78,0.0502901354,1,1
2022,29,019,646,645,647,0.0267008349,1,1
2022,29,021,467,467,467,0.0408466719,1,1
2022,29,023,256,256,256,0.0383923215,1,1
2022,29,025,42,41,43,0.0299785867,1,1
2022,29,027,95,93,97,0.0201399194,1,1
2022,29,029,492,492,492,0.1008403361,1,1
2022,29,031,130,129,131,0.0123094404,1,1
2022,29,033,35,34,36,0.0348605578,2,2
2022,29,035,25,24,26,0.0214041096,3,3
2022,29,037,397,395,399,0.0231217239,1,1
2022,29,039,70,70,70,0.0326492537,1,1
2022,29,041,18,17,19,0.0321428571,3,3
2022,29,043,239,239,239,0.0147258164,1,1
2022,29,045,30,30,30,0.0264084507,1,1
2022,29,047,1088,1088,1088,0.0260536398,1,1
2022,29,049,119,119,119,0.0299899194,1,1
2022,29,051,198,198,198,0.0167399391,1,1
2022,29,053,84,84,84,0.0413793103,1,1
2022,29,055,80,80,80,0.0260841213,1,1
2022,29,057,,,,,,
2022,29,059,218,218,218,0.1223344557,1,1
2022,29,061,,,,,,
2022,29,063,,,,,,
2022,29,065,53,52,54,0.0251542477,1,1
2022,29,067,27,27,27,0.0194945848,3,3
2022,29,069,104,104,104,0.0243959653,1,1
2022,29,071,440,439,441,0.0287206266,1,1
2022,29,073,150,150,150,0.0567322239,1,1
2022,29,075,,,,,,
2022,29,077,1951,1951,1951,0.0532057051,1,1
2022,29,079,,,,,,
2022,29,081,10,10,10,0.0096432015,3,3
2022,29,083,68,67,69,0.0240282686,1,1
2022,29,085,50,50,50,0.0535905681,1,1
2022,29,087,,,,,,
2022,29,089,29,28,30,0.0207290922,3,3
2022,29,091,250,249,251,0.0469043152,1,1
2022,29,093,55,55,55,0.0382741823,1,1
2022,29,095,4409,4408,4410,0.0418732311,1,1
2022,29,097,1403,1403,1403,0.0637495456,1,1
2022,29,099,718,718,718,0.0206731738,1,1
2022,29,101,358,358,358,0.0458680333,1,1
2022,29,103,24,24,24,0.0488798371,3,3
2022,29,105,354,354,354,0.0602450647,1,1
2022,29,107,191,191,191,0.036723707,1,1
2022,29,109,302,301,303,0.052140884,1,1
2022,29,111,45,45,45,0.0319602273,1,1
2022,29,113,152,152,152,0.0154502948,1,1
2022,29,115,40,40,40,0.022688599,1,1
2022,29,117,44,44,44,0.0233669676,1,1
2022,29,119,335,335,335,0.0951164111,1,1
2022,29,121,23,22,24,0.0132564841,3,3
2022,29,123,10,10,10,0.0052576236,3,3
2022,29,125,40,40,40,0.0340136054,1,1
2022,29,127,110,110,110,0.0230463021,1,1
2022,29,129,,,,,,
2022,29,131,87,85,89,0.0167856454,1,1
2022,29,133,107,107,107,0.0591814159,1,1
2022,29,135,41,41,41,0.0208863984,1,1
2022,29,137,15,14,16,0.0106232295,3,3
2022,29,139,68,68,68,0.0466392318,1,1
2022,29,141,173,173,173,0.0814884597,1,1
2022,29,143,21,21,21,0.0237825595,3,3
2022,29,145,218,218,218,0.0249000571,1,1
2022,29,147,,,,,,
2022,29,149,103,103,103,0.0640945862,1,1
2022,29,151,,,,,,
2022,29,153,39,37,41,0.0324189526,3,3
2022,29,155,46,45,47,0.0214053048,1,1
2022,29,157,100,100,100,0.046641791,1,1
2022,29,159,1016,1016,1016,0.1518684604,1,1
2022,29,161,147,147,147,0.0235992936,1,1
2022,29,163,98,98,98,0.0392470965,1,1
2022,29,165,213,213,213,0.012530886,1,1
2022,29,167,126,126,126,0.0247933884,1,1
2022,29,169,98,98,98,0.0110062893,1,1
2022,29,171,,,,,,
2022,29,173,22,22,22,0.0263788969,3,3
2022,29,175,212,211,213,0.0620608899,1,1
2022,29,177,73,73,73,0.0351130351,1,1
2022,29,179,20,19,21,0.0279329609,3,3
2022,29,181,176,175,177,0.0855199223,1,1
2022,29,183,616,616,616,0.0103715926,1,1
2022,29,185,,,,,,
2022,29,186,71,71,71,0.0391184573,1,1
2022,29,187,374,374,374,0.0367206676,1,1
2022,29,189,7543,7543,7543,0.0557493607,1,1
2022,29,195,260,259,261,0.077867625,1,1
2022,29,197,18,18,18,0.0302013423,3,3
2022,29,199,,,,,,
2022,29,201,175,174,176,0.0294068224,1,1
2022,29,203,71,71,71,0.0476510067,1,1
2022,29,205,13,13,13,0.0187590188,3,3
2022,29,207,136,135,137,0.0295845116,1,1
2022,29,209,268,267,269,0.0762880729,1,1
2022,29,211,57,57,57,0.0872894334,1,1
2022,29,213,898,898,898,0.1186418285,1,1
2022,29,215,74,73,75,0.0202407002,1,1
2022,29,217,50,50,50,0.0183351669,1,1
2022,29,219,105,105,105,0.021631644,1,1
2022,29,221,209,208,210,0.0620546318,1,1
2022,29,223,,,,,,
2022,29,225,186,185,187,0.0258189895,1,1
2022,29,227,,,,,,
2022,29,229,95,95,95,0.0329061309,1,1
2022,29,510,3647,3646,3648,0.121570719,1,1
2022,30,001,,,,,,
2022,30,003,189,188,190,0.0923753666,1,1
2022,30,005,131,130,132,0.1320564516,1,1
2022,30,007,28,28,28,0.0396600567,3,3
2022,30,009,,,,,,
2022,30,011,,,,,,
2022,30,013,482,478,486,0.0447082831,1,1
2022,30,015,,,,,,
2022,30,017,21,21,21,0.0145027624,3,3
2022,30,019,,,,,,
2022,30,021,11,10,12,0.0097777778,3,3
2022,30,023,30,30,30,0.0293829579,1,1
2022,30,025,,,,,,
2022,30,027,24,22,26,0.0164835165,3,3
2022,30,029,590,586,594,0.043353663,1,1
2022,30,031,236,233,239,0.0186119874,1,1
2022,30,033,,,,,,
2022,30,035,230,230,230,0.0882240123,1,1
2022,30,037,,,,,,
2022,30,039,,,,,,
2022,30,041,,,,,,
2022,30,043,,,,,,
2022,30,045,,,,,,
2022,30,047,408,406,410,0.0939875605,1,1
2022,30,049,363,362,364,0.0374574347,1,1
2022,30,051,,,,,,
2022,30,053,49,48,50,0.0204763895,1,1
2022,30,055,,,,,,
2022,30,057,,,,,,
2022,30,059,24,24,24,0.1297297297,3,3
2022,30,061,75,75,75,0.1121076233,1,1
2022,30,063,553,551,555,0.0393958823,1,1
2022,30,065,41,40,42,0.062215478,1,1
2022,30,067,39,38,40,0.0267123288,2,2
2022,30,069,,,,,,
2022,30,071,,,,,,
2022,30,073,16,16,16,0.0227596017,3,3
2022,30,075,,,,,,
2022,30,077,11,11,11,0.0179738562,3,3
2022,30,079,,,,,,
2022,30,081,166,166,166,0.0309412861,1,1
2022,30,083,44,43,45,0.0285528877,1,1
2022,30,085,76,75,77,0.043157297,1,1
2022,30,087,320,319,321,0.2366863905,1,1
2022,30,089,18,16,20,0.0210035006,3,3
2022,30,091,,,,,,
2022,30,093,114,114,114,0.0266168573,1,1
2022,30,095,,,,,,
2022,30,097,,,,,,
2022,30,099,,,,,,
2022,30,101,31,30,32,0.0488188976,2,2
2022,30,103,,,,,,
2022,30,105,,,,,,
2022,30,107,,,,,,
2022,30,109,,,,,,
2022,30,111,649,647,651,0.0287575328,1,1
2022,31,001,106,106,106,0.0290889133,1,1
2022,31,003,,,,,,
2022,31,005,,,,,,
2022,31,007,,,,,,
2022,31,009,,,,,,
2022,31,011,,,,,,
2022,31,013,,,,,,
2022,31,015,,,,,,
2022,31,017,,,,,,
2022,31,019,106,106,106,0.0172301691,1,1
2022,31,021,,,,,,
2022,31,023,,,,,,
2022,31,025,12,12,12,0.0079787234,3,3
2022,31,027,,,,,,
2022,31,029,,,,,,
2022,31,031,,,,,,
2022,31,033,,,,,,
2022,31,035,49,49,49,0.068627451,1,1
2022,31,037,,,,,,
2022,31,039,,,,,,
2022,31,041,,,,,,
2022,31,043,79,79,79,0.0208828972,1,1
2022,31,045,,,,,,
2022,31,047,272,272,272,0.0652278177,1,1
2022,31,049,,,,,,
2022,31,051,,,,,,
2022,31,053,77,75,79,0.0120444236,2,2
2022,31,055,815,814,816,0.0083687594,1,1
2022,31,057,,,,,,
2022,31,059,,,,,,
2022,31,061,,,,,,
2022,31,063,,,,,,
2022,31,065,,,,,,
2022,31,067,,,,,,
2022,31,069,,,,,,
2022,31,071,,,,,,
2022,31,073,,,,,,
2022,31,075,,,,,,
2022,31,077,,,,,,
2022,31,079,475,475,475,0.0475475475,1,1
2022,31,081,,,,,,
2022,31,083,,,,,,
2022,31,085,,,,,,
2022,31,087,,,,,,
2022,31,089,,,,,,
2022,31,091,,,,,,
2022,31,093,,,,,,
2022,31,095,,,,,,
2022,31,097,,,,,,
2022,31,099,,,,,,
2022,31,101,,,,,,
2022,31,103,,,,,,
2022,31,105,,,,,,
2022,31,107,21,20,22,0.0290055249,3,3
2022,31,109,732,732,732,0.0166306941,1,1
2022,31,111,55,55,55,0.0145425701,1,1
2022,31,113,,,,,,
2022,31,115,,,,,,
2022,31,117,,,,,,
2022,31,119,26,25,27,0.0051373246,3,3
2022,31,121,,,,,,
2022,31,123,,,,,,
2022,31,125,,,,,,
2022,31,127,,,,,,
2022,31,129,,,,,,
2022,31,131,,,,,,
2022,31,133,,,,,,
2022,31,135,,,,,,
2022,31,137,,,,,,
2022,31,139,,,,,,
2022,31,141,143,143,143,0.028244124,1,1
2022,31,143,,,,,,
2022,31,145,,,,,,
2022,31,147,,,,,,
2022,31,149,,,,,,
2022,31,151,305,304,306,0.1229343007,1,1
2022,31,153,187,186,188,0.0066647658,1,1
2022,31,155,,,,,,
2022,31,157,98,98,98,0.0176831469,1,1
2022,31,159,,,,,,
2022,31,161,,,,,,
2022,31,163,,,,,,
2022,31,165,,,,,,
2022,31,167,,,,,,
2022,31,169,,,,,,
2022,31,171,,,,,,
2022,31,173,,,,,,
2022,31,175,,,,,,
2022,31,177,,,,,,
2022,31,179,,,,,,
2022,31,181,,,,,,
2022,31,183,,,,,,
2022,31,185,11,11,11,0.0067901235,3,3
2022,32,001,124,124,124,0.0365350619,1,1
2022,32,003,12530,12530,12530,0.0398605358,1,1
2022,32,005,82,82,82,0.0153817295,1,1
2022,32,007,94,94,94,0.0092419624,1,1
2022,32,009,,,,,,
2022,32,011,,,,,,
2022,32,013,132,132,132,0.039651547,1,1
2022,32,015,40,40,40,0.0377714825,1,1
2022,32,017,,,,,,
2022,32,019,301,301,301,0.0331315355,1,1
2022,32,021,34,34,34,0.0554649266,1,1
2022,32,023,435,434,436,0.0739418664,1,1
2022,32,027,61,61,61,0.0920060332,1,1
2022,32,029,,,,,,
2022,32,031,2001,2000,2002,0.0307293026,1,1
2022,32,033,36,36,36,0.0272314675,1,1
2022,32,510,1431,1431,1431,0.0212339744,1,1
2022,33,001,198,198,198,0.025433526,1,1
2022,33,003,225,223,227,0.0422614576,1,1
2022,33,005,202,194,210,0.0254024145,2,2
2022,33,007,87,84,90,0.0272215269,2,2
2022,33,009,227,222,232,0.0269021095,1,1
2022,33,011,1361,1351,1371,0.0268871372,1,1
2022,33,013,343,340,346,0.0197831353,1,1
2022,33,015,511,505,517,0.0138070792,1,1
2022,33,017,339,338,340,0.0244465277,1,1
2022,33,019,134,130,138,0.0270652393,2,2
2022,34,001,766,760,772,0.0178796508,1,1
2022,34,003,871,834,908,0.0064635341,2,2
2022,34,005,1072,1059,1085,0.0155103812,1,1
2022,34,007,1403,1396,1410,0.016680934,1,1
2022,34,009,368,362,374,0.0311494837,1,1
2022,34,011,623,615,631,0.0214968428,1,1
2022,34,013,1097,1071,1123,0.0075021884,1,1
2022,34,015,630,623,637,0.0135387789,1,1
2022,34,017,867,854,880,0.0094783103,1,1
2022,34,019,70,54,86,0.0039644334,3,3
2022,34,021,721,708,734,0.0113686534,1,1
2022,34,023,1269,1264,1274,0.009953878,1,1
2022,34,025,1023,999,1047,0.0110317905,1,1
2022,34,027,344,321,367,0.0046886287,3,3
2022,34,029,850,844,856,0.0126476803,1,1
2022,34,031,1096,1083,1109,0.0126532591,1,1
2022,34,033,249,243,255,0.0224021592,1,1
2022,34,035,406,399,413,0.0077211266,1,1
2022,34,037,132,118,146,0.0067168736,3,3
2022,34,039,873,861,885,0.0086901989,1,1
2022,34,041,194,180,208,0.0124025061,3,3
2022,35,001,2707,2699,2715,0.0305886075,1,1
2022,35,003,53,53,53,0.1941391941,1,1
2022,35,005,188,188,188,0.0176542398,1,1
2022,35,006,53,49,57,0.0131906421,3,3
2022,35,007,46,46,46,0.0339233038,1,1
2022,35,009,135,134,136,0.0164333536,1,1
2022,35,011,33,33,33,0.1208791209,1,1
2022,35,013,1470,1470,1470,0.0386943933,1,1
2022,35,015,445,445,445,0.0387934792,1,1
2022,35,017,99,99,99,0.0284646348,1,1
2022,35,019,20,20,20,0.0331674959,3,3
2022,35,021,,,,,,
2022,35,023,64,64,64,0.112084063,1,1
2022,35,025,259,259,259,0.0183714002,1,1
2022,35,027,120,117,123,0.0466562986,2,2
2022,35,028,,,,,,
2022,35,029,299,299,299,0.0557212076,1,1
2022,35,031,400,391,409,0.026914278,1,1
2022,35,033,34,34,34,0.07852194,1,1
2022,35,035,191,188,194,0.0255860683,1,1
2022,35,037,82,82,82,0.0607857672,1,1
2022,35,039,159,156,162,0.036484626,1,1
2022,35,041,15,14,16,0.0049883605,3,3
2022,35,043,444,439,449,0.0200315813,1,1
2022,35,045,1231,1220,1242,0.0548036684,1,1
2022,35,047,97,97,97,0.0296817625,1,1
2022,35,049,802,797,807,0.0413551281,1,1
2022,35,051,121,121,121,0.094017094,1,1
2022,35,053,106,105,107,0.0518084066,1,1
2022,35,055,210,209,211,0.0669002867,1,1
2022,35,057,279,279,279,0.0972125436,1,1
2022,35,059,10,10,10,0.0194174757,3,3
2022,35,061,456,456,456,0.0366500563,1,1
2022,36,001,1310,1308,1312,0.0335055502,1,1
2022,36,003,87,86,88,0.0178059763,1,1
2022,36,005,40468,40467,40469,0.1974925455,1,1
2022,36,007,834,834,834,0.0330755503,1,1
2022,36,009,171,170,172,0.0150158061,1,1
2022,36,011,247,247,247,0.0353817505,1,1
2022,36,013,380,378,382,0.0223411135,1,1
2022,36,015,231,231,231,0.0220293725,1,1
2022,36,017,141,141,141,0.0233443709,1,1
2022,36,019,280,280,280,0.0268250623,1,1
2022,36,021,158,158,158,0.0254387377,1,1
2022,36,023,97,96,98,0.0184025802,1,1
2022,36,025,40,40,40,0.014587892,1,1
2022,36,027,853,852,854,0.0228166377,1,1
2022,36,029,2525,2524,2526,0.0209754193,1,1
2022,36,031,34,34,34,0.015104398,1,1
2022,36,033,152,151,153,0.0216339311,1,1
2022,36,035,176,176,176,0.0243295549,1,1
2022,36,037,164,162,166,0.023644752,1,1
2022,36,039,98,98,98,0.0184975462,1,1
2022,36,041,,,,,,
2022,36,043,57,55,59,0.0067808708,2,2
2022,36,045,394,391,397,0.025749951,1,1
2022,36,047,37133,37133,37133,0.1249659257,1,1
2022,36,049,43,42,44,0.0136291601,1,1
2022,36,051,201,201,201,0.0306542626,1,1
2022,36,053,149,148,150,0.0182934316,1,1
2022,36,055,3394,3392,3396,0.0331309424,1,1
2022,36,057,241,241,241,0.0321633525,1,1
2022,36,059,2296,2291,2301,0.0119731751,1,1
2022,36,061,25496,25496,25496,0.1661951633,1,1
2022,36,063,773,771,775,0.0283909355,1,1
2022,36,065,622,620,624,0.022392627,1,1
2022,36,067,2675,2674,2676,0.04019353,1,1
2022,36,069,399,398,400,0.0263627354,1,1
2022,36,071,1867,1867,1867,0.0323940729,1,1
2022,36,073,138,138,138,0.0251046025,1,1
2022,36,075,1064,1064,1064,0.0584037765,1,1
2022,36,077,83,79,87,0.0153108283,3,3
2022,36,079,61,60,62,0.0047089702,1,1
2022,36,081,32808,32808,32808,0.1224361845,1,1
2022,36,083,665,665,665,0.0351090228,1,1
2022,36,085,3266,3266,3266,0.0516657702,1,1
2022,36,087,1961,1961,1961,0.0489234838,1,1
2022,36,089,460,459,461,0.0324721163,1,1
2022,36,091,534,533,535,0.0167729371,1,1
2022,36,093,608,607,609,0.0298448851,1,1
2022,36,095,56,55,57,0.0172892868,1,1
2022,36,097,14,13,15,0.0071611253,3,3
2022,36,099,139,139,139,0.0355680655,1,1
2022,36,101,420,420,420,0.0333730632,1,1
2022,36,103,4112,4109,4115,0.0185204369,1,1
2022,36,105,467,467,467,0.0493709694,1,1
2022,36,107,86,84,88,0.0140868141,1,1
2022,36,109,321,321,321,0.0313354159,1,1
2022,36,111,747,747,747,0.0356665393,1,1
2022,36,113,326,326,326,0.0438172043,1,1
2022,36,115,232,231,233,0.0289060553,1,1
2022,36,117,372,372,372,0.0300072598,1,1
2022,36,119,2146,2139,2153,0.0176073383,1,1
2022,36,121,43,42,44,0.0111950013,1,1
2022,36,123,30,30,30,0.01565762,1,1
2022,37,001,544,543,545,0.0229477769,1,1
2022,37,003,99,99,99,0.021878453,1,1
2022,37,005,61,61,61,0.0429275158,1,1
2022,37,007,75,75,75,0.0253036437,1,1
2022,37,009,169,169,169,0.0616113744,1,1
2022,37,011,77,77,77,0.0404411765,1,1
2022,37,013,79,79,79,0.0132217573,1,1
2022,37,015,34,34,34,0.0185690879,1,1
2022,37,017,146,146,146,0.0353425321,1,1
2022,37,019,242,241,243,0.0166231625,1,1
2022,37,021,877,874,880,0.0306022751,1,1
2022,37,023,113,112,114,0.0091832588,1,1
2022,37,025,837,836,838,0.0198327133,1,1
2022,37,027,191,190,192,0.0174492965,1,1
2022,37,029,21,21,21,0.0109375,3,3
2022,37,031,166,166,166,0.0205420121,1,1
2022,37,033,10,10,10,0.0044444444,3,3
2022,37,035,273,273,273,0.012181518,1,1
2022,37,037,333,333,333,0.0364771607,1,1
2022,37,039,25,25,25,0.0079465989,3,3
2022,37,041,41,41,41,0.0213875848,1,1
2022,37,043,28,28,28,0.0213089802,3,3
2022,37,045,393,393,393,0.0252928305,1,1
2022,37,047,87,86,88,0.0103707236,1,1
2022,37,049,79,79,79,0.0061936495,1,1
2022,37,051,846,844,848,0.0164233577,1,1
2022,37,053,73,73,73,0.0160157964,1,1
2022,37,055,95,95,95,0.0183362285,1,1
2022,37,057,425,425,425,0.0183260748,1,1
2022,37,059,120,120,120,0.0196270854,1,1
2022,37,061,141,141,141,0.0142352347,1,1
2022,37,063,1243,1243,1243,0.0289527625,1,1
2022,37,065,69,69,69,0.0127329766,1,1
2022,37,067,1054,1053,1055,0.0192121908,1,1
2022,37,069,191,191,191,0.0241863999,1,1
2022,37,071,621,620,622,0.0192629816,1,1
2022,37,073,22,22,22,0.0146960588,3,3
2022,37,075,17,17,17,0.0148992112,3,3
2022,37,077,138,138,138,0.0181602842,1,1
2022,37,079,114,114,114,0.0427286357,1,1
2022,37,081,3109,3106,3112,0.0401954827,1,1
2022,37,083,255,254,256,0.0386832524,1,1
2022,37,085,279,279,279,0.013915212,1,1
2022,37,087,253,253,253,0.0383043149,1,1
2022,37,089,349,348,350,0.026013715,1,1
2022,37,091,,,,,,
2022,37,093,104,104,104,0.0116591928,1,1
2022,37,095,14,14,14,0.0294736842,3,3
2022,37,097,414,413,415,0.0138207311,1,1
2022,37,099,98,98,98,0.0275513073,1,1
2022,37,101,563,563,563,0.0148294482,1,1
2022,37,103,50,50,50,0.0468603561,1,1
2022,37,105,382,382,382,0.0397213268,1,1
2022,37,107,71,71,71,0.0083637649,1,1
2022,37,109,75,75,75,0.0053987907,1,1
2022,37,111,388,388,388,0.0671745152,1,1
2022,37,113,61,61,61,0.0137078652,1,1
2022,37,115,28,28,28,0.0132827324,3,3
2022,37,117,43,43,43,0.0163125948,1,1
2022,37,119,5008,5005,5011,0.0318441367,1,1
2022,37,121,25,25,25,0.0145180023,3,3
2022,37,123,115,114,116,0.0300496472,1,1
2022,37,125,268,268,268,0.020602706,1,1
2022,37,127,393,393,393,0.0253695694,1,1
2022,37,129,1206,1205,1207,0.0455885688,1,1
2022,37,131,31,31,31,0.0120294917,1,1
2022,37,133,351,351,351,0.0125267666,1,1
2022,37,135,209,208,210,0.0109252483,1,1
2022,37,137,41,41,41,0.0237268519,1,1
2022,37,139,140,139,141,0.0250447227,1,1
2022,37,141,132,132,132,0.0120647107,1,1
2022,37,143,108,108,108,0.0648648649,1,1
2022,37,145,70,70,70,0.0138285263,1,1
2022,37,147,392,392,392,0.0158026284,1,1
2022,37,149,21,21,21,0.0096952909,3,3
2022,37,151,364,363,365,0.0167927662,1,1
2022,37,153,185,185,185,0.0277029051,1,1
2022,37,155,301,301,301,0.014194096,1,1
2022,37,157,148,148,148,0.0128383067,1,1
2022,37,159,235,235,235,0.0128943759,1,1
2022,37,161,333,332,334,0.0417869243,1,1
2022,37,163,175,175,175,0.0158773362,1,1
2022,37,165,108,108,108,0.0192034139,1,1
2022,37,167,162,161,163,0.01724505,1,1
2022,37,169,48,48,48,0.0085622547,1,1
2022,37,171,147,147,147,0.0141414141,1,1
2022,37,173,33,31,35,0.0101726264,3,3
2022,37,175,95,95,95,0.0286835749,1,1
2022,37,177,,,,,,
2022,37,179,355,355,355,0.0079443226,1,1
2022,37,181,200,200,200,0.0379578668,1,1
2022,37,183,5107,5105,5109,0.031042196,1,1
2022,37,185,123,123,123,0.0682953914,1,1
2022,37,187,10,10,10,0.009057971,3,3
2022,37,189,43,43,43,0.0087433916,1,1
2022,37,191,203,202,204,0.0107692308,1,1
2022,37,193,296,296,296,0.0341289058,1,1
2022,37,195,280,280,280,0.0227883129,1,1
2022,37,197,84,84,84,0.0160213618,1,1
2022,37,199,18,18,18,0.0088321884,3,3
2022,38,001,,,,,,
2022,38,003,,,,,,
2022,38,005,57,55,59,0.0472636816,2,2
2022,38,007,,,,,,
2022,38,009,,,,,,
2022,38,011,,,,,,
2022,38,013,,,,,,
2022,38,015,333,332,334,0.023675791,1,1
2022,38,017,537,535,539,0.0200725152,1,1
2022,38,019,,,,,,
2022,38,021,,,,,,
2022,38,023,,,,,,
2022,38,025,,,,,,
2022,38,027,,,,,,
2022,38,029,,,,,,
2022,38,031,,,,,,
2022,38,033,,,,,,
2022,38,035,89,87,91,0.0112458934,1,1
2022,38,037,,,,,,
2022,38,039,,,,,,
2022,38,041,,,,,,
2022,38,043,,,,,,
2022,38,045,,,,,,
2022,38,047,,,,,,
2022,38,049,,,,,,
2022,38,051,,,,,,
2022,38,053,351,350,352,0.1386803635,1,1
2022,38,055,14,12,16,0.0201149425,3,3
2022,38,057,,,,,,
2022,38,059,26,24,28,0.0053431977,3,3
2022,38,061,,,,,,
2022,38,063,,,,,,
2022,38,065,,,,,,
2022,38,067,,,,,,
2022,38,069,,,,,,
2022,38,071,82,82,82,0.0472078296,1,1
2022,38,073,,,,,,
2022,38,075,,,,,,
2022,38,077,60,59,61,0.0399733511,1,1
2022,38,079,143,141,145,0.0322435175,1,1
2022,38,081,,,,,,
2022,38,083,,,,,,
2022,38,085,241,241,241,0.2639649507,1,1
2022,38,087,,,,,,
2022,38,089,83,83,83,0.0190366972,1,1
2022,38,091,,,,,,
2022,38,093,21,21,21,0.0088309504,3,3
2022,38,095,,,,,,
2022,38,097,,,,,,
2022,38,099,,,,,,
2022,38,101,157,155,159,0.0191697192,1,1
2022,38,103,,,,,,
2022,38,105,310,309,311,0.0496476618,1,1
2022,39,001,,,,,,
2022,39,003,122,118,126,0.010498236,2,2
2022,39,005,79,78,80,0.0134743305,1,1
2022,39,007,314,312,316,0.0248005687,1,1
2022,39,009,135,135,135,0.0194580571,1,1
2022,39,011,62,62,62,0.0113179993,1,1
2022,39,013,116,114,118,0.0145692037,1,1
2022,39,015,66,66,66,0.0272052762,1,1
2022,39,017,941,939,943,0.0165258777,1,1
2022,39,019,15,15,15,0.0064157399,3,3
2022,39,021,152,151,153,0.0237722865,1,1
2022,39,023,435,434,436,0.0217663247,1,1
2022,39,025,176,175,177,0.0067833192,1,1
2022,39,027,44,43,45,0.0068567867,1,1
2022,39,029,50,47,53,0.0065867475,3,3
2022,39,031,71,70,72,0.0153347732,1,1
2022,39,033,65,65,65,0.0144444444,1,1
2022,39,035,3927,3912,3942,0.0254670912,1,1
2022,39,037,50,49,51,0.0082960013,1,1
2022,39,039,28,28,28,0.0071850141,3,3
2022,39,041,144,144,144,0.004057824,1,1
2022,39,043,231,229,233,0.0194706676,1,1
2022,39,045,266,266,266,0.0106230032,1,1
2022,39,047,165,165,165,0.0359085963,1,1
2022,39,049,3665,3655,3675,0.0190568795,1,1
2022,39,051,51,50,52,0.0071378586,1,1
2022,39,053,196,196,196,0.0421324162,1,1
2022,39,055,64,63,65,0.0067624683,1,1
2022,39,057,430,427,433,0.0199120167,1,1
2022,39,059,187,187,187,0.042098154,1,1
2022,39,061,3956,3952,3960,0.0360097944,1,1
2022,39,063,112,111,113,0.012567325,1,1
2022,39,065,18,17,19,0.0058460539,3,3
2022,39,067,,,,,,
2022,39,069,56,55,57,0.0144702842,1,1
2022,39,071,351,351,351,0.0513383063,1,1
2022,39,073,107,107,107,0.0302259887,1,1
2022,39,075,18,18,18,0.0054347826,3,3
2022,39,077,75,74,76,0.0079465989,1,1
2022,39,079,37,35,39,0.0078323455,3,3
2022,39,081,69,69,69,0.0145815723,1,1
2022,39,083,79,77,81,0.011828118,2,2
2022,39,085,249,248,250,0.0090018438,1,1
2022,39,087,59,57,61,0.0082737344,2,2
2022,39,089,393,393,393,0.0135854535,1,1
2022,39,091,97,97,97,0.020950324,1,1
2022,39,093,294,287,301,0.0068121785,1,1
2022,39,095,2912,2905,2919,0.041248796,1,1
2022,39,097,63,63,63,0.0089273062,1,1
2022,39,099,450,445,455,0.021761207,1,1
2022,39,101,377,376,378,0.0323189027,1,1
2022,39,103,122,121,123,0.0055086468,1,1
2022,39,105,90,89,91,0.0292587776,1,1
2022,39,107,13,12,14,0.0029947017,3,3
2022,39,109,299,297,301,0.0197790567,1,1
2022,39,111,139,139,139,0.0714285714,1,1
2022,39,113,1172,1164,1180,0.0167848192,1,1
2022,39,115,64,64,64,0.0383693046,1,1
2022,39,117,111,110,112,0.0228019721,1,1
2022,39,119,241,241,241,0.0205508655,1,1
2022,39,121,57,57,57,0.0340095465,1,1
2022,39,123,26,26,26,0.0090845563,3,3
2022,39,125,14,13,15,0.0048109966,3,3
2022,39,127,80,80,80,0.0142704245,1,1
2022,39,129,204,204,204,0.0211574362,1,1
2022,39,131,,,,,,
2022,39,133,172,169,175,0.010146894,1,1
2022,39,135,40,39,41,0.0070808993,2,2
2022,39,137,24,24,24,0.0089786756,3,3
2022,39,139,562,558,566,0.0316958998,1,1
2022,39,141,692,691,693,0.0709089046,1,1
2022,39,143,169,169,169,0.0225153211,1,1
2022,39,145,161,158,164,0.0208225556,1,1
2022,39,147,68,68,68,0.0165249089,1,1
2022,39,149,75,73,77,0.0137614679,2,2
2022,39,151,826,825,827,0.0157093952,1,1
2022,39,153,1773,1770,1776,0.0263224312,1,1
2022,39,155,326,320,332,0.015278624,1,1
2022,39,157,338,336,340,0.0236827354,1,1
2022,39,159,26,26,26,0.003923936,3,3
2022,39,161,,,,,,
2022,39,163,,,,,,
2022,39,165,218,217,219,0.0056075728,1,1
2022,39,167,143,143,143,0.0191202032,1,1
2022,39,169,217,216,218,0.0175907912,1,1
2022,39,171,66,65,67,0.0128755365,1,1
2022,39,173,189,188,190,0.0105793451,1,1
2022,39,175,,,,,,
2022,40,001,176,175,177,0.063698878,1,1
2022,40,003,,,,,,
2022,40,005,433,433,433,0.2048249763,1,1
2022,40,007,,,,,,
2022,40,009,66,64,68,0.0182169473,2,2
2022,40,011,37,36,38,0.0235969388,2,2
2022,40,013,419,419,419,0.0601925011,1,1
2022,40,015,130,130,130,0.0526742301,1,1
2022,40,017,292,292,292,0.0091610717,1,1
2022,40,019,328,327,329,0.0413827908,1,1
2022,40,021,380,379,381,0.0613496933,1,1
2022,40,023,70,70,70,0.2310231023,1,1
2022,40,025,,,,,,
2022,40,027,577,576,578,0.0129293925,1,1
2022,40,029,33,33,33,0.0359085963,1,1
2022,40,031,1206,1205,1207,0.0630720151,1,1
2022,40,033,,,,,,
2022,40,035,75,75,75,0.0567751703,1,1
2022,40,037,424,424,424,0.049544286,1,1
2022,40,039,209,209,209,0.0422905706,1,1
2022,40,041,211,211,211,0.0517791411,1,1
2022,40,043,10,10,10,0.0248138958,3,3
2022,40,045,,,,,,
2022,40,047,179,179,179,0.0188540131,1,1
2022,40,049,123,122,124,0.0303478905,1,1
2022,40,051,216,213,219,0.0266633749,1,1
2022,40,053,,,,,,
2022,40,055,11,11,11,0.0170807453,3,3
2022,40,057,,,,,,
2022,40,059,,,,,,
2022,40,061,,,,,,
2022,40,063,116,116,116,0.0651319483,1,1
2022,40,065,175,175,175,0.044125063,1,1
2022,40,067,60,59,61,0.0923076923,1,1
2022,40,069,163,162,164,0.1464510332,1,1
2022,40,071,106,106,106,0.0161413126,1,1
2022,40,073,10,10,10,0.0074962519,3,3
2022,40,075,85,85,85,0.0590687978,1,1
2022,40,077,22,22,22,0.0248587571,3,3
2022,40,079,229,228,230,0.0384615385,1,1
2022,40,081,19,17,21,0.0076305221,3,3
2022,40,083,,,,,,
2022,40,085,58,57,59,0.0335066436,1,1
2022,40,087,71,70,72,0.0113219582,1,1
2022,40,089,315,315,315,0.0747863248,1,1
2022,40,091,221,221,221,0.0838073568,1,1
2022,40,093,,,,,,
2022,40,095,373,373,373,0.1231836196,1,1
2022,40,097,546,544,548,0.0789702054,1,1
2022,40,099,120,120,120,0.0508259212,1,1
2022,40,101,832,832,832,0.0763022744,1,1
2022,40,103,16,16,16,0.0265339967,3,3
2022,40,105,27,26,28,0.0266272189,3,3
2022,40,107,22,22,22,0.0198735321,3,3
2022,40,109,8059,8057,8061,0.0521874838,1,1
2022,40,111,186,186,186,0.0417040359,1,1
2022,40,113,165,164,166,0.0706335616,1,1
2022,40,115,216,214,218,0.0431568432,1,1
2022,40,117,26,26,26,0.0161090458,3,3
2022,40,119,171,171,171,0.0175007676,1,1
2022,40,121,270,269,271,0.0445103858,1,1
2022,40,123,289,288,290,0.0499827049,1,1
2022,40,125,580,578,582,0.064194798,1,1
2022,40,127,50,50,50,0.0366032211,1,1
2022,40,129,,,,,,
2022,40,131,503,502,504,0.0473634652,1,1
2022,40,133,354,354,354,0.109529703,1,1
2022,40,135,80,80,80,0.0302800908,1,1
2022,40,137,223,221,225,0.0442109437,1,1
2022,40,139,411,411,411,0.1378269618,1,1
2022,40,141,10,10,10,0.0096711799,3,3
2022,40,143,2783,2781,2785,0.0238869767,1,1
2022,40,145,254,254,254,0.0410538225,1,1
2022,40,147,172,172,172,0.0182803699,1,1
2022,40,149,,,,,,
2022,40,151,31,31,31,0.0239567233,1,1
2022,40,153,153,153,153,0.0463776902,1,1
2022,41,001,213,212,214,0.045022194,1,1
2022,41,003,443,443,443,0.0500225836,1,1
2022,41,005,811,811,811,0.0143283688,1,1
2022,41,007,218,218,218,0.0745299145,1,1
2022,41,009,244,244,244,0.0340449281,1,1
2022,41,011,681,681,681,0.0749422252,1,1
2022,41,013,101,101,101,0.0308679707,1,1
2022,41,015,125,125,125,0.0607681089,1,1
2022,41,017,713,713,713,0.0278678913,1,1
2022,41,019,554,554,554,0.0401013391,1,1
2022,41,021,33,33,33,0.22,1,1
2022,41,023,44,42,46,0.0356275304,2,2
2022,41,025,21,20,22,0.0280748663,3,3
2022,41,027,68,68,68,0.0177592061,1,1
2022,41,029,2174,2174,2174,0.0698900534,1,1
2022,41,031,74,74,74,0.0211670481,1,1
2022,41,033,736,736,736,0.071755874,1,1
2022,41,035,580,580,580,0.0591715976,1,1
2022,41,037,44,44,44,0.0448065173,1,1
2022,41,039,2198,2197,2199,0.0513683423,1,1
2022,41,041,703,703,703,0.1372510738,1,1
2022,41,043,1104,1104,1104,0.0523893133,1,1
2022,41,045,370,370,370,0.0707727621,1,1
2022,41,047,2155,2154,2156,0.0342672688,1,1
2022,41,049,141,141,141,0.0608283003,1,1
2022,41,051,3298,3298,3298,0.0391849344,1,1
2022,41,053,104,104,104,0.0158802871,1,1
2022,41,055,,,,,,
2022,41,057,170,170,170,0.0508373206,1,1
2022,41,059,272,270,274,0.0203486197,1,1
2022,41,061,126,125,127,0.0358872116,1,1
2022,41,063,27,27,27,0.0307167235,3,3
2022,41,065,101,101,101,0.0297583972,1,1
2022,41,067,3005,3005,3005,0.0392272045,1,1
2022,41,069,49,49,49,0.0174688057,1,1
2022,41,071,563,563,563,0.0368070084,1,1
2022,42,001,240,240,240,0.0182940773,1,1
2022,42,003,2693,2692,2694,0.0191820047,1,1
2022,42,005,166,166,166,0.0241384325,1,1
2022,42,007,845,841,849,0.026968372,1,1
2022,42,009,136,135,137,0.0261036468,1,1
2022,42,011,1796,1796,1796,0.0270518594,1,1
2022,42,013,421,420,422,0.0258013115,1,1
2022,42,015,214,214,214,0.0247599213,1,1
2022,42,017,1133,1133,1133,0.0137675436,1,1
2022,42,019,478,478,478,0.0189742775,1,1
2022,42,021,344,344,344,0.0210848912,1,1
2022,42,023,14,14,14,0.0323325635,3,3
2022,42,025,59,59,59,0.0070013053,1,1
2022,42,027,230,229,231,0.0181016842,1,1
2022,42,029,1933,1933,1933,0.0228370923,1,1
2022,42,031,169,169,169,0.0329434698,1,1
2022,42,033,207,207,207,0.0208207604,1,1
2022,42,035,77,77,77,0.019395466,1,1
2022,42,037,79,79,79,0.0122423679,1,1
2022,42,039,252,252,252,0.0270328256,1,1
2022,42,041,528,528,528,0.0186836518,1,1
2022,42,043,2156,2155,2157,0.0331274392,1,1
2022,42,045,1649,1648,1650,0.0216651558,1,1
2022,42,047,107,107,107,0.0335844319,1,1
2022,42,049,841,841,841,0.0231591122,1,1
2022,42,051,225,225,225,0.0151372443,1,1
2022,42,053,52,52,52,0.1424657534,1,1
2022,42,055,595,595,595,0.0261274316,1,1
2022,42,057,35,35,35,0.0176589304,1,1
2022,42,059,51,51,51,0.0130501535,1,1
2022,42,061,49,49,49,0.0102019571,1,1
2022,42,063,121,120,122,0.0139128435,1,1
2022,42,065,89,89,89,0.018883938,1,1
2022,42,067,100,100,100,0.043047783,1,1
2022,42,069,376,376,376,0.0148581364,1,1
2022,42,071,2144,2144,2144,0.0330675386,1,1
2022,42,073,262,262,262,0.0232785429,1,1
2022,42,075,761,761,761,0.0390837656,1,1
2022,42,077,924,920,928,0.0176003352,1,1
2022,42,079,847,847,847,0.0184455236,1,1
2022,42,081,309,309,309,0.0223702309,1,1
2022,42,083,196,195,197,0.0326449034,1,1
2022,42,085,320,319,321,0.0240276318,1,1
2022,42,087,138,138,138,0.0289733361,1,1
2022,42,089,379,379,379,0.016416876,1,1
2022,42,091,1559,1559,1559,0.0135230082,1,1
2022,42,093,27,27,27,0.0124884366,3,3
2022,42,095,715,714,716,0.0168310539,1,1
2022,42,097,230,230,230,0.0201295291,1,1
2022,42,099,135,134,136,0.0237216658,1,1
2022,42,101,7343,7336,7350,0.039871854,1,1
2022,42,103,85,85,85,0.011948271,1,1
2022,42,105,51,51,51,0.0273458445,1,1
2022,42,107,411,411,411,0.0243022706,1,1
2022,42,109,42,42,42,0.0096153846,1,1
2022,42,111,91,89,93,0.0116681626,1,1
2022,42,113,,,,,,
2022,42,115,60,59,61,0.0103181427,1,1
2022,42,117,41,41,41,0.0080125073,1,1
2022,42,119,25,25,25,0.0070641424,3,3
2022,42,121,161,161,161,0.0286578854,1,1
2022,42,123,97,97,97,0.0230787533,1,1
2022,42,125,344,343,345,0.0131634332,1,1
2022,42,127,64,64,64,0.0154664089,1,1
2022,42,129,473,473,473,0.0109061563,1,1
2022,42,131,,,,,,
2022,42,133,1748,1747,1749,0.0257661296,1,1
2022,44,001,38,38,38,0.0060384554,1,1
2022,44,003,144,143,145,0.0071731009,1,1
2022,44,005,142,141,143,0.017504931,1,1
2022,44,007,1258,1248,1268,0.0143029311,1,1
2022,44,009,151,150,152,0.0117263338,1,1
2022,45,001,58,58,58,0.0202513966,1,1
2022,45,003,322,322,322,0.0138906863,1,1
2022,45,005,,,,,,
2022,45,007,819,819,819,0.0250957561,1,1
2022,45,009,10,10,10,0.0056401579,3,3
2022,45,011,,,,,,
2022,45,013,439,439,439,0.0204767013,1,1
2022,45,015,461,461,461,0.012153327,1,1
2022,45,017,26,26,26,0.0168175938,3,3
2022,45,019,415,415,415,0.0083118028,1,1
2022,45,021,83,83,83,0.0104731861,1,1
2022,45,023,19,19,19,0.0039857353,3,3
2022,45,025,112,112,112,0.015956689,1,1
2022,45,027,12,12,12,0.0027720028,3,3
2022,45,029,99,99,99,0.0200161747,1,1
2022,45,031,113,113,113,0.0124972351,1,1
2022,45,033,26,26,26,0.0048273301,3,3
2022,45,035,207,207,207,0.0073503302,1,1
2022,45,037,34,34,34,0.0109677419,1,1
2022,45,039,96,96,96,0.04214223,1,1
2022,45,041,374,373,374,0.0175504458,1,1
2022,45,043,16,16,16,0.0018982086,3,3
2022,45,045,1634,1634,1634,0.0209546282,1,1
2022,45,047,282,282,282,0.025666697,1,1
2022,45,049,147,147,147,0.0612755315,1,1
2022,45,051,429,429,429,0.0090588509,1,1
2022,45,053,57,57,57,0.0216318786,1,1
2022,45,055,42,42,42,0.0037708745,1,1
2022,45,057,37,37,37,0.0024480614,1,1
2022,45,059,90,90,90,0.0111676387,1,1
2022,45,061,26,26,26,0.0176151762,3,3
2022,45,063,430,430,430,0.0101948883,1,1
2022,45,065,25,25,25,0.0429553265,3,3
2022,45,067,,,,,,
2022,45,069,51,51,51,0.0143702451,1,1
2022,45,071,113,113,113,0.0194626249,1,1
2022,45,073,153,153,153,0.0149750416,1,1
2022,45,075,59,59,59,0.0053738956,1,1
2022,45,077,2709,2709,2709,0.1660944206,1,1
2022,45,079,1745,1745,1745,0.0161355945,1,1
2022,45,081,41,41,41,0.0165322581,1,1
2022,45,083,1118,1118,1118,0.021365643,1,1
2022,45,085,160,160,160,0.0108108108,1,1
2022,45,087,22,22,22,0.0058078141,3,3
2022,45,089,,,,,,
2022,45,091,639,639,639,0.0130918478,1,1
2022,46,003,,,,,,
2022,46,005,10,9,11,0.0030627871,3,3
2022,46,007,14,14,14,0.0660377358,3,3
2022,46,009,,,,,,
2022,46,011,11,11,11,0.0032060624,3,3
2022,46,013,,,,,,
2022,46,015,,,,,,
2022,46,017,,,,,,
2022,46,019,,,,,,
2022,46,021,,,,,,
2022,46,023,13,12,14,0.0227272727,3,3
2022,46,025,,,,,,
2022,46,027,,,,,,
2022,46,029,44,44,44,0.0115698133,1,1
2022,46,031,140,139,141,0.3309692671,1,1
2022,46,033,,,,,,
2022,46,035,43,43,43,0.0157972079,1,1
2022,46,037,,,,,,
2022,46,039,,,,,,
2022,46,041,42,40,44,0.0307017544,2,2
2022,46,043,,,,,,
2022,46,045,,,,,,
2022,46,047,,,,,,
2022,46,049,,,,,,
2022,46,051,,,,,,
2022,46,053,,,,,,
2022,46,055,,,,,,
2022,46,057,,,,,,
2022,46,059,,,,,,
2022,46,061,,,,,,
2022,46,063,,,,,,
2022,46,065,109,109,109,0.0377032169,1,1
2022,46,067,,,,,,
2022,46,069,194,194,194,0.4429223744,1,1
2022,46,071,,,,,,
2022,46,073,,,,,,
2022,46,075,,,,,,
2022,46,077,,,,,,
2022,46,079,,,,,,
2022,46,081,30,30,30,0.0094966762,1,1
2022,46,083,32,31,33,0.0038680044,2,2
2022,46,085,74,74,74,0.2176470588,1,1
2022,46,087,,,,,,
2022,46,089,,,,,,
2022,46,091,,,,,,
2022,46,093,,,,,,
2022,46,095,,,,,,
2022,46,097,,,,,,
2022,46,099,1054,1053,1055,0.0309835969,1,1
2022,46,101,,,,,,
2022,46,102,173,170,176,0.0442342112,1,1
2022,46,103,652,652,652,0.0420726592,1,1
2022,46,105,,,,,,
2022,46,107,,,,,,
2022,46,109,11,10,12,0.0075239398,3,3
2022,46,111,,,,,,
2022,46,115,,,,,,
2022,46,117,,,,,,
2022,46,119,,,,,,
2022,46,121,66,66,66,0.0247840781,1,1
2022,46,123,,,,,,
2022,46,125,,,,,,
2022,46,127,,,,,,
2022,46,129,,,,,,
2022,46,135,24,24,24,0.0079051383,3,3
2022,46,137,,,,,,
2022,47,001,187,187,187,0.0152702923,1,1
2022,47,003,80,80,80,0.0088427103,1,1
2022,47,005,11,11,11,0.0050855294,3,3
2022,47,007,39,39,39,0.0235792019,1,1
2022,47,009,84,84,84,0.0046367852,1,1
2022,47,011,49,49,49,0.0030554343,1,1
2022,47,013,636,636,636,0.120136003,1,1
2022,47,015,103,103,103,0.055227882,1,1
2022,47,017,146,146,146,0.0328606797,1,1
2022,47,019,177,177,177,0.0235937083,1,1
2022,47,021,94,94,94,0.0161152066,1,1
2022,47,023,11,11,11,0.0039131982,3,3
2022,47,025,31,31,31,0.0076167076,1,1
2022,47,027,52,52,52,0.0474020055,1,1
2022,47,029,61,61,61,0.0121031746,1,1
2022,47,031,3637,3637,3637,0.0402902404,1,1
2022,47,033,23,23,23,0.0077155317,3,3
2022,47,035,201,201,201,0.0278547672,1,1
2022,47,037,202,201,203,0.0182475158,1,1
2022,47,039,27,27,27,0.0177165354,3,3
2022,47,041,24,24,24,0.0081688223,3,3
2022,47,043,301,301,301,0.0370279247,1,1
2022,47,045,52,52,52,0.008309364,1,1
2022,47,047,33,33,33,0.0101914762,1,1
2022,47,049,14,14,14,0.0050687907,3,3
2022,47,051,31,31,31,0.006195044,1,1
2022,47,053,45,44,46,0.0053431489,1,1
2022,47,055,,,,,,
2022,47,057,30,30,30,0.0096618357,1,1
2022,47,059,121,121,121,0.013064133,1,1
2022,47,061,121,121,121,0.0676355506,1,1
2022,47,063,424,424,424,0.0412090582,1,1
2022,47,065,2019,2019,2019,0.0439850115,1,1
2022,47,067,,,,,,
2022,47,069,15,15,15,0.0045018007,3,3
2022,47,071,160,160,160,0.0474777448,1,1
2022,47,073,61,61,61,0.0088048499,1,1
2022,47,075,42,42,42,0.0154355017,1,1
2022,47,077,103,103,103,0.0208586472,1,1
2022,47,079,92,92,92,0.0200043488,1,1
2022,47,081,72,72,72,0.0226771654,1,1
2022,47,083,45,45,45,0.0351288056,1,1
2022,47,085,213,213,213,0.0790939473,1,1
2022,47,087,335,335,335,0.2289815448,1,1
2022,47,089,149,149,149,0.0213009292,1,1
2022,47,091,65,65,65,0.0130758399,1,1
2022,47,093,547,546,548,0.0090036706,1,1
2022,47,095,,,,,,
2022,47,097,14,14,14,0.0041019631,3,3
2022,47,099,66,66,66,0.0093856655,1,1
2022,47,101,,,,,,
2022,47,103,30,30,30,0.00578369,1,1
2022,47,105,101,101,101,0.0133828011,1,1
2022,47,107,198,198,198,0.0268656716,1,1
2022,47,109,127,127,127,0.0331506134,1,1
2022,47,111,17,17,17,0.0040179627,3,3
2022,47,113,293,293,293,0.0235095884,1,1
2022,47,115,138,138,138,0.0348484848,1,1
2022,47,117,43,43,43,0.007954125,1,1
2022,47,119,144,144,144,0.0109489051,1,1
2022,47,121,11,11,11,0.0062821245,3,3
2022,47,123,93,93,93,0.014287909,1,1
2022,47,125,1058,1058,1058,0.0272870296,1,1
2022,47,127,,,,,,
2022,47,129,411,411,411,0.1428571429,1,1
2022,47,131,26,26,26,0.0055877928,3,3
2022,47,133,52,52,52,0.0167633785,1,1
2022,47,135,16,16,16,0.0149672591,3,3
2022,47,137,,,,,,
2022,47,139,120,120,120,0.0558659218,1,1
2022,47,141,399,399,399,0.0331615691,1,1
2022,47,143,130,130,130,0.0263211176,1,1
2022,47,145,154,154,154,0.0242749054,1,1
2022,47,147,341,341,341,0.0296418637,1,1
2022,47,149,1871,1871,1871,0.0311236796,1,1
2022,47,151,29,29,29,0.0072736393,3,3
2022,47,153,89,89,89,0.0438207779,1,1
2022,47,155,270,270,270,0.0186786579,1,1
2022,47,157,3212,3212,3212,0.0233533761,1,1
2022,47,159,24,24,24,0.007840575,3,3
2022,47,161,,,,,,
2022,47,163,613,613,613,0.0303570544,1,1
2022,47,165,411,411,411,0.0133736822,1,1
2022,47,167,43,43,43,0.0041955313,1,1
2022,47,169,31,31,31,0.0220326937,1,1
2022,47,171,39,39,39,0.0175675676,1,1
2022,47,173,87,87,87,0.0146489308,1,1
2022,47,175,196,196,196,0.2468513854,1,1
2022,47,177,208,208,208,0.0321136329,1,1
2022,47,179,386,386,386,0.0237071613,1,1
2022,47,181,,,,,,
2022,47,183,57,57,57,0.0142964635,1,1
2022,47,185,110,110,110,0.0284090909,1,1
2022,47,187,227,227,227,0.0050042988,1,1
2022,47,189,735,735,735,0.0299645318,1,1
2022,48,001,110,110,110,0.0149334781,1,1
2022,48,003,97,97,97,0.0231062411,1,1
2022,48,005,500,499,501,0.031940718,1,1
2022,48,007,324,324,324,0.1064388962,1,1
2022,48,009,31,31,31,0.0190184049,1,1
2022,48,011,,,,,,
2022,48,013,72,72,72,0.0137483292,1,1
2022,48,015,76,76,76,0.0126455907,1,1
2022,48,017,,,,,,
2022,48,019,149,149,149,0.0567186905,1,1
2022,48,021,1152,1152,1152,0.0571683787,1,1
2022,48,023,,,,,,
2022,48,025,89,89,89,0.0174646782,1,1
2022,48,027,2001,2000,2002,0.0266775101,1,1
2022,48,029,7350,7347,7353,0.0215466066,1,1
2022,48,031,,,,,,
2022,48,033,,,,,,
2022,48,035,61,61,61,0.0335164835,1,1
2022,48,037,158,157,159,0.0096259291,1,1
2022,48,039,1419,1419,1419,0.0190153302,1,1
2022,48,041,659,659,659,0.021138733,1,1
2022,48,043,11,11,11,0.0115303983,3,3
2022,48,045,,,,,,
2022,48,047,37,37,37,0.0287937743,1,1
2022,48,049,90,87,93,0.0148908008,2,2
2022,48,051,13,13,13,0.0067287785,3,3
2022,48,053,259,259,259,0.0351567802,1,1
2022,48,055,184,183,185,0.0227497527,1,1
2022,48,057,159,159,159,0.0450424929,1,1
2022,48,059,96,96,96,0.0368805225,1,1
2022,48,061,2973,2973,2973,0.0359010276,1,1
2022,48,063,208,208,208,0.0362116992,1,1
2022,48,065,33,33,33,0.0289219982,1,1
2022,48,067,184,182,186,0.0338546458,1,1
2022,48,069,68,68,68,0.0521472393,1,1
2022,48,071,97,97,97,0.0093376973,1,1
2022,48,073,145,144,146,0.0129928315,1,1
2022,48,075,16,16,16,0.015920398,3,3
2022,48,077,93,93,93,0.0526912181,1,1
2022,48,079,,,,,,
2022,48,081,15,15,15,0.0293542074,3,3
2022,48,083,34,34,34,0.0319548872,1,1
2022,48,085,2232,2232,2232,0.0093900269,1,1
2022,48,087,,,,,,
2022,48,089,89,89,89,0.0247222222,1,1
2022,48,091,598,598,598,0.0156315349,1,1
2022,48,093,112,112,112,0.0513055428,1,1
2022,48,095,14,14,14,0.0319634703,3,3
2022,48,097,50,49,51,0.0079529187,1,1
2022,48,099,222,221,223,0.0199085284,1,1
2022,48,101,,,,,,
2022,48,103,,,,,,
2022,48,105,17,17,17,0.0240793201,3,3
2022,48,107,,,,,,
2022,48,109,13,13,13,0.0355191257,3,3
2022,48,111,24,24,24,0.0120603015,3,3
2022,48,113,14000,13999,14001,0.0285262523,1,1
2022,48,115,30,30,30,0.0188916877,1,1
2022,48,117,117,117,117,0.0285365854,1,1
2022,48,119,15,15,15,0.0168918919,3,3
2022,48,121,2474,2474,2474,0.0154098177,1,1
2022,48,123,117,117,117,0.0473109584,1,1
2022,48,125,10,10,10,0.0331125828,3,3
2022,48,127,64,64,64,0.0336311088,1,1
2022,48,129,,,,,,
2022,48,131,10,10,10,0.0066889632,3,3
2022,48,133,151,150,152,0.0570888469,1,1
2022,48,135,2093,2093,2093,0.0627774445,1,1
2022,48,137,,,,,,
2022,48,139,678,676,680,0.0139382851,1,1
2022,48,141,2824,2823,2825,0.017288561,1,1
2022,48,143,54,54,54,0.0128418549,1,1
2022,48,145,18,16,20,0.0123119015,3,3
2022,48,147,144,143,145,0.0258899676,1,1
2022,48,149,49,49,49,0.0151655834,1,1
2022,48,151,39,39,39,0.0671256454,1,1
2022,48,153,,,,,,
2022,48,155,,,,,,
2022,48,157,3044,3043,3045,0.0131838814,1,1
2022,48,159,28,28,28,0.0178230426,3,3
2022,48,161,61,61,61,0.0177842566,1,1
2022,48,163,252,252,252,0.0861538462,1,1
2022,48,165,46,46,46,0.0130830489,1,1
2022,48,167,2453,2453,2453,0.0300797057,1,1
2022,48,169,,,,,,
2022,48,171,52,52,52,0.0141381185,1,1
2022,48,173,,,,,,
2022,48,175,31,31,31,0.0236280488,1,1
2022,48,177,105,105,105,0.0266497462,1,1
2022,48,179,151,151,151,0.0438825923,1,1
2022,48,181,766,765,767,0.0304233855,1,1
2022,48,183,269,268,270,0.0114297854,1,1
2022,48,185,121,120,122,0.0292765546,1,1
2022,48,187,442,442,442,0.0166956259,1,1
2022,48,189,108,107,109,0.0169971671,1,1
2022,48,191,12,12,12,0.0277777778,3,3
2022,48,193,76,75,77,0.0429621255,1,1
2022,48,195,19,19,19,0.0223529412,3,3
2022,48,197,29,29,29,0.0627705628,3,3
2022,48,199,230,230,230,0.0202982967,1,1
2022,48,201,22055,22047,22063,0.0269399382,1,1
2022,48,203,500,500,500,0.0182828726,1,1
2022,48,205,,,,,,
2022,48,207,45,45,45,0.0582901554,1,1
2022,48,209,615,615,615,0.0145520799,1,1
2022,48,211,,,,,,
2022,48,213,152,151,153,0.0161034008,1,1
2022,48,215,3625,3622,3628,0.0136363807,1,1
2022,48,217,212,211,213,0.0413658537,1,1
2022,48,219,79,79,79,0.0193485182,1,1
2022,48,221,177,176,178,0.0209170409,1,1
2022,48,223,147,147,147,0.0223200729,1,1
2022,48,225,52,51,53,0.0202098717,1,1
2022,48,227,33,33,33,0.0094017094,1,1
2022,48,229,,,,,,
2022,48,231,209,208,210,0.0140042884,1,1
2022,48,233,35,35,35,0.0093632959,1,1
2022,48,235,,,,,,
2022,48,237,15,14,16,0.0106990014,3,3
2022,48,239,43,43,43,0.01882662,1,1
2022,48,241,152,152,152,0.0292870906,1,1
2022,48,243,,,,,,
2022,48,245,1059,1058,1060,0.0265406882,1,1
2022,48,247,,,,,,
2022,48,249,182,181,183,0.0269430052,1,1
2022,48,251,729,729,729,0.0190433897,1,1
2022,48,253,251,250,252,0.0931700074,1,1
2022,48,255,57,55,59,0.0091728355,2,2
2022,48,257,314,314,314,0.0081433647,1,1
2022,48,259,80,80,80,0.0067413837,1,1
2022,48,261,,,,,,
2022,48,263,,,,,,
2022,48,265,102,102,102,0.0148298924,1,1
2022,48,267,,,,,,
2022,48,269,,,,,,
2022,48,271,,,,,,
2022,48,273,20,19,21,0.0052260256,3,3
2022,48,275,10,8,12,0.013368984,3,3
2022,48,277,158,158,158,0.0211088844,1,1
2022,48,279,37,37,37,0.0143188854,1,1
2022,48,281,92,92,92,0.0239396305,1,1
2022,48,283,12,12,12,0.0102564103,3,3
2022,48,285,79,79,79,0.0220239755,1,1
2022,48,287,43,43,43,0.0142667551,1,1
2022,48,289,51,50,52,0.0243553009,1,1
2022,48,291,579,579,579,0.0247626379,1,1
2022,48,293,69,68,70,0.018488746,1,1
2022,48,295,22,21,23,0.0417457306,3,3
2022,48,297,,,,,,
2022,48,299,,,,,,
2022,48,301,,,,,,
2022,48,303,1187,1186,1188,0.0230284218,1,1
2022,48,305,18,17,19,0.0147420147,3,3
2022,48,307,27,27,27,0.0248390064,3,3
2022,48,309,1340,1339,1341,0.0308393363,1,1
2022,48,311,,,,,,
2022,48,313,15,14,16,0.005389867,3,3
2022,48,315,26,26,26,0.0229681979,3,3
2022,48,317,,,,,,
2022,48,319,15,15,15,0.0211565585,3,3
2022,48,321,182,182,182,0.03013744,1,1
2022,48,323,115,115,115,0.0082526014,1,1
2022,48,325,169,168,170,0.0129442402,1,1
2022,48,327,,,,,,
2022,48,329,432,431,433,0.013772436,1,1
2022,48,331,42,42,42,0.0103397341,1,1
2022,48,333,,,,,,
2022,48,335,11,10,12,0.0081845238,3,3
2022,48,337,62,59,65,0.0190184049,3,3
2022,48,339,1410,1409,1411,0.0111311103,1,1
2022,48,341,115,115,115,0.0236285186,1,1
2022,48,343,80,80,80,0.0433369447,1,1
2022,48,345,,,,,,
2022,48,347,114,112,116,0.0119848612,1,1
2022,48,349,87,87,87,0.0228466387,1,1
2022,48,351,41,41,41,0.023495702,1,1
2022,48,353,182,182,182,0.021967411,1,1
2022,48,355,1935,1934,1936,0.0347247147,1,1
2022,48,357,23,23,23,0.0114541833,3,3
2022,48,359,,,,,,
2022,48,361,217,217,217,0.0142080796,1,1
2022,48,363,103,100,106,0.0226125137,2,2
2022,48,365,82,80,84,0.0205153865,1,1
2022,48,367,281,279,283,0.0116471856,1,1
2022,48,369,28,28,28,0.0173053152,3,3
2022,48,371,27,26,28,0.0110746514,3,3
2022,48,373,112,110,114,0.0177862474,1,1
2022,48,375,1711,1711,1711,0.050413978,1,1
2022,48,377,,,,,,
2022,48,379,61,61,61,0.0347776511,1,1
2022,48,381,309,309,309,0.0279006772,1,1
2022,48,383,18,18,18,0.0224719101,3,3
2022,48,385,,,,,,
2022,48,387,69,69,69,0.0337078652,1,1
2022,48,389,,,,,,
2022,48,391,26,26,26,0.0240518039,3,3
2022,48,393,,,,,,
2022,48,395,,,,,,
2022,48,397,75,75,75,0.002787586,1,1
2022,48,399,54,54,54,0.0267062315,1,1
2022,48,401,137,136,138,0.0190515923,1,1
2022,48,403,41,40,42,0.0229178312,1,1
2022,48,405,12,12,12,0.0313315927,3,3
2022,48,407,106,106,106,0.0296089385,1,1
2022,48,409,310,310,310,0.0222461428,1,1
2022,48,411,,,,,,
2022,48,413,10,10,10,0.0210084034,3,3
2022,48,415,37,37,37,0.0120521173,1,1
2022,48,417,32,32,32,0.0529801325,1,1
2022,48,419,77,77,77,0.02105551,1,1
2022,48,421,,,,,,
2022,48,423,782,782,782,0.0222988965,1,1
2022,48,425,22,21,23,0.0104811815,3,3
2022,48,427,174,174,174,0.0111388515,1,1
2022,48,429,53,53,53,0.03761533,1,1
2022,48,431,,,,,,
2022,48,433,,,,,,
2022,48,435,,,,,,
2022,48,437,46,45,47,0.03183391,1,1
2022,48,439,8492,8490,8494,0.024545268,1,1
2022,48,441,1310,1310,1310,0.055586201,1,1
2022,48,443,,,,,,
2022,48,445,63,63,63,0.0325918262,1,1
2022,48,447,30,30,30,0.1898734177,1,1
2022,48,449,83,83,83,0.0116654954,1,1
2022,48,451,316,315,317,0.0150705837,1,1
2022,48,453,2463,2460,2466,0.0164589529,1,1
2022,48,455,36,36,36,0.0182926829,1,1
2022,48,457,74,73,75,0.0209394454,1,1
2022,48,459,156,156,156,0.025611558,1,1
2022,48,461,24,24,24,0.0754716981,3,3
2022,48,463,41,41,41,0.0091131363,1,1
2022,48,465,199,199,199,0.020006032,1,1
2022,48,467,173,173,173,0.016924281,1,1
2022,48,469,690,690,690,0.048811545,1,1
2022,48,471,422,422,422,0.0340927452,1,1
2022,48,473,172,172,172,0.0131207567,1,1
2022,48,475,,,,,,
2022,48,477,65,64,66,0.0118808262,1,1
2022,48,479,1102,1102,1102,0.0176241044,1,1
2022,48,481,130,130,130,0.0205079666,1,1
2022,48,483,27,27,27,0.0361445783,3,3
2022,48,485,294,294,294,0.014706618,1,1
2022,48,487,51,51,51,0.0250614251,1,1
2022,48,489,115,114,116,0.0317241379,1,1
2022,48,491,1897,1896,1898,0.01402733,1,1
2022,48,493,113,112,114,0.0120868542,1,1
2022,48,495,30,29,31,0.0166204986,2,2
2022,48,497,181,180,182,0.0176224321,1,1
2022,48,499,353,353,353,0.0553551827,1,1
2022,48,501,,,,,,
2022,48,503,92,92,92,0.0286604361,1,1
2022,48,505,188,188,188,0.0556872038,1,1
2022,48,507,113,113,113,0.0493449782,1,1
2022,49,001,33,33,33,0.0211402947,1,1
2022,49,003,156,156,156,0.0123329908,1,1
2022,49,005,246,246,246,0.0094383057,1,1
2022,49,007,,,,,,
2022,49,009,,,,,,
2022,49,011,1815,1814,1816,0.0225393041,1,1
2022,49,013,83,83,83,0.0152713891,1,1
2022,49,015,74,74,74,0.0331838565,1,1
2022,49,017,17,17,17,0.0129573171,3,3
2022,49,019,37,36,38,0.0241042345,2,2
2022,49,021,318,317,319,0.0228661825,1,1
2022,49,023,,,,,,
2022,49,025,16,16,16,0.0105332456,3,3
2022,49,027,70,70,70,0.0214460784,1,1
2022,49,029,,,,,,
2022,49,031,,,,,,
2022,49,033,,,,,,
2022,49,035,6936,6932,6940,0.0360422155,1,1
2022,49,037,597,596,598,0.1860972569,1,1
2022,49,039,61,61,61,0.0100626856,1,1
2022,49,041,88,88,88,0.0183066362,1,1
2022,49,043,13,11,15,0.0019242155,3,3
2022,49,045,215,213,217,0.0082318707,1,1
2022,49,047,35,35,35,0.0049442012,1,1
2022,49,049,679,676,682,0.0047775518,1,1
2022,49,051,105,105,105,0.0115613301,1,1
2022,49,053,920,919,921,0.0227480652,1,1
2022,49,055,,,,,,
2022,49,057,578,578,578,0.0128527273,1,1
2022,50,001,50,50,50,0.0120977498,1,1
2022,50,003,196,196,196,0.0396279822,1,1
2022,50,005,89,88,90,0.0233412012,1,1
2022,50,007,301,301,301,0.0139642774,1,1
2022,50,009,,,,,,
2022,50,011,113,112,114,0.0137620265,1,1
2022,50,013,,,,,,
2022,50,015,40,39,41,0.0115841297,2,2
2022,50,017,76,75,77,0.0185682873,1,1
2022,50,019,109,105,113,0.02845953,2,2
2022,50,021,180,180,180,0.0257842716,1,1
2022,50,023,191,189,193,0.026560979,1,1
2022,50,025,153,153,153,0.0338495575,1,1
2022,50,027,190,187,193,0.0263778981,1,1
2022,51,001,180,180,180,0.0380871773,1,1
2022,51,003,,,,,,
2022,51,005,,,,,,
2022,51,007,16,16,16,0.0096211666,3,3
2022,51,009,28,28,28,0.0070228242,3,3
2022,51,011,24,24,24,0.0101651842,3,3
2022,51,013,243,243,243,0.0088164865,1,1
2022,51,015,98,98,98,0.0097260818,1,1
2022,51,017,,,,,,
2022,51,019,85,85,85,0.0093571114,1,1
2022,51,021,13,13,13,0.0163316583,3,3
2022,51,023,45,45,45,0.0100178094,1,1
2022,51,025,,,,,,
2022,51,027,,,,,,
2022,51,029,21,21,21,0.0105421687,3,3
2022,51,031,50,50,50,0.0063508193,1,1
2022,51,033,42,42,42,0.0096841134,1,1
2022,51,035,20,20,20,0.0057061341,3,3
2022,51,036,17,17,17,0.0302491103,3,3
2022,51,037,,,,,,
2022,51,041,934,934,934,0.0146129295,1,1
2022,51,043,24,24,24,0.0126849894,3,3
2022,51,045,14,14,14,0.0294117647,3,3
2022,51,047,107,107,107,0.0128113027,1,1
2022,51,049,,,,,,
2022,51,051,13,13,13,0.00668037,3,3
2022,51,053,47,47,47,0.0110432331,1,1
2022,51,057,21,21,21,0.0177815411,3,3
2022,51,059,2130,2130,2130,0.0118426759,1,1
2022,51,061,101,101,101,0.0093199225,1,1
2022,51,063,13,13,13,0.0074455899,3,3
2022,51,065,76,76,76,0.0221058755,1,1
2022,51,067,,,,,,
2022,51,069,,,,,,
2022,51,071,60,60,60,0.0173560891,1,1
2022,51,073,71,71,71,0.0140482786,1,1
2022,51,075,16,16,16,0.0060560182,3,3
2022,51,077,,,,,,
2022,51,079,33,33,33,0.011627907,1,1
2022,51,081,,,,,,
2022,51,083,105,105,105,0.0227272727,1,1
2022,51,085,89,89,89,0.0052150475,1,1
2022,51,087,1139,1139,1139,0.0226041398,1,1
2022,51,089,124,124,124,0.0176890157,1,1
2022,51,091,,,,,,
2022,51,093,46,46,46,0.0081748712,1,1
2022,51,095,,,,,,
2022,51,097,,,,,,
2022,51,099,78,78,78,0.0172528202,1,1
2022,51,101,22,21,23,0.007601935,3,3
2022,51,103,28,28,28,0.0269489894,3,3
2022,51,105,17,17,17,0.005764666,3,3
2022,51,107,1902,1902,1902,0.0232865643,1,1
2022,51,109,26,26,26,0.005026097,3,3
2022,51,111,,,,,,
2022,51,113,26,26,26,0.0154761905,3,3
2022,51,115,30,30,30,0.0329308452,1,1
2022,51,117,44,44,44,0.0110775428,1,1
2022,51,119,20,20,20,0.0160771704,3,3
2022,51,121,105,105,105,0.0108325596,1,1
2022,51,125,17,17,17,0.0114864865,3,3
2022,51,127,26,26,26,0.0075691412,3,3
2022,51,131,141,141,141,0.1037527594,1,1
2022,51,133,,,,,,
2022,51,135,27,27,27,0.0149171271,3,3
2022,51,137,73,73,73,0.0144985104,1,1
2022,51,139,79,79,79,0.0260726073,1,1
2022,51,141,59,59,59,0.0237807336,1,1
2022,51,143,37,37,37,0.0046728972,1,1
2022,51,145,34,34,34,0.0080169771,1,1
2022,51,147,10,10,10,0.0052994171,3,3
2022,51,149,63,63,63,0.0103177203,1,1
2022,51,153,1075,1075,1075,0.01180009,1,1
2022,51,155,64,64,64,0.0160481444,1,1
2022,51,157,10,10,10,0.0136054422,3,3
2022,51,159,19,19,19,0.014115899,3,3
2022,51,161,80,80,80,0.0057924843,1,1
2022,51,163,23,23,23,0.0090231463,3,3
2022,51,165,,,,,,
2022,51,167,17,17,17,0.005037037,3,3
2022,51,169,36,36,36,0.0089463221,1,1
2022,51,171,69,69,69,0.0122557726,1,1
2022,51,173,21,21,21,0.0052750565,3,3
2022,51,175,12,12,12,0.0046529663,3,3
2022,51,177,612,612,612,0.0252882112,1,1
2022,51,179,258,258,258,0.0082944864,1,1
2022,51,181,,,,,,
2022,51,183,18,18,18,0.0180360721,3,3
2022,51,185,37,37,37,0.00683161,1,1
2022,51,187,76,76,76,0.014714424,1,1
2022,51,191,90,90,90,0.0133590619,1,1
2022,51,193,52,52,52,0.0243559719,1,1
2022,51,195,179,179,179,0.0302722814,1,1
2022,51,197,22,22,22,0.0056730273,3,3
2022,51,199,200,200,200,0.0158227848,1,1
2022,51,510,246,246,246,0.0153366584,1,1
2022,51,520,117,117,117,0.0533272562,1,1
2022,51,530,,,,,,
2022,51,540,281,281,281,0.0152535012,1,1
2022,51,550,168,168,168,0.004120778,1,1
2022,51,570,39,39,39,0.0137179036,1,1
2022,51,580,,,,,,
2022,51,590,68,68,68,0.0119634061,1,1
2022,51,595,18,18,18,0.0088495575,3,3
2022,51,600,,,,,,
2022,51,610,,,,,,
2022,51,620,45,45,45,0.0439882698,1,1
2022,51,630,152,152,152,0.0404040404,1,1
2022,51,640,16,16,16,0.0114860014,3,3
2022,51,650,486,486,486,0.0245504142,1,1
2022,51,660,170,170,170,0.0093514495,1,1
2022,51,670,86,86,86,0.0215863454,1,1
2022,51,678,,,,,,
2022,51,680,222,222,222,0.0282586558,1,1
2022,51,683,60,60,60,0.0080938891,1,1
2022,51,685,19,19,19,0.0055329062,3,3
2022,51,690,24,24,24,0.0132596685,3,3
2022,51,700,961,961,961,0.0362217783,1,1
2022,51,710,931,931,931,0.0340950707,1,1
2022,51,720,25,25,25,0.0307503075,3,3
2022,51,730,111,111,111,0.0259831461,1,1
2022,51,735,,,,,,
2022,51,740,268,268,268,0.0200433775,1,1
2022,51,750,70,70,70,0.0189701897,1,1
2022,51,760,781,781,781,0.0369616659,1,1
2022,51,770,619,619,619,0.0455247481,1,1
2022,51,775,18,18,18,0.0048,3,3
2022,51,790,71,71,71,0.0263744428,1,1
2022,51,800,124,124,124,0.0085576259,1,1
2022,51,810,841,841,841,0.0128483256,1,1
2022,51,820,107,107,107,0.0351857941,1,1
2022,51,830,356,356,356,0.0312967033,1,1
2022,51,840,444,444,444,0.0243581303,1,1
2022,53,001,152,150,154,0.0280961183,1,1
2022,53,003,133,133,133,0.0424648787,1,1
2022,53,005,815,814,816,0.0214146829,1,1
2022,53,007,832,831,833,0.0658019614,1,1
2022,53,009,518,516,520,0.0544003361,1,1
2022,53,011,3465,3462,3468,0.0459976105,1,1
2022,53,013,17,16,18,0.0294117647,3,3
2022,53,015,860,860,860,0.0504931893,1,1
2022,53,017,405,403,407,0.0501299666,1,1
2022,53,019,32,28,36,0.0355951057,3,3
2022,53,021,497,496,498,0.0201590006,1,1
2022,53,023,,,,,,
2022,53,025,996,995,997,0.0484176754,1,1
2022,53,027,707,705,709,0.0656819026,1,1
2022,53,029,724,724,724,0.0627981612,1,1
2022,53,031,91,89,93,0.0329352153,1,1
2022,53,033,9661,9657,9665,0.0365577238,1,1
2022,53,035,937,934,940,0.0271806921,1,1
2022,53,037,83,82,84,0.0159492698,1,1
2022,53,039,114,111,117,0.022974607,2,2
2022,53,041,591,590,592,0.0480917894,1,1
2022,53,043,41,38,44,0.0187901008,3,3
2022,53,045,635,635,635,0.0673025967,1,1
2022,53,047,453,453,453,0.0415939767,1,1
2022,53,049,323,322,324,0.1142553944,1,1
2022,53,051,198,198,198,0.1157894737,1,1
2022,53,053,6022,6021,6023,0.0441787103,1,1
2022,53,055,27,25,29,0.0156976744,3,3
2022,53,057,978,977,979,0.0526060997,1,1
2022,53,059,28,26,30,0.026641294,3,3
2022,53,061,5076,5075,5077,0.0385304387,1,1
2022,53,063,3356,3352,3360,0.043512648,1,1
2022,53,065,286,281,291,0.0446456447,1,1
2022,53,067,1927,1925,1929,0.0456397139,1,1
2022,53,069,38,38,38,0.0881670534,1,1
2022,53,071,348,347,349,0.0401476696,1,1
2022,53,073,1185,1183,1187,0.0488800891,1,1
2022,53,075,90,82,98,0.019088017,3,3
2022,53,077,2675,2674,2676,0.0540688038,1,1
2022,54,001,19,19,19,0.0088085304,3,3
2022,54,003,829,829,829,0.0417506044,1,1
2022,54,005,63,63,63,0.019761606,1,1
2022,54,007,54,54,54,0.0312862109,1,1
2022,54,009,125,125,125,0.0504235579,1,1
2022,54,011,535,535,535,0.0466312211,1,1
2022,54,013,186,186,186,0.2152777778,1,1
2022,54,015,532,532,532,0.3259803922,1,1
2022,54,017,24,24,24,0.0214477212,3,3
2022,54,019,218,218,218,0.0388384108,1,1
2022,54,021,17,17,17,0.0214646465,3,3
2022,54,023,96,96,96,0.0594427245,1,1
2022,54,025,139,139,139,0.0295618886,1,1
2022,54,027,38,37,38,0.0132820692,1,1
2022,54,029,51,51,51,0.0145839291,1,1
2022,54,031,65,65,65,0.0296262534,1,1
2022,54,033,551,551,551,0.0555443548,1,1
2022,54,035,39,39,39,0.0094316808,1,1
2022,54,037,1598,1598,1598,0.1790075053,1,1
2022,54,039,843,843,843,0.0340179977,1,1
2022,54,041,204,204,204,0.0848938826,1,1
2022,54,043,581,581,581,0.1974847043,1,1
2022,54,045,554,554,554,0.106743738,1,1
2022,54,047,239,239,239,0.0942057548,1,1
2022,54,049,148,148,148,0.0199837969,1,1
2022,54,051,116,116,116,0.0273649446,1,1
2022,54,053,192,192,192,0.050686378,1,1
2022,54,055,677,677,677,0.0779415151,1,1
2022,54,057,91,91,91,0.0226199354,1,1
2022,54,059,422,422,422,0.1134713633,1,1
2022,54,061,409,408,409,0.0352495044,1,1
2022,54,063,162,162,162,0.0981223501,1,1
2022,54,065,130,130,130,0.0595510765,1,1
2022,54,067,497,497,497,0.142652124,1,1
2022,54,069,72,72,72,0.0145366445,1,1
2022,54,071,13,13,13,0.014994233,3,3
2022,54,073,98,98,98,0.0902394107,1,1
2022,54,075,58,58,58,0.0649496081,1,1
2022,54,077,253,253,253,0.0618581907,1,1
2022,54,079,126,126,126,0.0140108974,1,1
2022,54,081,236,236,236,0.0217171252,1,1
2022,54,083,246,246,246,0.0676195712,1,1
2022,54,085,104,104,104,0.0836685438,1,1
2022,54,087,210,210,210,0.1169916435,1,1
2022,54,089,85,85,85,0.064491654,1,1
2022,54,091,50,50,50,0.0225937641,1,1
2022,54,093,79,79,79,0.0822060354,1,1
2022,54,095,,,,,,
2022,54,097,443,443,443,0.1173199153,1,1
2022,54,099,310,310,310,0.0496794872,1,1
2022,54,101,89,89,89,0.0746644295,1,1
2022,54,103,22,22,22,0.0097431355,3,3
2022,54,105,135,135,135,0.145631068,1,1
2022,54,107,373,373,373,0.0319814799,1,1
2022,54,109,91,91,91,0.0252147409,1,1
2022,55,001,22,22,22,0.016730038,3,3
2022,55,003,34,32,36,0.014661492,3,3
2022,55,005,126,124,128,0.0166865316,1,1
2022,55,007,16,14,18,0.0102498398,3,3
2022,55,009,1362,1361,1363,0.0317297612,1,1
2022,55,011,21,20,22,0.0110817942,3,3
2022,55,013,69,69,69,0.0244767648,1,1
2022,55,015,11,8,14,0.0029062087,3,3
2022,55,017,102,100,104,0.0118329466,1,1
2022,55,019,128,125,131,0.027503223,1,1
2022,55,021,58,53,63,0.0087336245,3,3
2022,55,023,30,29,31,0.0158061117,2,2
2022,55,025,1798,1795,1801,0.0231859388,1,1
2022,55,027,214,211,217,0.0217479675,1,1
2022,55,029,19,15,23,0.0058175138,3,3
2022,55,031,169,169,169,0.0293555671,1,1
2022,55,033,60,60,60,0.0101368474,1,1
2022,55,035,342,341,343,0.0218753998,1,1
2022,55,037,,,,,,
2022,55,039,197,195,199,0.0155264817,1,1
2022,55,041,24,23,25,0.0158415842,3,3
2022,55,043,100,97,103,0.0143905598,2,2
2022,55,045,41,38,44,0.0080835962,3,3
2022,55,047,66,65,67,0.0241935484,1,1
2022,55,049,38,35,41,0.0117283951,3,3
2022,55,051,,,,,,
2022,55,053,68,67,69,0.0233196159,1,1
2022,55,055,233,231,235,0.019697354,1,1
2022,55,057,71,70,72,0.0202394527,1,1
2022,55,059,745,742,748,0.0287145886,1,1
2022,55,061,38,38,38,0.0107770845,1,1
2022,55,063,300,299,301,0.0195083886,1,1
2022,55,065,41,38,44,0.0142015933,3,3
2022,55,067,22,20,24,0.0088817117,3,3
2022,55,069,39,39,39,0.0094867429,1,1
2022,55,071,155,154,156,0.0151767355,1,1
2022,55,073,272,268,276,0.0142296626,1,1
2022,55,075,107,106,108,0.0188879082,1,1
2022,55,077,17,17,17,0.010315534,3,3
2022,55,078,165,164,166,0.1436031332,1,1
2022,55,079,5282,5273,5291,0.0423630939,1,1
2022,55,081,105,104,106,0.0147928994,1,1
2022,55,083,47,46,48,0.0119897959,1,1
2022,55,085,45,44,46,0.0109675847,1,1
2022,55,087,689,687,691,0.0197212125,1,1
2022,55,089,22,20,24,0.0017734784,3,3
2022,55,091,21,20,22,0.0170316302,3,3
2022,55,093,90,87,93,0.0118048269,2,2
2022,55,095,144,143,145,0.0271851992,1,1
2022,55,097,87,84,90,0.0095457538,2,2
2022,55,099,,,,,,
2022,55,101,891,884,898,0.0350304698,1,1
2022,55,103,35,35,35,0.0232403718,1,1
2022,55,105,1145,1145,1145,0.0445161541,1,1
2022,55,107,15,13,17,0.0092936803,3,3
2022,55,109,122,122,122,0.0083418803,1,1
2022,55,111,391,391,391,0.0347648262,1,1
2022,55,113,125,123,127,0.0487709715,1,1
2022,55,115,136,134,138,0.0271728272,1,1
2022,55,117,381,377,385,0.0212968139,1,1
2022,55,119,48,47,49,0.0120512177,1,1
2022,55,121,36,33,39,0.0060433104,3,3
2022,55,123,89,88,90,0.0236074271,1,1
2022,55,125,79,76,82,0.0296435272,2,2
2022,55,127,279,274,284,0.0187878788,1,1
2022,55,129,48,48,48,0.0215150157,1,1
2022,55,131,151,150,152,0.0081652517,1,1
2022,55,133,455,445,465,0.0074449808,1,1
2022,55,135,208,207,209,0.0234683516,1,1
2022,55,137,39,38,40,0.0159967186,2,2
2022,55,139,445,444,446,0.0204701228,1,1
2022,55,141,309,308,310,0.0265806452,1,1
2022,56,001,82,82,82,0.0210148642,1,1
2022,56,003,53,53,53,0.0198576246,1,1
2022,56,005,333,333,333,0.0385595183,1,1
2022,56,007,36,35,37,0.016,2,2
2022,56,009,70,70,70,0.0294117647,1,1
2022,56,011,,,,,,
2022,56,013,348,348,348,0.0539953452,1,1
2022,56,015,31,31,31,0.0187085094,1,1
2022,56,017,11,11,11,0.0171339564,3,3
2022,56,019,20,20,20,0.0167504188,3,3
2022,56,021,340,340,340,0.0227958431,1,1
2022,56,023,14,14,14,0.0038450975,3,3
2022,56,025,244,244,244,0.0184946563,1,1
2022,56,027,,,,,,
2022,56,029,76,75,77,0.0188726099,1,1
2022,56,031,50,49,51,0.0444839858,1,1
2022,56,033,87,87,87,0.0182696346,1,1
2022,56,035,11,11,11,0.0100732601,3,3
2022,56,037,187,187,187,0.0250771088,1,1
2022,56,039,71,71,71,0.0253843404,1,1
2022,56,041,74,74,74,0.017922015,1,1
2022,56,043,43,43,43,0.0377855888,1,1
2022,56,045,37,37,37,0.0475578406,1,1
