year,state,place,share_meps20_black,share_meps20_black_quality,share_meps20_hispanic,share_meps20_hispanic_quality,share_meps20_white,share_meps20_white_quality
2021,01,03076,0,1,0,1,0,1
2021,01,07000,0,1,0,1,0,1
2021,01,35896,0,1,0,1,0,1
2021,01,37000,0,1,0,1,0,1
2021,01,50000,0,1,0,1,0,1
2021,01,51000,0,1,0,1,0,1
2021,01,77256,0,1,0,1,0,1
2021,02,03000,0,1,0,1,0,1
2021,04,04720,0,1,0,1,0,1
2021,04,07940,0,1,0,1,0,1
2021,04,12000,0,1,0,1,0,1
2021,04,23620,0,1,0,1,0,1
2021,04,27400,0,1,0,1,0,1
2021,04,27820,0,1,0,1,0,1
2021,04,28380,0,1,0,1,0,1
2021,04,46000,0,1,0,1,0,1
2021,04,54050,0,1,0,1,0,1
2021,04,55000,0,1,0,1,0,1
2021,04,65000,0,1,0,1,0,1
2021,04,71510,0,1,0,1,0,1
2021,04,73000,0,1,0,1,0,1
2021,04,77000,0,1,0,1,0,1
2021,04,85540,0,1,0,1,0,1
2021,05,23290,0,1,0,1,0,1
2021,05,24550,0,1,0,1,0,1
2021,05,35710,0,1,0,1,0,1
2021,05,41000,0,1,0,1,0,1
2021,05,66080,0,1,0,1,0,1
2021,06,00562,0,1,0,1,0,1
2021,06,00884,0,1,0,1,0,1
2021,06,02000,0,1,0,1,0,1
2021,06,02252,0,1,0,1,0,1
2021,06,02364,0,1,0,1,0,1
2021,06,03526,0,1,0,1,0,1
2021,06,04982,0,1,0,1,0,1
2021,06,06000,0,1,0,1,0,1
2021,06,08786,0,1,0,1,0,1
2021,06,08954,0,1,0,1,0,1
2021,06,11194,0,1,0,1,0,1
2021,06,11530,0,1,0,1,0,1
2021,06,13014,0,1,0,1,0,1
2021,06,13210,0,1,0,1,0,1
2021,06,13214,0,1,0,1,0,1
2021,06,13392,0,1,0,1,0,1
2021,06,13588,0,1,0,1,0,1
2021,06,14218,0,1,0,1,0,1
2021,06,15044,0,1,0,1,0,1
2021,06,16000,0,1,0,1,0,1
2021,06,16350,0,1,0,1,0,1
2021,06,16532,0,1,0,1,0,1
2021,06,17918,0,1,0,1,0,1
2021,06,19766,0,1,0,1,0,1
2021,06,21712,0,1,0,1,0,1
2021,06,22020,0,1,0,1,0,1
2021,06,22230,0,1,0,1,0,1
2021,06,22804,0,1,0,1,0,1
2021,06,23182,0,1,0,1,0,1
2021,06,24638,0,1,0,1,0,1
2021,06,24680,0,1,0,1,0,1
2021,06,26000,0,1,0,1,0,1
2021,06,27000,0,1,0,1,0,1
2021,06,28000,0,1,0,1,0,1
2021,06,29000,0,1,0,1,0,1
2021,06,30000,0,1,0,1,0,1
2021,06,32548,0,1,0,1,0,1
2021,06,33000,0,1,0,1,0,1
2021,06,33182,0,1,0,1,0,1
2021,06,33434,0,1,0,1,0,1
2021,06,36000,0,1,0,1,0,1
2021,06,36448,0,1,0,1,0,1
2021,06,36546,0,1,0,1,0,1
2021,06,36770,0,1,0,1,0,1
2021,06,37692,0,1,0,1,0,1
2021,06,39496,0,1,0,1,0,1
2021,06,39892,0,1,0,1,0,1
2021,06,40130,0,1,0,1,0,1
2021,06,41992,0,1,0,1,0,1
2021,06,43000,0,1,0,1,0,1
2021,06,44000,0,1,0,1,0,1
2021,06,45484,0,1,0,1,0,1
2021,06,46842,0,1,0,1,0,1
2021,06,46898,0,1,0,1,0,1
2021,06,47766,0,1,0,1,0,1
2021,06,48256,0,1,0,1,0,1
2021,06,48354,0,1,0,1,0,1
2021,06,49270,0,1,0,1,0,1
2021,06,49670,0,1,0,1,0,1
2021,06,50076,0,1,0,1,0,1
2021,06,50258,0,1,0,1,0,1
2021,06,51182,0,1,0,1,0,1
2021,06,52526,0,1,0,1,0,1
2021,06,53000,0,1,0,1,0,1
2021,06,53322,0,1,0,1,0,1
2021,06,53896,0,1,0,1,0,1
2021,06,53980,0,1,0,1,0,1
2021,06,54652,0,1,0,1,0,1
2021,06,55156,0,1,0,1,0,1
2021,06,56000,0,1,0,1,0,1
2021,06,56700,0,1,0,1,0,1
2021,06,57456,0,1,0,1,0,1
2021,06,57792,0,1,0,1,0,1
2021,06,58072,0,1,0,1,0,1
2021,06,59444,0,1,0,1,0,1
2021,06,59451,0,1,0,1,0,1
2021,06,59920,0,1,0,1,0,1
2021,06,60102,0,1,0,1,0,1
2021,06,60466,0,1,0,1,0,1
2021,06,60620,0,1,0,1,0,1
2021,06,62000,0,1,0,1,0,1
2021,06,62938,0,1,0,1,0,1
2021,06,64000,0,1,0,1,0,1
2021,06,64224,0,1,0,1,0,1
2021,06,65000,0,1,0,1,0,1
2021,06,65042,0,1,0,1,0,1
2021,06,66000,0,1,0,1,0,1
2021,06,67000,0,1,0,1,0,1
2021,06,68000,0,1,0,1,0,1
2021,06,68084,0,1,0,1,0,1
2021,06,68196,0,1,0,1,0,1
2021,06,68252,0,1,0,1,0,1
2021,06,68378,0,1,0,1,0,1
2021,06,69000,0,1,0,1,0,1
2021,06,69070,0,1,0,1,0,1
2021,06,69084,0,1,0,1,0,1
2021,06,69088,0,1,0,1,0,1
2021,06,69196,0,1,0,1,0,1
2021,06,70000,0,1,0,1,0,1
2021,06,70098,0,1,0,1,0,1
2021,06,72016,0,1,0,1,0,1
2021,06,73080,0,1,0,1,0,1
2021,06,75000,0,1,0,1,0,1
2021,06,77000,0,1,0,1,0,1
2021,06,78120,0,1,0,1,0,1
2021,06,78582,0,1,0,1,0,1
2021,06,80000,0,1,0,1,0,1
2021,06,80238,0,1,0,1,0,1
2021,06,80854,0,1,0,1,0,1
2021,06,81344,0,1,0,1,0,1
2021,06,81554,0,1,0,1,0,1
2021,06,81666,0,1,0,1,0,1
2021,06,82590,0,1,0,1,0,1
2021,06,82954,0,1,0,1,0,1
2021,06,82996,0,1,0,1,0,1
2021,06,84200,0,1,0,1,0,1
2021,06,84550,0,1,0,1,0,1
2021,06,85292,0,1,0,1,0,1
2021,08,03455,0,1,0,1,0,1
2021,08,04000,0,1,0,1,0,1
2021,08,07850,0,1,0,1,0,1
2021,08,12815,0,1,0,1,0,1
2021,08,16000,0,1,0,1,0,1
2021,08,20000,0,1,0,1,0,1
2021,08,27425,0,1,0,1,0,1
2021,08,32155,0,1,0,1,0,1
2021,08,43000,0,1,0,1,0,1
2021,08,45970,0,1,0,1,0,1
2021,08,46465,0,1,0,1,0,1
2021,08,62000,0,1,0,1,0,1
2021,08,77290,0,1,0,1,0,1
2021,08,83835,0,1,0,1,0,1
2021,09,08000,0,1,0,1,0,1
2021,09,18430,0,1,0,1,0,1
2021,09,37000,0,1,0,1,0,1
2021,09,52000,0,1,0,1,0,1
2021,09,55990,0,1,0,1,0,1
2021,09,73000,0,1,0,1,0,1
2021,09,80000,0,1,0,1,0,1
2021,11,50000,0,1,0,1,0,1
2021,12,07300,0,1,0,1,0,1
2021,12,07875,0,1,0,1,0,1
2021,12,10275,0,1,0,1,0,1
2021,12,12875,0,1,0,1,0,1
2021,12,14400,0,1,0,1,0,1
2021,12,16475,0,1,0,1,0,1
2021,12,16725,0,1,0,1,0,1
2021,12,17200,0,1,0,1,0,1
2021,12,17935,0,1,0,1,0,1
2021,12,24000,0,1,0,1,0,1
2021,12,24125,0,1,0,1,0,1
2021,12,25175,0,1,0,1,0,1
2021,12,30000,0,1,0,1,0,1
2021,12,32000,0,1,0,1,0,1
2021,12,32275,0,1,0,1,0,1
2021,12,35000,0,1,0,1,0,1
2021,12,36950,0,1,0,1,0,1
2021,12,38250,0,1,0,1,0,1
2021,12,39425,0,1,0,1,0,1
2021,12,43975,0,1,0,1,0,1
2021,12,45000,0,1,0,1,0,1
2021,12,45025,0,1,0,1,0,1
2021,12,45060,0,1,0,1,0,1
2021,12,45975,0,1,0,1,0,1
2021,12,49675,0,1,0,1,0,1
2021,12,53000,0,1,0,1,0,1
2021,12,54000,0,1,0,1,0,1
2021,12,54200,0,1,0,1,0,1
2021,12,55775,0,1,0,1,0,1
2021,12,57425,0,1,0,1,0,1
2021,12,58050,0,1,0,1,0,1
2021,12,58715,0,1,0,1,0,1
2021,12,63000,0,2,0,1,0,1
2021,12,69700,0,1,0,1,0,1
2021,12,70600,0,1,0,1,0,1
2021,12,71000,0,1,0,1,0,1
2021,12,76600,0,1,0,1,0,1
2021,13,03440,0,1,0,1,0,1
2021,13,04000,0,1,0,1,0,1
2021,13,04204,0,1,0,1,0,1
2021,13,19000,0,1,0,1,0,1
2021,13,42425,0,1,0,1,0,1
2021,13,49008,0,1,0,1,0,1
2021,13,67284,0,1,0,1,0,1
2021,13,68516,0,1,0,1,0,1
2021,13,69000,0,1,0,1,0,1
2021,13,72122,NA,NA,NA,NA,NA,NA
2021,13,80508,0,1,0,1,0,1
2021,15,71550,NA,NA,NA,NA,NA,NA
2021,16,08830,0,1,0,1,0,1
2021,16,52120,0,1,0,1,0,1
2021,16,56260,0,1,0,1,0,1
2021,17,02154,0,1,0,1,0,1
2021,17,03012,0,1,0,1,0,1
2021,17,06613,0,1,0,1,0,1
2021,17,12385,0,1,0,1,0,1
2021,17,14000,0,1,0,1,0,1
2021,17,14351,0,1,0,1,0,1
2021,17,23074,0,1,0,1,0,1
2021,17,24582,0,1,0,1,0,1
2021,17,38570,0,1,0,1,0,1
2021,17,51622,0,1,0,1,0,1
2021,17,59000,0,1,0,1,0,1
2021,17,65000,0,1,0,1,0,1
2021,17,68003,0,1,0,1,0,1
2021,17,72000,0,1,0,1,0,1
2021,17,79293,0,1,0,1,0,1
2021,18,05860,0,1,0,1,0,1
2021,18,10342,0,1,0,1,0,1
2021,18,22000,0,1,0,1,0,1
2021,18,23278,0,1,0,1,0,1
2021,18,25000,0,1,0,1,0,1
2021,18,31000,0,1,0,1,0,1
2021,18,36003,NA,NA,NA,NA,NA,NA
2021,18,71000,0,1,0,1,0,1
2021,19,12000,0,1,0,1,0,1
2021,19,19000,0,1,0,1,0,1
2021,19,21000,0,1,0,1,0,1
2021,19,73335,0,1,0,1,0,1
2021,20,36000,0,1,0,1,0,1
2021,20,38900,0,1,0,1,0,1
2021,20,52575,0,1,0,1,0,1
2021,20,53775,0,1,0,1,0,1
2021,20,71000,0,1,0,1,0,1
2021,20,79000,0,1,0,1,0,1
2021,21,46027,0,1,0,1,0,1
2021,21,48006,0,1,0,1,0,1
2021,22,05000,0,1,0,1,0,1
2021,22,40735,0,1,0,1,0,1
2021,22,41155,0,1,0,1,0,1
2021,22,55000,0,1,0,1,0,1
2021,22,70000,0,1,0,1,0,1
2021,24,04000,0,1,0,1,0,1
2021,24,30325,0,1,0,1,0,1
2021,25,07000,0,1,0,1,0,1
2021,25,09000,0,1,0,1,0,1
2021,25,11000,0,1,0,1,0,1
2021,25,23000,0,1,0,1,0,1
2021,25,34550,0,1,0,1,0,1
2021,25,37000,0,1,0,1,0,1
2021,25,37490,0,1,0,1,0,1
2021,25,45000,0,1,0,1,0,1
2021,25,45560,0,1,0,1,0,1
2021,25,55745,0,1,0,1,0,1
2021,25,62535,0,1,0,1,0,1
2021,25,67000,0,1,0,1,0,1
2021,25,82000,0,1,0,1,0,1
2021,26,03000,0,1,0,1,0,1
2021,26,21000,0,1,0,1,0,1
2021,26,22000,0,1,0,1,0,1
2021,26,27440,0,1,0,1,0,1
2021,26,29000,0,1,0,1,0,1
2021,26,34000,0,1,0,1,0,1
2021,26,46000,0,1,0,1,0,1
2021,26,49000,0,1,0,1,0,1
2021,26,69035,0,1,0,1,0,1
2021,26,74900,0,1,0,1,0,1
2021,26,76460,0,1,0,1,0,1
2021,26,80700,0,1,0,1,0,1
2021,26,84000,0,1,0,1,0,1
2021,26,86000,0,1,0,1,0,1
2021,26,88940,0,1,0,1,0,1
2021,27,06616,0,1,0,1,0,1
2021,27,07966,0,1,0,1,0,1
2021,27,17000,0,1,0,1,0,1
2021,27,43000,0,1,0,1,0,1
2021,27,51730,0,1,0,1,0,1
2021,27,54880,0,1,0,1,0,1
2021,27,58000,NA,NA,NA,NA,NA,NA
2021,27,71428,0,1,0,1,0,1
2021,28,36000,0,1,0,1,0,1
2021,29,15670,0,1,0,1,0,1
2021,29,35000,0,1,0,1,0,1
2021,29,38000,0,1,0,1,0,1
2021,29,41348,0,1,0,1,0,1
2021,29,54074,0,1,0,1,0,1
2021,29,65000,0,1,0,1,0,1
2021,29,70000,0,1,0,1,0,1
2021,30,06550,0,1,0,1,0,1
2021,31,28000,0,1,0,1,0,1
2021,31,37000,0,1,0,1,0,1
2021,32,31900,0,1,0,1,0,1
2021,32,40000,0,1,0,1,0,1
2021,32,51800,0,1,0,1,0,1
2021,32,60600,0,1,0,1,0,1
2021,32,68400,0,1,0,1,0,1
2021,33,45140,0,1,0,1,0,1
2021,33,50260,0,1,0,1,0,1
2021,34,13690,0,1,0,1,0,1
2021,34,21000,0,1,0,1,0,1
2021,34,36000,0,1,0,1,0,1
2021,34,51000,0,1,0,1,0,1
2021,34,57000,0,1,0,1,0,1
2021,34,74000,0,1,0,1,0,1
2021,35,02000,0,1,0,1,0,1
2021,35,39380,0,1,0,1,0,1
2021,35,63460,0,1,0,1,0,1
2021,35,70500,0,1,0,1,0,1
2021,36,01000,0,1,0,1,0,1
2021,36,11000,0,1,0,1,0,1
2021,36,50617,0,1,0,1,0,1
2021,36,51000,0,1,0,1,0,1
2021,36,63000,0,1,0,1,0,1
2021,36,73000,0,1,0,1,0,1
2021,36,84000,0,1,0,1,0,1
2021,37,02140,0,1,0,1,0,1
2021,37,10740,0,1,0,1,0,1
2021,37,12000,0,1,0,1,0,1
2021,37,14100,0,1,0,1,0,1
2021,37,19000,0,1,0,1,0,1
2021,37,22920,0,1,0,1,0,1
2021,37,25580,0,1,0,1,0,1
2021,37,28000,0,1,0,1,0,1
2021,37,28080,0,1,0,1,0,1
2021,37,31400,0,1,0,1,0,1
2021,37,55000,0,1,0,1,0,1
2021,37,74440,0,1,0,1,0,1
2021,37,75000,0,1,0,1,0,1
2021,38,25700,0,1,0,1,0,1
2021,39,01000,0,1,0,1,0,1
2021,39,15000,0,1,0,1,0,1
2021,39,16000,0,1,0,1,0,1
2021,39,18000,0,1,0,1,0,1
2021,39,21000,0,1,0,1,0,1
2021,39,61000,0,1,0,1,0,1
2021,39,77000,0,1,0,1,0,1
2021,40,09050,0,1,0,1,0,1
2021,40,23200,0,1,0,1,0,1
2021,40,41850,0,1,0,1,0,1
2021,40,52500,0,1,0,1,0,1
2021,40,55000,0,1,0,1,0,1
2021,40,75000,0,1,0,1,0,1
2021,41,05350,0,1,0,1,0,1
2021,41,05800,0,1,0,1,0,1
2021,41,23850,0,1,0,1,0,1
2021,41,31250,0,1,0,1,0,1
2021,41,34100,0,1,0,1,0,1
2021,41,47000,0,1,0,1,0,1
2021,41,59000,0,1,0,1,0,1
2021,41,64900,0,1,0,1,0,1
2021,42,02000,0,1,0,1,0,1
2021,42,06088,0,1,0,1,0,1
2021,42,24000,0,1,0,1,0,1
2021,42,60000,0,1,0,1,0,1
2021,42,61000,0,1,0,1,0,1
2021,42,63624,0,1,0,1,0,1
2021,42,69000,0,1,0,1,0,1
2021,44,19180,0,1,0,1,0,1
2021,44,54640,0,1,0,1,0,1
2021,44,59000,0,1,0,1,0,1
2021,44,74300,0,1,0,1,0,1
2021,45,13330,0,1,0,1,0,1
2021,45,16000,0,1,0,1,0,1
2021,45,48535,0,1,0,1,0,1
2021,45,50875,0,1,0,1,0,1
2021,46,59020,0,1,0,1,0,1
2021,47,14000,0,1,0,1,0,1
2021,47,15160,0,1,0,1,0,1
2021,47,27740,0,1,0,1,0,1
2021,47,40000,0,1,0,1,0,1
2021,47,48000,0,1,0,1,0,1
2021,47,51560,0,1,0,1,0,1
2021,47,52006,0,1,0,1,0,1
2021,48,01000,0,1,0,1,0,1
2021,48,01924,0,1,0,1,0,1
2021,48,03000,0,1,0,1,0,1
2021,48,04000,0,1,0,1,0,1
2021,48,05000,0,1,0,1,0,1
2021,48,06128,0,1,0,1,0,1
2021,48,07000,0,1,0,1,0,1
2021,48,10768,0,1,0,1,0,1
2021,48,10912,0,1,0,1,0,1
2021,48,13024,0,1,0,1,0,1
2021,48,13552,0,1,0,1,0,1
2021,48,15976,0,1,0,1,0,1
2021,48,16432,0,1,0,1,0,1
2021,48,17000,0,1,0,1,0,1
2021,48,19000,0,1,0,1,0,1
2021,48,19972,0,1,0,1,0,1
2021,48,22660,0,1,0,1,0,1
2021,48,24000,0,1,0,1,0,1
2021,48,26232,0,1,0,1,0,1
2021,48,27000,0,1,0,1,0,1
2021,48,27684,0,1,0,1,0,1
2021,48,29000,0,1,0,1,0,1
2021,48,30464,0,1,0,1,0,1
2021,48,35000,0,1,0,1,0,1
2021,48,37000,0,1,0,1,0,1
2021,48,39148,0,1,0,1,0,1
2021,48,41464,0,1,0,1,0,1
2021,48,41980,0,1,0,1,0,1
2021,48,42508,0,1,0,1,0,1
2021,48,43888,0,1,0,1,0,1
2021,48,45000,0,1,0,1,0,1
2021,48,45384,0,1,0,1,0,1
2021,48,45744,0,1,0,1,0,1
2021,48,47892,0,1,0,1,0,1
2021,48,48072,0,1,0,1,0,1
2021,48,48768,0,1,0,1,0,1
2021,48,50820,0,1,0,1,0,1
2021,48,53388,0,1,0,1,0,1
2021,48,56000,0,1,0,1,0,1
2021,48,56348,0,1,0,1,0,1
2021,48,57200,0,1,0,1,0,1
2021,48,58016,0,1,0,1,0,1
2021,48,61796,0,1,0,1,0,1
2021,48,63500,0,1,0,1,0,1
2021,48,64472,0,1,0,1,0,1
2021,48,65000,0,1,0,1,0,1
2021,48,70808,0,1,0,1,0,1
2021,48,72176,0,1,0,1,0,1
2021,48,74144,0,1,0,1,0,1
2021,48,76000,0,1,0,1,0,1
2021,48,79000,0,1,0,1,0,1
2021,49,43660,0,1,0,1,0,1
2021,49,44320,0,1,0,1,0,1
2021,49,55980,0,1,0,1,0,1
2021,49,57300,0,1,0,1,0,1
2021,49,62470,0,1,0,1,0,1
2021,49,65330,0,3,0,1,0,1
2021,49,67000,0,1,0,1,0,1
2021,49,67440,0,1,0,1,0,1
2021,49,70850,0,1,0,1,0,1
2021,49,82950,0,1,0,1,0,1
2021,49,83470,0,1,0,1,0,1
2021,51,01000,0,1,0,1,0,1
2021,51,16000,0,1,0,1,0,1
2021,51,35000,0,1,0,1,0,1
2021,51,47672,0,1,0,1,0,1
2021,51,56000,0,1,0,1,0,1
2021,51,57000,0,1,0,1,0,1
2021,51,64000,0,1,0,1,0,1
2021,51,67000,0,1,0,1,0,1
2021,51,68000,0,1,0,1,0,1
2021,51,76432,0,1,0,1,0,1
2021,51,82000,0,1,0,1,0,1
2021,53,03180,0,1,0,1,0,1
2021,53,05210,0,1,0,1,0,1
2021,53,05280,0,1,0,1,0,1
2021,53,22640,0,1,0,1,0,1
2021,53,23515,0,1,0,1,0,1
2021,53,35275,0,1,0,1,0,1
2021,53,35415,0,1,0,1,0,1
2021,53,35940,0,1,0,1,0,1
2021,53,53545,0,1,0,1,0,1
2021,53,57745,0,1,0,1,0,1
2021,53,63000,0,1,0,1,0,1
2021,53,67000,0,1,0,1,0,1
2021,53,67167,0,1,0,1,0,1
2021,53,70000,0,1,0,1,0,1
2021,53,74060,0,1,0,1,0,1
2021,53,80010,0,1,0,1,0,1
2021,55,02375,0,1,0,1,0,1
2021,55,31000,0,1,0,1,0,1
2021,55,39225,0,1,0,1,0,1
2021,55,48000,0,1,0,1,0,1
2021,55,53000,0,1,0,1,0,1
2021,55,66000,0,1,0,1,0,1
2020,01,03076,0,1,0,1,0,1
2020,01,07000,0.916463492878224,1,0.7433173406442769,1,0.1169953467759805,1
2020,01,35896,0,1,0,1,0,1
2020,01,37000,0.45612090680100753,1,0.4551228942281138,1,0.07857657101717577,1
2020,01,50000,0.7112104978620927,1,0.5265405735204393,1,0.3684597475799534,1
2020,01,51000,0.7920392534507268,1,0.8919047619047619,1,0.3958431743032593,1
2020,01,77256,0.5795861011752683,1,0.5994194484760522,1,0.09173239848086474,1
2020,02,03000,0.31596269884805267,1,0.19412724306688417,1,0.05435105435105435,1
2020,04,04720,0.10269445856634468,1,0.12021732476277931,1,0.06555213374395072,1
2020,04,07940,0.05726141078838174,1,0.05996055226824457,1,0.027031324534902212,1
2020,04,12000,5.347593582887701e-4,1,0.0029992942836979536,1,0.00119194773088469,1
2020,04,23620,0.1,1,0.10358565737051793,1,0.022160148975791435,1
2020,04,27400,0,1,0,1,0,1
2020,04,27820,0.2413946258050189,1,0.19519298245614036,1,0.06112445468359394,1
2020,04,28380,0.04247572815533981,1,0.040672859653527495,1,0.005025914873566829,1
2020,04,46000,0.1805091283106197,1,0.16504252802343267,1,0.03414917531762269,1
2020,04,54050,0.15740120562625587,1,0.1965065502183406,1,0.05093224192814916,1
2020,04,55000,0.38689104453614875,1,0.44368167340965825,1,0.06920947400799754,1
2020,04,65000,0,1,0,1,0,1
2020,04,71510,0.057304785894206546,1,0.07127609108159393,1,0.01266112424681565,1
2020,04,73000,0.220180420982292,1,0.16433021806853582,1,0.03751453027581105,1
2020,04,77000,0.48793774319066147,1,0.48399148594138397,1,0.16387121045866382,1
2020,04,85540,0.29461756373937675,1,0.28781182478884304,1,0.13846153846153847,1
2020,05,23290,0.10693069306930693,1,0.08256172839506173,1,0.034980011422044544,1
2020,05,24550,0.7041719342604298,1,0.8272690106295993,1,0.40443313953488375,1
2020,05,35710,0.8434607645875252,1,0.7838205302515295,1,0.3849388881587594,1
2020,05,41000,0.6252496520002421,1,0.6645909383723427,1,0.1657423877785916,1
2020,05,66080,0.6563106796116505,1,0.7713113225144562,1,0.49282296650717705,1
2020,06,00562,0,1,0,1,0,1
2020,06,00884,0,1,0,1,0,1
2020,06,02000,0.17341640706126688,1,0.24937485792225506,1,0.07212968471148126,1
2020,06,02252,0.24560061208875286,1,0.29108727320884653,1,0.15828877005347594,1
2020,06,02364,0.41363636363636364,1,0.28748975689702266,1,0.16535908267954133,1
2020,06,03526,0.5123642548737407,1,0.5181750557897347,1,0.20060462997473807,1
2020,06,04982,0.0981067125645439,1,0.09352869352869353,1,0.0593607305936073,1
2020,06,06000,0,1,0,1,0,1
2020,06,08786,0.07636363636363637,1,0.08723441008809811,1,0.013458950201884253,1
2020,06,08954,0,1,0,1,0,1
2020,06,11194,0,1,0,1,0,1
2020,06,11530,0.0666908300108735,1,0.1499083129584352,1,0.07105263157894737,1
2020,06,13014,0.05704697986577181,1,0.04309656823623304,1,0.02239577351556219,1
2020,06,13210,0.01182033096926714,1,0.04268018018018018,1,0.007851534618129907,1
2020,06,13214,0,1,0,1,0,1
2020,06,13392,0.06062149770759042,1,0.14689140032765946,1,0.047324040612631214,1
2020,06,13588,0,1,0,1,0,1
2020,06,14218,0.07142857142857142,1,0.06474957151018854,1,0.026867167919799498,1
2020,06,15044,1,1,1,1,1,1
2020,06,16000,0.0338680926916221,1,0.06024930747922438,1,0.004417797412432944,1
2020,06,16350,0.014810045074050225,1,0.07963655799037947,1,0.005754385964912281,1
2020,06,16532,0.04790419161676647,1,0.12987783181117304,1,0.008859357696566999,1
2020,06,17918,0,1,0,1,0,1
2020,06,19766,0,1,0,1,0,1
2020,06,21712,0.4601542416452442,1,0.28738167447844865,1,0.2316136853448276,1
2020,06,22020,0,1,0,1,0,1
2020,06,22230,0.5833333333333334,1,0.6926702961094144,1,0.39655172413793105,1
2020,06,22804,0.16052060737527116,1,0.2968289276291966,1,0.031471631205673756,1
2020,06,23182,0.15274803711634546,1,0.21654395842355997,1,0.048932847475273294,1
2020,06,24638,0,1,0,1,0,1
2020,06,24680,0.16418495297805644,1,0.2722379370005218,1,0.2184137106416899,1
2020,06,26000,0,1,0,1,0,1
2020,06,27000,0.5326276608119112,1,0.5646166058958869,1,0.20468807678110004,1
2020,06,28000,0.06143344709897611,1,0.10450432534553047,1,0.01622849724115547,1
2020,06,29000,0.1643835616438356,1,0.1865432538269847,1,0.0330820770519263,1
2020,06,30000,0.06046511627906977,1,0.08140120967741936,1,0.06383810734187115,1
2020,06,32548,0.3975806451612903,1,0.3565924657534247,1,0.09397590361445783,1
2020,06,33000,0,1,0,1,0,1
2020,06,33182,0.4397590361445783,1,0.3779029924617376,1,0.2452737539896882,1
2020,06,33434,0.3918918918918919,1,0.2624513035660773,1,0.16354816354816354,1
2020,06,36000,0,1,0.07699832308552264,1,0.0013253224951404843,1
2020,06,36448,0.4675324675324675,1,0.5356044667421913,1,0.18327067669172933,1
2020,06,36546,0.47726136931534235,1,0.8090823592637377,1,0.49230769230769234,1
2020,06,36770,0,1,0,1,0,1
2020,06,37692,0.08904109589041095,1,0.11405502392344498,1,0.02390710382513661,1
2020,06,39496,0,1,0,1,0,1
2020,06,39892,9.302325581395349e-4,1,0.04320511407472721,1,0.002530044275774826,1
2020,06,40130,0.5952999220981563,1,0.5930138509756344,1,0.3780487804878049,1
2020,06,41992,0,1,0,1,0,1
2020,06,43000,0.33015665796344645,1,0.36880059680048627,1,0.042933576928096046,1
2020,06,44000,0.7333635422061108,1,0.8640501803703481,1,0.17583828012193164,1
2020,06,45484,0.06072106261859583,1,0.1144564467938405,1,0.060350030175015085,1
2020,06,46842,0,1,0,1,0,1
2020,06,46898,0.4034917555771096,1,0.43560166541533,1,0.25387780943336496,1
2020,06,47766,0,1,0,1,0,1
2020,06,48256,0,1,0,1,0,1
2020,06,48354,0.1823020625415835,1,0.26346396149000095,1,0.0833555259653795,1
2020,06,49270,0.3599309153713299,1,0.4046021093000959,1,0.29465449804432853,1
2020,06,49670,0,1,0,1,0,1
2020,06,50076,0,1,0,1,0,1
2020,06,50258,0,1,0,1,0,1
2020,06,51182,0,1,0,1,0,1
2020,06,52526,0.07586206896551724,1,0.10726421158967765,1,0.07395498392282958,1
2020,06,53000,0.4558055805580558,1,0.6867024448419797,1,0.11292270531400966,1
2020,06,53322,0.17325800376647835,1,0.12364830072090628,1,0.01988910318225651,1
2020,06,53896,0.22053872053872053,1,0.2728047740835465,1,0.11054172767203514,1
2020,06,53980,0,1,0,1,0,1
2020,06,54652,0.15777777777777777,1,0.33713946954661445,1,0.3485915492957746,1
2020,06,55156,0.4720575783234547,1,0.4796502095099289,1,0.312625250501002,1
2020,06,56000,0.09558823529411764,1,0.1505121159130652,1,0.019766852508869743,1
2020,06,56700,0.3796542553191489,1,0.5579573775494634,1,0.42924528301886794,1
2020,06,57456,0.05096952908587258,1,0.06248313090418354,1,0.07537688442211055,1
2020,06,57792,0,1,0,1,0,1
2020,06,58072,0.7698695136417556,1,0.8397996837111228,1,0.68,1
2020,06,59444,0.21265822784810126,1,0.2594915813799934,1,0.10146561443066517,1
2020,06,59451,0,1,0,1,0,1
2020,06,59920,0.3125,1,0.22351959966638865,1,0.1320500879644003,1
2020,06,60102,0.19718309859154928,1,0.2316409124356144,1,0.015654118524040254,1
2020,06,60466,0.5303983228511531,1,0.5706586180877439,1,0.41156462585034015,1
2020,06,60620,0.30822212656048215,1,0.284992255645227,1,0.1843501326259947,1
2020,06,62000,0.11039161270428616,1,0.1648235152391278,1,0.04419178376059208,1
2020,06,62938,0,1,0,1,0,1
2020,06,64000,0.5036418045282592,1,0.48960351847416667,1,0.25581290147471275,1
2020,06,64224,0.12875536480686695,1,0.3389061178460671,1,0.06749418153607448,1
2020,06,65000,0.8456755228942906,1,0.8421805136737028,1,0.6303501945525292,1
2020,06,65042,0,1,0,1,0,1
2020,06,66000,0.32582768819769103,1,0.277573122091735,1,0.015991340074298227,1
2020,06,67000,0.1114076050700467,1,0.03484671687705527,1,0.007180081065431384,1
2020,06,68000,0.04284257055423325,1,0.09155336557471788,1,0.004885278296190581,1
2020,06,68084,0.025162337662337664,1,0.0031311154598825833,1,0.0011918951132300357,1
2020,06,68196,0.038461538461538464,1,0.001311618756148213,1,6.787023211619384e-4,1
2020,06,68252,0,1,0,1,0,1
2020,06,68378,0,1,0,1,0,1
2020,06,69000,0.39903846153846156,1,0.6284027487755799,1,0.06938239159001314,1
2020,06,69070,0,1,0.03248375812093953,1,0.0012497396375755051,1
2020,06,69084,0,1,0,1,0,1
2020,06,69088,0,1,0,1,0,1
2020,06,69196,0.18518518518518517,1,0.4356599915113632,1,0.07604690117252931,1
2020,06,70000,0,1,0,1,0,1
2020,06,70098,0.015122873345935728,1,0.018981565979193284,1,0.004861551469034031,1
2020,06,72016,0,1,0,1,0,1
2020,06,73080,1,1,0.9657089898053753,1,0.9567099567099567,1
2020,06,75000,0.4771763532052881,1,0.5516496862559881,1,0.24454428754813864,1
2020,06,77000,0,1,0,1,0,1
2020,06,78120,0,1,0,1,0,1
2020,06,78582,0,1,0,1,0,1
2020,06,80000,0.09197651663405088,1,0.10734600024204284,1,0.008824178248400618,1
2020,06,80238,0.024096385542168676,1,0.05696015740285293,1,0.011488862837045722,1
2020,06,80854,0.018018018018018018,1,0.0718858362229928,1,0.0017103762827822121,1
2020,06,81344,0.07464607464607464,1,0.06292887029288703,1,0.015693112467306015,1
2020,06,81554,0,1,0,1,0,1
2020,06,81666,0.14640198511166252,1,0.11339705167665641,1,0.07151095732410612,1
2020,06,82590,0.6248216833095578,1,0.5672609400324149,1,0.4771689497716895,1
2020,06,82954,0.18,1,0.21582538750056487,1,0.08433172553290805,1
2020,06,82996,0.04961832061068702,1,0.0878646934460888,1,0.009253139458030404,1
2020,06,84200,0.013297872340425532,1,0.04438685948340717,1,0.003870967741935484,1
2020,06,84550,0.046153846153846156,1,0.12601132686084143,1,0.09354413702239789,1
2020,06,85292,0.017006802721088437,1,0.03056185233160622,1,0.00874485596707819,1
2020,08,03455,0.15416666666666667,1,0.2001585414189457,1,0.0403594640134799,1
2020,08,04000,0.20058869361960002,1,0.2879359095193214,1,0.04662809354791657,1
2020,08,07850,0,1,0,1,0,1
2020,08,12815,0.009717314487632508,1,0.11942625506704085,1,0.003944174757281553,1
2020,08,16000,0.3749376765830148,1,0.35781360043821897,1,0.12644810941271117,1
2020,08,20000,0.26536021203116217,1,0.3983255392970282,1,0.08335645487336002,1
2020,08,27425,0.07202216066481995,1,0.09731786879304095,1,0.027649320936572068,1
2020,08,32155,0.5334685598377282,1,0.37773972602739725,1,0.13234782608695653,1
2020,08,43000,0.10612855007473841,1,0.1772768463978251,1,0.03805209513023783,1
2020,08,45970,0.059880239520958084,1,0.25742888924201496,1,0.040805223068552776,1
2020,08,46465,0.008,1,0.06320464639562692,1,0.030278136368970778,1
2020,08,62000,0.3764705882352941,1,0.4886561954624782,1,0.30396684428656007,1
2020,08,77290,0.20170454545454544,1,0.13954717646022377,1,0.0325922182920667,1
2020,08,83835,0.0542907180385289,1,0.06491535318155284,1,0.02,1
2020,09,08000,0.5759018930825098,1,0.5445084854306756,1,0.38917525773195877,1
2020,09,18430,0,1,0,1,0,1
2020,09,37000,0.7507180650037792,1,0.8893338542684118,1,0.7472384665367121,1
2020,09,52000,0.5329651363479462,1,0.539623401470144,1,0.20741394527802295,1
2020,09,55990,0,1,0,1,0,1
2020,09,73000,0,1,0,1,0,1
2020,09,80000,0.6925018934612471,1,0.6751034075241285,1,0.5904522613065326,1
2020,11,50000,0.5648651895584121,1,0.1259722129894303,1,0.021313614615050023,1
2020,12,07300,0,1,0,1,0,1
2020,12,07875,0.6446132596685082,1,0.38666382616105666,1,0.22694882314834808,1
2020,12,10275,0.05320600272851296,1,0.04475100942126514,1,0.013458262350936967,1
2020,12,12875,0.3968117190866006,1,0.289281507656066,1,0.10855370551746654,1
2020,12,14400,0.08766870457953628,1,0.03488495387551691,1,0.011501680020677177,1
2020,12,16475,0.03993098348533399,1,0.10180886825676325,1,0.035,1
2020,12,16725,0.7858585858585858,1,0.5295211529521153,1,0.5218295218295218,1
2020,12,17200,0.03803486529318542,1,0.043214556482183475,1,0.030166710770044985,1
2020,12,17935,0,1,0,1,0,1
2020,12,24000,0.7131460860894133,1,0.4087651034200287,1,0.14936954413191075,1
2020,12,24125,0.24396371249127705,1,0.22579045257284563,1,0.051779661016949155,1
2020,12,25175,0.2673847995212448,1,0.05820476858345021,1,0.04554079696394687,1
2020,12,30000,0.8980752405949256,1,0.7788706620482322,1,0.6524590163934426,1
2020,12,32000,0.4304599283943817,1,0.258592765880871,1,0.11375309111660643,1
2020,12,32275,0.9182012847965739,1,0.891799741044454,1,0.8318821165438715,1
2020,12,35000,0.4857489157813003,1,0.26313453536754505,1,0.1263243683781581,1
2020,12,36950,0.2889594120594622,1,0.2878267842822775,1,0.22478386167146974,1
2020,12,38250,0.155484693877551,1,0.16259765625,1,0.08084088190052982,1
2020,12,39425,0,1,0,1,0,1
2020,12,43975,0.4762979683972912,1,0.216280170373876,1,0.12676232064878354,1
2020,12,45000,0.8242242921473074,1,0.393406186330802,1,0.13012255840674072,1
2020,12,45025,0.2490118577075099,1,0.2715798963263466,1,0.07229647630619684,1
2020,12,45060,0.9683154775472989,1,0.9046153846153846,1,0.8865979381443299,1
2020,12,45975,0.38111099172665736,1,0.14466911764705884,1,0.1340782122905028,1
2020,12,49675,0,1,0,1,0,1
2020,12,53000,0.5591280085530261,1,0.22736159120530403,1,0.06188675108260703,1
2020,12,54000,0.17565055762081785,1,0.11566186107470511,1,0.10823258491652274,1
2020,12,54200,0,1,0,1,0,1
2020,12,55775,0.1037202380952381,1,0.043426656426726246,1,0.017203107658157604,1
2020,12,57425,0.36333737233858404,1,0.09733333333333333,1,0.07904411764705882,1
2020,12,58050,0.8832292849035187,1,0.767202109805802,1,0.40068298235628913,1
2020,12,58715,0,1,0,1,0,1
2020,12,63000,0,2,0,1,0,1
2020,12,69700,0.11411609498680739,1,0.015765765765765764,1,0.01430976430976431,1
2020,12,70600,0.36277227722772276,1,0.23932472691161866,1,0.06230644447721575,1
2020,12,71000,0.55535603034412,1,0.4493110236220472,1,0.130024443237371,1
2020,12,76600,0.8790021450703106,1,0.844471187880504,1,0.45066720582288716,1
2020,13,03440,0.8124524280712437,1,0.8142174432497014,1,0.6730382293762576,1
2020,13,04000,0.6041545228127815,1,0.3519245283018868,1,0.01733431983934045,1
2020,13,04204,0.9551468939224041,1,0.9209855564995751,1,0.8269165247018739,1
2020,13,19000,0.8751578567562691,1,0.7391583681336331,1,0.4408566721581549,1
2020,13,42425,0,1,0,1,0,1
2020,13,49008,0.9705251270468662,1,0.9375,1,0.6271342870327642,1
2020,13,67284,0.037349933303690526,1,0.13651612903225807,1,0.004675157182008705,1
2020,13,68516,0,1,0,1,0,1
2020,13,69000,0.6130090497737557,1,0.4276206322795341,1,0.14847092378386945,1
2020,13,72122,NA,NA,NA,NA,NA,NA
2020,13,80508,0.7589580854158403,1,0.689156626506024,1,0.470835618943134,1
2020,15,71550,NA,NA,NA,NA,NA,NA
2020,16,08830,0.05731990704879938,1,0.023010546500479387,1,0.012851274960348123,1
2020,16,52120,0,1,0,1,0,1
2020,16,56260,0.059880239520958084,1,0.09447654885096089,1,0.07151756790431099,1
2020,17,02154,0,1,0,1,0,1
2020,17,03012,0.06494221243808475,1,0.20943176643222183,1,0.013775911834164262,1
2020,17,06613,0.17148241206030151,1,0.060498220640569395,1,0.05352252925068459,1
2020,17,12385,0.05831299159208028,1,0.0518018018018018,1,0.005849853753656159,1
2020,17,14000,0.7898616915503318,1,0.7324163587274334,1,0.1364766236513645,1
2020,17,14351,0.5677655677655677,1,0.5815714285714285,1,0.657258064516129,1
2020,17,23074,0.2934179222839017,1,0.32435587425998497,1,0.11648204095334004,1
2020,17,24582,0,1,0,1,0,1
2020,17,38570,0.5475968268782081,1,0.5651212250106338,1,0.22064777327935223,1
2020,17,51622,0,1,0,1,0,1
2020,17,59000,0.732237467735362,1,0.6391691394658754,1,0.2229355767102059,1
2020,17,65000,0.4459689169499757,1,0.46785714285714286,1,0.2594802439671175,1
2020,17,68003,0,1,0,1,0,1
2020,17,72000,0.3410507569011576,1,0.2183406113537118,1,0.24039186134137153,1
2020,17,79293,0.25863821138211385,1,0.22427931355144137,1,0.1831578947368421,1
2020,18,05860,0.07952871870397643,1,0.04160887656033287,1,0.016794731064763996,1
2020,18,10342,0,1,0,1,0,1
2020,18,22000,0.3819284064665127,1,0.27381905524419536,1,0.11202419301821051,1
2020,18,23278,0,1,0,1,0,1
2020,18,25000,0.4208722373241934,1,0.41707644166294144,1,0.10102240591690233,1
2020,18,31000,0.7955112219451371,1,0.8367890431805212,1,0.7579335793357933,1
2020,18,36003,NA,NA,NA,NA,NA,NA
2020,18,71000,0.26897171082173327,1,0.259268413247652,1,0.14696485623003194,1
2020,19,12000,0.100169779286927,1,0.048102981029810296,1,0.03005181347150259,1
2020,19,19000,0.1933264533883729,1,0.21923474663908996,1,0.11350023037935801,1
2020,19,21000,0.4201693377683701,1,0.45722904546433957,1,0.2125070061654256,1
2020,19,73335,0.15717926932880205,1,0.20422674303772467,1,0.02655420181193377,1
2020,20,36000,0.8856872933396316,1,0.8973653734800232,1,0.5347593582887701,1
2020,20,38900,0,1,0,1,0,1
2020,20,52575,0.025850926324859975,1,0.12142988759904183,1,0.013233878729547642,1
2020,20,53775,0,1,0,1,0,1
2020,20,71000,0.4733306993283287,1,0.456312625250501,1,0.1465811965811966,1
2020,20,79000,0.6772422878471841,1,0.7853717026378897,1,0.466231524436293,1
2020,21,46027,0.5503924646781789,1,0.5828729281767956,1,0.27005388760585064,1
2020,21,48006,0.6627220707630546,1,0.6049473202015575,1,0.3977554670821072,1
2020,22,05000,0.49464780920687745,1,0.2066880785943699,1,0.03209831254585473,1
2020,22,40735,0.8218301667312912,1,0.7136854741896759,1,0.5930007265681763,1
2020,22,41155,0.7697465621093306,1,0.5620214395099541,1,0.20045772751750135,1
2020,22,55000,0.7827653997378768,1,0.6264537748866549,1,0.21991790883560164,1
2020,22,70000,0.6453406283092128,1,0.410288582183187,1,0.07986921999065857,1
2020,24,04000,0.7646558954663841,1,0.6725934157521878,1,0.35055747538632065,1
2020,24,30325,0.06838407494145199,1,0.09976002742543709,1,0.01922077922077922,1
2020,25,07000,0.621234386480529,1,0.5521678321678322,1,0.17061855670103093,1
2020,25,09000,0.6231942215088283,1,0.6987635818658674,1,0.62625,1
2020,25,11000,0.025388404698749527,1,0.03712671509281679,1,0.0438871473354232,1
2020,25,23000,0.8759124087591241,1,0.8905172413793103,1,0.7615161156453175,1
2020,25,34550,1,1,1,1,1,1
2020,25,37000,0.9880239520958084,1,0.967450911020697,1,0.9380266376732808,1
2020,25,37490,0.9126832377310389,1,0.937387426022815,1,0.7347130761994356,1
2020,25,45000,0.916256157635468,1,0.9176815168799137,1,0.8041914294651236,1
2020,25,45560,0,1,0,1,0,1
2020,25,55745,0.05521472392638037,1,0.0807061790668348,1,0.034638955502264854,1
2020,25,62535,0.3640897755610973,1,0.5,1,0.21671159029649595,1
2020,25,67000,0.911911145155113,1,0.955677124037066,1,0.8857484076433121,1
2020,25,82000,0.8386785162287481,1,0.8817973406694177,1,0.678156146179402,1
2020,26,03000,0.0364963503649635,1,0.02460456942003515,1,0.05600641218314798,1
2020,26,21000,0.7270091135045568,1,0.6365638766519823,1,0.6221534716234721,1
2020,26,22000,0.9065968966455945,1,0.961713595390763,1,0.9266365688487584,1
2020,26,27440,0,1,0,1,0,1
2020,26,29000,0.8931493346476097,1,0.7842323651452282,1,0.6359893436667474,1
2020,26,34000,0.6022094716108589,1,0.6607674636263082,1,0.11596400273892205,1
2020,26,46000,0.74438629073104845,1,0.6907781967775112,1,0.4623365843536003,1
2020,26,49000,0.25141930251419303,1,0.030229746070133012,1,0.0030729579698651863,1
2020,26,69035,0,1,0,1,0,1
2020,26,74900,0.47391725473917257,1,0.26436781609195403,1,0.04175365344467641,1
2020,26,76460,0.10678307588985897,1,0.05078125,1,0.1387429051923481,1
2020,26,80700,0,1,0,1,0,1
2020,26,84000,0.6578581363004172,1,0.42626728110599077,1,0.18708010335917313,1
2020,26,86000,0.2323443376514835,1,0.07905982905982906,1,0.1885773624091381,1
2020,26,88940,0.7814685314685315,1,0.7926829268292683,1,0.432194046306505,1
2020,27,06616,0.09976689976689977,1,0.023884632717440287,1,0.002191380569758948,1
2020,27,07966,0.13365007229911174,1,0.055408970976253295,1,0.06743986254295532,1
2020,27,17000,0.13983050847457626,1,0.09462915601023018,1,0.03151010701545779,1
2020,27,43000,0.6374056793963482,1,0.5887275412256953,1,0.09558369363804818,1
2020,27,51730,0,1,0,1,0,1
2020,27,54880,0.20201701859439017,1,0.05627490039840637,1,0.014264188849824208,1
2020,27,58000,0.15,2,0.17647058823529413,1,0,2
2020,27,71428,0,1,0,1,0,1
2020,28,36000,0.9944342986346639,1,0.982824427480916,1,0.9539641943734015,1
2020,29,15670,0.1693679092382496,1,0.1260904044409199,1,0.06477409036385445,1
2020,29,35000,0.24488908220965638,1,0.34694513715710723,1,0.17838253678238292,1
2020,29,38000,0.6198617966436327,1,0.39297684338817795,1,0.0929156753899022,1
2020,29,41348,0,1,0,1,0,1
2020,29,54074,0,1,0,1,0,1
2020,29,65000,0.8072228724293596,1,0.2504012841091493,1,0.03240907454087144,1
2020,29,70000,0.4526582278481013,1,0.32963709677419356,1,0.29626988480526606,1
2020,30,06550,0.2835820895522388,1,0.23517520215633422,1,0.10421604539251599,1
2020,31,28000,0.19389204545454544,1,0.18366688185926405,1,0.054120267260579065,1
2020,31,37000,0.45117590427726584,1,0.5909624158157724,1,0.08876477215523647,1
2020,32,31900,0.38931955211024977,1,0.33096499160315207,1,0.19100967547798714,1
2020,32,40000,0.6917788372889392,1,0.7462959399653646,1,0.31710842502755343,1
2020,32,51800,0.661056297156123,1,0.6171599239750204,1,0.5208207604103802,1
2020,32,60600,0.44363103953147875,1,0.540960210081635,1,0.1586288766879359,1
2020,32,68400,0.4025157232704403,1,0.5115951452102298,1,0.14191609846296083,1
2020,33,45140,0.1773612112472963,1,0.19454368301396557,1,0.0819467554076539,1
2020,33,50260,0.03225806451612903,1,0.055382485289027346,1,0.027160915613255895,1
2020,34,13690,0.08352668213457076,1,0.1466299416720674,1,0.036655948553054665,1
2020,34,21000,0.7503907122125475,1,0.7095342575047372,1,0.6278505579815623,1
2020,34,36000,0.5925099788682789,1,0.41381360971880043,1,0.47435637543077236,1
2020,34,51000,0.9224592870787063,1,0.8876060122596355,1,0.8824343015214384,1
2020,34,57000,0.6977150111075849,1,0.6821005081874647,1,0.7035364936042137,1
2020,34,74000,0.45539521154476875,1,0.49437570303712036,1,0.4685714285714286,1
2020,35,02000,0.581133708351363,1,0.6090052179767715,1,0.28285115778746533,1
2020,35,39380,0.5798816568047337,1,0.6986996511259118,1,0.5503988397389412,1
2020,35,63460,0.042682926829268296,1,0.07263064658990256,1,0.059957991216345236,1
2020,35,70500,0.2727272727272727,1,0.47533498016318587,1,0.18609625668449198,1
2020,36,01000,0.8031791907514451,1,0.6746302616609784,1,0.21298750473305567,1
2020,36,11000,0.9627161749745676,1,0.9148287189113092,1,0.5750355956336023,1
2020,36,50617,0.030854830551340414,1,0.12823529411764706,1,0.00934959349593496,1
2020,36,51000,0.6635260643152413,1,0.6058037346477271,1,0.09043708804359833,1
2020,36,63000,0.8498399591779933,1,0.7518796992481203,1,0.21757698359181837,1
2020,36,73000,0.9746823956442832,1,0.9233501035809412,1,0.5655265416206939,1
2020,36,84000,0.7453296113377711,1,0.7787378392217101,1,0.5293659043659044,1
2020,37,02140,0.1044776119402985,1,0.13841314225795176,1,0.04172003659652333,1
2020,37,10740,0,1,0,1,8.96700143472023e-5,1
2020,37,12000,0.5048712595685456,1,0.5266007465876386,1,0.08294611276787572,1
2020,37,14100,0.13911444767887238,1,0.16920014477017734,1,0.07739067319905643,1
2020,37,19000,0.37025426680599094,1,0.35602527455995187,1,0.040267193527142725,1
2020,37,22920,0.7119884547984744,1,0.6213186077643909,1,0.4377855700775688,1
2020,37,25580,0.6999789162977019,1,0.6659807956104252,1,0.3851516207737888,1
2020,37,28000,0.576086450230565,1,0.5905292479108635,1,0.11353884744867648,1
2020,37,28080,0.6002162941600577,1,0.5951367781155015,1,0.14702655255650648,1
2020,37,31400,0.6843881856540084,1,0.7177210506844247,1,0.3404753933712755,1
2020,37,55000,0.19967482979372014,1,0.1664760543245175,1,0.03838743683885274,1
2020,37,74440,0.6894341290893015,1,0.5945191575742197,1,0.24736553989325305,1
2020,37,75000,0.6440711857628474,1,0.6067033254778738,1,0.07576193214491087,1
2020,38,25700,0.056794055201698515,1,0.06861313868613139,1,0.017879948914431672,1
2020,39,01000,0.8141774409273295,1,0.7320034692107545,1,0.39402241594022414,1
2020,39,15000,0.590302627543196,1,0.45727283905078075,1,0.10891394232003904,1
2020,39,16000,0.8033998305926336,1,0.7580839768339769,1,0.4118199552055487,1
2020,39,18000,0.8643258945038731,1,0.7986099193409988,1,0.4823290003737697,1
2020,39,21000,0.9031862745098039,1,0.7067718606180144,1,0.46077475401116924,1
2020,39,61000,0.16806722689075632,1,0.08966148215919488,1,0.08151247481791415,1
2020,39,77000,0.6843553962360773,1,0.5771550885386262,1,0.316773097428086,1
2020,40,09050,0.04516866781017725,1,0.07539087599057614,1,0.0052152317880794705,1
2020,40,23200,0,1,0,1,0,1
2020,40,41850,0.6914446002805049,1,0.6708319631700098,1,0.5620928766547594,1
2020,40,52500,0.3172690763052209,1,0.27662895044869296,1,0.24497015255361484,1
2020,40,55000,0.49583550234252993,1,0.5134737291958499,1,0.11451434878587197,1
2020,40,75000,0.5842134013109979,1,0.4701613776670638,1,0.26857360793287566,1
2020,41,05350,0.08313253012048193,1,0.13848358520062531,1,0.04752741966519146,1
2020,41,05800,0,1,0,1,0,1
2020,41,23850,0.1749271137026239,1,0.2522709576953024,1,0.14666399519134443,1
2020,41,31250,0.10611510791366907,1,0.14792603698150925,1,0.07450575390970787,1
2020,41,34100,0.04568527918781726,1,0.1676847004072135,1,0.04576247753352689,1
2020,41,47000,0.4090909090909091,1,0.49571734475374735,1,0.267192919507236,1
2020,41,59000,0.33493613824192336,1,0.3252390057361377,1,0.10229843685726038,1
2020,41,64900,0.46332046332046334,1,0.7047047047047047,1,0.2563308560418387,1
2020,42,02000,0.8619451697127938,1,0.910568065506653,1,0.242503259452412,1
2020,42,06088,0.2672955974842767,1,0.4062877871825877,1,0.10127554940832949,1
2020,42,24000,0.9628023733455043,1,0.8480083857442348,1,0.44775153671950824,1
2020,42,60000,0.979442625959803,1,0.957363979672712,1,0.848349146110057,1
2020,42,61000,0.8785092200651973,1,0.5490533562822719,1,0.2265116396889328,1
2020,42,63624,0.7272209567198178,1,0.8254271521371254,1,0.19058641975308643,1
2020,42,69000,0.9794576828266228,1,0.9961489088575096,1,0.9356995884773662,1
2020,44,19180,0.36875,1,0.3620642327751853,1,0.047104404567699834,1
2020,44,54640,0.6532567049808429,1,0.5401540154015402,1,0.40115489130434784,1
2020,44,59000,0.8278782330052643,1,0.8734764620373476,1,0.7120728929384966,1
2020,44,74300,0,1,0,1,0,1
2020,45,13330,0.4617532971295578,1,0.20162224797219003,1,0.13561949045820013,1
2020,45,16000,0.5566434580794895,1,0.3717241379310345,1,0.22432767894083575,1
2020,45,48535,0,1,0,1,0,1
2020,45,50875,0.78592,1,0.8090123745038524,1,0.3145275035260931,1
2020,46,59020,0.3581653520303827,1,0.35030728709394204,1,0.0918012209733554,1
2020,47,14000,0.7951959544879899,1,0.8476725230936425,1,0.287576566671902,1
2020,47,15160,0.36892201834862387,1,0.29750557696207663,1,0.23828699264940875,1
2020,47,27740,0,1,0,1,0,1
2020,47,40000,0.6533945201781617,1,0.428854734754586,1,0.16876765590352663,1
2020,47,48000,0.8734880887410998,1,0.8657816172267039,1,0.4503729202524383,1
2020,47,51560,0.07814496987401863,1,0.08551641071966275,1,0.015140867565322942,1
2020,47,52006,0.6495640802092415,1,0.6857105418331914,1,0.27324186304066944,1
2020,48,01000,0.2025862068965517,1,0.25805322128851543,1,0.12843833185448092,1
2020,48,01924,0,1,0,1,0,1
2020,48,03000,0.5466593042517945,1,0.4679850407978241,1,0.1228241022519781,1
2020,48,04000,0.3146385512764192,1,0.5003857776634733,1,0.1332789438552251,1
2020,48,05000,0.4144987859868193,1,0.5202812750445955,1,0.041357844567649064,1
2020,48,06128,0.2598684210526316,1,0.2873726782504494,1,0.15992702949224688,1
2020,48,07000,0.7243406985032074,1,0.7110198249687444,1,0.18066561014263074,1
2020,48,10768,0.5925925925925926,1,0.864022216532409,1,0.7992957746478874,1
2020,48,10912,0.6383838383838384,1,0.6922683575373287,1,0.47391857506361323,1
2020,48,13024,0.023122959738846573,1,0.14452113891285592,1,0.01922322479403688,1
2020,48,13552,0,1,0,1,0,1
2020,48,15976,0,1,0,1,0,1
2020,48,16432,0.13036248752909876,1,0.2738971725546,1,0.13982410944301324,1
2020,48,17000,0.5341296928327645,1,0.5055794831636649,1,0.18945984220109247,1
2020,48,19000,0.7884032622180642,1,0.7717580149384494,1,0.1564549895324494,1
2020,48,19972,0.09619588981198077,1,0.043987865416436844,1,0.022921804729435658,1
2020,48,22660,0.7066666666666667,1,0.8053642132668004,1,0.6497277676950998,1
2020,48,24000,0.4367945823927765,1,0.5510020683260823,1,0.37260340045821777,1
2020,48,26232,0,1,0,1,0,1
2020,48,27000,0.6358765400410678,1,0.6590377417342483,1,0.13910486106416065,1
2020,48,27684,0,1,0,1,0,1
2020,48,29000,0.36363636363636365,1,0.4606359865692277,1,0.31293037490436115,1
2020,48,30464,0.2876975169300226,1,0.43391612666585155,1,0.27589743589743587,1
2020,48,35000,0.7268261985321761,1,0.7539485994166529,1,0.19004430761550142,1
2020,48,37000,0.5734416445623343,1,0.8089295935890097,1,0.6094040968342644,1
2020,48,39148,0.33464130342062615,1,0.3742839607201309,1,0.285551763367463,1
2020,48,41464,0.5344827586206896,1,0.7662711811901738,1,0.40217391304347827,1
2020,48,41980,0,1,0,1,0,1
2020,48,42508,0.05280804694048617,1,0.10543786000195256,1,0.015349194167306216,1
2020,48,43888,0.5337789448555741,1,0.5500824024903864,1,0.3046909250328803,1
2020,48,45000,0.5801971326164874,1,0.3925426105244709,1,0.12469125966058481,1
2020,48,45384,0.49523809523809526,1,0.5735722552580117,1,0.43671875,1
2020,48,45744,0.015752741774675973,1,0.05963590709353421,1,0.0065817409766454355,1
2020,48,47892,0.3592274222646715,1,0.4832370448179272,1,0.39270881402861096,1
2020,48,48072,0.0964035964035964,1,0.12044105173876166,1,0.01823746971049611,1
2020,48,48768,0.3424657534246575,1,0.8283453547206373,1,0.4505928853754941,1
2020,48,50820,0,1,0,1,0,1
2020,48,53388,0.18980797636632202,1,0.17044465468306527,1,0.07357429718875502,1
2020,48,56000,0.7137064071370641,1,0.7700194959924904,1,0.4265002013693113,1
2020,48,56348,0,1,0,1,0,1
2020,48,57200,1,1,0.9737684681556918,1,0.9825783972125436,1
2020,48,58016,0.063406682966585165,1,0.11436213324687956,1,0.014173114469592884,1
2020,48,61796,0.039892021595680865,1,0.1133032694475761,1,0.01245640259093174,1
2020,48,63500,0,1,0,1,0,1
2020,48,64472,0.08957952468007313,1,0.10966505246166264,1,0.06026705160591844,1
2020,48,65000,0.5014350321795095,1,0.5879866082410183,1,0.18111362082184967,1
2020,48,70808,0,1,0,1,0,1
2020,48,72176,0.4328125,1,0.4115142539800074,1,0.19584505518286086,1
2020,48,74144,0.5717703349282297,1,0.6760090702947846,1,0.18803835527385016,1
2020,48,76000,0.8589642688493625,1,0.8631005010315355,1,0.3408708938120703,1
2020,48,79000,0.4861985472154964,1,0.33028509951586876,1,0.1479933110367893,1
2020,49,43660,0,1,0,1,0,1
2020,49,44320,0,1,0,1,0,1
2020,49,55980,0.2372448979591837,1,0.3288446305307231,1,0.09896739130434783,1
2020,49,57300,0,1,0,1,0,1
2020,49,62470,0,1,0,1,0,1
2020,49,65330,0,3,0,1,0,1
2020,49,67000,0.06678949792722248,1,0.048856765584821736,1,0.010880350360967598,1
2020,49,67440,0.19927536231884058,1,0.13031591737545564,1,0.023775067190407277,1
2020,49,70850,0,1,0,1,0,1
2020,49,82950,0,1,0,1,0,1
2020,49,83470,0,1,0,1,0,1
2020,51,01000,0.05778522828123459,1,0.09391810297507959,1,0.017754420850791847,1
2020,51,16000,0.18927738927738927,1,0.14634146341463414,1,0.039031031939638056,1
2020,51,35000,0.2930870803486666,1,0.2351168048229088,1,0.16104331179708065,1
2020,51,47672,0.5060877555708707,1,0.39015606242497,1,0.2664044711239909,1
2020,51,56000,0.3325330955483915,1,0.2555498193082086,1,0.13307846349899874,1
2020,51,57000,0.5274031387935263,1,0.35389312977099235,1,0.16888504753673292,1
2020,51,64000,0.5248562037797864,1,0.44265232974910396,1,0.3162393162393162,1
2020,51,67000,0.5006458191706322,1,0.5463877590548131,1,0.08238699621465152,1
2020,51,68000,0.7209989655681986,1,0.667574931880109,1,0.2470012917512456,1
2020,51,76432,0.2475323676451737,1,0.17433414043583534,1,0.10946601941747573,1
2020,51,82000,0.10738385673501168,1,0.04902309058614565,1,0.013010170387003039,1
2020,53,03180,0.06686626746506986,1,0.013370555392300911,1,0.02780296161982472,1
2020,53,05210,0,1,0,1,0,1
2020,53,05280,0,1,0,1,0,1
2020,53,22640,0,1,0,1,0,1
2020,53,23515,0.08667736757624397,1,0.06211705049651384,1,0.02099178582293885,1
2020,53,35275,0.25862068965517243,1,0.32815817409766457,1,0.12838558328001706,1
2020,53,35415,0.1572305593451569,1,0.17098039215686275,1,0.07270029673590504,1
2020,53,35940,0,1,0,1,0,1
2020,53,53545,0.14792899408284024,1,0.2998242788109533,1,0.04595453434368125,1
2020,53,57745,0.008090614886731391,1,0.002196729314132292,1,0.0018612521150592216,1
2020,53,63000,0.07687007874015749,1,0.012100344318740778,1,0.00525741880208739,1
2020,53,67000,0.3585237258347979,1,0.2963047968785862,1,0.182293733540171,1
2020,53,67167,0.06166219839142091,1,0.1101123595505618,1,0.02475170701427685,1
2020,53,70000,0.09678714859437751,1,0.08345105953582241,1,0.038109547875973225,1
2020,53,74060,0.026470588235294117,1,0.02186411855210948,1,0.007749747729566095,1
2020,53,80010,0.2896551724137931,1,0.4579591836734694,1,0.15178969255903757,1
2020,55,02375,0.013994910941475827,1,0.012324929971988795,1,0.006764374295377677,1
2020,55,31000,0.3790406673618352,1,0.34703632887189295,1,0.07983247422680412,1
2020,55,39225,0.36984126984126986,1,0.30397363120307636,1,0.12154696132596685,1
2020,55,48000,0.13529903805938936,1,0.11190354898964171,1,0.03933308769344142,1
2020,55,53000,0.9383963494132985,1,0.8970105408674616,1,0.5469356089992242,1
2020,55,66000,0.6210228611831251,1,0.5548767642721719,1,0.2757527733755943,1
2019,01,03076,0,1,0,1,0,1
2019,01,07000,0.9151903505465511,1,0.7427459306440198,1,0.11306256860592755,1
2019,01,35896,0,1,0,1,0,1
2019,01,37000,0.49056224899598394,1,0.4726027397260274,1,0.09379323977070567,1
2019,01,50000,0.7169636770863764,1,0.5704445835942392,1,0.393389947211384,1
2019,01,51000,0.7936564823940507,1,0.8894912427022519,1,0.3817132711939636,1
2019,01,77256,0.5925373134328358,1,0.6161137440758294,1,0.0873059866962306,1
2019,02,03000,0.28946015424164523,1,0.191153930370046,1,0.05215738720349124,1
2019,04,04720,0.40030287733467945,1,0.3957456404088996,1,0.21732522796352582,1
2019,04,07940,0.4269366197183099,1,0.48411905713144227,1,0.2744931234935488,1
2019,04,12000,0.11071132023249378,1,0.1347318752789645,1,0.025299215848122163,1
2019,04,23620,0.17525773195876287,1,0.14945477870429763,1,0.03493955952972346,1
2019,04,27400,0,1,0,1,0,1
2019,04,27820,0.5924453280318092,1,0.6179199890019247,1,0.20191547315701608,1
2019,04,28380,0.04673495518565941,1,0.04490566037735849,1,0.0056674123788217744,1
2019,04,46000,0.3542504692947171,1,0.3925203818144892,1,0.12422175368969367,1
2019,04,54050,0.2920681986656783,1,0.350255331931511,1,0.09675832285573717,1
2019,04,55000,0.6823138928402086,1,0.7738858808829654,1,0.21043638962986208,1
2019,04,65000,0.10402355250245339,1,0.14982103289585819,1,0.012490418000631285,1
2019,04,71510,0.06005056890012642,1,0.08226857887874837,1,0.013806989788580469,1
2019,04,73000,0.28189593727726303,1,0.23083144613393725,1,0.07007095793208312,1
2019,04,77000,0.5178102737157855,1,0.6282695380540401,1,0.226676217765043,1
2019,04,85540,0.5530864197530864,1,0.6045887961859356,1,0.37056428155904597,1
2019,05,23290,0.14752567693744165,1,0.1143939393939394,1,0.06607749830047586,1
2019,05,24550,0.7570149253731343,1,0.8546712802768166,1,0.47371151850570736,1
2019,05,35710,0.8505195843325339,1,0.7926267281105991,1,0.3986102337334176,1
2019,05,41000,0.586169812335323,1,0.6625635013677218,1,0.1340358271865121,1
2019,05,66080,0.5440900562851783,1,0.6666970387243736,1,0.3240451270898464,1
2019,06,00562,0,1,0,1,0,1
2019,06,00884,0.3764705882352941,1,0.34854089601315247,1,0.26720647773279355,1
2019,06,02000,0.6343779677113011,1,0.7603114169961439,1,0.2938668866886689,1
2019,06,02252,0.4856577645895153,1,0.6113227374228294,1,0.5105633802816901,1
2019,06,02364,0.7178387650085764,1,0.625926943147487,1,0.49645654606490114,1
2019,06,03526,0.7143727161997564,1,0.7149599211803486,1,0.33146739895789323,1
2019,06,04982,0.9307568438003221,1,0.949265381083563,1,0.6926229508196722,1
2019,06,06000,0,1,0,1,0,1
2019,06,08786,0.5559105431309904,1,0.592296148074037,1,0.30408653846153844,1
2019,06,08954,0.002583979328165375,1,0.0017790077090334058,1,0.001244296972210701,1
2019,06,11194,0,1,0,1,0,1
2019,06,11530,0.5984015984015985,1,0.5151605231866825,1,0.47277227722772275,1
2019,06,13014,0.20249221183800623,1,0.19892761394101877,1,0.11906564291121445,1
2019,06,13210,0.1608910891089109,1,0.3497634503245682,1,0.1771986970684039,1
2019,06,13214,0.001869158878504673,1,0.0026776151374509104,1,3.9261876717707107e-4,1
2019,06,13392,0.15102254850550603,1,0.39666864000861096,1,0.14475930351655855,1
2019,06,13588,0.5727002967359051,1,0.5311070448307411,1,0.38078034682080925,1
2019,06,14218,0.1449067431850789,1,0.1487335745572272,1,0.06664131571442153,1
2019,06,15044,1,1,1,1,1,1
2019,06,16000,0.0903010033444816,1,0.22865013774104684,1,0.02605494194279241,1
2019,06,16350,0.09295612009237875,1,0.18147999195656545,1,0.028341584158415842,1
2019,06,16532,0.39759036144578314,1,0.5089601643647985,1,0.17825768667642752,1
2019,06,17918,0.047244094488188976,1,0.05768640687327401,1,0.024475524475524476,1
2019,06,19766,0.28286189683860236,1,0.26453680622678943,1,0.18098159509202455,1
2019,06,21712,0.6804846938775511,1,0.573380066504898,1,0.3756909756909757,1
2019,06,22020,0.0327263779527559,1,0.018518518518518517,1,0.009787185615113235,1
2019,06,22230,0.9047619047619048,1,0.8734573821855617,1,0.6044776119402985,1
2019,06,22804,0.3693877551020408,1,0.5642514516536228,1,0.08995502248875563,1
2019,06,23182,0.27325186693822134,1,0.34416003441600346,1,0.10034263338228096,1
2019,06,24638,0,1,0,1,0,1
2019,06,24680,0.43449048152295633,1,0.6719300146254266,1,0.42153846153846153,1
2019,06,26000,0.04309063893016345,1,0.04133784291619692,1,0.024335664335664337,1
2019,06,27000,0.8145643106752339,1,0.8366203586088863,1,0.40019930828301775,1
2019,06,28000,0.1952054794520548,1,0.34476499808941535,1,0.07710628163143793,1
2019,06,29000,0.6875,1,0.8088469410962019,1,0.3371341695172938,1
2019,06,30000,0.3090128755364807,1,0.4722762645914397,1,0.3436657681940701,1
2019,06,32548,0.7531496062992126,1,0.7202782680926176,1,0.19747416762342135,1
2019,06,33000,0.3220159151193634,1,0.4413584224771233,1,0.23823529411764705,1
2019,06,33182,0.904320987654321,1,0.8531592769967558,1,0.7382847038019452,1
2019,06,33434,0.9297297297297298,1,0.890393175074184,1,0.8073654390934845,1
2019,06,36000,0.05263157894736842,1,0.1096108022239873,1,0.005407124681933842,1
2019,06,36448,0.6144578313253012,1,0.6929804013430155,1,0.265,1
2019,06,36546,0.7268518518518519,1,0.830020479460306,1,0.44954128440366975,1
2019,06,36770,0,1,0,1,0,1
2019,06,37692,0.45707656612529,1,0.651853163361662,1,0.4313000616142945,1
2019,06,39496,0.04132231404958678,1,0.3390885932635154,1,0.060211267605633806,1
2019,06,39892,0.19500438212094653,1,0.29082628497072216,1,0.08101983002832862,1
2019,06,40130,0.7975838264299803,1,0.7655408466300901,1,0.5153899560286971,1
2019,06,41992,0,1,0,1,0,1
2019,06,43000,0.5813720580871307,1,0.6361570745007886,1,0.07544564398694452,1
2019,06,44000,0.7858209637599439,1,0.9063668095259135,1,0.25441039925719594,1
2019,06,45484,0.17120622568093385,1,0.29812803327940834,1,0.1748152359295054,1
2019,06,46842,0.05148005148005148,1,0.07041842834232395,1,0.02930486142662426,1
2019,06,46898,0.7771260997067448,1,0.7357123136388736,1,0.5734244946492271,1
2019,06,47766,0,1,0,1,0,1
2019,06,48256,0,1,0,1,0,1
2019,06,48354,0.49170251997541486,1,0.5908120349401488,1,0.3214165261382799,1
2019,06,49270,0.7342214820982514,1,0.8037151052962989,1,0.7360160965794769,1
2019,06,49670,0.028846153846153848,1,0.1184934405416843,1,0.0077489345215032935,1
2019,06,50076,0,1,0,1,0,1
2019,06,50258,0.1038961038961039,1,0.19475885826771652,1,0.028079710144927536,1
2019,06,51182,0,1,0,1,0,1
2019,06,52526,0.8885542168674698,1,0.8046716615249009,1,0.7261904761904762,1
2019,06,53000,0.6415337107565621,1,0.8160167185836521,1,0.17230304175325903,1
2019,06,53322,0.26655629139072845,1,0.23730193524143547,1,0.04447282861124013,1
2019,06,53896,0.4796488427773344,1,0.7484381143780855,1,0.5415762834417932,1
2019,06,53980,0.25949367088607594,1,0.4382923191648024,1,0.13440605773781353,1
2019,06,54652,0.4239350912778905,1,0.6509537270481575,1,0.5669324381032312,1
2019,06,55156,0.8168498168498168,1,0.8403879434669743,1,0.4828850855745721,1
2019,06,56000,0.29371112646855563,1,0.3182142857142857,1,0.10770005032712632,1
2019,06,56700,0.8947674418604651,1,0.8709005209625403,1,0.8645598194130926,1
2019,06,57456,0.5937007874015748,1,0.5816446594326056,1,0.6489859594383776,1
2019,06,57792,0,1,0,1,0,1
2019,06,58072,0.8097447795823666,1,0.8961167064686948,1,0.6751700680272109,1
2019,06,59444,0.5345454545454545,1,0.5384110308601444,1,0.3347251217814892,1
2019,06,59451,0.13034188034188035,1,0.16733422340898976,1,0.03982883475971034,1
2019,06,59920,0.5580357142857143,1,0.5077568134171908,1,0.34462151394422313,1
2019,06,60102,0.1956521739130435,1,0.3284279043441347,1,0.03314724354501047,1
2019,06,60466,0.8404099560761347,1,0.9037599535938406,1,0.8309409888357256,1
2019,06,60620,0.6964140179299103,1,0.7472375690607734,1,0.33288948069241014,1
2019,06,62000,0.4625538020086083,1,0.6000188160030105,1,0.26564333202972235,1
2019,06,62938,0.006033182503770739,1,0.03123890663826766,1,0.004635329905120591,1
2019,06,64000,0.6689185508035957,1,0.6569393038231959,1,0.3575472105786267,1
2019,06,64224,0.47540983606557374,1,0.6722402415837154,1,0.2625358166189112,1
2019,06,65000,0.9738398136534672,1,0.9756160495419945,1,0.9097772744431861,1
2019,06,65042,0.031413612565445025,1,0.08517136070580252,1,0.007389937106918239,1
2019,06,66000,0.4856353591160221,1,0.47271830027875217,1,0.0380576229395918,1
2019,06,67000,0.18969410798603983,1,0.11126838885799505,1,0.021165199955441683,1
2019,06,68000,0.15748288229540267,1,0.32836669533903867,1,0.033307984790874524,1
2019,06,68084,0.27360594795539034,1,0.2549868272487768,1,0.16985376827896512,1
2019,06,68196,0.01927710843373494,1,0.06470644209724997,1,0.0012135922330097086,1
2019,06,68252,0,1,0,1,0,1
2019,06,68378,0,1,0,1,0,1
2019,06,69000,0.5190476190476191,1,0.8047335093322503,1,0.0963683835746499,1
2019,06,69070,0.10101010101010101,1,0.285798053242641,1,0.034837235865219876,1
2019,06,69084,0,1,0,1,0,1
2019,06,69088,0,1,0,1,0,1
2019,06,69196,0.49324324324324326,1,0.7133415784184896,1,0.15168716493219805,1
2019,06,70000,0,1,0,1,0,1
2019,06,70098,0.14285714285714285,1,0.3617071865897878,1,0.03613866247667681,1
2019,06,72016,0.0032802249297094657,1,0.06408977556109725,1,0.006726457399103139,1
2019,06,73080,1,1,1,1,1,1
2019,06,75000,0.7669595782073814,1,0.7955253907545377,1,0.4836180341640997,1
2019,06,77000,0,1,0,1,0,1
2019,06,78120,0.04671532846715328,1,0.04416078649012923,1,0.013527375304526221,1
2019,06,78582,0.03896103896103896,1,0.05153015301530153,1,0.004412283798093893,1
2019,06,80000,0.12667946257197696,1,0.13994450476535167,1,0.011676396997497914,1
2019,06,80238,0.13758079409048937,1,0.25503622109754887,1,0.09910965323336457,1
2019,06,80854,0.17083333333333334,1,0.3545232273838631,1,0.05005753739930955,1
2019,06,81344,0.3834771886559803,1,0.3627922400928536,1,0.1262605889471561,1
2019,06,81554,0,1,0,1,0,1
2019,06,81666,0.4621804903495044,1,0.47833014659018486,1,0.3735926305015353,1
2019,06,82590,0.9553345036083479,1,0.9651390728476821,1,0.9807431516137781,1
2019,06,82954,0.6442953020134228,1,0.6230682586168056,1,0.4082203889216264,1
2019,06,82996,0.25,1,0.39470198675496687,1,0.1698647373387858,1
2019,06,84200,0.35645933014354064,1,0.3382555780933063,1,0.20179372197309417,1
2019,06,84550,0.6716417910447762,1,0.8112350268484098,1,0.4326059050064185,1
2019,06,85292,0.5,1,0.4996436490338929,1,0.22366522366522368,1
2019,08,03455,0.210727969348659,1,0.21457257601835916,1,0.04948391013964785,1
2019,08,04000,0.24295279821443333,1,0.3532920616495776,1,0.05869455990499246,1
2019,08,07850,0,1,0,1,0,1
2019,08,12815,0,1,0,1,0,1
2019,08,16000,0.40469527363184077,1,0.401642821333539,1,0.15170903222087728,1
2019,08,20000,0.33856949206602344,1,0.46481181311341085,1,0.10264900662251655,1
2019,08,27425,0.0821917808219178,1,0.12285456187895212,1,0.036800152737339505,1
2019,08,32155,0.4377431906614786,1,0.38509316770186336,1,0.12666773830573863,1
2019,08,43000,0.1610337972166998,1,0.31074260994953135,1,0.05782312925170068,1
2019,08,45970,0.07514450867052024,1,0.2684766214177979,1,0.04307753957122821,1
2019,08,46465,0.07894736842105263,1,0.125250501002004,1,0.06266595857673925,1
2019,08,62000,0.35294117647058826,1,0.4896376196824627,1,0.31374172185430466,1
2019,08,77290,0.21890547263681592,1,0.1600531443755536,1,0.039554713405968736,1
2019,08,83835,0.08185840707964602,1,0.1070518266779949,1,0.026221942521501992,1
2019,09,08000,0.6582903040734366,1,0.6333895989068403,1,0.5234138972809668,1
2019,09,18430,0,1,0,1,0,1
2019,09,37000,0.9034679477555922,1,0.9555131264916468,1,0.8144163528778914,1
2019,09,52000,0.5690153367414981,1,0.577179870453413,1,0.25142160844841593,1
2019,09,55990,0.07819383259911894,1,0.10911172910191395,1,0.026516407026847863,1
2019,09,73000,0,1,0,1,0,1
2019,09,80000,0.9260450160771704,1,0.9155683282132593,1,0.8040829766216662,1
2019,11,50000,0.6454469307167644,1,0.23712897294457577,1,0.04069456812110418,1
2019,12,07300,0,1,0,1,0,1
2019,12,07875,0.6234103651032408,1,0.35835814547001277,1,0.12422235601043548,1
2019,12,10275,0.052597402597402594,1,0.042369121561668145,1,0.013759291475565396,1
2019,12,12875,0.4302514193025142,1,0.3741166077738516,1,0.1329810656098635,1
2019,12,14400,0.11507936507936507,1,0.06848314020252635,1,0.024445504412115432,1
2019,12,16475,0.2616441842708068,1,0.12251861042183623,1,0.06721935917544253,1
2019,12,16725,0.9182552504038772,1,0.7611738148984198,1,0.7304832713754646,1
2019,12,17200,0.3527106466361855,1,0.35723404255319147,1,0.34867877786952933,1
2019,12,17935,0,1,0,1,0,1
2019,12,24000,0.8039325393653585,1,0.5603362017210326,1,0.2158185162477008,1
2019,12,24125,0.3540452154130527,1,0.30480999202763753,1,0.08426913277342644,1
2019,12,25175,0.3680539675280128,1,0.13156002875629044,1,0.08198601077858043,1
2019,12,30000,0.7976926246394725,1,0.7487775625057662,1,0.5944272445820433,1
2019,12,32000,0.545894984941731,1,0.4237361495844875,1,0.2287043664996421,1
2019,12,32275,0.9202838063439065,1,0.871216642510018,1,0.7997473152242578,1
2019,12,35000,0.5146683790477938,1,0.2945190030449983,1,0.14910322944956841,1
2019,12,36950,0.26850937808489633,1,0.2713457863263671,1,0.20900163666121113,1
2019,12,38250,0.23785615664616544,1,0.21480906818377726,1,0.11821650247707989,1
2019,12,39425,0,1,0,1,0,1
2019,12,43975,0.41139954853273136,1,0.2850155624722099,1,0.21333641511614468,1
2019,12,45000,0.8170699746658513,1,0.4132080762759394,1,0.1306590767588722,1
2019,12,45025,0.2829581993569132,1,0.29927007299270075,1,0.0845231296402056,1
2019,12,45060,0.9555840273329063,1,0.9176470588235294,1,0.95,1
2019,12,45975,0.5836726384364821,1,0.24274179694210618,1,0.21742881794650562,1
2019,12,49675,0,1,0,1,0,1
2019,12,53000,0.6364533765313354,1,0.3518819539811104,1,0.1399357983592914,1
2019,12,54000,0.5676548282946874,1,0.5171078114912847,1,0.47334754797441364,1
2019,12,54200,0.14109232769830948,1,0.11481261154074955,1,0.08174386920980926,1
2019,12,55775,0.03136419001218027,1,0.020696864111498257,1,0.01841286307053942,1
2019,12,57425,0.2066426981681219,1,0.0708428993112496,1,0.06927326816829579,1
2019,12,58050,0.9198596869940637,1,0.8332553788587465,1,0.5282631038026722,1
2019,12,58715,0,1,0,1,0,1
2019,12,63000,0,2,0,1,0,1
2019,12,69700,0.26743215031315243,1,0.11546610169491525,1,0.08288148721920992,1
2019,12,70600,0.39003622037237085,1,0.2701325178389399,1,0.08323391115165976,1
2019,12,71000,0.5567228371994641,1,0.4775988960441582,1,0.15409572866842827,1
2019,12,76600,0.7231991362023754,1,0.6761347813979393,1,0.3403574788334901,1
2019,13,03440,0.6952224052718287,1,0.7779386218876665,1,0.47046004842615013,1
2019,13,04000,0.7072498739465534,1,0.35362755993014766,1,0.0711176378035349,1
2019,13,04204,0.9596366763409653,1,0.9284525790349417,1,0.8241062954761151,1
2019,13,19000,0.8769213056243164,1,0.7522377372001432,1,0.4543683500674359,1
2019,13,42425,0,1,0,1,0,1
2019,13,49008,0.9718561536743355,1,0.9411296738265712,1,0.6553660116605485,1
2019,13,67284,0.14524131709517366,1,0.2995085995085995,1,0.03463965947453398,1
2019,13,68516,0,1,0,1,0,1
2019,13,69000,0.6490418544052983,1,0.44978311644978314,1,0.17720090293453725,1
2019,13,72122,NA,NA,NA,NA,NA,NA
2019,13,80508,0.76349878158266,1,0.6890273119310014,1,0.47636300897170464,1
2019,15,71550,NA,NA,NA,NA,NA,NA
2019,16,08830,0.06799230275817832,1,0.044897110787778007,1,0.030754002116257638,1
2019,16,52120,0.030054644808743168,1,0.03755260602136614,1,0.01759882060259836,1
2019,16,56260,0.08641975308641975,1,0.2500335705653283,1,0.17127543886903837,1
2019,17,02154,0,1,0,1,0,1
2019,17,03012,0.38439752832131824,1,0.6839976610466816,1,0.08753126116470168,1
2019,17,06613,0.23275862068965517,1,0.3358333333333333,1,0.1309896999552172,1
2019,17,12385,0.3048306496390894,1,0.33512682551883166,1,0.1437888198757764,1
2019,17,14000,0.8703211727311543,1,0.8298866561741274,1,0.2977271534302661,1
2019,17,14351,0.7762237762237763,1,0.8308702791461412,1,0.75,1
2019,17,23074,0.8403162055335969,1,0.8816778469247555,1,0.4442355889724311,1
2019,17,24582,0.009305932531989143,1,0.002297794117647059,1,2.0271639975674033e-4,1
2019,17,38570,0.7019209039548022,1,0.7556890280010151,1,0.33769523005487545,1
2019,17,51622,0.013842746400885935,1,3.3211557622052476e-4,1,1.892863903085368e-4,1
2019,17,59000,0.8676508676508676,1,0.7910979228486646,1,0.4004595780238145,1
2019,17,65000,0.7627137341423056,1,0.7622334524836681,1,0.5780454489010307,1
2019,17,68003,0,1,0,1,0,1
2019,17,72000,0.7105744603000366,1,0.5983606557377049,1,0.5767416545718432,1
2019,17,79293,0.9468645284825276,1,0.9463644345119323,1,0.934,1
2019,18,05860,0.07434402332361516,1,0.04908835904628331,1,0.020310880829015544,1
2019,18,10342,0,1,0,1,0,1
2019,18,22000,0.5908319185059423,1,0.44360902255639095,1,0.20414592653266964,1
2019,18,23278,0,1,0,1,0,1
2019,18,25000,0.4887322315959783,1,0.5089766606822262,1,0.1566986146570125,1
2019,18,31000,0.35490371697268247,1,0.4363769710304364,1,0.3201811125485123,1
2019,18,36003,NA,NA,NA,NA,NA,NA
2019,18,71000,0.5660545023696683,1,0.5541666666666667,1,0.3127853881278539,1
2019,19,12000,0.2830447925254191,1,0.21649484536082475,1,0.10165860400829302,1
2019,19,19000,0.2175508842175509,1,0.22997542997542997,1,0.13326551373346898,1
2019,19,21000,0.5543766578249337,1,0.5778546712802768,1,0.3436987264630049,1
2019,19,73335,0.17387466902030008,1,0.09361450532124557,1,0.080853621881575,1
2019,20,36000,0.8408495781204539,1,0.8445875026240292,1,0.5294445476500093,1
2019,20,38900,0,1,0,1,0,1
2019,20,52575,0.03808680248007086,1,0.1327582973935871,1,0.014864864864864866,1
2019,20,53775,0,1,0,1,0,1
2019,20,71000,0.6765842349304482,1,0.67370664599883745,1,0.27359342915811086,1
2019,20,79000,0.7255211623499684,1,0.8146546946014854,1,0.5073413605649545,1
2019,21,46027,0.47559373420919654,1,0.4640278494069108,1,0.22627146867120224,1
2019,21,48006,0.5957849462365591,1,0.5164864151938803,1,0.36378589726304433,1
2019,22,05000,0.6403549488054607,1,0.455396370582617,1,0.08075048284742022,1
2019,22,40735,0.5390225421481342,1,0.3287995269071555,1,0.14849023090586147,1
2019,22,41155,0.6723586978230477,1,0.4392185238784371,1,0.074446915603418,1
2019,22,55000,0.7935307160558237,1,0.6899164561880707,1,0.21160112969802303,1
2019,22,70000,0.7323415320346136,1,0.5475871313672922,1,0.19603960396039605,1
2019,24,04000,0.5693236248040037,1,0.4533745247148289,1,0.24103176791348835,1
2019,24,30325,0.13538461538461538,1,0.25477149360882506,1,0.041149257365473584,1
2019,25,07000,0.651336898395722,1,0.6553318824809575,1,0.17165354330708663,1
2019,25,09000,0.6272055199605717,1,0.7048410404624278,1,0.6155632984901278,1
2019,25,11000,0.05290227773695812,1,0.03972498090145149,1,0.01305909239307868,1
2019,25,23000,0.883349012229539,1,0.889018691588785,1,0.6925440940673436,1
2019,25,34550,1,1,1,1,1,1
2019,25,37000,0.974559686888454,1,0.9381153305203939,1,0.8850336613153806,1
2019,25,37490,0.9057924888605984,1,0.9280232122800449,1,0.7050627032048304,1
2019,25,45000,0.9127061105722599,1,0.9212074303405573,1,0.8073654390934845,1
2019,25,45560,0,1,0,1,0,1
2019,25,55745,0.22674418604651161,1,0.2593703148425787,1,0.14082084050135169,1
2019,25,62535,0.36147186147186144,1,0.4849514563106796,1,0.21805702217529038,1
2019,25,67000,0.9179021497405485,1,0.9627404508625916,1,0.8916363636363637,1
2019,25,82000,0.8562783661119516,1,0.8982188295165394,1,0.6823114132566348,1
2019,26,03000,0.04423147806855879,1,0.02536873156342183,1,0.05257643585103343,1
2019,26,21000,0.7239122063919907,1,0.6457446808510638,1,0.6249626009773611,1
2019,26,22000,0.9726252632186229,1,0.9948703856370797,1,0.9407839866555463,1
2019,26,27440,0,1,0,1,0,1
2019,26,29000,0.9064468321600593,1,0.7981157469717362,1,0.6720749542961609,1
2019,26,34000,0.6255393295718553,1,0.6623595980069251,1,0.12085396617770719,1
2019,26,46000,0.7681847968545217,1,0.7559824738793394,1,0.4871345029239766,1
2019,26,49000,0.2818565400843882,1,0.06594885598923284,1,0.023636191736787368,1
2019,26,69035,0,1,0,1,0,1
2019,26,74900,0.4623283275574381,1,0.2857142857142857,1,0.011928429423459244,1
2019,26,76460,0.13996075866579463,1,0.11244979919678715,1,0.1920005368767197,1
2019,26,80700,0,1,0,1,0,1
2019,26,84000,0.7443609022556391,1,0.5697674418604651,1,0.25732468780019213,1
2019,26,86000,0.35248447204968947,1,0.2727272727272727,1,0.27805825242718446,1
2019,26,88940,0.4875536480686695,1,0.5957149510945505,1,0.2598889659958362,1
2019,27,06616,0.059621909840038775,1,0,1,3.718163227365681e-4,1
2019,27,07966,0.3645264116575592,1,0.37888198757763975,1,0.13126188966391883,1
2019,27,17000,0.3786764705882353,1,0.20098039215686275,1,0.11550491510277033,1
2019,27,43000,0.6867837181730932,1,0.558295174357168,1,0.1208855228662977,1
2019,27,51730,0.022459893048128343,1,0.005050505050505051,1,0.0024683408456750377,1
2019,27,54880,0.2103764631445745,1,0.0587356893977103,1,0.020423529411764705,1
2019,27,58000,1,2,1,2,1,2
2019,27,71428,0.05028854080791426,1,0.04342581423401689,1,0.002550369803621525,1
2019,28,36000,1,1,1,1,1,1
2019,29,15670,0.263563829787234,1,0.23288749016522423,1,0.09161058770749216,1
2019,29,35000,0.3955191727703576,1,0.4420985284708893,1,0.3013623978201635,1
2019,29,38000,0.7356034808929247,1,0.6915508824633871,1,0.16269772292716844,1
2019,29,41348,NA,NA,NA,NA,NA,NA
2019,29,54074,NA,NA,NA,NA,NA,NA
2019,29,65000,0.8880751173708921,1,0.5282392026578073,1,0.096289592760181,1
2019,29,70000,0.4400570884871551,1,0.3943734015345269,1,0.3010610752906534,1
2019,30,06550,0.20179372197309417,1,0.24090006618133686,1,0.09894385769872151,1
2019,31,28000,0.41816223977028,1,0.3774768824306473,1,0.16040967939702117,1
2019,31,37000,0.47456128417902327,1,0.6587561374795418,1,0.10061309648693381,1
2019,32,31900,0.29783473265576665,1,0.2084200937011973,1,0.1230501161632924,1
2019,32,40000,0.6696292800587279,1,0.7336927351371831,1,0.29687235554953795,1
2019,32,51800,0.753142551484354,1,0.78060854350702,1,0.5026130834384573,1
2019,32,60600,0.09890741805635422,1,0.1317150166004463,1,0.05872943327239488,1
2019,32,68400,0.14675052410901468,1,0.1506893580353296,1,0.05542699724517906,1
2019,33,45140,0.2515991471215352,1,0.29266750948166875,1,0.15144991769026211,1
2019,33,50260,0.15130023640661938,1,0.2236617797476986,1,0.09737654320987654,1
2019,34,13690,0.06511627906976744,1,0.1623003194888179,1,0.05821596244131456,1
2019,34,21000,0.8942740724855244,1,0.8488919395959992,1,0.7439080459770115,1
2019,34,36000,0.7034826950200717,1,0.6284429454749859,1,0.5664118983681058,1
2019,34,51000,0.9363649363649363,1,0.9470276410450587,1,0.989875126560918,1
2019,34,57000,0.887956037246222,1,0.8693789070377093,1,0.9152666179693206,1
2019,34,74000,0.7490401396160559,1,0.8029897367246764,1,0.6774193548387096,1
2019,35,02000,0.5877736472532011,1,0.62347946771165,1,0.2817388610666529,1
2019,35,39380,0.6142857142857143,1,0.6702896666493318,1,0.5155565293602103,1
2019,35,63460,0,1,0,1,0,1
2019,35,70500,0.35294117647058826,1,0.5322153574580759,1,0.21074523396880415,1
2019,36,01000,0.7808370044052864,1,0.656963890935888,1,0.2102012001411931,1
2019,36,11000,0.9655306908488128,1,0.9169018855142825,1,0.5812550643738184,1
2019,36,50617,0.06347702510658455,1,0.212109375,1,0.029479326186830017,1
2019,36,51000,0.6617773269875946,1,0.6284888554574607,1,0.08635525507068224,1
2019,36,63000,0.8333706005992576,1,0.7563794983642312,1,0.2133326273430054,1
2019,36,73000,0.9781799289981816,1,0.9274356750505927,1,0.5946813388353966,1
2019,36,84000,0.7457521757148777,1,0.7719086107045122,1,0.536979969183359,1
2019,37,02140,0.14228855721393036,1,0.26220990647731207,1,0.10315003641660597,1
2019,37,10740,0.00904431715405487,1,0.00451767207015679,1,0.0017810194215927403,1
2019,37,12000,0.5244820732359912,1,0.5589957465613434,1,0.08614292627843201,1
2019,37,14100,0.1528692380056444,1,0.17411595763776702,1,0.08575997306850698,1
2019,37,19000,0.450497287522604,1,0.4622142803960986,1,0.0644510613773893,1
2019,37,22920,0.7130240531975687,1,0.6265081307920966,1,0.46453322462291075,1
2019,37,25580,0.6842447916666666,1,0.6956368754398311,1,0.40584088620342396,1
2019,37,28000,0.6679903907437368,1,0.6755743651753325,1,0.13834757074212492,1
2019,37,28080,0.6657391304347826,1,0.6402116402116402,1,0.19393421614694575,1
2019,37,31400,0.719880465555206,1,0.7475247524752475,1,0.3843556555993247,1
2019,37,55000,0.25759682224429,1,0.2404253840272468,1,0.050607571819905876,1
2019,37,74440,0.7131448305633499,1,0.6003611971104231,1,0.2560508727532282,1
2019,37,75000,0.6497857421114142,1,0.6096615861534487,1,0.08651884097401714,1
2019,38,25700,0.2792311799252536,1,0.15174506828528073,1,0.06317006516712213,1
2019,39,01000,0.8326969802152031,1,0.7315936626281454,1,0.3988566058422743,1
2019,39,15000,0.634541652143604,1,0.5100138556493261,1,0.12411589678552266,1
2019,39,16000,0.8174001011633789,1,0.7751416430594901,1,0.44090015293860607,1
2019,39,18000,0.8859744250146853,1,0.8121470153792684,1,0.5122028651930632,1
2019,39,21000,0.8922793364734795,1,0.700860357379219,1,0.4779116465863454,1
2019,39,61000,0.24165341812400637,1,0.1717171717171717,1,0.1450014573010784,1
2019,39,77000,0.7133359153111283,1,0.6235223402123823,1,0.3706901757140269,1
2019,40,09050,0.06260387811634349,1,0.08307139649753031,1,0.02349768875192604,1
2019,40,23200,0,1,0,1,0,1
2019,40,41850,0.6407147415443523,1,0.6494740413980319,1,0.5361965491372843,1
2019,40,52500,0.41833030852994557,1,0.33432171979243885,1,0.30995670995670993,1
2019,40,55000,0.5668368410085435,1,0.6732303732303733,1,0.22735993326845544,1
2019,40,75000,0.674593460395174,1,0.6269923411302007,1,0.34393950203324536,1
2019,41,05350,0.11923509561304838,1,0.18722139673105498,1,0.06299867021276596,1
2019,41,05800,0.02830188679245283,1,0.019570405727923627,1,0.010675636150921323,1
2019,41,23850,0.16172506738544473,1,0.2871569135163128,1,0.1425381228864927,1
2019,41,31250,0.11524163568773234,1,0.13589027178054355,1,0.06110119456268021,1
2019,41,34100,0.11311053984575835,1,0.23587938160110208,1,0.07165151309539965,1
2019,41,47000,0.3883495145631068,1,0.5340694855911662,1,0.30115918742109493,1
2019,41,59000,0.43281387827109674,1,0.39612171093652576,1,0.14051214707813525,1
2019,41,64900,0.5065420560747663,1,0.7451138424340117,1,0.2762607011185403,1
2019,42,02000,0.8656200941915227,1,0.9155454488029815,1,0.24267274107820805,1
2019,42,06088,0.26868327402135234,1,0.4166288737717309,1,0.1083086053412463,1
2019,42,24000,0.9073127361635919,1,0.8024564994882293,1,0.4436936936936937,1
2019,42,60000,0.9826159433232124,1,0.960677919139209,1,0.8698332528688677,1
2019,42,61000,0.8928164196123147,1,0.5525154457193292,1,0.22837447187013565,1
2019,42,63624,0.8002250984805852,1,0.8969950097635062,1,0.2766236196893131,1
2019,42,69000,0.9901664145234493,1,0.9965902045877247,1,0.9429160935350757,1
2019,44,19180,0.3891472868217054,1,0.3821490467937608,1,0.062342202369392113,1
2019,44,54640,0.9052904180540141,1,0.8468401486988848,1,0.7251533742331289,1
2019,44,59000,0.852797513321492,1,0.9044943820224719,1,0.8341232227488151,1
2019,44,74300,0,1,0,1,0,1
2019,45,13330,0.6436353211009175,1,0.41359447004608296,1,0.22223274311144778,1
2019,45,16000,0.6201726331717047,1,0.47024070021881836,1,0.3425964330153463,1
2019,45,48535,0,1,0,1,0,1
2019,45,50875,0.8017025538307461,1,0.8151838671411625,1,0.3531324517667461,1
2019,46,59020,0.38310115081768625,1,0.3596754807692308,1,0.09431963877585149,1
2019,47,14000,0.7951769495772001,1,0.8164259927797833,1,0.3298297557364915,1
2019,47,15160,0.39445282580944646,1,0.322400857449089,1,0.2375046051823652,1
2019,47,27740,0,1,0,1,0,1
2019,47,40000,0.6636117206660643,1,0.4630246502331779,1,0.1941098495763933,1
2019,47,48000,0.9212414242135597,1,0.9073616130873121,1,0.4933012710408794,1
2019,47,51560,0.24174228675136117,1,0.28049555273189325,1,0.0782734158951545,1
2019,47,52006,0.6357466063348416,1,0.7470633299284984,1,0.2615349733590296,1
2019,48,01000,0.29330065359477125,1,0.34178522257916477,1,0.18358050847457627,1
2019,48,01924,0,1,0,1,0,1
2019,48,03000,0.6229200214707461,1,0.5366778149386845,1,0.17233294255568582,1
2019,48,04000,0.28297122165046695,1,0.4883446993180409,1,0.11561008861622359,1
2019,48,05000,0.5107522452006262,1,0.5751429670152457,1,0.055846038123543766,1
2019,48,06128,0.5342706502636204,1,0.5767790262172284,1,0.39383658467627936,1
2019,48,07000,0.7233767353625937,1,0.7180710121886592,1,0.17408330366678534,1
2019,48,10768,0.864406779661017,1,0.9397695361673284,1,0.9540942928039702,1
2019,48,10912,0.7409177820267686,1,0.7576760987357014,1,0.5443585780525503,1
2019,48,13024,0.09142857142857143,1,0.24252100840336135,1,0.04105839416058394,1
2019,48,13552,0,1,0,1,0,1
2019,48,15976,0.14497041420118342,1,0.14383187772925765,1,0.05305140541909344,1
2019,48,16432,0.2305049811061491,1,0.45824397628358776,1,0.2704353136177266,1
2019,48,17000,0.5600858369098712,1,0.5698316049852535,1,0.2680851063829787,1
2019,48,19000,0.8210449171664963,1,0.8309717886052523,1,0.19919282511210762,1
2019,48,19972,0.25157496850063,1,0.2657825666528526,1,0.1369157644573541,1
2019,48,22660,0.708029197080292,1,0.8564873085798196,1,0.7027491408934707,1
2019,48,24000,0.5389300847457628,1,0.6348304523112608,1,0.45569070373588183,1
2019,48,26232,0,1,0,1,0,1
2019,48,27000,0.7064302791318657,1,0.7207930588324835,1,0.18805734992910036,1
2019,48,27684,0,1,0,1,0,1
2019,48,29000,0.4424396442185515,1,0.5403480403480403,1,0.3427397749598142,1
2019,48,30464,0.49258557252759505,1,0.6843799682034977,1,0.47422201579191825,1
2019,48,35000,0.7594032194738909,1,0.7783480245946711,1,0.2237294917967187,1
2019,48,37000,0.5960210457086484,1,0.7992393168767246,1,0.5752508361204013,1
2019,48,39148,0.45193996487306404,1,0.475022524777255,1,0.3784445805266381,1
2019,48,41464,0.5757575757575758,1,0.7916691469730341,1,0.45357142857142857,1
2019,48,41980,0,1,0,1,0,1
2019,48,42508,0.08722466960352424,1,0.21542083578575633,1,0.043949304987735076,1
2019,48,43888,0.5321289732449119,1,0.5731951263866157,1,0.30325135473113796,1
2019,48,45000,0.6512285279408567,1,0.47933491686460805,1,0.16298706328917809,1
2019,48,45384,0.6699029126213593,1,0.7028836251287333,1,0.4577114427860697,1
2019,48,45744,0.025910931174089068,1,0.09015322484855684,1,0.012995494024684908,1
2019,48,47892,0.4917778467266522,1,0.5984821898578698,1,0.5051524710830705,1
2019,48,48072,0.10580524344569288,1,0.12366094643785751,1,0.016417189763399325,1
2019,48,48768,0.328125,1,0.8226882745471878,1,0.3721881390593047,1
2019,48,50820,0.03111111111111111,1,0.055404671374253124,1,0.018727412112583507,1
2019,48,53388,0.1859799713876967,1,0.20457428685345608,1,0.0874212915507395,1
2019,48,56000,0.6989422294548413,1,0.7911418685121108,1,0.45049687154950313,1
2019,48,56348,0,1,0,1,0,1
2019,48,57200,1,1,0.9695475419709403,1,0.9644670050761421,1
2019,48,58016,0.060398406374501994,1,0.15419115372718836,1,0.020093457943925235,1
2019,48,61796,0.1800662451068955,1,0.2081326912787587,1,0.03889506270836641,1
2019,48,63500,0.03674392312040701,1,0.08140092755477371,1,0.014421976344906525,1
2019,48,64472,0.20770519262981574,1,0.2493332016200731,1,0.17374978665301247,1
2019,48,65000,0.5052631578947369,1,0.6138419269609194,1,0.19815695251511417,1
2019,48,70808,0.016026992830029525,1,0.07027113749398363,1,0.009079716835949523,1
2019,48,72176,0.5196261682242991,1,0.44706103993971363,1,0.2647396191787107,1
2019,48,74144,0.6094703844250123,1,0.7364585207845961,1,0.22863813229571983,1
2019,48,76000,0.8964784456587735,1,0.8835312113045378,1,0.38773463246883505,1
2019,48,79000,0.6189365671641791,1,0.5610972568578554,1,0.3728341584158416,1
2019,49,43660,0,1,0,1,0,1
2019,49,44320,0,1,0,1,0,1
2019,49,55980,0.28888888888888886,1,0.4096858638743455,1,0.12242664303955804,1
2019,49,57300,0.06875,1,0.10878222594843848,1,0.03208650948413402,1
2019,49,62470,0.060109289617486336,1,0.11102393095331503,1,0.02818617496547803,1
2019,49,65330,0,3,0,1,0,1
2019,49,67000,0.4728089887640449,1,0.5068327162571524,1,0.09737467103151679,1
2019,49,67440,0.16176470588235295,1,0.13815789473684212,1,0.0248032277267015,1
2019,49,70850,0,1,0,1,0,1
2019,49,82950,0.021739130434782608,1,0.02340321794246709,1,0.005017729310229478,1
2019,49,83470,0.3389830508474576,1,0.3164576559838984,1,0.2605256753467997,1
2019,51,01000,0.08002683534598429,1,0.1362855609232421,1,0.028622052610058606,1
2019,51,16000,0.19725557461406518,1,0.14664271277790253,1,0.04091052134690024,1
2019,51,35000,0.3388893686846878,1,0.3061527057079318,1,0.22784530386740331,1
2019,51,47672,0.6445921173235564,1,0.5229468599033816,1,0.3475314617618587,1
2019,51,56000,0.6045672288207887,1,0.5340937267542772,1,0.40867992766726946,1
2019,51,57000,0.5966211525109928,1,0.460969840331165,1,0.2594976452119309,1
2019,51,64000,0.517888910851947,1,0.40417457305502846,1,0.2935887412040657,1
2019,51,67000,0.6110429040714073,1,0.5966428786812745,1,0.1392114175133043,1
2019,51,68000,0.8719656601539373,1,0.7436900106647707,1,0.36460984815237424,1
2019,51,76432,0.25944776689146204,1,0.1682808716707022,1,0.1174645390070922,1
2019,51,82000,0.11215661509314809,1,0.050046772684752105,1,0.01261107209380439,1
2019,53,03180,0.1347378735913768,1,0.11779158837982368,1,0.08844884488448845,1
2019,53,05210,0,1,0,1,0,1
2019,53,05280,0,1,0,1,0,1
2019,53,22640,0.02193548387096774,1,0.02245102245102245,1,0.018273531931093556,1
2019,53,23515,0.2504946576968738,1,0.2562864614765641,1,0.11488673139158576,1
2019,53,35275,0.2802056555269923,1,0.3315120885124983,1,0.14117761368052856,1
2019,53,35415,0.17320051413881749,1,0.22070995034026117,1,0.08830062939651981,1
2019,53,35940,0,1,0,1,0,1
2019,53,53545,0.38071065989847713,1,0.5781227119636843,1,0.14482758620689656,1
2019,53,57745,0.006091370558375634,1,0.0019024970273483948,1,0.0018107741059302852,1
2019,53,63000,0.14475224346468982,1,0.11624784193362747,1,0.013206433525158625,1
2019,53,67000,0.4067656765676568,1,0.3572706935123042,1,0.22807721904379538,1
2019,53,67167,0.09898477157360407,1,0.1409921671018277,1,0.0451376410551283,1
2019,53,70000,0.3001340739321969,1,0.31459480343861684,1,0.15264127764127763,1
2019,53,74060,0.08653846153846154,1,0.10942747793485902,1,0.04283088235294118,1
2019,53,80010,0.4258064516129032,1,0.6410933660933661,1,0.2356353591160221,1
2019,55,02375,0.03443877551020408,1,0.03119777158774373,1,0.023314535813483712,1
2019,55,31000,0.47998070429329476,1,0.4609277708592777,1,0.11727570717494233,1
2019,55,39225,0.5320673593694016,1,0.4584856396866841,1,0.23986337593653592,1
2019,55,48000,0.04340567612687813,1,0.015329586101175269,1,0.009585515221443153,1
2019,55,53000,0.9357273396150286,1,0.9007407407407407,1,0.5933581836665537,1
2019,55,66000,0.540301724137931,1,0.4813343923749007,1,0.23438241341135538,1
2018,01,03076,0,1,0,1,0,1
2018,01,07000,0.9230486909713727,1,0.746615087040619,1,0.12414529914529915,1
2018,01,35896,0,1,0,1,0,1
2018,01,37000,0.5420902003355373,1,0.5009276437847866,1,0.11735255832582357,1
2018,01,50000,0.8164274631497285,1,0.6746739876458476,1,0.5147746719908728,1
2018,01,51000,0.7934657327777285,1,0.8720251459362371,1,0.367816091954023,1
2018,01,77256,0.62544265867611,1,0.6617915904936015,1,0.09925558312655088,1
2018,02,03000,0.3333333333333333,1,0.27527839643652563,1,0.2038889277470798,1
2018,04,04720,0.404363267376966,1,0.4148384523334663,1,0.2169035153328347,1
2018,04,07940,0.43404634581105167,1,0.4861809045226131,1,0.2649895178197065,1
2018,04,12000,0.11657142857142858,1,0.17378272571568387,1,0.02016889399032549,1
2018,04,23620,0.1834862385321101,1,0.19579081632653061,1,0.045853658536585365,1
2018,04,27400,0,1,0,1,0,1
2018,04,27820,0.5944741532976827,1,0.5749167591564928,1,0.22490632576592462,1
2018,04,28380,0.14416775884665792,1,0.1178561662564944,1,0.03584965255843336,1
2018,04,46000,0.39824187533297817,1,0.42782459648621624,1,0.13009922822491732,1
2018,04,54050,0.465017667844523,1,0.5313068067057161,1,0.15043383947939262,1
2018,04,55000,0.7100793942899206,1,0.8111240735657426,1,0.2174328171654746,1
2018,04,65000,0.14085820895522388,1,0.250087260034904,1,0.01782230892002128,1
2018,04,71510,0.08223477715003139,1,0.11115537848605578,1,0.03446257408355894,1
2018,04,73000,0.4089581304771178,1,0.35210581838837945,1,0.12909809924735297,1
2018,04,77000,0.6270379190327899,1,0.7014626355459666,1,0.27373786827175073,1
2018,04,85540,0.624390243902439,1,0.6627980999951031,1,0.4374592125299108,1
2018,05,23290,0.1935483870967742,1,0.1627172195892575,1,0.09104559104559104,1
2018,05,24550,0.8329207920792079,1,0.8965073923291194,1,0.5821256038647343,1
2018,05,35710,0.7887922314383977,1,0.6671338472319551,1,0.3651988458160833,1
2018,05,41000,0.6780207381937355,1,0.7427859663691094,1,0.20372296173044926,1
2018,05,66080,0.6666666666666666,1,0.7829099307159353,1,0.4512081164063543,1
2018,06,00562,0,1,0,1,0,1
2018,06,00884,0.7777777777777778,1,0.7583658386368303,1,0.7201492537313433,1
2018,06,02000,0.6806883365200764,1,0.77091522971180515,1,0.30818937096136095,1
2018,06,02252,0.5838064675388793,1,0.6724298443942014,1,0.5669556840077071,1
2018,06,02364,0.8383428107229894,1,0.7709923664122137,1,0.6619541875447388,1
2018,06,03526,0.7326367547633682,1,0.7357256121162178,1,0.36753172679309853,1
2018,06,04982,0.970193740685544,1,0.9781445138269402,1,0.7543859649122807,1
2018,06,06000,0,1,0,1,0,1
2018,06,08786,0.45403899721448465,1,0.5162153126044801,1,0.2933930571108623,1
2018,06,08954,0,1,0.0028708133971291866,1,8.395130824122009e-4,1
2018,06,11194,0,1,0,1,0,1
2018,06,11530,0.8622529024160652,1,0.8459526231652376,1,0.8043478260869565,1
2018,06,13014,0.2420749279538905,1,0.3057603057603058,1,0.14358350834530784,1
2018,06,13210,0.306282722513089,1,0.600375027575557,1,0.3490683229813665,1
2018,06,13214,0.046511627906976744,1,0.011456628477905073,1,0.0029282576866764276,1
2018,06,13392,0.17217484008528786,1,0.40002123536750456,1,0.14315937940761636,1
2018,06,13588,0.7212643678160919,1,0.6507503410641201,1,0.5171736997055937,1
2018,06,14218,0.18445121951219512,1,0.18764033974421557,1,0.08181388757675956,1
2018,06,15044,0.9982532751091703,1,0.9985454968582732,1,1,1
2018,06,16000,0.347682119205298,1,0.4517844481210116,1,0.09774436090225563,1
2018,06,16350,0.12746756909193457,1,0.28309837957156475,1,0.057726360524141186,1
2018,06,16532,0.425531914893617,1,0.6292084224749465,1,0.23304521276595744,1
2018,06,17918,0,1,0,1,0,1
2018,06,19766,0.4461538461538462,1,0.4066298342541437,1,0.3276209677419355,1
2018,06,21712,0.5594837261503928,1,0.4657656199417287,1,0.28329558934541144,1
2018,06,22020,0.05133715377268386,1,0.03361344537815126,1,0.015449128227764291,1
2018,06,22230,0.9743589743589743,1,0.9568805062662862,1,0.9927007299270073,1
2018,06,22804,0.5068762278978389,1,0.6488911039122851,1,0.13305203938115331,1
2018,06,23182,0.300163132137031,1,0.37743319036621575,1,0.11910322279308734,1
2018,06,24638,0,1,0,1,0,1
2018,06,24680,0.6415441176470589,1,0.8451106935707867,1,0.5652013298854821,1
2018,06,26000,0.047685834502103785,1,0.04138702460850112,1,0.025816649104320338,1
2018,06,27000,0.8155844155844156,1,0.840879934099472,1,0.40631871311190837,1
2018,06,28000,0.18811881188118812,1,0.35800018901805125,1,0.0804696449026346,1
2018,06,29000,0.8157894736842105,1,0.906933097814087,1,0.4111071042192571,1
2018,06,30000,0.4107142857142857,1,0.6620608899297424,1,0.45371078806426934,1
2018,06,32548,0.7618688771665411,1,0.7517401392111369,1,0.2017259978425027,1
2018,06,33000,0.495,1,0.6478610485686715,1,0.37327188940092165,1
2018,06,33182,0.9751716851558373,1,0.9609437270843296,1,0.9149764392542512,1
2018,06,33434,0.9517241379310345,1,0.9222372054196365,1,0.8640667267808837,1
2018,06,36000,0.052884615384615384,1,0.11400953389830508,1,0.005793124475950911,1
2018,06,36448,0.651685393258427,1,0.7430752453653217,1,0.33101314771848417,1
2018,06,36546,0.9027048849414614,1,0.9469706512155184,1,0.5254237288135594,1
2018,06,36770,0,1,0,1,0,1
2018,06,37692,0.5207373271889401,1,0.7387089283641007,1,0.5153267784846732,1
2018,06,39496,0.07352941176470588,1,0.34628670120898103,1,0.05820995962314939,1
2018,06,39892,0.24561403508771928,1,0.3417536768833502,1,0.09282700421940929,1
2018,06,40130,0.8453582554517134,1,0.8050782251859451,1,0.6138302649303996,1
2018,06,41992,0.039603960396039604,1,0.06898987520602778,1,0.007167341851043939,1
2018,06,43000,0.7093974708653608,1,0.7247276745776983,1,0.1398548911683763,1
2018,06,44000,0.800307394546593,1,0.9187539081497951,1,0.2802816203083941,1
2018,06,45484,0.11895161290322581,1,0.24723115398356557,1,0.12513812154696133,1
2018,06,46842,0.23803191489361702,1,0.27595012768514343,1,0.12305961754780652,1
2018,06,46898,0.7881438289601554,1,0.7651844978945115,1,0.6248520710059171,1
2018,06,47766,0,1,0,1,0,1
2018,06,48256,0,1,0,1,0,1
2018,06,48354,0.5933933933933934,1,0.6533850146174819,1,0.428927680798005,1
2018,06,49270,0.9148224804967362,1,0.9497824952148948,1,0.9431137724550899,1
2018,06,49670,0.00909090909090909,1,0.09492364836978952,1,0.006862371330537552,1
2018,06,50076,0,1,0,1,0,1
2018,06,50258,0.1411764705882353,1,0.30736248928090165,1,0.09360034828036569,1
2018,06,51182,0,1,0,1,0,1
2018,06,52526,0.8856304985337243,1,0.8064349176227034,1,0.7643979057591623,1
2018,06,53000,0.6635636126081986,1,0.8430576219389602,1,0.17699775952203137,1
2018,06,53322,0.390087929656275,1,0.378062224399804,1,0.11696570520099932,1
2018,06,53896,0.3521767381416504,1,0.6923614249907548,1,0.21642007542790834,1
2018,06,53980,0.2654320987654321,1,0.4620676831535887,1,0.14882866329811667,1
2018,06,54652,0.5216494845360825,1,0.7214595650739679,1,0.632864238410596,1
2018,06,55156,0.8413861386138614,1,0.8564367231227739,1,0.5296777840587903,1
2018,06,56000,0.25100806451612906,1,0.29963680387409203,1,0.08915864378401005,1
2018,06,56700,0.9481981981981982,1,0.9460328452710725,1,0.9491173416407062,1
2018,06,57456,0.5958549222797928,1,0.6245210727969349,1,0.5842185128983308,1
2018,06,57792,0,1,0,1,0,1
2018,06,58072,0.7957110609480813,1,0.89344471043651,1,0.6631892697466468,1
2018,06,59444,0.850896860986547,1,0.8733580330077467,1,0.6738535249828884,1
2018,06,59451,0.15077138849929875,1,0.21035598705501618,1,0.07521847690387017,1
2018,06,59920,0.7106382978723405,1,0.6313993174061433,1,0.47660259635704944,1
2018,06,60102,0.2602739726027397,1,0.3460471567267684,1,0.037491705374917056,1
2018,06,60466,1,1,1,1,1,1
2018,06,60620,0.7629805786761792,1,0.8791635045113416,1,0.3627844712182062,1
2018,06,62000,0.5487165332597295,1,0.6574953674383693,1,0.3223922114047288,1
2018,06,62938,0.017377567140600316,1,0.0740402193784278,1,0.013838310269482883,1
2018,06,64000,0.7096791501234038,1,0.6950782948630664,1,0.40259794854548514,1
2018,06,64224,0.5465587044534413,1,0.71890589569161,1,0.3797920727745289,1
2018,06,65000,0.9831947638422077,1,0.9859628105630501,1,0.9558718861209965,1
2018,06,65042,0.07281553398058252,1,0.17939061965080452,1,0.057086314507535395,1
2018,06,66000,0.5972246618654488,1,0.6054587611791984,1,0.06961136257218667,1
2018,06,67000,0.26756322761942997,1,0.23989912257657753,1,0.045339470655926355,1
2018,06,68000,0.21316033364226136,1,0.44456670858580083,1,0.043297774774339916,1
2018,06,68084,0.3321247280638144,1,0.34881498470948014,1,0.24332977588046958,1
2018,06,68196,0.06688963210702341,1,0.2397796462742824,1,0.02274975272007913,1
2018,06,68252,0.038461538461538464,1,0.05976806422836753,1,0.021534320323014805,1
2018,06,68378,0,1,0,1,0,1
2018,06,69000,0.57847533632287,1,0.8524180298592756,1,0.13149022252191503,1
2018,06,69070,0.07258064516129033,1,0.2760792396656361,1,0.031164069660861594,1
2018,06,69084,0,1,0,1,0,1
2018,06,69088,0,1,0,1,0,1
2018,06,69196,0.4885057471264368,1,0.7133624935965638,1,0.15724052206339342,1
2018,06,70000,0,1,0,1,0,1
2018,06,70098,0.16638655462184873,1,0.37848677121992097,1,0.06020558002936858,1
2018,06,72016,0.003946719289590528,1,0.1009135776541006,1,0.010423246999368288,1
2018,06,73080,1,1,1,1,1,1
2018,06,75000,0.7754542338018512,1,0.8299194579678281,1,0.5374917053749171,1
2018,06,77000,0,1,0,1,0,1
2018,06,78120,0.30782608695652175,1,0.26144810498302284,1,0.21522366522366523,1
2018,06,78582,0.05092592592592592,1,0.07018030513176145,1,0.0057258958256372365,1
2018,06,80000,0.11877394636015326,1,0.14267031268576863,1,0.011980830670926517,1
2018,06,80238,0.162016201620162,1,0.28927929726492313,1,0.11292817679558011,1
2018,06,80854,0.4177777777777778,1,0.6619718309859155,1,0.22993361496680748,1
2018,06,81344,0.38978829389788294,1,0.3727332673920211,1,0.1295238095238095,1
2018,06,81554,0.16625916870415647,1,0.2418154761904762,1,0.06844684806489776,1
2018,06,81666,0.505606258148631,1,0.5503673469387755,1,0.43170964660936006,1
2018,06,82590,0.9535864978902954,1,0.9499419215664583,1,0.9021430415698425,1
2018,06,82954,0.6986899563318777,1,0.6707078073013992,1,0.4717993330433522,1
2018,06,82996,0.5036231884057971,1,0.6690694626474443,1,0.3879547538978906,1
2018,06,84200,0.45023696682464454,1,0.4438532401524778,1,0.2754994742376446,1
2018,06,84550,0.71875,1,0.8328524319868096,1,0.46683673469387754,1
2018,06,85292,0.4957627118644068,1,0.5441773337496097,1,0.23076923076923078,1
2018,08,03455,0.22,1,0.2533413125872731,1,0.07631113730111962,1
2018,08,04000,0.3172704018483373,1,0.4087019964183856,1,0.0891993790197383,1
2018,08,07850,0,1,0,1,0,1
2018,08,12815,0.10034602076124567,1,0.29796954314720814,1,0.012383328712688291,1
2018,08,16000,0.43814112527199256,1,0.4347128146901061,1,0.1587913240876748,1
2018,08,20000,0.45058139534883723,1,0.5878030342984722,1,0.13537949083987627,1
2018,08,27425,0.0962566844919786,1,0.1398249860361199,1,0.044248635188200366,1
2018,08,32155,0.44516129032258067,1,0.43325705568268497,1,0.1554354736172918,1
2018,08,43000,0.22342342342342342,1,0.37247865363197624,1,0.11256667712582366,1
2018,08,45970,0.08670520231213873,1,0.27869099683305687,1,0.04785736628088833,1
2018,08,46465,0.11515151515151516,1,0.18284734133790737,1,0.0891679748822606,1
2018,08,62000,0.48523985239852396,1,0.6562519334282002,1,0.4828737479906022,1
2018,08,77290,0.28498727735368956,1,0.29857091172214184,1,0.07497678737233054,1
2018,08,83835,0.1024390243902439,1,0.17252994011976047,1,0.03984602580108198,1
2018,09,08000,0.7894270198381913,1,0.7869572562932928,1,0.635237439779766,1
2018,09,18430,0.19478908188585609,1,0.2951866404715128,1,0.15815445349124105,1
2018,09,37000,0.88667880655554,1,0.9194029850746268,1,0.8177821201758672,1
2018,09,52000,0.6565874730021598,1,0.6384615384615384,1,0.3559127439724455,1
2018,09,55990,0.11181770005299417,1,0.13320497111850166,1,0.041601008509297197,1
2018,09,73000,0.0696064139941691,1,0.05497972059486255,1,0.020243673851921273,1
2018,09,80000,0.9034414459024511,1,0.8859888720283258,1,0.7663354411321891,1
2018,11,50000,0.6302693357289354,1,0.2292374939290918,1,0.03386263631145973,1
2018,12,07300,0,1,0,1,0,1
2018,12,07875,0.662717001928906,1,0.390030607783122,1,0.14677827525793263,1
2018,12,10275,0.057534246575342465,1,0.041939561070895096,1,0.012613170316489978,1
2018,12,12875,0.47032306536438767,1,0.40246449456975775,1,0.16247351694915255,1
2018,12,14400,0.1646497556434722,1,0.11307872839769575,1,0.04711069853794384,1
2018,12,16475,0.17533315913247974,1,0.1695425043533323,1,0.07436607713616024,1
2018,12,16725,0.917144678138942,1,0.74317738791423,1,0.7191601049868767,1
2018,12,17200,0.09816753926701571,1,0.08574537540805223,1,0.08590927338418305,1
2018,12,17935,0,1,0,1,0,1
2018,12,24000,0.8122243713733075,1,0.5681818181818182,1,0.21367781155015197,1
2018,12,24125,0.46188850967007966,1,0.37336274644974493,1,0.10314350797266515,1
2018,12,25175,0.3816921873253605,1,0.15418341249543296,1,0.10200179937022043,1
2018,12,30000,0.9276212832550861,1,0.8433956020816412,1,0.7617689015691869,1
2018,12,32000,0.6349331235247836,1,0.543556452320379,1,0.37194586043241346,1
2018,12,32275,0.9185635515340026,1,0.8240198687244988,1,0.8092269326683291,1
2018,12,35000,0.6268886553860648,1,0.3892007321537523,1,0.22132548174242225,1
2018,12,36950,0.35618279569892475,1,0.41424198385949723,1,0.3388814913448735,1
2018,12,38250,0.3597176707839677,1,0.34087630724846735,1,0.21049946142071546,1
2018,12,39425,0.21694088970140157,1,0.18052818289318093,1,0.14625850340136054,1
2018,12,43975,0.7078587699316629,1,0.5199299167761717,1,0.3766624262750087,1
2018,12,45000,0.8255406682604103,1,0.526744240239867,1,0.18441273326015367,1
2018,12,45025,0.2754491017964072,1,0.29214729370008874,1,0.09137931034482759,1
2018,12,45060,0.9633333333333334,1,0.8971354166666666,1,0.9619047619047619,1
2018,12,45975,0.6371258652627474,1,0.2542791310072416,1,0.2132295719844358,1
2018,12,49675,0.08396946564885496,1,0.0824396782841823,1,0.07195325542570952,1
2018,12,53000,0.6147799915429197,1,0.3224771739283353,1,0.10738058235345864,1
2018,12,54000,0.5705375705375706,1,0.5147497514086842,1,0.4569928657962041,1
2018,12,54200,0.3391304347826087,1,0.2840562003665241,1,0.25843055777529167,1
2018,12,55775,0.23491915422885573,1,0.10831957504845309,1,0.06322127446061214,1
2018,12,57425,0.6534551094261589,1,0.25939119170984454,1,0.16355140186915887,1
2018,12,58050,0.9550591327201051,1,0.8735660239199414,1,0.5824120603015075,1
2018,12,58715,0,1,0,1,0,1
2018,12,63000,0,1,0,1,0,1
2018,12,69700,0.5366108786610879,1,0.4041937816341287,1,0.3722627737226277,1
2018,12,70600,0.5271995471982894,1,0.3413861386138614,1,0.11143202579258463,1
2018,12,71000,0.736820170868931,1,0.5956957259395264,1,0.24680042660978535,1
2018,12,76600,0.9149232914923291,1,0.8701261467889908,1,0.4342203898050975,1
2018,13,03440,1,1,1,1,1,1
2018,13,04000,0.6777928184667996,1,0.3485652742518655,1,0.043605531442414455,1
2018,13,04204,0.9977006577188385,1,0.9983122362869198,1,0.9939265107804434,1
2018,13,19000,0.8806943892891587,1,0.752959144711722,1,0.45992057655537577,1
2018,13,42425,0,1,0,1,0,1
2018,13,49008,0.9953678173596558,1,0.9957337883959044,1,0.9912989434431324,1
2018,13,67284,0.15019762845849802,1,0.3146800501882058,1,0.03802612481857765,1
2018,13,68516,0,1,0,1,0,1
2018,13,69000,0.7038252542099317,1,0.5065616797900262,1,0.2170832776366796,1
2018,13,72122,NA,NA,NA,NA,NA,NA
2018,13,80508,0.763137457934248,1,0.6866359447004609,1,0.4794473818864063,1
2018,15,71550,NA,NA,NA,NA,NA,NA
2018,16,08830,0.20433017591339647,1,0.22375,1,0.12603859555079067,1
2018,16,52120,0.043835616438356165,1,0.03483260060872506,1,0.01699467469321602,1
2018,16,56260,0.18518518518518517,1,0.29679180887372014,1,0.22905415830890294,1
2018,17,02154,0,1,0,1,0,1
2018,17,03012,0.4114213197969543,1,0.6968410899445382,1,0.09978283232369414,1
2018,17,06613,0.44245049504950495,1,0.5155440414507773,1,0.2883163038649489,1
2018,17,12385,0.4017241379310345,1,0.3855721393034826,1,0.19819277108433736,1
2018,17,14000,0.8948453608247423,1,0.8656316694945816,1,0.3451494493969586,1
2018,17,14351,0.7837837837837838,1,0.835709171385797,1,0.7238493723849372,1
2018,17,23074,0.8606927710843374,1,0.8865556360125513,1,0.4592476489028213,1
2018,17,24582,0.06138009912314144,1,0.05568130375735627,1,0.018419975440032748,1
2018,17,38570,0.716677398583387,1,0.7639641164522681,1,0.3375552874949739,1
2018,17,51622,0,1,0,1,0,1
2018,17,59000,0.8395459822004385,1,0.7699619771863118,1,0.3838319541693189,1
2018,17,65000,0.8271094175285792,1,0.8126944617299315,1,0.6510510510510511,1
2018,17,68003,0,1,0,1,0,1
2018,17,72000,0.7192186955005232,1,0.6025641025641025,1,0.5867277664630007,1
2018,17,79293,0.9851150202976996,1,0.9812929197253137,1,0.9931856899488927,1
2018,18,05860,0.32102728731942215,1,0.18906942392909898,1,0.11131898971000935,1
2018,18,10342,0,1,0,1,0,1
2018,18,22000,0.6647794994040525,1,0.5224977043158862,1,0.2967956355427353,1
2018,18,23278,0,1,0,1,0,1
2018,18,25000,0.7479551297032017,1,0.7333121928016489,1,0.31180842279108173,1
2018,18,31000,0.9477095937770095,1,0.9676895306859206,1,0.9515652687536916,1
2018,18,36003,NA,NA,NA,NA,NA,NA
2018,18,71000,0.7540935241186015,1,0.7137947962690231,1,0.5572546230440967,1
2018,19,12000,0.37153579676674364,1,0.2674581005586592,1,0.13627090983272133,1
2018,19,19000,0.43031123139377536,1,0.40039840637450197,1,0.2949852507374631,1
2018,19,21000,0.657400669480425,1,0.691543917075832,1,0.4096693921080697,1
2018,19,73335,0.2533197139938713,1,0.2345808070248798,1,0.14302513596942526,1
2018,20,36000,0.8920727272727272,1,0.9258171134777818,1,0.6647777581016469,1
2018,20,38900,0.11936339522546419,1,0.128099173553719,1,0.06934306569343066,1
2018,20,52575,0.03623508616880247,1,0.12744721689059502,1,0.016111966140823393,1
2018,20,53775,0,1,0,1,0,1
2018,20,71000,0.7878120411160059,1,0.7422457793482529,1,0.37260712855426514,1
2018,20,79000,0.7564197400401564,1,0.8411188966744523,1,0.5472972972972973,1
2018,21,46027,0.47760726589414343,1,0.45695364238410596,1,0.22570637647957237,1
2018,21,48006,0.7140121947627324,1,0.6924056834884861,1,0.5059465212185712,1
2018,22,05000,0.5868531848431346,1,0.38480782351603365,1,0.06672273619287918,1
2018,22,40735,0.5333333333333333,1,0.3182423435419441,1,0.13688694450840433,1
2018,22,41155,0.7254094341472982,1,0.46059678653404745,1,0.12348807741043659,1
2018,22,55000,0.8312129572859187,1,0.6864029955534753,1,0.22026431718061673,1
2018,22,70000,0.7044925124792013,1,0.4988747186796699,1,0.1812173542266283,1
2018,24,04000,0.8471600943286486,1,0.8261823089467469,1,0.4607169198996902,1
2018,24,30325,0.1409561360275998,1,0.2529869144699412,1,0.03888419273034658,1
2018,25,07000,0.6492374727668845,1,0.5736068755198226,1,0.17036654620547237,1
2018,25,09000,0.5453653751839137,1,0.6468344774980931,1,0.48395998620213865,1
2018,25,11000,0,1,0,1,0,1
2018,25,23000,0.8808341608738828,1,0.8954330708661418,1,0.6907365924364212,1
2018,25,34550,1,1,1,1,1,1
2018,25,37000,0.9409814323607427,1,0.8889291538322159,1,0.8495641344956414,1
2018,25,37490,0.8953089244851259,1,0.9199890019246632,1,0.6992840095465394,1
2018,25,45000,0.9117938553022795,1,0.9223347805113362,1,0.8028517386876182,1
2018,25,45560,0,1,0,1,0,1
2018,25,55745,0.2534351145038168,1,0.2620689655172414,1,0.13905038759689922,1
2018,25,62535,0.36907216494845363,1,0.4744346116027532,1,0.209962506695233,1
2018,25,67000,0.9108315098468271,1,0.9587254416377745,1,0.8854961832061069,1
2018,25,82000,0.7387786553650549,1,0.7986996098829648,1,0.5105870419677951,1
2018,26,03000,0.03662597114317425,1,0.0246690734055355,1,0.05516199112118636,1
2018,26,21000,0.7302185380557649,1,0.6681175190424374,1,0.6540995788952192,1
2018,26,22000,0.9982488122066402,1,0.9985082975946299,1,0.9536183291422184,1
2018,26,27440,0,1,0,1,0,1
2018,26,29000,0.8986187845303868,1,0.8030513176144244,1,0.6740659340659341,1
2018,26,34000,0.5979233226837061,1,0.6559689794571405,1,0.12074001947419669,1
2018,26,46000,0.7938810913105189,1,0.7619689817936615,1,0.535846845086931,1
2018,26,49000,0.3455019556714472,1,0.1168289290681502,1,0.0794392523364486,1
2018,26,69035,0,1,0,1,0,1
2018,26,74900,0.6042222761465663,1,0.5,1,0.14455445544554454,1
2018,26,76460,0.25857519788918204,1,0.12524850894632206,1,0.24206685345670165,1
2018,26,80700,0,1,0,1,0,1
2018,26,84000,0.7490368008502724,1,0.5328638497652582,1,0.2591631893537837,1
2018,26,86000,0.4071877180739707,1,0.2356687898089172,1,0.2688330871491876,1
2018,26,88940,0.7555358724534986,1,0.8285377358490567,1,0.5020013342228152,1
2018,27,06616,0.10373647984267453,1,0.12287334593572778,1,0.012545454545454545,1
2018,27,07966,0.6551094890510949,1,0.7819722650231125,1,0.5100548446069469,1
2018,27,17000,0.4831858407079646,1,0.3395638629283489,1,0.1909737661182748,1
2018,27,43000,0.7349795114682561,1,0.6884738771769019,1,0.18135555719448337,1
2018,27,51730,0.022879464285714284,1,0.004287245444801715,1,0.0016258400173422935,1
2018,27,54880,0.15160349854227406,1,0.13532608695652174,1,0.04064289673009422,1
2018,27,58000,0.7468354430379747,1,0.4411764705882353,1,0.02197802197802198,1
2018,27,71428,0,1,0,1,0,1
2018,28,36000,1,1,1,1,1,1
2018,29,15670,0.3952810180275716,1,0.3565076798706548,1,0.1728293618186798,1
2018,29,35000,0.4803611738148984,1,0.5343245808288516,1,0.3853178473268907,1
2018,29,38000,0.7669549723449274,1,0.6699460488733735,1,0.18844340642705765,1
2018,29,41348,NA,NA,NA,NA,NA,NA
2018,29,54074,NA,NA,NA,NA,NA,NA
2018,29,65000,0.9010607915136679,1,0.41501103752759383,1,0.07538883806038427,1
2018,29,70000,0.6782650142993327,1,0.5675070028011204,1,0.46033016508254126,1
2018,30,06550,0.22764227642276422,1,0.23071808510638298,1,0.09619280475026196,1
2018,31,28000,0.3725925925925926,1,0.33252720677146314,1,0.13683870272599935,1
2018,31,37000,0.48947010869565216,1,0.6674461701376633,1,0.11206576258591863,1
2018,32,31900,0.4,1,0.3321157628547345,1,0.21198310824936237,1
2018,32,40000,0.7006779025213686,1,0.7858200872806039,1,0.3635893241641769,1
2018,32,51800,0.7712588859893819,1,0.8006793069349499,1,0.5549002601908066,1
2018,32,60600,0.4045848822800496,1,0.5461697048611112,1,0.17131311296767163,1
2018,32,68400,0.425764192139738,1,0.5821761658031088,1,0.17360729590154927,1
2018,33,45140,0.3459259259259259,1,0.39953271028037385,1,0.24448728762501507,1
2018,33,50260,0.18433179723502305,1,0.3123239436619718,1,0.13171165826164344,1
2018,34,13690,0.18778280542986425,1,0.34728580771746237,1,0.16616038882138517,1
2018,34,21000,0.97139896373057,1,0.9462247146004407,1,0.8878548161935784,1
2018,34,36000,0.8367591082109842,1,0.7070334889052649,1,0.6245243128964059,1
2018,34,51000,0.9462162248790026,1,0.9661604176554343,1,0.9639724310776943,1
2018,34,57000,1,1,1,1,1,1
2018,34,74000,0.9868017188459177,1,0.9895071103134061,1,0.8309859154929577,1
2018,35,02000,0.6663951120162933,1,0.6895007014411427,1,0.34321969117871887,1
2018,35,39380,0.9234782608695652,1,0.9708560066973629,1,0.9165105142619197,1
2018,35,63460,0.08188585607940446,1,0.12868186711028476,1,0.09948006932409012,1
2018,35,70500,0.36,1,0.5826293167333629,1,0.1799120730470071,1
2018,36,01000,0.8237135856248299,1,0.711701734957549,1,0.2351813110181311,1
2018,36,11000,0.9693302226110625,1,0.9275592336469788,1,0.6133543086872925,1
2018,36,50617,0.06406179009541117,1,0.2130503144654088,1,0.03992606284658041,1
2018,36,51000,0.6865679370339686,1,0.6487704000316127,1,0.09404572770601644,1
2018,36,63000,0.8605275696279291,1,0.7971945367294204,1,0.26256358087487286,1
2018,36,73000,0.986946066643765,1,0.9598603839441536,1,0.7068440635922878,1
2018,36,84000,0.6159506762132061,1,0.6001989678542561,1,0.25532900834105654,1
2018,37,02140,0.23311444652908067,1,0.35556374355195286,1,0.16654904728299225,1
2018,37,10740,0.001375515818431912,1,0.0010007505629221916,1,2.2053958685584063e-4,1
2018,37,12000,0.5978772253377997,1,0.6219160427151098,1,0.11498835762814583,1
2018,37,14100,0.23156553591336201,1,0.27318908748824083,1,0.1423260324900994,1
2018,37,19000,0.46819380355965723,1,0.49552,1,0.08140731730139422,1
2018,37,22920,0.7465963762923533,1,0.6234502302515055,1,0.390469488287926,1
2018,37,25580,0.8299681190223167,1,0.8043882484194868,1,0.48167038571883963,1
2018,37,28000,0.7138129076219215,1,0.7168186423505573,1,0.16154589371980677,1
2018,37,28080,0.7894468951476077,1,0.6917933130699088,1,0.32028770890628305,1
2018,37,31400,0.733726914925825,1,0.75488389237007,1,0.35978552278820375,1
2018,37,55000,0.33938683850810386,1,0.3177131479769608,1,0.06410570100318082,1
2018,37,74440,0.6282894736842105,1,0.4473450014832394,1,0.14826931885101094,1
2018,37,75000,0.7159047978843974,1,0.6711711711711712,1,0.11902097902097902,1
2018,38,25700,0.2688652878703186,1,0.1378737541528239,1,0.06560207164436772,1
2018,39,01000,0.835873895721462,1,0.7285024154589372,1,0.4106353801615115,1
2018,39,15000,0.6727177124543041,1,0.5524383078730905,1,0.14290878419086636,1
2018,39,16000,0.8305098729442825,1,0.7725079439802283,1,0.4612108093010265,1
2018,39,18000,0.8996685885504154,1,0.8293958352787375,1,0.5535505038668854,1
2018,39,21000,0.8910395235517055,1,0.7365632096896291,1,0.5615506329113924,1
2018,39,61000,0.3428063943161634,1,0.2826887661141805,1,0.2143259217562623,1
2018,39,77000,0.7695576588757967,1,0.6861480865224625,1,0.4310385064177363,1
2018,40,09050,0.11859527921704087,1,0.21028488652824723,1,0.1171218487394958,1
2018,40,23200,0.09238451935081149,1,0.11399276236429433,1,0.0423804780876494,1
2018,40,41850,0.6701765252400124,1,0.6999297259311315,1,0.5843144357906176,1
2018,40,52500,0.4738372093023256,1,0.44617178390983286,1,0.372355838887279,1
2018,40,55000,0.41515537172552763,1,0.26214861044433774,1,0.2824666359871146,1
2018,40,75000,0.7429289245481806,1,0.7344223913159155,1,0.39938101325439007,1
2018,41,05350,0.19130434782608696,1,0.23972257250945775,1,0.09962732919254659,1
2018,41,05800,0.07964601769911504,1,0.1521099116781158,1,0.042398945518453426,1
2018,41,23850,0.17548746518105848,1,0.3081993145267598,1,0.1580842863461174,1
2018,41,31250,0.3179190751445087,1,0.3569600818833163,1,0.2888287068381855,1
2018,41,34100,0.1746031746031746,1,0.34951155217863233,1,0.15052083333333333,1
2018,41,47000,0.4406779661016949,1,0.5708469055374593,1,0.3469738651994498,1
2018,41,59000,0.47549019607843135,1,0.45464187671574746,1,0.1649911010630622,1
2018,41,64900,0.5633528265107213,1,0.7815219661630578,1,0.3345713401423708,1
2018,42,02000,0.868,1,0.9139537852674582,1,0.24855747891699956,1
2018,42,06088,0.30480046269519956,1,0.44894204231830726,1,0.13425525785076348,1
2018,42,24000,0.9076236992992143,1,0.8180019782393669,1,0.45195217917675545,1
2018,42,60000,0.9885828762593846,1,0.9730844314299658,1,0.9031947936695756,1
2018,42,61000,0.8751525391908382,1,0.5499485066941298,1,0.21905673341185708,1
2018,42,63624,0.8343337334933973,1,0.922821379842202,1,0.21079749103942652,1
2018,42,69000,0.98714859437751,1,0.9974514176489327,1,0.9454584963059539,1
2018,44,19180,0.3406813627254509,1,0.3995908625980225,1,0.11090435429847413,1
2018,44,54640,0.9412886008387342,1,0.8425644916540213,1,0.7964285714285714,1
2018,44,59000,0.8780332056194126,1,0.9070644156695624,1,0.783208513992905,1
2018,44,74300,0,1,0,1,0,1
2018,45,13330,0.652407192575406,1,0.42379679144385024,1,0.21571527161589274,1
2018,45,16000,0.6307564075849135,1,0.5222196096872795,1,0.3262941877399709,1
2018,45,48535,0,1,0,2,0,1
2018,45,50875,0.8050815320439894,1,0.8073248407643312,1,0.343585237258348,1
2018,46,59020,0.44731977818853974,1,0.43272727272727274,1,0.12172942817294281,1
2018,47,14000,0.9255828158403746,1,0.969709373720835,1,0.6128101557991922,1
2018,47,15160,0.5205784204671857,1,0.43267259056732743,1,0.3718542631776637,1
2018,47,27740,0,1,0,1,0,1
2018,47,40000,0.6360727086533539,1,0.4392472135940069,1,0.17664653436870867,1
2018,47,48000,0.9509282862777163,1,0.9331709762910966,1,0.5323391420911529,1
2018,47,51560,0.2790489810511262,1,0.3508010680907877,1,0.10591456111332916,1
2018,47,52006,0.7468481088653192,1,0.8259565962307253,1,0.45954986110323714,1
2018,48,01000,0.5014061872237846,1,0.49570234310608735,1,0.3050811498886178,1
2018,48,01924,0.05607828377869778,1,0.054136874361593465,1,0.02004610604390097,1
2018,48,03000,0.6921234699308143,1,0.6727769110764431,1,0.24739325449991262,1
2018,48,04000,0.33807966134308254,1,0.5363065679752647,1,0.14764528400892038,1
2018,48,05000,0.5157211778406255,1,0.5764584841672065,1,0.057161654135338344,1
2018,48,06128,0.5641486810551559,1,0.6163722725248627,1,0.4276797829036635,1
2018,48,07000,0.7156971297163786,1,0.7241695723986052,1,0.1760187040748163,1
2018,48,10768,0.9672131147540983,1,0.9793812459317686,1,0.9839743589743589,1
2018,48,10912,0.7882767456758488,1,0.8157813305827746,1,0.5910591059105911,1
2018,48,13024,0.1527777777777778,1,0.47056288251012846,1,0.09481534090909091,1
2018,48,13552,0,1,0,1,0,1
2018,48,15976,0,1,0,1,0,1
2018,48,16432,0.2846826301786393,1,0.5792422625400213,1,0.3923008849557522,1
2018,48,17000,0.5814931650893796,1,0.5840017034565973,1,0.2612637616800814,1
2018,48,19000,0.8600151601288611,1,0.8427138072517049,1,0.23451171011931066,1
2018,48,19972,0.27923728813559323,1,0.3302739136670013,1,0.18191174578669755,1
2018,48,22660,0.7089552238805971,1,0.8672055121240227,1,0.7411402157164869,1
2018,48,24000,0.5861250329728304,1,0.6782549747326039,1,0.5020959966464054,1
2018,48,26232,0,1,0,1,0,1
2018,48,27000,0.7526412348959322,1,0.7878134998451852,1,0.24421111840254991,1
2018,48,27684,0,1,0,1,0,1
2018,48,29000,0.5965219567121232,1,0.6456153995722341,1,0.5132355420671051,1
2018,48,30464,0.5548585891933532,1,0.717200816228544,1,0.5221525826669549,1
2018,48,35000,0.78126236874578,1,0.8017901727329857,1,0.2634539732494099,1
2018,48,37000,0.5236037234042553,1,0.6971728684769248,1,0.5185614849187935,1
2018,48,39148,0.5165926524020993,1,0.53556827473426,1,0.45888801879404856,1
2018,48,41464,0.6029411764705882,1,0.7894948173044034,1,0.6724137931034483,1
2018,48,41980,0.01843817787418655,1,0.05196770938446014,1,0.011306209850107066,1
2018,48,42508,0.18249427917620137,1,0.3479543666404406,1,0.07891234074919186,1
2018,48,43888,0.5645494152717266,1,0.6012867647058824,1,0.31846602751146313,1
2018,48,45000,0.7048573295578305,1,0.5535917901938426,1,0.23849022144433452,1
2018,48,45384,0.8571428571428571,1,0.8831035840882238,1,0.6864628820960699,1
2018,48,45744,0.02756316558780539,1,0.09660129126568401,1,0.012582268679829655,1
2018,48,47892,0.6194525093322273,1,0.7604166666666666,1,0.6366679795194958,1
2018,48,48072,0.19708372530573848,1,0.22440714095390354,1,0.04301715919923737,1
2018,48,48768,0.4788732394366197,1,0.8386219164464906,1,0.4608540925266904,1
2018,48,50820,0.075,1,0.09775641025641026,1,0.05035484961135519,1
2018,48,53388,0.24585436193222782,1,0.3733019853709509,1,0.19267105639851131,1
2018,48,56000,0.7407407407407407,1,0.8188661169466589,1,0.5124466571834992,1
2018,48,56348,0,1,0,1,0,1
2018,48,57200,0.975,1,0.9703984819734346,1,0.9804878048780488,1
2018,48,58016,0.10133160116921078,1,0.19515510073552927,1,0.03447398549802824,1
2018,48,61796,0.13426329555361813,1,0.20140199514693988,1,0.041089494163424126,1
2018,48,63500,0.05921052631578947,1,0.10598236275522364,1,0.022956703806176624,1
2018,48,64472,0.2736,1,0.3055153095721047,1,0.18204572000667446,1
2018,48,65000,0.5664485165794066,1,0.6607392967425403,1,0.21761217631943072,1
2018,48,70808,0.05772569444444445,1,0.08533031088082901,1,0.02636733463914419,1
2018,48,72176,0.6210250654695099,1,0.5358934774218449,1,0.33500341607834205,1
2018,48,74144,0.6653897401732178,1,0.8045578851412944,1,0.31052221356196413,1
2018,48,76000,0.8987494349856863,1,0.8904521140177328,1,0.3997697510433156,1
2018,48,79000,0.6603325415676959,1,0.6705861070911722,1,0.4430341030738645,1
2018,49,43660,0,1,0,1,0,1
2018,49,44320,0,1,0,1,0,1
2018,49,55980,0.34507042253521125,1,0.5016754945411307,1,0.149665301228894,1
2018,49,57300,0.02054794520547945,1,0.043356341673856776,1,0.013617098025069888,1
2018,49,62470,0.1116751269035533,1,0.1567996567996568,1,0.055185846453497805,1
2018,49,65330,0,3,0,1,0,1
2018,49,67000,0.4737981810307492,1,0.525774529461225,1,0.10418197501677262,1
2018,49,67440,0.1672473867595819,1,0.1398016119032858,1,0.027699410105155167,1
2018,49,70850,0,1,0,1,0,1
2018,49,82950,0.01718213058419244,1,0.022504724274179693,1,0.005581766230314307,1
2018,49,83470,0.4870967741935484,1,0.4388923752745529,1,0.34011662501487566,1
2018,51,01000,0.15571708135308918,1,0.20838196876215886,1,0.05689141431640219,1
2018,51,16000,0.20435143914784318,1,0.14199698946312092,1,0.042851213944801826,1
2018,51,35000,0.3754697642637513,1,0.32298136645962733,1,0.25714909408426107,1
2018,51,47672,0.6260144274120829,1,0.469119579500657,1,0.30966882375333077,1
2018,51,56000,0.7735109717868338,1,0.7157042069506141,1,0.5956466476008897,1
2018,51,57000,0.6229683972911964,1,0.5294500488122356,1,0.2980142724170028,1
2018,51,64000,0.5785180817610063,1,0.4535637149028078,1,0.31268882175226587,1
2018,51,67000,0.6065467298824446,1,0.5950294019749252,1,0.14875882209783403,1
2018,51,68000,0.8714140090286879,1,0.7253521126760564,1,0.3630405175348996,1
2018,51,76432,0.1982406935237124,1,0.12296110414052698,1,0.07844006204298692,1
2018,51,82000,0.1462281679672984,1,0.06048537647790915,1,0.018559380950941572,1
2018,53,03180,0.14256304683479157,1,0.1976190476190476,1,0.12256376716808372,1
2018,53,05210,0,1,0,1,0,1
2018,53,05280,0,1,0,1,0,1
2018,53,22640,0.019646365422396856,1,0.02520029133284778,1,0.018657061051076014,1
2018,53,23515,0.21515988945913936,1,0.23832823649337412,1,0.10819009100101112,1
2018,53,35275,0.4139072847682119,1,0.4182048752994223,1,0.19932061144969526,1
2018,53,35415,0.20915678524374176,1,0.26863149990613855,1,0.09802526240882405,1
2018,53,35940,0,1,0,1,0,1
2018,53,53545,0.4576271186440678,1,0.6001371219623677,1,0.1809755020966674,1
2018,53,57745,0.005753138075313808,1,0.0019342359767891683,1,0.001605839416058394,1
2018,53,63000,0.17187962506166748,1,0.17444791771705154,1,0.020631157863545448,1
2018,53,67000,0.4640069384215091,1,0.41526953830281144,1,0.2647749798105866,1
2018,53,67167,0.05945945945945946,1,0.2075134168157424,1,0.02820601451780159,1
2018,53,70000,0.47840888729618347,1,0.4896,1,0.24992552874590407,1
2018,53,74060,0.12413793103448276,1,0.16773631249504795,1,0.07583988563259471,1
2018,53,80010,0.5483870967741935,1,0.7789807728206085,1,0.3306396384056978,1
2018,55,02375,0.030037546933667083,1,0.013873473917869035,1,0.006347897774113768,1
2018,55,31000,0.4847328244274809,1,0.4573121896524107,1,0.11525483928254307,1
2018,55,39225,0.5457950289410963,1,0.46667802965740585,1,0.23627556512378903,1
2018,55,48000,0.18686764402230022,1,0.19971944590566368,1,0.0746451725950587,1
2018,55,53000,0.8973144497071793,1,0.7847945785684032,1,0.4606828193832599,1
2018,55,66000,0.6243953732912724,1,0.5683438985736925,1,0.290856180119467,1
2017,01,03076,0,1,0,1,0,1
2017,01,07000,0.927057992623401,1,0.7520358306188925,1,0.12389924226909686,1
2017,01,35896,0,1,0,1,0,1
2017,01,37000,0.5446132865770504,1,0.500322788896062,1,0.11967981257321358,1
2017,01,50000,0.7482068705171763,1,0.578907435508346,1,0.468187274909964,1
2017,01,51000,0.8147011739594451,1,0.8853717026378897,1,0.4044561933534743,1
2017,01,77256,0.6233076718874436,1,0.6551094890510949,1,0.09247135842880523,1
2017,02,03000,0.7332421340629275,1,0.6049891540130152,1,0.29877638832862713,1
2017,04,04720,0.48804971319311663,1,0.4652468218590061,1,0.3638701382192221,1
2017,04,07940,0.2646793134598013,1,0.34724945219697845,1,0.18020340925368858,1
2017,04,12000,0.10243467933491686,1,0.17108494427303067,1,0.024251069900142655,1
2017,04,23620,0.18446601941747573,1,0.21488946684005203,1,0.044365857579167334,1
2017,04,27400,0,1,0,1,0,1
2017,04,27820,0.47797563261480785,1,0.4722725496465239,1,0.14148681055155876,1
2017,04,28380,0.21,1,0.21108742004264391,1,0.08350663893776995,1
2017,04,46000,0.5102798400913764,1,0.570719384308081,1,0.19248178980228928,1
2017,04,54050,0.298932384341637,1,0.3605413406639882,1,0.09622146564715076,1
2017,04,55000,0.7001108033240997,1,0.8096161086553345,1,0.22410282739939452,1
2017,04,65000,0.10446247464503043,1,0.17959256611865618,1,0.016630059617194853,1
2017,04,71510,0.13583441138421734,1,0.13348384365740087,1,0.05412619559575888,1
2017,04,73000,0.3961551664950223,1,0.40697873799725653,1,0.11782630777044185,1
2017,04,77000,0.5898393724318267,1,0.6567435158501441,1,0.23321894303363075,1
2017,04,85540,0.6058394160583942,1,0.6612987556206211,1,0.42311091471498014,1
2017,05,23290,0.18996798292422626,1,0.16157556270096463,1,0.09356890459363958,1
2017,05,24550,0.8112543962485346,1,0.865314401622718,1,0.4803523035230352,1
2017,05,35710,0.8245119305856833,1,0.715843023255814,1,0.39184597961494905,1
2017,05,41000,0.7322101410270212,1,0.725262697022767,1,0.33562860950688583,1
2017,05,66080,0.5328467153284672,1,0.6200300075018754,1,0.34717080909571657,1
2017,06,00562,0,1,0,1,0,1
2017,06,00884,0.945054945054945,1,0.8913219789132197,1,0.8768656716417911,1
2017,06,02000,0.6723646723646723,1,0.7422724265053408,1,0.2787702534275031,1
2017,06,02252,0.5308947108255067,1,0.6461832582275024,1,0.5238519839500668,1
2017,06,02364,0.9118198874296435,1,0.8155650319829424,1,0.014771048744460856,1
2017,06,03526,0.7430711610486891,1,0.7509464575446188,1,0.38726276147507366,1
2017,06,04982,0.9234042553191489,1,0.9559270516717325,1,0.6973684210526315,1
2017,06,06000,0,1,0,1,0,1
2017,06,08786,0.671875,1,0.7139356314327724,1,0.41081081081081083,1
2017,06,08954,0.0024330900243309003,1,0.0030245746691871457,1,4.21822272215973e-4,1
2017,06,11194,0,1,0,1,0,1
2017,06,11530,0.9307091737150293,1,0.8709022338265158,1,0.7806451612903226,1
2017,06,13014,0.28611898016997167,1,0.352085082563672,1,0.19175052526816322,1
2017,06,13210,0.32448377581120946,1,0.5851455336232854,1,0.3311178247734139,1
2017,06,13214,0.03929273084479371,1,0.01062106210621062,1,0.0023333333333333335,1
2017,06,13392,0.16648764769065522,1,0.3889050940044019,1,0.15805975654739948,1
2017,06,13588,0.6938202247191011,1,0.675306314797361,1,0.5092959463578177,1
2017,06,14218,0.16691285081240767,1,0.1926118730603664,1,0.08486196034834168,1
2017,06,15044,0.9997219132369299,1,1,1,1,1
2017,06,16000,0.35429447852760737,1,0.49278301324108315,1,0.10250391236306729,1
2017,06,16350,0.11642294713160854,1,0.3131483595572542,1,0.06346328195829556,1
2017,06,16532,0.4294478527607362,1,0.6369760479041916,1,0.24968789013732834,1
2017,06,17918,0.23225806451612904,1,0.32034901838578994,1,0.11764705882352941,1
2017,06,19766,0.4421199442119944,1,0.41013293202909457,1,0.30523255813953487,1
2017,06,21712,0.6363084395871281,1,0.5447889360932839,1,0.37307272065072233,1
2017,06,22020,0.030033637674195098,1,0.016807658058771147,1,0.009556169038012317,1
2017,06,22230,0.9655172413793104,2,0.9602759276879163,1,1,1
2017,06,22804,0.4875239923224568,1,0.6591431139518625,1,0.14181768259198244,1
2017,06,23182,0.36256218905472637,1,0.4351042367182246,1,0.14822912111937037,1
2017,06,24638,0,1,0,1,0,1
2017,06,24680,0.6580737558181167,1,0.8559119325903778,1,0.570199452483379,1
2017,06,26000,0.038461538461538464,1,0.03911753800519095,1,0.024242424242424242,1
2017,06,27000,0.7652613827993254,1,0.805787843061991,1,0.37025116385999196,1
2017,06,28000,0.19811320754716982,1,0.36573601706706244,1,0.06940151728013487,1
2017,06,29000,0.6929824561403509,1,0.850415061581032,1,0.3658125421443021,1
2017,06,30000,0.42127659574468085,1,0.6623259991019308,1,0.44730428000389977,1
2017,06,32548,0.7641875220303137,1,0.748559296329997,1,0.21473684210526317,1
2017,06,33000,0.4703668861712135,1,0.6133713561470215,1,0.3379591836734694,1
2017,06,33182,0.9685777287761852,1,0.96040500493908465,1,0.9196059113300492,1
2017,06,33434,0.9516256938937351,1,0.9179223665023263,1,0.8925353925353925,1
2017,06,36000,0.023255813953488372,1,0.10313841201716738,1,0.0031042128603104213,1
2017,06,36448,0.7014925373134329,1,0.7748311053615063,1,0.3631656804733728,1
2017,06,36546,0.9040942232192933,1,0.9556165637153969,1,0.5272727272727272,1
2017,06,36770,0,1,0,1,0,1
2017,06,37692,0.7586206896551724,1,0.9304225186578128,1,0.7946428571428571,1
2017,06,39496,0.049689440993788817,1,0.3615428900402994,1,0.05478119935170178,1
2017,06,39892,0.2513730460498521,1,0.3643932481751825,1,0.09434865900383142,1
2017,06,40130,0.8480243161094225,1,0.7941129925621142,1,0.5653426630994032,1
2017,06,41992,0.12195121951219512,1,0.21999528413110114,1,0.03258563200969991,1
2017,06,43000,0.6937695453452009,1,0.7243903709879116,1,0.13611143902726952,1
2017,06,44000,0.7913839796744563,1,0.9183240889994543,1,0.2994997915798249,1
2017,06,45484,0.1801125703564728,1,0.294472604392952,1,0.18078348332451033,1
2017,06,46842,0.2286096256684492,1,0.27389240506329116,1,0.12758390753500778,1
2017,06,46898,0.869281045751634,1,0.8638863100764121,1,0.7668870365047428,1
2017,06,47766,0.028037383177570093,1,0.09871855719031798,1,0.01263537906137184,1
2017,06,48256,0,1,0,1,0,1
2017,06,48354,0.6278511404561825,1,0.6839680173465239,1,0.4649696776252793,1
2017,06,49270,0.907047852010396,1,0.9420810726751219,1,0.9466853735531392,1
2017,06,49670,0.009174311926605505,1,0.08754071661237785,1,0.006746626686656672,1
2017,06,50076,0,1,0,1,0,1
2017,06,50258,0.25301204819277107,1,0.3490014612761812,1,0.11898197242841993,1
2017,06,51182,0,1,0,1,0,1
2017,06,52526,0.9125364431486881,1,0.8609798557572743,1,0.844559585492228,1
2017,06,53000,0.6899403578528827,1,0.8731413207316576,1,0.20114285714285715,1
2017,06,53322,0.3866565579984837,1,0.34701747838527086,1,0.10776102735901731,1
2017,06,53896,0.40015243902439024,1,0.7422494148564859,1,0.32476993865030673,1
2017,06,53980,0.4233128834355828,1,0.6172416982702803,1,0.20114185331576637,1
2017,06,54652,0.7346153846153847,1,0.8025303643724696,1,0.791403785488959,1
2017,06,55156,0.8343384847342631,1,0.8636130826077413,1,0.5256130790190736,1
2017,06,56000,0.2309427153811457,1,0.32978723404255317,1,0.10082385249117301,1
2017,06,56700,0.9609332609875203,1,0.9461796012193293,1,0.9637526652452025,1
2017,06,57456,0.630221763795771,1,0.6823989569752281,1,0.6536050156739812,1
2017,06,57792,0,1,0,1,0,1
2017,06,58072,0.7944501541623844,1,0.8975731798849137,1,0.5657071339173968,1
2017,06,59444,0.8458904109589042,1,0.8821478382147838,1,0.676126878130217,1
2017,06,59451,0.2309899569583931,1,0.2926391382405745,1,0.10153482880755609,1
2017,06,59920,0.5607843137254902,1,0.49243772241992884,1,0.37508623238395583,1
2017,06,60102,0.2064516129032258,1,0.2865996419226002,1,0.04174757281553398,1
2017,06,60466,1,1,1,1,1,1
2017,06,60620,0.7521137586471944,1,0.80941799846167,1,0.38567839195979897,1
2017,06,62000,0.48458626284478096,1,0.6168423986251104,1,0.2803409789963969,1
2017,06,62938,0.12168486739469579,1,0.10748999428244711,1,0.0354718633676374,1
2017,06,64000,0.7409666823087753,1,0.7319229129742221,1,0.4094417672395411,1
2017,06,64224,0.4392156862745098,1,0.6390136429116177,1,0.2664624808575804,1
2017,06,65000,0.9858356940509915,1,0.985824027876772,1,0.9633458646616542,1
2017,06,65042,0.1643192488262911,1,0.22203579418344518,1,0.07602254661078191,1
2017,06,66000,0.6092002003673401,1,0.6031472862153036,1,0.06562693020382952,1
2017,06,67000,0.2847630238934587,1,0.28567609474415867,1,0.05176443094180883,1
2017,06,68000,0.20773243326173674,1,0.43493761140819964,1,0.034034595605423094,1
2017,06,68084,0.37841625788367206,1,0.4039862016098122,1,0.2534611288604899,1
2017,06,68196,0.12195121951219512,1,0.29404913172384584,1,0.04435761893817513,1
2017,06,68252,0.06,1,0.06020187454938716,1,0.015714285714285715,1
2017,06,68378,0,1,0,1,0,1
2017,06,69000,0.597457627118644,1,0.8835849550571603,1,0.12438764643237486,1
2017,06,69070,0.11764705882352941,1,0.29359471164805107,1,0.0327292899408284,1
2017,06,69084,0.028277634961439587,1,0.0625136612021858,1,0.008714596949891068,1
2017,06,69088,0,1,0,1,0,1
2017,06,69196,0.38596491228070173,1,0.6058027232425586,1,0.11667569030860855,1
2017,06,70000,0,1,0,1,0,1
2017,06,70098,0.2393026941362916,1,0.43280410789116447,1,0.09221368391815572,1
2017,06,72016,0.00390625,1,0.11350182149362477,1,0.009931766489764973,1
2017,06,73080,1,1,1,1,1,1
2017,06,75000,0.7849891639101175,1,0.8274422038669189,1,0.5220238859637858,1
2017,06,77000,0.015,1,0.05741626794258373,1,0.02798152675903287,1
2017,06,78120,0.05566037735849057,1,0.06011396011396011,1,0.018074484367028642,1
2017,06,78582,0.03317535545023697,1,0.08222811671087533,1,0.007510533064663858,1
2017,06,80000,0.10625620655412116,1,0.14854941615504996,1,0.013330757341576507,1
2017,06,80238,0.18900343642611683,1,0.34170804369414104,1,0.1306501547987616,1
2017,06,80854,0.47280334728033474,1,0.6754131449476473,1,0.2231543624161074,1
2017,06,81344,0.4372842347525892,1,0.4392828035859821,1,0.18844313581155686,1
2017,06,81554,0.1510791366906475,1,0.251711324075885,1,0.06726606726606726,1
2017,06,81666,0.5282103650753127,1,0.5519986730801127,1,0.4542829643888354,1
2017,06,82590,0.9551931008623922,1,0.9508801141769743,1,0.9079723147910792,1
2017,06,82954,0.659043659043659,1,0.7085571402111502,1,0.4886858749121574,1
2017,06,82996,0.5314136125654451,1,0.7500402900886382,1,0.46825174825174826,1
2017,06,84200,0.46,1,0.423762220119836,1,0.26822157434402333,1
2017,06,84550,0.7261904761904762,1,0.8680595859934224,1,0.5447247706422018,1
2017,06,85292,0.4342105263157895,1,0.5238332630287227,1,0.22972972972972974,1
2017,08,03455,0.23529411764705882,1,0.23427935447968837,1,0.05270983569994796,1
2017,08,04000,0.3066918893355403,1,0.4279138582936051,1,0.09377118644067797,1
2017,08,07850,0,1,0,1,0,1
2017,08,12815,0.100664767331434,1,0.20469193091002835,1,0.010904608382325051,1
2017,08,16000,0.4406831351021653,1,0.42648275862068963,1,0.15900510349276215,1
2017,08,20000,0.48528344488347713,1,0.6572356375444779,1,0.15772224498156492,1
2017,08,27425,0.06233062330623306,1,0.11504938988959908,1,0.03066679626749611,1
2017,08,32155,0.40772532188841204,1,0.38084827284652384,1,0.11188369152970923,1
2017,08,43000,0.15306122448979592,1,0.2286073346281275,1,0.04035072784540734,1
2017,08,45970,0.06111111111111111,1,0.19854900799526207,1,0.0401523731082055,1
2017,08,46465,0.16393442622950818,1,0.20313565098841171,1,0.10801609408851749,1
2017,08,62000,0.5823293172690763,1,0.6721098534050844,1,0.5209441058228504,1
2017,08,77290,0.3096446700507614,1,0.40794676439386635,1,0.10837025505927433,1
2017,08,83835,0.11989100817438691,1,0.2265965632213388,1,0.056651279899286616,1
2017,09,08000,0.6283166594171379,1,0.6352393053790767,1,0.3783209351753454,1
2017,09,18430,0.1130952380952381,1,0.2057689082676505,1,0.09833729216152019,1
2017,09,37000,0.8908748824082785,1,0.9652530292230934,1,0.8162989644304367,1
2017,09,52000,0.5578767853336176,1,0.5478009498244889,1,0.26820208023774145,1
2017,09,55990,0,1,0,1,0,1
2017,09,73000,0.04950495049504951,1,0.016901801927643526,1,0.001487778958554729,1
2017,09,80000,0.8207228915662651,1,0.8195379674712525,1,0.6986264476164826,1
2017,11,50000,0.6878706747551429,1,0.46160909797273436,1,0.06104259508757384,1
2017,12,07300,0.03677563150074294,1,0.023804047838086477,1,0.03193560950279112,1
2017,12,07875,0.7112181693048865,1,0.4230769230769231,1,0.249811320754717,1
2017,12,10275,0.2423611111111111,1,0.22346504559270516,1,0.13445378151260504,1
2017,12,12875,0.623747680890538,1,0.5494505494505495,1,0.29039634146341464,1
2017,12,14400,0.19745972009878865,1,0.1468554494567007,1,0.07822034838566515,1
2017,12,16475,0.7884408602150538,1,0.3823151125401929,1,0.27512899896800824,1
2017,12,16725,0.9843495272253016,1,0.97165991902834,1,0.9479166666666666,1
2017,12,17200,0.44178525226390686,1,0.4616561066200568,1,0.4473168820994908,1
2017,12,17935,0,1,0,1,0,1
2017,12,24000,0.9476605868358445,1,0.7632224949787993,1,0.5968272972164023,1
2017,12,24125,0.5495007132667618,1,0.49599650604163636,1,0.20633263743910926,1
2017,12,25175,0.5245594713656387,1,0.23067869752844253,1,0.19365609348914858,1
2017,12,30000,0.9126953869614944,1,0.8388073745185098,1,0.7018716577540107,1
2017,12,32000,0.8835820895522388,1,0.8126396710467507,1,0.6078669208109513,1
2017,12,32275,0.8728348119983101,1,0.7810669986627934,1,0.7814879906268307,1
2017,12,35000,0.6538447614220548,1,0.42764976958525347,1,0.2540455979278332,1
2017,12,36950,0.5675249605885444,1,0.5805971137296438,1,0.5124871707150188,1
2017,12,38250,0.5199849170437406,1,0.48918039065492147,1,0.3416193971749527,1
2017,12,39425,0.40289126335637965,1,0.3057675996607294,1,0.25590193704600483,1
2017,12,43975,0.7025246981339188,1,0.5112333791838606,1,0.3858560794044665,1
2017,12,45000,0.8087484550486324,1,0.5485090685521058,1,0.20545965475712566,1
2017,12,45025,0.3020304568527919,1,0.28696604600219056,1,0.08722222222222223,1
2017,12,45060,0.9646017699115044,1,0.9367965367965368,1,0.9710144927536232,1
2017,12,45975,0.6142030909263297,1,0.2328616352201258,1,0.21216407355021216,1
2017,12,49675,0.40232558139534885,1,0.4528301886792453,1,0.4090534979423868,1
2017,12,53000,0.6712365723255015,1,0.48210128695041066,1,0.17526987242394504,1
2017,12,54000,0.5884810504327067,1,0.5572309801233721,1,0.5229007633587787,1
2017,12,54200,0.49638118214716526,1,0.5116133082234777,1,0.48412698412698413,1
2017,12,55775,0.24426534407935524,1,0.12243689392257014,1,0.08876725368871966,1
2017,12,57425,0.5868448098663926,1,0.29987046632124353,1,0.22052487269878573,1
2017,12,58050,0.9459494830519566,1,0.8525133962745598,1,0.572710103871577,1
2017,12,58715,0,1,0,1,0,1
2017,12,63000,0,1,0,1,0,1
2017,12,69700,0.8029647930821495,1,0.5492111194590533,1,0.5193548387096775,1
2017,12,70600,0.5990592662276576,1,0.3595458368376787,1,0.13072793925111287,1
2017,12,71000,0.74040608788264,1,0.5849278084282192,1,0.25901375916440694,1
2017,12,76600,0.8165942253958398,1,0.7790563033724128,1,0.3682850286136238,1
2017,13,03440,1,1,1,1,1,1
2017,13,04000,0.670930670041386,1,0.34977578475336324,1,0.04282348593338569,1
2017,13,04204,0.9975615042809147,1,0.9982440737489026,1,0.995920745920746,1
2017,13,19000,0.8827195467422096,1,0.7686180804460374,1,0.46212013125980883,1
2017,13,42425,0,1,0,1,0,1
2017,13,49008,0.9962224898718931,1,0.9948761742100769,1,0.990923759580476,1
2017,13,67284,0.08466522678185745,1,0.2393340270551509,1,0.01972555746140652,1
2017,13,68516,1,1,1,1,1,1
2017,13,69000,0.6857000443066017,1,0.4688697318007663,1,0.21147787974250104,1
2017,13,80508,0.7691191983122363,1,0.6900804289544236,1,0.4911672445104837,1
2017,15,71550,NA,NA,NA,NA,NA,NA
2017,16,08830,0.19609261939218525,1,0.2269247128881327,1,0.1180739006855041,1
2017,16,52120,0.04024767801857585,1,0.03194544149318019,1,0.016056580330689095,1
2017,16,56260,0.2679738562091503,1,0.44943498784151054,1,0.31351393309011877,1
2017,17,02154,0,1,0.020955574182732608,1,0.0011150047785919083,1
2017,17,03012,0.38413724515166586,1,0.683984132294604,1,0.08428122630267576,1
2017,17,06613,0.4158227848101266,1,0.5074106364428945,1,0.26103021082373395,1
2017,17,12385,0.3731735827001753,1,0.36865148861646235,1,0.1737325822709754,1
2017,17,14000,0.8989386314997976,1,0.8747989918228163,1,0.3577131488704484,1
2017,17,14351,0.804416403785489,1,0.831631317098717,1,0.8526522593320236,1
2017,17,23074,0.8877166541070083,1,0.8920199100834939,1,0.4820528967254408,1
2017,17,24582,0.008832565284178187,1,0.0013519603424966202,1,0.0010239606799098914,1
2017,17,38570,0.7191105517096706,1,0.7657618593357037,1,0.3369189396849789,1
2017,17,51622,0,1,0,1,0,1
2017,17,59000,0.7996707610484994,1,0.7297297297297297,1,0.33427876823338737,1
2017,17,65000,0.7725570309839973,1,0.7364760432766615,1,0.5729952830188679,1
2017,17,68003,0,1,0,1,0,1
2017,17,72000,0.7566433566433567,1,0.6020618556701031,1,0.6291444282710659,1
2017,17,79293,0.9497090606816293,1,0.9497970018738289,1,0.9286846275752774,1
2017,18,05860,0.2676518883415435,1,0.1491628614916286,1,0.08832476660023078,1
2017,18,10342,0,1,0,1,0,1
2017,18,22000,0.6153615361536153,1,0.46846846846846846,1,0.22394182360619055,1
2017,18,23278,0,1,0,1,0,1
2017,18,25000,0.522789155913342,1,0.5086762518591968,1,0.1639664577057722,1
2017,18,31000,0.9657082002129925,1,0.9856039325842697,1,0.9824858757062147,1
2017,18,36003,NA,NA,NA,NA,NA,NA
2017,18,71000,0.7445172315579607,1,0.7143888354186718,1,0.5117948717948718,1
2017,19,12000,0.33899297423887587,1,0.25334323922734026,1,0.12485841828236391,1
2017,19,19000,0.38740323715693176,1,0.33780427223050175,1,0.24335378323108384,1
2017,19,21000,0.6306427503736921,1,0.681907250163292,1,0.409184372858122,1
2017,19,73335,0.39649122807017545,1,0.38196512122501064,1,0.23006179048713896,1
2017,20,36000,0.8991691311082947,1,0.9558340793792898,1,0.6977276442700671,1
2017,20,38900,0.11827956989247312,1,0.11870196413321947,1,0.07488377936926749,1
2017,20,52575,0.06916817359855335,1,0.2289774970390841,1,0.03431844435887563,1
2017,20,53775,0,1,0,1,0,1
2017,20,71000,0.8562115175660993,1,0.8011264323169548,1,0.4407328437179183,1
2017,20,79000,0.7547311023201112,1,0.843553327763854,1,0.5420107808713713,1
2017,21,46027,0.6789912374438982,1,0.6670090989140006,1,0.3669186346776844,1
2017,21,48006,0.7889211136890951,1,0.8078732106339468,1,0.6035591215347426,1
2017,22,05000,0.853844410448184,1,0.8106388393993382,1,0.25520775314693106,1
2017,22,40735,0.5195019939694582,1,0.2952314165497896,1,0.11556403731976252,1
2017,22,41155,0.6418735453840186,1,0.40896358543417366,1,0.11868032879180272,1
2017,22,55000,0.7880307339220676,1,0.6814505609183408,1,0.17013333333333333,1
2017,22,70000,0.7784835733937531,1,0.5475819032761311,1,0.23849669883189437,1
2017,24,04000,0.8452446771888463,1,0.8222303118553573,1,0.46459020120495625,1
2017,24,30325,0.13985305295160882,1,0.2563391442155309,1,0.02733458470201783,1
2017,25,07000,0.7960662525879917,1,0.7064732142857143,1,0.17827004219409281,1
2017,25,09000,0.5734710087370929,1,0.6456966422230799,1,0.48085373509102325,1
2017,25,11000,0,1,0,1,0,1
2017,25,23000,0.7708108108108108,1,0.7783003023177696,1,0.6645102859360849,1
2017,25,34550,1,1,1,1,1,1
2017,25,37000,0.9296246648793566,1,0.8885530789573102,1,0.8398541919805589,1
2017,25,37490,0.9296424452133795,1,0.9457208500861574,1,0.766743648960739,1
2017,25,45000,0.9070016034206306,1,0.9217698519515478,1,0.8015007787059323,1
2017,25,45560,0,1,0,1,0,1
2017,25,55745,0.19903691813804172,1,0.1853211009174312,1,0.10485391140433553,1
2017,25,62535,0.38477366255144035,1,0.5436798438262567,1,0.28165086447295035,1
2017,25,67000,0.9941196817710135,1,0.9934742595794522,1,0.9952696310312205,1
2017,25,82000,0.6939586645468998,1,0.6967566142216753,1,0.5144710578842315,1
2017,26,03000,0.04583791712504584,1,0.026064844246662427,1,0.05593011110056025,1
2017,26,21000,0.7232375979112271,1,0.6677814938684504,1,0.6676064698026414,1
2017,26,22000,0.9958775940907492,1,0.989010989010989,1,0.9510585647511686,1
2017,26,27440,0,1,0,1,0,1
2017,26,29000,0.9179391017055094,1,0.9033505154639175,1,0.8993567130109982,1
2017,26,34000,0.6340368561978265,1,0.6893065998329156,1,0.15090803065644784,1
2017,26,46000,0.8312821311730799,1,0.7978051213834386,1,0.5873366464200258,1
2017,26,49000,0.08773630634997576,1,0.04329004329004329,1,0.04403787809138549,1
2017,26,69035,0,1,0,1,0,1
2017,26,74900,0.5964655560558307,1,0.5631067961165048,1,0.16787003610108303,1
2017,26,76460,0.29078947368421054,1,0.17221135029354206,1,0.2692137669718977,1
2017,26,80700,0.04277286135693215,1,0.031185031185031187,1,0.04097924427887174,1
2017,26,84000,0.8093322606596943,1,0.6651785714285714,1,0.3922381711855396,1
2017,26,86000,0.41390607935930107,1,0.3614457831325301,1,0.32379409647228224,1
2017,26,88940,0.652963671128107,1,0.745832326648949,1,0.4319526627218935,1
2017,27,06616,0.12100344318740777,1,0.13945409429280398,1,0.01121595157557415,1
2017,27,07966,0.6881425633995888,1,0.7906441717791411,1,0.49658703071672355,1
2017,27,17000,0.6161290322580645,1,0.3333333333333333,1,0.22329352470691355,1
2017,27,43000,0.7559460038568674,1,0.6243143400873167,1,0.2057662221560009,1
2017,27,51730,0.030689056166763172,1,0.004449388209121246,1,0.0026058631921824105,1
2017,27,54880,0.25697753573859766,1,0.13203214695752008,1,0.04578821802165535,1
2017,27,58000,0.6486486486486487,1,0.5352112676056338,1,0.027972027972027972,1
2017,27,71428,0,1,0,1,0,1
2017,28,36000,1,1,1,1,1,1
2017,29,15670,0.3471006564551422,1,0.3389121338912134,1,0.14852741277752604,1
2017,29,35000,0.6128298453139217,1,0.65408,1,0.5196359346030676,1
2017,29,38000,0.8197606961566353,1,0.7546976963597767,1,0.2494061757719715,1
2017,29,41348,NA,NA,NA,NA,NA,NA
2017,29,54074,NA,NA,NA,NA,NA,NA
2017,29,65000,0.9289903644742354,1,0.4450402144772118,1,0.14846235418875928,1
2017,29,70000,0.6766121270452358,1,0.5761821366024519,1,0.45169094050851644,1
2017,30,06550,0.1638655462184874,1,0.22664924885695623,1,0.07459834383183524,1
2017,31,28000,0.5043347154165096,1,0.46437389770723103,1,0.20961167131516842,1
2017,31,37000,0.5053263214670982,1,0.68488541287741,1,0.12192805688740647,1
2017,32,31900,0.34315514993481094,1,0.26382531702558715,1,0.14417517006802721,1
2017,32,40000,0.6299869694197233,1,0.7225574528180768,1,0.2823496121708446,1
2017,32,51800,0.774907415770933,1,0.8205251641137855,1,0.5005799502899752,1
2017,32,60600,0.027833001988071572,1,0.03754864879679877,1,0.01637633823262566,1
2017,32,68400,0.02237136465324385,1,0.024808347529812605,1,0.009717218036903593,1
2017,33,45140,0.41106719367588934,1,0.4864121087031304,1,0.3242349048800662,1
2017,33,50260,0.19900497512437812,1,0.3214687148744848,1,0.1404706565950029,1
2017,34,13690,0.3008298755186722,1,0.40158520475561427,1,0.2118570183086312,1
2017,34,21000,0.9657672170761176,1,0.9458080318416084,1,0.8818390804597701,1
2017,34,36000,0.8223874432052871,1,0.7947539424677075,1,0.7337921847246892,1
2017,34,51000,0.9440618628092179,1,0.9909491292577478,1,0.9948186528497409,1
2017,34,57000,1,1,1,1,1,1
2017,34,74000,0.9405171125392318,1,0.9864273204903677,1,0.7370892018779343,1
2017,35,02000,0.6339637509850276,1,0.7050537345087922,1,0.31978520051236575,1
2017,35,39380,0.6226415094339622,1,0.7221668676910168,1,0.5620696849572293,1
2017,35,63460,0.09456264775413711,1,0.1460093430076533,1,0.10900152568231904,1
2017,35,70500,0.37423312883435583,1,0.6640402713941782,1,0.27850356294536815,1
2017,36,01000,0.5521858999606144,1,0.4335981838819523,1,0.08753709198813056,1
2017,36,11000,0.9690171966567394,1,0.9263570495308231,1,0.621680856444407,1
2017,36,50617,0.05992010652463382,1,0.20591669910471,1,0.03998596983514556,1
2017,36,51000,0.6880787625928564,1,0.6606534165399339,1,0.10126093217660075,1
2017,36,63000,0.8758862219185103,1,0.7958804398327397,1,0.26968024267740814,1
2017,36,73000,0.9560842500213184,1,0.9464771696401573,1,0.6766246795229072,1
2017,36,84000,0.780766253869969,1,0.8021553090332805,1,0.5390853795899977,1
2017,37,02140,0.24120603015075376,1,0.37321100917431194,1,0.201533985718064,1
2017,37,10740,0.0016286644951140066,1,5.051780752715333e-4,1,1.4336917562724014e-4,1
2017,37,12000,0.6217952308927605,1,0.6594195988684403,1,0.11385084681135013,1
2017,37,14100,0.25663140764849474,1,0.32797365362262687,1,0.18146387091745264,1
2017,37,19000,0.5074538507077122,1,0.5194740759116845,1,0.1027310720186607,1
2017,37,22920,0.6865910263022177,1,0.5734188817598533,1,0.351575619875531,1
2017,37,25580,0.7131216046803176,1,0.7076222980659841,1,0.4379394680525833,1
2017,37,28000,0.6501839587932303,1,0.6718197301192191,1,0.13222934694639857,1
2017,37,28080,0.6772704796439756,1,0.6435643564356436,1,0.27908455181182457,1
2017,37,31400,0.7366084640426162,1,0.7616679418515685,1,0.3744372186093047,1
2017,37,55000,0.3328555730734318,1,0.3223510994093788,1,0.05623471882640587,1
2017,37,74440,0.6261495401839264,1,0.45631367706082127,1,0.15248296007789677,1
2017,37,75000,0.7195837275307474,1,0.6824154319261951,1,0.1326241134751773,1
2017,38,25700,0.18869123252858958,1,0.0928030303030303,1,0.04952674444199868,1
2017,39,01000,0.7938329764453962,1,0.6776519052523172,1,0.4012108682811577,1
2017,39,15000,0.697143002389304,1,0.5643532095144999,1,0.15218264753846517,1
2017,39,16000,0.8688010383429776,1,0.8082761998041136,1,0.4870397540697268,1
2017,39,18000,0.8631836524426891,1,0.806425558646684,1,0.46827873114924595,1
2017,39,21000,0.9388826147611772,1,0.8078175895765473,1,0.6622918105764065,1
2017,39,61000,0.2980251346499102,1,0.2011439466158246,1,0.14127946127946128,1
2017,39,77000,0.7400064578624476,1,0.703187250996016,1,0.46982833866744256,1
2017,40,09050,0.1007705986959099,1,0.14977192093258995,1,0.060754496271384704,1
2017,40,23200,0.06325878594249201,1,0.0897020725388601,1,0.026381909547738693,1
2017,40,41850,0.5662061024755325,1,0.6036866359447005,1,0.4870789520584566,1
2017,40,52500,0.4045275590551181,1,0.38696861342868494,1,0.3084755624515128,1
2017,40,55000,0.7569859215017065,1,0.8705020113517385,1,0.34310422672177265,1
2017,40,75000,0.7932142297445541,1,0.8205424437475931,1,0.5104406866512938,1
2017,41,05350,0.2160970231532525,1,0.26322664924885697,1,0.10912958115183247,1
2017,41,05800,0.05426356589147287,1,0.15222834251377065,1,0.043805212820325616,1
2017,41,23850,0.2,1,0.346529284164859,1,0.1779047619047619,1
2017,41,31250,0.2631578947368421,1,0.28189834024896265,1,0.17479942128107326,1
2017,41,34100,0.11140583554376658,1,0.2928660826032541,1,0.08316326530612245,1
2017,41,47000,0.45384615384615384,1,0.5443003036157881,1,0.3130384836300976,1
2017,41,59000,0.5181266751304838,1,0.4926580388252862,1,0.18358413780049215,1
2017,41,64900,0.5171717171717172,1,0.767413731768054,1,0.30448813721388873,1
2017,42,02000,0.8745644599303136,1,0.8835115743874374,1,0.2544073383975921,1
2017,42,06088,0.2885866351271437,1,0.42906793048973146,1,0.11010072747621712,1
2017,42,24000,0.9059741326216383,1,0.8176638176638177,1,0.41510131637331754,1
2017,42,60000,0.9862958484482064,1,0.9767950621142276,1,0.9086915480685449,1
2017,42,61000,0.7761950748430709,1,0.4776035834266517,1,0.17971958301946395,1
2017,42,63624,0.8730964467005076,1,0.9636473066506169,1,0.30422002939323955,1
2017,42,69000,0.9898734177215189,1,0.9962238242361826,1,0.9510416666666667,1
2017,44,19180,0.35655737704918034,1,0.3975601004664514,1,0.11455501178176546,1
2017,44,54640,0.8646942800788955,1,0.7821167883211679,1,0.6318042813455658,1
2017,44,59000,0.9127150650440621,1,0.9311355716577244,1,0.8474766355140186,1
2017,44,74300,0,1,0,1,0,1
2017,45,13330,0.6778102189781022,1,0.3812316715542522,1,0.23185894822666123,1
2017,45,16000,0.5995434256703805,1,0.48737965131407757,1,0.3184976402726796,1
2017,45,48535,NA,NA,NA,NA,NA,NA
2017,45,50875,0.8089949016751639,1,0.8102150537634408,1,0.3378674857393594,1
2017,46,59020,0.4667511082963901,1,0.4321944346600916,1,0.12790373795331736,1
2017,47,14000,0.8885204330439871,1,0.9377716769617936,1,0.6274377942165433,1
2017,47,15160,0.5446189199540405,1,0.46992300288739175,1,0.40208036654077145,1
2017,47,27740,0,1,0,1,0,1
2017,47,40000,0.6536585365853659,1,0.44492103723922793,1,0.19337900825518053,1
2017,47,48000,0.9087103724222838,1,0.8974770307714744,1,0.44373284537968893,1
2017,47,51560,0.2573847601128881,1,0.31962962962962965,1,0.08628982063034006,1
2017,47,52006,0.7853200883002207,1,0.8318725706882097,1,0.47082294264339153,1
2017,48,01000,0.7108585858585859,1,0.6859846244825547,1,0.45571339043242115,1
2017,48,01924,0.053955375253549695,1,0.10494269340974212,1,0.01714175654853621,1
2017,48,03000,0.6411332633788038,1,0.5690782059950417,1,0.20172314761631246,1
2017,48,04000,0.33440576230492197,1,0.5354157501099868,1,0.14729364430753755,1
2017,48,05000,0.4888471280333361,1,0.5462103929024081,1,0.05055808419422463,1
2017,48,06128,0.5924932975871313,1,0.677136431784108,1,0.47741596638655465,1
2017,48,07000,0.7206019896267324,1,0.700603318250377,1,0.16738727609635579,1
2017,48,10768,1,1,1,1,1,1
2017,48,10912,0.8124203821656051,1,0.8014530358069538,1,0.621473568885237,1
2017,48,13024,0.23738317757009345,1,0.5444782530875246,1,0.12181944928546531,1
2017,48,13552,0,1,0,1,0,1
2017,48,15976,0,1,0,1,0,1
2017,48,16432,0.2937576499388005,1,0.5827169028689941,1,0.3943986528405566,1
2017,48,17000,0.7309619238476954,1,0.7274200853376558,1,0.39233560492078945,1
2017,48,19000,0.871099075543935,1,0.849892061795501,1,0.2286265736719744,1
2017,48,19972,0.2814004376367615,1,0.3286631640396964,1,0.18522727272727274,1
2017,48,22660,0.7348484848484849,1,0.8651688387836145,1,0.7440944881889764,1
2017,48,24000,0.5815416885159937,1,0.665080907921036,1,0.49226569608735216,1
2017,48,26232,0,1,0,1,0,1
2017,48,27000,0.6862626519829397,1,0.6921091298995274,1,0.17324547575509175,1
2017,48,27684,0,1,0,1,0,1
2017,48,29000,0.40080773467139885,1,0.5254637697997754,1,0.3277284757901292,1
2017,48,30464,0.47064096817570594,1,0.6738304920416902,1,0.47184708082277166,1
2017,48,35000,0.7566243194192378,1,0.7552039307593795,1,0.24079984979346603,1
2017,48,37000,0.6227466404457555,1,0.8069617941412813,1,0.6118980169971672,1
2017,48,39148,0.4767451466336225,1,0.48587749920660106,1,0.40291914730170925,1
2017,48,41464,0.5897435897435898,1,0.7912200785994998,1,0.7734056987788331,1
2017,48,41980,0.02516411378555799,1,0.06336732987794683,1,0.015656085113744486,1
2017,48,42508,0.10585467851542081,1,0.2863564251718667,1,0.04822834645669291,1
2017,48,43888,0.5362286228622862,1,0.5825352112676057,1,0.2916155419222904,1
2017,48,45000,0.6732979664014147,1,0.4982261640798226,1,0.1890941730869923,1
2017,48,45384,0.8333333333333334,1,0.8786311029355407,1,0.7820636451301832,1
2017,48,45744,0.04027983888064448,1,0.14501619287513495,1,0.019111825828797623,1
2017,48,47892,0.6727737973387922,1,0.8221621873398854,1,0.6578850405305822,1
2017,48,48072,0.16934306569343066,1,0.19854159761352336,1,0.03473709255293838,1
2017,48,48768,0.3968253968253968,1,0.8296736058901304,1,0.3970037453183521,1
2017,48,50820,0.018970189701897018,1,0.04107981220657277,1,0.02245131729667812,1
2017,48,53388,0.21965748324646314,1,0.29010637883333984,1,0.13317191283292978,1
2017,48,56000,0.7300079176563737,1,0.8066528066528067,1,0.4517500817795224,1
2017,48,56348,0,1,0,1,0,1
2017,48,57200,1,2,0.9699236342275308,1,0.9631901840490797,1
2017,48,58016,0.10895645028759245,1,0.22183498135840493,1,0.045245584321316236,1
2017,48,61796,0.08555997725980671,1,0.19633898305084746,1,0.033186177500380575,1
2017,48,63500,0.096045197740113,1,0.13866471019809246,1,0.030201342281879196,1
2017,48,64472,0.33699059561128525,1,0.39560655094635677,1,0.2138438388229393,1
2017,48,65000,0.5861171175146728,1,0.650265405220938,1,0.21389895290042601,1
2017,48,70808,0.02046147148454506,1,0.07627952755905512,1,0.008626887131560028,1
2017,48,72176,0.8043478260869565,1,0.7106452938758734,1,0.44932509723175473,1
2017,48,74144,0.673520145912784,1,0.8186324946216443,1,0.3267280386955843,1
2017,48,76000,0.8914752116082225,1,0.8806682577565632,1,0.3940114733454596,1
2017,48,79000,0.6652739090064995,1,0.6728937044647861,1,0.44642063139172966,1
2017,49,43660,0,1,0,1,0,1
2017,49,44320,0,1,0,1,0,1
2017,49,55980,0.4719626168224299,1,0.5906407172534441,1,0.17500631153749052,1
2017,49,57300,0.03614457831325301,1,0.04650142575126124,1,0.016037735849056604,1
2017,49,62470,0.17088607594936708,1,0.22924901185770752,1,0.06739378153996418,1
2017,49,65330,0,3,0,1,0,1
2017,49,67000,0.5031901318587835,1,0.5485587583148559,1,0.11409501621383371,1
2017,49,67440,0.038869257950530034,1,0.07351962741184298,1,0.026530199986532894,1
2017,49,70850,0,1,0,1,0,1
2017,49,82950,0.012944983818770227,1,0.026485325697924122,1,0.005673393075881632,1
2017,49,83470,0.6188389923329682,1,0.5852704077639509,1,0.42437022683232645,1
2017,51,01000,0.06616624965248818,1,0.12708974000559128,1,0.018485977366978282,1
2017,51,16000,0.25918137438978595,1,0.1748987854251012,1,0.054528507068510174,1
2017,51,35000,0.37555611516830356,1,0.3251304996271439,1,0.24041737649063033,1
2017,51,47672,0.6317794710891976,1,0.48770491803278687,1,0.3186209509376776,1
2017,51,56000,0.5656286953094206,1,0.4381443298969072,1,0.27541478129713426,1
2017,51,57000,0.6398130028267015,1,0.56153050672182,1,0.34730177871570694,1
2017,51,64000,0.5813682678311499,1,0.40824742268041236,1,0.30837473385379705,1
2017,51,67000,0.6244704553299651,1,0.6148148148148148,1,0.15486157795025363,1
2017,51,68000,0.6831782390837509,1,0.6425438596491229,1,0.2182212219721597,1
2017,51,76432,0.2085074060007596,1,0.1127633209417596,1,0.0778768762236241,1
2017,51,82000,0.1951829268292683,1,0.08620028136590357,1,0.026213332540791154,1
2017,53,03180,0.24746906636670415,1,0.3076430059285371,1,0.18616817659818807,1
2017,53,05210,0,1,0,1,0,1
2017,53,05280,0.3278008298755187,1,0.3786924939467312,1,0.1856520202615149,1
2017,53,22640,0.5090252707581228,1,0.5472012102874433,1,0.29947728911319393,1
2017,53,23515,0.3906794425087108,1,0.38355565274436915,1,0.22696043591565979,1
2017,53,35275,0.4189189189189189,1,0.4231929874982038,1,0.21808560022282053,1
2017,53,35415,0.5044865403788634,1,0.5676879230495191,1,0.2692247454972592,1
2017,53,35940,0,1,0,1,0,1
2017,53,53545,0.5570776255707762,1,0.7196893980164527,1,0.3949349760438056,1
2017,53,57745,0.2658160552897395,1,0.18964633521271143,1,0.051585561888060794,1
2017,53,63000,0.4128795395911887,1,0.3661139896373057,1,0.04457508557821104,1
2017,53,67000,0.5158150851581509,1,0.4810158410862459,1,0.3394526034712951,1
2017,53,67167,0.16838487972508592,1,0.1715137956748695,1,0.0779555622962008,1
2017,53,70000,0.5982648725212465,1,0.628389326995787,1,0.3439213349225268,1
2017,53,74060,0.34880123743232794,1,0.45765765765765765,1,0.30073679476979487,1
2017,53,80010,0.7486631016042781,1,0.8815572208814937,1,0.5285140562248996,1
2017,55,02375,0.047858942065491183,1,0.04025301897642323,1,0.024743268375515486,1
2017,55,31000,0.4268022998673153,1,0.44939073923639317,1,0.09218054672600128,1
2017,55,39225,0.4573947110675808,1,0.39986559139784944,1,0.18229715489989462,1
2017,55,48000,0.24419334588826114,1,0.2703088734154615,1,0.10903180460376033,1
2017,55,53000,0.919498400630476,1,0.8538291125494114,1,0.6065556602785632,1
2017,55,66000,0.5579460117718693,1,0.538948200869909,1,0.27986348122866894,1
2016,01,03076,0,1,0,1,0,1
2016,01,07000,0.9251816354923481,1,0.6865729898516784,1,0.12218045112781954,1
2016,01,35896,0,1,0,1,0,1
2016,01,37000,0.5458502611723738,1,0.4973368841544607,1,0.12038446897601827,1
2016,01,50000,0.8053886680839264,1,0.6466346153846154,1,0.5412593293387995,1
2016,01,51000,0.8285627547922629,1,0.8918918918918919,1,0.4514266304347826,1
2016,01,77256,0.6489375918749165,1,0.66728280961183,1,0.11927112092766427,1
2016,02,03000,0.5006252605252188,1,0.3771501380335528,1,0.15004916420845624,1
2016,04,04720,0.6815826660386246,1,0.6292631062402879,1,0.4530335694487219,1
2016,04,07940,0.26991150442477874,1,0.3910279477030107,1,0.20504593845705119,1
2016,04,12000,0.11107905366416619,1,0.1868873742291464,1,0.019247628915278554,1
2016,04,23620,0.24489795918367346,1,0.3557504873294347,1,0.09301212507977026,1
2016,04,27400,0.009478672985781991,1,0.020686274509803922,1,0.008020224915003052,1
2016,04,27820,0.650094696969697,1,0.6673598872047938,1,0.2448720573183214,1
2016,04,28380,0.14951456310679612,1,0.16284300494826812,1,0.057973267018961765,1
2016,04,46000,0.5232722143864598,1,0.6221167091649814,1,0.2303338711679285,1
2016,04,54050,0.5138592750533049,1,0.57205993316805,1,0.18601273600715004,1
2016,04,55000,0.5857808726905149,1,0.7450321210801394,1,0.2344768877160126,1
2016,04,65000,0.2284527518172378,1,0.3447909284195606,1,0.03647038656038399,1
2016,04,71510,0.17451349654739484,1,0.18416099609092226,1,0.0821535978874789,1
2016,04,73000,0.39608269858541895,1,0.4144408831908832,1,0.1631900279827016,1
2016,04,77000,0.637429042299945,1,0.7046201594131339,1,0.2840062111801242,1
2016,04,85540,0.5625,1,0.563020886922523,1,0.5111807732497388,1
2016,05,23290,0.3217299578059072,1,0.3136,1,0.15156769252998123,1
2016,05,24550,0.8013165769000599,1,0.8608309802339653,1,0.46732408490723715,1
2016,05,35710,0.9725085910652921,1,0.8634630053394355,1,0.47775292070594083,1
2016,05,41000,0.7410005936639862,1,0.7171476269973766,1,0.32242437291419956,1
2016,05,66080,0.6787072243346007,1,0.7590033093245084,1,0.4509255559994673,1
2016,06,00562,0,1,0,1,0,1
2016,06,00884,0.8021978021978022,1,0.816010961049129,1,0.7560975609756098,1
2016,06,02000,0.6520572450805009,1,0.736072569549705,1,0.2896094325718497,1
2016,06,02252,0.5110100526567736,1,0.6204430734716769,1,0.4723262588431128,1
2016,06,02364,0.63721657544957,1,0.5573468447719945,1,0.38578680203045684,1
2016,06,03526,0.7244336362472802,1,0.7340635614418495,1,0.37389558232931724,1
2016,06,04982,0.9279891304347826,1,0.9559866499791406,1,0.7507788161993769,1
2016,06,06000,0,1,0,1,0,1
2016,06,08786,0.47737556561085975,1,0.5139882888744307,1,0.28904665314401623,1
2016,06,08954,0,1,0,1,0,1
2016,06,11194,0,1,0,1,0,1
2016,06,11530,0.7857841538963156,1,0.8307469180565628,1,0.7584830339321357,1
2016,06,13014,0.1917808219178082,1,0.29319988224904325,1,0.13845129798091857,1
2016,06,13210,0.380352644836272,1,0.6157763458740386,1,0.34014675052410903,1
2016,06,13214,0.04892367906066536,1,0.009943181818181818,1,0.002568218298555377,1
2016,06,13392,0.192,1,0.3862380977431743,1,0.1605956932984504,1
2016,06,13588,0.6846361185983828,1,0.6786219915054271,1,0.4994110718492344,1
2016,06,14218,0.15457413249211358,1,0.1784892236869638,1,0.07737279619987211,1
2016,06,15044,0.9994476663904999,1,0.9997780859916783,1,1,1
2016,06,16000,0.3692077727952167,1,0.4856589616362096,1,0.10819430814524043,1
2016,06,16350,0.10022271714922049,1,0.28993701334126865,1,0.05770674675533626,1
2016,06,16532,0.37967914438502676,1,0.6491952125464301,1,0.27109826589595376,1
2016,06,17918,0.03333333333333333,1,0.025269645608628658,1,0.006711409395973154,1
2016,06,19766,0.45794392523364486,1,0.4063857086458745,1,0.2910927456382002,1
2016,06,21712,0.6566110397946084,1,0.5451801363193768,1,0.3814849750707452,1
2016,06,22020,0.030415602507545856,1,0.017187148955290946,1,0.006256410256410256,1
2016,06,22230,0.9743589743589743,1,0.9613018227818987,1,1,1
2016,06,22804,0.5295169946332737,1,0.6700912672684655,1,0.16209410205434063,1
2016,06,23182,0.28211213289824977,1,0.3783074817518248,1,0.11962025316455696,1
2016,06,24638,0,1,0,1,0,1
2016,06,24680,0.5576990529638723,1,0.7768092547753565,1,0.49308943089430896,1
2016,06,26000,0.04197530864197531,1,0.03903070662227155,1,0.021783994496675074,1
2016,06,27000,0.7708310279960163,1,0.8093521173817413,1,0.38018223234624143,1
2016,06,28000,0.16265060240963855,1,0.3553106769145291,1,0.05920237800346792,1
2016,06,29000,0.625,1,0.8230878261326053,1,0.33729662077596995,1
2016,06,30000,0.4524714828897338,1,0.6591880341880342,1,0.4517796778683635,1
2016,06,32548,0.76177188698988485,1,0.7386742498529123,1,0.20752984389348025,1
2016,06,33000,0.480946123521682,1,0.6460193686328763,1,0.45418950665622554,1
2016,06,33182,0.9719070772555376,1,0.9578685429895315,1,0.9176778047414598,1
2016,06,33434,0.9432753888380604,1,0.8763250883392226,1,0.8559096945551129,1
2016,06,36000,0.04700854700854701,1,0.10658474689461733,1,0.006091812314163464,1
2016,06,36448,0.6872037914691943,1,0.77605086541858,1,0.34825174825174826,1
2016,06,36546,0.8122803772886998,1,0.946129068088415,1,0.5934959349593496,1
2016,06,36770,0,1,0,1,0,1
2016,06,37692,0.591743119266055,1,0.7420777235581163,1,0.5425867507886435,1
2016,06,39496,0.050955414012738856,1,0.3566695476807836,1,0.05694618272841051,1
2016,06,39892,0.21508379888268156,1,0.25577445652173914,1,0.06967572304995617,1
2016,06,40130,0.8432648973460191,1,0.779175805148332,1,0.5523510971786834,1
2016,06,41992,0.08558558558558559,1,0.2158290277125411,1,0.02936046511627907,1
2016,06,43000,0.7079152731326644,1,0.7350709083940207,1,0.15034562211981567,1
2016,06,44000,0.779707229266485,1,0.9111148765932122,1,0.2802988792029888,1
2016,06,45484,0.13609467455621302,1,0.24493076162215627,1,0.12261228704181724,1
2016,06,46842,0,1,0,1,0,1
2016,06,46898,0.8814814814814815,1,0.8567055393586006,1,0.7662189196913404,1
2016,06,47766,0,1,0,1,0,1
2016,06,48256,0,1,0,1,0,1
2016,06,48354,0.5115340253748558,1,0.6255159603742433,1,0.3682774746687451,1
2016,06,49270,0.993205317577548,1,0.9953869457449739,1,0.9871414441147379,1
2016,06,49670,0.008333333333333333,1,0.0889498432601881,1,0.00640542577241899,1
2016,06,50076,0,1,0,1,0,1
2016,06,50258,0.1797752808988764,1,0.25630857966834897,1,0.054122089364380115,1
2016,06,51182,0,1,0,1,0,1
2016,06,52526,0.8910614525139665,1,0.8649693844666452,1,0.825,1
2016,06,53000,0.6434114603746962,1,0.8523145053475936,1,0.19976428992339423,1
2016,06,53322,0.3608179419525066,1,0.3358754569519728,1,0.10070336050016747,1
2016,06,53896,0.4762316335350043,1,0.7604750633279349,1,0.5721551176096631,1
2016,06,53980,0.21311475409836064,1,0.4181933611463813,1,0.1043956043956044,1
2016,06,54652,0.5988593155893536,1,0.7371846824029987,1,0.6574367088607594,1
2016,06,55156,0.8181983290955321,1,0.8519176662224197,1,0.5018031942297785,1
2016,06,56000,0.1650924024640657,1,0.2652360515021459,1,0.057705840957072485,1
2016,06,56700,0.8922124806601341,1,0.9045766356097061,1,0.9247881355932204,1
2016,06,57456,0.646795827123696,1,0.6925211416490487,1,0.6366366366366366,1
2016,06,57792,0,1,0,1,0,1
2016,06,58072,0.7805362462760675,1,0.8941900541605121,1,0.6040189125295509,1
2016,06,59444,0.6204301075268818,1,0.6854956268221575,1,0.4762382864792503,1
2016,06,59451,0.20278745644599303,1,0.25045454545454543,1,0.06738697753767416,1
2016,06,59920,0.40823970037453183,1,0.40857392825896766,1,0.28757661251094463,1
2016,06,60102,0.1987179487179487,1,0.3414040308399838,1,0.0297029702970297,1
2016,06,60466,1,1,1,1,1,1
2016,06,60620,0.7673192771084337,1,0.8773244029258835,1,0.3748344370860927,1
2016,06,62000,0.45089285714285715,1,0.6075228672764607,1,0.2709396703204753,1
2016,06,62938,0.006060606060606061,1,0.039486871116456206,1,0.005898201412655647,1
2016,06,64000,0.7186507336257753,1,0.7124094101906567,1,0.35623244761287537,1
2016,06,64224,0.40273037542662116,1,0.6281242834212336,1,0.22893617021276597,1
2016,06,65000,0.9808703969392635,1,0.9752768883523175,1,0.9306480920654149,1
2016,06,65042,0.04090909090909091,1,0.10815662515426905,1,0.01941883207599888,1
2016,06,66000,0.6121153691652607,1,0.5865836435999486,1,0.07262557673892225,1
2016,06,67000,0.2622230710466005,1,0.2701617401003904,1,0.05937537109606935,1
2016,06,68000,0.20076877587226494,1,0.44920368125206656,1,0.03428312980551786,1
2016,06,68084,0.28414550446122167,1,0.3034376800460918,1,0.14558979808714134,1
2016,06,68196,0.10649350649350649,1,0.2965600350569676,1,0.03937947494033413,1
2016,06,68252,0.05325443786982249,1,0.06184812442817932,1,0.014967523298503248,1
2016,06,68378,0,1,0,1,0,1
2016,06,69000,0.6848249027237354,1,0.9401881950384945,1,0.14341164453524005,1
2016,06,69070,0.05161290322580645,1,0.251953346166912,1,0.02650081124932396,1
2016,06,69084,0.021844660194174758,1,0.06555962907051974,1,0.011287477954144622,1
2016,06,69088,0,1,0,1,0,1
2016,06,69196,0.32323232323232326,1,0.6141694204884339,1,0.12092426187419769,1
2016,06,70000,0,1,0,1,0,1
2016,06,70098,0.24772036474164133,1,0.48960235640648014,1,0.06879695845025799,1
2016,06,72016,0.00357355568790947,1,0.10403461112788007,1,0.013010867901423542,1
2016,06,73080,1,1,1,1,1,1
2016,06,75000,0.7953726945323584,1,0.8428102275392916,1,0.5594345421020283,1
2016,06,77000,0,1,0,1,0,1
2016,06,78120,0.06349206349206349,1,0.06542235905329997,1,0.018142772511848343,1
2016,06,78582,0.019762845849802372,1,0.08695652173913043,1,0.010286554004408524,1
2016,06,80000,0.12209889001009082,1,0.15227495107632094,1,0.01318232454511697,1
2016,06,80238,0.17033414832925836,1,0.2855137844611529,1,0.09253847652444964,1
2016,06,80854,0.35361216730038025,1,0.4134494070148877,1,0.16622127204703366,1
2016,06,81344,0.40313549832026874,1,0.3880255193849174,1,0.14629888268156424,1
2016,06,81554,0.17031070195627157,1,0.2837301587301587,1,0.07558818621725347,1
2016,06,81666,0.630113356333169,1,0.6953472459801574,1,0.47974217311233885,1
2016,06,82590,0.9265077645359335,1,0.9152589310440321,1,0.7564102564102564,1
2016,06,82954,0.6513026052104208,1,0.6868854009077155,1,0.4664816099930604,1
2016,06,82996,0.37150127226463103,1,0.5891954916439953,1,0.3407584195173694,1
2016,06,84200,0.38963963963963966,1,0.3762820512820513,1,0.24084249084249085,1
2016,06,84550,0.7402597402597403,1,0.858323721645521,1,0.5217391304347826,1
2016,06,85292,0.33636363636363636,1,0.47079258392176115,1,0.20023464998044582,1
2016,08,03455,0.26991150442477874,1,0.2994762439206884,1,0.07808076292653852,1
2016,08,04000,0.30422021259717597,1,0.43508818023580415,1,0.1108656691535031,1
2016,08,07850,0,1,0,1,0,1
2016,08,12815,0.10982658959537572,1,0.2283140283140283,1,0.01600227251207272,1
2016,08,16000,0.43081996702143605,1,0.4171331224142127,1,0.15752879660503183,1
2016,08,20000,0.5501487975548942,1,0.745304256671994,1,0.2019919474464929,1
2016,08,27425,0.06666666666666667,1,0.18271507498026834,1,0.03819001862927738,1
2016,08,32155,0.41866028708133973,1,0.3965485921889192,1,0.11136290061508579,1
2016,08,43000,0.21272365805168986,1,0.3869154676258993,1,0.07324041208553372,1
2016,08,45970,0.1834319526627219,1,0.3848899464604402,1,0.09727225939269171,1
2016,08,46465,0.19375,1,0.21971252566735114,1,0.1261958070425402,1
2016,08,62000,0.6560509554140127,1,0.7388223490311657,1,0.5542989332990618,1
2016,08,77290,0.2879177377892031,1,0.47084106671876524,1,0.12266112266112267,1
2016,08,83835,0.0932475884244373,1,0.20848436031682105,1,0.053334703524817596,1
2016,09,08000,0.7185015790046826,1,0.7108226596750623,1,0.46055103318722607,1
2016,09,18430,0.12778429073856976,1,0.21565186874890332,1,0.09731466605462474,1
2016,09,37000,0.940640425262625,1,0.9750568804247072,1,0.9061748195669607,1
2016,09,52000,0.8050236771669755,1,0.7940813810110974,1,0.5343988881167477,1
2016,09,55990,0.03196803196803197,1,0.02131709173962695,1,0.009900990099009901,1
2016,09,73000,0.0907585293143425,1,0.023295698156352723,1,0.002232142857142857,1
2016,09,80000,0.9200815032827712,1,0.917060212514758,1,0.7870762711864406,1
2016,11,50000,0.7660654461777944,1,0.608370592978084,1,0.12117206433135051,1
2016,12,07300,0.2690992018244014,1,0.17031098153547133,1,0.13944066910611605,1
2016,12,07875,0.866098957568639,1,0.6748302618816683,1,0.3864035944520414,1
2016,12,10275,0.5908460471567267,1,0.5386153461634592,1,0.44035599431605715,1
2016,12,12875,0.7714604236343366,1,0.7673885880882966,1,0.5139486297161115,1
2016,12,14400,0.27260573650947983,1,0.2566677826135476,1,0.15603813559322033,1
2016,12,16475,0.7747449682933554,1,0.39407970894658506,1,0.279463243873979,1
2016,12,16725,0.9898560209424084,1,0.9848246991104134,1,0.957796852646638,1
2016,12,17200,0.8333333333333334,1,0.84023930866386,1,0.8673232908458864,1
2016,12,17935,0,1,0,1,0,1
2016,12,24000,0.9822708702690203,1,0.925764192139738,1,0.6771677167716772,1
2016,12,24125,0.6668041237113402,1,0.6117602996254682,1,0.3447324414715719,1
2016,12,25175,0.703232125367287,1,0.4085843995047462,1,0.385636826380436,1
2016,12,30000,0.9591990933131848,1,0.8995170768604177,1,0.8501228501228502,1
2016,12,32000,0.9666099253633625,1,0.9343629343629344,1,0.861013986013986,1
2016,12,32275,0.8786610878661087,1,0.8825481398392223,1,0.8099476439790576,1
2016,12,35000,0.7871309669076803,1,0.6304067602406187,1,0.46598193105536767,1
2016,12,36950,0.9970946068639913,1,0.9996571232641865,1,0.999162619326746,1
2016,12,38250,0.6943166272851635,1,0.6988636363636364,1,0.5229043487870918,1
2016,12,39425,0.9394703656998739,1,0.8757736516357206,1,0.736957474791758,1
2016,12,43975,0.7605019094380796,1,0.5789473684210527,1,0.445391000436872,1
2016,12,45000,0.8939314947083051,1,0.8174606228022253,1,0.5551010958481247,1
2016,12,45025,0.31630170316301703,1,0.357736013986014,1,0.22296173044925124,1
2016,12,45060,0.942429906542056,1,0.9019148104728409,1,0.9137931034482759,1
2016,12,45975,0.7586145490161161,1,0.4445087541600347,1,0.41434262948207173,1
2016,12,49675,0.9466666666666667,1,0.9144927536231884,1,0.9151414309484193,1
2016,12,53000,0.7678999201490551,1,0.6748488846614096,1,0.3656302658042072,1
2016,12,54000,0.8896889400921659,1,0.8645652926913752,1,0.8292459016393443,1
2016,12,54200,0.9176029962546817,1,0.9346031746031747,1,0.9118998573918555,1
2016,12,55775,0.35230744492683713,1,0.19759911546359185,1,0.14003804089396102,1
2016,12,57425,0.8889634350888963,1,0.6142514559780747,1,0.5265718562874252,1
2016,12,58050,0.9510735198438517,1,0.8775780010576415,1,0.5860942603826411,1
2016,12,58715,0,1,0,1,0,1
2016,12,63000,0,1,0,1,0,1
2016,12,69700,0.9927265170407316,1,0.9943066287108581,1,0.9915305505142166,1
2016,12,70600,0.6501389590702374,1,0.43234624145785877,1,0.21892332789559543,1
2016,12,71000,0.7770663760514934,1,0.6748847653941614,1,0.35892001173900284,1
2016,12,76600,0.8420697918226748,1,0.8446085042947399,1,0.5865531914893617,1
2016,13,03440,0.9692112363116966,1,0.9882465057179162,1,0.8968968968968969,1
2016,13,04000,0.6805754156258076,1,0.3592691762482281,1,0.04212539652920321,1
2016,13,04204,0.9974257945889151,1,0.9972677595628415,1,0.9965753424657534,1
2016,13,19000,0.8497727272727272,1,0.7,1,0.38860971524288107,1
2016,13,42425,0,1,0,1,0,1
2016,13,49008,0.9737667051641643,1,0.9954710144927537,1,0.9877926756053632,1
2016,13,67284,0.11082363087537732,1,0.26454330086864963,1,0.020931899641577063,1
2016,13,68516,1,1,1,1,1,1
2016,13,69000,0.738764842906653,1,0.5246609124537608,1,0.27309980171844017,1
2016,13,80508,0.7760644104803494,1,0.6719012899607403,1,0.4985563041385948,1
2016,15,71550,NA,NA,NA,NA,NA,NA
2016,16,08830,0.19066147859922178,1,0.24937027707808565,1,0.13194280112234205,1
2016,16,52120,0.025,1,0.033054849255357795,1,0.015623502348317837,1
2016,16,56260,0.34868421052631576,1,0.5424364896073903,1,0.41585909860021536,1
2016,17,02154,0,1,0,1,0,1
2016,17,03012,0.3714144411473788,1,0.7002083530637371,1,0.0739075893790508,1
2016,17,06613,0.3096129837702871,1,0.41878841088674273,1,0.1669813299769247,1
2016,17,12385,0.4009176942930886,1,0.40700808625336926,1,0.1927144535840188,1
2016,17,14000,0.8175807946051009,1,0.822849756725331,1,0.3314795688673499,1
2016,17,14351,0.7920489296636085,1,0.8237037037037037,1,0.8709677419354839,1
2016,17,23074,0.8610067618332081,1,0.8917889276161142,1,0.47995176364184505,1
2016,17,24582,0.007535795026375283,1,4.716981132075472e-4,1,0.0016563146997929607,1
2016,17,38570,0.7168534573905688,1,0.7625537363944023,1,0.3496921067363314,1
2016,17,51622,0,1,0,1,0,1
2016,17,59000,0.8398186626369475,1,0.7763070814030444,1,0.35378167269956184,1
2016,17,65000,0.5229568411386594,1,0.48587055606198726,1,0.32601917080494286,1
2016,17,68003,0,1,0,1,0,1
2016,17,72000,0.7557096937912366,1,0.6403326403326404,1,0.6245035135960892,1
2016,17,79293,0.9381907490790012,1,0.9456644781525922,1,0.9087301587301587,1
2016,18,05860,0.43127147766323026,1,0.33126934984520123,1,0.23372443152320632,1
2016,18,10342,0,1,0,1,0,1
2016,18,22000,0.7429352780309936,1,0.6960690316395014,1,0.43185194355038375,1
2016,18,23278,0,1,0,1,0,1
2016,18,25000,0.729972458388217,1,0.714014169690686,1,0.3130417172944512,1
2016,18,31000,1,1,1,1,1,1
2016,18,36003,NA,NA,NA,NA,NA,NA
2016,18,71000,0.7835180055401662,1,0.7699393939393939,1,0.594633676092545,1
2016,19,12000,0.389409105586051,1,0.29473684210526313,1,0.17955421923001502,1
2016,19,19000,0.68115438108484,1,0.6746341463414635,1,0.5834000533760342,1
2016,19,21000,0.7508186496179635,1,0.8015953263678238,1,0.5542864732053921,1
2016,19,73335,0.596514745308311,1,0.6123828210159146,1,0.4147554573086488,1
2016,20,36000,0.9377248823692222,1,0.9627614086915961,1,0.697585548028487,1
2016,20,38900,0.11286089238845144,1,0.10488245931283906,1,0.06168549087749783,1
2016,20,52575,0.1101813110181311,1,0.25755973778811586,1,0.043780806030733546,1
2016,20,53775,0,1,0,1,0,1
2016,20,71000,0.7576308139534884,1,0.6963814549566528,1,0.3466381563316702,1
2016,20,79000,0.7441910499139415,1,0.8567330408369895,1,0.5563668224299065,1
2016,21,46027,0.6309036014664654,1,0.6725057121096725,1,0.3480980635665333,1
2016,21,48006,0.7937657521944437,1,0.798899557665336,1,0.6038634299599912,1
2016,22,05000,0.853874765780127,1,0.7403712939872541,1,0.2889954286988516,1
2016,22,40735,0.740437431339259,1,0.5905271199388846,1,0.43782961460446246,1
2016,22,41155,0.7369187457528396,1,0.46871310507674147,1,0.13670266058109762,1
2016,22,55000,0.8421998916309541,1,0.7294716740929345,1,0.17595468664352276,1
2016,22,70000,0.7078952628422946,1,0.4724732949876746,1,0.1513367916999202,1
2016,24,04000,0.7691057076831838,1,0.7576425043385396,1,0.4125335028045647,1
2016,24,30325,0.13927358244055396,1,0.2729044834307992,1,0.03127163627971383,1
2016,25,07000,0.859986033519553,1,0.823378108030866,1,0.19967444384156266,1
2016,25,09000,0.7013078470824949,1,0.7608365019011407,1,0.723361247473289,1
2016,25,11000,0.45692361353331007,1,0.35276073619631904,1,0.11045909561615465,1
2016,25,23000,1,1,1,1,1,1
2016,25,34550,1,1,1,1,1,1
2016,25,37000,1,1,1,1,1,1
2016,25,37490,0.9988558352402745,1,0.997103765105363,1,0.9604874446085672,1
2016,25,45000,1,1,1,1,1,1
2016,25,45560,0,1,0,1,0,1
2016,25,55745,0.5049668874172185,1,0.5113871635610766,1,0.3202493650427153,1
2016,25,62535,0.44353182751540043,1,0.6432610744580585,1,0.41411895497498613,1
2016,25,67000,1,1,1,1,1,1
2016,25,82000,0.8545897644191714,1,0.8708700685724463,1,0.7042624521072797,1
2016,26,03000,0.057692307692307696,1,0.03278688524590164,1,0.053138713985880555,1
2016,26,21000,0.7234419263456091,1,0.6210295728368017,1,0.6593823279948111,1
2016,26,22000,0.9971966808701502,1,0.9991398260537131,1,0.9797804737146159,1
2016,26,27440,0,1,0,1,0,1
2016,26,29000,0.9154965534848098,1,0.8452830188679246,1,0.7539118065433855,1
2016,26,34000,0.6627039627039627,1,0.7057895174017775,1,0.15506816834617665,1
2016,26,46000,0.8578898800369117,1,0.8122719734660033,1,0.6027817919075145,1
2016,26,49000,0.10890104425658877,1,0.04128440366972477,1,0.03447050461975835,1
2016,26,69035,0,1,0,1,0,1
2016,26,74900,0.6356319338699151,1,0.68,1,0.18804920913884007,1
2016,26,76460,0.2617363344051447,1,0.13387423935091278,1,0.24532753803166718,1
2016,26,80700,0,1,0,1,0,1
2016,26,84000,0.7607619619019049,1,0.6454545454545455,1,0.3353508411981945,1
2016,26,86000,0.5187319884726225,1,0.44849785407725323,1,0.43466619064619777,1
2016,26,88940,0.905638665132336,1,0.9096509240246407,1,0.5730897009966778,1
2016,27,06616,0.2171398527865405,1,0.3314491264131552,1,0.05484429065743945,1
2016,27,07966,0.7122717818349896,1,0.8108552631578947,1,0.482183908045977,1
2016,27,17000,0.5099337748344371,1,0.29652996845425866,1,0.19102990033222592,1
2016,27,43000,0.7747518182300791,1,0.7476614191193247,1,0.2346473184232179,1
2016,27,51730,0.039746543778801845,1,0.003484320557491289,1,0.0024617360590816653,1
2016,27,54880,0.2799851466765689,1,0.1363900174114916,1,0.048871837032977074,1
2016,27,58000,0,1,0,1,0,1
2016,27,71428,0,1,0,1,0,1
2016,28,36000,1,1,1,1,1,1
2016,29,15670,0.3317692520011041,1,0.30579964850615116,1,0.14389074794247989,1
2016,29,35000,0.6971153846153846,1,0.6865371734762223,1,0.572240122095981,1
2016,29,38000,0.8455201200981289,1,0.7507519713844403,1,0.24732986864181364,1
2016,29,41348,NA,NA,NA,NA,NA,NA
2016,29,54074,NA,NA,NA,NA,NA,NA
2016,29,65000,0.7652877697841727,1,0.41009463722397477,1,0.15426997245179064,1
2016,29,70000,0.6533398342272062,1,0.5834355828220859,1,0.43864318203813024,1
2016,30,06550,0.26126126126126126,1,0.3111395646606914,1,0.1381375035221189,1
2016,31,28000,0.6193447737909517,1,0.5480361423566291,1,0.2781247676407168,1
2016,31,37000,0.7663500678426052,1,0.7922541831171273,1,0.23696583185923098,1
2016,32,31900,0.3620178041543027,1,0.2982456140350877,1,0.16044694688141067,1
2016,32,40000,0.6072847295244772,1,0.7141309691450093,1,0.2829390753470818,1
2016,32,51800,0.7839218906834565,1,0.8236807675534235,1,0.3956972723780254,1
2016,32,60600,0.0049680624556423,1,0.02002692696061932,1,0.0017386530014641289,1
2016,32,68400,0,1,0,1,0,1
2016,33,45140,0.4258957654723127,1,0.4958105646630237,1,0.32313725490196077,1
2016,33,50260,0.1925925925925926,1,0.33254250691973114,1,0.13670673748951637,1
2016,34,13690,0.33072407045009783,1,0.407208088714938,1,0.22580645161290322,1
2016,34,21000,0.9945663111289998,1,0.9777789507019952,1,0.9174964438122333,1
2016,34,36000,0.8446533960188056,1,0.7916999201915403,1,0.7190431519699813,1
2016,34,51000,0.959420001327228,1,0.994495871903928,1,0.997363216875412,1
2016,34,57000,1,1,1,1,1,1
2016,34,74000,0.9845442727141412,1,0.986043594166536,1,0.6782608695652174,1
2016,35,02000,0.624493106244931,1,0.7094664745169138,1,0.3261840490797546,1
2016,35,39380,0.5772357723577236,1,0.6854208772600645,1,0.523106140535978,1
2016,35,63460,0.10178117048346055,1,0.13528562590224788,1,0.10270645385149202,1
2016,35,70500,0.310126582278481,1,0.5547373215912542,1,0.19452225334578277,1
2016,36,01000,0.7153284671532847,1,0.5719844357976653,1,0.1688688366097325,1
2016,36,11000,0.9403590870021965,1,0.9062231496256291,1,0.5892140468227425,1
2016,36,50617,0.05955006616674018,1,0.210087370929309,1,0.05418548106981591,1
2016,36,51000,0.6549228766025641,1,0.6371893677256999,1,0.08534336238382816,1
2016,36,63000,0.8513908294169948,1,0.760585928119747,1,0.20731824747231584,1
2016,36,73000,0.9535940984731515,1,0.9441888991107023,1,0.6814002437133045,1
2016,36,84000,0.789279112754159,1,0.8091265002246326,1,0.4614705232943255,1
2016,37,02140,0.3245689655172414,1,0.5221543162719633,1,0.3035073908860317,1
2016,37,10740,0,1,0,1,0,1
2016,37,12000,0.645080831408776,1,0.701470637276153,1,0.11884103367267032,1
2016,37,14100,0.2708126036484245,1,0.34316517493897475,1,0.19215745192307693,1
2016,37,19000,0.5810896756412974,1,0.5953300712507511,1,0.1478069297015822,1
2016,37,22920,0.7477164872174312,1,0.6286644951140065,1,0.3858685357075204,1
2016,37,25580,0.8316283034953111,1,0.8096013018714402,1,0.5020200508753554,1
2016,37,28000,0.6674264195818056,1,0.6686269146608315,1,0.1464540753508988,1
2016,37,28080,0.680594091725151,1,0.6629834254143646,1,0.29156730977671796,1
2016,37,31400,0.7670387779083431,1,0.8091692789968652,1,0.42570093457943925,1
2016,37,55000,0.36760005724371514,1,0.33019932305377964,1,0.06743894590658131,1
2016,37,74440,0.6355140186915887,1,0.4889990703439727,1,0.16656814449917898,1
2016,37,75000,0.7201731275875047,1,0.6993292505103529,1,0.1543553482774184,1
2016,38,25700,0.08345021037868162,1,0.06736842105263158,1,0.024299474605954465,1
2016,39,01000,0.8895558223289316,1,0.8121720881427072,1,0.5468478889531521,1
2016,39,15000,0.7202216773929921,1,0.5763864042933811,1,0.17207011922152585,1
2016,39,16000,0.8938755538641368,1,0.8413649706457925,1,0.5097667638483965,1
2016,39,18000,0.8584162475989036,1,0.7949485500467727,1,0.4476436938163988,1
2016,39,21000,0.9366512854317732,1,0.7957689178193653,1,0.6503044426069308,1
2016,39,61000,0.3674698795180723,1,0.2519762845849802,1,0.18510557592616006,1
2016,39,77000,0.824266169953112,1,0.7657407407407407,1,0.5649671052631579,1
2016,40,09050,0.143646408839779,1,0.2395615866388309,1,0.1269222438813082,1
2016,40,23200,0.05949579831932773,1,0.08998988877654196,1,0.02867836730564969,1
2016,40,41850,0.46817464492372435,1,0.5476892822025565,1,0.4272773884806016,1
2016,40,52500,0.4173469387755102,1,0.3875802997858672,1,0.3104943625325238,1
2016,40,55000,0.7384982754046167,1,0.8799896765313145,1,0.358371175463411,1
2016,40,75000,0.8511610201751046,1,0.8462745098039216,1,0.5181766811075532,1
2016,41,05350,0.14184397163120568,1,0.2003433703116746,1,0.0616917881558356,1
2016,41,05800,0.061068702290076333,1,0.1712082262210797,1,0.046762856085830556,1
2016,41,23850,0.12082262210796915,1,0.2002710027100271,1,0.09560884459669884,1
2016,41,31250,0.2593320235756385,1,0.2911122937732837,1,0.1718429158110883,1
2016,41,34100,0.06218905472636816,1,0.19404161412358134,1,0.05746701196201751,1
2016,41,47000,0.5,1,0.5373913043478261,1,0.3186561174177273,1
2016,41,59000,0.5595473833097595,1,0.5434249263984299,1,0.21779133904471307,1
2016,41,64900,0.5481927710843374,1,0.7781317885590152,1,0.32730272850492076,1
2016,42,02000,0.8811079987550576,1,0.926239007430636,1,0.26740792216817233,1
2016,42,06088,0.284272997032641,1,0.4479315263908702,1,0.1130952380952381,1
2016,42,24000,0.9198510679992161,1,0.8418319169027384,1,0.4608457603919026,1
2016,42,60000,0.9637943450576106,1,0.97506678539626,1,0.8953253153848983,1
2016,42,61000,0.7473572938689218,1,0.44819277108433736,1,0.17890830739765382,1
2016,42,63624,0.8680781758957655,1,0.9689077201071717,1,0.3072614522904581,1
2016,42,69000,0.9911347517730497,1,0.9955637707948244,1,0.9559760956175298,1
2016,44,19180,0.3762575452716298,1,0.39786991251426396,1,0.12053492873482316,1
2016,44,54640,0.9116579265832997,1,0.8608608608608609,1,0.7062423500611995,1
2016,44,59000,0.9083490269930948,1,0.9333980693436911,1,0.8392341040462428,1
2016,44,74300,0,1,0,1,0,1
2016,45,13330,0.5721784776902887,1,0.27899686520376177,1,0.14209057737711955,1
2016,45,16000,0.5929816265874088,1,0.4682631275245239,1,0.23976192016562076,1
2016,45,48535,NA,NA,NA,NA,NA,NA
2016,45,50875,0.8055272187702865,1,0.8210682492581602,1,0.3235867446393762,1
2016,46,59020,0.46252967107494064,1,0.45947983415001886,1,0.13557531962201222,1
2016,47,14000,0.8778433839899332,1,0.966297786720322,1,0.6295654492135431,1
2016,47,15160,0.533905119270973,1,0.47557172557172556,1,0.4130283252011913,1
2016,47,27740,0,1,0,1,0,1
2016,47,40000,0.792787132445338,1,0.5594111461619348,1,0.3284692016276133,1
2016,47,48000,0.9436462897780332,1,0.9251596031074533,1,0.4922056979036015,1
2016,47,51560,0.4193097945342111,1,0.5067209775967414,1,0.22910605282674426,1
2016,47,52006,0.8348623853211009,1,0.8503708481135118,1,0.538141849401214,1
2016,48,01000,0.7664172901080631,1,0.7379113698467388,1,0.48230409963674103,1
2016,48,01924,0.11782220331773713,1,0.15324091420007493,1,0.03901651794190241,1
2016,48,03000,0.7158631834096418,1,0.7327966907037845,1,0.32511757040058925,1
2016,48,04000,0.5382003395585738,1,0.7047367759768816,1,0.34418157799927945,1
2016,48,05000,0.6402439024390244,1,0.6686053799293038,1,0.08573705489037475,1
2016,48,06128,0.5628479343685907,1,0.6605566870332654,1,0.4499875280618608,1
2016,48,07000,0.8192250124729752,1,0.7561212592304702,1,0.2215568862275449,1
2016,48,10768,1,1,1,1,1,1
2016,48,10912,0.9148079306071871,1,0.9388207945900253,1,0.7883134130146082,1
2016,48,13024,0.23821575450806706,1,0.5594594594594594,1,0.12184730743012952,1
2016,48,13552,0,1,0,1,0,1
2016,48,15976,0.07225258044930176,1,0.08595098377632034,1,0.044115574348132486,1
2016,48,16432,0.5269048643994835,1,0.7610374884841613,1,0.5292413543364114,1
2016,48,17000,0.612373127114548,1,0.6250029765448267,1,0.28772919605077574,1
2016,48,19000,0.9017266715650257,1,0.8830526102707645,1,0.2800071658903619,1
2016,48,19972,0.39312472454825914,1,0.4667888227210261,1,0.2847601700060716,1
2016,48,22660,0.7804878048780488,1,0.8991878951405973,1,0.7805907172995781,1
2016,48,24000,0.704660587639311,1,0.7926402981420527,1,0.5966290973012098,1
2016,48,26232,0,1,0,1,0,1
2016,48,27000,0.7335118740320082,1,0.7453157160879091,1,0.22462022673989146,1
2016,48,27684,0,1,0,1,0,1
2016,48,29000,0.7725448536355052,1,0.8600526641883519,1,0.6983313817330211,1
2016,48,30464,0.5946037864187734,1,0.7978849373239149,1,0.5562449959967974,1
2016,48,35000,0.8157514450867052,1,0.8215006899336991,1,0.2751784743952482,1
2016,48,37000,0.7672855313700384,1,0.9133491994807442,1,0.7093394077448747,1
2016,48,39148,0.6136136968085106,1,0.6467150124472345,1,0.5765798579493717,1
2016,48,41464,0.5333333333333333,1,0.80265486725663715,1,0.6460554371002132,1
2016,48,41980,0.022172949002217297,1,0.062436548223350256,1,0.014710972654897889,1
2016,48,42508,0.16296296296296298,1,0.3526077097505669,1,0.06927016645326504,1
2016,48,43888,0.6077634845407357,1,0.6403425309229306,1,0.382405038378272,1
2016,48,45000,0.7612403100775194,1,0.6358187907632646,1,0.28526148969889065,1
2016,48,45384,0.8404255319148937,1,0.9081133919843597,1,0.8087831655992681,1
2016,48,45744,0.07382246376811594,1,0.20033853222101317,1,0.02417701676112384,1
2016,48,47892,0.7131325675256132,1,0.8545228770656224,1,0.7095146982083841,1
2016,48,48072,0.2699696663296259,1,0.2903319237675954,1,0.06769873448826637,1
2016,48,48768,0.6029411764705882,1,0.8979832104832105,1,0.6070038910505836,1
2016,48,50820,0.10955056179775281,1,0.16908448128733392,1,0.0874911326554741,1
2016,48,53388,0.3811349693251534,1,0.5081024568740199,1,0.296437472511362,1
2016,48,56000,0.7730061349693251,1,0.8376462131608181,1,0.5188532253038329,1
2016,48,56348,0,1,0,1,0,1
2016,48,57200,1,2,1,1,1,1
2016,48,58016,0.17598343685300208,1,0.356936773555354,1,0.07848854160592454,1
2016,48,61796,0.26035331595713873,1,0.2768415330252786,1,0.10437300015236935,1
2016,48,63500,0.18490220048899755,1,0.21354296647533483,1,0.0585995819647656,1
2016,48,64472,0.45413533834586467,1,0.4800830285657804,1,0.32878714076960547,1
2016,48,65000,0.6302069455546674,1,0.7022097911248507,1,0.22995848615533432,1
2016,48,70808,0.06579244856432286,1,0.10573269453163721,1,0.028689106660985654,1
2016,48,72176,0.8791249536522061,1,0.7764900662251656,1,0.46878547105561863,1
2016,48,74144,0.7039922103213242,1,0.8325011775788977,1,0.3877388535031847,1
2016,48,76000,0.9039177714881573,1,0.9002461271174171,1,0.4103369503141062,1
2016,48,79000,0.8036723163841808,1,0.8090433482810164,1,0.5662266067024517,1
2016,49,43660,0.18596491228070175,1,0.2578591325109431,1,0.12679640718562873,1
2016,49,44320,0,1,0,1,0,1
2016,49,55980,0.6274038461538461,1,0.7320254274441035,1,0.3150942437636539,1
2016,49,57300,0.0875,1,0.1460729141179349,1,0.06323204193627652,1
2016,49,62470,0.310126582278481,1,0.48935708079930496,1,0.18584136397331358,1
2016,49,65330,0,3,0,1,0,1
2016,49,67000,0.6179345516362091,1,0.6576621748668129,1,0.1770959243762591,1
2016,49,67440,0.078125,1,0.10774526678141136,1,0.04673661261752282,1
2016,49,70850,0,1,0,1,0.001188118811881188,1
2016,49,82950,0.18152866242038215,1,0.2600182982616651,1,0.12187480418572592,1
2016,49,83470,0.8855614973262033,1,0.866846569005397,1,0.8065761888999228,1
2016,51,01000,0.14934711643090315,1,0.22277170787809086,1,0.050014168319637294,1
2016,51,16000,0.29385798005936525,1,0.19719570405727924,1,0.06832583810302535,1
2016,51,35000,0.44636251541307026,1,0.37367624810892586,1,0.2992431990182041,1
2016,51,47672,0.6692341549295775,1,0.5601783060921248,1,0.2985544848035582,1
2016,51,56000,0.6384877920714098,1,0.5536847916091637,1,0.3697660987583021,1
2016,51,57000,0.6853706352991046,1,0.673469387755102,1,0.4799306959283858,1
2016,51,64000,0.6738320435654915,1,0.5575221238938053,1,0.5241773002014775,1
2016,51,67000,0.7560651892092104,1,0.6608651138981315,1,0.2340594301055586,1
2016,51,68000,0.7162024208837684,1,0.6804267161410018,1,0.24962864514111485,1
2016,51,76432,0.2124731725792198,1,0.09523809523809523,1,0.0781454070526774,1
2016,51,82000,0.22849543613613008,1,0.13504697286012526,1,0.048676194939081534,1
2016,53,03180,0.3847953216374269,1,0.4549787234042553,1,0.2939356435643564,1
2016,53,05210,0,1,0,1,0,1
2016,53,05280,0.2898550724637681,1,0.33828805740645823,1,0.1411875811592492,1
2016,53,22640,0.5833945628214549,1,0.6284304656182547,1,0.33587034383954156,1
2016,53,23515,0.5469427058257101,1,0.6088898816171543,1,0.3826958955223881,1
2016,53,35275,0.0023752969121140144,1,0.025711396793297703,1,0.0184344866704481,1
2016,53,35415,0.5980295566502463,1,0.6598735066760365,1,0.31028818874122743,1
2016,53,35940,0,1,0,1,0,1
2016,53,53545,0.4885844748858447,1,0.6654275092936803,1,0.25,1
2016,53,57745,0.3223787167449139,1,0.22496714848883048,1,0.06887361481273671,1
2016,53,63000,0.45429390255954144,1,0.4689811010682005,1,0.06086725394896719,1
2016,53,67000,0.5348837209302325,1,0.5252143217347454,1,0.37429740246782184,1
2016,53,67167,0.21428571428571427,1,0.18209179834462003,1,0.08758414360508601,1
2016,53,70000,0.6947040498442367,1,0.7141894169194473,1,0.4323268827232455,1
2016,53,74060,0.3932411674347158,1,0.5064410204597121,1,0.2811708227763702,1
2016,53,80010,0.7450980392156863,1,0.8652244107200516,1,0.47578499201703034,1
2016,55,02375,0.29411764705882354,1,0.35826296743063935,1,0.15527901077996195,1
2016,55,31000,0.6545064377682404,1,0.6096540627514079,1,0.18083366236110326,1
2016,55,39225,0.5510735198438517,1,0.49240121580547114,1,0.24128768523249872,1
2016,55,48000,0.37011202705559076,1,0.39476514879885266,1,0.1808362369337979,1
2016,55,53000,0.9302452439939086,1,0.9035106990641065,1,0.7311008622418288,1
2016,55,66000,0.7330707184393171,1,0.7037658463832961,1,0.4504455846610856,1
2015,01,03076,0,1,0,1,0,1
2015,01,07000,0.7438514556890513,1,0.5603015075376885,1,0.10632396449704141,1
2015,01,35896,0,1,0,1,0,1
2015,01,37000,0.4884020618556701,1,0.4465566714490674,1,0.10571796286082,1
2015,01,50000,0.6159783157991455,1,0.2508680555555556,1,0.09395215114488141,1
2015,01,51000,0.7727252948087551,1,0.8115863562533838,1,0.263530135301353,1
2015,01,77256,0.5997759243122122,1,0.6028513238289206,1,0.05664548217739707,1
2015,02,03000,0.7097989949748744,1,0.6046110751993105,1,0.3005910317358345,1
2015,04,04720,0.56548463356974,1,0.5530844155844156,1,0.28412419449326304,1
2015,04,07940,0.15648535564853555,1,0.2524456866980053,1,0.1578481945467944,1
2015,04,12000,0.21616358325219084,1,0.35853435543990436,1,0.08518924181574784,1
2015,04,23620,0.15254237288135594,1,0.2300942476438089,1,0.05004766444232602,1
2015,04,27400,0.011437908496732025,1,0.0061647296614451745,1,0.0020576719727930038,1
2015,04,27820,0.7368932038834951,1,0.7847931609070492,1,0.2699096880131363,1
2015,04,28380,0.2246065808297568,1,0.22521339461588968,1,0.10203432930705658,1
2015,04,46000,0.5720327036932619,1,0.6731002275884491,1,0.29012598463132033,1
2015,04,54050,0.5380116959064327,1,0.5893778119170416,1,0.2029620590193033,1
2015,04,55000,0.5566249783874129,1,0.6535099812506893,1,0.2770406449445751,1
2015,04,65000,0.25133120340788073,1,0.37135705345968173,1,0.042001675041876047,1
2015,04,71510,0.19987775061124693,1,0.22567038264537512,1,0.11848446652331875,1
2015,04,73000,0.40660550458715594,1,0.4235262878385555,1,0.16498480243161096,1
2015,04,77000,0.563995442461071,1,0.4942512379759804,1,0.26153195090986037,1
2015,04,85540,0.46296296296296297,1,0.4346932321315623,1,0.3568237205523964,1
2015,05,23290,0.33440860215053764,1,0.33613445378151263,1,0.1625802685347344,1
2015,05,24550,0.8521584861028977,1,0.8899215200330441,1,0.5703555332999499,1
2015,05,35710,0.977589054022175,1,0.8932355338223309,1,0.6150171484566389,1
2015,05,41000,0.8443981240229286,1,0.8717328170377541,1,0.3987080376998835,1
2015,05,66080,0.758893280632411,1,0.8170595972882728,1,0.5759652128080116,1
2015,06,00562,0,1,0,1,0,1
2015,06,00884,0.8842105263157894,1,0.9305634604439386,1,0.9789915966386554,1
2015,06,02000,0.709009009009009,1,0.7909027938120526,1,0.32192846034214617,1
2015,06,02252,0.5682172267972402,1,0.7147117296222664,1,0.5978260869565217,1
2015,06,02364,0.8244958924570575,1,0.7761506276150628,1,0.6748675892704596,1
2015,06,03526,0.7254272131568804,1,0.742423428264374,1,0.3868236633346377,1
2015,06,04982,0.967940813810111,1,0.9868180896369905,1,0.8210227272727273,1
2015,06,06000,0.022577092511013214,1,0.005490196078431373,1,0.0010280133641737343,1
2015,06,08786,0.5957943925233645,1,0.5903575473224397,1,0.3638113570741097,1
2015,06,08954,0.1095890410958904,1,0.12956648806624452,1,0.1026595011712829,1
2015,06,11194,0,1,0,1,0,1
2015,06,11530,0.882651443070092,1,0.9226655102630819,1,0.84765625,1
2015,06,13014,0.32590529247910865,1,0.42514424536896445,1,0.24760940488243896,1
2015,06,13210,0.26785714285714285,1,0.4445122571457634,1,0.20894788593903638,1
2015,06,13214,0.04081632653061224,1,0.013732394366197184,1,0.0042334442092530995,1
2015,06,13392,0.20846730975348338,1,0.39665096807953953,1,0.16753321779318314,1
2015,06,13588,0.6560509554140127,1,0.689784442361762,1,0.49173098125689085,1
2015,06,14218,0.21396054628224584,1,0.21471993052540164,1,0.10513665093919701,1
2015,06,15044,0.9977845472168374,1,0.9997625408132977,1,1,1
2015,06,16000,0.4622222222222222,1,0.6038818359375,1,0.1404004711425206,1
2015,06,16350,0.10745140388768898,1,0.34748287161155794,1,0.07166853303471445,1
2015,06,16532,0.4842105263157895,1,0.7009188815334453,1,0.31929637526652455,1
2015,06,17918,0.1642512077294686,1,0.16546310832025118,1,0.08006535947712418,1
2015,06,19766,0.44871794871794873,1,0.41896677176813,1,0.3097418817651957,1
2015,06,21712,0.7116719242902209,1,0.6217280272398382,1,0.44785276073619634,1
2015,06,22020,0.02929051855066175,1,0.01743987233557506,1,0.006063618290258449,1
2015,06,22230,1,1,0.9593660428258304,1,1,1
2015,06,22804,0.5599343185550082,1,0.6960641764853347,1,0.17900421496311908,1
2015,06,23182,0.3156392694063927,1,0.39680851063829786,1,0.12949937939594539,1
2015,06,24638,0,1,0,1,0,1
2015,06,24680,0.6881434739289273,1,0.8862243538502531,1,0.6059551430781129,1
2015,06,26000,0.0043431053203040176,1,0.004010207801676996,1,0.00317931326833404,1
2015,06,27000,0.8137223122636412,1,0.8439930304704433,1,0.4254566210045662,1
2015,06,28000,0.35410764872521244,1,0.560079804117167,1,0.21177298311444653,1
2015,06,29000,0.7884615384615384,1,0.9308153721024807,1,0.4578102189781022,1
2015,06,30000,0.5762081784386617,1,0.7358911896061713,1,0.6000203293352308,1
2015,06,32548,0.7885548011639185,1,0.7393011010052657,1,0.2289156626506024,1
2015,06,33000,0.7895167895167895,1,0.856046556244804,1,0.7640791476407914,1
2015,06,33182,0.966647823629169,1,0.958588404753331,1,0.9229946524064171,1
2015,06,33434,0.9878682842287695,1,0.9733418186960826,1,0.9181629181629182,1
2015,06,36000,0.1652892561983471,1,0.24479935579116896,1,0.03953388618816128,1
2015,06,36448,0.6306306306306306,1,0.7785374982006622,1,0.326265389876881,1
2015,06,36546,0.8932584269662921,1,0.8978656833165717,1,0.4132231404958678,1
2015,06,36770,0,1,0,1,0,1
2015,06,37692,0.7511111111111111,1,0.93,1,0.7954872779644743,1
2015,06,39496,0.06622516556291391,1,0.35506607929515416,1,0.05647517039922103,1
2015,06,39892,0.26705882352941174,1,0.3765384188934472,1,0.0971563981042654,1
2015,06,40130,0.8775510204081632,1,0.8106761982889956,1,0.645371835443038,1
2015,06,41992,0.07106598984771574,1,0.217269544924154,1,0.03090412534138278,1
2015,06,43000,0.7157451290152712,1,0.7362896478284019,1,0.14853814271311752,1
2015,06,44000,0.8065709481309016,1,0.9408568105721038,1,0.3732299224418314,1
2015,06,45484,0.2182468694096601,1,0.3381064066164671,1,0.21012832263978,1
2015,06,46842,0.2787794729542302,1,0.34037597737481284,1,0.18491379310344827,1
2015,06,46898,0.8691148775894538,1,0.8592020209525225,1,0.7643059490084986,1
2015,06,47766,0,1,0,1,0,1
2015,06,48256,0,1,0,1,0,1
2015,06,48354,0.6236559139784946,1,0.6937616121194797,1,0.47855144544606776,1
2015,06,49270,0.993616430752151,1,0.995668358714044,1,0.9871323529411765,1
2015,06,49670,0.008771929824561403,1,0.09678653404743688,1,0.007624857033930614,1
2015,06,50076,0.03709311127933384,1,0.04561868078960039,1,0.02428897654141582,1
2015,06,50258,0.25,1,0.3781219980787704,1,0.10769548174128327,1
2015,06,51182,0,1,0,1,0,1
2015,06,52526,0.9361702127659575,1,0.9338869370808048,1,0.9123173277661796,1
2015,06,53000,0.7176219186445852,1,0.872020236666095,1,0.2212479608482871,1
2015,06,53322,0.4068224889450411,1,0.43444374607165304,1,0.17260362694300518,1
2015,06,53896,0.5948203842940685,1,0.7964587328138387,1,0.6451038575667656,1
2015,06,53980,0.35260115606936415,1,0.6635379061371841,1,0.210833982852689,1
2015,06,54652,0.6325088339222615,1,0.7826043009122381,1,0.6530198621807863,1
2015,06,55156,0.8088495575221238,1,0.8441152952823364,1,0.5867850098619329,1
2015,06,56000,0.3381294964028777,1,0.3616009814445637,1,0.12491467576791809,1
2015,06,56700,0.9523068947641264,1,0.9457174756765379,1,0.9676746611053181,1
2015,06,57456,0.9441176470588235,1,0.9535767612325234,1,0.8967551622418879,1
2015,06,57792,0,1,0,1,0,1
2015,06,58072,0.7822265625,1,0.8965099369849734,1,0.5833333333333334,1
2015,06,59444,0.8788819875776398,1,0.9101866251944012,1,0.700624383831745,1
2015,06,59451,0.20646437994722955,1,0.24416517055655296,1,0.06460296096904442,1
2015,06,59920,0.42657342657342656,1,0.4547109695038689,1,0.35328109696376103,1
2015,06,60102,0.17613636363636365,1,0.3887991383952612,1,0.0800408719346049,1
2015,06,60466,1,1,1,1,1,1
2015,06,60620,0.7682095443128812,1,0.8815960007406036,1,0.3774069319640565,1
2015,06,62000,0.5172964342735498,1,0.6946278440127298,1,0.32750226916412245,1
2015,06,62938,0.14614121510673234,1,0.13173156586578294,1,0.040082585789548625,1
2015,06,64000,0.7822424812961403,1,0.7708156085446894,1,0.42930297515764526,1
2015,06,64224,0.525974025974026,1,0.6879481841313903,1,0.2988536390295921,1
2015,06,65000,0.9910535246028074,1,0.9859753842903175,1,0.9739106300305301,1
2015,06,65042,0.03125,1,0.10897651949219189,1,0.009544586855740387,1
2015,06,66000,0.6608803471791692,1,0.6736918604651163,1,0.10786303380974999,1
2015,06,67000,0.38733705772811916,1,0.4198228644680107,1,0.09879577291717867,1
2015,06,68000,0.2791023842917251,1,0.5538221104844737,1,0.06272314541367303,1
2015,06,68084,0.38304862023653086,1,0.4779467680608365,1,0.28402366863905326,1
2015,06,68196,0.12268518518518519,1,0.3177570093457944,1,0.0706272310045895,1
2015,06,68252,0.12359550561797752,1,0.1260093896713615,1,0.032011331444759206,1
2015,06,68378,0,1,0,1,0,1
2015,06,69000,0.6872586872586872,1,0.9512007520724725,1,0.13987431583215082,1
2015,06,69070,0.07100591715976332,1,0.20712371594461812,1,0.03043631245601689,1
2015,06,69084,0.011876484560570071,1,0.07280102476515798,1,0.010734072022160665,1
2015,06,69088,0,1,0,1,0,1
2015,06,69196,0.508695652173913,1,0.7462441507265414,1,0.2579453067257945,1
2015,06,70000,0,1,0,1,0,1
2015,06,70098,0.29876160990712075,1,0.5365897512735991,1,0.10951008645533142,1
2015,06,72016,0.007142857142857143,1,0.09936955869108376,1,0.011887913954146618,1
2015,06,73080,1,1,1,1,1,1
2015,06,75000,0.7976454908929365,1,0.8489329157258358,1,0.5636909573853793,1
2015,06,77000,0.049773755656108594,1,0.14231927710843373,1,0.03771522273845313,1
2015,06,78120,0.05819158460161146,1,0.06675211989745612,1,0.018258027848820687,1
2015,06,78582,0.04477611940298507,1,0.20216606498194944,1,0.019102698913424466,1
2015,06,80000,0.1376597836774828,1,0.18069916297390448,1,0.01982142857142857,1
2015,06,80238,0.1766109785202864,1,0.32498727735368954,1,0.13150790590050135,1
2015,06,80854,0.1696113074204947,1,0.47904116465863456,1,0.1115702479338843,1
2015,06,81344,0.44629014396456257,1,0.44238582805135707,1,0.19147496617050067,1
2015,06,81554,0.1584385763490241,1,0.2677117263843648,1,0.06470492602828809,1
2015,06,81666,0.7627962085308057,1,0.8486286919831224,1,0.6813643926788685,1
2015,06,82590,0.8800941858358993,1,0.9074349237796488,1,0.898527865404837,1
2015,06,82954,0.6981481481481482,1,0.7676864703904711,1,0.569591728525981,1
2015,06,82996,0.33248730964467005,1,0.5797169077617048,1,0.30795218295218296,1
2015,06,84200,0.45253863134657835,1,0.4709065244667503,1,0.31367521367521367,1
2015,06,84550,0.9726027397260274,1,0.9733920367534457,1,0.7627494456762749,1
2015,06,85292,0.3511111111111111,1,0.5548437558195836,1,0.2332001452960407,1
2015,08,03455,0.21777777777777776,1,0.27910420136960945,1,0.08496973276243909,1
2015,08,04000,0.5245761393684866,1,0.6598601120429608,1,0.17518248175182483,1
2015,08,07850,0,1,0,1,0,1
2015,08,12815,0,1,0,1,0,1
2015,08,16000,0.43504350435043504,1,0.42909683621013917,1,0.1715943322548254,1
2015,08,20000,0.6294234592445328,1,0.8296086021505377,1,0.218056453350571,1
2015,08,27425,0.06686046511627906,1,0.19517022961203484,1,0.0354546803144934,1
2015,08,32155,0.7694444444444445,1,0.7208697268165768,1,0.33769168684422923,1
2015,08,43000,0.2219959266802444,1,0.35544722339974566,1,0.06532707798530583,1
2015,08,45970,0.14689265536723164,1,0.4003324769533021,1,0.05492154065620542,1
2015,08,46465,0.1917808219178082,1,0.20274551214361142,1,0.1019821300195132,1
2015,08,62000,0.5511022044088176,1,0.6991404011461319,1,0.49,1
2015,08,77290,0.35799522673031026,1,0.5236552807224185,1,0.15453514739229024,1
2015,08,83835,0.30991735537190085,1,0.6251532906390517,1,0.13784549964564138,1
2015,09,08000,0.9644319896529424,1,0.9815610002525891,1,0.9574854651162791,1
2015,09,18430,0.22796709753231492,1,0.32073374096720403,1,0.15144014401440145,1
2015,09,37000,0.9761526232114467,1,0.985182119205298,1,0.9389705882352941,1
2015,09,52000,0.8535119692641119,1,0.8494771310869336,1,0.5913654618473896,1
2015,09,55990,0.081067472306143,1,0.09373729158194388,1,0.03475699558173785,1
2015,09,73000,0.052461139896373056,1,0.023126595584922662,1,0.006460454189506656,1
2015,09,80000,0.9501486393780014,1,0.944174516608825,1,0.8199291856348002,1
2015,11,50000,0.8887242125347098,1,0.7805446220579966,1,0.15907217708701282,1
2015,12,07300,0.26931905126243305,1,0.17117232543241512,1,0.13452060195833607,1
2015,12,07875,0.8401805869074492,1,0.6219199178644764,1,0.33883662891149935,1
2015,12,10275,0.7773079633544749,1,0.6979544277576385,1,0.5966428931633168,1
2015,12,12875,0.7761194029850746,1,0.7190359294800268,1,0.4914922267107357,1
2015,12,14400,0.33603786342123054,1,0.2871287128712871,1,0.1705648720211827,1
2015,12,16475,0.78208027133974,1,0.3452107955547716,1,0.2440798060786873,1
2015,12,16725,1,1,1,1,1,1
2015,12,17200,1,1,1,1,1,1
2015,12,17935,0,1,0,1,0,1
2015,12,24000,0.9779785860733541,1,0.913165923492138,1,0.6622460496613995,1
2015,12,24125,0.6837796586651866,1,0.6423421980134573,1,0.37359573595735956,1
2015,12,25175,0.6205439375880377,1,0.37751004016064255,1,0.3052448691497448,1
2015,12,30000,0.9737434358589647,1,0.935676998849795,1,0.8607734806629834,1
2015,12,32000,0.951794603091433,1,0.9228076997861171,1,0.8482924317830788,1
2015,12,32275,0.849993380113862,1,0.7940327237728585,1,0.6921274601686973,1
2015,12,35000,0.7183338321113273,1,0.5317808900306621,1,0.4143866965012205,1
2015,12,36950,0.9982625482625482,1,0.9998177643328352,1,0.9991607922121517,1
2015,12,38250,0.8122892469089547,1,0.80512,1,0.6461880490185447,1
2015,12,39425,0.9250157529930687,1,0.8532235939643347,1,0.6887075998282525,1
2015,12,43975,0.7580275229357798,1,0.5639739086803813,1,0.4392712550607287,1
2015,12,45000,0.8862016679302502,1,0.808794262032795,1,0.47522765858928845,1
2015,12,45025,0.311804008908686,1,0.3558608464436074,1,0.2149321266968326,1
2015,12,45060,0.9628515832301433,1,0.9095684803001877,1,0.9090909090909091,1
2015,12,45975,0.7117491499811107,1,0.34786744886633897,1,0.2709637046307885,1
2015,12,49675,0.827460510328068,1,0.825408618127786,1,0.8197312356604392,1
2015,12,53000,0.7779514457861698,1,0.6823606881224792,1,0.40741962984352226,1
2015,12,54000,0.8962812318419524,1,0.8669676971170546,1,0.8412403922608004,1
2015,12,54200,0.8267570900123304,1,0.7694805194805194,1,0.7448200654307524,1
2015,12,55775,0.3659616330545991,1,0.20059931506849316,1,0.14182411943083742,1
2015,12,57425,0.8564617742210114,1,0.5781942078364566,1,0.4928958051420839,1
2015,12,58050,0.9506172839506173,1,0.878880266075388,1,0.6015625,1
2015,12,58715,0.31932773109243695,1,0.19329896907216496,1,0.1907356948228883,1
2015,12,63000,0.4230769230769231,1,0.24761904761904763,1,0.23344947735191637,1
2015,12,69700,0.8651094276094277,1,0.6280406899601946,1,0.6817073170731708,1
2015,12,70600,0.7084328021162656,1,0.4473290064902646,1,0.2029838763631498,1
2015,12,71000,0.7779539780012147,1,0.6788523945324024,1,0.36700173980282236,1
2015,12,76600,0.8384265279583876,1,0.8405082787832114,1,0.6104743083003953,1
2015,13,03440,1,1,1,1,1,1
2015,13,04000,0.7429926327377424,1,0.37081193977895743,1,0.07154835103409726,1
2015,13,04204,1,1,1,1,1,1
2015,13,19000,0.8609713348787245,1,0.6929530201342282,1,0.39335664335664333,1
2015,13,42425,0,1,0,1,0,1
2015,13,49008,0.9988501341510158,1,0.9990243902439024,1,0.999213217938631,1
2015,13,67284,0.12075983717774763,1,0.29682758620689653,1,0.026308054085831863,1
2015,13,68516,1,1,1,1,1,1
2015,13,69000,0.8759934614734232,1,0.7082767978290366,1,0.36230380075236734,1
2015,13,80508,0.7749543731573775,1,0.6784869976359338,1,0.5066183422628427,1
2015,15,71550,NA,NA,NA,NA,NA,NA
2015,16,08830,0.17178423236514523,1,0.23220640569395018,1,0.11751083468422271,1
2015,16,52120,0.006993006993006993,1,0.03893355903512484,1,0.01615467459869737,1
2015,16,56260,0.5973154362416108,1,0.7736314572089437,1,0.6381693945653901,1
2015,17,02154,NA,NA,NA,NA,NA,NA
2015,17,03012,NA,NA,NA,NA,NA,NA
2015,17,06613,NA,NA,NA,NA,NA,NA
2015,17,12385,NA,NA,NA,NA,NA,NA
2015,17,14000,NA,NA,NA,NA,NA,NA
2015,17,14351,NA,NA,NA,NA,NA,NA
2015,17,23074,NA,NA,NA,NA,NA,NA
2015,17,24582,NA,NA,NA,NA,NA,NA
2015,17,38570,NA,NA,NA,NA,NA,NA
2015,17,51622,NA,NA,NA,NA,NA,NA
2015,17,59000,NA,NA,NA,NA,NA,NA
2015,17,65000,NA,NA,NA,NA,NA,NA
2015,17,68003,NA,NA,NA,NA,NA,NA
2015,17,72000,NA,NA,NA,NA,NA,NA
2015,17,79293,NA,NA,NA,NA,NA,NA
2015,18,05860,0.3020833333333333,1,0.249185667752443,1,0.15953267162944582,1
2015,18,10342,0,1,0,1,0,1
2015,18,22000,0.8145814581458146,1,0.7204081632653061,1,0.43607684281593323,1
2015,18,23278,0,1,0,1,0,1
2015,18,25000,0.7666468135795116,1,0.7666132193123107,1,0.33377531340405014,1
2015,18,31000,1,1,1,1,1,1
2015,18,36003,NA,NA,NA,NA,NA,NA
2015,18,71000,0.8566926976298123,1,0.8544288181593881,1,0.7463889311236126,1
2015,19,12000,0.49702901083537226,1,0.395503746877602,1,0.21916392065645798,1
2015,19,19000,0.848079561042524,1,0.7695256348826066,1,0.7362779284515046,1
2015,19,21000,0.8251907157928907,1,0.8666042593025977,1,0.628351012536162,1
2015,19,73335,0.7992177314211213,1,0.7869393139841688,1,0.5761995637949836,1
2015,20,36000,0.9420923245015024,1,0.972411500747881,1,0.7256139154160982,1
2015,20,38900,0.2125340599455041,1,0.2546816479400749,1,0.15404411764705883,1
2015,20,52575,0.14045214045214044,1,0.2967352415026834,1,0.06302821945280046,1
2015,20,53775,0,1,0,1,0,1
2015,20,71000,0.901,1,0.8418729610439455,1,0.48408325681052955,1
2015,20,79000,0.8101101749837978,1,0.8841973482046321,1,0.5803423261106633,1
2015,21,46027,0.6869593780794919,1,0.6989961139896373,1,0.3943590687402227,1
2015,21,48006,0.8293334098868921,1,0.8329660132235239,1,0.6483327035707538,1
2015,22,05000,0.6280569739317388,1,0.44529505582137163,1,0.11396850572108304,1
2015,22,40735,0.6589720824701588,1,0.5549180327868852,1,0.30678851174934724,1
2015,22,41155,0.7828218452789489,1,0.493844049247606,1,0.24553571428571427,1
2015,22,55000,0.23040485530308638,1,0.2926486106225818,1,0.08768186226964113,1
2015,22,70000,0.7484502704623525,1,0.5478260869565217,1,0.2544372927637995,1
2015,24,04000,0.8523281063934115,1,0.8217210064016675,1,0.48475420037336653,1
2015,24,30325,0.14266267356384427,1,0.2860842947963268,1,0.03417245699965828,1
2015,25,07000,0.840952994204765,1,0.8221276595744681,1,0.24153612935826174,1
2015,25,09000,0.9858786610878661,1,0.98586017282011,1,0.9873791621911923,1
2015,25,11000,0.055802807257788425,1,0.07175925925925926,1,0.05436337625178827,1
2015,25,23000,0.9592814371257485,1,0.9434832756632064,1,0.8182384452472904,1
2015,25,34550,0.9433962264150944,1,0.9501495513459621,1,0.9656593406593407,1
2015,25,37000,0.9229090909090909,1,0.8802125919869174,1,0.8327558327558328,1
2015,25,37490,0.9530988274706867,1,0.9661897191308956,1,0.8172571027709575,1
2015,25,45000,0.8837209302325582,1,0.9220149253731343,1,0.8073564435035724,1
2015,25,45560,0,1,0,1,0,1
2015,25,55745,0.4920071047957371,1,0.4397463002114165,1,0.2670891806247171,1
2015,25,62535,0.7920792079207921,1,0.9100428367444074,1,0.6331460674157303,1
2015,25,67000,0.9728538692050062,1,0.9609834930162762,1,0.9689675174013921,1
2015,25,82000,0.8476271547137689,1,0.8558392478569453,1,0.6498375116063139,1
2015,26,03000,0.09575666541494555,1,0.10392609699769054,1,0.05689886777969679,1
2015,26,21000,0.8960055096418733,1,0.7965554359526372,1,0.7571547075902115,1
2015,26,22000,0.99974302794233,1,0.9996071884513404,1,0.9847624738571855,1
2015,26,27440,0,1,0,1,0,1
2015,26,29000,0.9889250814332248,1,0.9206762028608583,1,0.8365293335864818,1
2015,26,34000,0.7861141346602395,1,0.8100794858785726,1,0.27251443733416575,1
2015,26,46000,0.891725768321513,1,0.8454761097932905,1,0.6849049964813512,1
2015,26,49000,0.35257082896117525,1,0.12462462462462462,1,0.08829004520875809,1
2015,26,69035,0.09477521263669501,1,0.015408320493066256,1,0.0031292783101897126,1
2015,26,74900,0.7162272634375638,1,0.7777777777777778,1,0.22676579925650558,1
2015,26,76460,0.3293124246079614,1,0.20618556701030927,1,0.2755047025699395,1
2015,26,80700,0,1,0,1,0,1
2015,26,84000,0.8114327062228655,1,0.7027027027027027,1,0.44871794871794873,1
2015,26,86000,0.552345343303875,1,0.5398773006134969,1,0.48908075165058407,1
2015,26,88940,0.9053398058252428,1,0.9225738948469788,1,0.5847352024922119,1
2015,27,06616,0.21240916713247623,1,0.32697700504767246,1,0.05319148936170213,1
2015,27,07966,0.7452783300198808,1,0.8444632290786137,1,0.49973247726056713,1
2015,27,17000,0.5925925925925926,1,0.3613138686131387,1,0.2559465088238518,1
2015,27,43000,0.7989630726907205,1,0.7595254391968971,1,0.267784629267559,1
2015,27,51730,0.03351614868982328,1,0.005980861244019139,1,0.0035173736943082496,1
2015,27,54880,0.3321691889794334,1,0.23985463355542097,1,0.09135622552145004,1
2015,27,58000,0,1,0,1,0,1
2015,27,71428,0,1,0,1,0,1
2015,28,36000,1,1,1,1,1,1
2015,29,15670,0.4828056768558952,1,0.43788010425716767,1,0.2400873044743543,1
2015,29,35000,0.7388404309902514,1,0.7556084296397009,1,0.6325785244704164,1
2015,29,38000,0.8505675576711828,1,0.7672625603660086,1,0.27098752811286037,1
2015,29,41348,NA,NA,NA,NA,NA,NA
2015,29,54074,NA,NA,NA,NA,NA,NA
2015,29,65000,0.9462390945531715,1,0.48172757475083056,1,0.1771058315334773,1
2015,29,70000,0.7342657342657343,1,0.640764331210191,1,0.501295834133231,1
2015,30,06550,0.20603015075376885,1,0.3897662665824384,1,0.17991841408430545,1
2015,31,28000,0.5894903200316081,1,0.5225806451612903,1,0.23763073955937986,1
2015,31,37000,0.7728076138681169,1,0.7970957805700876,1,0.23466440491472584,1
2015,32,31900,0.40764130091569306,1,0.33313159259899705,1,0.18806893504197966,1
2015,32,40000,0.6673553081927786,1,0.7988787368349413,1,0.3303746075579006,1
2015,32,51800,0.794041689725143,1,0.8329384415932765,1,0.41796923076923076,1
2015,32,60600,0.4419642857142857,1,0.6105586179462409,1,0.20641720978989106,1
2015,32,68400,0.43237250554323725,1,0.6195495395539776,1,0.19006065765669894,1
2015,33,45140,0.5697177074422584,1,0.6051028179741051,1,0.4328168117172575,1
2015,33,50260,0.29683698296836986,1,0.4451639012545528,1,0.22592791823561054,1
2015,34,13690,0.28433268858800775,1,0.3668738451201075,1,0.20528563801388147,1
2015,34,21000,0.9930445151033387,1,0.9796330675985585,1,0.9155812831644959,1
2015,34,36000,0.8564127764127765,1,0.8513939393939394,1,0.7740667976424361,1
2015,34,51000,0.9864268747879199,1,0.9968120716221243,1,0.9971939670291126,1
2015,34,57000,1,1,1,1,1,1
2015,34,74000,0.9865669574851129,1,0.9910989387196165,1,0.8497652582159625,1
2015,35,02000,0.6557172557172557,1,0.7434580164519634,1,0.3706762534006996,1
2015,35,39380,0.6815834767641996,1,0.7953320366768547,1,0.6353603116208613,1
2015,35,63460,0.09070294784580499,1,0.1414576380665303,1,0.10480140373265273,1
2015,35,70500,0.46706586826347307,1,0.7648278061224489,1,0.33487756452680345,1
2015,36,01000,0.5312618896639189,1,0.4564589352042922,1,0.09832873600519228,1
2015,36,11000,0.8979340409401061,1,0.8917966784096628,1,0.5931401046424716,1
2015,36,50617,0.17367066895368782,1,0.36396396396396397,1,0.10702341137123746,1
2015,36,51000,0.4963433315214706,1,0.5570080827507342,1,0.08006042296072508,1
2015,36,63000,0.7909742724588781,1,0.7508902691511388,1,0.2274672057924679,1
2015,36,73000,0.9528056806373398,1,0.9468118195956454,1,0.6897033533963887,1
2015,36,84000,0.9229653797353634,1,0.9199895751889497,1,0.6693460786443624,1
2015,37,02140,0.44255133245958933,1,0.590272373540856,1,0.3875866912474761,1
2015,37,10740,0.02268101192207037,1,0.03164908384230983,1,0.011338725527250737,1
2015,37,12000,0.6836042004113054,1,0.7229212928694794,1,0.15626061972875283,1
2015,37,14100,0.43660714285714286,1,0.5718627876682588,1,0.3400348987178515,1
2015,37,19000,0.6357963704435546,1,0.6328125,1,0.1907873932750079,1
2015,37,22920,0.7868002237250216,1,0.6709367493995196,1,0.4523265380747783,1
2015,37,25580,0.8437633035334184,1,0.836873406966865,1,0.5241043785935426,1
2015,37,28000,0.6935603991857405,1,0.7017082785808147,1,0.15987841945288753,1
2015,37,28080,0.6767434420985284,1,0.677338355304457,1,0.2874803326590245,1
2015,37,31400,0.7629111474921864,1,0.7817362817362817,1,0.39862700228832953,1
2015,37,55000,0.3632864474434518,1,0.3307018915116461,1,0.06655909640984267,1
2015,37,74440,0.6283051169868746,1,0.5031911320120928,1,0.17691392304641015,1
2015,37,75000,0.7377049180327869,1,0.7057529078906004,1,0.1608108108108108,1
2015,38,25700,0.1969111969111969,1,0.11440677966101695,1,0.056390576697580214,1
2015,39,01000,0.8235092822311575,1,0.700218818380744,1,0.43740307345269985,1
2015,39,15000,0.7003829862784386,1,0.5688914910226386,1,0.17606200694588192,1
2015,39,16000,0.8325668217725355,1,0.833078491335372,1,0.4847918690680816,1
2015,39,18000,0.8115888339253415,1,0.7580564200381488,1,0.4708034962089301,1
2015,39,21000,0.9151439463651899,1,0.8071025020177562,1,0.6447646348823174,1
2015,39,61000,0.5593952483801296,1,0.4983853606027987,1,0.4422507403751234,1
2015,39,77000,0.7736723703047242,1,0.7738669238187078,1,0.600711938663746,1
2015,40,09050,0.24617268830373545,1,0.2865819988956378,1,0.1391601910600984,1
2015,40,23200,0.06438848920863309,1,0.10046478369681802,1,0.028481012658227847,1
2015,40,41850,0.7041405269761606,1,0.7121212121212122,1,0.6220316622691293,1
2015,40,52500,0.5341151385927505,1,0.46108861898335585,1,0.3943568934604133,1
2015,40,55000,0.7635246118794045,1,0.8930173737617054,1,0.41115267711012393,1
2015,40,75000,0.8464717817689937,1,0.8461179490170915,1,0.5371688296154536,1
2015,41,05350,0.28361858190709044,1,0.3357027896995708,1,0.14822631707119086,1
2015,41,05800,0.18333333333333332,1,0.28239026969857217,1,0.12096282754418038,1
2015,41,23850,0.28604651162790695,1,0.4297430289775834,1,0.2656191545080434,1
2015,41,31250,0.6144329896907217,1,0.5935712339961863,1,0.43805418719211825,1
2015,41,34100,0.12213740458015267,1,0.3287585776668746,1,0.11652822920428554,1
2015,41,47000,0.5114503816793893,1,0.5885323826500297,1,0.36191011235955056,1
2015,41,59000,0.713277031704278,1,0.6554054054054054,1,0.2795788692546728,1
2015,41,64900,0.5401785714285714,1,0.8089508774618744,1,0.4304574938292865,1
2015,42,02000,0.8793270786153349,1,0.8986303376547279,1,0.25680718728403595,1
2015,42,06088,0.5031847133757962,1,0.6518218623481782,1,0.3003648155654641,1
2015,42,24000,0.9194591416813639,1,0.8412623645784267,1,0.4565767284991568,1
2015,42,60000,0.9697977383730267,1,0.9766062958171625,1,0.8518273158882632,1
2015,42,61000,0.799236676323171,1,0.4394141145139814,1,0.20970864727425412,1
2015,42,63624,0.8688172043010752,1,0.9728412256267409,1,0.31501547987616096,1
2015,42,69000,0.989843028624192,1,0.9968786578228638,1,0.9635436343029845,1
2015,44,19180,0.6463414634146342,1,0.6743369734789392,1,0.27121186864477415,1
2015,44,54640,1,1,1,1,1,1
2015,44,59000,0.9378542935124922,1,0.9678813361364167,1,0.851865398683248,1
2015,44,74300,0,1,0,1,0,1
2015,45,13330,NA,NA,NA,NA,NA,NA
2015,45,16000,1,1,1,3,1,1
2015,45,48535,NA,NA,NA,NA,NA,NA
2015,45,50875,NA,NA,NA,NA,NA,NA
2015,46,59020,0.5023491145645103,1,0.5147241808378267,1,0.17121560275738384,1
2015,47,14000,0.9185571903179877,1,0.966,1,0.6445751633986928,1
2015,47,15160,0.43569264665381435,1,0.37742980561555073,1,0.35532107716209216,1
2015,47,27740,0.07929515418502203,1,0.03608247422680412,1,0.015454392743154712,1
2015,47,40000,0.77074898785425106,1,0.5548808967772069,1,0.32894553752817746,1
2015,47,48000,0.8891637920780302,1,0.9250461641765989,1,0.5089141004862237,1
2015,47,51560,0.25635103926096997,1,0.35091640590075995,1,0.10515217143508492,1
2015,47,52006,0.7466596409349242,1,0.7931708145757241,1,0.461596548004315,1
2015,48,01000,0.7584519572953736,1,0.7489509651120969,1,0.48371318555520865,1
2015,48,01924,0.06225339763261727,1,0.10730769230769231,1,0.019582605497839477,1
2015,48,03000,0.8042328042328042,1,0.7842642440556303,1,0.3848529081518078,1
2015,48,04000,0.5207187745483111,1,0.6970907016543069,1,0.3141490955179168,1
2015,48,05000,0.703556992724333,1,0.7203129755503703,1,0.11017167296992258,1
2015,48,06128,0.7159869008633521,1,0.7958394555718815,1,0.6422745280820321,1
2015,48,07000,0.8155717358927685,1,0.7562437562437563,1,0.23944875107665806,1
2015,48,10768,1,1,1,1,1,1
2015,48,10912,0.9555623659209317,1,0.9536796536796537,1,0.8204398447606727,1
2015,48,13024,0.38780096308186196,1,0.6752581948810058,1,0.2011135481693943,1
2015,48,13552,0,1,0,1,0,1
2015,48,15976,0.06570155902004454,1,0.09186637618010167,1,0.03587251679291125,1
2015,48,16432,0.6701931922723091,1,0.8272767397381198,1,0.6133781695901118,1
2015,48,17000,0.7018129770992366,1,0.705062747530658,1,0.4068120601268572,1
2015,48,19000,0.9108032834945764,1,0.9007949036363508,1,0.29164965754978,1
2015,48,19972,0.3808151502675998,1,0.47633882213321466,1,0.26973062381852553,1
2015,48,22660,0.8064516129032258,1,0.9073105627281146,1,0.8509554140127389,1
2015,48,24000,0.7897699461576113,1,0.8542426991739033,1,0.6775791723333981,1
2015,48,26232,0,1,0,1,0,1
2015,48,27000,0.7850018225801106,1,0.7940583338972728,1,0.2834873908982576,1
2015,48,27684,0.0175704989154013,1,0.057638168617572975,1,0.005598114319387153,1
2015,48,29000,0.903522910430578,1,0.9360362133438299,1,0.8216097627862333,1
2015,48,30464,0.723535701556374,1,0.9088559322033898,1,0.7039935781657636,1
2015,48,35000,0.8495299182848607,1,0.8615810711873642,1,0.30472063433523877,1
2015,48,37000,0.7707478699905332,1,0.915185812637422,1,0.704,1
2015,48,39148,0.6410667566883281,1,0.6624105668684646,1,0.6020689655172414,1
2015,48,41464,0.7105263157894737,1,0.8700074128984433,1,0.8542713567839196,1
2015,48,41980,0.025,1,0.06871992300288739,1,0.013754912468738835,1
2015,48,42508,0.45904389152921443,1,0.6089924456175481,1,0.2909957490660827,1
2015,48,43888,0.8086917562724014,1,0.8167924163281098,1,0.46733763767565517,1
2015,48,45000,0.7955085294752753,1,0.7016670371193598,1,0.36970149253731344,1
2015,48,45384,0.9038461538461539,1,0.9731211656441717,1,0.9371069182389937,1
2015,48,45744,0.16627524659464538,1,0.30007501875468867,1,0.05154267155830877,1
2015,48,47892,0.7551554485501937,1,0.8742260834831236,1,0.724,1
2015,48,48072,0.28816120906801007,1,0.30340794991435827,1,0.07531692766592095,1
2015,48,48768,0.631578947368421,1,0.9024100124120811,1,0.591919191919192,1
2015,48,50820,0.09090909090909091,1,0.15796772566817951,1,0.0804118656533464,1
2015,48,53388,0.45718654434250766,1,0.5575911995470355,1,0.31784521562363877,1
2015,48,56000,0.9209419680403701,1,0.9462665736217725,1,0.6639028723719278,1
2015,48,56348,0,1,0,1,0,1
2015,48,57200,1,1,1,1,1,1
2015,48,58016,0.21211598205039697,1,0.36331085019568654,1,0.0903487338960462,1
2015,48,61796,0.2747916067835585,1,0.31601731601731603,1,0.1153727188369935,1
2015,48,63500,0.22275737507525586,1,0.26300843564687215,1,0.08078684585929874,1
2015,48,64472,0.5990853658536586,1,0.6596626220775378,1,0.5637096774193548,1
2015,48,65000,0.6560739238224025,1,0.727236855085331,1,0.2635528606591823,1
2015,48,70808,0.06447911886186324,1,0.10721476510067114,1,0.02971102971102971,1
2015,48,72176,0.9001862197392924,1,0.8081606494338817,1,0.5102685624012638,1
2015,48,74144,0.7295992274263641,1,0.8471086308091985,1,0.43028653753801827,1
2015,48,76000,0.9022433516565146,1,0.9028974739970282,1,0.42229199372056514,1
2015,48,79000,0.7831156716417911,1,0.7745022970903522,1,0.5573144876325088,1
2015,49,43660,0.07434944237918216,1,0.1255301102629347,1,0.06067132036239418,1
2015,49,44320,0,1,0,1,0,1
2015,49,55980,0.6871657754010695,1,0.7926477121279432,1,0.35254134117885766,1
2015,49,57300,0.11320754716981132,1,0.2282051282051282,1,0.11243939140611937,1
2015,49,62470,0.24025974025974026,1,0.42685638061360603,1,0.14856117913124853,1
2015,49,65330,0,3,0,1,0,1
2015,49,67000,0.6169551708832668,1,0.6779734321902997,1,0.1744919196865818,1
2015,49,67440,0.06550218340611354,1,0.11202976436544027,1,0.06434462545157113,1
2015,49,70850,0,1,0,1,0,1
2015,49,82950,0.0744336569579288,1,0.17758784425451093,1,0.076346284935242,1
2015,49,83470,0.8053392658509455,1,0.7830385852090033,1,0.6436083703784018,1
2015,51,01000,0.12444645277903299,1,0.19437462597247157,1,0.035991180027028946,1
2015,51,16000,0.2662173546756529,1,0.18854792787092692,1,0.07033778317152103,1
2015,51,35000,0.3899789200583752,1,0.3543913713405239,1,0.2572549019607843,1
2015,51,47672,0.6076838638858397,1,0.5364963503649635,1,0.2867259851098602,1
2015,51,56000,0.6646625290923196,1,0.5831460674157304,1,0.378588267924005,1
2015,51,57000,0.7381779184965785,1,0.7084148727984344,1,0.5083956540143926,1
2015,51,64000,0.6767030485509974,1,0.593952483801296,1,0.5434434113497916,1
2015,51,67000,0.7733809654667033,1,0.6398982044394175,1,0.20156385751520417,1
2015,51,68000,0.6984606531434326,1,0.6313181367690783,1,0.22547662976629768,1
2015,51,76432,0.21019822964717616,1,0.113997113997114,1,0.08139286477248452,1
2015,51,82000,0.2174486979479179,1,0.1143571522568759,1,0.03364309069007056,1
2015,53,03180,0.39397741530740277,1,0.5044408192858437,1,0.33585798816568047,1
2015,53,05210,0,1,0,1,0,1
2015,53,05280,0.26011560693641617,1,0.3261427837699024,1,0.12970261554998208,1
2015,53,22640,0.5837359098228664,1,0.6577726218097448,1,0.37910714285714286,1
2015,53,23515,0.5988400193330111,1,0.6658091674462114,1,0.43778501628664496,1
2015,53,35275,0.635,1,0.7198137910968868,1,0.402088772845953,1
2015,53,35415,0.6164874551971327,1,0.6884321571480538,1,0.3398843930635838,1
2015,53,35940,0,1,0,1,0,1
2015,53,53545,0.3842364532019704,1,0.6317977986139421,1,0.19286871961102106,1
2015,53,57745,0.3731132075471698,1,0.2893821877507355,1,0.09873978673313945,1
2015,53,63000,0.44277525202609214,1,0.47571593412357077,1,0.06696048867238846,1
2015,53,67000,0.553156146179402,1,0.5221606648199446,1,0.3615171190755413,1
2015,53,67167,0.38,1,0.34271099744245526,1,0.24950662531716944,1
2015,53,70000,0.7376222493887531,1,0.7384685818930983,1,0.47371994342291374,1
2015,53,74060,0.417377812257564,1,0.5357786589762077,1,0.30868177780702044,1
2015,53,80010,0.7333333333333333,1,0.883359662980516,1,0.5110046607975143,1
2015,55,02375,0.2846441947565543,1,0.35385612443292286,1,0.14792023679700889,1
2015,55,31000,0.6455576559546313,1,0.6211666666666666,1,0.1949086884338683,1
2015,55,39225,0.49120098795924666,1,0.43956424001383365,1,0.19905306766620634,1
2015,55,48000,0.3927826449728828,1,0.4077579806978471,1,0.1832775345523221,1
2015,55,53000,0.9507740476604627,1,0.9749637155297532,1,0.773316298594634,1
2015,55,66000,0.7704091163833364,1,0.7736422331940752,1,0.5500651890482399,1
2014,01,03076,0,1,0,1,0,1
2014,01,07000,0.7444061636315451,1,0.5411081322609472,1,0.10564760377694637,1
2014,01,35896,0,1,0,1,0,1
2014,01,37000,0.5060612082670907,1,0.5362194599228461,1,0.10116867259724402,1
2014,01,50000,0.7169513679181503,1,0.45235707121364094,1,0.3060838394901922,1
2014,01,51000,0.7741071428571429,1,0.7865168539325843,1,0.2418543046357616,1
2014,01,77256,0.6361079145889272,1,0.6273148148148148,1,0.12162162162162163,1
2014,02,03000,0.6606769745089845,1,0.558689520503363,1,0.27986435472519033,1
2014,04,04720,0.7096774193548387,1,0.6726890756302522,1,0.3982887110129727,1
2014,04,07940,0.7225531914893617,1,0.7621175196317357,1,0.5068269516176908,1
2014,04,12000,0.3330140485312899,1,0.47975143136433457,1,0.14958183990442056,1
2014,04,23620,0.2153846153846154,1,0.36435905929115603,1,0.13092095045814567,1
2014,04,27400,0.011280315848843767,1,0.0075850529838259895,1,0.003683569497668063,1
2014,04,27820,0.7033919918388166,1,0.7587643307405906,1,0.2653193471305334,1
2014,04,28380,0.4007905138339921,1,0.3795553935860058,1,0.1994627266621894,1
2014,04,46000,0.49597557590896474,1,0.6326154032306854,1,0.2468737765700205,1
2014,04,54050,0.5237003058103975,1,0.5932793886266576,1,0.1986842832660733,1
2014,04,55000,0.46411483253588515,1,0.5395171381099875,1,0.25275368921139546,1
2014,04,65000,0.2579957356076759,1,0.3737971872686899,1,0.03909556245213817,1
2014,04,71510,0.15452930728241562,1,0.16708424678985281,1,0.0889689978370584,1
2014,04,73000,0.3825278810408922,1,0.44298561151079136,1,0.1913084553613604,1
2014,04,77000,0.717953488372093,1,0.7855095162846635,1,0.3503051349488037,1
2014,04,85540,0.4444444444444444,1,0.3681359141594782,1,0.4383092155369383,1
2014,05,23290,0.3712121212121212,1,0.36574487065120426,1,0.17324336218277836,1
2014,05,24550,0.8793503480278422,1,0.9069069069069069,1,0.6200866089273818,1
2014,05,35710,0.9788819875776398,1,0.8790534618755478,1,0.5750541255713255,1
2014,05,41000,0.841994750656168,1,0.8737864077669902,1,0.47101060979530596,1
2014,05,66080,0.7862903225806451,1,0.8668688558878895,1,0.6061847495705035,1
2014,06,00562,0.03262955854126679,1,0.03513824884792627,1,0.02326302729528536,1
2014,06,00884,0.8585858585858586,1,0.9266329777278682,1,0.9571984435797666,1
2014,06,02000,0.7156439066551427,1,0.8035,1,0.33245894160583944,1
2014,06,02252,0.6040631078452561,1,0.7392043041200623,1,0.6172425360617243,1
2014,06,02364,0.6955617198335645,1,0.6373268133659332,1,0.5203844879018893,1
2014,06,03526,0.7272612907283935,1,0.7409179660644061,1,0.3870250746683337,1
2014,06,04982,0.9742388758782201,1,0.9909555642941408,1,0.8823529411764706,1
2014,06,06000,0.02976190476190476,1,0.005925925925925926,1,7.955449482895784e-4,1
2014,06,08786,0.6331096196868009,1,0.6516709511568124,1,0.4454628780934922,1
2014,06,08954,0.13392857142857142,1,0.1824886238820022,1,0.11798600631087941,1
2014,06,11194,0.01646090534979424,1,0.08575458392101551,1,0.0167833607907743,1
2014,06,11530,0.8497592295345104,1,0.874353076480736,1,0.7849686847599165,1
2014,06,13014,0.4362745098039216,1,0.5187231430325353,1,0.34017726915741053,1
2014,06,13210,0.2760416666666667,1,0.4499258526940188,1,0.2576235541535226,1
2014,06,13214,0.09380234505862646,1,0.14832954346685323,1,0.06533523537803139,1
2014,06,13392,0.20857596611964002,1,0.4025247682965804,1,0.16400526019162126,1
2014,06,13588,0.6746031746031746,1,0.700423928403203,1,0.531628532974428,1
2014,06,14218,0.2170767004341534,1,0.25294183570548023,1,0.13091800122516847,1
2014,06,15044,0.9997522913054249,1,0.9999423797176606,1,1,1
2014,06,16000,0.45767575322812054,1,0.6158769230769231,1,0.16430469441984058,1
2014,06,16350,0.16449086161879894,1,0.4500911015905845,1,0.13718864645684495,1
2014,06,16532,0.6978723404255319,1,0.8526901313896614,1,0.44094894275399693,1
2014,06,17918,0.33480176211453744,1,0.4178479381443299,1,0.21598639455782312,1
2014,06,19766,0.4392764857881137,1,0.403029863026959,1,0.2901430842607313,1
2014,06,21712,0.7602950215119852,1,0.6674347158218126,1,0.4789457740078764,1
2014,06,22020,0.048589664401894175,1,0.030654900139340455,1,0.015295256534365925,1
2014,06,22230,1,1,0.9602232313837062,1,1,1
2014,06,22804,0.5019505851755527,1,0.7127862595419847,1,0.1793050976413898,1
2014,06,23182,0.2873693133653574,1,0.3790881458966565,1,0.11712271973466003,1
2014,06,24638,0,1,0,1,0,1
2014,06,24680,0.6725032425421531,1,0.8845324497738508,1,0.6253229974160207,1
2014,06,26000,0.054,1,0.07970359660220495,1,0.034379372376574055,1
2014,06,27000,0.7762977058885717,1,0.8216933954130022,1,0.390121412803532,1
2014,06,28000,0.4423076923076923,1,0.6056921552733495,1,0.23439235725394356,1
2014,06,29000,0.7461538461538462,1,0.9355513497360295,1,0.46892504667911444,1
2014,06,30000,0.7266187050359713,1,0.8456014362657092,1,0.7162051282051282,1
2014,06,32548,0.7834334492570345,1,0.7395104895104895,1,0.24053452115812918,1
2014,06,33000,0.815068493150685,1,0.8750903001247784,1,0.7208943716268311,1
2014,06,33182,0.9807355516637478,1,0.9680421092207915,1,0.9287714385719286,1
2014,06,33434,0.9393063583815029,1,0.9222782774000147,1,0.9197120708748616,1
2014,06,36000,0.2015810276679842,1,0.25418196654426767,1,0.042802655742336486,1
2014,06,36448,0.8076923076923077,1,0.9002042602859645,1,0.4904891304347826,1
2014,06,36546,0.9028197381671702,1,0.9254287003610109,1,0.9347826086956522,1
2014,06,36770,0,1,0,1,0,1
2014,06,37692,0.64375,1,0.8375658279695728,1,0.6328456819254366,1
2014,06,39496,0.08633093525179857,1,0.36962406015037597,1,0.05629037219317133,1
2014,06,39892,0.26337448559670784,1,0.37644115727648464,1,0.09454949944382647,1
2014,06,40130,0.88467712063217685,1,0.827892462794047,1,0.6682926829268293,1
2014,06,41992,0.06912442396313365,1,0.22018348623853212,1,0.03159379407616361,1
2014,06,43000,0.7328251734584188,1,0.741134929379946,1,0.1639413888299002,1
2014,06,44000,0.7735057331056355,1,0.9298607821943705,1,0.3424831752424355,1
2014,06,45484,0.26182432432432434,1,0.3450069788097957,1,0.21467809272687322,1
2014,06,46842,0.206794682422452,1,0.19746314706890641,1,0.13834163238796277,1
2014,06,46898,0.8,1,0.7991998188269042,1,0.7146806745922035,1
2014,06,47766,0.04580152671755725,1,0.09820585457979225,1,0.02478134110787172,1
2014,06,48256,0,1,0,1,0,1
2014,06,48354,0.6319867183176535,1,0.6951496086034091,1,0.49754789272030653,1
2014,06,49270,0.994273538420562,1,0.9952081051478642,1,0.989628349178911,1
2014,06,49670,0.03361344537815126,1,0.19347664936990364,1,0.04787033546928006,1
2014,06,50076,0.03277439024390244,1,0.04548853439680957,1,0.0251979841612671,1
2014,06,50258,0.25287356321839083,1,0.4282973621103118,1,0.1414387031408308,1
2014,06,51182,0,1,0,1,0,1
2014,06,52526,0.943342776203966,1,0.9548488417746368,1,0.9383983572895277,1
2014,06,53000,0.7361705321624259,1,0.8912488237666353,1,0.21791167973586464,1
2014,06,53322,0.44883720930232557,1,0.5379935357120224,1,0.2263284267668859,1
2014,06,53896,0.660082304526749,1,0.8153759368200499,1,0.6984311446833237,1
2014,06,53980,0.35638297872340424,1,0.6705140726271863,1,0.20277169948942378,1
2014,06,54652,0.8943089430894309,1,0.9250695454661461,1,0.8111064366848969,1
2014,06,55156,0.8107142857142857,1,0.8459971559245167,1,0.596935221732064,1
2014,06,56000,0.35106382978723405,1,0.38659995309201783,1,0.12801302931596092,1
2014,06,56700,0.9426580921757771,1,0.945528848739044,1,0.9642126789366053,1
2014,06,57456,0.9664960446719404,1,0.9615278162192085,1,0.9441176470588235,1
2014,06,57792,0,1,0,1,0,1
2014,06,58072,0.7609489051094891,1,0.899538819949603,1,0.5421245421245421,1
2014,06,59444,0.8965835641735919,1,0.9218944744495222,1,0.7296703296703296,1
2014,06,59451,0.2099737532808399,1,0.2890400604686319,1,0.10357422384555179,1
2014,06,59920,0.57,1,0.5782747603833865,1,0.4665281843074308,1
2014,06,60102,0.08947368421052632,1,0.25886332882273344,1,0.03535010197144799,1
2014,06,60466,0.8250850018889309,1,0.9093959731543624,1,0.8090909090909091,1
2014,06,60620,0.788025288211231,1,0.876530715514624,1,0.3963068181818182,1
2014,06,62000,0.5353375527426161,1,0.7188826279822563,1,0.3604016064257028,1
2014,06,62938,0.16156462585034015,1,0.16875,1,0.05418859337220879,1
2014,06,64000,0.76625642019575535,1,0.7566090376875229,1,0.4057564204616867,1
2014,06,64224,0.6524390243902439,1,0.7573612180816399,1,0.3478835978835979,1
2014,06,65000,1,1,1,1,1,1
2014,06,65042,0.11481481481481481,1,0.2395502044525216,1,0.0662854172082142,1
2014,06,66000,0.6779447693788406,1,0.667966573816156,1,0.11484098939929328,1
2014,06,67000,0.3975529583637692,1,0.44828002414001206,1,0.10364036792330612,1
2014,06,68000,0.2973987664253151,1,0.5619175326852163,1,0.07052003114995241,1
2014,06,68084,0.395,1,0.4942303931155877,1,0.28125,1
2014,06,68196,0.10792951541850221,1,0.31112121901296336,1,0.05498371335504886,1
2014,06,68252,0.09223300970873786,1,0.12787867440554204,1,0.03290574456218628,1
2014,06,68378,0,1,0,1,0,1
2014,06,69000,0.684931506849315,1,0.9536501747781662,1,0.14566772655007948,1
2014,06,69070,0.22794117647058823,1,0.35615687992988604,1,0.03616604311419918,1
2014,06,69084,0.01606425702811245,1,0.06969508400746734,1,0.010077258985555929,1
2014,06,69088,0,1,0,1,0,1
2014,06,69196,0.4684014869888476,1,0.7478024544566648,1,0.23625154130702836,1
2014,06,70000,0.01813110181311018,1,0.1084106172049888,1,0.01753246753246753,1
2014,06,70098,0.36115107913669064,1,0.5884359958569426,1,0.16076433121019107,1
2014,06,72016,0.15225976305397104,1,0.17502278942570648,1,0.10717529518619437,1
2014,06,73080,1,1,1,1,1,1
2014,06,75000,0.837587260034904,1,0.8641987652160872,1,0.5827956989247312,1
2014,06,77000,0.1386861313868613,1,0.18678435114503816,1,0.05669816564758199,1
2014,06,78120,0.06403508771929825,1,0.06981016533986528,1,0.01874600582262302,1
2014,06,78582,0.04411764705882353,1,0.2226027397260274,1,0.018760050026800073,1
2014,06,80000,0.13770180436847104,1,0.1826065099912027,1,0.021189336978810664,1
2014,06,80238,0.18031555221637866,1,0.31970522915404803,1,0.13365067740754302,1
2014,06,80854,0.19855595667870035,1,0.4683306158284209,1,0.08989850169163847,1
2014,06,81344,0.5058823529411764,1,0.48704156479217603,1,0.22014202711426728,1
2014,06,81554,0.19821826280623608,1,0.30956340956340955,1,0.09145191703331239,1
2014,06,81666,0.7578334825425246,1,0.8484248424842484,1,0.6844583987441131,1
2014,06,82590,0.8767342582710779,1,0.9248719408081958,1,0.9567558179923584,1
2014,06,82954,0.7732656514382402,1,0.8581728395061728,1,0.6897711108237424,1
2014,06,82996,0.3847926267281106,1,0.6311315604772674,1,0.37905679513184587,1
2014,06,84200,0.5584905660377358,1,0.611530753815323,1,0.4299363057324841,1
2014,06,84550,0.9705882352941176,1,0.975189393939394,1,0.7563959955506118,1
2014,06,85292,0.4302788844621514,1,0.6438917337234821,1,0.2903225806451613,1
2014,08,03455,0.27106227106227104,1,0.31888782358581014,1,0.10129214317540472,1
2014,08,04000,0.5724266418258035,1,0.6990158007498661,1,0.20623588254275574,1
2014,08,07850,0,1,0,1,0,1
2014,08,12815,0,1,0,1,0,1
2014,08,16000,0.4833755777545848,1,0.474764353041988,1,0.1879136419345715,1
2014,08,20000,0.6455265241488519,1,0.8518057715569379,1,0.24082985291447248,1
2014,08,27425,0.07926829268292683,1,0.21934826883910388,1,0.05497883491231607,1
2014,08,32155,0.6391184573002755,1,0.6544231293753978,1,0.28060501024105877,1
2014,08,43000,0.22946859903381642,1,0.39474957657875637,1,0.07410818958298443,1
2014,08,45970,0.14285714285714285,1,0.35901386748844377,1,0.05021811910317541,1
2014,08,46465,0.18354430379746836,1,0.20812544547398432,1,0.11518377184173528,1
2014,08,62000,0.7675675675675676,1,0.8221116246000711,1,0.6535846724351051,1
2014,08,77290,0.3775,1,0.5086241476133173,1,0.1474099099099099,1
2014,08,83835,0.19618528610354224,1,0.4840437656713016,1,0.10753768844221105,1
2014,09,08000,0.9836207831652023,1,0.9855523834241716,1,0.9547905433430112,1
2014,09,18430,0.28588098016336055,1,0.36731486937733254,1,0.1796062817960628,1
2014,09,37000,0.9473440574007638,1,0.9576780568135035,1,0.8597667638483965,1
2014,09,52000,0.8494005263670923,1,0.8616311598880998,1,0.5986085904416213,1
2014,09,55990,0.08125305922662751,1,0.08964059196617336,1,0.03517300543322848,1
2014,09,73000,0.05370193835398793,1,0.022730835554162096,1,0.007016878437322208,1
2014,09,80000,0.9725568942436412,1,0.9692104460928768,1,0.89162912022765,1
2014,11,50000,0.8708944432968395,1,0.7544551203087788,1,0.21739130434782608,1
2014,12,07300,0.18507235338918507,1,0.13483299250170416,1,0.07734660033167495,1
2014,12,07875,0.8315471698113207,1,0.6456650511577814,1,0.35349200156067107,1
2014,12,10275,0.8793352601156069,1,0.8297585323081074,1,0.741817398794143,1
2014,12,12875,0.732662192393736,1,0.7492170022371365,1,0.46990685454979697,1
2014,12,14400,0.3788925081433225,1,0.33808827115337725,1,0.22596105841238143,1
2014,12,16475,0.7826214160327677,1,0.3465160075329567,1,0.25378514780100936,1
2014,12,16725,1,1,1,1,1,1
2014,12,17200,1,1,1,1,1,1
2014,12,17935,0,1,0,1,0,1
2014,12,24000,0.9764453961456103,1,0.9186326432354357,1,0.6705499864535356,1
2014,12,24125,0.8309124241996898,1,0.7927438436596267,1,0.6419832582099163,1
2014,12,25175,0.6547698465643762,1,0.4202830188679245,1,0.3760515677919808,1
2014,12,30000,0.9733826247689464,1,0.9557139958844159,1,0.8511488511488512,1
2014,12,32000,0.9338225302350863,1,0.8652984685904782,1,0.7257578443538379,1
2014,12,32275,0.955972278842234,1,0.9574704729622372,1,0.9769303201506592,1
2014,12,35000,0.6948109697442691,1,0.548432810936979,1,0.40585302717990507,1
2014,12,36950,0.9898504273504274,1,0.9875159700675306,1,0.9846678023850085,1
2014,12,38250,0.8280190810946523,1,0.8280384397964952,1,0.681740614334471,1
2014,12,39425,0.9252941176470588,1,0.882051282051282,1,0.7424571894536559,1
2014,12,43975,0.8380241240666284,1,0.7077306733167082,1,0.6001518273506127,1
2014,12,45000,0.8892838755546839,1,0.8260509260345084,1,0.5186034470005177,1
2014,12,45025,0.7685774946921444,1,0.7166551485832757,1,0.5366705471478463,1
2014,12,45060,1,1,0.9787556904400607,1,1,1
2014,12,45975,0.7567567567567568,1,0.40203761755485895,1,0.3253731343283582,1
2014,12,49675,0.9402985074626866,1,0.9133974833456698,1,0.914003294892916,1
2014,12,53000,0.7517146445131375,1,0.6677789435662808,1,0.38467291716750807,1
2014,12,54000,0.9048168445341794,1,0.9012477718360071,1,0.8762872809950515,1
2014,12,54200,0.9307980049875312,1,0.9171717171717172,1,0.8939512961508248,1
2014,12,55775,0.3533344476015377,1,0.19613749114103474,1,0.1493997332147621,1
2014,12,57425,0.8460204612450147,1,0.5844838921761999,1,0.5024154589371981,1
2014,12,58050,0.9526149526149527,1,0.8756606397774687,1,0.5958654235914066,1
2014,12,58715,0,1,0,1,0,1
2014,12,63000,0,1,0,1,0,1
2014,12,69700,0.9931940858953298,1,0.9924119241192412,1,0.9886211512717537,1
2014,12,70600,0.6828387096774193,1,0.442572741194487,1,0.27299949031600407,1
2014,12,71000,0.7816060303583107,1,0.7085478630342414,1,0.38702607933377164,1
2014,12,76600,0.8388098122350091,1,0.8224191946206159,1,0.537079385821627,1
2014,13,03440,0.9292259083728278,1,0.9540745856353591,1,0.8347517730496454,1
2014,13,04000,0.735569448579273,1,0.5670255720053836,1,0.08954034186520238,1
2014,13,04204,0.9928789956746492,1,0.9773218142548596,1,0.9888130968622101,1
2014,13,19000,0.8152095073369413,1,0.6535223748338502,1,0.3261990716864363,1
2014,13,42425,0,1,0,1,0,1
2014,13,49008,0.8904989296887864,1,0.9227683049147443,1,0.9848574237954769,1
2014,13,67284,0.2042711234911792,1,0.4035337703049302,1,0.06285218899003034,1
2014,13,68516,1,1,1,1,1,1
2014,13,69000,0.8945400996828273,1,0.7478731631863882,1,0.39115295331441835,1
2014,13,80508,0.8110316649642493,1,0.7231329690346083,1,0.5813953488372093,1
2014,15,71550,NA,NA,NA,NA,NA,NA
2014,16,08830,0.5457656116338752,1,0.510310446408339,1,0.274125511064962,1
2014,16,52120,0.17938931297709923,1,0.22588347659980898,1,0.12619011636693367,1
2014,16,56260,0.75,1,0.8897081895199247,1,0.7885119567808055,1
2014,17,02154,0.0763888888888889,1,0.04625735912531539,1,0.0057417752948479206,1
2014,17,03012,0.5545232273838631,1,0.8714748706041697,1,0.23368259156012688,1
2014,17,06613,0.6610062893081761,1,0.6654377880184332,1,0.4505472233481962,1
2014,17,12385,0.7667584940312213,1,0.7768844221105528,1,0.6291701130410808,1
2014,17,14000,0.9333764679240399,1,0.9211334225296597,1,0.4459545890629997,1
2014,17,14351,0.839622641509434,1,0.8410062278666504,1,0.8964285714285715,1
2014,17,23074,0.9055944055944056,1,0.9219715956558062,1,0.5436668594563332,1
2014,17,24582,0.0510590015128593,1,0.0755578093306288,1,0.014435695538057743,1
2014,17,38570,0.9220045214770158,1,0.8960907246911304,1,0.6272984441301273,1
2014,17,51622,0.0440552016985138,1,0.049770561242499116,1,0.006204974496503129,1
2014,17,59000,0.9256781865477518,1,0.8998618784530387,1,0.6544821583986075,1
2014,17,65000,0.9863489125404905,1,0.987893143834715,1,0.9264302185132316,1
2014,17,68003,0,1,0,1,0,1
2014,17,72000,0.8990343892935795,1,0.8248175182481752,1,0.8557828928672918,1
2014,17,79293,1,1,1,1,1,1
2014,18,05860,0.3258620689655172,1,0.2676518883415435,1,0.2130534192475577,1
2014,18,10342,0,1,0,1,0,1
2014,18,22000,0.8488726386349786,1,0.7335562987736901,1,0.4866501854140915,1
2014,18,23278,0,1,0,1,0,1
2014,18,25000,0.7527092460225963,1,0.779790445746759,1,0.3427241161616162,1
2014,18,31000,1,1,1,1,1,1
2014,18,36003,NA,NA,NA,NA,NA,NA
2014,18,71000,0.7880197322057787,1,0.8202538202538202,1,0.6534696859021183,1
2014,19,12000,0.45331325301204817,1,0.4084136722173532,1,0.2190177772093618,1
2014,19,19000,0.7309432648799165,1,0.7000479156684236,1,0.6391976491631531,1
2014,19,21000,0.8299568249750914,1,0.8832554237084982,1,0.6405680532864145,1
2014,19,73335,0.8777777777777778,1,0.8532003710575139,1,0.5768814293448836,1
2014,20,36000,0.9501039501039501,1,0.9725550174186421,1,0.7483829236739974,1
2014,20,38900,0.2641509433962264,1,0.28179043743641913,1,0.20984423676012462,1
2014,20,52575,0.16391852570320078,1,0.3155946321147617,1,0.08061724834150562,1
2014,20,53775,0,1,0,1,0,1
2014,20,71000,0.9054190508246381,1,0.8394289067083904,1,0.4825810360496819,1
2014,20,79000,0.81466037528805,1,0.8784367189275165,1,0.5994708744744177,1
2014,21,46027,0.699051357540072,1,0.7183779119930975,1,0.41654947148754706,1
2014,21,48006,0.8116020990451065,1,0.8309005442850074,1,0.6476519337016574,1
2014,22,05000,0.6353314041614992,1,0.5582215949188426,1,0.19513880889298468,1
2014,22,40735,0.6755763116057234,1,0.46578947368421053,1,0.3235648334002409,1
2014,22,41155,0.7307161175774315,1,0.5289634146341463,1,0.29851078017337185,1
2014,22,55000,0.17021438538627426,1,0.2503993610223642,1,0.07061224489795918,1
2014,22,70000,0.7613123503787136,1,0.5539170506912442,1,0.25180128934395146,1
2014,24,04000,0.8388714610233162,1,0.8315257277990704,1,0.4971944312106294,1
2014,24,30325,0.14803868887694788,1,0.27766649974962443,1,0.03472070098576123,1
2014,25,07000,0.8703481392557023,1,0.8405837777154084,1,0.2192454893384363,1
2014,25,09000,0.983357910259111,1,0.9843871975019516,1,0.990163085684701,1
2014,25,11000,0.058374792703150914,1,0.08486789431545236,1,0.05082872928176796,1
2014,25,23000,0.9728395061728395,1,0.9540983606557377,1,0.818931560807484,1
2014,25,34550,0.9727272727272728,1,0.9900716261258067,1,0.9921568627450981,1
2014,25,37000,0.9537037037037037,1,0.8937208315655494,1,0.8849840255591054,1
2014,25,37490,0.953168044077135,1,0.9665243765445968,1,0.8101774355540676,1
2014,25,45000,0.8831460674157303,1,0.9160685805422647,1,0.7993468321358589,1
2014,25,45560,0,1,0,1,0,1
2014,25,55745,0.5397631133671743,1,0.5496828752642706,1,0.36776315789473685,1
2014,25,62535,0.7827715355805244,1,0.9052581714827096,1,0.6399554813578185,1
2014,25,67000,0.9749737486874344,1,0.9647577092511013,1,0.9642333626502492,1
2014,25,82000,0.8444919786096257,1,0.8628668171557562,1,0.6590401785714286,1
2014,26,03000,0.13258600695786626,1,0.1710414902624894,1,0.07670674941815361,1
2014,26,21000,0.9225784447476125,1,0.8577633007600435,1,0.7999473684210526,1
2014,26,22000,0.9927398948079649,1,0.9997966859814984,1,0.9896355733868272,1
2014,26,27440,0,1,0,1,0,1
2014,26,29000,0.935906432748538,1,0.9608540925266904,1,0.978708303761533,1
2014,26,34000,0.7763799339518792,1,0.8179052585832247,1,0.2785011855249349,1
2014,26,46000,0.9011281729865246,1,0.8484744600617072,1,0.7231470124408621,1
2014,26,49000,0.23447893569844788,1,0.11864406779661017,1,0.08249143459544936,1
2014,26,69035,0,1,0,1,0,1
2014,26,74900,0.7486317435496481,1,0.7439024390243902,1,0.24695652173913044,1
2014,26,76460,0.32695756126718467,1,0.2224622030237581,1,0.2737394345671816,1
2014,26,80700,0.04067321178120617,1,0.04509283819628647,1,0.039660056657223795,1
2014,26,84000,0.8400472185332744,1,0.7474747474747475,1,0.5257336136758387,1
2014,26,86000,0.6476486860304288,1,0.6872509960159362,1,0.6068347710683477,1
2014,26,88940,0.9088669950738916,1,0.9322404371584699,1,0.5839483394833949,1
2014,27,06616,0.32840909090909093,1,0.45040369088811993,1,0.11539740605254406,1
2014,27,07966,0.6541077969649398,1,0.750232991612302,1,0.3427579365079365,1
2014,27,17000,0.7104377104377104,1,0.5,1,0.3418987205676809,1
2014,27,43000,0.7806009602416788,1,0.7760476299519121,1,0.280982905982906,1
2014,27,51730,0.04823747680890538,1,0.012121212121212121,1,0.006994489190334888,1
2014,27,54880,0.4111156518185533,1,0.3132992327365729,1,0.173179233168226,1
2014,27,58000,0.20512820512820512,1,0.05172413793103448,1,0.015765765765765764,1
2014,27,71428,0,1,0,1,0,1
2014,28,36000,1,1,1,1,1,1
2014,29,15670,0.44377729257641924,1,0.4037940379403794,1,0.20144274120829575,1
2014,29,35000,0.7745604963805585,1,0.7853422619047619,1,0.6722695899309785,1
2014,29,38000,0.8599153010495305,1,0.764436216168562,1,0.2804530236018683,1
2014,29,41348,NA,NA,NA,NA,NA,NA
2014,29,54074,NA,NA,NA,NA,NA,NA
2014,29,65000,0.8512396694214877,1,0.37623762376237624,1,0.14669469750058398,1
2014,29,70000,0.8312531203195207,1,0.7559972583961617,1,0.5820013241274946,1
2014,30,06550,0.2610619469026549,1,0.4001344989912576,1,0.196036498431708,1
2014,31,28000,0.5855343356359204,1,0.551676799372426,1,0.24313814324008004,1
2014,31,37000,0.7796771130104464,1,0.8018162661181075,1,0.24438561256162133,1
2014,32,31900,0.3649713467048711,1,0.3179444133557172,1,0.17117475470697427,1
2014,32,40000,0.6530023655983668,1,0.798029513354837,1,0.33183507512467836,1
2014,32,51800,0.8052206929283341,1,0.848440366972477,1,0.46166333666333664,1
2014,32,60600,0.4304381245196003,1,0.594541231126597,1,0.19131995581737848,1
2014,32,68400,0.4359504132231405,1,0.6358368367230997,1,0.19893842887473462,1
2014,33,45140,0.608843537414966,1,0.6258343148802513,1,0.4734161743735995,1
2014,33,50260,0.2651162790697674,1,0.44546979865771813,1,0.23417638579478442,1
2014,34,13690,0.36446886446886445,1,0.42847282139775666,1,0.26493918561607616,1
2014,34,21000,0.9926909020965571,1,0.9844292595496807,1,0.9176413255360624,1
2014,34,36000,0.8543200671078386,1,0.8562198413347509,1,0.7711820083682008,1
2014,34,51000,0.978812928209711,1,0.9924151215988443,1,0.9979130434782608,1
2014,34,57000,0.1653518460082045,1,0.08920363442009621,1,0.08076225045372051,1
2014,34,74000,0.9255235602094241,1,0.9741775733993633,1,0.5674846625766872,1
2014,35,02000,0.6450526315789473,1,0.7469354024149488,1,0.3691446994120994,1
2014,35,39380,0.7378472222222222,1,0.8342644320297952,1,0.723204773066269,1
2014,35,63460,0.27292110874200426,1,0.30080945088602057,1,0.24309306991819726,1
2014,35,70500,0.6014492753623188,1,0.7834065849333025,1,0.4335995267672286,1
2014,36,01000,0.7593371258966114,1,0.6352646936223426,1,0.19859177468394942,1
2014,36,11000,0.19266350623647996,1,0.14899120538023797,1,0.1546611909650924,1
2014,36,50617,0.27253842958039054,1,0.4513658940397351,1,0.15043394406943106,1
2014,36,51000,0.70137596709431,1,0.6856953934317831,1,0.10982482863670982,1
2014,36,63000,0.8506236182371835,1,0.7888117953165655,1,0.2626531455054375,1
2014,36,73000,0.9489226543050906,1,0.9432098765432099,1,0.6852919593248769,1
2014,36,84000,0.9311934740202163,1,0.9364741843311848,1,0.7263948497854077,1
2014,37,02140,0.46736292428198434,1,0.6186688991209711,1,0.4369087988577548,1
2014,37,10740,0.0567113137646053,1,0.08690614136732329,1,0.029292777944261314,1
2014,37,12000,0.7367223203393842,1,0.7849879829913108,1,0.2213374805598756,1
2014,37,14100,0.5196571641512949,1,0.6328106716592558,1,0.41529314367426806,1
2014,37,19000,0.7043739777343956,1,0.6962626062883133,1,0.3249804228660924,1
2014,37,22920,0.8204488778054863,1,0.7202868852459017,1,0.5050469275721622,1
2014,37,25580,0.8086665271090643,1,0.8384201077199281,1,0.5645161290322581,1
2014,37,28000,0.7673799380325329,1,0.8114892961651009,1,0.25479156684235743,1
2014,37,28080,0.7622833518842423,1,0.7644812221514958,1,0.47181074508069865,1
2014,37,31400,0.7841045673076923,1,0.8151618398637138,1,0.4764034891523149,1
2014,37,55000,0.39763816280806574,1,0.3561834561834562,1,0.08770289225836618,1
2014,37,74440,0.6634382566585957,1,0.48601147776183645,1,0.2193343057949874,1
2014,37,75000,0.8407570254253489,1,0.8073644732355949,1,0.2616270485752252,1
2014,38,25700,0.09501845018450185,1,0.1076555023923445,1,0.04002488593944421,1
2014,39,01000,0.8279827900049644,1,0.7266811279826464,1,0.5048047846246893,1
2014,39,15000,0.7223325693913929,1,0.6082089552238806,1,0.22244010187752158,1
2014,39,16000,0.7952600056550909,1,0.8182274037858844,1,0.47611406899569686,1
2014,39,18000,0.8239435084889829,1,0.7490405117270789,1,0.49644318211428723,1
2014,39,21000,0.91845773088446,1,0.8123003194888179,1,0.6578965980620978,1
2014,39,61000,0.8408551068883611,1,0.7253121452894438,1,0.6676795915886714,1
2014,39,77000,0.7899756626981517,1,0.8232536333802156,1,0.6622468156191271,1
2014,40,09050,0.23622047244094488,1,0.2618556701030928,1,0.1028378959438154,1
2014,40,23200,0.07010931021485112,1,0.10386656557998483,1,0.028259638647243526,1
2014,40,41850,0.5908750934928946,1,0.6385448916408669,1,0.5419099965647544,1
2014,40,52500,0.5363128491620112,1,0.5089156626506024,1,0.43209302325581395,1
2014,40,55000,0.8077224925443416,1,0.9173367947824985,1,0.45815636306433855,1
2014,40,75000,0.8533918476643856,1,0.8629379225568531,1,0.551931330472103,1
2014,41,05350,0.3598937583001328,1,0.43312456506610997,1,0.21448802677881726,1
2014,41,05800,0.3644067796610169,1,0.42180616740088106,1,0.2282499807351468,1
2014,41,23850,0.30324074074074076,1,0.4469939006680221,1,0.30509641873278237,1
2014,41,31250,0.6702819956616052,1,0.6608458390177353,1,0.509492910358087,1
2014,41,34100,0.13592233009708737,1,0.3537772284875637,1,0.13365595114644543,1
2014,41,47000,0.6666666666666666,1,0.7509554140127389,1,0.5703333333333334,1
2014,41,59000,0.7301392301392301,1,0.6907414283946033,1,0.31755653998601074,1
2014,41,64900,0.5704057279236276,1,0.8093743311692945,1,0.4100473107569721,1
2014,42,02000,0.8778576094056172,1,0.9113779737022117,1,0.2756633610292147,1
2014,42,06088,0.3076923076923077,1,0.505968622100955,1,0.16199626367760875,1
2014,42,24000,0.9608397254743641,1,0.8808265257087938,1,0.45990566037735847,1
2014,42,60000,0.9077276995305165,1,0.9594698214481323,1,0.7742423683142002,1
2014,42,61000,0.7778338919241541,1,0.43414634146341463,1,0.2180044813496771,1
2014,42,63624,0.86152273888605,1,0.9742148119426134,1,0.3287746170678337,1
2014,42,69000,0.9908759124087592,1,0.9987320371935756,1,0.9589485055815629,1
2014,44,19180,0.7,1,0.6887631366208569,1,0.27133160956690366,1
2014,44,54640,1,1,1,1,1,1
2014,44,59000,0.9341520220199026,1,0.9706994328922496,1,0.8538519637462235,1
2014,44,74300,0.028846153846153848,1,0.04834254143646409,1,0.03937524609528809,1
2014,45,13330,0.581447963800905,1,0.2438095238095238,1,0.11894070236039148,1
2014,45,16000,0.646954543934174,1,0.4756176853055917,1,0.17010635603950366,1
2014,45,48535,NA,NA,NA,NA,NA,NA
2014,45,50875,0.8126832844574781,1,0.8118067978533094,1,0.29582496092877875,1
2014,46,59020,0.5233219567690558,1,0.5236411842686699,1,0.19041241140688656,1
2014,47,14000,0.9231491920330702,1,0.9646609360076409,1,0.6448108886271431,1
2014,47,15160,0.4750243495199666,1,0.4331155921613178,1,0.38416098669263227,1
2014,47,27740,0.2289156626506024,1,0.20887728459530025,1,0.05085034013605442,1
2014,47,40000,0.8010902636916836,1,0.5547576301615799,1,0.37584728178171256,1
2014,47,48000,0.9045122876656354,1,0.937527969211492,1,0.5615466477474281,1
2014,47,51560,0.2781065088757396,1,0.36323957322987394,1,0.10964937699217618,1
2014,47,52006,0.7845708702840823,1,0.82249163123134,1,0.4922549177252506,1
2014,48,01000,0.7781306715063521,1,0.758449919524576,1,0.4846613344132834,1
2014,48,01924,0.1272810218978102,1,0.154691794267766,1,0.0440155136646523,1
2014,48,03000,0.8117844177604021,1,0.7907769195820081,1,0.39511510387422794,1
2014,48,04000,0.5501477832512315,1,0.6892934765489652,1,0.34243477301561037,1
2014,48,05000,0.7156007751937985,1,0.7220116412042094,1,0.10862364819027095,1
2014,48,06128,0.7227067669172932,1,0.7972591696896413,1,0.6395508707607699,1
2014,48,07000,0.80182475752096,1,0.727608874281019,1,0.21316007741222007,1
2014,48,10768,1,1,0.995413525457719,1,0.9929742388758782,1
2014,48,10912,0.9557801642451043,1,0.9552774755168661,1,0.8212841253791708,1
2014,48,13024,0.400490647040785,1,0.6789506558401,1,0.21112354163337063,1
2014,48,13552,0,1,0,1,0,1
2014,48,15976,0.12313860252004583,1,0.17973733583489682,1,0.07844596606132778,1
2014,48,16432,0.6786933203315456,1,0.8315748642358417,1,0.6147213650390271,1
2014,48,17000,0.7269782508098103,1,0.7352165995783017,1,0.4218166014776184,1
2014,48,19000,0.8716891645384895,1,0.8548036794140192,1,0.272668001676524,1
2014,48,19972,0.5252212389380531,1,0.6066165413533835,1,0.4066459478842936,1
2014,48,22660,0.8727272727272727,1,0.9723894483362522,1,0.924031007751938,1
2014,48,24000,0.8117618703302001,1,0.8577460547746465,1,0.7038912330051571,1
2014,48,26232,0,1,0,1,0,1
2014,48,27000,0.7922865760666961,1,0.8052276210596081,1,0.33000700864399424,1
2014,48,27684,0.017330210772833723,1,0.06387563490841927,1,0.006033247970832068,1
2014,48,29000,0.8976788252013264,1,0.9300448799769424,1,0.8120388349514563,1
2014,48,30464,0.7390515677636693,1,0.8881147355562593,1,0.6981764829176274,1
2014,48,35000,0.8568298716655905,1,0.8723702866477427,1,0.3157499083241658,1
2014,48,37000,0.7831761006289308,1,0.9208093114326118,1,0.7484536082474227,1
2014,48,39148,0.7890487890487891,1,0.7972339695965254,1,0.7676249144421629,1
2014,48,41464,0.735632183908046,1,0.9003237298407959,1,0.8220640569395018,1
2014,48,41980,0.028859060402684565,1,0.0688952303302079,1,0.014737406216505895,1
2014,48,42508,0.3237244162582877,1,0.4940272247430318,1,0.1751966122202057,1
2014,48,43888,0.868830591373944,1,0.8497312939231088,1,0.5522171945701357,1
2014,48,45000,0.7847774672113524,1,0.697228144989339,1,0.37158145065398335,1
2014,48,45384,0.9080459770114943,1,0.9723388681280579,1,0.939419795221843,1
2014,48,45744,0.1964588891583798,1,0.33366960907944515,1,0.0664808445024315,1
2014,48,47892,0.7945220193340494,1,0.8894563086763644,1,0.7634821571451432,1
2014,48,48072,0.2987714987714988,1,0.3205898416166029,1,0.09230958836578752,1
2014,48,48768,0.75,1,0.8850233130091715,1,0.6311787072243346,1
2014,48,50820,0.16721311475409836,1,0.25842985842985844,1,0.13129452223041022,1
2014,48,53388,0.4126365054602184,1,0.5423347513089005,1,0.3176487014800335,1
2014,48,56000,0.9145374449339208,1,0.9597902681762015,1,0.7160527762506872,1
2014,48,56348,0.017604023776863282,1,0.05447247706422018,1,0.016998761679612742,1
2014,48,57200,1,1,0.9999594304028561,1,1,1
2014,48,58016,0.25035137034434296,1,0.42375042502550153,1,0.10868061099579542,1
2014,48,61796,0.26519495412844035,1,0.32964725643896975,1,0.13638479441427462,1
2014,48,63500,0.24870308208727496,1,0.30609631147540983,1,0.0938890536932661,1
2014,48,64472,0.6008902077151336,1,0.6677218320308635,1,0.5700949621760824,1
2014,48,65000,0.6517980955902746,1,0.7338885814962579,1,0.27878958820211136,1
2014,48,70808,0.06519208381839348,1,0.10620364126770061,1,0.024052287581699347,1
2014,48,72176,0.9097744360902256,1,0.8020118884316415,1,0.5532100108813928,1
2014,48,74144,0.7323628219484882,1,0.8399484024608057,1,0.4422304354812791,1
2014,48,76000,0.909992486851991,1,0.9060184485105096,1,0.4500144885540423,1
2014,48,79000,0.8006386861313869,1,0.7655198923697867,1,0.5540277777777778,1
2014,49,43660,0.12686567164179105,1,0.2701998262380539,1,0.1367707941287166,1
2014,49,44320,0,1,0,1,0,1
2014,49,55980,0.6861111111111111,1,0.8135935397039031,1,0.36643818227976643,1
2014,49,57300,0.25,1,0.32767312284425576,1,0.1490289664252798,1
2014,49,62470,0.35294117647058826,1,0.48137660640383356,1,0.20114942528735633,1
2014,49,65330,0,3,0,1,0,1
2014,49,67000,0.6004566210045662,1,0.6732297687861272,1,0.16995526686684234,1
2014,49,67440,0.038461538461538464,1,0.0979175897208684,1,0.031139468756501837,1
2014,49,70850,0,1,0,1,0,1
2014,49,82950,0.12698412698412698,1,0.27197802197802196,1,0.1291474299784549,1
2014,49,83470,0.8738636363636364,1,0.8259348713250604,1,0.6924573157553491,1
2014,51,01000,0.12299657842607599,1,0.19473489974166563,1,0.034903763286411954,1
2014,51,16000,0.29426964584283327,1,0.1998005319148936,1,0.07132356668525372,1
2014,51,35000,0.34079662529406995,1,0.311128526645768,1,0.2099644128113879,1
2014,51,47672,0.6058746163963175,1,0.5501022494887525,1,0.28330404217926186,1
2014,51,56000,0.6385833280345902,1,0.5707573244886678,1,0.36642453591606133,1
2014,51,57000,0.7996140564696324,1,0.7713194739075095,1,0.6103266888150609,1
2014,51,64000,0.7695728713054758,1,0.7064220183486238,1,0.6705733291099145,1
2014,51,67000,0.7286619232039389,1,0.6018268942797245,1,0.21852440964150252,1
2014,51,68000,0.7077511398735108,1,0.673036093418259,1,0.2536470588235294,1
2014,51,76432,0.21447351946913734,1,0.13650306748466257,1,0.08829093966785789,1
2014,51,82000,0.23966599549923012,1,0.14683989714440385,1,0.04979112566331715,1
2014,53,03180,0.5290659699542782,1,0.5767133956386293,1,0.4310962227099457,1
2014,53,05210,0,1,0,1,0,1
2014,53,05280,0.2578616352201258,1,0.37223451327433627,1,0.17263183011214508,1
2014,53,22640,0.6551433389544689,1,0.7360846193861627,1,0.42380402946658385,1
2014,53,23515,0.6767567567567567,1,0.7762796504369538,1,0.5799210143421326,1
2014,53,35275,0.6476190476190476,1,0.6919459141681364,1,0.4405095541401274,1
2014,53,35415,0.6862034902864669,1,0.7381989832970225,1,0.4211187055377319,1
2014,53,35940,0,1,0,1,0,1
2014,53,53545,0.6,1,0.7732997481108312,1,0.3926080892608089,1
2014,53,57745,0.38425925925925924,1,0.3262531860662702,1,0.11242930059318526,1
2014,53,63000,0.5903984637542007,1,0.5733009195645281,1,0.102886220879383,1
2014,53,67000,0.610079575596817,1,0.5935984481086324,1,0.42487929565464355,1
2014,53,67167,0.4,1,0.361323155216285,1,0.27040816326530615,1
2014,53,70000,0.7779566744730679,1,0.795189593815192,1,0.5425227996923415,1
2014,53,74060,0.5986013986013986,1,0.7075354863294274,1,0.48552838231994616,1
2014,53,80010,0.7751196172248804,1,0.9120417429016738,1,0.599442967464236,1
2014,55,02375,0.29638854296388545,1,0.37508196721311476,1,0.15609570831750855,1
2014,55,31000,0.654,1,0.6470986296734901,1,0.22049046321525886,1
2014,55,39225,0.6950998185117967,1,0.64,1,0.39589275527666856,1
2014,55,48000,0.3686274509803922,1,0.3626331811263318,1,0.17696061932009424,1
2014,55,53000,0.969809812336952,1,0.9444959229058562,1,0.7822314766614611,1
2014,55,66000,0.823422440443717,1,0.8352505361668942,1,0.6771316446664288,1
