year,state,place,share_meps20_black,share_meps20_black_quality,share_meps20_hispanic,share_meps20_hispanic_quality,share_meps20_white,share_meps20_white_quality
2022,01,03076,0,1,0,1,0,1
2022,01,07000,0.9269047832720093,1,0.8226059654631083,1,0.11328125,1
2022,01,35896,0,1,0,1,0,1
2022,01,37000,0.5886251236399604,1,0.5788293897882939,1,0.12566789971228937,1
2022,01,50000,0.8632766125840918,1,0.7431340872374798,1,0.6189418680600914,1
2022,01,51000,0.882182052937379,1,0.9376790830945558,1,0.44201995012468825,1
2022,01,77256,0.7817946302402261,1,0.7315010570824524,1,0.2287756925826631,1
2022,02,03000,0.20645905420991925,1,0.15623561895996319,1,0.040776417759107696,1
2022,04,04720,0.38490041685965726,1,0.41354115927910373,1,0.32256596906278434,1
2022,04,07940,0.36876215165262477,1,0.36840034621134626,1,0.20486313337216075,1
2022,04,12000,0.12075061191188469,1,0.16793589452148217,1,0.03065134099616858,1
2022,04,23620,0.11702127659574468,1,0.1614550095724314,1,0.04408307210031348,1
2022,04,27400,0,1,7.054673721340387e-5,1,2.963928984261537e-5,1
2022,04,27820,0.5539074607040071,1,0.5153838394028044,1,0.18699348679958236,1
2022,04,28380,0.15997706422018348,1,0.17499173006946742,1,0.12598298828438453,1
2022,04,46000,0.33925487293362944,1,0.36990491019296,1,0.09207798682725865,1
2022,04,54050,0.4076470588235294,1,0.42820330549138086,1,0.11690626797009776,1
2022,04,55000,0.6346103177530695,1,0.7181268904088723,1,0.16468474288829218,1
2022,04,65000,0.14269406392694065,1,0.1963924477410654,1,0.02091225943324746,1
2022,04,71510,0.1305347901092582,1,0.1340085287846482,1,0.057064233470924756,1
2022,04,73000,0.30535653360627774,1,0.2425773356132442,1,0.08273244781783681,1
2022,04,77000,0.6080905548339209,1,0.6549176077437198,1,0.25694776809929487,1
2022,04,85540,0.5530546623794212,1,0.5938767982294356,1,0.4031630801140783,1
2022,05,23290,0.28,1,0.227997227997228,1,0.10486674391657011,1
2022,05,24550,0.8679369250985546,1,0.8658488326078354,1,0.6180659670164917,1
2022,05,35710,0.8325635103926097,1,0.7796193984039288,1,0.38655689026859225,1
2022,05,41000,0.5868406873016824,1,0.697765019479188,1,0.20751813585403386,1
2022,05,66080,0.6634799235181644,1,0.7951296005903514,1,0.5037978381536664,1
2022,06,00562,0,1,0,1,0,1
2022,06,00884,0.17391304347826086,1,0.18054077070470514,1,0.15137614678899083,1
2022,06,02000,0.204,1,0.2586024070833996,1,0.08704385671242049,1
2022,06,02252,0.22743484224965707,1,0.2586454391230589,1,0.19741935483870968,1
2022,06,02364,0.5249320036264733,1,0.41413784991766645,1,0.2884912745747736,1
2022,06,03526,0.5830974524868581,1,0.5785393619681579,1,0.2803738317757009,1
2022,06,04982,0.39215686274509803,1,0.3760724499523356,1,0.34080717488789236,1
2022,06,06000,0,1,0,1,0,1
2022,06,08786,0.2825278810408922,1,0.2696528152545422,1,0.09663250366032211,1
2022,06,08954,0,1,0.0025996533795493936,1,0.002017000432214378,1
2022,06,11194,0,1,0,1,0,1
2022,06,11530,0.3360323886639676,1,0.24283559577677225,1,0.02631578947368421,1
2022,06,13014,0.2064516129032258,1,0.16675062972292193,1,0.09088711626782693,1
2022,06,13210,0.08346709470304976,1,0.18001330967169477,1,0.06587615283267458,1
2022,06,13214,0,1,0,1,0,1
2022,06,13392,0.02506393861892583,1,0.06704371056670266,1,0.020396912899669238,1
2022,06,13588,0.1396011396011396,1,0.11648661343353688,1,0.059311489008710076,1
2022,06,14218,0.06060606060606061,1,0.06236243580337491,1,0.027479604980678404,1
2022,06,15044,0.7355564172159752,1,0.7256484912652197,1,0.7021276595744681,1
2022,06,16000,0.09807692307692308,1,0.17915386433467265,1,0.029309679907443115,1
2022,06,16350,0.0070967741935483875,1,0.04841535276317885,1,0.004248861911987861,1
2022,06,16532,0.19811320754716982,1,0.318620178041543,1,0.06647517439474764,1
2022,06,17918,0,1,0,1,0,1
2022,06,19766,0,1,0,1,0,1
2022,06,21712,0.5684438040345822,1,0.3610271903323263,1,0.322961104140527,1
2022,06,22020,0,1,0,1,0,1
2022,06,22230,0.7014925373134329,1,0.7887873876528658,1,0.5408163265306123,1
2022,06,22804,0.07416267942583732,1,0.11448130595050027,1,0.015402451142762504,1
2022,06,23182,0.18165271204950856,1,0.24273504273504273,1,0.06136638452237001,1
2022,06,24638,0,1,0,1,0,1
2022,06,24680,0.09408495434696308,1,0.15961098398169338,1,0.08933107535986452,1
2022,06,26000,0,1,0,1,0,1
2022,06,27000,0.7272948921126418,1,0.7404521582686228,1,0.3090367428003972,1
2022,06,28000,0.08571428571428572,1,0.10761777136377693,1,0.018799710773680405,1
2022,06,29000,0.34375,1,0.3625279920378204,1,0.10694444444444444,1
2022,06,30000,0,1,0,1,2.924831822170225e-4,1
2022,06,32548,0.3197729422894986,1,0.26858068997453116,1,0.0773067331670823,1
2022,06,33000,0.023121387283236993,1,0.034245187436676795,1,0.029605263157894735,1
2022,06,33182,0.509399636143117,1,0.5147802550039177,1,0.41193680514921005,1
2022,06,33434,0.5833333333333334,1,0.5579718123761286,1,0.4253915910964551,1
2022,06,36000,0.02702702702702703,1,0.07162777043886687,1,9.09826122118884e-4,1
2022,06,36448,0.42028985507246375,1,0.41886949293433084,1,0.175054704595186,1
2022,06,36546,0.5795356835769562,1,0.5190355329949239,1,0.37333333333333335,1
2022,06,36770,0,1,0,1,0,1
2022,06,37692,0.15492957746478872,1,0.21870424597364568,1,0.08966015907447578,1
2022,06,39496,0,1,0,1,0,1
2022,06,39892,0.07811691670977755,1,0.1255294117647059,1,0.0393574297188755,1
2022,06,40130,0.6094403236682401,1,0.5775398478755874,1,0.3925555208007507,1
2022,06,41992,0,1,0,1,0,1
2022,06,43000,0.46700294241277845,1,0.4801569121521017,1,0.06107514776245426,1
2022,06,44000,0.8083890577507599,1,0.722495894909688,1,0.15353260869565216,1
2022,06,45484,0.11962616822429907,1,0.18768132113367553,1,0.09773235388054935,1
2022,06,46842,0,1,0,1,0,1
2022,06,46898,0.4061624649859944,1,0.4672136442922669,1,0.2865651886168101,1
2022,06,47766,0,1,0,1,0,1
2022,06,48256,0,1,0,1,0,1
2022,06,48354,0.1931179775280899,1,0.27697594501718215,1,0.09198753392982809,1
2022,06,49270,0.2089928057553957,1,0.2721448467966574,1,0.1619718309859155,1
2022,06,49670,0,1,0,1,0,1
2022,06,50076,0,1,0,1,0,1
2022,06,50258,0.125,1,0.14589470987575254,1,0.02616516762060507,1
2022,06,51182,0,1,0,1,0,1
2022,06,52526,0.19318181818181818,1,0.15826854784528266,1,0.1,1
2022,06,53000,0.4952123230641132,1,0.4464817880794702,1,0.11738550466874166,1
2022,06,53322,0.06481481481481481,1,0.14366121683194855,1,0.030071150489998658,1
2022,06,53896,0.03689469638739431,1,0.016943674976915974,1,0.003179650238473768,1
2022,06,53980,0.20224719101123595,1,0.3142366084216557,1,0.08772748483434438,1
2022,06,54652,0.07177033492822966,1,0.21625946868665316,1,0.10494141619969434,1
2022,06,55156,0.31257078142695355,1,0.29942019472705395,1,0.19460959175584622,1
2022,06,56000,0.2757130509939499,1,0.31577488217355143,1,0.09250302297460701,1
2022,06,56700,0.2512144344205413,1,0.3907953976988494,1,0.26005361930294907,1
2022,06,57456,0.22202998846597463,1,0.144809497515185,1,0.1857707509881423,1
2022,06,57792,0,1,0,1,0,1
2022,06,58072,0.43979721166032953,1,0.4494487840008864,1,0.3008,1
2022,06,59444,0.46200980392156865,1,0.45162287480680063,1,0.2678151918559123,1
2022,06,59451,0.043671354552183565,1,0.04766241651487553,1,0.016354208216992423,1
2022,06,59920,0.4456140350877193,1,0.42014162077104644,1,0.3065048440327904,1
2022,06,60102,0.04504504504504504,1,0.09810725552050473,1,0.005351996706463565,1
2022,06,60466,0.3746525847693163,1,0.4293114612562055,1,0.34341637010676157,1
2022,06,60620,0.357495881383855,1,0.2519166666666667,1,0.16898954703832753,1
2022,06,62000,0.14472843450479234,1,0.17901146472575044,1,0.05091748693644428,1
2022,06,62938,0,1,0,1,0,1
2022,06,64000,0.5221051392241125,1,0.49253217406275557,1,0.23135987915914907,1
2022,06,64224,0.21264367816091953,1,0.3332855586768331,1,0.16767371601208458,1
2022,06,65000,0.6965601965601965,1,0.6907828769764751,1,0.46561541830924225,1
2022,06,65042,0.08092485549132948,1,0.10689818095913065,1,0.041514930808448654,1
2022,06,66000,0.3316440300020272,1,0.25785761923005973,1,0.02248841390837491,1
2022,06,67000,0.214848412508952,1,0.135629098043265,1,0.034999337133766406,1
2022,06,68000,0.001148105625717566,1,4.899713919929191e-4,1,1.9546520719311962e-4,1
2022,06,68084,0.0925,1,0.0456903431763767,1,0.019204389574759947,1
2022,06,68196,0.14705882352941177,1,0.16500280426247896,1,0.011560693641618497,1
2022,06,68252,0,1,0.0016274864376130199,1,7.945967421533572e-4,1
2022,06,68378,0,1,0,1,0,1
2022,06,69000,0.3739495798319328,1,0.5401415075048055,1,0.06990179087232813,1
2022,06,69070,0.08860759493670886,1,0.06245278267438932,1,0.002133560913164071,1
2022,06,69084,0.003205128205128205,1,0.0017002671848433326,1,0,1
2022,06,69088,0,1,0,1,0,1
2022,06,69196,0.20279720279720279,1,0.4866116822957858,1,0.09935287400076133,1
2022,06,70000,0,1,0,1,0,1
2022,06,70098,0.002008032128514056,1,9.745401388719698e-4,1,4.633383528321557e-4,1
2022,06,72016,0.0023619722468261,1,0.039850006355662895,1,0.005915568701263781,1
2022,06,73080,1,2,1,1,1,3
2022,06,75000,0.5686274509803921,1,0.633083108725191,1,0.4162111215834119,1
2022,06,77000,0,1,0,1,0,1
2022,06,78120,0,1,0,1,0,1
2022,06,78582,0,1,0,1,0,1
2022,06,80000,0,1,0,1,0,1
2022,06,80238,0.04240631163708087,1,0.07522774022920953,1,0.022138228941684664,1
2022,06,80854,0.19718309859154928,1,0.333477821124115,1,0.057678943710910355,1
2022,06,81344,0.28005657708628007,1,0.2574772431729519,1,0.08415354330708662,1
2022,06,81554,0.001182033096926714,1,5.20471894517696e-4,1,1.9447685725398678e-4,1
2022,06,81666,0.40306288693385467,1,0.34344223854932,1,0.25316455696202533,1
2022,06,82590,0.5659352596132957,1,0.4711174475197876,1,0.40674007340674007,1
2022,06,82954,0.45,1,0.3966952958102629,1,0.23599726775956284,1
2022,06,82996,0.05603448275862069,1,0.19902870522938168,1,0.0577305905773059,1
2022,06,84200,0.06769230769230769,1,0.0859124403987863,1,0.023090586145648313,1
2022,06,84550,0.08139534883720931,1,0.13388197511039743,1,0.08679245283018867,1
2022,06,85292,0.008547008547008548,1,0.01674889639054791,1,0.002318840579710145,1
2022,08,03455,0.29365079365079366,1,0.2805957263112454,1,0.07594610829829229,1
2022,08,04000,0.5487081005586593,1,0.6529419447528244,1,0.21087323349504325,1
2022,08,07850,0.088,1,0.1413292589763178,1,0.021965182848463605,1
2022,08,12815,0,1,0,1,0,1
2022,08,16000,0.3512674599068805,1,0.3507166932108597,1,0.10953988576767097,1
2022,08,20000,0.6675675675675675,1,0.7772421373339247,1,0.20782889426957224,1
2022,08,27425,0.07272727272727272,1,0.17884972170686456,1,0.036327882425998756,1
2022,08,32155,0.5655913978494623,1,0.46344647519582244,1,0.221521268925739,1
2022,08,43000,0.13032886723507917,1,0.29770992366412213,1,0.06327639751552795,1
2022,08,45970,0.10457516339869281,1,0.351228978007762,1,0.07452525976352561,1
2022,08,46465,0.12413793103448276,1,0.13580246913580246,1,0.05978327042493608,1
2022,08,62000,0.35892857142857143,1,0.41491284699806324,1,0.27167325428194994,1
2022,08,77290,0.2752808988764045,1,0.3492615117289314,1,0.09538422196650045,1
2022,08,83835,0.1983640081799591,1,0.47899671252891757,1,0.10387919812548815,1
2022,09,08000,0.9148660887566309,1,0.8944281524926686,1,0.8503401360544217,1
2022,09,18430,0.10609756097560975,1,0.1170076726342711,1,0.08039017827110663,1
2022,09,37000,0.5628505443747938,1,0.7274410947628357,1,0.5788630904723779,1
2022,09,52000,0.6792593513110476,1,0.6438075742067554,1,0.3810728744939271,1
2022,09,55990,0,1,0,1,0,1
2022,09,73000,0,1,0,1,0,1
2022,09,80000,0.730844793713163,1,0.7366405415033844,1,0.4734439834024896,1
2022,11,50000,0.6251503798164507,1,0.16241860465116278,1,0.033918031424058526,1
2022,12,07300,0.04108527131782946,1,0.012231532312433785,1,0.007616834495223341,1
2022,12,07875,0.6894174888498446,1,0.5426226057672069,1,0.21117292535929533,1
2022,12,10275,0.3158236057068742,1,0.293352865775499,1,0.18857189973614777,1
2022,12,12875,0.6624438087454025,1,0.5587449933244326,1,0.34273127753303967,1
2022,12,14400,0.2279282448118185,1,0.17713398861872737,1,0.11405266170578134,1
2022,12,16475,0.4492159227985525,1,0.20842876775080166,1,0.13649387861422246,1
2022,12,16725,0.92180345191969,1,0.8641188959660298,1,0.8682080924855491,1
2022,12,17200,0.6231060606060606,1,0.647487684729064,1,0.613849765258216,1
2022,12,17935,0,1,0,1,0,1
2022,12,24000,0.8558912110979283,1,0.7373756335648582,1,0.3116585505585792,1
2022,12,24125,0.45692826486817906,1,0.4357088024564995,1,0.17289719626168223,1
2022,12,25175,0.3448275862068966,1,0.1399506781750925,1,0.08717884759291594,1
2022,12,30000,0.42657342657342656,1,0.5953628504060781,1,0.39080459770114945,1
2022,12,32000,0.7227604710090922,1,0.5932584269662922,1,0.32300163132137033,1
2022,12,32275,0.8202214452214452,1,0.6422450904021976,1,0.48541510845175767,1
2022,12,35000,0.586252039615983,1,0.3883338091159958,1,0.22626975169300226,1
2022,12,36950,0.39822476305100046,1,0.33529448387498445,1,0.2879849598359255,1
2022,12,38250,0.46392552366175327,1,0.47942132136778587,1,0.31885018681451127,1
2022,12,39425,0.4331941544885177,1,0.3628230616302187,1,0.30588783594842317,1
2022,12,43975,0.6836842105263158,1,0.48989672204759765,1,0.3423804780876494,1
2022,12,45000,0.7064510751791966,1,0.293408297789841,1,0.09786651008025053,1
2022,12,45025,0.09859154929577464,1,0.12,1,0.042028018679119414,1
2022,12,45060,0.9005328596802842,1,0.830477908025248,1,0.7608695652173914,1
2022,12,45975,0.6793434285053751,1,0.40081442699243747,1,0.422177009155646,1
2022,12,49675,0.056451612903225805,1,0.08779679734953065,1,0.0704577409779722,1
2022,12,53000,0.6156628685114849,1,0.2926189532929878,1,0.12239269091535943,1
2022,12,54000,0.400547195622435,1,0.3518624641833811,1,0.30838794233289646,1
2022,12,54200,0.17993311036789297,1,0.16674864731923267,1,0.12538989394884592,1
2022,12,55775,0.2660733466318858,1,0.11583063646170443,1,0.08561749307052664,1
2022,12,57425,0.5524462899440332,1,0.27516556291390726,1,0.166584280771132,1
2022,12,58050,0.9317226890756303,1,0.8868827496193169,1,0.6536523929471033,1
2022,12,58715,0,1,0,1,0,1
2022,12,63000,0,1,0,1,0,1
2022,12,69700,0.8452409784451441,1,0.6272935779816514,1,0.591304347826087,1
2022,12,70600,0.5285448660560568,1,0.3413087345056212,1,0.10204864574541549,1
2022,12,71000,0.5477136049018495,1,0.48309070044776453,1,0.15919640009920985,1
2022,12,76600,0.840019730351858,1,0.8220871327254305,1,0.504426600782376,1
2022,13,03440,0.5973943438195106,1,0.6188582788980403,1,0.5058852378616969,1
2022,13,04000,0.5961759759228114,1,0.31398777418194895,1,0.040135736016849985,1
2022,13,04204,0.7781404711386758,1,0.7335203366058906,1,0.4718253968253968,1
2022,13,19000,0.771189591078067,1,0.6165925925925926,1,0.32112567463377023,1
2022,13,42425,0,1,0,1,0,1
2022,13,49008,0.8531118443508932,1,0.7706364209199748,1,0.5107392607392608,1
2022,13,67284,0.11084905660377359,1,0.1371822033898305,1,0.027408238499759575,1
2022,13,68516,0,1,0,1,0,1
2022,13,69000,0.7716488376262476,1,0.6339044183949504,1,0.3436265709156194,1
2022,13,72122,NA,NA,NA,NA,NA,NA
2022,13,80508,0.7582499073044123,1,0.6954201867496665,1,0.4561544650040225,1
2022,15,71550,NA,NA,NA,NA,NA,NA
2022,16,08830,0,1,0.0037051482059282373,1,0.0010955385138453403,1
2022,16,52120,0,1,0,1,0,1
2022,16,56260,0,1,0.04144879479658207,1,0.032471240923553885,1
2022,17,02154,0,1,0,1,0,1
2022,17,03012,0.3391255605381166,1,0.6118410961705608,1,0.06960248263632333,1
2022,17,06613,0.2972488038277512,1,0.2128874388254486,1,0.12035782054757387,1
2022,17,12385,0.4694974469228702,1,0.5147651006711409,1,0.2721518987341772,1
2022,17,14000,0.9231424075395768,1,0.8387809801131664,1,0.3139658253294617,1
2022,17,14351,0.5081967213114754,1,0.5518765508684863,1,0.2786885245901639,1
2022,17,23074,0.5300813008130081,1,0.5718779222987334,1,0.24343675417661098,1
2022,17,24582,0,1,0,1,0,1
2022,17,38570,0.5142066884586372,1,0.5187049152826707,1,0.16410122619358206,1
2022,17,51622,0.0045377197958026095,1,0,1,7.100759781296599e-5,1
2022,17,59000,0.8092201408263584,1,0.7140504939626784,1,0.3989887382210986,1
2022,17,65000,0.5924841957387029,1,0.5586898239888098,1,0.43750874737578727,1
2022,17,68003,0,1,0,1,0,1
2022,17,72000,0.6340350877192983,1,0.5389908256880734,1,0.550010269049086,1
2022,17,79293,0.8975937325125909,1,0.9087942136367646,1,0.805352798053528,1
2022,18,05860,0.23338485316846985,1,0.14536928487690504,1,0.07808648890880573,1
2022,18,10342,0,1,0,1,0,1
2022,18,22000,0.6374709976798144,1,0.4732142857142857,1,0.20705300061868426,1
2022,18,23278,0,1,0,1,0,1
2022,18,25000,0.5834986579530868,1,0.5923013245033113,1,0.2279690113566335,1
2022,18,31000,0.6334902488231339,1,0.6112355678097535,1,0.6426690079016681,1
2022,18,36003,NA,NA,NA,NA,NA,NA
2022,18,71000,0.6413252240717029,1,0.5896110290497292,1,0.42426160337552743,1
2022,19,12000,0.3220293724966622,1,0.24551971326164876,1,0.12253863654193144,1
2022,19,19000,0.29085406859448554,1,0.23852748361069087,1,0.13773362518942583,1
2022,19,21000,0.3076211045973465,1,0.2650150931612366,1,0.109043250327654,1
2022,19,73335,0.1228878648233487,1,0.20145322434150773,1,0.04684351914036266,1
2022,20,36000,0.4594274097916314,1,0.4814121422840332,1,0.2534707614640303,1
2022,20,38900,0,1,0,1,0,1
2022,20,52575,0.01884191176470588,1,0.0702183734939759,1,0.008715300193673338,1
2022,20,53775,0,1,0,1,0,1
2022,20,71000,0.3455645161290323,1,0.34598992638512205,1,0.10834115939554341,1
2022,20,79000,0.6160224089635854,1,0.6993529118964659,1,0.399321958539432,1
2022,21,46027,0.5944747964127409,1,0.5949737708917897,1,0.2836646963997851,1
2022,21,48006,0.7843659317318336,1,0.7760432766615147,1,0.5975656263903897,1
2022,22,05000,0.8812903577364248,1,0.8781346858269935,1,0.27522300164544905,1
2022,22,40735,0.7754817090198268,1,0.6167146974063401,1,0.42763237979306146,1
2022,22,41155,0.804135687732342,1,0.6651376146788991,1,0.2532492600694891,1
2022,22,55000,0.9061456522339045,1,0.8187399502996638,1,0.2390488110137672,1
2022,22,70000,0.7980714442252904,1,0.6845528455284553,1,0.41759053954175906,1
2022,24,04000,0.5548044757180759,1,0.401871318008548,1,0.09408641256910096,1
2022,24,30325,0.045850137974952236,1,0.03606853020739405,1,0.015885729542117207,1
2022,25,07000,0.6156488549618321,1,0.5413575158010443,1,0.08820286659316427,1
2022,25,09000,0.3248629270350063,1,0.2824452435436417,1,0.24348253812100346,1
2022,25,11000,0,1,0,1,0,1
2022,25,23000,0.4334023464458247,1,0.534955185659411,1,0.328704387649579,1
2022,25,34550,0.7461928934010152,1,0.7559049566382289,1,0.7053140096618358,1
2022,25,37000,0.4085808580858086,1,0.4380257102047294,1,0.2988639673754733,1
2022,25,37490,0.38663823738450603,1,0.48244099021301096,1,0.33829201101928374,1
2022,25,45000,0.5387142186766776,1,0.5454545454545454,1,0.35062997347480107,1
2022,25,45560,0,1,0,1,0,1
2022,25,55745,0,1,0,1,0,1
2022,25,62535,0.20100502512562815,1,0.13080808080808082,1,0.07675791733762748,1
2022,25,67000,0.6149055845721173,1,0.6573700838871337,1,0.5841584158415841,1
2022,25,82000,0.3022084463386284,1,0.4291907514450867,1,0.2361498897869214,1
2022,26,03000,0.0869047619047619,1,0.04223064428803465,1,0.05772374335921537,1
2022,26,21000,0.7131816230141692,1,0.6063394683026585,1,0.3796408446995629,1
2022,26,22000,0.9820196205861418,1,0.8419031563173176,1,0.813314447592068,1
2022,26,27440,0,1,0,1,0,1
2022,26,29000,0.9706444154016286,1,0.8521850899742931,1,0.7728452751817237,1
2022,26,34000,0.6512431521281079,1,0.6902297399646554,1,0.15887284112715888,1
2022,26,46000,0.7900485436893204,1,0.8205574912891986,1,0.665727037820061,1
2022,26,49000,0.306989674344718,1,0.05723905723905724,1,0.026371308016877638,1
2022,26,69035,0,1,0,1,0,1
2022,26,74900,0.7760991086266807,1,0.7913043478260869,1,0.9490196078431372,1
2022,26,76460,0.25981524249422633,1,0.14013840830449828,1,0.18515736498159693,1
2022,26,80700,0.003654970760233918,1,0,1,0.0030077154439649536,1
2022,26,84000,0.7608440797186401,1,0.5456475583864119,1,0.28961175236096537,1
2022,26,86000,0.46511627906976744,1,0.319755600814664,1,0.3459265512874631,1
2022,26,88940,0.45171588188347966,1,0.544026653974298,1,0.23546944858420268,1
2022,27,06616,0.0780767534186149,1,0,1,0,1
2022,27,07966,0.13853317811408614,1,0.025602409638554216,1,0.008726003490401396,1
2022,27,17000,0.12718204488778054,1,0.04834605597964377,1,0.03239338149615474,1
2022,27,43000,0.39922795611540024,1,0.12005191434133679,1,0.04214997549420029,1
2022,27,51730,0.05157297576070139,1,0.010486177311725452,1,0.009534750143595635,1
2022,27,54880,0.19397076735688185,1,0.048138056312443236,1,0.01740139211136891,1
2022,27,58000,NA,NA,NA,NA,NA,NA
2022,27,71428,0,1,0,1,0,1
2022,28,36000,0.9905346516095778,1,0.9902597402597403,1,1,1
2022,29,15670,0.4362077660110943,1,0.39787234042553193,1,0.18721549636803875,1
2022,29,35000,0.45142378559463986,1,0.4838885854724194,1,0.33852761961841976,1
2022,29,38000,0.7188542279772415,1,0.5238061945046494,1,0.1633337807005771,1
2022,29,41348,0.06698374950455807,1,0.06422018348623854,1,0.024663496413315063,1
2022,29,54074,0,1,0,1,0,1
2022,29,65000,0.8697720190257504,1,0.4930643127364439,1,0.07996589940323956,1
2022,29,70000,0.5170556552962298,1,0.450989010989011,1,0.34543819214121085,1
2022,30,06550,0.1848341232227488,1,0.15254237288135594,1,0.06147392782237651,1
2022,31,28000,0.38182412553121936,1,0.35525321239606955,1,0.14699935141734385,1
2022,31,37000,0.7890664182847317,1,0.784811204291005,1,0.2153156518490848,1
2022,32,31900,0.19814421032283008,1,0.17155702792238522,1,0.07267354502654513,1
2022,32,40000,0.4415457484399669,1,0.4791493643391043,1,0.15786752570144563,1
2022,32,51800,0.1726446676231468,1,0.23768996960486322,1,0.12206855081178593,1
2022,32,60600,0.249811320754717,1,0.22975574539766574,1,0.05255784995330497,1
2022,32,68400,0.24955752212389382,1,0.29103641456582635,1,0.08902644907146877,1
2022,33,45140,0.06425992779783393,1,0.06333853354134165,1,0.025916654395523486,1
2022,33,50260,0,1,0,1,0,1
2022,34,13690,0.2198581560283688,1,0.24269964243146602,1,0.163559620119592,1
2022,34,21000,0.8897129186602871,1,0.843888354186718,1,0.7600838135149293,1
2022,34,36000,0.7009871441689624,1,0.5292191435768262,1,0.493453195231581,1
2022,34,51000,0.9531835205992509,1,0.8436422789418645,1,0.7568325157673441,1
2022,34,57000,0.8325437317784257,1,0.7861836832825774,1,0.8271375464684015,1
2022,34,74000,0.8094609875612514,1,0.8620214232686393,1,0.6936416184971098,1
2022,35,02000,0.6728232189973615,1,0.7166675314343036,1,0.40863865152756645,1
2022,35,39380,0.949671772428884,1,0.9508274984086569,1,0.894302655323537,1
2022,35,63460,0.10875331564986737,1,0.19073672295066504,1,0.13679969301611666,1
2022,35,70500,0.3891891891891892,1,0.6446917808219178,1,0.2782577393808495,1
2022,36,01000,0.568280617598561,1,0.42451154529307283,1,0.10948466011630238,1
2022,36,11000,0.8816961945696614,1,0.8248071216617211,1,0.46387715139647534,1
2022,36,50617,0.06490765171503958,1,0.18419003115264798,1,0.024171888988361683,1
2022,36,51000,0.8355591650123323,1,0.7979689527132824,1,0.1680446465481604,1
2022,36,63000,0.8055160229670707,1,0.7208062513693128,1,0.1815046089800773,1
2022,36,73000,0.8464710844502765,1,0.8284817351598174,1,0.5511436648676433,1
2022,36,84000,0.7161847014925373,1,0.7100130890052356,1,0.4774273345701917,1
2022,37,02140,0.1857429718875502,1,0.2791828793774319,1,0.11946321321321321,1
2022,37,10740,0.04705215419501134,1,0.04088934321492461,1,0.010316108271815257,1
2022,37,12000,0.5247548058061985,1,0.5722990820409551,1,0.10695147365287287,1
2022,37,14100,0.17884095116047274,1,0.19207317073170732,1,0.10133519330410522,1
2022,37,19000,0.496410822749862,1,0.5091223768659408,1,0.09827278141751042,1
2022,37,22920,0.6735166872682324,1,0.6000936183491964,1,0.4413923487544484,1
2022,37,25580,0.5583646059648429,1,0.544409313020983,1,0.30359765051395005,1
2022,37,28000,0.6283935000486524,1,0.6484848484848484,1,0.13268775872264932,1
2022,37,28080,0.5732182156763163,1,0.5380281690140845,1,0.12603036876355747,1
2022,37,31400,0.6848739495798319,1,0.720946416144746,1,0.3607257203842049,1
2022,37,55000,0.2838197728137399,1,0.2881725114354171,1,0.04801248857752056,1
2022,37,74440,0.626933575978162,1,0.5020756457564576,1,0.21748050882232253,1
2022,37,75000,0.6781718186990328,1,0.6327599102468212,1,0.0958904109589041,1
2022,38,25700,0.13946869070208728,1,0.11165048543689321,1,0.03807415605976757,1
2022,39,01000,0.8153227919979034,1,0.781011781011781,1,0.40864739056485544,1
2022,39,15000,0.7009025756426877,1,0.6111223662884927,1,0.1354775577472768,1
2022,39,16000,0.8616333462443763,1,0.800519357884797,1,0.4155324259407526,1
2022,39,18000,0.8745586756763076,1,0.7719430992736077,1,0.46648887334411754,1
2022,39,21000,0.8647851727042966,1,0.7518177411536597,1,0.4872282608695652,1
2022,39,61000,0.21045197740112995,1,0.1570182394924663,1,0.16499575191163976,1
2022,39,77000,0.7523655041903217,1,0.6174,1,0.37614201886652304,1
2022,40,09050,0.03490990990990991,1,0.060650615695644186,1,0.004901553543241672,1
2022,40,23200,0,1,0,1,0,1
2022,40,41850,0.6867012089810017,1,0.681583943585571,1,0.5915237134207871,1
2022,40,52500,0.45740740740740743,1,0.42837653478854026,1,0.3212805636137588,1
2022,40,55000,0.5287744641192917,1,0.46224759645090335,1,0.16337510873417313,1
2022,40,75000,0.6906196600413707,1,0.5739445607228547,1,0.39897314375987364,1
2022,41,05350,0.16200466200466201,1,0.11637080867850098,1,0.05035317860746721,1
2022,41,05800,0.05102040816326531,1,0.012291052114060964,1,0.008703432568732716,1
2022,41,23850,0.08806818181818182,1,0.10759493670886076,1,0.07107540173053152,1
2022,41,31250,0,1,2.3299161230195712e-4,1,1.69061707523246e-4,1
2022,41,34100,0,1,0.039700805523590336,1,0.01098901098901099,1
2022,41,47000,0.3230769230769231,1,0.26591564055541,1,0.21692865779927448,1
2022,41,59000,0.2603917821309126,1,0.21103600675939166,1,0.07725840926988413,1
2022,41,64900,0.3314917127071823,1,0.4747200103579983,1,0.2175,1
2022,42,02000,0.7818566890222379,1,0.8217958364685227,1,0.2021877205363444,1
2022,42,06088,0.2722222222222222,1,0.37172699957075406,1,0.09635036496350365,1
2022,42,24000,0.6543693797555914,1,0.4938988959907031,1,0.23909786950732356,1
2022,42,60000,0.8968048504410001,1,0.821773605541378,1,0.5049963441384353,1
2022,42,61000,0.711309066707623,1,0.369812706573632,1,0.14738368261499935,1
2022,42,63624,0.72915398660986,1,0.833720114415241,1,0.21767197901956828,1
2022,42,69000,0.7959641255605381,1,0.7746085011185683,1,0.7528483786152498,1
2022,44,19180,0,1,0,1,0,1
2022,44,54640,0.5733333333333334,1,0.39063992359121297,1,0.32711496746203905,1
2022,44,59000,0.8799037304452467,1,0.9129202335733319,1,0.7857833655705996,1
2022,44,74300,0,1,0,1,0,1
2022,45,13330,0.5388556789069172,1,0.32697547683923706,1,0.13401780846810832,1
2022,45,16000,0.7823124346540722,1,0.7097329888027563,1,0.404124765638316,1
2022,45,48535,0,1,0,1,0,1
2022,45,50875,0.7664388932452112,1,0.834256329113924,1,0.416751012145749,1
2022,46,59020,0.36358261897723915,1,0.34607438016528924,1,0.10532074167914315,1
2022,47,14000,0.9042840185604835,1,0.949578567128236,1,0.5312833003501294,1
2022,47,15160,0.2592392478928031,1,0.21445457615670382,1,0.15603730778926142,1
2022,47,27740,0,1,0,1,0,1
2022,47,40000,0.42326643432279776,1,0.2941503404196193,1,0.0870254990192685,1
2022,47,48000,0.9183782341957856,1,0.9054385378357294,1,0.40338688666956146,1
2022,47,51560,0.17261904761904762,1,0.15372168284789645,1,0.05901239324471842,1
2022,47,52006,0.5984559533109691,1,0.45890865239674405,1,0.1689119170984456,1
2022,48,01000,0.623950508174989,1,0.5962371721778791,1,0.3934914506343078,1
2022,48,01924,0.07752545027407988,1,0.15367898168270724,1,0.028874629812438303,1
2022,48,03000,0.6803418803418804,1,0.6212138272717036,1,0.2645456796236692,1
2022,48,04000,0.5978403141361257,1,0.6459510955859002,1,0.2970116038785567,1
2022,48,05000,0.5813637598478675,1,0.6318128777648123,1,0.10029662957138022,1
2022,48,06128,0.5441254651780968,1,0.6251305255830143,1,0.5096573208722741,1
2022,48,07000,0.933807636887608,1,0.9238867794269935,1,0.5923866552609067,1
2022,48,10768,0.9827586206896551,1,0.9766054485482755,1,0.9368421052631579,1
2022,48,10912,0.7098849018280298,1,0.7280143255073617,1,0.5998707175177763,1
2022,48,13024,0.29866310160427806,1,0.537685408761642,1,0.18301731244847486,1
2022,48,13552,0,1,0,1,0,1
2022,48,15976,0.11324879755137734,1,0.13331702544031312,1,0.042862514099511216,1
2022,48,16432,0.32196857396975986,1,0.4335855281870414,1,0.30228966018535347,1
2022,48,17000,0.575015309246785,1,0.5627209347996858,1,0.25544718821332224,1
2022,48,19000,0.9059005939902166,1,0.930367843573207,1,0.33624515345447753,1
2022,48,19972,0.5491307634164777,1,0.5346509565437729,1,0.3406184953910199,1
2022,48,22660,0.883177570093458,1,0.6747516686813475,1,0.7518115942028986,1
2022,48,24000,0.7451715191697895,1,0.8182317839195979,1,0.670187661535004,1
2022,48,26232,0,1,0,1,0,1
2022,48,27000,0.6707035755478662,1,0.7549394639498037,1,0.29703941803417355,1
2022,48,27684,0.02688562708908589,1,0.07521270561542824,1,0.013324513324513324,1
2022,48,29000,0.6434689507494646,1,0.737149672033393,1,0.5678853966217661,1
2022,48,30464,0.8019707942538288,1,0.9313549649437469,1,0.7593885011631771,1
2022,48,35000,0.8391752577319588,1,0.871676253840645,1,0.36449776155083236,1
2022,48,37000,0.6660387052577497,1,0.8240663586091963,1,0.6297645739910314,1
2022,48,39148,0.6067751869775627,1,0.6448963629253031,1,0.587555336940482,1
2022,48,41464,0.5757575757575758,1,0.7648732869089637,1,0.4691358024691358,1
2022,48,41980,0.02002503128911139,1,0.07453897412056408,1,0.017466462591158728,1
2022,48,42508,0.36006591595715465,1,0.351859256297481,1,0.10881444523639819,1
2022,48,43888,0.7812796208530806,1,0.7579801623083859,1,0.48598130841121495,1
2022,48,45000,0.7618512693776679,1,0.6273485077527751,1,0.33472190079456915,1
2022,48,45384,0.415929203539823,1,0.35899720545947916,1,0.27416666666666667,1
2022,48,45744,0.05142109199700823,1,0.1466275659824047,1,0.022256765350102452,1
2022,48,47892,0.8754180602006689,1,0.8914829954907497,1,0.7971014492753623,1
2022,48,48072,0.41432865731462926,1,0.451508209240168,1,0.2231100184388445,1
2022,48,48768,0.5217391304347826,1,0.7816674470487784,1,0.5417515274949084,1
2022,48,50820,0.025806451612903226,1,0.0341187759889114,1,0.03476195616970744,1
2022,48,53388,0.3884673748103187,1,0.49772888573456353,1,0.2844812997123033,1
2022,48,56000,0.6992592592592592,1,0.8030817445808305,1,0.4782423208191126,1
2022,48,56348,0.05728234336859235,1,0.01701244813278008,1,0.013709361535448493,1
2022,48,57200,0.59375,1,0.7684015198374128,1,0.6613545816733067,1
2022,48,58016,0.15667054327961455,1,0.28600661104989766,1,0.07227964964885979,1
2022,48,61796,0.45211648153707595,1,0.35923165137614677,1,0.158072126727334,1
2022,48,63500,0.16561466786895102,1,0.19542760372565623,1,0.07560780122896073,1
2022,48,64472,0.5666003976143141,1,0.6139066788655078,1,0.4758393169027751,1
2022,48,65000,0.5944446833211506,1,0.6315244689493631,1,0.27048260381593714,1
2022,48,70808,0.060435132957292505,1,0.08931419457735247,1,0.013020833333333334,1
2022,48,72176,0.8094108343218663,1,0.7239243807040417,1,0.5086876155268022,1
2022,48,74144,0.7237206085753803,1,0.8317154959406989,1,0.44792993630573247,1
2022,48,76000,0.9205276174773289,1,0.8942235558889723,1,0.4229785874081176,1
2022,48,79000,0.6040955631399317,1,0.5684007707129094,1,0.35996518711923414,1
2022,49,43660,0,1,0,1,0,1
2022,49,44320,0,1,0,1,0,1
2022,49,55980,0.19186046511627908,1,0.274456827648317,1,0.07000328911303585,1
2022,49,57300,0,1,0,1,0,1
2022,49,62470,0,1,0,1,0,1
2022,49,65330,0,3,0,1,0,1
2022,49,67000,0.422920892494929,1,0.41950248756218905,1,0.05954352365181079,1
2022,49,67440,0.20463320463320464,1,0.13649677797305212,1,0.02451543706427641,1
2022,49,70850,0,1,0,1,0,1
2022,49,82950,0,1,0,1,0,1
2022,49,83470,0.18118811881188118,1,0.1708587587438607,1,0.16716551930559712,1
2022,51,01000,0.18228054114535652,1,0.1898526108158457,1,0.0964047550014497,1
2022,51,16000,0.2560375146541618,1,0.1779508687837028,1,0.07243043087971275,1
2022,51,35000,0.5154240564848281,1,0.5571327182398864,1,0.5700286806883366,1
2022,51,47672,0.7710030253665348,1,0.5189473684210526,1,0.45862582429270365,1
2022,51,56000,0.6907179633867276,1,0.6705937794533459,1,0.6547993705743509,1
2022,51,57000,0.7285053335046909,1,0.6057534246575342,1,0.4290079079798706,1
2022,51,64000,0.5482539682539682,1,0.48473748473748474,1,0.31729459827507944,1
2022,51,67000,0.7325788009888752,1,0.7138353449828859,1,0.30574495865370666,1
2022,51,68000,0.8105678233438486,1,0.6953872932985204,1,0.3583293326932309,1
2022,51,76432,0.09797979797979799,1,0.06812227074235808,1,0.032397408207343416,1
2022,51,82000,0.15861107422653034,1,0.07242308556029643,1,0.018296572330211164,1
2022,53,03180,0.13537735849056604,1,0.05589041095890411,1,0.07415694422247084,1
2022,53,05210,0,1,0,1,0,1
2022,53,05280,0.07386363636363637,1,0.10235888795282225,1,0.03353768481788676,1
2022,53,22640,0.024111675126903553,1,0.02156891712217462,1,0.017850973165956466,1
2022,53,23515,0.24476110645431684,1,0.2228011671529804,1,0.14473217452997517,1
2022,53,35275,0.2669039145907473,1,0.3035691764409131,1,0.12212127614620748,1
2022,53,35415,0.23060029282576866,1,0.25243111831442466,1,0.1563269876819709,1
2022,53,35940,0,1,0,1,0,1
2022,53,53545,0.12751677852348994,1,0.3069321319575643,1,0.03835547756329907,1
2022,53,57745,0.004709576138147566,1,7.070469007777516e-4,1,0.00225140712945591,1
2022,53,63000,0.18458351504579154,1,0.06876069666767341,1,0.020973469814079798,1
2022,53,67000,0.3287316652286454,1,0.27786642352404833,1,0.17830225398959698,1
2022,53,67167,0.07407407407407407,1,0.09816440542697526,1,0.02991079237362253,1
2022,53,70000,0.19826566811194324,1,0.1368540601930721,1,0.08199173671463171,1
2022,53,74060,0.11973684210526316,1,0.13150463896732553,1,0.07038535235256546,1
2022,53,80010,0.373134328358209,1,0.46321726336439434,1,0.1889336639801612,1
2022,55,02375,0.032133676092544985,1,0.04492087799897907,1,0.020492573792066177,1
2022,55,31000,0.32532751091703055,1,0.32097662647015035,1,0.0691832439405255,1
2022,55,39225,0.42496050552922593,1,0.3496899911426041,1,0.14633524537922243,1
2022,55,48000,0.3042482299042066,1,0.24626990779547359,1,0.11220924428471599,1
2022,55,53000,0.9198095643385287,1,0.8158945686900958,1,0.4262250576896973,1
2022,55,66000,0.5865947972814624,1,0.4889240506329114,1,0.2423945044160942,1
2021,01,03076,0,1,0,1,0,1
2021,01,07000,0.9340644702957108,1,0.8326474622770919,1,0.11802911534154535,1
2021,01,35896,0,1,0,1,0,1
2021,01,37000,0.7135175227146301,1,0.653705636743215,1,0.2282974095313427,1
2021,01,50000,0.8554115134356529,1,0.7340909090909091,1,0.6215809284818068,1
2021,01,51000,0.9180186321290615,1,0.9534883720930233,1,0.5262593783494105,1
2021,01,77256,0.777970297029703,1,0.6836461126005362,1,0.23148705599036726,1
2021,02,03000,0.2927777777777778,1,0.21748154981549817,1,0.06405588169725793,1
2021,04,04720,0.32609721566776784,1,0.30479500638388424,1,0.19782608695652174,1
2021,04,07940,0.18763326226012794,1,0.16777583187390543,1,0.09057652911911034,1
2021,04,12000,0.17390132111081155,1,0.17039072768550603,1,0.03659729012431904,1
2021,04,23620,0.18181818181818182,1,0.19395866454689983,1,0.09883613523000184,1
2021,04,27400,0,1,1.3975263783103906e-4,1,0,1
2021,04,27820,0.4697524219590958,1,0.437107352433552,1,0.1838348026063626,1
2021,04,28380,0.1663619744058501,1,0.10990422798411587,1,0.09397108581974777,1
2021,04,46000,0.24248398225726958,1,0.23707429702317143,1,0.06658364888561336,1
2021,04,54050,0.4261294261294261,1,0.4359927470534905,1,0.11860529986052999,1
2021,04,55000,0.5730011886919221,1,0.6273645153234151,1,0.16965563199466885,1
2021,04,65000,0.11904761904761904,1,0.14674191893278604,1,0.030251938918059638,1
2021,04,71510,0.040523690773067333,1,0.03181348340415757,1,0.024006001500375095,1
2021,04,73000,0.25081967213114753,1,0.17830102967898243,1,0.05913209346685742,1
2021,04,77000,0.6056653000372717,1,0.5756023222060958,1,0.26678970252432044,1
2021,04,85540,0.7907692307692308,1,0.8129608621667612,1,0.6532072578584206,1
2021,05,23290,0.2728921124206709,1,0.2087912087912088,1,0.10418445772843724,1
2021,05,24550,0.8439306358381503,1,0.8636,1,0.554643313264003,1
2021,05,35710,0.8202115158636898,1,0.7245233399079553,1,0.3367986138877782,1
2021,05,41000,0.5752584545295252,1,0.6481560891938251,1,0.1840277777777778,1
2021,05,66080,0.6233009708737864,1,0.7887742774835053,1,0.4876861397479954,1
2021,06,00562,0.02295552367288379,1,0.012013729977116704,1,0.004969826056088037,1
2021,06,00884,0.16417910447761194,1,0.18273684210526317,1,0.15283842794759825,1
2021,06,02000,0.2864476386036961,1,0.335348219170944,1,0.13246590374666875,1
2021,06,02252,0.24769190187285678,1,0.29437516582647916,1,0.21626399528579845,1
2021,06,02364,0.55,1,0.49924433249370276,1,0.39676198486122793,1
2021,06,03526,0.6674606325261347,1,0.6618492542937365,1,0.31356005538248527,1
2021,06,04982,0.7771929824561403,1,0.8156853043047996,1,0.6666666666666666,1
2021,06,06000,0,1,0,1,0,1
2021,06,08786,0.33797909407665505,1,0.3337419015934162,1,0.10881542699724518,1
2021,06,08954,0,1,0.0017032148179689163,1,7.376807317792859e-4,1
2021,06,11194,0,1,0,1,0,1
2021,06,11530,0.2694922031187525,1,0.163211582757486,1,0.07692307692307693,1
2021,06,13014,0.19444444444444445,1,0.19229788319306299,1,0.10651240458015267,1
2021,06,13210,0.09359605911330049,1,0.26686442540101074,1,0.103125,1
2021,06,13214,0,1,0,1,0,1
2021,06,13392,0.02906350914962325,1,0.07452678040913335,1,0.017521676300578035,1
2021,06,13588,0.1783625730994152,1,0.22122641509433963,1,0.13602015113350127,1
2021,06,14218,0.11032531824611033,1,0.12734844979176307,1,0.05735841256717652,1
2021,06,15044,0.9756827534605312,1,0.969361147327249,1,0.9622641509433962,1
2021,06,16000,0.08752327746741155,1,0.2292911540714704,1,0.02808389619623178,1
2021,06,16350,0.010526315789473684,1,0.07604844254058914,1,0.0067498165810711665,1
2021,06,16532,0.2662337662337662,1,0.3662420382165605,1,0.104496253122398,1
2021,06,17918,0,1,0,1,0,1
2021,06,19766,0,1,4.216962732591851e-4,1,0,1
2021,06,21712,0.6360424028268551,1,0.42766599597585514,1,0.3525131722003847,1
2021,06,22020,0.016189962223421478,1,0.014808362369337979,1,0.004119464469618949,1
2021,06,22230,0.7162162162162162,1,0.8628987129266927,1,0.6666666666666666,1
2021,06,22804,0.1688888888888889,1,0.3087864791098047,1,0.038795878943979394,1
2021,06,23182,0.2735714285714286,1,0.32153862501328234,1,0.100942872989462,1
2021,06,24638,0,1,0,1,0,1
2021,06,24680,0.19603267211201866,1,0.308311514678848,1,0.2233733941152093,1
2021,06,26000,0,1,0,1,0,1
2021,06,27000,0.7628619286910744,1,0.7794564766075996,1,0.3341839989792012,1
2021,06,28000,0.16417910447761194,1,0.208989898989899,1,0.03884156729131175,1
2021,06,29000,0.49019607843137253,1,0.6214748534402962,1,0.19826007326007325,1
2021,06,30000,0,1,0,1,0,1
2021,06,32548,0.5978858350951374,1,0.4297378104875805,1,0.12564102564102564,1
2021,06,33000,0.09494451294697903,1,0.16705768699972398,1,0.14302059496567507,1
2021,06,33182,0.5978687605159843,1,0.585887332165791,1,0.5233106338397067,1
2021,06,33434,0.6386603995299648,1,0.6480681752749468,1,0.5476011052499372,1
2021,06,36000,0.023923444976076555,1,0.07440350134123959,1,7.616871370084737e-4,1
2021,06,36448,0.427536231884058,1,0.40883654890169546,1,0.1675178753830439,1
2021,06,36546,0.6010825439783491,1,0.5442843150972436,1,0.46774193548387094,1
2021,06,36770,0.013844515441959531,1,0.006516780710329097,1,0.0033404472487705296,1
2021,06,37692,0.14114832535885166,1,0.29843373493975905,1,0.13159746657283602,1
2021,06,39496,0.020618556701030927,1,0.10286727756429205,1,0.005506141465480729,1
2021,06,39892,0.08892276422764228,1,0.14906832298136646,1,0.036523009495982466,1
2021,06,40130,0.6322936273191718,1,0.6147991750957478,1,0.4236608421655686,1
2021,06,41992,0,1,0,1,0,1
2021,06,43000,0.5246678068675175,1,0.5187810259238831,1,0.08681497558328811,1
2021,06,44000,0.7189411480111967,1,0.8196437826885926,1,0.23855763770584895,1
2021,06,45484,0.18994413407821228,1,0.24865470852017937,1,0.1424706943192065,1
2021,06,46842,0,1,0,1,0,1
2021,06,46898,0.5871647509578544,1,0.6201058201058202,1,0.43238840013033564,1
2021,06,47766,0,1,0,1,0,1
2021,06,48256,0,1,0,1,0,1
2021,06,48354,0.3198040587823653,1,0.4114148681055156,1,0.18437351119580753,1
2021,06,49270,0.2629510539478385,1,0.30792310644384746,1,0.17100538599640933,1
2021,06,49670,0,1,0,1,0,1
2021,06,50076,0,1,0,1,0,1
2021,06,50258,0.15942028985507245,1,0.20643701282373647,1,0.04916344916344916,1
2021,06,51182,0,1,0,1,0,1
2021,06,52526,0.3978102189781022,1,0.32161703731624575,1,0.21587301587301588,1
2021,06,53000,0.543473974763407,1,0.47364748378622445,1,0.16392020815264527,1
2021,06,53322,0.07030430220356768,1,0.14307806091575337,1,0.026769391486027683,1
2021,06,53896,0.06094627105052125,1,0.06951358757707239,1,0.023993808049535603,1
2021,06,53980,0.17791411042944785,1,0.37199924981245314,1,0.11449341208541572,1
2021,06,54652,0.18899521531100477,1,0.36477155480303713,1,0.25285171102661597,1
2021,06,55156,0.5523554364813574,1,0.5450965961361546,1,0.3429097605893186,1
2021,06,56000,0.36035313001605135,1,0.37401574803149606,1,0.13322884012539185,1
2021,06,56700,0.35339943342776203,1,0.4979083766962555,1,0.40100250626566414,1
2021,06,57456,0.3492877492877493,1,0.26650062266500624,1,0.29528985507246375,1
2021,06,57792,0,1,0,1,0,1
2021,06,58072,0.5628019323671497,1,0.6186084142394822,1,0.4119601328903654,1
2021,06,59444,0.47820965842167257,1,0.4925797284496369,1,0.3030651340996169,1
2021,06,59451,0.09065550906555091,1,0.11743559017375674,1,0.032005954596203944,1
2021,06,59920,0.5038167938931297,1,0.4553140096618358,1,0.31933214323217474,1
2021,06,60102,0.08333333333333333,1,0.1498069498069498,1,0.007864726700747149,1
2021,06,60466,0.6031317494600432,1,0.5615509761388287,1,0.5561224489795918,1
2021,06,60620,0.34388489208633094,1,0.26707007931965,1,0.19254658385093168,1
2021,06,62000,0.18683385579937303,1,0.2668993211588106,1,0.08371665133394664,1
2021,06,62938,0,1,0,1,0,1
2021,06,64000,0.6244900304545193,1,0.577634011090573,1,0.32299741602067183,1
2021,06,64224,0.17297297297297298,1,0.46649906784927403,1,0.21377459749552774,1
2021,06,65000,0.7574118589743589,1,0.8228744134255945,1,0.5337837837837838,1
2021,06,65042,0.07303370786516854,1,0.0925181013676589,1,0.025596072931276297,1
2021,06,66000,0.3630300617161059,1,0.28063302159687703,1,0.025184213182598163,1
2021,06,67000,0.29914933837429114,1,0.25359083328850396,1,0.06878099712868703,1
2021,06,68000,0.0069065794256633955,1,0.012611475021703102,1,0.001401242841476788,1
2021,06,68084,0.0860655737704918,1,0.04786701381934708,1,0.018963337547408345,1
2021,06,68196,0.06060606060606061,1,0.16313699536730641,1,0.011234377194214296,1
2021,06,68252,0.018867924528301886,1,0.002184200946487077,1,0,1
2021,06,68378,0,1,0,1,0,1
2021,06,69000,0.4409090909090909,1,0.7421905970030921,1,0.07242729306487695,1
2021,06,69070,0.0449438202247191,1,0.12484548825710753,1,0.010561192793539035,1
2021,06,69084,0,1,0,1,0,1
2021,06,69088,0,1,0,1,0,1
2021,06,69196,0.27631578947368424,1,0.523944200267533,1,0.1111905613156954,1
2021,06,70000,0,1,0,1,0,1
2021,06,70098,0,1,3.0622243998040176e-4,1,0.001011804384485666,1
2021,06,72016,0.0025252525252525255,1,0.05582117354858739,1,0.007772670288340995,1
2021,06,73080,0.5851851851851851,1,0.6055209260908282,1,0.7309644670050761,1
2021,06,75000,0.6281985009046265,1,0.7029137946468534,1,0.4718771566597654,1
2021,06,77000,0,1,0,1,0,1
2021,06,78120,0,1,0,1,0,1
2021,06,78582,0.013333333333333334,1,0.05583501006036217,1,0.0021442495126705653,1
2021,06,80000,0.07374631268436578,1,0.10103848503359804,1,0.007992692395524092,1
2021,06,80238,0.049760765550239235,1,0.11178509532062392,1,0.03267813267813268,1
2021,06,80854,0.15920398009950248,1,0.33542405235887646,1,0.05206349206349206,1
2021,06,81344,0.356,1,0.34236453201970446,1,0.10664172123479888,1
2021,06,81554,0.0012004801920768306,1,5.337128624799857e-4,1,1.9036740909956216e-4,1
2021,06,81666,0.5296535525543159,1,0.48010269576379977,1,0.3884093711467324,1
2021,06,82590,0.6535743973399833,1,0.5602990956398727,1,0.4643304130162703,1
2021,06,82954,0.5225225225225225,1,0.467264017033357,1,0.28675754625121713,1
2021,06,82996,0.27715355805243447,1,0.3754300579004783,1,0.16019417475728157,1
2021,06,84200,0.08163265306122448,1,0.11972731146144014,1,0.04671532846715328,1
2021,06,84550,0.45714285714285713,1,0.44617912900575185,1,0.360313315926893,1
2021,06,85292,0.09375,1,0.12325581395348838,1,0.034288926363125354,1
2021,08,03455,0.18099547511312217,1,0.2094295937697327,1,0.060890715423970475,1
2021,08,04000,0.3184862983906046,1,0.3816034597471723,1,0.10324410389093443,1
2021,08,07850,0,1,0,1,0,1
2021,08,12815,0.005546751188589541,1,0.08574380165289257,1,0.006863882443928848,1
2021,08,16000,0.30172711571675304,1,0.2941154534606205,1,0.11706353247917219,1
2021,08,20000,0.3084520725388601,1,0.32441281677612277,1,0.09923481587757053,1
2021,08,27425,0.07407407407407407,1,0.14625488107916224,1,0.02818765625765969,1
2021,08,32155,0.61328125,1,0.48302044221944096,1,0.24555998550199348,1
2021,08,43000,0.15061058344640435,1,0.3029878618113912,1,0.0674996071035675,1
2021,08,45970,0.11801242236024845,1,0.24134675896790433,1,0.04265711494627157,1
2021,08,46465,0.046357615894039736,1,0.05517941773865945,1,0.029691350780424834,1
2021,08,62000,0.43636363636363634,1,0.5041857423152387,1,0.345703125,1
2021,08,77290,0.2018348623853211,1,0.19267444969254077,1,0.04829026363873662,1
2021,08,83835,0.10495049504950495,1,0.21336445154157965,1,0.05630252100840336,1
2021,09,08000,0.9194048357098574,1,0.9001087463103931,1,0.85107421875,1
2021,09,18430,0.16443361753958588,1,0.2197936464838447,1,0.11480552070263488,1
2021,09,37000,0.7193774319066147,1,0.836811393531797,1,0.6343772760378733,1
2021,09,52000,0.6766836916498397,1,0.6716873600651333,1,0.3916786226685796,1
2021,09,55990,0.0751201923076923,1,0.09473013851297564,1,0.020078881319469343,1
2021,09,73000,0.023424878836833602,1,0.049587824984147114,1,0.016092475067996374,1
2021,09,80000,0.7428427925665495,1,0.7497668345457937,1,0.5097623089983022,1
2021,11,50000,0.6848889824266021,1,0.23913472286146362,1,0.05075139544869042,1
2021,12,07300,0.03727200634417129,1,0.010994502748625687,1,0.00613857506693659,1
2021,12,07875,0.4942212438084755,1,0.3319112627986348,1,0.20066815144766148,1
2021,12,10275,0.3672939649578196,1,0.33399503722084367,1,0.22978654592496767,1
2021,12,12875,0.6954166666666667,1,0.6131320064058567,1,0.40949957591178965,1
2021,12,14400,0.14744175422567382,1,0.0933119315141787,1,0.044241670123047146,1
2021,12,16475,0.13580246913580246,1,0.09066582716826696,1,0.05022376926902039,1
2021,12,16725,0.433800889497092,1,0.3227561196736174,1,0.23943661971830985,1
2021,12,17200,0.6764305177111717,1,0.7086120401337793,1,0.6836902800658978,1
2021,12,17935,0,1,0,1,0,1
2021,12,24000,0.872475626740947,1,0.7593486127864898,1,0.3794940079893475,1
2021,12,24125,0.4415468958364202,1,0.4217221135029354,1,0.17050107233378825,1
2021,12,25175,0.4698823808958061,1,0.2019900497512438,1,0.160880195599022,1
2021,12,30000,0.6498300145701797,1,0.7419597132127006,1,0.5943562610229277,1
2021,12,32000,0.5480265949922195,1,0.42317673378076065,1,0.23323909531502424,1
2021,12,32275,0.8126269956458636,1,0.645019404915912,1,0.49261447562776955,1
2021,12,35000,0.6346230027730094,1,0.4426313893035466,1,0.27116402116402116,1
2021,12,36950,0.692214663643235,1,0.6331240825759705,1,0.5759136212624585,1
2021,12,38250,0.5236686390532544,1,0.5286868848523646,1,0.3686576750160565,1
2021,12,39425,0.5127055306427504,1,0.40677429566318457,1,0.336144061740746,1
2021,12,43975,0.7053376906318083,1,0.5094513600737667,1,0.33652173913043476,1
2021,12,45000,0.7725921426973117,1,0.4601153944508375,1,0.1608925425719319,1
2021,12,45025,0.27927927927927926,1,0.28093330190902666,1,0.0793854033290653,1
2021,12,45060,0.9050157499394234,1,0.8062405636638148,1,0.8229166666666666,1
2021,12,45975,0.38135785649409626,1,0.2292893600314095,1,0.17046580773042616,1
2021,12,49675,0.23842917251051893,1,0.28050896471949105,1,0.26710526315789473,1
2021,12,53000,0.6434548254620123,1,0.3683236046528062,1,0.16679549944172464,1
2021,12,54000,0.4906166219839142,1,0.4632665452337584,1,0.40027567195037905,1
2021,12,54200,0.35030549898167007,1,0.30361050328227573,1,0.25352806038726616,1
2021,12,55775,0.11723100075244544,1,0.0631786102062975,1,0.04848847650404071,1
2021,12,57425,0.312468019785093,1,0.16971713810316139,1,0.11267605633802817,1
2021,12,58050,0.8936802973977696,1,0.7687235044747998,1,0.44952978056426335,1
2021,12,58715,0,1,0,1,0,1
2021,12,63000,0,2,0,1,0,1
2021,12,69700,0.42306783266367287,1,0.20733590733590734,1,0.15157116451016636,1
2021,12,70600,0.44823624814164076,1,0.2914811516770555,1,0.09339339339339339,1
2021,12,71000,0.5510285095633345,1,0.5212254935760418,1,0.17447748513169073,1
2021,12,76600,0.8185434764959,1,0.6480027787426189,1,0.38856548856548856,1
2021,13,03440,0.8921337729627885,1,0.9196299508528476,1,0.7450025627883137,1
2021,13,04000,0.1414582391206039,1,0.3143562504675694,1,0.02617652079895294,1
2021,13,04204,0.9254542460339243,1,0.8890521675238795,1,0.7825278810408922,1
2021,13,19000,0.8355303683626956,1,0.6785058175137784,1,0.39358652812611966,1
2021,13,42425,0,1,0,1,0,1
2021,13,49008,0.9619379137183292,1,0.9352861035422343,1,0.6781664656212304,1
2021,13,67284,0.1505720823798627,1,0.2809196617336152,1,0.0273950910530483,1
2021,13,68516,0,1,0,1,0,1
2021,13,69000,0.8837278635740266,1,0.8147314248954648,1,0.5132042253521126,1
2021,13,72122,NA,NA,NA,NA,NA,NA
2021,13,80508,0.7581941078944012,1,0.6876750700280112,1,0.4584516373272762,1
2021,15,71550,NA,NA,NA,NA,NA,NA
2021,16,08830,0.07197763801537387,1,0.011726647796198949,1,0.010300874462724173,1
2021,16,52120,0,1,0,1,0,1
2021,16,56260,0,1,0,1,0,1
2021,17,02154,0,1,0,1,0,1
2021,17,03012,0.3330527497194164,1,0.6528134965538525,1,0.07751937984496124,1
2021,17,06613,0.2914147521160822,1,0.22240527182866557,1,0.11972013474993522,1
2021,17,12385,0.3912683061619232,1,0.43897216274089934,1,0.1954664914586071,1
2021,17,14000,0.9303066274326223,1,0.8536130898080394,1,0.31189568484446656,1
2021,17,14351,0.7741935483870968,1,0.8234937476316787,1,0.944954128440367,1
2021,17,23074,0.7197149643705463,1,0.7082110207162627,1,0.36149110807113544,1
2021,17,24582,0,1,0,1,0,1
2021,17,38570,0.5171909290416972,1,0.5303487592219986,1,0.1736803697397227,1
2021,17,51622,0.003006614552014432,1,6.557377049180328e-4,1,3.436426116838488e-4,1
2021,17,59000,0.8198329577091343,1,0.7403409090909091,1,0.4028331119964586,1
2021,17,65000,0.5382585751978892,1,0.5383876006247748,1,0.38045654785742894,1
2021,17,68003,0,1,0,1,0,1
2021,17,72000,0.5497076023391813,1,0.4863013698630137,1,0.42781939663899576,1
2021,17,79293,0.8838196286472149,1,0.8937666123638858,1,0.7647058823529411,1
2021,18,05860,0.10597014925373134,1,0.05590851334180432,1,0.016508914813999558,1
2021,18,10342,0,1,0,1,0,1
2021,18,22000,0.5160341276846131,1,0.3874538745387454,1,0.20671851951186804,1
2021,18,23278,0,1,0,1,0,1
2021,18,25000,0.5392903150251785,1,0.5388720611567864,1,0.19752498810090433,1
2021,18,31000,0.9862466725820763,1,0.9881191432396251,1,0.9842814371257484,1
2021,18,36003,NA,NA,NA,NA,NA,NA
2021,18,71000,0.7156303039654375,1,0.6578171091445427,1,0.5397979797979798,1
2021,19,12000,0.22119944211994422,1,0.11913814955640051,1,0.08292313517606967,1
2021,19,19000,0.30515463917525776,1,0.2738821138211382,1,0.17660184890022315,1
2021,19,21000,0.308685089583966,1,0.2812467094872065,1,0.11764705882352941,1
2021,19,73335,0.17005695687550854,1,0.25098851440406705,1,0.0785963798031121,1
2021,20,36000,0.7222874392084522,1,0.7784090909090909,1,0.37323795497580475,1
2021,20,38900,0,1,0,1,0,1
2021,20,52575,0.020937642239417388,1,0.09248889747055417,1,0.010364057239057239,1
2021,20,53775,0,1,0,1,0,1
2021,20,71000,0.48554913294797686,1,0.4212860310421286,1,0.13925900455600446,1
2021,20,79000,0.6467549966314844,1,0.7389652475136886,1,0.4052284044165404,1
2021,21,46027,0.6533856317093312,1,0.6302254877121864,1,0.3365797465703215,1
2021,21,48006,0.8186404035551285,1,0.8325358851674641,1,0.6434381115459883,1
2021,22,05000,0.7955940074078169,1,0.7644754768392371,1,0.21941818849224556,1
2021,22,40735,0.7128900692402542,1,0.5782537067545305,1,0.3591194195055959,1
2021,22,41155,0.7932624567695657,1,0.6335931963146705,1,0.24301450832885546,1
2021,22,55000,0.8732558139534884,1,0.6761395091345267,1,0.2029778848259251,1
2021,22,70000,0.8366289376789854,1,0.6887254901960784,1,0.3913478369592398,1
2021,24,04000,0.7722959514804288,1,0.7055082103512783,1,0.29477289237900856,1
2021,24,30325,0.08206618962432916,1,0.18437351119580753,1,0.024575163398692812,1
2021,25,07000,0.5617424242424243,1,0.5387651536509727,1,0.07227615965480043,1
2021,25,09000,0.4170601519195237,1,0.4271356783919598,1,0.3334845735027223,1
2021,25,11000,0.23168392788645953,1,0.19486768243785085,1,0.042825768667642754,1
2021,25,23000,0.6290849673202614,1,0.6584714056654195,1,0.4702517162471396,1
2021,25,34550,1,1,1,1,1,1
2021,25,37000,0.6339522546419099,1,0.6365156328373182,1,0.5083142201834863,1
2021,25,37490,0.6601307189542484,1,0.6630570595585172,1,0.4338781575037147,1
2021,25,45000,0.62279843444227,1,0.6473053892215569,1,0.49083665338645416,1
2021,25,45560,0,1,0,1,0,1
2021,25,55745,0,1,0,1,0,1
2021,25,62535,0.386046511627907,1,0.49476439790575916,1,0.22684931506849315,1
2021,25,67000,0.7142291707896299,1,0.7676238738738739,1,0.6724738675958188,1
2021,25,82000,0.543605788032851,1,0.5579567779960707,1,0.33868866695614414,1
2021,26,03000,0.06339622641509433,1,0.0387906446092413,1,0.060631057950092805,1
2021,26,21000,0.726442507264425,1,0.6263269639065817,1,0.5912132372010996,1
2021,26,22000,0.9692573719567247,1,0.9769811320754717,1,0.8410874439461884,1
2021,26,27440,0,1,0,1,0,1
2021,26,29000,0.9755114083398898,1,0.8682795698924731,1,0.7730246602918973,1
2021,26,34000,0.6458180034338975,1,0.6971872130873884,1,0.15640574611550864,1
2021,26,46000,0.6994488460213573,1,0.6760808926080892,1,0.5949720670391061,1
2021,26,49000,0.339705296694544,1,0.07990867579908675,1,0.026924651924651925,1
2021,26,69035,0.00423728813559322,1,0.008359456635318705,1,0.0038691134202962635,1
2021,26,74900,0.7836559775380523,1,0.7857142857142857,1,0.933184855233853,1
2021,26,76460,0.3586165048543689,1,0.15520282186948853,1,0.2606942243986749,1
2021,26,80700,0,1,0,1,0,1
2021,26,84000,0.7861208999728924,1,0.5936170212765958,1,0.3651739914044087,1
2021,26,86000,0.4537373737373737,1,0.32193158953722334,1,0.3491830749895266,1
2021,26,88940,0.4721508140531277,1,0.5657287822878229,1,0.2298474945533769,1
2021,27,06616,0.07452258965999069,1,0,1,1.849796522382538e-4,1
2021,27,07966,0.30319510537049627,1,0.19157088122605365,1,0.09151785714285714,1
2021,27,17000,0.1411764705882353,1,0.06313131313131314,1,0.03267744202389318,1
2021,27,43000,0.7237227672314944,1,0.48847867600254613,1,0.13298597194388778,1
2021,27,51730,0.04263565891472868,1,0.012170385395537525,1,0.011396011396011397,1
2021,27,54880,0.23167067307692307,1,0.0951048951048951,1,0.030041152263374487,1
2021,27,58000,NA,NA,NA,NA,NA,NA
2021,27,71428,0,1,0,1,0,1
2021,28,36000,0.9705734521361663,1,0.9773123909249564,1,0.7906976744186046,1
2021,29,15670,0.42468565563253785,1,0.3755725190839695,1,0.1890825069798787,1
2021,29,35000,0.49597968683876426,1,0.5448275862068965,1,0.38689896826941794,1
2021,29,38000,0.7162416217099885,1,0.5236454285504802,1,0.17261904761904762,1
2021,29,41348,0.07666385846672283,1,0.0907202216066482,1,0.02882205513784461,1
2021,29,54074,0,1,0,1,0,1
2021,29,65000,0.7918688305169818,1,0.41545189504373176,1,0.07549138980692294,1
2021,29,70000,0.5525114155251142,1,0.4640776699029126,1,0.35926826444367255,1
2021,30,06550,0.23148148148148148,1,0.19282511210762332,1,0.07588520845231296,1
2021,31,28000,0.1856267029972752,1,0.1677279080602578,1,0.04807110438729198,1
2021,31,37000,0.44840773188708105,1,0.524860017681977,1,0.08650452105797592,1
2021,32,31900,0.2953744036506949,1,0.23680775685250793,1,0.10961612654320987,1
2021,32,40000,0.5494594731766737,1,0.621348405329027,1,0.19178186526524238,1
2021,32,51800,0.20347003154574134,1,0.17648423005565864,1,0.1319526627218935,1
2021,32,60600,0.34558303886925795,1,0.3811364514882103,1,0.10560047327943206,1
2021,32,68400,0.30721649484536084,1,0.40036760730889825,1,0.12308920830481405,1
2021,33,45140,0.26857142857142857,1,0.30400994715573515,1,0.17042747021723897,1
2021,33,50260,0.1348973607038123,1,0.21868583162217659,1,0.10282642621813767,1
2021,34,13690,0.08665105386416862,1,0.18831168831168832,1,0.07257788428620336,1
2021,34,21000,0.7621336996336996,1,0.704764732076592,1,0.664321608040201,1
2021,34,36000,0.87894434882386685,1,0.7932753231393089,1,0.6967611336032389,1
2021,34,51000,0.9707104624488846,1,0.9596320694087404,1,0.9891225525743292,1
2021,34,57000,0.9356207341818853,1,0.9017236342389716,1,0.9952015355086372,1
2021,34,74000,0.9854771784232366,1,0.9905077262693157,1,0.797752808988764,1
2021,35,02000,0.7318141980718668,1,0.7657318335284437,1,0.47471019089912914,1
2021,35,39380,0.7531645569620253,1,0.834859504997122,1,0.7597122302158273,1
2021,35,63460,0.24930747922437674,1,0.2902666795032252,1,0.23389199255121043,1
2021,35,70500,0.4431818181818182,1,0.722569685738553,1,0.31330771917568984,1
2021,36,01000,0.8922639533143798,1,0.7659653008490218,1,0.2579766536964981,1
2021,36,11000,0.8942307692307693,1,0.8627865961199295,1,0.5734404443122086,1
2021,36,50617,0.16016640665626625,1,0.34519572953736655,1,0.06554549374730487,1
2021,36,51000,0.8774490429676473,1,0.8517518289894833,1,0.2142462945443078,1
2021,36,63000,0.8264113286447443,1,0.7409660631825845,1,0.23023554104477612,1
2021,36,73000,0.8996309963099631,1,0.8813460980562808,1,0.5948653725735754,1
2021,36,84000,0.7918017600741084,1,0.7894079768710165,1,0.5441398011449232,1
2021,37,02140,0.19524532119372787,1,0.3131043681227076,1,0.125772815354803,1
2021,37,10740,8.698173383589446e-4,1,5.263157894736842e-4,1,9.184423218221895e-5,1
2021,37,12000,0.5503853396230077,1,0.6038075496399739,1,0.1214622641509434,1
2021,37,14100,0.08857739337906352,1,0.11459802538787024,1,0.05045827303424988,1
2021,37,19000,0.47996963326325626,1,0.5155306612351785,1,0.08650163475011677,1
2021,37,22920,0.6184841534612177,1,0.554312047399605,1,0.4079092311081736,1
2021,37,25580,0.5251374705420268,1,0.48302709436312674,1,0.27320909557189266,1
2021,37,28000,0.6360160673667908,1,0.6332450649975927,1,0.132994555353902,1
2021,37,28080,0.6679828326180257,1,0.627497062279671,1,0.20604099244875945,1
2021,37,31400,0.6668795911849249,1,0.6850730317064482,1,0.3232830820770519,1
2021,37,55000,0.19868509602940415,1,0.1577602725143709,1,0.027895308346126482,1
2021,37,74440,0.6544789762340036,1,0.5487355757426958,1,0.2335230779781908,1
2021,37,75000,0.6483454851374089,1,0.6447236180904523,1,0.09963269054178145,1
2021,38,25700,0.16819571865443425,1,0.13642384105960265,1,0.043833498951087554,1
2021,39,01000,0.7263634198618719,1,0.562019758507135,1,0.31429939136976,1
2021,39,15000,0.783164454476312,1,0.6500444247001332,1,0.17118536399440987,1
2021,39,16000,0.9015698765712986,1,0.8191377497371188,1,0.4488888888888889,1
2021,39,18000,0.9061278615298716,1,0.836985964048264,1,0.5135461084550114,1
2021,39,21000,0.9293240627911977,1,0.7175360710321864,1,0.4320179372197309,1
2021,39,61000,0.27629513343799056,1,0.20067170445004198,1,0.17694543106231836,1
2021,39,77000,0.7704088517069222,1,0.6180758017492711,1,0.3890989512734537,1
2021,40,09050,0.036550542547115934,1,0.062066230418401744,1,0.005422726152329307,1
2021,40,23200,0,1,0,1,0,1
2021,40,41850,0.5163398692810458,1,0.4765005662514156,1,0.4131675499388504,1
2021,40,52500,0.4852941176470588,1,0.4747869318181818,1,0.3831072488342518,1
2021,40,55000,0.47372862286228623,1,0.42029487433207996,1,0.12718737847897338,1
2021,40,75000,0.6503396154214102,1,0.5519525989765688,1,0.3697369492629693,1
2021,41,05350,0.14391143911439114,1,0.11590546999468933,1,0.050616547334924426,1
2021,41,05800,0.019230769230769232,1,0.012709710218607015,1,0.009861122524447366,1
2021,41,23850,0.1782477341389728,1,0.28330350294042445,1,0.16905987537252776,1
2021,41,31250,0.2635135135135135,1,0.3176835081029552,1,0.21050950327423734,1
2021,41,34100,0.002403846153846154,1,0.04230143469900902,1,0.010503597122302158,1
2021,41,47000,0.4845360824742268,1,0.5500299580587178,1,0.31901267511674447,1
2021,41,59000,0.5352736475798798,1,0.4462351727694688,1,0.19002265098381682,1
2021,41,64900,0.28721174004192873,1,0.5029845851098721,1,0.18605319913731128,1
2021,42,02000,0.49294354838709675,1,0.5297962810179603,1,0.11094069529652352,1
2021,42,06088,0.2543491301739652,1,0.3682976853208321,1,0.0812142403051494,1
2021,42,24000,0.6572478750287158,1,0.523463687150838,1,0.2363124327010685,1
2021,42,60000,0.8779180976394383,1,0.7738887846961741,1,0.3862716009783088,1
2021,42,61000,0.6376411671521284,1,0.32556203164029973,1,0.12216295366593452,1
2021,42,63624,0.7859712230215827,1,0.879075438689498,1,0.2949990270480638,1
2021,42,69000,0.3698083067092652,1,0.36482179078527965,1,0.26926218350122516,1
2021,44,19180,0.12442396313364056,1,0.23861566484517305,1,0.05553209459459459,1
2021,44,54640,0.9506319115323855,1,0.8809192200557103,1,0.8838286375916634,1
2021,44,59000,0.9774024738344433,1,0.9843626954663067,1,0.9483901515151515,1
2021,44,74300,0,1,0,1,0,1
2021,45,13330,0.5188092901537456,1,0.2705649157581764,1,0.12983041423408395,1
2021,45,16000,0.7170623251810945,1,0.6212784588441331,1,0.32656342557332657,1
2021,45,48535,0,1,0,1,0,1
2021,45,50875,0.8529697100355719,1,0.8893718756792002,1,0.43102198598695335,1
2021,46,59020,0.41214622641509435,1,0.4002205071664829,1,0.13461976320582877,1
2021,47,14000,0.7226508825705528,1,0.7600257690449348,1,0.26020558002936856,1
2021,47,15160,0.29214110292476,1,0.2527651858567543,1,0.18483593501115006,1
2021,47,27740,0,1,0,1,0,1
2021,47,40000,0.45312129124139566,1,0.32909520993494973,1,0.09426393902928198,1
2021,47,48000,0.9195296036979131,1,0.9020342612419701,1,0.43930041152263377,1
2021,47,51560,0.22269654927072216,1,0.24076534679776773,1,0.07406226078081143,1
2021,47,52006,0.5379922849197093,1,0.4084402764067127,1,0.1583803177857509,1
2021,48,01000,0.5654545454545454,1,0.5380177685473636,1,0.34161766337512484,1
2021,48,01924,0.07828089025326171,1,0.15108834827144688,1,0.025532415578303328,1
2021,48,03000,0.6980184203181692,1,0.5593461669894065,1,0.24471133329269038,1
2021,48,04000,0.4688806425853727,1,0.5920989548374724,1,0.22612675510045768,1
2021,48,05000,0.6112886048988285,1,0.6490561649676344,1,0.08973198472982014,1
2021,48,06128,0.7042995839112344,1,0.7493861042900477,1,0.6378998189499094,1
2021,48,07000,0.883261105092091,1,0.8826566951566952,1,0.48959608323133413,1
2021,48,10768,0.96,1,0.9893101686254471,1,0.9488859764089121,1
2021,48,10912,0.6257406188281764,1,0.6492403038784487,1,0.4419713831478537,1
2021,48,13024,0.4031909140075717,1,0.4995649147232858,1,0.17501025851456709,1
2021,48,13552,0,1,0,1,0,1
2021,48,15976,0.05834464043419267,1,0.05463364820015318,1,0.02366565961732125,1
2021,48,16432,0.278622668579627,1,0.39931701105516004,1,0.254767605052423,1
2021,48,17000,0.5674056321150389,1,0.5663594931637201,1,0.24976816074188563,1
2021,48,19000,0.900069733533377,1,0.9128614232209737,1,0.3125660464047783,1
2021,48,19972,0.3174233604967016,1,0.314880251276011,1,0.16344897662940922,1
2021,48,22660,0.8636363636363636,1,0.7098000055476963,1,0.7561904761904762,1
2021,48,24000,0.6779613553626436,1,0.8242553738852046,1,0.6384885963916941,1
2021,48,26232,0,1,0,1,0,1
2021,48,27000,0.6892093485827946,1,0.7458874956861843,1,0.2401458113310394,1
2021,48,27684,0,1,0,1,0,1
2021,48,29000,0.6042925073897957,1,0.6912820512820513,1,0.5271520514883347,1
2021,48,30464,0.7492386975872569,1,0.9110541727672035,1,0.7035670356703567,1
2021,48,35000,0.828071450396809,1,0.8573562511602005,1,0.30753472889059597,1
2021,48,37000,0.6313237433327946,1,0.8455857028050974,1,0.6349762321741306,1
2021,48,39148,0.5105591137268478,1,0.5354107648725213,1,0.4548022598870056,1
2021,48,41464,0.5769230769230769,1,0.8308124749029581,1,0.5849673202614379,1
2021,48,41980,0.10225197808886184,1,0.10680379746835443,1,0.030839367122552964,1
2021,48,42508,0.34564021995286726,1,0.36349253436171264,1,0.11607738492328219,1
2021,48,43888,0.5148420802659701,1,0.5,1,0.2630556754423824,1
2021,48,45000,0.6782334384858044,1,0.533103299547121,1,0.2310841546626232,1
2021,48,45384,0.5043478260869565,1,0.58611317024956755,1,0.504704875962361,1
2021,48,45744,0.04939209726443769,1,0.14719033232628398,1,0.021500206072262672,1
2021,48,47892,0.7975370486328532,1,0.8234411184492667,1,0.7290969899665551,1
2021,48,48072,0.25974683544303795,1,0.2972698154456251,1,0.09564891222805702,1
2021,48,48768,0.4745762711864407,1,0.8141711611448792,1,0.5945330296127562,1
2021,48,50820,0.019271948608137045,1,0.03572588502760637,1,0.030907710660448975,1
2021,48,53388,0.3900543900543901,1,0.5691811064524508,1,0.3022455335190952,1
2021,48,56000,0.6824427480916031,1,0.7789563793360131,1,0.4462636439966415,1
2021,48,56348,0.08016099278886467,1,0.0425713980104824,1,0.03587273418684244,1
2021,48,57200,0.8888888888888888,1,0.8850810588959573,1,0.8869565217391304,1
2021,48,58016,0.1878408726339429,1,0.28666455495723786,1,0.07130973986690865,1
2021,48,61796,0.3485332558814987,1,0.3053435114503817,1,0.12645011600928074,1
2021,48,63500,0.12158590308370044,1,0.17526372622310823,1,0.045318476633959756,1
2021,48,64472,0.3907407407407407,1,0.46559983691774537,1,0.31195712437627054,1
2021,48,65000,0.5456213948610383,1,0.6204948626546446,1,0.23906584387791144,1
2021,48,70808,0.014870645752699124,1,0.060379808472650544,1,0.005184929139301763,1
2021,48,72176,0.7218253968253968,1,0.6549860529986054,1,0.34948029025299077,1
2021,48,74144,0.6773097826086957,1,0.801452784503632,1,0.32675016056518946,1
2021,48,76000,0.8939540898803751,1,0.863677130044843,1,0.37915742793791574,1
2021,48,79000,0.3899803536345776,1,0.39612582192998047,1,0.18889077628673348,1
2021,49,43660,0,1,0,1,0,1
2021,49,44320,0,1,0,1,0,1
2021,49,55980,0.09915014164305949,1,0.17149270482603815,1,0.03518808354471369,1
2021,49,57300,0,1,0,1,0,1
2021,49,62470,0,1,0,1,0,1
2021,49,65330,0,3,0,1,0,1
2021,49,67000,0.38260432378079434,1,0.3783819716811806,1,0.051140338603609906,1
2021,49,67440,0.2099236641221374,1,0.13495440729483282,1,0.02700089259149063,1
2021,49,70850,0,1,0,1,0,1
2021,49,82950,0,1,0,1,0,1
2021,49,83470,0.15991902834008098,1,0.1548966349781198,1,0.14155317299333525,1
2021,51,01000,0.29593298798633305,1,0.29410747232472323,1,0.11089061755834259,1
2021,51,16000,0.18567182856249023,1,0.14689265536723164,1,0.03497553380782918,1
2021,51,35000,0.31344167936346706,1,0.22979985174203113,1,0.1835412667946257,1
2021,51,47672,0.6306160259379342,1,0.47197309417040356,1,0.34159254553155444,1
2021,51,56000,0.8847060504321738,1,0.8239039921626256,1,0.810882800608828,1
2021,51,57000,0.5645601778342331,1,0.44381009615384615,1,0.2427990811097367,1
2021,51,64000,0.5684428349715468,1,0.49514563106796117,1,0.3514223194748359,1
2021,51,67000,0.6079970381340244,1,0.5336150973068606,1,0.16963395527702607,1
2021,51,68000,0.8628957885029204,1,0.7373577749683944,1,0.3612021346315888,1
2021,51,76432,0.2416860015467904,1,0.18256410256410258,1,0.11976772320348415,1
2021,51,82000,0.14398995572589704,1,0.06614154986679022,1,0.0191447782451724,1
2021,53,03180,0,1,0,1,0,1
2021,53,05210,0,1,0,1,0,1
2021,53,05280,0,1,9.115770282588879e-4,1,0,1
2021,53,22640,0.021861336664584636,1,0.020387058649726696,1,0.01691542288557214,1
2021,53,23515,0.10234278668310727,1,0.10407725321888411,1,0.04789599726308587,1
2021,53,35275,0.14326647564469913,1,0.18642556984591876,1,0.06888335318964584,1
2021,53,35415,0,1,0,1,0,1
2021,53,35940,0,1,0,1,0,1
2021,53,53545,0.1488095238095238,1,0.3414760530017026,1,0.05026711996114619,1
2021,53,57745,0.005408328826392645,1,0.0019398642095053346,1,0.0012984603969578928,1
2021,53,63000,0.0985200845665962,1,0.07501272264631043,1,0.007425945679822762,1
2021,53,67000,0.24452234881682736,1,0.20747085415179634,1,0.12630752204491094,1
2021,53,67167,0.08290155440414508,1,0.09306409130816505,1,0.02537648722855479,1
2021,53,70000,0.07507739938080496,1,0.07146946564885497,1,0.029866047020229634,1
2021,53,74060,0.031490552834149754,1,0.04014061478090255,1,0.029701311214444304,1
2021,53,80010,0.24705882352941178,1,0.33938650306748464,1,0.09888453421766656,1
2021,55,02375,0.033287101248266296,1,0.04956896551724138,1,0.02115772119435794,1
2021,55,31000,0.3207941483803553,1,0.3162249119043971,1,0.07069645203679369,1
2021,55,39225,0.463884430176565,1,0.3501622791200866,1,0.13886495137264557,1
2021,55,48000,0.297721095546728,1,0.24810082872928177,1,0.11302997962549724,1
2021,55,53000,0.9084986595174263,1,0.8213462220645619,1,0.40736910148674854,1
2021,55,66000,0.5832019815356901,1,0.5108870967741935,1,0.26371616678858817,1
2020,01,03076,0,1,0,1,0,1
2020,01,07000,0.9277556781727191,1,0.7693625771076079,1,0.13139818302681144,1
2020,01,35896,0,1,0,1,0,1
2020,01,37000,0.6188413098236776,1,0.5860259596796465,1,0.1931502622647331,1
2020,01,50000,0.8242001277829656,1,0.6839536302623551,1,0.5727239308908222,1
2020,01,51000,0.846700600724538,1,0.9128571428571428,1,0.4317430325932924,1
2020,01,77256,0.5795861011752683,1,0.5994194484760522,1,0.09173239848086474,1
2020,02,03000,0.20076796489303347,1,0.12234910277324633,1,0.023685773685773685,1
2020,04,04720,0.22318251143873918,1,0.23553719008264462,1,0.12846458424989002,1
2020,04,07940,0.16514522821576763,1,0.1498027613412229,1,0.07091747495627286,1
2020,04,12000,0.09759358288770054,1,0.13126323218066338,1,0.014082641709341339,1
2020,04,23620,0.14444444444444443,1,0.15172642762284197,1,0.03873370577281192,1
2020,04,27400,0,1,1.5519515791107317e-4,1,0,1
2020,04,27820,0.3277814790139907,1,0.29333333333333333,1,0.08602519484339002,1
2020,04,28380,0.04247572815533981,1,0.04079839317097665,1,0.005340034553164756,1
2020,04,46000,0.2455644124453587,1,0.2779248577705177,1,0.050289207143037556,1
2020,04,54050,0.2203616878767582,1,0.15332362930616206,1,0.03626648476580264,1
2020,04,55000,0.559676295621416,1,0.656939542624315,1,0.1150223008305137,1
2020,04,65000,0.059044048734770385,1,0.10799484203739523,1,0.007636786961583236,1
2020,04,71510,0,1,0,1,0,1
2020,04,73000,0.24490477781490144,1,0.1795171339563863,1,0.0418471943358343,1
2020,04,77000,0.46556420233463036,1,0.5104713990146317,1,0.14885412421230837,1
2020,04,85540,0.46175637393767704,1,0.5347181300333923,1,0.2592686002522068,1
2020,05,23290,0.27722772277227725,1,0.2345679012345679,1,0.0895202741290691,1
2020,05,24550,0.7654867256637168,1,0.8448487326246934,1,0.482921511627907,1
2020,05,35710,0.6062374245472837,1,0.5186947654656696,1,0.22236824812721775,1
2020,05,41000,0.47594262543121707,1,0.5802018466824136,1,0.1044260751281783,1
2020,05,66080,0.6679611650485436,1,0.797892184293975,1,0.5090064734027583,1
2020,06,00562,0,1,0,1,0,1
2020,06,00884,0,1,0,1,0,1
2020,06,02000,0.12357217030114226,1,0.14927635068576192,1,0.04238548483045806,1
2020,06,02252,0.21142565672022443,1,0.2634088200238379,1,0.19572192513368983,1
2020,06,02364,0.519090909090909,1,0.42228899207866705,1,0.2971233152283243,1
2020,06,03526,0.5526625670548214,1,0.4975700471113315,1,0.2604878452809873,1
2020,06,04982,0.24440619621342513,1,0.19023199023199022,1,0.1917808219178082,1
2020,06,06000,0,1,0,1,0,1
2020,06,08786,0.07636363636363637,1,0.08723441008809811,1,0.013458950201884253,1
2020,06,08954,0,1,0,1,0,1
2020,06,11194,0,1,0,1,0,1
2020,06,11530,0.0844508880028996,1,0.0308679706601467,1,0.007894736842105263,1
2020,06,13014,0.14093959731543623,1,0.12609736632083002,1,0.07511197886757781,1
2020,06,13210,0.0425531914893617,1,0.09605855855855856,1,0.02212705210563883,1
2020,06,13214,0,1,0,1,0,1
2020,06,13392,0.0010188487009679063,1,2.4990975481076276e-4,1,5.162622612287042e-4,1
2020,06,13588,0.14012738853503184,1,0.125,1,0.04692429022082019,1
2020,06,14218,0.06696428571428571,1,0.06732051037897543,1,0.028771929824561403,1
2020,06,15044,0.7407407407407407,1,0.7400298173686172,1,0.8444444444444444,1
2020,06,16000,0.04634581105169341,1,0.12280701754385964,1,0.016408961817608078,1
2020,06,16350,0.014810045074050225,1,0.07963655799037947,1,0.005754385964912281,1
2020,06,16532,0.25748502994011974,1,0.2272565531965366,1,0.0753045404208195,1
2020,06,17918,0,1,0,1,0,1
2020,06,19766,0.001584786053882726,1,3.5484361534952094e-4,1,0,1
2020,06,21712,0.5160668380462725,1,0.3240510982446466,1,0.26219019396551724,1
2020,06,22020,0,1,0,1,0,1
2020,06,22230,0.5833333333333334,1,0.5768158279112999,1,0.3793103448275862,1
2020,06,22804,0.0455531453362256,1,0.036469918783301435,1,0.0031028368794326243,1
2020,06,23182,0.15988579586009993,1,0.21935902988306627,1,0.05075481520041645,1
2020,06,24638,0,1,0,1,0,1
2020,06,24680,0.05995297805642633,1,0.09425205283827205,1,0.04982064567556795,1
2020,06,26000,0,1,0,1,0,1
2020,06,27000,0.664534139816215,1,0.6835972713695626,1,0.284422296050203,1
2020,06,28000,0.05802047781569966,1,0.07447548970866064,1,0.010061668289516391,1
2020,06,29000,0.2191780821917808,1,0.23211107155571378,1,0.05402010050251256,1
2020,06,30000,0,1,0,1,0,1
2020,06,32548,0.18508064516129033,1,0.06303510273972603,1,0.01325301204819277,1
2020,06,33000,0.023742227247032222,1,0.0043258352189538135,1,0.0062827225130890054,1
2020,06,33182,0.4874041621029573,1,0.43874210005330083,1,0.3125460348637368,1
2020,06,33434,0.5259459459459459,1,0.45777644590949956,1,0.32547932547932545,1
2020,06,36000,0,1,0.07699832308552264,1,0.0013253224951404843,1
2020,06,36448,0.3181818181818182,1,0.3307978637319955,1,0.10244360902255639,1
2020,06,36546,0.5369815092453774,1,0.5354023915088002,1,0.4461538461538462,1
2020,06,36770,0,1,0,1,0,1
2020,06,37692,0.1050228310502283,1,0.13672248803827752,1,0.04781420765027322,1
2020,06,39496,0,1,0,1,0,1
2020,06,39892,0.0641860465116279,1,0.089386090598479,1,0.027830487033523088,1
2020,06,40130,0.536873539340431,1,0.5205237084217976,1,0.32355993772703684,1
2020,06,41992,0,1,0,1,0,1
2020,06,43000,0.42010443864229763,1,0.4314093885557981,1,0.04932793944930184,1
2020,06,44000,0.5807871569135163,1,0.6126125293881265,1,0.11925771431627359,1
2020,06,45484,0.04364326375711575,1,0.07297173063663526,1,0.03168376584188292,1
2020,06,46842,0,1,0,1,0,1
2020,06,46898,0.43161978661493694,1,0.47013855709507885,1,0.27635327635327633,1
2020,06,47766,0,1,0,1,0,1
2020,06,48256,0,1,0,1,0,1
2020,06,48354,0.20359281437125748,1,0.27486834878687044,1,0.09924545051043054,1
2020,06,49270,0.1616580310880829,1,0.20244309506054473,1,0.09169926119078661,1
2020,06,49670,0,1,0,1,0,1
2020,06,50076,0,1,0,1,0,1
2020,06,50258,0.09722222222222222,1,0.14460360582859966,1,0.022100760456273766,1
2020,06,51182,0,1,0,1,0,1
2020,06,52526,0.034482758620689655,1,0.08412159059601433,1,0.04180064308681672,1
2020,06,53000,0.3622862286228623,1,0.2530312065195786,1,0.08433977455716586,1
2020,06,53322,0.044256120527306965,1,0.09944644696189496,1,0.010728061716489875,1
2020,06,53896,0,1,0,1,0,1
2020,06,53980,0.05027932960893855,1,0.1603852987936033,1,0.040271493212669686,1
2020,06,54652,0.035555555555555556,1,0.12591179730391525,1,0.03433098591549296,1
2020,06,55156,0.3365791701947502,1,0.3174713062488614,1,0.21075484301937208,1
2020,06,56000,0.2301470588235294,1,0.24968773419935048,1,0.07298530157121136,1
2020,06,56700,0.22406914893617022,1,0.34052184527745283,1,0.25235849056603776,1
2020,06,57456,0.017174515235457065,1,0.005802968960863698,1,0.03685092127303183,1
2020,06,57792,0,1,0,1,0,1
2020,06,58072,0.3665480427046263,1,0.2880864522930944,1,0.28,1
2020,06,59444,0.45569620253164556,1,0.4991746450973919,1,0.30101465614430667,1
2020,06,59451,0,1,0,1,0,1
2020,06,59920,0.5133928571428571,1,0.41201000834028356,1,0.2802442305702163,1
2020,06,60102,0.06338028169014084,1,0.09904341427520236,1,0.004845322400298174,1
2020,06,60466,0.3039832285115304,1,0.3484423843915059,1,0.26360544217687076,1
2020,06,60620,0.13775290572535515,1,0.08885628107931849,1,0.05305039787798409,1
2020,06,62000,0.11100832562442182,1,0.1467534032044332,1,0.03893596481819157,1
2020,06,62938,0,1,0,1,0,1
2020,06,64000,0.5034159561854215,1,0.4464717281020706,1,0.23839681534425042,1
2020,06,64224,0.11587982832618025,1,0.2961657738934311,1,0.0865011636927851,1
2020,06,65000,0.7056717542867911,1,0.6527243423104918,1,0.4245136186770428,1
2020,06,65042,0,1,0.04376342870066719,1,0.002317497103128621,1
2020,06,66000,0.29186146360080145,1,0.22361788167516064,1,0.015007257608187566,1
2020,06,67000,0.2054703135423616,1,0.10098652805770658,1,0.034510712217718585,1
2020,06,68000,0.003060183611016661,1,6.539526112479849e-4,1,1.0978153474585575e-4,1
2020,06,68084,0.09659090909090909,1,0.047749510763209393,1,0.026221692491060787,1
2020,06,68196,0.019230769230769232,1,0.16876161329107006,1,0.009637572960499524,1
2020,06,68252,0.0196078431372549,1,0.002905393136008716,1,0,1
2020,06,68378,0,1,0,1,0,1
2020,06,69000,0.28365384615384615,1,0.43329283571889593,1,0.04099868593955322,1
2020,06,69070,0,1,0.03698150924537731,1,0.0014580295771714226,1
2020,06,69084,0,1,0.001380897583429229,1,0,1
2020,06,69088,0,1,0,1,0,1
2020,06,69196,0.05185185185185185,1,0.16097542153798666,1,0.018425460636515914,1
2020,06,70000,0,1,0,1,0,1
2020,06,70098,0,1,3.650301149844862e-4,1,3.170577045022194e-4,1
2020,06,72016,0.0017699115044247787,1,0.030806979280261722,1,0.0028487834924545733,1
2020,06,73080,0.15436241610738255,1,0.2166494030420324,1,0.22077922077922077,1
2020,06,75000,0.4748066849588426,1,0.5364010525605559,1,0.30150834403080873,1
2020,06,77000,0,1,0,1,0,1
2020,06,78120,0,1,0,1,0,1
2020,06,78582,0,1,0,1,0,1
2020,06,80000,0.06653620352250489,1,0.06486748154423333,1,0.0037502757555702626,1
2020,06,80238,0.028730305838739572,1,0.07732415150024594,1,0.0246189917936694,1
2020,06,80854,0.1036036036036036,1,0.2328620965590824,1,0.02565564424173318,1
2020,06,81344,0.10810810810810811,1,0.1198326359832636,1,0.03356582388840453,1
2020,06,81554,0,1,0,1,0,1
2020,06,81666,0.25144747725392885,1,0.23424590960635022,1,0.17993079584775087,1
2020,06,82590,0.626044426329733,1,0.5394991373451142,1,0.4417808219178082,1
2020,06,82954,0.36666666666666664,1,0.3229698585566451,1,0.16212852030496344,1
2020,06,82996,0.08778625954198473,1,0.1817336152219873,1,0.02742894910773298,1
2020,06,84200,0.013297872340425532,1,0.04438685948340717,1,0.003870967741935484,1
2020,06,84550,0.046153846153846156,1,0.1262135922330097,1,0.09354413702239789,1
2020,06,85292,0.006802721088435374,1,0.013560556994818652,1,0.0030864197530864196,1
2020,08,03455,0.175,1,0.18985334918747523,1,0.047741314290299285,1
2020,08,04000,0.42784174530343694,1,0.5246734886225932,1,0.11737248991102252,1
2020,08,07850,0,1,0,1,0,1
2020,08,12815,0.009717314487632508,1,0.11942625506704085,1,0.003944174757281553,1
2020,08,16000,0.3529998338042214,1,0.3334376711792785,1,0.0998592115848753,1
2020,08,20000,0.5254999598425829,1,0.6778925931513049,1,0.140631812596615,1
2020,08,27425,0.0332409972299169,1,0.03352664008698804,1,0.005500657158156063,1
2020,08,32155,0.59026369168357,1,0.45779109589041095,1,0.17269565217391306,1
2020,08,43000,0.11659192825112108,1,0.29621658359764386,1,0.043714609286523216,1
2020,08,45970,0.08383233532934131,1,0.3236929922135706,1,0.03427638737758433,1
2020,08,46465,0,1,0,1,0,1
2020,08,62000,0.18823529411764706,1,0.24831712789827973,1,0.13357015985790407,1
2020,08,77290,0.2869318181818182,1,0.29829970927671573,1,0.07655381505811015,1
2020,08,83835,0.10507880910683012,1,0.15703444249854057,1,0.03666666666666667,1
2020,09,08000,0.914989879747589,1,0.8956932436759526,1,0.8492268041237113,1
2020,09,18430,0,1,0,1,0,1
2020,09,37000,0.5795918367346938,1,0.6905645633912874,1,0.45094217024041583,1
2020,09,52000,0.4555287078587044,1,0.45373074212063236,1,0.22197705207413945,1
2020,09,55990,0.044611819235225954,1,0.04591754244139046,1,0.008928571428571428,1
2020,09,73000,0,1,0,1,0,1
2020,09,80000,0.5703105276445342,1,0.5636202481780579,1,0.32914572864321606,1
2020,11,50000,0.650968815967872,1,0.15435750847570298,1,0.04088734232274902,1
2020,12,07300,0.04686289697908598,1,0.008460413620221433,1,0.008067204480298686,1
2020,12,07875,0.4607734806629834,1,0.28653600340860674,1,0.09479594040164112,1
2020,12,10275,0.26125511596180084,1,0.24416778824585017,1,0.1563032367972743,1
2020,12,12875,0.6635071090047393,1,0.5858657243816254,1,0.3532484492327783,1
2020,12,14400,0.1511131618410428,1,0.09596013148128513,1,0.04548979064357715,1
2020,12,16475,0.14222331772245503,1,0.09140387385945253,1,0.05,1
2020,12,16725,0.4831649831649832,1,0.37563923756392376,1,0.33471933471933474,1
2020,12,17200,0.34310618066561016,1,0.36947182208744,1,0.3421540089970892,1
2020,12,17935,0,1,0,1,0,1
2020,12,24000,0.8142762173840784,1,0.6924022117550686,1,0.3010022631749111,1
2020,12,24125,0.4355896720167481,1,0.3982641041537508,1,0.15627118644067797,1
2020,12,25175,0.3315380011968881,1,0.10799438990182328,1,0.07400379506641366,1
2020,12,30000,0.6373578302712161,1,0.7428599437945232,1,0.5655737704918032,1
2020,12,32000,0.488432938584412,1,0.3608961669965809,1,0.186798554308541,1
2020,12,32275,0.8431120628122769,1,0.7212343547690979,1,0.5713328868050904,1
2020,12,35000,0.611953866257599,1,0.4158113730929265,1,0.216985639209735,1
2020,12,36950,0.6285284783698012,1,0.6493985565356857,1,0.6099338870995084,1
2020,12,38250,0.44247448979591836,1,0.4763997395833333,1,0.32125562581894834,1
2020,12,39425,0.2562404482934284,1,0.2259319286871961,1,0.17614703514891333,1
2020,12,43975,0.41309255079006774,1,0.33270231897775676,1,0.22907049282595135,1
2020,12,45000,0.7847757695392018,1,0.3999774515409456,1,0.13979318268862506,1
2020,12,45025,0.2490118577075099,1,0.2715798963263466,1,0.07229647630619684,1
2020,12,45060,0.9140642808297242,1,0.8584615384615385,1,0.8247422680412371,1
2020,12,45975,0.38454926399484257,1,0.23033088235294116,1,0.13966480446927373,1
2020,12,49675,0.06802721088435375,1,0.08681875792141952,1,0.06367558239861949,1
2020,12,53000,0.680226342277504,1,0.40999886666288887,1,0.18788028284821576,1
2020,12,54000,0.40582403965303593,1,0.36009174311926606,1,0.2982153137593552,1
2020,12,54200,0.138217000691085,1,0.12128869235628553,1,0.07678729037952339,1
2020,12,55775,0.10625,1,0.06325490469873629,1,0.06437291897891231,1
2020,12,57425,0.4741215163579713,1,0.206,1,0.15395220588235295,1
2020,12,58050,0.9108967082860386,1,0.8427235674898106,1,0.48947068867387594,1
2020,12,58715,0,1,0,1,0,1
2020,12,63000,0,2,0,1,0,1
2020,12,69700,0.37115215479331576,1,0.19294294294294295,1,0.15404040404040403,1
2020,12,70600,0.5115511551155115,1,0.3445878848063555,1,0.10934965344344492,1
2020,12,71000,0.5341737823872174,1,0.4866188601424822,1,0.1598316132536665,1
2020,12,76600,0.8296655279256375,1,0.6630327056491576,1,0.3831378892033967,1
2020,13,03440,0.9576800121784138,1,0.9540023894862605,1,0.8382796780684104,1
2020,13,04000,0.6673908819529083,1,0.405811320754717,1,0.03942500792728042,1
2020,13,04204,0.9551468939224041,1,0.9209855564995751,1,0.8269165247018739,1
2020,13,19000,0.8308978290937519,1,0.6681657565049791,1,0.35782537067545306,1
2020,13,42425,0,1,0,1,0,1
2020,13,49008,0.9592885375494071,1,0.926829268292683,1,0.5869866174434702,1
2020,13,67284,0.1382836816362828,1,0.2727741935483871,1,0.02982427857488312,1
2020,13,68516,1,1,1,1,1,1
2020,13,69000,0.781447963800905,1,0.6608985024958403,1,0.34225954682300747,1
2020,13,72122,NA,NA,NA,NA,NA,NA
2020,13,80508,0.6366521221737406,1,0.5971084337349397,1,0.390016456390565,1
2020,15,71550,NA,NA,NA,NA,NA,NA
2020,16,08830,0.053446940356312936,1,0.005752636625119847,1,0.0050835739558339095,1
2020,16,52120,0,1,0,1,0,1
2020,16,56260,0,1,0,1,0,1
2020,17,02154,0,1,0,1,0,1
2020,17,03012,0.15877820583379196,1,0.3738298841269038,1,0.03476777748622409,1
2020,17,06613,0.17148241206030151,1,0.060498220640569395,1,0.05352252925068459,1
2020,17,12385,0.14076484947111473,1,0.0915915915915916,1,0.029574260643483914,1
2020,17,14000,0.8888763145769507,1,0.7877396638174511,1,0.18952295324730273,1
2020,17,14351,0.7765567765567766,1,0.8191428571428572,1,0.8951612903225806,1
2020,17,23074,0.5297383029341792,1,0.5464854498457433,1,0.24706277274253105,1
2020,17,24582,0,1,0,1,0,1
2020,17,38570,0.337610825944937,1,0.38681412165036155,1,0.0919928025191183,1
2020,17,51622,0.0059136605558840925,1,6.781959986436081e-4,1,2.0037403152551428e-4,1
2020,17,59000,0.7498981116696101,1,0.6611275964391692,1,0.23953951737879123,1
2020,17,65000,0.4985429820301117,1,0.4968112244897959,1,0.28758949880668255,1
2020,17,68003,0,1,0,1,0,1
2020,17,72000,0.5221727515583259,1,0.4432314410480349,1,0.3943104747550867,1
2020,17,79293,0.4649390243902439,1,0.4520246850959506,1,0.35789473684210527,1
2020,18,05860,0.07952871870397643,1,0.04160887656033287,1,0.016794731064763996,1
2020,18,10342,0,1,0,1,0,1
2020,18,22000,0.6212471131639723,1,0.4347477982385909,1,0.25803694694628887,1
2020,18,23278,0,1,0,1,0,1
2020,18,25000,0.4097624394279636,1,0.3851884964982864,1,0.12891015879921688,1
2020,18,31000,0.8653366583541147,1,0.8337454822141906,1,0.8022140221402214,1
2020,18,36003,NA,NA,NA,NA,NA,NA
2020,18,71000,0.5966172728633438,1,0.5679683638161147,1,0.35243610223642174,1
2020,19,12000,0.1420486700622524,1,0.06368563685636856,1,0.032864544781643225,1
2020,19,19000,0.2129342965256278,1,0.20423991726990692,1,0.09768084779603747,1
2020,19,21000,0.22316298760205625,1,0.23292393880629175,1,0.07518616382416526,1
2020,19,73335,0.037383177570093455,1,0.028836658107841202,1,0.005935645110902843,1
2020,20,36000,0.6622579121398205,1,0.7677330631152287,1,0.36482471776589426,1
2020,20,38900,0,1,0,1,0,1
2020,20,52575,0.015510555794915984,1,0.07333701861065045,1,0.0052935514918190565,1
2020,20,53775,0,1,0,1,0,1
2020,20,71000,0.45278546029237454,1,0.44348697394789577,1,0.13102564102564102,1
2020,20,79000,0.6219123943352728,1,0.7155418522324997,1,0.39880245981227747,1
2020,21,46027,0.64720041862899,1,0.6176006314127861,1,0.34021041827046444,1
2020,21,48006,0.7877108361544684,1,0.7977095739807604,1,0.5937914719289135,1
2020,22,05000,0.8353300055463116,1,0.7987908558473455,1,0.23459280997798973,1
2020,22,40735,0.6283443195036836,1,0.4129651860744298,1,0.21688060062969242,1
2020,22,41155,0.7434935788157745,1,0.5214395099540582,1,0.14633817985998923,1
2020,22,55000,0.8506170816950633,1,0.7043169722057954,1,0.1834089436163318,1
2020,22,70000,0.7803123896929051,1,0.6530740276035132,1,0.3485520784680056,1
2020,24,04000,0.6220699245133094,1,0.4423299532342455,1,0.17682728043293994,1
2020,24,30325,0,1,0,1,0,1
2020,25,07000,0.5139603232916973,1,0.39104895104895104,1,0.04690721649484536,1
2020,25,09000,0.21880016051364365,1,0.16298239040839266,1,0.13458333333333333,1
2020,25,11000,0,1,0,1,0,1
2020,25,23000,0.4005474452554745,1,0.489367816091954,1,0.28454834693595243,1
2020,25,34550,0.6363636363636364,1,0.6771379946106936,1,0.5982721382289417,1
2020,25,37000,0.24617431803060547,1,0.3481337343003715,1,0.27208480565371024,1
2020,25,37490,0.27533460803059273,1,0.36452525945621406,1,0.24223894637817497,1
2020,25,45000,0.5571428571428572,1,0.5626637891166949,1,0.3706599937441351,1
2020,25,45560,0,1,0,1,0,1
2020,25,55745,0,1,0,1,0,1
2020,25,62535,0,1,0,1,0,1
2020,25,67000,0.7278820375335121,1,0.7855308697108406,1,0.6755573248407644,1
2020,25,82000,0.28979907264296756,1,0.4073360843649702,1,0.19435215946843853,1
2020,26,03000,0.03764886669227814,1,0.02460456942003515,1,0.05620679290652239,1
2020,26,21000,0.7120961060480531,1,0.6167400881057269,1,0.49393924024953084,1
2020,26,22000,0.9854965064577599,1,0.8538239940525973,1,0.8143340857787811,1
2020,26,27440,0,1,0,1,0,1
2020,26,29000,0.9721044849679645,1,0.8547717842323651,1,0.7616856381690482,1
2020,26,34000,0.6541920013702149,1,0.6835701523015401,1,0.14173921549447324,1
2020,26,46000,0.590072598345433,1,0.5262255742200891,1,0.3932351110188836,1
2020,26,49000,0.25141930251419303,1,0.030229746070133012,1,0.0030729579698651863,1
2020,26,69035,0,1,0,1,0,1
2020,26,74900,0.7249204372492044,1,0.6666666666666666,1,0.1837160751565762,1
2020,26,76460,0.2860980523841504,1,0.103515625,1,0.20440053254852497,1
2020,26,80700,0,1,0,1,0,1
2020,26,84000,0.7543810848400556,1,0.543778801843318,1,0.29483204134366925,1
2020,26,86000,0.23276222315085668,1,0.07905982905982906,1,0.1885773624091381,1
2020,26,88940,0.3706293706293706,1,0.4800656660412758,1,0.14626975376699744,1
2020,27,06616,0.09976689976689977,1,0.023884632717440287,1,0.002191380569758948,1
2020,27,07966,0.08923776079322454,1,0.018469656992084433,1,0.01288659793814433,1
2020,27,17000,0.13983050847457626,1,0.09462915601023018,1,0.03162901307966706,1
2020,27,43000,0.6741547145901734,1,0.48867831651489047,1,0.10569796170475602,1
2020,27,51730,0,1,0,1,0,1
2020,27,54880,0.17270721714465806,1,9.9601593625498e-4,1,7.031642390758413e-4,1
2020,27,58000,0.15,2,0.17647058823529413,1,0,2
2020,27,71428,0,1,0,1,0,1
2020,28,36000,0.9636924949995652,1,0.9809160305343512,1,0.7723785166240409,1
2020,29,15670,0.4394921663965424,1,0.3830293417922284,1,0.18582566973210715,1
2020,29,35000,0.48281861678990867,1,0.5317955112219451,1,0.3796518896047697,1
2020,29,38000,0.7314116485686081,1,0.4815661182205972,1,0.1776808529385849,1
2020,29,41348,0.003034243606415258,1,0.001669449081803005,1,0.0015509601181683899,1
2020,29,54074,0,1,0,1,0,1
2020,29,65000,0.838822939307808,1,0.4301765650080257,1,0.06859920777817789,1
2020,29,70000,0.5255696202531646,1,0.43497983870967744,1,0.3541963795940757,1
2020,30,06550,0.2537313432835821,1,0.22035040431266847,1,0.08755296990591108,1
2020,31,28000,0.052201704545454544,1,0.03340865074241446,1,0.009168522642910171,1
2020,31,37000,0.28022280291569246,1,0.14620899413426028,1,0.0306589639715224,1
2020,32,31900,0.09496124031007752,1,0.04902467381475262,1,0.022823017452895698,1
2020,32,40000,0.46018491689276403,1,0.45699441985761013,1,0.15529296980866172,1
2020,32,51800,0,1,0,1,0,1
2020,32,60600,0.23572474377745242,1,0.23154649768796026,1,0.043824504130187465,1
2020,32,68400,0.09224318658280922,1,0.07878196792371045,1,0.03490119033861089,1
2020,33,45140,0,1,3.247807729782397e-4,1,0.0019412090959511925,1
2020,33,50260,0,1,0,1,0,1
2020,34,13690,0.11600928074245939,1,0.19458846403110824,1,0.0720257234726688,1
2020,34,21000,0.6787229292252736,1,0.6088062231973671,1,0.48423095584667636,1
2020,34,36000,0.6168114580887533,1,0.5380171608189619,1,0.49564159740523006,1
2020,34,51000,0.8391232557386603,1,0.7721051305735158,1,0.6950207468879668,1
2020,34,57000,0.8616312281815297,1,0.8339407627945178,1,0.8984198645598194,1
2020,34,74000,0.955723187930469,1,0.9722159730033746,1,0.8,1
2020,35,02000,0.5556036347901342,1,0.5956068002019862,1,0.24825907263771727,1
2020,35,39380,0.47928994082840237,1,0.5930330901786658,1,0.4433164128595601,1
2020,35,63460,0.006097560975609756,1,0.015254404094085228,1,0.007256062631277449,1
2020,35,70500,0.30303030303030304,1,0.5820794969683359,1,0.22709447415329767,1
2020,36,01000,0.6109826589595375,1,0.5100492984452029,1,0.1156758803483529,1
2020,36,11000,0.8450661241098677,1,0.7403801032379165,1,0.4232558139534884,1
2020,36,50617,0.11836115326251896,1,0.2768627450980392,1,0.046747967479674794,1
2020,36,51000,0.8404735062006764,1,0.8045200341236848,1,0.14854365356998195,1
2020,36,63000,0.803497703762119,1,0.6947515848444641,1,0.12603955945156214,1
2020,36,73000,0.7961887477313975,1,0.7774489493933117,1,0.4201299497364227,1
2020,36,84000,0.7247154820700021,1,0.7332309267793139,1,0.4760914760914761,1
2020,37,02140,0.1044776119402985,1,0.13841314225795176,1,0.04172003659652333,1
2020,37,10740,0,1,0,1,8.96700143472023e-5,1
2020,37,12000,0.5776115363798036,1,0.6275610520616647,1,0.12015396352035508,1
2020,37,14100,0.1302282825187682,1,0.15436120159247196,1,0.06659408455815641,1
2020,37,19000,0.40351793800069663,1,0.39416278020159473,1,0.048734594035186755,1
2020,37,22920,0.6714256262241006,1,0.5789825970548862,1,0.40813941132717035,1
2020,37,25580,0.5726333544170357,1,0.5216049382716049,1,0.3079470198675497,1
2020,37,28000,0.5548465228934744,1,0.5733317185418433,1,0.09888441481285894,1
2020,37,28080,0.6002162941600577,1,0.5951367781155015,1,0.14702655255650648,1
2020,37,31400,0.6567088607594936,1,0.6810950795412505,1,0.3013056578506863,1
2020,37,55000,0.2143074890763134,1,0.18827734095782703,1,0.030462757642953215,1
2020,37,74440,0.6558355437665783,1,0.5541740674955595,1,0.23935951827015192,1
2020,37,75000,0.645870825834833,1,0.6085362660382299,1,0.07806210465784934,1
2020,38,25700,0,1,0,1,0,1
2020,39,01000,0.8644672313865359,1,0.7675628794449263,1,0.36944790369447905,1
2020,39,15000,0.7209641140987629,1,0.47534735030124187,1,0.13241223452066053,1
2020,39,16000,0.9120834185238192,1,0.7847490347490348,1,0.4200563543096597,1
2020,39,18000,0.8711268904463297,1,0.7908014415651279,1,0.48536068773620167,1
2020,39,21000,0.9123414071510957,1,0.705456936226167,1,0.45873592766598703,1
2020,39,61000,0.06722689075630252,1,0.039341262580054895,1,0.056872772353943904,1
2020,39,77000,0.7289719626168224,1,0.572874100019459,1,0.30851250805553926,1
2020,40,09050,0,1,0,1,0,1
2020,40,23200,0,1,0,1,0,1
2020,40,41850,0.40462833099579243,1,0.3853995396251233,1,0.3118302164320235,1
2020,40,52500,0.11144578313253012,1,0.07920405774483028,1,0.0998231262436436,1
2020,40,55000,0.4416449765747007,1,0.3615470452764786,1,0.09046527424010868,1
2020,40,75000,0.5315914056809905,1,0.319831040831799,1,0.21952707856598017,1
2020,41,05350,0.05060240963855422,1,0.06409588327253778,1,0.017991148739657493,1
2020,41,05800,0.010752688172043012,1,0.017027863777089782,1,0.0098047502324402,1
2020,41,23850,0.043731778425655975,1,0.048533610173890476,1,0.03586455620116209,1
2020,41,31250,0.03237410071942446,1,0.0544727636181909,1,0.02154027736795515,1
2020,41,34100,0,1,0,1,0,1
2020,41,47000,0.12727272727272726,1,0.17558886509635974,1,0.12964956344934817,1
2020,41,59000,0.18963185574755823,1,0.1713193116634799,1,0.06800185109008638,1
2020,41,64900,0.16795366795366795,1,0.2066066066066066,1,0.07493806771263418,1
2020,42,02000,0.4086161879895561,1,0.4421059365404299,1,0.0963168187744459,1
2020,42,06088,0.16477987421383647,1,0.2941354292623942,1,0.03949592746273244,1
2020,42,24000,0.6029210406207212,1,0.49266247379454925,1,0.22614040763506957,1
2020,42,60000,0.8538652145981829,1,0.7752342766562543,1,0.3383301707779886,1
2020,42,61000,0.6311000827129859,1,0.31841652323580033,1,0.12328697722724624,1
2020,42,63624,0.7215261958997722,1,0.8185490474370872,1,0.1726466049382716,1
2020,42,69000,0.1388660640920296,1,0.1665596919127086,1,0.09953703703703703,1
2020,44,19180,0.15,1,0.2517156189953335,1,0.057096247960848286,1
2020,44,54640,0.6532567049808429,1,0.5401540154015402,1,0.40115489130434784,1
2020,44,59000,0.929732204165713,1,0.9501285921950129,1,0.8027334851936219,1
2020,44,74300,0,1,0,1,0,1
2020,45,13330,0.3708301008533747,1,0.054461181923522596,1,0.03477671219606703,1
2020,45,16000,0.577893820713664,1,0.47770114942528735,1,0.22954075299958626,1
2020,45,48535,0,1,0,1,0,1
2020,45,50875,0.7458133333333333,1,0.8274573896801307,1,0.3307475317348378,1
2020,46,59020,0.46333625474729767,1,0.46824700029265437,1,0.14337878701432077,1
2020,47,14000,0.8145040799908057,1,0.8110849483789169,1,0.3544840584262604,1
2020,47,15160,0.27110091743119263,1,0.20949097546136686,1,0.1450303611377437,1
2020,47,27740,0,1,0,1,0,1
2020,47,40000,0.598191388851397,1,0.3815898198644852,1,0.1285805412958294,1
2020,47,48000,0.8968029343452932,1,0.8829320968049291,1,0.4429145152036718,1
2020,47,51560,0.16085448238086544,1,0.17043059319482085,1,0.047403053727719927,1
2020,47,52006,0.5690061028770707,1,0.5361331324117146,1,0.212883775303021,1
2020,48,01000,0.3426724137931034,1,0.3551587301587302,1,0.19165927240461403,1
2020,48,01924,0.04107485604606526,1,0.11306042884990253,1,0.013198416190057193,1
2020,48,03000,0.5254003313086693,1,0.46379193109700817,1,0.13037127206329885,1
2020,48,04000,0.33108800702884755,1,0.5029576287532952,1,0.12853222576577913,1
2020,48,05000,0.5354665279223032,1,0.5944262040795223,1,0.06719190740200369,1
2020,48,06128,0.6163277511961722,1,0.679823247453565,1,0.5384615384615384,1
2020,48,07000,0.7629187455452602,1,0.7778174674048938,1,0.2373217115689382,1
2020,48,10768,0.9629629629629629,1,0.990487069899356,1,0.8943661971830986,1
2020,48,10912,0.6235690235690236,1,0.6538146860298629,1,0.40966921119592875,1
2020,48,13024,0.1926006528835691,1,0.3270060396893874,1,0.07708905453118871,1
2020,48,13552,0,1,0,1,0,1
2020,48,15976,4.81000481000481e-4,1,0,1,0,1
2020,48,16432,0.19122048553375456,1,0.28596176452391264,1,0.15759083237096919,1
2020,48,17000,0.45847554038680316,1,0.4561227486296006,1,0.17216265425854743,1
2020,48,19000,0.8775447944843295,1,0.8952675110998916,1,0.26127006280530357,1
2020,48,19972,0.2055094009619589,1,0.22766133480419196,1,0.1146090236471783,1
2020,48,22660,0.74,1,0.5701849541682487,1,0.5807622504537205,1
2020,48,24000,0.5459932279909706,1,0.6618215533842094,1,0.4459182443024237,1
2020,48,26232,0,1,0,1,0,1
2020,48,27000,0.5933649897330595,1,0.6661078186733208,1,0.15198431478601854,1
2020,48,27684,0,1,0,1,0,1
2020,48,29000,0.43335901386748843,1,0.48417934031206794,1,0.31713848508033665,1
2020,48,30464,0.5085778781038375,1,0.6743285650242491,1,0.5,1
2020,48,35000,0.792020137628925,1,0.82240933355346435,1,0.26260062821126207,1
2020,48,37000,0.4878978779840849,1,0.6201869872161802,1,0.4860335195530726,1
2020,48,39148,0.3308026955557451,1,0.3886047463175123,1,0.28782707622298065,1
2020,48,41464,0.603448275862069,1,0.8062637464762554,1,0.4927536231884058,1
2020,48,41980,0.02067336089781453,1,0.0802681052803662,1,0.016562778272484417,1
2020,48,42508,0.20257055043308186,1,0.2825344137459729,1,0.05813507290867229,1
2020,48,43888,0.4597756027691573,1,0.4583409631935543,1,0.211968434896975,1
2020,48,45000,0.5808691756272402,1,0.415019936029444,1,0.13696119831089157,1
2020,48,45384,0.4,1,0.391267909167099,1,0.27265625,1
2020,48,45744,0.054835493519441676,1,0.15819209039548024,1,0.02356687898089172,1
2020,48,47892,0.4834978244720365,1,0.6356792717086834,1,0.5062298107983387,1
2020,48,48072,0.2772227772227772,1,0.2983990670059372,1,0.09565106491518939,1
2020,48,48768,0.4246575342465753,1,0.8074873506297772,1,0.5869565217391305,1
2020,48,50820,0,1,0,1,0,1
2020,48,53388,0.29394387001477107,1,0.3927341532639546,1,0.19164658634538154,1
2020,48,56000,0.6780210867802109,1,0.7852552530868655,1,0.43495771244462345,1
2020,48,56348,0,1,0,1,0,1
2020,48,57200,0.6410256410256411,1,0.8039964510280446,1,0.6933797909407665,1
2020,48,58016,0.08769356153219234,1,0.1655049440752148,1,0.028780099790295756,1
2020,48,61796,0.3125374925014997,1,0.2766347237880496,1,0.10247467198139844,1
2020,48,63500,0.10592723004694836,1,0.16236772486772486,1,0.03415032679738562,1
2020,48,64472,0.21206581352833637,1,0.27915657788539144,1,0.17899675207506316,1
2020,48,65000,0.46829883457992694,1,0.5468857489503813,1,0.1755185776156827,1
2020,48,70808,0.016628078299305408,1,0.06420039814200398,1,0.00727994705493051,1
2020,48,72176,0.625,1,0.5359126249537208,1,0.28651806968188703,1
2020,48,74144,0.6551606288448394,1,0.8058956916099773,1,0.3149683081423696,1
2020,48,76000,0.8860380922398867,1,0.8724580017683466,1,0.35951107715813596,1
2020,48,79000,0.35786924939467313,1,0.2746996593150439,1,0.11705685618729098,1
2020,49,43660,0,1,0,1,0,1
2020,49,44320,0,1,0,1,0,1
2020,49,55980,0.23469387755102042,1,0.32420504696163854,1,0.09641304347826087,1
2020,49,57300,0.05921052631578947,1,0.0040529010238907846,1,0.00508213086486977,1
2020,49,62470,0,1,0,1,0,1
2020,49,65330,0,3,0,1,0,1
2020,49,67000,0.07646245969599264,1,0.08096462575578567,1,0.013822835049782736,1
2020,49,67440,0.19927536231884058,1,0.13153098420413123,1,0.026393770243263733,1
2020,49,70850,0,1,0,1,0,1
2020,49,82950,0,1,0,1,0,1
2020,49,83470,0,1,0,1,0,1
2020,51,01000,0.0707030864806232,1,0.021352508508068944,1,0.018535615368226687,1
2020,51,16000,0.18927738927738927,1,0.14634146341463414,1,0.039031031939638056,1
2020,51,35000,0.40079399326831794,1,0.3458929917106255,1,0.2723139507059105,1
2020,51,47672,0.48862853204686424,1,0.34813925570228094,1,0.19726764645001035,1
2020,51,56000,0.5397489539748954,1,0.43727413526071246,1,0.2395776442745312,1
2020,51,57000,0.724252084355076,1,0.6601526717557252,1,0.45514261019879,1
2020,51,64000,0.6370172555464256,1,0.6021505376344086,1,0.5273504273504274,1
2020,51,67000,0.6749150237933379,1,0.5889018012783266,1,0.3358383433533734,1
2020,51,68000,0.6159302497413921,1,0.5395095367847411,1,0.23380697545672632,1
2020,51,76432,0.19266760671708755,1,0.1271186440677966,1,0.0720873786407767,1
2020,51,82000,0.09388787957435764,1,0.03978685612788632,1,0.008420287940826839,1
2020,53,03180,0.11526946107784432,1,0.06905671466353218,1,0.07101843457237836,1
2020,53,05210,0,1,0,1,0,1
2020,53,05280,0,1,0,1,3.5532393698922183e-4,1
2020,53,22640,0.02099236641221374,1,0.02175870348139256,1,0.018696581196581196,1
2020,53,23515,0.21348314606741572,1,0.14451721952250157,1,0.08640097353209614,1
2020,53,35275,0.28160919540229884,1,0.3503184713375796,1,0.14502026018340797,1
2020,53,35415,0.2731923601637108,1,0.25823529411764706,1,0.1530309453158118,1
2020,53,35940,0,1,0,1,0,1
2020,53,53545,0.05917159763313609,1,0.08829989749597306,1,0.014666340747983378,1
2020,53,57745,0.008090614886731391,1,0.002196729314132292,1,0.0018612521150592216,1
2020,53,63000,0.15364173228346456,1,0.03620265617314314,1,0.010865332190980606,1
2020,53,67000,0.3181019332161687,1,0.2616479228827175,1,0.1636422670370504,1
2020,53,67167,0.06166219839142091,1,0.1101123595505618,1,0.02475170701427685,1
2020,53,70000,0.051606425702811244,1,0.025731584258324926,1,0.0185084004917361,1
2020,53,74060,0.04264705882352941,1,0.04024617377925338,1,0.01243188698284561,1
2020,53,80010,0.2896551724137931,1,0.4579591836734694,1,0.1519382147631071,1
2020,55,02375,0,1,0,1,0,1
2020,55,31000,0.26903023983315955,1,0.2681644359464627,1,0.043621134020618554,1
2020,55,39225,0.30793650793650795,1,0.19886467679912104,1,0.0757866922892145,1
2020,55,48000,0.0807193642827269,1,0.04194260485651214,1,0.012803979366249078,1
2020,55,53000,0.833467054457928,1,0.7349231035078625,1,0.2795448668218257,1
2020,55,66000,0.4228140466650955,1,0.3737097113966716,1,0.16358513822856136,1
2019,01,03076,0,1,0,1,0,1
2019,01,07000,0.9426644888386313,1,0.843241330502477,1,0.16750823271130624,1
2019,01,35896,0,1,0,1,0,1
2019,01,37000,0.6764056224899598,1,0.6446917808219178,1,0.21298675627594385,1
2019,01,50000,0.8060668029993183,1,0.6981840951784596,1,0.5644939178333716,1
2019,01,51000,0.8503270316279903,1,0.914512093411176,1,0.4278739458499778,1
2019,01,77256,0.6924129353233831,1,0.6571879936808847,1,0.1610310421286031,1
2019,02,03000,0.26426735218508995,1,0.18611780162031968,1,0.04610403322305905,1
2019,04,04720,0.40030287733467945,1,0.3957456404088996,1,0.21732522796352582,1
2019,04,07940,0.33186619718309857,1,0.3789452656811826,1,0.2152275627392599,1
2019,04,12000,0.13783559368945475,1,0.17503028757253078,1,0.040775897647544364,1
2019,04,23620,0.17525773195876287,1,0.1629249518922386,1,0.03792018546116907,1
2019,04,27400,0,1,0,1,0,1
2019,04,27820,0.5392091893085929,1,0.5789455595270827,1,0.2049907740971795,1
2019,04,28380,0.04673495518565941,1,0.04490566037735849,1,0.0056674123788217744,1
2019,04,46000,0.37650844730490746,1,0.4011083064960687,1,0.12506511224110134,1
2019,04,54050,0.3647146034099333,1,0.4174426754781216,1,0.1102060897611108,1
2019,04,55000,0.6813655761024182,1,0.7717825905872553,1,0.21088969088341442,1
2019,04,65000,0.1619234543670265,1,0.20640872677688768,1,0.025972854759435452,1
2019,04,71510,0.06005056890012642,1,0.08226857887874837,1,0.013806989788580469,1
2019,04,73000,0.3592302209550962,1,0.3202846975088968,1,0.09921439432336543,1
2019,04,77000,0.5830521184851893,1,0.6319691364244894,1,0.24255014326647564,1
2019,04,85540,0.5530864197530864,1,0.6126837504966229,1,0.32770990886174134,1
2019,05,23290,0.3165266106442577,1,0.2590909090909091,1,0.12549286199864038,1
2019,05,24550,0.7904477611940298,1,0.8652554447384491,1,0.5124524386025596,1
2019,05,35710,0.6706634692246203,1,0.5964450296247531,1,0.26380290587492106,1
2019,05,41000,0.5746088078722374,1,0.6455646737006643,1,0.17576396206533193,1
2019,05,66080,0.600375234521576,1,0.7356719817767654,1,0.37311404104934076,1
2019,06,00562,0,1,0,1,0,1
2019,06,00884,0.27058823529411763,1,0.1436498150431566,1,0.12955465587044535,1
2019,06,02000,0.26970560303893637,1,0.4256357690242593,1,0.11963696369636964,1
2019,06,02252,0.18496538081107813,1,0.2473400761854722,1,0.16146881287726358,1
2019,06,02364,0.5197255574614065,1,0.434907992309805,1,0.3056695262961581,1
2019,06,03526,0.6157125456760049,1,0.6175057472662474,1,0.27351781439233913,1
2019,06,04982,0.37681159420289856,1,0.2796143250688705,1,0.2581967213114754,1
2019,06,06000,0,1,0,1,0,1
2019,06,08786,0.16932907348242812,1,0.2179423044855761,1,0.051682692307692304,1
2019,06,08954,0.002583979328165375,1,0.0017790077090334058,1,0.001244296972210701,1
2019,06,11194,0,1,0,1,0,1
2019,06,11530,0.19846819846819846,1,0.07074910820451843,1,0.012376237623762377,1
2019,06,13014,0.1557632398753894,1,0.1616621983914209,1,0.08651454525792149,1
2019,06,13210,0.06930693069306931,1,0.15546264715590274,1,0.06905537459283388,1
2019,06,13214,0.001869158878504673,1,0.0026776151374509104,1,3.9261876717707107e-4,1
2019,06,13392,0.0015731515469323545,1,4.305473332974544e-4,1,3.414134516899966e-4,1
2019,06,13588,0.3056379821958457,1,0.3000914913083257,1,0.2236271676300578,1
2019,06,14218,0.0975609756097561,1,0.10559893353646925,1,0.041924137275406406,1
2019,06,15044,0.9837373427431727,1,0.978094783335323,1,1,1
2019,06,16000,0.0802675585284281,1,0.21407254361799816,1,0.02605494194279241,1
2019,06,16350,0.04214780600461894,1,0.13487834305248342,1,0.016212871287128713,1
2019,06,16532,0.3855421686746988,1,0.38854012099075447,1,0.11969253294289897,1
2019,06,17918,0,1,0,1,0,1
2019,06,19766,0.0016638935108153079,1,5.087246273592105e-4,1,0,1
2019,06,21712,0.5095663265306123,1,0.3270423294688595,1,0.27439227439227437,1
2019,06,22020,0,1,0,1,0,1
2019,06,22230,0.8571428571428571,1,0.8850310122130571,1,0.5671641791044776,1
2019,06,22804,0.11428571428571428,1,0.19580913910628628,1,0.018590704647676162,1
2019,06,23182,0.1934826883910387,1,0.26220692622069264,1,0.06387665198237885,1
2019,06,24638,0,1,0,1,0,1
2019,06,24680,0.15528182157521464,1,0.31918639293646067,1,0.14,1
2019,06,26000,0,1,0,1,0,1
2019,06,27000,0.6977792808026153,1,0.730976480498469,1,0.29831760361099713,1
2019,06,28000,0.0958904109589041,1,0.16679403897592662,1,0.0244120273891039,1
2019,06,29000,0.38392857142857145,1,0.3873095292244712,1,0.1113645001900418,1
2019,06,30000,0,1,0,1,2.887947631882942e-4,1
2019,06,32548,0.468503937007874,1,0.35572630048800746,1,0.09873708381171067,1
2019,06,33000,0.03819628647214854,1,0.009730635391158654,1,0.010784313725490196,1
2019,06,33182,0.6080246913580247,1,0.5564653174725784,1,0.4619805481874447,1
2019,06,33434,0.6897297297297297,1,0.6353857566765578,1,0.4702549575070821,1
2019,06,36000,0,1,0.07545671167593328,1,7.156488549618321e-4,1
2019,06,36448,0.3855421686746988,1,0.40735535254157884,1,0.1375,1
2019,06,36546,0.5528198653198653,1,0.458739910854114,1,0.3669724770642202,1
2019,06,36770,0,1,0,1,0,1
2019,06,37692,0.16705336426914152,1,0.2868862134088763,1,0.10782501540357363,1
2019,06,39496,0.008264462809917356,1,0.11548259269742428,1,0.01056338028169014,1
2019,06,39892,0.06485539000876424,1,0.14107568857080893,1,0.03002832861189802,1
2019,06,40130,0.6976084812623274,1,0.6564151608194493,1,0.40916454524415646,1
2019,06,41992,0,1,0,1,0,1
2019,06,43000,0.4739609414121182,1,0.5087011147050176,1,0.06565402962591012,1
2019,06,44000,0.6486025176018775,1,0.7298546370344188,1,0.16150830496234395,1
2019,06,45484,0.09533073929961089,1,0.17564132193205453,1,0.08527572484366117,1
2019,06,46842,0,1,0,1,0,1
2019,06,46898,0.5865102639296188,1,0.6009801214798454,1,0.37871581450653985,1
2019,06,47766,0,1,0,1,0,1
2019,06,48256,0,1,0,1,0,1
2019,06,48354,0.3159188690842041,1,0.41423487544483983,1,0.17537942664418213,1
2019,06,49270,0.18751040799333887,1,0.29741831665850416,1,0.13843058350100604,1
2019,06,49670,0,1,0,1,0,1
2019,06,50076,0,1,0,1,0,1
2019,06,50258,0.1038961038961039,1,0.19475885826771652,1,0.028079710144927536,1
2019,06,51182,0,1,0,1,0,1
2019,06,52526,0.09939759036144578,1,0.15539885412075805,1,0.10714285714285714,1
2019,06,53000,0.426574026419626,1,0.30724340522850047,1,0.1018326091063669,1
2019,06,53322,0.057947019867549666,1,0.11636500281831277,1,0.014050162563864375,1
2019,06,53896,0.05905826017557861,1,0.07178120494560707,1,0.0368763557483731,1
2019,06,53980,0.23417721518987342,1,0.4103281133482476,1,0.12304779933743493,1
2019,06,54652,0.11156186612576065,1,0.29806198589146105,1,0.22282836760386068,1
2019,06,55156,0.4131054131054131,1,0.3842659359676954,1,0.2509168704156479,1
2019,06,56000,0.14720110573600553,1,0.24452380952380953,1,0.03975842979365878,1
2019,06,56700,0.3075581395348837,1,0.4371123790622674,1,0.35327313769751695,1
2019,06,57456,0.025721784776902887,1,0.007321218459929403,1,0.0421216848673947,1
2019,06,57792,0,1,0,1,0,1
2019,06,58072,0.46635730858468677,1,0.49309521337348144,1,0.3401360544217687,1
2019,06,59444,0.5018181818181818,1,0.5029546946815495,1,0.27592205984690327,1
2019,06,59451,0.08618233618233619,1,0.11437472185135737,1,0.028637261356155366,1
2019,06,59920,0.5357142857142857,1,0.4243186582809224,1,0.30338645418326693,1
2019,06,60102,0.057971014492753624,1,0.0969293901231074,1,0.005931612002791347,1
2019,06,60466,0.404099560761347,1,0.43748352053999895,1,0.33014354066985646,1
2019,06,60620,0.20986145069274653,1,0.13495287617809554,1,0.07456724367509987,1
2019,06,62000,0.21176470588235294,1,0.2844979655196745,1,0.08789597184200235,1
2019,06,62938,0,1,0,1,0,1
2019,06,64000,0.605448106782893,1,0.5565135534113519,1,0.2963571150771358,1
2019,06,64224,0.3360655737704918,1,0.5286321440554748,1,0.19520057306590258,1
2019,06,65000,0.7914352266618886,1,0.8124887111340472,1,0.5394488486221215,1
2019,06,65042,0.031413612565445025,1,0.08698111073407985,1,0.009276729559748427,1
2019,06,66000,0.31408839779005526,1,0.24536857969777398,1,0.01878909638829277,1
2019,06,67000,0.18148224183945802,1,0.08154289469693139,1,0.022836136794029186,1
2019,06,68000,0.0029344636452559502,1,0.001472496391654882,1,2.0278833967046894e-4,1
2019,06,68084,0.031226765799256505,1,0.004516371847948814,1,0.0044994375703037125,1
2019,06,68196,0.01927710843373494,1,0.06470644209724997,1,0.0012135922330097086,1
2019,06,68252,0.05084745762711865,1,0.00624457935819601,1,5.073566717402334e-4,1
2019,06,68378,0,1,0,1,0,1
2019,06,69000,0.3761904761904762,1,0.7349124005390736,1,0.06693567529076667,1
2019,06,69070,0.04040404040404041,1,0.07775301981939721,1,0.0034266133637921186,1
2019,06,69084,0,1,0.001984564498346196,1,0,1
2019,06,69088,0,1,0,1,0,1
2019,06,69196,0.20945945945945946,1,0.3246115791914663,1,0.0532954903815831,1
2019,06,70000,0,1,0,1,0,1
2019,06,70098,0.008928571428571428,1,0.004398739820483861,1,0.0037317097122655405,1
2019,06,72016,0.0014058106841611997,1,0.038237738985868665,1,0.002932045532942394,1
2019,06,73080,0.3194444444444444,1,0.34967491610738255,1,0.4457831325301205,1
2019,06,75000,0.5560632688927943,1,0.6200119381867221,1,0.33814057686922433,1
2019,06,77000,0,1,0,1,0,1
2019,06,78120,0,1,0,1,0,1
2019,06,78582,0,1,0,1,0,1
2019,06,80000,0.07293666026871401,1,0.06647363976354205,1,0.006046705587989992,1
2019,06,80238,0.048938134810710986,1,0.11570904038900466,1,0.03748828491096532,1
2019,06,80854,0.10416666666666667,1,0.2979024578561318,1,0.04142692750287687,1
2019,06,81344,0.2749691738594328,1,0.25766871165644173,1,0.08390480032271078,1
2019,06,81554,0,1,0,1,0,1
2019,06,81666,0.33776734480959836,1,0.26322498406628425,1,0.20573183213920163,1
2019,06,82590,0.7577530719719134,1,0.6591788079470199,1,0.5093572009764036,1
2019,06,82954,0.5033557046979866,1,0.4502365397612075,1,0.250736593989393,1
2019,06,82996,0.17692307692307693,1,0.30596026490066225,1,0.08619062598301352,1
2019,06,84200,0.12200956937799043,1,0.11188640973630831,1,0.04147982062780269,1
2019,06,84550,0.1791044776119403,1,0.2655927302767451,1,0.15917843388960207,1
2019,06,85292,0.06296296296296296,1,0.09724421919543871,1,0.031746031746031744,1
2019,08,03455,0.19157088122605365,1,0.1572002294893861,1,0.03969338190649666,1
2019,08,04000,0.2107960651401174,1,0.3181788869542787,1,0.06321655323619421,1
2019,08,07850,0,1,0,1,0,1
2019,08,12815,0,1,0,1,0,1
2019,08,16000,0.3467039800995025,1,0.3501214762253673,1,0.14604107825619153,1
2019,08,20000,0.30484012439199426,1,0.3355479952263052,1,0.08944247651316803,1
2019,08,27425,0.1095890410958904,1,0.187353206865402,1,0.058231110686840726,1
2019,08,32155,0.4883268482490272,1,0.39370600414078677,1,0.13679472753576596,1
2019,08,43000,0.16898608349900596,1,0.2146118721461187,1,0.056377551020408166,1
2019,08,45970,0.06358381502890173,1,0.17963800904977376,1,0.025746343418152674,1
2019,08,46465,0.006578947368421052,1,0.04275217100868404,1,0.02389803505045141,1
2019,08,62000,0.3544891640866873,1,0.4597624530359956,1,0.2905629139072848,1
2019,08,77290,0.07711442786069651,1,0.05261293179805137,1,0.01788252013263856,1
2019,08,83835,0.0752212389380531,1,0.07913581745357447,1,0.02118732955737361,1
2019,09,08000,0.9141709695926563,1,0.8930954103367896,1,0.8496978851963746,1
2019,09,18430,0.1431818181818182,1,0.227236229323912,1,0.1335948315643747,1
2019,09,37000,0.7449331932142321,1,0.7751789976133652,1,0.49865519096288324,1
2019,09,52000,0.5222271615914648,1,0.5694070752366717,1,0.2896019496344435,1
2019,09,55990,0.11013215859030837,1,0.15884181253067234,1,0.041100430891614186,1
2019,09,73000,0.07218844984802432,1,0.10691328873147055,1,0.05210016155088853,1
2019,09,80000,0.7467227306455603,1,0.7368942622138539,1,0.4774448468883767,1
2019,11,50000,0.5932750987196362,1,0.14026792750197006,1,0.0358860195903829,1
2019,12,07300,0.049105443471640656,1,0.007437670228367903,1,0.008045829042224511,1
2019,12,07875,0.4476958840421168,1,0.29455550829434285,1,0.08569135059201284,1
2019,12,10275,0.2603896103896104,1,0.24811446317657498,1,0.160445990827139,1
2019,12,12875,0.6528791565287916,1,0.603577738515901,1,0.3667987670629679,1
2019,12,14400,0.11507936507936507,1,0.06848314020252635,1,0.024445504412115432,1
2019,12,16475,0.026469839653855944,1,0.07537220843672457,1,0.029128388976025096,1
2019,12,16725,0.46106623586429724,1,0.35891647855530473,1,0.31970260223048325,1
2019,12,17200,0.4604833442194644,1,0.4625531914893617,1,0.44694467382328656,1
2019,12,17935,0,1,0,1,0,1
2019,12,24000,0.7620493965310526,1,0.6395837502501501,1,0.2817290006131208,1
2019,12,24125,0.4298307976681359,1,0.4284480467711932,1,0.16174388978012644,1
2019,12,25175,0.3832609192773839,1,0.1434219985621855,1,0.09287925696594428,1
2019,12,30000,0.3353934899052328,1,0.6413875818802472,1,0.4473684210526316,1
2019,12,32000,0.43459473615293964,1,0.3004674515235457,1,0.15694345025053685,1
2019,12,32275,0.8151085141903172,1,0.617443942365078,1,0.4668351231838282,1
2019,12,35000,0.5849371617282818,1,0.3922408931995038,1,0.2320040872300949,1
2019,12,36950,0.48354721948009216,1,0.4890882189754023,1,0.4268412438625205,1
2019,12,38250,0.4452114974268859,1,0.48392379967244203,1,0.30704401799441944,1
2019,12,39425,0.327796234772979,1,0.27341227125941875,1,0.22379355591194053,1
2019,12,43975,0.43905191873589167,1,0.3236994219653179,1,0.24326823067144343,1
2019,12,45000,0.666870504644594,1,0.3444179597432542,1,0.1021079782976074,1
2019,12,45025,0.2829581993569132,1,0.29927007299270075,1,0.0845231296402056,1
2019,12,45060,0.8116591928251121,1,0.8663529411764705,1,0.89,1
2019,12,45975,0.34629478827361565,1,0.17093282941075416,1,0.12165660051768766,1
2019,12,49675,0.07591623036649214,1,0.08934269304403318,1,0.06923203420490051,1
2019,12,53000,0.6507289662853093,1,0.38897452425660717,1,0.17111520627749377,1
2019,12,54000,0.5432932198415028,1,0.5038734667527437,1,0.44776119402985076,1
2019,12,54200,0.2633289986996099,1,0.20047590719809638,1,0.17102099695464015,1
2019,12,55775,0.047503045066991476,1,0.03853658536585366,1,0.04590248962655602,1
2019,12,57425,0.2066426981681219,1,0.0708428993112496,1,0.06927326816829579,1
2019,12,58050,0.6757960064759849,1,0.7025257249766137,1,0.4244604316546763,1
2019,12,58715,0,1,0,1,0,1
2019,12,63000,0,2,0,1,0,1
2019,12,69700,0.18997912317327767,1,0.06991525423728813,1,0.049573973663826494,1
2019,12,70600,0.5453390099764885,1,0.3360516479782535,1,0.11292020492666152,1
2019,12,71000,0.5688500317281252,1,0.5004139834406623,1,0.17740910459243403,1
2019,12,76600,0.6512417090853,1,0.5955165692007798,1,0.25456255879586076,1
2019,13,03440,0.8685038190804253,1,0.9253039953676896,1,0.7159806295399516,1
2019,13,04000,0.2348015558596845,1,0.2984600730274647,1,0.01987727487281691,1
2019,13,04204,0.981403848221004,1,0.9683860232945092,1,0.8848465675419172,1
2019,13,19000,0.8355304818375453,1,0.6723952738990333,1,0.369548928517908,1
2019,13,42425,0,1,0,1,0,1
2019,13,49008,0.9840853249944159,1,0.9514717581543357,1,0.7287842798531635,1
2019,13,67284,0.14524131709517366,1,0.2995085995085995,1,0.03463965947453398,1
2019,13,68516,0,1,0,1,0,1
2019,13,69000,0.8484338526681505,1,0.7544210877544211,1,0.45047968397291194,1
2019,13,72122,NA,NA,NA,NA,NA,NA
2019,13,80508,0.76349878158266,1,0.6890273119310014,1,0.47636300897170464,1
2019,15,71550,NA,NA,NA,NA,NA,NA
2019,16,08830,0.10904425914047466,1,0.048014965703595924,1,0.028023347100385704,1
2019,16,52120,0.030054644808743168,1,0.03755260602136614,1,0.01759882060259836,1
2019,16,56260,0.043209876543209874,1,0.11078286558345643,1,0.05546061830045052,1
2019,17,02154,0,1,0.03906899418121363,1,8.085381630012937e-4,1
2019,17,03012,0.3571060762100927,1,0.6499853815417601,1,0.07347862331785161,1
2019,17,06613,0.2814039408866995,1,0.3566666666666667,1,0.16278549037169726,1
2019,17,12385,0.2232093281510272,1,0.14142966948501154,1,0.09751552795031056,1
2019,17,14000,0.9026598352230498,1,0.8462842990129693,1,0.27106188651514357,1
2019,17,14351,0.9895104895104895,1,0.9941160372194855,1,0.9956896551724138,1
2019,17,23074,0.5533596837944664,1,0.5858724642366443,1,0.25219298245614036,1
2019,17,24582,0.017836370686312525,1,0.0078125,1,0.005270626393675248,1
2019,17,38570,0.4903954802259887,1,0.4913289907791219,1,0.15576192486281132,1
2019,17,51622,0.013842746400885935,1,3.3211557622052476e-4,1,1.892863903085368e-4,1
2019,17,59000,0.8329448329448329,1,0.7584569732937686,1,0.3701692082724044,1
2019,17,65000,0.5054605626034198,1,0.48379144582768396,1,0.29355519682106046,1
2019,17,68003,0,1,0,1,0,1
2019,17,72000,0.5268935236004391,1,0.45286885245901637,1,0.4016690856313498,1
2019,17,79293,0.8860698898994734,1,0.8942453507861761,1,0.812,1
2019,18,05860,0.07434402332361516,1,0.04908835904628331,1,0.020310880829015544,1
2019,18,10342,0,1,0,1,0,1
2019,18,22000,0.49094510469722696,1,0.37259816207184626,1,0.17320899754268793,1
2019,18,23278,0,1,0,1,0,1
2019,18,25000,0.4210100543164221,1,0.4180131657690006,1,0.1374042606621186,1
2019,18,31000,0.9755933721450963,1,0.9332599926659333,1,0.9508408796895214,1
2019,18,36003,NA,NA,NA,NA,NA,NA
2019,18,71000,0.5744964454976303,1,0.5735294117647058,1,0.3300989345509893,1
2019,19,12000,0.2943116240725474,1,0.23848797250859108,1,0.10691085003455425,1
2019,19,19000,0.34134134134134136,1,0.3017199017199017,1,0.20607469844499346,1
2019,19,21000,0.37562628941939286,1,0.3842993079584775,1,0.1750136729431987,1
2019,19,73335,0.3053839364518976,1,0.331493890421758,1,0.12924556657649533,1
2019,20,36000,0.17660750654640675,1,0.09411517738436778,1,0.04662827419654468,1
2019,20,38900,0,1,0,1,0,1
2019,20,52575,0,1,0,1,0,1
2019,20,53775,0,1,0,1,0,1
2019,20,71000,0.36360123647604325,1,0.27184654136795194,1,0.14053388090349075,1
2019,20,79000,0.4716782480522215,1,0.3290655138011307,1,0.24279835390946503,1
2019,21,46027,0.5420919656392117,1,0.5220474471376998,1,0.24492126171559064,1
2019,21,48006,0.7052616487455197,1,0.730765848940473,1,0.48636915194822705,1
2019,22,05000,0.8699522184300341,1,0.8548233046800382,1,0.288604800882921,1
2019,22,40735,0.6250236787270317,1,0.40035481963335307,1,0.21042036708111309,1
2019,22,41155,0.7516476932294788,1,0.5094066570188133,1,0.10394475008779118,1
2019,22,55000,0.9110473457675753,1,0.7517000194287935,1,0.18770367151857484,1
2019,22,70000,0.7440641118547253,1,0.5945040214477212,1,0.26985698569856986,1
2019,24,04000,0.6188435680993191,1,0.4247623574144487,1,0.16548724075605797,1
2019,24,30325,0.004497041420118343,1,0.0014008054631413063,1,0.002556610664718773,1
2019,25,07000,0.5411764705882353,1,0.6101741022850925,1,0.09028871391076115,1
2019,25,09000,0.34115327747658947,1,0.4082369942196532,1,0.22338366240805266,1
2019,25,11000,0,1,0,1,0,1
2019,25,23000,0.5710253998118533,1,0.6293808411214953,1,0.44200962052378406,1
2019,25,34550,0.5977653631284916,1,0.6351443355119826,1,0.5883495145631068,1
2019,25,37000,0.299412915851272,1,0.4513009845288326,1,0.34256861729673743,1
2019,25,37490,0.3119032463399109,1,0.39170722575814304,1,0.2122619600557362,1
2019,25,45000,0.5805043646944714,1,0.5917956656346749,1,0.38869837483226477,1
2019,25,45560,0,1,0,1,0,1
2019,25,55745,0.04941860465116279,1,0.08995502248875563,1,0.03268616367657901,1
2019,25,62535,0.17965367965367965,1,0.12815533980582525,1,0.07655755015839494,1
2019,25,67000,0.7790956263899185,1,0.8598357493248084,1,0.722909090909091,1
2019,25,82000,0.33377458396369136,1,0.49776256909713085,1,0.2368937115962871,1
2019,26,03000,0.04718024327312938,1,0.02536873156342183,1,0.05295742451662063,1
2019,26,21000,0.7100500577589527,1,0.6234042553191489,1,0.47097835843223296,1
2019,26,22000,0.9480629993942365,1,0.9776495374187048,1,0.8476508201278844,1
2019,26,27440,0,1,0,1,0,1
2019,26,29000,0.974805483512412,1,0.8519515477792732,1,0.7842778793418648,1
2019,26,34000,0.6661964819117159,1,0.6756186132927963,1,0.1407082126506587,1
2019,26,46000,0.6874180865006553,1,0.713515335355578,1,0.4982456140350877,1
2019,26,49000,0,1,0,1,0,1
2019,26,69035,0.07421875,1,0.018867924528301886,1,0.0035809289952936363,1
2019,26,74900,0.7250673854447439,1,0.6904761904761905,1,0.17693836978131214,1
2019,26,76460,0.15827338129496402,1,0.05823293172690763,1,0.11952217971948191,1
2019,26,80700,0,1,0,1,0,1
2019,26,84000,0.742078410311493,1,0.5511627906976744,1,0.25120076849183476,1
2019,26,86000,0.2111801242236025,1,0.13953488372093023,1,0.1821359223300971,1
2019,26,88940,0.4875536480686695,1,0.5957149510945505,1,0.2598889659958362,1
2019,27,06616,0.059621909840038775,1,0,1,3.718163227365681e-4,1
2019,27,07966,0.20833333333333334,1,0.10791925465838509,1,0.02663284717818643,1
2019,27,17000,0.17830882352941177,1,0.09803921568627451,1,0.031724754244861486,1
2019,27,43000,0.6756054874950601,1,0.5168486556299167,1,0.121176813282843,1
2019,27,51730,0.026203208556149733,1,0.006060606060606061,1,0.0025756600128783,1
2019,27,54880,0.176842771274913,1,0.003982080637132902,1,0.0034823529411764707,1
2019,27,58000,0.4,2,0.037037037037037035,2,0,2
2019,27,71428,0.05028854080791426,1,0.04342581423401689,1,0.002550369803621525,1
2019,28,36000,1,1,1,1,1,1
2019,29,15670,0.40345744680851064,1,0.34775767112509837,1,0.16384028712427098,1
2019,29,35000,0.5174493752692805,1,0.5284708893154191,1,0.4064486830154405,1
2019,29,38000,0.7491108588724934,1,0.558542996620353,1,0.19090039979141318,1
2019,29,41348,NA,NA,NA,NA,NA,NA
2019,29,54074,NA,NA,NA,NA,NA,NA
2019,29,65000,0.8959624413145539,1,0.5049833887043189,1,0.07981900452488688,1
2019,29,70000,0.5047573739295909,1,0.418925831202046,1,0.3440117784434178,1
2019,30,06550,0.242152466367713,1,0.25215089344804764,1,0.11200667037242913,1
2019,31,28000,0.22684852835606603,1,0.20426023778071334,1,0.06440910238378593,1
2019,31,37000,0.35138076452183375,1,0.45064174347489017,1,0.06711425041378186,1
2019,32,31900,0.17432611577551924,1,0.11471889640812077,1,0.06953202787919018,1
2019,32,40000,0.5617167426983378,1,0.592894578978941,1,0.20739261415563753,1
2019,32,51800,0.6511544976375145,1,0.6957709213502326,1,0.3928635790232474,1
2019,32,60600,0.02185163887291547,1,0.02715941871224079,1,0.007678244972577696,1
2019,32,68400,0,1,0,1,0,1
2019,33,45140,0.14854299928926795,1,0.18394437420986093,1,0.061035836393567175,1
2019,33,50260,0,1,0,1,0,1
2019,34,13690,0.06511627906976744,1,0.1623003194888179,1,0.05821596244131456,1
2019,34,21000,0.7025520051469011,1,0.6396352225926653,1,0.542528735632184,1
2019,34,36000,0.4417923402408593,1,0.4356379988757729,1,0.41355091923156373,1
2019,34,51000,0.8048405548405548,1,0.7698977659977281,1,0.6776915288558893,1
2019,34,57000,0.8110212181346359,1,0.7904315386166566,1,0.8575602629656683,1
2019,34,74000,0.6956369982547993,1,0.7607095046854083,1,0.6,1
2019,35,02000,0.6096654275092936,1,0.6381745448608049,1,0.2912385771077495,1
2019,35,39380,0.5517857142857143,1,0.6272817099173124,1,0.49693251533742333,1
2019,35,63460,0.023872679045092837,1,0.05813390175370604,1,0.03879386351613472,1
2019,35,70500,0.4,1,0.6223889379229185,1,0.26204506065857885,1
2019,36,01000,0.8357654185022027,1,0.7229182019159912,1,0.2525591246028945,1
2019,36,11000,0.904002730242309,1,0.8544653946031388,1,0.4917619519222112,1
2019,36,50617,0.14969208905731882,1,0.3525390625,1,0.0723583460949464,1
2019,36,51000,0.8650490234324205,1,0.8329044433007377,1,0.1651300962917435,1
2019,36,63000,0.8591744555252449,1,0.7571065067248274,1,0.21259133749867626,1
2019,36,73000,0.9604294744133691,1,0.9262792714657415,1,0.609353507565337,1
2019,36,84000,0.8334024036469125,1,0.8282314007509706,1,0.5659989727786338,1
2019,37,02140,0.14228855721393036,1,0.26220990647731207,1,0.10315003641660597,1
2019,37,10740,0.00904431715405487,1,0.00451767207015679,1,0.0017810194215927403,1
2019,37,12000,0.591296536962006,1,0.6442026183505496,1,0.12224552347152766,1
2019,37,14100,0.1898714330511132,1,0.21270866989768444,1,0.10823093755260058,1
2019,37,19000,0.5368444846292948,1,0.5461246370337279,1,0.11430218038613005,1
2019,37,22920,0.7052314405943166,1,0.6230110159118727,1,0.46178149205055036,1
2019,37,25580,0.6169704861111112,1,0.6108374384236454,1,0.36186639812017457,1
2019,37,28000,0.6573515713095063,1,0.6714631197097944,1,0.1420181526962093,1
2019,37,28080,0.5850434782608696,1,0.5920047031158142,1,0.13648013669372064,1
2019,37,31400,0.7293173954073608,1,0.7630834512022631,1,0.38885762521102984,1
2019,37,55000,0.3283018867924528,1,0.3432960311392229,1,0.06721921753178338,1
2019,37,74440,0.7131448305633499,1,0.6003611971104231,1,0.2560508727532282,1
2019,37,75000,0.7084144916244643,1,0.6657194523378972,1,0.10665215616922867,1
2019,38,25700,0.20234917245061398,1,0.1411229135053111,1,0.04803447550977507,1
2019,39,01000,0.8392919125303714,1,0.7166821994408201,1,0.3672174798339729,1
2019,39,15000,0.754668127271822,1,0.5602720745685854,1,0.15409004438807863,1
2019,39,16000,0.9172708368459507,1,0.8250708215297451,1,0.46420508338795424,1
2019,39,18000,0.8930685463829018,1,0.8397775653836128,1,0.5301004008095559,1
2019,39,21000,0.9115980613011126,1,0.7193911317008603,1,0.5030735185640521,1
2019,39,61000,0.21939586645468998,1,0.16345270890725436,1,0.13654911104634218,1
2019,39,77000,0.7725277562612961,1,0.6333400120216389,1,0.3762453958094318,1
2019,40,09050,0.04764542936288089,1,0.07453973955994611,1,0.005315870570107858,1
2019,40,23200,0,1,0,1,0,1
2019,40,41850,0.6557115507338864,1,0.6399728537495758,1,0.5617029257314329,1
2019,40,52500,0.37295825771324864,1,0.2887323943661972,1,0.24838864838864838,1
2019,40,55000,0.6008022504688477,1,0.5540540540540541,1,0.20834144306965105,1
2019,40,75000,0.655359328553943,1,0.5609087145518526,1,0.34900477991010914,1
2019,41,05350,0.07874015748031496,1,0.1400445765230312,1,0.043633643617021274,1
2019,41,05800,0.02830188679245283,1,0.019570405727923627,1,0.010675636150921323,1
2019,41,23850,0.07277628032345014,1,0.1364577938891766,1,0.07669240094429912,1
2019,41,31250,0.055762081784386616,1,0.0967741935483871,1,0.043526019497459836,1
2019,41,34100,0.12339331619537275,1,0.27812643502219503,1,0.0871217261500882,1
2019,41,47000,0.1650485436893204,1,0.30487476434150285,1,0.13852863537243199,1
2019,41,59000,0.3634225227874155,1,0.3381967826412271,1,0.10619877921256779,1
2019,41,64900,0.23738317757009345,1,0.42010880515817045,1,0.12910079360119978,1
2019,42,02000,0.8266875981161695,1,0.8815614932726928,1,0.22566438876233866,1
2019,42,06088,0.297153024911032,1,0.4406651549508692,1,0.13086053412462909,1
2019,42,24000,0.6957101578128473,1,0.6059365404298874,1,0.27803665734700217,1
2019,42,60000,0.91673116231073,1,0.8896534207670461,1,0.5243807330931779,1
2019,42,61000,0.7921892816419612,1,0.41968225948808474,1,0.1671978850097596,1
2019,42,63624,0.839054586381542,1,0.9279127793447602,1,0.3367022272131761,1
2019,42,69000,0.8789712556732224,1,0.8921264724116553,1,0.8113250802384228,1
2019,44,19180,0.4062015503875969,1,0.40121317157712305,1,0.0772965624393086,1
2019,44,54640,0.8897521272660007,1,0.7669144981412639,1,0.6932515337423313,1
2019,44,59000,0.9123001776198935,1,0.9356387040471256,1,0.7884532529082292,1
2019,44,74300,0,1,0,1,0,1
2019,45,13330,0.4790711009174312,1,0.21313364055299538,1,0.07376195436038253,1
2019,45,16000,0.6041817118883043,1,0.437855579868709,1,0.2424305267523849,1
2019,45,48535,0,1,0,1,0,1
2019,45,50875,0.8017025538307461,1,0.8151838671411625,1,0.3531324517667461,1
2019,46,59020,0.44730466384009693,1,0.4489182692307692,1,0.13099949829979374,1
2019,47,14000,0.8394404426349306,1,0.8561371841155234,1,0.47046632124352333,1
2019,47,15160,0.3346872461413485,1,0.277384780278671,1,0.21116296205329732,1
2019,47,27740,0,1,0,1,0,1
2019,47,40000,0.6454111268878275,1,0.44770153231179216,1,0.17935565673448217,1
2019,47,48000,0.9472250021100354,1,0.9273349819288568,1,0.48625901751975265,1
2019,47,51560,0.24174228675136117,1,0.28049555273189325,1,0.0782734158951545,1
2019,47,52006,0.6329494035376388,1,0.6348953013278856,1,0.24447341571250425,1
2019,48,01000,0.44281045751633985,1,0.44905920146856354,1,0.26154661016949154,1
2019,48,01924,0.0446124763705104,1,0.11313394018205461,1,0.015362408495721208,1
2019,48,03000,0.6146001073537305,1,0.5182831661092531,1,0.17708089097303634,1
2019,48,04000,0.4229559748427673,1,0.5603223806571606,1,0.19720518064076345,1
2019,48,05000,0.5597758919007992,1,0.6152977807549651,1,0.07279798924908727,1
2019,48,06128,0.6309314586994728,1,0.7069839171623705,1,0.5436810856658185,1
2019,48,07000,0.8554798654824524,1,0.8682211623388094,1,0.3866144535421858,1
2019,48,10768,1,1,1,1,1,1
2019,48,10912,0.7103250478011472,1,0.7391129841460967,1,0.5239567233384853,1
2019,48,13024,0.1523809523809524,1,0.302436974789916,1,0.06916058394160583,1
2019,48,13552,0,1,0,1,0,1
2019,48,15976,4.930966469428008e-4,1,5.458515283842794e-4,1,1.2661433274246644e-4,1
2019,48,16432,0.2648574373067674,1,0.42147092216475335,1,0.2496728605077205,1
2019,48,17000,0.5477467811158798,1,0.5295404814004376,1,0.25002364066193855,1
2019,48,19000,0.8926346647123489,1,0.9063316710695467,1,0.28955156950672645,1
2019,48,19972,0.28601427971440574,1,0.31413178615830917,1,0.17031951412727753,1
2019,48,22660,0.7883211678832117,1,0.6731172645269562,1,0.6683848797250859,1
2019,48,24000,0.628707627118644,1,0.7301388965593417,1,0.5152041702867072,1
2019,48,26232,0,1,0,1,0,1
2019,48,27000,0.6638929425280219,1,0.7027678412867544,1,0.18147156136757522,1
2019,48,27684,0,1,0,1,0,1
2019,48,29000,0.47534942820838627,1,0.5538230538230539,1,0.3470262546883372,1
2019,48,30464,0.5444308172594492,1,0.6905405405405406,1,0.5044124477473293,1
2019,48,35000,0.8131134668237142,1,0.8359994223473803,1,0.2767306922769108,1
2019,48,37000,0.56626109832292,1,0.722499813558058,1,0.5259754738015607,1
2019,48,39148,0.4164936931183139,1,0.4488937831614776,1,0.36578893651765665,1
2019,48,41464,0.7575757575757576,1,0.8656021191737604,1,0.6178571428571429,1
2019,48,41980,0,1,0,1,0,1
2019,48,42508,0.17826725403817914,1,0.3242103197959584,1,0.07195421095666395,1
2019,48,43888,0.45963869197347357,1,0.4844517184942717,1,0.21175489787411422,1
2019,48,45000,0.6149162861491628,1,0.4433599654502267,1,0.15779688589356264,1
2019,48,45384,0.47572815533980584,1,0.4716390715360849,1,0.21227197346600332,1
2019,48,45744,0.05809716599190284,1,0.16486518588906046,1,0.02546855612877947,1
2019,48,47892,0.5886854897093805,1,0.6826197578522548,1,0.5856992639327024,1
2019,48,48072,0.300561797752809,1,0.33203328133125326,1,0.1162481892805408,1
2019,48,48768,0.546875,1,0.8505719733079123,1,0.5746421267893661,1
2019,48,50820,0.024444444444444446,1,0.03813145029875068,1,0.029241046982805826,1
2019,48,53388,0.31616595135908443,1,0.4269092754358621,1,0.226387465221848,1
2019,48,56000,0.661513425549227,1,0.7725951557093426,1,0.43577475156422524,1
2019,48,56348,0,1,0,1,0,1
2019,48,57200,0.9736842105263158,1,0.8869984190318452,1,0.8984771573604061,1
2019,48,58016,0.07856573705179283,1,0.1899938137952366,1,0.027102803738317756,1
2019,48,61796,0.10809996988858778,1,0.20826645264847513,1,0.058263216383552946,1
2019,48,63500,0.1382136800452233,1,0.20997920997921,1,0.05059137733689432,1
2019,48,64472,0.2948073701842546,1,0.34564852316506967,1,0.24611708482676226,1
2019,48,65000,0.49734702610183995,1,0.5655909098276952,1,0.19353955117293734,1
2019,48,70808,0.016026992830029525,1,0.07027113749398363,1,0.009079716835949523,1
2019,48,72176,0.8299065420560747,1,0.7138281838733986,1,0.4613443450332645,1
2019,48,74144,0.654347467414618,1,0.7963829404354867,1,0.292295719844358,1
2019,48,76000,0.8861566484517304,1,0.8552698667055139,1,0.3668147299039977,1
2019,48,79000,0.29011194029850745,1,0.27591734948343427,1,0.14464727722772278,1
2019,49,43660,0,1,0,1,0,1
2019,49,44320,0,1,0,1,0,1
2019,49,55980,0.28888888888888886,1,0.4096858638743455,1,0.12242664303955804,1
2019,49,57300,0.03125,1,0.0071263885977782436,1,0.006470483956745258,1
2019,49,62470,0,1,0,1,0,1
2019,49,65330,0,3,0,1,0,1
2019,49,67000,0.4728089887640449,1,0.49693705822955236,1,0.09281725399576353,1
2019,49,67440,0.16176470588235295,1,0.13815789473684212,1,0.0248032277267015,1
2019,49,70850,0,1,0,1,0,1
2019,49,82950,0.021739130434782608,1,0.02340321794246709,1,0.005017729310229478,1
2019,49,83470,0.25124626121635096,1,0.22100944418640656,1,0.10732538330494037,1
2019,51,01000,0.3079355951696377,1,0.3177133655394525,1,0.11694152923538231,1
2019,51,16000,0.19725557461406518,1,0.14664271277790253,1,0.04091052134690024,1
2019,51,35000,0.33137576647378875,1,0.27575982209043737,1,0.19359116022099448,1
2019,51,47672,0.6445921173235564,1,0.5229468599033816,1,0.3475314617618587,1
2019,51,56000,0.9210578121924011,1,0.8794941730721547,1,0.918625678119349,1
2019,51,57000,0.6115482527192779,1,0.5147841513897102,1,0.28838304552590266,1
2019,51,64000,0.5800553469065033,1,0.48956356736242884,1,0.33502736512900705,1
2019,51,67000,0.648339250754886,1,0.6063926022715851,1,0.15523705853894534,1
2019,51,68000,0.8719656601539373,1,0.7436900106647707,1,0.36460984815237424,1
2019,51,76432,0.25944776689146204,1,0.1682808716707022,1,0.1174645390070922,1
2019,51,82000,0.13432270287338174,1,0.05507483629560337,1,0.014656936089651592,1
2019,53,03180,0.06810387065164135,1,0.015609192079780315,1,0.03089108910891089,1
2019,53,05210,0,1,0,1,0,1
2019,53,05280,0.021505376344086023,1,0.041723356009070296,1,0.014913479052823315,1
2019,53,22640,0.03612903225806452,1,0.04747604747604747,1,0.031978680879413725,1
2019,53,23515,0.1333597150771666,1,0.09434721384027359,1,0.039913700107874865,1
2019,53,35275,0.2930591259640103,1,0.3414834039065701,1,0.1520598523124757,1
2019,53,35415,0.04691516709511568,1,0.0914107044325915,1,0.041281007034431695,1
2019,53,35940,0,1,0,1,0,1
2019,53,53545,0.01015228426395939,1,0.1130472982867184,1,0.014439655172413792,1
2019,53,57745,0.006091370558375634,1,0.0019024970273483948,1,0.0018107741059302852,1
2019,53,63000,0.21010534529847835,1,0.06867446767696145,1,0.014128670503172494,1
2019,53,67000,0.4405940594059406,1,0.3794183445190157,1,0.2389173274448794,1
2019,53,67167,0.06852791878172589,1,0.11618798955613577,1,0.026881334004168762,1
2019,53,70000,0.10227925684734725,1,0.09234038442963392,1,0.05565110565110565,1
2019,53,74060,0.07174556213017752,1,0.10161680856049364,1,0.033308823529411766,1
2019,53,80010,0.25806451612903225,1,0.3468058968058968,1,0.10151933701657459,1
2019,55,02375,0.0012755102040816326,1,0,1,3.3667199730662403e-4,1
2019,55,31000,0.477086348287506,1,0.4568804483188045,1,0.10725992472987739,1
2019,55,39225,0.4901469007524185,1,0.3977371627502176,1,0.1746364037020714,1
2019,55,48000,0.2685726210350584,1,0.2505535683869869,1,0.105085648353599,1
2019,55,53000,0.9089549759096195,1,0.7874708994708994,1,0.42539252230882185,1
2019,55,66000,0.602801724137931,1,0.5264098490865766,1,0.2748695239601455,1
2018,01,03076,0,1,0,1,0,1
2018,01,07000,0.941766576951309,1,0.8402321083172147,1,0.177991452991453,1
2018,01,35896,0,1,0,1,0,1
2018,01,37000,0.7546629823349452,1,0.7285095856524428,1,0.29258035446079905,1
2018,01,50000,0.8627812257564003,1,0.7398764584763212,1,0.6165430690245294,1
2018,01,51000,0.8470165794839968,1,0.8989672204759767,1,0.4149821640903686,1
2018,01,77256,0.7269136475074911,1,0.7129798903107861,1,0.18734491315136476,1
2018,02,03000,0.3134920634920635,1,0.23051224944320714,1,0.07575015737567321,1
2018,04,04720,0.38863521055301875,1,0.3984842441164739,1,0.20792819745699326,1
2018,04,07940,0.3939393939393939,1,0.44231574539363483,1,0.23745632424877708,1
2018,04,12000,0.16028571428571428,1,0.22149498409591387,1,0.03726326145773551,1
2018,04,23620,0.1834862385321101,1,0.19738520408163265,1,0.04601626016260162,1
2018,04,27400,0,1,0,1,0,1
2018,04,27820,0.5169340463458111,1,0.513457269700333,1,0.20586290500330615,1
2018,04,28380,0.14416775884665792,1,0.1178561662564944,1,0.03584965255843336,1
2018,04,46000,0.4765583377730421,1,0.5064705042136838,1,0.15122689161816363,1
2018,04,54050,0.3526501766784452,1,0.43162997374267825,1,0.11968546637744035,1
2018,04,55000,0.6887848993112151,1,0.7969736480922317,1,0.20854454551767238,1
2018,04,65000,0.17817164179104478,1,0.2867364746945899,1,0.024428090086894838,1
2018,04,71510,0.1349654739485248,1,0.14156706507304118,1,0.055974244530621206,1
2018,04,73000,0.42843232716650437,1,0.3808325894668506,1,0.13522132925118,1
2018,04,77000,0.6129327715698846,1,0.6765389896046401,1,0.24753045531780088,1
2018,04,85540,0.5804878048780487,1,0.6234268645022281,1,0.38046552099195124,1
2018,05,23290,0.29521016617790813,1,0.25039494470774093,1,0.13104013104013104,1
2018,05,24550,0.9090346534653465,1,0.9447182344118277,1,0.7469806763285024,1
2018,05,35710,0.7618854946388832,1,0.665031534688157,1,0.40283527788232343,1
2018,05,41000,0.6906463224627948,1,0.7492215071621341,1,0.26497504159733776,1
2018,05,66080,0.714795008912656,1,0.7685912240184758,1,0.4247763983446803,1
2018,06,00562,0.11267605633802817,1,0.05213825424721734,1,0.02644466209598433,1
2018,06,00884,0.3111111111111111,1,0.29152124820365427,1,0.24253731343283583,1
2018,06,02000,0.5707456978967496,1,0.6873266610394309,1,0.23209811420282211,1
2018,06,02252,0.3238706492224142,1,0.3820986833355499,1,0.2683044315992293,1
2018,06,02364,0.7043054427294883,1,0.6284027077632147,1,0.5,1
2018,06,03526,0.6869084204056546,1,0.6704998064701402,1,0.3146656209895908,1
2018,06,04982,0.8688524590163934,1,0.9085637823371989,1,0.6982456140350877,1
2018,06,06000,0.01943095072866065,1,0.0035559067562228367,1,6.872852233676976e-4,1
2018,06,08786,0.3871866295264624,1,0.4182547642928786,1,0.16461366181410975,1
2018,06,08954,0,1,0.0028708133971291866,1,8.395130824122009e-4,1
2018,06,11194,0,1,0,1,0,1
2018,06,11530,0.22309381863821776,1,0.2384827786658916,1,0.16205533596837945,1
2018,06,13014,0.23054755043227665,1,0.196014196014196,1,0.12048192771084337,1
2018,06,13210,0.10732984293193717,1,0.27343922347231414,1,0.11118012422360249,1
2018,06,13214,0,1,0,1,0,1
2018,06,13392,0.036780383795309166,1,0.09224112759801449,1,0.026974612129760225,1
2018,06,13588,0.5488505747126436,1,0.6061846293769896,1,0.5335296041871116,1
2018,06,14218,0.1722560975609756,1,0.15386117348433076,1,0.06405290505432215,1
2018,06,15044,0.9982532751091703,1,0.9985454968582732,1,1,1
2018,06,16000,0.08774834437086093,1,0.2876388560623966,1,0.04019664545980335,1
2018,06,16350,0.11280315848843768,1,0.2403551898861185,1,0.03931058906858694,1
2018,06,16532,0.3262411347517731,1,0.43959013624591825,1,0.12067819148936171,1
2018,06,17918,0,1,0,1,0,1
2018,06,19766,0.08,1,0.005123053741838272,1,0.004032258064516129,1
2018,06,21712,0.5173961840628507,1,0.35869213337649725,1,0.2743987921923865,1
2018,06,22020,0.020534861509073542,1,0.015849377725773856,1,0.005186493047892297,1
2018,06,22230,0.8461538461538461,1,0.8935351780617943,1,0.4744525547445255,1
2018,06,22804,0.19646365422396855,1,0.3523548467480688,1,0.03713080168776371,1
2018,06,23182,0.26818923327895594,1,0.3524689321456065,1,0.10602522185894442,1
2018,06,24638,0,1,0,1,0,1
2018,06,24680,0.26838235294117646,1,0.4513792446150914,1,0.29959364610269673,1
2018,06,26000,0,1,0,1,0,1
2018,06,27000,0.7817052512704686,1,0.7978960446178984,1,0.3674343247309339,1
2018,06,28000,0.21122112211221122,1,0.37983177393441075,1,0.08075601374570447,1
2018,06,29000,0.5394736842105263,1,0.7306248620004416,1,0.2589253516047602,1
2018,06,30000,0.04017857142857143,1,0.08056206088992975,1,0.06685156847742922,1
2018,06,32548,0.5640542577241899,1,0.5216199114110948,1,0.12297734627831715,1
2018,06,33000,0.1185,1,0.18874236088774526,1,0.08294930875576037,1
2018,06,33182,0.7157950343370312,1,0.6753546947234178,1,0.6107355050194633,1
2018,06,33434,0.8804597701149425,1,0.8086431644512939,1,0.7186654643823264,1
2018,06,36000,0.052884615384615384,1,0.11400953389830508,1,0.005793124475950911,1
2018,06,36448,0.5955056179775281,1,0.6956743002544529,1,0.2637277648878577,1
2018,06,36546,0.7973354864755753,1,0.7469454591258345,1,0.5,1
2018,06,36770,0,1,0,1,0,1
2018,06,37692,0.2488479262672811,1,0.41890166028097064,1,0.21052631578947367,1
2018,06,39496,0.04411764705882353,1,0.1157167530224525,1,0.010767160161507403,1
2018,06,39892,0.09114249037227215,1,0.16840687100033683,1,0.031118143459915613,1
2018,06,40130,0.7742056074766355,1,0.7171582457040266,1,0.5197575213291423,1
2018,06,41992,0.039603960396039604,1,0.06898987520602778,1,0.007167341851043939,1
2018,06,43000,0.582692784527647,1,0.6477135189180656,1,0.08381285964473355,1
2018,06,44000,0.759976091535265,1,0.8803802195511707,1,0.21473548515047847,1
2018,06,45484,0.10685483870967742,1,0.24389662974871978,1,0.12292817679558012,1
2018,06,46842,0,1,0,1,0,1
2018,06,46898,0.6948493683187561,1,0.7139390478909429,1,0.5011834319526627,1
2018,06,47766,0,1,0,1,0,1
2018,06,48256,0.015306122448979591,1,0.0470479704797048,1,0.006542402172571287,1
2018,06,48354,0.5165165165165165,1,0.6130144860887561,1,0.3452658675890918,1
2018,06,49270,0.47412832351536377,1,0.5550374108230381,1,0.37013473053892215,1
2018,06,49670,0,1,0,1,0,1
2018,06,50076,0,1,0,1,0,1
2018,06,50258,0.09411764705882353,1,0.19968148964841356,1,0.02851545494122769,1
2018,06,51182,0,1,0,1,0,1
2018,06,52526,0.34310850439882695,1,0.33244199085655135,1,0.29842931937172773,1
2018,06,53000,0.6642985464641515,1,0.6418432586754594,1,0.1631814787154593,1
2018,06,53322,0.2597921662669864,1,0.24369181773640372,1,0.05473540767658415,1
2018,06,53896,0.17413905133203378,1,0.35193327032912847,1,0.08268059181897303,1
2018,06,53980,0.4691358024691358,1,0.6329490516920788,1,0.2223242994947175,1
2018,06,54652,0.354639175257732,1,0.5620289781521988,1,0.4780629139072848,1
2018,06,55156,0.5580198019801981,1,0.5480119212037509,1,0.37167891464104014,1
2018,06,56000,0.3845766129032258,1,0.39437046004842613,1,0.1142737547090833,1
2018,06,56700,0.42736486486486486,1,0.5616838148001583,1,0.45275181723779856,1
2018,06,57456,0.39792746113989635,1,0.4058660325009909,1,0.3899848254931715,1
2018,06,57792,0,1,0,1,0,1
2018,06,58072,0.5993227990970654,1,0.6989762135180564,1,0.5812220566318927,1
2018,06,59444,0.5426008968609866,1,0.5503536544291007,1,0.3412046543463381,1
2018,06,59451,0.12903225806451613,1,0.16431303324507207,1,0.048064918851435705,1
2018,06,59920,0.5914893617021276,1,0.44880546075085326,1,0.3377276844117943,1
2018,06,60102,0.06164383561643835,1,0.1520110957004161,1,0.005972130059721301,1
2018,06,60466,0.7224334600760456,1,0.7387126214634671,1,0.6610942249240122,1
2018,06,60620,0.32382084819659135,1,0.21266548612867864,1,0.09236947791164658,1
2018,06,62000,0.35937068727573834,1,0.50282644899491,1,0.19758924432081595,1
2018,06,62938,0.017377567140600316,1,0.0740402193784278,1,0.013838310269482883,1
2018,06,64000,0.6926708874342741,1,0.6631454110205784,1,0.33643013284008744,1
2018,06,64224,0.3117408906882591,1,0.5613095238095238,1,0.248862897985705,1
2018,06,65000,0.8409693967804706,1,0.8862440752122507,1,0.6387900355871886,1
2018,06,65042,0.043689320388349516,1,0.11696907451785918,1,0.02633581975947633,1
2018,06,66000,0.4249077814860355,1,0.36242464392182844,1,0.03143882806751544,1
2018,06,67000,0.2812123645122441,1,0.1924026690484947,1,0.046950517836593784,1
2018,06,68000,0.0074142724745134385,1,0.013547502000685949,1,0.001496355649949317,1
2018,06,68084,0.09789702683103699,1,0.05122324159021407,1,0.02774813233724653,1
2018,06,68196,0.06688963210702341,1,0.2397796462742824,1,0.02274975272007913,1
2018,06,68252,0.015384615384615385,1,0.006779661016949152,1,8.972633467922835e-4,1
2018,06,68378,0,1,0,1,0,1
2018,06,69000,0.5022421524663677,1,0.7769304950353597,1,0.09710047201618341,1
2018,06,69070,0.056451612903225805,1,0.18928203366540708,1,0.02914757103574702,1
2018,06,69084,0,1,0.002176278563656148,1,0,1
2018,06,69088,0,1,0,1,0,1
2018,06,69196,0.22988505747126436,1,0.4017811404027269,1,0.06650093225605966,1
2018,06,70000,0,1,0,1,0,1
2018,06,70098,0.01680672268907563,1,0.006764036872979768,1,0.00783162016642193,1
2018,06,72016,0.005426739023186976,1,0.12548566628163393,1,0.016740366392924828,1
2018,06,73080,0.5220588235294118,1,0.682279267156609,1,0.7301587301587301,1
2018,06,75000,0.7160324534338933,1,0.7746842258766518,1,0.5036496350364964,1
2018,06,77000,0,1,0,1,0,1
2018,06,78120,0.035652173913043476,1,0.03560613012755804,1,0.008008658008658008,1
2018,06,78582,0.06018518518518518,1,0.1403606102635229,1,0.010897672700406353,1
2018,06,80000,0.11973180076628352,1,0.14421590773986445,1,0.012979233226837061,1
2018,06,80238,0.043204320432043204,1,0.1169894190457177,1,0.03624309392265193,1
2018,06,80854,0.21777777777777776,1,0.38393322900365157,1,0.05974652987326494,1
2018,06,81344,0.38978829389788294,1,0.3727332673920211,1,0.1295238095238095,1
2018,06,81554,0,1,0,1,0,1
2018,06,81666,0.3514993481095176,1,0.32342857142857145,1,0.2492836676217765,1
2018,06,82590,0.7491369390103567,1,0.6620388295812821,1,0.5192357345726827,1
2018,06,82954,0.5305676855895196,1,0.5090014128799963,1,0.29984051036682613,1
2018,06,82996,0.2028985507246377,1,0.3854030144167759,1,0.12167532864567411,1
2018,06,84200,0.12085308056872038,1,0.11459656925031766,1,0.04311251314405889,1
2018,06,84550,0.71875,1,0.8328524319868096,1,0.46683673469387754,1
2018,06,85292,0.13135593220338984,1,0.18467062129253825,1,0.055530268548020026,1
2018,08,03455,0.248,1,0.21085178535806903,1,0.07697407189157336,1
2018,08,04000,0.29886954369172375,1,0.38011540757445117,1,0.09159458860057662,1
2018,08,07850,0.04032258064516129,1,0.10191317144959529,1,0.018748726309353984,1
2018,08,12815,0.10034602076124567,1,0.29796954314720814,1,0.012383328712688291,1
2018,08,16000,0.38918246813801677,1,0.3831095101992874,1,0.14807042978958815,1
2018,08,20000,0.39478359173126615,1,0.41961570240669444,1,0.12558489967483544,1
2018,08,27425,0.13903743315508021,1,0.20647924036492274,1,0.06417009864955464,1
2018,08,32155,0.4946236559139785,1,0.4380879735570811,1,0.1624284806102988,1
2018,08,43000,0.22882882882882882,1,0.34698675906447224,1,0.10997803577031691,1
2018,08,45970,0.09248554913294797,1,0.3008595988538682,1,0.07215097487227609,1
2018,08,46465,0.07878787878787878,1,0.14408233276157806,1,0.08435374149659863,1
2018,08,62000,0.4575645756457565,1,0.5907319185794716,1,0.3938419685915667,1
2018,08,77290,0.24681933842239187,1,0.1812590448625181,1,0.05164809656453111,1
2018,08,83835,0.1024390243902439,1,0.15057385229540918,1,0.033603828547648776,1
2018,09,08000,0.9086778233403524,1,0.8857070451089711,1,0.8389538885065382,1
2018,09,18430,0.22952853598014888,1,0.3366077275703995,1,0.18800888230940044,1
2018,09,37000,0.6537330158285474,1,0.7716870194482135,1,0.46409379579872984,1
2018,09,52000,0.6971922246220302,1,0.6789210789210789,1,0.4435514734022197,1
2018,09,55990,0.03656597774244833,1,0.05653772098722212,1,0.01764891270091396,1
2018,09,73000,0.07725947521865889,1,0.06985128436232538,1,0.026804123711340205,1
2018,09,80000,0.7586036147561278,1,0.7558927668184118,1,0.5137006925624812,1
2018,11,50000,0.7136295065850806,1,0.2575452716297787,1,0.06322938588100249,1
2018,12,07300,0.04804804804804805,1,0.00784617084760747,1,0.0085519922254616125,1
2018,12,07875,0.7248553320473959,1,0.4956274595540009,1,0.17091687755499319,1
2018,12,10275,0.3506849315068493,1,0.31931517867402043,1,0.23485258840826434,1
2018,12,12875,0.6716754320060105,1,0.6317878028404345,1,0.4194915254237288,1
2018,12,14400,0.1646497556434722,1,0.11307872839769575,1,0.04711069853794384,1
2018,12,16475,0.05983799320616671,1,0.1972455279404781,1,0.08438099296825059,1
2018,12,16725,0.4859783301465902,1,0.3932748538011696,1,0.32545931758530183,1
2018,12,17200,0.699607329842932,1,0.7046789989118607,1,0.7137695704536331,1
2018,12,17935,0,1,0,1,0,1
2018,12,24000,0.8909090909090909,1,0.7827600327600328,1,0.4188449848024316,1
2018,12,24125,0.6972411831626849,1,0.6094030056528333,1,0.3113439635535308,1
2018,12,25175,0.4609366268022801,1,0.22798684691267812,1,0.17386414754835808,1
2018,12,30000,0.8642410015649452,1,0.800920494540204,1,0.6504992867332382,1
2018,12,32000,0.6889588250721217,1,0.6339152557241863,1,0.538407452979434,1
2018,12,32275,0.8671002403506292,1,0.7345219088167465,1,0.6552369077306733,1
2018,12,35000,0.700840610167035,1,0.4858450274557657,1,0.31160125134730143,1
2018,12,36950,0.567372311827957,1,0.5809344176123187,1,0.5667443408788282,1
2018,12,38250,0.5591126796067557,1,0.571583122971511,1,0.388287317875163,1
2018,12,39425,0.7154174283973187,1,0.6901852581789515,1,0.5641620284477428,1
2018,12,43975,0.7078587699316629,1,0.5199299167761717,1,0.3766624262750087,1
2018,12,45000,0.8051092455662423,1,0.49898242943031584,1,0.1706493287173858,1
2018,12,45025,0.2754491017964072,1,0.29214729370008874,1,0.09137931034482759,1
2018,12,45060,0.9154166666666667,1,0.8454861111111112,1,0.8952380952380953,1
2018,12,45975,0.43219264892268694,1,0.19486504279131006,1,0.1431906614785992,1
2018,12,49675,0.17938931297709923,1,0.17962466487935658,1,0.1674457429048414,1
2018,12,53000,0.7098972713479094,1,0.48259028432351825,1,0.22587455649063132,1
2018,12,54000,0.6483516483516484,1,0.608882996353994,1,0.5876968636424822,1
2018,12,54200,0.43478260869565216,1,0.45876603543066585,1,0.3928400191785201,1
2018,12,55775,0.08162313432835822,1,0.06754719689900222,1,0.056447566482689414,1
2018,12,57425,0.4626917111838704,1,0.22053108808290156,1,0.16015293118096857,1
2018,12,58050,0.9147174770039422,1,0.8281669514278741,1,0.5291457286432161,1
2018,12,58715,0,1,0,1,0,1
2018,12,63000,0,1,0,1,0,1
2018,12,69700,0.65418410041841,1,0.5838756326825741,1,0.5525547445255474,1
2018,12,70600,0.5209735236777561,1,0.33623762376237626,1,0.11774583557227297,1
2018,12,71000,0.7038619156768772,1,0.6374369581890441,1,0.2734635381949073,1
2018,12,76600,0.8898186889818689,1,0.8768635321100917,1,0.489880059970015,1
2018,13,03440,0.9649855444908448,1,0.9898367724052972,1,0.9164778245386856,1
2018,13,04000,0.714965089769165,1,0.4501115470420802,1,0.07847986272332694,1
2018,13,04204,0.9811240040639538,1,0.9713080168776371,1,0.886122077133313,1
2018,13,19000,0.8387133374936178,1,0.6750668193967163,1,0.3724077070157376,1
2018,13,42425,0,1,0,1,0,1
2018,13,49008,0.9692290724605713,1,0.9325938566552902,1,0.6956701885228921,1
2018,13,67284,0.15019762845849802,1,0.3146800501882058,1,0.03802612481857765,1
2018,13,68516,1,1,1,1,1,1
2018,13,69000,0.8598482810566525,1,0.7559055118110236,1,0.41318005614222697,1
2018,13,72122,NA,NA,NA,NA,NA,NA
2018,13,80508,0.763137457934248,1,0.6866359447004609,1,0.4794473818864063,1
2018,15,71550,NA,NA,NA,NA,NA,NA
2018,16,08830,0.22665764546684708,1,0.15770833333333334,1,0.0692173679978558,1
2018,16,52120,0.043835616438356165,1,0.03483260060872506,1,0.01699467469321602,1
2018,16,56260,0.037037037037037035,1,0.13979522184300341,1,0.07977164017898472,1
2018,17,02154,0.05333333333333334,1,0.16964285714285715,1,0.017600516712417247,1
2018,17,03012,0.3730964467005076,1,0.669303110682421,1,0.0738370099439936,1
2018,17,06613,0.2407178217821782,1,0.3333333333333333,1,0.1332741003998223,1
2018,17,12385,0.2689655172413793,1,0.15008291873963517,1,0.08704819277108433,1
2018,17,14000,0.9177901136664023,1,0.8740208221251338,1,0.3200052438384898,1
2018,17,14351,0.9831081081081081,1,0.9927748486623706,1,1,1
2018,17,23074,0.8207831325301205,1,0.8598439134282726,1,0.4216300940438871,1
2018,17,24582,0.015630956919557758,1,0.006337709370755998,1,0.006549324600900532,1
2018,17,38570,0.6984331401588324,1,0.735781990521327,1,0.291113791716928,1
2018,17,51622,0,1,0,1,0,1
2018,17,59000,0.8730813878498646,1,0.7902408111533586,1,0.3655845533630384,1
2018,17,65000,0.6212302667392487,1,0.5995021779713753,1,0.46654654654654654,1
2018,17,68003,0,1,0,1,0,1
2018,17,72000,0.5326124869201255,1,0.4465811965811966,1,0.41140529531568226,1
2018,17,79293,0.9851150202976996,1,0.9812929197253137,1,0.9931856899488927,1
2018,18,05860,0.21829855537720708,1,0.11521418020679468,1,0.07639538509510446,1
2018,18,10342,0,1,0,1,0,1
2018,18,22000,0.6564362336114422,1,0.4967860422405877,1,0.25766601868690037,1
2018,18,23278,0,1,0,1,0,1
2018,18,25000,0.6506193035756018,1,0.6454732836530839,1,0.24248554913294798,1
2018,18,31000,1,1,1,1,1,1
2018,18,36003,NA,NA,NA,NA,NA,NA
2018,18,71000,0.7229679893789644,1,0.6929307805596465,1,0.5154694167852063,1
2018,19,12000,0.37933025404157045,1,0.2772346368715084,1,0.14252685978512172,1
2018,19,19000,0.30006765899864685,1,0.273406374501992,1,0.17432223626913892,1
2018,19,21000,0.4420026197060108,1,0.45651936715766506,1,0.23853537148951298,1
2018,19,73335,0.45658835546475995,1,0.4457453481078821,1,0.23577833308834337,1
2018,20,36000,0.7277090909090909,1,0.8283510833639368,1,0.5521515849123428,1
2018,20,38900,0,1,0,1,0,1
2018,20,52575,0.03623508616880247,1,0.12744721689059502,1,0.016111966140823393,1
2018,20,53775,0,1,0,1,0,1
2018,20,71000,0.6255506607929515,1,0.582842559874362,1,0.28746495794953947,1
2018,20,79000,0.8170770368804818,1,0.8496274051829608,1,0.5335335335335335,1
2018,21,46027,0.5922330097087378,1,0.6116669015076793,1,0.2800687285223368,1
2018,21,48006,0.7367227311555569,1,0.7776580107790299,1,0.54268990288679,1
2018,22,05000,0.8539454026891213,1,0.8169206277007051,1,0.28819736473226804,1
2018,22,40735,0.5694405265632346,1,0.3941411451398136,1,0.18420446695832374,1
2018,22,41155,0.7870942434049231,1,0.5753634276970161,1,0.19986176707752562,1
2018,22,55000,0.9238708358880032,1,0.7364849052188158,1,0.20352422907488987,1
2018,22,70000,0.752287853577371,1,0.5873968492123031,1,0.2796077177273212,1
2018,24,04000,0.5343316096147542,1,0.37811392903334645,1,0.11169789054432808,1
2018,24,30325,0.024396254312469196,1,0.06770339465200076,1,0.005675643038280401,1
2018,25,07000,0.64960058097313,1,0.6517881896312725,1,0.09034589571502323,1
2018,25,09000,0.3597842079450711,1,0.4450800915331808,1,0.2393928941014143,1
2018,25,11000,0,1,0,1,0,1
2018,25,23000,0.5690168818272096,1,0.6188976377952756,1,0.411384899196205,1
2018,25,34550,0.532258064516129,1,0.6222297988407773,1,0.5602189781021898,1
2018,25,37000,0.28779840848806365,1,0.4223591230295343,1,0.32702366127023663,1
2018,25,37490,0.4588100686498856,1,0.5288241224452388,1,0.30906921241050117,1
2018,25,45000,0.5862239841427156,1,0.610387522109664,1,0.41583005965371744,1
2018,25,45560,0,1,0,1,0,1
2018,25,55745,0.07633587786259542,1,0.07413793103448275,1,0.0377906976744186,1
2018,25,62535,0.026804123711340205,1,0.015732546705998034,1,0.00856989823245849,1
2018,25,67000,0.7687819110138585,1,0.8607671564580925,1,0.7144344205412908,1
2018,25,82000,0.34502022731650933,1,0.5120936280884265,1,0.2407759604412324,1
2018,26,03000,0.06511283758786533,1,0.027677496991576414,1,0.059223576083876454,1
2018,26,21000,0.7520723436322532,1,0.6800870511425462,1,0.7115184542977459,1
2018,26,22000,0.9864067636040019,1,0.9984150661942942,1,0.8773400391170718,1
2018,26,27440,0,1,0,1,0,1
2018,26,29000,0.9832412523020257,1,0.8807212205270458,1,0.8127472527472528,1
2018,26,34000,0.665814696485623,1,0.6968896955696725,1,0.1618898437830744,1
2018,26,46000,0.7817378962308784,1,0.8051247471341875,1,0.6061730806798202,1
2018,26,49000,0.06953498478922207,1,0.07510431154381085,1,0.05420560747663551,1
2018,26,69035,0.08789808917197452,1,0.020994475138121547,1,0.004116465863453815,1
2018,26,74900,0.7290706139286581,1,0.6442307692307693,1,0.18217821782178217,1
2018,26,76460,0.45382585751978893,1,0.21868787276341947,1,0.35264221020394865,1
2018,26,80700,0.03949447077409163,1,0.029661016949152543,1,0.041462084015275506,1
2018,26,84000,0.8000531420220539,1,0.5845070422535211,1,0.3694597947445585,1
2018,26,86000,0.40230286113049546,1,0.3078556263269639,1,0.30557607090103395,1
2018,26,88940,0.6244464127546502,1,0.7051886792452831,1,0.35290193462308206,1
2018,27,06616,0.10373647984267453,1,0.12287334593572778,1,0.012545454545454545,1
2018,27,07966,0.31386861313868614,1,0.35208012326656396,1,0.1450335161486898,1
2018,27,17000,0.23008849557522124,1,0.13707165109034267,1,0.06058248110271232,1
2018,27,43000,0.7374274918844127,1,0.6423006416131989,1,0.15760749317796297,1
2018,27,51730,0.029575892857142856,1,0.006430868167202572,1,0.001842618686321266,1
2018,27,54880,0.19015225137674116,1,0.057608695652173914,1,0.016164788472196562,1
2018,27,58000,0.7468354430379747,1,0.4411764705882353,1,0.02197802197802198,1
2018,27,71428,0,1,0,1,0,1
2018,28,36000,1,1,1,1,1,1
2018,29,15670,0.44061505832449627,1,0.38641875505254647,1,0.18835022368300922,1
2018,29,35000,0.5738148984198645,1,0.6412527681113571,1,0.48984839081478854,1
2018,29,38000,0.867329893463009,1,0.7931609013011742,1,0.2955754508888024,1
2018,29,41348,NA,NA,NA,NA,NA,NA
2018,29,54074,NA,NA,NA,NA,NA,NA
2018,29,65000,0.9247246022031824,1,0.45474613686534215,1,0.0929551692589204,1
2018,29,70000,0.7550047664442326,1,0.673389355742297,1,0.5314657328664332,1
2018,30,06550,0.21544715447154472,1,0.23337765957446807,1,0.0930492490394691,1
2018,31,28000,0.3288888888888889,1,0.28433235446536537,1,0.11112308300111338,1
2018,31,37000,0.5286005434782609,1,0.6747705612424991,1,0.12625394761285527,1
2018,32,31900,0.1724299065420561,1,0.10009834223096375,1,0.05631977254672409,1
2018,32,40000,0.5433134160392272,1,0.5978163921893416,1,0.20475371801505565,1
2018,32,51800,0.6750652389093854,1,0.7192484629605744,1,0.404683434518647,1
2018,32,60600,0.06629491945477076,1,0.06998697916666667,1,0.03237377406465674,1
2018,32,68400,0.09170305676855896,1,0.11409326424870467,1,0.047796945390616415,1
2018,33,45140,0.27037037037037037,1,0.3020694259012016,1,0.15399445716351368,1
2018,33,50260,0.1175115207373272,1,0.19577464788732393,1,0.07772174428952833,1
2018,34,13690,0.09728506787330317,1,0.21272073250490517,1,0.07867557715674361,1
2018,34,21000,0.9481865284974094,1,0.9043661125575806,1,0.8241042345276873,1
2018,34,36000,0.789994562262099,1,0.6619176287562434,1,0.5687103594080338,1
2018,34,51000,0.8808615660758358,1,0.8175130517323208,1,0.7847744360902256,1
2018,34,57000,0.8591317365269461,1,0.8399081398315897,1,0.905813097866078,1
2018,34,74000,0.9946286065070595,1,0.9907496893552395,1,0.8450704225352113,1
2018,35,02000,0.6794297352342159,1,0.7294509628873869,1,0.36752790093257914,1
2018,35,39380,0.6191304347826087,1,0.713687735454165,1,0.5667291276285655,1
2018,35,63460,0.05459057071960298,1,0.10333692142088267,1,0.07209705372616984,1
2018,35,70500,0.4666666666666667,1,0.7095746257595968,1,0.33615150490361856,1
2018,36,01000,0.8996732915872584,1,0.7818383167220376,1,0.2554044630404463,1
2018,36,11000,0.8928745017983863,1,0.8619204171862601,1,0.5048942492571229,1
2018,36,50617,0.15356656065424806,1,0.3602594339622642,1,0.08909426987060998,1
2018,36,51000,0.8538732394366197,1,0.8319788195313426,1,0.15914899495751883,1
2018,36,63000,0.8410360809113354,1,0.7295681063122924,1,0.15508646998982706,1
2018,36,73000,0.9470113363105462,1,0.9031413612565445,1,0.5551922426429136,1
2018,36,84000,0.8570007955449482,1,0.8411366038674377,1,0.5651065801668211,1
2018,37,02140,0.23311444652908067,1,0.35556374355195286,1,0.16654904728299225,1
2018,37,10740,0.014305364511691884,1,0.009757317988491368,1,0.002352422259795633,1
2018,37,12000,0.5972938386841808,1,0.6428746777955076,1,0.12490829638608018,1
2018,37,14100,0.2022615066093327,1,0.22107243650047037,1,0.11896872221773216,1
2018,37,19000,0.5928916721599649,1,0.62648,1,0.18611397024422197,1
2018,37,22920,0.7587265840925376,1,0.6360255047821467,1,0.44908012466070174,1
2018,37,25580,0.7166843783209351,1,0.7006322052807735,1,0.42030602486452023,1
2018,37,28000,0.7508517472987443,1,0.7643110435663627,1,0.22962962962962963,1
2018,37,28080,0.662877502544961,1,0.6510638297872341,1,0.22339750370213665,1
2018,37,31400,0.7509839539812292,1,0.77994839660892,1,0.3970509383378016,1
2018,37,55000,0.3242530755711775,1,0.3382635284078788,1,0.06791569086651054,1
2018,37,74440,0.6739309210526315,1,0.5102343518243845,1,0.203559510567297,1
2018,37,75000,0.7200604457876841,1,0.6738208797032327,1,0.12111888111888112,1
2018,38,25700,0.03801006148686417,1,0.059800664451827246,1,0.01478204574881312,1
2018,39,01000,0.8367399965355967,1,0.7120772946859903,1,0.36538168520493675,1
2018,39,15000,0.7809354499474185,1,0.6238249118683902,1,0.14924689721653212,1
2018,39,16000,0.9475001375061878,1,0.8672472637401436,1,0.4921444033237902,1
2018,39,18000,0.8851182639487901,1,0.8409748809412644,1,0.5525349582063901,1
2018,39,21000,0.9176367081754196,1,0.6934140802422407,1,0.4750791139240506,1
2018,39,61000,0.20603907637655416,1,0.1841620626151013,1,0.14030396847734308,1
2018,39,77000,0.7857832721653467,1,0.660981697171381,1,0.4061260210035006,1
2018,40,09050,0.11341393206678181,1,0.15958474167069048,1,0.09566326530612244,1
2018,40,23200,0.06647940074906367,1,0.08293124246079614,1,0.026593625498007967,1
2018,40,41850,0.6968101579436358,1,0.7255797610681658,1,0.627603694982793,1
2018,40,52500,0.41472868217054265,1,0.37971239797901285,1,0.2781802376122863,1
2018,40,55000,0.33105313394845687,1,0.14933055955619565,1,0.24218438410799203,1
2018,40,75000,0.6655320528405868,1,0.5897408609588677,1,0.3541680683576667,1
2018,41,05350,0.05434782608695652,1,0.0733921815889029,1,0.025590062111801242,1
2018,41,05800,0.008849557522123894,1,0.01717369970559372,1,0.011936145284124195,1
2018,41,23850,0.10027855153203342,1,0.15502240970208278,1,0.09970303911038099,1
2018,41,31250,0.14258188824662812,1,0.13510747185261002,1,0.06526743398781314,1
2018,41,34100,0.010582010582010581,1,0.05365172895022484,1,0.014322916666666666,1
2018,41,47000,0.2033898305084746,1,0.3564060803474484,1,0.3261118752865658,1
2018,41,59000,0.3633217993079585,1,0.3230596456201647,1,0.10748472750012025,1
2018,41,64900,0.3489278752436647,1,0.5181368794820024,1,0.1943670690188796,1
2018,42,02000,0.8126153846153846,1,0.8647389250606409,1,0.21615623612960497,1
2018,42,06088,0.30480046269519956,1,0.44894204231830726,1,0.13425525785076348,1
2018,42,24000,0.7683159906561903,1,0.6829871414441148,1,0.3454146489104116,1
2018,42,60000,0.9311568833391684,1,0.9057101024890191,1,0.5270300251442095,1
2018,42,61000,0.7950342626490191,1,0.4232749742533471,1,0.16193070278759325,1
2018,42,63624,0.82953181272509,1,0.9178976093017738,1,0.1928763440860215,1
2018,42,69000,0.7959839357429719,1,0.8155463523415101,1,0.7816166883963495,1
2018,44,19180,0.3026052104208417,1,0.36515513126491644,1,0.09248232229251954,1
2018,44,54640,0.9412886008387342,1,0.8425644916540213,1,0.7964285714285714,1
2018,44,59000,0.9359301830566198,1,0.9557995956946949,1,0.8001576665352779,1
2018,44,74300,0,1,0,1,0,1
2018,45,13330,0.5323375870069605,1,0.2580213903743315,1,0.1233362910381544,1
2018,45,16000,0.7418559422101827,1,0.5784152363037856,1,0.27724083145769896,1
2018,45,48535,0,1,0,2,0,1
2018,45,50875,0.8778915434205536,1,0.8991507430997877,1,0.45166959578207383,1
2018,46,59020,0.4836722119531731,1,0.4664462809917355,1,0.13913528591352858,1
2018,47,14000,0.8924972004479284,1,0.9326647564469914,1,0.5455856895556838,1
2018,47,15160,0.346434309726857,1,0.2809295967190704,1,0.25040691123075,1
2018,47,27740,0,1,0,1,0,1
2018,47,40000,0.6913722478238608,1,0.47816553992325966,1,0.23221167673281565,1
2018,47,48000,0.9645880429031792,1,0.9535849867488002,1,0.6265080428954424,1
2018,47,51560,0.31158383982838755,1,0.37550066755674233,1,0.12975531854217762,1
2018,47,52006,0.739203522113268,1,0.7810536836093661,1,0.3762684959464822,1
2018,48,01000,0.5014061872237846,1,0.49570234310608735,1,0.3050811498886178,1
2018,48,01924,0.10462928114414753,1,0.15662240381341505,1,0.035581838227924226,1
2018,48,03000,0.7674294837679617,1,0.7330621796300424,1,0.3528863517213258,1
2018,48,04000,0.588320184721955,1,0.7184796527062057,1,0.33293978748524206,1
2018,48,05000,0.6275994010979871,1,0.6822136696769933,1,0.10469924812030075,1
2018,48,06128,0.7538968824940048,1,0.8044381772302212,1,0.6681139755766622,1
2018,48,07000,0.8623626607614343,1,0.8636447054505414,1,0.4255177020708083,1
2018,48,10768,1,1,1,1,1,1
2018,48,10912,0.9737347853939782,1,0.9804022692109334,1,0.8646864686468647,1
2018,48,13024,0.25462962962962965,1,0.5398672528230325,1,0.13352272727272727,1
2018,48,13552,0,1,0,1,0,1
2018,48,15976,0.003680336487907466,1,0.005710850616170725,1,0.008391241641536646,1
2018,48,16432,0.3994678829342455,1,0.637940234791889,1,0.4675221238938053,1
2018,48,17000,0.6498422712933754,1,0.6757754276385833,1,0.41974280692015914,1
2018,48,19000,0.9131893121091529,1,0.9413563347531448,1,0.3521873619089704,1
2018,48,19972,0.2788135593220339,1,0.31507242219991394,1,0.17174835970667696,1
2018,48,22660,0.7835820895522388,1,0.7161256128262886,1,0.7272727272727273,1
2018,48,24000,0.8077024531785808,1,0.9164806420246785,1,0.719136449381681,1
2018,48,26232,0,1,0,1,0,1
2018,48,27000,0.7702916429429999,1,0.7730802972442976,1,0.25374207056029496,1
2018,48,27684,0,1,0,1,0,1
2018,48,29000,0.6793444263730765,1,0.7428349212521874,1,0.5909627381554544,1
2018,48,30464,0.6561021239132827,1,0.8254311207137999,1,0.6516101145450616,1
2018,48,35000,0.8661187554810521,1,0.8807995199030748,1,0.3685483870967742,1
2018,48,37000,0.730219414893617,1,0.9136216337020896,1,0.7041763341067285,1
2018,48,39148,0.5994348001614856,1,0.6236713000817662,1,0.5458104933437745,1
2018,48,41464,0.8970588235294118,1,0.9595645643412697,1,0.9030172413793104,1
2018,48,41980,0.01843817787418655,1,0.05196770938446014,1,0.011306209850107066,1
2018,48,42508,0.5266018306636155,1,0.5918568056648308,1,0.25879444761361475,1
2018,48,43888,0.617060307268975,1,0.6308823529411764,1,0.3824510212588579,1
2018,48,45000,0.7610542365497713,1,0.590913077800193,1,0.2858990944372574,1
2018,48,45384,0.7040816326530612,1,0.662859393461993,1,0.4427947598253275,1
2018,48,45744,0.065358112340780955,1,0.17310269216713364,1,0.02568073299780617,1
2018,48,47892,0.828598092077976,1,0.8951180257510729,1,0.7953918865695155,1
2018,48,48072,0.4539040451552211,1,0.46458832933653077,1,0.2280743565300286,1
2018,48,48768,0.6056338028169014,1,0.8696732675857378,1,0.7153024911032029,1
2018,48,50820,0.0875,1,0.11469780219780219,1,0.07119522361158048,1
2018,48,53388,0.4938716654650324,1,0.5678832661591282,1,0.3731749212711137,1
2018,48,56000,0.8938271604938272,1,0.9282854894446916,1,0.635846372688478,1
2018,48,56348,0.01476757845276053,1,0.05621824607908107,1,0.015899675288321577,1
2018,48,57200,0.95,1,0.889146110056926,1,0.9121951219512195,1
2018,48,58016,0.12715167262098084,1,0.23369043811960347,1,0.04942119323241318,1
2018,48,61796,0.5850043591979076,1,0.4711512537071987,1,0.23922178988326848,1
2018,48,63500,0.21653318077803205,1,0.26567093032493844,1,0.08173184775293502,1
2018,48,64472,0.4528,1,0.5126050420168067,1,0.3944602035708326,1
2018,48,65000,0.5909249563699825,1,0.6523970218447198,1,0.25340976477564736,1
2018,48,70808,0.019965277777777776,1,0.06735751295336788,1,0.007533524182612626,1
2018,48,72176,0.7762813318368874,1,0.6954843689695098,1,0.4222272830790253,1
2018,48,74144,0.7385076615589606,1,0.8412032816773017,1,0.4456742010911925,1
2018,48,76000,0.9002561398222089,1,0.8908917710852202,1,0.40034537343502663,1
2018,48,79000,0.6323040380047505,1,0.6014833574529667,1,0.41642452974460925,1
2018,49,43660,0,1,0,1,0,1
2018,49,44320,0,1,0,1,0,1
2018,49,55980,0.284037558685446,1,0.41238784996216626,1,0.11874313118193626,1
2018,49,57300,0,1,0,1,0,1
2018,49,62470,0.08629441624365482,1,0.09545259545259545,1,0.025401720499918845,1
2018,49,65330,0,3,0,1,0,1
2018,49,67000,0.451277609354699,1,0.49265894832158336,1,0.08708986933324814,1
2018,49,67440,0.1672473867595819,1,0.1398016119032858,1,0.027699410105155167,1
2018,49,70850,0,1,0,1,0,1
2018,49,82950,0,1,0,1,0,1
2018,49,83470,0.26559139784946234,1,0.2701600251019768,1,0.21278114958943234,1
2018,51,01000,0.3083589600223651,1,0.3230504140959369,1,0.11426789550273717,1
2018,51,16000,0.20435143914784318,1,0.14199698946312092,1,0.042851213944801826,1
2018,51,35000,0.33344721557909124,1,0.265527950310559,1,0.19297096703776467,1
2018,51,47672,0.6260144274120829,1,0.469119579500657,1,0.30966882375333077,1
2018,51,56000,0.8292842215256009,1,0.8063757512411811,1,0.6781061328249126,1
2018,51,57000,0.6229683972911964,1,0.5294500488122356,1,0.2980142724170028,1
2018,51,64000,0.5785180817610063,1,0.4535637149028078,1,0.31268882175226587,1
2018,51,67000,0.6750990452685588,1,0.6101187174081881,1,0.18879289364808957,1
2018,51,68000,0.8714140090286879,1,0.7253521126760564,1,0.3630405175348996,1
2018,51,76432,0.1982406935237124,1,0.12296110414052698,1,0.07844006204298692,1
2018,51,82000,0.2009166356992444,1,0.0924704418170504,1,0.031194268959888763,1
2018,53,03180,0.10036026762738035,1,0.04598214285714286,1,0.06422498364944408,1
2018,53,05210,0,1,0,1,0,1
2018,53,05280,0.005263157894736842,1,4.492362982929021e-4,1,6.887052341597796e-4,1
2018,53,22640,0.019646365422396856,1,0.02520029133284778,1,0.018657061051076014,1
2018,53,23515,0.18831425187524675,1,0.12008154943934761,1,0.06496461071789686,1
2018,53,35275,0.19536423841059603,1,0.2036071579540651,1,0.09211709461484664,1
2018,53,35415,0.024374176548089592,1,0.05331330955509668,1,0.019391567336772816,1
2018,53,35940,0,1,0,1,0,1
2018,53,53545,0.11299435028248588,1,0.22396587186714406,1,0.030015449128227765,1
2018,53,57745,0.005753138075313808,1,0.0019342359767891683,1,0.001605839416058394,1
2018,53,63000,0.11968426245683275,1,0.037813854996470705,1,0.007296836802726128,1
2018,53,67000,0.406764960971379,1,0.35130255352076345,1,0.22083547463475517,1
2018,53,67167,0.05945945945945946,1,0.2075134168157424,1,0.02820601451780159,1
2018,53,70000,0.1807919727647375,1,0.1658,1,0.08388442061364314,1
2018,53,74060,0.016091954022988506,1,0.026543063148720385,1,0.007469621157969978,1
2018,53,80010,0.025806451612903226,1,0.06769958309999377,1,0.010272565401999726,1
2018,55,02375,0.030037546933667083,1,0.013873473917869035,1,0.006347897774113768,1
2018,55,31000,0.4494274809160305,1,0.4299215120935448,1,0.09731841591191617,1
2018,55,39225,0.4371807967313585,1,0.34838929606272373,1,0.1373519913885899,1
2018,55,48000,0.2775139376419575,1,0.25442749430124495,1,0.10855090240056071,1
2018,55,53000,0.9061807321682727,1,0.8124947056332062,1,0.4540748898678414,1
2018,55,66000,0.6008412197686646,1,0.5406101426307448,1,0.2930004594884362,1
2017,01,03076,0,1,0,1,0,1
2017,01,07000,0.9368280624656674,1,0.7825732899022801,1,0.13905386033176326,1
2017,01,35896,0,1,0,1,0,1
2017,01,37000,0.7928112215078901,1,0.7508069722401549,1,0.3184303006638032,1
2017,01,50000,0.8828803322008305,1,0.7344461305007587,1,0.576448761322711,1
2017,01,51000,0.8581465670579865,1,0.9079136690647482,1,0.45996978851963743,1
2017,01,77256,0.7159543403238652,1,0.7153284671532847,1,0.17539552645935624,1
2017,02,03000,0.49794801641586867,1,0.33579175704989156,1,0.1346645152615302,1
2017,04,04720,0.3948374760994264,1,0.3717186726102031,1,0.25650916104146576,1
2017,04,07940,0.2926829268292683,1,0.390266405258909,1,0.20441197536169603,1
2017,04,12000,0.1834916864608076,1,0.26377432151627733,1,0.057183615243529655,1
2017,04,23620,0.18446601941747573,1,0.21651495448634592,1,0.044687349300755505,1
2017,04,27400,0,1,0,1,0,1
2017,04,27820,0.5421743205248359,1,0.5297879143131194,1,0.18743576567317574,1
2017,04,28380,0.124,1,0.11826581378820185,1,0.029435290353543433,1
2017,04,46000,0.4868646487721302,1,0.5550039655729518,1,0.17604058272632675,1
2017,04,54050,0.3580071174377224,1,0.44269401564812855,1,0.13021153094826143,1
2017,04,55000,0.6921883656509695,1,0.8047773764868295,1,0.2144184976010481,1
2017,04,65000,0.20081135902636918,1,0.30289492494639025,1,0.028956923214846025,1
2017,04,71510,0.13583441138421734,1,0.13348384365740087,1,0.05412619559575888,1
2017,04,73000,0.394782011671816,1,0.3840877914951989,1,0.13915693245302183,1
2017,04,77000,0.6426970489353754,1,0.6872622478386167,1,0.25726835964310224,1
2017,04,85540,0.5304136253041363,1,0.5926487503921364,1,0.29120636323464427,1
2017,05,23290,0.3383137673425827,1,0.31189710610932475,1,0.14996466431095407,1
2017,05,24550,0.8347010550996483,1,0.8860040567951318,1,0.529640921409214,1
2017,05,35710,0.7221258134490238,1,0.6308139534883721,1,0.29193406316849124,1
2017,05,41000,0.6703089675960814,1,0.7316112084063048,1,0.22478898267436695,1
2017,05,66080,0.7171532846715328,1,0.7829144786196549,1,0.4537281861448969,1
2017,06,00562,0.1021377672209026,1,0.06036446469248292,1,0.027658266748617086,1
2017,06,00884,0.37362637362637363,1,0.4235604217356042,1,0.44029850746268656,1
2017,06,02000,0.7872744539411206,1,0.8983126949617166,1,0.3013433042514887,1
2017,06,02252,0.4666337123084528,1,0.5219172470299058,1,0.36469014712438697,1
2017,06,02364,0.600375234521576,1,0.5493958777540867,1,0.005908419497784343,1
2017,06,03526,0.7280898876404495,1,0.7306008395786654,1,0.35545695216078155,1
2017,06,04982,0.9673758865248226,1,0.9837168910117239,1,0.7631578947368421,1
2017,06,06000,0.05195638229634381,1,0.046270442760271244,1,0.0037660055234747677,1
2017,06,08786,0.4348958333333333,1,0.4670805423950335,1,0.2508108108108108,1
2017,06,08954,0.0024330900243309003,1,0.0030245746691871457,1,4.21822272215973e-4,1
2017,06,11194,0,1,0,1,0,1
2017,06,11530,0.7813923227065712,1,0.6742094574992747,1,0.6043010752688172,1
2017,06,13014,0.1359773371104816,1,0.1718443884690736,1,0.08724980648015039,1
2017,06,13210,0.22418879056047197,1,0.41864614698338354,1,0.19939577039274925,1
2017,06,13214,0.03929273084479371,1,0.01062106210621062,1,0.0023333333333333335,1
2017,06,13392,0.1272824919441461,1,0.24244915276709714,1,0.11213574326816673,1
2017,06,13588,0.5786516853932584,1,0.5683317624882187,1,0.3849436147516001,1
2017,06,14218,0.1536189069423929,1,0.15857443187506257,1,0.0656846396146007,1
2017,06,15044,0.9997219132369299,1,1,1,1,1
2017,06,16000,0.35429447852760737,1,0.49278301324108315,1,0.10250391236306729,1
2017,06,16350,0.09448818897637795,1,0.24534670174219486,1,0.039664551223934724,1
2017,06,16532,0.4785276073619632,1,0.6872326775021386,1,0.2777777777777778,1
2017,06,17918,0,1,0,1,0,1
2017,06,19766,0.2803347280334728,1,0.21143717080511662,1,0.1511627906976744,1
2017,06,21712,0.5409836065573771,1,0.4103769321160626,1,0.3125531139978147,1
2017,06,22020,0.007208073041806823,1,0.006344612644701692,1,0.004247186239116585,1
2017,06,22230,1,2,1,1,1,1
2017,06,22804,0.3646833013435701,1,0.5684610006990912,1,0.0943163097199341,1
2017,06,23182,0.36256218905472637,1,0.4351042367182246,1,0.14822912111937037,1
2017,06,24638,0,1,0,1,0,1
2017,06,24680,0.5520945220193341,1,0.7939657515629247,1,0.4743840438013297,1
2017,06,26000,0.038461538461538464,1,0.03911753800519095,1,0.024242424242424242,1
2017,06,27000,0.7093872962338392,1,0.7592739834946399,1,0.31783435829645384,1
2017,06,28000,0.12578616352201258,1,0.18254336332436694,1,0.03231244731666198,1
2017,06,29000,0.5964912280701754,1,0.8027236720742228,1,0.30445043830074175,1
2017,06,30000,0.2,1,0.3235294117647059,1,0.24051867017646486,1
2017,06,32548,0.7923863235812478,1,0.786573652815691,1,0.23894736842105263,1
2017,06,33000,0.4129821260583255,1,0.5359315589353613,1,0.30775510204081635,1
2017,06,33182,0.8891951488423374,1,0.860306223246625,1,0.7467980295566502,1
2017,06,33434,0.8858049167327517,1,0.8649399347267551,1,0.7886100386100386,1
2017,06,36000,0.023255813953488372,1,0.10313841201716738,1,0.0031042128603104213,1
2017,06,36448,0.7014925373134329,1,0.7748311053615063,1,0.3631656804733728,1
2017,06,36546,0.8960553374462517,1,0.9553877831159918,1,0.5272727272727272,1
2017,06,36770,0,1,0,1,0,1
2017,06,37692,0.5689655172413793,1,0.7071164129987659,1,0.4771205357142857,1
2017,06,39496,0.012422360248447204,1,0.1266551525618883,1,0.010372771474878443,1
2017,06,39892,0.2513730460498521,1,0.3643932481751825,1,0.09434865900383142,1
2017,06,40130,0.8491185410334346,1,0.8051906947301788,1,0.5377649722165054,1
2017,06,41992,0.12195121951219512,1,0.21999528413110114,1,0.03258563200969991,1
2017,06,43000,0.5979071445754149,1,0.6630366819508129,1,0.08027387557549286,1
2017,06,44000,0.8115978445989335,1,0.9265022571405604,1,0.2930908711963318,1
2017,06,45484,0.1801125703564728,1,0.294472604392952,1,0.18078348332451033,1
2017,06,46842,0,1,0,1,0,1
2017,06,46898,0.71521942110177406,1,0.7423409269442263,1,0.5099166427134234,1
2017,06,47766,0,1,0,1,0,1
2017,06,48256,0.019138755980861243,1,0.04766203285791659,1,0.0054727526781555656,1
2017,06,48354,0.5192076830732293,1,0.6409743867732756,1,0.3392116182572614,1
2017,06,49270,0.7127350558018651,1,0.7855340913017935,1,0.6692388635566467,1
2017,06,49670,0.009174311926605505,1,0.08754071661237785,1,0.006746626686656672,1
2017,06,50076,0,1,0,1,0,1
2017,06,50258,0.18072289156626506,1,0.2090842669264491,1,0.03223753976670202,1
2017,06,51182,0,1,0,1,0,1
2017,06,52526,0.892128279883382,1,0.8331260880378015,1,0.8082901554404145,1
2017,06,53000,0.7047316103379722,1,0.84059151831181,1,0.18780952380952382,1
2017,06,53322,0.24336618650492797,1,0.24662561423151086,1,0.04690117252931323,1
2017,06,53896,0.3986280487804878,1,0.7621237629860798,1,0.28680981595092025,1
2017,06,53980,0.4723926380368098,1,0.6516510961058182,1,0.2231005709266579,1
2017,06,54652,0.5557692307692308,1,0.7391700404858299,1,0.47436908517350157,1
2017,06,55156,0.7012815680361855,1,0.731908977829809,1,0.455858310626703,1
2017,06,56000,0.5859269282814614,1,0.47959183673469385,1,0.34091800706159275,1
2017,06,56700,0.8800868149755833,1,0.9337364449552746,1,0.9211087420042644,1
2017,06,57456,0.589994842702424,1,0.6342894393741851,1,0.5705329153605015,1
2017,06,57792,0,1,0,1,0,1
2017,06,58072,0.7934224049331963,1,0.8882661996497373,1,0.5106382978723404,1
2017,06,59444,0.5468036529680366,1,0.560320781032078,1,0.36026711185308846,1
2017,06,59451,0.1291248206599713,1,0.16502094554159186,1,0.05194805194805195,1
2017,06,59920,0.35294117647058826,1,0.32428825622775803,1,0.1898097959988174,1
2017,06,60102,0.2838709677419355,1,0.3020245145296791,1,0.013915857605177993,1
2017,06,60466,0.825134168157424,1,0.906568791493496,1,0.784370477568741,1
2017,06,60620,0.707532667179093,1,0.7690795658490728,1,0.34296482412060303,1
2017,06,62000,0.4910762574364521,1,0.6340285196711413,1,0.2755075138412866,1
2017,06,62938,0.0046801872074883,1,0.033733562035448826,1,0.005766002481570688,1
2017,06,64000,0.7085875175973722,1,0.6886007224104278,1,0.3725532005629238,1
2017,06,64224,0.4470588235294118,1,0.6918057791712566,1,0.22848392036753445,1
2017,06,65000,0.8845192467922013,1,0.9120403368443283,1,0.7766290726817042,1
2017,06,65042,0.051643192488262914,1,0.1407158836689038,1,0.018933371874548344,1
2017,06,66000,0.4781265653698447,1,0.46670838711359697,1,0.047229330274419834,1
2017,06,67000,0.37113200156678416,1,0.4477356573811688,1,0.09885487263379295,1
2017,06,68000,0.16293341515802393,1,0.35700757575757575,1,0.02940626460963067,1
2017,06,68084,0.255781359495445,1,0.22173246454580298,1,0.11395101171458999,1
2017,06,68196,0.1,1,0.19747988140618383,1,0.03160193059066881,1
2017,06,68252,0.04666666666666667,1,0.007750540735400144,1,0.0014285714285714286,1
2017,06,68378,0,1,0,1,0,1
2017,06,69000,0.6694915254237288,1,0.9221398027751113,1,0.13184238551650693,1
2017,06,69070,0.14705882352941177,1,0.31217232733074995,1,0.04456360946745562,1
2017,06,69084,0.05141388174807198,1,0.09508196721311475,1,0.023238925199709513,1
2017,06,69088,0,1,0,1,0,1
2017,06,69196,0.45614035087719296,1,0.737610829639012,1,0.14861938278289116,1
2017,06,70000,0,1,0,1,0,1
2017,06,70098,0.14580031695721077,1,0.39089889629935665,1,0.0523099712989538,1
2017,06,72016,0.00390625,1,0.11350182149362477,1,0.009931766489764973,1
2017,06,73080,1,1,1,1,1,1
2017,06,75000,0.700581726930535,1,0.7314614000276868,1,0.4397072043148838,1
2017,06,77000,0,1,0,1,0,1
2017,06,78120,0.02830188679245283,1,0.033143399810066476,1,0.008672837256759712,1
2017,06,78582,0.04739336492890995,1,0.1594459180666077,1,0.014105147462905294,1
2017,06,80000,0.10724925521350546,1,0.14975322017575537,1,0.0142967542503864,1
2017,06,80238,0.13058419243986255,1,0.2815292949354518,1,0.09060887512899897,1
2017,06,80854,0.25523012552301255,1,0.4441781253942223,1,0.06935123042505593,1
2017,06,81344,0.3947065592635213,1,0.3833740831295844,1,0.13102686786897313,1
2017,06,81554,0.05755395683453238,1,0.12849599061216507,1,0.01898101898101898,1
2017,06,81666,0.6323717130456983,1,0.6734118427599933,1,0.5081809432146295,1
2017,06,82590,0.9086989126359205,1,0.8257611798287345,1,0.6106126634196359,1
2017,06,82954,0.4573804573804574,1,0.4673550657529172,1,0.25987350667603654,1
2017,06,82996,0.2486910994764398,1,0.456809024979855,1,0.15608391608391609,1
2017,06,84200,0.3933333333333333,1,0.3781141595711132,1,0.22351797862001943,1
2017,06,84550,0.6904761904761905,1,0.8465854130392726,1,0.5068807339449541,1
2017,06,85292,0.30701754385964913,1,0.3726272193887334,1,0.14780405405405406,1
2017,08,03455,0.14285714285714285,1,0.16119458356520125,1,0.039030555349044684,1
2017,08,04000,0.35335382675179317,1,0.45641952983725137,1,0.11347457627118644,1
2017,08,07850,0.0423728813559322,1,0.11090775988286969,1,0.01942914371557336,1
2017,08,12815,0.12725546058879392,1,0.33023975251353443,1,0.016973260003792907,1
2017,08,16000,0.4014943580359866,1,0.3941674876847291,1,0.1684342332428997,1
2017,08,20000,0.38053382791710344,1,0.42525995785400905,1,0.13527242933224087,1
2017,08,27425,0.10569105691056911,1,0.20453224869262057,1,0.06488141524105755,1
2017,08,32155,0.5,1,0.4509838216003498,1,0.1654551201011378,1
2017,08,43000,0.18979591836734694,1,0.20872843596481205,1,0.06256916659572657,1
2017,08,45970,0.16666666666666666,1,0.3984305596683447,1,0.08154020385050963,1
2017,08,46465,0.16393442622950818,1,0.20313565098841171,1,0.10801609408851749,1
2017,08,62000,0.54216867469879515,1,0.6173068596523783,1,0.4583063156529633,1
2017,08,77290,0.20812182741116753,1,0.17610184202912527,1,0.043348102023709735,1
2017,08,83835,0.1553133514986376,1,0.23980507822518596,1,0.051405791019723035,1
2017,09,08000,0.8850587211831231,1,0.8977551884794579,1,0.8880623450230252,1
2017,09,18430,0.1130952380952381,1,0.2057689082676505,1,0.09833729216152019,1
2017,09,37000,0.6642924338126596,1,0.7752138275124733,1,0.475011256190905,1
2017,09,52000,0.735557450437007,1,0.8268635143506091,1,0.5182020802377415,1
2017,09,55990,0.06839378238341969,1,0.11481951750408126,1,0.035382308845577214,1
2017,09,73000,0.04950495049504951,1,0.016901801927643526,1,0.001487778958554729,1
2017,09,80000,0.8346987951807229,1,0.8284471148865638,1,0.6102881766765419,1
2017,11,50000,0.7510760158606432,1,0.4133644133644134,1,0.08177013161985698,1
2017,12,07300,0.19539375928677563,1,0.11039558417663294,1,0.08866675321303388,1
2017,12,07875,0.7475567790777702,1,0.497789566755084,1,0.17754716981132077,1
2017,12,10275,0.49166666666666664,1,0.46917933130699085,1,0.36684491978609624,1
2017,12,12875,0.6512059369202227,1,0.6517328825021133,1,0.40447154471544716,1
2017,12,14400,0.4400799717746678,1,0.330589397431676,1,0.23266392987906356,1
2017,12,16475,0.46021505376344085,1,0.22684887459807074,1,0.17440660474716202,1
2017,12,16725,0.9843495272253016,1,0.97165991902834,1,0.9479166666666666,1
2017,12,17200,0.47736093143596375,1,0.5066637535503605,1,0.4712103407755582,1
2017,12,17935,0,1,0,1,0,1
2017,12,24000,0.9766058683584457,1,0.8739120731979468,1,0.5794672253816223,1
2017,12,24125,0.6763195435092725,1,0.5981219973795312,1,0.31758872651356995,1
2017,12,25175,0.4870044052863436,1,0.24637112593173793,1,0.22326099053978854,1
2017,12,30000,0.9679756004574914,1,0.9596577376576788,1,0.910427807486631,1
2017,12,32000,0.8647631408176508,1,0.757665147045678,1,0.520880263385895,1
2017,12,32275,0.8115758343895226,1,0.7071056393230968,1,0.6063268892794376,1
2017,12,35000,0.6545869234668018,1,0.4773535220539829,1,0.2860000512912574,1
2017,12,36950,0.9717989139954458,1,0.9630279359195022,1,0.9331166609647622,1
2017,12,38250,0.6530920060331825,1,0.6539639984680199,1,0.4677455233010789,1
2017,12,39425,0.4186046511627907,1,0.45250212044105176,1,0.3842312348668281,1
2017,12,43975,0.4489571899012075,1,0.3741403026134801,1,0.3088202120460185,1
2017,12,45000,0.8396474824009887,1,0.6767138026437135,1,0.28751505419510237,1
2017,12,45025,0.5355329949238579,1,0.46637458926615555,1,0.24888888888888888,1
2017,12,45060,0.9646017699115044,1,0.9627705627705627,1,0.9710144927536232,1
2017,12,45975,0.746468190006637,1,0.41037735849056606,1,0.45615275813295614,1
2017,12,49675,0.5197674418604651,1,0.5632424877707897,1,0.5101234567901235,1
2017,12,53000,0.738853190758817,1,0.5423932299673504,1,0.2535258656946586,1
2017,12,54000,0.6794986571172784,1,0.6696367374914325,1,0.6295077652013688,1
2017,12,54200,0.41737032569360677,1,0.4438166980539862,1,0.3931746031746032,1
2017,12,55775,0.24426534407935524,1,0.12243689392257014,1,0.08876725368871966,1
2017,12,57425,0.7740664611168209,1,0.5835492227979274,1,0.49392871132001565,1
2017,12,58050,0.9592985211359769,1,0.897677979076295,1,0.7256846081208688,1
2017,12,58715,0,1,0,1,0,1
2017,12,63000,0,1,0,1,0,1
2017,12,69700,0.8507309038501132,1,0.6179564237415477,1,0.6270967741935484,1
2017,12,70600,0.6445907808090311,1,0.4201009251471825,1,0.19016758313694684,1
2017,12,71000,0.7845878998179132,1,0.6703368940016434,1,0.346389474741388,1
2017,12,76600,0.829400807202732,1,0.8093067014039659,1,0.4417574303119808,1
2017,13,03440,0.9653984656333177,1,0.9894508222153273,1,0.9161140583554377,1
2017,13,04000,0.7057495639087458,1,0.44295812115223837,1,0.07326650344158545,1
2017,13,04204,0.9810339221848922,1,0.974539069359087,1,0.8916083916083916,1
2017,13,19000,0.8390934844192635,1,0.6861808044603743,1,0.37266371807675847,1
2017,13,42425,0,1,0,1,0,1
2017,13,49008,0.9693419467863791,1,0.9402220324508966,1,0.7196450181524808,1
2017,13,67284,0.14384449244060477,1,0.3340270551508845,1,0.03673527730131504,1
2017,13,68516,1,1,1,1,1,1
2017,13,69000,0.7303389455028799,1,0.5469348659003831,1,0.2562662648952198,1
2017,13,80508,0.7691191983122363,1,0.6900804289544236,1,0.4911672445104837,1
2017,15,71550,NA,NA,NA,NA,NA,NA
2017,16,08830,0.22648335745296672,1,0.15036154827732878,1,0.0658418324694867,1
2017,16,52120,0.04024767801857585,1,0.03194544149318019,1,0.016056580330689095,1
2017,16,56260,0.09803921568627451,1,0.2082677728508082,1,0.13172397733447178,1
2017,17,02154,0.03333333333333333,1,0.20033528918692373,1,0.020070086014654348,1
2017,17,03012,0.3789159622078568,1,0.6656311236438369,1,0.0815729606759831,1
2017,17,06613,0.2740506329113924,1,0.36965998256320837,1,0.1719191480113019,1
2017,17,12385,0.2957334891876096,1,0.1690017513134851,1,0.12570412096056924,1
2017,17,14000,0.9252053328706114,1,0.901411904245977,1,0.3707494568205021,1
2017,17,14351,0.9810725552050473,1,0.9918172296412674,1,0.9960707269155207,1
2017,17,23074,0.8877166541070083,1,0.8920199100834939,1,0.4820528967254408,1
2017,17,24582,0.008832565284178187,1,0.0013519603424966202,1,0.0010239606799098914,1
2017,17,38570,0.7012796307950493,1,0.7404388171017258,1,0.29984633115635806,1
2017,17,51622,0,1,0,1,0,1
2017,17,59000,0.8479169304799291,1,0.771213073538655,1,0.364870340356564,1
2017,17,65000,0.6229712858926342,1,0.6071612570839773,1,0.5015330188679246,1
2017,17,68003,0,1,0,1,0,1
2017,17,72000,0.8071678321678322,1,0.6494845360824743,1,0.6901180656639172,1
2017,17,79293,0.9829592684954281,1,0.9847751405371643,1,0.9904912836767037,1
2017,18,05860,0.2676518883415435,1,0.1491628614916286,1,0.08832476660023078,1
2017,18,10342,0,1,0,1,0,1
2017,18,22000,0.6594659465946595,1,0.5288288288288289,1,0.26446640561874574,1
2017,18,23278,0,1,0,1,0,1
2017,18,25000,0.651473896057772,1,0.6486531151875723,1,0.2555971668159244,1
2017,18,31000,0.9774227902023429,1,0.9431179775280899,1,0.9497175141242938,1
2017,18,36003,NA,NA,NA,NA,NA,NA
2017,18,71000,0.7620336086585019,1,0.7228103946102021,1,0.5114529914529915,1
2017,19,12000,0.27576112412177983,1,0.20059435364041606,1,0.09514291425144913,1
2017,19,19000,0.3311048557353976,1,0.31197218082463984,1,0.2016359918200409,1
2017,19,21000,0.40298953662182363,1,0.4652732418898324,1,0.24037011651816312,1
2017,19,73335,0.3087719298245614,1,0.31688643130582733,1,0.11151027446472195,1
2017,20,36000,0.8648077735530207,1,0.8822739480752014,1,0.620892594409024,1
2017,20,38900,0,1,0,1,0,1
2017,20,52575,0.03887884267631103,1,0.14291354125542835,1,0.017183288409703505,1
2017,20,53775,0,1,0,1,0,1
2017,20,71000,0.5874683085838465,1,0.5552534472713149,1,0.210929479586196,1
2017,20,79000,0.6396878007056559,1,0.7225842383737121,1,0.40265070965827604,1
2017,21,46027,0.6192562513357555,1,0.6226885823304961,1,0.29085872576177285,1
2017,21,48006,0.7659222737819026,1,0.8148261758691207,1,0.5851206089595227,1
2017,22,05000,0.8923451753640433,1,0.8663782132858233,1,0.4373398685529687,1
2017,22,40735,0.6238692734169828,1,0.3899018232819074,1,0.21257421543681085,1
2017,22,41155,0.762121799844841,1,0.48552754435107376,1,0.10539353676387794,1
2017,22,55000,0.8883899615825974,1,0.6892773284633447,1,0.10933333333333334,1
2017,22,70000,0.759508011005017,1,0.5850234009360374,1,0.29324530218384964,1
2017,24,04000,0.6160795318221174,1,0.522327387452979,1,0.2131124246902353,1
2017,24,30325,0.08487458829490753,1,0.21652139461172742,1,0.015016424213984044,1
2017,25,07000,0.743616287094548,1,0.7204241071428571,1,0.15137130801687765,1
2017,25,09000,0.3943606036536934,1,0.4519490544191432,1,0.25360954174513495,1
2017,25,11000,0.10380622837370242,1,0.029953917050691243,1,0.002385008517887564,1
2017,25,23000,0.6605405405405406,1,0.7091031239502855,1,0.5095096390218657,1
2017,25,34550,0.7,1,0.7472911809079688,1,0.7335581787521079,1
2017,25,37000,0.4979892761394102,1,0.5829240649792218,1,0.4328068043742406,1
2017,25,37490,0.47231833910034604,1,0.5494926287574191,1,0.3248652809853734,1
2017,25,45000,0.8396579369321219,1,0.8532974427994616,1,0.6460427580348294,1
2017,25,45560,0,1,0,1,0,1
2017,25,55745,0.07865168539325842,1,0.07522935779816514,1,0.042177191328934965,1
2017,25,62535,0.2880658436213992,1,0.22596388482186433,1,0.15225878416062466,1
2017,25,67000,0.8642338291248702,1,0.9274917731050254,1,0.8114159571113213,1
2017,25,82000,0.47953100158982515,1,0.6160675046145733,1,0.33570359281437123,1
2017,26,03000,0.07737440410707737,1,0.029243483788938335,1,0.059348589877504514,1
2017,26,21000,0.7478552778813875,1,0.6967670011148273,1,0.7221645150121185,1
2017,26,22000,0.9705100246218783,1,0.9887267904509284,1,0.8685729997250481,1
2017,26,27440,0,1,0,1,0,1
2017,26,29000,0.904455754978123,1,0.7951030927835051,1,0.7337621913260013,1
2017,26,34000,0.668845487478343,1,0.7158730158730159,1,0.1853132289236921,1
2017,26,46000,0.7406138027730176,1,0.7346192218157632,1,0.5624884962267623,1
2017,26,49000,0.08773630634997576,1,0.04329004329004329,1,0.04403787809138549,1
2017,26,69035,0.08,1,0.024330900243309004,1,0.0027791563275434243,1
2017,26,74900,0.714768122467357,1,0.6893203883495146,1,0.20397111913357402,1
2017,26,76460,0.34078947368421053,1,0.21135029354207435,1,0.29175876223555414,1
2017,26,80700,0,1,0,1,0,1
2017,26,84000,0.7980691874497184,1,0.6294642857142857,1,0.3627857522594365,1
2017,26,86000,0.21732799417546414,1,0.142570281124498,1,0.1654067674586033,1
2017,26,88940,0.6749521988527725,1,0.7448659096400096,1,0.4128862590401052,1
2017,27,06616,0.12100344318740777,1,0.13945409429280398,1,0.01121595157557415,1
2017,27,07966,0.3541238291066941,1,0.4210122699386503,1,0.14732650739476677,1
2017,27,17000,0.317741935483871,1,0.17857142857142858,1,0.09827982907855812,1
2017,27,43000,0.7062352689093636,1,0.6336057315571476,1,0.12769127616777173,1
2017,27,51730,0.03937463810075275,1,0.0055617352614015575,1,0.0027144408251900108,1
2017,27,54880,0.19843430905377807,1,0.06946039035591274,1,0.023582308680491833,1
2017,27,58000,0.6486486486486487,1,0.5352112676056338,1,0.027972027972027972,1
2017,27,71428,0,1,0,1,0,1
2017,28,36000,0.9889130354709197,1,0.9978632478632479,1,0.9795597484276729,1
2017,29,15670,0.43708971553610504,1,0.3907949790794979,1,0.20688717716357047,1
2017,29,35000,0.6483166515013649,1,0.66752,1,0.5437384122703522,1
2017,29,38000,0.8643219724437998,1,0.790470948973976,1,0.29403675459432427,1
2017,29,41348,NA,NA,NA,NA,NA,NA
2017,29,54074,NA,NA,NA,NA,NA,NA
2017,29,65000,0.9289903644742354,1,0.4450402144772118,1,0.14846235418875928,1
2017,29,70000,0.7492781520692974,1,0.6695855224751898,1,0.5135522093310294,1
2017,30,06550,0.12605042016806722,1,0.16263879817112997,1,0.05612569891712082,1
2017,31,28000,0.42103279306445535,1,0.36631393298059967,1,0.1594793678037617,1
2017,31,37000,0.6603964401294499,1,0.7407238995998545,1,0.1785375118708452,1
2017,32,31900,0.14967405475880052,1,0.09199369700607789,1,0.03835034013605442,1
2017,32,40000,0.5424325598159084,1,0.615788291179869,1,0.200855554445887,1
2017,32,51800,0.6725679703730467,1,0.7378993435448578,1,0.3660314830157415,1
2017,32,60600,0.3724320742213386,1,0.4824316176067533,1,0.1407185628742515,1
2017,32,68400,0.3422818791946309,1,0.4997870528109029,1,0.1609345998471449,1
2017,33,45140,0.2608695652173913,1,0.3240454076367389,1,0.15408247666312183,1
2017,33,50260,0.15422885572139303,1,0.24391157736980143,1,0.10386403253922138,1
2017,34,13690,0.33402489626556015,1,0.45062747688243066,1,0.2801511188607963,1
2017,34,21000,0.941602899718083,1,0.907077613920498,1,0.8220689655172414,1
2017,34,36000,0.864002478314746,1,0.8187653538315239,1,0.7149200710479574,1
2017,34,51000,0.9506790289693379,1,0.9905854782011394,1,0.9930915371329879,1
2017,34,57000,0.9388297872340425,1,0.9370222060429559,1,0.9882525697503671,1
2017,34,74000,0.9905843670602301,1,0.9887624051371863,1,0.7699530516431925,1
2017,35,02000,0.6985815602836879,1,0.7586616229562685,1,0.39861070056163167,1
2017,35,39380,0.7667238421955404,1,0.8361738948030836,1,0.7314834133110787,1
2017,35,63460,0.1347517730496454,1,0.19819103468840077,1,0.15172063061535854,1
2017,35,70500,0.5521472392638037,1,0.8187787261982928,1,0.3928147268408551,1
2017,36,01000,0.917684127609295,1,0.7983352251229663,1,0.27695351137487634,1
2017,36,11000,0.9425497165914113,1,0.8984439957239577,1,0.5723678664755963,1
2017,36,50617,0.16200621393697293,1,0.3530556636823667,1,0.09365135040336724,1
2017,36,51000,0.8696448560089549,1,0.8541874246158687,1,0.17087562783182889,1
2017,36,63000,0.8807551037840609,1,0.8008363016880904,1,0.27524988810980155,1
2017,36,73000,0.9543787840027288,1,0.9271242818264288,1,0.5992642960650987,1
2017,36,84000,0.8519736842105263,1,0.8448811410459588,1,0.5589096643388151,1
2017,37,02140,0.2809502055733212,1,0.4,1,0.2298333774133827,1
2017,37,10740,0.0016286644951140066,1,5.051780752715333e-4,1,1.4336917562724014e-4,1
2017,37,12000,0.6273411386850409,1,0.6647595435618703,1,0.12093673540720028,1
2017,37,14100,0.25093572009764037,1,0.3454087562960093,1,0.1899602463169382,1
2017,37,19000,0.5590118938700823,1,0.619283883238237,1,0.20206045291087568,1
2017,37,22920,0.6865910263022177,1,0.5734188817598533,1,0.351575619875531,1
2017,37,25580,0.7131216046803176,1,0.7076222980659841,1,0.4379394680525833,1
2017,37,28000,0.7221486387049301,1,0.7576313376129962,1,0.212787150594534,1
2017,37,28080,0.6662271303774517,1,0.6311881188118812,1,0.21869040050858232,1
2017,37,31400,0.6738680082864753,1,0.6893649579188983,1,0.31015507753876936,1
2017,37,55000,0.33127896421575653,1,0.3684622500533694,1,0.07727538827094597,1
2017,37,74440,0.6261495401839264,1,0.45631367706082127,1,0.15248296007789677,1
2017,37,75000,0.7235572374645223,1,0.6860497623707017,1,0.13687943262411348,1
2017,38,25700,0.05273189326556544,1,0.05113636363636364,1,0.01606867708562624,1
2017,39,01000,0.8454817987152035,1,0.7198764160659115,1,0.41368871825162434,1
2017,39,15000,0.8089065121244472,1,0.648256761159987,1,0.15683864716031293,1
2017,39,16000,0.9380509437023417,1,0.9184622918707149,1,0.5173618388877245,1
2017,39,18000,0.8635914827852665,1,0.7986179664363278,1,0.432628416247761,1
2017,39,21000,0.9351624260944662,1,0.7182410423452769,1,0.5071762990252514,1
2017,39,61000,0.2980251346499102,1,0.2011439466158246,1,0.14127946127946128,1
2017,39,77000,0.7806264126574104,1,0.6832669322709163,1,0.437241780622636,1
2017,40,09050,0.15589804386484885,1,0.2382159148504815,1,0.15894136569673928,1
2017,40,23200,0.08402555910543132,1,0.11884715025906736,1,0.04256281407035176,1
2017,40,41850,0.7029360967184801,1,0.7196029776674938,1,0.6292995900908929,1
2017,40,52500,0.5009842519685039,1,0.4568931267381804,1,0.3749030256012413,1
2017,40,55000,0.7213097269624573,1,0.7144156058852703,1,0.40871045045670823,1
2017,40,75000,0.7583450869769629,1,0.7036914782417341,1,0.45612349474763003,1
2017,41,05350,0.2160970231532525,1,0.26322664924885697,1,0.10912958115183247,1
2017,41,05800,0.05426356589147287,1,0.15222834251377065,1,0.043805212820325616,1
2017,41,23850,0.19210526315789472,1,0.3530368763557484,1,0.18438095238095237,1
2017,41,31250,0.4063157894736842,1,0.37059128630705396,1,0.27357621991319214,1
2017,41,34100,0.1856763925729443,1,0.357008760951189,1,0.14910714285714285,1
2017,41,47000,0.46923076923076923,1,0.5738338393596467,1,0.3529006318207926,1
2017,41,59000,0.6290026802087741,1,0.5602289696366352,1,0.2149820177929207,1
2017,41,64900,0.5151515151515151,1,0.7731768054073284,1,0.31064363831948844,1
2017,42,02000,0.8558758314855875,1,0.9067957222147015,1,0.24107782714633796,1
2017,42,06088,0.306327616794796,1,0.4546603475513428,1,0.12898712926692782,1
2017,42,24000,0.7337302401970848,1,0.6633428300094967,1,0.2876793373761278,1
2017,42,60000,0.9407988517611899,1,0.9212698908768914,1,0.5494844612256753,1
2017,42,61000,0.7660067600193143,1,0.4221724524076148,1,0.1715792287318057,1
2017,42,63624,0.8206429780033841,1,0.9161600962985255,1,0.1876968297291623,1
2017,42,69000,0.9704641350210971,1,0.9749399244764847,1,0.9095833333333333,1
2017,44,19180,0.3155737704918033,1,0.3598851811984212,1,0.09443538154794272,1
2017,44,54640,0.8236686390532545,1,0.745985401459854,1,0.6061162079510704,1
2017,44,59000,0.9769198489299202,1,0.9822999059682505,1,0.9166355140186916,1
2017,44,74300,0,1,0,1,0,1
2017,45,13330,0.5191240875912408,1,0.22140762463343108,1,0.11455360782715043,1
2017,45,16000,0.569048349177144,1,0.419463960447567,1,0.18458311484006293,1
2017,45,48535,NA,NA,NA,NA,NA,NA
2017,45,50875,0.8824654042243263,1,0.9048387096774193,1,0.44251864853005707,1
2017,46,59020,0.5158328055731476,1,0.48291651990137374,1,0.16266503258871373,1
2017,47,14000,0.9245098995415976,1,0.9739190116678106,1,0.6305312710154674,1
2017,47,15160,0.4444018894421039,1,0.3681424446583253,1,0.3155841743545291,1
2017,47,27740,0,1,0,1,0,1
2017,47,40000,0.6391527599486522,1,0.4373172158315461,1,0.18428146234626833,1
2017,47,48000,0.9140658664204371,1,0.9076855767828497,1,0.510704483074108,1
2017,47,51560,0.29087488240827847,1,0.3662962962962963,1,0.10977196853958016,1
2017,47,52006,0.8095632292652161,1,0.8855270177577929,1,0.5044056525353283,1
2017,48,01000,0.4941077441077441,1,0.4972205795387345,1,0.30708167954877796,1
2017,48,01924,0.10872210953346856,1,0.15616045845272206,1,0.03592064714946071,1
2017,48,03000,0.7833158447009444,1,0.7558034708136128,1,0.3719701321079839,1
2017,48,04000,0.6215126050420168,1,0.7429765570988625,1,0.3357641289998114,1
2017,48,05000,0.6469482800882425,1,0.6825475285171103,1,0.1071030614364766,1
2017,48,06128,0.6309204647006256,1,0.7113193403298351,1,0.5291491596638656,1
2017,48,07000,0.8620015304821018,1,0.8512443438914027,1,0.43730697961704756,1
2017,48,10768,1,1,1,1,1,1
2017,48,10912,0.847452229299363,1,0.8711987545407369,1,0.7140509449465899,1
2017,48,13024,0.2560747663551402,1,0.5649722570252371,1,0.14046706169397002,1
2017,48,13552,0,1,0,1,0,1
2017,48,15976,0,1,0,1,0,1
2017,48,16432,0.4398204814361485,1,0.6695471828551677,1,0.4979172205973589,1
2017,48,17000,0.6743486973947895,1,0.6991490071750376,1,0.46446588193645455,1
2017,48,19000,0.9144084414978055,1,0.9450956677050298,1,0.3514936175812607,1
2017,48,19972,0.34091903719912475,1,0.4146234676007005,1,0.26035353535353534,1
2017,48,22660,0.7954545454545454,1,0.7016870552490605,1,0.7532808398950132,1
2017,48,24000,0.8112218143681175,1,0.9130342523889057,1,0.7150945303811546,1
2017,48,26232,0,1,0,1,0,1
2017,48,27000,0.77156407155134,1,0.7745919542512212,1,0.2817012421968598,1
2017,48,27684,0,1,0,1,0,1
2017,48,29000,0.6011504099865378,1,0.6613221796212385,1,0.470652343141834,1
2017,48,30464,0.6276333482743165,1,0.8167164902641997,1,0.6282983586120923,1
2017,48,35000,0.8512628554143981,1,0.8650582517958968,1,0.35666541494555015,1
2017,48,37000,0.7418879056047197,1,0.9016728760318504,1,0.7079792256846081,1
2017,48,39148,0.535976869062371,1,0.5654289643499418,1,0.49318225465719223,1
2017,48,41464,0.9230769230769231,1,0.9705847326426105,1,0.9443690637720489,1
2017,48,41980,0.02516411378555799,1,0.06336732987794683,1,0.015656085113744486,1
2017,48,42508,0.24281233664401464,1,0.330424819319584,1,0.07930258717660292,1
2017,48,43888,0.7599009900990099,1,0.7545539906103287,1,0.44130879345603274,1
2017,48,45000,0.7637046861184792,1,0.5985809312638581,1,0.2922432493081008,1
2017,48,45384,0.5925925925925926,1,0.6628726910400858,1,0.5130183220829315,1
2017,48,45744,0.06529573881704473,1,0.18028067650233898,1,0.0243691241959426,1
2017,48,47892,0.7190378710337769,1,0.7882528296613722,1,0.6890198968312454,1
2017,48,48072,0.40875912408759124,1,0.43332228483040547,1,0.21163454675231977,1
2017,48,48768,0.746031746031746,1,0.8855676250226843,1,0.8052434456928839,1
2017,48,50820,0.07859078590785908,1,0.09647887323943662,1,0.04845360824742268,1
2017,48,53388,0.5048399106478034,1,0.5714842380080272,1,0.38755163082182026,1
2017,48,56000,0.8836104513064132,1,0.9308979308979309,1,0.6254497873732418,1
2017,48,56348,0.044292401872524305,1,0.1164559925093633,1,0.03945168839852892,1
2017,48,57200,0.8846153846153846,2,0.8805560994713139,1,0.8834355828220859,1
2017,48,58016,0.17567789646672144,1,0.3015075376884422,1,0.07452213888216792,1
2017,48,61796,0.6884593519044911,1,0.6048813559322034,1,0.35134723702237786,1
2017,48,63500,0.22390722569134702,1,0.2736610418195158,1,0.08113348247576435,1
2017,48,64472,0.4090909090909091,1,0.47955280964989705,1,0.35980605249958203,1
2017,48,65000,0.6009884824147214,1,0.660585577251216,1,0.26486045307958755,1
2017,48,70808,0.02046147148454506,1,0.07627952755905512,1,0.008626887131560028,1
2017,48,72176,0.763768115942029,1,0.7044800657624332,1,0.45001143902997026,1
2017,48,74144,0.6977284032498756,1,0.8274249368627817,1,0.3643314089561554,1
2017,48,76000,0.8857315598548973,1,0.8829057279236276,1,0.41304043654680284,1
2017,48,79000,0.6179201485608171,1,0.569026713992154,1,0.3841707425522454,1
2017,49,43660,0,1,0,1,0,1
2017,49,44320,0,1,0,1,0,1
2017,49,55980,0.31542056074766356,1,0.431992127706101,1,0.1239585963140621,1
2017,49,57300,0.03614457831325301,1,0.04650142575126124,1,0.016037735849056604,1
2017,49,62470,0.14556962025316456,1,0.17830478700043917,1,0.04354549894188507,1
2017,49,65330,0,3,0,1,0,1
2017,49,67000,0.5048915355168013,1,0.5495723788406716,1,0.11440984793627806,1
2017,49,67440,0.14840989399293286,1,0.15535595475715236,1,0.03009898323345229,1
2017,49,70850,0,1,0,1,0,1
2017,49,82950,0.012944983818770227,1,0.026485325697924122,1,0.005673393075881632,1
2017,49,83470,0.45673603504928806,1,0.4431400172184394,1,0.3727345263877807,1
2017,51,01000,0.31609674728940784,1,0.3290466871680179,1,0.11028326421592746,1
2017,51,16000,0.2408561772437101,1,0.15978407557354926,1,0.047019833255657395,1
2017,51,35000,0.3622093511290187,1,0.2930648769574944,1,0.20464224872231687,1
2017,51,47672,0.6317794710891976,1,0.48770491803278687,1,0.3186209509376776,1
2017,51,56000,0.5852056234397582,1,0.4793814432989691,1,0.2965309200603318,1
2017,51,57000,0.6257882148293107,1,0.5263702171664943,1,0.3061501356647573,1
2017,51,64000,0.5813682678311499,1,0.40824742268041236,1,0.30837473385379705,1
2017,51,67000,0.6699406909969561,1,0.6050558495002939,1,0.17973476746317912,1
2017,51,68000,0.6916249105225483,1,0.6526315789473685,1,0.2281403684254397,1
2017,51,76432,0.26940119002405366,1,0.16356877323420074,1,0.11529258211877311,1
2017,51,82000,0.20158536585365855,1,0.08517713262565546,1,0.02612417154575445,1
2017,53,03180,0.078177727784027,1,0.08876782566896331,1,0.04823274212070946,1
2017,53,05210,0,1,0,1,0,1
2017,53,05280,0.04149377593360996,1,0.05423728813559322,1,0.024148898574625988,1
2017,53,22640,0.05270758122743682,1,0.0821482602118003,1,0.03010093727469358,1
2017,53,23515,0.27656794425087106,1,0.29105619943144545,1,0.13314380478559584,1
2017,53,35275,0.3581081081081081,1,0.4161517459405087,1,0.1956178627796862,1
2017,53,35415,0.25456962445995346,1,0.3295333095831849,1,0.1644479248238058,1
2017,53,35940,0,1,0,1,0,1
2017,53,53545,0.410958904109589,1,0.6014453755670024,1,0.17978553502167466,1
2017,53,57745,0,1,0,1,0,1
2017,53,63000,0.32238539392736654,1,0.3176165803108808,1,0.035049858609912186,1
2017,53,67000,0.37307380373073806,1,0.33492582348503896,1,0.20807743658210948,1
2017,53,67167,0.19243986254295534,1,0.16554809843400448,1,0.07894138166375976,1
2017,53,70000,0.379957507082153,1,0.3908393648050124,1,0.18432657926102503,1
2017,53,74060,0.06651198762567673,1,0.12047502047502047,1,0.040886921028053545,1
2017,53,80010,0.5026737967914439,1,0.6625174647529531,1,0.23239625167336012,1
2017,55,02375,0.17002518891687657,1,0.15181138585393905,1,0.07277431875151613,1
2017,55,31000,0.6103494029190624,1,0.6063363119415109,1,0.1728601976535861,1
2017,55,39225,0.5132223310479922,1,0.44455645161290325,1,0.20295047418335088,1
2017,55,48000,0.37790332705586943,1,0.3927870023210141,1,0.16859954313828854,1
2017,55,53000,0.9837745120763989,1,0.9172929064766951,1,0.7233218138024924,1
2017,55,66000,0.7310736756647047,1,0.6698299723210756,1,0.39738833654844935,1
2016,01,03076,0,1,0,1,0,1
2016,01,07000,0.9431519554799814,1,0.7685402029664324,1,0.1806390977443609,1
2016,01,35896,0,1,0,1,0,1
2016,01,37000,0.7252853550009674,1,0.7266977363515313,1,0.2824514655500571,1
2016,01,50000,0.8777151307884278,1,0.7411858974358975,1,0.5588142541784926,1
2016,01,51000,0.8464741087691907,1,0.9051597051597051,1,0.42289402173913043,1
2016,01,77256,0.7247093411733262,1,0.7208872458410351,1,0.16454997239094424,1
2016,02,03000,0.3651521467278033,1,0.24633680186876195,1,0.0924942641756801,1
2016,04,04720,0.7470560527555347,1,0.70246176494643,1,0.5857714813674161,1
2016,04,07940,0.6345132743362832,1,0.7180040782055895,1,0.43167565990958146,1
2016,04,12000,0.4042123485285632,1,0.49659201557935734,1,0.16960229536941102,1
2016,04,23620,0.4387755102040816,1,0.5753736192332684,1,0.30312699425654116,1
2016,04,27400,0.04265402843601896,1,0.07784313725490197,1,0.029436550140935113,1
2016,04,27820,0.7864583333333334,1,0.8216425801903419,1,0.33596724667349026,1
2016,04,28380,0.16440129449838187,1,0.19583145898935372,1,0.08097606465651228,1
2016,04,46000,0.6468265162200282,1,0.7124476098361616,1,0.3076082909271441,1
2016,04,54050,0.5572139303482587,1,0.6035356257410801,1,0.22103675566975756,1
2016,04,55000,0.6785533778851014,1,0.7986988240418118,1,0.2919383672427003,1
2016,04,65000,0.3291796469366563,1,0.4301913536498937,1,0.06685523270763692,1
2016,04,71510,0.2787193973634652,1,0.32604604024902273,1,0.2007628548375266,1
2016,04,73000,0.49038810301051866,1,0.4716880341880342,1,0.23683541083693715,1
2016,04,77000,0.706647134224501,1,0.7705297312548494,1,0.33493788819875775,1
2016,04,85540,0.5982142857142857,1,0.6682786294886305,1,0.5905956112852665,1
2016,05,23290,0.27848101265822783,1,0.2504,1,0.13061696286663776,1
2016,05,24550,0.8252543387193297,1,0.8801936264622832,1,0.5167975931806786,1
2016,05,35710,0.8753722794959908,1,0.8093058733790999,1,0.5047228436490181,1
2016,05,41000,0.6518430568298343,1,0.6785118053899356,1,0.31607277424911184,1
2016,05,66080,0.46387832699619774,1,0.5626824995133346,1,0.2766014116393661,1
2016,06,00562,0.08852459016393442,1,0.05594002306805075,1,0.029751062537947785,1
2016,06,00884,0.02197802197802198,1,0.013309845370914073,1,0.012195121951219513,1
2016,06,02000,0.6046511627906976,1,0.6760721031644241,1,0.2635716040284942,1
2016,06,02252,0.37482048827190045,1,0.4343802579921481,1,0.3083645443196005,1
2016,06,02364,0.7716966379984362,1,0.7283893750959619,1,0.6100122527568703,1
2016,06,03526,0.6357353129399719,1,0.623884251823376,1,0.3313253012048193,1
2016,06,04982,0.422554347826087,1,0.42031706299541094,1,0.3894080996884735,1
2016,06,06000,0.02469879518072289,1,0.004856333468231485,1,2.58732212160414e-4,1
2016,06,08786,0.14705882352941177,1,0.2332465842550423,1,0.06997971602434078,1
2016,06,08954,0,1,0.0025501530091805507,1,0.001087104226117679,1
2016,06,11194,0,1,0,1,0,1
2016,06,11530,0.2761656341701989,1,0.10616388687454677,1,0.07784431137724551,1
2016,06,13014,0.17534246575342466,1,0.18781277597880483,1,0.11659640559130242,1
2016,06,13210,0.17632241813602015,1,0.3166701309499065,1,0.12368972746331237,1
2016,06,13214,0,1,0.0035511363636363635,1,0,1
2016,06,13392,0.06133333333333333,1,0.10034720395602083,1,0.04125578587240893,1
2016,06,13588,0.5714285714285714,1,0.6588013213780085,1,0.5918727915194346,1
2016,06,14218,0.2444794952681388,1,0.29106507637581086,1,0.16826527815839956,1
2016,06,15044,1,1,1,1,1,1
2016,06,16000,0.242152466367713,1,0.2839162531768123,1,0.037782139352306184,1
2016,06,16350,0.07906458797327394,1,0.25184744333680503,1,0.041081197039579534,1
2016,06,16532,0.2620320855614973,1,0.3335740817168799,1,0.11127167630057803,1
2016,06,17918,0,1,0,1,0,1
2016,06,19766,0.1548731642189586,1,0.07614488748519542,1,0.03948576675849403,1
2016,06,21712,0.6880616174582799,1,0.597078870496592,1,0.431478237434308,1
2016,06,22020,0.04573949384722545,1,0.03942934172096158,1,0.021538461538461538,1
2016,06,22230,0.8461538461538461,1,0.8787878787878788,1,0.43548387096774194,1
2016,06,22804,0.13416815742397137,1,0.1886688943194853,1,0.017627567925778662,1
2016,06,23182,0.4526846633046574,1,0.5132299270072993,1,0.2107594936708861,1
2016,06,24638,0,1,0,1,0,1
2016,06,24680,0.2942827078218169,1,0.5006994888350821,1,0.27520325203252033,1
2016,06,26000,0.044444444444444446,1,0.03699593044765076,1,0.022013299701903234,1
2016,06,27000,0.8678765076906053,1,0.8741403792076176,1,0.5401480637813212,1
2016,06,28000,0.1927710843373494,1,0.41022316881192705,1,0.06836759970274957,1
2016,06,29000,0.4375,1,0.5940469315974591,1,0.22622027534418024,1
2016,06,30000,0.2585551330798479,1,0.3764957264957265,1,0.3184529727580036,1
2016,06,32548,0.5343564701778863,1,0.38674249852912335,1,0.08723599632690542,1
2016,06,33000,0.17433201927288655,1,0.23858634134071185,1,0.12764291307752546,1
2016,06,33182,0.671528903295516,1,0.6359189977690064,1,0.5419077842075789,1
2016,06,33434,0.737419945105215,1,0.7312409062564955,1,0.5590969455511288,1
2016,06,36000,0.04700854700854701,1,0.10658474689461733,1,0.006091812314163464,1
2016,06,36448,0.47393364928909953,1,0.49176969268809606,1,0.1839160839160839,1
2016,06,36546,0.6683928241168855,1,0.6991002999000333,1,0.5284552845528455,1
2016,06,36770,0,1,0,1,0,1
2016,06,37692,0.3073394495412844,1,0.381151155270739,1,0.17823343848580442,1
2016,06,39496,0.01910828025477707,1,0.12244309997118986,1,0.010012515644555695,1
2016,06,39892,0.09976057462090981,1,0.17051630434782608,1,0.03943908851884312,1
2016,06,40130,0.7826740110165248,1,0.728731386355766,1,0.44618599791013586,1
2016,06,41992,0.036036036036036036,1,0.08125880695162048,1,0.018604651162790697,1
2016,06,43000,0.47324414715719065,1,0.5596013798390188,1,0.07442396313364055,1
2016,06,44000,0.7270032030071207,1,0.8078391826883338,1,0.22759651307596512,1
2016,06,45484,0.1893491124260355,1,0.336053412462908,1,0.21837893649974188,1
2016,06,46842,0,1,0,1,0,1
2016,06,46898,0.700925925925926,1,0.7490524781341108,1,0.5164332666476136,1
2016,06,47766,0,1,0,1,0,1
2016,06,48256,0.028037383177570093,1,0.05115778136779752,1,0.0052637473401276735,1
2016,06,48354,0.5824682814302191,1,0.687775178866263,1,0.42190179267342165,1
2016,06,49270,0.417725258493353,1,0.4734232993665657,1,0.31849653808110784,1
2016,06,49670,0,1,7.836990595611285e-4,1,0,1
2016,06,50076,0,1,0,1,0,1
2016,06,50258,0.2247191011235955,1,0.23491949050708963,1,0.05349276274386407,1
2016,06,51182,0,1,0,1,0,1
2016,06,52526,0.13128491620111732,1,0.17555591363196907,1,0.11136363636363636,1
2016,06,53000,0.8005016853492201,1,0.7652907754010695,1,0.3751718719308584,1
2016,06,53322,0.27308707124010556,1,0.25557796546073364,1,0.06910796025454952,1
2016,06,53896,0.2480553154710458,1,0.4605290477970184,1,0.23776223776223776,1
2016,06,53980,0.2568306010928962,1,0.49637221113731184,1,0.1665257819103973,1
2016,06,54652,0.4619771863117871,1,0.5896312430351535,1,0.5494462025316456,1
2016,06,55156,0.45641118779513257,1,0.43488079372130906,1,0.27949510561566204,1
2016,06,56000,0.437782340862423,1,0.4805150214592275,1,0.2614356087262491,1
2016,06,56700,0.46054667354306345,1,0.5941947373809767,1,0.5550847457627118,1
2016,06,57456,0.2677595628415301,1,0.22581923890063424,1,0.25825825825825827,1
2016,06,57792,0,1,0,1,0,1
2016,06,58072,0.4826216484607746,1,0.6047759724273757,1,0.3829787234042553,1
2016,06,59444,0.5483870967741935,1,0.5998542274052479,1,0.4066265060240964,1
2016,06,59451,0.12264808362369338,1,0.17,1,0.05146431617856127,1
2016,06,59920,0.5131086142322098,1,0.4846894138232721,1,0.365405195057885,1
2016,06,60102,0.08333333333333333,1,0.061138915190044635,1,0.007072135785007072,1
2016,06,60466,0.7458279845956355,1,0.7653823418775861,1,0.6996098829648895,1
2016,06,60620,0.3441265060240964,1,0.24931700008812901,1,0.0913907284768212,1
2016,06,62000,0.3595063025210084,1,0.4669124509986933,1,0.2256714919253619,1
2016,06,62938,0,1,0,1,0,1
2016,06,64000,0.7057429536630868,1,0.6719812688148066,1,0.3406351263771873,1
2016,06,64224,0.3447098976109215,1,0.5247649621646412,1,0.195177304964539,1
2016,06,65000,0.9461182847122589,1,0.9279040470316519,1,0.8403997577225923,1
2016,06,65042,0.18636363636363637,1,0.29754291484348705,1,0.11329980441464096,1
2016,06,66000,0.5732304973085884,1,0.5305944280395429,1,0.08237572908505267,1
2016,06,67000,0.5909090909090909,1,0.6280535415504741,1,0.24225151407196294,1
2016,06,68000,0.03725606150206978,1,0.07121404166207429,1,0.004884667571234735,1
2016,06,68084,0.11393273850377487,1,0.06068753600921836,1,0.01487778958554729,1
2016,06,68196,0.01038961038961039,1,0.09103856266432954,1,0.0017899761336515514,1
2016,06,68252,0.011834319526627219,1,0.008966148215919487,1,0.0025416548997458347,1
2016,06,68378,0,1,0,1,0,1
2016,06,69000,0.669260700389105,1,0.9310863986313088,1,0.13912155260469866,1
2016,06,69070,0.07096774193548387,1,0.03770807383082324,1,0.040382188570398415,1
2016,06,69084,0,1,0.0021565667457407807,1,7.054673721340388e-4,1
2016,06,69088,0.273972602739726,1,0.2914488814551537,1,0.05463743676222597,1
2016,06,69196,0.045454545454545456,1,0.030909970178125253,1,0.012836970474967908,1
2016,06,70000,0,1,0,1,0,1
2016,06,70098,0.0425531914893617,1,0.08300441826215021,1,0.009142753688784285,1
2016,06,72016,0.005955926146515783,1,0.12707515846664655,1,0.027399357110056637,1
2016,06,73080,0.9466666666666667,1,0.9251860360585327,1,0.9628252788104089,1
2016,06,75000,0.7727818400087307,1,0.8231996246774572,1,0.5815611555009219,1
2016,06,77000,0,1,0,1,0,1
2016,06,78120,0.02976190476190476,1,0.03473157590917837,1,0.009552725118483412,1
2016,06,78582,0.02766798418972332,1,0.1751207729468599,1,0.01653196179279941,1
2016,06,80000,0.09182643794147326,1,0.12279843444227005,1,0.012068325287783142,1
2016,06,80238,0.10105949470252648,1,0.1906766917293233,1,0.049288914864601595,1
2016,06,80854,0.17870722433460076,1,0.41635124905374715,1,0.05879208979155532,1
2016,06,81344,0.40313549832026874,1,0.3880255193849174,1,0.14629888268156424,1
2016,06,81554,0.21173762945914845,1,0.3117063492063492,1,0.10061738695144334,1
2016,06,81666,0.7533267619517003,1,0.7647964420116319,1,0.6224677716390423,1
2016,06,82590,0.8941856265799928,1,0.8049293824425366,1,0.6607818411097099,1
2016,06,82954,0.7254509018036072,1,0.7649867624810892,1,0.5605829285218599,1
2016,06,82996,0.23918575063613232,1,0.40474154683249125,1,0.18748342614691063,1
2016,06,84200,0.03153153153153153,1,0.07524038461538461,1,0.039377289377289376,1
2016,06,84550,0.35064935064935066,1,0.4598231449442522,1,0.2643020594965675,1
2016,06,85292,0.05909090909090909,1,0.06494732469886343,1,0.01838091513492374,1
2016,08,03455,0.28761061946902655,1,0.2949869060980172,1,0.0943972582327522,1
2016,08,04000,0.3542757417102967,1,0.4575519721501527,1,0.13078814654274162,1
2016,08,07850,0.07142857142857142,1,0.2267250821467689,1,0.032694027625956475,1
2016,08,12815,0.1396917148362235,1,0.3415701415701416,1,0.0252816968090143,1
2016,08,16000,0.47474141807824916,1,0.4505962521294719,1,0.19475598666262503,1
2016,08,20000,0.5387275798278774,1,0.6749669192830506,1,0.25272303454121636,1
2016,08,27425,0.20869565217391303,1,0.35536700868192583,1,0.12442396313364056,1
2016,08,32155,0.5287081339712919,1,0.49209809264305177,1,0.19407575267076724,1
2016,08,43000,0.28429423459244535,1,0.42389838129496404,1,0.12968574149424292,1
2016,08,45970,0.20118343195266272,1,0.4452706722189173,1,0.10962429233144622,1
2016,08,46465,0.21875,1,0.2464065708418891,1,0.14939955220842663,1
2016,08,62000,0.6687898089171974,1,0.7261553897284756,1,0.5401619329135072,1
2016,08,77290,0.2544987146529563,1,0.31825730194392887,1,0.08281358281358281,1
2016,08,83835,0.13504823151125403,1,0.23009799973150757,1,0.04809372109752338,1
2016,09,08000,0.9203963846237613,1,0.922805811054758,1,0.9151534126487163,1
2016,09,18430,0.08323563892145369,1,0.14493770836988945,1,0.05623135184760156,1
2016,09,37000,0.6104290596127072,1,0.7535181596022583,1,0.4057738572574178,1
2016,09,52000,0.6378422894791024,1,0.6518701191944102,1,0.4412786657400973,1
2016,09,55990,0.08291708291708291,1,0.1100114198705748,1,0.04356435643564356,1
2016,09,73000,0.0483603842331898,1,0.016435615263684436,1,0.0018262987012987013,1
2016,09,80000,0.7765451664025357,1,0.7862062180243998,1,0.5630296610169492,1
2016,11,50000,0.7853541335318601,1,0.5871142710547533,1,0.10685172945582727,1
2016,12,07300,0.19004180919802358,1,0.11601068999028183,1,0.08429168844746472,1
2016,12,07875,0.8884157979738658,1,0.7356935014548982,1,0.4354366087126392,1
2016,12,10275,0.6005547850208044,1,0.5498625343664084,1,0.4492558522174856,1
2016,12,12875,0.6633221850613155,1,0.6613910870470637,1,0.42902789725943224,1
2016,12,14400,0.2236266407389402,1,0.1977457873005245,1,0.13072033898305085,1
2016,12,16475,0.3005238489109457,1,0.274020175293534,1,0.15772073123298327,1
2016,12,16725,0.5333769633507853,1,0.5855572998430141,1,0.555793991416309,1
2016,12,17200,1,1,1,1,1,1
2016,12,17935,0,1,0,1,0,1
2016,12,24000,0.881831496184383,1,0.8308434842564928,1,0.5106510651065107,1
2016,12,24125,0.6560824742268041,1,0.5895880149812734,1,0.3060200668896321,1
2016,12,25175,0.023615192077483946,1,0.023937267849773007,1,0.033086201172955625,1
2016,12,30000,0.9471099357763506,1,0.8580031419095828,1,0.7874692874692875,1
2016,12,32000,0.640434725677622,1,0.5843905129619416,1,0.456993006993007,1
2016,12,32275,0.8204885949520853,1,0.7333146382501402,1,0.6408376963350786,1
2016,12,35000,0.7117853825559582,1,0.5746920653107992,1,0.39998990561752384,1
2016,12,36950,0.9112039222807337,1,0.9249442825304303,1,0.8887958465918606,1
2016,12,38250,0.7264021887824897,1,0.7298092532467533,1,0.5742940818920264,1
2016,12,39425,0.4583858764186633,1,0.34084880636604775,1,0.35218471430659065,1
2016,12,43975,0.5030005455537371,1,0.43782021425244527,1,0.3675185670598515,1
2016,12,45000,0.812236066941244,1,0.6394072067774178,1,0.3482790554097855,1
2016,12,45025,0.4793187347931874,1,0.5024038461538461,1,0.3771491957848031,1
2016,12,45060,0.8727102803738318,1,0.9312231340367331,1,0.896551724137931,1
2016,12,45975,0.41465586323568693,1,0.22312255824048619,1,0.22026180990324418,1
2016,12,49675,0.6848484848484848,1,0.7492753623188406,1,0.7397670549084858,1
2016,12,53000,0.46088513562562006,1,0.27581234083029055,1,0.23808229602652606,1
2016,12,54000,0.714573732718894,1,0.713197090405265,1,0.704,1
2016,12,54200,0.4556803995006242,1,0.4596825396825397,1,0.40532403739502454,1
2016,12,55775,0.23749799003055153,1,0.14073606065392513,1,0.11864003804089396,1
2016,12,57425,0.48104662864810466,1,0.2682425488180884,1,0.24775449101796407,1
2016,12,58050,0.9367599219258296,1,0.8982020095187732,1,0.7032197853476435,1
2016,12,58715,0,1,0,1,0,1
2016,12,63000,0,1,0,1,0,1
2016,12,69700,0.828761429758936,1,0.7877185847905652,1,0.7713248638838476,1
2016,12,70600,0.6393380495199595,1,0.3904328018223235,1,0.2097226753670473,1
2016,12,71000,0.7182168034601369,1,0.6503959342867274,1,0.32862686275149183,1
2016,12,76600,0.829713943387749,1,0.8118123092212678,1,0.5077446808510638,1
2016,13,03440,1,1,1,1,1,1
2016,13,04000,0.6988543371522095,1,0.5209481808158766,1,0.0986657958574361,1
2016,13,04204,0.9554504859469398,1,0.941712204007286,1,0.8573059360730594,1
2016,13,19000,0.8497727272727272,1,0.7,1,0.38860971524288107,1
2016,13,42425,0,1,0,1,0,1
2016,13,49008,0.9755815871968322,1,0.9501811594202898,1,0.7480488292975785,1
2016,13,67284,0.15567054764984908,1,0.3590418531192419,1,0.03483870967741935,1
2016,13,68516,1,1,1,1,1,1
2016,13,69000,0.8519970456224079,1,0.6609124537607891,1,0.3395902181097158,1
2016,13,80508,0.7760644104803494,1,0.6719012899607403,1,0.4985563041385948,1
2016,15,71550,NA,NA,NA,NA,NA,NA
2016,16,08830,0.2490272373540856,1,0.20885810243492864,1,0.08704911936716135,1
2016,16,52120,0.025,1,0.033054849255357795,1,0.015623502348317837,1
2016,16,56260,0.19736842105263158,1,0.3810623556581986,1,0.24334717735732964,1
2016,17,02154,0.13076923076923078,1,0.22534013605442177,1,0.022329793878825735,1
2016,17,03012,0.39045499505440157,1,0.7265839568140923,1,0.0962784863056659,1
2016,17,06613,0.3533083645443196,1,0.44424934152765583,1,0.21019509125235997,1
2016,17,12385,0.43934614281617435,1,0.42857142857142855,1,0.21621621621621623,1
2016,17,14000,0.9450060260688434,1,0.9214409085264667,1,0.4128863112735362,1
2016,17,14351,1,1,0.9999220272904483,1,1,1
2016,17,23074,0.903831705484598,1,0.9213747264326821,1,0.5224600542659029,1
2016,17,24582,0.04709871891484552,1,0.06367924528301887,1,0.012836438923395446,1
2016,17,38570,0.6904208077817721,1,0.7378578615201683,1,0.3095726814704236,1
2016,17,51622,0,1,0,1,0,1
2016,17,59000,0.8939680141040172,1,0.828590337524818,1,0.38731186892741476,1
2016,17,65000,0.6704545454545454,1,0.6620653730954551,1,0.570620163991223,1
2016,17,68003,0,1,0,1,0,1
2016,17,72000,0.7738115378108611,1,0.6964656964656964,1,0.6581118240146654,1
2016,17,79293,0.9443307408923455,1,0.9432495660704853,1,0.9484126984126984,1
2016,18,05860,0.25773195876288657,1,0.15170278637770898,1,0.08659536912054823,1
2016,18,10342,0,1,0,1,0,1
2016,18,22000,0.6842904892130052,1,0.6030680728667306,1,0.3232854666996781,1
2016,18,23278,0,1,0,1,0,1
2016,18,25000,0.7391929110286193,1,0.7288750648004148,1,0.33191575536654516,1
2016,18,31000,0.9772677595628415,1,0.9440547176429323,1,0.9447424892703863,1
2016,18,36003,NA,NA,NA,NA,NA,NA
2016,18,71000,0.8365650969529086,1,0.8016969696969697,1,0.6833226221079691,1
2016,19,12000,0.4200839522118179,1,0.3172932330827068,1,0.17295248055428458,1
2016,19,19000,0.5525034770514604,1,0.5165853658536586,1,0.42740859354149985,1
2016,19,21000,0.7531576485264306,1,0.7659813504100663,1,0.4919317351749784,1
2016,19,73335,0.5831099195710456,1,0.6080226727708742,1,0.34553744128212216,1
2016,20,36000,0.9226404649875449,1,0.9378838529114515,1,0.6296682299808928,1
2016,20,38900,0,1,0,1,0,1
2016,20,52575,0.07298930729893073,1,0.23704800169168957,1,0.03426113849424954,1
2016,20,53775,0,1,0,1,0,1
2016,20,71000,0.5294331395348837,1,0.48492272898605354,1,0.16829017185396372,1
2016,20,79000,0.7001936316695353,1,0.7925525930925863,1,0.47468847352024923,1
2016,21,46027,0.6800733232693552,1,0.6859101294744859,1,0.3917943056897107,1
2016,21,48006,0.9364118311654451,1,0.9544718955658648,1,0.8403082889472522,1
2016,22,05000,0.9148977822524261,1,0.8440011083402604,1,0.47374289218418997,1
2016,22,40735,0.7253570358533906,1,0.6722689075630253,1,0.36937119675456387,1
2016,22,41155,0.7890496068342879,1,0.5584415584415584,1,0.2138483802738506,1
2016,22,55000,0.9152012216146987,1,0.7482495225970719,1,0.1828978622327791,1
2016,22,70000,0.7662602438536877,1,0.5677896466721446,1,0.2751396648044693,1
2016,24,04000,0.6392359761958323,1,0.5222934187691897,1,0.21905998728965764,1
2016,24,30325,0.13927358244055396,1,0.2729044834307992,1,0.03127163627971383,1
2016,25,07000,0.672486033519553,1,0.7459274078308088,1,0.17091698317959847,1
2016,25,09000,0.3927565392354125,1,0.4612167300380228,1,0.2500721917412648,1
2016,25,11000,0,1,0,1,0,1
2016,25,23000,0.6705336426914154,1,0.719656283566058,1,0.527557068987262,1
2016,25,34550,0.6601941747572816,1,0.6962412283749044,1,0.6951951951951952,1
2016,25,37000,0.325225851285615,1,0.48416376979528775,1,0.36165219432058204,1
2016,25,37490,0.29462242562929064,1,0.3512433836013183,1,0.1861152141802068,1
2016,25,45000,0.5958286358511837,1,0.5970695970695971,1,0.42053756030323913,1
2016,25,45560,0,1,0,1,0,1
2016,25,55745,0.08278145695364239,1,0.06832298136645963,1,0.039482798429923804,1
2016,25,62535,0.2751540041067762,1,0.23044297832233743,1,0.1378543635352974,1
2016,25,67000,0.8689295039164491,1,0.9362267994567678,1,0.8082437275985663,1
2016,25,82000,0.47177091795288384,1,0.6129664262178288,1,0.3239942528735632,1
2016,26,03000,0.12264150943396226,1,0.10245901639344263,1,0.06725815684029765,1
2016,26,21000,0.7326487252124646,1,0.656078860898138,1,0.6756473581799132,1
2016,26,22000,0.9993272034088361,1,0.9993309758195547,1,0.9809358752166378,1
2016,26,27440,0,1,0,1,0,1
2016,26,29000,0.989873202280657,1,0.9647798742138365,1,0.9752082909977647,1
2016,26,34000,0.7231546231546232,1,0.7459921920425284,1,0.21434499110847657,1
2016,26,46000,0.8689633958781914,1,0.8318407960199005,1,0.6448699421965318,1
2016,26,49000,0.15216310293386376,1,0.05657492354740061,1,0.05810234541577825,1
2016,26,69035,0,1,0,1,0,1
2016,26,74900,0.7058951490102241,1,0.72,1,0.210896309314587,1
2016,26,76460,0.45594855305466236,1,0.28600405679513186,1,0.38143433716237196,1
2016,26,80700,0,1,0,1,0,1
2016,26,84000,0.79946002699865,1,0.675,1,0.42347148132950346,1
2016,26,86000,0.5273775216138329,1,0.45064377682403434,1,0.44394858978936097,1
2016,26,88940,0.905638665132336,1,0.9096509240246407,1,0.5730897009966778,1
2016,27,06616,0.29337539432176657,1,0.3910585817060637,1,0.07768166089965398,1
2016,27,07966,0.43448116477929283,1,0.5074013157894737,1,0.12586206896551724,1
2016,27,17000,0.3990066225165563,1,0.21766561514195584,1,0.10741971207087486,1
2016,27,43000,0.7602059775972819,1,0.7251882272416154,1,0.19066497120203454,1
2016,27,51730,0.06970046082949309,1,0.008130081300813009,1,0.006421920154126084,1
2016,27,54880,0.23393984404010398,1,0.11723737666860128,1,0.041563898785055266,1
2016,27,58000,0,1,0,1,0,1
2016,27,71428,0,1,0,1,0,1
2016,28,36000,1,1,1,1,1,1
2016,29,15670,0.4443831079216119,1,0.3954305799648506,1,0.20132043049651804,1
2016,29,35000,0.6846153846153846,1,0.6764902880107166,1,0.5474817703917246,1
2016,29,38000,0.875068653656036,1,0.7752215267051459,1,0.2808855424151901,1
2016,29,41348,NA,NA,NA,NA,NA,NA
2016,29,54074,NA,NA,NA,NA,NA,NA
2016,29,65000,0.7801258992805755,1,0.3753943217665615,1,0.11125238397965671,1
2016,29,70000,0.711360312042906,1,0.6067484662576688,1,0.4785638246395045,1
2016,30,06550,0.2072072072072072,1,0.23623559539052497,1,0.09868977176669484,1
2016,31,28000,0.4754290171606864,1,0.41748109902268116,1,0.19298832626961113,1
2016,31,37000,0.5886702849389417,1,0.5039951118631322,1,0.15077739502839588,1
2016,32,31900,0.21068249258160238,1,0.16549438111407552,1,0.08720701846274716,1
2016,32,40000,0.5520212641663745,1,0.6112921100214144,1,0.24865210944871277,1
2016,32,51800,0.7931380600419746,1,0.8348015699956389,1,0.4178511973364067,1
2016,32,60600,0,1,0,1,0,1
2016,32,68400,0,1,0,1,0,1
2016,33,45140,0.2296416938110749,1,0.2859744990892532,1,0.11663865546218487,1
2016,33,50260,0.07407407407407407,1,0.13997627520759193,1,0.04962258876153201,1
2016,34,13690,0.33072407045009783,1,0.407208088714938,1,0.22580645161290322,1
2016,34,21000,0.9945663111289998,1,0.9777789507019952,1,0.9174964438122333,1
2016,34,36000,0.905371611483445,1,0.8719074221867518,1,0.775328330206379,1
2016,34,51000,0.969274669852014,1,0.9910432824618464,1,0.9957152274225445,1
2016,34,57000,0.9540421659335659,1,0.9704714121459183,1,0.990602975724354,1
2016,34,74000,0.9846887187635418,1,0.9862004077152265,1,0.6782608695652174,1
2016,35,02000,0.7112733171127331,1,0.7831652022995986,1,0.44436809815950923,1
2016,35,39380,0.7008130081300813,1,0.8074507019172994,1,0.6765140324963073,1
2016,35,63460,0.27735368956743,1,0.2737677871726129,1,0.2238029146426093,1
2016,35,70500,0.41139240506329117,1,0.6919981779532342,1,0.29660753190164957,1
2016,36,01000,0.9220130618517096,1,0.7992217898832685,1,0.27118917176925555,1
2016,36,11000,0.8816254416961131,1,0.7499693138578618,1,0.5144648829431439,1
2016,36,50617,0.2646669607410675,1,0.45413026211278795,1,0.14692601597777005,1
2016,36,51000,0.8508363381410257,1,0.8364527629233511,1,0.14989332079702022,1
2016,36,63000,0.8442355730555908,1,0.7412951252701513,1,0.17197881559942224,1
2016,36,73000,0.9725510379138789,1,0.9383624655013799,1,0.6313282375096931,1
2016,36,84000,0.9364140480591497,1,0.926833964443874,1,0.6791786266283948,1
2016,37,02140,0.3288793103448276,1,0.5236822001527884,1,0.30551911134435406,1
2016,37,10740,0.055026769779892924,1,0.057041484716157206,1,0.014234054012464414,1
2016,37,12000,0.6714272517321016,1,0.7249808250241772,1,0.14411902897415818,1
2016,37,14100,0.3195688225538972,1,0.44446704637917006,1,0.24444110576923078,1
2016,37,19000,0.6381174475302098,1,0.6557644432998541,1,0.20999399158822352,1
2016,37,22920,0.7337857835382967,1,0.612569457750527,1,0.37734419397613184,1
2016,37,25580,0.8316283034953111,1,0.8096013018714402,1,0.5020200508753554,1
2016,37,28000,0.7224754731939352,1,0.7672319474835886,1,0.21934252647131247,1
2016,37,28080,0.6670474946956096,1,0.6384284837323512,1,0.23455451983524822,1
2016,37,31400,0.7608695652173914,1,0.79858934169279,1,0.4163551401869159,1
2016,37,55000,0.3780947383485188,1,0.372696502444528,1,0.08166514243132474,1
2016,37,74440,0.618729734884608,1,0.4852804462348931,1,0.16394088669950738,1
2016,37,75000,0.7201731275875047,1,0.6993292505103529,1,0.1543553482774184,1
2016,38,25700,0.09046283309957924,1,0.08,1,0.03371278458844133,1
2016,39,01000,0.8180415023152118,1,0.6873032528856243,1,0.3914112203585888,1
2016,39,15000,0.8275615486770865,1,0.6617173524150268,1,0.18104707600961312,1
2016,39,16000,0.9494114768804197,1,0.9317514677103719,1,0.532798833819242,1
2016,39,18000,0.8648047827682214,1,0.7840972871842844,1,0.40604739852901117,1
2016,39,21000,0.9444297956493078,1,0.7575264442636289,1,0.5639329474554612,1
2016,39,61000,0.3674698795180723,1,0.2519762845849802,1,0.18510557592616006,1
2016,39,77000,0.7875264949579293,1,0.680324074074074,1,0.4388706140350877,1
2016,40,09050,0.21240024554941683,1,0.2938413361169102,1,0.21168146704209082,1
2016,40,23200,0.0984873949579832,1,0.16279069767441862,1,0.06787719386980931,1
2016,40,41850,0.6885849552866912,1,0.6925598164536217,1,0.602290206802256,1
2016,40,52500,0.5377551020408163,1,0.46766595289079227,1,0.41119784137997495,1
2016,40,55000,0.7262934465375431,1,0.7455264969029594,1,0.3723293381969776,1
2016,40,75000,0.7171678720974496,1,0.7398879551820728,1,0.446976831795065,1
2016,41,05350,0.20567375886524822,1,0.2612255678816693,1,0.1046042335886665,1
2016,41,05800,0.061068702290076333,1,0.1712082262210797,1,0.046762856085830556,1
2016,41,23850,0.17223650385604114,1,0.2777777777777778,1,0.14792899408284024,1
2016,41,31250,0.3045186640471513,1,0.32171367748802554,1,0.20944558521560575,1
2016,41,34100,0.11194029850746269,1,0.2969735182849937,1,0.08681711678382045,1
2016,41,47000,0.5,1,0.5373913043478261,1,0.3186561174177273,1
2016,41,59000,0.5565770862800565,1,0.5126349362119725,1,0.1981457575401948,1
2016,41,64900,0.4899598393574297,1,0.7367125271542361,1,0.30037126524839414,1
2016,42,02000,0.8319327731092437,1,0.8881996046083578,1,0.24266851980542042,1
2016,42,06088,0.3281899109792285,1,0.4951656363924552,1,0.16196013289036545,1
2016,42,24000,0.9578679208308838,1,0.8418319169027384,1,0.38592320438008787,1
2016,42,60000,0.9583743935718617,1,0.9367764915405165,1,0.6066056125639046,1
2016,42,61000,0.8058812223717087,1,0.41445783132530123,1,0.17565238209241082,1
2016,42,63624,0.8615635179153095,1,0.9656053336656489,1,0.28865773154630925,1
2016,42,69000,0.9911347517730497,1,0.9955637707948244,1,0.9559760956175298,1
2016,44,19180,0.3762575452716298,1,0.39786991251426396,1,0.12053492873482316,1
2016,44,54640,0.9402985074626866,1,0.8641975308641975,1,0.7882496940024479,1
2016,44,59000,0.9734254028039339,1,0.9840635174501627,1,0.9201589595375722,1
2016,44,74300,0,1,0,1,0,1
2016,45,13330,0.531496062992126,1,0.2507836990595611,1,0.09894827216140803,1
2016,45,16000,0.6196636044312348,1,0.4748990190421235,1,0.2292165361971922,1
2016,45,48535,NA,NA,NA,NA,NA,NA
2016,45,50875,0.8798108133172586,1,0.913353115727003,1,0.43643058262941303,1
2016,46,59020,0.46286876907426244,1,0.4598567659253675,1,0.13646470261256252,1
2016,47,14000,0.8854902719969026,1,0.966297786720322,1,0.6298320447880565,1
2016,47,15160,0.3402573036719378,1,0.303014553014553,1,0.26120017742855334,1
2016,47,27740,0,1,0,1,0,1
2016,47,40000,0.675546619753707,1,0.46750788643533125,1,0.233899256349095,1
2016,47,48000,0.9485908579364509,1,0.9432351357587878,1,0.5927253180433614,1
2016,47,51560,0.31358467983243565,1,0.3955193482688391,1,0.15779565291802156,1
2016,47,52006,0.8203585975865089,1,0.9009190583682684,1,0.5312517088642205,1
2016,48,01000,0.7028262676641729,1,0.6542711179755257,1,0.4416190970420342,1
2016,48,01924,0.11782220331773713,1,0.15324091420007493,1,0.03901651794190241,1
2016,48,03000,0.7761917586856989,1,0.7709206775113198,1,0.39741628420873704,1
2016,48,04000,0.7557118602959011,1,0.8428822716421661,1,0.4731596012969857,1
2016,48,05000,0.693089430894309,1,0.7404046228283486,1,0.12002410200590888,1
2016,48,06128,0.862877234104893,1,0.9046541449800105,1,0.818159141930656,1
2016,48,07000,0.9273241310493929,1,0.8902059852312476,1,0.4688622754491018,1
2016,48,10768,1,1,1,1,1,1
2016,48,10912,0.9448574969021065,1,0.9537193575655114,1,0.8207171314741036,1
2016,48,13024,0.3758304334071496,1,0.6681981981981981,1,0.1821745057941377,1
2016,48,13552,0.050933786078098474,1,0.0828658847526772,1,0.028251071781906122,1
2016,48,15976,0.0012143290831815423,1,0.0031066620642043494,1,0.001832276250880902,1
2016,48,16432,0.3809728798966853,1,0.6260364254836652,1,0.45944233206590623,1
2016,48,17000,0.6650555824069598,1,0.6891058459340398,1,0.40796897038081803,1
2016,48,19000,0.9615723732549596,1,0.9630394873692073,1,0.4034396273737012,1
2016,48,19972,0.3970912296165712,1,0.47014811421591085,1,0.28901032179720704,1
2016,48,22660,0.7967479674796748,1,0.7219532841308891,1,0.7018284106891702,1
2016,48,24000,0.8178824721377913,1,0.9342713745545551,1,0.7421156033502223,1
2016,48,26232,0,1,0,1,0,1
2016,48,27000,0.7963345379452762,1,0.805643715556736,1,0.3075119632591451,1
2016,48,27684,0.019962570180910792,1,0.022849843883054215,1,0.0055420556763439485,1
2016,48,29000,0.7976864966949953,1,0.8805374845105328,1,0.7385831381733021,1
2016,48,30464,0.7026414238748441,1,0.8577436609366706,1,0.6681345076060848,1
2016,48,35000,0.8979947559740182,1,0.9028006820807951,1,0.39410519215274786,1
2016,48,37000,0.78601152368758,1,0.951427953266984,1,0.7343963553530751,1
2016,48,39148,0.5508643617021277,1,0.5654291589998918,1,0.5252230923329084,1
2016,48,41464,0.7333333333333333,1,0.9089085545722714,1,0.8614072494669509,1
2016,48,41980,0.022172949002217297,1,0.062436548223350256,1,0.014710972654897889,1
2016,48,42508,0.4634920634920635,1,0.5959358102215245,1,0.23444302176696544,1
2016,48,43888,0.8591740013540962,1,0.8361560418648906,1,0.531981893328085,1
2016,48,45000,0.808859357696567,1,0.692799224396263,1,0.3528035619953211,1
2016,48,45384,0.4574468085106383,1,0.5879178885630498,1,0.4089661482159195,1
2016,48,45744,0.12069746376811594,1,0.2639342280256317,1,0.0390088026046063,1
2016,48,47892,0.6789816827072338,1,0.7795395930843443,1,0.642024699947817,1
2016,48,48072,0.5424671385237614,1,0.5277182413253779,1,0.30151124216734243,1
2016,48,48768,0.75,1,0.8781736281736282,1,0.7529182879377432,1
2016,48,50820,0.12640449438202248,1,0.16981592100451054,1,0.09009222038306929,1
2016,48,53388,0.5966257668711656,1,0.7482407816960875,1,0.5009529394516933,1
2016,48,56000,0.9056748466257669,1,0.9415800823367967,1,0.6671860392645684,1
2016,48,56348,0.04585152838427948,1,0.11930906847624922,1,0.038013623379477036,1
2016,48,57200,0.9166666666666666,2,0.9058118586982064,1,0.9190751445086706,1
2016,48,58016,0.2277432712215321,1,0.38240870497073615,1,0.08787684413085312,1
2016,48,61796,0.6191717347234289,1,0.508018483283501,1,0.2859972573518208,1
2016,48,63500,0.2258557457212714,1,0.2835038682305965,1,0.0796506419826814,1
2016,48,64472,0.4421052631578947,1,0.45744786003756055,1,0.30345835362883583,1
2016,48,65000,0.658495425881517,1,0.6874560413497555,1,0.2693361815323848,1
2016,48,70808,0.02193081618810762,1,0.08689905831818932,1,0.009657719073995171,1
2016,48,72176,0.8954393770856507,1,0.7959437086092715,1,0.4989784335981839,1
2016,48,74144,0.7294709509899383,1,0.8420160150730099,1,0.42404458598726114,1
2016,48,76000,0.9042157008788917,1,0.9003185174460692,1,0.41119360365505425,1
2016,48,79000,0.7212806026365348,1,0.6702167414050823,1,0.4318874220223415,1
2016,49,43660,0,1,0,1,0,1
2016,49,44320,0,1,0,1,0,1
2016,49,55980,0.32211538461538464,1,0.44289785181937746,1,0.11614083219021491,1
2016,49,57300,0.0875,1,0.08465867384389528,1,0.04816119256286346,1
2016,49,62470,0.15822784810126583,1,0.22219808861859253,1,0.05374351371386212,1
2016,49,65330,0,3,0,1,0,1
2016,49,67000,0.5031874203144922,1,0.5512378564713256,1,0.11563613823028049,1
2016,49,67440,0.1328125,1,0.17074010327022376,1,0.04489712494890312,1
2016,49,70850,0,1,0,1,0.001188118811881188,1
2016,49,82950,0.009554140127388535,1,0.033668801463860934,1,0.006830001879817031,1
2016,49,83470,0.4502673796791444,1,0.4551272166538165,1,0.35628379123910403,1
2016,51,01000,0.3450308306129851,1,0.38458884416331224,1,0.13410314536695947,1
2016,51,16000,0.29385798005936525,1,0.19719570405727924,1,0.06832583810302535,1
2016,51,35000,0.41775585696670775,1,0.3328290468986384,1,0.26140314992841074,1
2016,51,47672,0.5484154929577465,1,0.4606240713224368,1,0.2390659747961453,1
2016,51,56000,0.601470202152796,1,0.49820590670714876,1,0.30796996823563383,1
2016,51,57000,0.6921528108938696,1,0.5852769679300291,1,0.39358937337568584,1
2016,51,64000,0.6302665520206363,1,0.4668141592920354,1,0.3425117528542646,1
2016,51,67000,0.7418050496944256,1,0.6830048630662913,1,0.20416132771981207,1
2016,51,68000,0.7509114773224442,1,0.6910946196660482,1,0.2744116957235556,1
2016,51,76432,0.27269284181290243,1,0.14153439153439154,1,0.11841532433609055,1
2016,51,82000,0.2312760684277338,1,0.13674321503131523,1,0.050872774133083415,1
2016,53,03180,0.14269005847953217,1,0.14604255319148937,1,0.09443069306930693,1
2016,53,05210,0,1,0,1,0,1
2016,53,05280,0.19806763285024154,1,0.19169656586365966,1,0.076378231613741,1
2016,53,22640,0.11315209404849376,1,0.15741597286463152,1,0.06867836676217765,1
2016,53,23515,0.2585459797785267,1,0.24436006254188072,1,0.12430037313432836,1
2016,53,35275,0.4584323040380047,1,0.44836053733930376,1,0.2045755341274343,1
2016,53,35415,0.13497536945812807,1,0.19676739283204497,1,0.08093176048977153,1
2016,53,35940,0,1,0,1,0,1
2016,53,53545,0.2420091324200913,1,0.4732262912283477,1,0.10206422018348624,1
2016,53,57745,0.008868022952529996,1,0.0018396846254927727,1,0.0018235376630663486,1
2016,53,63000,0.3254274137760648,1,0.2942686935086278,1,0.04343863912515188,1
2016,53,67000,0.35658914728682173,1,0.32728189611699443,1,0.20550769947118103,1
2016,53,67167,0.16165413533834586,1,0.13017306245297217,1,0.051832460732984295,1
2016,53,70000,0.3200524676176422,1,0.37467700258397935,1,0.17678946141291677,1
2016,53,74060,0.0706605222734255,1,0.1307569251494485,1,0.050373383117749033,1
2016,53,80010,0.5490196078431373,1,0.6969325153374233,1,0.2563863757317722,1
2016,55,02375,0.2071611253196931,1,0.24125452352231605,1,0.09004438807863031,1
2016,55,31000,0.5188841201716738,1,0.5057119871279163,1,0.12927971120762594,1
2016,55,39225,0.5445673389720235,1,0.48733535967578523,1,0.2351558507920286,1
2016,55,48000,0.3703233988585923,1,0.37970598780925063,1,0.17534843205574913,1
2016,55,53000,0.9924767597790759,1,0.955446197108836,1,0.85983557248847,1
2016,55,66000,0.6456574751453761,1,0.6088739746457867,1,0.36591952470969485,1
2015,01,03076,0.06959364782811771,1,0.11461318051575932,1,0.062370062370062374,1
2015,01,07000,0.8277277691989002,1,0.6649916247906198,1,0.17714497041420119,1
2015,01,35896,0.045467382095453264,1,0.10317460317460317,1,0.02164555405239208,1
2015,01,37000,0.7195678033306899,1,0.7252510760401721,1,0.41404669976098546,1
2015,01,50000,0.8902467037258235,1,0.7907986111111112,1,0.6285039531779444,1
2015,01,51000,0.86110265001523,1,0.918245804006497,1,0.4584870848708487,1
2015,01,77256,0.7740570148138927,1,0.7556008146639511,1,0.2815694943354518,1
2015,02,03000,0.5134003350083752,1,0.3456151691445809,1,0.1484003597584479,1
2015,04,04720,0.8609929078014185,1,0.8689935064935065,1,0.8233743409490334,1
2015,04,07940,0.6,1,0.6175835344937111,1,0.5235077376565954,1
2015,04,12000,0.403440441415125,1,0.5397004008720726,1,0.22283071680662042,1
2015,04,23620,0.4406779661016949,1,0.5931101722456938,1,0.3296790594216714,1
2015,04,27400,0.0659041394335512,1,0.03840323395654371,1,0.023148809693921295,1
2015,04,27820,0.8288834951456311,1,0.8686879663841194,1,0.4323070607553366,1
2015,04,28380,0.43919885550786836,1,0.4118516086671044,1,0.24602670057215512,1
2015,04,46000,0.7262475331265859,1,0.7888156533561907,1,0.46872064172668804,1
2015,04,54050,0.6388888888888888,1,0.6983430264457369,1,0.34840248502329707,1
2015,04,55000,0.6929859950435133,1,0.8132168854086247,1,0.40384615384615385,1
2015,04,65000,0.3343982960596379,1,0.4421598426604684,1,0.07809882747068676,1
2015,04,71510,0.7084352078239609,1,0.740885808978608,1,0.6301623785867873,1
2015,04,73000,0.5622018348623853,1,0.5371747211895911,1,0.2898480243161094,1
2015,04,77000,0.6165970375996962,1,0.5563919403494791,1,0.3814007617435463,1
2015,04,85540,0.5370370370370371,1,0.5169196710942442,1,0.536961819658814,1
2015,05,23290,0.42795698924731185,1,0.42521008403361343,1,0.23044366608289552,1
2015,05,24550,0.8787699586043761,1,0.9097480380008262,1,0.6174261392088132,1
2015,05,35710,0.9617834394904459,1,0.8533007334963325,1,0.5745957863792258,1
2015,05,41000,0.8076081292339761,1,0.8596321393998064,1,0.40548554484803556,1
2015,05,66080,0.8379446640316206,1,0.8774663563695234,1,0.64409013045196994,1
2015,06,00562,0.11991657977059438,1,0.08556461001164144,1,0.04343891402714932,1
2015,06,00884,0.031578947368421054,1,0.08062986150635552,1,0.0546218487394958,1
2015,06,02000,0.754054054054054,1,0.8672823828215193,1,0.3316186146668262,1
2015,06,02252,0.4789672824393501,1,0.5528259017324624,1,0.4156671664167916,1
2015,06,02364,0.7737117251680359,1,0.7225619568715803,1,0.6147274901759782,1
2015,06,03526,0.7044841320827444,1,0.7107872111767867,1,0.3926932517519832,1
2015,06,04982,0.43403205918618987,1,0.42344352058406004,1,0.3721590909090909,1
2015,06,06000,0.022577092511013214,1,0.005490196078431373,1,0.0010280133641737343,1
2015,06,08786,0.4532710280373832,1,0.5233780941595211,1,0.397497593840231,1
2015,06,08954,0.0776255707762557,1,0.10910862152946907,1,0.03307151715584952,1
2015,06,11194,0,1,0,1,0,1
2015,06,11530,0.37646685696162385,1,0.1380456779416016,1,0.0703125,1
2015,06,13014,0.3788300835654596,1,0.33495293045854846,1,0.24175947800652492,1
2015,06,13210,0.26785714285714285,1,0.4445122571457634,1,0.20894788593903638,1
2015,06,13214,0.04081632653061224,1,0.013732394366197184,1,0.0042334442092530995,1
2015,06,13392,0.10342979635584137,1,0.1683673469387755,1,0.0635470826112074,1
2015,06,13588,0.7813163481953291,1,0.7835051546391752,1,0.6664829106945975,1
2015,06,14218,0.20333839150227617,1,0.2299174989144594,1,0.11234754740496751,1
2015,06,15044,0.998338410412628,1,0.9997625408132977,1,1,1
2015,06,16000,0.05037037037037037,1,0.1522216796875,1,0.008244994110718492,1
2015,06,16350,0.07667386609071274,1,0.26144374937940623,1,0.04133156876717907,1
2015,06,16532,0.33157894736842103,1,0.4803873135065705,1,0.15911513859275053,1
2015,06,17918,0,1,0,1,0,1
2015,06,19766,0.2551282051282051,1,0.16361872422992965,1,0.10657785179017486,1
2015,06,21712,0.6517350157728706,1,0.5236220472440944,1,0.4211948583114227,1
2015,06,22020,0.04664786287697982,1,0.033853869827881,1,0.008250497017892645,1
2015,06,22230,0.8611111111111112,1,0.9105266115888271,1,0.5517241379310345,1
2015,06,22804,0.24466338259441708,1,0.37743795437453,1,0.05123814541622761,1
2015,06,23182,0.3144977168949772,1,0.39621749408983453,1,0.12722383119569713,1
2015,06,24638,0,1,0,1,0,1
2015,06,24680,0.5014945200929923,1,0.6982946975752731,1,0.48646558391337974,1
2015,06,26000,0.03691639522258415,1,0.034633612832664966,1,0.02225519287833828,1
2015,06,27000,0.8157752566180443,1,0.8414998654257504,1,0.4409246575342466,1
2015,06,28000,0.26062322946175637,1,0.4793688219824068,1,0.09685741088180112,1
2015,06,29000,0.5346153846153846,1,0.7444591297275315,1,0.26248175182481753,1
2015,06,30000,0.3828996282527881,1,0.47969955339017456,1,0.47042081723927626,1
2015,06,32548,0.6226964112512124,1,0.44815701292484444,1,0.11062431544359255,1
2015,06,33000,0.17813267813267813,1,0.2646287651083967,1,0.1187214611872146,1
2015,06,33182,0.6919163369135105,1,0.6709578682030969,1,0.58698752228164,1
2015,06,33434,0.9878682842287695,1,0.9733418186960826,1,0.9181629181629182,1
2015,06,36000,0.06198347107438017,1,0.14830224130989128,1,0.020231627108950528,1
2015,06,36448,0.6306306306306306,1,0.7785374982006622,1,0.326265389876881,1
2015,06,36546,0.7796699438202247,1,0.7928260140797855,1,0.4297520661157025,1
2015,06,36770,0,1,0,1,0,1
2015,06,37692,0.38666666666666666,1,0.5711176470588235,1,0.3787806048967835,1
2015,06,39496,0,1,0,1,0,1
2015,06,39892,0.31529411764705884,1,0.3793103448275862,1,0.10268562401263823,1
2015,06,40130,0.8442340791738382,1,0.77088948787062,1,0.5761471518987342,1
2015,06,41992,0.07106598984771574,1,0.217269544924154,1,0.03090412534138278,1
2015,06,43000,0.6318062137967351,1,0.6993737481301184,1,0.11650050408871962,1
2015,06,44000,0.7463717500970121,1,0.8052537693953654,1,0.2225168876657493,1
2015,06,45484,0.25760286225402507,1,0.3811875077150969,1,0.25572868927589365,1
2015,06,46842,0.07905686546463246,1,0.13774746298452836,1,0.05344827586206897,1
2015,06,46898,0.9218455743879472,1,0.8982836763503975,1,0.7084985835694051,1
2015,06,47766,0,1,0,1,0,1
2015,06,48256,0.03111111111111111,1,0.05087782156932999,1,0.006041335453100159,1
2015,06,48354,0.722693831352575,1,0.803594397598971,1,0.5509791731426795,1
2015,06,49270,0.7400777130169304,1,0.781082910321489,1,0.6721813725490197,1
2015,06,49670,0,1,0,1,0,1
2015,06,50076,0,1,0,1,0,1
2015,06,50258,0.225,1,0.23162824207492796,1,0.04146894986589643,1
2015,06,51182,0,1,0,1,0,1
2015,06,52526,0.8358662613981763,1,0.8239380389651868,1,0.7661795407098121,1
2015,06,53000,0.68572082729146,1,0.6830732292917167,1,0.16761827079934746,1
2015,06,53322,0.19646241313960833,1,0.1889377749842866,1,0.03270725388601036,1
2015,06,53896,0.4728487886382623,1,0.6122557219207703,1,0.44629080118694364,1
2015,06,53980,0.21965317919075145,1,0.5184115523465704,1,0.16679657053780203,1
2015,06,54652,0.6130742049469965,1,0.7272888080256741,1,0.5780299959464937,1
2015,06,55156,0.6214159292035398,1,0.582759014583254,1,0.35182445759368836,1
2015,06,56000,0.612268080272624,1,0.6281245207790216,1,0.4160409556313993,1
2015,06,56700,0.6614826334888543,1,0.7067361369557127,1,0.662148070907195,1
2015,06,57456,0.2338235294117647,1,0.16139541197230894,1,0.1873156342182891,1
2015,06,57792,0,1,0,1,0,1
2015,06,58072,0.4794921875,1,0.6302472127968978,1,0.35171568627450983,1
2015,06,59444,0.8933747412008282,1,0.9210730948678072,1,0.7400591521524811,1
2015,06,59451,0.12203166226912929,1,0.1663674446439258,1,0.047644683714670254,1
2015,06,59920,0.506993006993007,1,0.5143377332726445,1,0.4115572967678746,1
2015,06,60102,0.056818181818181816,1,0.09571890145395799,1,0.0030653950953678476,1
2015,06,60466,0.7578864353312302,1,0.7805814883969059,1,0.7084870848708487,1
2015,06,60620,0.4456404736275565,1,0.30605443436400664,1,0.13093709884467267,1
2015,06,62000,0.3773283661522086,1,0.5126585284757517,1,0.2600049509035399,1
2015,06,62938,0.07060755336617405,1,0.1304888152444076,1,0.047202050405809486,1
2015,06,64000,0.7581628102858842,1,0.7375428269217503,1,0.3995090778280926,1
2015,06,64224,0.37987012987012986,1,0.6013474439046959,1,0.24953345774460145,1
2015,06,65000,0.984729291994447,1,0.9851037980032751,1,0.9536497363308354,1
2015,06,65042,0.125,1,0.2298618132794068,1,0.08126533951458959,1
2015,06,66000,0.5516119032858029,1,0.5002677478580171,1,0.05624163392201736,1
2015,06,67000,0.376536312849162,1,0.3600396224216292,1,0.1087490783976407,1
2015,06,68000,0.044600280504908836,1,0.12431881497587824,1,0.007801824833605148,1
2015,06,68084,0.11826544021024968,1,0.06825095057034221,1,0.020710059171597635,1
2015,06,68196,0.05324074074074074,1,0.20883400089007564,1,0.02065272819989801,1
2015,06,68252,0.06741573033707865,1,0.06516431924882629,1,0.012181303116147308,1
2015,06,68378,0,1,0,1,0,1
2015,06,69000,0.528957528957529,1,0.8313135629433381,1,0.09770930468274884,1
2015,06,69070,0.10059171597633136,1,0.10864225100491291,1,0.043455313159746656,1
2015,06,69084,0.0166270783847981,1,0.027540563620836893,1,0.023545706371191136,1
2015,06,69088,0.28769017980636236,1,0.25574583145561064,1,0.05042847725774555,1
2015,06,69196,0.4391304347826087,1,0.654338724242673,1,0.16063069721606307,1
2015,06,70000,0.011904761904761904,1,0.017164653528289893,1,0.005521201413427562,1
2015,06,70098,0.07120743034055728,1,0.16092298471681152,1,0.028643786568858614,1
2015,06,72016,0.15178571428571427,1,0.16281396977884519,1,0.10670818001698273,1
2015,06,73080,0.4935064935064935,1,0.6631320962336817,1,0.7655502392344498,1
2015,06,75000,0.7629942247889827,1,0.8015636001651006,1,0.5420949301305,1
2015,06,77000,0,1,0,1,0,1
2015,06,78120,0,1,0,1,0,1
2015,06,78582,0.04477611940298507,1,0.20216606498194944,1,0.019102698913424466,1
2015,06,80000,0.08357915437561456,1,0.12875430822255046,1,0.009821428571428571,1
2015,06,80238,0.10421638822593476,1,0.2206615776081425,1,0.06691091399922869,1
2015,06,80854,0.19081272084805653,1,0.5179467871485943,1,0.11983471074380166,1
2015,06,81344,0.4850498338870432,1,0.4813911912888022,1,0.2347767253044655,1
2015,06,81554,0.1584385763490241,1,0.2677117263843648,1,0.06470492602828809,1
2015,06,81666,0.6291469194312796,1,0.6394163150492265,1,0.5549084858569051,1
2015,06,82590,0.927730483608042,1,0.8654999724836278,1,0.73378899404136,1
2015,06,82954,0.55,1,0.6128428029393401,1,0.3914369034994698,1
2015,06,82996,0.23096446700507614,1,0.4450925493855965,1,0.15748440748440748,1
2015,06,84200,0.4988962472406181,1,0.5237609786700126,1,0.36666666666666664,1
2015,06,84550,0.3835616438356164,1,0.5815467075038285,1,0.3425720620842572,1
2015,06,85292,0.24,1,0.3605720883459347,1,0.12713403559752998,1
2015,08,03455,0.28,1,0.33148250971682397,1,0.10866676509670752,1
2015,08,04000,0.4921449681132369,1,0.6237942122186495,1,0.1724805420010485,1
2015,08,07850,0.03787878787878788,1,0.11597374179431072,1,0.020601281419418433,1
2015,08,12815,0,1,0,1,0,1
2015,08,16000,0.5123012301230123,1,0.5064153466794834,1,0.2294432667633605,1
2015,08,20000,0.6457256461232604,1,0.7901591397849462,1,0.2826546003016591,1
2015,08,27425,0.17151162790697674,1,0.34481393507521774,1,0.10418830044998269,1
2015,08,32155,0.5166666666666667,1,0.5480393978814346,1,0.21517352703793383,1
2015,08,43000,0.31568228105906315,1,0.41044934294192453,1,0.1488005665220855,1
2015,08,45970,0.15819209039548024,1,0.43327792050778297,1,0.09303036478500101,1
2015,08,46465,0.1917808219178082,1,0.2509679690249912,1,0.13833829721680188,1
2015,08,62000,0.6332665330661322,1,0.7633611560981687,1,0.57,1
2015,08,77290,0.31742243436754175,1,0.3992932862190813,1,0.13480725623582768,1
2015,08,83835,0.30991735537190085,1,0.6165690148521596,1,0.12331679659815734,1
2015,09,08000,0.9468635481784867,1,0.9366843478993012,1,0.9407703488372093,1
2015,09,18430,0.22796709753231492,1,0.32073374096720403,1,0.15144014401440145,1
2015,09,37000,0.7955240308181485,1,0.9043874172185431,1,0.6863970588235294,1
2015,09,52000,0.8637572652940597,1,0.9112707299038766,1,0.6248326639892905,1
2015,09,55990,0.11782477341389729,1,0.1744611630744205,1,0.08070692194403535,1
2015,09,73000,0.16547927461139897,1,0.11608349602042349,1,0.06245105716523101,1
2015,09,80000,0.8868053967528012,1,0.8999504214179475,1,0.6679312089023773,1
2015,11,50000,0.8195260728096625,1,0.5787613462928749,1,0.10443894972330155,1
2015,12,07300,0.18706962509563888,1,0.12171684817424727,1,0.08063350200433725,1
2015,12,07875,0.9030850263355906,1,0.7607802874743327,1,0.459589172585909,1
2015,12,10275,0.6412966878083157,1,0.5961936820300362,1,0.49585764714357755,1
2015,12,12875,0.802827965435978,1,0.7944655210890427,1,0.561145795078957,1
2015,12,14400,0.583367139959432,1,0.4730896166539731,1,0.3103486319505737,1
2015,12,16475,0.47993216506500846,1,0.3222790615628859,1,0.21797501398471006,1
2015,12,16725,1,1,1,1,1,1
2015,12,17200,1,1,1,1,1,1
2015,12,17935,0,1,0,1,0,1
2015,12,24000,0.9732705596476574,1,0.8603614175076273,1,0.5505079006772009,1
2015,12,24125,0.7474677396975163,1,0.699935917975008,1,0.435670356703567,1
2015,12,25175,0.5249756203272293,1,0.3092369477911647,1,0.24009121511564774,1
2015,12,30000,0.9793698424606152,1,0.9401303565635415,1,0.9160220994475138,1
2015,12,32000,0.9250720461095101,1,0.8438654481819949,1,0.675133001544534,1
2015,12,32275,0.848404607440752,1,0.7906159769008663,1,0.6808809746954076,1
2015,12,35000,0.6924285500523717,1,0.5124720311593602,1,0.35849776240846215,1
2015,12,36950,0.9718146718146718,1,0.9669060028428764,1,0.9431017119838873,1
2015,12,38250,0.7448482577744474,1,0.7530666666666667,1,0.5826374579763584,1
2015,12,39425,0.7246376811594203,1,0.7347965249199817,1,0.5959639330184628,1
2015,12,43975,0.7580275229357798,1,0.5639739086803813,1,0.4392712550607287,1
2015,12,45000,0.9117765984331564,1,0.8342841979567467,1,0.5304830992437104,1
2015,12,45025,0.9510022271714922,1,0.8900952803013517,1,0.706447963800905,1
2015,12,45060,0.9628515832301433,1,0.950844277673546,1,0.9090909090909091,1
2015,12,45975,0.7465999244427654,1,0.3981290629459331,1,0.32227784730913644,1
2015,12,49675,1,1,1,1,1,1
2015,12,53000,0.8368921269569163,1,0.7040908716766812,1,0.4362951351648654,1
2015,12,54000,0.8962812318419524,1,0.8669676971170546,1,0.8412403922608004,1
2015,12,54200,0.8267570900123304,1,0.7694805194805194,1,0.7448200654307524,1
2015,12,55775,0.2856205935399246,1,0.13613013698630136,1,0.10356892932120364,1
2015,12,57425,0.9438106589477269,1,0.7475298126064736,1,0.6809878213802436,1
2015,12,58050,0.9609473418997229,1,0.9223946784922394,1,0.7434895833333334,1
2015,12,58715,0,1,0,1,0,1
2015,12,63000,0.4230769230769231,1,0.24761904761904763,1,0.23344947735191637,1
2015,12,69700,0.8707912457912458,1,0.6355594869526758,1,0.6920731707317073,1
2015,12,70600,0.7494031873024066,1,0.48477284073889165,1,0.2448651903391985,1
2015,12,71000,0.7889196302044672,1,0.7148933031763202,1,0.40440750048327856,1
2015,12,76600,0.8386703511053316,1,0.8405082787832114,1,0.6096837944664032,1
2015,13,03440,1,1,1,1,1,1
2015,13,04000,0.8161571682614954,1,0.588373509703246,1,0.1519470840320477,1
2015,13,04204,0.9558930237379496,1,0.9451097804391217,1,0.8665158371040724,1
2015,13,19000,0.8609713348787245,1,0.6929530201342282,1,0.39335664335664333,1
2015,13,42425,0,1,0,1,0,1
2015,13,49008,0.9761265947544215,1,0.9590243902439024,1,0.7913060582218725,1
2015,13,67284,0.17503392130257803,1,0.3762758620689655,1,0.0548206937095826,1
2015,13,68516,1,1,1,1,1,1
2015,13,69000,0.8993856039682092,1,0.7510176390773405,1,0.40744584252172783,1
2015,13,80508,0.7749543731573775,1,0.6784869976359338,1,0.5066183422628427,1
2015,15,71550,NA,NA,NA,NA,NA,NA
2015,16,08830,0.2033195020746888,1,0.2277580071174377,1,0.11105964865848414,1
2015,16,52120,0.006993006993006993,1,0.03893355903512484,1,0.01615467459869737,1
2015,16,56260,0.2953020134228188,1,0.4530454895913647,1,0.30581598601620846,1
2015,17,02154,NA,NA,NA,NA,NA,NA
2015,17,03012,NA,NA,NA,NA,NA,NA
2015,17,06613,NA,NA,NA,NA,NA,NA
2015,17,12385,NA,NA,NA,NA,NA,NA
2015,17,14000,NA,NA,NA,NA,NA,NA
2015,17,14351,NA,NA,NA,NA,NA,NA
2015,17,23074,NA,NA,NA,NA,NA,NA
2015,17,24582,NA,NA,NA,NA,NA,NA
2015,17,38570,NA,NA,NA,NA,NA,NA
2015,17,51622,NA,NA,NA,NA,NA,NA
2015,17,59000,NA,NA,NA,NA,NA,NA
2015,17,65000,NA,NA,NA,NA,NA,NA
2015,17,68003,NA,NA,NA,NA,NA,NA
2015,17,72000,NA,NA,NA,NA,NA,NA
2015,17,79293,NA,NA,NA,NA,NA,NA
2015,18,05860,0.3020833333333333,1,0.249185667752443,1,0.15953267162944582,1
2015,18,10342,0,1,0,1,0,1
2015,18,22000,0.7482748274827483,1,0.6142857142857143,1,0.3542625667464555,1
2015,18,23278,0,1,0,1,0,1
2015,18,25000,0.7191185229303156,1,0.7331195439159095,1,0.3185069109611057,1
2015,18,31000,1,1,1,1,1,1
2015,18,36003,NA,NA,NA,NA,NA,NA
2015,18,71000,0.8516235100698726,1,0.8275351591413768,1,0.7222137752774821,1
2015,19,12000,0.44145403704998254,1,0.38218151540383016,1,0.2021063513600827,1
2015,19,19000,0.600480109739369,1,0.5783421178725443,1,0.47436394162469325,1
2015,19,21000,0.763837039441649,1,0.7889070910367423,1,0.5134040501446481,1
2015,19,73335,0.8826597131681877,1,0.8447669305189094,1,0.5740185387131952,1
2015,20,36000,0.9420923245015024,1,0.972411500747881,1,0.7256139154160982,1
2015,20,38900,0.04087193460490463,1,0.04588014981273408,1,0.03370098039215686,1
2015,20,52575,0.08417508417508418,1,0.25335420393559926,1,0.035238504512247526,1
2015,20,53775,0,1,0,1,0,1
2015,20,71000,0.7203333333333334,1,0.6758779504893494,1,0.3541475359657178,1
2015,20,79000,0.8224238496435515,1,0.865077106925397,1,0.5418424920582239,1
2015,21,46027,0.6307894448702508,1,0.6738989637305699,1,0.33468298518450357,1
2015,21,48006,0.8876959292645117,1,0.8987356455167614,1,0.7325004723219346,1
2015,22,05000,0.8598226283257189,1,0.8028708133971292,1,0.26724821570182394,1
2015,22,40735,0.7118476866923152,1,0.5573770491803278,1,0.3103032737497489,1
2015,22,41155,0.6853613099323463,1,0.4240766073871409,1,0.15546875,1
2015,22,55000,0.9151062097550144,1,0.7639817094618361,1,0.19980601357904948,1
2015,22,70000,0.8246930153591029,1,0.6156521739130435,1,0.3723425004876146,1
2015,24,04000,0.6776275630184827,1,0.6478338543992854,1,0.2921457752766429,1
2015,24,30325,0.13994010345766403,1,0.2834942312220391,1,0.028704863879712952,1
2015,25,07000,0.9153251770766259,1,0.8868085106382979,1,0.2693279434057605,1
2015,25,09000,1,1,1,1,1,1
2015,25,11000,0.2684012324546388,1,0.2199074074074074,1,0.08977110157367668,1
2015,25,23000,0.9125748502994012,1,0.9027297193387159,1,0.7563224118599726,1
2015,25,34550,1,1,1,1,1,1
2015,25,37000,0.6538181818181819,1,0.7800490596892886,1,0.693000693000693,1
2015,25,37490,0.9140145170295924,1,0.9386327503974563,1,0.7246580147316731,1
2015,25,45000,0.8553601815087918,1,0.8966417910447761,1,0.7478168827732204,1
2015,25,45560,0,1,0,1,0,1
2015,25,55745,0.3765541740674956,1,0.3276955602536998,1,0.20574920778632866,1
2015,25,62535,0.8514851485148515,1,0.8729176582579724,1,0.6775280898876405,1
2015,25,67000,0.9189141547682003,1,0.9663511485628535,1,0.886600928074246,1
2015,25,82000,0.7984677590976803,1,0.8212738501244354,1,0.5547818012999072,1
2015,26,03000,0.13743897859556892,1,0.12009237875288684,1,0.06303972366148532,1
2015,26,21000,0.8391873278236914,1,0.6953713670613563,1,0.6735275819162173,1
2015,26,22000,0.9642673591387378,1,0.923008936462732,1,0.9790857484314311,1
2015,26,27440,0,1,0,1,0,1
2015,26,29000,0.9903908794788273,1,0.9674902470741222,1,0.9739889880387317,1
2015,26,34000,0.77071995024102,1,0.7877557923220023,1,0.2601061339160293,1
2015,26,46000,0.9211977935382191,1,0.896984073195527,1,0.7369809992962703,1
2015,26,49000,0.2812172088142707,1,0.11411411411411411,1,0.0966226398368939,1
2015,26,69035,0.09477521263669501,1,0.015408320493066256,1,0.0031292783101897126,1
2015,26,74900,0.8707337012058042,1,0.9135802469135802,1,0.258364312267658,1
2015,26,76460,0.4746682750301568,1,0.30103092783505153,1,0.389384772060145,1
2015,26,80700,0,1,0,1,0,1
2015,26,84000,0.8636758321273517,1,0.7616707616707616,1,0.5879120879120879,1
2015,26,86000,0.6366417403127125,1,0.5623721881390593,1,0.5163365498561029,1
2015,26,88940,0.9053398058252428,1,0.9225738948469788,1,0.5847352024922119,1
2015,27,06616,0.17831190609278927,1,0.2753785754346607,1,0.0363761153054221,1
2015,27,07966,0.44110337972166996,1,0.5460693153000845,1,0.12948100588550027,1
2015,27,17000,0.5572390572390572,1,0.29927007299270075,1,0.18393072454236545,1
2015,27,43000,0.7618241455930589,1,0.7288386949577915,1,0.19010377500375997,1
2015,27,51730,0.0578915295551493,1,0.011961722488038277,1,0.007034747388616499,1
2015,27,54880,0.2844392704695382,1,0.21380981223500908,1,0.07887785772839057,1
2015,27,58000,0,1,0,1,0,1
2015,27,71428,0,1,0,1,0,1
2015,28,36000,1,1,1,1,1,1
2015,29,15670,0.48253275109170307,1,0.42050390964378803,1,0.24217897417242634,1
2015,29,35000,0.7049769112365315,1,0.7165193745751189,1,0.6124502881259638,1
2015,29,38000,0.8600878798974735,1,0.7192239261204778,1,0.22445307708035167,1
2015,29,41348,NA,NA,NA,NA,NA,NA
2015,29,54074,NA,NA,NA,NA,NA,NA
2015,29,65000,0.8215043621787315,1,0.4418604651162791,1,0.12375809935205184,1
2015,29,70000,0.8161838161838162,1,0.7350318471337579,1,0.5892685736225763,1
2015,30,06550,0.20603015075376885,1,0.3392293114339861,1,0.13726472482645102,1
2015,31,28000,0.4373765310154089,1,0.38444022770398484,1,0.1515095319338328,1
2015,31,37000,0.6781101291638342,1,0.7676135530240062,1,0.18927654502108932,1
2015,32,31900,0.29270603094411113,1,0.24537437316271832,1,0.12461334511710119,1
2015,32,40000,0.6569331812155037,1,0.7855818147788951,1,0.31625491066291894,1
2015,32,51800,0.8363770522043903,1,0.8713398006169252,1,0.4809846153846154,1
2015,32,60600,0.3869047619047619,1,0.5183269875546969,1,0.15423180347295018,1
2015,32,68400,0.43237250554323725,1,0.6195495395539776,1,0.19006065765669894,1
2015,33,45140,0.43798118049615054,1,0.503046458492003,1,0.31235406495436213,1
2015,33,50260,0.1922141119221411,1,0.3524888709024686,1,0.13259817105970953,1
2015,34,13690,0.3288201160541586,1,0.40836552998488157,1,0.22557394554191137,1
2015,34,21000,0.9930445151033387,1,0.9796330675985585,1,0.9155812831644959,1
2015,34,36000,0.8901228501228501,1,0.8876767676767677,1,0.7927308447937131,1
2015,34,51000,0.9618934509670851,1,0.9223739439987249,1,0.8460189407225535,1
2015,34,57000,0.9456433555086808,1,0.9713873912347195,1,0.9877126654064272,1
2015,34,74000,0.9969533305636339,1,0.9928106812735364,1,0.8873239436619719,1
2015,35,02000,0.733056133056133,1,0.8149619742356046,1,0.4856198989506413,1
2015,35,39380,0.8433734939759037,1,0.9183106418449569,1,0.842241938974248,1
2015,35,63460,0.35600907029478457,1,0.3815265367639143,1,0.30977827404689745,1
2015,35,70500,0.5568862275449101,1,0.869499362244898,1,0.4632693580410324,1
2015,36,01000,0.8916930881420418,1,0.7651671481634338,1,0.25361025474606524,1
2015,36,11000,0.9221000758150114,1,0.8424760946149975,1,0.5779420313927415,1
2015,36,50617,0.30231560891938253,1,0.5045045045045045,1,0.1842809364548495,1
2015,36,51000,0.8830113159065078,1,0.8687137770616212,1,0.18359000810551912,1
2015,36,63000,0.8570645297342894,1,0.7532919254658386,1,0.18510508251445768,1
2015,36,73000,0.9730689296847939,1,0.9458786936236392,1,0.6391874462596733,1
2015,36,84000,0.9430850099691862,1,0.9392103205629398,1,0.7325657180099935,1
2015,37,02140,0.3831367409349061,1,0.632295719844358,1,0.38214379773505397,1
2015,37,10740,0.127362605408549,1,0.14769572459744587,1,0.04807619623554313,1
2015,37,12000,0.7714524905818334,1,0.8102992492333722,1,0.22626587166733603,1
2015,37,14100,0.5055357142857143,1,0.6539296569691706,1,0.39708671572718307,1
2015,37,19000,0.7624668503977953,1,0.7857013081395349,1,0.34036049330663015,1
2015,37,22920,0.7953932984186709,1,0.6965572457966374,1,0.5312185757381844,1
2015,37,25580,0.8731375053214133,1,0.856839422259983,1,0.5687748783724016,1
2015,37,28000,0.7434089667841716,1,0.7913564023945101,1,0.24188449848024315,1
2015,37,28080,0.8168586052463211,1,0.71939736346516,1,0.3517644414475163,1
2015,37,31400,0.7831522547998214,1,0.8079443079443079,1,0.4494279176201373,1
2015,37,55000,0.4307641132864474,1,0.4458339846803189,1,0.1355049078929676,1
2015,37,74440,0.5404222940840784,1,0.46523345649983205,1,0.14722993521089514,1
2015,37,75000,0.7418503862822687,1,0.7070103740961962,1,0.1635135135135135,1
2015,38,25700,0.03088803088803089,1,0.0423728813559322,1,0.02025370429591728,1
2015,39,01000,0.9123962699974335,1,0.7768052516411379,1,0.5490624559424785,1
2015,39,15000,0.8329571106094809,1,0.6598360655737705,1,0.18818280089238482,1
2015,39,16000,0.9501947841142734,1,0.9462283384301733,1,0.5435318735520515,1
2015,39,18000,0.8747412233868683,1,0.8108623632165445,1,0.46680181128896375,1
2015,39,21000,0.9657552254502432,1,0.7998385794995965,1,0.5975407362703682,1
2015,39,61000,0.24406047516198703,1,0.16361679224973089,1,0.11858341559723594,1
2015,39,77000,0.9127411548162793,1,0.7912246865959498,1,0.5764512595837897,1
2015,40,09050,0.05572565829761176,1,0.12092766427388184,1,0.029086761246168106,1
2015,40,23200,0.06438848920863309,1,0.10046478369681802,1,0.028481012658227847,1
2015,40,41850,0.5462986198243412,1,0.5778236914600551,1,0.4823548812664908,1
2015,40,52500,0.47334754797441364,1,0.4251012145748988,1,0.3334906105501557,1
2015,40,55000,0.7039686324378742,1,0.7774532534401253,1,0.3426467149871405,1
2015,40,75000,0.7450965657172917,1,0.7176690194248381,1,0.40655463190000596,1
2015,41,05350,0.3141809290953545,1,0.3741952789699571,1,0.17079308385420894,1
2015,41,05800,0.225,1,0.3204653622421999,1,0.14396709323583182,1
2015,41,23850,0.30930232558139537,1,0.4491525423728814,1,0.2813941888015962,1
2015,41,31250,0.688659793814433,1,0.6848270226096431,1,0.5296798029556651,1
2015,41,34100,0.12213740458015267,1,0.3287585776668746,1,0.11652822920428554,1
2015,41,47000,0.5114503816793893,1,0.5885323826500297,1,0.36191011235955056,1
2015,41,59000,0.7689325764917624,1,0.6914619164619165,1,0.30200361764296646,1
2015,41,64900,0.6071428571428571,1,0.8274197256494751,1,0.46266000803627805,1
2015,42,02000,0.8673568424458105,1,0.8953343587489929,1,0.2526606772633034,1
2015,42,06088,0.2968152866242038,1,0.4709851551956815,1,0.13322523983245507,1
2015,42,24000,0.9660983735057809,1,0.8699952896844089,1,0.4593872962338392,1
2015,42,60000,0.9631281116265009,1,0.9592496765847348,1,0.7015936108350815,1
2015,42,61000,0.8873867659907113,1,0.4873501997336884,1,0.2215587020924211,1
2015,42,63624,0.8311827956989247,1,0.9320081033172956,1,0.19852941176470587,1
2015,42,69000,0.989843028624192,1,0.9968786578228638,1,0.9635436343029845,1
2015,44,19180,0.7540650406504065,1,0.750780031201248,1,0.3322220370061677,1
2015,44,54640,0.9778890279516061,1,0.9278582930756843,1,0.9381918819188192,1
2015,44,59000,0.9699769053117783,1,0.9857509927587013,1,0.9191660570592538,1
2015,44,74300,0,1,0,1,0,1
2015,45,13330,NA,NA,NA,NA,NA,NA
2015,45,16000,1,1,1,3,1,1
2015,45,48535,NA,NA,NA,NA,NA,NA
2015,45,50875,NA,NA,NA,NA,NA,NA
2015,46,59020,0.5384893386338996,1,0.545002073828287,1,0.1875805638065348,1
2015,47,14000,0.8868533459895586,1,0.9654285714285714,1,0.6415686274509804,1
2015,47,15160,0.3450839988983751,1,0.31047516198704106,1,0.26741325737959604,1
2015,47,27740,0.07819383259911894,1,0.05154639175257732,1,0.012598689736267429,1
2015,47,40000,0.7083755060728745,1,0.5065390004670715,1,0.28238666406923996,1
2015,47,48000,0.9415249197097657,1,0.9393990263555481,1,0.5937331172339276,1
2015,47,51560,0.44530757925677095,1,0.5230219043361645,1,0.21064630115125954,1
2015,47,52006,0.8386089051149836,1,0.9108978170389875,1,0.5789104638619201,1
2015,48,01000,0.6792704626334519,1,0.6480038364704472,1,0.41752523675720676,1
2015,48,01924,0.12143796580447172,1,0.14384615384615385,1,0.04164751310103889,1
2015,48,03000,0.8181565023670286,1,0.8005271422162404,1,0.4153941163260723,1
2015,48,04000,0.674489395129615,1,0.791500285225328,1,0.39192303260744327,1
2015,48,05000,0.7079223928860146,1,0.7422897433296135,1,0.11450804902679049,1
2015,48,06128,0.7106281631437928,1,0.7939061170829789,1,0.6404101608016779,1
2015,48,07000,0.929753433724971,1,0.8901098901098901,1,0.4478897502153316,1
2015,48,10768,1,1,1,1,1,1
2015,48,10912,0.9555623659209317,1,0.9536796536796537,1,0.8204398447606727,1
2015,48,13024,0.25296950240770466,1,0.5851818590031432,1,0.14881052809178336,1
2015,48,13552,0,1,0,1,0,1
2015,48,15976,0,1,0,1,0,1
2015,48,16432,0.48482060717571296,1,0.6984699131969987,1,0.5134963191856766,1
2015,48,17000,0.6989503816793893,1,0.7327861812282292,1,0.4216699973933443,1
2015,48,19000,0.9540090882439167,1,0.9622964506465169,1,0.38531319453893953,1
2015,48,19972,0.3808151502675998,1,0.4769322059041685,1,0.26984877126654067,1
2015,48,22660,0.8387096774193549,1,0.7631148880536035,1,0.7834394904458599,1
2015,48,24000,0.8311306901615272,1,0.9254125367514138,1,0.7231396930250631,1
2015,48,26232,0,1,0,1,0,1
2015,48,27000,0.7879179507571992,1,0.8152805034851458,1,0.31382653225546714,1
2015,48,27684,0,1,0,1,8.418217021634818e-5,1
2015,48,29000,0.8441169698365185,1,0.8914386931706357,1,0.7319347319347319,1
2015,48,30464,0.6483307591778543,1,0.7954237288135593,1,0.6122817579771223,1
2015,48,35000,0.8988372433588144,1,0.900477874197631,1,0.38165222201733356,1
2015,48,37000,0.8414326285894604,1,0.9683884223047255,1,0.7571111111111111,1
2015,48,39148,0.5553211241454975,1,0.5859108420473308,1,0.5348275862068965,1
2015,48,41464,0.9868421052631579,1,0.9858710155670868,1,0.9715242881072027,1
2015,48,41980,0.025,1,0.06871992300288739,1,0.013754912468738835,1
2015,48,42508,0.5020967291026,1,0.5862382816055338,1,0.25479840267937653,1
2015,48,43888,0.8664874551971327,1,0.8421358096343586,1,0.5383592859855678,1
2015,48,45000,0.8445260202979918,1,0.7258501889308735,1,0.3833582089552239,1
2015,48,45384,0.5480769230769231,1,0.7308665644171779,1,0.6046720575022462,1
2015,48,45744,0.19187411930483794,1,0.3312078019504876,1,0.06098514464425332,1
2015,48,47892,0.7557835235004711,1,0.8568504094268025,1,0.6855652173913044,1
2015,48,48072,0.6690176322418137,1,0.6606815899828716,1,0.4212030822769078,1
2015,48,48768,0.9473684210526315,1,0.9181578402978899,1,0.8909090909090909,1
2015,48,50820,0.14545454545454545,1,0.1998234997478568,1,0.11314047560676636,1
2015,48,53388,0.54663608562691135,1,0.5994904149478282,1,0.39683461594308117,1
2015,48,56000,0.9486963835155593,1,0.973615126441365,1,0.7559964465501925,1
2015,48,56348,0.042715827338129495,1,0.10615827732821287,1,0.04923180441852641,1
2015,48,57200,0.9333333333333333,1,0.9083585491413526,1,0.9011627906976745,1
2015,48,58016,0.14031756989989644,1,0.300857690065784,1,0.05558640604175922,1
2015,48,61796,0.6481747628628917,1,0.5684523809523809,1,0.31472316733683886,1
2015,48,63500,0.21583383503913306,1,0.30268103232272614,1,0.0884450784593438,1
2015,48,64472,0.5320121951219512,1,0.5410871066390451,1,0.42016129032258065,1
2015,48,65000,0.6819923371647509,1,0.7021801321890105,1,0.3061375597846751,1
2015,48,70808,0.03189536484625975,1,0.09295302013422818,1,0.010582010582010581,1
2015,48,72176,0.9001862197392924,1,0.8081606494338817,1,0.5102685624012638,1
2015,48,74144,0.758248833091904,1,0.8589435196767055,1,0.4839122778933888,1
2015,48,76000,0.896894963601248,1,0.9013372956909361,1,0.43442272013700584,1
2015,48,79000,0.738339552238806,1,0.6948698315467075,1,0.4203533568904594,1
2015,49,43660,0.026022304832713755,1,0.06276505513146735,1,0.015520570325263628,1
2015,49,44320,0,1,0,1,0,1
2015,49,55980,0.5641711229946524,1,0.7262327854286984,1,0.23780054783402657,1
2015,49,57300,0.06289308176100629,1,0.09666666666666666,1,0.04932285570974754,1
2015,49,62470,0.12337662337662338,1,0.24588706091596266,1,0.06082819932933011,1
2015,49,65330,0,3,0,1,0,1
2015,49,67000,0.5397248113626276,1,0.5939450108124807,1,0.13286606268364348,1
2015,49,67440,0.06550218340611354,1,0.11202976436544027,1,0.06434462545157113,1
2015,49,70850,0.007352941176470588,1,0.002271006813020439,1,0.001912198231216636,1
2015,49,82950,0.019417475728155338,1,0.034757834757834755,1,0.007560265228976885,1
2015,49,83470,0.7341490545050056,1,0.7381028938906753,1,0.5409302829881817,1
2015,51,01000,0.35417984636240396,1,0.4391382405745063,1,0.158190482964649,1
2015,51,16000,0.2800030634908478,1,0.18854792787092692,1,0.06472491909385113,1
2015,51,35000,0.41527485000810765,1,0.35901386748844377,1,0.27509803921568626,1
2015,51,47672,0.6564215148188803,1,0.5693430656934306,1,0.302342473215907,1
2015,51,56000,0.6512800620636152,1,0.5747191011235955,1,0.35487449729579806,1
2015,51,57000,0.7543151874170156,1,0.6289628180039138,1,0.4465923521941583,1
2015,51,64000,0.7493413624388408,1,0.6673866090712743,1,0.5476114139147162,1
2015,51,67000,0.7616561326371714,1,0.7103068005089778,1,0.19951594886434157,1
2015,51,68000,0.8910948065026615,1,0.7423191278493558,1,0.3706949569495695,1
2015,51,76432,0.35519261937414287,1,0.23232323232323232,1,0.1672719504379406,1
2015,51,82000,0.24924996999879995,1,0.16160021055402027,1,0.057735329547410084,1
2015,53,03180,0.33877038895859474,1,0.3717600145006344,1,0.20461538461538462,1
2015,53,05210,0,1,0,1,0,1
2015,53,05280,0.15606936416184972,1,0.17668207498715974,1,0.05684939687089454,1
2015,53,22640,0.32367149758454106,1,0.415810407689758,1,0.22982142857142857,1
2015,53,23515,0.36152730787820203,1,0.43568755846585594,1,0.2282301845819761,1
2015,53,35275,0.5925,1,0.6651149258073902,1,0.3334300357799052,1
2015,53,35415,0.5959595959595959,1,0.6686067660967625,1,0.3226878612716763,1
2015,53,35940,0,1,0,1,0,1
2015,53,53545,0.19704433497536947,1,0.47770077456176113,1,0.09817087288724241,1
2015,53,57745,0.07547169811320754,1,0.03690826424177587,1,0.024511840465309513,1
2015,53,63000,0.3868353429531528,1,0.4554704709954894,1,0.05799118533982835,1
2015,53,67000,0.48172757475083056,1,0.44944598337950137,1,0.28503189268041534,1
2015,53,67167,0.32,1,0.22762148337595908,1,0.10797857344234564,1
2015,53,70000,0.6651894865525673,1,0.6400366258441113,1,0.3585855728429986,1
2015,53,74060,0.23894491854150504,1,0.32056596971881757,1,0.14172451228739677,1
2015,53,80010,0.6285714285714286,1,0.816350710900474,1,0.36483687208700155,1
2015,55,02375,0.2546816479400749,1,0.23460790667530784,1,0.1124006854650257,1
2015,55,31000,0.6776937618147448,1,0.6898333333333333,1,0.21449916989485335,1
2015,55,39225,0.5504785427601111,1,0.49818433339097357,1,0.24452554744525548,1
2015,55,48000,0.4305381727158949,1,0.46195248700816627,1,0.2131513434629582,1
2015,55,53000,0.9425334840841886,1,0.9184960087082729,1,0.6225588611060412,1
2015,55,66000,0.7268821221744816,1,0.6933156095708317,1,0.4565840938722295,1
2014,01,03076,0.07093184979137691,1,0.05647840531561462,1,0.05615141955835962,1
2014,01,07000,0.8592359822814524,1,0.647899910634495,1,0.17477284874398719,1
2014,01,35896,0.14109195402298852,1,0.3116279069767442,1,0.0783957348842845,1
2014,01,37000,0.6277821939586645,1,0.7158165452207458,1,0.23888016745159601,1
2014,01,50000,0.9212151259746698,1,0.8264794383149449,1,0.6872448471572239,1
2014,01,51000,0.8776785714285714,1,0.933119315141787,1,0.4614569536423841,1
2014,01,77256,0.8652346247282956,1,0.8611111111111112,1,0.4282956425813569,1
2014,02,03000,0.47179272879231093,1,0.3261011065307008,1,0.13654104549235396,1
2014,04,04720,0.8773284870513403,1,0.8605882352941177,1,0.7024565277394424,1
2014,04,07940,0.7557446808510638,1,0.7898727321960466,1,0.5715345799940635,1
2014,04,12000,0.27330779054916987,1,0.4221477447283899,1,0.13118279569892474,1
2014,04,23620,0.36923076923076925,1,0.5889367340178867,1,0.26541388414350053,1
2014,04,27400,0.011280315848843767,1,0.0075850529838259895,1,0.003683569497668063,1
2014,04,27820,0.7462382045396583,1,0.7997566999668227,1,0.328014256206715,1
2014,04,28380,0.4189723320158103,1,0.3963192419825073,1,0.21994627266621894,1
2014,04,46000,0.674993061337774,1,0.7577893399479703,1,0.38127259747138614,1
2014,04,54050,0.5428134556574924,1,0.6009215554057091,1,0.2064237934656421,1
2014,04,55000,0.6780254405414867,1,0.7990468571584857,1,0.32888079006882187,1
2014,04,65000,0.3208955223880597,1,0.425240562546262,1,0.07170206763129257,1
2014,04,71510,0.24866785079928952,1,0.30112746633260257,1,0.20670511896178803,1
2014,04,73000,0.45687732342007437,1,0.4824640287769784,1,0.20677846008502598,1
2014,04,77000,0.7527441860465116,1,0.8255184662070508,1,0.3934325766667518,1
2014,04,85540,0.6358974358974359,1,0.6981906164527667,1,0.5508377760853008,1
2014,05,23290,0.5941558441558441,1,0.6066012488849242,1,0.3723045327856829,1
2014,05,24550,0.8793503480278422,1,0.9069069069069069,1,0.6200866089273818,1
2014,05,35710,0.9667080745341615,1,0.866783523225241,1,0.6568438777964879,1
2014,05,41000,0.8796850393700787,1,0.8866439254788769,1,0.5418497481513236,1
2014,05,66080,0.7923387096774194,1,0.8567245346161891,1,0.5677282939077574,1
2014,06,00562,0.2034548944337812,1,0.1543778801843318,1,0.06513647642679901,1
2014,06,00884,0.8888888888888888,1,0.8905109489051095,1,0.8638132295719845,1
2014,06,02000,0.8435609334485739,1,0.9421136363636363,1,0.3792198905109489,1
2014,06,02252,0.6810028095958505,1,0.788333569304828,1,0.677960415967796,1
2014,06,02364,0.7947295423023578,1,0.7338223308883456,1,0.6151806430228705,1
2014,06,03526,0.8211095735312618,1,0.8311745455545472,1,0.4364103632701257,1
2014,06,04982,0.9742388758782201,1,0.9909555642941408,1,0.8823529411764706,1
2014,06,06000,0.15029761904761904,1,0.2785185185185185,1,0.03951206576504906,1
2014,06,08786,0.8769574944071589,1,0.9114717223650386,1,0.84967919340055,1
2014,06,08954,0.060267857142857144,1,0.12019457084575554,1,0.032926327342571,1
2014,06,11194,0.01646090534979424,1,0.08575458392101551,1,0.0167833607907743,1
2014,06,11530,0.8359550561797753,1,0.757906843013226,1,0.7035490605427975,1
2014,06,13014,0.2696078431372549,1,0.36003683241252304,1,0.16705935150903176,1
2014,06,13210,0.5703125,1,0.7685615422639644,1,0.5588853838065194,1
2014,06,13214,0.05025125628140704,1,0.08221094979884555,1,0.03965763195435093,1
2014,06,13392,0.2069878242456326,1,0.42625439437519974,1,0.15367274093556266,1
2014,06,13588,0.9074074074074074,1,0.9109750353273669,1,0.8226110363391655,1
2014,06,14218,0.20694645441389292,1,0.2300795696514625,1,0.1080773606370876,1
2014,06,15044,0.9435224176368591,1,0.9849034860270816,1,0.9850746268656716,1
2014,06,16000,0.5954088952654233,1,0.7111384615384615,1,0.2741364038972542,1
2014,06,16350,0.11906005221932114,1,0.3801644753040823,1,0.10021239621548561,1
2014,06,16532,0.7191489361702128,1,0.8816533998273712,1,0.46415678184631254,1
2014,06,17918,0.3656387665198238,1,0.5083762886597938,1,0.2585034013605442,1
2014,06,19766,0.4392764857881137,1,0.403029863026959,1,0.2901430842607313,1
2014,06,21712,0.7338660110633067,1,0.629471143296028,1,0.42509845501363225,1
2014,06,22020,0.2468602017706403,1,0.2220157919182536,1,0.08838334946757019,1
2014,06,22230,1,1,1,1,1,1
2014,06,22804,0.5825747724317295,1,0.7571313780634793,1,0.21696677656606644,1
2014,06,23182,0.4467363662051427,1,0.5155015197568389,1,0.21538142620232173,1
2014,06,24638,0,1,0,1,0,1
2014,06,24680,0.7684824902723736,1,0.9345482276217524,1,0.6906607604282022,1
2014,06,26000,0.087,1,0.1147659497560094,1,0.04137517489506296,1
2014,06,27000,0.8033618775769109,1,0.838262344082313,1,0.4118653421633554,1
2014,06,28000,0.3489010989010989,1,0.5354408718364406,1,0.11975116640746501,1
2014,06,29000,0.75,1,0.9367466879171232,1,0.46919178447586024,1
2014,06,30000,0.6294964028776978,1,0.7967285058846998,1,0.6417435897435897,1
2014,06,32548,0.7995573822320582,1,0.7803030303030303,1,0.2650334075723831,1
2014,06,33000,0.9082952815829528,1,0.9374794772443685,1,0.8365458750963762,1
2014,06,33182,0.9772329246935202,1,0.962778456621863,1,0.9193209660483024,1
2014,06,33434,0.8664739884393063,1,0.8754112744022812,1,0.7589516426725729,1
2014,06,36000,0.08695652173913043,1,0.1346389228886169,1,0.01214860856053115,1
2014,06,36448,0.8076923076923077,1,0.9002042602859645,1,0.4904891304347826,1
2014,06,36546,0.9766700234978181,1,0.9909747292418772,1,1,1
2014,06,36770,0,1,0,1,0,1
2014,06,37692,0.7520833333333333,1,0.9324751316559391,1,0.7966021708352997,1
2014,06,39496,0.08633093525179857,1,0.36962406015037597,1,0.05629037219317133,1
2014,06,39892,0.3898241676019454,1,0.44235370894061343,1,0.13867259918427882,1
2014,06,40130,0.8297320656871219,1,0.7560009601536246,1,0.525140712945591,1
2014,06,41992,0.10138248847926268,1,0.2397083039284874,1,0.03751763046544429,1
2014,06,43000,0.6246457539333529,1,0.7106831613743364,1,0.10947122531322999,1
2014,06,44000,0.8581361307636008,1,0.9493447978528315,1,0.37634465582110116,1
2014,06,45484,0.36317567567567566,1,0.4885166856997843,1,0.36585365853658536,1
2014,06,46842,0.1344165435745938,1,0.1991772368872129,1,0.07317601212383633,1
2014,06,46898,0.9685714285714285,1,0.9354570846229335,1,0.8028753110312413,1
2014,06,47766,0.0916030534351145,1,0.1789423984891407,1,0.08017492711370262,1
2014,06,48256,0.08733624454148471,1,0.10790980672870437,1,0.013491808544812078,1
2014,06,48354,0.7221914775871611,1,0.7865608310776209,1,0.5373180076628352,1
2014,06,49270,0.98215474763617,1,0.9799767250821467,1,0.9394987035436474,1
2014,06,49670,0.13445378151260504,1,0.32097850259451444,1,0.07048624199019977,1
2014,06,50076,0,1,0,1,0,1
2014,06,50258,0.22988505747126436,1,0.3052757793764988,1,0.0761904761904762,1
2014,06,51182,0,1,0,1,0,1
2014,06,52526,0.943342776203966,1,0.9548488417746368,1,0.9383983572895277,1
2014,06,53000,0.8202356826540569,1,0.925662051350988,1,0.27404044572843583,1
2014,06,53322,0.42441860465116277,1,0.511756131567273,1,0.20868566656227164,1
2014,06,53896,0.7069958847736626,1,0.8944717543718269,1,0.7518884369552585,1
2014,06,53980,0.574468085106383,1,0.7788333481310485,1,0.3424507658643326,1
2014,06,54652,0.7804878048780488,1,0.8971747951917923,1,0.677324358435002,1
2014,06,55156,0.8175170068027211,1,0.8456896883047004,1,0.523101927095426,1
2014,06,56000,0.9031548055759354,1,0.9197873504808068,1,0.8172638436482085,1
2014,06,56700,1,1,1,1,1,1
2014,06,57456,0.9664960446719404,1,0.9615278162192085,1,0.9441176470588235,1
2014,06,57792,0,1,0,1,0,1
2014,06,58072,0.791970802919708,1,0.9181286549707602,1,0.5787545787545788,1
2014,06,59444,0.8965835641735919,1,0.9218944744495222,1,0.7296703296703296,1
2014,06,59451,0.2099737532808399,1,0.2890400604686319,1,0.10357422384555179,1
2014,06,59920,0.5533333333333333,1,0.5659516202647193,1,0.43197054102539895,1
2014,06,60102,0.32105263157894737,1,0.32598105548037887,1,0.13766145479265807,1
2014,06,60466,0.9962221382697394,1,0.9950996058378608,1,0.9897727272727272,1
2014,06,60620,0.916325771662328,1,0.9687278615524745,1,0.8465909090909091,1
2014,06,62000,0.6395042194092827,1,0.8181033449226711,1,0.4681124497991968,1
2014,06,62938,0.16156462585034015,1,0.16875,1,0.05418859337220879,1
2014,06,64000,0.7860257776916368,1,0.7726628247347237,1,0.4222631865599732,1
2014,06,64224,0.6128048780487805,1,0.8075122933823093,1,0.3333333333333333,1
2014,06,65000,1,1,1,1,1,1
2014,06,65042,0.2,1,0.28475692866878693,1,0.11541460878606706,1
2014,06,66000,0.6441104612423187,1,0.6586350974930362,1,0.09650008413259296,1
2014,06,67000,0.6785975164353543,1,0.7557030778515389,1,0.28850887420650345,1
2014,06,68000,0.3403057119871279,1,0.5949715051961113,1,0.09206541490006057,1
2014,06,68084,0.481875,1,0.5619010365734403,1,0.3984375,1
2014,06,68196,0.0947136563876652,1,0.31396406640891517,1,0.03895765472312704,1
2014,06,68252,0.19902912621359223,1,0.2696124321288148,1,0.08003346346904629,1
2014,06,68378,0,1,0,1,0,1
2014,06,69000,0.684931506849315,1,0.9536501747781662,1,0.14566772655007948,1
2014,06,69070,0.2426470588235294,1,0.4110429447852761,1,0.06360235168359166,1
2014,06,69084,0.06827309236947791,1,0.16946691557768098,1,0.054081289889150154,1
2014,06,69088,0.2516297262059974,1,0.19557285332036,1,0.04052139416265231,1
2014,06,69196,0.4423791821561338,1,0.7547666567582487,1,0.17879161528976573,1
2014,06,70000,0,1,0,1,0,1
2014,06,70098,0.30935251798561153,1,0.5878267227197953,1,0.1035244161358811,1
2014,06,72016,0.02150065818341378,1,0.13987643066950267,1,0.03596730245231607,1
2014,06,73080,1,1,0.9940592082272478,1,0.9945652173913043,1
2014,06,75000,0.8318062827225131,1,0.8547254230509661,1,0.5621958121109225,1
2014,06,77000,0.19343065693430658,1,0.26836832061068705,1,0.07670928293496387,1
2014,06,78120,0.06403508771929825,1,0.06981016533986528,1,0.01874600582262302,1
2014,06,78582,0.04411764705882353,1,0.2226027397260274,1,0.018760050026800073,1
2014,06,80000,0.157644824311491,1,0.22319969837878598,1,0.032980177717019825,1
2014,06,80238,0.18482344102178813,1,0.3201090248334343,1,0.13273526180886122,1
2014,06,80854,0.5740072202166066,1,0.8291734604289477,1,0.31754470758820685,1
2014,06,81344,0.43636363636363634,1,0.40961695191524045,1,0.1355713363460297,1
2014,06,81554,0.19821826280623608,1,0.30956340956340955,1,0.09145191703331239,1
2014,06,81666,0.776857654431513,1,0.8379837983798379,1,0.6970172684458399,1
2014,06,82590,0.9583778014941302,1,0.9377347751849744,1,0.796630774574505,1
2014,06,82954,0.6412859560067682,1,0.7233086419753086,1,0.5163584637268848,1
2014,06,82996,0.6105990783410138,1,0.7935740466349528,1,0.5489350912778904,1
2014,06,84200,0.7849056603773585,1,0.756127639895175,1,0.5684713375796179,1
2014,06,84550,0.8529411764705882,1,0.9407196969696969,1,0.6518353726362626,1
2014,06,85292,0.4900398406374502,1,0.7073518653986832,1,0.32978723404255317,1
2014,08,03455,0.47619047619047616,1,0.4862895493767977,1,0.18944007129065796,1
2014,08,04000,0.6491228070175439,1,0.7559587573647563,1,0.26605356566634397,1
2014,08,07850,0.07534246575342465,1,0.251865671641791,1,0.03332672088871256,1
2014,08,12815,0,1,0,1,0,1
2014,08,16000,0.500969136722827,1,0.49061696658097687,1,0.19915150372395587,1
2014,08,20000,0.805304829770388,1,0.9222567824434076,1,0.3836026874886508,1
2014,08,27425,0.17378048780487804,1,0.37678207739307534,1,0.12300947389639186,1
2014,08,32155,0.8236914600550964,1,0.845985998727157,1,0.4482432645344257,1
2014,08,43000,0.4106280193236715,1,0.5627873215581902,1,0.17802713113381344,1
2014,08,45970,0.16748768472906403,1,0.4206471494607088,1,0.054377599675357616,1
2014,08,46465,0.22784810126582278,1,0.25588025659301494,1,0.14510945973086964,1
2014,08,62000,0.8189189189189189,1,0.8593672236046925,1,0.7169344870210136,1
2014,08,77290,0.39,1,0.5388086642599278,1,0.1545045045045045,1
2014,08,83835,0.20435967302452315,1,0.505242762708001,1,0.11366834170854272,1
2014,09,08000,0.9542249701703005,1,0.9456700406609568,1,0.9340522604728329,1
2014,09,18430,0.1516919486581097,1,0.22588882341386762,1,0.0902455209024552,1
2014,09,37000,0.69459553292443,1,0.8171263894606834,1,0.45568513119533527,1
2014,09,52000,0.6910030217370114,1,0.7537120723047127,1,0.4676346037507562,1
2014,09,55990,0,1,0,1,0,1
2014,09,73000,0.08166507785192247,1,0.07336573130584731,1,0.029963967380997533,1
2014,09,80000,0.8920124944221329,1,0.9085458794837923,1,0.67441308987431825,1
2014,11,50000,0.8436445637953591,1,0.771782869343845,1,0.11108244097535802,1
2014,12,07300,0.18507235338918507,1,0.13483299250170416,1,0.07734660033167495,1
2014,12,07875,0.9059622641509434,1,0.7800215401184707,1,0.47639484978540775,1
2014,12,10275,0.8222543352601156,1,0.7597463914744368,1,0.6599196095320127,1
2014,12,12875,0.6353467561521253,1,0.6946308724832215,1,0.4370671124910437,1
2014,12,14400,0.49120521172638437,1,0.3872226286271641,1,0.2383424862705941,1
2014,12,16475,0.47659449970743123,1,0.32504708097928436,1,0.2222422494592646,1
2014,12,16725,1,1,1,1,1,1
2014,12,17200,1,1,1,1,1,1
2014,12,17935,0,1,0,1,0,1
2014,12,24000,0.9709074798789042,1,0.8661531054405393,1,0.5562178271471147,1
2014,12,24125,0.8451558313354957,1,0.7924809394443958,1,0.5603670315518352,1
2014,12,25175,0.5712697353791416,1,0.34952830188679246,1,0.2877745001638807,1
2014,12,30000,0.9711645101663586,1,0.9397153870677912,1,0.8341658341658341,1
2014,12,32000,0.9338225302350863,1,0.8652984685904782,1,0.7257578443538379,1
2014,12,32275,0.953662182361734,1,0.953180445950956,1,0.966572504708098,1
2014,12,35000,0.7233243189284353,1,0.5521840613537846,1,0.38737356790182637,1
2014,12,36950,0.9836182336182336,1,0.9800693557218471,1,0.9493572866656342,1
2014,12,38250,0.7829525483304042,1,0.794007914075749,1,0.6470776450511946,1
2014,12,39425,0.5194117647058824,1,0.5314685314685315,1,0.4342212557760261,1
2014,12,43975,0.7294658242389431,1,0.5226932668329177,1,0.4177421104001735,1
2014,12,45000,0.9060531025521587,1,0.8325085410949801,1,0.5333234706709076,1
2014,12,45025,0.9129511677282378,1,0.8620133609767334,1,0.6868451688009313,1
2014,12,45060,0.9638354346383543,1,0.960546282245827,1,0.9391304347826087,1
2014,12,45975,0.7541562180737439,1,0.3926332288401254,1,0.32119402985074624,1
2014,12,49675,0.8830845771144279,1,0.8186528497409327,1,0.7840197693574958,1
2014,12,53000,0.7846551391035549,1,0.6153528612463235,1,0.3388626225391992,1
2014,12,54000,0.886645514854341,1,0.8873440285204991,1,0.848201150193928,1
2014,12,54200,0.8266832917705735,1,0.7622895622895622,1,0.7365278868813826,1
2014,12,55775,0.28246698980444596,1,0.13368178596739902,1,0.11293908403734994,1
2014,12,57425,0.9386162649557829,1,0.7291255752794215,1,0.6609299516908212,1
2014,12,58050,0.9629109629109629,1,0.9190542420027816,1,0.751925415484394,1
2014,12,58715,0,1,0,1,0,1
2014,12,63000,0.23636363636363636,1,0.0136986301369863,1,0.019867549668874173,1
2014,12,69700,1,1,1,1,1,1
2014,12,70600,0.6980645161290323,1,0.4675855028075549,1,0.2176987767584098,1
2014,12,71000,0.7974047430557946,1,0.748612846788303,1,0.4248145017375787,1
2014,12,76600,0.8478195033313144,1,0.8344922442118132,1,0.5480235217249265,1
2014,13,03440,1,1,1,1,1,1
2014,13,04000,0.8279084383579769,1,0.6899730820995962,1,0.1516694712602958,1
2014,13,04204,0.9616520730034814,1,0.9481641468682506,1,0.8783083219645293,1
2014,13,19000,0.8723985939853819,1,0.7159946832077979,1,0.43527591542031974,1
2014,13,42425,0,1,0,1,0,1
2014,13,49008,0.9790877655195126,1,0.9699097291875627,1,0.8334316617502459,1
2014,13,67284,0.2999071494893222,1,0.6021658592191508,1,0.1908683716225979,1
2014,13,68516,1,1,1,1,1,1
2014,13,69000,0.9356592659719075,1,0.839907192575406,1,0.5535207634769151,1
2014,13,80508,0.8110316649642493,1,0.7231329690346083,1,0.5813953488372093,1
2014,15,71550,NA,NA,NA,NA,NA,NA
2014,16,08830,0.32078699743370404,1,0.3782007704509404,1,0.19900707378804594,1
2014,16,52120,0.019083969465648856,1,0.04250238777459408,1,0.018185481839705808,1
2014,16,56260,0.3515625,1,0.5963288358958267,1,0.4581711289425598,1
2014,17,02154,0.14583333333333334,1,0.27754415475189237,1,0.031036623215394164,1
2014,17,03012,0.5633251833740831,1,0.8731679001596285,1,0.2357012400269153,1
2014,17,06613,0.34779874213836476,1,0.45806451612903226,1,0.20672882042967167,1
2014,17,12385,0.593510866238139,1,0.6201005025125628,1,0.39977943203749655,1
2014,17,14000,0.9417488919802012,1,0.9142938038161964,1,0.4023025263831148,1
2014,17,14351,1,1,1,1,1,1
2014,17,23074,0.9055944055944056,1,0.9219715956558062,1,0.5436668594563332,1
2014,17,24582,0.11195158850226929,1,0.1323529411764706,1,0.03827646544181977,1
2014,17,38570,0.7451017332328561,1,0.7754010695187166,1,0.36297736916548795,1
2014,17,51622,0.018046709129511677,1,0.014825273561595482,1,0.0025766419519377397,1
2014,17,59000,0.8257153474544779,1,0.81353591160221,1,0.425065274151436,1
2014,17,65000,0.980101804720037,1,0.9780234241347546,1,0.8995278357307566,1
2014,17,68003,0.04893617021276596,1,0.13074372335386072,1,0.02475355969331873,1
2014,17,72000,0.6672878197526682,1,0.5279805352798054,1,0.5612389883489628,1
2014,17,79293,1,1,1,1,1,1
2014,18,05860,0.32068965517241377,1,0.23973727422003285,1,0.1591145292039077,1
2014,18,10342,0,1,0,1,0,1
2014,18,22000,0.7717854966483851,1,0.653288740245262,1,0.3675525339925834,1
2014,18,23278,0,1,0,1,0,1
2014,18,25000,0.77219275997233106,1,0.7874267448055408,1,0.3617029671717172,1
2014,18,31000,0.9715302491103203,1,0.9499469402193138,1,0.946168768186227,1
2014,18,36003,NA,NA,NA,NA,NA,NA
2014,18,71000,0.8599013389711064,1,0.8425278425278425,1,0.7243243243243244,1
2014,19,12000,0.42846385542168675,1,0.4040315512708151,1,0.20277529095792302,1
2014,19,19000,0.44552732335537765,1,0.4465740297077144,1,0.3242621694135684,1
2014,19,21000,0.7738292925938226,1,0.7980342802349275,1,0.5109966067613422,1
2014,19,73335,0.75,1,0.7467532467532467,1,0.5240931239848403,1
2014,20,36000,0.9499740124740125,1,0.9723850794460022,1,0.7472509702457956,1
2014,20,38900,0.19002695417789758,1,0.20549338758901323,1,0.11738317757009346,1
2014,20,52575,0.07904946653734239,1,0.24895881536325776,1,0.03816940678780886,1
2014,20,53775,0,1,0,1,0,1
2014,20,71000,0.8579602827330866,1,0.8052024251906904,1,0.43661011814601636,1
2014,20,79000,0.8285965104795348,1,0.8626448534423995,1,0.5728256247933103,1
2014,21,46027,0.6382073928688257,1,0.6928386540120793,1,0.3439640702263757,1
2014,21,48006,0.8660568348005621,1,0.8951014349332014,1,0.7123848987108655,1
2014,22,05000,0.9215102659501171,1,0.8835568101623148,1,0.33348692546941594,1
2014,22,40735,0.6162559618441972,1,0.3605263157894737,1,0.21126053793657165,1
2014,22,41155,0.7842769777076346,1,0.42073170731707316,1,0.16070237830629028,1
2014,22,55000,0.9249270582265635,1,0.7304313099041534,1,0.11673469387755102,1
2014,22,70000,0.8461206389074212,1,0.6276497695852534,1,0.3725824800910125,1
2014,24,04000,0.7988179645782729,1,0.7782761151431135,1,0.3793605420570642,1
2014,24,30325,0.14884470714669532,1,0.27766649974962443,1,0.03472070098576123,1
2014,25,07000,0.8811524609843937,1,0.842267751894471,1,0.22033898305084745,1
2014,25,09000,0.983357910259111,1,0.9843871975019516,1,0.990163085684701,1
2014,25,11000,0.18308457711442785,1,0.1513210568454764,1,0.07550644567219153,1
2014,25,23000,0.9123456790123456,1,0.9163934426229509,1,0.7208271787296898,1
2014,25,34550,1,1,1,1,1,1
2014,25,37000,0.6365740740740741,1,0.7721680101824353,1,0.6732085805568234,1
2014,25,37490,0.9355371900826446,1,0.9559649516962481,1,0.7760294609976565,1
2014,25,45000,0.8089887640449438,1,0.8622408293460925,1,0.6569562377531025,1
2014,25,45560,0,1,0,1,0,1
2014,25,55745,0.338409475465313,1,0.3171247357293869,1,0.16513157894736843,1
2014,25,62535,0.8370786516853933,1,0.8630980577925154,1,0.6800222593210907,1
2014,25,67000,0.9214210710535526,1,0.966662697940231,1,0.8748167692758722,1
2014,25,82000,0.8062032085561497,1,0.8262791572610986,1,0.5581473214285714,1
2014,26,03000,0.1306532663316583,1,0.11769686706181202,1,0.06245151280062063,1
2014,26,21000,0.8993860845839018,1,0.8327904451682954,1,0.7695263157894737,1
2014,26,22000,0.9739669585723559,1,0.9983734878519874,1,0.9859578736208626,1
2014,26,27440,0.004790940766550522,1,0.004310344827586207,1,0.0040798797509126045,1
2014,26,29000,0.9939181286549708,1,0.9822064056939501,1,0.9854506742370476,1
2014,26,34000,0.7889605283849662,1,0.8233811386353759,1,0.28611964084424923,1
2014,26,46000,0.9302726418050767,1,0.9057250599931437,1,0.7783423865428422,1
2014,26,49000,0.2932372505543237,1,0.12942989214175654,1,0.092242818237722915,1
2014,26,69035,0.12013348164627363,1,0.03376205787781351,1,0.0037145650048875855,1
2014,26,74900,0.875879593432369,1,0.8780487804878049,1,0.33043478260869563,1
2014,26,76460,0.42857142857142855,1,0.28077753779697623,1,0.3874089186825998,1
2014,26,80700,0.04067321178120617,1,0.04509283819628647,1,0.039660056657223795,1
2014,26,84000,0.8713294968275048,1,0.76010101010101,1,0.6160526556357985,1
2014,26,86000,0.6787690179806363,1,0.6952191235059761,1,0.6288984737889848,1
2014,26,88940,0.9088669950738916,1,0.9322404371584699,1,0.5839483394833949,1
2014,27,06616,0.2909090909090909,1,0.41926182237600923,1,0.08430329231792484,1
2014,27,07966,0.47619047619047616,1,0.5768872320596459,1,0.1498015873015873,1
2014,27,17000,0.5387205387205387,1,0.2798507462686567,1,0.19234490914955382,1
2014,27,43000,0.8021794249339159,1,0.7815433936340738,1,0.2657967032967033,1
2014,27,51730,0.07792207792207792,1,0.020606060606060607,1,0.016002543450614668,1
2014,27,54880,0.30159378831221906,1,0.17327365728900257,1,0.07108787378462668,1
2014,27,58000,0.28205128205128205,1,0.1206896551724138,1,0.02252252252252252,1
2014,27,71428,0,1,0,1,0,1
2014,28,36000,1,1,1,1,1,1
2014,29,15670,0.46943231441048033,1,0.43812104787714545,1,0.23525698827772767,1
2014,29,35000,0.7993795243019648,1,0.8113839285714286,1,0.7211530653674381,1
2014,29,38000,0.8897808874976983,1,0.776602309794587,1,0.29260529905344523,1
2014,29,41348,NA,NA,NA,NA,NA,NA
2014,29,54074,NA,NA,NA,NA,NA,NA
2014,29,65000,0.9309327036599764,1,0.3217821782178218,1,0.11819668301798646,1
2014,29,70000,0.8207688467299051,1,0.7395476353666895,1,0.561146316088149,1
2014,30,06550,0.252212389380531,1,0.4021519838601211,1,0.20751354433989164,1
2014,31,28000,0.4965461194636327,1,0.48323200627574037,1,0.2128213840752067,1
2014,31,37000,0.7697734364401031,1,0.8041744016858161,1,0.2329514332663867,1
2014,32,31900,0.18481375358166188,1,0.16955791829882486,1,0.081145584725537,1
2014,32,40000,0.6126899769921255,1,0.7421053094156215,1,0.2874908675073854,1
2014,32,51800,0.7891789273849075,1,0.8379816513761468,1,0.45492007992007993,1
2014,32,60600,0.39123750960799386,1,0.5156213704994193,1,0.148379970544919,1
2014,32,68400,0.4359504132231405,1,0.6358368367230997,1,0.19893842887473462,1
2014,33,45140,0.5561224489795918,1,0.6069886140557519,1,0.4234059889997963,1
2014,33,50260,0.17209302325581396,1,0.348993288590604,1,0.1381208229589831,1
2014,34,13690,0.3791208791208791,1,0.45711820534943914,1,0.29217345319936544,1
2014,34,21000,0.975956914791306,1,0.9509913744819088,1,0.8591617933723197,1
2014,34,36000,0.8995246528101407,1,0.9007115400343502,1,0.7981171548117155,1
2014,34,51000,0.9773979743818886,1,0.9940404526848061,1,0.9982608695652174,1
2014,34,57000,0.9512464499842221,1,0.9742918225547835,1,0.9882032667876588,1
2014,34,74000,0.9650523560209424,1,0.981429076759816,1,0.5797546012269938,1
2014,35,02000,0.6534736842105263,1,0.7632034035780421,1,0.374075478854542,1
2014,35,39380,0.6232638888888888,1,0.74487895716946,1,0.6147453654378862,1
2014,35,63460,0.31769722814498935,1,0.3470794136950339,1,0.3031331995678345,1
2014,35,70500,0.6739130434782609,1,0.8387693731205181,1,0.5090209997042295,1
2014,36,01000,0.9203561711600297,1,0.8020008336807003,1,0.25348055688910226,1
2014,36,11000,0.9058314539513048,1,0.8426021727884118,1,0.6002464065708419,1
2014,36,50617,0.27253842958039054,1,0.4513658940397351,1,0.15043394406943106,1
2014,36,51000,0.9046126726079718,1,0.8994152653346991,1,0.22936024371667937,1
2014,36,63000,0.8671004880490552,1,0.7717259323503903,1,0.19841233423576377,1
2014,36,73000,0.9765645119752768,1,0.9453703703703704,1,0.64220568193731,1
2014,36,84000,0.9398829579712715,1,0.9355438899594657,1,0.7315450643776824,1
2014,37,02140,0.581810269799826,1,0.753034742570113,1,0.5402462966268071,1
2014,37,10740,0.16813907096038758,1,0.20133256083429896,1,0.06907401857956248,1
2014,37,12000,0.7833148225697795,1,0.8199667221297837,1,0.2413063763608087,1
2014,37,14100,0.5209614309670206,1,0.6833606365551135,1,0.4225182509219538,1
2014,37,19000,0.8077876853268612,1,0.8463515918528772,1,0.5050900548159749,1
2014,37,22920,0.8099648837090946,1,0.714344262295082,1,0.5417921020010625,1
2014,37,25580,0.8695834205568348,1,0.8640035906642729,1,0.5773910582908885,1
2014,37,28000,0.7575038729666925,1,0.8039427075311875,1,0.2527551509343555,1
2014,37,28080,0.8173000477023374,1,0.7224697644812221,1,0.35794826442626576,1
2014,37,31400,0.7841045673076923,1,0.8151618398637138,1,0.4764034891523149,1
2014,37,55000,0.4561239731142644,1,0.4526617526617527,1,0.14357758332776702,1
2014,37,74440,0.6397839448686906,1,0.5326398852223816,1,0.19785174380055695,1
2014,37,75000,0.794303192506213,1,0.7828162291169452,1,0.22471578325705005,1
2014,38,25700,0.09501845018450185,1,0.1076555023923445,1,0.04002488593944421,1
2014,39,01000,0.9235479066688731,1,0.8318872017353579,1,0.5830253343189302,1
2014,39,15000,0.8450471097529921,1,0.6819578577699736,1,0.2065724524984786,1
2014,39,16000,0.9512376937511245,1,0.9551209727967908,1,0.568229888410765,1
2014,39,18000,0.8976745199747183,1,0.8277185501066098,1,0.504468822471793,1
2014,39,21000,0.9671095480005211,1,0.799520766773163,1,0.613763349600396,1
2014,39,61000,0.4180522565320665,1,0.3473325766174801,1,0.2697216482314331,1
2014,39,77000,0.8768664079458002,1,0.7852789498359118,1,0.5591981624556275,1
2014,40,09050,0.0583989501312336,1,0.1251840942562592,1,0.0277339830872868,1
2014,40,23200,0.04711647191858274,1,0.06823351023502654,1,0.014876203222319452,1
2014,40,41850,0.46173024183495387,1,0.5015479876160991,1,0.4024390243902439,1
2014,40,52500,0.3642458100558659,1,0.3869879518072289,1,0.26948837209302323,1
2014,40,55000,0.772929419766651,1,0.8894130310897232,1,0.39295265062136225,1
2014,40,75000,0.7951502529009223,1,0.8427166564228642,1,0.5097567954220315,1
2014,41,05350,0.5112881806108898,1,0.5832985386221294,1,0.3196292163762767,1
2014,41,05800,0.3728813559322034,1,0.43447136563876654,1,0.24682129922169993,1
2014,41,23850,0.28935185185185186,1,0.4289863491141446,1,0.28506135737540694,1
2014,41,31250,0.9023861171366594,1,0.8600272851296044,1,0.7108868060562364,1
2014,41,34100,0.14805825242718446,1,0.38112158195581647,1,0.1494411798594308,1
2014,41,47000,0.8943089430894309,1,0.90159235668789806,1,0.7543333333333333,1
2014,41,59000,0.7960687960687961,1,0.7128976358460205,1,0.3343903007694101,1
2014,41,64900,0.630071599045346,1,0.8214311193550689,1,0.4553660358565737,1
2014,42,02000,0.8370346178967994,1,0.8816599528767957,1,0.24725274725274726,1
2014,42,06088,0.32861538461538464,1,0.5133015006821282,1,0.17107018948492128,1
2014,42,24000,0.9632620104965685,1,0.8856319077366651,1,0.49528301886792453,1
2014,42,60000,0.9564788732394366,1,0.956594369591412,1,0.6960614226126758,1
2014,42,61000,0.8712180340663881,1,0.5156794425087108,1,0.24113615394754184,1
2014,42,63624,0.824220746039857,1,0.9364740855628797,1,0.20532458059810357,1
2014,42,69000,0.9908759124087592,1,0.9987320371935756,1,0.9589485055815629,1
2014,44,19180,0.7163265306122449,1,0.7186742118027486,1,0.3070458952811894,1
2014,44,54640,0.9887218045112782,1,0.9843495272253016,1,0.9695924764890282,1
2014,44,59000,0.9856023713741267,1,0.995687618147448,1,0.9788519637462235,1
2014,44,74300,0.028846153846153848,1,0.04834254143646409,1,0.03937524609528809,1
2014,45,13330,0.7512726244343891,1,0.49142857142857144,1,0.2703511801957398,1
2014,45,16000,0.730942903970298,1,0.6199609882964889,1,0.2391111673841479,1
2014,45,48535,NA,NA,NA,NA,NA,NA
2014,45,50875,0.8935117302052786,1,0.9137745974955277,1,0.4342487162313016,1
2014,46,59020,0.5472127417519909,1,0.5581087052585064,1,0.1868407835258664,1
2014,47,14000,0.9285043216835775,1,0.9684813753581661,1,0.6601230205470489,1
2014,47,15160,0.47878113260052874,1,0.4157909684748651,1,0.3634534242129179,1
2014,47,27740,0.2289156626506024,1,0.20887728459530025,1,0.05085034013605442,1
2014,47,40000,0.7810598377281948,1,0.5255193639394716,1,0.3353990870106515,1
2014,47,48000,0.9780631603525772,1,0.9671529580238074,1,0.6154664774742816,1
2014,47,51560,0.3438527284681131,1,0.4296799224054316,1,0.16175021732831063,1
2014,47,52006,0.8807304975199158,1,0.9309689677010766,1,0.63863429275875,1
2014,48,01000,0.7490925589836661,1,0.7222978828773059,1,0.44355573554723093,1
2014,48,01924,0.1272810218978102,1,0.154691794267766,1,0.0440155136646523,1
2014,48,03000,0.8330075397933538,1,0.8174693321217629,1,0.45300393037619313,1
2014,48,04000,0.6688669950738916,1,0.7983431505339087,1,0.4153014507143251,1
2014,48,05000,0.7382913436692506,1,0.7522710627417221,1,0.12696037351849634,1
2014,48,06128,0.7825563909774436,1,0.8599758162031439,1,0.7669569202566453,1
2014,48,07000,0.8550057537399309,1,0.7875924404272802,1,0.27204865910975945,1
2014,48,10768,1,1,1,1,1,1
2014,48,10912,0.9709412507896399,1,0.9676822633297062,1,0.8680485338725986,1
2014,48,13024,0.4556884391291015,1,0.7122334255376104,1,0.256832347770497,1
2014,48,13552,0.06913183279742766,1,0.1051650692225772,1,0.033448053344805335,1
2014,48,15976,0.0572737686139748,1,0.08893058161350845,1,0.038255433164632334,1
2014,48,16432,0.6782057532910776,1,0.8453064391000776,1,0.6235251406788891,1
2014,48,17000,0.6770013882461823,1,0.6957063446425149,1,0.39043893959148196,1
2014,48,19000,0.9584823057278365,1,0.9716165573630866,1,0.4036231546593396,1
2014,48,19972,0.41238938053097346,1,0.5581954887218045,1,0.34939038967248387,1
2014,48,22660,0.9272727272727272,1,0.7950415936952715,1,0.8589147286821706,1
2014,48,24000,0.8363461074957821,1,0.9330714588779546,1,0.739803094233474,1
2014,48,26232,0,1,0,1,0,1
2014,48,27000,0.81177347747992,1,0.8149482899079021,1,0.3487301004572306,1
2014,48,27684,0.05667447306791569,1,0.15191626904725258,1,0.021658926168670514,1
2014,48,29000,0.8776646139270488,1,0.9062461399102401,1,0.7717799352750809,1
2014,48,30464,0.6585903083700441,1,0.8581640501289418,1,0.6225110039823937,1
2014,48,35000,0.9014821209637051,1,0.9075865163110532,1,0.38210487715438213,1
2014,48,37000,0.805503144654088,1,0.9674752529098227,1,0.7846506300114547,1
2014,48,39148,0.5996840996840996,1,0.6307006515030289,1,0.5889801505817933,1
2014,48,41464,0.8390804597701149,1,0.944862451773123,1,0.900355871886121,1
2014,48,41980,0.028859060402684565,1,0.0688952303302079,1,0.014737406216505895,1
2014,48,42508,0.40386278466416836,1,0.5991295490323179,1,0.23157894736842105,1
2014,48,43888,0.8554913294797688,1,0.8214138073584125,1,0.5771945701357466,1
2014,48,45000,0.792947753171361,1,0.698407657759833,1,0.3752972651605232,1
2014,48,45384,0.5287356321839081,1,0.7314019339677158,1,0.6194539249146758,1
2014,48,45744,0.1969439728353141,1,0.33404791929382094,1,0.0664808445024315,1
2014,48,47892,0.7930182599355532,1,0.886877127824203,1,0.7540406465034406,1
2014,48,48072,0.5955773955773955,1,0.6106559864069422,1,0.365541040177471,1
2014,48,48768,0.8823529411764706,1,0.8964748680637393,1,0.8498098859315589,1
2014,48,50820,0.22950819672131148,1,0.31518661518661517,1,0.19430115450749202,1
2014,48,53388,0.6591263650546022,1,0.6989119764397905,1,0.5385367215861491,1
2014,48,56000,0.9682819383259912,1,0.9787930401095415,1,0.7746014293567894,1
2014,48,56348,0.037951531778692274,1,0.10779816513761468,1,0.04930766632894292,1
2014,48,57200,0.8823529411764706,1,0.9078258752890583,1,0.9075144508670521,1
2014,48,58016,0.20484891075193254,1,0.3596565793947637,1,0.08547554420139443,1
2014,48,61796,0.7583142201834863,1,0.6914893617021277,1,0.399844840961986,1
2014,48,63500,0.335367714372902,1,0.3873804644808743,1,0.13008009492732128,1
2014,48,64472,0.6008902077151336,1,0.6689088930655851,1,0.5717044905842588,1
2014,48,65000,0.6929832670795969,1,0.7101130326617382,1,0.3066121363526473,1
2014,48,70808,0.032363213038416765,1,0.0913688469318948,1,0.008366013071895426,1
2014,48,72176,0.9101503759398496,1,0.8026977594878829,1,0.5532100108813928,1
2014,48,74144,0.9179331306990881,1,0.9550506052788251,1,0.6980556001928331,1
2014,48,76000,0.9032306536438768,1,0.9037501890216241,1,0.4420457838307737,1
2014,48,79000,0.7778284671532847,1,0.728425908129925,1,0.4884722222222222,1
2014,49,43660,0.048507462686567165,1,0.1103388357949609,1,0.036432066240120436,1
2014,49,44320,0,1,0,1,0,1
2014,49,55980,0.6638888888888889,1,0.7955361148497084,1,0.32236608276212236,1
2014,49,57300,0.12162162162162163,1,0.16449986733881666,1,0.07546082949308756,1
2014,49,62470,0.24836601307189543,1,0.3794380309300806,1,0.12724623603691113,1
2014,49,65330,0,3,0,1,0,1
2014,49,67000,0.5438356164383562,1,0.6109706165703276,1,0.1474048654942092,1
2014,49,67440,0.038461538461538464,1,0.0979175897208684,1,0.031139468756501837,1
2014,49,70850,0.009523809523809525,1,0.0033250207813798837,1,0.0029840848806366046,1
2014,49,82950,0.05396825396825397,1,0.13854003139717425,1,0.05158510310864881,1
2014,49,83470,0.85,1,0.8070292329474473,1,0.625675383617895,1
2014,51,01000,0.39681253376553216,1,0.4677082051912904,1,0.17193335248491812,1
2014,51,16000,0.29426964584283327,1,0.1998005319148936,1,0.07132356668525372,1
2014,51,35000,0.6353532895270544,1,0.6050156739811913,1,0.4648810638696385,1
2014,51,47672,0.7264357737834283,1,0.6441717791411042,1,0.34639718804920916,1
2014,51,56000,0.744515800852038,1,0.6962410171365395,1,0.5230024213075061,1
2014,51,57000,0.8385638838106846,1,0.728468392023759,1,0.5843023255813954,1
2014,51,64000,0.8434170295561938,1,0.7935779816513762,1,0.7361419068736141,1
2014,51,67000,0.7610555705665135,1,0.7011081162024558,1,0.2084913740364615,1
2014,51,68000,0.8949845565524341,1,0.7590233545647559,1,0.38454901960784316,1
2014,51,76432,0.36471766620758733,1,0.2561349693251534,1,0.18541097330250159,1
2014,51,82000,0.23072367641833472,1,0.129381513059954,1,0.04397651575025403,1
2014,53,03180,0.372305682560418,1,0.4182242990654206,1,0.25828809056255053,1
2014,53,05210,0.03063063063063063,1,0.08849935870029928,1,0.015439981425586256,1
2014,53,05280,0.1761006289308176,1,0.24944690265486727,1,0.11584347411119064,1
2014,53,22640,0.5640809443507588,1,0.6398474076642968,1,0.3338066921097009,1
2014,53,23515,0.6097297297297297,1,0.7161048689138577,1,0.48451465391810433,1
2014,53,35275,0.6142857142857143,1,0.6676464824612973,1,0.403312101910828,1
2014,53,35415,0.6229832071122818,1,0.6764705882352942,1,0.3308690193890361,1
2014,53,35940,0,1,0,1,0,1
2014,53,53545,0.6074074074074074,1,0.8094038623005877,1,0.400743840074384,1
2014,53,57745,0.38101851851851853,1,0.324553950722175,1,0.11118775003448751,1
2014,53,63000,0.4797887662025924,1,0.4635873586301659,1,0.06929315417031089,1
2014,53,67000,0.5402298850574713,1,0.5135790494665373,1,0.34870775347912525,1
2014,53,67167,0.35555555555555557,1,0.3282442748091603,1,0.22534013605442177,1
2014,53,70000,0.7199941451990632,1,0.7100257700331329,1,0.4271508625425777,1
2014,53,74060,0.4083916083916084,1,0.540725921691912,1,0.31645245039905123,1
2014,53,80010,0.6698564593301436,1,0.8438707054279325,1,0.42840865932396505,1
2014,55,02375,0.30635118306351183,1,0.33704918032786885,1,0.1377895936194455,1
2014,55,31000,0.68,1,0.7425139570292675,1,0.2582561307901907,1
2014,55,39225,0.6191772534785239,1,0.5877192982456141,1,0.34816505038980794,1
2014,55,48000,0.4412796697626419,1,0.4632800608828006,1,0.21499495119488388,1
2014,55,53000,0.9490448539930993,1,0.9621478873239436,1,0.7116952975880618,1
2014,55,66000,0.9121658483360611,1,0.8789237668161435,1,0.704364371506719,1
