year,state,county,election_turnout,election_turnout_quality
2016,01,001,0.613738019169329,1
2016,01,003,0.6273637741319101,1
2016,01,005,0.5138159509202453,1
2016,01,007,0.5013644115974986,1
2016,01,009,0.6030638699033702,1
2016,01,011,0.5747406955460647,1
2016,01,013,0.5660940032414911,1
2016,01,015,0.5406834227619317,1
2016,01,017,0.5249244712990937,1
2016,01,019,0.5234333089490368,1
2016,01,021,0.5821264458881318,1
2016,01,023,0.6934854969091774,1
2016,01,025,0.6788747069549362,1
2016,01,027,0.6393822393822394,1
2016,01,029,0.583709606020363,1
2016,01,031,0.5471479383480438,1
2016,01,033,0.5899135787853675,1
2016,01,035,0.6702290076335878,1
2016,01,037,0.5998857795545403,1
2016,01,039,0.5441201570233828,1
2016,01,041,0.5948742287612719,1
2016,01,043,0.6145720081135903,1
2016,01,045,0.5012431493115893,1
2016,01,047,0.6138167564919157,1
2016,01,049,0.5208955223880597,1
2016,01,051,0.6060014637716516,1
2016,01,053,0.5061370610296625,1
2016,01,055,0.5605991368367605,1
2016,01,057,0.6270619536297986,1
2016,01,059,0.5488944609072259,1
2016,01,061,0.5731416037046064,1
2016,01,063,0.7399545109931767,1
2016,01,065,0.695201037613489,1
2016,01,067,0.6053243344581928,1
2016,01,069,0.5460587820964333,1
2016,01,071,0.5151976430149767,1
2016,01,073,0.6195146787776341,1
2016,01,075,0.6355839416058394,1
2016,01,077,0.5434110125799134,1
2016,01,079,0.5704558568955569,1
2016,01,081,0.5131648532662881,1
2016,01,083,0.5991672862453532,1
2016,01,085,0.8251851851851851,1
2016,01,087,0.5700031181789835,1
2016,01,089,0.6247906389813009,1
2016,01,091,0.718092749836708,1
2016,01,093,0.5472708113804005,1
2016,01,095,0.5356996587030717,1
2016,01,097,0.5590646492434663,1
2016,01,099,0.6106420927467301,1
2016,01,101,0.568165925925926,1
2016,01,103,0.5750752285243854,1
2016,01,105,0.6921967213114754,1
2016,01,107,0.6122553737568175,1
2016,01,109,0.5137729223566133,1
2016,01,111,0.5863021582733813,1
2016,01,113,0.4464124261040918,1
2016,01,115,0.5834536199954418,1
2016,01,117,0.6786006299845855,1
2016,01,119,0.6170356111645813,1
2016,01,121,0.53743564993565,1
2016,01,123,0.6099859132884645,1
2016,01,125,0.5321750321750321,1
2016,01,127,0.5856333830104322,1
2016,01,129,0.6632724446171784,1
2016,01,131,0.718075117370892,1
2016,01,133,0.5494405966968566,1
2016,02,013,NA,NA
2016,02,016,NA,NA
2016,02,020,NA,NA
2016,02,050,NA,NA
2016,02,060,NA,NA
2016,02,068,NA,NA
2016,02,070,NA,NA
2016,02,090,NA,NA
2016,02,100,NA,NA
2016,02,105,NA,NA
2016,02,110,NA,NA
2016,02,122,NA,NA
2016,02,130,NA,NA
2016,02,150,NA,NA
2016,02,158,NA,NA
2016,02,164,NA,NA
2016,02,170,NA,NA
2016,02,180,NA,NA
2016,02,185,NA,NA
2016,02,188,NA,NA
2016,02,195,NA,NA
2016,02,198,NA,NA
2016,02,220,NA,NA
2016,02,230,NA,NA
2016,02,240,NA,NA
2016,02,261,NA,NA
2016,02,275,NA,NA
2016,02,282,NA,NA
2016,02,290,NA,NA
2016,04,001,0.5490472409686383,1
2016,04,003,0.5382876822902652,1
2016,04,005,0.5733851244425262,1
2016,04,007,0.5403729716638411,1
2016,04,009,0.46741140215716487,1
2016,04,011,0.5145554681353265,1
2016,04,012,0.3903574942604133,1
2016,04,013,0.57565506973397,1
2016,04,015,0.5061926169822073,1
2016,04,017,0.5282380702674357,1
2016,04,019,0.5852818900479592,1
2016,04,021,0.46562432607289195,1
2016,04,023,0.6051555882894495,1
2016,04,025,0.6611785095320624,1
2016,04,027,0.4398805078416729,1
2016,05,001,0.44041120170152426,1
2016,05,003,0.5145130490133673,1
2016,05,005,0.5902941615648798,1
2016,05,007,0.5972918787205823,1
2016,05,009,0.5577635450926086,1
2016,05,011,0.46036546943919343,1
2016,05,013,0.542822966507177,1
2016,05,015,0.5329700272479564,1
2016,05,017,0.4942011834319527,1
2016,05,019,0.4751184173864586,1
2016,05,021,0.4355108877721943,1
2016,05,023,0.5938574938574939,1
2016,05,025,0.525705329153605,1
2016,05,027,0.47998919794761,1
2016,05,029,0.4988672120830711,1
2016,05,031,0.47544774124565625,1
2016,05,033,0.4983351831298557,1
2016,05,035,0.45447293447293446,1
2016,05,037,0.5275518035303146,1
2016,05,039,0.4724637681159421,1
2016,05,041,0.47831460674157306,1
2016,05,043,0.4586230876216968,1
2016,05,045,0.5296962942323767,1
2016,05,047,0.5,1
2016,05,049,0.4950207468879668,1
2016,05,051,0.5424754054772667,1
2016,05,053,0.5424408014571949,1
2016,05,055,0.4451898155206586,1
2016,05,057,0.4662037037037038,1
2016,05,059,0.4577999233422768,1
2016,05,061,0.49696969696969695,1
2016,05,063,0.49236889692585895,1
2016,05,065,0.502814951545916,1
2016,05,067,0.3713359740727404,1
2016,05,069,0.4716146070485384,1
2016,05,071,0.5006593406593407,1
2016,05,073,0.5079928952042628,1
2016,05,075,0.43463302752293576,1
2016,05,077,0.386215698787492,1
2016,05,079,0.3425246195165622,1
2016,05,081,0.536652977412731,1
2016,05,083,0.4716284608514439,1
2016,05,085,0.5241779497098646,1
2016,05,087,0.5797457627118644,1
2016,05,089,0.5284014869888476,1
2016,05,091,0.48990713959506776,1
2016,05,093,0.4156776326145129,1
2016,05,095,0.4879864636209814,1
2016,05,097,0.4984593837535014,1
2016,05,099,0.48665667166416793,1
2016,05,101,0.589630793401414,1
2016,05,103,0.5253833950290852,1
2016,05,105,0.5395989974937343,1
2016,05,107,0.480013807386952,1
2016,05,109,0.4893669330055316,1
2016,05,111,0.4241691842900302,1
2016,05,113,0.5480026631158456,1
2016,05,115,0.48384607139028835,1
2016,05,117,0.5214231642694928,1
2016,05,119,0.5569242566837463,1
2016,05,121,0.47094868955334074,1
2016,05,123,0.3654697491392032,1
2016,05,125,0.6024166040353819,1
2016,05,127,0.4474187380497132,1
2016,05,129,0.5889415481832544,1
2016,05,131,0.5013703246096821,1
2016,05,133,0.45325384997516144,1
2016,05,135,0.5425898203592814,1
2016,05,137,0.5626439659489234,1
2016,05,139,0.562289898485605,1
2016,05,141,0.5495320104829652,1
2016,05,143,0.5556867936055392,1
2016,05,145,0.4619261773440815,1
2016,05,147,0.4819119025304592,1
2016,05,149,0.4389229720518064,1
2016,06,001,0.6288721428708741,1
2016,06,003,0.6726256983240223,2
2016,06,005,0.5864417989417989,1
2016,06,007,0.5600492278840801,1
2016,06,009,0.6521775898520085,1
2016,06,011,0.54227309893704,1
2016,06,013,0.6379361071768239,1
2016,06,015,0.4537384286731545,1
2016,06,017,0.6834453045129254,1
2016,06,019,0.4986558570015543,1
2016,06,021,0.5626856803327391,1
2016,06,023,0.5638717045779005,1
2016,06,025,0.484544080604534,1
2016,06,027,0.5904344651332604,1
2016,06,029,0.4842438245589679,1
2016,06,031,0.3693237504083633,1
2016,06,033,0.5101207830070804,1
2016,06,035,0.41654462695428457,1
2016,06,037,0.560841611564647,1
2016,06,039,0.4874992932662407,1
2016,06,041,0.7620957592339261,1
2016,06,043,0.6313655761024182,1
2016,06,045,0.6065220909532287,1
2016,06,047,0.4863050870745028,1
2016,06,049,0.557879234167894,1
2016,06,051,0.5651847884306374,1
2016,06,053,0.5811085701840357,1
2016,06,055,0.6600559260055926,1
2016,06,057,0.7022690955576861,1
2016,06,059,0.602576314511645,1
2016,06,061,0.6740981068077497,1
2016,06,063,0.6388907230108947,1
2016,06,065,0.5170400239462448,1
2016,06,067,0.5594530796775291,1
2016,06,069,0.6130015378163008,1
2016,06,071,0.4986736004941114,1
2016,06,073,0.6008177081177537,1
2016,06,075,0.6469279086822052,1
2016,06,077,0.5173519195928871,1
2016,06,079,0.6332059189081444,1
2016,06,081,0.6468673484084689,1
2016,06,083,0.6349045592486846,1
2016,06,085,0.6160322150001094,1
2016,06,087,0.6865144288416958,1
2016,06,089,0.5858036661666239,1
2016,06,091,0.7515400410677618,1
2016,06,093,0.606631142687981,1
2016,06,095,0.5611356957065162,1
2016,06,097,0.6606190455785519,1
2016,06,099,0.5247553726566072,1
2016,06,101,0.5601637563706241,1
2016,06,103,0.5259128904531456,1
2016,06,105,0.5430754536771729,1
2016,06,107,0.4573115127829344,1
2016,06,109,0.5807324840764331,1
2016,06,111,0.648869128878722,1
2016,06,113,0.5824257689169534,1
2016,06,115,0.47180223612678224,1
2016,08,001,0.6452058901918977,1
2016,08,003,0.6089512944273804,1
2016,08,005,0.7211260232248239,1
2016,08,007,0.7507928388746803,1
2016,08,009,0.77168458781362,1
2016,08,011,0.41530172413793104,1
2016,08,013,0.8092999247230885,1
2016,08,014,0.8393051998663846,1
2016,08,015,0.7338551859099804,1
2016,08,017,0.8162962962962963,2
2016,08,019,0.7723502304147466,1
2016,08,021,0.6922547332185887,1
2016,08,023,0.6683544303797468,1
2016,08,025,0.3385809312638581,1
2016,08,027,0.8661016949152542,1
2016,08,029,0.7243313201035375,1
2016,08,031,0.7177118140037848,1
2016,08,033,0.8838028169014085,2
2016,08,035,0.8666666666666667,1
2016,08,037,0.7490126206384559,1
2016,08,039,0.8728762633160339,1
2016,08,041,0.6682806230947318,1
2016,08,043,0.5699870298313878,1
2016,08,045,0.7345636187040377,1
2016,08,047,0.7955506117908787,1
2016,08,049,0.7630386494891159,1
2016,08,051,0.7364632237871674,1
2016,08,053,0.8354609929078014,2
2016,08,055,0.6928571428571428,1
2016,08,057,0.8441176470588235,1
2016,08,059,0.7729760855514425,1
2016,08,061,0.8142857142857143,2
2016,08,063,0.6438260869565218,1
2016,08,065,0.6013157894736842,1
2016,08,067,0.7326825826178995,1
2016,08,069,0.7822147717974814,1
2016,08,071,0.6000883392226148,1
2016,08,073,0.572502937720329,1
2016,08,075,0.5761185185185185,1
2016,08,077,0.6932684581733773,1
2016,08,079,0.8931506849315068,2
2016,08,081,0.7027463651050081,1
2016,08,083,0.648411497730711,1
2016,08,085,0.7051422865701448,1
2016,08,087,0.65,1
2016,08,089,0.6345345345345346,1
2016,08,091,0.8379746835443038,1
2016,08,093,0.781470367591898,1
2016,08,095,0.7546925566343042,1
2016,08,097,0.7926930320150659,1
2016,08,099,0.6076317383403997,1
2016,08,101,0.6510161003269732,1
2016,08,103,0.6962663975782039,1
2016,08,105,0.660381861575179,1
2016,08,107,0.7623875715453802,1
2016,08,109,0.6554913294797687,1
2016,08,111,1,2
2016,08,113,0.73248730964467,1
2016,08,115,0.7473972602739726,1
2016,08,117,0.7239928379588183,1
2016,08,119,0.767277556440903,1
2016,08,121,0.7416553595658073,1
2016,08,123,0.7165313086955372,1
2016,08,125,0.7097777777777777,1
2016,09,001,0.6812592999935304,1
2016,09,003,0.6308555834651285,1
2016,09,005,0.6795118549511855,1
2016,09,007,0.6948177185417483,1
2016,09,009,0.5999635911764007,1
2016,09,011,0.5929154267063454,1
2016,09,013,0.6505398479183296,1
2016,09,015,0.5669678714859437,1
2016,10,001,0.5887069407725999,1
2016,10,003,0.6544722139080116,1
2016,10,005,0.6542895938772991,1
2016,11,001,0.6299823918719262,1
2016,12,001,0.6502680558365365,1
2016,12,003,0.6188586823414156,1
2016,12,005,0.6440075113222137,1
2016,12,007,0.5689160592522925,1
2016,12,009,0.7177761054479943,1
2016,12,011,0.6776804369341299,1
2016,12,013,0.5448924731182796,1
2016,12,015,0.6823904269631098,1
2016,12,017,0.6808765110418179,1
2016,12,019,0.72292338504362,1
2016,12,021,0.7083447389158476,1
2016,12,023,0.5501533154465312,1
2016,12,027,0.4600467786519243,1
2016,12,029,0.5587276958882855,1
2016,12,031,0.6566780237208137,1
2016,12,033,0.6396316650585224,1
2016,12,035,0.7095631786771964,1
2016,12,037,0.6295133437990581,1
2016,12,039,0.643661766846165,1
2016,12,041,0.6366729678638942,1
2016,12,043,0.4361723446893788,1
2016,12,045,0.5537585421412301,1
2016,12,047,0.4866310160427807,1
2016,12,049,0.4371865090804266,1
2016,12,051,0.5336053768602976,1
2016,12,053,0.671025897839462,1
2016,12,055,0.6082140717566398,1
2016,12,057,0.6524601259811574,1
2016,12,059,0.5517822423849643,1
2016,12,061,0.7052979548660084,1
2016,12,063,0.5465194805194805,1
2016,12,065,0.6700262927256793,1
2016,12,067,0.5155015197568389,1
2016,12,069,0.69611842776927,1
2016,12,071,0.6525137431284358,1
2016,12,073,0.686160160566493,1
2016,12,075,0.6251410153102337,1
2016,12,077,0.5110077519379845,1
2016,12,079,0.58898891966759,1
2016,12,081,0.6836851254035262,1
2016,12,083,0.6526449491930664,1
2016,12,085,0.7168449197860962,1
2016,12,086,0.631768099128277,1
2016,12,087,0.7168677748713189,1
2016,12,089,0.7706821000413394,1
2016,12,091,0.6849701168160826,1
2016,12,093,0.5007518796992482,1
2016,12,095,0.6392134377870479,1
2016,12,097,0.6756101674497048,1
2016,12,099,0.6796599299131354,1
2016,12,101,0.6494364471256784,1
2016,12,103,0.6677873237813023,1
2016,12,105,0.6177851656291081,1
2016,12,107,0.6072613917667553,1
2016,12,109,0.8255813250279701,1
2016,12,111,0.66229515905297065,1
2016,12,113,0.7065383686287141,1
2016,12,115,0.7208452654435598,1
2016,12,117,0.6826718472536312,1
2016,12,119,0.7447180533294477,1
2016,12,121,0.5723821187997551,1
2016,12,123,0.5174046226677805,1
2016,12,125,0.4780856423173804,1
2016,12,127,0.645835241690908,1
2016,12,129,0.6277243917399304,1
2016,12,131,0.7082964834702042,1
2016,12,133,0.5749033754187065,1
2016,13,001,0.5320182094081942,1
2016,13,003,0.5067961165048543,1
2016,13,005,0.5091830272324256,1
2016,13,007,0.5614035087719298,1
2016,13,009,0.4448861283643892,1
2016,13,011,0.5132450331125827,1
2016,13,013,0.5721598739909431,1
2016,13,015,0.5432692307692307,1
2016,13,017,0.47298804780876497,1
2016,13,019,0.4712191633893457,1
2016,13,021,0.556062894199165,1
2016,13,023,0.5024242424242424,1
2016,13,025,0.4616117216117216,1
2016,13,027,0.5385465363365916,1
2016,13,029,0.6459344401873137,1
2016,13,031,0.4424327158336246,1
2016,13,033,0.5655276685817962,1
2016,13,035,0.5276760953965612,1
2016,13,037,0.40218470705064546,1
2016,13,039,0.4974601921305435,1
2016,13,043,0.4815099168266155,1
2016,13,045,0.5285851204025398,1
2016,13,047,0.5418041915561406,1
2016,13,049,0.42746141564662055,1
2016,13,051,0.5329563006439655,1
2016,13,053,0.15858528237307473,1
2016,13,055,0.4354617414248021,1
2016,13,057,0.7047172778162148,1
2016,13,059,0.48517799352750807,1
2016,13,061,0.5498920086393089,1
2016,13,063,0.5356889440133837,1
2016,13,065,0.5093360995850622,1
2016,13,067,0.6779633576522666,1
2016,13,069,0.45340501792114696,1
2016,13,071,0.4591069924178601,1
2016,13,073,0.6493455694298179,1
2016,13,075,0.4958657388456815,1
2016,13,077,0.6401098901098901,1
2016,13,079,0.5336082474226804,1
2016,13,081,0.4408450704225352,1
2016,13,083,0.4788645953202915,1
2016,13,085,0.6678966789667896,1
2016,13,087,0.5175345911949686,1
2016,13,089,0.6432604763802459,1
2016,13,091,0.4303960700030703,1
2016,13,093,0.352259242355089,1
2016,13,095,0.5010951855935318,1
2016,13,097,0.6035120727500783,1
2016,13,099,0.6166237113402062,1
2016,13,101,0.4894409937888199,2
2016,13,103,0.5894710390752607,1
2016,13,105,0.5403924221921516,1
2016,13,107,0.4648137196924896,1
2016,13,109,0.4788601722995361,1
2016,13,111,0.6018853503184713,1
2016,13,113,0.7728604960984584,1
2016,13,115,0.5040856456194014,1
2016,13,117,0.7600479764760505,1
2016,13,119,0.5069767441860465,1
2016,13,121,0.6170265109526636,1
2016,13,123,0.5949231485794131,1
2016,13,125,0.6083150984682714,1
2016,13,127,0.5625646498645431,1
2016,13,129,0.4977421895510633,1
2016,13,131,0.5228717366628831,1
2016,13,133,0.6967335694608422,1
2016,13,135,0.6324030201471551,1
2016,13,137,0.517787695250239,1
2016,13,139,0.6013695716898473,1
2016,13,141,0.4951590594744122,1
2016,13,143,0.5278642807343714,1
2016,13,145,0.651609081934847,1
2016,13,147,0.5140752032520325,1
2016,13,149,0.4782559456398641,1
2016,13,151,0.6574100575764635,1
2016,13,153,0.561433510886833,1
2016,13,155,0.5065562456866805,1
2016,13,157,0.6103254769921437,1
2016,13,159,0.6029925187032419,1
2016,13,161,0.4914175506268081,1
2016,13,163,0.5813934084272007,1
2016,13,165,0.4474377745241581,1
2016,13,167,0.4805736636245111,1
2016,13,169,0.5795890094666358,1
2016,13,171,0.5370017636684303,1
2016,13,173,0.3770190413657256,1
2016,13,175,0.5522409161600452,1
2016,13,177,0.679625180201826,1
2016,13,179,0.36423736462093864,1
2016,13,181,0.6637540453074434,1
2016,13,183,0.3578444154715341,1
2016,13,185,0.4506765214281457,1
2016,13,187,0.5104765817584224,1
2016,13,189,0.5899427116486314,1
2016,13,191,0.5221583370190181,1
2016,13,193,0.3952973720608575,1
2016,13,195,0.5664778092540133,1
2016,13,197,0.4848024316109423,1
2016,13,199,0.5625267012511443,1
2016,13,201,0.560352422907489,1
2016,13,205,0.4662721893491124,1
2016,13,207,0.60270783847981,1
2016,13,209,0.5325390915860014,1
2016,13,211,0.6951577402787967,1
2016,13,213,0.45616990113511535,1
2016,13,215,0.47280572583130714,1
2016,13,217,0.6034709836740294,1
2016,13,219,0.8252713495801761,1
2016,13,221,0.596158999553372,1
2016,13,223,0.6195340843994653,1
2016,13,225,0.5359920239282153,1
2016,13,227,0.6011991434689508,1
2016,13,229,0.5265394310406913,1
2016,13,231,0.6572504708097928,1
2016,13,233,0.4990345796033,1
2016,13,235,0.38930885529157666,1
2016,13,237,0.580838689929599,1
2016,13,239,0.6214285714285714,1
2016,13,241,0.6246189917936694,1
2016,13,243,0.5338858195211786,1
2016,13,245,0.5023449193414269,1
2016,13,247,0.6173119243622137,1
2016,13,249,0.5222982216142271,1
2016,13,251,0.5267281105990783,1
2016,13,253,0.5359223300970873,1
2016,13,255,0.543942439953444,1
2016,13,257,0.5035915854284249,1
2016,13,259,0.6274390243902439,1
2016,13,261,0.4793186285215113,1
2016,13,263,0.6290697674418605,1
2016,13,265,0.5641509433962264,1
2016,13,267,0.3599061522419187,1
2016,13,269,0.5222988505747126,1
2016,13,271,0.3293709327548807,1
2016,13,273,0.6106413994169096,1
2016,13,275,0.5644551185830081,1
2016,13,277,0.4899724328049621,1
2016,13,279,0.49676542538733354,1
2016,13,281,0.7211087420042644,1
2016,13,283,0.5218146718146718,1
2016,13,285,0.5223767130139042,1
2016,13,287,0.5788756388415673,1
2016,13,289,0.6076347305389221,1
2016,13,291,0.6649944873208379,1
2016,13,293,0.545881178232651,1
2016,13,295,0.45879536531648,1
2016,13,297,0.6387005649717514,1
2016,13,299,0.4595134829341882,1
2016,13,301,0.547887323943662,1
2016,13,303,0.535506329113924,1
2016,13,305,0.4739644970414202,1
2016,13,307,0.5497536945812808,1
2016,13,309,0.3238828967642527,1
2016,13,311,0.540727189572376,1
2016,13,313,0.49289389067524114,1
2016,13,315,0.4230277185501066,1
2016,13,317,0.591820580474934,1
2016,13,319,0.6038028169014085,1
2016,13,321,0.5195740682743502,1
2016,15,001,0.45759937921060984,1
2016,15,003,0.4074042395472494,1
2016,15,005,NA,NA
2016,15,007,0.5271744570113102,1
2016,15,009,0.45790726375176305,1
2016,16,001,0.6371715132371617,1
2016,16,003,0.6952229299363057,1
2016,16,005,0.5627484001347255,1
2016,16,007,0.6793503480278422,1
2016,16,009,0.601725377426312,1
2016,16,011,0.5727820844099913,1
2016,16,013,0.7317639031047424,1
2016,16,015,0.6847396768402154,1
2016,16,017,0.6427190425042197,1
2016,16,019,0.6155484409799554,1
2016,16,021,0.6227985524728589,1
2016,16,023,0.6089108910891089,1
2016,16,025,0.8740740740740741,2
2016,16,027,0.5507964735706988,1
2016,16,029,0.6416490486257929,1
2016,16,031,0.5870782483847811,1
2016,16,033,0.6658823529411765,2
2016,16,035,0.5304954640614097,1
2016,16,037,0.7142011834319527,1
2016,16,039,0.4750278706800446,1
2016,16,041,0.6665454545454546,1
2016,16,043,0.6505406943653955,1
2016,16,045,0.6360655737704918,1
2016,16,047,0.5566756032171581,1
2016,16,049,0.6399533618344345,1
2016,16,051,0.6789940828402367,1
2016,16,053,0.519707467282525,1
2016,16,055,0.5935639797699503,1
2016,16,057,0.603954802259887,1
2016,16,059,0.6486144101346002,1
2016,16,061,0.5454545454545454,1
2016,16,063,0.5584664536741214,1
2016,16,065,0.5892206572769954,1
2016,16,067,0.5534434152235199,1
2016,16,069,0.5515792849126182,1
2016,16,071,0.6859038142620232,1
2016,16,073,0.5293324342548887,1
2016,16,075,0.5512349588347055,1
2016,16,077,0.5861849096705632,1
2016,16,079,0.514831573655103,1
2016,16,081,0.7443530291697831,1
2016,16,083,0.5452454827523271,1
2016,16,085,0.6640595903165736,1
2016,16,087,0.6153314917127072,1
2016,17,001,0.6216752602393228,1
2016,17,003,0.5329588014981274,1
2016,17,005,0.5594353640416048,1
2016,17,007,0.6336363636363637,1
2016,17,009,0.4177348551360842,1
2016,17,011,0.6485714285714286,1
2016,17,013,0.6592307692307692,1
2016,17,015,0.6357813834329633,1
2016,17,017,0.5737961926091826,1
2016,17,019,0.6028157894736842,1
2016,17,021,0.5804017270508729,1
2016,17,023,0.6429845904298459,1
2016,17,025,0.6123432979749277,1
2016,17,027,0.5897748434061283,1
2016,17,029,0.5143630161157511,1
2016,17,031,0.6147579617380903,1
2016,17,033,0.564736331284374,1
2016,17,035,0.6667065868263473,1
2016,17,037,0.5616747181964573,1
2016,17,039,0.5969924812030075,1
2016,17,041,0.5702617801047121,1
2016,17,043,0.66844234501788935,1
2016,17,045,0.5659956865564342,1
2016,17,047,0.6588582677165354,1
2016,17,049,0.678704952784737,1
2016,17,051,0.5571054925893636,1
2016,17,053,0.6088529271775345,1
2016,17,055,0.6120706575073601,1
2016,17,057,0.5599787309464729,1
2016,17,059,0.6483832335329341,1
2016,17,061,0.5334288443170965,1
2016,17,063,0.63161185104648,1
2016,17,065,0.6509375,1
2016,17,067,0.6215332197614991,1
2016,17,069,0.6271532846715329,1
2016,17,071,0.6287756925826631,1
2016,17,073,0.6553989361702127,1
2016,17,075,0.5973479652491999,1
2016,17,077,0.5337597571552471,1
2016,17,079,0.6987755102040817,1
2016,17,081,0.5693853625858315,1
2016,17,083,0.6282366390397256,1
2016,17,085,0.6439772727272727,1
2016,17,087,0.5821223709369024,1
2016,17,089,0.606453575938294,1
2016,17,091,0.5819288965432402,1
2016,17,093,0.6626208777584924,1
2016,17,095,0.5462426326129666,1
2016,17,097,0.6569412579542011,1
2016,17,099,0.5819255966307908,1
2016,17,101,0.46554621848739497,1
2016,17,103,0.5691346683814074,1
2016,17,105,0.5309109874826148,1
2016,17,107,0.5173550271172299,1
2016,17,109,0.5109073170731707,1
2016,17,111,0.652489125181247,1
2016,17,113,0.6231997189805238,1
2016,17,115,0.5794550277308897,1
2016,17,117,0.6157235302216715,1
2016,17,119,0.6360123119015048,1
2016,17,121,0.5801563030920829,1
2016,17,123,0.6275825904562139,1
2016,17,125,0.5931412894375857,1
2016,17,127,0.5768666378938282,1
2016,17,129,0.6713034518289541,1
2016,17,131,0.6852893890675241,1
2016,17,133,0.7491387652409522,1
2016,17,135,0.5568762068225702,1
2016,17,137,0.5370101596516691,1
2016,17,139,0.5627407075682938,1
2016,17,141,0.6270865733540695,1
2016,17,143,0.5733075293945812,1
2016,17,145,0.5710228919153868,1
2016,17,147,0.7123764333728747,1
2016,17,149,0.6050622740056247,1
2016,17,151,0.6102564102564103,1
2016,17,153,0.6146067415730337,1
2016,17,155,0.6921023359288098,1
2016,17,157,0.5378552482000758,1
2016,17,159,0.6219344394981788,1
2016,17,161,0.5947674148426971,1
2016,17,163,0.606875031456037,1
2016,17,165,0.5946200052232959,1
2016,17,167,0.6542280450902803,1
2016,17,169,0.6594315245478036,1
2016,17,171,0.6544542032622334,1
2016,17,173,0.6408614668218859,1
2016,17,175,0.5969532100108814,1
2016,17,177,0.567764443204019,1
2016,17,179,0.62397054548977815,1
2016,17,181,0.6300369003690037,1
2016,17,183,0.5133932320094047,1
2016,17,185,0.614623172103487,1
2016,17,187,0.6044909020518776,1
2016,17,189,0.6592987128273413,1
2016,17,191,0.6486847271299568,1
2016,17,193,0.6563758389261745,1
2016,17,195,0.5879567915421742,1
2016,17,197,0.6431634070749171,1
2016,17,199,0.6127152063095124,1
2016,17,201,0.5664872107769243,1
2016,17,203,0.678879015721121,1
2016,18,001,0.5510418859187539,1
2016,18,003,0.5697463697967086,1
2016,18,005,0.5889603915526149,1
2016,18,007,0.5741581832419734,1
2016,18,009,0.5027532467532467,1
2016,18,011,0.7299081320176931,1
2016,18,013,0.6642976588628763,1
2016,18,015,0.5727634194831014,1
2016,18,017,0.5298899869476039,1
2016,18,019,0.5965708287163936,1
2016,18,021,0.5556266929327752,1
2016,18,023,0.5334525139664804,1
2016,18,025,0.5608058608058608,1
2016,18,027,0.4796436525612472,1
2016,18,029,0.6339059196617336,1
2016,18,031,0.5662595419847328,1
2016,18,033,0.5359758997938798,1
2016,18,035,0.4862130273153386,1
2016,18,037,0.6473598963394882,1
2016,18,039,0.48999552038226074,1
2016,18,041,0.5220487537660915,1
2016,18,043,0.6499088304245897,1
2016,18,045,0.5876078431372549,1
2016,18,047,0.6415962714826682,1
2016,18,049,0.5534699272967614,1
2016,18,051,0.6054349951124145,1
2016,18,053,0.472018648018648,1
2016,18,055,0.5476587301587301,1
2016,18,057,0.7468939137171355,1
2016,18,059,0.6711993321584269,1
2016,18,061,0.6133862171541894,1
2016,18,063,0.6730114901576556,1
2016,18,065,0.5235744901935316,1
2016,18,067,0.5847631140385684,1
2016,18,069,0.5682961388593695,1
2016,18,071,0.556547901821061,1
2016,18,073,0.5390008058017728,1
2016,18,075,0.5140650144834246,1
2016,18,077,0.5369276511397423,1
2016,18,079,0.5279356060606061,1
2016,18,081,0.6226591760299626,1
2016,18,083,0.5219848612279226,1
2016,18,085,0.5608110470197518,1
2016,18,087,0.38286972183309986,1
2016,18,089,0.5660173007947114,1
2016,18,091,0.5313936401575265,1
2016,18,093,0.5443228648571835,1
2016,18,095,0.5402786129484867,1
2016,18,097,0.5588236654817991,1
2016,18,099,0.541377245508982,1
2016,18,101,0.6106666666666667,1
2016,18,103,0.48115631691648825,1
2016,18,105,0.519914613537312,1
2016,18,107,0.531976131976132,1
2016,18,109,0.592312062109449,1
2016,18,111,0.5461828463713477,1
2016,18,113,0.4969839635133147,1
2016,18,115,0.613655462184874,1
2016,18,117,0.5552016265672653,1
2016,18,119,0.5211327649208283,1
2016,18,121,0.4937734433608402,1
2016,18,123,0.5309822017139091,1
2016,18,125,0.6174586776859504,1
2016,18,127,0.6125218219330265,1
2016,18,129,0.6339689804220696,1
2016,18,131,0.5530901722391084,1
2016,18,133,0.4912368552829244,1
2016,18,135,0.548256880733945,1
2016,18,137,0.5953985591447827,1
2016,18,139,0.5587916343919442,1
2016,18,141,0.5666915531756044,1
2016,18,143,0.5033738938053097,1
2016,18,145,0.5389845739104389,1
2016,18,147,0.627215587680704,1
2016,18,149,0.5243535095197499,1
2016,18,151,0.5498678746696867,1
2016,18,153,0.5143629807692308,1
2016,18,155,0.4727156549520767,1
2016,18,157,0.4782359241126071,1
2016,18,159,0.6253122398001665,1
2016,18,161,0.5919064748201439,1
2016,18,163,0.5188336314847942,1
2016,18,165,0.5701725554642564,1
2016,18,167,0.4762633813767119,1
2016,18,169,0.5383969618229063,1
2016,18,171,0.6064814814814815,1
2016,18,173,0.6490239087519193,1
2016,18,175,0.5379017013232514,1
2016,18,177,0.49428019323671496,1
2016,18,179,0.6331332533013205,1
2016,18,181,0.5630355642677122,1
2016,18,183,0.6142323569884018,1
2016,19,001,0.6703605980650835,1
2016,19,003,0.6996677740863787,1
2016,19,005,0.6605916030534351,1
2016,19,007,0.6283666154633897,1
2016,19,009,0.7417391304347826,1
2016,19,011,0.7165631469979296,1
2016,19,013,0.6375785774389942,1
2016,19,015,0.6970783206481709,1
2016,19,017,0.7123388581952118,1
2016,19,019,0.6687540769732551,1
2016,19,021,0.6357910906298003,1
2016,19,023,0.6584574934268186,1
2016,19,025,0.6614102564102564,1
2016,19,027,0.679819471308833,1
2016,19,029,0.6854256854256854,1
2016,19,031,0.6778685612788632,1
2016,19,033,0.6779335793357933,1
2016,19,035,0.6783739837398374,1
2016,19,037,0.7025109170305677,1
2016,19,039,0.6712886209495101,1
2016,19,041,0.6863401035444047,1
2016,19,043,0.6673245614035088,1
2016,19,045,0.6314535997810019,1
2016,19,047,0.6205816554809843,1
2016,19,049,0.7245383085519462,1
2016,19,051,0.627140549273021,1
2016,19,053,0.5880314960629921,1
2016,19,055,0.7040761904761905,1
2016,19,057,0.624281045751634,1
2016,19,059,0.7588127519237816,1
2016,19,061,0.6810162991371045,1
2016,19,063,0.6341561040693796,1
2016,19,065,0.6281486146095718,1
2016,19,067,0.6622843056696796,1
2016,19,069,0.6397939471989698,1
2016,19,071,0.6608455882352942,1
2016,19,073,0.6956709956709957,1
2016,19,075,0.7283518812930577,1
2016,19,077,0.702075702075702,1
2016,19,079,0.6758014931927976,1
2016,19,081,0.699761620977354,1
2016,19,083,0.644973544973545,1
2016,19,085,0.6770975056689342,1
2016,19,087,0.6182774490466798,1
2016,19,089,0.6457507082152975,1
2016,19,091,0.7031098825155494,1
2016,19,093,0.6738805970149254,1
2016,19,095,0.7177750906892382,1
2016,19,097,0.6814276272306675,1
2016,19,099,0.6693863196764551,1
2016,19,101,0.6604048582995952,1
2016,19,103,0.737715134953737,1
2016,19,105,0.6395077311454718,1
2016,19,107,0.6358418367346939,1
2016,19,109,0.7328224776500638,1
2016,19,111,0.5903143274853802,1
2016,19,113,0.7218246262906457,1
2016,19,115,0.6335230866540165,1
2016,19,117,0.6637195121951219,1
2016,19,119,0.7627990430622009,1
2016,19,121,0.7539065910082933,1
2016,19,123,0.6300444444444444,1
2016,19,125,0.7133533533533534,1
2016,19,127,0.6676568882287411,1
2016,19,129,0.6830523513753327,1
2016,19,131,0.6691785052501544,1
2016,19,133,0.6394405594405594,1
2016,19,135,0.6463210702341137,1
2016,19,137,0.6356647763074984,1
2016,19,139,0.6357212953876349,1
2016,19,141,0.7023233760075865,1
2016,19,143,0.7077092511013215,1
2016,19,145,0.5838375466224617,1
2016,19,147,0.6786435786435786,1
2016,19,149,0.7186052846635794,1
2016,19,151,0.7164040778498609,1
2016,19,153,0.7171882985148591,1
2016,19,155,0.6164067013287118,1
2016,19,157,0.6811915483200555,1
2016,19,159,0.7086387434554974,1
2016,19,161,0.6755670771224886,1
2016,19,163,0.6795129447925287,1
2016,19,165,0.7015418502202643,1
2016,19,167,0.7660631578947369,1
2016,19,169,0.699434014356709,1
2016,19,171,0.6813546126897626,1
2016,19,173,0.6520990312163617,1
2016,19,175,0.612926957435628,1
2016,19,177,0.6319432120674356,1
2016,19,179,0.5953625466692867,1
2016,19,181,0.7623568835520804,1
2016,19,183,0.6672161172161172,1
2016,19,185,0.6074380165289256,1
2016,19,187,0.6124385101897399,1
2016,19,189,0.7087568891610533,1
2016,19,191,0.684664055438385,1
2016,19,193,0.6232962646136299,1
2016,19,195,0.7190878378378378,1
2016,19,197,0.6434596903363587,1
2016,20,001,0.5484162895927602,1
2016,20,003,0.5702127659574469,1
2016,20,005,0.5209984152139461,1
2016,20,007,0.6078272604588394,1
2016,20,009,0.5267504488330341,1
2016,20,011,0.5556771545827633,1
2016,20,013,0.5509897610921501,1
2016,20,015,0.5707181180354932,1
2016,20,017,0.6678048780487805,1
2016,20,019,0.5365942028985508,1
2016,20,021,0.5509747523170342,1
2016,20,023,0.6880195599022005,1
2016,20,025,0.6504854368932039,1
2016,20,027,0.6141479099678456,1
2016,20,029,0.5508058864751226,1
2016,20,031,0.6268104776579353,1
2016,20,033,0.6192857142857143,1
2016,20,035,0.4739391663537364,1
2016,20,037,0.5016338217955196,1
2016,20,039,0.6272138228941685,1
2016,20,041,0.5636800549261929,1
2016,20,043,0.5488220958570268,1
2016,20,045,0.5603199463027184,1
2016,20,047,0.626603325415677,1
2016,20,049,0.6009546539379474,1
2016,20,051,0.5364616075437809,1
2016,20,053,0.5258096172718352,1
2016,20,055,0.49315533980582527,1
2016,20,057,0.4453548759376803,1
2016,20,059,0.5740837696335078,1
2016,20,061,0.3102108309218685,1
2016,20,063,0.6567237163814181,1
2016,20,065,0.630958230958231,1
2016,20,067,0.566785290628707,1
2016,20,069,0.5263694267515924,1
2016,20,071,0.7065217391304348,2
2016,20,073,0.5778229908443541,1
2016,20,075,0.6212765957446809,1
2016,20,077,0.5953810623556582,1
2016,20,079,0.5922572960095295,1
2016,20,081,0.5689075630252101,1
2016,20,083,0.7013793103448276,1
2016,20,085,0.5861964735516373,1
2016,20,087,0.5797635605006954,1
2016,20,089,0.6237995824634656,1
2016,20,091,0.717707018976224,1
2016,20,093,0.5295774647887324,1
2016,20,095,0.5627004219409283,1
2016,20,097,0.5724137931034483,1
2016,20,099,0.5137515842839037,1
2016,20,101,0.68046875,1
2016,20,103,0.5177887901572112,1
2016,20,105,0.616421052631579,1
2016,20,107,0.6093599449415004,1
2016,20,109,0.6400943396226415,1
2016,20,111,0.5215619694397283,1
2016,20,113,0.5747406405051871,1
2016,20,115,0.5916885849552866,1
2016,20,117,0.6128524590163934,1
2016,20,119,0.5840407470288624,1
2016,20,121,0.6202312138728324,1
2016,20,123,0.6072239422084623,1
2016,20,125,0.4762547113667923,1
2016,20,127,0.5883408071748879,1
2016,20,129,0.5758454106280193,1
2016,20,131,0.6829333333333333,1
2016,20,133,0.5218181818181818,1
2016,20,135,0.637719298245614,1
2016,20,137,0.5117983963344788,1
2016,20,139,0.5840033153750518,1
2016,20,141,0.6112820512820513,1
2016,20,143,0.6387238723872387,1
2016,20,145,0.4923219241443108,1
2016,20,147,0.64270205066345,1
2016,20,149,0.68,1
2016,20,151,0.5384723195515067,1
2016,20,153,0.7341645885286783,1
2016,20,155,0.5053224796493425,1
2016,20,157,0.6681638044914134,1
2016,20,159,0.5154471544715448,1
2016,20,161,0.3731715771230502,1
2016,20,163,0.6093198992443325,1
2016,20,165,0.6024048096192385,1
2016,20,167,0.5880294659300184,1
2016,20,169,0.5433813569757419,1
2016,20,171,0.601639344262295,1
2016,20,173,0.536894943404812,1
2016,20,175,0.4460380699424524,1
2016,20,177,0.5778458944787157,1
2016,20,179,0.7328,1
2016,20,181,0.5728070175438597,1
2016,20,183,0.6840871021775544,1
2016,20,185,0.6116129032258064,1
2016,20,187,0.4789473684210526,1
2016,20,189,0.5738998482549317,1
2016,20,191,0.5549086757990868,1
2016,20,193,0.5935269709543568,1
2016,20,195,0.624,1
2016,20,197,0.6525096525096525,1
2016,20,199,0.7061946902654868,1
2016,20,201,0.6536643026004728,1
2016,20,203,0.7269961977186312,2
2016,20,205,0.5300369003690036,1
2016,20,207,0.5806841046277667,1
2016,20,209,0.4982737487231869,1
2016,21,001,0.5454123882080159,1
2016,21,003,0.5265691056910569,1
2016,21,005,0.6973137973137973,1
2016,21,007,0.6422866092404073,1
2016,21,009,0.5698258591462475,1
2016,21,011,0.511371237458194,1
2016,21,013,0.4490757855822551,1
2016,21,015,0.6510140670018643,1
2016,21,017,0.5992511912865895,1
2016,21,019,0.5353749509226541,1
2016,21,021,0.5569369756936976,1
2016,21,023,0.5589540412044374,1
2016,21,025,0.5438862559241706,1
2016,21,027,0.5736515201046094,1
2016,21,029,0.606507482764419,1
2016,21,031,0.5701431492842536,1
2016,21,033,0.6069070594210259,1
2016,21,035,0.5369354299096688,1
2016,21,037,0.6032354193273733,1
2016,21,039,0.6764629388816645,1
2016,21,041,0.49613899613899615,1
2016,21,043,0.4893120685551059,1
2016,21,045,0.5284366023799754,1
2016,21,047,0.42195471481799945,1
2016,21,049,0.5943517329910141,1
2016,21,051,0.40962469733656176,1
2016,21,053,0.5828870019595036,1
2016,21,055,0.5730305180979418,1
2016,21,057,0.5823361823361823,1
2016,21,059,0.6264205128205128,1
2016,21,061,0.5425763062597,1
2016,21,063,0.4578989574979952,1
2016,21,065,0.49354695149087674,1
2016,21,067,0.5982138938868653,1
2016,21,069,0.5709074327405381,1
2016,21,071,0.5568086180777647,1
2016,21,073,0.6201923076923077,1
2016,21,075,0.4797583081570997,1
2016,21,077,0.5427642276422764,1
2016,21,079,0.5819083969465649,1
2016,21,081,0.5417398696514594,1
2016,21,083,0.6039643571558465,1
2016,21,085,0.5367165693986298,1
2016,21,087,0.6172453703703704,1
2016,21,089,0.5769939737681673,1
2016,21,091,0.659247889485802,1
2016,21,093,0.5470748558027508,1
2016,21,095,0.4975485661424607,1
2016,21,097,0.5514528703047484,1
2016,21,099,0.5229661627069835,1
2016,21,101,0.5594663638944082,1
2016,21,103,0.6076498087547811,1
2016,21,105,0.5729083665338646,1
2016,21,107,0.5745552103925444,1
2016,21,109,0.5330426356589147,1
2016,21,111,0.6289895346248051,1
2016,21,113,0.6270430107526882,1
2016,21,115,0.5337050459994425,1
2016,21,117,0.5938469152095018,1
2016,21,119,0.45993615323224263,1
2016,21,121,0.4997711670480549,1
2016,21,123,0.5895370370370371,1
2016,21,125,0.5456602944407822,1
2016,21,127,0.5007874015748032,1
2016,21,129,0.48756855575868374,1
2016,21,131,0.5303423848878395,1
2016,21,133,0.5010422380691169,1
2016,21,135,0.49981132075471696,1
2016,21,137,0.5148626817447496,1
2016,21,139,0.6239086635325722,1
2016,21,141,0.5386212008895478,1
2016,21,143,0.5647897362794013,1
2016,21,145,0.6213555621712812,1
2016,21,147,0.4185507246376812,1
2016,21,149,0.6346073662265462,1
2016,21,151,0.5513980081150867,1
2016,21,153,0.5199186991869919,1
2016,21,155,0.5570741758241758,1
2016,21,157,0.6768544791244426,1
2016,21,159,0.4015236160487557,1
2016,21,161,0.5533921042545037,1
2016,21,163,0.5706088173547935,1
2016,21,165,0.5631205673758866,1
2016,21,167,0.646412213740458,1
2016,21,169,0.6007802340702211,1
2016,21,171,0.6161728395061729,1
2016,21,173,0.5564625850340136,1
2016,21,175,0.44336118848653666,1
2016,21,177,0.531326281529699,1
2016,21,179,0.6237481259370314,1
2016,21,181,0.5251386321626618,1
2016,21,183,0.5721045392022008,1
2016,21,185,0.7061364857603439,1
2016,21,187,0.6177887584928968,1
2016,21,189,0.4934081346423562,1
2016,21,191,0.5356219349086045,1
2016,21,193,0.4886526461751791,1
2016,21,195,0.4997467328538142,1
2016,21,197,0.5332974717590102,1
2016,21,199,0.5740812775104924,1
2016,21,201,0.5627777777777778,1
2016,21,203,0.5092085235920852,1
2016,21,205,0.4604735883424408,1
2016,21,207,0.604585798816568,1
2016,21,209,0.6522032071149441,1
2016,21,211,0.6447368421052632,1
2016,21,213,0.5662406015037594,1
2016,21,215,0.7037721893491125,1
2016,21,217,0.5821833161688981,1
2016,21,219,0.5321826280623608,1
2016,21,221,0.6106739032112166,1
2016,21,223,0.5702702702702702,1
2016,21,225,0.5210570469798658,1
2016,21,227,0.5509266628766345,1
2016,21,229,0.6224185532854777,1
2016,21,231,0.5013801756587202,1
2016,21,233,0.5776119402985075,1
2016,21,235,0.5099592743428359,1
2016,21,237,0.4782214156079855,1
2016,21,239,0.7212443499069396,1
2016,22,001,0.6081714222271567,1
2016,22,003,0.4761782127221221,1
2016,22,005,0.6604021982003744,1
2016,22,007,0.6232637896541869,1
2016,22,009,0.5306670932650775,1
2016,22,011,0.56229722170427,1
2016,22,013,0.6531468531468532,1
2016,22,015,0.551721084670725,1
2016,22,017,0.5613093185495637,1
2016,22,019,0.5758023503539276,1
2016,22,021,0.6173684210526316,1
2016,22,023,0.7217986314760508,1
2016,22,025,0.6174189446916719,1
2016,22,027,0.4835090361445783,1
2016,22,029,0.5793013385569703,1
2016,22,031,0.6614404703576678,1
2016,22,033,0.5920900379678178,1
2016,22,035,0.5248214285714285,1
2016,22,037,0.6321687126219704,1
2016,22,039,0.616231884057971,1
2016,22,041,0.6027631578947369,1
2016,22,043,0.523812351543943,1
2016,22,045,0.6178772013326987,1
2016,22,047,0.6198995363214838,1
2016,22,049,0.6063363119415109,1
2016,22,051,0.5823255963067453,1
2016,22,053,0.6127467811158799,1
2016,22,055,0.6106690568438097,1
2016,22,057,0.5740574815631677,1
2016,22,059,0.5873044255699598,1
2016,22,061,0.5113393590797042,1
2016,22,063,0.5842230430602642,1
2016,22,065,0.531685393258427,1
2016,22,067,0.5914171656686626,1
2016,22,069,0.5608570946515944,1
2016,22,071,0.5675091982544708,1
2016,22,073,0.5914264597191426,1
2016,22,075,0.6369277108433735,1
2016,22,077,0.6920270667843483,1
2016,22,079,0.5859300108230686,1
2016,22,081,0.6740853658536585,1
2016,22,083,0.6191612903225806,1
2016,22,085,0.5404196576477085,1
2016,22,087,0.5077046548956662,1
2016,22,089,0.683150756390193,1
2016,22,091,0.722909090909091,1
2016,22,093,0.736665650716245,1
2016,22,095,0.6483200500078137,1
2016,22,097,0.659305681537066,1
2016,22,099,0.6535532994923858,1
2016,22,101,0.5935910742086145,1
2016,22,103,0.6838670661645455,1
2016,22,105,0.5572909467864547,1
2016,22,107,0.711731843575419,1
2016,22,109,0.5372827417380661,1
2016,22,111,0.6393192488262911,1
2016,22,113,0.5960237181723056,1
2016,22,115,0.4424258545019285,1
2016,22,117,0.5379151025122726,1
2016,22,119,0.5864576599870718,1
2016,22,121,0.6830736163353036,1
2016,22,123,0.5530505520046485,1
2016,22,125,0.4558962264150944,1
2016,22,127,0.5555361813426329,1
2016,23,001,0.6729726458484628,1
2016,23,003,0.6347802495930548,1
2016,23,005,0.7639411320083589,1
2016,23,007,0.672842277086309,1
2016,23,009,0.7318073112401776,1
2016,23,011,0.6924798661227906,1
2016,23,013,0.7261803921568627,1
2016,23,015,0.7739067842360986,1
2016,23,017,0.6879285635541836,1
2016,23,019,0.6583023417385263,1
2016,23,021,0.6598634567014013,1
2016,23,023,0.7684322787060078,1
2016,23,025,0.6401571902247329,1
2016,23,027,0.735330310880829,1
2016,23,029,0.6461994076999013,1
2016,23,031,0.7200630119722747,1
2016,24,001,0.517367088607595,1
2016,24,003,0.6545910638761983,1
2016,24,005,0.6453713492797674,1
2016,24,009,0.6987692534453533,1
2016,24,011,0.59087293280301445,1
2016,24,013,0.7200376293508937,1
2016,24,015,0.5907862969004894,1
2016,24,017,0.6978877005347593,1
2016,24,019,0.6130461042883028,1
2016,24,021,0.721245337159254,1
2016,24,023,0.5913061827389745,1
2016,24,025,0.7113618221489011,1
2016,24,027,0.7755235727264034,1
2016,24,029,0.6314429741650913,1
2016,24,031,0.7464545695446823,1
2016,24,033,0.6621633082298664,1
2016,24,035,0.7130797150154591,1
2016,24,037,0.6121591746499632,1
2016,24,039,0.47561854431900075,1
2016,24,041,0.6967118644067797,1
2016,24,043,0.5832685168817394,1
2016,24,045,0.5701822567676226,1
2016,24,047,0.6853229911525875,1
2016,24,510,0.5179675245296899,1
2016,25,001,0.7668977370380979,1
2016,25,003,0.6322552319625347,1
2016,25,005,0.6008930403195636,1
2016,25,007,0.8697164461247637,1
2016,25,009,0.6914863019932648,1
2016,25,011,0.6784007107952021,1
2016,25,013,0.5846607754526352,1
2016,25,015,0.6406363425747162,1
2016,25,017,0.7139394270520315,1
2016,25,019,0.8496021220159151,1
2016,25,021,0.7243699162559603,1
2016,25,023,0.7080096572216916,1
2016,25,025,0.5888857099259938,1
2016,25,027,0.6458049314146259,1
2016,26,001,0.6875207986688852,1
2016,26,003,0.5726235741444867,1
2016,26,005,0.6645541723747692,1
2016,26,007,0.634902807775378,1
2016,26,009,0.7304114009142243,1
2016,26,011,0.6174087444845567,1
2016,26,013,0.49328621908127207,1
2016,26,015,0.6707729735707176,1
2016,26,017,0.636054748469204,1
2016,26,019,0.7305714285714285,1
2016,26,021,0.6270926740086188,1
2016,26,023,0.5410629499157604,1
2016,26,025,0.5856816147956647,1
2016,26,027,0.5606004217838978,1
2016,26,029,0.7061471442400774,1
2016,26,031,0.6543192151232352,1
2016,26,033,0.50741956664478,1
2016,26,035,0.5499691928527418,1
2016,26,037,0.6983595293309285,1
2016,26,039,0.6135365307037203,1
2016,26,041,0.638095238095238,1
2016,26,043,0.6389225916039796,1
2016,26,045,0.6768313970986577,1
2016,26,047,0.7238498556304138,1
2016,26,049,0.6282175603667611,1
2016,26,051,0.6127241464013756,1
2016,26,053,0.5586128048780488,1
2016,26,055,0.7295856314524113,1
2016,26,057,0.4997723478524814,1
2016,26,059,0.561136907274518,1
2016,26,061,0.5601003764115433,1
2016,26,063,0.6239513916111329,1
2016,26,065,0.6168442343422941,1
2016,26,067,0.5505689390056381,1
2016,26,069,0.6403546609154086,1
2016,26,071,0.6253968253968254,1
2016,26,073,0.4469242277567544,1
2016,26,075,0.5677259023873543,1
2016,26,077,0.6452221001813584,1
2016,26,079,0.659179104477612,1
2016,26,081,0.6937175014068655,1
2016,26,083,0.7879120879120879,1
2016,26,085,0.5674121405750798,1
2016,26,087,0.6660720866809169,1
2016,26,089,0.8318489289740699,1
2016,26,091,0.6028344596811233,1
2016,26,093,0.7507162104666005,1
2016,26,095,0.4870632672332389,1
2016,26,097,0.6759423503325942,1
2016,26,099,0.655062411148084,1
2016,26,101,0.6332746921337019,1
2016,26,103,0.6025214690297825,1
2016,26,105,0.6538290293855743,1
2016,26,107,0.4970469021424436,1
2016,26,109,0.5697354497354498,1
2016,26,111,0.6699133175728921,1
2016,26,113,0.6409986859395532,1
2016,26,115,0.6459918182609452,1
2016,26,117,0.553144163808336,1
2016,26,119,0.6364675984752224,1
2016,26,121,0.6007924600884785,1
2016,26,123,0.6236914600550965,1
2016,26,125,0.7365531457449048,1
2016,26,127,0.630216587427364,1
2016,26,129,0.6106407995296884,1
2016,26,131,0.6427767354596623,1
2016,26,133,0.6015877516302807,1
2016,26,135,0.6052005943536404,1
2016,26,137,0.6681588062883027,1
2016,26,139,0.7110568660173862,1
2016,26,141,0.670506270320483,1
2016,26,143,0.648483341621084,1
2016,26,145,0.6294504321131836,1
2016,26,147,0.6329614151823751,1
2016,26,149,0.536638807318726,1
2016,26,151,0.5970533498759305,1
2016,26,153,0.6256024096385542,1
2016,26,155,0.6404017647611001,1
2016,26,157,0.6122952765250416,1
2016,26,159,0.6048168681268745,1
2016,26,161,0.7092864933990296,1
2016,26,163,0.6070812276833623,1
2016,26,165,0.6117976404719057,1
2016,27,001,0.7122685185185185,1
2016,27,003,0.7474719835824799,1
2016,27,005,0.6928988131160733,1
2016,27,007,0.6386494891159484,1
2016,27,009,0.6872708583176289,1
2016,27,011,0.684472049689441,1
2016,27,013,0.6571400625978091,1
2016,27,015,0.7033690658499234,1
2016,27,017,0.6682935779816513,1
2016,27,019,0.8201443086437933,1
2016,27,021,0.7137631050635735,1
2016,27,023,0.6917176209005003,1
2016,27,025,0.7374481580873383,1
2016,27,027,0.6399216369177188,1
2016,27,029,0.6475972540045767,1
2016,27,031,0.8035502958579882,1
2016,27,033,0.672267920094007,1
2016,27,035,0.7327404681590514,1
2016,27,037,0.7885922619554662,1
2016,27,039,0.7332415691672401,1
2016,27,041,0.7527643400138218,1
2016,27,043,0.6818767249310027,1
2016,27,045,0.7036919159770847,1
2016,27,047,0.6891799055388579,1
2016,27,049,0.734246966452534,1
2016,27,051,0.7517316017316017,1
2016,27,053,0.7857826313052522,1
2016,27,055,0.721360544217687,1
2016,27,057,0.7161531279178338,1
2016,27,059,0.7290893321769297,1
2016,27,061,0.671541057367829,1
2016,27,063,0.7099029126213592,1
2016,27,065,0.6623734305386796,1
2016,27,067,0.7075723106922327,1
2016,27,069,0.6923076923076923,1
2016,27,071,0.6290657439446367,1
2016,27,073,0.7043795620437956,1
2016,27,075,0.7543088490456912,1
2016,27,077,0.7128775834658188,1
2016,27,079,0.732615610472229,1
2016,27,081,0.6738839285714285,1
2016,27,083,0.6590234691124899,1
2016,27,085,0.7066315987225249,1
2016,27,087,0.5523809523809524,1
2016,27,089,0.6737062937062938,1
2016,27,091,0.680297157622739,1
2016,27,093,0.7176161262050833,1
2016,27,095,0.6701158301158301,1
2016,27,097,0.7059719438877755,1
2016,27,099,0.6392998917358355,1
2016,27,101,0.7154022988505747,1
2016,27,103,0.7198488464598249,1
2016,27,105,0.6663064453878811,1
2016,27,107,0.6444664031620554,1
2016,27,109,0.754332784184514,1
2016,27,111,0.7288629737609329,1
2016,27,113,0.6223354958294718,1
2016,27,115,0.6050821467688937,1
2016,27,117,0.7091445427728613,1
2016,27,119,0.6280135823429541,1
2016,27,121,0.7343404997094712,1
2016,27,123,0.7295096415789755,1
2016,27,125,0.6228476821192053,1
2016,27,127,0.6566867989646247,1
2016,27,129,0.6680720245937637,1
2016,27,131,0.6807175828787243,1
2016,27,133,0.6868701206529454,1
2016,27,135,0.6789038712483688,1
2016,27,137,0.7023082929876621,1
2016,27,139,0.7877887442251155,1
2016,27,141,0.7428153846153847,1
2016,27,143,0.7132110091743119,1
2016,27,145,0.6960384783559248,1
2016,27,147,0.7168379742104279,1
2016,27,149,0.726514131897712,1
2016,27,151,0.6845784784098697,1
2016,27,153,0.67,1
2016,27,155,0.6708955223880597,1
2016,27,157,0.7221238938053097,1
2016,27,159,0.6689821514712976,1
2016,27,161,0.6776412776412777,1
2016,27,163,0.799817007236532,1
2016,27,165,0.6708724832214765,1
2016,27,167,0.6637185929648242,1
2016,27,169,0.6393036655633199,1
2016,27,171,0.7652431986809564,1
2016,27,173,0.6910281597904387,1
2016,28,001,0.6069752138626892,1
2016,28,003,0.5300466116887773,1
2016,28,005,0.7088989441930619,1
2016,28,007,0.5838755304101839,1
2016,28,009,0.62703125,1
2016,28,011,0.5545126353790614,1
2016,28,013,0.5894930875576037,1
2016,28,015,0.6741463414634147,1
2016,28,017,0.6229767074615081,1
2016,28,019,0.6356528537920251,1
2016,28,021,0.5974825174825175,1
2016,28,023,0.6290674202664513,1
2016,28,025,0.6602640264026403,1
2016,28,027,0.4994115998879238,1
2016,28,029,0.6006014341892204,1
2016,28,031,0.6034931506849315,1
2016,28,033,0.5376462885669858,1
2016,28,035,0.492048742000526,1
2016,28,037,0.7283531409168081,1
2016,28,039,0.5802874743326488,1
2016,28,041,0.4867633726201269,1
2016,28,043,0.6422113622480147,1
2016,28,045,0.4995609687013171,1
2016,28,047,0.4340222793487575,1
2016,28,049,0.5238664342822364,1
2016,28,051,0.5980007404664939,1
2016,28,053,0.6702915681639086,1
2016,28,055,0.6104803493449782,2
2016,28,057,0.5363260809694299,1
2016,28,059,0.4761479346781941,1
2016,28,061,0.6681119432400473,1
2016,28,063,0.6701388888888888,1
2016,28,065,0.6713670613562971,1
2016,28,067,0.5728834107900586,1
2016,28,069,0.5795128044971892,1
2016,28,071,0.4700406795884183,1
2016,28,073,0.5650735294117647,1
2016,28,075,0.4958158292723912,1
2016,28,077,0.6691903259726604,1
2016,28,079,0.523968992248062,1
2016,28,081,0.5290203327171904,1
2016,28,083,0.5136007376671277,1
2016,28,085,0.5825536809815951,1
2016,28,087,0.5707431376924793,1
2016,28,089,0.6758311846926313,1
2016,28,091,0.5999486916367368,1
2016,28,093,0.5325318499910282,1
2016,28,095,0.5771802325581395,1
2016,28,097,0.6296156269691241,1
2016,28,099,0.5048074623295862,1
2016,28,101,0.5882206294795886,1
2016,28,103,0.6919925512104284,1
2016,28,105,0.4622290232083652,1
2016,28,107,0.5977777777777777,1
2016,28,109,0.5227039292965484,1
2016,28,111,0.584400215169446,1
2016,28,113,0.560963026655202,1
2016,28,115,0.5912568306010929,1
2016,28,117,0.5078189300411523,1
2016,28,119,0.5929515418502203,1
2016,28,121,0.5704366792384241,1
2016,28,123,0.5507458780423973,1
2016,28,125,0.6311239193083573,1
2016,28,127,0.5637620340656628,1
2016,28,129,0.6241407528641572,1
2016,28,131,0.5114337568058076,1
2016,28,133,0.4586857825567503,1
2016,28,135,0.5312217194570136,1
2016,28,137,0.5506511958323467,1
2016,28,139,0.5755687129947024,1
2016,28,141,0.5620006713662303,1
2016,28,143,0.4992302309307208,1
2016,28,145,0.5649140049140049,1
2016,28,147,0.6219325842696629,1
2016,28,149,0.5472378804960542,1
2016,28,151,0.4731439820022497,1
2016,28,153,0.6280013084723585,1
2016,28,155,0.6745176314038589,1
2016,28,157,0.5854267869535045,1
2016,28,159,0.6316500711237554,1
2016,28,161,0.6406958355297838,1
2016,28,163,0.4966707768187423,1
2016,29,001,0.49980449657869014,1
2016,29,003,0.6864438603079234,1
2016,29,005,0.6305555555555555,1
2016,29,007,0.5105810707942147,1
2016,29,009,0.5566990661330284,1
2016,29,011,0.6628348214285714,1
2016,29,013,0.6436421981548336,1
2016,29,015,0.6033041788143829,1
2016,29,017,0.5943455497382198,1
2016,29,019,0.6403359419736591,1
2016,29,021,0.53513919111578,1
2016,29,023,0.5315368032029566,1
2016,29,025,0.6350515463917525,1
2016,29,027,0.5537507212925563,1
2016,29,029,0.6359887005649717,1
2016,29,031,0.6171971338110315,1
2016,29,033,0.6315713251267198,1
2016,29,035,0.6006335797254488,1
2016,29,037,0.6816844919786096,1
2016,29,039,0.5954545454545455,1
2016,29,041,0.675,1
2016,29,043,0.6932810282948001,1
2016,29,045,0.6123809523809524,1
2016,29,047,0.6453041262775646,1
2016,29,049,0.6617828200972448,1
2016,29,051,0.6434917355371901,1
2016,29,053,0.5852693294246977,1
2016,29,055,0.5207303974221268,1
2016,29,057,0.6623637887678122,1
2016,29,059,0.592212951926897,1
2016,29,061,0.5909539473684211,1
2016,29,063,0.4381497377205531,1
2016,29,065,0.5694758909853249,1
2016,29,067,0.6339514978601997,1
2016,29,069,0.46877908265012186,1
2016,29,071,0.6476221245799948,1
2016,29,073,0.6387816387816387,1
2016,29,075,0.6007897334649556,1
2016,29,077,0.5846895147607737,1
2016,29,079,0.5601039636127355,1
2016,29,081,0.5773082942097026,1
2016,29,083,0.5874367371241441,1
2016,29,085,0.61913499344692,1
2016,29,087,0.6505524861878453,1
2016,29,089,0.6193384223918575,1
2016,29,091,0.5802859042553191,1
2016,29,093,0.5309701492537313,1
2016,29,095,0.34698025551684086,1
2016,29,097,0.5724472873726605,1
2016,29,099,0.6339917646356746,1
2016,29,101,0.5095731854352544,1
2016,29,103,0.6212624584717608,1
2016,29,105,0.5981367616918204,1
2016,29,107,0.6378465247087184,1
2016,29,109,0.6006108515989939,1
2016,29,111,0.5757105943152455,1
2016,29,113,0.6309111588525211,1
2016,29,115,0.5956289978678039,1
2016,29,117,0.5457713557161071,1
2016,29,119,0.5341542449773169,1
2016,29,121,0.652762312633833,1
2016,29,123,0.5624735729386893,1
2016,29,125,0.6369426751592356,1
2016,29,127,0.5909111669330898,1
2016,29,129,0.6333938294010889,1
2016,29,131,0.5994224205828301,1
2016,29,133,0.47400275103163686,1
2016,29,135,0.5933970460469157,1
2016,29,137,0.6216903515332834,1
2016,29,139,0.5995582551076754,1
2016,29,141,0.5647247119078105,1
2016,29,143,0.5298523586604249,1
2016,29,145,0.6176668601276842,1
2016,29,147,0.5028176501860713,1
2016,29,149,0.552753108348135,1
2016,29,151,0.6765267175572519,1
2016,29,153,0.5912073490813649,1
2016,29,155,0.4703082325399922,1
2016,29,157,0.6063128685397156,1
2016,29,159,0.6063274188148644,1
2016,29,161,0.547690036900369,1
2016,29,163,0.5147838214783822,1
2016,29,165,0.6991561784897025,1
2016,29,167,0.5810850749419464,1
2016,29,169,0.33690520794304984,1
2016,29,171,0.6189973614775726,1
2016,29,173,0.6607277289836888,1
2016,29,175,0.5327648578811369,1
2016,29,177,0.6210857142857142,1
2016,29,179,0.5904761904761905,1
2016,29,181,0.5184420459877992,1
2016,29,183,0.7182212852625373,1
2016,29,185,0.6100131752305665,1
2016,29,186,0.6188527584947022,1
2016,29,187,0.4777434312210201,1
2016,29,189,0.6897467328470283,1
2016,29,195,0.5409157188684748,1
2016,29,197,0.5966101694915255,1
2016,29,199,0.5614835948644793,1
2016,29,201,0.5854452926208651,1
2016,29,203,0.6095238095238096,1
2016,29,205,0.6940298507462687,1
2016,29,207,0.575118996105582,1
2016,29,209,0.6479077043410246,1
2016,29,211,0.5375135135135135,1
2016,29,213,0.5720019459985405,1
2016,29,215,0.5595505617977528,1
2016,29,217,0.5519255455712452,1
2016,29,219,0.633259779338014,1
2016,29,221,0.48419405320813774,1
2016,29,223,0.538058991436727,1
2016,29,225,0.6233432613551749,1
2016,29,227,0.6358662613981763,1
2016,29,229,0.5900436046511628,1
2016,29,510,0.5427844435250311,1
2016,30,001,0.6543859649122807,1
2016,30,003,0.48954361640670135,1
2016,30,005,0.5841131664853101,1
2016,30,007,0.6946784922394679,1
2016,30,009,0.7144901610017889,1
2016,30,011,0.7594202898550725,2
2016,30,013,0.5483978426395939,1
2016,30,015,0.5956521739130435,1
2016,30,017,0.5575268817204301,1
2016,30,019,0.6727272727272727,1
2016,30,021,0.60289455547898,1
2016,30,023,0.544818652849741,1
2016,30,025,0.687037037037037,1
2016,30,027,0.6517857142857143,1
2016,30,029,0.6393163566476766,1
2016,30,031,0.7068890786103632,1
2016,30,033,0.8547619047619047,2
2016,30,035,0.5504338394793926,1
2016,30,037,0.7966386554621848,2
2016,30,039,0.6861003861003862,1
2016,30,041,0.5375312760633861,1
2016,30,043,0.7398347107438017,1
2016,30,045,0.7299093655589124,1
2016,30,047,0.603525641025641,1
2016,30,049,0.6729384210012687,1
2016,30,051,0.5180592991913746,2
2016,30,053,0.5965473145780051,1
2016,30,055,0.8,1
2016,30,057,0.7465625,1
2016,30,059,0.6385620915032679,2
2016,30,061,0.5831884057971014,1
2016,30,063,0.6597169601069757,1
2016,30,065,0.6615176151761517,1
2016,30,067,0.7372193777077589,1
2016,30,069,0.8702702702702703,2
2016,30,071,0.674223602484472,1
2016,30,073,0.5913137893593919,1
2016,30,075,0.7714285714285715,1
2016,30,077,0.473960983884648,1
2016,30,079,0.6530805687203791,2
2016,30,081,0.6907364875210534,1
2016,30,083,0.5761088113542283,1
2016,30,085,0.4827495042961005,1
2016,30,087,0.527175572519084,1
2016,30,089,0.6453116531165312,1
2016,30,091,0.650709219858156,1
2016,30,093,0.6049641478212907,1
2016,30,095,0.6702888583218707,1
2016,30,097,0.7634057971014493,1
2016,30,099,0.6907908992416034,1
2016,30,101,0.4986536107711138,1
2016,30,103,0.6514705882352941,1
2016,30,105,0.670223752151463,1
2016,30,107,0.5949685534591195,1
2016,30,109,0.6147727272727272,2
2016,30,111,0.5873783519612427,1
2016,31,001,0.5853584578730777,1
2016,31,003,0.6757981462409887,1
2016,31,005,0.91,2
2016,31,007,0.6644628099173554,2
2016,31,009,0.728735632183908,2
2016,31,011,0.7102689486552567,1
2016,31,013,0.5975728155339806,1
2016,31,015,0.7580327868852459,1
2016,31,017,0.6668058455114823,1
2016,31,019,0.5911036508602602,1
2016,31,021,0.7017751479289941,1
2016,31,023,0.6441747572815534,1
2016,31,025,0.6771204188481675,1
2016,31,027,0.6789554531490015,1
2016,31,029,0.688929219600726,1
2016,31,031,0.6967597765363128,1
2016,31,033,0.6243870112657389,1
2016,31,035,0.6670293797606094,1
2016,31,037,0.5827742520398912,1
2016,31,039,0.6210365853658537,1
2016,31,041,0.6956307692307693,1
2016,31,043,0.511944557684468,1
2016,31,045,0.5123344947735191,1
2016,31,047,0.5673455978975033,1
2016,31,049,0.641042345276873,1
2016,31,051,0.6655502392344498,1
2016,31,053,0.586,1
2016,31,055,0.6459432593627424,1
2016,31,057,0.6758865248226951,1
2016,31,059,0.6550111358574611,1
2016,31,061,0.6773279352226721,1
2016,31,063,0.6478048780487805,1
2016,31,065,0.629878869448183,1
2016,31,067,0.5949082297217289,1
2016,31,069,0.7190635451505016,1
2016,31,071,0.6261980830670927,1
2016,31,073,0.6516129032258065,1
2016,31,075,0.7788461538461539,2
2016,31,077,0.6351351351351351,1
2016,31,079,0.5678980563779122,1
2016,31,081,0.7283842794759825,1
2016,31,083,0.6861423220973782,1
2016,31,085,0.6465408805031446,1
2016,31,087,0.6568232662192394,1
2016,31,089,0.6561538461538462,1
2016,31,091,0.7315789473684211,2
2016,31,093,0.6218068535825545,1
2016,31,095,0.6103056768558952,1
2016,31,097,0.5177199504337051,1
2016,31,099,0.6788877445932029,1
2016,31,101,0.6342767295597485,1
2016,31,103,0.8796610169491526,2
2016,31,105,0.5925795053003533,1
2016,31,107,0.6384794414274632,1
2016,31,109,0.6168542124210383,1
2016,31,111,0.6035921421889616,1
2016,31,113,0.7426229508196721,1
2016,31,115,0.8850574712643678,2
2016,31,117,0.8696969696969697,2
2016,31,119,0.5763713080168776,1
2016,31,121,0.6431239388794567,1
2016,31,123,0.6266666666666667,1
2016,31,125,0.5851985559566787,1
2016,31,127,0.5654740608228981,1
2016,31,129,0.6419213973799127,1
2016,31,131,0.6370781717214865,1
2016,31,133,0.6259433962264151,1
2016,31,135,0.6598639455782312,1
2016,31,137,0.6904411764705882,1
2016,31,139,0.6740947075208914,1
2016,31,141,0.6499887412744877,1
2016,31,143,0.6578343949044586,1
2016,31,145,0.6285714285714286,1
2016,31,147,0.5912975912975913,1
2016,31,149,0.6791489361702128,1
2016,31,151,0.5275808936825886,1
2016,31,153,0.6729861778093289,1
2016,31,155,0.697495183044316,1
2016,31,157,0.5380308154829012,1
2016,31,159,0.6110296953335904,1
2016,31,161,0.6471464019851116,1
2016,31,163,0.6513457556935818,1
2016,31,165,0.7323383084577114,1
2016,31,167,0.6351473922902494,1
2016,31,169,0.6625615763546798,1
2016,31,171,0.7631067961165049,2
2016,31,173,0.47293318233295584,1
2016,31,175,0.6732824427480916,1
2016,31,177,0.7079738562091503,1
2016,31,179,0.5065057008718981,1
2016,31,181,0.6024691358024692,1
2016,31,183,0.7045454545454546,2
2016,31,185,0.603689687795648,1
2016,32,001,0.6191904896688367,1
2016,32,003,0.5675847042242058,1
2016,32,005,0.7509088461020601,1
2016,32,007,0.5342256764536557,1
2016,32,009,0.52875,2
2016,32,011,0.618840579710145,2
2016,32,013,0.5628171478565179,1
2016,32,015,0.6147770700636943,1
2016,32,017,0.5303482587064676,1
2016,32,019,0.6258922691953115,1
2016,32,021,0.5609550561797753,1
2016,32,023,0.5757308652857352,1
2016,32,027,0.3901574803149606,1
2016,32,029,0.7601783060921248,1
2016,32,031,0.6808374687814213,1
2016,32,033,0.5000662690523525,1
2016,32,510,0.6298086606243706,1
2016,33,001,0.7267731231854002,1
2016,33,003,0.763298969072165,1
2016,33,005,0.6841675512370377,1
2016,33,007,0.5891423185673893,1
2016,33,009,0.7159580419580419,1
2016,33,011,0.7118989445691016,1
2016,33,013,0.7260165777025561,1
2016,33,015,0.7784695256688048,1
2016,33,017,0.7046568627450981,1
2016,33,019,0.6607340518496941,1
2016,34,001,0.6017700477143297,1
2016,34,003,0.6669094899914906,1
2016,34,005,0.6466411683919843,1
2016,34,007,0.613530088675286,1
2016,34,009,0.6404048370136698,1
2016,34,011,0.49865189289012,1
2016,34,013,0.6053362665602399,1
2016,34,015,0.6382418185560409,1
2016,34,017,0.5613413339133327,1
2016,34,019,0.7466638558026774,1
2016,34,021,0.6250159718894746,1
2016,34,023,0.6104378427959042,1
2016,34,025,0.6912499038028123,1
2016,34,027,0.7107730298170671,1
2016,34,029,0.6396055530300381,1
2016,34,031,0.5986171716550919,1
2016,34,033,0.6100734305512463,1
2016,34,035,0.7010844825277815,1
2016,34,037,0.6708235294117647,1
2016,34,039,0.6448075526506899,1
2016,34,041,0.6147200199762781,1
2016,35,001,0.5726061667396335,1
2016,35,003,0.6852842809364549,1
2016,35,005,0.4701066790352504,1
2016,35,006,0.4148700797530229,1
2016,35,007,0.529493545183714,1
2016,35,009,0.390536001168395,1
2016,35,011,0.5723270440251572,2
2016,35,013,0.5121275824574121,1
2016,35,015,0.4948295383067052,1
2016,35,017,0.5721750781598928,1
2016,35,019,0.5190340909090909,1
2016,35,021,1,2
2016,35,023,0.5724770642201835,1
2016,35,025,0.4346503067484663,1
2016,35,027,0.5801238188334963,1
2016,35,028,0.8325047801147227,1
2016,35,029,0.47914614121510674,1
2016,35,031,0.4252155172413793,1
2016,35,033,0.6633152173913044,1
2016,35,035,0.44766793126534254,1
2016,35,037,0.5432699619771864,1
2016,35,039,0.5148096885813149,1
2016,35,041,0.44569288389513106,1
2016,35,043,0.608802921148722,1
2016,35,045,0.5325402783392043,1
2016,35,047,0.48990658464342673,1
2016,35,049,0.6653998416468725,1
2016,35,051,0.5497082228116711,1
2016,35,053,0.5604243166054672,1
2016,35,055,0.5964432284541724,1
2016,35,057,0.5458782908933967,1
2016,35,059,0.5196946564885496,1
2016,35,061,0.5138175046554935,1
2016,36,001,0.5875456951972772,1
2016,36,003,0.500321199143469,1
2016,36,005,0.4810359462762403,1
2016,36,007,0.5610037477594916,1
2016,36,009,0.51935,1
2016,36,011,0.5361131313131313,1
2016,36,013,0.5271578538102644,1
2016,36,015,0.5341072088724584,1
2016,36,017,0.5252735799895779,1
2016,36,019,0.4946079186566015,1
2016,36,021,0.6351248586990031,1
2016,36,023,0.5215509467989179,1
2016,36,025,0.5307589165996246,1
2016,36,027,0.5867007214231303,1
2016,36,029,0.6007331461470831,1
2016,36,031,0.5505355715427658,1
2016,36,033,0.4221641140580252,1
2016,36,035,0.4972808251289264,1
2016,36,037,0.5702696871628911,1
2016,36,039,0.5706521739130435,1
2016,36,041,0.82798459563543,1
2016,36,043,0.5290680100755667,1
2016,36,045,0.4393427553717109,1
2016,36,047,0.49691435127358186,1
2016,36,049,0.5523043160204828,1
2016,36,051,0.5809265886449366,1
2016,36,053,0.529902176786816,1
2016,36,055,0.6167637592104913,1
2016,36,057,0.5045412418906395,1
2016,36,059,0.6688932760666617,1
2016,36,061,0.5741645315926579,1
2016,36,063,0.5544009119817603,1
2016,36,065,0.5162313168269095,1
2016,36,067,0.5940661783566563,1
2016,36,069,0.6157780003535026,1
2016,36,071,0.5794587383266628,1
2016,36,073,0.50199203187251,1
2016,36,075,0.5157353885677585,1
2016,36,077,0.5137710168134507,1
2016,36,079,0.6597785476530127,1
2016,36,081,0.4961978739323577,1
2016,36,083,0.5757663528843833,1
2016,36,085,0.5406713575045937,1
2016,36,087,0.6558894931054574,1
2016,36,089,0.4539268533008752,1
2016,36,091,0.6620285482186375,1
2016,36,093,0.5806256742179072,1
2016,36,095,0.5526057030481809,1
2016,36,097,0.6037164487267722,1
2016,36,099,0.5052403324900614,1
2016,36,101,0.5584629703496875,1
2016,36,103,0.6433843945375215,1
2016,36,105,0.5328648937116428,1
2016,36,107,0.578818948734588,1
2016,36,109,0.534075835314729,1
2016,36,111,0.5766177617123822,1
2016,36,113,0.6077399380804953,1
2016,36,115,0.4941176470588235,1
2016,36,117,0.5601157293063298,1
2016,36,119,0.6631067042892949,1
2016,36,121,0.5298820646347067,1
2016,36,123,0.5309071729957806,1
2016,37,001,0.6336895538338231,1
2016,37,003,0.6394050743657043,1
2016,37,005,0.6312351543942993,1
2016,37,007,0.5287039358235147,1
2016,37,009,0.6342546657217104,1
2016,37,011,0.5776610644257703,1
2016,37,013,0.6599035148173673,1
2016,37,015,0.5718568369531967,1
2016,37,017,0.6191626095423564,1
2016,37,019,0.7110267346301883,1
2016,37,021,0.715797336630348,1
2016,37,023,0.5661914460285132,1
2016,37,025,0.7020016555045526,1
2016,37,027,0.5790816326530612,1
2016,37,029,0.6535248041775457,1
2016,37,031,0.6935474988526847,1
2016,37,033,0.6040927694406548,1
2016,37,035,0.6355778099881407,1
2016,37,037,0.7786809965803615,1
2016,37,039,0.6408043380027113,1
2016,37,041,0.639080459770115,1
2016,37,043,0.6984311446833237,1
2016,37,045,0.604179064106032,1
2016,37,047,0.5479565920110829,1
2016,37,049,0.6006133793367836,1
2016,37,051,0.5451187447895514,1
2016,37,053,0.6655634357762017,1
2016,37,055,0.7243812338381973,1
2016,37,057,0.613422928788003,1
2016,37,059,0.6925354130192584,1
2016,37,061,0.5377336599200722,1
2016,37,063,0.7654753149973035,1
2016,37,065,0.6086828910358322,1
2016,37,067,0.6879453693165377,1
2016,37,069,0.6525840765015579,1
2016,37,071,0.6147191942372665,1
2016,37,073,0.598114254021076,1
2016,37,075,0.6202380952380953,1
2016,37,077,0.6161973417436359,1
2016,37,079,0.5287393860222077,1
2016,37,081,0.703292349726776,1
2016,37,083,0.6148790618128512,1
2016,37,085,0.5236444242355348,1
2016,37,087,0.641482254697286,1
2016,37,089,0.692406569864318,1
2016,37,091,0.539369870267408,1
2016,37,093,0.5203368060510918,1
2016,37,095,0.518918918918919,1
2016,37,097,0.6834450790497475,1
2016,37,099,0.5650913483315718,1
2016,37,101,0.6900044174932733,1
2016,37,103,0.6487681617182565,1
2016,37,105,0.6260826157494073,1
2016,37,107,0.6245806150978565,1
2016,37,109,0.6700652938221999,1
2016,37,111,0.5777616279069767,1
2016,37,113,0.668450810403317,1
2016,37,115,0.6648377581120944,1
2016,37,117,0.6503941288393585,1
2016,37,119,0.6976813155196199,1
2016,37,121,0.6677113402061856,1
2016,37,123,0.5934687580354847,1
2016,37,125,0.6862861169837914,1
2016,37,127,0.6765311191540699,1
2016,37,129,0.6656059479553903,1
2016,37,131,0.5964869775893398,1
2016,37,133,0.4220186874469107,1
2016,37,135,0.8120716011637654,1
2016,37,137,0.6505681818181818,1
2016,37,139,0.574624153312407,1
2016,37,141,0.6602344027465372,1
2016,37,143,0.6340264650283554,1
2016,37,145,0.6560200668896321,1
2016,37,147,0.6137728658536585,1
2016,37,149,0.6638737097753491,1
2016,37,151,0.6302767068469084,1
2016,37,153,0.5718343195266272,1
2016,37,155,0.4306962525694408,1
2016,37,157,0.5993054078956694,1
2016,37,159,0.622945901480693,1
2016,37,161,0.5879146459747817,1
2016,37,163,0.5996299722479186,1
2016,37,165,0.5188303222201527,1
2016,37,167,0.6489587852494577,1
2016,37,169,0.6175544296864303,1
2016,37,171,0.5953952843273231,1
2016,37,173,0.5667746413697362,1
2016,37,175,0.6658841065772312,1
2016,37,177,0.5375579598145286,1
2016,37,179,0.7272039349224366,1
2016,37,181,0.6156240369799691,1
2016,37,183,0.77498880018801,1
2016,37,185,0.6103565891472869,1
2016,37,187,0.6425221469515373,1
2016,37,189,0.6665555185061687,1
2016,37,191,0.5768307254623044,1
2016,37,193,0.6010370654887651,1
2016,37,195,0.6498253386725739,1
2016,37,197,0.6241898353107845,1
2016,37,199,0.7206946454413893,1
2016,38,001,0.6619565217391304,1
2016,38,003,0.6139000574382539,1
2016,38,005,0.4503919372900336,1
2016,38,007,0.7960526315789473,2
2016,38,009,0.666793893129771,1
2016,38,011,0.7338809034907597,1
2016,38,013,0.6337349397590362,1
2016,38,015,0.6952470656426605,1
2016,38,017,0.6491646586345382,1
2016,38,019,0.6534201954397394,1
2016,38,021,0.6085967130214918,1
2016,38,023,0.6536193029490617,1
2016,38,025,0.6901538461538461,1
2016,38,027,0.6801104972375691,1
2016,38,029,0.7475471698113207,1
2016,38,031,0.6649903288201161,1
2016,38,033,0.6835714285714286,1
2016,38,035,0.5628881267958106,1
2016,38,037,0.7192708333333333,1
2016,38,039,0.6746666666666666,1
2016,38,041,0.6260869565217392,1
2016,38,043,0.7002544529262087,1
2016,38,045,0.6649149922720248,1
2016,38,047,0.6883870967741935,1
2016,38,049,0.6287625418060201,1
2016,38,051,0.6617848970251716,1
2016,38,053,0.6192180251822399,1
2016,38,055,0.7086666666666667,1
2016,38,057,0.6956909361069836,1
2016,38,059,0.6899978208760078,1
2016,38,061,0.5849002849002849,1
2016,38,063,0.6951417004048583,1
2016,38,065,0.7369565217391304,1
2016,38,067,0.5686203787195672,1
2016,38,069,0.59002849002849,1
2016,38,071,0.5977464788732394,1
2016,38,073,0.5663865546218487,1
2016,38,075,0.6787401574803149,1
2016,38,077,0.5959183673469388,1
2016,38,079,0.3895228215767635,1
2016,38,081,0.6590759075907591,1
2016,38,083,0.6813852813852814,1
2016,38,085,0.4471869328493648,1
2016,38,087,0.819047619047619,2
2016,38,089,0.5636779505946935,1
2016,38,091,0.6403846153846153,1
2016,38,093,0.6143375680580763,1
2016,38,095,0.692814371257485,1
2016,38,097,0.63589329021827,1
2016,38,099,0.5599033816425121,1
2016,38,101,0.5342428376534789,1
2016,38,103,0.7071216617210683,1
2016,38,105,0.5554977228366949,1
2016,39,001,0.5375769048745859,1
2016,39,003,0.5764491615901526,1
2016,39,005,0.6064866198051547,1
2016,39,007,0.5367702108097459,1
2016,39,009,0.5544299030223143,1
2016,39,011,0.683849493487699,1
2016,39,013,0.5583423035522067,1
2016,39,015,0.5825880255534096,1
2016,39,017,0.636015732186957,1
2016,39,019,0.5942727272727273,1
2016,39,021,0.6058902275769745,1
2016,39,023,0.5916590416566337,1
2016,39,025,0.6571049753057775,1
2016,39,027,0.5907940525150269,1
2016,39,029,0.5596390285264369,1
2016,39,031,0.556720959369966,1
2016,39,033,0.5842672741078208,1
2016,39,035,0.6315799382877465,1
2016,39,037,0.6492738853503185,1
2016,39,039,0.6233339044029467,1
2016,39,041,0.7826971626662648,1
2016,39,043,0.6335328331787912,1
2016,39,045,0.6508926977325478,1
2016,39,047,0.515089986155976,1
2016,39,049,0.661555362031772,1
2016,39,051,0.6694527677022551,1
2016,39,053,0.5595413241021203,1
2016,39,055,0.7058798586572438,1
2016,39,057,0.6472011385199241,1
2016,39,059,0.5463454875433097,1
2016,39,061,0.68357435858877,1
2016,39,063,0.630986162200035,1
2016,39,065,0.5119300437226734,1
2016,39,067,0.5795333606221859,1
2016,39,069,0.661067615658363,1
2016,39,071,0.5692615384615385,1
2016,39,073,0.5863439141356475,1
2016,39,075,0.3785616438356164,1
2016,39,077,0.5768641114982579,1
2016,39,079,0.5558351938299168,1
2016,39,081,0.5952125693160814,1
2016,39,083,0.6184542416729546,1
2016,39,085,0.6587295290984303,1
2016,39,087,0.5609740670461733,1
2016,39,089,0.6458134998049161,1
2016,39,091,0.6299941588785046,1
2016,39,093,0.6070219381585766,1
2016,39,095,0.6034824046920821,1
2016,39,097,0.508305159488461,1
2016,39,099,0.6317604106618353,1
2016,39,101,0.5128494885533366,1
2016,39,103,0.6865504545796078,1
2016,39,105,0.5490789111905416,1
2016,39,107,0.7185711923267736,1
2016,39,109,0.6671389714719463,1
2016,39,111,0.59526938239159,1
2016,39,113,0.6400718622227729,1
2016,39,115,0.5580770896491988,1
2016,39,117,0.6282460136674259,1
2016,39,119,0.5650931866788879,1
2016,39,121,0.5141513467293716,1
2016,39,123,0.6750113929819231,1
2016,39,125,0.6324362111149947,1
2016,39,127,0.5524037575980844,1
2016,39,129,0.5623224633564368,1
2016,39,131,0.5547046462759748,1
2016,39,133,0.6016990674885412,1
2016,39,135,0.6490452895691968,1
2016,39,137,0.7431003761631361,1
2016,39,139,0.5835033025099076,1
2016,39,141,0.5056591211717709,1
2016,39,143,0.614528322559439,1
2016,39,145,0.5140948563794255,1
2016,39,147,0.5622831692451946,1
2016,39,149,0.6639630820864215,1
2016,39,151,0.6057868809955924,1
2016,39,153,0.625813259588094,1
2016,39,155,0.5963978511318822,1
2016,39,157,0.5857842094062566,1
2016,39,159,0.6942293090356871,1
2016,39,161,0.6373524647072437,1
2016,39,163,0.5450222882615156,1
2016,39,165,0.7372269198126552,1
2016,39,167,0.6145608073318917,1
2016,39,169,0.5793828810506131,1
2016,39,171,0.6066596565019278,1
2016,39,173,0.6392230887685659,1
2016,39,175,0.6260047281323877,1
2016,40,001,0.409365179132621,1
2016,40,003,0.4968096809680968,1
2016,40,005,0.47429111531190926,1
2016,40,007,0.5957503320053121,1
2016,40,009,0.44554572271386433,1
2016,40,011,0.5246196403872753,1
2016,40,013,0.4118628912071535,1
2016,40,015,0.4407355021216407,1
2016,40,017,0.5968579603735896,1
2016,40,019,0.5231898376852505,1
2016,40,021,0.45628112894299944,1
2016,40,023,0.4789055604589585,1
2016,40,025,0.6786163522012578,1
2016,40,027,0.5393618331896021,1
2016,40,029,0.5546820809248555,1
2016,40,031,0.35587126386536255,1
2016,40,033,0.5613807982740021,1
2016,40,035,0.5126273814798405,1
2016,40,037,0.5426823529411765,1
2016,40,039,0.511947547353084,1
2016,40,041,0.48746898263027294,1
2016,40,043,0.6350282485875707,1
2016,40,045,0.5922204213938411,1
2016,40,047,0.49307290483761074,1
2016,40,049,0.5235045917101018,1
2016,40,051,0.5536894409937888,1
2016,40,053,0.6407569141193595,1
2016,40,055,0.3877300613496932,1
2016,40,057,0.478921568627451,1
2016,40,059,0.6181443298969073,1
2016,40,061,0.4956066945606694,1
2016,40,063,0.42121917170777107,1
2016,40,065,0.42796052631578946,1
2016,40,067,0.4984093319194062,1
2016,40,069,0.47976119402985073,1
2016,40,071,0.5027827648114901,1
2016,40,073,0.5866985645933014,1
2016,40,075,0.5011477761836441,1
2016,40,077,0.4949359365466748,1
2016,40,079,0.47039060366020213,1
2016,40,081,0.5400462071621102,1
2016,40,083,0.5591103255265871,1
2016,40,085,0.542836676217765,1
2016,40,087,0.6228708664326621,1
2016,40,089,0.443773272652048,1
2016,40,091,0.4986224170319349,1
2016,40,093,0.6094812164579606,1
2016,40,095,0.478397212543554,1
2016,40,097,0.5131243878550441,1
2016,40,099,0.5310278578290105,1
2016,40,101,0.46952981095492,1
2016,40,103,0.5632794457274827,1
2016,40,105,0.5292941911305434,1
2016,40,107,0.42535059331175834,1
2016,40,109,0.529382095753418,1
2016,40,111,0.4715686274509804,1
2016,40,113,0.5176310043668122,1
2016,40,115,0.45124525116082737,1
2016,40,117,0.5132258064516129,1
2016,40,119,0.4595646055790083,1
2016,40,121,0.5052215884159719,1
2016,40,123,0.5192927170868348,1
2016,40,125,0.4756938603868797,1
2016,40,127,0.5209761766414875,1
2016,40,129,0.641970802919708,1
2016,40,131,0.6115234959592937,1
2016,40,133,0.42875433448919714,1
2016,40,135,0.46488488166156816,1
2016,40,137,0.5371737173717371,1
2016,40,139,0.5,1
2016,40,141,0.4951509606587374,1
2016,40,143,0.5667481045616691,1
2016,40,145,0.5631015561752272,1
2016,40,147,0.5776218323586745,1
2016,40,149,0.5513095238095238,1
2016,40,151,0.5140854940434478,1
2016,40,153,0.5036472148541115,1
2016,41,001,0.6904443570585922,1
2016,41,003,0.7224807350326022,1
2016,41,005,0.7289908381867103,1
2016,41,007,0.6779520772280642,1
2016,41,009,0.7026927138331573,1
2016,41,011,0.6261973802619738,1
2016,41,013,0.7193853427895981,1
2016,41,015,0.6771006711409396,1
2016,41,017,0.7567046719643749,1
2016,41,019,0.6289189189189189,1
2016,41,021,0.7125874125874125,1
2016,41,023,0.7444253859348199,1
2016,41,025,0.7090098126672614,1
2016,41,027,0.750343878954608,1
2016,41,029,0.6842345725372387,1
2016,41,031,0.5928549044186775,1
2016,41,033,0.6741811029578637,1
2016,41,035,0.6117304992981752,1
2016,41,037,0.6343825665859564,1
2016,41,039,0.6869832862102287,1
2016,41,041,0.6815814330049926,1
2016,41,043,0.6586539540100953,1
2016,41,045,0.5103937393005625,1
2016,41,047,0.6313264129181084,1
2016,41,049,0.6347296268088347,1
2016,41,051,0.6992054940915741,1
2016,41,053,0.7113602259687528,1
2016,41,055,0.7264285714285714,1
2016,41,057,0.6990630539377057,1
2016,41,059,0.5383730003901678,1
2016,41,061,0.6645144760440687,1
2016,41,063,0.7859585958595859,1
2016,41,065,0.64775311315647,1
2016,41,067,0.7133201743346537,1
2016,41,069,0.6816666666666666,1
2016,41,071,0.6674378807584366,1
2016,42,001,0.6059589128493046,1
2016,42,003,0.6760788065661739,1
2016,42,005,0.5838426738066661,1
2016,42,007,0.6191820404534341,1
2016,42,009,0.6115653298835705,1
2016,42,011,0.5982223093639201,1
2016,42,013,0.5518769787426504,1
2016,42,015,0.5372622779519332,1
2016,42,017,0.7262883662060964,1
2016,42,019,0.666353183456324,1
2016,42,021,0.5712526039308033,1
2016,42,023,0.5555273189326556,1
2016,42,025,0.5629658612931625,1
2016,42,027,0.6019842681528914,1
2016,42,029,0.7313191223082259,1
2016,42,031,0.5585284280936454,1
2016,42,033,0.5348575887631681,1
2016,42,035,0.4939515482111343,1
2016,42,037,0.5222571692876966,1
2016,42,039,0.5529385738514859,1
2016,42,041,0.6474499574105622,1
2016,42,043,0.646584817568736,1
2016,42,045,0.7182720965309201,1
2016,42,047,0.579823151125402,1
2016,42,049,0.5821010024944698,1
2016,42,051,0.5008336826417028,1
2016,42,053,0.3369824561403509,1
2016,42,055,0.605566652192792,1
2016,42,057,0.589808362369338,1
2016,42,059,0.5194925028835063,1
2016,42,061,0.5344724708435042,1
2016,42,063,0.5340402969247083,1
2016,42,065,0.5557203994293866,1
2016,42,067,0.5519535374868004,1
2016,42,069,0.6272341457499697,1
2016,42,071,0.6110521180480758,1
2016,42,073,0.5808166464761634,1
2016,42,075,0.5993313305552863,1
2016,42,077,0.6129914139394977,1
2016,42,079,0.5454299337320188,1
2016,42,081,0.551778699257966,1
2016,42,083,0.4832740213523132,1
2016,42,085,0.5767890616385489,1
2016,42,087,0.5187116564417178,1
2016,42,089,0.5524473309044828,1
2016,42,091,0.7206707893297081,1
2016,42,093,0.5970690858339148,1
2016,42,095,0.6223180990373776,1
2016,42,097,0.4903528151569927,1
2016,42,099,0.5998865891692656,1
2016,42,101,0.6316272883882428,1
2016,42,103,0.6007134637514384,1
2016,42,105,0.5768062245276028,1
2016,42,107,0.543990655014277,1
2016,42,109,0.524035228182546,1
2016,42,111,0.5784767141009055,1
2016,42,113,0.575941230486685,1
2016,42,115,0.5658617069146543,1
2016,42,117,0.548817011081162,1
2016,42,119,0.48394514475689154,1
2016,42,121,0.550206197714151,1
2016,42,123,0.5686873361098257,1
2016,42,125,0.6145691352415569,1
2016,42,127,0.5741812096581401,1
2016,42,129,0.6280219401131503,1
2016,42,131,0.593006993006993,1
2016,42,133,0.6152876515920903,1
2016,44,001,0.6658389963408259,1
2016,44,003,0.6303768294088272,1
2016,44,005,0.6316558941212681,1
2016,44,007,0.558249362495647,1
2016,44,009,0.6522751842751843,1
2016,45,001,0.552422455780569,1
2016,45,003,0.6029320552579644,1
2016,45,005,0.47201051248357423,1
2016,45,007,0.554844714073972,1
2016,45,009,0.5241670181358077,1
2016,45,011,0.5811887254901961,1
2016,45,013,0.599168288123307,1
2016,45,015,0.5462082703668086,1
2016,45,017,0.6485395189003437,1
2016,45,019,0.6003131861585335,1
2016,45,021,0.5142755849680927,1
2016,45,023,0.5711066398390342,1
2016,45,025,0.4806086956521739,1
2016,45,027,0.5766997565087095,1
2016,45,029,0.601289647960962,1
2016,45,031,0.5786097299405284,1
2016,45,033,0.5136333699231613,1
2016,45,035,0.5815587674861737,1
2016,45,037,0.5699461576113558,1
2016,45,039,0.6233471645919779,1
2016,45,041,0.5605050553916114,1
2016,45,043,0.6598645127670661,1
2016,45,045,0.619929122968768,1
2016,45,047,0.5551630959274272,1
2016,45,049,0.5672141706924315,1
2016,45,051,0.5733264320220842,1
2016,45,053,0.5864511162432641,1
2016,45,055,0.6077979247458337,1
2016,45,057,0.6122327044025158,1
2016,45,059,0.528256114535693,1
2016,45,061,0.5725517725517726,1
2016,45,063,0.5980992970338257,1
2016,45,065,0.6114888628370457,1
2016,45,067,0.5969475224754338,1
2016,45,069,0.4834341554211261,1
2016,45,071,0.5990732489752272,1
2016,45,073,0.5727056019070322,1
2016,45,075,0.569442411824967,1
2016,45,077,0.5226597048324365,1
2016,45,079,0.5571784753067054,1
2016,45,081,0.6093205265030238,1
2016,45,083,0.5636812214877572,1
2016,45,085,0.5570634318928481,1
2016,45,087,0.5550608216662841,1
2016,45,089,0.5933780055183288,1
2016,45,091,0.638170707888055,1
2016,46,003,0.730909090909091,1
2016,46,005,0.5603640877120397,1
2016,46,007,0.5118040089086859,1
2016,46,009,0.5231310466138962,1
2016,46,011,0.49676787463271305,1
2016,46,013,0.5652051911609961,1
2016,46,015,0.5821882951653944,1
2016,46,017,0.38735177865612647,1
2016,46,019,0.5639662994167207,1
2016,46,021,0.7226086956521739,2
2016,46,023,0.5257274119448698,1
2016,46,025,0.6171322160148975,1
2016,46,027,0.4466079295154185,1
2016,46,029,0.5579249342577097,1
2016,46,031,0.432780847145488,1
2016,46,033,0.6817328519855596,1
2016,46,035,0.5267969526333223,1
2016,46,037,0.6286041189931351,1
2016,46,039,0.6283987915407855,1
2016,46,041,0.4666666666666667,1
2016,46,043,0.7008733624454149,1
2016,46,045,0.6361525704809287,1
2016,46,047,0.6408273381294964,1
2016,46,049,0.6026954177897574,1
2016,46,051,0.66,1
2016,46,053,0.6493788819875776,1
2016,46,055,0.6628571428571428,1
2016,46,057,0.6819753086419753,1
2016,46,059,0.6925714285714286,1
2016,46,061,0.8759825327510917,1
2016,46,063,0.7979274611398963,2
2016,46,065,0.6190836804240818,1
2016,46,067,0.6112624886466849,1
2016,46,069,0.6188340807174888,1
2016,46,071,0.503448275862069,1
2016,46,073,0.6382838283828383,1
2016,46,075,0.8584615384615385,2
2016,46,077,0.650765306122449,1
2016,46,079,0.7094615786722426,1
2016,46,081,0.5962739174219537,1
2016,46,083,0.6990164842776008,1
2016,46,085,0.5176684881602914,1
2016,46,087,0.6356265356265356,1
2016,46,089,0.6031830238726791,1
2016,46,091,0.5554921540656206,1
2016,46,093,0.5747279920870425,1
2016,46,095,0.4776223776223776,1
2016,46,097,0.6448484848484849,1
2016,46,099,0.6002684460806872,1
2016,46,101,0.6327939590075512,1
2016,46,102,0.3278781038374718,1
2016,46,103,0.5916475618068034,1
2016,46,105,0.6790697674418604,1
2016,46,107,0.7266304347826087,1
2016,46,109,0.5301976823449216,1
2016,46,111,0.5941798941798941,1
2016,46,115,0.5931658291457287,1
2016,46,117,0.6933628318584071,1
2016,46,119,0.7863013698630137,1
2016,46,121,0.3559463986599665,1
2016,46,123,0.6210153482880756,1
2016,46,125,0.659253375694996,1
2016,46,127,0.7156320797462619,1
2016,46,129,0.5890606420927468,1
2016,46,135,0.5453669594786058,1
2016,46,137,0.4225895316804408,1
2016,47,001,0.5119677889145893,1
2016,47,003,0.4809710258418168,1
2016,47,005,0.4926430517711172,1
2016,47,007,0.419990995047276,1
2016,47,009,0.5357414058491534,1
2016,47,011,0.5048439744091918,1
2016,47,013,0.39501970055161545,1
2016,47,015,0.491581868640148,1
2016,47,017,0.4700769578995021,1
2016,47,019,0.46379234491860977,1
2016,47,021,0.5314199899883197,1
2016,47,023,0.4920226843100189,1
2016,47,025,0.4236686390532544,1
2016,47,027,0.47249190938511326,1
2016,47,029,0.4363440086362001,1
2016,47,031,0.49989987484355447,1
2016,47,033,0.5110795454545455,1
2016,47,035,0.5638502673796791,1
2016,47,037,0.5233455554038011,1
2016,47,039,0.500763358778626,1
2016,47,041,0.4889279437609842,1
2016,47,043,0.4888627450980392,1
2016,47,045,0.47032269441015695,1
2016,47,047,0.6327569331158238,1
2016,47,049,0.5266068222621185,1
2016,47,051,0.5067655236329935,1
2016,47,053,0.5263767335397873,1
2016,47,055,0.4958593054318789,1
2016,47,057,0.453582554517134,1
2016,47,059,0.4349100968188105,1
2016,47,061,0.45470167064439143,1
2016,47,063,0.45612256144604874,1
2016,47,065,0.5317699775952203,1
2016,47,067,0.43027965284474445,1
2016,47,069,0.44862119013062407,1
2016,47,071,0.4903400689995072,1
2016,47,073,0.46856885079508287,1
2016,47,075,0.5012101210121012,1
2016,47,077,0.4809131560367146,1
2016,47,079,0.5119636147913783,1
2016,47,081,0.4156956637403565,1
2016,47,083,0.4996845425867508,1
2016,47,085,0.5047988708539167,1
2016,47,087,0.48202914193200214,1
2016,47,089,0.46409538873342254,1
2016,47,091,0.4509252912954078,1
2016,47,093,0.529483986286518,1
2016,47,095,0.3066147859922179,1
2016,47,097,0.3907707175646291,1
2016,47,099,0.4985202863961814,1
2016,47,101,0.5067982456140351,1
2016,47,103,0.5194784977622106,1
2016,47,105,0.6112098249281421,1
2016,47,107,0.46417522583838633,1
2016,47,109,0.497053726169844,1
2016,47,111,0.4460029717682021,1
2016,47,113,0.5135735938026271,1
2016,47,115,0.49016245487364624,1
2016,47,117,0.489425336466567,1
2016,47,119,0.554546879899655,1
2016,47,121,0.4625267665952891,1
2016,47,123,0.48998136734986386,1
2016,47,125,0.4287521392960786,1
2016,47,127,0.5754178957718781,1
2016,47,129,0.3871247113163973,1
2016,47,131,0.5165085388994307,1
2016,47,133,0.48434373160682753,1
2016,47,135,0.4688013136288998,1
2016,47,137,0.6316425120772947,1
2016,47,139,0.49600608596424495,1
2016,47,141,0.4891165633144603,1
2016,47,143,0.4507742461287694,1
2016,47,145,0.5144586894586894,1
2016,47,147,0.5515256305939789,1
2016,47,149,0.520990228644861,1
2016,47,151,0.42922567038264536,1
2016,47,153,0.5038938053097345,1
2016,47,155,0.5085002100546142,1
2016,47,157,0.5079004019449922,1
2016,47,159,0.5135359116022099,1
2016,47,161,0.5164717348927875,1
2016,47,163,0.5006068887906434,1
2016,47,165,0.5604498961476663,1
2016,47,167,0.5192039800995025,1
2016,47,169,0.5193097781429745,1
2016,47,171,0.5088401697312589,1
2016,47,173,0.4252552756977536,1
2016,47,175,0.5381535038932147,1
2016,47,177,0.4670440898953509,1
2016,47,179,0.5037719609133715,1
2016,47,181,0.4279868469126782,1
2016,47,183,0.4495940959409594,1
2016,47,185,0.48091042584434657,1
2016,47,187,0.7484400309880977,1
2016,47,189,0.6108311800172266,1
2016,48,001,0.3840950226244344,1
2016,48,003,0.4748318924111431,1
2016,48,005,0.49583091587235806,1
2016,48,007,0.5368743615934627,1
2016,48,009,0.6484481453444361,1
2016,48,011,0.6993150684931507,1
2016,48,013,0.4182624655858061,1
2016,48,015,0.6083767038413879,1
2016,48,017,0.4627096774193548,2
2016,48,019,0.6012356575463371,1
2016,48,021,0.5498888781524786,1
2016,48,023,0.5278169014084507,1
2016,48,025,0.3423441597740569,1
2016,48,027,0.4197516680659273,1
2016,48,029,0.4770938013285757,1
2016,48,031,0.6792114695340502,1
2016,48,033,0.7525773195876289,2
2016,48,035,0.5908782510365623,1
2016,48,037,0.5015146025074281,1
2016,48,039,0.5350626986930413,1
2016,48,041,0.4566585133849708,1
2016,48,043,0.6035486160397445,1
2016,48,045,0.6427947598253275,2
2016,48,047,0.5207622868605818,1
2016,48,049,0.5041696621135874,1
2016,48,051,0.5528196981731534,1
2016,48,053,0.5702746844840386,1
2016,48,055,0.4348076231571377,1
2016,48,057,0.4630984042553192,1
2016,48,059,0.5453567937438906,1
2016,48,061,0.4133273482212995,1
2016,48,063,0.5281395348837209,1
2016,48,065,0.6744027303754266,1
2016,48,067,0.530468414267297,1
2016,48,069,0.4487640449438202,1
2016,48,071,0.6851428571428572,1
2016,48,073,0.4793718772305496,1
2016,48,075,0.38203483043079745,1
2016,48,077,0.6311949685534591,1
2016,48,079,0.4767195767195767,1
2016,48,081,0.5624505928853755,1
2016,48,083,0.5583141762452107,1
2016,48,085,0.6379464640313485,1
2016,48,087,0.608421052631579,1
2016,48,089,0.5679119412941961,1
2016,48,091,0.6800240608082244,1
2016,48,093,0.5303291139240507,1
2016,48,095,0.47361419068736144,2
2016,48,097,0.5892890120036934,1
2016,48,099,0.333814923189466,1
2016,48,101,0.5368421052631579,2
2016,48,103,0.4890459363957597,1
2016,48,105,0.5254237288135594,1
2016,48,107,0.4114285714285714,1
2016,48,109,0.48698412698412696,1
2016,48,111,0.3689366786140979,1
2016,48,113,0.522930166702839,1
2016,48,115,0.3784386617100371,1
2016,48,117,0.3996208530805687,1
2016,48,119,0.5681195516811955,1
2016,48,121,0.5961097027884789,1
2016,48,123,0.4398457583547558,1
2016,48,125,0.5410714285714285,1
2016,48,127,0.44238683127572015,1
2016,48,129,0.5307971014492754,1
2016,48,131,0.4917994100294985,1
2016,48,133,0.4994978479196557,1
2016,48,135,0.38495178881922126,1
2016,48,137,0.6542682926829269,2
2016,48,139,0.5894010922891789,1
2016,48,141,0.4426179667221642,1
2016,48,143,0.4604142502071251,1
2016,48,145,0.40447013487475914,1
2016,48,147,0.4771790808240888,1
2016,48,149,0.6026968716289105,1
2016,48,151,0.5802013422818791,1
2016,48,153,0.4754854368932039,1
2016,48,155,0.5004878048780488,2
2016,48,157,0.6263602576512626,1
2016,48,159,0.5871313672922251,1
2016,48,161,0.5401757469244288,1
2016,48,163,0.35714285714285715,1
2016,48,165,0.44724104549854793,1
2016,48,167,0.5574211397600743,1
2016,48,169,0.4733652312599681,2
2016,48,171,0.6814853017019082,1
2016,48,173,0.8,2
2016,48,175,0.6454308093994778,1
2016,48,177,0.4975648075412411,1
2016,48,179,0.4700095207870517,1
2016,48,181,0.5267566516691663,1
2016,48,183,0.4967457909453269,1
2016,48,185,0.4912651378510693,1
2016,48,187,0.5602635531224263,1
2016,48,189,0.38421166775103016,1
2016,48,191,0.4947845804988662,1
2016,48,193,0.5665101721439749,1
2016,48,195,0.6260450160771704,1
2016,48,197,0.5501818181818182,1
2016,48,199,0.5544602653036388,1
2016,48,201,0.5158889675237871,1
2016,48,203,0.5656935861922011,1
2016,48,205,0.4529002320185615,1
2016,48,207,0.44696969696969696,1
2016,48,209,0.5429334537110183,1
2016,48,211,0.6975308641975309,1
2016,48,213,0.5137214670428315,1
2016,48,215,0.4401563312903676,1
2016,48,217,0.5205699377884808,1
2016,48,219,0.4556559675911499,1
2016,48,221,0.6259563818376832,1
2016,48,223,0.542822774659182,1
2016,48,225,0.4670394185071289,1
2016,48,227,0.33902059852312477,1
2016,48,229,0.5327217125382263,2
2016,48,231,0.4923388984240911,1
2016,48,233,0.5259593679458239,1
2016,48,235,0.6356846473029045,1
2016,48,237,0.5126243305279266,1
2016,48,239,0.5286141575274177,1
2016,48,241,0.5096467907330042,1
2016,48,243,0.7809836065573771,2
2016,48,245,0.5012041300803707,1
2016,48,247,0.5977433004231312,1
2016,48,249,0.43742049469964667,1
2016,48,251,0.5234529759200364,1
2016,48,253,0.3677877198395557,1
2016,48,255,0.369704975781594,1
2016,48,257,0.5496869588384174,1
2016,48,259,0.7073299349622078,1
2016,48,261,0.5904761904761905,3
2016,48,263,0.8266666666666667,2
2016,48,265,0.6030024589103145,1
2016,48,267,0.5498591549295775,1
2016,48,269,0.8368421052631579,2
2016,48,271,0.5983263598326359,1
2016,48,273,0.4187541272287035,1
2016,48,275,0.5187855787476281,1
2016,48,277,0.5070426372428825,1
2016,48,279,0.4443826473859844,1
2016,48,281,0.5527113506231054,1
2016,48,283,0.41638018200202226,2
2016,48,285,0.6099295774647887,1
2016,48,287,0.5416493990882718,1
2016,48,289,0.6033252230332522,1
2016,48,291,0.4454295154185022,1
2016,48,293,0.47376798285889193,1
2016,48,295,0.6,1
2016,48,297,0.4905359179019384,1
2016,48,299,0.6434862950415768,1
2016,48,301,1,3
2016,48,303,0.461642111152555,1
2016,48,305,0.5047738693467336,1
2016,48,307,0.5133167907361456,1
2016,48,309,0.46518810483277934,1
2016,48,311,1,2
2016,48,313,0.39240622140896614,1
2016,48,315,0.5112183353437877,1
2016,48,317,0.4984441301272984,1
2016,48,319,0.6777594728171334,1
2016,48,321,0.4908834775608774,1
2016,48,323,0.5051301115241635,1
2016,48,325,0.4898735975003551,1
2016,48,327,0.541692789968652,1
2016,48,329,0.48337098516845106,1
2016,48,331,0.4962199312714777,1
2016,48,333,0.653566229985444,1
2016,48,335,0.3248520710059172,1
2016,48,337,0.6061289186333216,1
2016,48,339,0.6014607980013227,1
2016,48,341,0.47347670250896057,1
2016,48,343,0.5262433862433863,1
2016,48,345,0.754601226993865,2
2016,48,347,0.4905562181502765,1
2016,48,349,0.5197027197975964,1
2016,48,351,0.5024058102587381,1
2016,48,353,0.4435616438356164,1
2016,48,355,0.4174864043506078,1
2016,48,357,0.5341637010676157,1
2016,48,359,0.7022222222222222,2
2016,48,361,0.5170463725965423,1
2016,48,363,0.5061606702809266,1
2016,48,365,0.6022549869904597,1
2016,48,367,0.6304593874833555,1
2016,48,369,0.4333919156414763,1
2016,48,371,0.3980028530670471,1
2016,48,373,0.5709519700891573,1
2016,48,375,0.3744983987974642,1
2016,48,377,0.6409288824383164,1
2016,48,379,0.5501462843768286,1
2016,48,381,0.5781125246180869,1
2016,48,383,0.4156321839080459,1
2016,48,385,0.6515503875968992,1
2016,48,387,0.5260958205912334,1
2016,48,389,0.389718482252142,1
2016,48,391,0.5394327538883806,1
2016,48,393,0.8458015267175573,2
2016,48,395,0.5979600509987251,1
2016,48,397,0.6693699731903485,1
2016,48,399,0.49021386908619574,1
2016,48,401,0.49553874249934776,1
2016,48,403,0.5682345754428834,1
2016,48,405,0.5350824587706147,1
2016,48,407,0.5135551142005959,1
2016,48,409,0.46976138828633407,1
2016,48,411,0.5558962264150943,1
2016,48,413,0.530827067669173,1
2016,48,415,0.4282591093117409,1
2016,48,417,0.6040160642570281,1
2016,48,419,0.5403508771929825,1
2016,48,421,0.47341772151898737,1
2016,48,423,0.551767232962312,1
2016,48,425,0.6161264822134387,1
2016,48,427,0.4097731239092496,1
2016,48,429,0.48473389355742297,1
2016,48,431,0.8063694267515924,2
2016,48,433,0.7876404494382022,2
2016,48,435,0.5477756286266925,1
2016,48,437,0.40777058279370954,1
2016,48,439,0.5376716129810593,1
2016,48,441,0.4658352845362923,1
2016,48,443,0.7180327868852459,3
2016,48,445,0.3975118483412322,1
2016,48,447,0.656910569105691,2
2016,48,449,0.5034206306787814,1
2016,48,451,0.4504155448905537,1
2016,48,453,0.6159385533223388,1
2016,48,455,0.5379775280898876,1
2016,48,457,0.4755858795609611,1
2016,48,459,0.5409797297297297,1
2016,48,461,0.6368794326241135,1
2016,48,463,0.5172533179457588,1
2016,48,465,0.4746253049843151,1
2016,48,467,0.5569974554707379,1
2016,48,469,0.48793603511797445,1
2016,48,471,0.35633156331563315,1
2016,48,473,0.5364871344094614,1
2016,48,475,0.44537815126050423,1
2016,48,477,0.5842395587076438,1
2016,48,479,0.4416718410431543,1
2016,48,481,0.5282179992828971,1
2016,48,483,0.6092470277410832,1
2016,48,485,0.3912449964076773,1
2016,48,487,0.4253886010362694,1
2016,48,489,0.3685352622061483,1
2016,48,491,0.6162279437423192,1
2016,48,493,0.5746562176548868,1
2016,48,495,0.39914893617021274,1
2016,48,497,0.5708098145374957,1
2016,48,499,0.5538074818867367,1
2016,48,501,0.5368298368298369,1
2016,48,503,0.5843062926459439,1
2016,48,505,0.5080032336297494,1
2016,48,507,0.432887189292543,1
2016,49,001,0.5995186522262335,1
2016,49,003,0.57975910693302,1
2016,49,005,0.5989359631479919,1
2016,49,007,0.5360296595888102,1
2016,49,009,0.8033898305084746,2
2016,49,011,0.651207979486697,1
2016,49,013,0.5408648227502921,1
2016,49,015,0.6040845070422535,1
2016,49,017,0.6493074792243767,1
2016,49,019,0.6393511988716503,1
2016,49,021,0.5421990171990172,1
2016,49,023,0.6257677902621723,1
2016,49,025,0.637852593266606,1
2016,49,027,0.6622867972204675,1
2016,49,029,0.7708982925018559,1
2016,49,031,0.5188612099644128,2
2016,49,033,0.7393333333333333,1
2016,49,035,0.5946155429528629,1
2016,49,037,0.5301216545012165,1
2016,49,039,0.5085814360770577,1
2016,49,041,0.6055983205038489,1
2016,49,043,0.7784650198001132,1
2016,49,045,0.5571465033180194,1
2016,49,047,0.5439744952178533,1
2016,49,049,0.5838081306935855,1
2016,49,051,0.7096018735362998,1
2016,49,053,0.5922672529153126,1
2016,49,055,0.7439790575916231,1
2016,49,057,0.5304990642545228,1
2016,50,001,0.645665818490246,1
2016,50,003,0.5991382281971734,1
2016,50,005,0.5796952224052718,1
2016,50,007,0.6668372037251689,1
2016,50,009,0.5909090909090909,1
2016,50,011,0.580558568329718,1
2016,50,013,0.7358997314234557,1
2016,50,015,0.6627888860036354,1
2016,50,017,0.6329228775113416,1
2016,50,019,0.5669176470588235,1
2016,50,021,0.6099464579901154,1
2016,50,023,0.6673679690854444,1
2016,50,025,0.6477321505222492,1
2016,50,027,0.6721617069062324,1
2016,51,001,0.6458962841976317,1
2016,51,003,0.7330834841044197,1
2016,51,005,0.5765446674537583,1
2016,51,007,0.6998011928429424,1
2016,51,009,0.6088985564563971,1
2016,51,011,0.6740429112326461,1
2016,51,013,0.7564420619584866,1
2016,51,015,0.618288533514801,1
2016,51,017,0.6284518828451883,1
2016,51,019,0.7068062827225131,1
2016,51,021,0.5681447963800905,1
2016,51,023,0.7167336010709505,1
2016,51,025,0.5710349962769918,1
2016,51,027,0.4896478686788456,1
2016,51,029,0.5371870397643593,1
2016,51,031,0.6439429373246024,1
2016,51,033,0.6592592592592592,1
2016,51,035,0.5769523005487548,1
2016,51,036,0.6966921119592875,1
2016,51,037,0.6088050314465409,1
2016,51,041,0.7407635959112566,1
2016,51,043,0.7493613138686132,1
2016,51,045,0.6789793438639126,1
2016,51,047,0.644093346861864,1
2016,51,049,0.6354922279792746,1
2016,51,051,0.5315724308708213,1
2016,51,053,0.6221356553620532,1
2016,51,057,0.6145454545454545,1
2016,51,059,0.7698355389503824,1
2016,51,061,0.7560690142266169,1
2016,51,063,0.6569563443492452,1
2016,51,065,0.6731188118811882,1
2016,51,067,0.6067034079406141,1
2016,51,069,0.6712590256452817,1
2016,51,071,0.6190727478326423,1
2016,51,073,0.6730360205831903,1
2016,51,075,0.8009700427960057,1
2016,51,077,0.5925172834485564,1
2016,51,079,0.689486903480445,1
2016,51,081,0.4563807531380753,1
2016,51,083,0.615198118328207,1
2016,51,085,0.8104481467131602,1
2016,51,087,0.7153022422308667,1
2016,51,089,0.5901823968662014,1
2016,51,091,0.7244791666666667,1
2016,51,093,0.750534188034188,1
2016,51,095,0.78,1
2016,51,097,0.6549158547387068,1
2016,51,099,0.6527198917456022,1
2016,51,101,0.7484477124183007,1
2016,51,103,0.7176025917926566,1
2016,51,105,0.4707738542449286,1
2016,51,107,0.8234630087699573,1
2016,51,109,0.6591028037383178,1
2016,51,111,0.5665314401622719,1
2016,51,113,0.683210964268233,1
2016,51,115,0.7216032608695652,1
2016,51,117,0.5982786228983187,1
2016,51,119,0.6663344407530454,1
2016,51,121,0.5645631067961165,1
2016,51,125,0.7136851136851137,1
2016,51,127,0.7837387964148528,1
2016,51,131,0.6601069518716578,1
2016,51,133,0.7231671554252199,1
2016,51,135,0.5548334018922254,1
2016,51,137,0.6526832955404384,1
2016,51,139,0.5723421262989609,1
2016,51,141,0.5809199318568995,1
2016,51,143,0.6419748069890289,1
2016,51,145,0.7507774322523323,1
2016,51,147,0.484525702172761,1
2016,51,149,0.5631176061238692,1
2016,51,153,0.7158941482871036,1
2016,51,155,0.5459683225341972,1
2016,51,157,0.7669803250641574,1
2016,51,159,0.516361071932299,1
2016,51,161,0.7130946610345544,1
2016,51,163,0.5900519267559442,1
2016,51,165,0.6430568659404752,1
2016,51,167,0.5510011248593926,1
2016,51,169,0.5589374654122855,1
2016,51,171,0.6297160399079048,1
2016,51,173,0.516426282051282,1
2016,51,175,0.6068352699931647,1
2016,51,177,0.6784730506452662,1
2016,51,179,0.6747927540681609,1
2016,51,181,0.7757798165137615,1
2016,51,183,0.4787850023730422,1
2016,51,185,0.535043227665706,1
2016,51,187,0.6081950558753809,1
2016,51,191,0.5897102441250285,1
2016,51,193,0.6235636363636363,1
2016,51,195,0.47727415801070194,1
2016,51,197,0.5752532873464109,1
2016,51,199,0.7029566292366334,1
2016,51,510,0.7515001239771882,1
2016,51,520,0.5208888888888888,1
2016,51,530,0.4628846153846154,1
2016,51,540,0.6447281595180031,1
2016,51,550,0.6551473580189502,1
2016,51,570,0.6380233874009807,1
2016,51,580,0.5334826427771556,1
2016,51,590,0.5852092017909526,1
2016,51,595,0.5895392278953923,1
2016,51,600,0.7638095238095238,1
2016,51,610,0.8084418968212611,1
2016,51,620,0.6491228070175439,1
2016,51,630,0.5365086925458442,1
2016,51,640,0.49243523316062177,1
2016,51,650,0.5946879023413285,1
2016,51,660,0.46433548387096774,1
2016,51,670,0.5633520950594121,1
2016,51,678,0.38910812943962114,1
2016,51,680,0.5863083497698882,1
2016,51,683,0.6588713125267208,1
2016,51,685,0.6184397163120567,1
2016,51,690,0.5754505601558695,1
2016,51,700,0.5684095942344507,1
2016,51,710,0.44329381744723834,1
2016,51,720,0.47249190938511326,1
2016,51,730,0.5555510779770301,1
2016,51,735,0.7758918918918919,1
2016,51,740,0.5994042671100027,1
2016,51,750,0.4051264980026631,1
2016,51,760,0.6145313103120639,1
2016,51,770,0.5426371511068335,1
2016,51,775,0.6120150187734669,1
2016,51,790,0.581353305785124,1
2016,51,800,0.6740977472912931,1
2016,51,810,0.6105522430650466,1
2016,51,820,0.5838249286393911,1
2016,51,830,0.6152480839048003,1
2016,51,840,0.5639439598202485,1
2016,53,001,0.5191727221911683,1
2016,53,003,0.5600230083405234,1
2016,53,005,0.6294894989380949,1
2016,53,007,0.6437801350048216,1
2016,53,009,0.6743633566911639,1
2016,53,011,0.6306536225719552,1
2016,53,013,0.6993589743589743,1
2016,53,015,0.595102891377963,1
2016,53,017,0.6098881695114773,1
2016,53,019,0.5874388254486134,1
2016,53,021,0.5280498664292075,1
2016,53,023,0.7461077844311377,1
2016,53,025,0.5531466484535077,1
2016,53,027,0.5232798376683269,1
2016,53,029,0.6802475011899096,1
2016,53,031,0.7926505082095388,1
2016,53,033,0.6951980115297853,1
2016,53,035,0.6277685199212241,1
2016,53,037,0.5604671791839149,1
2016,53,039,0.6852688514158447,1
2016,53,041,0.600158172231986,1
2016,53,043,0.7150187734668335,1
2016,53,045,0.5972343367726838,1
2016,53,047,0.592101160575091,1
2016,53,049,0.6506375227686703,1
2016,53,051,0.6655577299412916,1
2016,53,053,0.5810068440050351,1
2016,53,055,0.8094665664913598,1
2016,53,057,0.6492807424593967,1
2016,53,059,0.6545560069645966,1
2016,53,061,0.6405335080494197,1
2016,53,063,0.6228306747793674,1
2016,53,065,0.6760172902071844,1
2016,53,067,0.6476166645815088,1
2016,53,069,0.7038805970149253,1
2016,53,071,0.5944574368568756,1
2016,53,073,0.6956298363567169,1
2016,53,075,0.4658769686364248,1
2016,53,077,0.5471691474013864,1
2016,54,001,0.45145413870246087,1
2016,54,003,0.5228479043377463,1
2016,54,005,0.47267283614589006,1
2016,54,007,0.4412657130472475,1
2016,54,009,0.5027719665271967,1
2016,54,011,0.43155285984477926,1
2016,54,013,0.43762541806020067,1
2016,54,015,0.42762589928057554,1
2016,54,017,0.4216778025241277,1
2016,54,019,0.4305122807017544,1
2016,54,021,0.3584214235377026,1
2016,54,023,0.52389006342494715,1
2016,54,025,0.4961552028218695,1
2016,54,027,0.46329386437029063,1
2016,54,029,0.5329137822529894,1
2016,54,031,0.5181818181818182,1
2016,54,033,0.5192682700343578,1
2016,54,035,0.5356923076923077,1
2016,54,037,0.5781635340596193,1
2016,54,039,0.5053917804560478,1
2016,54,041,0.5356010823347507,1
2016,54,043,0.4246394230769231,1
2016,54,045,0.4442487419122933,1
2016,54,047,0.38290123456790126,1
2016,54,049,0.5113578327967137,1
2016,54,051,0.5139412794089053,1
2016,54,053,0.4791157102539982,1
2016,54,055,0.47341641775672055,1
2016,54,057,0.5294871794871795,1
2016,54,059,0.48139711465451784,1
2016,54,061,0.4358360536815379,1
2016,54,063,0.5397489539748954,1
2016,54,065,0.5461291473421335,1
2016,54,067,0.4625243664717349,1
2016,54,069,0.5182895117018202,1
2016,54,071,0.5406538139145013,1
2016,54,073,0.5126118795768918,1
2016,54,075,0.5157001414427157,1
2016,54,077,0.4686782673084043,1
2016,54,079,0.5721213514134682,1
2016,54,081,0.48566040829712226,1
2016,54,083,0.4617278709403524,1
2016,54,085,0.5109717868338558,1
2016,54,087,0.4635159010600707,1
2016,54,089,0.44220100045475214,1
2016,54,091,0.4860966542750929,1
2016,54,093,0.6107205623901582,1
2016,54,095,0.507147814018043,1
2016,54,097,0.47393316195372753,1
2016,54,099,0.4711980136561142,1
2016,54,101,0.42361308677098153,1
2016,54,103,0.49525691699604746,1
2016,54,105,0.52882096069869,1
2016,54,107,0.5265375517445299,1
2016,54,109,0.44168076706147774,1
2016,55,001,0.5973552747575669,1
2016,55,003,0.6546269873624134,1
2016,55,005,0.6431756852719784,1
2016,55,007,0.7804258804258805,1
2016,55,009,0.6930070117937834,1
2016,55,011,0.6761490082244799,1
2016,55,013,0.7059345983044005,1
2016,55,015,0.7300369812354472,1
2016,55,017,0.6500051488003296,1
2016,55,019,0.5739130434782609,1
2016,55,021,0.684784358826912,1
2016,55,023,0.5968400770712909,1
2016,55,025,0.8079882196564935,1
2016,55,027,0.6259447674418605,1
2016,55,029,0.7743183817062445,1
2016,55,031,0.6541043149789336,1
2016,55,033,0.6317128967686588,1
2016,55,035,0.6897700138243057,1
2016,55,037,0.707589880159787,1
2016,55,039,0.6637827352085354,1
2016,55,041,0.6305555555555555,1
2016,55,043,0.5963952918097106,1
2016,55,045,0.6777936451267405,1
2016,55,047,0.6629943502824859,1
2016,55,049,0.6796008869179601,1
2016,55,051,0.7057517658930373,1
2016,55,053,0.5855383643826966,1
2016,55,055,0.6768530865165895,1
2016,55,057,0.5639029079548186,1
2016,55,059,0.6288068529471752,1
2016,55,061,0.684351145038168,1
2016,55,063,0.6808823529411765,1
2016,55,065,0.6184019370460049,1
2016,55,067,0.6564301911240686,1
2016,55,069,0.6528745837957824,1
2016,55,071,0.6483368150409771,1
2016,55,073,0.6836644374508262,1
2016,55,075,0.6093935248518012,1
2016,55,077,0.6605020920502092,1
2016,55,078,0.434295415959253,1
2016,55,079,0.6508245311887885,1
2016,55,081,0.5906906906906907,1
2016,55,083,0.6786005434782608,1
2016,55,085,0.7334927412467976,1
2016,55,087,0.697773648020814,1
2016,55,089,0.8163958972823239,1
2016,55,091,0.6588546255506608,1
2016,55,093,0.66485723250706,1
2016,55,095,0.6761480160499331,1
2016,55,097,0.6922495953965114,1
2016,55,099,0.6726142920550378,1
2016,55,101,0.6574222160142473,1
2016,55,103,0.595784023668639,1
2016,55,105,0.6433083851325637,1
2016,55,107,0.6381809995497524,1
2016,55,109,0.7472161056936143,1
2016,55,111,0.654572055596196,1
2016,55,113,0.6986595174262734,1
2016,55,115,0.6164481897627965,1
2016,55,117,0.6927364570632294,1
2016,55,119,0.6140498543217869,1
2016,55,121,0.6332484371382264,1
2016,55,123,0.6330957683741648,1
2016,55,125,0.772093023255814,1
2016,55,127,0.6697638000782983,1
2016,55,129,0.7245940594059406,1
2016,55,131,0.7701337809152392,1
2016,55,133,0.8001405857740586,1
2016,55,135,0.6451165096678235,1
2016,55,137,0.6231628148532848,1
2016,55,139,0.6621632916682497,1
2016,55,141,0.6654929577464789,1
2016,56,001,0.5673428666444962,1
2016,56,003,0.6115008625646924,1
2016,56,005,0.5391497555917641,1
2016,56,007,0.5623290692545214,1
2016,56,009,0.6307109004739336,1
2016,56,011,0.6924886877828055,1
2016,56,013,0.5642359960225389,1
2016,56,015,0.5467924528301886,1
2016,56,017,0.6805263157894736,1
2016,56,019,0.6702579666160849,1
2016,56,021,0.5657920176771164,1
2016,56,023,0.6713313161875946,1
2016,56,025,0.5519821236447902,1
2016,56,027,0.6586466165413534,1
2016,56,029,0.6646851607221488,1
2016,56,031,0.6631039531478771,1
2016,56,033,0.6232817869415808,1
2016,56,035,0.5876840696117804,1
2016,56,037,0.5604449533780468,1
2016,56,039,0.7730027548209366,1
2016,56,041,0.5900383141762452,1
2016,56,043,0.621678891605542,1
2016,56,045,0.6336028751123091,1
2020,01,001,0.6618207816968541,1
2020,01,003,0.6529094859660088,1
2020,01,005,0.5402157164869029,1
2020,01,007,0.5456354847881717,1
2020,01,009,0.6418799441600744,1
2020,01,011,0.5906530089628681,1
2020,01,013,0.6291777188328912,1
2020,01,015,0.5785633227417158,1
2020,01,017,0.5852575148382155,1
2020,01,019,0.5951136913401064,1
2020,01,021,0.5950693374422188,1
2020,01,023,0.7328424153166421,1
2020,01,025,0.7029702970297029,1
2020,01,027,0.6641111643507427,1
2020,01,029,0.6314547837483617,1
2020,01,031,0.572107358417876,1
2020,01,033,0.6482854818086714,1
2020,01,035,0.6660806618407445,1
2020,01,037,0.6170045045045045,1
2020,01,039,0.6034273844555998,1
2020,01,041,0.6251299008030231,1
2020,01,043,0.6578277271298334,1
2020,01,045,0.5293108071869134,1
2020,01,047,0.6218973020017406,1
2020,01,049,0.588532477947073,1
2020,01,051,0.6574793686403333,1
2020,01,053,0.5592267135325132,1
2020,01,055,0.6033881163084703,1
2020,01,057,0.6795348837209302,1
2020,01,059,0.572899111819631,1
2020,01,061,0.614800294045577,1
2020,01,063,0.7414596273291926,1
2020,01,065,0.6978798586572438,1
2020,01,067,0.6877218934911242,1
2020,01,069,0.5784278108362042,1
2020,01,071,0.5843985659537644,1
2020,01,073,0.6601258065496389,1
2020,01,075,0.6703634669151911,1
2020,01,077,0.6044441415036467,1
2020,01,079,0.6257220921155348,1
2020,01,081,0.5774823196605375,1
2020,01,083,0.6695451145712926,1
2020,01,085,0.8917155903457273,1
2020,01,087,0.5736928641894113,1
2020,01,089,0.6989664453615647,1
2020,01,091,0.7463197535090722,1
2020,01,093,0.5908001711596064,1
2020,01,095,0.5907194994786236,1
2020,01,097,0.5874595080021809,1
2020,01,099,0.6508846857840146,1
2020,01,101,0.5920160038218082,1
2020,01,103,0.6081276884763414,1
2020,01,105,0.7355836849507735,1
2020,01,107,0.6257605177993527,1
2020,01,109,0.5328585178055822,1
2020,01,111,0.6103632779498733,1
2020,01,113,0.4925866050808314,1
2020,01,115,0.6530639235855988,1
2020,01,117,0.7174957867798515,1
2020,01,119,0.6338539042821159,1
2020,01,121,0.5727155933836519,1
2020,01,123,0.6615505830444375,1
2020,01,125,0.5620994888417903,1
2020,01,127,0.6343101343101343,1
2020,01,129,0.6918160561184723,1
2020,01,131,0.737875,1
2020,01,133,0.6065036280569739,1
2020,02,013,NA,NA
2020,02,016,NA,NA
2020,02,020,NA,NA
2020,02,050,NA,NA
2020,02,060,NA,NA
2020,02,063,NA,NA
2020,02,066,NA,NA
2020,02,068,NA,NA
2020,02,070,NA,NA
2020,02,090,NA,NA
2020,02,100,NA,NA
2020,02,105,NA,NA
2020,02,110,NA,NA
2020,02,122,NA,NA
2020,02,130,NA,NA
2020,02,150,NA,NA
2020,02,158,NA,NA
2020,02,164,NA,NA
2020,02,170,NA,NA
2020,02,180,NA,NA
2020,02,185,NA,NA
2020,02,188,NA,NA
2020,02,195,NA,NA
2020,02,198,NA,NA
2020,02,220,NA,NA
2020,02,230,NA,NA
2020,02,240,NA,NA
2020,02,275,NA,NA
2020,02,282,NA,NA
2020,02,290,NA,NA
2020,04,001,0.6753456221198156,1
2020,04,003,0.6401059041567382,1
2020,04,005,0.6651416122004358,1
2020,04,007,0.6534845263406568,1
2020,04,009,0.5447774750227067,1
2020,04,011,0.5483630952380952,1
2020,04,012,0.4583896742470805,1
2020,04,013,0.6856082028569439,1
2020,04,015,0.6208066429418743,1
2020,04,017,0.6491973915224479,1
2020,04,019,0.6829356955380578,1
2020,04,021,0.5675615967598416,1
2020,04,023,0.6909026673732556,1
2020,04,025,0.7584853700516351,1
2020,04,027,0.535343011452867,1
2020,05,001,0.4629874908020603,1
2020,05,003,0.5268195413758724,1
2020,05,005,0.6143295803480041,1
2020,05,007,0.6606357776431051,1
2020,05,009,0.59382373351839,1
2020,05,011,0.47640156453715776,1
2020,05,013,0.5220095693779905,1
2020,05,015,0.5811330049261084,1
2020,05,017,0.5177287066246057,1
2020,05,019,0.472558401350971,1
2020,05,021,0.4508916920400174,1
2020,05,023,0.6311597809855649,1
2020,05,025,0.5773857257417803,1
2020,05,027,0.4668653481441344,1
2020,05,029,0.5465701699181875,1
2020,05,031,0.4864649782100676,1
2020,05,033,0.5191466436806379,1
2020,05,035,0.4719434832756632,1
2020,05,037,0.5618777822743828,1
2020,05,039,0.47430617726051927,1
2020,05,041,0.5035066505441355,1
2020,05,043,0.4864788732394366,1
2020,05,045,0.585940359565077,1
2020,05,047,0.5222710622710622,1
2020,05,049,0.5266460905349795,1
2020,05,051,0.5770104438642297,1
2020,05,053,0.5873925501432665,1
2020,05,055,0.4741569724635547,1
2020,05,057,0.4509713533091867,1
2020,05,059,0.47763408139977176,1
2020,05,061,0.5294633077765608,1
2020,05,063,0.5205164992826399,1
2020,05,065,0.5201432408236347,1
2020,05,067,0.3775305895439377,1
2020,05,069,0.4774720060732587,1
2020,05,071,0.513961038961039,1
2020,05,073,0.4998134328358209,1
2020,05,075,0.4572209211553474,1
2020,05,077,0.39418685121107266,1
2020,05,079,0.35730751498386354,1
2020,05,081,0.5403966597077244,1
2020,05,083,0.4894376673609045,1
2020,05,085,0.5704558139534883,1
2020,05,087,0.5942603071948261,1
2020,05,089,0.5559836976658021,1
2020,05,091,0.505010693553315,1
2020,05,093,0.4107154742096506,1
2020,05,095,0.5186003683241253,1
2020,05,097,0.5447257383966245,1
2020,05,099,0.5263322884012539,1
2020,05,101,0.6438003220611916,1
2020,05,103,0.5300853289292595,1
2020,05,105,0.5765732087227414,1
2020,05,107,0.4625416821044831,1
2020,05,109,0.524521309450278,1
2020,05,111,0.4199329983249581,1
2020,05,113,0.5711402623612513,1
2020,05,115,0.5172983273343214,1
2020,05,117,0.54186046511627906,1
2020,05,119,0.5866114418845457,1
2020,05,121,0.5060921248142645,1
2020,05,123,0.36943866943866943,1
2020,05,125,0.6279241538970345,1
2020,05,127,0.45760309278350514,1
2020,05,129,0.6359177215189873,1
2020,05,131,0.5150786713286714,1
2020,05,133,0.5155599603567889,1
2020,05,135,0.5565281353438765,1
2020,05,137,0.5885034687809713,1
2020,05,139,0.5689277149708805,1
2020,05,141,0.5921122487675389,1
2020,05,143,0.5798843503937008,1
2020,05,145,0.5245859872611465,1
2020,05,147,0.4874015748031496,1
2020,05,149,0.4556269009800608,1
2020,06,001,0.7058904410955891,1
2020,06,003,0.8372881355932204,2
2020,06,005,0.6936401803763023,1
2020,06,007,0.5972963483146068,1
2020,06,009,0.7267959866220736,1
2020,06,011,0.6288309636650868,1
2020,06,013,0.751078523208114,1
2020,06,015,0.5584105314480741,1
2020,06,017,0.7980145644407804,1
2020,06,019,0.604552570761164,1
2020,06,021,0.6468365302032637,1
2020,06,023,0.6438137099036753,1
2020,06,025,0.5487452250858276,1
2020,06,027,0.698379970544919,1
2020,06,029,0.5762618445392427,1
2020,06,031,0.4705106200386183,1
2020,06,033,0.5992512479201331,1
2020,06,035,0.48976506639427986,1
2020,06,037,0.669692115615651,1
2020,06,039,0.5755972147830745,1
2020,06,041,0.8403483700488041,1
2020,06,043,0.730892285815855,1
2020,06,045,0.6946069396586265,1
2020,06,047,0.5951235541535226,1
2020,06,049,0.6386764705882353,1
2020,06,051,0.661561119293078,1
2020,06,053,0.6923008700059127,1
2020,06,055,0.749883074364704,1
2020,06,057,0.8125745121415574,1
2020,06,059,0.7267207608516612,1
2020,06,061,0.8081959604641169,1
2020,06,063,0.7288025889967638,1
2020,06,065,0.6271224175340399,1
2020,06,067,0.680924466517233,1
2020,06,069,0.7265625,1
2020,06,071,0.6077199573722523,1
2020,06,073,0.6976440286435257,1
2020,06,075,0.6795976527188319,1
2020,06,077,0.6168181137884586,1
2020,06,079,0.72496765847348,1
2020,06,081,0.740233590790866,1
2020,06,083,0.7056053535264595,1
2020,06,085,0.7253930763983629,1
2020,06,087,0.7454489307496333,1
2020,06,089,0.6832083517129833,1
2020,06,091,0.7930184804928131,1
2020,06,093,0.69290036900369,1
2020,06,095,0.6575229152693941,1
2020,06,097,0.7515145573963337,1
2020,06,099,0.6252661585897958,1
2020,06,101,0.6865330435482573,1
2020,06,103,0.6185360602798708,1
2020,06,105,0.6100389863547758,1
2020,06,107,0.5625837833697193,1
2020,06,109,0.6847877491273505,1
2020,06,111,0.7419088811489433,1
2020,06,113,0.6559293467268927,1
2020,06,115,0.5688430698739977,1
2020,08,001,0.7158754157846992,1
2020,08,003,0.679251848629839,1
2020,08,005,0.7784006668519033,1
2020,08,007,0.832407828857533,1
2020,08,009,0.8180147058823529,1
2020,08,011,0.4858974358974359,1
2020,08,013,0.8361840236926448,1
2020,08,014,0.9138154027042916,1
2020,08,015,0.8266345284724315,1
2020,08,017,0.8383763837638376,2
2020,08,019,0.8299112801013941,1
2020,08,021,0.7294612794612795,1
2020,08,023,0.6933774834437086,1
2020,08,025,0.36649214659685864,1
2020,08,027,0.8717026378896883,1
2020,08,029,0.8047361861238056,1
2020,08,031,0.7511591756549271,1
2020,08,033,0.905625,2
2020,08,035,0.9471628667825376,1
2020,08,037,0.7693729372937294,1
2020,08,039,0.9337432365961632,1
2020,08,041,0.7287488097871563,1
2020,08,043,0.6472584525769279,1
2020,08,045,0.7981404958677686,1
2020,08,047,0.8414070351758794,1
2020,08,049,0.7896,1
2020,08,051,0.8070681572304363,1
2020,08,053,0.950375939849624,2
2020,08,055,0.7805137289636846,1
2020,08,057,0.7856502242152467,2
2020,08,059,0.8402257773621455,1
2020,08,061,0.86,2
2020,08,063,0.7575342465753425,1
2020,08,065,0.6612687813021703,1
2020,08,067,0.7910179640718563,1
2020,08,069,0.823576056829237,1
2020,08,071,0.7004839419269687,1
2020,08,073,0.6136574074074074,1
2020,08,075,0.5977298524404087,1
2020,08,077,0.7758818493150685,1
2020,08,079,1,2
2020,08,081,0.7603896103896104,1
2020,08,083,0.7728745948641237,1
2020,08,085,0.7812539184952978,1
2020,08,087,0.7291246684350132,1
2020,08,089,0.7082840236686391,1
2020,08,091,0.9745454545454544,1
2020,08,093,0.7968233387358185,1
2020,08,095,0.9203703703703704,2
2020,08,097,0.8507292778370686,1
2020,08,099,0.67,1
2020,08,101,0.6948184286107724,1
2020,08,103,0.7778714436248683,1
2020,08,105,0.7707823960880196,1
2020,08,107,0.830511811023622,1
2020,08,109,0.6730883813306852,1
2020,08,111,1,3
2020,08,113,0.8228617106314948,1
2020,08,115,0.8844036697247707,1
2020,08,117,0.7748008385744235,1
2020,08,119,0.8287181996086106,1
2020,08,121,0.8096904441453566,1
2020,08,123,0.7704595791805094,1
2020,08,125,0.7657186779400461,1
2020,09,001,0.7409900865855189,1
2020,09,003,0.6877047988551925,1
2020,09,005,0.7528719941195001,1
2020,09,007,0.7671629094002552,1
2020,09,009,0.6569787180535035,1
2020,09,011,0.6773933718278422,1
2020,09,013,0.6741334669673432,1
2020,09,015,0.629210758377425,1
2020,10,001,0.6513847305389222,1
2020,10,003,0.700988241028453,1
2020,10,005,0.7216894021814936,1
2020,11,001,0.6521585152218171,1
2020,12,001,0.6897912786901105,1
2020,12,003,0.6457969683050069,1
2020,12,005,0.680024854709602,1
2020,12,007,0.6190735694822889,1
2020,12,009,0.7684086092503648,1
2020,12,011,0.737027944311474,1
2020,12,013,0.5818992420864914,1
2020,12,015,0.739723414401526,1
2020,12,017,0.7549957474383379,1
2020,12,019,0.7747952542584,1
2020,12,021,0.7764688299800109,1
2020,12,023,0.6069434239529757,1
2020,12,027,0.4794167771255444,1
2020,12,029,0.6085692995529061,1
2020,12,031,0.7103148579211738,1
2020,12,033,0.6983174505584588,1
2020,12,035,0.7959600443951166,1
2020,12,037,0.6985211626721061,1
2020,12,039,0.689653170802496,1
2020,12,041,0.7002892263195951,1
2020,12,043,0.47338195077484047,1
2020,12,045,0.6543486973947896,1
2020,12,047,0.516157591854803,1
2020,12,049,0.4574123989218329,1
2020,12,051,0.5341589267285862,1
2020,12,053,0.7176071416806667,1
2020,12,055,0.6435973353071799,1
2020,12,057,0.7012082955843542,1
2020,12,059,0.5882581900746027,1
2020,12,061,0.7809340703356565,1
2020,12,063,0.5912963207173941,1
2020,12,065,0.7272805507745267,1
2020,12,067,0.5584732824427481,1
2020,12,069,0.7694498051924408,1
2020,12,071,0.6956458007717644,1
2020,12,073,0.7106269763384582,1
2020,12,075,0.7183426443202979,1
2020,12,077,0.5318894697535475,1
2020,12,079,0.637444784233775,1
2020,12,081,0.7297120947127674,1
2020,12,083,0.7196718136521295,1
2020,12,085,0.7737753742456306,1
2020,12,086,0.7163302206920467,1
2020,12,087,0.8415067893123084,1
2020,12,089,0.8697278911564625,1
2020,12,091,0.750285290609587,1
2020,12,093,0.5295054762694988,1
2020,12,095,0.6890637971773421,1
2020,12,097,0.7103147141209425,1
2020,12,099,0.739181521370218,1
2020,12,101,0.7361710426875351,1
2020,12,103,0.7245032683968675,1
2020,12,105,0.6674691063945631,1
2020,12,107,0.6487069734260745,1
2020,12,109,0.9109626840652963,1
2020,12,111,0.7262369764204665,1
2020,12,113,0.7797564354991614,1
2020,12,115,0.7781404578396411,1
2020,12,117,0.7538332586672832,1
2020,12,119,0.7828092598078632,1
2020,12,121,0.6291305646847923,1
2020,12,123,0.5882660470519896,1
2020,12,125,0.5104209235798938,1
2020,12,127,0.7051838429249719,1
2020,12,129,0.7190466888064075,1
2020,12,131,0.7955409955409956,1
2020,12,133,0.6233628318584071,1
2020,13,001,0.6283239171374765,1
2020,13,003,0.6049856184084372,1
2020,13,005,0.5795158286778399,1
2020,13,007,0.6257545271629779,1
2020,13,009,0.505988355974494,1
2020,13,011,0.6277460770328103,1
2020,13,013,0.665105673945453,1
2020,13,015,0.6479265631018103,1
2020,13,017,0.5333333333333333,1
2020,13,019,0.5407122905027933,1
2020,13,021,0.6219703957482321,1
2020,13,023,0.5577712609970674,1
2020,13,025,0.5449173408371438,1
2020,13,027,0.6009310198899703,1
2020,13,029,0.8100208768267223,1
2020,13,031,0.4980794701986755,1
2020,13,033,0.646731234866828,1
2020,13,035,0.6157991106460895,1
2020,13,037,0.43967935871743485,1
2020,13,039,0.594503701844648,1
2020,13,043,0.583794466403162,1
2020,13,045,0.6254190585533869,1
2020,13,047,0.6372665949750709,1
2020,13,049,0.4673490276356193,1
2020,13,051,0.61012918714988,1
2020,13,053,0.1942295887047268,1
2020,13,055,0.5401773716742811,1
2020,13,057,0.8068748433103986,1
2020,13,059,0.5261685116851168,1
2020,13,061,0.6141327623126338,1
2020,13,063,0.5926566786241824,1
2020,13,065,0.5862845445240532,1
2020,13,067,0.7527524733546814,1
2020,13,069,0.4916464695427371,1
2020,13,071,0.5264484451718494,1
2020,13,073,0.7272144758810523,1
2020,13,075,0.5612285600319107,1
2020,13,077,0.7280216134230733,1
2020,13,079,0.6264887063655031,1
2020,13,081,0.4752586461720366,1
2020,13,083,0.5742757821552723,1
2020,13,085,0.8024451097804391,1
2020,13,087,0.5942754919499106,1
2020,13,089,0.7098901098901099,1
2020,13,091,0.48849878934624696,1
2020,13,093,0.3793900184842883,1
2020,13,095,0.5319523952997891,1
2020,13,097,0.6768575206935397,1
2020,13,099,0.6807086614173228,1
2020,13,101,0.5012173913043478,1
2020,13,103,0.7053960451346218,1
2020,13,105,0.6200811359026369,1
2020,13,107,0.5749470499243571,1
2020,13,109,0.5700671140939597,1
2020,13,111,0.695387497073285,1
2020,13,113,0.8713749697409828,1
2020,13,115,0.589664448534617,1
2020,13,117,0.8590838122446268,1
2020,13,119,0.6119954519613416,1
2020,13,121,0.6966750322006666,1
2020,13,123,0.6902673350041771,1
2020,13,125,0.6735483870967742,1
2020,13,127,0.6532441263419947,1
2020,13,129,0.5947290274684484,1
2020,13,131,0.6160529344073647,1
2020,13,133,0.8033571428571429,1
2020,13,135,0.735930081618863,1
2020,13,137,0.6213167097460849,1
2020,13,139,0.7029001824746671,1
2020,13,141,0.5605652759084792,1
2020,13,143,0.6355040142729705,1
2020,13,145,0.739996298352767,1
2020,13,147,0.6234141562576537,1
2020,13,149,0.6010033444816053,1
2020,13,151,0.7420918984280532,1
2020,13,153,0.6666933974873028,1
2020,13,155,0.5682344921608725,1
2020,13,157,0.736965665655874,1
2020,13,159,0.7235210601041173,1
2020,13,161,0.5246363636363637,1
2020,13,163,0.6570937231298366,1
2020,13,165,0.5183795948987246,1
2020,13,167,0.5219605346912795,1
2020,13,169,0.6847860901395562,1
2020,13,171,0.6111561866125761,1
2020,13,173,0.44477611940298506,1
2020,13,175,0.6430612533597397,1
2020,13,177,0.7695211786372007,1
2020,13,179,0.49678318429915225,1
2020,13,181,0.744,1
2020,13,183,0.42005198663200893,1
2020,13,185,0.5361748886704065,1
2020,13,187,0.5858543945680875,1
2020,13,189,0.6610812519759722,1
2020,13,191,0.5643489254108723,1
2020,13,193,0.4448473282442748,1
2020,13,195,0.6692204301075269,1
2020,13,197,0.56625,1
2020,13,199,0.6586133817741447,1
2020,13,201,0.6465222348916762,1
2020,13,205,0.5357441721458458,1
2020,13,207,0.7282578234469874,1
2020,13,209,0.5657631954350927,1
2020,13,211,0.8158188153310104,1
2020,13,213,0.5496071428571428,1
2020,13,215,0.5625886215206231,1
2020,13,217,0.6929287767486426,1
2020,13,219,0.9054865983090484,1
2020,13,221,0.6988397077782552,1
2020,13,223,0.7266808510638297,1
2020,13,225,0.5989496299832896,1
2020,13,227,0.6789369297897659,1
2020,13,229,0.636734693877551,1
2020,13,231,0.7578649699540474,1
2020,13,233,0.5891974263460887,1
2020,13,235,0.4440919037199125,1
2020,13,237,0.6922627737226278,1
2020,13,239,0.5790575916230366,2
2020,13,241,0.7142963792459873,1
2020,13,243,0.609920634920635,1
2020,13,245,0.5691039895356442,1
2020,13,247,0.6895455597561917,1
2020,13,249,0.5694618272841051,1
2020,13,251,0.6019981834695731,1
2020,13,253,0.5970791698693313,1
2020,13,255,0.6062606945143433,1
2020,13,257,0.5955900776747682,1
2020,13,259,0.5057179161372299,1
2020,13,261,0.5498981670061099,1
2020,13,263,0.6779595765158807,1
2020,13,265,0.6925373134328359,2
2020,13,267,0.4309110057925224,1
2020,13,269,0.6040912667191188,1
2020,13,271,0.37097602739726027,1
2020,13,273,0.6883865939204988,1
2020,13,275,0.6561477255667317,1
2020,13,277,0.5609025146400276,1
2020,13,279,0.5792993630573249,1
2020,13,281,0.7773015099853873,1
2020,13,283,0.6099108027750247,1
2020,13,285,0.5840427599611273,1
2020,13,287,0.6465473145780051,1
2020,13,289,0.6815950920245398,1
2020,13,291,0.7817131374026627,1
2020,13,293,0.64525,1
2020,13,295,0.5442981642870387,1
2020,13,297,0.7452596266044341,1
2020,13,299,0.5281726832899144,1
2020,13,301,0.6403381642512077,1
2020,13,303,0.6017175572519083,1
2020,13,305,0.5763644564727108,1
2020,13,307,0.6932668329177057,1
2020,13,309,0.3504601226993865,1
2020,13,311,0.6108431251288394,1
2020,13,313,0.5673743534316374,1
2020,13,315,0.4814380044020543,1
2020,13,317,0.6691949434464405,1
2020,13,319,0.7082405345211581,1
2020,13,321,0.5917782026768642,1
2020,15,001,0.6020843332190606,1
2020,15,003,0.5420924574209246,1
2020,15,005,NA,NA
2020,15,007,0.6475978733687772,1
2020,15,009,0.6039102346140769,1
2020,16,001,0.7455742228481913,1
2020,16,003,0.743103448275862,1
2020,16,005,0.6339637762461933,1
2020,16,007,0.7508493771234428,1
2020,16,009,0.6994374120956399,1
2020,16,011,0.6513355048859935,1
2020,16,013,0.8371023622047244,1
2020,16,015,0.767515923566879,1
2020,16,017,0.7718480869687986,1
2020,16,019,0.6927320546539226,1
2020,16,021,0.6918356164383561,1
2020,16,023,0.6936274509803921,1
2020,16,025,0.9308641975308642,2
2020,16,027,0.5991186508067989,1
2020,16,029,0.7124087591240876,1
2020,16,031,0.648854447439353,1
2020,16,033,0.6760869565217391,2
2020,16,035,0.6254777070063694,1
2020,16,037,0.8020497803806735,1
2020,16,039,0.5385224274406333,1
2020,16,041,0.7287042099507928,1
2020,16,043,0.7347184253690541,1
2020,16,045,0.7569745343975675,1
2020,16,047,0.6279190451478983,1
2020,16,049,0.7244058845718597,1
2020,16,051,0.7564985321590606,1
2020,16,053,0.576957163958641,1
2020,16,055,0.7256042173560422,1
2020,16,057,0.653015873015873,1
2020,16,059,0.7385814497272019,1
2020,16,061,0.6317567567567568,1
2020,16,063,0.6178343949044586,1
2020,16,065,0.6125648827635582,1
2020,16,067,0.6193723363037582,1
2020,16,069,0.6618371212121212,1
2020,16,071,0.808910891089109,1
2020,16,073,0.6021587301587301,1
2020,16,075,0.6835956416464891,1
2020,16,077,0.6610752688172044,1
2020,16,079,0.6015912481352561,1
2020,16,081,0.7702669902912621,1
2020,16,083,0.62781217750258,1
2020,16,085,0.7685527747551687,1
2020,16,087,0.7280653950953678,1
2020,17,001,0.662850929221036,1
2020,17,003,0.563010752688172,1
2020,17,005,0.6149490373725934,1
2020,17,007,0.6690504888174635,1
2020,17,009,0.46989748369058715,1
2020,17,011,0.6905921964745494,1
2020,17,013,0.7313984168865435,1
2020,17,015,0.6914261094355881,1
2020,17,017,0.6367664670658683,1
2020,17,019,0.6171840031137491,1
2020,17,021,0.6245519367893622,1
2020,17,023,0.6948856548856549,1
2020,17,025,0.6757605495583906,1
2020,17,027,0.6547131147540983,1
2020,17,029,0.5465006648132479,1
2020,17,031,0.6537601644618731,1
2020,17,033,0.6247928405701028,1
2020,17,035,0.7026506024096385,1
2020,17,037,0.6118467344719504,1
2020,17,039,0.6574354772634167,1
2020,17,041,0.6068055555555556,1
2020,17,043,0.7471587102338798,1
2020,17,045,0.5932681867535288,1
2020,17,047,0.68,1
2020,17,049,0.740485908649174,1
2020,17,051,0.5966182141797686,1
2020,17,053,0.6884158415841584,1
2020,17,055,0.6213844870725604,1
2020,17,057,0.6034008683068017,1
2020,17,059,0.6804071246819339,1
2020,17,061,0.6078086871644705,1
2020,17,063,0.7175,1
2020,17,065,0.6795275590551181,1
2020,17,067,0.667829181494662,1
2020,17,069,0.6492492492492492,1
2020,17,071,0.6649042844120329,1
2020,17,073,0.6788930084745762,1
2020,17,075,0.6681753215817056,1
2020,17,077,0.504860646599777,1
2020,17,079,0.7638356164383562,1
2020,17,081,0.596435915010281,1
2020,17,083,0.6922006378660481,1
2020,17,085,0.7294804436660829,1
2020,17,087,0.6433783108445777,1
2020,17,089,0.6621434078643023,1
2020,17,091,0.6082271923944177,1
2020,17,093,0.7474034698288451,1
2020,17,095,0.5931821094450852,1
2020,17,097,0.7069686263724639,1
2020,17,099,0.6404660890349567,1
2020,17,101,0.5054000788332677,1
2020,17,103,0.6065100795265397,1
2020,17,105,0.62,1
2020,17,107,0.5767462039045553,1
2020,17,109,0.4998982706002035,1
2020,17,111,0.733961841633823,1
2020,17,113,0.6745125402178548,1
2020,17,115,0.6144563324210003,1
2020,17,117,0.6772483789117564,1
2020,17,119,0.6706227536125577,1
2020,17,121,0.607763272410792,1
2020,17,123,0.6952799121844128,1
2020,17,125,0.6335205992509363,1
2020,17,127,0.6282157676348548,1
2020,17,129,0.7311873350923482,1
2020,17,131,0.7367854183927092,1
2020,17,133,0.7922082787038771,1
2020,17,135,0.6039155301363837,1
2020,17,137,0.5630378815741082,1
2020,17,139,0.6235783633841886,1
2020,17,141,0.6850586701434159,1
2020,17,143,0.6292233337079914,1
2020,17,145,0.5948520710059172,1
2020,17,147,0.7776722090261282,1
2020,17,149,0.6602159468438539,1
2020,17,151,0.613540197461213,1
2020,17,153,0.6195985832349469,1
2020,17,155,0.7417943107221007,1
2020,17,157,0.5839607843137254,1
2020,17,159,0.6750104646295522,1
2020,17,161,0.634400836263423,1
2020,17,163,0.6526431100807581,1
2020,17,165,0.5965498652291105,1
2020,17,167,0.6996059573899686,1
2020,17,169,0.6925531914893617,1
2020,17,171,0.7045045045045045,1
2020,17,173,0.7157988165680473,1
2020,17,175,0.6888888888888889,1
2020,17,177,0.6344748201438849,1
2020,17,179,0.681154130702836,1
2020,17,181,0.678838808250573,1
2020,17,183,0.5454451256368189,1
2020,17,185,0.6388349514563106,1
2020,17,187,0.6171673819742489,1
2020,17,189,0.720656634746922,1
2020,17,191,0.6761752988047809,1
2020,17,193,0.6903255813953488,1
2020,17,195,0.645789101203114,1
2020,17,197,0.7119236719958741,1
2020,17,199,0.6501738794435857,1
2020,17,201,0.6225000609295411,1
2020,17,203,0.7389070849853474,1
2020,18,001,0.5877559462254395,1
2020,18,003,0.6331473506833927,1
2020,18,005,0.6352559607293128,1
2020,18,007,0.6403112840466926,1
2020,18,009,0.5791125541125541,1
2020,18,011,0.8064482361561813,1
2020,18,013,0.7266181229773463,1
2020,18,015,0.614961139896373,1
2020,18,017,0.560191669738297,1
2020,18,019,0.6539978527434028,1
2020,18,021,0.6118204488778055,1
2020,18,023,0.5891264786169245,1
2020,18,025,0.6014598540145986,1
2020,18,027,0.5220087336244541,1
2020,18,029,0.6637813807531381,1
2020,18,031,0.6175923598894194,1
2020,18,033,0.6027329955473668,1
2020,18,035,0.5230193184284784,1
2020,18,037,0.7019184265677898,1
2020,18,039,0.5354664555139649,1
2020,18,041,0.567048951048951,1
2020,18,043,0.7017290582507973,1
2020,18,045,0.6290665616384403,1
2020,18,047,0.6946454413892909,1
2020,18,049,0.614098690835851,1
2020,18,051,0.638018160284248,1
2020,18,053,0.5244062560339834,1
2020,18,055,0.5905332534451767,1
2020,18,057,0.844538766270515,1
2020,18,059,0.7397172901223927,1
2020,18,061,0.654357316087308,1
2020,18,063,0.7249754259501966,1
2020,18,065,0.5521134155946442,1
2020,18,067,0.6443581000713663,1
2020,18,069,0.6315621679064825,1
2020,18,071,0.6032612104107871,1
2020,18,073,0.6119019375247133,1
2020,18,075,0.5499512512187196,1
2020,18,077,0.5797633136094674,1
2020,18,079,0.5822718631178707,1
2020,18,081,0.6785679940551645,1
2020,18,083,0.5592385609500524,1
2020,18,085,0.619098693884612,1
2020,18,087,0.4053755242089211,1
2020,18,089,0.6135367707563354,1
2020,18,091,0.583864294580058,1
2020,18,093,0.5955247132134258,1
2020,18,095,0.5179817981798179,1
2020,18,097,0.5844737967192457,1
2020,18,099,0.6019332427125812,1
2020,18,101,0.6507273877292853,1
2020,18,103,0.5214555935867411,1
2020,18,105,0.5437489237127605,1
2020,18,107,0.5933413834742108,1
2020,18,109,0.6709156693570832,1
2020,18,111,0.6182926829268293,1
2020,18,113,0.5605374616620418,1
2020,18,115,0.6487341772151899,1
2020,18,117,0.587624750499002,1
2020,18,119,0.6040866117718817,1
2020,18,121,0.5359572029040887,1
2020,18,123,0.5812729090303232,1
2020,18,125,0.6455630513751947,1
2020,18,127,0.6672502892402622,1
2020,18,129,0.6691607684529828,1
2020,18,131,0.6035343035343035,1
2020,18,133,0.5625148279952551,1
2020,18,135,0.5930886686311277,1
2020,18,137,0.6639218422889044,1
2020,18,139,0.6165565487757482,1
2020,18,141,0.5827606260588131,1
2020,18,143,0.5528548123980425,1
2020,18,145,0.5934689030725843,1
2020,18,147,0.6811511701454775,1
2020,18,149,0.5893470790378007,1
2020,18,151,0.5940819702260614,1
2020,18,153,0.5419704730340464,1
2020,18,155,0.5147459727385378,1
2020,18,157,0.5196974105324411,1
2020,18,159,0.6854729729729729,1
2020,18,161,0.6292682926829268,1
2020,18,163,0.5571961543980485,1
2020,18,165,0.6239366138448708,1
2020,18,167,0.5227725146900108,1
2020,18,169,0.5940900754024863,1
2020,18,171,0.6938712179984484,1
2020,18,173,0.728994720396509,1
2020,18,175,0.564735985112817,1
2020,18,177,0.5466377011948257,1
2020,18,179,0.6728927203065134,1
2020,18,181,0.6269511510387423,1
2020,18,183,0.676271186440678,1
2020,19,001,0.7636197440585009,1
2020,19,003,0.7513043478260869,1
2020,19,005,0.7226874391431354,1
2020,19,007,0.6759336099585063,1
2020,19,009,0.7835051546391752,1
2020,19,011,0.7508717948717949,1
2020,19,013,0.6752484283106874,1
2020,19,015,0.7473812423873325,1
2020,19,017,0.7562256303613205,1
2020,19,019,0.6980239714933593,1
2020,19,021,0.6713522400328812,1
2020,19,023,0.7253022839229736,1
2020,19,025,0.6973474801061008,1
2020,19,027,0.7444991789819376,1
2020,19,029,0.7272363818090954,1
2020,19,031,0.7510877192982456,1
2020,19,033,0.7106897581367573,1
2020,19,035,0.7381653454133635,1
2020,19,037,0.733923630326508,1
2020,19,039,0.6980568011958147,1
2020,19,041,0.7256472491909385,1
2020,19,043,0.7054411764705882,1
2020,19,045,0.6896773292359268,1
2020,19,047,0.6524395804833562,1
2020,19,049,0.9022708970848768,1
2020,19,051,0.6480252764612954,1
2020,19,053,0.6272052761747733,1
2020,19,055,0.768870099923136,1
2020,19,057,0.6677597456918186,1
2020,19,059,0.8174482006543076,1
2020,19,061,0.7314975583288117,1
2020,19,063,0.6835211267605634,1
2020,19,065,0.6683727034120734,1
2020,19,067,0.663253509496284,1
2020,19,069,0.6941813261163735,1
2020,19,071,0.7175813953488372,1
2020,19,073,0.737709700948213,1
2020,19,075,0.774866879659212,1
2020,19,077,0.7793272171253822,1
2020,19,079,0.7069870939029818,1
2020,19,081,0.7467634603750756,1
2020,19,083,0.6869698127627054,1
2020,19,085,0.7526534379326257,1
2020,19,087,0.6545573770491804,1
2020,19,089,0.7280469897209986,1
2020,19,091,0.7492264416315049,1
2020,19,093,0.7488326848249027,1
2020,19,095,0.7869143780290792,1
2020,19,097,0.7420859713428857,1
2020,19,099,0.711832128372421,1
2020,19,101,0.6902157164869029,1
2020,19,103,0.7613474372361193,1
2020,19,105,0.6836080870917574,1
2020,19,107,0.6824967824967825,1
2020,19,109,0.7918118466898955,1
2020,19,111,0.633144154370034,1
2020,19,113,0.7588140739417754,1
2020,19,115,0.6685893416927899,1
2020,19,117,0.7200622083981337,1
2020,19,119,0.826369656833233,1
2020,19,121,0.8082270670505964,1
2020,19,123,0.674792899408284,1
2020,19,125,0.762418235877106,1
2020,19,127,0.6774747852073216,1
2020,19,129,0.7246275197195443,1
2020,19,131,0.7236793039154754,1
2020,19,133,0.6887108521485797,1
2020,19,135,0.687636669470143,1
2020,19,137,0.6927178153446034,1
2020,19,139,0.6753021888271806,1
2020,19,141,0.7278072289156626,1
2020,19,143,0.7503945885005637,1
2020,19,145,0.6234368530020704,1
2020,19,147,0.7318081180811808,1
2020,19,149,0.7740316421167485,1
2020,19,151,0.7444985394352482,1
2020,19,153,0.7535090273733256,1
2020,19,155,0.6567695620961953,1
2020,19,157,0.7022160664819944,1
2020,19,159,0.7355013550135502,1
2020,19,161,0.7424547283702213,1
2020,19,163,0.7205867475973697,1
2020,19,165,0.7669300225733634,1
2020,19,167,0.7880455015511892,1
2020,19,169,0.6849818816266273,1
2020,19,171,0.7258724428399519,1
2020,19,173,0.7117196056955093,1
2020,19,175,0.6548438327157226,1
2020,19,177,0.696875,1
2020,19,179,0.6076967930029155,1
2020,19,181,0.8147788423677648,1
2020,19,183,0.7296124031007752,1
2020,19,185,0.653838065194532,1
2020,19,187,0.636841164909773,1
2020,19,189,0.7356746765249538,1
2020,19,191,0.7481550387596899,1
2020,19,193,0.6332821443529247,1
2020,19,195,0.7507221750212404,1
2020,19,197,0.6724731182795699,1
2020,20,001,0.6198842714360863,1
2020,20,003,0.6521066208082545,1
2020,20,005,0.6024291497975709,1
2020,20,007,0.7022488755622189,1
2020,20,009,0.5836392239119035,1
2020,20,011,0.6207345420734542,1
2020,20,013,0.6292751583391978,1
2020,20,015,0.663199755276843,1
2020,20,017,0.7436408977556109,1
2020,20,019,0.636504854368932,1
2020,20,021,0.6017139090309822,1
2020,20,023,0.7074257425742574,1
2020,20,025,0.7042904290429043,1
2020,20,027,0.6827755102040817,1
2020,20,029,0.6439577039274924,1
2020,20,031,0.7061098221191029,1
2020,20,033,0.6519572953736655,2
2020,20,035,0.5415144596651446,1
2020,20,037,0.5562238930659983,1
2020,20,039,0.66875,1
2020,20,041,0.6625797306874557,1
2020,20,043,0.6090311986863711,1
2020,20,045,0.6321521542793391,1
2020,20,047,0.7084158415841584,1
2020,20,049,0.6997429305912597,1
2020,20,051,0.6235878897424311,1
2020,20,053,0.5763636363636364,1
2020,20,055,0.5559481743227326,1
2020,20,057,0.4974888392857143,1
2020,20,059,0.6464766839378239,1
2020,20,061,0.43334837545126353,1
2020,20,063,0.7264197530864197,1
2020,20,065,0.6874035989717223,1
2020,20,067,0.592654028436019,1
2020,20,069,0.599737876802097,1
2020,20,071,0.8062893081761007,2
2020,20,073,0.6539851222104145,1
2020,20,075,0.6092198581560284,2
2020,20,077,0.6628712871287129,1
2020,20,079,0.6793171114599686,1
2020,20,081,0.5911949685534591,1
2020,20,083,0.7333333333333333,2
2020,20,085,0.6677484787018255,1
2020,20,087,0.6711492281303602,1
2020,20,089,0.7171806167400882,1
2020,20,091,0.8106510395386572,1
2020,20,093,0.5866935483870968,1
2020,20,095,0.7166969147005444,1
2020,20,097,0.6213333333333333,1
2020,20,099,0.5663359788359789,1
2020,20,101,0.7782608695652173,2
2020,20,103,0.5963392711227324,1
2020,20,105,0.6880174291938997,1
2020,20,107,0.6714570858283433,1
2020,20,109,0.7060532687651332,1
2020,20,111,0.587607645452636,1
2020,20,113,0.6583675330597355,1
2020,20,115,0.6570967741935484,1
2020,20,117,0.6943652410047522,1
2020,20,119,0.6541218637992832,1
2020,20,121,0.7077135529690274,1
2020,20,123,0.6604898828541002,1
2020,20,125,0.5531932426864442,1
2020,20,127,0.6718424101969872,1
2020,20,129,0.6423592493297587,1
2020,20,131,0.7675894665766374,1
2020,20,133,0.5818104906937395,1
2020,20,135,0.7086651053864169,1
2020,20,137,0.5609756097560976,1
2020,20,139,0.6637752994630318,1
2020,20,141,0.705989110707804,1
2020,20,143,0.7170786516853933,1
2020,20,145,0.5034926470588236,1
2020,20,147,0.6816176470588236,1
2020,20,149,0.7771309771309771,1
2020,20,151,0.6030612244897959,1
2020,20,153,0.7833333333333333,1
2020,20,155,0.5881077667859398,1
2020,20,157,0.7380555555555556,1
2020,20,159,0.6049019607843137,1
2020,20,161,0.4297959532143772,1
2020,20,163,0.7001297016861219,1
2020,20,165,0.7244060475161987,1
2020,20,167,0.65046904315197,1
2020,20,169,0.6049568434032059,1
2020,20,171,0.7321928460342146,1
2020,20,173,0.6200293816004657,1
2020,20,175,0.4803992740471869,1
2020,20,177,0.6505430242272348,1
2020,20,179,0.7768817204301075,1
2020,20,181,0.6114349775784753,1
2020,20,183,0.7418118466898954,1
2020,20,185,0.6814070351758794,1
2020,20,187,0.5726937269372694,2
2020,20,189,0.573728813559322,1
2020,20,191,0.6347952367121696,1
2020,20,193,0.6655021834061136,1
2020,20,195,0.7164835164835165,1
2020,20,197,0.7453677172874881,1
2020,20,199,0.7142857142857143,1
2020,20,201,0.6989090909090909,1
2020,20,203,0.656271186440678,2
2020,20,205,0.6032036613272311,1
2020,20,207,0.6147117296222664,1
2020,20,209,0.564266905152283,1
2020,21,001,0.571810766721044,1
2020,21,003,0.5883129123468426,1
2020,21,005,0.7738164815897136,1
2020,21,007,0.678714859437751,1
2020,21,009,0.6069915254237288,1
2020,21,011,0.6109663409337677,1
2020,21,013,0.48218915026404224,1
2020,21,015,0.7129485677776595,1
2020,21,017,0.6489232839838492,1
2020,21,019,0.5886286719913362,1
2020,21,021,0.6114539306846999,1
2020,21,023,0.6720506730007918,1
2020,21,025,0.558284023668639,1
2020,21,027,0.6547030497592295,1
2020,21,029,0.6699233716475096,1
2020,21,031,0.6363825363825364,1
2020,21,033,0.6592820512820513,1
2020,21,035,0.5593394260060927,1
2020,21,037,0.6678930452027628,1
2020,21,039,0.7227397260273972,1
2020,21,041,0.5264162953532782,1
2020,21,043,0.5621057738961669,1
2020,21,045,0.5885104636848585,1
2020,21,047,0.46557409033265046,1
2020,21,049,0.6527907814187973,1
2020,21,051,0.4815989847715736,1
2020,21,053,0.6278803309993635,1
2020,21,055,0.6143374366401159,1
2020,21,057,0.6406582768635044,1
2020,21,059,0.6599651521243801,1
2020,21,061,0.6205465587044534,1
2020,21,063,0.4897792313982011,1
2020,21,065,0.5884788478847884,1
2020,21,067,0.6481722073621194,1
2020,21,069,0.6444140446876425,1
2020,21,071,0.583443354148082,1
2020,21,073,0.6716237113402062,1
2020,21,075,0.5091482649842272,1
2020,21,077,0.5953596287703016,1
2020,21,079,0.6449055205631715,1
2020,21,081,0.6070511068597978,1
2020,21,083,0.6163708801159,1
2020,21,085,0.6041341063776153,1
2020,21,087,0.6769947582993594,1
2020,21,089,0.6571221981200289,1
2020,21,091,0.6981735159817352,1
2020,21,093,0.6019432999200541,1
2020,21,095,0.5429844097995545,1
2020,21,097,0.6143650242886884,1
2020,21,099,0.593335696561503,1
2020,21,101,0.5935446851240855,1
2020,21,103,0.671665285832643,1
2020,21,105,0.6159663865546219,1
2020,21,107,0.6235396434265835,1
2020,21,109,0.5894889103182257,1
2020,21,111,0.6782187870537086,1
2020,21,113,0.6678794046558962,1
2020,21,115,0.5898148148148148,1
2020,21,117,0.6646806443778839,1
2020,21,119,0.5222222222222223,1
2020,21,121,0.5596879612059877,1
2020,21,123,0.6785315985130111,1
2020,21,125,0.6037172324881822,1
2020,21,127,0.589157136806438,1
2020,21,129,0.47482142857142856,1
2020,21,131,0.6051572327044025,1
2020,21,133,0.5324978140483824,1
2020,21,135,0.5692307692307692,1
2020,21,137,0.589413988657845,1
2020,21,139,0.6967966573816156,1
2020,21,141,0.602979242979243,1
2020,21,143,0.6065997130559541,1
2020,21,145,0.6614246250986583,1
2020,21,147,0.4789728321548195,1
2020,21,149,0.6855913978494623,1
2020,21,151,0.6114623955431755,1
2020,21,153,0.5738672286617492,1
2020,21,155,0.619784796945505,1
2020,21,157,0.709288736651219,1
2020,21,159,0.4299781181619256,1
2020,21,161,0.6114483288513254,1
2020,21,163,0.645618851521391,1
2020,21,165,0.6082352941176471,1
2020,21,167,0.7118592659993934,1
2020,21,169,0.6521795705920624,1
2020,21,171,0.6596534653465347,1
2020,21,173,0.6036679990594874,1
2020,21,175,0.5148837209302326,1
2020,21,177,0.5874896779521057,1
2020,21,179,0.6669057524028117,1
2020,21,181,0.6180163785259327,1
2020,21,183,0.6230123180291154,1
2020,21,185,0.7800143929269044,1
2020,21,187,0.6475964391691394,1
2020,21,189,0.530812324929972,1
2020,21,191,0.6199641897940913,1
2020,21,193,0.5310966449674511,1
2020,21,195,0.5469009378031692,1
2020,21,197,0.5983695652173913,1
2020,21,199,0.6348666331152492,1
2020,21,201,0.7095975232198143,1
2020,21,203,0.5943489881634212,1
2020,21,205,0.5167223221166196,1
2020,21,207,0.6584898710865562,1
2020,21,209,0.7068733976315468,1
2020,21,211,0.6678581560283688,1
2020,21,213,0.6362112932604735,1
2020,21,215,0.7860385144429161,1
2020,21,217,0.6389172625127681,1
2020,21,219,0.6066893424036282,1
2020,21,221,0.6541019955654102,1
2020,21,223,0.6644615384615384,1
2020,21,225,0.5582342954159593,1
2020,21,227,0.5843644425675676,1
2020,21,229,0.6827207899067471,1
2020,21,231,0.5816808309726157,1
2020,21,233,0.6198654940506984,1
2020,21,235,0.5714764475889034,1
2020,21,237,0.5406533575317605,1
2020,21,239,0.7778573254922014,1
2020,22,001,0.6209721463681048,1
2020,22,003,0.5251605995717344,1
2020,22,005,0.7002415594629515,1
2020,22,007,0.6503617945007236,1
2020,22,009,0.5613374452199318,1
2020,22,011,0.5879583033788641,1
2020,22,013,0.685131195335277,1
2020,22,015,0.5848582129481006,1
2020,22,017,0.5739011515002325,1
2020,22,019,0.5536148411077253,1
2020,22,021,0.6216710182767624,1
2020,22,023,0.7649621212121213,1
2020,22,025,0.6490313961255845,1
2020,22,027,0.5081081081081081,1
2020,22,029,0.6038303693570451,1
2020,22,031,0.7099975909419417,1
2020,22,033,0.6323011738978572,1
2020,22,035,0.5804971319311664,1
2020,22,037,0.6674499841219435,1
2020,22,039,0.6391042919344806,1
2020,22,041,0.6497326203208557,1
2020,22,043,0.5465231306371836,1
2020,22,045,0.6376181658707728,1
2020,22,047,0.6505447470817121,1
2020,22,049,0.617725617159045,1
2020,22,051,0.6251770818206754,1
2020,22,053,0.6368161338768504,1
2020,22,055,0.6354687456649003,1
2020,22,057,0.6157644824311491,1
2020,22,059,0.6313113291703836,1
2020,22,061,0.526423596886522,1
2020,22,063,0.6372917786136486,1
2020,22,065,0.5556216537775134,1
2020,22,067,0.6069218668065024,1
2020,22,069,0.5633486472690148,1
2020,22,071,0.5869001254208198,1
2020,22,073,0.6016265820032184,1
2020,22,075,0.6494103773584906,1
2020,22,077,0.7300678666273237,1
2020,22,079,0.6098420098420099,1
2020,22,081,0.6401239349341595,1
2020,22,083,0.6398455101383972,1
2020,22,085,0.5812397147558969,1
2020,22,087,0.5326693828278256,1
2020,22,089,0.7254388196387688,1
2020,22,091,0.7775252525252525,1
2020,22,093,0.7762022194821209,1
2020,22,095,0.6736445073078736,1
2020,22,097,0.6842464045224042,1
2020,22,099,0.6735085315730477,1
2020,22,101,0.6286024129049749,1
2020,22,103,0.7309006494692089,1
2020,22,105,0.581905338581088,1
2020,22,107,0.7533923303834809,1
2020,22,109,0.5701954497811209,1
2020,22,111,0.6565650644783119,1
2020,22,113,0.6224145785876993,1
2020,22,115,0.47316070694615703,1
2020,22,117,0.5582320125876127,1
2020,22,119,0.6100468854655057,1
2020,22,121,0.70485,1
2020,22,123,0.6003565062388592,1
2020,22,125,0.4960823110407598,1
2020,22,127,0.5585464333781965,1
2020,23,001,0.715063542733241,1
2020,23,003,0.6676500414861252,1
2020,23,005,0.8409769917582418,1
2020,23,007,0.7218621821164889,1
2020,23,009,0.7993726193143625,1
2020,23,011,0.745304321051011,1
2020,23,013,0.8038289331480624,1
2020,23,015,0.8430035335689046,1
2020,23,017,0.7228992944194996,1
2020,23,019,0.7048527004909984,1
2020,23,021,0.7222543352601156,1
2020,23,023,0.8531271960646521,1
2020,23,025,0.6864425563354267,1
2020,23,027,0.7700940438871473,1
2020,23,029,0.7057642096806588,1
2020,23,031,0.7960755725654578,1
2020,24,001,0.5277017135968312,1
2020,24,003,0.723573264781491,1
2020,24,005,0.6802888832416569,1
2020,24,009,0.7020656136087485,1
2020,24,011,0.6518365662401981,1
2020,24,013,0.777758827861545,1
2020,24,015,0.6090728264356753,1
2020,24,017,0.7502556794366669,1
2020,24,019,0.6507942973523422,1
2020,24,021,0.7847749932632714,1
2020,24,023,0.6603637901861252,1
2020,24,025,0.7638059893819906,1
2020,24,027,0.8280351004161389,1
2020,24,029,0.6833808167141501,1
2020,24,031,0.792267957072244,1
2020,24,033,0.7067429655074898,1
2020,24,035,0.7869576513380099,1
2020,24,037,0.6688093235612159,1
2020,24,039,0.4856185690356545,1
2020,24,041,0.7770887166236004,1
2020,24,043,0.591930483385005,1
2020,24,045,0.6071067323481116,1
2020,24,047,0.7615282950859065,1
2020,24,510,0.52358965878397,1
2020,25,001,0.8714347338452247,1
2020,25,003,0.7020541915289054,1
2020,25,005,0.6632189326796153,1
2020,25,007,0.9496864625599408,1
2020,25,009,0.7473887099329355,1
2020,25,011,0.7543062620592879,1
2020,25,013,0.6247237744924666,1
2020,25,015,0.6742900763358779,1
2020,25,017,0.7672186847760377,1
2020,25,019,0.873051754907793,1
2020,25,021,0.8058382998745295,1
2020,25,023,0.7794136507040809,1
2020,25,025,0.6076670120275688,1
2020,25,027,0.7117018491245295,1
2020,26,001,0.7840177580466149,1
2020,26,003,0.6707652060170046,1
2020,26,005,0.7742210939303024,1
2020,26,007,0.7408426107836716,1
2020,26,009,0.8438624338624339,1
2020,26,011,0.7214869281045752,1
2020,26,013,0.5916483516483516,1
2020,26,015,0.7637736651776218,1
2020,26,017,0.7341903253320337,1
2020,26,019,0.8512322110378341,1
2020,26,021,0.7080697834307322,1
2020,26,023,0.6367751937984496,1
2020,26,025,0.6586277140159984,1
2020,26,027,0.6473086419753087,1
2020,26,029,0.8070258723000238,1
2020,26,031,0.7513257575757576,1
2020,26,033,0.588164694115686,1
2020,26,035,0.6652093973442288,1
2020,26,037,0.7952049112327858,1
2020,26,039,0.6965883916703589,1
2020,26,041,0.7381259815041005,1
2020,26,043,0.720800395256917,1
2020,26,045,0.7574119863416932,1
2020,26,047,0.8345061147695202,1
2020,26,049,0.7109797812715798,1
2020,26,051,0.7146072914117935,1
2020,26,053,0.6698541329011345,1
2020,26,055,0.8240782543265613,1
2020,26,057,0.5891575542892346,1
2020,26,059,0.6554711673699015,1
2020,26,061,0.6727636363636363,1
2020,26,063,0.738070456365092,1
2020,26,065,0.6610568678114924,1
2020,26,067,0.649375,1
2020,26,069,0.7370112736867355,1
2020,26,071,0.7355362946912243,1
2020,26,073,0.5159768502279902,1
2020,26,075,0.6602784469031968,1
2020,26,077,0.7185790159334603,1
2020,26,079,0.7598999285203717,1
2020,26,081,0.7737765347563785,1
2020,26,083,0.8771830985915493,1
2020,26,085,0.64323499491353,1
2020,26,087,0.767101333139069,1
2020,26,089,0.9433435668434274,1
2020,26,091,0.6984428160167495,1
2020,26,093,0.8564012792459182,1
2020,26,095,0.578784956605593,1
2020,26,097,0.7940011318619129,1
2020,26,099,0.750875060768109,1
2020,26,101,0.7287419194430631,1
2020,26,103,0.6943193401908998,1
2020,26,105,0.7539436311994756,1
2020,26,107,0.5986632536973834,1
2020,26,109,0.6765226723906628,1
2020,26,111,0.762887559250913,1
2020,26,113,0.760642919200695,1
2020,26,115,0.7470255443168181,1
2020,26,117,0.6553695385871784,1
2020,26,119,0.7411764705882353,1
2020,26,121,0.6995648719209959,1
2020,26,123,0.7300362854455046,1
2020,26,125,0.8326003663934027,1
2020,26,127,0.7257806451612904,1
2020,26,129,0.7031000885739592,1
2020,26,131,0.7458823529411764,1
2020,26,133,0.684564131038312,1
2020,26,135,0.730187265917603,1
2020,26,137,0.7640176028993011,1
2020,26,139,0.7876056206526306,1
2020,26,141,0.7849482596425211,1
2020,26,143,0.7442021803766105,1
2020,26,145,0.6969384314518848,1
2020,26,147,0.7393807974942778,1
2020,26,149,0.629260051807636,1
2020,26,151,0.7002339728591483,1
2020,26,153,0.7129977460555973,1
2020,26,155,0.7333644947181452,1
2020,26,157,0.7054384283660757,1
2020,26,159,0.7024363930594264,1
2020,26,161,0.7789723746963017,1
2020,26,163,0.6834130350491723,1
2020,26,165,0.7151527016444792,1
2020,27,001,0.7606221547799696,1
2020,27,003,0.8132503900005777,1
2020,27,005,0.7537296037296037,1
2020,27,007,0.6983975747076656,1
2020,27,009,0.7574004763525009,1
2020,27,011,0.7684754521963825,1
2020,27,013,0.6933551303009905,1
2020,27,015,0.7555498193082085,1
2020,27,017,0.7435298412119,1
2020,27,019,0.8998101694915254,1
2020,27,021,0.7883189655172413,1
2020,27,023,0.7633949191685913,1
2020,27,025,0.809033465948982,1
2020,27,027,0.683536520725114,1
2020,27,029,0.708502633559067,1
2020,27,031,0.8719358533791524,1
2020,27,033,0.7581626319056487,1
2020,27,035,0.7942467378410439,1
2020,27,037,0.8590769129979036,1
2020,27,039,0.8116550116550116,1
2020,27,041,0.8156962025316455,1
2020,27,043,0.7537142857142857,1
2020,27,045,0.7730659025787966,1
2020,27,047,0.7392527472527473,1
2020,27,049,0.8112181303116147,1
2020,27,051,0.8013157894736842,1
2020,27,053,0.8321250880591757,1
2020,27,055,0.7876075731497418,1
2020,27,057,0.7761149356480096,1
2020,27,059,0.803414553290237,1
2020,27,061,0.7454673028346899,1
2020,27,063,0.7651545036160421,1
2020,27,065,0.7268580416830515,1
2020,27,067,0.7600260204911368,1
2020,27,069,0.7948795180722892,1
2020,27,071,0.7030980192991366,1
2020,27,073,0.7680608365019012,1
2020,27,075,0.8292458261370178,1
2020,27,077,0.8040066777963272,1
2020,27,079,0.7901338971106413,1
2020,27,081,0.7269544924154026,1
2020,27,083,0.7076289791437981,1
2020,27,085,0.7760148285449491,1
2020,27,087,0.6103311258278146,1
2020,27,089,0.7131101813110181,1
2020,27,091,0.7148701298701299,1
2020,27,093,0.7797694524495677,1
2020,27,095,0.7498213374170495,1
2020,27,097,0.7796691249750847,1
2020,27,099,0.7108212382877089,1
2020,27,101,0.7759112519809825,1
2020,27,103,0.7409918636187525,1
2020,27,105,0.664,1
2020,27,107,0.7058461538461539,1
2020,27,109,0.8215489728952218,1
2020,27,111,0.808327781479014,1
2020,27,113,0.6797758056982718,1
2020,27,115,0.6835113199487398,1
2020,27,117,0.7588325652841782,1
2020,27,119,0.6678372591006424,1
2020,27,121,0.8006841505131129,1
2020,27,123,0.762257590975817,1
2020,27,125,0.7283582089552239,1
2020,27,127,0.7308337009263344,1
2020,27,129,0.7419443176631675,1
2020,27,131,0.7305220061412487,1
2020,27,133,0.7485714285714286,1
2020,27,135,0.7419383259911895,1
2020,27,137,0.747349005877204,1
2020,27,139,0.8546514452271071,1
2020,27,141,0.8010370903853079,1
2020,27,143,0.7771954022988505,1
2020,27,145,0.719306426996778,1
2020,27,147,0.7901271503365744,1
2020,27,149,0.6937244201909959,1
2020,27,151,0.7429184549356224,1
2020,27,153,0.728006589785832,1
2020,27,155,0.7155470249520154,1
2020,27,157,0.7827617059349836,1
2020,27,159,0.7673163418290855,1
2020,27,161,0.7471413160733549,1
2020,27,163,0.8763451029844472,1
2020,27,165,0.7052203389830508,1
2020,27,167,0.7014314928425358,1
2020,27,169,0.6685447164472875,1
2020,27,171,0.8485715756421476,1
2020,27,173,0.7480378890392422,1
2020,28,001,0.6100199512303258,1
2020,28,003,0.557957957957958,1
2020,28,005,0.7369175627240143,1
2020,28,007,0.647559633027523,1
2020,28,009,0.6901045856798069,1
2020,28,011,0.5934369602763385,1
2020,28,013,0.6164639850327409,1
2020,28,015,0.7051329622758195,1
2020,28,017,0.6461111111111111,1
2020,28,019,0.6577881619937694,1
2020,28,021,0.6337606837606837,1
2020,28,023,0.6876701030927835,1
2020,28,025,0.6799466132799467,1
2020,28,027,0.5152121212121212,1
2020,28,029,0.5960212815174647,1
2020,28,031,0.6621860629642731,1
2020,28,033,0.5768936379826456,1
2020,28,035,0.5598514326140785,1
2020,28,037,0.7554614733276884,1
2020,28,039,0.633907056798623,1
2020,28,041,0.5371534195933456,1
2020,28,043,0.6907882241215575,1
2020,28,045,0.5598984771573604,1
2020,28,047,0.4936990942855281,1
2020,28,049,0.566800816233987,1
2020,28,051,0.625674633770239,1
2020,28,053,0.7016750418760469,1
2020,28,055,0.6407582938388625,2
2020,28,057,0.5913637605903252,1
2020,28,059,0.5051681022506251,1
2020,28,061,0.6859835100117786,1
2020,28,063,0.7086128739800543,1
2020,28,065,0.6945779765231973,1
2020,28,067,0.6042369477911647,1
2020,28,069,0.5924859110832812,1
2020,28,071,0.5470107426436245,1
2020,28,073,0.6137685843568197,1
2020,28,075,0.5475205887506571,1
2020,28,077,0.6983104540654699,1
2020,28,079,0.5537165212157689,1
2020,28,081,0.5897542291733163,1
2020,28,083,0.5281454545454546,1
2020,28,085,0.6459438677431757,1
2020,28,087,0.614227733934611,1
2020,28,089,0.729789029535865,1
2020,28,091,0.6439450026441037,1
2020,28,093,0.572768422958537,1
2020,28,095,0.6282854022570077,1
2020,28,097,0.6655737704918033,1
2020,28,099,0.5600861450107681,1
2020,28,101,0.6396356783919598,1
2020,28,103,0.6771084337349398,1
2020,28,105,0.5020200736882225,1
2020,28,107,0.6176679841897234,1
2020,28,109,0.5620439663236669,1
2020,28,111,0.6413008130081301,1
2020,28,113,0.598619261304798,1
2020,28,115,0.6338998013683513,1
2020,28,117,0.5571316409316933,1
2020,28,119,0.5985157699443414,1
2020,28,121,0.605648894222527,1
2020,28,123,0.54788157223073,1
2020,28,125,0.6487369985141159,1
2020,28,127,0.5783162016642193,1
2020,28,129,0.6850678733031674,1
2020,28,131,0.5520672740014015,1
2020,28,133,0.48308383233532937,1
2020,28,135,0.5140144665461122,1
2020,28,137,0.6048972048972049,1
2020,28,139,0.6135438809596113,1
2020,28,141,0.6120562625586068,1
2020,28,143,0.5147398843930636,1
2020,28,145,0.6081515224166867,1
2020,28,147,0.6454215775158658,1
2020,28,149,0.6068021328721718,1
2020,28,151,0.5402940294029402,1
2020,28,153,0.665079365079365,1
2020,28,155,0.727088948787062,1
2020,28,157,0.6002909090909091,1
2020,28,159,0.6601858470335954,1
2020,28,161,0.6864495798319328,1
2020,28,163,0.5010081613058089,1
2020,29,001,0.5214934409687184,1
2020,29,003,0.7234421364985163,1
2020,29,005,0.6780722891566265,1
2020,29,007,0.5509824198552223,1
2020,29,009,0.5822321761851437,1
2020,29,011,0.6835770528683914,1
2020,29,013,0.6773440643863179,1
2020,29,015,0.6603214623384809,1
2020,29,017,0.6274777136864185,1
2020,29,019,0.6680442588114603,1
2020,29,021,0.5499323816679189,1
2020,29,023,0.5615539390187277,1
2020,29,025,0.6805232558139535,1
2020,29,027,0.6006818181818182,1
2020,29,029,0.666183380319506,1
2020,29,031,0.665423644913786,1
2020,29,033,0.6719051148999259,1
2020,29,035,0.6290988056460369,1
2020,29,037,0.7293146160198183,1
2020,29,039,0.6629647058823529,1
2020,29,041,0.7108979947689625,1
2020,29,043,0.7309456928838951,1
2020,29,045,0.6508149568552253,1
2020,29,047,0.6927695675971538,1
2020,29,049,0.6981724911830715,1
2020,29,051,0.6771563169164883,1
2020,29,053,0.6384869629085568,1
2020,29,055,0.5949037679587964,1
2020,29,057,0.6876460767946577,1
2020,29,059,0.6378591105863833,1
2020,29,061,0.6380097879282218,1
2020,29,063,0.4954475703324808,1
2020,29,065,0.5974069427017984,1
2020,29,067,0.6779661016949152,1
2020,29,069,0.4873246024321796,1
2020,29,071,0.6786978508217446,1
2020,29,073,0.6818416523235801,1
2020,29,075,0.666735324407827,1
2020,29,077,0.6254410726887791,1
2020,29,079,0.6082248115147362,1
2020,29,081,0.6077839555202542,1
2020,29,083,0.6415700267618198,1
2020,29,085,0.645079365079365,1
2020,29,087,0.6742446043165468,1
2020,29,089,0.6490758444869343,1
2020,29,091,0.6164270368534127,1
2020,29,093,0.5714996888612321,1
2020,29,095,0.38114994275512776,1
2020,29,097,0.5997479665482873,1
2020,29,099,0.6807934655775962,1
2020,29,101,0.5570464948205252,1
2020,29,103,0.6211055276381909,1
2020,29,105,0.6277757009345795,1
2020,29,107,0.6793467436765585,1
2020,29,109,0.6446444644464446,1
2020,29,111,0.6060486522024984,1
2020,29,113,0.6784662146364274,1
2020,29,115,0.6261344997266266,1
2020,29,117,0.5768672641912078,1
2020,29,119,0.5814386640976237,1
2020,29,121,0.6790294627383016,1
2020,29,123,0.608686327077748,1
2020,29,125,0.6914492753623188,1
2020,29,127,0.6151152073732719,1
2020,29,129,0.6564575645756457,1
2020,29,131,0.6450638187027872,1
2020,29,133,0.4568683957732949,1
2020,29,135,0.6052431289640592,1
2020,29,137,0.66513353115727,1
2020,29,139,0.6559090909090909,1
2020,29,141,0.6038828771483131,1
2020,29,143,0.5492424242424242,1
2020,29,145,0.6554747894311758,1
2020,29,147,0.5376630434782609,1
2020,29,149,0.5811158798283261,1
2020,29,151,0.7190271816881258,1
2020,29,153,0.6590785907859079,1
2020,29,155,0.4759336099585062,1
2020,29,157,0.6499484004127967,1
2020,29,159,0.6331896551724138,1
2020,29,161,0.5790205651723628,1
2020,29,163,0.5494466262049268,1
2020,29,165,0.7494111489138969,1
2020,29,167,0.6138549307253464,1
2020,29,169,0.3631187807028593,1
2020,29,171,0.6468493150684932,1
2020,29,173,0.7037911746426352,1
2020,29,175,0.5566839378238342,1
2020,29,177,0.6598130841121496,1
2020,29,179,0.6473012757605495,1
2020,29,181,0.5491834774255524,1
2020,29,183,0.7428547529025998,1
2020,29,185,0.6588079470198676,1
2020,29,186,0.6769450392576731,1
2020,29,187,0.5376019967361044,1
2020,29,189,0.7180329404836,1
2020,29,195,0.5602707474985286,1
2020,29,197,0.5934814814814815,1
2020,29,199,0.569296987087518,1
2020,29,201,0.6083776824034335,1
2020,29,203,0.6079377431906615,1
2020,29,205,0.7386990077177509,1
2020,29,207,0.5884724961648039,1
2020,29,209,0.700246258761129,1
2020,29,211,0.5412924424972618,1
2020,29,213,0.6087298830612481,1
2020,29,215,0.56575,1
2020,29,217,0.5921985815602837,1
2020,29,219,0.6880733944954128,1
2020,29,221,0.5258829731154454,1
2020,29,223,0.5649207111965401,1
2020,29,225,0.662749250044115,1
2020,29,227,0.700632911392405,1
2020,29,229,0.6454209748892171,1
2020,29,510,0.5671609541160022,1
2020,30,001,0.7271676300578035,1
2020,30,003,0.5451851851851852,1
2020,30,005,0.6667379679144385,1
2020,30,007,0.8438722966014418,1
2020,30,009,0.8064036592338479,1
2020,30,011,0.8228571428571428,2
2020,30,013,0.6358201817312291,1
2020,30,015,0.6753986332574032,1
2020,30,017,0.6457300275482094,1
2020,30,019,0.7567164179104477,1
2020,30,021,0.6952449567723343,1
2020,30,023,0.6278562259306804,1
2020,30,025,0.7342657342657343,1
2020,30,027,0.7432324386065106,1
2020,30,029,0.7592601976184444,1
2020,30,031,0.8098465400193964,1
2020,30,033,0.9975460122699388,2
2020,30,035,0.6039784946236559,1
2020,30,037,0.7507462686567165,2
2020,30,039,0.76996336996337,1
2020,30,041,0.610195412064571,1
2020,30,043,0.8625396825396825,1
2020,30,045,0.8727272727272727,1
2020,30,047,0.7261847564970517,1
2020,30,049,0.7888940737284181,1
2020,30,051,0.568503937007874,1
2020,30,053,0.7328134747348721,1
2020,30,055,0.7860627177700349,2
2020,30,057,0.867712045616536,1
2020,30,059,0.7762237762237763,2
2020,30,061,0.7322857142857143,1
2020,30,063,0.7506036745406824,1
2020,30,065,0.7755047106325706,1
2020,30,067,0.8573758339510749,1
2020,30,069,0.9157894736842104,2
2020,30,071,0.7861386138613862,1
2020,30,073,0.6760722347629797,1
2020,30,075,0.8352941176470589,1
2020,30,077,0.5392705682782019,1
2020,30,079,0.8651162790697674,2
2020,30,081,0.8155342583321413,1
2020,30,083,0.7158024691358025,1
2020,30,085,0.5498973305954825,1
2020,30,087,0.5831530139103555,1
2020,30,089,0.7898445595854923,1
2020,30,091,0.7718631178707225,1
2020,30,093,0.6792136876592646,1
2020,30,095,0.765752508361204,1
2020,30,097,0.8434482758620689,1
2020,30,099,0.7971830985915493,1
2020,30,101,0.5482535575679172,1
2020,30,103,0.8440366972477065,2
2020,30,105,0.743630017452007,1
2020,30,107,0.6319526627218935,1
2020,30,109,0.7766233766233767,2
2020,30,111,0.6897428512651718,1
2020,31,001,0.6352838807918207,1
2020,31,003,0.7567053854276663,1
2020,31,005,0.8738461538461538,2
2020,31,007,0.8817204301075269,2
2020,31,009,0.8342105263157895,2
2020,31,011,0.8082914572864321,1
2020,31,013,0.6672247263361236,1
2020,31,015,0.7560655737704918,1
2020,31,017,0.7614512471655329,1
2020,31,019,0.641179668388149,1
2020,31,021,0.7432270916334661,1
2020,31,023,0.7434710743801652,1
2020,31,025,0.7790010193679918,1
2020,31,027,0.7930158730158731,1
2020,31,029,0.7354243542435425,1
2020,31,031,0.7353603603603603,1
2020,31,033,0.6641114982578398,1
2020,31,035,0.7751633986928105,1
2020,31,037,0.724561403508772,1
2020,31,039,0.7003933910306845,1
2020,31,041,0.7394201110425663,1
2020,31,043,0.5682977833542451,1
2020,31,045,0.5841247342310418,1
2020,31,047,0.6235054347826087,1
2020,31,049,0.7267605633802817,1
2020,31,051,0.7736511919698871,1
2020,31,053,0.6468378689152933,1
2020,31,055,0.7063609505459216,1
2020,31,057,0.7212996389891697,2
2020,31,059,0.7090497737556561,1
2020,31,061,0.7168399168399169,1
2020,31,063,0.6857142857142857,1
2020,31,065,0.7214979195561719,1
2020,31,067,0.6689634330613479,1
2020,31,069,0.8184931506849316,1
2020,31,071,0.6595092024539877,1
2020,31,073,0.69875,1
2020,31,075,0.788235294117647,2
2020,31,077,0.6950276243093922,1
2020,31,079,0.6176105409856835,1
2020,31,081,0.7955427749820273,1
2020,31,083,0.7545988258317026,1
2020,31,085,0.7852941176470588,2
2020,31,087,0.6962085308056872,1
2020,31,089,0.7358139534883721,1
2020,31,091,0.7428571428571429,2
2020,31,093,0.7255958549222798,1
2020,31,095,0.671364046973803,1
2020,31,097,0.549691738594328,1
2020,31,099,0.7484942886812046,1
2020,31,101,0.6850863422291994,1
2020,31,103,0.7895522388059701,2
2020,31,105,0.6552447552447552,1
2020,31,107,0.7426086956521739,1
2020,31,109,0.6728495376856263,1
2020,31,111,0.6482379689276241,1
2020,31,113,0.72,2
2020,31,115,0.8107142857142857,2
2020,31,117,0.8162162162162162,2
2020,31,119,0.6411142740951606,1
2020,31,121,0.7166666666666667,1
2020,31,123,0.7316165951359085,1
2020,31,125,0.6708256880733945,1
2020,31,127,0.6269230769230769,1
2020,31,129,0.6968229954614221,1
2020,31,131,0.71991341991342,1
2020,31,133,0.6953771289537712,1
2020,31,135,0.7198135198135198,1
2020,31,137,0.7448327137546469,1
2020,31,139,0.7473880597014926,1
2020,31,141,0.6893776116120519,1
2020,31,143,0.7325699745547074,1
2020,31,145,0.6722564734895191,1
2020,31,147,0.6676375404530744,1
2020,31,149,0.7508928571428571,2
2020,31,151,0.6109052408681842,1
2020,31,153,0.7404457859298816,1
2020,31,155,0.7900124069478908,1
2020,31,157,0.5888465930719452,1
2020,31,159,0.6981290568919435,1
2020,31,161,0.6646766169154229,1
2020,31,163,0.7104602510460251,1
2020,31,165,0.7515463917525773,1
2020,31,167,0.7258323765786452,1
2020,31,169,0.7730220492866408,1
2020,31,171,0.9282608695652174,2
2020,31,173,0.5093099671412924,1
2020,31,175,0.7346938775510204,1
2020,31,177,0.8089279895731508,1
2020,31,179,0.5757368060315284,1
2020,31,181,0.688440366972477,1
2020,31,183,0.8436974789915966,2
2020,31,185,0.6878189696677901,1
2020,32,001,0.7108719646799116,1
2020,32,003,0.6539425896532243,1
2020,32,005,0.8706647952022457,1
2020,32,007,0.6037948576928365,1
2020,32,009,0.588957055214724,2
2020,32,011,0.7694656488549618,2
2020,32,013,0.6766216804527645,1
2020,32,015,0.7295514511873351,1
2020,32,017,0.5929696969696969,1
2020,32,019,0.7231818181818181,1
2020,32,021,0.6213618157543391,1
2020,32,023,0.7119091036611025,1
2020,32,027,0.4544564152791381,1
2020,32,029,0.874390243902439,1
2020,32,031,0.7591551417638375,1
2020,32,033,0.58721399730821,1
2020,32,510,0.7369347044975839,1
2020,33,001,0.7783274201723264,1
2020,33,003,0.8173453069258211,1
2020,33,005,0.7176241480038948,1
2020,33,007,0.6332438650306749,1
2020,33,009,0.7376939375299023,1
2020,33,011,0.7365129480801123,1
2020,33,013,0.7531449178128145,1
2020,33,015,0.8156484634636688,1
2020,33,017,0.7135889853105153,1
2020,33,019,0.7002728708889846,1
2020,34,001,0.7323222550532124,1
2020,34,003,0.7729584798010897,1
2020,34,005,0.7711614739232369,1
2020,34,007,0.7143481899414195,1
2020,34,009,0.7744246897014425,1
2020,34,011,0.5919097074026651,1
2020,34,013,0.6653134753959385,1
2020,34,015,0.7751195313026106,1
2020,34,017,0.6251876689020118,1
2020,34,019,0.875559943875695,1
2020,34,021,0.7042890470778249,1
2020,34,023,0.6865437340106549,1
2020,34,025,0.8188986097275759,1
2020,34,027,0.843576410906785,1
2020,34,029,0.7722151247583408,1
2020,34,031,0.7025863287322749,1
2020,34,033,0.7004336155275656,1
2020,34,035,0.8135297207388602,1
2020,34,037,0.7975337745942516,1
2020,34,039,0.7138874388024323,1
2020,34,041,0.7442091087169441,1
2020,35,001,0.637410938283994,1
2020,35,003,0.7740432612312812,1
2020,35,005,0.5116963064295486,1
2020,35,006,0.44693775100401606,1
2020,35,007,0.61956745623069,1
2020,35,009,0.4523288902201587,1
2020,35,011,0.7903508771929825,2
2020,35,013,0.56911369740376,1
2020,35,015,0.5759424603174603,1
2020,35,017,0.6710832171083218,1
2020,35,019,0.6192362093352193,1
2020,35,021,1,3
2020,35,023,0.6227129337539432,1
2020,35,025,0.5064891041162227,1
2020,35,027,0.6694381292627476,1
2020,35,028,0.8740135087095627,1
2020,35,029,0.5266818329541761,1
2020,35,031,0.5250470809792843,1
2020,35,033,0.6904884318766067,1
2020,35,035,0.4942545607045502,1
2020,35,037,0.6152501985702938,1
2020,35,039,0.5724909622998795,1
2020,35,041,0.5201101928374655,1
2020,35,043,0.7047960968424929,1
2020,35,045,0.5786975045648205,1
2020,35,047,0.5261692904403377,1
2020,35,049,0.7296095829636202,1
2020,35,051,0.6601887840088839,1
2020,35,053,0.5832993890020367,1
2020,35,055,0.6542650418888043,1
2020,35,057,0.6133951137320978,1
2020,35,059,0.5599374021909234,1
2020,35,061,0.5802606741573034,1
2020,36,001,0.6561372262154656,1
2020,36,003,0.570589841616603,1
2020,36,005,0.5047262752422085,1
2020,36,007,0.6273712464351618,1
2020,36,009,0.5911208642808913,1
2020,36,011,0.6016858990097389,1
2020,36,013,0.5965665236051502,1
2020,36,015,0.6117384271739967,1
2020,36,017,0.6014757177354441,1
2020,36,019,0.556828125,1
2020,36,021,0.74660406885759,1
2020,36,023,0.5736145683217607,1
2020,36,025,0.6324242839523092,1
2020,36,027,0.6758431965827179,1
2020,36,029,0.6736087368079005,1
2020,36,031,0.6372115856651939,1
2020,36,033,0.48610763454317896,1
2020,36,035,0.5667333725721012,1
2020,36,037,0.6510562990819599,1
2020,36,039,0.6529138731304797,1
2020,36,041,0.9097783572359844,1
2020,36,043,0.6092333058532564,1
2020,36,045,0.532894577949523,1
2020,36,047,0.5537385988977932,1
2020,36,049,0.645986124876115,1
2020,36,051,0.6234564254062038,1
2020,36,053,0.6060488149982314,1
2020,36,055,0.6766097089776727,1
2020,36,057,0.5673921751902791,1
2020,36,059,0.7604447099292461,1
2020,36,061,0.5913315825636832,1
2020,36,063,0.6350511718040331,1
2020,36,065,0.5836547291092745,1
2020,36,067,0.672936742472911,1
2020,36,069,0.6984597500726533,1
2020,36,071,0.6480508553800131,1
2020,36,073,0.5688460941139929,1
2020,36,075,0.5966713803981291,1
2020,36,077,0.5723585479618739,1
2020,36,079,0.7466324740180861,1
2020,36,081,0.5675796542363195,1
2020,36,083,0.6449068473263972,1
2020,36,085,0.6459903352998725,1
2020,36,087,0.7280207757231827,1
2020,36,089,0.5336830936099977,1
2020,36,091,0.7474591448399374,1
2020,36,093,0.6459659796906465,1
2020,36,095,0.6228087453220406,1
2020,36,097,0.6838101884159107,1
2020,36,099,0.579893008669987,1
2020,36,101,0.6318820892481152,1
2020,36,103,0.6998199379478467,1
2020,36,105,0.6237926136363636,1
2020,36,107,0.6614111154907371,1
2020,36,109,0.5748455152612196,1
2020,36,111,0.6934407120907068,1
2020,36,113,0.7040139278460199,1
2020,36,115,0.5745424969499797,1
2020,36,117,0.6417414849650848,1
2020,36,119,0.7001045011207366,1
2020,36,121,0.6106566368907694,1
2020,36,123,0.5623143080531665,1
2020,37,001,0.7134711805411676,1
2020,37,003,0.6968319559228651,1
2020,37,005,0.6842342342342342,1
2020,37,007,0.583476674485275,1
2020,37,009,0.7287557603686636,1
2020,37,011,0.6471433458775231,1
2020,37,013,0.7190873070091542,1
2020,37,015,0.6235705209656925,1
2020,37,017,0.6728880157170923,1
2020,37,019,0.7888636164814977,1
2020,37,021,0.7946928336038562,1
2020,37,023,0.627666760484098,1
2020,37,025,0.7881071632659922,1
2020,37,027,0.6702503912363067,1
2020,37,029,0.7304294478527608,1
2020,37,031,0.7578769858879915,1
2020,37,033,0.6623248145094807,1
2020,37,035,0.7103324960619865,1
2020,37,037,0.8950092081031308,1
2020,37,039,0.7018376068376069,1
2020,37,041,0.7066727190195189,1
2020,37,043,0.7612368856985091,1
2020,37,045,0.682559531728083,1
2020,37,047,0.6164568764568764,1
2020,37,049,0.6796669868715979,1
2020,37,051,0.6035932564912425,1
2020,37,053,0.7729535662996649,1
2020,37,055,0.8406591500433651,1
2020,37,057,0.7092752113466084,1
2020,37,059,0.7848372093023256,1
2020,37,061,0.5745541924876691,1
2020,37,063,0.7981810518843859,1
2020,37,065,0.6457229755417564,1
2020,37,067,0.7367669668350538,1
2020,37,069,0.7353282803425534,1
2020,37,071,0.6956453652954285,1
2020,37,073,0.6547149122807018,1
2020,37,075,0.705748865355522,1
2020,37,077,0.6854229934924078,1
2020,37,079,0.5661707632600259,1
2020,37,081,0.7349824964799194,1
2020,37,083,0.6546124523506989,1
2020,37,085,0.6135136557385676,1
2020,37,087,0.7317180616740088,1
2020,37,089,0.7593824623757428,1
2020,37,091,0.5674493062966915,1
2020,37,093,0.5752758208161638,1
2020,37,095,0.6566534914361001,1
2020,37,097,0.7820251327298422,1
2020,37,099,0.611093683159846,1
2020,37,101,0.7875039779357166,1
2020,37,103,0.7293729372937293,1
2020,37,105,0.6786290794244941,1
2020,37,107,0.6724819505266896,1
2020,37,109,0.7761514683153014,1
2020,37,111,0.6556363118141656,1
2020,37,113,0.7437432771602726,1
2020,37,115,0.7467732724157624,1
2020,37,117,0.71371656232214,1
2020,37,119,0.764011290681146,1
2020,37,121,0.7665112335735481,1
2020,37,123,0.6553940321346595,1
2020,37,125,0.7701009834334367,1
2020,37,127,0.7359003238068422,1
2020,37,129,0.7167790343627665,1
2020,37,131,0.6304957904583723,1
2020,37,133,0.48799189326127346,1
2020,37,135,0.7778265843056509,1
2020,37,137,0.7226325757575758,1
2020,37,139,0.6521468371025894,1
2020,37,141,0.7305751550138978,1
2020,37,143,0.6888173032673723,1
2020,37,145,0.7170132634681513,1
2020,37,147,0.6420778649461104,1
2020,37,149,0.731675547661338,1
2020,37,151,0.6987800228745711,1
2020,37,153,0.6131108814410158,1
2020,37,155,0.4968203832385765,1
2020,37,157,0.6763191399066346,1
2020,37,159,0.7005582860142195,1
2020,37,161,0.659433058800996,1
2020,37,163,0.6590213010938399,1
2020,37,165,0.5582845267334215,1
2020,37,167,0.7144300599936849,1
2020,37,169,0.7051028806584362,1
2020,37,171,0.6770396378083711,1
2020,37,173,0.6541416011105969,1
2020,37,175,0.7245738636363637,1
2020,37,177,0.5456456456456457,1
2020,37,179,0.8087098765432099,1
2020,37,181,0.6434502834380267,1
2020,37,183,0.8311966795808694,1
2020,37,185,0.6467483506126296,1
2020,37,187,0.6708108108108108,1
2020,37,189,0.6813279763163459,1
2020,37,191,0.6278559719631451,1
2020,37,193,0.6706249409095206,1
2020,37,195,0.6805045105245573,1
2020,37,197,0.7067399787158567,1
2020,37,199,0.7949579831932773,1
2020,38,001,0.7356521739130435,1
2020,38,003,0.6640811455847255,1
2020,38,005,0.4348115299334811,1
2020,38,007,0.9407407407407408,2
2020,38,009,0.7005045408678103,1
2020,38,011,0.7157667386609071,1
2020,38,013,0.7310126582278481,1
2020,38,015,0.704853829595167,1
2020,38,017,0.652163698370595,1
2020,38,019,0.6789915966386555,1
2020,38,021,0.6677685950413224,1
2020,38,023,0.673389355742297,1
2020,38,025,0.7227202472952087,1
2020,38,027,0.7185185185185186,1
2020,38,029,0.7726923076923077,1
2020,38,031,0.7083665338645418,1
2020,38,033,0.7149825783972126,1
2020,38,035,0.5815416392826964,1
2020,38,037,0.7736694677871149,1
2020,38,039,0.6775067750677507,1
2020,38,041,0.6495049504950495,1
2020,38,043,0.7704485488126649,1
2020,38,045,0.6848765432098766,1
2020,38,047,0.7658362989323844,1
2020,38,049,0.6801812004530011,1
2020,38,051,0.7046004842615012,1
2020,38,053,0.5789529914529915,1
2020,38,055,0.7511533242876527,1
2020,38,057,0.7281931464174455,1
2020,38,059,0.6965213746856664,1
2020,38,061,0.5686006825938567,1
2020,38,063,0.7880266075388027,1
2020,38,065,0.7276450511945393,1
2020,38,067,0.6273069679849341,1
2020,38,069,0.6777070063694267,1
2020,38,071,0.6181818181818182,1
2020,38,073,0.6158092848180677,1
2020,38,075,0.7327777777777778,1
2020,38,077,0.6177935943060499,1
2020,38,079,0.40042105263157896,1
2020,38,081,0.667741935483871,1
2020,38,083,0.7518518518518519,1
2020,38,085,0.41982300884955753,1
2020,38,087,0.7,2
2020,38,089,0.672926447574335,1
2020,38,091,0.7716312056737589,1
2020,38,093,0.6063318112633181,1
2020,38,095,0.7115151515151515,1
2020,38,097,0.6758169934640523,1
2020,38,099,0.6005021971123666,1
2020,38,101,0.5546588119783996,1
2020,38,103,0.7670436187399031,1
2020,38,105,0.589997941963367,1
2020,39,001,0.5790226460071514,1
2020,39,003,0.6134560092006901,1
2020,39,005,0.6429267104942781,1
2020,39,007,0.5853487138690002,1
2020,39,009,0.4774022167262068,1
2020,39,011,0.747159420289855,1
2020,39,013,0.6067296231777758,1
2020,39,015,0.6298253470667263,1
2020,39,017,0.6655866837753065,1
2020,39,019,0.658115304468627,1
2020,39,021,0.6640731504571904,1
2020,39,023,0.6229638612660684,1
2020,39,025,0.7058297396582016,1
2020,39,027,0.6435804985107384,1
2020,39,029,0.6134727776068902,1
2020,39,031,0.5999641577060932,1
2020,39,033,0.6422229121390872,1
2020,39,035,0.6569334635293623,1
2020,39,037,0.6976218022882118,1
2020,39,039,0.6699274109920498,1
2020,39,041,0.8763076495325479,1
2020,39,043,0.6875479417028892,1
2020,39,045,0.7147784307837501,1
2020,39,047,0.5861956774343481,1
2020,39,049,0.6737653595469602,1
2020,39,051,0.7116736990154712,1
2020,39,053,0.6010017421602788,1
2020,39,055,0.7830724070450098,1
2020,39,057,0.6803776336493073,1
2020,39,059,0.6023459441599207,1
2020,39,061,0.7102425276273826,1
2020,39,063,0.6768680167597766,1
2020,39,065,0.5547319932998325,1
2020,39,067,0.6432773109243698,1
2020,39,069,0.7172212776293417,1
2020,39,071,0.6027262980548322,1
2020,39,073,0.6259452116821372,1
2020,39,075,0.42849578024160184,1
2020,39,077,0.6213436928702011,1
2020,39,079,0.598704977741805,1
2020,39,081,0.62846378449656215,1
2020,39,083,0.6636651870640456,1
2020,39,085,0.7289173112904577,1
2020,39,087,0.6046866602171342,1
2020,39,089,0.7064602002174647,1
2020,39,091,0.6760595978591061,1
2020,39,093,0.6620702706112408,1
2020,39,095,0.6175865784208096,1
2020,39,097,0.5710382513661202,1
2020,39,099,0.6578522450785225,1
2020,39,101,0.5445434080454145,1
2020,39,103,0.7686301568855317,1
2020,39,105,0.6155705452501405,1
2020,39,107,0.7907154742096506,1
2020,39,109,0.7185869228385497,1
2020,39,111,0.6518923848609212,1
2020,39,113,0.666687358005686,1
2020,39,115,0.5946157186278767,1
2020,39,117,0.6813215208564046,1
2020,39,119,0.610838553853121,1
2020,39,121,0.5435304198800343,1
2020,39,123,0.7290312784694807,1
2020,39,125,0.6652846099789178,1
2020,39,127,0.6053730259575241,1
2020,39,129,0.6222295587102454,1
2020,39,131,0.5828598262502935,1
2020,39,133,0.6417967086156825,1
2020,39,135,0.688959090191123,1
2020,39,137,0.7950908002394732,1
2020,39,139,0.6378622706726934,1
2020,39,141,0.5541059988351776,1
2020,39,143,0.6675693673695894,1
2020,39,145,0.5450633557275278,1
2020,39,147,0.606437969924812,1
2020,39,149,0.6975421154377244,1
2020,39,151,0.6574757617728532,1
2020,39,153,0.675293437827296,1
2020,39,155,0.6402599049128368,1
2020,39,157,0.6275753903186712,1
2020,39,159,0.7844493960361205,1
2020,39,161,0.6957229195722919,1
2020,39,163,0.5967342899554676,1
2020,39,165,0.8082187713411918,1
2020,39,167,0.669334447811096,1
2020,39,169,0.6273678127708755,1
2020,39,171,0.6637366548042705,1
2020,39,173,0.66219631661442,1
2020,39,175,0.6741639538324948,1
2020,40,001,0.4448060075093867,1
2020,40,003,0.4976897689768977,1
2020,40,005,0.5062470643494599,1
2020,40,007,0.623175965665236,1
2020,40,009,0.497683155917345,1
2020,40,011,0.5800743494423792,1
2020,40,013,0.4512994350282486,1
2020,40,015,0.481161542215715,1
2020,40,017,0.5941486810551558,1
2020,40,019,0.5522041105598866,1
2020,40,021,0.47843349088453746,1
2020,40,023,0.528739800543971,1
2020,40,025,0.7097643097643098,1
2020,40,027,0.5623380281690141,1
2020,40,029,0.6031063321385902,1
2020,40,031,0.3974677896145909,1
2020,40,033,0.5766816143497758,1
2020,40,035,0.5473684210526316,1
2020,40,037,0.5679575498045056,1
2020,40,039,0.5163487080415359,1
2020,40,041,0.512938726948245,1
2020,40,043,0.674964234620887,1
2020,40,045,0.6264214046822743,1
2020,40,047,0.524433013794716,1
2020,40,049,0.5390918065153011,1
2020,40,051,0.5557801034524239,1
2020,40,053,0.6745454545454546,1
2020,40,055,0.4413870246085011,1
2020,40,057,0.4809278350515464,1
2020,40,059,0.6057026476578411,1
2020,40,061,0.5264041994750657,1
2020,40,063,0.48887770508303974,1
2020,40,065,0.4601735236495942,1
2020,40,067,0.5276548672566371,1
2020,40,069,0.5118603251053582,1
2020,40,071,0.5314743490987521,1
2020,40,073,0.607898448519041,1
2020,40,075,0.5165033911077619,1
2020,40,077,0.5348017621145374,1
2020,40,079,0.512747102931152,1
2020,40,081,0.563939393939394,1
2020,40,083,0.6026256983240224,1
2020,40,085,0.5579739904175223,1
2020,40,087,0.6615993121238177,1
2020,40,089,0.4792894461859979,1
2020,40,091,0.5322477650063857,1
2020,40,093,0.635563703024748,1
2020,40,095,0.5057547956630526,1
2020,40,097,0.5324579663730985,1
2020,40,099,0.5637494021999043,1
2020,40,101,0.49396356474643033,1
2020,40,103,0.5765323992994746,1
2020,40,105,0.5590070019096117,1
2020,40,107,0.44131147540983606,1
2020,40,109,0.5436402537996163,1
2020,40,111,0.4897519247219846,1
2020,40,113,0.5598473490527464,1
2020,40,115,0.4968722849695917,1
2020,40,117,0.5426629348260695,1
2020,40,119,0.4757724099189471,1
2020,40,121,0.535124645469473,1
2020,40,123,0.5318521090088526,1
2020,40,125,0.5143248175182482,1
2020,40,127,0.5523310023310023,1
2020,40,129,0.6817843866171004,1
2020,40,131,0.6430860277136259,1
2020,40,133,0.45858085808580856,1
2020,40,135,0.49023418830651583,1
2020,40,137,0.5826047080403546,1
2020,40,139,0.5201130475741875,1
2020,40,141,0.5143399810066477,1
2020,40,143,0.5890052124746002,1
2020,40,145,0.5965729720604372,1
2020,40,147,0.6131228802504566,1
2020,40,149,0.5839853300733496,1
2020,40,151,0.5326574945691528,1
2020,40,153,0.5315807442813247,1
2020,41,001,0.7789803921568628,1
2020,41,003,0.7376737687740132,1
2020,41,005,0.8252462008999344,1
2020,41,007,0.7648752399232246,1
2020,41,009,0.7904084386115541,1
2020,41,011,0.7217949965930108,1
2020,41,013,0.8186539480657128,1
2020,41,015,0.7717166494312306,1
2020,41,017,0.8378817783427558,1
2020,41,019,0.733071314650262,1
2020,41,021,0.76,1
2020,41,023,0.7829642248722317,1
2020,41,025,0.7772766695576756,1
2020,41,027,0.8794088008061807,1
2020,41,029,0.7566417755035254,1
2020,41,031,0.6761066969353008,1
2020,41,033,0.7528940078728678,1
2020,41,035,0.7194123408423114,1
2020,41,037,0.6991987179487179,1
2020,41,039,0.7465795528981004,1
2020,41,041,0.7733702491819784,1
2020,41,043,0.7605486336509266,1
2020,41,045,0.5643796318431747,1
2020,41,047,0.7102482140175488,1
2020,41,049,0.7509904622157006,1
2020,41,051,0.7606079496054725,1
2020,41,053,0.7713601150067886,1
2020,41,055,0.8981412639405204,1
2020,41,057,0.8059174421379146,1
2020,41,059,0.6251277199621571,1
2020,41,061,0.7394359228104899,1
2020,41,063,0.9017513134851138,1
2020,41,065,0.7542033626901521,1
2020,41,067,0.7841709711376044,1
2020,41,069,0.8539823008849557,1
2020,41,071,0.7589258114374035,1
2020,42,001,0.7080333103750548,1
2020,42,003,0.7527721705661482,1
2020,42,005,0.6905259160812607,1
2020,42,007,0.712991440042421,1
2020,42,009,0.7144448762793107,1
2020,42,011,0.6588454018014552,1
2020,42,013,0.6556523532140832,1
2020,42,015,0.6433233788395905,1
2020,42,017,0.8225742163172098,1
2020,42,019,0.7635365072947202,1
2020,42,021,0.6667674429590439,1
2020,42,023,0.6439153439153439,1
2020,42,025,0.657329945269742,1
2020,42,027,0.5990954773869347,1
2020,42,029,0.8290003294892916,1
2020,42,031,0.624375400384369,1
2020,42,033,0.6241608613046232,1
2020,42,035,0.5756981871631554,1
2020,42,037,0.5843832020997375,1
2020,42,039,0.6266915330100709,1
2020,42,041,0.7307186169526513,1
2020,42,043,0.7176430484538593,1
2020,42,045,0.7836708845634537,1
2020,42,047,0.6972984120437203,1
2020,42,049,0.6554291178579966,1
2020,42,051,0.5963149560961566,1
2020,42,053,0.392,1
2020,42,055,0.6870471168566082,1
2020,42,057,0.6894554883318929,1
2020,42,059,0.6034494535519126,1
2020,42,061,0.6240963855421687,1
2020,42,063,0.60389914980944,1
2020,42,065,0.6670758439281017,1
2020,42,067,0.63990435706695,1
2020,42,069,0.7125833539145467,1
2020,42,071,0.6918456524959266,1
2020,42,073,0.6717107660908229,1
2020,42,075,0.6730731294913344,1
2020,42,077,0.692081155510594,1
2020,42,079,0.6264648198087767,1
2020,42,081,0.6603956533853441,1
2020,42,083,0.5975748273215656,1
2020,42,085,0.6536288276095416,1
2020,42,087,0.6028879854198794,1
2020,42,089,0.640918995374441,1
2020,42,091,0.8300026844764051,1
2020,42,093,0.6922422954303932,1
2020,42,095,0.7285443348179087,1
2020,42,097,0.5802923214163178,1
2020,42,099,0.6847777777777778,1
2020,42,101,0.6500455940377028,1
2020,42,103,0.7259226223659271,1
2020,42,105,0.6861468584405753,1
2020,42,107,0.6262184575812675,1
2020,42,109,0.6006590302840107,1
2020,42,111,0.6732480903354368,1
2020,42,113,0.676387582314205,1
2020,42,115,0.6653005046643218,1
2020,42,117,0.6493606532121399,1
2020,42,119,0.555432831699572,1
2020,42,121,0.6419358741681791,1
2020,42,123,0.6531709631504032,1
2020,42,125,0.7186800521670559,1
2020,42,127,0.6657738800663664,1
2020,42,129,0.7195353006309647,1
2020,42,131,0.6872340425531915,1
2020,42,133,0.6988775570013481,1
2020,44,001,0.7395887558563248,1
2020,44,003,0.7171481395886296,1
2020,44,005,0.6911487194847986,1
2020,44,007,0.5968936757076246,1
2020,44,009,0.7369083950976117,1
2020,45,001,0.639393160195423,1
2020,45,003,0.6575961093098657,1
2020,45,005,0.514756446991404,1
2020,45,007,0.6340261282660332,1
2020,45,009,0.5808243727598567,1
2020,45,011,0.6476937558832758,1
2020,45,013,0.6669961821652577,1
2020,45,015,0.6374637659048608,1
2020,45,017,0.7107586798114016,1
2020,45,019,0.6933753643391205,1
2020,45,021,0.58719646799117,1
2020,45,023,0.6328112449799197,1
2020,45,025,0.5407046691492409,1
2020,45,027,0.6212363096343048,1
2020,45,029,0.6719986060289249,1
2020,45,031,0.6303130468598095,1
2020,45,033,0.5780277961614825,1
2020,45,035,0.6567907530171682,1
2020,45,037,0.6224093567251462,1
2020,45,039,0.6716104039845047,1
2020,45,041,0.6223529979258116,1
2020,45,043,0.7341675843427771,1
2020,45,045,0.690244782823759,1
2020,45,047,0.6036589966050547,1
2020,45,049,0.6302065695902472,1
2020,45,051,0.6635680664513152,1
2020,45,053,0.6666975451597962,1
2020,45,055,0.6729837902741646,1
2020,45,057,0.6916984534295028,1
2020,45,059,0.5952362358453729,1
2020,45,061,0.6136098981077147,1
2020,45,063,0.661502207783294,1
2020,45,065,0.6843243243243243,1
2020,45,067,0.6253029980863278,1
2020,45,069,0.549232245681382,1
2020,45,071,0.6508646288209607,1
2020,45,073,0.6612682926829269,1
2020,45,075,0.6115316117542298,1
2020,45,077,0.5800423344420925,1
2020,45,079,0.6167470128713028,1
2020,45,081,0.6278943805010155,1
2020,45,083,0.6438347264931352,1
2020,45,085,0.6119589692269202,1
2020,45,087,0.6196307548492639,1
2020,45,089,0.6647951757122063,1
2020,45,091,0.7223629115161848,1
2020,46,003,0.7356020942408377,1
2020,46,005,0.5898375676801333,1
2020,46,007,0.5401826484018265,1
2020,46,009,0.5397482014388489,1
2020,46,011,0.5523033175355451,1
2020,46,013,0.612033484478549,1
2020,46,015,0.640926640926641,1
2020,46,017,0.4445344129554656,1
2020,46,019,0.6204134366925065,1
2020,46,021,0.7558441558441559,2
2020,46,023,0.5793261868300154,1
2020,46,025,0.7034220532319392,1
2020,46,027,0.5053658536585366,1
2020,46,029,0.6301651903279866,1
2020,46,031,0.4934615384615385,1
2020,46,033,0.7349832775919732,1
2020,46,035,0.5613545816733068,1
2020,46,037,0.6965922444183313,1
2020,46,039,0.7253086419753086,1
2020,46,041,0.5415977961432507,1
2020,46,043,0.7759090909090909,1
2020,46,045,0.6916376306620209,1
2020,46,047,0.7335753176043557,1
2020,46,049,0.6476712328767124,1
2020,46,051,0.7079395085066162,1
2020,46,053,0.7078369905956113,1
2020,46,055,0.8239130434782609,1
2020,46,057,0.7688279301745636,1
2020,46,059,0.769811320754717,1
2020,46,061,1,1
2020,46,063,0.883695652173913,2
2020,46,065,0.657843137254902,1
2020,46,067,0.69373848987108655,1
2020,46,069,0.6173913043478261,2
2020,46,071,0.5,1
2020,46,073,0.6490322580645161,1
2020,46,075,0.9215384615384616,2
2020,46,077,0.7293963254593175,1
2020,46,079,0.5908450704225352,1
2020,46,081,0.6656077015643803,1
2020,46,083,0.7891839220462851,1
2020,46,085,0.5860550458715597,1
2020,46,087,0.7323232323232324,1
2020,46,089,0.7335180055401662,1
2020,46,091,0.605,1
2020,46,093,0.6349280074314909,1
2020,46,095,0.5213559322033898,1
2020,46,097,0.6794029850746268,1
2020,46,099,0.6808199985251825,1
2020,46,101,0.6672216441207076,1
2020,46,102,0.3551609322974473,1
2020,46,103,0.6742629388664205,1
2020,46,105,0.7209503239740821,1
2020,46,107,0.7774647887323943,1
2020,46,109,0.5761872909698996,1
2020,46,111,0.6638655462184874,1
2020,46,115,0.6528379772961816,1
2020,46,117,0.6770491803278689,1
2020,46,119,0.8985507246376812,2
2020,46,121,0.4263643996641478,1
2020,46,123,0.6632226322263223,1
2020,46,125,0.7317779565567176,1
2020,46,127,0.7623762376237624,1
2020,46,129,0.6187050359712231,1
2020,46,135,0.6180890275021265,1
2020,46,137,0.4610687022900763,1
2020,47,001,0.6028302686213033,1
2020,47,003,0.5501657299322669,1
2020,47,005,0.5630089181853432,1
2020,47,007,0.4660461351679482,1
2020,47,009,0.6465951560452361,1
2020,47,011,0.5712417486611036,1
2020,47,013,0.47353733946408755,1
2020,47,015,0.587281683833408,1
2020,47,017,0.547608095676173,1
2020,47,019,0.5389964788732394,1
2020,47,021,0.6537592771861891,1
2020,47,023,0.5712994350282485,1
2020,47,025,0.5065544903150069,1
2020,47,027,0.5843333333333334,1
2020,47,029,0.5261685552407932,1
2020,47,031,0.5829312207418077,1
2020,47,033,0.5836754176610979,1
2020,47,035,0.6577483443708609,1
2020,47,037,0.620949096122803,1
2020,47,039,0.5699836867862969,1
2020,47,041,0.5736522911051213,1
2020,47,043,0.5993839329719074,1
2020,47,045,0.5361422222222222,1
2020,47,047,0.7065478020288964,1
2020,47,049,0.6001375042970093,1
2020,47,051,0.5792310021192855,1
2020,47,053,0.6048747461069736,1
2020,47,055,0.5715584415584416,1
2020,47,057,0.5578860445912469,1
2020,47,059,0.5094223270155074,1
2020,47,061,0.5635226179018287,1
2020,47,063,0.5272046232876713,1
2020,47,065,0.6128798868174573,1
2020,47,067,0.5328155339805826,1
2020,47,069,0.4958364129095836,1
2020,47,071,0.566977886977887,1
2020,47,073,0.5501163434903047,1
2020,47,075,0.5667809523809524,1
2020,47,077,0.564319248826291,1
2020,47,079,0.590078431372549,1
2020,47,081,0.5001017293997966,1
2020,47,083,0.5763878029710712,1
2020,47,085,0.5723419041000695,1
2020,47,087,0.5579664570230608,1
2020,47,089,0.5512605042016807,1
2020,47,091,0.5346812885538039,1
2020,47,093,0.6197221090490173,1
2020,47,095,0.3293927125506073,1
2020,47,097,0.4569317023445464,1
2020,47,099,0.5743479594967782,1
2020,47,101,0.6002140181915463,1
2020,47,103,0.6014643545279383,1
2020,47,105,0.71902486830822,1
2020,47,107,0.5531904588933285,1
2020,47,109,0.560526969922943,1
2020,47,111,0.5362916902204635,1
2020,47,113,0.5766648764769066,1
2020,47,115,0.5891555555555555,1
2020,47,117,0.587830896878704,1
2020,47,119,0.6598826108478891,1
2020,47,121,0.5673846153846154,1
2020,47,123,0.5760941828254847,1
2020,47,125,0.5258297653707826,1
2020,47,127,0.6912109375,1
2020,47,129,0.4749206349206349,1
2020,47,131,0.5772038420490928,1
2020,47,133,0.5785014409221902,1
2020,47,135,0.5601307189542484,1
2020,47,137,0.7175030599755202,1
2020,47,139,0.6174298375184638,1
2020,47,141,0.5566824094788301,1
2020,47,143,0.5491040869740286,1
2020,47,145,0.6016016713091922,1
2020,47,147,0.6449928263988522,1
2020,47,149,0.6194295554838015,1
2020,47,151,0.5399343871160155,1
2020,47,153,0.6192997438087106,1
2020,47,155,0.5841663871184166,1
2020,47,157,0.5706401601147091,1
2020,47,159,0.5972286374133949,1
2020,47,161,0.5973434535104364,1
2020,47,163,0.5895734221376467,1
2020,47,165,0.663134910691914,1
2020,47,167,0.5910822510822511,1
2020,47,169,0.45149632975719933,1
2020,47,171,0.5764746703678001,1
2020,47,173,0.5293580971000326,1
2020,47,175,0.6288482238966631,1
2020,47,177,0.5378464639677474,1
2020,47,179,0.5945975308641975,1
2020,47,181,0.48696604600219057,1
2020,47,183,0.5149981252343457,1
2020,47,185,0.5657550535077289,1
2020,47,187,0.8621147286821705,1
2020,47,189,0.7133397312859885,1
2020,48,001,0.42903045855182415,1
2020,48,003,0.5272482014388489,1
2020,48,005,0.5723698369340287,1
2020,48,007,0.6575708935259497,1
2020,48,009,0.7222891566265061,1
2020,48,011,0.7564625850340136,2
2020,48,013,0.5324908155767818,1
2020,48,015,0.690253734882618,1
2020,48,017,0.42129105322763305,3
2020,48,019,0.6963307776560789,1
2020,48,021,0.6283094850484106,1
2020,48,023,0.6303703703703704,1
2020,48,025,0.3755232210484354,1
2020,48,027,0.52141965327384,1
2020,48,029,0.5755250759708213,1
2020,48,031,0.7992481203007519,1
2020,48,033,0.9454545454545454,2
2020,48,035,0.6637090909090909,1
2020,48,037,0.5505972082314002,1
2020,48,039,0.6211161206291955,1
2020,48,041,0.52724849686977,1
2020,48,043,0.6948126801152738,1
2020,48,045,0.7107843137254902,2
2020,48,047,0.5121649484536083,1
2020,48,049,0.5570905285190999,1
2020,48,051,0.640312383785794,1
2020,48,053,0.6946880269814503,1
2020,48,055,0.515421686746988,1
2020,48,057,0.5226879574184964,1
2020,48,059,0.6352394235239424,1
2020,48,061,0.4835729865949472,1
2020,48,063,0.5890570430733411,1
2020,48,065,0.6869086908690869,1
2020,48,067,0.6116381203337725,1
2020,48,069,0.45931642778390297,1
2020,48,071,0.7512838306731436,1
2020,48,073,0.5570531125071387,1
2020,48,075,0.42203703703703704,1
2020,48,077,0.7078250154035737,1
2020,48,079,0.546448087431694,1
2020,48,081,0.6895348837209302,1
2020,48,083,0.6683954619124798,1
2020,48,085,0.7608872905395979,1
2020,48,087,0.59559902200489,1
2020,48,089,0.6584158415841584,1
2020,48,091,0.7968803227252353,1
2020,48,093,0.6181818181818182,1
2020,48,095,0.6726790450928382,2
2020,48,097,0.6636157205240175,1
2020,48,099,0.4180993059263214,1
2020,48,101,0.5706896551724138,2
2020,48,103,0.5661016949152542,1
2020,48,105,0.6464065708418891,2
2020,48,107,0.47345454545454546,1
2020,48,109,0.5837837837837838,2
2020,48,111,0.39777503090234856,2
2020,48,113,0.5990663856485297,1
2020,48,115,0.4166025288620121,1
2020,48,117,0.4471387002909796,1
2020,48,119,0.6415841584158416,1
2020,48,121,0.715624384689798,1
2020,48,123,0.53654990085922,1
2020,48,125,0.6175,1
2020,48,127,0.5332363636363636,1
2020,48,129,0.6362934362934363,1
2020,48,131,0.6284825870646766,1
2020,48,133,0.5932045779685264,1
2020,48,135,0.4474986201013598,1
2020,48,137,0.7130434782608696,2
2020,48,139,0.6890706859031193,1
2020,48,141,0.5177193322981366,1
2020,48,143,0.5429537767756483,1
2020,48,145,0.47286044718581344,1
2020,48,147,0.56322011634453,1
2020,48,149,0.6748891786179921,1
2020,48,151,0.6148148148148148,1
2020,48,153,0.5214833759590792,1
2020,48,155,0.5651282051282052,2
2020,48,157,0.7358980692437528,1
2020,48,159,0.6505194805194805,1
2020,48,161,0.597872340425532,1
2020,48,163,0.4084332688588008,1
2020,48,165,0.5470802919708029,1
2020,48,167,0.6479597166795512,1
2020,48,169,0.47568345323741007,2
2020,48,171,0.7938893062860005,1
2020,48,173,0.7337078651685394,2
2020,48,175,0.6905790838375108,1
2020,48,177,0.5642198450756178,1
2020,48,179,0.5133245382585752,1
2020,48,181,0.6132288498221374,1
2020,48,183,0.5644941176470588,1
2020,48,185,0.5894586894586895,1
2020,48,187,0.662673952019124,1
2020,48,189,0.4321911632100992,1
2020,48,191,0.5475409836065573,1
2020,48,193,0.669899923017706,1
2020,48,195,0.6635332252836305,1
2020,48,197,0.5346869712351946,1
2020,48,199,0.6488612350316976,1
2020,48,201,0.5944895825973852,1
2020,48,203,0.6203966597077244,1
2020,48,205,0.5086903304773562,1
2020,48,207,0.5265160523186683,1
2020,48,209,0.6818861808888612,1
2020,48,211,0.7319148936170212,1
2020,48,213,0.5885584636577262,1
2020,48,215,0.5122185376713123,1
2020,48,217,0.5673950218506555,1
2020,48,219,0.5164169588779088,1
2020,48,221,0.6985295696039497,1
2020,48,223,0.6101818181818182,1
2020,48,225,0.5237513873473918,1
2020,48,227,0.41087261785356066,1
2020,48,229,0.5200892857142857,2
2020,48,231,0.5564734717416379,1
2020,48,233,0.57660203746303,1
2020,48,235,0.7630901287553649,2
2020,48,237,0.5640566741237882,1
2020,48,239,0.617095677513356,1
2020,48,241,0.591101855357819,1
2020,48,243,0.6814621409921671,3
2020,48,245,0.5451245469711787,1
2020,48,247,0.6151057401812688,2
2020,48,249,0.4777700104858441,1
2020,48,251,0.5841985723556132,1
2020,48,253,0.4239622641509434,1
2020,48,255,0.47745454545454546,1
2020,48,257,0.6448524813825252,1
2020,48,259,0.7941158811167818,1
2020,48,261,0.825531914893617,3
2020,48,263,0.9333333333333332,2
2020,48,265,0.6927590511860174,1
2020,48,267,0.659568345323741,1
2020,48,269,0.7571428571428571,3
2020,48,271,0.5307947019867549,2
2020,48,273,0.4940857787810384,1
2020,48,275,0.5754940711462451,1
2020,48,277,0.583217734258126,1
2020,48,279,0.5130890052356021,1
2020,48,281,0.6417155199012651,1
2020,48,283,0.43945205479452054,1
2020,48,285,0.6932019034670293,1
2020,48,287,0.657747051647011,1
2020,48,289,0.6832611264277274,1
2020,48,291,0.5063697566027965,1
2020,48,293,0.552887537993921,1
2020,48,295,0.6648648648648648,1
2020,48,297,0.5550796265788028,1
2020,48,299,0.7140439932318104,1
2020,48,301,0.7333333333333333,3
2020,48,303,0.5410039405337632,1
2020,48,305,0.5492215568862275,1
2020,48,307,0.583857264231096,1
2020,48,309,0.551562455972273,1
2020,48,311,1,3
2020,48,313,0.5324623115577889,1
2020,48,315,0.608,1
2020,48,317,0.5909712722298222,1
2020,48,319,0.8246666666666667,1
2020,48,321,0.5433207995250346,1
2020,48,323,0.5008485639686684,1
2020,48,325,0.5989162040708432,1
2020,48,327,0.6326153846153846,2
2020,48,329,0.542004696348819,1
2020,48,331,0.5865261990573885,1
2020,48,333,0.6592105263157895,1
2020,48,335,0.3986089644513138,1
2020,48,337,0.6670516304347827,1
2020,48,339,0.6953993111131029,1
2020,48,341,0.526829268292683,1
2020,48,343,0.606952743074416,1
2020,48,345,0.6065116279069768,2
2020,48,347,0.5747237420877588,1
2020,48,349,0.5888529638183218,1
2020,48,351,0.5545040946314832,1
2020,48,353,0.5121414913957935,1
2020,48,355,0.4993019607843137,1
2020,48,357,0.5977272727272728,1
2020,48,359,0.7643939393939394,2
2020,48,361,0.5854110758721639,1
2020,48,363,0.5927384907451353,1
2020,48,365,0.6644038294168843,1
2020,48,367,0.7576433121019108,1
2020,48,369,0.48534798534798534,1
2020,48,371,0.4381041764429845,1
2020,48,373,0.6344700944386149,1
2020,48,375,0.4481080717790174,1
2020,48,377,0.7328925619834711,2
2020,48,379,0.6425690021231423,1
2020,48,381,0.6480360721442886,1
2020,48,383,0.4984478935698448,1
2020,48,385,0.7682170542635659,1
2020,48,387,0.6025947067981318,1
2020,48,389,0.3647058823529411,1
2020,48,391,0.6279850746268657,1
2020,48,393,0.9166666666666666,2
2020,48,395,0.6443118536197295,1
2020,48,397,0.7681704796521988,1
2020,48,399,0.5797501643655489,1
2020,48,401,0.5447757390417941,1
2020,48,403,0.6448620082207869,1
2020,48,405,0.6272727272727273,1
2020,48,407,0.5903783278841663,1
2020,48,409,0.5497027600849257,1
2020,48,411,0.5814525139664805,1
2020,48,413,0.5853535353535354,1
2020,48,415,0.4778184778184778,1
2020,48,417,0.6617886178861788,1
2020,48,419,0.5897106109324759,1
2020,48,421,0.4997481108312342,2
2020,48,423,0.6164254480507483,1
2020,48,425,0.7285714285714285,1
2020,48,427,0.5612489991993594,1
2020,48,429,0.5393896380411639,1
2020,48,431,0.8463576158940397,2
2020,48,433,0.7215686274509804,2
2020,48,435,0.6368098159509202,2
2020,48,437,0.47575757575757577,1
2020,48,439,0.6162604147055458,1
2020,48,441,0.5583291139240506,1
2020,48,443,0.5834394904458599,3
2020,48,445,0.4481389578163772,1
2020,48,447,0.7481171548117155,2
2020,48,449,0.5647468523975355,1
2020,48,451,0.520882539316781,1
2020,48,453,0.7087868252942239,1
2020,48,455,0.6128975265017668,1
2020,48,457,0.5699115044247788,1
2020,48,459,0.614873881204231,1
2020,48,461,0.576,1
2020,48,463,0.573869625520111,1
2020,48,465,0.5204359673024523,1
2020,48,467,0.6193694229625223,1
2020,48,469,0.5240744998850311,1
2020,48,471,0.4112156043190526,1
2020,48,473,0.6199618216525771,1
2020,48,475,0.509090909090909,1
2020,48,477,0.6638857142857143,1
2020,48,479,0.49359168651223206,1
2020,48,481,0.591425546930134,1
2020,48,483,0.6546218487394958,1
2020,48,485,0.4697479848995,1
2020,48,487,0.47696362677912496,1
2020,48,489,0.3734185733512786,1
2020,48,491,0.7467858202122584,1
2020,48,493,0.6762097864287645,1
2020,48,495,0.4369989722507708,1
2020,48,497,0.6803657767500526,1
2020,48,499,0.6486971379752242,1
2020,48,501,0.5651987110633727,1
2020,48,503,0.639177657098526,1
2020,48,505,0.5365650969529085,1
2020,48,507,0.5412855377008653,1
2020,49,001,0.7407407407407407,1
2020,49,003,0.7320330488961126,1
2020,49,005,0.6995265208270902,1
2020,49,007,0.6345411445987131,1
2020,49,009,1,3
2020,49,011,0.7356828766381458,1
2020,49,013,0.6651903651903652,1
2020,49,015,0.7017191977077364,1
2020,49,017,0.7373819163292847,1
2020,49,019,0.7161602209944752,1
2020,49,021,0.6798645903859174,1
2020,49,023,0.7814790139906729,1
2020,49,025,0.703111858704794,1
2020,49,027,0.730814639905549,1
2020,49,029,0.862402088772846,1
2020,49,031,0.5965753424657534,2
2020,49,033,0.8947712418300654,1
2020,49,035,0.7233686913135832,1
2020,49,037,0.6506149479659413,1
2020,49,039,0.5813953488372093,1
2020,49,041,0.6926470588235294,1
2020,49,043,0.8887904599659284,1
2020,49,045,0.6906938507070043,1
2020,49,047,0.6492575307594399,1
2020,49,049,0.7284714926329277,1
2020,49,051,0.8266728624535316,1
2020,49,053,0.7439143930730273,1
2020,49,055,0.8622340425531915,1
2020,49,057,0.638083509937568,1
2020,50,001,0.7590130916414904,1
2020,50,003,0.6780035026269702,1
2020,50,005,0.6321100917431193,1
2020,50,007,0.7516119008778063,1
2020,50,009,0.8357001972386587,1
2020,50,011,0.6866473531735581,1
2020,50,013,0.9960378983634798,1
2020,50,015,0.7960903782685961,1
2020,50,017,0.6355906857509079,1
2020,50,019,0.7292561983471074,1
2020,50,021,0.7291256028517509,1
2020,50,023,0.7528772378516624,1
2020,50,025,0.8276945454545455,1
2020,50,027,0.8207052441229656,1
2020,51,001,0.7054273237679352,1
2020,51,003,0.7935321551300932,1
2020,51,005,0.6790562913907284,1
2020,51,007,0.7811974270163285,1
2020,51,009,0.6698837896395509,1
2020,51,011,0.7547231270358307,1
2020,51,013,0.7715491295367365,1
2020,51,015,0.6998510180433704,1
2020,51,017,0.7055007052186177,1
2020,51,019,0.7796395674809772,1
2020,51,021,0.6564150943396226,1
2020,51,023,0.7894972902261259,1
2020,51,025,0.58895887365691,1
2020,51,027,0.564936170212766,1
2020,51,029,0.5888446215139442,1
2020,51,031,0.6911129088177511,1
2020,51,033,0.7092532114086654,1
2020,51,035,0.6481887807907265,1
2020,51,036,0.7630584192439862,1
2020,51,037,0.66677436725902,1
2020,51,041,0.8089760625111556,1
2020,51,043,0.817600700525394,1
2020,51,045,0.7547619047619047,1
2020,51,047,0.7304956896551724,1
2020,51,049,0.6708333333333333,1
2020,51,051,0.624263135412217,1
2020,51,053,0.6801261829652997,1
2020,51,057,0.6957207207207208,1
2020,51,059,0.8062259470331881,1
2020,51,061,0.8497956800934033,1
2020,51,063,0.7523581135091927,1
2020,51,065,0.7469243459816168,1
2020,51,067,0.6599422350588758,1
2020,51,069,0.7540318836093484,1
2020,51,071,0.6966223908918406,1
2020,51,073,0.7479107232757174,1
2020,51,075,0.8884696016771488,1
2020,51,077,0.6327626459143969,1
2020,51,079,0.7695918367346939,1
2020,51,081,0.4784518828451883,1
2020,51,083,0.6769801521053608,1
2020,51,085,0.8715531000613873,1
2020,51,087,0.7811258842580755,1
2020,51,089,0.6412429378531074,1
2020,51,091,0.8089709762532982,1
2020,51,093,0.8162867583086828,1
2020,51,095,0.8397733040094738,1
2020,51,097,0.7244718309859155,1
2020,51,099,0.7188984335522991,1
2020,51,101,0.8233895705521472,1
2020,51,103,0.8122657580919932,1
2020,51,105,0.5194255874673629,1
2020,51,107,0.8861683899556868,1
2020,51,109,0.7652234636871509,1
2020,51,111,0.6190820010314595,1
2020,51,113,0.7850386100386101,1
2020,51,115,0.7839946200403497,1
2020,51,117,0.6624565706110771,1
2020,51,119,0.7636465953854812,1
2020,51,121,0.576178596558562,1
2020,51,125,0.7797489539748954,1
2020,51,127,0.8321449108683151,1
2020,51,131,0.7293607800650054,1
2020,51,133,0.7572674418604651,1
2020,51,135,0.5871422646204895,1
2020,51,137,0.739497594869054,1
2020,51,139,0.6608925270662793,1
2020,51,141,0.6589495507947477,1
2020,51,143,0.7013010961991599,1
2020,51,145,0.8341999577256394,1
2020,51,147,0.5109391675560299,1
2020,51,149,0.5907520325203252,1
2020,51,153,0.7812547060031487,1
2020,51,155,0.6230424655079735,1
2020,51,157,0.8453310696095077,1
2020,51,159,0.5693268563497571,1
2020,51,161,0.7817225599344307,1
2020,51,163,0.6743121765186597,1
2020,51,165,0.7166148814390843,1
2020,51,167,0.6177203507152745,1
2020,51,169,0.6154586636466591,1
2020,51,171,0.7162861031301981,1
2020,51,173,0.5832886321435939,1
2020,51,175,0.6840964697658162,1
2020,51,177,0.7697976287816843,1
2020,51,179,0.7630587897082075,1
2020,51,181,0.8581573896353167,1
2020,51,183,0.5418530351437699,1
2020,51,185,0.6096505823627287,1
2020,51,187,0.6988433575677462,1
2020,51,191,0.6535990888382688,1
2020,51,193,0.7060326472675656,1
2020,51,195,0.5455590215071416,1
2020,51,197,0.6616769095697981,1
2020,51,199,0.7688999008919722,1
2020,51,510,0.7617205889140167,1
2020,51,520,0.580319346453769,1
2020,51,530,0.5459193706981318,1
2020,51,540,0.6521141933746297,1
2020,51,550,0.7121645445641528,1
2020,51,570,0.7048864948056945,1
2020,51,580,0.5949714285714286,1
2020,51,590,0.629847847199741,1
2020,51,595,0.649591280653951,1
2020,51,600,0.8617891373801917,1
2020,51,610,0.8753349875930521,1
2020,51,620,0.6864864864864865,1
2020,51,630,0.5967099165894346,1
2020,51,640,0.6066666666666667,1
2020,51,650,0.6309863197168277,1
2020,51,660,0.4306626354245402,1
2020,51,670,0.5885085574572128,1
2020,51,678,0.4278637770897833,1
2020,51,680,0.574017363851618,1
2020,51,683,0.6986831275720164,1
2020,51,685,0.5992125984251968,1
2020,51,690,0.6519480519480519,1
2020,51,700,0.6141232478180375,1
2020,51,710,0.47714944722818736,1
2020,51,720,0.4800599700149925,1
2020,51,730,0.5933249370277078,1
2020,51,735,0.8403208556149733,1
2020,51,740,0.6226581041463074,1
2020,51,750,0.4013972689742775,1
2020,51,760,0.6197552886089356,1
2020,51,770,0.5917230075804139,1
2020,51,775,0.6541854636591479,1
2020,51,790,0.6659149154279856,1
2020,51,800,0.7291715628672151,1
2020,51,810,0.6768327661281933,1
2020,51,820,0.6473572938689218,1
2020,51,830,0.5416666666666666,1
2020,51,840,0.6229364875289277,1
2020,53,001,0.6371739130434783,1
2020,53,003,0.6796133067955644,1
2020,53,005,0.761965685549475,1
2020,53,007,0.8197236418701496,1
2020,53,009,0.7935567010309278,1
2020,53,011,0.793474221012144,1
2020,53,013,0.783359497645212,1
2020,53,015,0.7373249342547856,1
2020,53,017,0.787872065076724,1
2020,53,019,0.6871754523996852,1
2020,53,021,0.6451124825801314,1
2020,53,023,0.8631884057971014,1
2020,53,025,0.6630884293884733,1
2020,53,027,0.674758644900825,1
2020,53,029,0.8059935729766087,1
2020,53,031,0.905313127624612,1
2020,53,033,0.7938037109535098,1
2020,53,035,0.7651452682338759,1
2020,53,037,0.6935157174799421,1
2020,53,039,0.8190878888553307,1
2020,53,041,0.7549612596850788,1
2020,53,043,0.84026284348865,1
2020,53,045,0.7422744005571585,1
2020,53,047,0.7236314178850731,1
2020,53,049,0.7850404688808261,1
2020,53,051,0.7879318286503916,1
2020,53,053,0.716373375320305,1
2020,53,055,0.937953091684435,1
2020,53,057,0.7880540946656649,1
2020,53,059,0.7717150395778364,1
2020,53,061,0.7699661338152977,1
2020,53,063,0.7592649704446158,1
2020,53,065,0.8084743352765534,1
2020,53,067,0.7815823726292302,1
2020,53,069,0.8615606936416185,1
2020,53,071,0.6947660851205689,1
2020,53,073,0.8136886593096971,1
2020,53,075,0.5461031407522295,1
2020,53,077,0.6532187966861334,1
2020,54,001,0.5041147602869007,1
2020,54,003,0.5838006230529595,1
2020,54,005,0.524105844722303,1
2020,54,007,0.5041388518024033,1
2020,54,009,0.5887292817679558,1
2020,54,011,0.5036737445230873,1
2020,54,013,0.5096054888507718,1
2020,54,015,0.5041198501872659,1
2020,54,017,0.4379943502824859,1
2020,54,019,0.4949222189609627,1
2020,54,021,0.4036391205458681,1
2020,54,023,0.5841993637327678,1
2020,54,025,0.5664760543245175,1
2020,54,027,0.5344992050874404,1
2020,54,029,0.5872340425531914,1
2020,54,031,0.5925128685072532,1
2020,54,033,0.5762247020994893,1
2020,54,035,0.6008896797153025,1
2020,54,037,0.6406799259944496,1
2020,54,039,0.5729093378844345,1
2020,54,041,0.5930019880715706,1
2020,54,043,0.4916797488226059,1
2020,54,045,0.5036149236419872,1
2020,54,047,0.4585177379697928,1
2020,54,049,0.5762734584450402,1
2020,54,051,0.5670559806685461,1
2020,54,053,0.5319563152896486,1
2020,54,055,0.5349366819197616,1
2020,54,057,0.5953746530989824,1
2020,54,059,0.5420227149810708,1
2020,54,061,0.4939187602723644,1
2020,54,063,0.6122641509433963,1
2020,54,065,0.5971840659340659,1
2020,54,067,0.5427623181005872,1
2020,54,069,0.592819901683301,1
2020,54,071,0.6330449826989619,1
2020,54,073,0.5832915622389306,1
2020,54,075,0.5804489500362057,1
2020,54,077,0.5405044510385757,1
2020,54,079,0.6507820527457472,1
2020,54,081,0.5661080711354309,1
2020,54,083,0.5280242371781,1
2020,54,085,0.5547927461139897,1
2020,54,087,0.5318874019381633,1
2020,54,089,0.5271354412458706,1
2020,54,091,0.5515875980575271,1
2020,54,093,0.6559726962457337,1
2020,54,095,0.5602857142857143,1
2020,54,097,0.5261776061776062,1
2020,54,099,0.5373176918199112,1
2020,54,101,0.5131221719457013,1
2020,54,103,0.5473727422003284,1
2020,54,105,0.581798245614035,1
2020,54,107,0.5845133076981075,1
2020,54,109,0.519154078549849,1
2020,55,001,0.6943595769682727,1
2020,55,003,0.7276277523888658,1
2020,55,005,0.7247926794395196,1
2020,55,007,0.8763592428513894,1
2020,55,009,0.7498346913805222,1
2020,55,011,0.756997578692494,1
2020,55,013,0.8045220150733836,1
2020,55,015,0.816611383839724,1
2020,55,017,0.7237539019232706,1
2020,55,019,0.6253095487932844,1
2020,55,021,0.7640198511166253,1
2020,55,023,0.6771806853582555,1
2020,55,025,0.8468194321642597,1
2020,55,027,0.699689418562658,1
2020,55,029,0.8832930845225028,1
2020,55,031,0.7163134978229317,1
2020,55,033,0.658843299257807,1
2020,55,035,0.712582538517975,1
2020,55,037,0.8065843621399177,1
2020,55,039,0.7281526232114467,1
2020,55,041,0.7037604456824512,1
2020,55,043,0.6336261289125324,1
2020,55,045,0.7586744639376218,1
2020,55,047,0.7379668049792532,1
2020,55,049,0.7719724137931034,1
2020,55,051,0.8319502074688797,1
2020,55,053,0.6437420986093553,1
2020,55,055,0.7332314510583021,1
2020,55,057,0.6515684410646387,1
2020,55,059,0.7138731346285346,1
2020,55,061,0.7662337662337663,1
2020,55,063,0.7235171862509993,1
2020,55,065,0.6935549250101337,1
2020,55,067,0.7309328968903437,1
2020,55,069,0.734996658498552,1
2020,55,071,0.7272712524334848,1
2020,55,073,0.7483157022376055,1
2020,55,075,0.7076994148444719,1
2020,55,077,0.7357954545454546,1
2020,55,078,0.5179153094462541,1
2020,55,079,0.6782388319959806,1
2020,55,081,0.6653229365896719,1
2020,55,083,0.7701111295405539,1
2020,55,085,0.8276464542651593,1
2020,55,087,0.7717235220575103,1
2020,55,089,0.8936269166484994,1
2020,55,091,0.7276558384547849,1
2020,55,093,0.7038031995170541,1
2020,55,095,0.7700686231566652,1
2020,55,097,0.7264156006798461,1
2020,55,099,0.7811700182815356,1
2020,55,101,0.7301165980795611,1
2020,55,103,0.6719344017890421,1
2020,55,105,0.7052505473623332,1
2020,55,107,0.7078994614003591,1
2020,55,109,0.8506262656566415,1
2020,55,111,0.750632386481443,1
2020,55,113,0.7899285982713266,1
2020,55,115,0.7096015061186068,1
2020,55,117,0.758921591170384,1
2020,55,119,0.6938961038961039,1
2020,55,121,0.7180205415499533,1
2020,55,123,0.706276336216456,1
2020,55,125,0.8446826051112943,1
2020,55,127,0.7297605473204105,1
2020,55,129,0.8184542586750788,1
2020,55,131,0.8423317870976997,1
2020,55,133,0.8711209348437322,1
2020,55,135,0.7279770086217668,1
2020,55,137,0.6933060807358201,1
2020,55,139,0.7048347200359794,1
2020,55,141,0.7334694964923186,1
2020,56,001,0.6081765087605451,1
2020,56,003,0.6733410942956927,1
2020,56,005,0.5893683738987606,1
2020,56,007,0.6019748653500898,1
2020,56,009,0.6892822025565388,1
2020,56,011,0.7498642533936651,1
2020,56,013,0.6162216965190943,1
2020,56,015,0.5996175908221797,1
2020,56,017,0.7061391541609823,1
2020,56,019,0.7320029563932003,1
2020,56,021,0.6034416060828387,1
2020,56,023,0.7515173152445556,1
2020,56,025,0.5898991582631886,1
2020,56,027,0.706951871657754,1
2020,56,029,0.7328393985617782,1
2020,56,031,0.7187545257060102,1
2020,56,033,0.6994715704924963,1
2020,56,035,0.675219446320054,1
2020,56,037,0.5443520782396088,1
2020,56,039,0.8619644418536869,1
2020,56,041,0.6703756201275691,1
2020,56,043,0.6748117154811716,1
2020,56,045,0.6472727272727272,1
2024,01,001,0.6256166353279504,1
2024,01,003,0.6423035900992492,1
2024,01,005,0.5179754020813624,1
2024,01,007,0.5335754222145369,1
2024,01,009,0.6409713687468706,1
2024,01,011,0.5288139953691793,1
2024,01,013,0.5916003906795033,1
2024,01,015,0.5439067198801578,1
2024,01,017,0.5337804923745644,1
2024,01,019,0.6375490196078432,1
2024,01,021,0.5886575521996843,1
2024,01,023,0.6733434496712191,1
2024,01,025,0.6811734548561663,1
2024,01,027,0.6059819109877317,1
2024,01,029,0.6383280493909561,1
2024,01,031,0.5538350827563959,1
2024,01,033,0.5998895637769188,1
2024,01,035,0.67465715241387,1
2024,01,037,0.6213729653220099,1
2024,01,039,0.5879621668099742,1
2024,01,041,0.6468534955619827,1
2024,01,043,0.6252862235877221,1
2024,01,045,0.5126289004955136,1
2024,01,047,0.5589028292051623,1
2024,01,049,0.5845717213922503,1
2024,01,051,0.6007996420374995,1
2024,01,053,0.5296388101983003,1
2024,01,055,0.58441212981025,1
2024,01,057,0.6619473226291228,1
2024,01,059,0.5508652094717669,1
2024,01,061,0.5988506857253235,1
2024,01,063,0.6936287137214494,1
2024,01,065,0.6510695187165776,1
2024,01,067,0.6673827425707125,1
2024,01,069,0.5438325423978222,1
2024,01,071,0.5674777162129607,1
2024,01,073,0.6026486325082921,1
2024,01,075,0.6490203466465713,1
2024,01,077,0.577163188106764,1
2024,01,079,0.6243513283246844,1
2024,01,081,0.5413646828892722,1
2024,01,083,0.6322628066057309,1
2024,01,085,0.7375766271031694,1
2024,01,087,0.5008310957678046,1
2024,01,089,0.6441190083506626,1
2024,01,091,0.6663454920853407,1
2024,01,093,0.5920954837581428,1
2024,01,095,0.5803264047938004,1
2024,01,097,0.5634293911975014,1
2024,01,099,0.6427635887360839,1
2024,01,101,0.5434858920508878,1
2024,01,103,0.5891615316901408,1
2024,01,105,0.7184231697506034,1
2024,01,107,0.6080371153714949,1
2024,01,109,0.5130434782608696,1
2024,01,111,0.6278872282608695,1
2024,01,113,0.469859844876854,1
2024,01,115,0.6001020253408887,1
2024,01,117,0.668430530382941,1
2024,01,119,0.5574579831932773,1
2024,01,121,0.5249033072855,1
2024,01,123,0.6220641232757549,1
2024,01,125,0.4671536046377828,1
2024,01,127,0.60321189169485,1
2024,01,129,0.6985269778219133,1
2024,01,131,0.6675545408422121,1
2024,01,133,0.6041836015823985,1
2024,02,013,NA,NA
2024,02,016,NA,NA
2024,02,020,NA,NA
2024,02,050,NA,NA
2024,02,060,NA,NA
2024,02,063,NA,NA
2024,02,066,NA,NA
2024,02,068,NA,NA
2024,02,070,NA,NA
2024,02,090,NA,NA
2024,02,100,NA,NA
2024,02,105,NA,NA
2024,02,110,NA,NA
2024,02,122,NA,NA
2024,02,130,NA,NA
2024,02,150,NA,NA
2024,02,158,NA,NA
2024,02,164,NA,NA
2024,02,170,NA,NA
2024,02,180,NA,NA
2024,02,185,NA,NA
2024,02,188,NA,NA
2024,02,195,NA,NA
2024,02,198,NA,NA
2024,02,220,NA,NA
2024,02,230,NA,NA
2024,02,240,NA,NA
2024,02,275,NA,NA
2024,02,282,NA,NA
2024,02,290,NA,NA
2024,04,001,0.6813775563384686,1
2024,04,003,0.6294603658214055,1
2024,04,005,0.6297837233646186,1
2024,04,007,0.6484575984425337,1
2024,04,009,0.5355720176112936,1
2024,04,011,0.49226462354501255,1
2024,04,012,0.5845289607530555,1
2024,04,013,0.6430347781523871,1
2024,04,015,0.6200201560142317,1
2024,04,017,0.6422607739226077,1
2024,04,019,0.6499607762798925,1
2024,04,021,0.609720605355064,1
2024,04,023,0.6512469831053902,1
2024,04,025,0.7532215947955204,1
2024,04,027,0.5147992648926474,1
2024,05,001,0.44383101296207395,1
2024,05,003,0.5039787798408488,1
2024,05,005,0.6046457942576828,1
2024,05,007,0.632451015108593,1
2024,05,009,0.5846059239520345,1
2024,05,011,0.4471850613154961,1
2024,05,013,0.5528541226215645,1
2024,05,015,0.5577955039883974,1
2024,05,017,0.4628033417318658,1
2024,05,019,0.4605991337824832,1
2024,05,021,0.44503180718573604,1
2024,05,023,0.62899323557003906,1
2024,05,025,0.5771467670201847,1
2024,05,027,0.45840309450955485,1
2024,05,029,0.5342465753424658,1
2024,05,031,0.4529665036853244,1
2024,05,033,0.525267217630854,1
2024,05,035,0.4324173072958087,1
2024,05,037,0.5368057837660204,1
2024,05,039,0.4668541582965046,1
2024,05,041,0.4506879259354507,1
2024,05,043,0.4887506718881978,1
2024,05,045,0.5666944126521694,1
2024,05,047,0.5235055572243917,1
2024,05,049,0.5202186919744172,1
2024,05,051,0.5415914936086906,1
2024,05,053,0.5660033632286996,1
2024,05,055,0.451883801308235,1
2024,05,057,0.45359058402860547,1
2024,05,059,0.46260168725519735,1
2024,05,061,0.5035460992907801,1
2024,05,063,0.5038478135788262,1
2024,05,065,0.5169254929331705,1
2024,05,067,0.36048618450853087,1
2024,05,069,0.429932947332816,1
2024,05,071,0.49424409405859565,1
2024,05,073,0.46425718849840253,1
2024,05,075,0.45546931263503243,1
2024,05,077,0.37388724035608306,1
2024,05,079,0.3171855893142696,1
2024,05,081,0.5333696243875885,1
2024,05,083,0.4951122375090514,1
2024,05,085,0.5487848591296867,1
2024,05,087,0.5785576552256074,1
2024,05,089,0.5687069902209344,1
2024,05,091,0.49013708826995844,1
2024,05,093,0.37739902102334755,1
2024,05,095,0.48875050220972277,1
2024,05,097,0.5462717359269084,1
2024,05,099,0.45996835443037976,1
2024,05,101,0.6536061026352289,1
2024,05,103,0.5058940824585069,1
2024,05,105,0.5860393761186398,1
2024,05,107,0.4414446629715716,1
2024,05,109,0.5779840848806366,1
2024,05,111,0.41825701624815365,1
2024,05,113,0.5636561479869423,1
2024,05,115,0.5076703531930075,1
2024,05,117,0.5003909304143862,1
2024,05,119,0.5276429452900041,1
2024,05,121,0.4748479427549195,1
2024,05,123,0.34610709117221417,1
2024,05,125,0.6054927268140923,1
2024,05,127,0.45773028540511296,1
2024,05,129,0.6208279845956355,1
2024,05,131,0.49268858465307364,1
2024,05,133,0.4837848932676519,1
2024,05,135,0.5301917730091965,1
2024,05,137,0.598927294398093,1
2024,05,139,0.5457307379800049,1
2024,05,141,0.5983825376884422,1
2024,05,143,0.5510822216172067,1
2024,05,145,0.5254664735451989,1
2024,05,147,0.4926673751328374,1
2024,05,149,0.4523676491130046,1
2024,06,001,0.6182337838760703,1
2024,06,003,0.579732914375491,2
2024,06,005,0.6564019923820685,1
2024,06,007,0.5998337953653013,1
2024,06,009,0.7151151799940587,1
2024,06,011,0.5538813505837804,1
2024,06,013,0.6672840269384398,1
2024,06,015,0.512840429147046,1
2024,06,017,0.7536811758207709,1
2024,06,019,0.5141934191494832,1
2024,06,021,0.5929248764976435,1
2024,06,023,0.6064795142724947,1
2024,06,025,0.5214718004652464,1
2024,06,027,0.6307963354474982,1
2024,06,029,0.5146773704112207,1
2024,06,031,0.4424177815681467,1
2024,06,033,0.5376532047418123,1
2024,06,035,0.4876699403868422,1
2024,06,037,0.583062321723465,1
2024,06,039,0.5595173466356643,1
2024,06,041,0.7775601597064854,1
2024,06,043,0.7141569658280135,1
2024,06,045,0.5993489324632055,1
2024,06,047,0.5201861764581915,1
2024,06,049,0.6078401695171788,1
2024,06,051,0.6306156405990017,1
2024,06,053,0.6069348380050965,1
2024,06,055,0.6824963818289724,1
2024,06,057,0.7615989017050538,1
2024,06,059,0.6527456128618992,1
2024,06,061,0.7547944324793469,1
2024,06,063,0.636306175336578,1
2024,06,065,0.5684740385743008,1
2024,06,067,0.5946320418453692,1
2024,06,069,0.6418953428982681,1
2024,06,071,0.5344161311144164,1
2024,06,073,0.6382438582807073,1
2024,06,075,0.6537441960823759,1
2024,06,077,0.5279649986984641,1
2024,06,079,0.686520133510011,1
2024,06,081,0.668299113949134,1
2024,06,083,0.6406152458902684,1
2024,06,085,0.644210983554628,1
2024,06,087,0.7020679692447803,1
2024,06,089,0.643070535216973,1
2024,06,091,0.7774822695035462,2
2024,06,093,0.6343803507114602,1
2024,06,095,0.5988832102971796,1
2024,06,097,0.7134899216490866,1
2024,06,099,0.5642702023088353,1
2024,06,101,0.6128248270704805,1
2024,06,103,0.5811029830478777,1
2024,06,105,0.4370886566008517,1
2024,06,107,0.5049501334764873,1
2024,06,109,0.6501037999819478,1
2024,06,111,0.6759049675121982,1
2024,06,113,0.6000777730969895,1
2024,06,115,0.5221936649069185,1
2024,08,001,0.6676337708192059,1
2024,08,003,0.6208405581702584,1
2024,08,005,0.7039578989262756,1
2024,08,007,0.8337789661319073,1
2024,08,009,0.781591263650546,1
2024,08,011,0.48173415492957744,1
2024,08,013,0.7651140747444094,1
2024,08,014,0.8176070973262779,1
2024,08,015,0.8434355253919963,1
2024,08,017,0.8004552352048558,2
2024,08,019,0.7767027371101209,1
2024,08,021,0.7475409836065574,1
2024,08,023,0.738898756660746,1
2024,08,025,0.3518976897689769,1
2024,08,027,0.8645204560697518,1
2024,08,029,0.7729184855940948,1
2024,08,031,0.6749101237633885,1
2024,08,033,0.6825396825396826,1
2024,08,035,0.8805554451761595,1
2024,08,037,0.7108190349553788,1
2024,08,039,0.9408322197133773,1
2024,08,041,0.6917961015132523,1
2024,08,043,0.619258358662614,1
2024,08,045,0.7199544872706585,1
2024,08,047,0.8471481329503487,1
2024,08,049,0.7639329056195409,1
2024,08,051,0.7620341344479276,1
2024,08,053,0.73992673992674,2
2024,08,055,0.7556615017878426,1
2024,08,057,0.7328646748681898,2
2024,08,059,0.7896772953360406,1
2024,08,061,0.8306063522617901,2
2024,08,063,0.7452640064490125,1
2024,08,065,0.7295280731206865,1
2024,08,067,0.7793504139090929,1
2024,08,069,0.7751798870312882,1
2024,08,071,0.6763888888888889,1
2024,08,073,0.574396782841823,1
2024,08,075,0.6108439528732869,1
2024,08,077,0.7459101162023729,1
2024,08,079,1,2
2024,08,081,0.6926591215865434,1
2024,08,083,0.7336888027144934,1
2024,08,085,0.7685868586858686,1
2024,08,087,0.6713223923779119,1
2024,08,089,0.6524599751443819,1
2024,08,091,0.9412034910427194,1
2024,08,093,0.7925769939457752,1
2024,08,095,0.7751070135001646,1
2024,08,097,0.8083242851972494,1
2024,08,099,0.6147962232580375,1
2024,08,101,0.6627032330405531,1
2024,08,103,0.7801268498942917,1
2024,08,105,0.7135122681718696,1
2024,08,107,0.8149164380144674,1
2024,08,109,0.6498470948012233,1
2024,08,111,1,2
2024,08,113,0.7625396825396825,1
2024,08,115,0.7813578826237054,1
2024,08,117,0.7185515913652563,1
2024,08,119,0.7855080831408776,1
2024,08,121,0.7670858392564243,1
2024,08,123,0.7370521846749011,1
2024,08,125,0.7520967741935484,1
2024,09,110,NA,NA
2024,09,120,NA,NA
2024,09,130,NA,NA
2024,09,140,NA,NA
2024,09,150,NA,NA
2024,09,160,NA,NA
2024,09,170,NA,NA
2024,09,180,NA,NA
2024,09,190,NA,NA
2024,10,001,0.6290708214084346,1
2024,10,003,0.6492210533250823,1
2024,10,005,0.7418933382913825,1
2024,11,001,0.6482234815064829,1
2024,12,001,0.6170071439222438,1
2024,12,003,0.7000233699462491,1
2024,12,005,0.700122442842106,1
2024,12,007,0.6348598769651401,1
2024,12,009,0.7214493297458703,1
2024,12,011,0.6648772673812606,1
2024,12,013,0.6095201972311777,1
2024,12,015,0.7238695026162688,1
2024,12,017,0.7213390411713306,1
2024,12,019,0.7439296965288248,1
2024,12,021,0.7487265730974725,1
2024,12,023,0.6153620692813571,1
2024,12,027,0.4796619934703284,1
2024,12,029,0.5885582201675816,1
2024,12,031,0.6290117211795387,1
2024,12,033,0.6515673165458985,1
2024,12,035,0.7825423231235933,1
2024,12,037,0.6530730575956707,1
2024,12,039,0.668010752688172,1
2024,12,041,0.7325700966614108,1
2024,12,043,0.5278472152784721,1
2024,12,045,0.6925465838509317,1
2024,12,047,0.5420763993948563,1
2024,12,049,0.4648627048010504,1
2024,12,051,0.5348061029879212,1
2024,12,053,0.6771707012681925,1
2024,12,055,0.6249021803253031,1
2024,12,057,0.6302555844321498,1
2024,12,059,0.5923326835607537,1
2024,12,061,0.7235916136245716,1
2024,12,063,0.5705949184052882,1
2024,12,065,0.6896495781959766,1
2024,12,067,0.5937401201391085,1
2024,12,069,0.7121709803231945,1
2024,12,071,0.6475256638452795,1
2024,12,073,0.6712730479603064,1
2024,12,075,0.683010198363779,1
2024,12,077,0.5803126039241769,1
2024,12,079,0.6303614457831326,1
2024,12,081,0.700893650122808,1
2024,12,083,0.6884525845991588,1
2024,12,085,0.7647260194038792,1
2024,12,086,0.6630501378999811,1
2024,12,087,0.7055340686625603,1
2024,12,089,0.8432271991365353,1
2024,12,091,0.7149661190771303,1
2024,12,093,0.5445604991861096,1
2024,12,095,0.6064391317678949,1
2024,12,097,0.6244781859121943,1
2024,12,099,0.6913047025210022,1
2024,12,101,0.6900765112101599,1
2024,12,103,0.6649759575505123,1
2024,12,105,0.6131880838740063,1
2024,12,107,0.6335499196534619,1
2024,12,109,0.8499427508845634,1
2024,12,111,0.6889184934896754,1
2024,12,113,0.7396624888976611,1
2024,12,115,0.7381552626895092,1
2024,12,117,0.709180350779121,1
2024,12,119,0.8065648667709195,1
2024,12,121,0.6330904043033142,1
2024,12,123,0.6011786637801432,1
2024,12,125,0.5172242051963144,1
2024,12,127,0.6748005467984257,1
2024,12,129,0.719368161727411,1
2024,12,131,0.7859202687286094,1
2024,12,133,0.6239587465291551,1
2024,13,001,0.6254409005628517,1
2024,13,003,0.5795260663507109,1
2024,13,005,0.6025401568920433,1
2024,13,007,0.6618834080717488,1
2024,13,009,0.5389350128829087,1
2024,13,011,0.7211709858768682,1
2024,13,013,0.6941587271491997,1
2024,13,015,0.6838377716777774,1
2024,13,017,0.5184210526315789,1
2024,13,019,0.5805987334484743,1
2024,13,021,0.5992031527434931,1
2024,13,023,0.6146649038950472,1
2024,13,025,0.5897862892034416,1
2024,13,027,0.5640744797371303,1
2024,13,029,0.7341414021085234,1
2024,13,031,0.5067421832570409,1
2024,13,033,0.6049841512733632,1
2024,13,035,0.6214319809069212,1
2024,13,037,0.4565844992227404,1
2024,13,039,0.6185376142488868,1
2024,13,043,0.5853408508457202,1
2024,13,045,0.668892844900983,1
2024,13,047,0.6624943276357586,1
2024,13,049,0.45533254624163716,1
2024,13,051,0.6229730385989077,1
2024,13,053,0.22796393486744718,1
2024,13,055,0.5621718126444024,1
2024,13,057,0.804422611730182,1
2024,13,059,0.5287272436442161,1
2024,13,061,0.6302447552447552,1
2024,13,063,0.5570601638338926,1
2024,13,065,0.6125974299557615,1
2024,13,067,0.742522403190836,1
2024,13,069,0.5109738253942449,1
2024,13,071,0.5348552661235793,1
2024,13,073,0.729439930723582,1
2024,13,075,0.5776992540243424,1
2024,13,077,0.7626537894792905,1
2024,13,079,0.6626946796278875,1
2024,13,081,0.547638326585695,1
2024,13,083,0.64097553349488,1
2024,13,085,0.8360830911266883,1
2024,13,087,0.5394712257100149,1
2024,13,089,0.686372245663385,1
2024,13,091,0.528146742567995,1
2024,13,093,0.4672782190401611,1
2024,13,095,0.5470883907358621,1
2024,13,097,0.6758634530476499,1
2024,13,099,0.61224745890325,1
2024,13,101,0.6396797153024911,1
2024,13,103,0.7324535699128993,1
2024,13,105,0.6326867247294801,1
2024,13,107,0.5675930843217089,1
2024,13,109,0.5505253599688675,1
2024,13,111,0.7492784656922075,1
2024,13,113,0.8371526959877063,1
2024,13,115,0.6078862981683787,1
2024,13,117,0.8098565972303583,1
2024,13,119,0.6676566023208491,1
2024,13,121,0.681760631373538,1
2024,13,123,0.7193009769197836,1
2024,13,125,0.7360070515645659,1
2024,13,127,0.6728158612447522,1
2024,13,129,0.6426875261908088,1
2024,13,131,0.5798842179299897,1
2024,13,133,0.7900883643329419,1
2024,13,135,0.7009282261732789,1
2024,13,137,0.6764688789446156,1
2024,13,139,0.7270387428881062,1
2024,13,141,0.5724314837316052,1
2024,13,143,0.6901729228173766,1
2024,13,145,0.7934755599730219,1
2024,13,147,0.6873710969351048,1
2024,13,149,0.6869469026548672,1
2024,13,151,0.7140430194400943,1
2024,13,153,0.6691732409512942,1
2024,13,155,0.6116354416114945,1
2024,13,157,0.7700947071576443,1
2024,13,159,0.7633958472873409,1
2024,13,161,0.5637480798771122,1
2024,13,163,0.6476049982644915,1
2024,13,165,0.48616657159155735,1
2024,13,167,0.5306339904102291,1
2024,13,169,0.7320868022382967,1
2024,13,171,0.6777322137603332,1
2024,13,173,0.49196734263892544,1
2024,13,175,0.634651447207501,1
2024,13,177,0.7195231119791666,1
2024,13,179,0.4874269748539497,1
2024,13,181,0.7927652733118971,1
2024,13,183,0.5474435565210645,1
2024,13,185,0.5416355023684867,1
2024,13,187,0.629080118694362,1
2024,13,189,0.6493498490170703,1
2024,13,191,0.7726324572382144,1
2024,13,193,0.4959779847586791,1
2024,13,195,0.713187186676863,1
2024,13,197,0.6468381564844587,1
2024,13,199,0.7138185781760931,1
2024,13,201,0.6136517233611174,1
2024,13,205,0.5564819458375125,1
2024,13,207,0.7648507365965352,1
2024,13,209,0.5879828326180258,1
2024,13,211,0.8171729696218227,1
2024,13,213,0.5931610581004448,1
2024,13,215,0.5397516194359132,1
2024,13,217,0.6961262790588013,1
2024,13,219,0.8760152813894507,1
2024,13,221,0.7494053686714237,1
2024,13,223,0.745250005871439,1
2024,13,225,0.6203716512196247,1
2024,13,227,0.7504215851602024,1
2024,13,229,0.6512543368027756,1
2024,13,231,0.8306745217448864,1
2024,13,233,0.6231026749439335,1
2024,13,235,0.5455460493205838,1
2024,13,237,0.7254239197791674,1
2024,13,239,0.5855161787365177,1
2024,13,241,0.7513155049376486,1
2024,13,243,0.662677304964539,1
2024,13,245,0.5378941948770756,1
2024,13,247,0.6563762681317403,1
2024,13,249,0.7155909224874742,1
2024,13,251,0.6223021582733813,1
2024,13,253,0.5520044083207053,1
2024,13,255,0.6417388601841421,1
2024,13,257,0.6312466869066551,1
2024,13,259,0.4867978876620259,1
2024,13,261,0.5522504354202952,1
2024,13,263,0.7049864385562278,1
2024,13,265,0.7010309278350515,2
2024,13,267,0.4595367920963127,1
2024,13,269,0.6435035552682612,1
2024,13,271,0.4537037037037037,1
2024,13,273,0.6372577803875514,1
2024,13,275,0.6422338568935427,1
2024,13,277,0.5780144256940664,1
2024,13,279,0.5849997319466038,1
2024,13,281,0.7942841736317067,1
2024,13,283,0.6347366280252186,1
2024,13,285,0.6115256886110568,1
2024,13,287,0.5811097634930261,1
2024,13,289,0.7128459446488562,1
2024,13,291,0.8136889050696278,1
2024,13,293,0.6346743473009384,1
2024,13,295,0.5973822866824301,1
2024,13,297,0.7630350957453761,1
2024,13,299,0.5501318756928252,1
2024,13,301,0.6303501945525292,1
2024,13,303,0.614314372613732,1
2024,13,305,0.5985346691971576,1
2024,13,307,0.675088428499242,2
2024,13,309,0.3706840390879479,1
2024,13,311,0.7321583986074848,1
2024,13,313,0.5956034096007178,1
2024,13,315,0.4763056780987619,1
2024,13,317,0.686044946844301,1
2024,13,319,0.7267880941803643,1
2024,13,321,0.5900361285415479,1
2024,15,001,0.5431835621110069,1
2024,15,003,0.46736206882370196,1
2024,15,005,NA,NA
2024,15,007,0.5593094210447983,1
2024,15,009,0.529384532507323,1
2024,16,001,0.6820434344593647,1
2024,16,003,0.6874358974358974,1
2024,16,005,0.6103765230402785,1
2024,16,007,0.6947346427078981,1
2024,16,009,0.6522565922920892,1
2024,16,011,0.6131714124528638,1
2024,16,013,0.7139584356079202,1
2024,16,015,0.7090252707581227,1
2024,16,017,0.7320438585684366,1
2024,16,019,0.6413400456833755,1
2024,16,021,0.7397003745318352,1
2024,16,023,0.7634133878385284,1
2024,16,025,0.8943488943488943,2
2024,16,027,0.5860548755728291,1
2024,16,029,0.6876243533625149,1
2024,16,031,0.5974496812101513,1
2024,16,033,0.6951983298538622,2
2024,16,035,0.5864402282075096,1
2024,16,037,0.6948085998951232,1
2024,16,039,0.5132002885308968,1
2024,16,041,0.6942404329339003,1
2024,16,043,0.6642257371607108,1
2024,16,045,0.6867563372995344,1
2024,16,047,0.5730609082986347,1
2024,16,049,0.7127275353943947,1
2024,16,051,0.7288978990047917,1
2024,16,053,0.5398464569603914,1
2024,16,055,0.6882722662666952,1
2024,16,057,0.6293562178954816,1
2024,16,059,0.7143485270408911,1
2024,16,061,0.6459062281315605,1
2024,16,063,0.5603624671148787,1
2024,16,065,0.4204218019806775,1
2024,16,067,0.5430074468811915,1
2024,16,069,0.6017453154418577,1
2024,16,071,0.7101156069364162,1
2024,16,073,0.5830388692579506,1
2024,16,075,0.6120101993027007,1
2024,16,077,0.5910780669144982,1
2024,16,079,0.5670951632294461,1
2024,16,081,0.7646118721461187,1
2024,16,083,0.5725948504296414,1
2024,16,085,0.7259600922490725,1
2024,16,087,0.6724367509986684,1
2024,17,001,0.6368867413838042,1
2024,17,003,0.5946582875098193,1
2024,17,005,0.5852926096828536,1
2024,17,007,0.6428325338563061,1
2024,17,009,0.4718431674034211,1
2024,17,011,0.6236940589427725,1
2024,17,013,0.7734487734487735,1
2024,17,015,0.6229638458482321,1
2024,17,017,0.619210775047259,1
2024,17,019,0.5942867378281378,1
2024,17,021,0.5780744487003087,1
2024,17,023,0.6985018726591761,1
2024,17,025,0.682015113350126,1
2024,17,027,0.6732014703308244,1
2024,17,029,0.5714171847600829,1
2024,17,031,0.5790324669266769,1
2024,17,033,0.6074925210769649,1
2024,17,035,0.7203146460232239,1
2024,17,037,0.626235269249062,1
2024,17,039,0.6466077679613269,1
2024,17,041,0.580280135237701,1
2024,17,043,0.7011145536491159,1
2024,17,045,0.5995756289784784,1
2024,17,047,0.6977089520577004,1
2024,17,049,0.7354142581888247,1
2024,17,051,0.5689818655920351,1
2024,17,053,0.6492618646586743,1
2024,17,055,0.6134109978503571,1
2024,17,057,0.6129546662616752,1
2024,17,059,0.661437908496732,1
2024,17,061,0.6653482751043727,1
2024,17,063,0.6697987253444845,1
2024,17,065,0.6775239021228326,1
2024,17,067,0.6720290607161391,1
2024,17,069,0.6275659824046921,1
2024,17,071,0.6879841112214499,1
2024,17,073,0.6635111193378639,1
2024,17,075,0.658560695927244,1
2024,17,077,0.5457173395520575,1
2024,17,079,0.7711442786069652,1
2024,17,081,0.5923845415437125,1
2024,17,083,0.6909714015599149,1
2024,17,085,0.7005643340857788,1
2024,17,087,0.5650402740486992,1
2024,17,089,0.639622522733906,1
2024,17,091,0.596933077338152,1
2024,17,093,0.7098170855560664,1
2024,17,095,0.5822728346146782,1
2024,17,097,0.6412137386003193,1
2024,17,099,0.627320733076868,1
2024,17,101,0.5049586776859504,1
2024,17,103,0.602197555779796,1
2024,17,105,0.6040662870492043,1
2024,17,107,0.56668621171801,1
2024,17,109,0.5539515084212474,1
2024,17,111,0.7126802747378221,1
2024,17,113,0.6742884753265376,1
2024,17,115,0.5850451612903226,1
2024,17,117,0.6681022189264731,1
2024,17,119,0.6471397795079535,1
2024,17,121,0.5976609855237823,1
2024,17,123,0.6663404023926047,1
2024,17,125,0.6325922985311632,1
2024,17,127,0.6188931120793548,1
2024,17,129,0.6833492721283604,1
2024,17,131,0.6831464352950807,1
2024,17,133,0.7673556297955137,1
2024,17,135,0.5933132611333304,1
2024,17,137,0.5509177583424045,1
2024,17,139,0.6077080618134426,1
2024,17,141,0.6627874116891458,1
2024,17,143,0.6037519931032904,1
2024,17,145,0.5594337910592221,1
2024,17,147,0.7318349753694581,1
2024,17,149,0.6810884353741496,1
2024,17,151,0.6701225259189444,1
2024,17,153,0.5989937106918239,1
2024,17,155,0.7430354357031425,1
2024,17,157,0.6095776804321014,1
2024,17,159,0.651790216843167,1
2024,17,161,0.6050822407628129,1
2024,17,163,0.62542098952088,1
2024,17,165,0.5794448694131789,1
2024,17,167,0.6644489557998834,1
2024,17,169,0.6683854907539118,1
2024,17,171,0.666065911431514,1
2024,17,173,0.7188173698798891,1
2024,17,175,0.6734146341463415,1
2024,17,177,0.6184458583716272,1
2024,17,179,0.6744428140862944,1
2024,17,181,0.6232290325024623,1
2024,17,183,0.5362016404151847,1
2024,17,185,0.6187571921749137,1
2024,17,187,0.6152511566424322,1
2024,17,189,0.7035727577223669,1
2024,17,191,0.6826431281966672,1
2024,17,193,0.6654425612052731,1
2024,17,195,0.6275538049023562,1
2024,17,197,0.6583231853129007,1
2024,17,199,0.6355319803198032,1
2024,17,201,0.590936317550293,1
2024,17,203,0.7321917570799681,1
2024,18,001,0.5671241776983675,1
2024,18,003,0.5852625311170575,1
2024,18,005,0.6202569256313903,1
2024,18,007,0.6148343958948842,1
2024,18,009,0.5642715886618326,1
2024,18,011,0.7400047969594656,1
2024,18,013,0.6665893988564364,1
2024,18,015,0.5761967501097935,1
2024,18,017,0.5302764615901205,1
2024,18,019,0.6243089803265767,1
2024,18,021,0.5935792013393077,1
2024,18,023,0.5711009174311926,1
2024,18,025,0.6024284683818225,1
2024,18,027,0.5015112357089667,1
2024,18,029,0.6692834138486312,1
2024,18,031,0.6047638070508339,1
2024,18,033,0.5990677401779769,1
2024,18,035,0.5068302078951447,1
2024,18,037,0.676433442788583,1
2024,18,039,0.5023292987622675,1
2024,18,041,0.5430258872881824,1
2024,18,043,0.666305315103956,1
2024,18,045,0.6216995093075784,1
2024,18,047,0.6733814559901516,1
2024,18,049,0.5781637717121588,1
2024,18,051,0.6393132840141524,1
2024,18,053,0.4921740491469714,1
2024,18,055,0.6051945903469953,1
2024,18,057,0.7677211139208892,1
2024,18,059,0.6995263050217962,1
2024,18,061,0.6669058412967613,1
2024,18,063,0.6239845783421718,1
2024,18,065,0.5314007169937843,1
2024,18,067,0.6057822969870202,1
2024,18,069,0.622040615902634,1
2024,18,071,0.5858484344084671,1
2024,18,073,0.6377851213024905,1
2024,18,075,0.5437525164407462,1
2024,18,077,0.547751949839425,1
2024,18,079,0.5644028103044496,1
2024,18,081,0.6373298832315226,1
2024,18,083,0.5426273073331896,1
2024,18,085,0.5905567777965814,1
2024,18,087,0.3806720538228089,1
2024,18,089,0.5672171439244039,1
2024,18,091,0.5516909333488021,1
2024,18,093,0.6004527447651387,1
2024,18,095,0.5455061568880797,1
2024,18,097,0.5331587090100404,1
2024,18,099,0.5852483542788749,1
2024,18,101,0.6522079958191795,1
2024,18,103,0.5001968292595641,1
2024,18,105,0.5308535798752957,1
2024,18,107,0.5759091382723768,1
2024,18,109,0.6294983885040688,1
2024,18,111,0.6129062209842154,1
2024,18,113,0.5537581031361327,1
2024,18,115,0.6459770114942529,1
2024,18,117,0.5670273123103312,1
2024,18,119,0.5752562907735321,1
2024,18,121,0.5239370078740158,1
2024,18,123,0.5688217919264851,1
2024,18,125,0.6338607594936709,1
2024,18,127,0.6303525327161044,1
2024,18,129,0.6608615948670944,1
2024,18,131,0.6041513785512108,1
2024,18,133,0.5645748987854251,1
2024,18,135,0.5713280277191273,1
2024,18,137,0.6519574564381082,1
2024,18,139,0.5940409683426443,1
2024,18,141,0.5548529544293911,1
2024,18,143,0.5474232898060079,1
2024,18,145,0.5767254466892444,1
2024,18,147,0.6767774969213818,1
2024,18,149,0.5864114618312066,1
2024,18,151,0.594773379856795,1
2024,18,153,0.5230760080884976,1
2024,18,155,0.5656968247641823,1
2024,18,157,0.49245195527847907,1
2024,18,159,0.6613050327501866,1
2024,18,161,0.6392242956458105,1
2024,18,163,0.5369209512035489,1
2024,18,165,0.6030083935843098,1
2024,18,167,0.4946322356013347,1
2024,18,169,0.5776646805693479,1
2024,18,171,0.6597222222222222,1
2024,18,173,0.6705968153640453,1
2024,18,175,0.5865836791147995,1
2024,18,177,0.5334884460883745,1
2024,18,179,0.6710419936272412,1
2024,18,181,0.6181063122923588,1
2024,18,183,0.6658409338287731,1
2024,19,001,0.7159804605722261,1
2024,19,003,0.7667378917378918,1
2024,19,005,0.7331552389433066,1
2024,19,007,0.691388066017774,1
2024,19,009,0.7576665898086234,1
2024,19,011,0.7382506197197349,1
2024,19,013,0.6428244902934812,1
2024,19,015,0.7399990463929814,1
2024,19,017,0.7543958868894601,1
2024,19,019,0.7089401162411023,1
2024,19,021,0.6068574168797954,1
2024,19,023,0.7432345656361802,1
2024,19,025,0.6727535470310037,1
2024,19,027,0.7265361680062224,1
2024,19,029,0.7301491939521377,1
2024,19,031,0.7434224227698716,1
2024,19,033,0.6980642826991498,1
2024,19,035,0.6935757028339167,1
2024,19,037,0.7108720271800679,1
2024,19,039,0.6556243698689327,1
2024,19,041,0.6943301879183805,1
2024,19,043,0.7182114932057997,1
2024,19,045,0.6787389118029267,1
2024,19,047,0.6024810726990787,1
2024,19,049,0.84909834417108,1
2024,19,051,0.6251968503937008,1
2024,19,053,0.6332658569500674,1
2024,19,055,0.7607092304253893,1
2024,19,057,0.6520970101023844,1
2024,19,059,0.7857688302672683,1
2024,19,061,0.7092233658601791,1
2024,19,063,0.6580847296008718,1
2024,19,065,0.6688224198329291,1
2024,19,067,0.6513908852625349,1
2024,19,069,0.7112868439971244,1
2024,19,071,0.7543512658227848,1
2024,19,073,0.7374202167136708,1
2024,19,075,0.7723324396782841,1
2024,19,077,0.7959995180142185,1
2024,19,079,0.7134322785400915,1
2024,19,081,0.7221886701292427,1
2024,19,083,0.6504647264970288,1
2024,19,085,0.7160085760228694,1
2024,19,087,0.6196668802049968,1
2024,19,089,0.7075184702303347,1
2024,19,091,0.7283687943262411,1
2024,19,093,0.7162926829268292,1
2024,19,095,0.7710766785856178,1
2024,19,097,0.723459589223793,1
2024,19,099,0.6999414015373479,1
2024,19,101,0.7415139022892728,1
2024,19,103,0.7323854846303894,1
2024,19,105,0.6714450586162911,1
2024,19,107,0.6771200836273357,1
2024,19,109,0.7693008011653314,1
2024,19,111,0.6367504684572143,1
2024,19,113,0.7147188772416183,1
2024,19,115,0.6714211618257261,1
2024,19,117,0.7160796324655436,1
2024,19,119,0.8187311178247734,1
2024,19,121,0.8019817677368213,1
2024,19,123,0.6639146679522719,1
2024,19,125,0.7659731961976001,1
2024,19,127,0.6503512180541026,1
2024,19,129,0.7439928539526575,1
2024,19,131,0.7291483205434646,1
2024,19,133,0.7052870090634441,1
2024,19,135,0.7265625,1
2024,19,137,0.6494084722045541,1
2024,19,139,0.6425569063631661,1
2024,19,141,0.7376474027872527,1
2024,19,143,0.7204706927175843,1
2024,19,145,0.6116240725474031,1
2024,19,147,0.7444312444312444,1
2024,19,149,0.7472410865874364,1
2024,19,151,0.6791171477079796,1
2024,19,153,0.7226540841757442,1
2024,19,155,0.6394594749021513,1
2024,19,157,0.6959977880693993,1
2024,19,159,0.7564174107142857,1
2024,19,161,0.7395749260156039,1
2024,19,163,0.692371171832019,1
2024,19,165,0.730408573342264,1
2024,19,167,0.775376130418914,1
2024,19,169,0.6305118209892169,1
2024,19,171,0.6998388396454472,1
2024,19,173,0.7010169491525424,1
2024,19,175,0.6626083141384227,1
2024,19,177,0.6632190165124296,1
2024,19,179,0.5907154340836013,1
2024,19,181,0.8127944640753828,1
2024,19,183,0.7022198159177044,1
2024,19,185,0.6586127890022911,1
2024,19,187,0.5944809554095117,1
2024,19,189,0.6998394863563403,1
2024,19,191,0.7666285859355166,1
2024,19,193,0.5938890414721231,1
2024,19,195,0.7454199792602835,1
2024,19,197,0.6599588383260919,1
2024,20,001,0.5958714620131943,1
2024,20,003,0.6541846419327007,1
2024,20,005,0.5794265633735325,1
2024,20,007,0.6935123042505593,1
2024,20,009,0.5758335149269993,1
2024,20,011,0.6176111267737995,1
2024,20,013,0.6124856156501726,1
2024,20,015,0.6438829521621892,1
2024,20,017,0.7376387487386479,1
2024,20,019,0.582824427480916,1
2024,20,021,0.5919462175743583,1
2024,20,023,0.7277379733879222,1
2024,20,025,0.6930963773069037,1
2024,20,027,0.6693246541903987,1
2024,20,029,0.6021425383127511,1
2024,20,031,0.6727636028281586,1
2024,20,033,0.6324167872648335,2
2024,20,035,0.527868980612883,1
2024,20,037,0.5525336580745551,1
2024,20,039,0.6849056603773584,1
2024,20,041,0.6499857833380722,1
2024,20,043,0.6100972198533174,1
2024,20,045,0.6098921883866086,1
2024,20,047,0.6703645007923931,1
2024,20,049,0.7136,1
2024,20,051,0.5970129468428262,1
2024,20,053,0.5334622823984526,1
2024,20,055,0.4880278821346128,1
2024,20,057,0.4416281817205456,1
2024,20,059,0.6425321063808271,1
2024,20,061,0.39104643222942986,1
2024,20,063,0.6724470134874759,1
2024,20,065,0.6798732171156894,1
2024,20,067,0.5689390056381343,2
2024,20,069,0.6049655172413793,1
2024,20,071,0.6968272620446534,2
2024,20,073,0.6235675675675676,1
2024,20,075,0.6702302631578947,2
2024,20,077,0.65211842776927,1
2024,20,079,0.6369936245198591,1
2024,20,081,0.5969173283512378,1
2024,20,083,0.7937551355792933,2
2024,20,085,0.6685254027261462,1
2024,20,087,0.6979049493813273,1
2024,20,089,0.6927816901408451,1
2024,20,091,0.002890070685664272,1
2024,20,093,1,1
2024,20,095,0.20010845986984815,1
2024,20,097,1,1
2024,20,099,0.05639173188842063,1
2024,20,101,1,2
2024,20,103,0.024172721877355918,1
2024,20,105,1,1
2024,20,107,0.18433179723502305,1
2024,20,109,1,1
2024,20,111,0.2564214572776516,1
2024,20,113,0.07304775038786417,1
2024,20,115,0.5389455413321762,1
2024,20,117,1,1
2024,20,119,1,1
2024,20,121,0.11951770911831198,1
2024,20,123,1,1
2024,20,125,0.1210912087435486,1
2024,20,127,0.2534066459478843,1
2024,20,129,1,1
2024,20,131,0.9196150196556866,1
2024,20,133,0.11614827439284192,1
2024,20,135,1,1
2024,20,137,1,1
2024,20,139,0.14723213544692507,1
2024,20,141,1,1
2024,20,143,0.6043831902394939,1
2024,20,145,0.5232380952380953,1
2024,20,147,1,1
2024,20,149,0.22230693824202158,1
2024,20,151,0.2087797619047619,1
2024,20,153,1,1
2024,20,155,0.051807867670448524,1
2024,20,157,1,1
2024,20,159,1,1
2024,20,161,0.044087967151506716,1
2024,20,163,0.4236349248219467,1
2024,20,165,1,1
2024,20,167,1,1
2024,20,169,0.053154409201812476,1
2024,20,171,1,1
2024,20,173,0.0036751322298122016,1
2024,20,175,0.2236887508626639,1
2024,20,177,0.01511896955856528,1
2024,20,179,1,1
2024,20,181,0.1489123121776183,1
2024,20,183,0.64795197740113,1
2024,20,185,1,1
2024,20,187,1,2
2024,20,189,0.5049315940184537,1
2024,20,191,0.22791277998930545,1
2024,20,193,0.13231912258977535,1
2024,20,195,1,1
2024,20,197,0.15955473098330242,1
2024,20,199,1,1
2024,20,201,0.36920813924981616,1
2024,20,203,1,1
2024,20,205,1,1
2024,20,207,1,1
2024,20,209,1,1
2024,21,001,0.6053696708041014,1
2024,21,003,0.5800689825080069,1
2024,21,005,0.7078378378378378,1
2024,21,007,0.6698345076192037,1
2024,21,009,0.5901180116819644,1
2024,21,011,0.5638208830299226,1
2024,21,013,0.5092693565976009,1
2024,21,015,0.6748781293480546,1
2024,21,017,0.6333510426351441,1
2024,21,019,0.5603969400310277,1
2024,21,021,0.5978785357737105,1
2024,21,023,0.6416872682323856,1
2024,21,025,0.4901265337423313,1
2024,21,027,0.624332049210886,1
2024,21,029,0.6624404004476674,1
2024,21,031,0.6371140651801029,1
2024,21,033,0.6409778330225813,1
2024,21,035,0.5562120466108649,1
2024,21,037,0.6642479213907785,1
2024,21,039,0.7264124686891177,1
2024,21,041,0.5153649167733675,1
2024,21,043,0.5665955652562131,1
2024,21,045,0.5859956960768085,1
2024,21,047,0.4283652895829215,1
2024,21,049,0.623779296875,1
2024,21,051,0.47943108616620955,1
2024,21,053,0.6839523475823406,1
2024,21,055,0.5842925834183301,1
2024,21,057,0.7484235703413785,1
2024,21,059,0.6191840973929505,1
2024,21,061,0.623079992020746,1
2024,21,063,0.480600957569754,1
2024,21,065,0.5757437070938215,1
2024,21,067,0.6129092697550237,1
2024,21,069,0.6025133413668445,1
2024,21,071,0.571532900021909,1
2024,21,073,0.6473115577889447,1
2024,21,075,0.4289142171565687,1
2024,21,077,0.5913345410628019,1
2024,21,079,0.6603228672985783,1
2024,21,081,0.6181749582277799,1
2024,21,083,0.6113636363636363,1
2024,21,085,0.5987327360031681,1
2024,21,087,0.6545596781403665,1
2024,21,089,0.6246719160104987,1
2024,21,091,0.6754628954658114,1
2024,21,093,0.5845480517901648,1
2024,21,095,0.5293787901951791,1
2024,21,097,0.6186033749485527,1
2024,21,099,0.5697154471544715,1
2024,21,101,0.5796725945118361,1
2024,21,103,0.6779746410277941,1
2024,21,105,0.5795518207282914,1
2024,21,107,0.6017815805667067,1
2024,21,109,0.5962620578778135,1
2024,21,111,0.6209637113250198,1
2024,21,113,0.6659761910704035,1
2024,21,115,0.5583149588023674,1
2024,21,117,0.636248595030929,1
2024,21,119,0.5432579185520362,1
2024,21,121,0.5794318432063422,1
2024,21,123,0.6273984442523768,1
2024,21,125,0.5752506291513676,1
2024,21,127,0.5338205440519691,1
2024,21,129,0.45051080221068496,1
2024,21,131,0.5450337753314987,1
2024,21,133,0.5201431303596767,1
2024,21,135,0.5717569458325005,1
2024,21,137,0.595466810577442,1
2024,21,139,0.7162201094785364,1
2024,21,141,0.5950252068867117,1
2024,21,143,0.5494750656167979,1
2024,21,145,0.6111568113557668,1
2024,21,147,0.4730069291098759,1
2024,21,149,0.6588001137332954,1
2024,21,151,0.6073655913978495,1
2024,21,153,0.6015054744525548,1
2024,21,155,0.6174615019333831,1
2024,21,157,0.6961439588688946,1
2024,21,159,0.4154353262105024,1
2024,21,161,0.6032679239520501,1
2024,21,163,0.6042959222968637,1
2024,21,165,0.6696483025005082,1
2024,21,167,0.6776646843549863,1
2024,21,169,0.6535372848948374,1
2024,21,171,0.6304786791780497,1
2024,21,173,0.5945833140101099,1
2024,21,175,0.48396685281931184,1
2024,21,177,0.5708329859084466,1
2024,21,179,0.6381992347864942,1
2024,21,181,0.5691991082147144,1
2024,21,183,0.615510158140582,1
2024,21,185,0.7473546267138694,1
2024,21,187,0.6314580941446614,1
2024,21,189,0.5741492350921011,1
2024,21,191,0.6139882541377469,1
2024,21,193,0.4776062329716553,1
2024,21,195,0.5327312765531508,1
2024,21,197,0.546994591284825,1
2024,21,199,0.6248400244147355,1
2024,21,201,0.6858513189448441,1
2024,21,203,0.6098697196999605,1
2024,21,205,0.5028778077726277,1
2024,21,207,0.6448408382278298,1
2024,21,209,0.67241145645103,1
2024,21,211,0.6819000138484974,1
2024,21,213,0.5819242755785425,1
2024,21,215,0.7367002502727331,1
2024,21,217,0.6097573105231748,1
2024,21,219,0.5757405113188422,1
2024,21,221,0.6511627906976745,1
2024,21,223,0.6341791044776119,1
2024,21,225,0.5644274666915121,1
2024,21,227,0.5685290855127065,1
2024,21,229,0.6821213425129088,1
2024,21,231,0.5636739172529529,1
2024,21,233,0.5868187579214195,1
2024,21,235,0.556663343303423,1
2024,21,237,0.5929617575264443,1
2024,21,239,0.739336259184378,1
2024,22,001,0.6382572138352761,1
2024,22,003,0.5447245564892623,1
2024,22,005,0.676224495318504,1
2024,22,007,0.644473455178416,1
2024,22,009,0.5472444975260194,1
2024,22,011,0.5820835319570239,1
2024,22,013,0.6410492878368685,1
2024,22,015,0.550082672480069,1
2024,22,017,0.5462342891092307,1
2024,22,019,0.5358528666455495,1
2024,22,021,0.5914301310043668,1
2024,22,023,0.8894179894179894,1
2024,22,025,0.6512881965248651,1
2024,22,027,0.5201681423844021,1
2024,22,029,0.5690490167302612,1
2024,22,031,0.6824781712940253,1
2024,22,033,0.5712492134360111,1
2024,22,035,0.4015323001915375,1
2024,22,037,0.627373068432671,1
2024,22,039,0.6174216027874564,1
2024,22,041,0.6032224888584162,1
2024,22,043,0.5362112022832679,1
2024,22,045,0.5801111528648563,1
2024,22,047,0.6689321657299699,1
2024,22,049,0.6352527472527473,1
2024,22,051,0.5871644574482456,1
2024,22,053,0.6031252625388558,1
2024,22,055,0.6129694414708706,1
2024,22,057,0.5871912945755557,1
2024,22,059,0.5884444444444444,1
2024,22,061,0.47802964484111315,1
2024,22,063,0.6214381352895695,1
2024,22,065,0.5703671953136162,1
2024,22,067,0.5365607397172919,1
2024,22,069,0.5361471552830458,1
2024,22,071,0.5537749473647579,1
2024,22,073,0.5470552777471198,1
2024,22,075,0.5991685745270514,1
2024,22,077,0.7313064913722268,1
2024,22,079,0.568818578885693,1
2024,22,081,0.6535087719298246,1
2024,22,083,0.6084855705586444,1
2024,22,085,0.6056455454978561,1
2024,22,087,0.5498775717874519,1
2024,22,089,0.7101229442759062,1
2024,22,091,0.666782729805014,1
2024,22,093,0.7818676217004907,1
2024,22,095,0.6282996829634574,1
2024,22,097,0.6250822632085182,1
2024,22,099,0.6508589276418532,1
2024,22,101,0.6014736781509944,1
2024,22,103,0.6830708175585293,1
2024,22,105,0.5453195974230324,1
2024,22,107,0.6958796599084369,1
2024,22,109,0.5341130856219709,1
2024,22,111,0.6566574724172518,1
2024,22,113,0.6311101559328509,1
2024,22,115,0.4669365331791239,1
2024,22,117,0.5380309611964665,1
2024,22,119,0.5884382148952395,1
2024,22,121,0.6629929560592266,1
2024,22,123,0.6330628524274515,1
2024,22,125,0.4715115366504473,1
2024,22,127,0.5914066496163682,1
2024,23,001,0.6757110542089128,1
2024,23,003,0.666473502196467,1
2024,23,005,0.7878882063781582,1
2024,23,007,0.7159889205571836,1
2024,23,009,0.7803056392595781,1
2024,23,011,0.715775621636485,1
2024,23,013,0.7706479359504748,1
2024,23,015,0.8044709588765626,1
2024,23,017,0.7142709645445723,1
2024,23,019,0.695576804786669,1
2024,23,021,0.7117946571807212,1
2024,23,023,0.8026782197715636,1
2024,23,025,0.6894453602249588,1
2024,23,027,0.7687836514929026,1
2024,23,029,0.7175347912524851,1
2024,23,031,0.7592000960159112,1
2024,24,001,0.5863881032752486,1
2024,24,003,0.7063731191352273,1
2024,24,005,0.6593031981989175,1
2024,24,009,0.7569949851229972,1
2024,24,011,0.6707467345765218,1
2024,24,013,0.7719339143774581,1
2024,24,015,0.6595795150940098,1
2024,24,017,0.7373363756454906,1
2024,24,019,0.6680740888269269,1
2024,24,021,0.7599561883899233,1
2024,24,023,0.6779965753424657,1
2024,24,025,0.7498538661763897,1
2024,24,027,0.7826604039293811,1
2024,24,029,0.6903225806451613,1
2024,24,031,0.7510095984170423,1
2024,24,033,0.6443976929800497,1
2024,24,035,0.8136381929771607,1
2024,24,037,0.6874540853807852,1
2024,24,039,0.5140987929810326,1
2024,24,041,0.7755282288198927,1
2024,24,043,0.6258438377441902,1
2024,24,045,0.6099834865486887,1
2024,24,047,0.7588331679398121,1
2024,24,510,0.538216813065322,1
2024,25,001,0.7849048839932896,1
2024,25,003,0.6519332820702683,1
2024,25,005,0.6407944443292007,1
2024,25,007,0.7702839116719243,1
2024,25,009,0.6889338823989275,1
2024,25,011,0.7343646792977577,1
2024,25,013,0.5945539220995388,1
2024,25,015,0.6370403789758629,1
2024,25,017,0.7075368646268038,1
2024,25,019,0.668168591007228,1
2024,25,021,0.7299303024006951,1
2024,25,023,0.7428806926612658,1
2024,25,025,0.540446854514878,1
2024,25,027,0.6610428002362432,1
2024,26,001,0.8267594740912606,1
2024,26,003,0.707671601615074,1
2024,26,005,0.7893506322444679,1
2024,26,007,0.7364165311885,1
2024,26,009,0.8515156100267313,1
2024,26,011,0.7485083776052309,1
2024,26,013,0.6388438283439021,1
2024,26,015,0.7922589379115131,1
2024,26,017,0.7437433310699388,1
2024,26,019,0.8499966915900218,1
2024,26,021,0.7240132311858365,1
2024,26,023,0.6269956890144195,1
2024,26,025,0.6802947397690146,1
2024,26,027,0.6884278127701617,1
2024,26,029,0.8241250583294447,1
2024,26,031,0.7557754256787851,1
2024,26,033,0.6239595012401047,1
2024,26,035,0.689094387755102,1
2024,26,037,0.8101458670988655,1
2024,26,039,0.7732871088404343,1
2024,26,041,0.7379643061974968,1
2024,26,043,0.743698091213755,1
2024,26,045,0.766674896829036,1
2024,26,047,0.8226294189646483,1
2024,26,049,0.7208681361612548,1
2024,26,051,0.7468775618459758,1
2024,26,053,0.6961812840956777,1
2024,26,055,0.8167482044342667,1
2024,26,057,0.6021296605284713,1
2024,26,059,0.6983966244725739,1
2024,26,061,0.6699170124481327,1
2024,26,063,0.7597628870108544,1
2024,26,065,0.6887425533992774,1
2024,26,067,0.6513190642110502,1
2024,26,069,0.752283487159868,1
2024,26,071,0.7326660410801793,1
2024,26,073,0.5954656933742735,1
2024,26,075,0.6712980388074283,1
2024,26,077,0.7308301901934035,1
2024,26,079,0.7954325927970195,1
2024,26,081,0.7777266653981504,1
2024,26,083,0.8910398230088495,1
2024,26,085,0.648564997186269,1
2024,26,087,0.7910138972119967,1
2024,26,089,0.9245608531994981,1
2024,26,091,0.7126055644785244,1
2024,26,093,0.8573296480655581,1
2024,26,095,0.5723873441994247,1
2024,26,097,0.8220329358319137,1
2024,26,099,0.7584454275967883,1
2024,26,101,0.7283938860054283,1
2024,26,103,0.7104299841556029,1
2024,26,105,0.7777155896155337,1
2024,26,107,0.6817947551917538,1
2024,26,109,0.6858883462003046,1
2024,26,111,0.7684117260659018,1
2024,26,113,0.7804212501065916,1
2024,26,115,0.7515424735517202,1
2024,26,117,0.6618359323064066,1
2024,26,119,0.7952961672473867,1
2024,26,121,0.7055304765505126,1
2024,26,123,0.7452276439363005,1
2024,26,125,0.8118296697462036,1
2024,26,127,0.7272816198767486,1
2024,26,129,0.7408581323002876,1
2024,26,131,0.7420788253477589,1
2024,26,133,0.7335855775651012,1
2024,26,135,0.7700978938000593,1
2024,26,137,0.7967175496358375,1
2024,26,139,0.7931987540380454,1
2024,26,141,0.7849510640208315,1
2024,26,143,0.7952487008166296,1
2024,26,145,0.7084547110471343,1
2024,26,147,0.7632889971373895,1
2024,26,149,0.6576384525626066,1
2024,26,151,0.734115500754907,1
2024,26,153,0.7357668619498272,1
2024,26,155,0.7580726303825299,1
2024,26,157,0.7282879294402163,1
2024,26,159,0.7296880538816023,1
2024,26,161,0.7905071488976032,1
2024,26,163,0.6633191897918731,1
2024,26,165,0.7467218771566597,1
2024,27,001,0.7736631610131832,1
2024,27,003,0.7732842011675625,1
2024,27,005,0.733056040405541,1
2024,27,007,0.7160664421222328,1
2024,27,009,0.7493843779755065,1
2024,27,011,0.7145748987854251,1
2024,27,013,0.6681456492244509,1
2024,27,015,0.7341581170790585,1
2024,27,017,0.735564350837515,1
2024,27,019,0.8659287824911104,1
2024,27,021,0.7840858473375177,1
2024,27,023,0.7203283548056094,1
2024,27,025,0.801571576529923,1
2024,27,027,0.6745875400147747,1
2024,27,029,0.7471674685705417,1
2024,27,031,0.7793867120954003,1
2024,27,033,0.7358977510138872,1
2024,27,035,0.7910450548014265,1
2024,27,037,0.8063945421983295,1
2024,27,039,0.8090732339598186,1
2024,27,041,0.8103938024531956,1
2024,27,043,0.7292116884337123,1
2024,27,045,0.7737723353742346,1
2024,27,047,0.7123544714060301,1
2024,27,049,0.7867693231768914,1
2024,27,051,0.7607902082885978,1
2024,27,053,0.7738403778872356,1
2024,27,055,0.7823110624315444,1
2024,27,057,0.7915479858164274,1
2024,27,059,0.8011498871750486,1
2024,27,061,0.7465094287144685,1
2024,27,063,0.7365261646874592,1
2024,27,065,0.7559208476160798,1
2024,27,067,0.7432721468475658,1
2024,27,069,0.7888923950773115,1
2024,27,071,0.7035962275883512,1
2024,27,073,0.7751697381183317,1
2024,27,075,0.7934732998630762,1
2024,27,077,0.762508122157245,1
2024,27,079,0.7994965675057208,1
2024,27,081,0.7518010690216128,1
2024,27,083,0.7176399093972708,1
2024,27,085,0.7514178363816816,1
2024,27,087,0.5935290918977705,1
2024,27,089,0.747104247104247,1
2024,27,091,0.721850762235892,1
2024,27,093,0.7682468443197756,1
2024,27,095,0.7354863700188835,1
2024,27,097,0.7731217172870518,1
2024,27,099,0.6787004901785395,1
2024,27,101,0.7682023195876289,1
2024,27,103,0.736916011992865,1
2024,27,105,0.6305242304175557,1
2024,27,107,0.6881136411113432,1
2024,27,109,0.7627852348993288,1
2024,27,111,0.7866212714931158,1
2024,27,113,0.6876921643529302,1
2024,27,115,0.7121620483449844,1
2024,27,117,0.7406216505894962,1
2024,27,119,0.6723205720763932,1
2024,27,121,0.8050412670086995,1
2024,27,123,0.7120775941112892,1
2024,27,125,0.7160744500846024,1
2024,27,127,0.7262735519888346,1
2024,27,129,0.737912087912088,1
2024,27,131,0.7235082560057225,1
2024,27,133,0.7502094387042726,1
2024,27,135,0.7388507345909763,1
2024,27,137,0.7368978328173375,1
2024,27,139,0.8211956125646819,1
2024,27,141,0.7920413238951598,1
2024,27,143,0.7605345211581291,1
2024,27,145,0.7359845041585605,1
2024,27,147,0.757137156745384,1
2024,27,149,0.7370912220309811,1
2024,27,151,0.6889312977099237,1
2024,27,153,0.7348403685451039,1
2024,27,155,0.7222444889779559,1
2024,27,157,0.8052095130237825,1
2024,27,159,0.7676237718210436,1
2024,27,161,0.7219210453155407,1
2024,27,163,0.8356302123380848,1
2024,27,165,0.6647352108880205,1
2024,27,167,0.6866680319475732,1
2024,27,169,0.6903514218303738,1
2024,27,171,0.8523219931466651,1
2024,27,173,0.7597247577587417,1
2024,28,001,0.5542235851686647,1
2024,28,003,0.5774330365671927,1
2024,28,005,0.682113902512261,1
2024,28,007,0.5876115645739568,1
2024,28,009,0.6822577809038157,1
2024,28,011,0.47375828566239897,1
2024,28,013,0.6154003059663437,1
2024,28,015,0.6544858870967742,1
2024,28,017,0.5711804184761152,1
2024,28,019,0.6122127793515896,1
2024,28,021,0.5308845577211394,1
2024,28,023,0.6330267558528428,1
2024,28,025,0.6364275173916099,1
2024,28,027,0.46341796341796343,1
2024,28,029,0.5467541598312632,1
2024,28,031,0.6536588964296253,1
2024,28,033,0.5649117794128152,1
2024,28,035,0.48227839522905935,1
2024,28,037,0.6963521150882,1
2024,28,039,0.604500027305991,1
2024,28,041,0.5159375285414193,1
2024,28,043,0.6142138364779874,1
2024,28,045,0.5752512904102146,1
2024,28,047,0.4826207457696073,1
2024,28,049,0.5269482154886241,1
2024,28,051,0.5513230113869092,1
2024,28,053,0.6282608695652174,1
2024,28,055,0.7108571428571429,2
2024,28,057,0.5629405840886204,1
2024,28,059,0.47437591643887694,1
2024,28,061,0.6414634146341464,1
2024,28,063,0.5890019639350116,1
2024,28,065,0.6042017750814516,1
2024,28,067,0.5741859406677976,1
2024,28,069,0.5746027281676276,1
2024,28,071,0.5016500942911023,1
2024,28,073,0.5777718528241519,1
2024,28,075,0.5064116777531412,1
2024,28,077,0.6790442001346197,1
2024,28,079,0.5259524257829662,1
2024,28,081,0.5798913667766127,1
2024,28,083,0.48098228416807065,1
2024,28,085,0.5910825166454702,1
2024,28,087,0.5625388636834712,1
2024,28,089,0.6778774199043598,1
2024,28,091,0.6075811882263495,1
2024,28,093,0.5701510711975342,1
2024,28,095,0.6174684906240393,1
2024,28,097,0.5959854506264314,1
2024,28,099,0.5209862330311316,1
2024,28,101,0.5860573296454614,1
2024,28,103,0.5963007639726579,1
2024,28,105,0.4380247512739626,1
2024,28,107,0.5863793453954056,1
2024,28,109,0.5618793841668944,1
2024,28,111,0.6210337481780469,1
2024,28,113,0.527615932399741,1
2024,28,115,0.619517350713405,1
2024,28,117,0.5328781890046712,1
2024,28,119,0.60360766629086815,1
2024,28,121,0.5750433275563258,1
2024,28,123,0.5315741387649809,1
2024,28,125,0.5962187711006077,1
2024,28,127,0.5665117704131134,1
2024,28,129,0.712852897473997,1
2024,28,131,0.5365176151761517,1
2024,28,133,0.42043452730475633,1
2024,28,135,0.5437188110219137,1
2024,28,137,0.5915823367065317,1
2024,28,139,0.5958993476234855,1
2024,28,141,0.6284285813485174,1
2024,28,143,0.3909157509157509,1
2024,28,145,0.599846168637631,1
2024,28,147,0.6157110524330441,1
2024,28,149,0.5594178972148338,1
2024,28,151,0.4586316752357821,1
2024,28,153,0.6307234748927929,1
2024,28,155,0.6811497326203209,1
2024,28,157,0.4499539453484802,1
2024,28,159,0.6148430624816662,1
2024,28,161,0.605979381443299,1
2024,28,163,0.49000436967445926,1
2024,29,001,0.5217059003362886,1
2024,29,003,0.7041618993135011,1
2024,29,005,0.6657668711656441,1
2024,29,007,0.5585160023353325,1
2024,29,009,0.6151533602252836,1
2024,29,011,0.6761465827338129,1
2024,29,013,0.6721443531496697,1
2024,29,015,0.647798363811357,1
2024,29,017,0.7496045747657866,1
2024,29,019,0.6221261788707695,1
2024,29,021,0.5662078033171226,1
2024,29,023,0.5564036262811926,1
2024,29,025,0.6952986398580722,1
2024,29,027,0.6081693973581269,1
2024,29,029,0.7150493996473453,1
2024,29,031,0.6328095596537449,1
2024,29,033,0.6896131586963143,1
2024,29,035,0.7172932330827068,1
2024,29,037,0.7062246391470424,1
2024,29,039,0.6505566114580505,1
2024,29,041,0.7257720979765708,1
2024,29,043,0.7387813286397952,1
2024,29,045,0.6568782026014979,1
2024,29,047,0.6756083381778922,1
2024,29,049,0.6873967068617249,1
2024,29,051,0.6796783749471011,1
2024,29,053,0.6778425655976676,1
2024,29,055,0.6141325922985311,1
2024,29,057,0.6959268495428096,1
2024,29,059,0.6311971883646152,1
2024,29,061,0.6187923695412265,1
2024,29,063,0.5595072059507206,1
2024,29,065,0.637097497533411,1
2024,29,067,0.7995831505046073,1
2024,29,069,0.5092723956222133,1
2024,29,071,0.6820294631219105,1
2024,29,073,0.6814076346284935,1
2024,29,075,0.7133261105092091,1
2024,29,077,0.6122772563422431,1
2024,29,079,0.611157368859284,1
2024,29,081,0.6260175838489092,1
2024,29,083,0.6332985749044143,1
2024,29,085,0.7214315908130196,1
2024,29,087,0.7050359712230215,1
2024,29,089,0.6234746508994842,1
2024,29,091,0.6238447623746094,1
2024,29,093,0.6097165991902834,1
2024,29,095,0.36639885917032633,1
2024,29,097,0.592053431922713,1
2024,29,099,0.6761532358608183,1
2024,29,101,0.564681675718353,1
2024,29,103,0.6418439716312057,1
2024,29,105,0.6273558911054777,1
2024,29,107,0.6840644086618545,1
2024,29,109,0.654763173790996,1
2024,29,111,0.5780927835051546,1
2024,29,113,0.6847152080802915,1
2024,29,115,0.6298593421198361,1
2024,29,117,0.6134963848969026,1
2024,29,119,0.5818793619142573,1
2024,29,121,0.6747869501592494,1
2024,29,123,0.5935823359471729,1
2024,29,125,0.7143283582089552,1
2024,29,127,0.6112272875133603,1
2024,29,129,0.7071823204419889,1
2024,29,131,0.6803137254901961,1
2024,29,133,0.48374469935848646,1
2024,29,135,0.6510067114093959,1
2024,29,137,0.6462946560377916,1
2024,29,139,0.6765933446136492,1
2024,29,141,0.5832834032354703,1
2024,29,143,0.5709615223405147,1
2024,29,145,0.660874897792314,1
2024,29,147,0.5732796875924502,1
2024,29,149,0.6951476793248945,1
2024,29,151,0.7466421876509808,1
2024,29,153,0.6662949540005576,1
2024,29,155,0.4790038174877295,1
2024,29,157,0.6769570011025359,1
2024,29,159,0.6087629364542025,1
2024,29,161,0.5586268777678081,1
2024,29,163,0.5750826901874311,1
2024,29,165,0.6990243135737689,1
2024,29,167,0.6411180879076362,1
2024,29,169,0.379253152515915,1
2024,29,171,0.663137364168292,1
2024,29,173,0.7034827082318558,1
2024,29,175,0.5839246002329768,1
2024,29,177,0.6572732908752748,1
2024,29,179,0.6287769784172662,1
2024,29,181,0.7202779846115661,1
2024,29,183,0.7220237582165695,1
2024,29,185,0.6682737377795634,1
2024,29,186,0.6716130805166255,1
2024,29,187,0.5450683835574689,1
2024,29,189,0.6760120589176557,1
2024,29,195,0.5362068965517242,1
2024,29,197,0.6723124783961286,1
2024,29,199,0.5840438489646772,1
2024,29,201,0.6064118629908104,1
2024,29,203,0.7256637168141593,1
2024,29,205,0.7247278382581649,1
2024,29,207,0.6147830018083182,1
2024,29,209,0.7197485791712146,1
2024,29,211,0.5780333255104435,1
2024,29,213,0.6111921254101349,1
2024,29,215,0.5891223227521342,1
2024,29,217,0.6087103995658368,1
2024,29,219,0.706351717107807,1
2024,29,221,0.5719633478600961,1
2024,29,223,0.6720689655172414,1
2024,29,225,0.6793293790928103,1
2024,29,227,0.727452271231073,1
2024,29,229,0.6398289989312433,1
2024,29,510,0.5161635443487526,1
2024,30,001,0.7367751780264497,1
2024,30,003,0.5082433200682206,1
2024,30,005,0.6192820512820513,1
2024,30,007,0.7872340425531915,1
2024,30,009,0.7963549055986031,1
2024,30,011,0.7951582867783985,2
2024,30,013,0.5768510559921415,1
2024,30,015,0.641872675563334,1
2024,30,017,0.6090565244799327,1
2024,30,019,0.7833607907742999,2
2024,30,021,0.6689744699264387,1
2024,30,023,0.5768091910458368,1
2024,30,025,0.7148956356736242,1
2024,30,027,0.7309954258331518,1
2024,30,029,0.7381083197923851,1
2024,30,031,0.7108699631836951,1
2024,30,033,0.97442143727162,2
2024,30,035,0.5383799830364716,1
2024,30,037,0.7025920873124147,2
2024,30,039,0.7516407599309154,1
2024,30,041,0.5907788486585048,1
2024,30,043,0.8137206791638041,1
2024,30,045,0.8689788053949904,1
2024,30,047,0.674619005824623,1
2024,30,049,0.7314326492959462,1
2024,30,051,0.7092605886575736,1
2024,30,053,0.6929406924116852,1
2024,30,055,0.7967599410898379,2
2024,30,057,0.8479002624671916,1
2024,30,059,0.6659090909090909,1
2024,30,061,0.7217834394904459,1
2024,30,063,0.7488937370078416,1
2024,30,065,0.7357107962872497,1
2024,30,067,0.8046837442483346,1
2024,30,069,0.8459530026109661,2
2024,30,071,0.6918457648546145,1
2024,30,073,0.6266754559437486,1
2024,30,075,0.7755960729312763,1
2024,30,077,0.5392704567860663,1
2024,30,079,0.6647342995169082,2
2024,30,081,0.792368839427663,1
2024,30,083,0.64759697487192,1
2024,30,085,0.5584248822941932,1
2024,30,087,0.6431556948798328,1
2024,30,089,0.734480247587839,1
2024,30,091,0.6806692773228907,1
2024,30,093,0.6426430661824336,1
2024,30,095,0.8161967938087341,1
2024,30,097,0.8024941017863162,1
2024,30,099,0.7503680336487908,1
2024,30,101,0.5246153846153846,1
2024,30,103,0.7466216216216216,2
2024,30,105,0.7032758620689655,1
2024,30,107,0.6783260462211118,1
2024,30,109,0.65311004784689,2
2024,30,111,0.6330333740365396,1
2024,31,001,0.6394230769230769,1
2024,31,003,0.7381156316916488,1
2024,31,005,0.8221574344023324,2
2024,31,007,0.7188081936685289,2
2024,31,009,0.8558823529411764,2
2024,31,011,0.7609841827768014,1
2024,31,013,0.6259997460962295,1
2024,31,015,0.8113207547169812,1
2024,31,017,0.7396396396396396,1
2024,31,019,0.6289110064058446,1
2024,31,021,0.7093519596429957,1
2024,31,023,0.7307631033933407,1
2024,31,025,0.7576340466458283,1
2024,31,027,0.7980503655564581,1
2024,31,029,0.7246601941747572,1
2024,31,031,0.7498167603225019,1
2024,31,033,0.6159075458871516,1
2024,31,035,0.7302007500551511,1
2024,31,037,0.6374184191443075,1
2024,31,039,0.7038796516231196,1
2024,31,041,0.7517241379310344,1
2024,31,043,0.47723019338739864,1
2024,31,045,0.5813044785091674,1
2024,31,047,0.556312651510188,1
2024,31,049,0.67828418230563,2
2024,31,051,0.7484488107549121,1
2024,31,053,0.6270688734650294,1
2024,31,055,0.671072526091524,1
2024,31,057,0.6766205389657683,2
2024,31,059,0.6801354401805869,1
2024,31,061,0.7070260715863897,1
2024,31,063,0.7028913260219342,1
2024,31,065,0.685122089721749,1
2024,31,067,0.6540443379269023,1
2024,31,069,0.8018664752333095,2
2024,31,071,0.7414170927684441,1
2024,31,073,0.6944099378881987,1
2024,31,075,0.7956521739130434,2
2024,31,077,0.7307692307692307,1
2024,31,079,0.5802544529262087,1
2024,31,081,0.7825902934537246,1
2024,31,083,0.8232069438099588,1
2024,31,085,0.7706708268330733,2
2024,31,087,0.7322432294328053,1
2024,31,089,0.7386996063526537,1
2024,31,091,0.8148854961832062,2
2024,31,093,0.741436925647452,1
2024,31,095,0.6701734957548912,1
2024,31,097,0.5279685966633955,1
2024,31,099,0.7169285856375572,1
2024,31,101,0.6498993963782697,1
2024,31,103,0.9112227805695142,2
2024,31,105,0.6664083688492832,1
2024,31,107,0.70156571247825394,1
2024,31,109,0.652881437363839,1
2024,31,111,0.6443583421392509,1
2024,31,113,0.7971014492753623,2
2024,31,115,0.9511111111111111,2
2024,31,117,0.773224043715847,2
2024,31,119,0.630804486792908,1
2024,31,121,0.7299932750504371,1
2024,31,123,0.7066705505388873,1
2024,31,125,0.7263740608936339,1
2024,31,127,0.6258926936458524,1
2024,31,129,0.6801204819277108,1
2024,31,131,0.6836224149432956,1
2024,31,133,0.7231253277399056,1
2024,31,135,0.6888888888888889,1
2024,31,137,0.7393894266567387,1
2024,31,139,0.7211324944485566,1
2024,31,141,0.6718729886290495,1
2024,31,143,0.709896751447998,1
2024,31,145,0.6620646766169154,1
2024,31,147,0.6508172362555721,1
2024,31,149,0.7890255439924314,1
2024,31,151,0.6008925725215174,1
2024,31,153,0.7211170208958215,1
2024,31,155,0.7912850726243948,1
2024,31,157,0.5706263990590735,1
2024,31,159,0.6833333333333333,1
2024,31,161,0.6377406931964057,1
2024,31,163,0.7203245089666951,1
2024,31,165,0.7345612134344529,2
2024,31,167,0.7104103872014839,1
2024,31,169,0.7571011414919033,1
2024,31,171,0.7875751503006012,2
2024,31,173,0.492689719192388,1
2024,31,175,0.7370952228278295,1
2024,31,177,0.7944398708124881,1
2024,31,179,0.5453936797000536,1
2024,31,181,0.6838634600465477,1
2024,31,183,0.735249621785174,2
2024,31,185,0.6491309601264058,1
2024,32,001,0.6897379578076314,1
2024,32,003,0.6478410387338985,1
2024,32,005,0.8621517421982978,1
2024,32,007,0.6048571659352199,1
2024,32,009,0.5507765830346476,3
2024,32,011,0.8131868131868132,2
2024,32,013,0.6640754217664572,1
2024,32,015,0.6620505344995141,1
2024,32,017,0.7072961373390558,1
2024,32,019,0.7118662054035698,1
2024,32,021,0.6408824350740017,1
2024,32,023,0.6240638002773925,1
2024,32,027,0.4541519086973632,1
2024,32,029,0.8826061997703789,1
2024,32,031,0.7338399338877929,1
2024,32,033,0.6322290031967451,1
2024,32,510,0.7194997684113015,1
2024,33,001,0.7677324374315805,1
2024,33,003,0.7876818181818181,1
2024,33,005,0.7244389823474958,1
2024,33,007,0.6706155632984901,1
2024,33,009,0.7395768553925136,1
2024,33,011,0.7203542161492821,1
2024,33,013,0.7422267280811693,1
2024,33,015,0.7961066015936099,1
2024,33,017,0.7152730494800168,1
2024,33,019,0.7057194023168616,1
2024,34,001,0.6431545347304143,1
2024,34,003,0.686322496539063,1
2024,34,005,0.6457646198007542,1
2024,34,007,0.6473389935804514,1
2024,34,009,0.7110022411007453,1
2024,34,011,0.5356098870029423,1
2024,34,013,0.5749250795083968,1
2024,34,015,0.7008011101462601,1
2024,34,017,0.5277743533547931,1
2024,34,019,0.800009885818793,1
2024,34,021,0.6470725781841384,1
2024,34,023,0.6450676709260548,1
2024,34,025,0.7477664157799118,1
2024,34,027,0.7604964789108668,1
2024,34,029,0.7118154159285682,1
2024,34,031,0.6166917073704827,1
2024,34,033,0.617488297978289,1
2024,34,035,0.7366445494481768,1
2024,34,037,0.7448686804675397,1
2024,34,039,0.6704970380566531,1
2024,34,041,0.7012124038237352,1
2024,35,001,0.6184178066384957,1
2024,35,003,0.6705069124423964,1
2024,35,005,0.49487778576563624,1
2024,35,006,0.44142723374895276,1
2024,35,007,0.5789740470397404,1
2024,35,009,0.47186133666458463,1
2024,35,011,0.6705882352941176,2
2024,35,013,0.5500653712636941,1
2024,35,015,0.5517811975510011,1
2024,35,017,0.6356919450614206,1
2024,35,019,0.6004415011037527,1
2024,35,021,0.7713248638838476,2
2024,35,023,0.6067083196317001,1
2024,35,025,0.4967984050662601,1
2024,35,027,0.6123159631009836,1
2024,35,028,0.8419412905012462,1
2024,35,029,0.4765321375186846,1
2024,35,031,0.5115316849127948,1
2024,35,033,0.7188142060463751,1
2024,35,035,0.4808475957620212,1
2024,35,037,0.5299707602339181,1
2024,35,039,0.5421904892047007,1
2024,35,041,0.49369001738079044,1
2024,35,043,0.6831983370983397,1
2024,35,045,0.596067213262456,1
2024,35,047,0.4982969253826241,1
2024,35,049,0.6917826940438819,1
2024,35,051,0.640131940626718,1
2024,35,053,0.5992791886681753,1
2024,35,055,0.5851188990694856,1
2024,35,057,0.5863387069968423,1
2024,35,059,0.5305256284688215,1
2024,35,061,0.584997538850995,1
2024,36,001,0.6057321075483622,1
2024,36,003,0.5174384446936923,1
2024,36,005,0.42007964253466995,1
2024,36,007,0.5885349572549479,1
2024,36,009,0.576891850749298,1
2024,36,011,0.6085158395284977,1
2024,36,013,0.5775654138552194,1
2024,36,015,0.589213440843347,1
2024,36,017,0.6224971692120743,1
2024,36,019,0.5742572669990861,1
2024,36,021,0.7250600900846311,1
2024,36,023,0.590994321225758,1
2024,36,025,0.6285900428904935,1
2024,36,027,0.6622777715113707,1
2024,36,029,0.6222638382318466,1
2024,36,031,0.6301100628930818,1
2024,36,033,0.5278033960831118,1
2024,36,035,0.5764029261719126,1
2024,36,037,0.6269755549187735,1
2024,36,039,0.6478116201689276,1
2024,36,041,0.77090338489128,1
2024,36,043,0.610326144693509,1
2024,36,045,0.5007714425976576,1
2024,36,047,0.49345825937672766,1
2024,36,049,0.6345306841538612,1
2024,36,051,0.6252392368596007,1
2024,36,053,0.6233455001290418,1
2024,36,055,0.6247567046178756,1
2024,36,057,0.5484878978867644,1
2024,36,059,0.7134426485656508,1
2024,36,061,0.5432379997293656,1
2024,36,063,0.6198772723971824,1
2024,36,065,0.5786162796066301,1
2024,36,067,0.6364743521857634,1
2024,36,069,0.67157395071818,1
2024,36,071,0.6272204983914219,1
2024,36,073,0.5736279084531631,1
2024,36,075,0.5826359157505218,1
2024,36,077,0.5672338473200216,1
2024,36,079,0.7503161917063588,1
2024,36,081,0.4904808867058854,1
2024,36,083,0.623616908369437,1
2024,36,085,0.5695649940937805,1
2024,36,087,0.7060484022733261,1
2024,36,089,0.5237947936991386,1
2024,36,091,0.6935875547449125,1
2024,36,093,0.5980954433191334,1
2024,36,095,0.6515046907363035,1
2024,36,097,0.6717654557042703,1
2024,36,099,0.581046610497024,1
2024,36,101,0.6343326385294406,1
2024,36,103,0.6835564516129032,1
2024,36,105,0.6030823213732842,1
2024,36,107,0.6498293334744529,1
2024,36,109,0.5719061489866402,1
2024,36,111,0.6741746775683349,1
2024,36,113,0.6737940761636108,1
2024,36,115,0.589766866102744,1
2024,36,117,0.6282939380230717,1
2024,36,119,0.660140783740372,1
2024,36,121,0.5962983840661406,1
2024,36,123,0.5554852987669934,1
2024,37,001,0.7000218194286427,1
2024,37,003,0.7191749852179055,1
2024,37,005,0.7208166888592987,1
2024,37,007,0.6274159118444586,1
2024,37,009,0.7378336662429635,1
2024,37,011,0.6489092525473569,1
2024,37,013,0.762380214609514,1
2024,37,015,0.6523221133361738,1
2024,37,017,0.740622929092114,1
2024,37,019,0.8480492494727702,1
2024,37,021,0.7445185051185357,1
2024,37,023,0.6570126538742638,1
2024,37,025,0.7359321141471717,1
2024,37,027,0.6897862834872704,1
2024,37,029,0.7547892720306514,1
2024,37,031,0.8081312285033954,1
2024,37,033,0.6751528065945158,1
2024,37,035,0.7098769456442018,1
2024,37,037,0.875975613841155,1
2024,37,039,0.7235234422569515,1
2024,37,041,0.6912585812356979,1
2024,37,043,0.8032429061428126,1
2024,37,045,0.672397201487685,1
2024,37,047,0.6802710571745124,1
2024,37,049,0.7089059680207979,1
2024,37,051,0.5732253076976425,1
2024,37,053,0.7719245734809937,1
2024,37,055,0.8339732556600027,1
2024,37,057,0.7133903829858699,1
2024,37,059,0.7981569560047562,1
2024,37,061,0.6910517579598612,1
2024,37,063,0.7611258361731668,1
2024,37,065,0.6693314351420906,1
2024,37,067,0.7285441287939446,1
2024,37,069,0.7648334707632739,1
2024,37,071,0.6813188068808309,1
2024,37,073,0.7094668117519043,1
2024,37,075,0.740700557966522,1
2024,37,077,0.7001962922573609,1
2024,37,079,0.5456541392225236,1
2024,37,081,0.7151265036815896,1
2024,37,083,0.6515060896041758,1
2024,37,085,0.6439385522820696,1
2024,37,087,0.7453918865695156,1
2024,37,089,0.7686747517356534,1
2024,37,091,0.6319337442218799,1
2024,37,093,0.6113095078269742,1
2024,37,095,0.6753138075313807,1
2024,37,097,0.7604699652944484,1
2024,37,099,0.6205843255932347,1
2024,37,101,0.7568995034057382,1
2024,37,103,0.7341755140438113,1
2024,37,105,0.6523747560182173,1
2024,37,107,0.6706576605135458,1
2024,37,109,0.7824373213958923,1
2024,37,111,0.6709496255956433,1
2024,37,113,0.7349304741162673,1
2024,37,115,0.756470065533711,1
2024,37,117,0.7019589552238806,1
2024,37,119,0.7343514556563646,1
2024,37,121,0.7252891477319334,1
2024,37,123,0.6845679332331139,1
2024,37,125,0.7717479547867357,1
2024,37,127,0.7204882804454392,1
2024,37,129,0.7478478365164329,1
2024,37,131,0.6663533154964205,1
2024,37,133,0.5319886152703873,1
2024,37,135,0.7817365989156273,1
2024,37,137,0.7640578599482709,1
2024,37,139,0.6421604217304839,1
2024,37,141,0.7939964084564526,1
2024,37,143,0.7135809364237178,1
2024,37,145,0.7181593012645027,1
2024,37,147,0.6500201429402724,1
2024,37,149,0.7911369415183436,1
2024,37,151,0.7144549094805708,1
2024,37,153,0.6268491940825789,1
2024,37,155,0.5663050322080689,1
2024,37,157,0.6913544106167057,1
2024,37,159,0.6833561438968903,1
2024,37,161,0.6808853276772914,1
2024,37,163,0.6954966952747361,1
2024,37,165,0.5769852854155982,1
2024,37,167,0.7473587786259542,1
2024,37,169,0.741756742002402,1
2024,37,171,0.6941812259401836,1
2024,37,173,0.649295644968235,1
2024,37,175,0.7493418917456998,1
2024,37,177,0.6507407407407407,1
2024,37,179,0.8033979603014003,1
2024,37,181,0.6533133901281134,1
2024,37,183,0.7925303907599963,1
2024,37,185,0.6628491989937773,1
2024,37,187,0.6856615526588995,1
2024,37,189,0.6998604297073253,1
2024,37,191,0.6460601913570779,1
2024,37,193,0.7136681600251513,1
2024,37,195,0.6857372810247102,1
2024,37,197,0.7166397301665378,1
2024,37,199,0.7464770095931195,1
2024,38,001,0.7758397932816538,1
2024,38,003,0.6333333333333333,1
2024,38,005,0.5244956772334294,1
2024,38,007,0.7832929782082324,2
2024,38,009,0.7144041450777202,1
2024,38,011,0.7418615314076112,1
2024,38,013,0.676923076923077,1
2024,38,015,0.692390238732413,1
2024,38,017,0.6349708902075077,1
2024,38,019,0.7101501072194425,1
2024,38,021,0.6658523344191096,1
2024,38,023,0.6990686845168801,1
2024,38,025,0.7736369910282954,1
2024,38,027,0.662451896646509,1
2024,38,029,0.7443116081758581,1
2024,38,031,0.6613592233009709,1
2024,38,033,0.7772549019607843,1
2024,38,035,0.5728484671639341,1
2024,38,037,0.7566628041714948,1
2024,38,039,0.7282485875706215,1
2024,38,041,0.6636178861788617,1
2024,38,043,0.7573131094257854,1
2024,38,045,0.6737543636940654,1
2024,38,047,0.7203626220362622,1
2024,38,049,0.7038363171355498,1
2024,38,051,0.7070193285859614,1
2024,38,053,0.5884672777659348,1
2024,38,055,0.7156435643564356,1
2024,38,057,0.7181144568816018,1
2024,38,059,0.6566450817144619,1
2024,38,061,0.6213577421815408,1
2024,38,063,0.7570937231298366,1
2024,38,065,0.8004418262150221,1
2024,38,067,0.5974275292762526,1
2024,38,069,0.6340521403282909,1
2024,38,071,0.5992222349308017,1
2024,38,073,0.6043805612594113,1
2024,38,075,0.6813310772701635,1
2024,38,077,0.6427793339558046,1
2024,38,079,0.5053950142626814,1
2024,38,081,0.6837349397590361,1
2024,38,083,0.7041860465116279,1
2024,38,085,0.39009414654113794,1
2024,38,087,0.6040372670807453,2
2024,38,089,0.6462104677536697,1
2024,38,091,0.7219061166429588,1
2024,38,093,0.5986531190926276,1
2024,38,095,0.7252604166666666,1
2024,38,097,0.6814042059943699,1
2024,38,099,0.5773725439835623,1
2024,38,101,0.5605135554290426,1
2024,38,103,0.7590970350404312,1
2024,38,105,0.5754623639546389,1
2024,39,001,0.5968593930080676,1
2024,39,003,0.6057031637798156,1
2024,39,005,0.6631597274038701,1
2024,39,007,0.5779732160703578,1
2024,39,009,0.5034473329557217,1
2024,39,011,0.73175536774783,1
2024,39,013,0.5862342519313224,1
2024,39,015,0.6358110712485545,1
2024,39,017,0.6395270494349937,1
2024,39,019,0.652732511454348,1
2024,39,021,0.6804133989100093,1
2024,39,023,0.6133691144181508,1
2024,39,025,0.7025870824382467,1
2024,39,027,0.6510527635041985,1
2024,39,029,0.6017607133017757,1
2024,39,031,0.5852199455509385,1
2024,39,033,0.6252702452282414,1
2024,39,035,0.6013315407008581,1
2024,39,037,0.6911715770343256,1
2024,39,039,0.6488280720769544,1
2024,39,041,0.8298670515556275,1
2024,39,043,0.6736319419729863,1
2024,39,045,0.690357861008027,1
2024,39,047,0.5758325317209473,1
2024,39,049,0.6322374796951605,1
2024,39,051,0.6990224768071727,1
2024,39,053,0.5875016944557409,1
2024,39,055,0.7423826460922602,1
2024,39,057,0.6824648501155872,1
2024,39,059,0.5947288393309681,1
2024,39,061,0.666817889129544,1
2024,39,063,0.6643728878849959,1
2024,39,065,0.5517374186922287,1
2024,39,067,0.6298724309000708,1
2024,39,069,0.7085431911051981,1
2024,39,071,0.6065121077866117,1
2024,39,073,0.6187898527455388,1
2024,39,075,0.39916510258235716,1
2024,39,077,0.6188408103867755,1
2024,39,079,0.5775558879411408,1
2024,39,081,0.6040998492986591,1
2024,39,083,0.6659199336237295,1
2024,39,085,0.700691541827654,1
2024,39,087,0.6021730799576205,1
2024,39,089,0.688007990330542,1
2024,39,091,0.6643958102699481,1
2024,39,093,0.648256714665449,1
2024,39,095,0.5873168958100955,1
2024,39,097,0.587521318931211,1
2024,39,099,0.6316341056076756,1
2024,39,101,0.5380863408398072,1
2024,39,103,0.7500035032159522,1
2024,39,105,0.6006352873231302,1
2024,39,107,0.7634429338218751,1
2024,39,109,0.7051563095691956,1
2024,39,111,0.6471764593848205,1
2024,39,113,0.6291137646794528,1
2024,39,115,0.6297706379422416,1
2024,39,117,0.6827051880815321,1
2024,39,119,0.5913369016117392,1
2024,39,121,0.5343915343915344,1
2024,39,123,0.7304432656545332,1
2024,39,125,0.6570578652879099,1
2024,39,127,0.6274741506646971,1
2024,39,129,0.6228462029355456,1
2024,39,131,0.5923591583438379,1
2024,39,133,0.6424981665187015,1
2024,39,135,0.6850346376490685,1
2024,39,137,0.780547544739857,1
2024,39,139,0.6004259215440171,1
2024,39,141,0.5478349109177715,1
2024,39,143,0.6515095042862468,1
2024,39,145,0.5514484807753528,1
2024,39,147,0.5919859402460457,1
2024,39,149,0.7035975626721571,1
2024,39,151,0.6351986536863269,1
2024,39,153,0.659801845518612,1
2024,39,155,0.6072760900609591,1
2024,39,157,0.616941034759665,1
2024,39,159,0.7564591360778746,1
2024,39,161,0.670353176770435,1
2024,39,163,0.573627911626512,1
2024,39,165,0.7712222983274045,1
2024,39,167,0.6596867551923732,1
2024,39,169,0.6099240320396594,1
2024,39,171,0.6443707908747929,1
2024,39,173,0.6552904332987521,1
2024,39,175,0.6879265567433713,1
2024,40,001,0.5080165231393965,1
2024,40,003,0.46905537459283386,1
2024,40,005,0.5047695462244807,1
2024,40,007,0.601699716713881,1
2024,40,009,0.46555905893766675,1
2024,40,011,0.6122250970245796,1
2024,40,013,0.49501153322402247,1
2024,40,015,0.48256936680556967,1
2024,40,017,0.5985452877479809,1
2024,40,019,0.545683644611206,1
2024,40,021,0.4839918533604888,1
2024,40,023,0.5308293325802504,1
2024,40,025,0.5803848541278709,1
2024,40,027,0.51955733056919,1
2024,40,029,0.6299329858525688,1
2024,40,031,0.38170522612393953,1
2024,40,033,0.5953908291755762,1
2024,40,035,0.556822361162192,1
2024,40,037,0.5673902801435147,1
2024,40,039,0.4997542514499164,1
2024,40,041,0.5507466772103774,1
2024,40,043,0.7117609254498715,1
2024,40,045,0.6527377521613833,1
2024,40,047,0.5012621047317454,1
2024,40,049,0.5891086455485877,1
2024,40,051,0.5908071224938075,1
2024,40,053,0.67546090273363,1
2024,40,055,0.4200411805078929,1
2024,40,057,0.5057339449541285,1
2024,40,059,0.6789892372484791,1
2024,40,061,0.5639853747714808,1
2024,40,063,0.45290172061825607,1
2024,40,065,0.4538179768949,1
2024,40,067,0.6067961165048543,1
2024,40,069,0.5450328565906455,1
2024,40,071,0.5267042446513656,1
2024,40,073,0.6360297579809775,1
2024,40,075,0.5163831127914303,1
2024,40,077,0.5509928407402405,1
2024,40,079,0.5214804104218225,1
2024,40,081,0.5936432382634064,1
2024,40,083,0.6163603879530373,1
2024,40,085,0.5729657027572294,1
2024,40,087,0.6463178879961337,1
2024,40,089,0.5110026659436989,1
2024,40,091,0.5455426982998255,1
2024,40,093,0.633054240990171,1
2024,40,095,0.5668932289426137,1
2024,40,097,0.5744230642068373,1
2024,40,099,0.56570220128809,1
2024,40,101,0.49397663665125335,1
2024,40,103,0.5911747167561121,1
2024,40,105,0.63224286110341,1
2024,40,107,0.46072088724584104,1
2024,40,109,0.5225138711054204,1
2024,40,111,0.5128672528415184,1
2024,40,113,0.5714444013518755,1
2024,40,115,0.5048096463893781,1
2024,40,117,0.57062287467861,1
2024,40,119,0.4579709691547269,1
2024,40,121,0.5269281516132902,1
2024,40,123,0.5369616759262535,1
2024,40,125,0.516607418578764,1
2024,40,127,0.5600952948183443,1
2024,40,129,0.6934773909563825,1
2024,40,131,0.629692282906396,1
2024,40,133,0.4595783579957722,1
2024,40,135,0.5205090520408845,1
2024,40,137,0.5625547599625367,1
2024,40,139,0.45674679768380416,1
2024,40,141,0.4961802154750245,1
2024,40,143,0.5445757341330818,1
2024,40,145,0.5993959491227251,1
2024,40,147,0.5843166918809884,1
2024,40,149,0.5753153598812762,1
2024,40,151,0.5432283111841123,1
2024,40,153,0.5032000550547107,1
2024,41,001,0.7216019056126247,1
2024,41,003,0.6618181818181819,1
2024,41,005,0.764948556091257,1
2024,41,007,0.7022675189965022,1
2024,41,009,0.7482031567133886,1
2024,41,011,0.6830736882347319,1
2024,41,013,0.7750142666920297,1
2024,41,015,0.7210317863308622,1
2024,41,017,0.7865907504955754,1
2024,41,019,0.6897025018412302,1
2024,41,021,0.7344559585492227,2
2024,41,023,0.7532116294793779,1
2024,41,025,0.7091666666666666,1
2024,41,027,0.7652053474647718,1
2024,41,029,0.6961250058218061,1
2024,41,031,0.6372362926405988,1
2024,41,033,0.711788075670869,1
2024,41,035,0.6642042266691602,1
2024,41,037,0.6336291171604752,1
2024,41,039,0.6870699410762366,1
2024,41,041,0.7149985605987909,1
2024,41,043,0.7231705341594784,1
2024,41,045,0.4906311637080868,1
2024,41,047,0.6553777945082293,1
2024,41,049,0.6458304899686093,1
2024,41,051,0.6704311151247965,1
2024,41,053,0.7015270776215324,1
2024,41,055,0.7561768530559168,1
2024,41,057,0.7468406782776527,1
2024,41,059,0.5708409506398537,1
2024,41,061,0.7307827307827308,1
2024,41,063,0.852754590984975,1
2024,41,065,0.6968671940049959,1
2024,41,067,0.7038470169967991,1
2024,41,069,0.676539360872954,2
2024,41,071,0.7177271146873293,1
2024,42,001,0.7274362818590705,1
2024,42,003,0.7414018952205825,1
2024,42,005,0.7118283281555632,1
2024,42,007,0.712564143019211,1
2024,42,009,0.7405264680358693,1
2024,42,011,0.6556535976303258,1
2024,42,013,0.6765732262466535,1
2024,42,015,0.6732861336556726,1
2024,42,017,0.8043161283205809,1
2024,42,019,0.7721654204181291,1
2024,42,021,0.6725282205456917,1
2024,42,023,0.6043028322440087,1
2024,42,025,0.6752065012113466,1
2024,42,027,0.6340954219742099,1
2024,42,029,0.8061982425412199,1
2024,42,031,0.6582493828807793,1
2024,42,033,0.6389973289500719,1
2024,42,035,0.6182036647641934,1
2024,42,037,0.6100146061945245,1
2024,42,039,0.655755758817951,1
2024,42,041,0.7223360705610912,1
2024,42,043,0.7017067985677347,1
2024,42,045,0.7619096263724018,1
2024,42,047,0.6954952763248591,1
2024,42,049,0.6593209131159795,1
2024,42,051,0.6283298850688498,1
2024,42,053,0.4154256153002038,1
2024,42,055,0.6989343176383346,1
2024,42,057,0.7030954428202923,1
2024,42,059,0.6128573460389702,1
2024,42,061,0.64801029831533,1
2024,42,063,0.6298699361613269,1
2024,42,065,0.6727457824316463,1
2024,42,067,0.6775258886090121,1
2024,42,069,0.70197303855162,1
2024,42,071,0.6908619742530273,1
2024,42,073,0.696306368890137,1
2024,42,075,0.671747096680097,1
2024,42,077,0.6979283870540738,1
2024,42,079,0.6339829476248477,1
2024,42,081,0.6671622271157264,1
2024,42,083,0.6170099376155992,1
2024,42,085,0.6634107558634789,1
2024,42,087,0.6230345800988003,1
2024,42,089,0.6535061243514606,1
2024,42,091,0.8046073240202408,1
2024,42,093,0.7077142857142857,1
2024,42,095,0.71884365458073,1
2024,42,097,0.602931397539621,1
2024,42,099,0.712821081215883,1
2024,42,101,0.6315682118811067,1
2024,42,103,0.7116821763831477,1
2024,42,105,0.7062344527363185,1
2024,42,107,0.6450543832742786,1
2024,42,109,0.6407034372501998,1
2024,42,111,0.6910827487110134,1
2024,42,113,0.7120168388825105,1
2024,42,115,0.7290358270150662,1
2024,42,117,0.6586221625579692,1
2024,42,119,0.6239288553844342,1
2024,42,121,0.6656706011255541,1
2024,42,123,0.6825757575757576,1
2024,42,125,0.7287735425068462,1
2024,42,127,0.696223782837956,1
2024,42,129,0.7384242525833499,1
2024,42,131,0.7245246690734055,1
2024,42,133,0.7027978240086633,1
2024,44,001,0.7022304832713755,1
2024,44,003,0.6846197944994047,1
2024,44,005,0.6473882762623331,1
2024,44,007,0.5697507859243485,1
2024,44,009,0.704232657219598,1
2024,45,001,0.6180363188673438,1
2024,45,003,0.6419862640845333,1
2024,45,005,0.4855444908448442,1
2024,45,007,0.6187352863419485,1
2024,45,009,0.537829413431567,1
2024,45,011,0.6355679460580913,1
2024,45,013,0.6840625859967764,1
2024,45,015,0.6225667623041271,1
2024,45,017,0.686264308012487,1
2024,45,019,0.6631395424321391,1
2024,45,021,0.5819549224497447,1
2024,45,023,0.6276630083925113,1
2024,45,025,0.5555018576131936,1
2024,45,027,0.6521478521478522,1
2024,45,029,0.6256975589715499,1
2024,45,031,0.6297834347293453,1
2024,45,033,0.5782186905864574,1
2024,45,035,0.6320477912789044,1
2024,45,037,0.6308752209581653,1
2024,45,039,0.6659738717339667,1
2024,45,041,0.594353929307462,1
2024,45,043,0.7100220036484682,1
2024,45,045,0.6598720432236287,1
2024,45,047,0.5883540638869312,1
2024,45,049,0.5846470671779577,1
2024,45,051,0.672452354598675,1
2024,45,053,0.7577848916975014,1
2024,45,055,0.6518603475759107,1
2024,45,057,0.6910663043754285,1
2024,45,059,0.5812987012987013,1
2024,45,061,0.6254162471927515,1
2024,45,063,0.6534598412867869,1
2024,45,065,0.7023972602739726,1
2024,45,067,0.6075512797240878,1
2024,45,069,0.4958968347010551,1
2024,45,071,0.6235468115842333,1
2024,45,073,0.6657844990548204,1
2024,45,075,0.5724150744743443,1
2024,45,077,0.5673273645287835,1
2024,45,079,0.5715704706398446,1
2024,45,081,0.6471390623878239,1
2024,45,083,0.6167508968032186,1
2024,45,085,0.5742508803824101,1
2024,45,087,0.5838836888867772,1
2024,45,089,0.599857675080581,1
2024,45,091,0.698670254867817,1
2024,46,003,0.7362579281183932,1
2024,46,005,0.5427797135114208,1
2024,46,007,0.5069897483690587,1
2024,46,009,0.5253731343283582,1
2024,46,011,0.563480687990344,1
2024,46,013,0.6094839609483961,1
2024,46,015,0.6109430156328794,1
2024,46,017,0.4232515894641235,2
2024,46,019,0.6354088522130532,1
2024,46,021,0.7019311502938707,1
2024,46,023,0.5646672914714151,1
2024,46,025,0.6850130159910748,1
2024,46,027,0.46422123748563926,1
2024,46,029,0.6145378457059679,1
2024,46,031,0.4644453474197481,1
2024,46,033,0.7891899000526039,1
2024,46,035,0.6126577208091328,1
2024,46,037,0.7032861597505397,1
2024,46,039,0.7079482439926063,1
2024,46,041,0.5867042960175604,1
2024,46,043,0.8127450980392157,1
2024,46,045,0.6707397622192867,1
2024,46,047,0.7192864355435881,1
2024,46,049,0.7129337539432177,1
2024,46,051,0.647867213992504,1
2024,46,053,0.7486789960369881,1
2024,46,055,0.8199708454810496,2
2024,46,057,0.7947770386794777,1
2024,46,059,0.7603448275862069,1
2024,46,061,0.8344208809135399,1
2024,46,063,0.935005701254276,2
2024,46,065,0.6340198436560432,1
2024,46,067,0.6945528908719093,1
2024,46,069,0.7128205128205128,2
2024,46,071,0.6002126528442318,1
2024,46,073,0.7556732223903178,1
2024,46,075,0.8487654320987654,2
2024,46,077,0.7165515477104119,1
2024,46,079,0.6903565166569258,1
2024,46,081,0.6810306726774508,1
2024,46,083,0.7215393155953844,1
2024,46,085,0.5423538230884558,1
2024,46,087,0.7461841457410143,1
2024,46,089,0.7526071842410197,1
2024,46,091,0.6596809508914607,1
2024,46,093,0.6163411048099139,1
2024,46,095,0.5339105339105339,2
2024,46,097,0.6501392757660167,1
2024,46,099,0.6505527060794207,1
2024,46,101,0.6972015741145605,1
2024,46,102,0.3513079394217531,1
2024,46,103,0.6484813753581662,1
2024,46,105,0.6831258050665522,1
2024,46,107,0.686046511627907,1
2024,46,109,0.5698393077873919,1
2024,46,111,0.694954128440367,1
2024,46,115,0.6465499485066941,1
2024,46,117,0.729911653344552,1
2024,46,119,0.8037466547725245,1
2024,46,121,0.38306306306306304,1
2024,46,123,0.622566267886465,1
2024,46,125,0.6990141712877388,1
2024,46,127,0.6947401377582968,1
2024,46,129,0.6143497757847534,1
2024,46,135,0.602246191482264,1
2024,46,137,0.44224235560588904,1
2024,47,001,0.5970237025662806,1
2024,47,003,0.560234244283324,1
2024,47,005,0.5780715025081615,1
2024,47,007,0.49232604373757455,1
2024,47,009,0.6319344914782323,1
2024,47,011,0.5870936207245979,1
2024,47,013,0.49263959390862944,1
2024,47,015,0.6047104314966166,1
2024,47,017,0.5363123448431505,1
2024,47,019,0.5390538576665292,1
2024,47,021,0.6457347447073475,1
2024,47,023,0.5539147598508662,1
2024,47,025,0.5161314926397681,1
2024,47,027,0.6055725559671444,1
2024,47,029,0.5374348064781773,1
2024,47,031,0.559188983088862,1
2024,47,033,0.583637259733859,1
2024,47,035,0.6625863091253371,1
2024,47,037,0.5667422229169924,1
2024,47,039,0.6036443953616786,1
2024,47,041,0.5945706511421882,1
2024,47,043,0.5910881801125704,1
2024,47,045,0.5254243475086695,1
2024,47,047,0.6795721127649201,1
2024,47,049,0.6390033352952718,1
2024,47,051,0.5696465696465697,1
2024,47,053,0.5695493172669631,1
2024,47,055,0.5631315240083508,1
2024,47,057,0.571179308221287,1
2024,47,059,0.541083733556066,1
2024,47,061,0.586468952734013,1
2024,47,063,0.549483936305458,1
2024,47,065,0.6146749874026125,1
2024,47,067,0.546924957682904,1
2024,47,069,0.4618673218673219,1
2024,47,071,0.5604782648994346,1
2024,47,073,0.5639627259844548,1
2024,47,075,0.4898379970544919,1
2024,47,077,0.5626809901914993,1
2024,47,079,0.5832333939417386,1
2024,47,081,0.52,1
2024,47,083,0.5782364546972226,1
2024,47,085,0.5522218509856331,1
2024,47,087,0.5789473684210527,1
2024,47,089,0.5679118268215417,1
2024,47,091,0.5419035516018995,1
2024,47,093,0.5918030381840249,1
2024,47,095,0.34855293906165735,1
2024,47,097,0.430745179781136,1
2024,47,099,0.5786698266923419,1
2024,47,101,0.5757575757575758,1
2024,47,103,0.5844325264531092,1
2024,47,105,0.7341763756549422,1
2024,47,107,0.5650571582826694,1
2024,47,109,0.555846077947706,1
2024,47,111,0.5452482718590048,1
2024,47,113,0.5325409093331912,1
2024,47,115,0.6028470058843891,1
2024,47,117,0.5917989025656236,1
2024,47,119,0.6473300277125352,1
2024,47,121,0.5774474531338761,1
2024,47,123,0.5955182072829132,1
2024,47,125,0.4990721183781606,1
2024,47,127,0.6815892557358701,1
2024,47,129,0.4977612374251323,1
2024,47,131,0.5550296876344548,1
2024,47,133,0.6065537837689736,1
2024,47,135,0.5555389445358051,1
2024,47,137,0.7099254986782023,1
2024,47,139,0.6011572638974995,1
2024,47,141,0.5547105706029911,1
2024,47,143,0.554791626656424,1
2024,47,145,0.6128736557336731,1
2024,47,147,0.6389491136334651,1
2024,47,149,0.5847692898698233,1
2024,47,151,0.5682759436753047,1
2024,47,153,0.6005023213334348,1
2024,47,155,0.5926834528495174,1
2024,47,157,0.5055494823683159,1
2024,47,159,0.5987301994484705,1
2024,47,161,0.605450887141028,1
2024,47,163,0.5873146686777432,1
2024,47,165,0.6389399039247083,1
2024,47,167,0.5720368904200458,1
2024,47,169,0.43577652485904667,1
2024,47,171,0.5880611401817681,1
2024,47,173,0.5395867048425246,1
2024,47,175,0.6370731707317073,1
2024,47,177,0.5465964213434418,1
2024,47,179,0.5649987543712343,1
2024,47,181,0.5132231404958678,1
2024,47,183,0.5091807641132865,1
2024,47,185,0.5897564535254949,1
2024,47,187,0.7930229243638517,1
2024,47,189,0.6980584192439863,1
2024,48,001,0.42960497114957835,1
2024,48,003,0.5236325931046402,1
2024,48,005,0.5647394671216696,1
2024,48,007,0.6369635350474142,1
2024,48,009,0.7632361689470554,1
2024,48,011,0.7809859154929577,1
2024,48,013,0.5269864853281523,1
2024,48,015,0.7014272035018922,1
2024,48,017,0.415910176779742,2
2024,48,019,0.7671912901224122,1
2024,48,021,0.5741029191184954,1
2024,48,023,0.6203703703703703,1
2024,48,025,0.36445808110125216,1
2024,48,027,0.4908636001622913,1
2024,48,029,0.5369578363160272,1
2024,48,031,0.860127157129882,1
2024,48,033,0.8561946902654868,2
2024,48,035,0.6797274275979557,1
2024,48,037,0.5391519289056292,1
2024,48,039,0.6033727151883888,1
2024,48,041,0.526460115183366,1
2024,48,043,0.6111333600320384,1
2024,48,045,0.7648870636550308,2
2024,48,047,0.45953701932274726,1
2024,48,049,0.5671737228242579,1
2024,48,051,0.6744654812468505,1
2024,48,053,0.7205415642915642,1
2024,48,055,0.47399420079739035,1
2024,48,057,0.5435491706572281,1
2024,48,059,0.630060409340907,1
2024,48,061,0.469396084897273,1
2024,48,063,0.6188902007083825,1
2024,48,065,0.7194293478260869,1
2024,48,067,0.649715178243293,1
2024,48,069,0.4782505910165485,1
2024,48,071,0.7214502383359815,1
2024,48,073,0.5809019319018752,1
2024,48,075,0.4409082088104017,1
2024,48,077,0.7061917284245757,1
2024,48,079,0.5941450432468397,1
2024,48,081,0.6918382913806255,1
2024,48,083,0.7033338974445761,1
2024,48,085,0.6800369836923548,1
2024,48,087,0.6754780652418447,1
2024,48,089,0.6563772494417444,1
2024,48,091,0.7449844151543727,1
2024,48,093,0.6703544355664823,1
2024,48,095,0.453444360333081,1
2024,48,097,0.65968704629779,1
2024,48,099,0.37841428503645597,1
2024,48,101,0.6038602941176471,2
2024,48,103,0.5683306055646481,2
2024,48,105,0.7469688982604111,2
2024,48,107,0.5154921853578284,1
2024,48,109,0.5206666666666667,2
2024,48,111,0.3807894736842105,2
2024,48,113,0.5376425441787317,1
2024,48,115,0.4105410774804254,1
2024,48,117,0.4103398755385352,1
2024,48,119,0.6527504911591355,1
2024,48,121,0.6658918474989846,1
2024,48,123,0.5205561468866419,1
2024,48,125,0.7454954954954955,2
2024,48,127,0.582724026526101,1
2024,48,129,0.6489764973464746,1
2024,48,131,0.6182095343680709,1
2024,48,133,0.6163596168017687,1
2024,48,135,0.4294524896453729,1
2024,48,137,1,2
2024,48,139,0.6764440095938904,1
2024,48,141,0.45379259339430345,1
2024,48,143,0.5540928168121018,1
2024,48,145,0.4864383137011779,1
2024,48,147,0.5776344995243632,1
2024,48,149,0.7007832623666088,1
2024,48,151,0.6628033321260413,1
2024,48,153,0.5974842767295597,1
2024,48,155,0.6488095238095238,2
2024,48,157,0.6490866835925331,1
2024,48,159,0.6823846845689323,1
2024,48,161,0.6059489515642795,1
2024,48,163,0.39585334614153056,1
2024,48,165,0.6045415999246208,1
2024,48,167,0.6175777138173866,1
2024,48,169,0.41814853556485354,2
2024,48,171,0.7731470629600112,1
2024,48,173,0.9132231404958677,2
2024,48,175,0.7246455834242094,1
2024,48,177,0.5831265508684863,1
2024,48,179,0.5317059483726151,1
2024,48,181,0.6443429979080725,1
2024,48,183,0.5396623790499504,1
2024,48,185,0.6082157388970652,1
2024,48,187,0.6426182981967498,1
2024,48,189,0.4238758274366583,1
2024,48,191,0.5412152614225153,1
2024,48,193,0.7210917312661499,1
2024,48,195,0.6419396274887604,1
2024,48,197,0.5323986358469117,1
2024,48,199,0.6571215197554202,1
2024,48,201,0.53846810732134,1
2024,48,203,0.5903261697019383,1
2024,48,205,0.5406275140788415,1
2024,48,207,0.5231664726426077,1
2024,48,209,0.644183117627785,1
2024,48,211,0.7060884800700832,1
2024,48,213,0.6012949528044309,1
2024,48,215,0.46609587718658424,1
2024,48,217,0.6124349292470123,1
2024,48,219,0.5470858160399973,1
2024,48,221,0.720667967902841,1
2024,48,223,0.6375588995288037,1
2024,48,225,0.5490092625161215,1
2024,48,227,0.4263099712580146,1
2024,48,229,0.4928774928774929,1
2024,48,231,0.6074664309576113,1
2024,48,233,0.5737750556792873,1
2024,48,235,0.8338136407300673,2
2024,48,237,0.6434369735028335,1
2024,48,239,0.5761492944924897,1
2024,48,241,0.6423502696565427,1
2024,48,243,0.8034364261168385,2
2024,48,245,0.49503610367116124,1
2024,48,247,0.49811439346323066,1
2024,48,249,0.4824025596276905,1
2024,48,251,0.5841178641465197,1
2024,48,253,0.4250229427959621,1
2024,48,255,0.4312908982748364,1
2024,48,257,0.6099535104447705,1
2024,48,259,0.8249613057548896,1
2024,48,261,1,3
2024,48,263,0.6942277691107644,2
2024,48,265,0.6715137067938022,1
2024,48,267,0.6900114810562572,1
2024,48,269,0.75,3
2024,48,271,0.5426386233269599,1
2024,48,273,0.45069535082586976,1
2024,48,275,0.5862803579037068,1
2024,48,277,0.5669045970276461,1
2024,48,279,0.5073331703739917,1
2024,48,281,0.649818871830257,1
2024,48,283,0.46788263283108644,1
2024,48,285,0.6999132697311362,1
2024,48,287,0.6248143748143749,1
2024,48,289,0.7613607727845443,1
2024,48,291,0.5160806669522523,1
2024,48,293,0.5732061647296615,1
2024,48,295,0.7235632183908046,1
2024,48,297,0.5991764705882353,1
2024,48,299,0.7449983601180715,1
2024,48,301,1,3
2024,48,303,0.5349745643421598,1
2024,48,305,0.6399900274245824,1
2024,48,307,0.6292315959161741,1
2024,48,309,0.5324614965463084,1
2024,48,311,1,3
2024,48,313,0.5592460519612837,1
2024,48,315,0.5930305698830042,1
2024,48,317,0.6193874516800476,1
2024,48,319,0.8277104487389453,1
2024,48,321,0.5400624771796017,1
2024,48,323,0.5046150887763605,1
2024,48,325,0.6137372226377462,1
2024,48,327,0.7157604955264969,2
2024,48,329,0.5220370879974434,1
2024,48,331,0.5841052631578947,1
2024,48,333,0.7899740708729472,1
2024,48,335,0.3620515775824809,1
2024,48,337,0.7025949367088608,1
2024,48,339,0.6782677415651959,1
2024,48,341,0.5072367798694541,1
2024,48,343,0.6085787882181656,1
2024,48,345,0.6310679611650486,2
2024,48,347,0.5447123193981362,1
2024,48,349,0.5560665115105291,1
2024,48,351,0.5934145334434352,1
2024,48,353,0.48570885955749693,1
2024,48,355,0.48092930602436307,1
2024,48,357,0.5777351247600768,1
2024,48,359,0.7503852080123267,2
2024,48,361,0.5819573677551608,1
2024,48,363,0.6188399071925754,1
2024,48,365,0.671618130577736,1
2024,48,367,0.7540654287066167,1
2024,48,369,0.4590284142988084,1
2024,48,371,0.4083148451818269,1
2024,48,373,0.5943433157173615,1
2024,48,375,0.4234358933797358,1
2024,48,377,0.6082977425259305,2
2024,48,379,0.6485310119695321,1
2024,48,381,0.6164911213704513,1
2024,48,383,0.5171662125340599,1
2024,48,385,0.9279620853080569,1
2024,48,387,0.6432138497392076,1
2024,48,389,0.4212911919637388,1
2024,48,391,0.5942028985507246,1
2024,48,393,0.9438943894389439,2
2024,48,395,0.651649492770988,1
2024,48,397,0.7170873831129946,1
2024,48,399,0.553417928776095,1
2024,48,401,0.5561648047555601,1
2024,48,403,0.679284323271665,1
2024,48,405,0.6236684420772304,1
2024,48,407,0.6083626676814765,1
2024,48,409,0.5229382180970683,1
2024,48,411,0.6344262295081967,1
2024,48,413,0.6228218100056211,1
2024,48,415,0.47750605124780904,1
2024,48,417,0.6898203592814371,1
2024,48,419,0.5944427845832089,1
2024,48,421,0.5800664451827242,2
2024,48,423,0.6046929936898968,1
2024,48,425,0.747423408160384,1
2024,48,427,0.49496624065589584,1
2024,48,429,0.5319660537482319,1
2024,48,431,0.7288528389339514,2
2024,48,433,0.7833698030634574,2
2024,48,435,0.6065857885615251,1
2024,48,437,0.4370899266692397,1
2024,48,439,0.5782485357876055,1
2024,48,441,0.5256034523640157,1
2024,48,443,0.5861070911722142,3
2024,48,445,0.44970414201183434,1
2024,48,447,0.7120253164556962,1
2024,48,449,0.5446304788311827,1
2024,48,451,0.5177971410672589,1
2024,48,453,0.6206268451144838,1
2024,48,455,0.669086289810362,1
2024,48,457,0.5963514102484279,1
2024,48,459,0.6336466464871754,1
2024,48,461,0.5660295395308428,1
2024,48,463,0.5724998535356495,1
2024,48,465,0.48800722577191985,1
2024,48,467,0.6001331243424302,1
2024,48,469,0.5433244099818456,1
2024,48,471,0.3848623362328589,1
2024,48,473,0.6588969375313778,1
2024,48,475,0.522408769252116,1
2024,48,477,0.6574635484336654,1
2024,48,479,0.46228838541227996,1
2024,48,481,0.5628228372045291,1
2024,48,483,0.6834986474301172,1
2024,48,485,0.4661460514194791,1
2024,48,487,0.46976548532968765,1
2024,48,489,0.3956051770729626,1
2024,48,491,0.6729620943550586,1
2024,48,493,0.6937555640340837,1
2024,48,495,0.421408327883148,1
2024,48,497,0.7192725084165585,1
2024,48,499,0.6611180393645285,1
2024,48,501,0.5840859165242861,1
2024,48,503,0.6328208250875323,1
2024,48,505,0.6788850174216028,1
2024,48,507,0.5527940478075035,1
2024,49,001,0.6746481831547995,1
2024,49,003,0.6991079846254261,1
2024,49,005,0.638928650952699,1
2024,49,007,0.6210547080483956,1
2024,49,009,0.9016393442622951,2
2024,49,011,0.6660002798824494,1
2024,49,013,0.670805595033286,1
2024,49,015,0.7004473022085547,1
2024,49,017,0.6963091404508298,1
2024,49,019,0.6970932526634224,1
2024,49,021,0.6315241029358464,1
2024,49,023,0.780411877394636,1
2024,49,025,0.6981953951462352,1
2024,49,027,0.7420704078075985,1
2024,49,029,0.7931479525988502,1
2024,49,031,0.7101769911504425,1
2024,49,033,0.7754555198285101,1
2024,49,035,0.629917941099038,1
2024,49,037,0.6166212003117693,1
2024,49,039,0.6007332807351371,1
2024,49,041,0.6951266064384781,1
2024,49,043,0.8345750685373327,1
2024,49,045,0.6391504557842308,1
2024,49,047,0.6370513439562209,1
2024,49,049,0.6612072999532054,1
2024,49,051,0.7508898253078591,1
2024,49,053,0.682881617750316,1
2024,49,055,0.8427769270035732,1
2024,49,057,0.5952498578994618,1
2024,50,001,0.8168068322576439,1
2024,50,003,1,1
2024,50,005,1,1
2024,50,007,0.382807120357483,1
2024,50,009,1,1
2024,50,011,0.5452299070182143,1
2024,50,013,1,1
2024,50,015,0.3758129981906206,1
2024,50,017,0.8653403485695494,1
2024,50,019,0.7990006813536226,1
2024,50,021,0.5125090791703656,1
2024,50,023,0.7806058359588971,1
2024,50,025,0.6291104692758155,1
2024,50,027,0.654810247687892,1
2024,51,001,0.69895629484670585,1
2024,51,003,0.7695234581281925,1
2024,51,005,0.6872301560943208,1
2024,51,007,0.7627730294396962,1
2024,51,009,0.6930070490227491,1
2024,51,011,0.7507591684185938,1
2024,51,013,0.7566238925794719,1
2024,51,015,0.7047939310872406,1
2024,51,017,0.7641313998224327,1
2024,51,019,0.7916828907405965,1
2024,51,021,0.6640464158712334,1
2024,51,023,0.7951837861397646,1
2024,51,025,0.5932229377491567,1
2024,51,027,0.5793167701863354,1
2024,51,029,0.5736338599797072,1
2024,51,031,0.714701701288577,1
2024,51,033,0.7319126000248767,1
2024,51,035,0.6825765575501584,1
2024,51,036,0.7725573945541911,1
2024,51,037,0.6778016025279314,1
2024,51,041,0.7713752937758146,1
2024,51,043,0.824928318434812,1
2024,51,045,0.8367292225201073,1
2024,51,047,0.7496586851501785,1
2024,51,049,0.696900406504065,1
2024,51,051,0.6345218800648298,1
2024,51,053,0.7051293649357698,1
2024,51,057,0.7075020417687551,1
2024,51,059,0.7613319697492786,1
2024,51,061,0.8090722473522626,1
2024,51,063,0.7757717417586846,1
2024,51,065,0.7450192084338426,1
2024,51,067,0.6966241492766034,1
2024,51,069,0.7448117933304709,1
2024,51,071,0.699121744397335,1
2024,51,073,0.737605149120571,1
2024,51,075,0.8900989200471913,1
2024,51,077,0.6403286978508217,1
2024,51,079,0.7711723254324151,1
2024,51,081,0.45614780208112127,1
2024,51,083,0.6712560659067826,1
2024,51,085,0.842676290181248,1
2024,51,087,0.7446268250657477,1
2024,51,089,0.6404163096618114,1
2024,51,091,0.7808988764044944,1
2024,51,093,0.7966933608886593,1
2024,51,095,0.8091195268530001,1
2024,51,097,0.7561152382678021,1
2024,51,099,0.7430589145786979,1
2024,51,101,0.8099341459997198,1
2024,51,103,0.7849671088105252,1
2024,51,105,0.569208244171641,1
2024,51,107,0.8207592296211045,1
2024,51,109,0.7668312888322447,1
2024,51,111,0.6305233805233805,1
2024,51,113,0.7615051434759069,1
2024,51,115,0.8143112209861283,1
2024,51,117,0.6655482815057283,1
2024,51,119,0.76398756660746,1
2024,51,121,0.5969747255552719,1
2024,51,125,0.7883113611554287,1
2024,51,127,0.8468541371636658,1
2024,51,131,0.7319477180201415,1
2024,51,133,0.7849421218788865,1
2024,51,135,0.5560694579681922,1
2024,51,137,0.7697124865930872,1
2024,51,139,0.7026753896069358,1
2024,51,141,0.6781343961960702,1
2024,51,143,0.701328616675579,1
2024,51,145,0.8179998430018055,1
2024,51,147,0.5154515123338621,1
2024,51,149,0.520007092617767,1
2024,51,153,0.7308403712147972,1
2024,51,155,0.6408027240454973,1
2024,51,157,0.8288910825929582,1
2024,51,159,0.5725884133755332,1
2024,51,161,0.7505716287122824,1
2024,51,163,0.6890738138981952,1
2024,51,165,0.757929388270902,1
2024,51,167,0.6554080248110099,1
2024,51,169,0.6297414284087026,1
2024,51,171,0.7113471245586905,1
2024,51,173,0.6140873860829572,1
2024,51,175,0.6759488448844885,1
2024,51,177,0.7518794851349812,1
2024,51,179,0.737285128878324,1
2024,51,181,0.824,1
2024,51,183,0.5434347922683848,1
2024,51,185,0.6282189180639038,1
2024,51,187,0.7212134773991433,1
2024,51,191,0.6650988195920583,1
2024,51,193,0.7075225677031093,1
2024,51,195,0.590413176603083,1
2024,51,197,0.6860558123000355,1
2024,51,199,0.7432051426638097,1
2024,51,510,0.7194902764297783,1
2024,51,520,0.5606026534742523,1
2024,51,530,0.5572265625,1
2024,51,540,0.6607593501006607,1
2024,51,550,0.6818245021070871,1
2024,51,570,0.6630329996292177,1
2024,51,580,0.5813953488372093,1
2024,51,590,0.5554263078470825,1
2024,51,595,0.5566061845131612,1
2024,51,600,0.8501960288352093,1
2024,51,610,0.8612444785865182,1
2024,51,620,0.6498993963782697,1
2024,51,630,0.6388468093164174,1
2024,51,640,0.5597445405850845,1
2024,51,650,0.5917276042552387,1
2024,51,660,0.4587412215364971,1
2024,51,670,0.5404464714354297,1
2024,51,678,0.426168502530515,1
2024,51,680,0.5926745011945502,1
2024,51,683,0.6424074742371386,1
2024,51,685,0.574744750529763,1
2024,51,690,0.5907287533931928,1
2024,51,700,0.5563042023111608,1
2024,51,710,0.4798437928967229,1
2024,51,720,0.5758850332982826,1
2024,51,730,0.5259622732574508,1
2024,51,735,0.8385411223743338,1
2024,51,740,0.5603368649823418,1
2024,51,750,0.45325583004636355,1
2024,51,760,0.6075859046677304,1
2024,51,770,0.5887087758524315,1
2024,51,775,0.6588494688314291,1
2024,51,790,0.6600476955273276,1
2024,51,800,0.7229954060683262,1
2024,51,810,0.6633079488038208,1
2024,51,820,0.6627865961199294,1
2024,51,830,0.5840214237893327,1
2024,51,840,0.6045512656609563,1
2024,53,001,0.5417550237301828,1
2024,53,003,0.646849794122624,1
2024,53,005,0.695273606076299,1
2024,53,007,0.7537606745989209,1
2024,53,009,0.7586405799360824,1
2024,53,011,0.7315233346998691,1
2024,53,013,0.7836644591611479,1
2024,53,015,0.7012742919286964,1
2024,53,017,0.7421604008268806,1
2024,53,019,0.680376610505451,1
2024,53,021,0.5681081466177466,1
2024,53,023,0.7272727272727273,1
2024,53,025,0.5942140632683167,1
2024,53,027,0.6369320479978428,1
2024,53,029,0.7545750129481499,1
2024,53,031,0.8456481544888037,1
2024,53,033,0.7227354064284659,1
2024,53,035,0.7267370215604703,1
2024,53,037,0.6939090813868231,1
2024,53,039,0.7543519237165983,1
2024,53,041,0.7040718079324161,1
2024,53,043,0.8042328042328042,1
2024,53,045,0.7038387016325512,1
2024,53,047,0.6910897029900996,1
2024,53,049,0.7217999391912435,1
2024,53,051,0.7609082813891362,1
2024,53,053,0.6493417670659001,1
2024,53,055,0.8339317773788151,1
2024,53,057,0.7173737683157196,1
2024,53,059,0.7273536392405063,1
2024,53,061,0.713769321748391,1
2024,53,063,0.683893314529654,1
2024,53,065,0.749986724018905,1
2024,53,067,0.7245261915665622,1
2024,53,069,0.8022006811632172,1
2024,53,071,0.6355566064097328,1
2024,53,073,0.7739914442585586,1
2024,53,075,0.5340960610182148,1
2024,53,077,0.5787253188659067,1
2024,54,001,0.5194119558154646,1
2024,54,003,0.5757417156696736,1
2024,54,005,0.48821730527073215,1
2024,54,007,0.5334872979214781,1
2024,54,009,0.5475510775258886,1
2024,54,011,0.4804974638565655,1
2024,54,013,0.5994283380971825,1
2024,54,015,0.5286343612334802,1
2024,54,017,0.4508159219155101,1
2024,54,019,0.4989140155870704,1
2024,54,021,0.3902763902763903,1
2024,54,023,0.6328711070697886,1
2024,54,025,0.5809250794142713,1
2024,54,027,0.5466187724504139,1
2024,54,029,0.5623408571058651,1
2024,54,031,0.5699173259845319,1
2024,54,033,0.578889521304783,1
2024,54,035,0.594519404645987,1
2024,54,037,0.6419198590929106,1
2024,54,039,0.5360277564047762,1
2024,54,041,0.5384262796027502,1
2024,54,043,0.4676296440887501,1
2024,54,045,0.46084301040703984,1
2024,54,047,0.37574456295885855,1
2024,54,049,0.5530510529387993,1
2024,54,051,0.5479730009524204,1
2024,54,053,0.5307734890040763,1
2024,54,055,0.5106862129447175,1
2024,54,057,0.6036394255508256,1
2024,54,059,0.4877628403998621,1
2024,54,061,0.4754596653017217,1
2024,54,063,0.652557138464692,1
2024,54,065,0.632614742698192,1
2024,54,067,0.5258828460651787,1
2024,54,069,0.564502975201619,1
2024,54,071,0.6986944104447165,1
2024,54,073,0.5534799140353778,1
2024,54,075,0.6094360256209967,1
2024,54,077,0.5212081797817761,1
2024,54,079,0.6165829821572671,1
2024,54,081,0.5397124183006536,1
2024,54,083,0.5155180080035572,1
2024,54,085,0.6129862267292265,1
2024,54,087,0.5023200800655081,1
2024,54,089,0.5334954900172292,1
2024,54,091,0.5542416844675008,1
2024,54,093,0.6386790795714035,1
2024,54,095,0.5563759421627442,1
2024,54,097,0.5248336438647857,1
2024,54,099,0.5216483916917879,1
2024,54,101,0.4608762490392006,1
2024,54,103,0.5575845235942868,1
2024,54,105,0.6483295654358201,1
2024,54,107,0.5674635763603735,1
2024,54,109,0.45920844967828095,1
2024,55,001,0.7175002784894731,1
2024,55,003,0.7116179275270185,1
2024,55,005,0.7349159790564435,1
2024,55,007,0.8144337366857474,1
2024,55,009,0.7424368222970185,1
2024,55,011,0.7639347354522305,1
2024,55,013,0.759075907590759,1
2024,55,015,0.8163285551311938,1
2024,55,017,0.7364844168772494,1
2024,55,019,0.6491473065041683,1
2024,55,021,0.7636482939632546,1
2024,55,023,0.7104400749063671,1
2024,55,025,0.8455800626220379,1
2024,55,027,0.7131919237749547,1
2024,55,029,0.8302874132804757,1
2024,55,031,0.7115384615384616,1
2024,55,033,0.7066431834443283,1
2024,55,035,0.7503384878500677,1
2024,55,037,0.8047910295616718,1
2024,55,039,0.7291448647032441,1
2024,55,041,0.6752782193958664,1
2024,55,043,0.67475536226154,1
2024,55,045,0.7673270768161279,1
2024,55,047,0.7401553710152692,1
2024,55,049,0.7936945706251352,1
2024,55,051,0.7811782708492732,1
2024,55,053,0.639352246438573,1
2024,55,055,0.7488277633425917,1
2024,55,057,0.6820866141732284,1
2024,55,059,0.7181948503496725,1
2024,55,061,0.7755482388022613,1
2024,55,063,0.7503972086357831,1
2024,55,065,0.7169995129079396,1
2024,55,067,0.7454464114526747,1
2024,55,069,0.7412241030279536,1
2024,55,071,0.7275869111016856,1
2024,55,073,0.7495744620153859,1
2024,55,075,0.7244162240750082,1
2024,55,077,0.7462202168922663,1
2024,55,078,0.530185497470489,1
2024,55,079,0.7013402484045921,1
2024,55,081,0.6891071007313045,1
2024,55,083,0.7869349590927757,1
2024,55,085,0.7886900047520988,1
2024,55,087,0.7718703021777208,1
2024,55,089,0.8780069441562574,1
2024,55,091,0.7635917222027359,1
2024,55,093,0.7569307816133071,1
2024,55,095,0.7774869831124824,1
2024,55,097,0.7626317830824019,1
2024,55,099,0.7666868669379274,1
2024,55,101,0.7289823383269812,1
2024,55,103,0.6985090282460478,1
2024,55,105,0.7161857492741635,1
2024,55,107,0.7331560283687943,1
2024,55,109,0.8401612657421134,1
2024,55,111,0.7528242929252463,1
2024,55,113,0.738286168732189,1
2024,55,115,0.731198854973708,1
2024,55,117,0.7508307124679106,1
2024,55,119,0.7352921843160455,1
2024,55,121,0.7505835122770983,1
2024,55,123,0.7274439383321654,1
2024,55,125,0.8178316184297227,1
2024,55,127,0.7420192248821404,1
2024,55,129,0.7996212397115595,1
2024,55,131,0.8507962806109627,1
2024,55,133,0.8707624108436817,1
2024,55,135,0.7440773372491434,1
2024,55,137,0.7135830683624801,1
2024,55,139,0.7079989606918823,1
2024,55,141,0.7369725747604001,1
2024,56,001,0.5908061073715317,1
2024,56,003,0.6625457875457875,1
2024,56,005,0.5472991011835899,1
2024,56,007,0.5934450377462714,1
2024,56,009,0.6531162701088528,1
2024,56,011,0.7834977578475336,1
2024,56,013,0.5874843808044308,1
2024,56,015,0.6238329484991467,1
2024,56,017,0.7426243326777184,1
2024,56,019,0.7189495066744052,1
2024,56,021,0.5653774844740629,1
2024,56,023,0.7242634889109566,1
2024,56,025,0.5666904126836865,1
2024,56,027,0.587069372345446,1
2024,56,029,0.7040760982936293,1
2024,56,031,0.7036169278078782,1
2024,56,033,0.6668141592920354,1
2024,56,035,0.7190166305133767,1
2024,56,037,0.5644338546211155,1
2024,56,039,0.7747893339489784,1
2024,56,041,0.6186749426528134,1
2024,56,043,0.6576561450638012,1
2024,56,045,0.6576693968726731,1
