year,state,county,rate_crime_violent,rate_crime_property,rate_crime_violent_quality,rate_crime_property_quality
2021,01,001,1272.9456081367648,1790.7502403885956,1,1
2021,01,003,528.3294662551567,1295.2877414355592,1,1
2021,01,005,1876.5588503107801,3586.840334138327,3,3
2021,01,007,1414.848947559174,1818.4586182498158,1,1
2021,01,009,819.1392370747927,1721.5457752359519,2,2
2021,01,011,1347.9684190256114,1222.7999229732332,1,1
2021,01,013,1037.485011209009,1397.2159949950471,3,3
2021,01,015,1902.8614996551694,2735.562381992348,2,2
2021,01,017,1794.2240339897803,3752.0812998794286,1,1
2021,01,019,2000.7118971368056,3820.3219743275063,1,1
2021,01,021,818.1554718327129,1823.5726865372185,2,2
2021,01,023,578.4865540963102,1094.4340212632897,3,3
2021,01,025,1272.1665381649962,1987.4925040692194,1,1
2021,01,027,1085.7304004512127,1431.190073322053,1,1
2021,01,029,2233.1516682174665,2578.758474013027,1,1
2021,01,031,946.3391189425984,1688.8577650353682,1,1
2021,01,033,1024.8463610910565,2354.3291834686293,2,2
2021,01,035,849.0405841399219,1613.1771098658514,2,2
2021,01,037,201.11089829534572,545.8724382302241,3,3
2021,01,039,1845.8255534809284,2632.7020538810352,2,2
2021,01,041,1022.5563909774436,2195.4887218045114,3,3
2021,01,043,1393.2552205384388,3119.872142811063,3,3
2021,01,045,1996.0747676588373,3734.688286665591,2,2
2021,01,047,1810.428476584444,2336.448598130841,3,3
2021,01,049,896.2772223636454,1131.8369160518002,1,1
2021,01,051,748.3376564807942,1743.7987195894807,2,2
2021,01,053,1287.995878413189,2115.0248108679734,3,3
2021,01,055,1888.5496436501246,3223.9589567983444,2,2
2021,01,057,749.2766170868184,1453.1477909570528,1,1
2021,01,059,799.1509021664482,2004.1206218392958,3,3
2021,01,061,1254.701645686684,2697.3397807578876,2,2
2021,01,063,242.0073875939371,382.11692777990066,3,3
2021,01,065,114.71759228018085,60.73284297186045,3,3
2021,01,067,1734.6282245456964,2586.049449641516,2,2
2021,01,069,248.75589601237792,656.4257278100953,2,2
2021,01,071,302.5804978305549,451.016213747431,3,3
2021,01,073,1329.6499726625311,3466.9623175835227,2,2
2021,01,075,667.6717639457247,1443.0325220762438,2,2
2021,01,077,1324.162756315485,3535.3859998714406,2,2
2021,01,079,694.9110936419315,1191.9432097441104,3,3
2021,01,081,1905.0439127561474,3678.004804181205,2,2
2021,01,083,318.4477596542201,937.3758105393094,2,2
2021,01,085,2486.9363266886007,4373.911360557384,3,3
2021,01,087,979.5534193264033,1508.8070560792653,2,2
2021,01,089,45.20100003480804,104.79989034971442,2,2
2021,01,091,881.5796257153168,1417.7450121152756,3,3
2021,01,093,1001.5426504896193,1901.9821904038204,2,2
2021,01,095,342.88293505538303,807.4475259401125,3,3
2021,01,097,2607.447783512614,3689.402344315277,2,2
2021,01,099,1048.968431518767,1710.1665423813074,2,2
2021,01,101,181.60229098274777,192.51589020046097,2,2
2021,01,103,230.00328666366858,453.74078706256387,2,2
2021,01,105,241.32383360147094,310.27350034474836,1,1
2021,01,107,457.3804573804574,909.5634095634097,2,2
2021,01,109,994.6949602122015,1561.3696648179407,1,1
2021,01,111,1132.64192139738,2051.491994177584,2,2
2021,01,113,589.76277486543,1150.9724693162204,3,3
2021,01,115,577.8735392136095,1019.642517015935,1,1
2021,01,117,993.0361404501222,2729.5106974029213,2,2
2021,01,119,288.41531805800355,416.5999038615606,3,3
2021,01,121,1329.3432581735242,2451.6283427149265,2,2
2021,01,123,1176.0073470605475,2052.693865242314,2,2
2021,01,125,1100.1143419405707,1563.8627647693424,2,2
2021,01,127,1214.5287672374527,2589.358850195643,3,3
2021,01,129,995.2484910748684,1650.186207782201,1,1
2021,01,131,467.9019277559424,570.8403518622497,3,3
2021,01,133,765.3592633481322,1434.087774234196,2,2
2021,02,013,NA,NA,NA,NA
2021,02,016,666.539706722529,1409.2553799276327,3,3
2021,02,020,9.57117708386744,32.47363653455024,3,3
2021,02,050,2192.9350761585824,875.013503294804,1,1
2021,02,060,3533.5689045936397,2709.0694935217907,1,1
2021,02,063,NA,NA,NA,NA
2021,02,066,NA,NA,NA,NA
2021,02,068,NA,NA,NA,NA
2021,02,070,571.5452133088385,142.88630332720962,3,3
2021,02,090,680.3981512933741,2200.743188298387,1,1
2021,02,100,476.6444232602479,2526.2154432793136,1,1
2021,02,105,NA,NA,NA,NA
2021,02,110,NA,NA,NA,NA
2021,02,122,497.3514332918874,940.1985999216502,2,2
2021,02,130,710.2374632326566,1226.773800129134,1,1
2021,02,150,1157.5124829777576,1301.2558632168257,1,1
2021,02,158,NA,NA,NA,NA
2021,02,164,NA,NA,NA,NA
2021,02,170,175.08215753649105,474.68798861497845,3,3
2021,02,180,2631.578947368421,883.8133068520358,1,1
2021,02,185,2300.966405890474,1546.2494247583984,1,1
2021,02,188,2057.61316872428,694.4444444444445,1,1
2021,02,195,1217.3396674584324,2494.061757719715,1,1
2021,02,198,305.81039755351685,67.95786612300374,3,3
2021,02,220,563.5125616341865,774.8297722470063,1,1
2021,02,230,NA,NA,NA,NA
2021,02,240,NA,NA,NA,NA
2021,02,275,508.7881591119334,370.0277520814061,1,1
2021,02,282,NA,NA,NA,NA
2021,02,290,NA,NA,NA,NA
2021,04,001,266.27352458893085,1125.268906172431,3,3
2021,04,003,821.7951587631503,1667.5726665174432,2,2
2021,04,005,1642.726055939617,3450.345655503581,2,2
2021,04,007,2922.3280900565674,2305.9141906748605,3,3
2021,04,009,NA,NA,NA,NA
2021,04,011,628.7989939216097,765.0387759379585,3,3
2021,04,012,1406.9456812110418,3371.9204511724547,2,2
2021,04,013,439.248327236215,1401.522927704472,3,3
2021,04,015,959.8909473006618,2103.9029885362133,3,3
2021,04,017,1624.6283146826254,1217.533228901875,3,3
2021,04,019,353.69827730292747,1409.8658728985579,3,3
2021,04,021,963.3779608215941,1929.0072902229244,2,2
2021,04,023,NA,NA,NA,NA
2021,04,025,1159.1648879972968,2065.965464585588,2,2
2021,04,027,924.8856827499211,3219.11463260801,2,2
2021,05,001,2796.271637816245,4064.1463555838595,1,1
2021,05,003,614.6059291395517,2179.5269083772337,3,3
2021,05,005,952.3579901629859,3170.5082457324716,1,1
2021,05,007,1188.5162355455689,3072.8854963643244,2,2
2021,05,009,1065.5628254773667,1840.03204700227,1,1
2021,05,011,1141.8325941304142,2330.8483533075396,3,3
2021,05,013,810.6422781126586,2618.9981292870507,1,1
2021,05,015,959.0111529445195,1747.5314342544575,1,1
2021,05,017,1460.8361364728496,3267.6597789524267,3,3
2021,05,019,1321.3408132041357,2276.415225555195,1,1
2021,05,021,613.8735420503376,1200.4638155651048,1,1
2021,05,023,2209.8541683101125,3543.5357461147073,2,2
2021,05,025,746.8553459119497,2306.0796645702308,3,3
2021,05,027,662.3959558983745,2919.77164770994,1,1
2021,05,029,1861.0721709286026,4838.787644414367,1,1
2021,05,031,1922.184300341297,4802.730375426621,1,1
2021,05,033,2941.3223550419125,3534.8775689036593,2,2
2021,05,035,3430.013653854111,5695.3121767553475,2,2
2021,05,037,1523.4720992028344,3336.2857986418658,3,3
2021,05,039,2167.042889390519,3641.8359668924004,3,3
2021,05,041,1422.376409366869,2315.6981786643537,3,3
2021,05,043,1079.3215692992976,2838.2159785277827,1,1
2021,05,045,2014.3752751743102,4507.959892990631,1,1
2021,05,047,1474.4448977213126,2447.6950871262893,1,1
2021,05,049,1488.1474132068129,1859.9707118593794,2,2
2021,05,051,1211.707825947399,5094.589443697715,2,2
2021,05,053,1060.741402411791,2406.208128628852,1,1
2021,05,055,2183.2913609985767,4309.6463374575715,1,1
2021,05,057,1768.8679245283017,3213.4433962264156,1,1
2021,05,059,691.9265167996133,3311.578438481992,3,3
2021,05,061,868.6210640608035,2404.219016596867,3,3
2021,05,063,1632.4478780823367,2899.77775425971,3,3
2021,05,065,1010.766864425401,1098.659635245001,3,3
2021,05,067,2441.047517478374,5024.291977722479,1,1
2021,05,069,3404.742005014736,7349.081364829396,2,2
2021,05,071,1469.8487602986113,2131.2807024329863,1,1
2021,05,073,266.75035305193785,972.8542287776557,1,1
2021,05,075,932.9732383992144,2142.1556592192487,2,2
2021,05,077,2230.5253623188405,3951.539855072464,1,1
2021,05,079,511.76290864650167,1260.3116406966087,3,3
2021,05,081,933.5756774619961,1999.3390614672837,3,3
2021,05,083,1277.0552608103667,2230.151650312221,1,1
2021,05,085,1519.8309492847854,2715.9189423493717,1,1
2021,05,087,872.93889427740055,1339.7187196896218,3,3
2021,05,089,614.9253731343283,1665.6716417910447,3,3
2021,05,091,3137.0262390670555,3927.6967930029155,1,1
2021,05,093,2540.123231290032,4551.764448016366,2,2
2021,05,095,2042.5901781833986,3462.2627842966826,3,3
2021,05,097,117.27704035396343,403.0140605822987,1,1
2021,05,099,623.5011990407673,1522.7817745803359,1,1
2021,05,101,599.2101320985972,1171.1834400108946,3,3
2021,05,103,1404.3223379123283,2900.516230641351,3,3
2021,05,105,527.0485282418457,2138.0270485282417,1,1
2021,05,107,2540.920640548366,4343.201560007091,3,3
2021,05,109,371.33215077022294,1061.5893231909226,1,1
2021,05,111,1516.4570049974152,3058.76270894365,2,2
2021,05,113,944.752515917026,1992.1955226945984,1,1
2021,05,115,1224.0250498149728,2425.910111648797,2,2
2021,05,117,794.6063086925114,1673.4890440645318,3,3
2021,05,119,3575.365259338301,7661.726293778664,2,2
2021,05,121,1203.7739941438022,2678.668257238911,1,1
2021,05,123,2916.6490284891843,5439.613935571265,1,1
2021,05,125,1079.6622214920574,3466.3439365402305,1,1
2021,05,127,1033.9251962131614,2713.9424630683734,1,1
2021,05,129,711.3821138211382,647.8658536585366,1,1
2021,05,131,2427.9565631970654,6322.101431336766,1,1
2021,05,133,858.5293019783502,1990.7925842976233,1,1
2021,05,135,222.4139898954564,727.6247501266348,3,3
2021,05,137,792.6237463604012,1472.0155289550307,1,1
2021,05,139,1637.7158575722074,3130.253171005043,3,3
2021,05,141,1182.047763663608,2063.600820335182,1,1
2021,05,143,1332.2977802161495,4431.179723618605,1,1
2021,05,145,1895.5562763542007,4154.395069737269,2,2
2021,05,147,331.59639981051635,1089.5310279488394,1,1
2021,05,149,1103.030894626385,1927.8637317585046,2,2
2021,06,001,23.967012783801405,209.845840109543,3,3
2021,06,003,NA,NA,NA,NA
2021,06,005,NA,NA,NA,NA
2021,06,007,43.60118228047952,208.36775531934424,3,3
2021,06,009,119.07649562283623,332.9731636860791,3,3
2021,06,011,110.19283746556472,133.14967860422405,3,3
2021,06,013,254.38107921280465,969.8332448092917,3,3
2021,06,015,32.54384378954981,177.1831495208823,3,3
2021,06,017,600.8353973384828,1457.2226186977875,3,3
2021,06,019,886.4078153815481,2704.5805712007177,2,2
2021,06,021,408.0209241499564,1112.467306015693,3,3
2021,06,023,40.141883311194476,164.9466477878173,3,3
2021,06,025,NA,NA,NA,NA
2021,06,027,NA,NA,NA,NA
2021,06,029,11.041866340416323,21.531639363811827,3,3
2021,06,031,373.303837721464,909.2285712404616,2,2
2021,06,033,197.788897253096,326.2040768129419,3,3
2021,06,035,157.8196606877295,273.1494127287626,3,3
2021,06,037,43.454676742216655,230.45749670521928,3,3
2021,06,039,1168.8760364418058,2431.7995700685847,2,2
2021,06,041,40.39834290570798,149.77876190512487,2,2
2021,06,043,1381.712626995646,2148.040638606676,1,1
2021,06,045,210.85061288701468,487.25063910678,3,3
2021,06,047,34.39011284255776,94.93104065914383,3,3
2021,06,049,103.17551301157859,171.95918835263097,3,3
2021,06,051,NA,NA,NA,NA
2021,06,053,507.3436108193816,1091.4608169895182,3,3
2021,06,055,NA,NA,NA,NA
2021,06,057,34.28347536487413,106.76853756489372,3,3
2021,06,059,145.3381058856906,562.7845851124894,3,3
2021,06,061,13.98845952089526,105.9126220867784,3,3
2021,06,063,NA,NA,NA,NA
2021,06,065,66.94804491371255,228.07160991993214,3,3
2021,06,067,8.716304643118223,50.00741204007973,3,3
2021,06,069,1129.024617473827,1596.425018553901,3,3
2021,06,071,136.70672216615668,457.65430978535477,3,3
2021,06,073,1046.22826020677,2839.0169998819892,2,2
2021,06,075,2.4251298888020205,16.860426845956905,3,3
2021,06,077,787.2637754956534,1855.9617114722985,2,2
2021,06,079,154.188371509101,757.1497784426267,3,3
2021,06,081,60.85341670950887,280.6601546516142,3,3
2021,06,083,328.6042028276492,979.334347516257,3,3
2021,06,085,44.92702464050617,319.4063007564096,3,3
2021,06,087,96.64214479418531,375.91222100551926,3,3
2021,06,089,NA,NA,NA,NA
2021,06,091,NA,NA,NA,NA
2021,06,093,NA,NA,NA,NA
2021,06,095,40.31614949759875,127.81548494568396,3,3
2021,06,097,12.588883609679634,41.624534515876206,3,3
2021,06,099,0,0.3630805203670018,2,2
2021,06,101,53.49212757367784,301.77634234961647,2,2
2021,06,103,1071.237279057311,2341.418624225266,3,3
2021,06,105,NA,NA,NA,NA
2021,06,107,500.42569092503385,984.7154664871899,3,3
2021,06,109,NA,NA,NA,NA
2021,06,111,35.37394040851577,83.40678256857397,3,3
2021,06,113,126.90179646797691,642.3538206669958,3,3
2021,06,115,NA,NA,NA,NA
2021,08,001,1566.0101988705828,7184.010739021408,2,2
2021,08,003,1868.47407950174,6967.08798925322,1,1
2021,08,005,834.9911577400871,4367.693442376857,2,2
2021,08,007,1077.8623652672045,1477.349815331273,1,1
2021,08,009,511.50895140664966,795.6805910770106,3,3
2021,08,011,563.0438491724962,1706.1934823408974,3,3
2021,08,013,776.0525673841671,4334.7525359472265,2,2
2021,08,014,427.8030730291484,5162.523900573614,1,1
2021,08,015,406.4622350277835,1178.225972422309,1,1
2021,08,017,177.40981667652278,295.68302779420463,3,3
2021,08,019,1283.5472578763126,3543.014744881723,1,1
2021,08,021,527.774112679773,395.8305845098298,3,3
2021,08,023,NA,NA,NA,NA
2021,08,025,814.2239946826188,1229.6444001329344,3,3
2021,08,027,1165.2542372881355,2415.2542372881358,3,3
2021,08,029,629.5570616387755,3028.940352680436,2,2
2021,08,031,1521.931977832453,8403.520661461038,2,2
2021,08,033,218.53146853146853,1442.3076923076924,3,3
2021,08,035,1031.9047726568297,5730.815377160799,1,1
2021,08,037,721.4396784912761,2147.730249985122,2,2
2021,08,039,250.994323666834,386.14511333359076,3,3
2021,08,041,1035.7862345310043,4803.5338347728075,2,2
2021,08,043,1163.099149101149,3068.9493337686454,1,1
2021,08,045,1048.6597736070955,2433.8053935741004,2,2
2021,08,047,1978.664831383345,11304.19821059876,3,3
2021,08,049,467.0804274105829,2041.077484164054,2,2
2021,08,051,575.633493561213,2628.9240994599727,1,1
2021,08,053,466.2004662004662,2097.902097902098,1,1
2021,08,055,795.6387210844262,3771.9168999557974,3,3
2021,08,057,509.0909090909091,872.7272727272727,1,1
2021,08,059,983.1953488664215,6020.218090501774,2,2
2021,08,061,495.0495049504951,2475.2475247524753,3,3
2021,08,063,692.971291189365,1852.6375335878945,3,3
2021,08,065,930.2952676284212,1483.0794121612512,1,1
2021,08,067,978.9305408366714,3058.933414761195,1,1
2021,08,069,775.8923787873024,3529.102954618634,2,2
2021,08,071,1286.9038607115822,4046.5212304727825,1,1
2021,08,073,479.57371225577265,1651.8650088809948,1,1
2021,08,075,969.4463588329887,4167.240983229956,3,3
2021,08,077,1239.9392313411126,4459.385202185086,2,2
2021,08,079,NA,NA,NA,NA
2021,08,081,891.238670694864,3217.5226586102717,1,1
2021,08,083,1778.8238925760147,3519.061583577713,3,3
2021,08,085,848.1383481383482,3879.228879228879,3,3
2021,08,087,1021.8927532215603,3709.9903006789523,1,1
2021,08,089,1017.9480310742031,4125.368336458612,2,2
2021,08,091,453.6082474226804,1855.6701030927834,3,3
2021,08,093,425.6787850897377,673.0326737229636,3,3
2021,08,095,266.84456304202797,489.2150322437181,1,1
2021,08,097,430.4767892957105,1945.307033803365,1,1
2021,08,099,467.9926458298512,2080.8958716363027,3,3
2021,08,101,1457.7224654082042,7483.891002251377,2,2
2021,08,103,739.0300230946882,1909.1608929946112,1,1
2021,08,105,1620.8602191072362,4274.940839171124,1,1
2021,08,107,891.6020723723844,3389.6943652355517,2,2
2021,08,109,235.36004483048472,493.13533202577753,3,3
2021,08,111,1002.865329512894,1719.1977077363897,3,3
2021,08,113,383.4735279564572,915.3884215734785,3,3
2021,08,115,203.33468889792596,325.3355022366816,3,3
2021,08,117,1037.3042974035177,3498.485922298821,1,1
2021,08,119,804.6490835940991,2158.4577718389396,3,3
2021,08,121,1137.7741001241209,4220.107571369466,3,3
2021,08,123,1104.5482676810495,4476.002729780679,2,2
2021,08,125,251.40788415124698,1025.7441673370877,1,1
2021,09,001,641.2280463298503,1880.7125546031873,1,1
2021,09,003,791.4216657244981,3303.117168686765,2,2
2021,09,005,405.0222762251924,1128.6620764142028,1,1
2021,09,007,288.63448544066887,1249.3315832968742,1,1
2021,09,009,1138.8249334201405,3217.4579734513172,2,2
2021,09,011,757.6236108066332,1396.7175836302767,2,2
2021,09,013,111.91047162270183,541.5667466027179,3,3
2021,09,015,333.038634198261,421.4483747199643,2,2
2021,10,001,989.8572817962947,2370.7476152501054,2,2
2021,10,003,1060.2807695170552,3311.616673841029,2,2
2021,10,005,711.2048032675677,1524.694924698004,2,2
2021,11,001,NA,NA,NA,NA
2021,12,001,112.24929482096238,310.67708050447004,2,2
2021,12,003,857.0510302467593,1024.8901903367496,3,3
2021,12,005,NA,NA,NA,NA
2021,12,007,NA,NA,NA,NA
2021,12,009,272.1199255950649,324.9813405854319,3,3
2021,12,011,67.45751339716554,133.62273726564976,3,3
2021,12,013,NA,NA,NA,NA
2021,12,015,624.8748897677414,1198.3531435805603,3,3
2021,12,017,NA,NA,NA,NA
2021,12,019,1115.076649962091,1368.419106089465,3,3
2021,12,021,773.3431331260713,1387.8867050968759,3,3
2021,12,023,8.662383599220385,25.987150797661158,3,3
2021,12,027,32.32726952126252,61.71569635877391,3,3
2021,12,029,NA,NA,NA,NA
2021,12,031,1996.7390629942645,3571.7736710359422,3,3
2021,12,033,9.409462155143212,1.5682436925238685,2,2
2021,12,035,NA,NA,NA,NA
2021,12,037,NA,NA,NA,NA
2021,12,039,NA,NA,NA,NA
2021,12,041,NA,NA,NA,NA
2021,12,043,NA,NA,NA,NA
2021,12,045,0,6.576783952647156,3,3
2021,12,047,50.0966149001646,150.28984470049383,3,3
2021,12,049,NA,NA,NA,NA
2021,12,051,742.9194452191994,1346.3830218818935,3,3
2021,12,053,1149.754330446369,1755.0799467021986,3,3
2021,12,055,NA,NA,NA,NA
2021,12,057,347.76672558553656,581.7805684043925,2,2
2021,12,059,NA,NA,NA,NA
2021,12,061,NA,NA,NA,NA
2021,12,063,NA,NA,NA,NA
2021,12,065,NA,NA,NA,NA
2021,12,067,NA,NA,NA,NA
2021,12,069,10.131739273021045,29.32871894821881,3,3
2021,12,071,NA,NA,NA,NA
2021,12,073,10.65420239547712,48.45943670200884,2,2
2021,12,075,634.5536893753539,1144.0837893942253,3,3
2021,12,077,NA,NA,NA,NA
2021,12,079,NA,NA,NA,NA
2021,12,081,9.877818977569753,20.008915364820783,2,2
2021,12,083,1379.693929346711,1854.0818420398948,2,2
2021,12,085,330.33734833220694,541.9301049121101,3,3
2021,12,086,228.72645126803224,773.4247594803638,3,3
2021,12,087,3.6476825057147026,6.0794708428578375,3,3
2021,12,089,1.1300456538444152,1.1300456538444152,3,3
2021,12,091,48.7501792286001,97.97830139081393,3,3
2021,12,093,NA,NA,NA,NA
2021,12,095,NA,NA,NA,NA
2021,12,097,NA,NA,NA,NA
2021,12,099,115.84943084578862,261.5388666064016,3,3
2021,12,101,NA,NA,NA,NA
2021,12,103,426.8316233276165,812.8485817686841,3,3
2021,12,105,NA,NA,NA,NA
2021,12,107,28.70931138665974,133.97678647107878,3,3
2021,12,109,22.57981966250696,69.62111062606313,3,3
2021,12,111,NA,NA,NA,NA
2021,12,113,574.4663538474057,805.5548021372969,3,3
2021,12,115,350.5413009857082,998.0528071254215,3,3
2021,12,117,NA,NA,NA,NA
2021,12,119,4.711980209683119,8.638630384419052,3,3
2021,12,121,NA,NA,NA,NA
2021,12,123,9.190331770976933,22.97582942744233,3,3
2021,12,125,NA,NA,NA,NA
2021,12,127,NA,NA,NA,NA
2021,12,129,NA,NA,NA,NA
2021,12,131,NA,NA,NA,NA
2021,12,133,NA,NA,NA,NA
2021,13,001,578.0971419309525,1610.0275541628396,3,3
2021,13,003,544.201233522796,1257.7095174749063,3,3
2021,13,005,653.9460718444863,1352.682970527636,3,3
2021,13,007,NA,NA,NA,NA
2021,13,009,2393.107849393746,5082.505242045765,3,3
2021,13,011,845.8139417251832,2723.1688995481777,3,3
2021,13,013,1443.9264221559222,2662.1460475293793,3,3
2021,13,015,709.2001334964957,2688.471094300441,2,2
2021,13,017,2384.405639032314,4763.009804490341,1,1
2021,13,019,1357.5158010442428,2346.798571035999,2,2
2021,13,021,1488.0895406193567,5067.927586448941,3,3
2021,13,023,1154.274797006846,2523.483521732208,1,1
2021,13,025,901.9477644975652,2290.836653386454,3,3
2021,13,027,689.0611541774332,1371.9699766211395,3,3
2021,13,029,977.4019132122556,1922.4548269328525,1,1
2021,13,031,1196.7099893263012,2011.6782821623658,3,3
2021,13,033,759.3578473855805,2092.3610251330942,3,3
2021,13,035,561.1222444889779,1959.9198396793586,3,3
2021,13,037,178.66856113733667,216.19386186535792,3,3
2021,13,039,79.25390740194632,226.70303745207903,3,3
2021,13,043,1175.9301791456132,2057.8778135048233,3,3
2021,13,045,927.7270651467887,2905.723495933699,1,1
2021,13,047,750.0916900375378,1922.2330618356557,1,1
2021,13,049,48.32474226804124,587.9510309278351,3,3
2021,13,051,239.4722113868019,732.6628563675525,3,3
2021,13,053,NA,NA,NA,NA
2021,13,055,702.8677002168849,1968.0295606072775,3,3
2021,13,057,576.7580248326373,1284.736129389102,3,3
2021,13,059,2137.368852139319,4305.160107648504,2,2
2021,13,061,416.2330905306972,971.2105445716268,3,3
2021,13,063,2006.5185787740556,3579.1622503262274,3,3
2021,13,065,385.9284548018406,1157.7853644055217,1,1
2021,13,067,1216.5245901639344,2610.7540983606555,2,2
2021,13,069,764.2631481137336,1358.9481509013194,3,3
2021,13,071,650.205824974341,2081.5050224266956,3,3
2021,13,073,85.56205193357273,217.79431401273058,1,1
2021,13,075,424.7149173842215,1338.142890388643,3,3
2021,13,077,1148.3607014121444,2326.178743630769,1,1
2021,13,079,485.2372728020396,2278.1478740027965,3,3
2021,13,081,1398.362892223738,4618.9826544533225,3,3
2021,13,083,NA,NA,NA,NA
2021,13,085,824.3645523242501,1690.710632776124,3,3
2021,13,087,2146.7953135768435,4476.223294279806,3,3
2021,13,089,2678.6107244695027,5955.895775490475,2,2
2021,13,091,1991.1394295385535,3061.376872915526,3,3
2021,13,093,34.64403256539061,17.322016282695305,3,3
2021,13,095,2429.0238986467034,4615.030233227757,2,2
2021,13,097,1226.5393808637848,2989.1892892245137,3,3
2021,13,099,1358.3008041684616,2781.3384991165403,3,3
2021,13,101,NA,NA,NA,NA
2021,13,103,446.0345479762955,1199.407388727777,1,1
2021,13,105,899.6041741633682,2297.846090577289,3,3
2021,13,107,905.932538809974,1090.6372311887067,3,3
2021,13,109,641.2043490381935,1115.137998327293,3,3
2021,13,111,559.5682196999762,948.4879752361298,3,3
2021,13,113,400.58390195878735,1653.2572902875377,2,2
2021,13,115,2108.7465634864066,3722.6351695346707,1,1
2021,13,117,469.16835534721713,1027.4502144420842,3,3
2021,13,119,761.09391124871,1493.9025604377587,3,3
2021,13,121,898.3298327352182,3235.9851220161017,2,2
2021,13,123,1050.0209360002577,1710.3101748961253,3,3
2021,13,125,964.5194626248708,1756.803306923872,3,3
2021,13,127,1326.2536593459993,2814.881537932751,3,3
2021,13,129,1092.9915843139993,2355.3444844082833,3,3
2021,13,131,939.5612824052768,2247.2771897530297,3,3
2021,13,133,882.9424191538919,2036.726071177076,3,3
2021,13,135,225.59198257818815,513.9241741050392,3,3
2021,13,137,265.331074400126,983.571370706095,3,3
2021,13,139,1062.9199797965853,2248.1410642610153,2,2
2021,13,141,705.039297272307,1467.8687008784095,3,3
2021,13,143,714.9175708579932,2046.4234409619676,1,1
2021,13,145,111.44104805345245,583.0977013203291,3,3
2021,13,147,1115.933044017359,2850.1938179812264,3,3
2021,13,149,445.8041958041958,1582.167832167832,3,3
2021,13,151,1079.3905711810326,2719.1851742281765,2,2
2021,13,153,1334.4017231595412,3203.204065109977,2,2
2021,13,155,1248.04992199688,2589.703588143526,1,1
2021,13,157,656.3095925346489,1753.1053468843215,3,3
2021,13,159,1270.8937698577151,2355.2976930515265,3,3
2021,13,161,935.4029688876839,1884.362502541856,1,1
2021,13,163,948.5612426788897,2317.2905525846704,3,3
2021,13,165,816.7491084780859,2024.6175083400437,1,1
2021,13,167,NA,NA,NA,NA
2021,13,169,491.2181503339576,1508.9938862776971,1,1
2021,13,171,340.87219997835734,773.7257872524618,3,3
2021,13,173,1083.6540409155357,2693.943690500304,3,3
2021,13,175,812.9750823137272,1459.29027275314,3,3
2021,13,177,749.6850708206593,2258.272651857314,3,3
2021,13,179,1604.1284546274132,2242.9819380110052,2,2
2021,13,181,0,13.010668748373666,3,3
2021,13,183,231.73557750945238,603.7321624588365,3,3
2021,13,185,1625.5524238527892,2654.1890545569113,2,2
2021,13,187,982.2827528022177,1488.4898155959986,3,3
2021,13,189,621.3467114649975,1067.795830073181,3,3
2021,13,191,743.9553626782393,2320.43220263927,3,3
2021,13,193,364.963503649635,843.471208434712,3,3
2021,13,195,912.8602955928576,1631.7795760048152,3,3
2021,13,197,581.7797170435013,1084.225836308343,1,1
2021,13,199,521.7703503998631,1627.9466599738514,3,3
2021,13,201,NA,NA,NA,NA
2021,13,205,1248.8605287146765,2739.2889699179577,3,3
2021,13,207,93.44115004492363,373.7646001796945,3,3
2021,13,209,1043.7681703560315,2548.9032436991124,3,3
2021,13,211,172.6414136285163,863.2070681425815,3,3
2021,13,213,850.6260507364565,870.6998218452813,1,1
2021,13,215,341.54409246156405,1232.5925056026933,2,2
2021,13,217,1439.9691413096282,2730.7513102815547,3,3
2021,13,219,385.30946690728183,1707.067258449983,3,3
2021,13,221,926.9910007442993,1867.5147168279314,1,1
2021,13,223,1537.830138573705,2194.4860219207185,2,2
2021,13,225,2653.480463888816,6024.627215792153,1,1
2021,13,227,673.4930212714086,1289.0839275918815,3,3
2021,13,229,1656.0375458352473,4283.461374744351,3,3
2021,13,231,394.5824890689986,1098.4323344353204,3,3
2021,13,233,707.3924857116087,2187.763515412724,2,2
2021,13,235,1039.89601039896,2989.7010298970104,3,3
2021,13,237,1010.5166895290353,1755.8299039780522,1,1
2021,13,239,NA,NA,NA,NA
2021,13,241,466.2004662004662,1691.4709222401532,3,3
2021,13,243,415.19298785176073,999.5386744579424,3,3
2021,13,245,112.74614622008825,181.75456330307333,3,3
2021,13,247,158.09341492530893,49.471408752137485,3,3
2021,13,249,540.891389009087,1298.1393336218086,1,1
2021,13,251,163.95779868833762,463.35899629312803,3,3
2021,13,253,746.5963987703118,1383.399209486166,1,1
2021,13,255,1723.5694373669855,4281.94598483259,1,1
2021,13,257,322.81070530385495,1629.0679779287564,3,3
2021,13,259,NA,NA,NA,NA
2021,13,261,1202.4250589424048,3304.1428090266086,3,3
2021,13,263,701.8220534670132,918.051950161348,3,3
2021,13,265,444.7268106734435,381.19440914866584,3,3
2021,13,267,310.19775106630476,1085.6921287320667,3,3
2021,13,269,165.45755377370497,280.0050910016546,3,3
2021,13,271,73.42862737419229,308.40023497160763,3,3
2021,13,273,340.58448692595033,823.9947264337508,3,3
2021,13,275,1712.3212682563665,3777.179268212573,3,3
2021,13,277,1650.6409355539802,2307.9389028107644,3,3
2021,13,279,905.8529881930616,1744.3980144151217,3,3
2021,13,281,406.50406504065046,861.7886178861788,3,3
2021,13,283,639.625585023401,1185.6474258970359,3,3
2021,13,285,2294.0863232733186,4013.9314652504927,3,3
2021,13,287,361.33694670280033,858.1752484191508,3,3
2021,13,289,572.5665919840677,1306.9454817027633,3,3
2021,13,291,219.16222139519496,1071.0002894595377,1,1
2021,13,293,0,25.525087514585763,3,3
2021,13,295,222.9468464698288,833.6394368501482,3,3
2021,13,297,632.0886292688025,1403.2617067342949,2,2
2021,13,299,708.5910223260282,1930.375921586353,3,3
2021,13,301,NA,NA,NA,NA
2021,13,303,548.5737083582685,1206.8621583881907,3,3
2021,13,305,1587.0907762799654,2862.075835048808,3,3
2021,13,307,NA,NA,NA,NA
2021,13,309,628.3969149006194,1339.0556260921148,3,3
2021,13,311,563.0065265724736,1477.4438786487842,1,1
2021,13,313,1232.1005859753968,2645.6207070511077,2,2
2021,13,315,248.84062888813483,723.9000113109377,3,3
2021,13,317,1877.0092294928966,2416.2604998444467,3,3
2021,13,319,459.0751315642145,716.6050834173105,3,3
2021,13,321,1238.9550518632348,2170.5724164425665,2,2
2021,15,001,1479.5378813576233,2637.8274836881697,1,1
2021,15,003,1017.862085745498,3632.899808602919,1,1
2021,15,005,NA,NA,NA,NA
2021,15,007,1712.0155091676108,2011.0038636394665,1,1
2021,15,009,1178.2363521462253,3524.9866316659377,1,1
2021,16,001,897.4829261858933,1930.979338314999,2,2
2021,16,003,856.283267762092,3401.990280027772,3,3
2021,16,005,1212.5082149208267,3129.6881454995873,2,2
2021,16,007,663.8217164532954,964.1220167535956,1,1
2021,16,009,1146.2824692396675,1672.1001156798823,3,3
2021,16,011,1426.1674379469919,1853.1762726125369,3,3
2021,16,013,444.10926763867946,586.5594100888219,1,1
2021,16,015,662.3393826996953,1311.4319777453966,3,3
2021,16,017,647.5764290785482,1411.3293603838129,1,1
2021,16,019,1127.5262583045223,2405.3346034770184,2,2
2021,16,021,467.9926458298512,543.2057496239345,1,1
2021,16,023,621.8422075398367,1282.5495530509133,3,3
2021,16,025,383.1417624521073,957.8544061302681,1,1
2021,16,027,862.9220599295412,2048.2303940325555,1,1
2021,16,029,571.183778380694,742.5389118949022,3,3
2021,16,031,662.0622011524787,2035.2282479872492,3,3
2021,16,033,119.18951132300357,3098.927294398093,1,1
2021,16,035,619.3370799403601,1376.3046220896892,3,3
2021,16,037,608.4717996723613,1006.3187456119822,1,1
2021,16,039,683.1948161712918,929.7084096351599,3,3
2021,16,041,292.1060131091479,812.1972071815331,1,1
2021,16,043,493.64248317127897,1189.2296185489904,1,1
2021,16,045,620.5863471003638,775.7329338754547,1,1
2021,16,047,855.9201141226819,914.2783037219557,1,1
2021,16,049,497.1504789620468,521.4017218382442,3,3
2021,16,051,364.80757222203965,946.5277549544812,1,1
2021,16,053,784.8511274448736,1831.3192973713717,1,1
2021,16,055,812.1580113714003,1367.0633388190142,2,2
2021,16,057,428.238394486114,2004.3584025947698,3,3
2021,16,059,490.6894816305989,654.2526421741319,1,1
2021,16,061,858.0127318018268,1162.4688624411847,3,3
2021,16,063,1003.0864197530864,1523.9197530864199,3,3
2021,16,065,253.04537162360973,929.794621314659,1,1
2021,16,067,663.7685224138737,1313.5137661852007,3,3
2021,16,069,954.0889526542323,2890.961262553802,2,2
2021,16,071,1019.0518387239699,1129.818342933097,3,3
2021,16,073,744.8159119763013,1235.7173085061363,1,1
2021,16,075,750.1604621309372,1652.759948652118,3,3
2021,16,077,1424.161642858105,3745.08178996239,1,1
2021,16,079,914.3553794574825,1333.4349283754952,3,3
2021,16,081,496.0835509138381,452.56744995648387,3,3
2021,16,083,1282.4252760075399,1988.151871465757,1,1
2021,16,085,1402.9278494248867,2466.0160334611364,3,3
2021,16,087,297.3621103117506,326.1390887290168,1,1
2021,17,001,373.4175293724764,860.6818664804639,3,3
2021,17,003,NA,NA,NA,NA
2021,17,005,NA,NA,NA,NA
2021,17,007,110.00905436452813,252.46045720116908,3,3
2021,17,009,NA,NA,NA,NA
2021,17,011,242.42645908726857,379.86761611682516,3,3
2021,17,013,264.49195503636764,418.7789288075821,3,3
2021,17,015,NA,NA,NA,NA
2021,17,017,76.5814060346148,7.6581406034614785,3,3
2021,17,019,1677.7760028656764,2529.7338115914667,2,2
2021,17,021,185.08725542041248,458.3112991362595,3,3
2021,17,023,3.829216925138809,7.658433850277618,3,3
2021,17,025,NA,NA,NA,NA
2021,17,027,282.74636880427295,807.433088290366,3,3
2021,17,029,NA,NA,NA,NA
2021,17,031,918.6430230347277,1766.916687661044,3,3
2021,17,033,NA,NA,NA,NA
2021,17,035,3.829216925138809,7.658433850277618,3,3
2021,17,037,1627.2420373430155,3498.696286631678,3,3
2021,17,039,172.49089631380565,344.9817926276113,1,1
2021,17,041,64.63743433820459,153.23277240997936,3,3
2021,17,043,82.23963006844676,253.10035398292118,2,2
2021,17,045,5.8830450641251915,0,3,3
2021,17,047,89.14421553090334,163.4310618066561,3,3
2021,17,049,52.05923183711244,66.52012956964369,3,3
2021,17,051,120.85153853304824,241.70307706609648,3,3
2021,17,053,272.27904923099567,382.6624475678858,3,3
2021,17,055,NA,NA,NA,NA
2021,17,057,NA,NA,NA,NA
2021,17,059,NA,NA,NA,NA
2021,17,061,24.616394518749487,41.02732419791581,3,3
2021,17,063,375.35443819206904,1131.3603488843962,3,3
2021,17,065,NA,NA,NA,NA
2021,17,067,123.94366197183099,225.35211267605635,3,3
2021,17,069,NA,NA,NA,NA
2021,17,071,NA,NA,NA,NA
2021,17,073,281.48938513497643,698.1320398860008,3,3
2021,17,075,559.1696513412762,1238.9445215992982,3,3
2021,17,077,508.6071987480438,1030.2556077203965,3,3
2021,17,079,NA,NA,NA,NA
2021,17,081,179.32658851239228,125.79626358331996,3,3
2021,17,083,756.9776621929132,1448.9388380625087,3,3
2021,17,085,NA,NA,NA,NA
2021,17,087,NA,NA,NA,NA
2021,17,089,183.580409354587,508.89272354186454,3,3
2021,17,091,2.775105454007252,15.725597572707764,3,3
2021,17,093,602.3002358739989,1065.971284102925,2,2
2021,17,095,NA,NA,NA,NA
2021,17,097,109.8378787225779,470.895321361603,3,3
2021,17,099,303.8419725509967,326.9469333648673,3,3
2021,17,101,NA,NA,NA,NA
2021,17,103,NA,NA,NA,NA
2021,17,105,66.83276657707695,212.81593134518053,2,2
2021,17,107,952.6170408669168,1852.1141723918124,3,3
2021,17,109,32.4406156507948,50.46317990123635,3,3
2021,17,111,213.9396849197553,473.4038399396539,3,3
2021,17,113,1363.6231081041672,2118.9233326528824,2,2
2021,17,115,1523.9957443137705,3359.5000527168336,2,2
2021,17,117,6.34849298721627,41.22311342802765,3,3
2021,17,119,745.9265271765271,2388.843795093795,3,3
2021,17,121,254.09597416690931,1222.836875678251,3,3
2021,17,123,526.2711145064086,1044.053985230456,3,3
2021,17,125,688.0907372400757,718.3364839319471,3,3
2021,17,127,1134.453781512605,2107.843137254902,3,3
2021,17,129,NA,NA,NA,NA
2021,17,131,95.06305849546867,171.11350529184358,3,3
2021,17,133,172.75135321893356,909.8237936197168,3,3
2021,17,135,80.7527561266765,291.41211993539775,3,3
2021,17,137,460.9961131700262,596.5832052788575,3,3
2021,17,139,206.78730655068088,217.30822204073576,3,3
2021,17,141,1369.4447671938487,2294.2413246204765,2,2
2021,17,143,526.7514073197068,1083.649877493299,2,2
2021,17,145,NA,NA,NA,NA
2021,17,147,264.04224675948154,420.0672107537206,3,3
2021,17,149,696.9108088186022,810.8289217985661,3,3
2021,17,151,NA,NA,NA,NA
2021,17,153,700.8903201363895,757.719265012313,3,3
2021,17,155,212.8414331323164,1010.996807378503,3,3
2021,17,157,16.322799686602245,22.851919561243143,3,3
2021,17,159,233.0561854371378,793.6507936507936,3,3
2021,17,161,1762.4022641481968,3818.6785427111713,2,2
2021,17,163,421.98792920466707,1502.6710245865904,3,3
2021,17,165,25.13720725627383,4.1895345427123045,3,3
2021,17,167,2564.118301295703,5001.746776424447,2,2
2021,17,169,NA,NA,NA,NA
2021,17,171,40.62563477554337,284.3794434288036,3,3
2021,17,173,0,9.45179584120983,3,3
2021,17,175,NA,NA,NA,NA
2021,17,177,1452.57380012049,1889.9078474685946,3,3
2021,17,179,823.6283594868802,1976.8596043249959,3,3
2021,17,181,631.5545512486239,764.8183556405354,3,3
2021,17,183,2976.531960028284,4951.102691019706,2,2
2021,17,185,105.13404590853338,96.3728754161556,3,3
2021,17,187,NA,NA,NA,NA
2021,17,189,NA,NA,NA,NA
2021,17,191,NA,NA,NA,NA
2021,17,193,89.14421553090334,163.4310618066561,3,3
2021,17,195,105.48523206751054,180.57641421726382,3,3
2021,17,197,307.48634157736933,656.7267207648819,2,2
2021,17,199,NA,NA,NA,NA
2021,17,201,1791.37270896108,3157.0921869456247,2,2
2021,17,203,5.1852427989940635,18.14834979647922,3,3
2021,18,001,NA,NA,NA,NA
2021,18,003,1416.82751107142,2433.4863646720214,1,1
2021,18,005,14.844087437281962,758.4817246668837,1,1
2021,18,007,NA,NA,NA,NA
2021,18,009,296.5647911689595,263.6131477057418,3,3
2021,18,011,452.46925070519336,1208.4938215037444,3,3
2021,18,013,543.9005439005439,1204.3512043512044,1,1
2021,18,015,4.9290220820189274,24.645110410094635,3,3
2021,18,017,664.5920143467482,1389.8412363521284,1,1
2021,18,019,1252.2361359570662,2531.0978907517574,1,1
2021,18,021,NA,NA,NA,NA
2021,18,023,566.4950015146926,784.6107240230233,1,1
2021,18,025,9.513842641042718,19.027685282085436,3,3
2021,18,027,522.8208287010607,733.151047144016,1,1
2021,18,029,75.25646611478592,124.76729908503981,3,3
2021,18,031,NA,NA,NA,NA
2021,18,033,248.4962493323115,496.992498664623,3,3
2021,18,035,753.022759601707,1982.5746799431008,2,2
2021,18,037,347.33403873579607,632.5619910751253,1,1
2021,18,039,974.9664069154367,1813.632207475849,1,1
2021,18,041,NA,NA,NA,NA
2021,18,043,511.3450762620298,2240.118601904666,3,3
2021,18,045,NA,NA,NA,NA
2021,18,047,340.82868345423464,631.0786004297216,1,1
2021,18,049,294.11764705882354,441.1764705882353,3,3
2021,18,051,299.84553411878727,457.34015810037255,3,3
2021,18,053,549.384748959612,767.941079608395,3,3
2021,18,055,1002.4576380804554,1590.9972836631741,3,3
2021,18,057,422.6968291883284,1333.9539131656597,1,1
2021,18,059,514.7395730213018,1252.7691800513792,1,1
2021,18,061,404.89928130377564,918.6152444579411,3,3
2021,18,063,588.6112725159791,1632.771644392795,3,3
2021,18,065,230.9448660504075,484.8822477254962,3,3
2021,18,067,1240.5667734465922,1892.0442956724137,2,2
2021,18,069,308.9795471945751,923.3742222584498,3,3
2021,18,071,628.9718812570732,1181.7706973100026,3,3
2021,18,073,3.029752166272799,6.059504332545598,3,3
2021,18,075,NA,NA,NA,NA
2021,18,077,NA,NA,NA,NA
2021,18,079,792.932401607589,1466.381838589377,1,1
2021,18,081,522.5762137252395,1946.926110943528,1,1
2021,18,083,767.2845278037512,1971.8387327429732,3,3
2021,18,085,857.7657262373345,1625.959560664592,1,1
2021,18,087,47.39927653735811,49.89397530248223,1,1
2021,18,089,845.4907496093159,1566.7691687251097,2,2
2021,18,091,1048.2778292804678,2737.467018469657,2,2
2021,18,093,201.6263044778765,562.7811135975894,3,3
2021,18,095,921.6853666631167,1603.758083706816,2,2
2021,18,097,2139.1027520280013,4523.60228454668,2,2
2021,18,099,4.331348132106118,4.331348132106118,3,3
2021,18,101,60.69802731411229,30.349013657056144,3,3
2021,18,103,66.4819944598338,80.33240997229917,3,3
2021,18,105,1077.8306429177753,3162.8729786217177,2,2
2021,18,107,803.3292069428713,1274.7912660995075,1,1
2021,18,109,NA,NA,NA,NA
2021,18,111,NA,NA,NA,NA
2021,18,113,494.7878121497896,754.8685852028842,3,3
2021,18,115,NA,NA,NA,NA
2021,18,117,NA,NA,NA,NA
2021,18,119,NA,NA,NA,NA
2021,18,121,NA,NA,NA,NA
2021,18,123,67.88157276382434,104.43318886742207,3,3
2021,18,125,NA,NA,NA,NA
2021,18,127,569.1806931123915,842.4570503559554,3,3
2021,18,129,818.1494802576973,1494.0120943836212,3,3
2021,18,131,776.2483994878361,1224.3918053777209,1,1
2021,18,133,67.864704924263,135.729409848526,3,3
2021,18,135,NA,NA,NA,NA
2021,18,137,29.0011987162136,90.87042264413596,3,3
2021,18,139,NA,NA,NA,NA
2021,18,141,993.2034302644008,2100.7245018360663,2,2
2021,18,143,NA,NA,NA,NA
2021,18,145,821.2060334848685,1666.196600935906,1,1
2021,18,147,105.2684345079954,140.3579126773272,3,3
2021,18,149,889.3662728249194,1361.9763694951666,3,3
2021,18,151,962.7970563425348,2300.8231769394106,1,1
2021,18,153,259.44076102623234,442.01018545209956,3,3
2021,18,155,10.131712259371833,10.131712259371833,3,3
2021,18,157,629.1641795860422,1123.353821500207,2,2
2021,18,159,75.0032684910581,68.8103380651909,3,3
2021,18,161,NA,NA,NA,NA
2021,18,163,2156.431731545118,3335.095578619327,1,1
2021,18,165,NA,NA,NA,NA
2021,18,167,2360.9924617218817,5291.814913211231,2,2
2021,18,169,NA,NA,NA,NA
2021,18,171,NA,NA,NA,NA
2021,18,173,297.28666928824225,553.6767597325993,1,1
2021,18,175,349.68777876895626,642.2836752899198,3,3
2021,18,177,NA,NA,NA,NA
2021,18,179,306.0171511938227,534.8310836410338,1,1
2021,18,181,NA,NA,NA,NA
2021,18,183,270.20676691729324,784.1870300751879,3,3
2021,19,001,161.31200430165345,537.7066810055114,3,3
2021,19,003,378.6854206113065,1271.3010549093858,1,1
2021,19,005,644.7386560152753,679.5738236018285,1,1
2021,19,007,706.7424857839155,2266.4500406173843,1,1
2021,19,009,194.4493547816864,1131.3417005479937,3,3
2021,19,011,526.2337257347782,1060.2635066656271,1,1
2021,19,013,1074.6141435051295,3450.637766750891,1,1
2021,19,015,NA,NA,NA,NA
2021,19,017,514.8212202871737,780.2759119977477,1,1
2021,19,019,553.4517914360617,849.5970482571124,1,1
2021,19,021,1298.074603098007,1606.910196400135,1,1
2021,19,023,145.6209694195964,305.11060259344015,3,3
2021,19,025,10.03814495081309,40.15257980325236,3,3
2021,19,027,317.98034303333975,1035.845056851031,1,1
2021,19,029,638.3948928408572,1778.3857729138167,1,1
2021,19,031,325.86365909368345,455.3251722492062,2,2
2021,19,033,1058.2378140558064,4309.366678244761,1,1
2021,19,035,413.5791831811132,663.4499396863691,3,3
2021,19,037,266.2008152399967,390.9824473837451,3,3
2021,19,039,718.9811010682005,2228.8414133114215,1,1
2021,19,041,536.2583790371724,1596.5874466788543,1,1
2021,19,043,287.06787324154817,363.34684968086395,3,3
2021,19,045,1353.279997606683,4001.7028959276972,1,1
2021,19,047,598.0066445182724,857.7469042585321,3,3
2021,19,049,480.1294003080084,1420.2324227418137,2,2
2021,19,051,264.7253474520185,220.60445621001546,1,1
2021,19,053,90.69707178025395,77.74034724021767,3,3
2021,19,055,476.4156033818619,974.2693419021184,1,1
2021,19,057,1361.6934142158746,4410.14615168036,1,1
2021,19,059,439.09671532846716,935.2189781021899,3,3
2021,19,061,1410.10381930741,2616.783288193761,1,1
2021,19,063,1049.5070497190713,848.086504823492,1,1
2021,19,065,566.8471044837096,873.2509447451741,3,3
2021,19,067,510.46452271567125,1148.5451761102604,1,1
2021,19,069,278.4407319013524,566.8257756563246,3,3
2021,19,071,522.2321695016412,1536.8546702476872,1,1
2021,19,073,11.323745895142112,90.5899671611369,3,3
2021,19,075,421.5304798962386,689.0402075226978,1,1
2021,19,077,9.434852344560808,9.434852344560808,3,3
2021,19,079,656.8035560273336,1187.5539043322497,1,1
2021,19,081,378.3334871274338,442.9270093199225,3,3
2021,19,083,1276.6958875095606,1641.4661410837205,3,3
2021,19,085,363.28740832133803,897.9368016999108,1,1
2021,19,087,610.1132370167903,1190.9410386567747,3,3
2021,19,089,391.2859560067682,1068.1049069373942,3,3
2021,19,091,51.96424859696529,384.53543961754315,3,3
2021,19,093,429.86101160624736,759.4211205043703,1,1
2021,19,095,590.5037358399615,849.6023138105567,1,1
2021,19,097,520.644042848466,1146.96465365529,1,1
2021,19,099,804.3972021098291,1342.678948120579,2,2
2021,19,101,454.3733434305188,1312.6341032437208,1,1
2021,19,103,1113.9531746866737,2579.322499012322,2,2
2021,19,105,478.72340425531917,991.2959381044486,1,1
2021,19,107,398.0099502487562,805.9701492537314,1,1
2021,19,109,337.31363421709506,236.11954395196653,1,1
2021,19,111,1085.2805123947337,2754.7147432095835,1,1
2021,19,113,1128.7718699549805,3062.9968455638827,2,2
2021,19,115,422.3670920943899,587.6411716095859,1,1
2021,19,117,520.2312138728323,1341.0404624277458,3,3
2021,19,119,426.6711285869656,853.3422571739312,3,3
2021,19,121,267.28105423680205,667.5879441824702,2,2
2021,19,123,799.7469727091994,1622.0856678113141,3,3
2021,19,125,338.51592223120934,695.0061412180581,3,3
2021,19,127,1006.5525574905946,2242.320053815681,3,3
2021,19,129,648.1102469641152,1616.8645108473188,1,1
2021,19,131,294.50883526505794,665.019950598518,3,3
2021,19,133,286.30325240494733,1145.2130096197893,3,3
2021,19,135,553.4325998155225,1027.8033996573988,1,1
2021,19,137,832.7684709983539,1316.9361866950712,3,3
2021,19,139,934.566360790476,1956.8471405717728,1,1
2021,19,141,459.2107718453468,1389.3178057763016,1,1
2021,19,143,1669.9092088197146,2237.3540856031127,3,3
2021,19,145,734.4262295081967,1573.7704918032787,1,1
2021,19,147,589.1507336594042,1333.9261894175188,1,1
2021,19,149,2092.8518348248595,4408.559396951676,1,1
2021,19,151,324.35481596389786,747.426315047243,1,1
2021,19,153,1302.5020045283661,3130.0712545839424,2,2
2021,19,155,1098.6309860961196,3782.1547274262325,1,1
2021,19,157,1046.8112518788919,1830.577625080524,1,1
2021,19,159,147.7104874446086,590.8419497784344,1,1
2021,19,161,640.9604232373589,681.656323125445,1,1
2021,19,163,1323.5158723098962,4554.88760057367,2,2
2021,19,165,306.3829787234042,127.6595744680851,3,3
2021,19,167,376.1107217123079,470.06579920130366,3,3
2021,19,169,557.5601899985729,2207.81603571647,2,2
2021,19,171,275.1917559576088,468.4114995023128,3,3
2021,19,173,0,50.573162508428865,3,3
2021,19,175,992.372672845075,2042.155335028295,1,1
2021,19,177,389.10505836575874,500.27793218454696,1,1
2021,19,179,1793.848852672382,4043.233454998161,1,1
2021,19,181,1482.0187762505188,3450.326161333158,1,1
2021,19,183,879.023307436182,1775.8046614872364,1,1
2021,19,185,430.5043050430504,645.7564575645756,1,1
2021,19,187,1481.9205690574984,3295.2524653769465,3,3
2021,19,189,NA,NA,NA,NA
2021,19,191,213.9303482587065,388.0597014925373,1,1
2021,19,193,1600.7524650631633,3587.868616426551,2,2
2021,19,195,281.87919463087246,872.48322147651,1,1
2021,19,197,339.0352904916012,439.204808136847,3,3
2021,20,001,1624.5918611133231,3209.3652942581825,2,2
2021,20,003,1128.2051282051284,1500,3,3
2021,20,005,872.909290684898,2423.391527286046,1,1
2021,20,007,502.6328386787937,1292.4844423168981,3,3
2021,20,009,2174.4204138789482,3769.2547067060837,2,2
2021,20,011,1145.0381679389313,2852.185981956974,3,3
2021,20,013,1584.9629240795234,3326.46523209463,2,2
2021,20,015,769.9839772120348,2732.775502937511,3,3
2021,20,017,NA,NA,NA,NA
2021,20,019,500.8839127872717,1473.187978786093,3,3
2021,20,021,1143.179371507664,3224.4835187368635,3,3
2021,20,023,415.564790328674,2304.4956554590103,3,3
2021,20,025,401.2036108324975,952.8585757271816,1,1
2021,20,027,1397.6499690785404,2758.1941867656155,3,3
2021,20,029,1006.9713400464756,2733.2079229832907,3,3
2021,20,031,370.76904676474106,837.2204281784475,3,3
2021,20,033,608.0707573244887,1216.1415146489774,1,1
2021,20,035,1783.1976760907705,4892.289108113549,3,3
2021,20,037,1671.023630119432,6899.3797734378995,3,3
2021,20,039,1217.7650429799428,1361.0315186246419,1,1
2021,20,041,592.2894680163687,1399.9569244023262,3,3
2021,20,043,225.1953901178964,556.3650814677441,2,2
2021,20,045,1615.9743870587245,4067.7394894262366,1,1
2021,20,047,583.9917554105118,961.8687736173138,3,3
2021,20,049,40.55150040551501,0,3,3
2021,20,051,1425.9509223687398,3121.8634271276783,1,1
2021,20,053,702.7955645791035,1827.2684679056695,3,3
2021,20,055,1713.7044185925192,5180.238927434921,3,3
2021,20,057,1385.5806657758671,3166.2115842677044,1,1
2021,20,059,963.2797749778446,2080.6843139521443,3,3
2021,20,061,2248.4526482992824,3872.4872651585697,1,1
2021,20,063,396.53929343907714,648.8824801730353,3,3
2021,20,065,327.33224222585926,981.9967266775777,1,1
2021,20,067,551.8169582772543,457.6043068640646,1,1
2021,20,069,489.51048951048955,979.0209790209791,3,3
2021,20,071,1034.208432776452,1034.208432776452,3,3
2021,20,073,892.7095387667384,2826.9135394280047,3,3
2021,20,075,1321.928460342146,2604.9766718507,1,1
2021,20,077,868.7782805429865,2280.542986425339,3,3
2021,20,079,1870.2581897312239,3543.4923248838445,3,3
2021,20,081,631.0807257428346,1183.2763607678148,3,3
2021,20,083,378.17396002160996,54.02485143165856,1,1
2021,20,085,1000.9783999397907,2445.9998494769325,3,3
2021,20,087,788.4291229405687,2354.4124843673535,2,2
2021,20,089,204.98804236419545,888.2815169115136,1,1
2021,20,091,970.4024561587419,3205.9404672303517,2,2
2021,20,093,1045.0360786265242,3433.689972630007,1,1
2021,20,095,573.7158105403603,2361.5743829219477,3,3
2021,20,097,569.8005698005699,1505.901505901506,1,1
2021,20,099,1424.1914746315895,4025.318959549006,3,3
2021,20,101,664.8936170212766,797.8723404255319,1,1
2021,20,103,1363.4482801458385,3184.992998051487,1,1
2021,20,105,237.12737127371273,1558.2655826558266,1,1
2021,20,107,537.9124857763525,1510.2927485259129,3,3
2021,20,109,483.28168088956477,1130.7786463007658,1,1
2021,20,111,553.8709078532087,1745.1574973698869,1,1
2021,20,113,971.4228683588942,2189.028244452577,3,3
2021,20,115,496.7584406836744,1566.052033341753,3,3
2021,20,117,570.2851425712856,1420.7103551775888,2,2
2021,20,119,146.7351430667645,244.5585717779408,1,1
2021,20,121,770.0504017225833,1435.0863716484887,1,1
2021,20,123,1002.7192386131883,1580.5574439157037,3,3
2021,20,125,2023.4224565169354,5571.5142523438235,1,1
2021,20,127,818.3001673795798,1915.5663009112886,3,3
2021,20,129,583.0903790087464,1822.1574344023325,3,3
2021,20,131,420.92119326017286,823.0002361159147,1,1
2021,20,133,502.3232450081627,1161.6225040813763,3,3
2021,20,135,588.8847994111152,736.105999263894,3,3
2021,20,137,403.1519149715961,641.3780465457211,1,1
2021,20,139,828.5370944279299,1296.565682120043,3,3
2021,20,141,313.21184510250566,1110.4783599088837,3,3
2021,20,143,380.75458636206304,1696.0886119764623,3,3
2021,20,145,943.9899307740718,2611.7054751415985,1,1
2021,20,147,159.2990840302668,59.73715651135006,3,3
2021,20,149,952.8745714057891,1985.4876006698032,3,3
2021,20,151,388.51715950787826,561.1914526224908,1,1
2021,20,153,987.7518767285659,1461.8727775582772,1,1
2021,20,155,1035.9104896006186,2862.8506065634515,3,3
2021,20,157,977.2678988740174,3292.9679201189715,1,1
2021,20,159,1046.0693153000846,1933.6432797971258,3,3
2021,20,161,1319.5228781576266,3139.031982590011,3,3
2021,20,163,1005.0251256281407,1407.035175879397,3,3
2021,20,165,797.7800901838363,2358.6541796739507,3,3
2021,20,167,1141.2479620572105,1867.4966651845264,1,1
2021,20,169,2482.6216484607744,6721.46824083269,3,3
2021,20,171,1045.9035444509007,1065.2721286073988,1,1
2021,20,173,2712.612312981912,6784.83833332943,2,2
2021,20,175,1624.443144489943,2938.3971560995365,3,3
2021,20,177,1886.0337441986453,5533.55710320408,2,2
2021,20,179,244.00162667751118,569.3371289141927,3,3
2021,20,181,1190.2766135792122,3285.834031852473,1,1
2021,20,183,501.6722408026756,613.1549609810479,3,3
2021,20,185,243.54603019970776,1120.3117389186557,3,3
2021,20,187,NA,NA,NA,NA
2021,20,189,451.1278195488722,1033.8345864661653,3,3
2021,20,191,1396.929934046064,3694.887721410073,3,3
2021,20,193,1576.553628469967,3968.5937356647396,1,1
2021,20,195,884.9557522123894,1415.929203539823,1,1
2021,20,197,1017.293997965412,2368.8417381194595,3,3
2021,20,199,NA,NA,NA,NA
2021,20,201,415.8380039775809,741.276441873079,3,3
2021,20,203,232.5581395348837,837.2093023255815,1,1
2021,20,205,378.74440491220014,482.03833352461845,1,1
2021,20,207,316.25553447185325,2340.2909550917143,3,3
2021,20,209,447.57270940231234,633.0706099667258,3,3
2021,21,001,223.02463891248937,302.67629566694984,3,3
2021,21,003,669.7728596389051,1713.2595612502428,3,3
2021,21,005,308.7202909583016,604.7534466717415,3,3
2021,21,007,691.0673150755055,1458.9198873816226,3,3
2021,21,009,722.7228583689048,1969.4197890552657,3,3
2021,21,011,481.0725552050473,701.8927444794953,1,1
2021,21,013,757.8827916024966,2156.1157493718083,3,3
2021,21,015,691.6841878468637,2221.4132348680155,3,3
2021,21,017,724.4136849705696,2120.3364404340186,3,3
2021,21,019,631.6180568456251,2423.266662538444,2,2
2021,21,021,720.9574602321354,1688.0667469108234,3,3
2021,21,023,428.87776983559684,750.5360972122944,1,1
2021,21,025,175.79841781423966,564.0199238206857,3,3
2021,21,027,294.91275497665276,550.5038092897518,2,2
2021,21,029,473.5161325845171,1695.848474837573,3,3
2021,21,031,169.17747522758398,604.2052686699428,1,1
2021,21,033,735.7012894549482,2064.710070405822,1,1
2021,21,035,925.1562039097905,2354.455498645786,1,1
2021,21,037,712.7269599991399,1852.2300936327576,3,3
2021,21,039,373.366521468575,352.623936942543,1,1
2021,21,041,804.9592894152479,1295.3367875647668,1,1
2021,21,043,365.39895600298286,589.1126025354214,3,3
2021,21,045,157.59944524995274,403.45457983987893,3,3
2021,21,047,967.1580750790998,3318.7338519142822,3,3
2021,21,049,819.8060790935832,3145.7675128009587,1,1
2021,21,051,122.0464752977934,742.0425698105838,3,3
2021,21,053,64.02048655569781,202.73154075970976,1,1
2021,21,055,433.4778259419807,1044.7927086806715,1,1
2021,21,057,282.2513697492944,547.8997177486302,1,1
2021,21,059,1121.106861291078,3631.644680352822,1,1
2021,21,061,337.0324702013974,427.455815865187,1,1
2021,21,063,94.41596978688966,229.29592662530345,3,3
2021,21,065,218.97294624567354,699.3006993006993,3,3
2021,21,067,1401.8807918992761,4640.987820285417,2,2
2021,21,069,353.4275806881835,740.1973859695919,1,1
2021,21,071,171.61679630193484,448.4180806598943,3,3
2021,21,073,1239.3070792494009,3390.5571036068513,3,3
2021,21,075,875.979714153988,2566.466881819579,1,1
2021,21,077,437.0830457786979,885.6682769726248,3,3
2021,21,079,558.2324597485016,1510.165706898578,3,3
2021,21,081,549.8033550044145,923.0275302993819,3,3
2021,21,083,671.2686161539298,2141.537123600391,3,3
2021,21,085,542.6739023186975,1244.7345451785511,3,3
2021,21,087,610.3581366125123,637.2857014630644,3,3
2021,21,089,172.2413601511279,530.6145127236359,2,2
2021,21,091,198.89502762430942,674.0331491712708,1,1
2021,21,093,582.9262534730419,1554.470009261445,2,2
2021,21,095,211.7306192191969,468.0361056424353,3,3
2021,21,097,518.9941144997325,1166.3991439272338,1,1
2021,21,099,281.33791809940607,609.5654892153798,1,1
2021,21,101,1432.3089885149216,3002.0841647820494,3,3
2021,21,103,293.16168504238095,898.6042954559939,3,3
2021,21,105,220.799293442261,596.1580922941047,1,1
2021,21,107,779.1864764923403,1362.4757879908434,3,3
2021,21,109,99.77741960242535,598.6645176145521,3,3
2021,21,111,1801.4964345464048,5268.491830970368,2,2
2021,21,113,679.0402897238569,2885.921231326392,3,3
2021,21,115,193.03325436518384,390.4536281477582,3,3
2021,21,117,832.0258641182902,1724.6707554794846,3,3
2021,21,119,27.574796635874808,193.02357645112366,3,3
2021,21,121,285.4771158188135,1055.4074192087203,1,1
2021,21,123,487.54062838569877,548.4832069339112,1,1
2021,21,125,447.73715574166533,1742.6316637139637,3,3
2021,21,127,178.1983532014256,731.2277252058498,3,3
2021,21,129,137.68415255404102,757.2628390472256,3,3
2021,21,131,47.072114479382414,291.847109772171,3,3
2021,21,133,82.62945280940139,87.21997796547925,3,3
2021,21,135,45.79104021979699,328.16912157521176,3,3
2021,21,137,190.55470692551884,763.6050953514077,3,3
2021,21,139,444.9883190566248,1023.4731338302369,3,3
2021,21,141,845.5653574435374,1804.604853764779,1,1
2021,21,143,597.7011494252873,1057.471264367816,3,3
2021,21,145,1255.3046265246164,2658.9904145769656,3,3
2021,21,147,93.87467730579677,404.8345458812486,3,3
2021,21,149,130.6904813766064,544.5436724025267,3,3
2021,21,151,854.7193960561425,2511.0093932360023,2,2
2021,21,153,59.23168048739212,279.23506515484854,1,1
2021,21,155,352.8328901615873,992.0229085702597,3,3
2021,21,157,631.6720358789717,1711.8312172320132,3,3
2021,21,159,70.212392487274,157.9778830963665,3,3
2021,21,161,1081.6815763316379,3326.9017131497403,3,3
2021,21,163,201.78241129981504,585.1689927694636,1,1
2021,21,165,195.15368352577656,390.3073670515531,1,1
2021,21,167,351.57988429016467,965.7320872274144,1,1
2021,21,169,564.4768856447688,700.7299270072992,1,1
2021,21,171,186.35193894755523,585.6775224066022,3,3
2021,21,173,573.2801595214357,1897.8777951858708,2,2
2021,21,175,392.09991286668605,537.3221028173105,1,1
2021,21,177,403.082777079101,786.817580858405,3,3
2021,21,179,516.795865633075,1832.4720068906115,3,3
2021,21,181,453.3944466026179,425.3633965089353,3,3
2021,21,183,440.0486148945979,1014.2072838523112,3,3
2021,21,185,414.64074149517523,1689.8591277928535,1,1
2021,21,187,98.5663082437276,474.910394265233,3,3
2021,21,189,0,219.83390327308254,3,3
2021,21,191,369.2307692307692,957.2649572649573,3,3
2021,21,193,235.7411772984765,594.6307307976497,3,3
2021,21,195,147.67287911192585,648.4027565604101,3,3
2021,21,197,275.8620689655172,574.7126436781609,1,1
2021,21,199,392.47801968570855,1265.509835128328,3,3
2021,21,201,0,455.3734061930784,3,3
2021,21,203,173.1923053132925,729.8818581060185,3,3
2021,21,205,551.6346231848787,1302.019956193721,1,1
2021,21,207,368.5297894913172,725.8920096041096,3,3
2021,21,209,981.0368421988021,2504.1320845255655,3,3
2021,21,211,561.833217599899,1891.7155903457272,3,3
2021,21,213,791.7615400538191,2188.987787207617,1,1
2021,21,215,166.1819692563357,514.1254673867886,1,1
2021,21,217,824.7263758285802,2289.193772159704,3,3
2021,21,219,565.2957561854826,1024.0865148287728,3,3
2021,21,221,725.1013009170399,1613.7058363545887,3,3
2021,21,223,141.14326040931547,482.2394730651611,3,3
2021,21,225,544.0301755404033,1001.0155229943422,3,3
2021,21,227,895.5380735046841,4380.104491952919,2,2
2021,21,229,585.4311282094171,761.0604666722422,1,1
2021,21,231,390.01164969862737,901.5853720305932,1,1
2021,21,233,269.3550869632138,569.4936124365091,1,1
2021,21,235,238.6931057993901,1196.0862513228933,3,3
2021,21,237,135.01350135013502,270.02700270027003,3,3
2021,21,239,654.0100156962404,1868.600044846401,3,3
2021,22,001,708.4850389463899,1758.703829059899,3,3
2021,22,003,190.59995668182802,935.672514619883,3,3
2021,22,005,1330.5238289075655,3305.956628275427,3,3
2021,22,007,NA,NA,NA,NA
2021,22,009,536.6098294884654,1446.8405215646942,3,3
2021,22,011,740.6286723981624,1820.0003308296534,3,3
2021,22,013,1005.3313023610052,1957.3495811119574,3,3
2021,22,015,2461.3253649578237,4226.974196158994,3,3
2021,22,017,105.09852987175476,403.7118131581691,3,3
2021,22,019,1873.536299765808,5291.423304459054,2,2
2021,22,021,958.0714947975688,1318.636035850417,1,1
2021,22,023,35.39823008849557,247.787610619469,1,1
2021,22,025,723.922342875946,1722.0576944170232,3,3
2021,22,027,235.19645821804096,622.5788599889319,3,3
2021,22,029,716.2041181736795,1105.9034177681815,3,3
2021,22,031,552.1769951124875,1343.133231354699,3,3
2021,22,033,1734.1205453104312,5100.922829659653,2,2
2021,22,035,1053.0525193281792,719.8080511863503,1,1
2021,22,037,362.4668164182152,571.7786399836635,3,3
2021,22,039,14.326963345015319,19.774944640539665,3,3
2021,22,041,1432.5786415547987,1723.1015828491286,3,3
2021,22,043,840.9785932721712,1807.879114948732,3,3
2021,22,045,NA,NA,NA,NA
2021,22,047,1996.6722129783693,3027.6336824247173,3,3
2021,22,049,499.5398974628631,985.9340081503877,3,3
2021,22,051,1333.8582892203494,3306.7669241378057,2,2
2021,22,053,1447.1645491168267,3201.1155872327236,3,3
2021,22,055,422.3063190439478,832.8216607985481,3,3
2021,22,057,1421.0100637816477,2793.902351628326,2,2
2021,22,059,264.04874746106975,243.73730534867974,3,3
2021,22,061,1262.0055767840545,3416.296602292678,3,3
2021,22,063,1754.6098385758949,2337.3529849635256,3,3
2021,22,065,1563.5622025832768,1709.2356997183645,3,3
2021,22,067,1818.0411573572644,4835.215844035278,3,3
2021,22,069,NA,NA,NA,NA
2021,22,071,0.5208686004781574,3.1252116028689443,3,3
2021,22,073,2661.2243878996674,5723.130308874284,2,2
2021,22,075,620.3263086335826,896.49898028552,1,1
2021,22,077,706.410195217412,1446.231683451864,3,3
2021,22,079,2760.254179474011,5407.82927969707,2,2
2021,22,081,NA,NA,NA,NA
2021,22,083,507.21034311287923,810.5420188960716,3,3
2021,22,085,NA,NA,NA,NA
2021,22,087,901.3943086647954,1732.0462791812145,1,1
2021,22,089,1057.0300127835758,2117.8760183930854,1,1
2021,22,091,1672.6403823178016,2738.718867751126,3,3
2021,22,093,2089.259440902403,3207.4546346248158,1,1
2021,22,095,1018.6399400524541,2777.2573997751965,1,1
2021,22,097,1401.304850599612,3433.6683824126494,3,3
2021,22,099,1126.8089468480102,2193.613027619858,3,3
2021,22,101,1621.9037295756552,2900.5580312336906,3,3
2021,22,103,457.7642989509093,1141.1763362874287,3,3
2021,22,105,1492.1655647133412,3228.119433626181,2,2
2021,22,107,773.0147575544623,1241.5085500117125,3,3
2021,22,109,1748.4105358764762,3820.16348773842,1,1
2021,22,111,42.30913877397518,61.11320045129747,3,3
2021,22,113,1206.4041540458675,1926.4387710947642,3,3
2021,22,115,131.02326832863443,359.1441372936676,3,3
2021,22,117,1419.3999213870811,2755.819539677687,3,3
2021,22,119,465.7886283327979,971.7314487632508,3,3
2021,22,121,993.9402896837128,3528.672775642921,1,1
2021,22,123,150.6175318807109,251.02921980118487,3,3
2021,22,125,508.6735359332203,254.33676796661015,3,3
2021,22,127,425.2252252252252,554.954954954955,3,3
2021,23,001,914.1314392360796,2144.449074996829,1,1
2021,23,003,683.7911761208229,1410.6909263883936,2,2
2021,23,005,547.916057132218,1777.4024523233238,2,2
2021,23,007,980.0929223047445,1682.0971953742328,1,1
2021,23,009,871.5737048198207,1102.5497590991934,3,3
2021,23,011,1050.343490709124,2555.7006480497676,2,2
2021,23,013,770.0091315185468,1019.2749080678201,2,2
2021,23,015,855.5539711963496,1026.6647654356195,1,1
2021,23,017,928.9532409569775,1475.5998408497242,3,3
2021,23,019,1040.6606618444134,2474.1970028447354,2,2
2021,23,021,1044.1527446300715,1467.7804295942722,3,3
2021,23,023,843.1426225020531,1152.4774158226116,1,1
2021,23,025,1201.8086625416468,2401.634142471839,3,3
2021,23,027,262.5069412893129,454.3389368468878,3,3
2021,23,029,558.0105151114409,577.3634809534561,3,3
2021,23,031,948.2815959256197,2040.515758767804,2,2
2021,24,001,1272.494321821676,1782.0744278143384,2,2
2021,24,003,206.31300679377603,41.94745781284243,3,3
2021,24,005,1467.72900498647,3404.129765769917,3,3
2021,24,009,NA,NA,NA,NA
2021,24,011,201.60077029548052,382.1387735451646,3,3
2021,24,013,22.07402932360527,66.22208797081582,3,3
2021,24,015,NA,NA,NA,NA
2021,24,017,NA,NA,NA,NA
2021,24,019,NA,NA,NA,NA
2021,24,021,NA,NA,NA,NA
2021,24,023,462.7870834052841,766.7069590744259,3,3
2021,24,025,NA,NA,NA,NA
2021,24,027,0.303722422004082,0.303722422004082,3,3
2021,24,029,NA,NA,NA,NA
2021,24,031,440.78656754959553,2048.8062345760172,3,3
2021,24,033,282.5321816266378,2093.8286660534345,3,3
2021,24,035,NA,NA,NA,NA
2021,24,037,1293.1834041463135,2118.206149687746,3,3
2021,24,039,NA,NA,NA,NA
2021,24,041,930.4185550519862,1892.8285790455877,3,3
2021,24,043,669.6718542960326,1907.6879108316662,2,2
2021,24,045,3.875105354426824,3.875105354426824,3,3
2021,24,047,NA,NA,NA,NA
2021,24,510,1298.3548093500458,2622.207287605262,2,2
2021,25,001,938.3966096638618,1699.5551499942967,2,2
2021,25,003,865.294486749452,2142.7077442694576,2,2
2021,25,005,1226.4134566979708,2047.6678181471002,2,2
2021,25,007,976.4758100310697,1223.060610543966,3,3
2021,25,009,773.0568557217393,1504.3537269543301,2,2
2021,25,011,687.90884152774845,1557.2905676303017,3,3
2021,25,013,1740.4265814504627,3224.9900807480726,2,2
2021,25,015,603.1765651072245,1435.6343860082814,3,3
2021,25,017,506.6492711950332,1572.7378957023207,2,2
2021,25,019,746.6473359913012,2384.922073214933,3,3
2021,25,021,473.484979934842,1483.3364103147821,2,2
2021,25,023,730.2853287136895,1523.3073415187964,2,2
2021,25,025,1883.9407706078493,3132.9204551332436,2,2
2021,25,027,822.3066132311305,1916.4202236543276,2,2
2021,26,001,1045.5711185638193,1361.2152298283686,3,3
2021,26,003,258.10795645830996,359.106722028953,1,1
2021,26,005,1178.6634807110124,1638.7415453266947,3,3
2021,26,007,975.3398125410715,1058.3474561615883,3,3
2021,26,009,866.5215349810047,793.9556921500832,3,3
2021,26,011,966.0870144579919,1059.3643813711774,3,3
2021,26,013,254.5763122802764,157.59485998302824,3,3
2021,26,015,1014.2870964620892,1369.0456993582095,3,3
2021,26,017,1306.6667744341396,2082.7371481862147,2,2
2021,26,019,596.8983599241326,658.2617427200714,3,3
2021,26,021,1979.0876619798655,3083.0464855474092,2,2
2021,26,023,971.9672729128274,1966.2910009729494,2,2
2021,26,025,1880.4937011338723,3693.190496393866,2,2
2021,26,027,1194.9953517198637,2535.249457700651,3,3
2021,26,029,842.6213183193535,995.8251943774178,2,2
2021,26,031,707.3734985399401,917.477316880343,1,1
2021,26,033,946.3212099970343,954.4094254670945,3,3
2021,26,035,805.3306666345135,1456.720150478389,3,3
2021,26,037,509.76090604781166,1413.3864576150856,2,2
2021,26,039,1251.717295069455,1793.619294764158,3,3
2021,26,041,1001.7374307742426,1411.6625040721033,3,3
2021,26,043,NA,NA,NA,NA
2021,26,045,1907.6911558466452,2778.519646440163,2,2
2021,26,047,746.8638504818351,741.2666267822918,2,2
2021,26,049,1375.069086043995,2061.5233733708264,2,2
2021,26,051,1077.1780303030305,1278.409090909091,1,1
2021,26,053,969.1748552968098,948.9837124781262,3,3
2021,26,055,1181.68568815812,1125.637804230115,1,1
2021,26,057,1101.5853249676709,1621.2462282676372,2,2
2021,26,059,989.643772031616,1234.8652376677687,3,3
2021,26,061,672.2689075630252,1064.4257703081232,3,3
2021,26,063,757.7198655760573,1154.016866400355,3,3
2021,26,065,1421.9868420712594,2755.3481107643856,2,2
2021,26,067,405.6246619794483,653.5063998557779,2,2
2021,26,069,348.3492993428866,593.7772147890112,1,1
2021,26,071,379.96545768566494,647.6683937823834,3,3
2021,26,073,1358.8844085100932,1936.7247446962604,1,1
2021,26,075,1678.2259820234503,2538.487854943551,2,2
2021,26,077,2089.712186160441,4889.007960808328,2,2
2021,26,079,1027.3395834502892,1066.636725986639,3,3
2021,26,081,1802.7110135306386,2800.790279682056,2,2
2021,26,083,828.4600389863547,1705.653021442495,3,3
2021,26,085,NA,NA,NA,NA
2021,26,087,667.6058918708396,908.8478529575414,3,3
2021,26,089,708.1676309555454,950.8533529455682,3,3
2021,26,091,1102.20844321865,1698.1056106939382,3,3
2021,26,093,373.1227423745304,819.21400995684,1,1
2021,26,095,851.4492753623189,1576.086956521739,3,3
2021,26,097,1072.6835583502866,2515.257998890327,1,1
2021,26,099,1220.5889916331917,1911.7404595378223,2,2
2021,26,101,874.1328842375397,1539.7570070973175,3,3
2021,26,103,891.8348900271167,1247.3636637541426,3,3
2021,26,105,1003.3329897261451,1061.7462117307496,1,1
2021,26,107,282.14027115427825,277.1466380365034,3,3
2021,26,109,1622.8649316352175,1563.2320995016398,3,3
2021,26,111,473.7359929089074,937.9898610375881,2,2
2021,26,113,1130.4694773241122,1323.314270514696,3,3
2021,26,115,11.96590287485565,25.8311554123868,3,3
2021,26,117,763.2093933463797,1219.3286165888906,3,3
2021,26,119,469.22741161065034,196.4207769532955,3,3
2021,26,121,1515.6604966037135,3055.2344946564713,2,2
2021,26,123,291.47850855036825,402.58358470730394,1,1
2021,26,125,820.4143776451077,1491.8791888743087,2,2
2021,26,127,1341.6387729221826,2195.839475372933,2,2
2021,26,129,424.1986020727886,891.7811520848397,3,3
2021,26,131,509.2514004413512,543.2014938041079,3,3
2021,26,133,445.08443513548895,471.2658724964001,3,3
2021,26,135,999.2688276870583,1096.758469412625,1,1
2021,26,137,727.5343779980813,1031.3399424368404,3,3
2021,26,139,1142.0974539326423,1684.3390562201005,3,3
2021,26,141,524.0443896424167,254.31565967940816,3,3
2021,26,143,349.56091738426124,400.7161735868361,3,3
2021,26,145,1840.509742047084,2155.7657066717384,2,2
2021,26,147,1074.0305077864316,1555.3647600124127,3,3
2021,26,149,999.5396856710726,2117.4459130663513,3,3
2021,26,151,568.7316201964605,836.0746264280707,3,3
2021,26,153,1136.9315342328835,1499.2503748125937,1,1
2021,26,155,827.0472253921489,1222.2395320558364,2,2
2021,26,157,876.5439451724329,950.3153102155633,3,3
2021,26,159,1196.5254132830457,1672.9647242965234,3,3
2021,26,161,1075.5271818334732,2123.9548195837165,2,2
2021,26,163,2311.1988082302287,3959.3063308292085,1,1
2021,26,165,1084.8831664282309,1457.4391988555078,3,3
2021,27,001,571.5374357020385,2660.8242839906015,3,3
2021,27,003,460.54997811144415,2696.092028093073,3,3
2021,27,005,1074.4392056008,2528.932704672096,2,2
2021,27,007,2389.590076684118,6093.4546955445,1,1
2021,27,009,856.3896105567627,3325.479978730752,1,1
2021,27,011,911.7361784675072,2250.242483026188,1,1
2021,27,013,1188.4797666788188,3409.4057601166605,1,1
2021,27,015,494.62532378916296,1314.5343357327715,1,1
2021,27,017,589.2931249135427,1518.8822797067369,3,3
2021,27,019,285.7305050428596,1631.1238102446684,3,3
2021,27,021,744.9807126340341,1884.732450891109,3,3
2021,27,023,133.84117107998625,215.90384866399017,1,1
2021,27,025,575.2023860247124,1574.7052975429626,3,3
2021,27,027,969.603693728357,4250.865717583686,1,1
2021,27,029,469.208211143695,961.8768328445748,3,3
2021,27,031,1399.3541442411195,1471.1158952278436,3,3
2021,27,033,617.5698246084478,1259.2692363754452,1,1
2021,27,035,963.888340745913,2331.5472305286967,2,2
2021,27,037,551.7382908852398,3179.4852795315915,1,1
2021,27,039,375.0360611597269,1461.6790075968843,1,1
2021,27,041,541.5825900348494,1915.4912889280545,1,1
2021,27,043,617.2396468815043,416.27790138520055,3,3
2021,27,045,256.61692843620585,783.7952688984371,3,3
2021,27,047,667.0552425361052,3616.9937180234438,3,3
2021,27,049,758.6995165295821,3024.7252160060025,1,1
2021,27,051,181.96856906534325,33.085194375516956,3,3
2021,27,053,1126.8995333070388,4828.500457426804,2,2
2021,27,055,292.4598532383282,1031.5856641497396,3,3
2021,27,057,1046.2321504312174,2733.3993119374145,1,1
2021,27,059,753.620332972121,2733.720815683184,1,1
2021,27,061,500.34468189197,900.6204274055461,1,1
2021,27,063,319.4888178913738,549.1214057507988,3,3
2021,27,065,524.8687828042989,724.8187953011748,3,3
2021,27,067,933.247517469658,2935.3622655388012,1,1
2021,27,069,308.56871587942084,403.5129361500119,1,1
2021,27,071,1007.9488650331884,1729.0830123740063,1,1
2021,27,073,192.50703391085443,621.9458018658374,3,3
2021,27,075,424.55006922012,673.7425011536686,1,1
2021,27,077,NA,NA,NA,NA
2021,27,079,213.16829524693318,1110.4261481072974,1,1
2021,27,081,229.88505747126436,335.98585322723255,3,3
2021,27,083,745.7706951367901,1342.387251246222,1,1
2021,27,085,774.6440456058044,1961.158692924554,3,3
2021,27,087,939.3995210904402,1399.8894824092836,1,1
2021,27,089,418.41004184100416,671.6582250605593,1,1
2021,27,091,772.2969606377678,1429.9950174389637,1,1
2021,27,093,667.809256699448,1703.0137466300714,3,3
2021,27,095,1457.821300070207,3402.255422474164,1,1
2021,27,097,708.8325664224702,2550.9050438862528,2,2
2021,27,099,1130.4239089658622,3298.7370263848943,3,3
2021,27,101,291.8287937743191,522.8599221789883,1,1
2021,27,103,574.427759148564,1869.0771249453273,1,1
2021,27,105,656.9770058047968,1129.460468883589,1,1
2021,27,107,261.53846153846155,1200,1,1
2021,27,109,764.7215529469676,2882.0342016305426,2,2
2021,27,111,557.3942656610742,1558.9867505773746,1,1
2021,27,113,533.3143710445851,2111.924909336557,1,1
2021,27,115,1013.8979894471842,2520.950443149291,1,1
2021,27,117,704.3756670224119,565.6350053361793,3,3
2021,27,119,811.4238251924736,1402.4214931476215,3,3
2021,27,121,347.71754636233953,1159.058487874465,1,1
2021,27,123,1077.1602997273396,6014.41616436201,2,2
2021,27,125,382.55547054322875,408.059168579444,1,1
2021,27,127,855.1992225461612,1762.2287010042114,1,1
2021,27,129,1124.0520043336946,1936.619718309859,3,3
2021,27,131,434.5959414374043,1416.6786049245734,2,2
2021,27,133,298.4153117925499,956.9870343692118,3,3
2021,27,135,665.7528881926767,920.3054630898766,1,1
2021,27,137,900.1003439651341,4079.1569110033897,2,2
2021,27,139,520.9030093982727,2784.5425239825286,1,1
2021,27,141,816.5422695959755,2896.0400673962363,1,1
2021,27,143,307.73347605030773,408.08134867540804,2,2
2021,27,145,698.8409366870541,2848.0237352689705,2,2
2021,27,147,658.4053743007788,1373.0160854321118,1,1
2021,27,149,610.1975385251835,1592.7189988623434,3,3
2021,27,151,489.29663608562686,448.52191641182463,1,1
2021,27,153,476.3418100365788,1525.65353444767,2,2
2021,27,155,535.3955978584175,1754.9077929803689,3,3
2021,27,157,301.493435999779,831.5742386962359,2,2
2021,27,159,218.41530355745059,410.37428845770336,1,1
2021,27,161,553.4471853257431,3215.2646004638414,1,1
2021,27,163,419.07017518904587,3115.3010399260406,3,3
2021,27,165,623.7191481778491,1630.5800588078055,1,1
2021,27,167,708.2371054657428,1647.421093148576,1,1
2021,27,169,623.3839122852733,2665.9183387119406,1,1
2021,27,171,289.5783876902615,1127.6288831155005,3,3
2021,27,173,356.2584017221768,1195.846376566363,3,3
2021,28,001,NA,NA,NA,NA
2021,28,003,1810.4335888342296,3251.916256721199,1,1
2021,28,005,251.61188866173927,322.37773234785345,3,3
2021,28,007,588.0721220527046,1647.711511789182,1,1
2021,28,009,NA,NA,NA,NA
2021,28,011,1444.043321299639,3971.1191335740073,3,3
2021,28,013,506.7064083457526,722.8017883755589,1,1
2021,28,015,NA,NA,NA,NA
2021,28,017,134.5029239766082,210.52631578947367,3,3
2021,28,019,844.8216864565908,1080.2284633466338,1,1
2021,28,021,735.0521119034559,1042.2380691168405,1,1
2021,28,023,25.513458349279244,25.513458349279244,3,3
2021,28,025,1758.312020460358,2887.8942881500425,1,1
2021,28,027,41.21067814460369,100.73721324236458,3,3
2021,28,029,NA,NA,NA,NA
2021,28,031,346.11432588827,654.3723973825105,3,3
2021,28,033,1133.0640759742387,2841.392861041371,2,2
2021,28,035,1261.3206493800863,2842.6044890698513,1,1
2021,28,037,NA,NA,NA,NA
2021,28,039,1797.19703215169,3013.1904369332233,1,1
2021,28,041,NA,NA,NA,NA
2021,28,043,948.1522593774571,1350.5388279913047,3,3
2021,28,045,1796.9549781098212,3345.603450153558,1,1
2021,28,047,2058.5200258460236,5545.322159107348,2,2
2021,28,049,108.33203334893315,321.52947497963356,3,3
2021,28,051,0,23.19781940497593,3,3
2021,28,053,NA,NA,NA,NA
2021,28,055,NA,NA,NA,NA
2021,28,057,184.38586933746805,536.3952562544525,3,3
2021,28,059,772.0657654570504,1965.8304951990658,3,3
2021,28,061,542.48445690601,963.0622942825795,1,1
2021,28,063,315.67389514136704,384.2986549547077,3,3
2021,28,065,NA,NA,NA,NA
2021,28,067,899.456763736753,1831.5670733517381,3,3
2021,28,069,108.56584518510476,531.9726414070134,3,3
2021,28,071,1132.305704595618,1792.6678270856137,1,1
2021,28,073,1537.573042672765,3352.3930624075606,2,2
2021,28,075,NA,NA,NA,NA
2021,28,077,NA,NA,NA,NA
2021,28,079,647.9582323326496,1230.6544844303562,3,3
2021,28,081,2051.853983786636,4055.739434930686,3,3
2021,28,083,NA,NA,NA,NA
2021,28,085,635.9209395588657,2663.9931251790317,1,1
2021,28,087,626.4430259405134,1332.676898003531,3,3
2021,28,089,447.12142487621014,1242.5171827655015,3,3
2021,28,091,406.3553984314682,910.2360924864886,3,3
2021,28,093,126.35538185771797,317.35770327054746,3,3
2021,28,095,827.3339526242452,2110.427310729215,3,3
2021,28,097,NA,NA,NA,NA
2021,28,099,219.7919351520649,558.3189043949736,3,3
2021,28,101,27.701927262653847,71.23352724682417,3,3
2021,28,103,393.852065321806,470.7012487992315,3,3
2021,28,105,1203.7632209431426,3040.573443191336,1,1
2021,28,107,297.2972972972973,1525.5255255255256,3,3
2021,28,109,334.74107608856906,749.6904971503186,1,1
2021,28,111,NA,NA,NA,NA
2021,28,113,623.416621131588,1162.386369281208,3,3
2021,28,115,770.8119218910587,1554.4707091469681,1,1
2021,28,117,871.233314683079,1974.2626488689953,3,3
2021,28,119,NA,NA,NA,NA
2021,28,121,195.4476712890575,535.0780509061082,3,3
2021,28,123,288.6465683130212,962.1552277100706,3,3
2021,28,125,NA,NA,NA,NA
2021,28,127,61.38735420503376,76.7341927562922,3,3
2021,28,129,214.04405164675828,614.5135676310157,1,1
2021,28,131,1329.2656352146437,2140.9893222924384,1,1
2021,28,133,30.424034987640237,433.5424985738734,3,3
2021,28,135,929.0082836571959,1919.9504528915384,1,1
2021,28,137,718.2732994346264,942.2892294563169,3,3
2021,28,139,18.284042601819262,105.13324496046076,3,3
2021,28,141,512.0084455001319,1356.558458696226,1,1
2021,28,143,2281.6363453613426,7216.805709116495,1,1
2021,28,145,568.8568856885689,1047.7047704770478,3,3
2021,28,147,286.10256777054576,693.7987268435734,3,3
2021,28,149,1648.1690702465608,2578.587093772845,3,3
2021,28,151,NA,NA,NA,NA
2021,28,153,691.0815173527038,1578.8942695722358,1,1
2021,28,155,444.5958525983834,953.2090942748457,1,1
2021,28,157,NA,NA,NA,NA
2021,28,159,1092.6818334640816,1983.6377899809484,1,1
2021,28,161,905.7683139996822,1740.0286032099157,3,3
2021,28,163,NA,NA,NA,NA
2021,29,001,986.6214136311614,5102.805951300366,1,1
2021,29,003,410.58647284025966,1359.3741330522112,1,1
2021,29,005,357.68072289156623,790.6626506024096,1,1
2021,29,007,1125.9564683027397,2624.588669071879,3,3
2021,29,009,1450.3528909038869,2451.8051539867693,3,3
2021,29,011,1178.27868852459,3338.4562841530055,3,3
2021,29,013,714.2857142857142,2211.1801242236024,2,2
2021,29,015,754.4829724562038,1607.1520851635573,3,3
2021,29,017,1487.2652909462727,1812.6045733407695,1,1
2021,29,019,1541.9662952187516,3788.7687325026072,2,2
2021,29,021,1884.6323451808069,5487.658518171538,2,2
2021,29,023,2230.9401143829464,5437.916528808432,3,3
2021,29,025,700.0903342366756,1084.010840108401,3,3
2021,29,027,1905.4227343958837,3317.7858183380667,2,2
2021,29,029,948.597916823711,1621.2457673484143,1,1
2021,29,031,1223.3924475248502,3131.2433712354787,2,2
2021,29,033,712.2839794488557,653.9000467071462,3,3
2021,29,035,1006.5237651444548,1547.0643056849954,3,3
2021,29,037,1792.8739801941852,4774.570676380465,2,2
2021,29,039,761.4213197969543,2841.229554427524,3,3
2021,29,041,341.29384061498274,915.6006102227971,3,3
2021,29,043,1569.6042328330047,4439.580238107392,2,2
2021,29,045,616.6340803128289,1443.826139269063,3,3
2021,29,047,1354.0551737626254,3837.080524065325,2,2
2021,29,049,942.7765958388987,1322.8142398969514,3,3
2021,29,051,741.5628698242825,1629.3047351921057,2,2
2021,29,053,735.7590389147555,1937.1155946427546,3,3
2021,29,055,939.9469771817405,2325.1325386292683,3,3
2021,29,057,1160.337552742616,2848.1012658227846,3,3
2021,29,059,607.8130532279004,808.4503717691491,3,3
2021,29,061,249.1990032039872,272.93224160436694,3,3
2021,29,063,1141.9583935291955,1336.3249138576823,3,3
2021,29,065,521.0833047651697,2118.6150154268084,3,3
2021,29,067,685.9756097560976,1244.918699186992,1,1
2021,29,069,1741.745942921097,3661.863458310017,2,2
2021,29,071,1018.5345839925232,2675.8245333250434,2,2
2021,29,073,229.68317232993311,1033.574275484699,3,3
2021,29,075,NA,NA,NA,NA
2021,29,077,1578.8519341980211,4596.187713184585,2,2
2021,29,079,979.6990203009797,1464.4985355014646,1,1
2021,29,081,486.0857941426662,850.6501397496659,3,3
2021,29,083,575.7631146042771,2015.1709011149699,3,3
2021,29,085,842.3300510143553,1091.4699252580376,1,1
2021,29,087,605.3550640279395,2165.3084982537835,1,1
2021,29,089,689.8590716467922,877.1065339509214,3,3
2021,29,091,1386.0589137926697,3016.1245692149023,1,1
2021,29,093,530.9181761399126,936.9144284821987,1,1
2021,29,095,1513.2203292174243,4641.884894708635,2,2
2021,29,097,1530.1010402170073,4593.9679559170945,2,2
2021,29,099,829.9655176992912,2034.854125260609,3,3
2021,29,101,840.6168234704671,2380.819833361168,3,3
2021,29,103,0,0,3,3
2021,29,105,1186.6460930096007,3485.1956283236964,3,3
2021,29,107,398.8589283344748,723.9336220142739,3,3
2021,29,109,1089.845317418937,2752.9274984829744,2,2
2021,29,111,608.1148439836508,1096.6005383311733,3,3
2021,29,113,949.0705242890491,921.8081752969041,3,3
2021,29,115,1058.6443886097181,1312.092983182091,3,3
2021,29,117,813.279114725685,2439.837344177055,1,1
2021,29,119,670.477500322345,1297.97567370095,3,3
2021,29,121,630.666141111549,1517.5404020496649,1,1
2021,29,123,841.4701913153926,1579.7412082241804,3,3
2021,29,125,461.1564384533522,1099.6807378503015,3,3
2021,29,127,1297.486210899971,2788.0560459975986,1,1
2021,29,129,56.16399887672002,28.08199943836001,1,1
2021,29,131,500.74332323533264,1087.468125426697,1,1
2021,29,133,1433.4155363748457,2389.0258939580763,2,2
2021,29,135,31.800546969407872,76.3213127265789,3,3
2021,29,137,480.6903909431471,828.8525686895276,1,1
2021,29,139,755.4462403373155,1010.1897399859452,3,3
2021,29,141,238.36889072666978,370.4032199848175,3,3
2021,29,143,2330.021549365797,4045.8648084920756,3,3
2021,29,145,1770.9417254861057,5286.435605087755,2,2
2021,29,147,894.719762644291,2183.4870891474666,1,1
2021,29,149,652.345068046339,1068.4962321448654,1,1
2021,29,151,239.30601256356567,620.6999700867484,3,3
2021,29,153,611.7266851338874,1027.2391505078485,3,3
2021,29,155,2865.383409618158,4232.240265847388,3,3
2021,29,157,1141.6846425001315,1525.7536697006367,1,1
2021,29,159,973.9276311190847,3115.1704373354455,3,3
2021,29,161,1456.6365345028194,3801.5752259912288,3,3
2021,29,163,1024.8171947706626,1318.413472191447,3,3
2021,29,165,1363.1530402376634,3868.2044712939373,2,2
2021,29,167,1613.7725500142672,2881.9631590628073,2,2
2021,29,169,468.46459372609013,1287.978785165575,1,1
2021,29,171,NA,NA,NA,NA
2021,29,173,1413.4519115072308,2665.0702026498343,1,1
2021,29,175,787.7813504823151,1543.4083601286172,3,3
2021,29,177,1143.9969689264979,1853.085681821345,3,3
2021,29,179,211.79537308569567,195.50342130987292,3,3
2021,29,181,444.16243654822335,1395.9390862944163,3,3
2021,29,183,588.194584751648,1785.6780795606437,2,2
2021,29,185,1191.1207363291824,1223.6058473199785,3,3
2021,29,186,809.5186352276431,1195.2624144300771,3,3
2021,29,187,1049.6069556931873,3270.902810862315,3,3
2021,29,189,887.5655836721128,3469.8988356949635,3,3
2021,29,195,1357.504940286966,2062.0328206890626,3,3
2021,29,197,1025.8915486077185,2320.468978993649,3,3
2021,29,199,NA,NA,NA,NA
2021,29,201,1079.2825405692868,1970.7026550703335,3,3
2021,29,203,100.54521882715325,312.4335135067769,3,3
2021,29,205,640.7097092163627,607.8528010514211,3,3
2021,29,207,947.5218658892129,2016.5208940719144,3,3
2021,29,209,1325.037075246631,2363.143980914308,3,3
2021,29,211,661.7038875103391,628.6186931348221,1,1
2021,29,213,1357.1096071901745,2685.573101299817,1,1
2021,29,215,1479.4598383951823,1935.149923429166,1,1
2021,29,217,2012.0014119308153,4578.68992990772,3,3
2021,29,219,1028.2884015467164,2191.768086679042,2,2
2021,29,221,1227.3548820982726,2458.9130343407173,3,3
2021,29,223,1283.4129934501682,2141.972030447867,3,3
2021,29,225,844.8204087084171,2044.8734623834712,2,2
2021,29,227,NA,NA,NA,NA
2021,29,229,596.8720818456643,1114.652883658417,2,2
2021,29,510,1969.371208143018,9765.941074088385,1,1
2021,30,001,532.4246619103396,511.1276754339261,1,1
2021,30,003,3242.9155932717076,5038.642218517957,3,3
2021,30,005,141.8238547723727,297.8300950219827,3,3
2021,30,007,948.6523113988857,1129.3479897605782,1,1
2021,30,009,591.1517925247903,896.2623951182304,3,3
2021,30,011,NA,NA,NA,NA
2021,30,013,1462.37734324883,6055.026253890565,2,2
2021,30,015,525.7801899592945,390.09497964721845,1,1
2021,30,017,1161.4304812834225,1554.1443850267378,1,1
2021,30,019,NA,NA,NA,NA
2021,30,021,1099.6334555148283,2721.3151171831614,1,1
2021,30,023,1577.825159914712,3059.7014925373132,1,1
2021,30,025,618.0871828236825,487.9635653871178,1,1
2021,30,027,907.1877180739707,1421.8422889043964,1,1
2021,30,029,1015.4738878143132,2238.8781431334623,1,1
2021,30,031,1010.9231098736345,1974.7269222531593,2,2
2021,30,033,617.283950617284,617.283950617284,1,1
2021,30,035,3934.3313806320966,2502.3504737108556,1,1
2021,30,037,1097.560975609756,1097.560975609756,1,1
2021,30,039,750.0750075007501,1410.14101410141,1,1
2021,30,041,3117.1381235810272,4908.878934773271,1,1
2021,30,043,821.0997760636975,1600.7298664676123,3,3
2021,30,045,0,149.7005988023952,1,1
2021,30,047,1466.3229133097004,2703.834998388656,1,1
2021,30,049,1160.0796133067956,3113.448962183679,3,3
2021,30,051,345.5083909180652,345.5083909180652,1,1
2021,30,053,579.4449527294906,716.6819152180543,1,1
2021,30,055,110.803324099723,0,1,1
2021,30,057,470.6436051300153,623.6027767972703,1,1
2021,30,059,517.5983436853002,931.6770186335403,1,1
2021,30,061,1358.574610244989,1469.933184855234,1,1
2021,30,063,1447.448010291449,3980.269043014509,1,1
2021,30,065,955.7448576771245,1454.3943486391024,3,3
2021,30,067,1464.3861293345828,2770.6185567010307,1,1
2021,30,069,691.2442396313364,0,1,1
2021,30,071,1464.682258445547,1700.9213323883769,3,3
2021,30,073,736.5249414127887,1322.3970539002344,3,3
2021,30,075,113.70096645821489,227.40193291642979,1,1
2021,30,077,1236.5204888569374,1164.6297627606039,1,1
2021,30,079,733.4963325183375,162.99918500407497,1,1
2021,30,081,735.3277003882165,1429.550125599452,3,3
2021,30,083,1221.978021978022,1529.6703296703297,1,1
2021,30,085,2379.6398382947445,1350.606394707828,3,3
2021,30,087,1004.2533081285445,425.33081285444234,1,1
2021,30,089,585.4610505773296,1057.0824524312895,1,1
2021,30,091,2044.2930153321975,2157.8648495173197,3,3
2021,30,093,1025.2163235000141,6619.641888225719,1,1
2021,30,095,852.4001794526695,2063.705697622252,1,1
2021,30,097,1056.910569105691,1626.0162601626018,1,1
2021,30,099,858.5776769803985,2494.735136886441,3,3
2021,30,101,997.4067424695791,3111.9090365050865,3,3
2021,30,103,NA,NA,NA,NA
2021,30,105,1218.0590493843506,1072.4215543492653,3,3
2021,30,107,432.27665706051874,336.21517771373675,1,1
2021,30,109,294.6954813359529,0,3,3
2021,30,111,1858.270219385915,6085.834968488872,1,1
2021,31,001,1559.9028257256107,3094.2334739803096,1,1
2021,31,003,31.695721077654518,158.4786053882726,3,3
2021,31,005,NA,NA,NA,NA
2021,31,007,330.5785123966942,991.7355371900827,1,1
2021,31,009,NA,NA,NA,NA
2021,31,011,332.5327914280436,387.9549233327175,3,3
2021,31,013,1395.4348026984567,3206.7276591812215,3,3
2021,31,015,110.37527593818984,551.8763796909493,3,3
2021,31,017,290.69767441860466,218.02325581395348,3,3
2021,31,019,1023.2744783306581,2421.749598715891,3,3
2021,31,021,313.1991051454139,268.45637583892614,3,3
2021,31,023,538.6641129997606,395.0203495331578,3,3
2021,31,025,508.55119415354477,1834.55134483538,3,3
2021,31,027,630.8772765147006,892.7508629925009,3,3
2021,31,029,27.070925825663238,81.21277747698971,3,3
2021,31,031,1180.7447774750226,980.9264305177113,1,1
2021,31,033,1033.9425587467363,1994.7780678851175,1,1
2021,31,035,327.653997378768,311.2712975098296,1,1
2021,31,037,603.3182503770739,669.3061840120663,1,1
2021,31,039,442.72274488101823,586.6076369673492,3,3
2021,31,041,376.47058823529414,555.2941176470589,1,1
2021,31,043,1204.0139134244232,3394.1840098965886,3,3
2021,31,045,787.3076464272934,1371.82392938089,3,3
2021,31,047,603.3872914152553,1477.2585410511424,1,1
2021,31,049,319.4888178913738,159.7444089456869,3,3
2021,31,051,254.510391786317,766.4965985248367,1,1
2021,31,053,1522.188515127923,3444.3877687991626,3,3
2021,31,055,138.05114630829812,286.8146468983415,3,3
2021,31,057,631.578947368421,1000,3,3
2021,31,059,287.7180363244021,485.52418629742857,3,3
2021,31,061,102.95126973232671,377.4879890185312,1,1
2021,31,063,1393.312101910828,1433.1210191082803,3,3
2021,31,065,859.2910848549946,1374.8657357679915,3,3
2021,31,067,750.9444393255321,1644.7065327559199,1,1
2021,31,069,579.3742757821553,463.4994206257242,3,3
2021,31,071,582.3186871360508,529.3806246691371,1,1
2021,31,073,496.9630038652678,662.6173384870237,1,1
2021,31,075,139.2757660167131,0,1,1
2021,31,077,135.196034249662,135.196034249662,3,3
2021,31,079,1713.6195221668584,3909.5438865465694,2,2
2021,31,081,426.62116040955635,735.9215017064846,1,1
2021,31,083,62.189054726368155,31.094527363184078,3,3
2021,31,085,112.23344556677891,897.8675645342313,1,1
2021,31,087,304.1825095057034,836.5019011406844,1,1
2021,31,089,167.07616707616708,88.45208845208846,3,3
2021,31,091,420.16806722689074,1120.4481792717088,1,1
2021,31,093,232.1622039931899,294.07212505804057,1,1
2021,31,095,1025.9254124497436,2440.03881879939,3,3
2021,31,097,434.1260853152133,773.8769346923367,3,3
2021,31,099,482.0003012501883,1174.875734297334,1,1
2021,31,101,986.5255052935515,2550.529355149182,1,1
2021,31,103,NA,NA,NA,NA
2021,31,105,334.9148758024002,390.7340217694669,1,1
2021,31,107,189.7083234526915,213.4218638842779,3,3
2021,31,109,1680.6066793422438,4991.2426124176945,1,1
2021,31,111,1011.2874577436544,3626.883630321435,1,1
2021,31,113,115.60693641618498,0,1,1
2021,31,115,NA,NA,NA,NA
2021,31,117,210.52631578947367,210.52631578947367,1,1
2021,31,119,596.2928585492082,1296.655697128231,3,3
2021,31,121,260.1795238714713,377.2603096136334,1,1
2021,31,123,435.2557127312296,435.2557127312296,3,3
2021,31,125,472.115668338743,177.04337562702864,3,3
2021,31,127,583.6298932384342,839.8576512455517,3,3
2021,31,129,121.21212121212122,242.42424242424244,1,1
2021,31,131,973.8627795928625,2010.5554159336518,3,3
2021,31,133,39.0015600624025,195.00780031201248,1,1
2021,31,135,418.8481675392671,1116.9284467713787,3,3
2021,31,137,523.8519839500669,1036.5581810075792,3,3
2021,31,139,27.52546105147261,27.52546105147261,3,3
2021,31,141,480.6142484541218,1667.496996160947,3,3
2021,31,143,95.73042312847024,516.9442848937392,3,3
2021,31,145,643.4166355837374,1753.07720999627,1,1
2021,31,147,1000.8868617762574,1368.3010262257696,3,3
2021,31,149,NA,NA,NA,NA
2021,31,151,979.5067731851337,2229.940951719347,3,3
2021,31,153,846.3154766958145,1892.1385516597334,3,3
2021,31,155,340.7851690294438,972.3736822973464,1,1
2021,31,157,1537.4423804134808,3008.639487703221,2,2
2021,31,159,426.01533655211585,954.2743538767396,1,1
2021,31,161,1048.5436893203882,1728.1553398058252,3,3
2021,31,163,468.85465505693236,636.3027461486939,3,3
2021,31,165,0,277.5208140610546,1,1
2021,31,167,34.03096818104475,51.04645227156713,3,3
2021,31,169,197.90223629527014,811.3991688106075,1,1
2021,31,171,355.8718861209964,0,1,1
2021,31,173,872.813009129303,388.0809124991375,2,2
2021,31,175,545.7702803274622,545.7702803274622,1,1
2021,31,177,429.9724624377989,1125.6582443596308,1,1
2021,31,179,510.94890510948903,1355.5787278415016,1,1
2021,31,181,116.21150493898895,116.21150493898895,3,3
2021,31,183,NA,NA,NA,NA
2021,31,185,748.3761649251624,1560.2937023439706,1,1
2021,32,001,1100.6101208278503,2420.544722255453,1,1
2021,32,003,2142.082077066191,3862.8113701159086,2,2
2021,32,005,1310.061434557956,2233.6140607835955,3,3
2021,32,007,1686.6342193934856,3120.5540995881693,3,3
2021,32,009,NA,NA,NA,NA
2021,32,011,1746.7248908296942,2994.3855271366187,1,1
2021,32,013,2032.7564177024044,3955.163201300964,3,3
2021,32,015,1954.9659626461862,2373.887240356083,1,1
2021,32,017,NA,NA,NA,NA
2021,32,019,1409.6400075824156,1919.729790277275,3,3
2021,32,021,812.8295254833041,461.335676625659,3,3
2021,32,023,1804.5352922389013,2712.791440434366,3,3
2021,32,027,59.98800239952009,29.994001199760046,3,3
2021,32,029,2619.224116629602,3854.7071905114904,1,1
2021,32,031,1613.52181724953,4699.869517548431,2,2
2021,32,033,924.7171453437772,837.6849434290688,3,3
2021,32,510,1494.2112255637799,2470.797315250962,2,2
2021,33,001,1443.3314930199542,2987.617319977916,1,1
2021,33,003,960.7493845199256,2045.5955645403417,2,2
2021,33,005,851.2808442195284,1996.7831783766821,3,3
2021,33,007,822.704081632653,1766.5816326530612,3,3
2021,33,009,1119.472672342763,2285.0865146937654,2,2
2021,33,011,1148.383844148926,2383.8060993474496,2,2
2021,33,013,1038.0238327134387,1998.261244713465,2,2
2021,33,015,827.7621646508148,1783.4134238788122,1,1
2021,33,017,1046.723533285349,2481.6612811834793,1,1
2021,33,019,923.3267602366315,2011.3675907667325,3,3
2021,34,001,574.3705840468843,1567.9258028590727,3,3
2021,34,003,215.74452322663984,870.9530850102677,3,3
2021,34,005,23.473055974544774,67.59370748225393,3,3
2021,34,007,174.9828278913418,640.2606323173329,3,3
2021,34,009,358.1601876675603,648.2489946380697,3,3
2021,34,011,331.1365147397706,551.894191232951,3,3
2021,34,013,542.7338399474622,1305.704099821747,2,2
2021,34,015,77.7871225745543,193.47053563414786,3,3
2021,34,017,258.10919939882007,972.7113663384106,2,2
2021,34,019,8.539908545343033,121.11143027941029,3,3
2021,34,021,337.9650916610166,1242.2360248447203,3,3
2021,34,023,193.99839305052575,553.6988949311224,2,2
2021,34,025,48.897471035256004,131.5871433910552,3,3
2021,34,027,135.3406236291352,581.4925631507612,3,3
2021,34,029,132.36897614025398,223.3131288121551,2,2
2021,34,031,439.099002623463,834.6335500041262,3,3
2021,34,033,776.809982703237,1456.3256733382752,2,2
2021,34,035,165.72176188399476,369.53045500799533,3,3
2021,34,037,183.4011571574897,342.57951997342417,3,3
2021,34,039,367.8559627108747,1421.0709434001851,3,3
2021,34,041,NA,NA,NA,NA
2021,35,001,2418.01024247712,7437.862566558748,1,1
2021,35,003,NA,NA,NA,NA
2021,35,005,2347.186759774818,4092.964592241671,3,3
2021,35,006,773.3470165664859,740.3606509309485,1,1
2021,35,007,918.9102047396422,1402.5471546026115,1,1
2021,35,009,1209.0483619344775,3050.332539617374,3,3
2021,35,011,1494.9279231179926,1922.0501868659906,1,1
2021,35,013,1820.707105433243,4994.568132125029,2,2
2021,35,015,1312.6882283619223,4853.018200864213,2,2
2021,35,017,195.18773511249913,312.3003761799986,3,3
2021,35,019,1298.9921612541993,3314.669652855543,3,3
2021,35,021,NA,NA,NA,NA
2021,35,023,1708.5904129093499,1091.5994304698625,1,1
2021,35,025,1503.9247762671323,4895.316387831132,3,3
2021,35,027,94.60266879107748,104.56084445329616,3,3
2021,35,028,0,10.433512441963588,3,3
2021,35,029,31.643066213116054,146.34918123566175,3,3
2021,35,031,2113.892468401283,3074.8773065006994,1,1
2021,35,033,827.03213610586,1654.06427221172,3,3
2021,35,035,901.9584534458676,2425.0349193140955,3,3
2021,35,037,126.80115273775215,3170.028818443804,1,1
2021,35,039,225.54341091035266,252.80690014127444,3,3
2021,35,041,20.80840659626489,228.89247255891382,3,3
2021,35,043,196.1931207152964,510.9574866862634,3,3
2021,35,045,2685.6612861234053,3302.362665972403,1,1
2021,35,047,753.0065431151077,1071.0238695763426,3,3
2021,35,049,1369.0793666811742,4380.385601956034,2,2
2021,35,051,1554.899235580264,2623.349548297429,1,1
2021,35,053,487.8048780487805,885.2755194218608,3,3
2021,35,055,591.4573742788882,1625.779383485811,3,3
2021,35,057,336.63366336633663,983.4983498349835,3,3
2021,35,059,218.34061135371178,72.7802037845706,3,3
2021,35,061,1514.6331192757132,4072.797136540689,1,1
2021,36,001,1143.3873884180387,3077.739537751169,2,2
2021,36,003,NA,NA,NA,NA
2021,36,005,NA,NA,NA,NA
2021,36,007,976.8821346385283,2821.880145625935,2,2
2021,36,009,664.4131017601119,1429.8480786416444,3,3
2021,36,011,1376.493919941548,1723.5530504670946,3,3
2021,36,013,1380.7969260086534,3024.7887411942957,3,3
2021,36,015,NA,NA,NA,NA
2021,36,017,46.40664880713819,156.09509144219209,3,3
2021,36,019,NA,NA,NA,NA
2021,36,021,228.94442008865508,360.46568269277606,3,3
2021,36,023,1211.050570406947,2309.2967818831944,3,3
2021,36,025,NA,NA,NA,NA
2021,36,027,311.4738591678716,949.6236639055173,2,2
2021,36,029,801.3983142311115,1795.6966037179573,3,3
2021,36,031,NA,NA,NA,NA
2021,36,033,20.835069589132427,41.670139178264854,3,3
2021,36,035,3.732178846010301,70.91139807419572,3,3
2021,36,037,1169.7809443883054,2197.406957028106,3,3
2021,36,039,NA,NA,NA,NA
2021,36,041,NA,NA,NA,NA
2021,36,043,150.17492903822034,473.6286223513103,3,3
2021,36,045,1037.1151197782954,1643.2323987962666,2,2
2021,36,047,NA,NA,NA,NA
2021,36,049,318.578763914396,401.03444398635736,3,3
2021,36,051,478.6917899538978,925.2566141390776,3,3
2021,36,053,16.066368708556073,182.57237168813717,3,3
2021,36,055,1138.2062292363191,3080.2871131815373,2,2
2021,36,057,119.09808433759261,476.39233735037044,3,3
2021,36,059,41.82001871122487,86.44240981031531,3,3
2021,36,061,27.13993602643777,50.68517853944008,2,2
2021,36,063,1167.249351528138,2265.422352543137,3,3
2021,36,065,1228.2682710292456,2626.339243386745,2,2
2021,36,067,NA,NA,NA,NA
2021,36,069,NA,NA,NA,NA
2021,36,071,189.0643948809497,348.5011687845394,3,3
2021,36,073,NA,NA,NA,NA
2021,36,075,764.2837170286141,1478.5754836085714,3,3
2021,36,077,171.32582439951148,347.74053467227577,3,3
2021,36,079,73.49938750510412,409.35075541037156,3,3
2021,36,081,NA,NA,NA,NA
2021,36,083,NA,NA,NA,NA
2021,36,085,NA,NA,NA,NA
2021,36,087,350.38709006345005,1008.0687103437003,3,3
2021,36,089,611.929876143923,1041.015840346944,3,3
2021,36,091,306.3699417046083,882.5156376324411,3,3
2021,36,093,1215.757229470209,2234.0729454337684,2,2
2021,36,095,NA,NA,NA,NA
2021,36,097,27.90178571428571,50.22321428571428,3,3
2021,36,099,994.1002949852507,1887.905604719764,3,3
2021,36,101,114.70691321572335,182.68138030652236,3,3
2021,36,103,19.960630283165177,47.34083695448057,3,3
2021,36,105,NA,NA,NA,NA
2021,36,107,NA,NA,NA,NA
2021,36,109,35.97190404967909,322.8005073931729,2,2
2021,36,111,367.86134541575484,796.7579813265003,3,3
2021,36,113,403.3976739937892,1517.6886074407844,2,2
2021,36,115,8.129552549427679,19.51092611862643,3,3
2021,36,117,NA,NA,NA,NA
2021,36,119,204.15655136472805,683.4893265434525,3,3
2021,36,121,206.4947515917304,1192.2613633570147,3,3
2021,36,123,358.75524024508223,874.7178329571107,3,3
2021,37,001,1064.033212953418,2224.3483007407444,1,1
2021,37,003,753.6104792962649,2014.195281028199,1,1
2021,37,005,174.15215398716774,531.6223648029331,3,3
2021,37,007,1902.8050741468644,3251.742004645346,3,3
2021,37,009,635.386119257087,1586.5854575531996,3,3
2021,37,011,485.8500647005208,1363.3484067532058,3,3
2021,37,013,734.9993318187893,1287.3624660341218,3,3
2021,37,015,452.91355979011325,2336.3711681855843,3,3
2021,37,017,1312.07440624481,3630.626141836904,3,3
2021,37,019,1314.7568185725283,2613.069833842842,2,2
2021,37,021,1277.619006595975,4076.6945962446766,2,2
2021,37,023,764.7169954322495,3285.596282170919,2,2
2021,37,025,306.07801971075975,1758.2890714591417,2,2
2021,37,027,1150.751747995144,4601.139069222654,2,2
2021,37,029,981.6412277463559,3595.0619757662153,3,3
2021,37,031,1334.9228776639586,3052.513834922878,2,2
2021,37,033,368.66359447004606,469.60719771779685,3,3
2021,37,035,749.8413661039565,2913.2545260449083,2,2
2021,37,037,906.5845827095309,2656.814545618177,1,1
2021,37,039,1770.9977204979834,5025.425214799228,1,1
2021,37,041,732.096259785445,1870.107277471731,1,1
2021,37,043,927.5256888242247,2527.9621715013186,1,1
2021,37,045,746.2620856963354,2366.053817373678,3,3
2021,37,047,413.80114232428025,1692.1164082837936,3,3
2021,37,049,1483.1615798037574,3017.6026823134953,2,2
2021,37,051,1997.1101558237556,4902.242926776625,2,2
2021,37,053,1450.5893019038986,2371.713508612874,1,1
2021,37,055,1410.752219619805,3145.596165368484,1,1
2021,37,057,463.4948331436232,2353.9723047228845,2,2
2021,37,059,1871.0481160237875,2902.945255388666,3,3
2021,37,061,872.1142954544887,3794.9818990645363,3,3
2021,37,063,1765.409190136498,5201.439291261599,2,2
2021,37,065,666.8274234161024,2431.6899087661,2,2
2021,37,067,3070.6529284839185,5327.5448564718445,2,2
2021,37,069,992.4740585703468,2243.7903847808525,3,3
2021,37,071,1275.5417906863154,4014.6574681193383,2,2
2021,37,073,387.3771730914588,1048.7528344671202,3,3
2021,37,075,951.9100012362468,3276.053900358512,3,3
2021,37,077,839.7147270516318,2405.75804384264,1,1
2021,37,079,438.5110114987331,2367.9594620931593,3,3
2021,37,081,1878.979747436088,4695.649213543504,2,2
2021,37,083,878.4565133594367,4065.6509301900956,3,3
2021,37,085,929.0190465317027,3193.2813174311923,2,2
2021,37,087,1008.1854283167194,4637.328794878029,2,2
2021,37,089,600.8947569728007,2766.859973805589,2,2
2021,37,091,472.51249432076327,2698.7732848705136,3,3
2021,37,093,1520.059805631697,3153.213594280128,1,1
2021,37,095,NA,NA,NA,NA
2021,37,097,1355.314221817577,2819.3542718927356,3,3
2021,37,099,992.4107331425192,2758.793444803593,1,1
2021,37,101,595.7789134961197,2332.9547605527164,3,3
2021,37,103,32.16813210379584,128.67252841518336,3,3
2021,37,105,529.0716056229336,2878.4982133988847,1,1
2021,37,107,1642.381405756716,3499.2294242496746,3,3
2021,37,109,1245.4768296953425,2722.073071086728,3,3
2021,37,111,673.7485121387024,3505.738091495048,3,3
2021,37,113,365.2471656995263,2507.9048878245694,1,1
2021,37,115,197.47049696741738,1062.5793408246743,3,3
2021,37,117,1418.0885067302931,4564.894431188944,3,3
2021,37,119,1659.0854590949598,5012.378799700437,2,2
2021,37,121,13.37703163667982,53.50812654671928,3,3
2021,37,123,869.0278475145803,4186.7830520258,1,1
2021,37,125,858.8695775619055,2614.127238435174,2,2
2021,37,127,563.7637617308551,2118.6777754756868,2,2
2021,37,129,1251.4710780504051,3661.152436993449,2,2
2021,37,131,586.0356086398392,2427.861807222191,3,3
2021,37,133,1150.0224226702564,2683.00658911934,2,2
2021,37,135,1873.8129647584537,5727.804513447708,1,1
2021,37,137,1504.9215000406734,3554.8686244204023,3,3
2021,37,139,1124.1816195114807,2956.767479246828,1,1
2021,37,141,798.1277042382808,2293.2746423405442,3,3
2021,37,143,784.4946931241349,1653.5917551145976,3,3
2021,37,145,1041.052334675248,3097.5153209056643,1,1
2021,37,147,1775.5219430234483,3215.9357956877257,2,2
2021,37,149,274.4941256943077,1932.4688532640178,1,1
2021,37,151,931.6481461421781,3355.808911543087,2,2
2021,37,153,2138.5187409066766,7932.842197639778,3,3
2021,37,155,1505.319123564502,5889.196025065737,2,2
2021,37,157,1186.979527628351,3049.4043100887757,1,1
2021,37,159,692.7752156613891,3091.3300320559038,2,2
2021,37,161,422.6529601189002,2249.5045826108494,3,3
2021,37,163,640.6807022264074,2840.1829555391137,3,3
2021,37,165,1121.3829271244385,5076.474047613572,3,3
2021,37,167,609.8345884018794,2679.088627148098,3,3
2021,37,169,11.054375768808317,49.86229070185878,3,3
2021,37,171,463.07341353545985,2460.1691660791125,2,2
2021,37,173,2188.3382747423407,4976.704786107582,1,1
2021,37,175,451.80266230025165,1698.0502744170533,1,1
2021,37,177,873.1082654249127,2066.3562281722934,3,3
2021,37,179,980.6705759766679,2325.7995619916337,1,1
2021,37,181,2159.4372801875734,4905.04103165299,1,1
2021,37,183,824.0477227913569,2211.845000772896,2,2
2021,37,185,465.8796124728678,3192.334162740219,3,3
2021,37,187,1037.2887418402934,3093.981936868461,3,3
2021,37,189,537.7189569233321,1899.3200229231697,2,2
2021,37,191,996.1366275679749,3753.6390075639783,2,2
2021,37,193,705.7887753137904,2834.8228679350914,2,2
2021,37,195,1119.5718267297857,3359.546126253224,3,3
2021,37,197,1196.300876391204,2548.524114199688,2,2
2021,37,199,152.53036988614699,985.9998910497358,3,3
2021,38,001,804.6490835940991,1251.6763522574877,1,1
2021,38,003,1131.6588462600055,2189.713865120986,1,1
2021,38,005,2003.2840722495896,1543.5139573070608,1,1
2021,38,007,119.18951132300357,476.7580452920143,3,3
2021,38,009,263.89320086929524,1303.9428748835765,3,3
2021,38,011,760.5820105820105,1322.7513227513227,3,3
2021,38,013,275.6086357372531,551.2172714745062,1,1
2021,38,015,1492.4153429695082,4434.342918433015,2,2
2021,38,017,2036.1545859928303,5389.853108332604,2,2
2021,38,019,483.2214765100671,348.99328859060404,3,3
2021,38,021,179.53321364452424,398.96269698783163,1,1
2021,38,023,591.9854280510018,1229.5081967213114,3,3
2021,38,025,1060.6808090774543,1554.0207202762704,1,1
2021,38,027,798.990748528175,1597.98149705635,3,3
2021,38,029,542.8226779252111,2291.9179734620025,3,3
2021,38,031,176.67844522968198,647.8209658421673,1,1
2021,38,033,1214.1280353200882,993.3774834437087,1,1
2021,38,035,1443.2087112351403,3941.1225564629763,2,2
2021,38,037,340.280731603573,638.0263717566993,3,3
2021,38,039,579.8394290811775,1025.8697591436219,3,3
2021,38,041,799.3605115907275,879.2965627498002,1,1
2021,38,043,125.15644555694618,709.2198581560284,1,1
2021,38,045,431.3443565780014,670.9801102324467,3,3
2021,38,047,330.76074972436606,441.0143329658214,3,3
2021,38,049,461.2546125461255,1439.1143911439115,3,3
2021,38,051,350.46728971962614,1090.342679127726,3,3
2021,38,053,1387.8796686528121,2535.9686092137767,3,3
2021,38,055,653.8618716796077,1757.2537801389458,1,1
2021,38,057,642.4747174301011,1249.2563950029744,3,3
2021,38,059,1898.77263336979,4481.103414752703,3,3
2021,38,061,596.8920448698158,1698.0549552330967,2,2
2021,38,063,98.84678747940693,1482.7018121911037,1,1
2021,38,065,216.21621621621622,540.5405405405405,1,1
2021,38,067,752.3148148148148,1027.1990740740741,1,1
2021,38,069,544.8241703813769,1733.531451213472,1,1
2021,38,071,1778.6561264822135,5275.820587729851,1,1
2021,38,073,721.9580912132418,1126.9589716499383,3,3
2021,38,075,730.2405498281787,1847.0790378006873,3,3
2021,38,077,1045.5699262661672,2804.3031548410495,1,1
2021,38,079,7443.2363287496,4405.180684362008,2,2
2021,38,081,520.9690023443605,286.5329512893983,3,3
2021,38,083,225.9036144578313,1355.421686746988,1,1
2021,38,085,1101.9283746556473,100.17530678687703,1,1
2021,38,087,387.0967741935484,0,1,1
2021,38,089,984.4084377866095,2577.1935188015896,3,3
2021,38,091,588.2352941176471,374.331550802139,1,1
2021,38,093,1240.8893809392011,3136.8207399206567,1,1
2021,38,095,456.62100456621005,1598.1735159817351,3,3
2021,38,097,374.62537462537466,1011.4885114885114,3,3
2021,38,099,978.2710939704637,1853.0712068478977,1,1
2021,38,101,855.2650460637717,1953.0465229744855,1,1
2021,38,103,496.15480029769293,769.039940461424,3,3
2021,38,105,1552.2620904836192,2483.099323972959,1,1
2021,39,001,170.5122623712088,576.8393556813235,2,2
2021,39,003,2161.3884885832217,3050.6929035368726,2,2
2021,39,005,539.4623531640177,1130.6986373217412,3,3
2021,39,007,532.3442560974364,1012.5780379895574,3,3
2021,39,009,581.5708769643907,2375.542243338153,3,3
2021,39,011,490.4714575861026,808.0895380493497,3,3
2021,39,013,454.701313415925,387.6142343873459,3,3
2021,39,015,153.3391312308326,439.41959994507255,3,3
2021,39,017,860.0655340337033,1970.5533044231277,3,3
2021,39,019,321.85032206806653,647.9208561160192,3,3
2021,39,021,762.7074822896737,1874.450592067842,1,1
2021,39,023,1505.5281110326982,3360.238767348859,2,2
2021,39,025,548.4683199385908,1670.3384206738076,2,2
2021,39,027,589.7678858309943,1727.7604510152564,1,1
2021,39,029,565.2771386716123,861.2999462351523,3,3
2021,39,031,783.7033396138827,2015.2371590071273,3,3
2021,39,033,773.2830831731854,1461.1587290404575,2,2
2021,39,035,2030.3552913316587,3033.9313599180873,2,2
2021,39,037,679.0254441636606,850.7108547618589,3,3
2021,39,039,751.3892874846722,1755.8506613791124,3,3
2021,39,041,1419.2047764090796,4431.086387635945,2,2
2021,39,043,962.0604851302268,1786.6938394048486,3,3
2021,39,045,1958.0861675719818,5028.212382746385,2,2
2021,39,047,1508.8071426099596,3059.1410873101013,3,3
2021,39,049,1444.4924985399325,4150.7816527818595,2,2
2021,39,051,580.6127679027347,1465.1482872283532,2,2
2021,39,053,541.387176955293,1283.6664510197827,3,3
2021,39,055,184.54448336404488,824.0510251382522,3,3
2021,39,057,877.4557146340163,2466.86615263671,3,3
2021,39,059,319.13237507135074,308.75408645114425,3,3
2021,39,061,1099.4265268273614,3033.588012816001,2,2
2021,39,063,966.5010272625246,2255.814105334808,2,2
2021,39,065,198.4514281996226,374.1297416878131,2,2
2021,39,067,663.3385762155508,861.656294877932,3,3
2021,39,069,1060.902310087624,1774.2052284741835,3,3
2021,39,071,706.700789406191,1532.7043250223003,3,3
2021,39,073,975.8694109297373,2132.7182398864443,3,3
2021,39,075,13.426423200859293,33.049657109807484,3,3
2021,39,077,314.61373016749553,769.0978948510249,3,3
2021,39,079,851.49549660324,2001.1681165657374,2,2
2021,39,081,793.9652544955807,1525.4495580615667,2,2
2021,39,083,405.7156089906592,1154.7635876701236,1,1
2021,39,085,273.4687901051671,1039.6120619116114,3,3
2021,39,087,752.9451937852143,957.8282397131637,3,3
2021,39,089,843.884982970115,3203.748486876945,3,3
2021,39,091,808.7483966345632,1180.5117725069026,3,3
2021,39,093,950.7235059975483,1548.0143482389324,2,2
2021,39,095,3252.466557738751,3626.11657792632,2,2
2021,39,097,686.7816090543806,1391.9980274259187,3,3
2021,39,099,1409.6869690282356,3136.4727226129157,2,2
2021,39,101,978.4018926963291,1691.2157521178356,3,3
2021,39,103,331.7754949076319,949.0322296195053,3,3
2021,39,105,447.2071910916328,1153.7945530164125,2,2
2021,39,107,225.36414100678468,445.9837737818475,2,2
2021,39,109,1091.4258464349891,2625.0472045589195,2,2
2021,39,111,318.1885452123724,288.5896107740121,3,3
2021,39,113,1437.3002017586055,3056.334090047633,2,2
2021,39,115,616.2665711214619,1354.3532783948406,3,3
2021,39,117,429.89797088157746,352.5163361228935,3,3
2021,39,119,1304.0557756004912,2431.885685830813,1,1
2021,39,121,84.7098686997035,141.18311449950585,3,3
2021,39,123,326.09501222856295,496.55376862076633,3,3
2021,39,125,615.1235549899247,1256.761056315622,3,3
2021,39,127,256.779254493637,528.1299859265955,3,3
2021,39,129,949.3995689212768,2576.208559991789,2,2
2021,39,131,964.3944116460709,1672.1059000403359,3,3
2021,39,133,671.8175958069303,2202.1915811511626,3,3
2021,39,135,621.541911424184,896.9702878592146,3,3
2021,39,137,209.33275185346707,282.01773513592093,3,3
2021,39,139,2042.2579256473673,3133.9432203489378,2,2
2021,39,141,893.7244997085681,3694.0612654620813,3,3
2021,39,143,389.7446325385932,1403.0806771389355,3,3
2021,39,145,793.0960318313798,2263.684267125497,3,3
2021,39,147,223.43873287041504,1220.7169943898375,3,3
2021,39,149,1190.3036826960897,2132.1961620469083,3,3
2021,39,151,1645.0699530194158,3400.117997830987,2,2
2021,39,153,1378.341658579732,3629.447542653242,2,2
2021,39,155,1403.0732100554403,2390.2195361994864,2,2
2021,39,157,423.54205858640154,694.4369793066379,3,3
2021,39,159,399.99268194643633,1410.7566355799736,1,1
2021,39,161,1329.1381504511276,2099.3333196108415,3,3
2021,39,163,163.38597992686533,521.2790788142846,1,1
2021,39,165,529.4440793414304,1505.0797350729954,2,2
2021,39,167,565.546695138634,1264.5557372126389,3,3
2021,39,169,632.8084627340486,2189.086068535616,3,3
2021,39,171,221.4659968670664,564.468211527035,3,3
2021,39,173,377.48699325082754,1666.0397155551725,3,3
2021,39,175,405.78124287603157,834.3591847900425,3,3
2021,40,001,1305.509350269671,2515.2477443419525,1,1
2021,40,003,1183.8440111420612,2263.2311977715876,3,3
2021,40,005,667.6136363636364,2144.886363636364,1,1
2021,40,007,392.156862745098,1117.6470588235295,1,1
2021,40,009,948.588303727236,2537.0262651572775,1,1
2021,40,011,1314.0850945699585,2353.649633770059,2,2
2021,40,013,1517.1691152393635,4477.286122814294,2,2
2021,40,015,1431.1222378513837,2972.3240999643167,1,1
2021,40,017,1278.4656963815842,4397.546567709512,1,1
2021,40,019,1359.6108269926406,3766.995135337408,1,1
2021,40,021,1094.7647622190877,2297.123961823599,1,1
2021,40,023,1314.0420773048158,4151.813797441812,1,1
2021,40,025,528.4015852047556,2245.7067371202115,3,3
2021,40,027,1700.7764899796503,6050.238939234626,2,2
2021,40,029,547.7899508877975,566.6792595391008,1,1
2021,40,031,1548.1226646474956,2269.921482773946,1,1
2021,40,033,713.9032661074424,2123.8622166696414,3,3
2021,40,035,1079.593564775614,2744.8489980242734,3,3
2021,40,037,485.762082626447,1471.1292269388478,1,1
2021,40,039,826.9329013870456,2049.4528352549178,2,2
2021,40,041,1430.3971686983878,2860.7943373967755,3,3
2021,40,043,857.5197889182058,1890.9410729991205,1,1
2021,40,045,813.0081300813009,2675.0590086546026,1,1
2021,40,047,1532.8607012837708,3749.121798556556,1,1
2021,40,049,1832.1509560212749,3649.3041005429523,1,1
2021,40,051,1050.284260789545,3172.9456016292206,1,1
2021,40,053,672.107537205953,1632.2611617858859,3,3
2021,40,055,919.2501802451334,1315.7894736842104,1,1
2021,40,057,1220.4724409448818,2362.2047244094488,1,1
2021,40,059,268.0166765932102,982.7278141751042,3,3
2021,40,061,708.7353769959867,1272.3080864144822,1,1
2021,40,063,1147.1043618368267,3129.246279516945,1,1
2021,40,065,1097.7564102564102,2668.2692307692305,2,2
2021,40,067,1074.4855217628847,1165.543616827536,3,3
2021,40,069,880.7198927819261,1732.720658625311,3,3
2021,40,071,2410.3228151480043,4566.2100456621,2,2
2021,40,073,844.1690709194379,2217.9687968038065,2,2
2021,40,075,1397.0415590514206,1678.7978398685138,1,1
2021,40,077,1036.1067503924646,2218.733647305076,1,1
2021,40,079,988.9338508547362,2260.7151705343135,2,2
2021,40,081,1195.2175508835646,2439.659713687288,2,2
2021,40,083,1052.0853384104814,2400.442451660169,2,2
2021,40,085,1128.154379020287,2889.6585848589807,1,1
2021,40,087,990.4989260469495,2373.366101299846,2,2
2021,40,089,1664.9524299305735,3542.041655952687,2,2
2021,40,091,1334.7291285003926,2606.6474744831194,1,1
2021,40,093,1070.5533341932155,1999.2261060234748,3,3
2021,40,095,1178.3087038604258,2630.0371069591824,3,3
2021,40,097,1373.9409205404168,3371.243925400097,2,2
2021,40,099,1102.7821824996397,2371.3420787083755,1,1
2021,40,101,1931.938269369501,3201.6560269435413,1,1
2021,40,103,1352.0871143375682,2531.760435571688,3,3
2021,40,105,1043.8633487979755,2372.4167018135804,1,1
2021,40,107,1460.6167423617217,3748.2978614053536,2,2
2021,40,109,1106.4223168121705,3975.474198873473,2,2
2021,40,111,968.0086867283193,2226.712342710415,1,1
2021,40,113,3091.2393890167896,7989.152859347234,2,2
2021,40,115,1462.3135304894006,5299.659774928029,2,2
2021,40,117,787.8138739256328,2109.9056163264304,2,2
2021,40,119,1329.8024412484394,3547.9361824409043,2,2
2021,40,121,1090.427958755361,3184.5971347750706,2,2
2021,40,123,2192.0612809095455,5846.13207644732,3,3
2021,40,125,2283.2072174631676,7120.787191014991,1,1
2021,40,127,679.4601046735837,2258.745753374346,1,1
2021,40,129,517.6876617773943,1211.0588786977773,3,3
2021,40,131,1135.6275692288277,2052.4363493343963,1,1
2021,40,133,1569.1524292364752,4430.696477817418,2,2
2021,40,135,1699.7881569656006,2907.7978412186017,3,3
2021,40,137,1591.326803620036,3278.0401554102787,1,1
2021,40,139,773.9649384558,2093.4352853412906,2,2
2021,40,141,1442.7157001414428,3620.933521923621,1,1
2021,40,143,1966.2687314634265,4930.008144070626,2,2
2021,40,145,2412.3526695581945,5649.301553217424,2,2
2021,40,147,917.1839424741278,2181.688058837246,2,2
2021,40,149,896.9936993626687,1566.0593328987077,3,3
2021,40,151,996.4494330546329,2027.2591913870117,1,1
2021,40,153,1165.5577679568744,3452.96488757224,3,3
2021,41,001,906.947215672048,3313.3804945885486,3,3
2021,41,003,1084.6512926706382,6628.08854057598,2,2
2021,41,005,925.9435055534901,5812.772590353648,2,2
2021,41,007,1672.3968565815323,5054.027504911592,2,2
2021,41,009,599.4540004963632,1676.1802943815503,2,2
2021,41,011,1019.8238908061097,3856.450889057398,3,3
2021,41,013,868.312757201646,1613.1687242798353,3,3
2021,41,015,744.598433330464,1867.952139106482,3,3
2021,41,017,750.9078599125993,2988.243983504647,1,1
2021,41,019,1142.0310805926997,3876.0390314419947,2,2
2021,41,021,1381.7809621289662,3991.811668372569,3,3
2021,41,023,193.77162629757785,110.72664359861592,3,3
2021,41,025,536.6246310705661,1341.5615776764153,2,2
2021,41,027,643.9473134016308,2780.681580597951,3,3
2021,41,029,813.8517201865903,3701.581687434021,2,2
2021,41,031,800.5942555298777,2579.2340706503796,3,3
2021,41,033,894.0994001322903,3206.8973382295917,2,2
2021,41,035,1066.7789082570139,3373.0533099174154,3,3
2021,41,037,1120.8276881389334,2143.1210740238944,3,3
2021,41,039,856.4325733446858,3972.5962599728796,2,2
2021,41,041,1183.1708980066578,3806.2006176553164,3,3
2021,41,043,583.4851892826155,2925.6190418969627,2,2
2021,41,045,1028.3268929837448,4365.598952511737,3,3
2021,41,047,699.6372265562505,4201.767608738419,2,2
2021,41,049,969.5753928452024,3034.102306920762,3,3
2021,41,051,694.0693162540159,3935.125237948067,2,2
2021,41,053,1053.8745699012957,5134.35877555052,2,2
2021,41,055,672.645739910314,5773.542600896861,3,3
2021,41,057,998.9310332116922,2506.542813962918,2,2
2021,41,059,887.9497918474639,3517.840747588323,2,2
2021,41,061,708.4364882879452,3104.170634164921,3,3
2021,41,063,477.4897680763984,1268.7585266030014,3,3
2021,41,065,766.8308085554261,4251.400218020524,3,3
2021,41,067,1231.6899914948938,5679.472668680928,2,2
2021,41,069,NA,NA,NA,NA
2021,41,071,830.9988583400885,2985.715715934779,2,2
2021,42,001,26.97963037906381,82.86600759283883,3,3
2021,42,003,79.59536086563563,218.04762297499272,3,3
2021,42,005,NA,NA,NA,NA
2021,42,007,7.726138119576845,23.772732675621064,3,3
2021,42,009,6.2854868109535085,96.37746443462046,3,3
2021,42,011,NA,NA,NA,NA
2021,42,013,NA,NA,NA,NA
2021,42,015,NA,NA,NA,NA
2021,42,017,NA,NA,NA,NA
2021,42,019,NA,NA,NA,NA
2021,42,021,NA,NA,NA,NA
2021,42,023,NA,NA,NA,NA
2021,42,025,NA,NA,NA,NA
2021,42,027,NA,NA,NA,NA
2021,42,029,NA,NA,NA,NA
2021,42,031,NA,NA,NA,NA
2021,42,033,NA,NA,NA,NA
2021,42,035,NA,NA,NA,NA
2021,42,037,NA,NA,NA,NA
2021,42,039,3.550505947097461,27.22054559441387,3,3
2021,42,041,275.14129989707965,828.4311641230639,2,2
2021,42,043,31.316084856033978,51.02058768679693,3,3
2021,42,045,NA,NA,NA,NA
2021,42,047,NA,NA,NA,NA
2021,42,049,83.48565481072295,214.78247757472334,2,2
2021,42,051,3.090163237873041,11.588112142023903,3,3
2021,42,053,NA,NA,NA,NA
2021,42,055,187.65144656270758,423.6549645400768,3,3
2021,42,057,NA,NA,NA,NA
2021,42,059,NA,NA,NA,NA
2021,42,061,NA,NA,NA,NA
2021,42,063,NA,NA,NA,NA
2021,42,065,NA,NA,NA,NA
2021,42,067,NA,NA,NA,NA
2021,42,069,385.56296368470134,1060.6461311470846,2,2
2021,42,071,3.633192849876471,17.984304606888532,3,3
2021,42,073,NA,NA,NA,NA
2021,42,075,19.65105343682888,58.25133697345704,3,3
2021,42,077,NA,NA,NA,NA
2021,42,079,NA,NA,NA,NA
2021,42,081,NA,NA,NA,NA
2021,42,083,NA,NA,NA,NA
2021,42,085,0.8991512012660049,7.193209610128039,3,3
2021,42,087,NA,NA,NA,NA
2021,42,089,NA,NA,NA,NA
2021,42,091,NA,NA,NA,NA
2021,42,093,NA,NA,NA,NA
2021,42,095,NA,NA,NA,NA
2021,42,097,NA,NA,NA,NA
2021,42,099,NA,NA,NA,NA
2021,42,101,1720.245606234716,4268.42594709008,2,2
2021,42,103,NA,NA,NA,NA
2021,42,105,NA,NA,NA,NA
2021,42,107,NA,NA,NA,NA
2021,42,109,NA,NA,NA,NA
2021,42,111,NA,NA,NA,NA
2021,42,113,NA,NA,NA,NA
2021,42,115,NA,NA,NA,NA
2021,42,117,NA,NA,NA,NA
2021,42,119,11.602543277486424,20.884577899475566,3,3
2021,42,121,NA,NA,NA,NA
2021,42,123,NA,NA,NA,NA
2021,42,125,0.5497503446247471,1.3743758615618682,3,3
2021,42,127,NA,NA,NA,NA
2021,42,129,NA,NA,NA,NA
2021,42,131,NA,NA,NA,NA
2021,42,133,NA,NA,NA,NA
2021,44,001,483.501736659299,1188.0328386485633,1,1
2021,44,003,568.6616079600815,1818.772328678142,1,1
2021,44,005,824.3203741596025,1951.4761765565622,1,1
2021,44,007,855.3737634618195,2611.8061985283366,1,1
2021,44,009,450.14837938875394,1217.8671908120398,3,3
2021,45,001,1323.436161016779,2959.939600409346,3,3
2021,45,003,1361.7415185337627,3892.1820232055397,2,2
2021,45,005,1023.6030828516377,2468.68978805395,3,3
2021,45,007,1905.1533541699855,5156.254578773689,2,2
2021,45,009,1700.5545286506467,4147.874306839187,3,3
2021,45,011,1783.568097687611,4418.056824191144,3,3
2021,45,013,1170.8580507482538,2541.5563311261376,2,2
2021,45,015,1520.3888145329004,3574.6524737683353,2,2
2021,45,017,1563.6005071136778,3225.806451612903,3,3
2021,45,019,1454.0130845158826,3810.800107132299,2,2
2021,45,021,1468.4620671296823,4168.686639513524,3,3
2021,45,023,1335.4816719858707,2875.4686580113407,3,3
2021,45,025,1818.8065513686863,4331.691673347841,3,3
2021,45,027,2461.012874450384,4479.169961724607,3,3
2021,45,029,2326.064382139148,4563.862928348909,3,3
2021,45,031,2462.440685447638,5806.126148849968,3,3
2021,45,033,2436.2884285063274,6625.3023451467025,3,3
2021,45,035,1676.930263689276,3514.3489561695565,2,2
2021,45,037,511.4560304570069,1701.6837038486058,3,3
2021,45,039,1741.7162276975362,3129.4250920419145,3,3
2021,45,041,2464.378332702002,5630.263119554766,2,2
2021,45,043,1316.6326398420636,2819.59565892167,3,3
2021,45,045,1287.515671989906,3804.986469558429,2,2
2021,45,047,1960.0088020894184,4605.526696377405,3,3
2021,45,049,1482.9253942096807,3164.9623714682743,3,3
2021,45,051,1821.2923897757094,4604.410421469271,2,2
2021,45,053,1092.9732397842258,3680.851813983006,3,3
2021,45,055,1523.3347181830773,3508.2860176337535,3,3
2021,45,057,1112.4845488257108,2612.7011293883975,3,3
2021,45,059,2161.3013456887384,4252.907230089174,3,3
2021,45,061,1434.548714883443,3652.121936640765,3,3
2021,45,063,1770.171357023392,5195.590732116524,2,2
2021,45,065,605.1752921535893,1231.2186978297161,3,3
2021,45,067,1811.7289166807504,4745.6481324995775,3,3
2021,45,069,1924.7919143876336,3964.7740784780026,3,3
2021,45,071,1138.946144495534,2521.008403361345,3,3
2021,45,073,1530.8217420315145,3834.1117897654367,3,3
2021,45,075,3078.5900199036614,6800.221413513291,3,3
2021,45,077,949.517809791802,2599.2204141652282,3,3
2021,45,079,1466.1786343219007,4166.4889101825875,2,2
2021,45,081,870.5894448506224,1689.003078322739,3,3
2021,45,083,1496.8831572004328,3581.8910009612364,2,2
2021,45,085,2038.1477586059866,3937.9554090034776,2,2
2021,45,087,1849.410385995752,4552.113088698455,3,3
2021,45,089,1795.5393954751983,3951.150300623619,3,3
2021,45,091,1142.9335898094146,3112.4240243845115,2,2
2021,46,003,339.7508493771235,339.7508493771235,1,1
2021,46,005,917.7699245740808,1455.7729838071627,1,1
2021,46,007,1817.6487833479919,2169.4517736734097,1,1
2021,46,009,142.45014245014247,85.47008547008546,3,3
2021,46,011,652.7757540434212,1107.3874398950895,3,3
2021,46,013,1515.4272049075928,2505.783577239999,3,3
2021,46,015,438.3457213645893,1124.4520678482943,1,1
2021,46,017,12968.591691995949,455.9270516717325,3,3
2021,46,019,531.1301268810859,1150.781941575686,3,3
2021,46,021,129.19896640826875,452.1963824289405,1,1
2021,46,023,1230.472929595549,1326.770811042157,2,2
2021,46,025,131.89132155104195,290.16090741229226,1,1
2021,46,027,884.1792656587473,3381.4794816414687,3,3
2021,46,029,1364.487963519389,2456.785322917035,1,1
2021,46,031,302.6481715006305,1059.2686002522069,3,3
2021,46,033,1782.2966507177032,3169.8564593301435,3,3
2021,46,035,1639.5908543922983,3780.585639791416,1,1
2021,46,037,218.69874248223073,929.4696555494806,3,3
2021,46,039,420.2661685734298,723.7917347653514,1,1
2021,46,041,2002.620250795433,842.2234699606962,3,3
2021,46,043,NA,NA,NA,NA
2021,46,045,24.968789013732835,24.968789013732835,1,1
2021,46,047,902.7081243731194,472.8471127668721,3,3
2021,46,049,278.1641168289291,370.8854891052387,1,1
2021,46,051,NA,NA,NA,NA
2021,46,053,249.75024975024974,124.87512487512487,3,3
2021,46,055,NA,NA,NA,NA
2021,46,057,489.6360372123388,1093.5204831075566,3,3
2021,46,059,32.66906239790918,228.68343678536428,1,1
2021,46,061,87.48906386701663,554.0974044911053,1,1
2021,46,063,84.81764206955046,84.81764206955046,3,3
2021,46,065,1104.9413876269,2810.0286050816085,3,3
2021,46,067,229.35779816513764,229.35779816513764,3,3
2021,46,069,NA,NA,NA,NA
2021,46,071,NA,NA,NA,NA
2021,46,073,993.9260077305356,607.3992269464384,1,1
2021,46,075,1091.703056768559,982.5327510917031,1,1
2021,46,077,136.4256480218281,19.489378288832587,3,3
2021,46,079,484.2401831308329,633.9144215530904,1,1
2021,46,081,1635.0683224977615,2129.481839062561,2,2
2021,46,083,1589.3118362289786,4108.287064996039,2,2
2021,46,085,4137.746930058729,3416.978109983983,3,3
2021,46,087,405.214940098661,634.2494714587738,3,3
2021,46,089,623.608017817372,1469.933184855234,3,3
2021,46,091,320.1463526183398,205.80836954036133,1,1
2021,46,093,1386.1007691155942,2163.8507799644585,2,2
2021,46,095,52.192066805845506,52.192066805845506,1,1
2021,46,097,305.27692978630614,348.88791975577846,1,1
2021,46,099,1386.6295510899063,3341.9831282724394,2,2
2021,46,101,868.1925808997632,1420.6787687450671,3,3
2021,46,102,NA,NA,NA,NA
2021,46,103,2648.6378537184723,4994.475122057188,1,1
2021,46,105,268.72690628149144,738.9989922741014,3,3
2021,46,107,306.16150019135097,114.8105625717566,3,3
2021,46,109,1560.3666861712502,1726.1556465769454,3,3
2021,46,111,126.52889076339098,295.2340784479123,3,3
2021,46,115,936.3295880149813,1310.8614232209738,3,3
2021,46,117,506.2436719541006,506.2436719541006,3,3
2021,46,119,156.3721657544957,312.7443315089914,1,1
2021,46,121,10250.158999364003,3126.987492050032,3,3
2021,46,123,694.5681211041853,1282.2796081923418,1,1
2021,46,125,521.9812086764877,985.96450527781,3,3
2021,46,127,582.7527536000813,1267.7571875827743,1,1
2021,46,129,1400.560224089636,765.6395891690009,3,3
2021,46,135,1335.4585792443888,2739.8440529013915,3,3
2021,46,137,NA,NA,NA,NA
2021,47,001,1231.5847235645583,2587.765892473188,1,1
2021,47,003,1668.207581299996,2429.955380471922,3,3
2021,47,005,504.0322580645161,1568.8004032258066,1,1
2021,47,007,605.5305120096886,1110.1392720177623,1,1
2021,47,009,1142.1793169305142,1891.1982811357634,3,3
2021,47,011,1848.9498817747692,3918.586860772405,2,2
2021,47,013,800.5600111669515,2315.5424491257145,2,2
2021,47,015,223.6354741770913,454.25955692221675,1,1
2021,47,017,494.7638714843596,1375.6599153927514,2,2
2021,47,019,778.490049135491,2784.8446722247913,2,2
2021,47,021,983.4140613532952,1939.9187827193111,1,1
2021,47,023,868.1560365783077,1122.8151406412778,3,3
2021,47,025,434.9458664497152,941.8611928155703,2,2
2021,47,027,541.754756871036,541.754756871036,1,1
2021,47,029,1660.352128370849,3691.219077334522,1,1
2021,47,031,1794.5090815430335,2793.4441969015925,3,3
2021,47,033,1434.4847273765345,2091.0648015986294,1,1
2021,47,035,515.1234975564654,2210.738343679831,2,2
2021,47,037,2821.4287088759943,5939.7575930407165,2,2
2021,47,039,876.6099543118371,1780.4825573280204,1,1
2021,47,041,578.6163522012579,1620.1257861635222,1,1
2021,47,043,1416.6666666666665,2142.5925925925926,2,2
2021,47,045,2463.8269100743746,4376.1794927948395,3,3
2021,47,047,512.7878335893728,1124.516271546514,2,2
2021,47,049,919.227631221104,2262.7141691596407,3,3
2021,47,051,2027.1372451073823,3220.28000513084,1,1
2021,47,053,1334.965756983053,2117.2830726771476,1,1
2021,47,055,975.4426189343382,2259.4691391588835,3,3
2021,47,057,560.3798605466912,1561.3637335842923,1,1
2021,47,059,1311.38632268398,2993.1642021565654,2,2
2021,47,061,1708.7202144413175,2812.773812223975,3,3
2021,47,063,1259.3492202856,2906.0818019917524,2,2
2021,47,065,1816.7074411061326,5330.272959674538,2,2
2021,47,067,1105.3024645257653,2195.6684092606424,1,1
2021,47,069,1334.3835205380105,2000.5511230676932,3,3
2021,47,071,1257.849326604892,3772.688455906291,3,3
2021,47,073,1337.6990654592357,3241.0057274497917,2,2
2021,47,075,1808.8432335864227,3584.1893702545776,1,1
2021,47,077,1818.491004445552,2593.369420612262,1,1
2021,47,079,980.3401971507454,2047.9151361119123,2,2
2021,47,081,1585.6406954282036,2784.932388924662,1,1
2021,47,083,801.1653313911144,1578.0529254673465,1,1
2021,47,085,749.1031863262292,1978.265456847436,2,2
2021,47,087,516.0846378806124,808.5325993462927,1,1
2021,47,089,1592.5885728906333,3721.1826340365974,2,2
2021,47,091,831.8445734702992,1345.4667262170613,1,1
2021,47,093,1470.483035477586,3299.6974453276553,2,2
2021,47,095,973.9807986642548,1321.8310839014887,3,3
2021,47,097,1609.8559395418404,3223.6479571754703,3,3
2021,47,099,757.3862214842951,1830.9186435281008,2,2
2021,47,101,720.8650380456547,1850.2202643171806,3,3
2021,47,103,1592.2430464581405,2507.6792647852485,1,1
2021,47,105,971.4990156212626,1827.0805350604428,1,1
2021,47,107,1226.797324036559,4029.021011966456,3,3
2021,47,109,1176.406478409634,1932.636945565368,3,3
2021,47,111,993.8286447062594,1090.0056103229945,1,1
2021,47,113,2688.3736322438785,4710.106616806931,2,2
2021,47,115,999.9430252753266,2036.2155187154033,3,3
2021,47,117,1231.2123153750813,1689.7199447997443,2,2
2021,47,119,1827.801565490386,2898.98245651414,2,2
2021,47,121,871.4942164474727,1687.5297100301061,1,1
2021,47,123,1959.123390021937,3340.5008579309747,1,1
2021,47,125,1787.9281313028514,2951.8161464019395,2,2
2021,47,127,864.0641876253665,1188.088257984879,1,1
2021,47,129,622.1731148709196,1540.6874824089418,2,2
2021,47,131,1602.0184996315024,3394.658118309386,2,2
2021,47,133,719.9069933822215,1784.1173314255054,3,3
2021,47,135,565.3795260435463,589.4382292794418,3,3
2021,47,137,298.7452698665604,617.4068910575583,3,3
2021,47,139,777.0540509656039,2205.46223288767,3,3
2021,47,141,1170.286872269014,3252.485593059338,3,3
2021,47,143,1035.9685847874584,2246.126577636525,2,2
2021,47,145,1169.7333137999394,3007.8948160581185,2,2
2021,47,147,1144.2324950764064,1462.6389952099653,2,2
2021,47,149,1623.9812869679226,2940.449053174213,2,2
2021,47,151,613.1320064058567,1706.7032715625714,3,3
2021,47,153,1144.5285178355693,1977.4909391492338,1,1
2021,47,155,1560.8433243617976,3273.591061088003,1,1
2021,47,157,3488.244448318837,6682.680821112855,2,2
2021,47,159,1069.6266397578204,1185.6710393541878,1,1
2021,47,161,825.4108629965363,950.6964404156532,1,1
2021,47,163,1893.6077769928686,4356.678778784005,2,2
2021,47,165,883.2946526138488,1407.9196616276004,1,1
2021,47,167,1493.3955444568576,1941.9070776105673,2,2
2021,47,169,1282.3868097356712,2067.5215912064905,3,3
2021,47,171,592.4766642445923,899.8938013526354,3,3
2021,47,173,637.8527325611062,1520.6409144256775,3,3
2021,47,175,460.29919447640964,887.7198750616473,1,1
2021,47,177,1769.5644714590328,2475.4295237861816,3,3
2021,47,179,808.5445948936347,1798.3611372439666,1,1
2021,47,181,568.8073394495412,752.2935779816514,1,1
2021,47,183,767.8924753676687,1925.1233803012353,2,2
2021,47,185,759.1951057713569,1581.042234834525,1,1
2021,47,187,616.4858498396417,1364.6367694424532,2,2
2021,47,189,880.8411860612927,1827.3136761820542,2,2
2021,48,001,645.0521614961307,1204.9445798537215,3,3
2021,48,003,703.9155301363837,2001.759788825341,1,1
2021,48,005,1101.8201977270628,2736.071329575903,3,3
2021,48,007,792.4291700604699,2531.0983679416686,3,3
2021,48,009,46.425255338904364,139.2757660167131,3,3
2021,48,011,303.030303030303,353.5353535353536,1,1
2021,48,013,1307.053991773094,2813.5987295947552,1,1
2021,48,015,600.6902960307978,1417.0981016859155,2,2
2021,48,017,473.59357060849595,674.51205510907,1,1
2021,48,019,499.06425452276983,1041.3167618407792,1,1
2021,48,021,1108.768718459574,1844.1685558986117,1,1
2021,48,023,830.7075336579777,773.4173589229447,1,1
2021,48,025,1327.3059536404733,2619.3453239716587,1,1
2021,48,027,1420.882197294785,2438.6966929254763,2,2
2021,48,029,1917.41470291565,5261.321369290505,2,2
2021,48,031,574.5602404313621,1378.9445770352693,3,3
2021,48,033,545.4545454545455,2909.090909090909,1,1
2021,48,035,304.5767681805387,726.598040161326,2,2
2021,48,037,1764.2565917574793,3069.161009929322,2,2
2021,48,039,858.8273378562025,1473.7833479331478,2,2
2021,48,041,1297.3019753780914,2976.697894805167,1,1
2021,48,043,463.1091464056415,957.7939164298496,1,1
2021,48,045,394.9447077409163,710.9004739336492,1,1
2021,48,047,1309.8591549295775,1140.8450704225352,1,1
2021,48,049,2048.0504135486412,3022.1872128134437,3,3
2021,48,051,667.1566687397524,927.2346921467745,1,1
2021,48,053,1076.7632314251243,1572.5610677283441,3,3
2021,48,055,965.3194366464971,1593.9812105167543,2,2
2021,48,057,873.9627829331763,1438.601659547307,2,2
2021,48,059,261.2292286481387,428.12568028444963,3,3
2021,48,061,1583.6254083898857,2841.2522529805924,2,2
2021,48,063,832.1331413026084,1488.238118098896,1,1
2021,48,065,170.76502732240436,307.37704918032784,1,1
2021,48,067,472.3496050207946,1340.591376955619,2,2
2021,48,069,550.3355704697987,711.4093959731543,3,3
2021,48,071,1007.6028005135214,2633.458550498357,1,1
2021,48,073,1225.8550633217556,2039.3409869062532,3,3
2021,48,075,663.3254716981132,913.9150943396226,1,1
2021,48,077,566.6275889019148,918.3274716686205,3,3
2021,48,079,665.8832745789268,1410.105757931845,3,3
2021,48,081,273.7226277372263,1368.6131386861314,1,1
2021,48,083,535.1681957186544,1312.4362895005097,1,1
2021,48,085,1110.3879626813314,2919.5125193990943,2,2
2021,48,087,203.52781546811397,305.29172320217094,3,3
2021,48,089,476.67688117126323,1682.9612335230313,3,3
2021,48,091,624.3115968023636,1345.559796087143,1,1
2021,48,093,1004.4313146233383,2008.8626292466765,1,1
2021,48,095,628.7331027978623,157.18327569946558,3,3
2021,48,097,1055.1856130606634,2342.2675565938052,3,3
2021,48,099,1289.6046906279025,1620.7472180571965,1,1
2021,48,101,NA,NA,NA,NA
2021,48,103,558.659217877095,365.277180919639,1,1
2021,48,105,476.3525008506295,1224.9064307587616,1,1
2021,48,107,436.84710351377015,892.687559354226,3,3
2021,48,109,NA,NA,NA,NA
2021,48,111,784.8689113580494,1897.8376213835218,1,1
2021,48,113,1228.5554328224937,3199.180774868556,2,2
2021,48,115,88.91762994099102,476.921833319861,3,3
2021,48,117,840.6961178045515,2115.127175368139,1,1
2021,48,119,323.7478575509427,590.3637402399543,3,3
2021,48,121,1700.990987796722,4414.038432098646,1,1
2021,48,123,1015.1068001648547,1803.7289573749504,3,3
2021,48,125,NA,NA,NA,NA
2021,48,127,0,0,3,3
2021,48,129,336.80342927127987,1010.4102878138395,3,3
2021,48,131,989.9010098990101,2199.7800219978003,3,3
2021,48,133,809.6710711273545,1928.5915096991846,3,3
2021,48,135,1058.800216053502,1483.936976365863,1,1
2021,48,137,439.2386530014641,1976.5739385065885,1,1
2021,48,139,836.7436367952503,2137.065178287574,2,2
2021,48,141,1215.942172147103,2159.596041767143,1,1
2021,48,143,697.5974271660991,1321.888006053727,1,1
2021,48,145,381.74539029393816,435.9111060190321,3,3
2021,48,147,558.0229312291596,1050.961227393187,2,2
2021,48,149,683.1662916751892,1296.788709347515,2,2
2021,48,151,NA,NA,NA,NA
2021,48,153,1168.3096020445419,1861.9934282584884,1,1
2021,48,155,0,0,3,3
2021,48,157,1819.6940757786408,3895.729165082637,2,2
2021,48,159,816.0362016376482,1261.9581439908252,1,1
2021,48,161,621.213676968888,1396.4472738474176,1,1
2021,48,163,472.10766225309317,1258.9537660082483,3,3
2021,48,165,576.3688760806916,982.6616903670808,3,3
2021,48,167,1361.708910968607,1974.1371219386915,2,2
2021,48,169,575.5144750610394,837.1119637251483,3,3
2021,48,171,441.45155256266366,751.9640852974186,1,1
2021,48,173,81.9000819000819,1965.6019656019655,1,1
2021,48,175,776.287932251235,1933.6626676076219,3,3
2021,48,177,1140.973630831643,1546.653144016227,2,2
2021,48,179,1327.2268436302459,2818.02037573605,1,1
2021,48,181,1067.1466265722781,1989.048631610069,2,2
2021,48,183,1026.3993636217754,2524.54310669507,1,1
2021,48,185,883.0251402451693,1402.4516933305629,3,3
2021,48,187,787.1637080219424,1690.0465985932412,2,2
2021,48,189,1093.932383023273,2633.088644447821,3,3
2021,48,191,556.5217391304349,1078.2608695652175,3,3
2021,48,193,523.6877359639508,864.6937035683839,3,3
2021,48,195,187.5468867216804,356.3390847711928,3,3
2021,48,197,392.48668348752454,925.1471825063078,3,3
2021,48,199,648.5638942341957,1101.1332050459696,1,1
2021,48,201,1871.5201591576545,4428.584293564239,2,2
2021,48,203,1307.6926951335247,3590.3293071490266,2,2
2021,48,205,731.923205390726,2023.5916873611295,1,1
2021,48,207,574.8310158015069,943.067813399585,3,3
2021,48,209,1044.2344834989715,2260.109241736624,1,1
2021,48,211,260.8695652173913,840.5797101449276,3,3
2021,48,213,471.79495116638276,996.6335514366394,3,3
2021,48,215,1532.0956892697852,2549.7962866057433,2,2
2021,48,217,1028.4145042873956,1871.8825309645238,3,3
2021,48,219,1199.8154130133826,2473.4656206737427,3,3
2021,48,221,778.2422630161432,1805.9846995257847,3,3
2021,48,223,477.28140511645665,711.8311242022583,3,3
2021,48,225,605.7071069633884,1651.1127063890883,1,1
2021,48,227,2625.6499133448874,4191.218948584633,1,1
2021,48,229,872.9680915111379,331.12582781456956,1,1
2021,48,231,973.5223482283103,1939.3515575205668,3,3
2021,48,233,1173.0205278592375,2028.748617854911,1,1
2021,48,235,900.3215434083601,1736.3344051446948,1,1
2021,48,237,565.1047798445961,859.4301860136567,1,1
2021,48,239,741.4334379800948,1195.6449134994323,1,1
2021,48,241,905.0316161706974,2295.5437681680605,3,3
2021,48,243,494.8045522018802,148.44136566056406,1,1
2021,48,245,2464.128288176582,3230.737730990782,1,1
2021,48,247,1233.5526315789473,1315.7894736842104,1,1
2021,48,249,2033.0076779838275,3793.0770604290487,3,3
2021,48,251,838.9857536898633,1513.5494220655023,1,1
2021,48,253,2028.107499815255,3065.989841077182,2,2
2021,48,255,688.119813802874,1673.0756257167916,1,1
2021,48,257,1004.6949774416981,2134.8976615555675,2,2
2021,48,259,612.3815612255122,1561.155164838479,1,1
2021,48,261,1183.4319526627219,8875.739644970414,1,1
2021,48,263,NA,NA,NA,NA
2021,48,265,959.7221957222721,1602.7169868920648,1,1
2021,48,267,651.9208381839347,256.1117578579744,1,1
2021,48,269,NA,NA,NA,NA
2021,48,271,NA,NA,NA,NA
2021,48,273,1718.5232951797518,3453.167822021602,3,3
2021,48,275,177.3049645390071,295.50827423167846,3,3
2021,48,277,1566.1299367139309,2473.3637747336375,1,1
2021,48,279,593.291245150985,1293.070662508557,2,2
2021,48,281,2035.611323659254,2998.5504949154274,2,2
2021,48,283,833.8125359401954,833.8125359401954,3,3
2021,48,285,540.5615283447662,952.5725764985084,2,2
2021,48,287,689.932731558673,1483.3553728511472,3,3
2021,48,289,346.4130503243686,1102.2233419411727,3,3
2021,48,291,760.439364966425,1564.237114777427,3,3
2021,48,293,1199.8921445263347,2255.9769908322846,3,3
2021,48,295,159.33715742511154,987.8903760356916,1,1
2021,48,297,52.73334505185445,140.62225347161188,3,3
2021,48,299,977.0694380810404,1739.1651537382406,1,1
2021,48,301,NA,NA,NA,NA
2021,48,303,2512.2580762803095,5924.9681718167085,2,2
2021,48,305,787.5425093968141,1145.516377304457,3,3
2021,48,307,729.5466388744137,2501.3027618551328,1,1
2021,48,309,1558.4016601401459,3407.2598819207105,2,2
2021,48,311,0,274.3484224965706,1,1
2021,48,313,633.3308785624862,1104.6468812136388,3,3
2021,48,315,984.8173984407058,1651.6208453016004,1,1
2021,48,317,1208.5171686169192,3203.529637444849,1,1
2021,48,319,278.6220871327254,379.9392097264438,1,1
2021,48,321,2348.3743082895135,4330.589433692151,1,1
2021,48,323,1090.5502951409926,3507.0712665962715,1,1
2021,48,325,2222.250436283923,6127.562079968715,2,2
2021,48,327,NA,NA,NA,NA
2021,48,329,2520.663105577516,3874.507624788539,1,1
2021,48,331,727.5401217053361,1584.4309383195791,1,1
2021,48,333,530.9734513274336,508.84955752212386,1,1
2021,48,335,NA,NA,NA,NA
2021,48,337,675.0629722921915,1496.2216624685138,3,3
2021,48,339,1884.4819204505775,4379.833963342101,2,2
2021,48,341,1139.8529822275984,2619.3356285475015,1,1
2021,48,343,587.8666276896365,1329.3086596921405,2,2
2021,48,345,236.4066193853428,472.8132387706856,1,1
2021,48,347,1144.6731048100953,2022.4615099811792,1,1
2021,48,349,1556.600138706943,2635.431918008785,1,1
2021,48,351,438.87647622087457,638.3657835939994,1,1
2021,48,353,1548.1768180892238,2464.860460378896,1,1
2021,48,355,2415.672775870457,5117.8141317725485,2,2
2021,48,357,894.3654973665905,1619.7952896750471,1,1
2021,48,359,133.27410039982232,266.54820079964463,1,1
2021,48,361,1317.217254032827,2324.5568096826582,2,2
2021,48,363,306.19442098523484,919.4701844244223,1,1
2021,48,365,1145.1145167359334,2600.2235274380337,1,1
2021,48,367,1353.7741206651722,3538.399411136986,2,2
2021,48,369,374.72149078387685,921.6123151711565,1,1
2021,48,371,368.37258255492696,624.9177739771083,3,3
2021,48,373,1182.8566798995382,2250.263307137649,1,1
2021,48,375,2204.4788752463246,4290.066421814279,2,2
2021,48,377,142.22503160556258,31.60556257901391,3,3
2021,48,379,216.43219845167735,343.5680781435002,1,1
2021,48,381,2387.4247086714076,4510.099607317086,2,2
2021,48,383,773.1192387749034,1159.678858162355,3,3
2021,48,385,631.1360448807854,2384.2917251051895,1,1
2021,48,387,479.24689773213527,753.1022678647839,1,1
2021,48,389,466.2643993417444,1330.2249040043885,3,3
2021,48,391,776.8982703019642,1876.2826150688948,1,1
2021,48,393,NA,NA,NA,NA
2021,48,395,908.6050240513093,1573.7276560365817,1,1
2021,48,397,528.0659086912794,1446.0901641910882,1,1
2021,48,399,708.0004045716597,1405.8865176494387,1,1
2021,48,401,1522.6551096268931,2387.319971798249,1,1
2021,48,403,461.1991177060357,972.5285742931623,3,3
2021,48,405,816.1727774987443,1745.354093420392,1,1
2021,48,407,NA,NA,NA,NA
2021,48,409,870.207411968971,1738.3110116996204,3,3
2021,48,411,432.9004329004329,675.3246753246754,3,3
2021,48,413,314.0950137416569,549.6662740478995,1,1
2021,48,415,1130.4091845746245,2184.280247277009,3,3
2021,48,417,317.9650238473768,381.55802861685214,3,3
2021,48,419,750.3916879689948,1818.2567823864106,3,3
2021,48,421,NA,NA,NA,NA
2021,48,423,1142.4574792187118,2751.479619019687,2,2
2021,48,425,708.8331515812432,1090.5125408942204,1,1
2021,48,427,599.3777452415812,1157.576866764275,1,1
2021,48,429,1432.9468387661343,1903.303434697003,1,1
2021,48,431,215.6721782890007,934.5794392523363,1,1
2021,48,433,NA,NA,NA,NA
2021,48,435,585.3087503658179,1316.9446883230905,1,1
2021,48,437,1800.1417434443656,3316.796598157335,3,3
2021,48,439,1193.3218181669815,3095.37483312637,2,2
2021,48,441,1846.9730130062947,2667.044263015057,2,2
2021,48,443,NA,NA,NA,NA
2021,48,445,837.7314233056882,1432.5207338527268,1,1
2021,48,447,631.1360448807854,210.37868162692845,1,1
2021,48,449,1538.6088677498642,2764.388546621126,1,1
2021,48,451,1940.3937907398697,3921.947449768161,1,1
2021,48,453,1490.2663447516802,3754.245109676871,2,2
2021,48,455,379.70062066447605,912.7418765972983,3,3
2021,48,457,424.3210862619808,1402.755591054313,1,1
2021,48,459,682.6550531133382,1745.8089471955373,2,2
2021,48,461,179.64071856287424,508.9820359281437,3,3
2021,48,463,2074.805361586002,4498.755919415683,1,1
2021,48,465,632.2356438545439,450.1015345322084,3,3
2021,48,467,544.3843353407506,940.7641795107346,1,1
2021,48,469,1732.0333041191936,3309.596844872918,1,1
2021,48,471,1095.338927665804,2118.788068909628,1,1
2021,48,473,766.9055006051497,1572.8190922405252,2,2
2021,48,475,1213.1868131868132,3173.6263736263736,1,1
2021,48,477,1026.405331683586,1310.4243412727426,3,3
2021,48,479,1398.3211156602226,2077.0668594524336,2,2
2021,48,481,1310.0331714821402,3002.259506754483,1,1
2021,48,483,353.56511490866234,314.2801021410332,3,3
2021,48,485,2465.634875868304,4540.291610969023,1,1
2021,48,487,1769.224800186234,2196.0114844416853,1,1
2021,48,489,1557.068011555599,1973.2654360280076,3,3
2021,48,491,1526.8337012729075,3973.8852293639397,2,2
2021,48,493,526.98512051063,1182.1560272678225,3,3
2021,48,495,891.3356927513435,1835.1028968410014,1,1
2021,48,497,564.2559335268205,990.0260765796957,1,1
2021,48,499,609.7190414064142,1150.5535475487093,1,1
2021,48,501,726.6121707538601,1725.703905540418,1,1
2021,48,503,799.1505532580753,1033.8661003688387,1,1
2021,48,505,408.7486554320545,537.8271782000717,1,1
2021,48,507,888.8888888888889,868.6868686868687,1,1
2021,49,001,660.7296753806378,1896.0068945705257,3,3
2021,49,003,935.1215482237965,2058.3220544550104,1,1
2021,49,005,762.3212834939219,1810.1334062246115,2,2
2021,49,007,905.581947743468,1781.4726840855108,3,3
2021,49,009,1950.3546099290782,3546.099290780142,1,1
2021,49,011,729.3126848014804,2394.99931722733,1,1
2021,49,013,1862.5006360999441,3953.997252048242,3,3
2021,49,015,NA,NA,NA,NA
2021,49,017,276.6251728907331,1541.1973918197984,3,3
2021,49,019,1682.2429906542056,2917.9646936656286,1,1
2021,49,021,943.7848098998907,1873.2427156646788,1,1
2021,49,023,961.5384615384615,1914.4917582417584,3,3
2021,49,025,995.4158480681074,1231.1722331368696,3,3
2021,49,027,1197.51166407465,1858.475894245723,3,3
2021,49,029,148.00197335964478,641.3418845584608,3,3
2021,49,031,NA,NA,NA,NA
2021,49,033,159.55325089748703,319.10650179497406,1,1
2021,49,035,1423.4513133850585,5705.420208821626,2,2
2021,49,037,61.601642710472284,82.13552361396303,3,3
2021,49,039,548.1762597512123,1135.0059737156512,3,3
2021,49,041,1071.2123329141632,2407.8990265940106,1,1
2021,49,043,813.6445583072399,1957.0167947623115,3,3
2021,49,045,1271.3765068685168,3139.8934679001964,3,3
2021,49,047,1524.4589720468891,2507.8899909828674,2,2
2021,49,049,514.9444239849382,1953.759035214166,2,2
2021,49,051,390.8545903373692,1060.8910309157163,3,3
2021,49,053,939.2011691864977,2672.021661672322,2,2
2021,49,055,NA,NA,NA,NA
2021,49,057,1276.4563013223333,3571.4561085623964,2,2
2021,50,001,187.6373773655712,675.4945585160564,1,1
2021,50,003,676.7825970189338,2245.1994091580505,3,3
2021,50,005,342.08275771330835,1437.4054338530361,1,1
2021,50,007,514.5562101920334,3148.821355873522,1,1
2021,50,009,117.21366376423309,569.3235097119892,1,1
2021,50,011,462.2929731468082,1115.5330438977328,3,3
2021,50,013,96.56504345426956,744.9303352186508,1,1
2021,50,015,304.78395061728395,1346.4506172839506,1,1
2021,50,017,85.36502082906509,358.53308748207337,2,2
2021,50,019,201.33982501738842,761.4306109748509,1,1
2021,50,021,384.09547987207804,1953.4469684481223,3,3
2021,50,023,483.14851784126563,1702.7630055864047,3,3
2021,50,025,390.73584946846825,2003.8855296762786,2,2
2021,50,027,539.9961800913305,1621.7248623964717,2,2
2021,51,001,1227.9861027914221,1818.0184497424225,3,3
2021,51,003,877.618047703656,2920.0093325436565,3,3
2021,51,005,969.4746495480152,1486.9644962662126,3,3
2021,51,007,1202.7231467473525,2095.310136157337,1,1
2021,51,009,739.3008508333068,1883.3051846658805,3,3
2021,51,011,554.8974374961033,872.8723735893758,3,3
2021,51,013,659.9820159142192,2756.1459764849596,1,1
2021,51,015,589.184482575288,1869.5717990712715,1,1
2021,51,017,282.8187603111006,730.6151308036766,1,1
2021,51,019,693.3306391523432,1125.241529116098,1,1
2021,51,021,207.07231602421152,796.431984708506,1,1
2021,51,023,796.0169339932024,1457.8737105718205,3,3
2021,51,025,268.0129643480429,1190.4761904761904,1,1
2021,51,027,1203.0075187969926,1979.1414018918263,1,1
2021,51,029,368.3460076045627,1812.0247148288975,1,1
2021,51,031,1085.2378898950699,1850.6540175362945,1,1
2021,51,033,829.5259388872687,1202.1645442467839,1,1
2021,51,035,508.1894035641932,1335.7140404491297,1,1
2021,51,036,542.760745195834,894.8217691066452,1,1
2021,51,037,896.165445928479,1447.6518741921586,1,1
2021,51,041,1221.2408073418974,2660.937526056287,3,3
2021,51,043,604.3732174385441,1460.0027162841234,1,1
2021,51,045,345.950345950346,1282.051282051282,1,1
2021,51,047,899.6366851848292,1576.2864996828205,1,1
2021,51,049,874.5474050233735,1634.1201148036778,1,1
2021,51,051,708.4736251402918,1297.699214365881,3,3
2021,51,053,620.5420827389444,1665.477888730385,3,3
2021,51,057,677.9022690895396,1205.159589492515,1,1
2021,51,059,673.2500599481176,2055.3266627427897,2,2
2021,51,061,767.7861246133451,1467.907644719399,3,3
2021,51,063,431.2564366632338,888.259526261586,3,3
2021,51,065,679.5184282443312,1111.603515769259,1,1
2021,51,067,986.7041164347335,1867.624797096427,3,3
2021,51,069,1015.6500935904395,1852.979941741336,1,1
2021,51,071,680.0286327845383,1330.2314483416847,1,1
2021,51,073,1034.0538018970612,1692.3236406986991,1,1
2021,51,075,530.8641975308642,2032.9218106995884,1,1
2021,51,077,817.2266182384227,1595.5376832273964,3,3
2021,51,079,1040.5418670855013,1639.344262295082,1,1
2021,51,081,593.1094635848234,1596.1622328826863,1,1
2021,51,083,785.906275563866,1717.8917845039148,1,1
2021,51,085,928.2993994433865,1930.7528929251503,1,1
2021,51,087,638.7004253985853,3445.367011725576,3,3
2021,51,089,871.2336276601992,2042.0149969653662,1,1
2021,51,091,403.7685060565276,2422.6110363391654,1,1
2021,51,093,783.2693663350825,2049.554841910133,1,1
2021,51,095,1020.1587485366575,1995.2915750067536,3,3
2021,51,097,657.6980568011958,986.5470852017936,1,1
2021,51,099,1086.5887130127458,1906.2300259427755,1,1
2021,51,101,839.4723316772315,1204.9568842441895,1,1
2021,51,103,839.8596437485779,1490.4516011266667,3,3
2021,51,105,560.4483586869495,2081.6653322658126,1,1
2021,51,107,642.9320992132,1451.4935658431139,1,1
2021,51,109,554.717794054287,1583.3692373976735,3,3
2021,51,111,625.9389083625438,792.8559505925555,1,1
2021,51,113,735.5618673075522,1223.50884859078,1,1
2021,51,115,409.4525035095929,1263.4534394010295,1,1
2021,51,117,560.1871684186245,1977.131182653969,1,1
2021,51,119,467.9019277559424,1534.7183230394908,3,3
2021,51,121,954.7404677019761,2836.0223175619876,1,1
2021,51,125,1081.4464346062857,2811.760729976343,1,1
2021,51,127,1034.6818242373106,1816.2440605710733,1,1
2021,51,131,687.0603631604777,1570.423687223949,2,2
2021,51,133,504.1447663051001,988.7363411701886,1,1
2021,51,135,759.5583072700581,2336.1205080742966,1,1
2021,51,137,633.3157412294104,1194.4112663537123,1,1
2021,51,139,488.75031600235945,1950.7878992163144,1,1
2021,51,141,753.0717399920729,2225.2420587735687,1,1
2021,51,143,560.5510167178999,912.3337662124176,1,1
2021,51,145,797.224723973448,1167.483905400447,1,1
2021,51,147,659.9351734284736,1763.5899214128585,1,1
2021,51,149,924.828076831871,1999.0514583827367,3,3
2021,51,153,843.2098972390323,2076.173872227717,3,3
2021,51,155,1702.4164281710086,3832.6498096952178,1,1
2021,51,157,621.6216216216216,797.2972972972973,1,1
2021,51,159,179.7348910357223,494.27095034823634,1,1
2021,51,161,1019.6982440837772,2344.682927842331,3,3
2021,51,163,745.7088646692847,1981.2028416361472,1,1
2021,51,165,394.3125819568749,1336.3845132394247,2,2
2021,51,167,912.9123089642784,1630.103012654014,1,1
2021,51,169,862.0689655172414,2247.8680014831293,1,1
2021,51,171,833.3901037763698,1961.9865113427345,2,2
2021,51,173,709.2721808304407,1649.30867004158,1,1
2021,51,175,898.602174395385,1530.951852673619,3,3
2021,51,177,535.0450925317525,1013.769649007531,1,1
2021,51,179,1014.8893673315868,1983.7358304583538,1,1
2021,51,181,472.34496419320436,761.8467164406521,1,1
2021,51,183,611.3138686131387,1642.3357664233577,1,1
2021,51,185,945.463498707374,2368.583035824203,2,2
2021,51,187,1152.267444735671,2153.7015973492903,1,1
2021,51,191,752.8234061581198,2412.8509407106744,2,2
2021,51,193,955.031652477625,1238.8124863566907,1,1
2021,51,195,1095.6819688466874,2406.9466665532314,2,2
2021,51,197,486.8240025399513,2056.6550252231277,3,3
2021,51,199,875.9962662454225,2128.2401091405186,1,1
2021,51,510,1145.4941998293136,3140.626481651231,1,1
2021,51,520,2124.029183337256,3812.6618027771237,1,1
2021,51,530,586.5543690780568,1007.6703263648668,1,1
2021,51,540,1631.0062879584523,4322.166663089898,1,1
2021,51,550,1576.2303173498617,3336.1383975531207,1,1
2021,51,570,1417.7745903900259,6818.55795222596,1,1
2021,51,580,1469.559132260322,2291.812456263121,1,1
2021,51,590,2490.83560485008,4770.185167778926,1,1
2021,51,595,2482.2079500086793,4929.699704912342,1,1
2021,51,600,688.0733944954129,2985.82151793161,1,1
2021,51,610,558.851938733269,2242.3071615841036,1,1
2021,51,620,3200.387925809189,5891.623227057826,1,1
2021,51,630,2804.438577086381,6012.059799479074,1,1
2021,51,640,2020.655590480467,6091.902409818889,1,1
2021,51,650,1635.8557346359728,4138.268932635212,2,2
2021,51,660,848.9877453805078,2950.3284545349775,1,1
2021,51,670,2224.152910512598,2437.0112945264987,1,1
2021,51,678,370.52284890901603,1331.1376423768356,1,1
2021,51,680,1960.1636002177959,3625.2896559583655,1,1
2021,51,683,1643.3467931261152,3333.646351770119,1,1
2021,51,685,948.4222235232129,1844.1543235173583,1,1
2021,51,690,1498.9611160581776,4021.9649747699614,1,1
2021,51,700,1946.301109315985,3410.0794838681786,1,1
2021,51,710,2023.8434581398078,4993.376817183387,2,2
2021,51,720,1542.2077922077922,5871.212121212122,1,1
2021,51,730,1522.7662583887568,3557.133828884408,3,3
2021,51,735,1114.5210789856244,1284.1221127443064,1,1
2021,51,740,2131.2619287048246,6183.4301311387935,2,2
2021,51,750,1413.1440913298363,3511.261956186362,1,1
2021,51,760,1453.854198053847,5105.549548910828,1,1
2021,51,770,2831.9508325132056,5899.897567735845,1,1
2021,51,775,876.2581409117821,3015.591079534241,1,1
2021,51,790,1557.6938244341036,3482.135815127376,1,1
2021,51,800,1870.9525239095938,3424.540035167475,1,1
2021,51,810,946.1213395155335,2664.4350147927053,1,1
2021,51,820,1070.0257347961533,3173.9581922434422,1,1
2021,51,830,1248.4476109549644,3595.00620955618,1,1
2021,51,840,1787.6143860395828,3993.757537064624,1,1
2021,53,001,1267.6263941433695,5222.8172750945805,1,1
2021,53,003,866.0533991474085,3329.593897240296,1,1
2021,53,005,1107.303313110178,4406.236097599131,2,2
2021,53,007,669.995414480053,2415.0405054261987,2,2
2021,53,009,925.3587394267988,2817.782527663013,2,2
2021,53,011,1191.6241553028076,4634.607031749523,2,2
2021,53,013,856.6389518770471,2116.4021164021165,3,3
2021,53,015,1002.8208030284752,3507.728298588049,1,1
2021,53,017,664.1037179392011,2111.7857153785467,2,2
2021,53,019,472.35343150875246,291.7477076965824,3,3
2021,53,021,908.5853975847996,3255.589478874865,1,1
2021,53,023,1931.5188762071994,1404.7410008779632,3,3
2021,53,025,972.6791589186096,4047.040071929215,2,2
2021,53,027,1138.659566212184,2752.3181289053614,2,2
2021,53,029,439.851986315716,1431.2643999162187,3,3
2021,53,031,530.8376802700215,1779.6870205584535,3,3
2021,53,033,998.3406717498316,5837.859993407295,1,1
2021,53,035,1116.5553407160016,3084.168277963321,2,2
2021,53,037,713.5252678551204,4222.257458037919,3,3
2021,53,039,449.3282320491147,1232.3160423525226,1,1
2021,53,041,852.0698401753393,3360.2580835816484,3,3
2021,53,043,657.5291720689016,1907.760696425264,3,3
2021,53,045,717.320362046672,2918.539498799335,1,1
2021,53,047,826.730480245803,2592.371663707182,3,3
2021,53,049,256.812048402542,735.6141725428746,1,1
2021,53,051,1608.7806344910541,5916.403548338596,3,3
2021,53,053,1130.5980533252034,6284.9893630375855,2,2
2021,53,055,311.9505416595769,1054.9600136123875,1,1
2021,53,057,821.9733599525844,4453.005583803849,2,2
2021,53,059,501.1275369581559,1152.5933350037585,3,3
2021,53,061,639.4248653258819,3540.1710272413357,2,2
2021,53,063,1570.9052320232108,6779.220925834985,2,2
2021,53,065,703.4761274073431,1374.3839155828648,3,3
2021,53,067,819.9090289772297,3642.281569766242,2,2
2021,53,069,731.7630916990624,1577.8641664761035,1,1
2021,53,071,653.0691030755372,3067.494530948398,2,2
2021,53,073,809.6805369366642,4999.710510259071,1,1
2021,53,075,574.7245679191651,1566.4875407183017,3,3
2021,53,077,1139.7172654624123,3991.7539025910146,2,2
2021,54,001,326.9230769230769,352.5641025641026,2,2
2021,54,003,544.5791133986386,601.8595384359953,2,2
2021,54,005,507.7292714991613,525.8624597669885,3,3
2021,54,007,23.618327822390174,62.9822075263738,3,3
2021,54,009,622.3746259504715,339.28262765538585,2,2
2021,54,011,850.6371107072906,2677.3479027899198,2,2
2021,54,013,31.152647975077883,15.576323987538942,3,3
2021,54,015,NA,NA,NA,NA
2021,54,017,390.96985748518097,908.0590238365494,3,3
2021,54,019,518.8035853468434,1103.3710054559626,3,3
2021,54,021,26.609898882384247,93.13464608834487,3,3
2021,54,023,135.58709210883123,207.9002079002079,3,3
2021,54,025,236.63881042149418,669.2516940563223,3,3
2021,54,027,90.46265184802274,189.54079434823814,2,2
2021,54,029,377.52682235367666,216.65108876930205,2,2
2021,54,031,532.6231691078563,925.0823463452239,3,3
2021,54,033,703.6936365558273,2065.7787442239737,3,3
2021,54,035,235.62172003855625,464.10338795473206,1,1
2021,54,037,278.05776650099057,860.2412151124396,3,3
2021,54,039,1530.1811740421115,3710.4917464799214,2,2
2021,54,041,359.5426146410468,265.2363550630673,3,3
2021,54,043,24.242424242424242,87.27272727272728,3,3
2021,54,045,402.61087049350334,186.0550234856341,3,3
2021,54,047,134.47812144408812,103.4447088031447,3,3
2021,54,049,735.9215017064846,2008.6746302616612,3,3
2021,54,051,1507.5345686055896,2207.803397428434,2,2
2021,54,053,331.16453033077494,701.2895936416411,3,3
2021,54,055,654.5114539504441,898.2835771054565,3,3
2021,54,057,269.92050286559436,480.68034756886675,3,3
2021,54,059,239.28466479157046,125.93929725872131,3,3
2021,54,061,428.5917025403283,2310.4214958134253,2,2
2021,54,063,225.6060791939877,376.97997326817733,3,3
2021,54,065,81.66122258516098,174.98833411105926,3,3
2021,54,067,811.4654824384336,508.67985466289866,3,3
2021,54,069,976.564741831538,1493.0837573931549,2,2
2021,54,071,0,16.002560409665545,3,3
2021,54,073,65.59097468188378,118.06375442739079,3,3
2021,54,075,524.6065450911816,774.4191856107919,3,3
2021,54,077,125.48882273974202,248.05930076460632,3,3
2021,54,079,159.95373075743947,478.60756735625694,3,3
2021,54,081,1169.1067543941597,3548.6927624818163,2,2
2021,54,083,259.32504440497337,611.01243339254,3,3
2021,54,085,172.89073305670814,495.62010142923003,3,3
2021,54,087,353.8820864887819,481.27963762474343,3,3
2021,54,089,329.89690721649487,602.0618556701031,3,3
2021,54,091,107.61045017038322,328.80970885394873,3,3
2021,54,093,0,0,3,3
2021,54,095,154.81719661783973,309.63439323567945,3,3
2021,54,097,363.0294179011058,588.3580221155853,3,3
2021,54,099,620.5611843977617,1941.2763236192939,2,2
2021,54,101,130.718954248366,178.25311942959001,3,3
2021,54,103,123.04327021669286,416.9799712899036,3,3
2021,54,105,132.9787234042553,702.887537993921,3,3
2021,54,107,825.4800538510593,3253.50149979924,2,2
2021,54,109,750.6603030443446,505.07390760391087,3,3
2021,55,001,1014.7882117820335,2453.779687075818,1,1
2021,55,003,787.4015748031496,2687.1641044869393,3,3
2021,55,005,511.50895140664966,1113.2841883556491,2,2
2021,55,007,NA,NA,NA,NA
2021,55,009,662.766864648943,2151.0001346478957,2,2
2021,55,011,195.28316058284514,157.72870662460568,3,3
2021,55,013,953.7784299339693,2525.067253607239,2,2
2021,55,015,486.65813693087364,1492.5820455936857,1,1
2021,55,017,1018.7438012447893,2826.256218058969,1,1
2021,55,019,344.69366488230816,864.1970166214883,3,3
2021,55,021,553.055459290777,1561.8185474327333,3,3
2021,55,023,909.2596028947856,2232.9436506463785,1,1
2021,55,025,645.212102319041,2996.1498305133273,2,2
2021,55,027,509.2278820383105,1192.2026490386106,2,2
2021,55,029,255.78029818597918,834.6514993437215,3,3
2021,55,031,933.3696688922196,3333.7875278194124,1,1
2021,55,033,320.41366509037874,1789.8970256772882,2,2
2021,55,035,573.8049693636217,2098.7203033823075,1,1
2021,55,037,396.3011889035667,396.3011889035667,1,1
2021,55,039,642.5271871098771,1982.5043910774998,2,2
2021,55,041,NA,NA,NA,NA
2021,55,043,831.8898906587432,1702.5356963911086,1,1
2021,55,045,467.5287049982588,1254.3887445173411,2,2
2021,55,047,351.57657149912285,656.5291504837384,1,1
2021,55,049,197.23286235608984,344.1798811217974,3,3
2021,55,051,576.2265393480408,773.7899242673691,1,1
2021,55,053,385.64083031803466,428.48981146448295,3,3
2021,55,055,518.812900092619,1310.5257623710654,1,1
2021,55,057,733.2205301748448,1981.5754841135551,3,3
2021,55,059,782.8896839255309,1825.8876170550782,3,3
2021,55,061,496.71292914536156,1061.6021426832237,1,1
2021,55,063,844.6184668844718,3651.145971020276,2,2
2021,55,065,563.5368790020615,693.097191850726,3,3
2021,55,067,606.0917355796394,1828.547948019929,1,1
2021,55,069,954.9651138205653,2456.127986468391,1,1
2021,55,071,675.3093434089768,1667.1262760103057,2,2
2021,55,073,786.6000581148986,2086.095079645361,2,2
2021,55,075,596.8360498561841,1531.6395014381592,1,1
2021,55,077,296.48727038349983,1076.3776990009667,1,1
2021,55,078,92.63547938860583,370.5419175544233,3,3
2021,55,079,1780.4062639646595,4964.261485764857,2,2
2021,55,081,503.3520643943503,1067.4535158707774,3,3
2021,55,083,524.6698198547466,1491.3028869762995,1,1
2021,55,085,581.8298281199957,1233.0522045478808,1,1
2021,55,087,451.84652902397403,1869.2506802545518,2,2
2021,55,089,278.807063317373,1309.9985796180497,1,1
2021,55,091,341.1572052401747,832.4235807860263,1,1
2021,55,093,186.9326553286915,995.2596885513013,1,1
2021,55,095,502.1648886309869,975.3158059188501,3,3
2021,55,097,429.1113700304073,1597.0899997158203,3,3
2021,55,099,371.34899664357636,1106.9056630721986,1,1
2021,55,101,679.9102234786882,1812.2495300918538,2,2
2021,55,103,195.93153921512132,351.52423212124705,3,3
2021,55,105,933.5567861107837,2627.0554139585847,2,2
2021,55,107,726.2727400930758,980.1156395430827,3,3
2021,55,109,283.3741738959717,1587.0702211403955,2,2
2021,55,111,738.1156681078385,2437.14821641383,2,2
2021,55,113,1145.2310110593387,2818.166507606804,1,1
2021,55,115,585.2679008717797,1907.6305220883535,3,3
2021,55,117,759.8189367640052,1717.8885031652032,1,1
2021,55,119,536.0721442885771,1347.6953907815632,1,1
2021,55,121,295.0432730133753,573.6952530815631,3,3
2021,55,123,266.93577264884925,605.4884599108044,3,3
2021,55,125,214.78981282602024,942.4450970937622,3,3
2021,55,127,401.45991007646813,1200.5413517779682,2,2
2021,55,129,289.83757019503656,899.7041241470926,3,3
2021,55,131,261.18855465884076,1210.564930300807,2,2
2021,55,133,301.352303917072,1296.627808775716,2,2
2021,55,135,352.5347644492318,460.58230178640855,3,3
2021,55,137,543.2201617495681,2068.435252265414,3,3
2021,55,139,1006.0031283873751,2694.0091392669165,1,1
2021,55,141,731.932500918884,1549.483565659248,1,1
2021,56,001,1005.0655302725737,2433.598670633325,1,1
2021,56,003,NA,NA,NA,NA
2021,56,005,1240.429445228624,2942.8119252320457,1,1
2021,56,007,0,6.796248470844095,3,3
2021,56,009,1007.152240548825,1773.4637279229312,1,1
2021,56,011,584.5511482254698,681.9763395963813,3,3
2021,56,013,900.2383729776336,1399.8072729117005,3,3
2021,56,015,775.1937984496124,1044.1385856668248,1,1
2021,56,017,385.1915257864327,1027.1774020971538,3,3
2021,56,019,603.0507272082299,1489.890031926215,1,1
2021,56,021,1349.2818177268405,4265.051799209249,1,1
2021,56,023,298.0932312278357,560.2096931695534,3,3
2021,56,025,234.31004509838505,473.65901589781055,3,3
2021,56,027,1005.6315366049879,1327.433628318584,1,1
2021,56,029,589.9406688241639,1479.9083063646171,1,1
2021,56,031,NA,NA,NA,NA
2021,56,033,1489.6793457094639,1888.8744644943529,3,3
2021,56,035,554.9263873159683,724.80181200453,3,3
2021,56,037,1627.4523658117243,2341.0819849737395,3,3
2021,56,039,214.41742784853554,308.76109610189116,1,1
2021,56,041,1857.268207078093,2330.116018328946,3,3
2021,56,043,605.0463439752832,656.5396498455201,1,1
2021,56,045,493.3971847337106,1436.6565084893339,3,3
2022,01,001,1372.635850155959,2247.917255136813,1,1
2022,01,003,798.1321223545541,1762.0598063576385,1,1
2022,01,005,1591.8318125175867,2962.575873296619,1,1
2022,01,007,1213.649326922954,1971.6633372321403,1,1
2022,01,009,1327.0831373175554,2248.992309009801,2,2
2022,01,011,1462.0449264136328,1849.3415956622773,1,1
2022,01,013,1429.0202518242263,2628.944734207892,3,3
2022,01,015,2072.2965184982227,2880.3105747552722,2,2
2022,01,017,1568.8200624061021,3493.008205246735,1,1
2022,01,019,1893.721163674399,3754.948727170742,1,1
2022,01,021,1781.047496750779,2997.6162476545114,1,1
2022,01,023,1026.1267661220302,1839.134896203331,3,3
2022,01,025,1509.2375748113452,2454.679503859832,2,2
2022,01,027,1217.5381800267437,1182.3492152860863,1,1
2022,01,029,2093.2382461701004,2357.3692551505546,1,1
2022,01,031,1537.4813505746088,2228.5420435958054,1,1
2022,01,033,1098.3062685524708,2145.9752051685,2,2
2022,01,035,455.75039738461976,872.4948168624741,1,1
2022,01,037,987.5108916642464,1791.0736760577015,3,3
2022,01,039,1473.016887752384,1979.1167226040168,2,2
2022,01,041,1037.4858008330177,1832.6391518364255,3,3
2022,01,043,1552.7988078418014,2914.1046731204783,3,3
2022,01,045,3522.0102613601102,6413.229840451526,2,2
2022,01,047,1915.148985023222,2444.8155299274645,3,3
2022,01,049,799.7531270625904,1287.2096869218285,1,1
2022,01,051,1212.7717757148257,2842.454858770589,2,2
2022,01,053,1844.6469868045162,3093.456672561556,3,3
2022,01,055,1452.1340803321916,3129.4428688007865,2,2
2022,01,057,953.8255203715105,1694.1571529041614,1,1
2022,01,059,1230.8269032520072,2533.5041079628877,3,3
2022,01,061,781.3236904478455,1298.4449242623443,2,2
2022,01,063,311.4456267843239,856.4754736568907,3,3
2022,01,065,NA,NA,NA,NA
2022,01,067,2960.501836533391,4492.8487906007495,1,1
2022,01,069,1813.244523081806,3091.6494789942194,2,2
2022,01,071,277.47158766961877,418.10787183093237,3,3
2022,01,073,1687.667549703847,4447.615634222796,2,2
2022,01,075,648.1814908174289,1145.1206337774577,2,2
2022,01,077,1390.8766127065908,2959.8532794792695,2,2
2022,01,079,699.9843230896465,1361.1988459961808,2,2
2022,01,081,2286.220851613398,3521.151335870785,2,2
2022,01,083,1747.6273108840753,3467.657316837557,2,2
2022,01,085,866.738894907909,1615.2861223283758,3,3
2022,01,087,1085.5046102117012,1792.305091354394,1,1
2022,01,089,1071.1301412281246,1903.5084532029803,2,2
2022,01,091,1757.0385818561,2773.7226277372265,3,3
2022,01,093,850.7850816085696,1865.398206576059,2,2
2022,01,095,803.6022903827688,1659.2350685730146,3,3
2022,01,097,2498.320761190496,3674.0295449383634,1,1
2022,01,099,1428.1388776746064,1897.4566007266856,2,2
2022,01,101,420.8090053127137,395.38512790840394,2,2
2022,01,103,812.4329695026396,1354.5245882351462,2,2
2022,01,105,318.43377756810946,459.95990093171366,3,3
2022,01,107,649.9339498018494,882.4306472919419,2,2
2022,01,109,2333.5454738309545,3066.9454798921115,1,1
2022,01,111,1523.964110194328,2177.735695928581,2,2
2022,01,113,1046.4709618431555,1431.5651584643956,3,3
2022,01,115,1018.9396781530028,1922.8780895775035,1,1
2022,01,117,1126.8924857695467,3236.986131374076,2,2
2022,01,119,582.1580846179075,729.7474581830108,2,2
2022,01,121,2241.8372646331472,3073.619261320987,2,2
2022,01,123,2125.7602654347716,3222.8042419790477,2,2
2022,01,125,1924.652323475672,2899.3093366189755,2,2
2022,01,127,1141.6902739108855,2584.014341220116,3,3
2022,01,129,842.2962291045744,1127.381106647661,1,1
2022,01,131,392.68269322861795,488.4589598697443,1,1
2022,01,133,938.914764586364,1678.930334072299,2,2
2022,02,013,NA,NA,NA,NA
2022,02,016,440.6974516190841,536.5012454493198,3,3
2022,02,020,8.944728458685676,34.40280176417567,3,3
2022,02,050,1720.7897292048763,447.7289891034631,1,1
2022,02,060,2107.7283372365337,1990.632318501171,1,1
2022,02,063,NA,NA,NA,NA
2022,02,066,NA,NA,NA,NA
2022,02,068,NA,NA,NA,NA
2022,02,070,20.601565718994642,20.601565718994642,3,3
2022,02,090,767.4015306493318,2336.472860569684,1,1
2022,02,100,481.00048100048105,1010.1010101010102,1,1
2022,02,105,NA,NA,NA,NA
2022,02,110,370.6241435156347,828.4539678584775,1,1
2022,02,122,408.5422469823584,940.3224445007176,2,2
2022,02,130,833.9324227174694,1308.4112149532712,1,1
2022,02,150,673.555300420972,742.441637964026,1,1
2022,02,158,NA,NA,NA,NA
2022,02,164,NA,NA,NA,NA
2022,02,170,180.37750434838625,548.4948601614195,3,3
2022,02,180,2295.8674386105013,449.1914553803154,1,1
2022,02,185,2270.230684730868,1821.677041376785,1,1
2022,02,188,2408.227024212445,781.0466024472794,1,1
2022,02,195,681.6834617664493,1926.4967397747482,1,1
2022,02,198,241.4209346439041,68.97740989825832,3,3
2022,02,220,886.3152918931694,779.9574568659891,1,1
2022,02,230,0,383.7298541826554,1,1
2022,02,240,NA,NA,NA,NA
2022,02,275,421.7432052483599,374.88284910965325,1,1
2022,02,282,NA,NA,NA,NA
2022,02,290,NA,NA,NA,NA
2022,04,001,1550.2467677960456,473.8547249220334,3,3
2022,04,003,881.2468128505865,1740.9803671596123,1,1
2022,04,005,1762.2058671089458,3614.940741508586,2,2
2022,04,007,2298.8075403882513,2178.999981280069,3,3
2022,04,009,NA,NA,NA,NA
2022,04,011,326.90076979858696,411.2622587788674,3,3
2022,04,012,1145.0152868533062,3171.272705473293,2,2
2022,04,013,605.5429299969627,1796.3549117971684,3,3
2022,04,015,1335.9535823814704,3386.0961867907704,1,1
2022,04,017,1202.5021006441975,1639.4360937354122,3,3
2022,04,019,366.56040476096825,1397.6494469936001,3,3
2022,04,021,1024.4137191324742,1929.6325630578656,2,2
2022,04,023,229.94272335799994,330.28136627785443,3,3
2022,04,025,1097.4225286969686,2035.4875331118867,2,2
2022,04,027,915.4784855216418,2712.673823480482,2,2
2022,05,001,2537.593984962406,4335.056390977444,1,1
2022,05,003,941.213587127984,2676.411820380692,3,3
2022,05,005,877.9694265687425,2837.252697303892,1,1
2022,05,007,1181.621565549389,2741.1270436106092,2,2
2022,05,009,908.0771068981999,1656.8424406563645,3,3
2022,05,011,802.982506452538,1634.6429595640952,3,3
2022,05,013,963.7544521265452,2409.3861303163626,1,1
2022,05,015,892.0386432550597,2059.0931528100978,1,1
2022,05,017,996.6777408637873,2569.8651553644713,3,3
2022,05,019,1024.7333364385859,2380.176067818715,1,1
2022,05,021,832.3588085574739,1726.6286028754214,1,1
2022,05,023,2001.6535091762055,3111.771664815803,2,2
2022,05,025,993.6406995230525,2464.2289348171703,3,3
2022,05,027,709.0324569516008,3188.44409213018,1,1
2022,05,029,1842.9410066403618,4287.364065056299,1,1
2022,05,031,2020.9297717898378,4840.685170842415,1,1
2022,05,033,2691.7300678296174,3596.124964929943,2,2
2022,05,035,3259.985399937428,6125.769110439045,1,1
2022,05,037,1723.4206929339753,3797.46835443038,1,1
2022,05,039,2147.7132262051914,3754.635352286774,3,3
2022,05,041,1781.1253876827648,2738.1479840496236,3,3
2022,05,043,745.277023513779,2657.5769830723902,1,1
2022,05,045,1867.3622461501088,4012.3420664297,1,1
2022,05,047,1416.0839160839162,1899.7668997668998,3,3
2022,05,049,1203.1184127913198,1714.7574532016758,2,2
2022,05,051,1260.7352455984244,5096.929644774597,2,2
2022,05,053,965.4866274553324,1858.8391965375654,1,1
2022,05,055,2548.2003742873308,5213.909561735649,1,1
2022,05,057,1651.9439037780105,3174.1278634526125,1,1
2022,05,059,591.6266714962721,2288.0255969090526,3,3
2022,05,061,1056.4206901948507,2105.0160419438143,3,3
2022,05,063,1490.371933526774,2640.46425745186,3,3
2022,05,065,960.1396566773349,1032.8775094559207,3,3
2022,05,067,1864.8713060057196,3884.6520495710197,2,2
2022,05,069,3020.886246152927,6331.610242925867,2,2
2022,05,071,1053.0376084860175,1859.2092574734813,1,1
2022,05,073,1003.6641707822208,1879.8789230524135,1,1
2022,05,075,830.3604379382458,1968.2617788165828,1,1
2022,05,077,1984.7680590814678,3288.714516501269,1,1
2022,05,079,1044.8678549477565,1951.4443761524276,3,3
2022,05,081,931.4703925482369,1729.8735861610112,3,3
2022,05,083,1153.103967618958,2277.968654398268,1,1
2022,05,085,1456.4152264039196,2828.029935928498,1,1
2022,05,087,800.6213777857441,1141.1842026647548,3,3
2022,05,089,952.3809523809525,1762.7920733510796,3,3
2022,05,091,3169.9545475844616,4430.439060962467,1,1
2022,05,093,2348.802061395902,4159.956393548227,2,2
2022,05,095,1429.2028878738765,3403.5656401944893,3,3
2022,05,097,54.332993959816015,135.3184399452184,1,1
2022,05,099,808.0077182826822,1772.793053545586,1,1
2022,05,101,759.3538588982466,869.8053292834461,3,3
2022,05,103,1225.3384057329913,2875.342829337344,3,3
2022,05,105,626.553953257086,2197.9114868224765,1,1
2022,05,107,2101.019971904965,3334.7584437793926,3,3
2022,05,109,336.61746562212386,1013.4591618097654,1,1
2022,05,111,2000.2609035961211,3991.8250206548682,2,2
2022,05,113,1160.7511349566653,1867.5196037969458,1,1
2022,05,115,1046.0811343048445,2741.2367073651044,2,2
2022,05,117,839.7225264695144,2239.260070585372,3,3
2022,05,119,3460.4253459217457,7713.23925517524,1,1
2022,05,121,1358.8270046726464,2771.362586605081,1,1
2022,05,123,2943.2103033970093,4780.015558820987,3,3
2022,05,125,1022.1671077988059,3296.666720973708,1,1
2022,05,127,960.9766575547243,2803.3229838360216,1,1
2022,05,129,901.015228426396,989.8477157360405,1,1
2022,05,131,2491.841410888077,5848.84540056914,2,2
2022,05,133,898.6363350719538,1627.6000754100419,1,1
2022,05,135,214.80934318467175,574.5098121710469,3,3
2022,05,137,976.3576212377955,1638.0214637295248,1,1
2022,05,139,1767.3579801623082,3380.136545150071,1,1
2022,05,141,947.7277608843293,1546.2618406480467,1,1
2022,05,143,1275.749243185305,3903.2323099342148,1,1
2022,05,145,1865.971627894914,3770.8446795819395,2,2
2022,05,147,527.2407732864675,1789.423230548011,1,1
2022,05,149,1169.993117687543,1848.392488447547,2,2
2022,06,001,263.008745521609,1344.794488356033,3,3
2022,06,003,792.0792079207921,990.0990099009902,1,1
2022,06,005,532.3212657416764,1067.1069817877121,3,3
2022,06,007,601.5776784251304,1421.7831979588493,3,3
2022,06,009,1383.71940272365,2358.015501160398,3,3
2022,06,011,398.881298427399,1169.1348402182384,3,3
2022,06,013,633.2097074953039,2317.1243575011526,2,2
2022,06,015,819.3139611098974,2050.1056004660986,3,3
2022,06,017,805.8921408563842,1591.9629863389546,3,3
2022,06,019,1077.6768357995795,3533.7406276034435,2,2
2022,06,021,533.900966605018,1130.6138116341556,3,3
2022,06,023,943.202186113478,2064.1730085505246,3,3
2022,06,025,569.6688903986012,1499.0700419873258,2,2
2022,06,027,201.81634712411704,265.5478251633119,3,3
2022,06,029,371.82304663335844,1269.623534678674,2,2
2022,06,031,1152.67350752385,2595.15457495984,2,2
2022,06,033,1508.2911913442315,2250.6762319181466,1,1
2022,06,035,1242.430897624949,2124.0548426567943,3,3
2022,06,037,136.7960558294563,657.72405096667,3,3
2022,06,039,1196.237670357345,2815.3876484167818,2,2
2022,06,041,531.3165825287444,2046.183081559399,2,2
2022,06,043,1476.9410391126678,2241.6812609457093,1,1
2022,06,045,466.2899775083658,994.0205167590104,3,3
2022,06,047,1389.3513762442878,3313.6136597116442,2,2
2022,06,049,1190.613801872616,1525.8351635649058,3,3
2022,06,051,484.1515999697405,817.0058249489371,1,1
2022,06,053,1028.5437456725067,2465.671409865885,2,2
2022,06,055,571.3911372503349,253.30460606766437,2,2
2022,06,057,735.9121205605833,1398.5262211450129,2,2
2022,06,059,463.7778653305732,2051.44388102016,3,3
2022,06,061,174.61535434620077,711.9879589186637,3,3
2022,06,063,NA,NA,NA,NA
2022,06,065,138.3419627271107,530.1119125148642,3,3
2022,06,067,209.66166015814227,800.7796298278065,3,3
2022,06,069,1068.6763547634857,1598.3815421679305,3,3
2022,06,071,247.27558891900853,884.2211850792663,3,3
2022,06,073,960.7256100174453,2631.880526528095,1,1
2022,06,075,17.978087883473787,97.17567764465898,3,3
2022,06,077,898.5880979414841,2530.775102797503,2,2
2022,06,079,499.801215425683,1134.4919634236385,3,3
2022,06,081,571.6937354988399,2382.4991713622803,2,2
2022,06,083,586.4608625534295,1679.6454730657013,2,2
2022,06,085,187.13178157072795,1167.0303746130983,3,3
2022,06,087,414.4155549184387,1239.523254558385,3,3
2022,06,089,108.87974836680378,363.48239227503683,3,3
2022,06,091,685.8710562414266,925.9259259259259,3,3
2022,06,093,390.4742445912507,454.03981929215195,3,3
2022,06,095,429.938247652413,1456.3354360913092,2,2
2022,06,097,663.751238647438,1474.5022889385712,2,2
2022,06,099,713.3243850792392,1980.2087805196145,2,2
2022,06,101,793.1302408653797,2598.359249654393,2,2
2022,06,103,1530.1447681876489,3602.406694765133,3,3
2022,06,105,1158.0338599030777,2045.4402416766316,3,3
2022,06,107,1165.7084440464173,2701.892084841777,2,2
2022,06,109,1120.1425635990036,1747.4951357445493,1,1
2022,06,111,136.22182185701104,446.9073370949717,3,3
2022,06,113,547.1099423876652,3002.6572595686675,2,2
2022,06,115,243.55914570711707,477.32696897374706,3,3
2022,08,001,1413.8072956574872,6675.497316331886,2,2
2022,08,003,1944.1069258809232,7174.969623329283,1,1
2022,08,005,850.5954773083663,4514.784344732469,2,2
2022,08,007,710.6373528758605,991.9313050558886,1,1
2022,08,009,286.0411899313501,85.81235697940502,3,3
2022,08,011,971.0483725948571,2697.3565905412693,3,3
2022,08,013,779.1197401664385,3652.1375866764724,2,2
2022,08,014,493.6034403483623,4460.011359640819,1,1
2022,08,015,352.68861173584133,1063.177264363116,1,1
2022,08,017,NA,NA,NA,NA
2022,08,019,893.331915346166,2828.8843985961926,1,1
2022,08,021,132.39772275916854,344.2340791738382,3,3
2022,08,023,NA,NA,NA,NA
2022,08,025,484.26150121065376,1227.9488066413005,3,3
2022,08,027,777.8915046059366,2047.082906857728,3,3
2022,08,029,644.7887595034165,2941.648221217079,1,1
2022,08,031,1693.866066404052,8462.999437253799,2,2
2022,08,033,300.55817947617004,1545.72778016316,3,3
2022,08,035,939.5118044601462,4171.4955469607285,1,1
2022,08,037,758.7633397325267,2104.9079873567453,2,2
2022,08,039,158.7481573874589,253.2411082133273,3,3
2022,08,041,1006.8103033130177,4553.725082517488,2,2
2022,08,043,993.7483454497323,2474.1890158225915,1,1
2022,08,045,925.7007603391534,2300.471766937406,2,2
2022,08,047,1297.8142076502734,9836.065573770491,3,3
2022,08,049,508.77639277537526,1424.5738997710507,2,2
2022,08,051,722.7641320954284,1845.1051827476788,1,1
2022,08,053,329.3084522502744,878.1558726673985,1,1
2022,08,055,362.5290023201856,1812.645011600928,3,3
2022,08,057,208.33333333333334,972.2222222222223,1,1
2022,08,059,1006.5188632989214,5677.3407983357465,2,2
2022,08,061,593.9123979213066,2672.60579064588,3,3
2022,08,063,696.1216081829805,2003.1254439551071,3,3
2022,08,065,675.401864109145,1296.7715790895584,1,1
2022,08,067,416.1977743243485,1193.2193701659432,1,1
2022,08,069,810.4430514622558,4214.085346401832,2,2
2022,08,071,1151.0192761059493,4042.435168492581,1,1
2022,08,073,429.8764105319721,1092.602543435429,1,1
2022,08,075,840.296685757206,3295.4652145338464,3,3
2022,08,077,1231.0175429607189,3693.693116677662,2,2
2022,08,079,NA,NA,NA,NA
2022,08,081,1133.615477629988,2085.852478839178,3,3
2022,08,083,1745.30111238972,2911.392405063291,3,3
2022,08,085,723.9100483385097,2620.0873362445413,3,3
2022,08,087,826.3040110173868,2771.561370287485,2,2
2022,08,089,914.9623250807321,3439.1819160387513,2,2
2022,08,091,465.9643435980551,1094.0032414910859,3,3
2022,08,093,465.9885207705859,477.35409444791725,3,3
2022,08,095,244.82528377476075,155.79790785666592,1,1
2022,08,097,598.8352175402536,2612.517777985404,1,1
2022,08,099,476.2700534759358,1570.8556149732622,3,3
2022,08,101,1643.9170904332827,7876.408838136022,2,2
2022,08,103,522.1932114882507,936.8760559053909,1,1
2022,08,105,1305.2321099819917,3460.65406004449,1,1
2022,08,107,894.0025657472738,2617.8640153944834,2,2
2022,08,109,351.0279202953289,1580.9104810924919,3,3
2022,08,111,434.7826086956522,1159.4202898550725,3,3
2022,08,113,358.82207374412275,952.7344716654293,3,3
2022,08,115,0,334.5880384776244,3,3
2022,08,117,1056.3721531255048,3450.169601033759,2,2
2022,08,119,775.6393429811363,1745.287848799617,3,3
2022,08,121,726.5933153414989,2449.657463151339,3,3
2022,08,123,1112.3508660107257,4573.440631755788,2,2
2022,08,125,271.6844435500101,654.0551418796539,1,1
2022,09,110,NA,NA,NA,NA
2022,09,120,NA,NA,NA,NA
2022,09,130,NA,NA,NA,NA
2022,09,140,NA,NA,NA,NA
2022,09,150,NA,NA,NA,NA
2022,09,160,NA,NA,NA,NA
2022,09,170,NA,NA,NA,NA
2022,09,180,NA,NA,NA,NA
2022,09,190,NA,NA,NA,NA
2022,10,001,1021.9206071735146,2503.8584399627734,2,2
2022,10,003,1002.921574640084,2956.2131223264705,2,2
2022,10,005,734.4878719808293,1573.0324263480936,2,2
2022,11,001,NA,NA,NA,NA
2022,12,001,1005.2586610612414,2435.929059911557,2,2
2022,12,003,840.2159533769532,868.819049662126,3,3
2022,12,005,NA,NA,NA,NA
2022,12,007,NA,NA,NA,NA
2022,12,009,328.2994090610637,344.18222336476606,3,3
2022,12,011,127.51770177551012,394.0941013660109,3,3
2022,12,013,NA,NA,NA,NA
2022,12,015,601.3691416535019,959.9789362822538,3,3
2022,12,017,NA,NA,NA,NA
2022,12,019,1030.2754381971317,1265.649897564307,3,3
2022,12,021,736.1508175508454,1310.0275892178495,3,3
2022,12,023,973.7656088899073,1295.9674647725972,3,3
2022,12,027,1243.5051666763968,1523.7316831105143,3,3
2022,12,029,NA,NA,NA,NA
2022,12,031,2011.4330707396145,3638.8178060234527,3,3
2022,12,033,28.011553209501518,75.31995418554853,2,2
2022,12,035,NA,NA,NA,NA
2022,12,037,NA,NA,NA,NA
2022,12,039,NA,NA,NA,NA
2022,12,041,NA,NA,NA,NA
2022,12,043,NA,NA,NA,NA
2022,12,045,13.33155579256099,73.32355685908546,3,3
2022,12,047,807.8861547583754,1801.0672991402312,3,3
2022,12,049,NA,NA,NA,NA
2022,12,051,573.9060698711844,1578.8682271565335,3,3
2022,12,053,1089.9140986974942,1831.9508089166468,3,3
2022,12,055,NA,NA,NA,NA
2022,12,057,415.7133518548782,750.5992264531241,2,2
2022,12,059,NA,NA,NA,NA
2022,12,061,0.621172027381263,0,3,3
2022,12,063,NA,NA,NA,NA
2022,12,065,580.9932217457463,733.1581131553465,3,3
2022,12,067,NA,NA,NA,NA
2022,12,069,137.528468651523,288.49956957725504,3,3
2022,12,071,308.18913652701116,399.9213354345053,3,3
2022,12,073,1493.907414459011,2262.280367731056,2,2
2022,12,075,866.6913192197467,1252.6578533789404,3,3
2022,12,077,NA,NA,NA,NA
2022,12,079,600.467029912154,467.02991215389744,3,3
2022,12,081,232.55297245654444,401.6599641048809,2,2
2022,12,083,1130.543988366713,1556.216537775134,2,2
2022,12,085,1056.4683592745248,1583.447825896022,3,3
2022,12,086,632.8311082690998,2113.578527488462,3,3
2022,12,087,677.6851445565794,720.3451806347814,3,3
2022,12,089,5.462212414516376,3.2773274487098254,3,3
2022,12,091,167.4362445229482,271.6712023808962,2,2
2022,12,093,125.4075746175069,316.0270880361174,3,3
2022,12,095,NA,NA,NA,NA
2022,12,097,385.2747336474114,564.8325693024673,2,2
2022,12,099,225.0460762440586,543.080870080044,3,3
2022,12,101,NA,NA,NA,NA
2022,12,103,524.1072674957652,970.2912123743903,3,3
2022,12,105,NA,NA,NA,NA
2022,12,107,946.9594043801967,1354.5459485897507,3,3
2022,12,109,133.46632128070263,788.5993929435065,3,3
2022,12,111,NA,NA,NA,NA
2022,12,113,595.7861096119453,893.679164417918,3,3
2022,12,115,379.3878814361663,1057.5977714660257,3,3
2022,12,117,NA,NA,NA,NA
2022,12,119,398.2341161478245,547.6667273499606,3,3
2022,12,121,NA,NA,NA,NA
2022,12,123,373.46529106951124,359.4603426544046,3,3
2022,12,125,NA,NA,NA,NA
2022,12,127,NA,NA,NA,NA
2022,12,129,0,8.893632159373889,3,3
2022,12,131,745.2556840429143,468.55830222663076,3,3
2022,12,133,7.995522507395858,79.95522507395859,3,3
2022,13,001,726.6417222493357,1973.862588796703,3,3
2022,13,003,471.8693284936479,810.647307924985,3,3
2022,13,005,395.0439935356437,1104.3275273837314,3,3
2022,13,007,NA,NA,NA,NA
2022,13,009,2396.1807300470555,4899.721321211568,3,3
2022,13,011,678.7485711991106,2585.9795716171634,3,3
2022,13,013,946.3859831256725,1993.438115841915,3,3
2022,13,015,382.049172836121,1585.778265240837,3,3
2022,13,017,2527.81175374221,4607.14077698177,1,1
2022,13,019,1176.6646505745862,2589.761917853412,2,2
2022,13,021,1752.1110926581246,5943.636061678399,3,3
2022,13,023,1232.5787480866834,2819.6245871263995,1,1
2022,13,025,602.0436343551505,1502.3474178403756,3,3
2022,13,027,958.5253456221199,1788.0184331797236,3,3
2022,13,029,773.4192688076453,1604.62273585954,1,1
2022,13,031,1154.9687456939207,1966.7038294354181,3,3
2022,13,033,784.8132473188971,1976.4145128816206,3,3
2022,13,035,587.7282344643837,1195.0474100775803,3,3
2022,13,037,173.12132507719002,656.7327082458355,3,3
2022,13,039,867.43489701479,1509.8448416659105,3,3
2022,13,043,1333.8205737255619,1863.6945002740727,3,3
2022,13,045,893.0496834696457,2423.504023865585,1,1
2022,13,047,681.0892999840547,1606.0939930791687,1,1
2022,13,049,127.52052283414362,693.3928429106559,3,3
2022,13,051,238.97443513599265,705.4471319692439,3,3
2022,13,053,NA,NA,NA,NA
2022,13,055,811.1798249136616,1959.6819532567665,3,3
2022,13,057,558.1475013683736,1294.2766609449411,3,3
2022,13,059,1924.5095604668488,4437.236155947356,2,2
2022,13,061,910.6830122591944,1295.9719789842381,3,3
2022,13,063,698.7689464452588,1726.667738474016,3,3
2022,13,065,670.3411291523909,1042.7528675703857,1,1
2022,13,067,1257.8788816590995,2545.639868515034,2,2
2022,13,069,905.7971014492754,1460.8881456707543,3,3
2022,13,071,673.6758484958397,2186.572047759009,3,3
2022,13,073,239.6110144595051,667.2147131359092,1,1
2022,13,075,365.38684607354134,1096.160538220624,3,3
2022,13,077,1117.4590783666013,2379.4901211529505,2,2
2022,13,079,633.4320500164528,2147.0878578479765,3,3
2022,13,081,1530.4862996790916,5050.604788941002,3,3
2022,13,083,NA,NA,NA,NA
2022,13,085,950.4660939499178,1491.500639736794,3,3
2022,13,087,2312.218284416612,4651.962976981041,3,3
2022,13,089,2666.647361105941,6460.024652008619,2,2
2022,13,091,1661.911197877559,2883.315813185163,3,3
2022,13,093,NA,NA,NA,NA
2022,13,095,1294.7153037465603,1329.9936498976926,2,2
2022,13,097,1189.6923779606698,3171.5574727340572,2,2
2022,13,099,1258.3985220420534,2504.0674444408814,3,3
2022,13,101,80.92797410304829,134.87995683841382,1,1
2022,13,103,413.3876351165141,947.7294301374897,1,1
2022,13,105,792.0286152273889,1696.4741951967299,3,3
2022,13,107,742.1312262627144,1287.8159514558868,3,3
2022,13,109,576.2617343619296,1831.025188214518,3,3
2022,13,111,951.4074540022016,1596.1629186979087,3,3
2022,13,113,380.6840573877024,1751.6497706672033,2,2
2022,13,115,2273.1654844176533,3667.508955663125,1,1
2022,13,117,478.6257281074144,896.4359759107513,3,3
2022,13,119,700.4833158303541,1353.6665048628738,3,3
2022,13,121,963.1237985397131,3476.15542609458,2,2
2022,13,123,1361.0837907294012,2090.8023731717376,3,3
2022,13,125,826.730967964175,1446.7791939373062,3,3
2022,13,127,1240.4512451812784,2216.0206229453916,3,3
2022,13,129,1000.2595829367482,2327.5936661763435,3,3
2022,13,131,590.6040268456376,1376.79769894535,3,3
2022,13,133,820.1892744479496,1430.0736067297582,3,3
2022,13,135,1017.6299535840766,2005.3664810271478,3,3
2022,13,137,320.40726549487925,1035.8410819546593,3,3
2022,13,139,1225.4782848333898,2396.6114449105235,2,2
2022,13,141,628.7843502561714,1280.8570097810898,3,3
2022,13,143,655.7866219927361,2051.647937286447,1,1
2022,13,145,72.73930503681214,583.9064298811768,2,2
2022,13,147,982.4837895175519,2214.320584673295,3,3
2022,13,149,304.6392201235965,1444.860301157629,3,3
2022,13,151,1203.223542990953,2863.1571954677747,1,1
2022,13,153,1403.0239074626068,2984.868234151763,2,2
2022,13,155,1117.31843575419,2013.2813323495309,1,1
2022,13,157,567.6898193069215,1505.6069664514387,3,3
2022,13,159,1021.3680956860637,1968.8213949737938,3,3
2022,13,161,831.5867757420053,1703.7387600567913,1,1
2022,13,163,1000.5772561092939,2078.121993457764,3,3
2022,13,165,873.1617647058823,2136.948529411765,1,1
2022,13,167,NA,NA,NA,NA
2022,13,169,236.06511169050808,1434.007469522937,1,1
2022,13,171,471.1929749411009,824.5877061469266,3,3
2022,13,173,1003.6130068245684,1445.2027298273786,3,3
2022,13,175,765.073774971158,1234.6428643714453,3,3
2022,13,177,688.5464693035672,1798.713904392138,3,3
2022,13,179,1739.1304347826087,2504.9580472921434,2,2
2022,13,181,931.9181982914833,1294.3308309603935,3,3
2022,13,183,273.7443465841466,636.7531540109497,3,3
2022,13,185,1765.6460082701237,2745.714841404737,1,1
2022,13,187,847.1785660829216,1215.386918126029,3,3
2022,13,189,455.90605572185126,930.2325581395348,3,3
2022,13,191,894.2144326209425,2539.568988643477,3,3
2022,13,193,371.9315645921151,537.2344821886106,3,3
2022,13,195,938.1789452893541,1678.8465336756865,3,3
2022,13,197,599.3606819392647,1118.8066062866276,3,3
2022,13,199,628.8444759197262,1694.1963569175905,3,3
2022,13,201,NA,NA,NA,NA
2022,13,205,1211.0566700563927,2620.874549320514,3,3
2022,13,207,250.99869197864746,950.9668752430445,3,3
2022,13,209,1004.5060785584091,2309.814753205047,3,3
2022,13,211,114.02508551881414,877.4973972534827,3,3
2022,13,213,786.2616379202756,521.6783565883733,1,1
2022,13,215,1251.8819779833018,3793.2854936159397,2,2
2022,13,217,1507.9366208526844,3011.962502846272,3,3
2022,13,219,340.6546286149888,2110.629377292868,3,3
2022,13,221,941.6321624148525,1669.5605716575399,1,1
2022,13,223,1525.032666658819,1854.05360863577,3,3
2022,13,225,2642.7577307677825,5882.668425740186,1,1
2022,13,227,565.2082897215826,1001.8242172313766,3,3
2022,13,229,1523.0675819291232,3788.775177209169,1,1
2022,13,231,449.20344737529376,1499.0859232175503,3,3
2022,13,233,516.0510472116971,1404.0307770984914,3,3
2022,13,235,1031.657732375847,2660.0586628906644,3,3
2022,13,237,963.703503557597,1778.798522921733,1,1
2022,13,239,NA,NA,NA,NA
2022,13,241,419.74578776234114,1903.6358261897726,3,3
2022,13,243,549.8821681068342,879.8114689709348,3,3
2022,13,245,302.68780953951676,650.9728211571017,3,3
2022,13,247,505.1206202411337,1148.0014096389402,3,3
2022,13,249,547.6451259583789,1051.4786418400877,1,1
2022,13,251,192.49964351917868,869.8132040496222,3,3
2022,13,253,965.2297905012614,1458.8132060984972,1,1
2022,13,255,1533.7832826522288,3779.574278721353,1,1
2022,13,257,366.6018255274577,1473.8889720185546,3,3
2022,13,259,NA,NA,NA,NA
2022,13,261,1041.595751923208,3036.285655933011,3,3
2022,13,263,769.2913838081694,1360.1250547953975,3,3
2022,13,265,NA,NA,NA,NA
2022,13,267,312.6414085318195,979.0612530338558,3,3
2022,13,269,89.755096807283,205.1545069880754,3,3
2022,13,271,206.03851335288059,396.22791029400116,3,3
2022,13,273,255.44202576632608,710.7952021323856,3,3
2022,13,275,1451.8778057593343,3762.181101500055,3,3
2022,13,277,1472.51650672437,2238.3827860454467,3,3
2022,13,279,785.7884545224932,1964.471136306233,3,3
2022,13,281,302.88538179499443,813.0081300813009,3,3
2022,13,283,717.5167680549056,1918.577445016378,1,1
2022,13,285,2236.5411998216523,4293.296129561178,3,3
2022,13,287,371.0366539239937,674.6120980436249,3,3
2022,13,289,641.1062225015713,1055.9396605908235,3,3
2022,13,291,213.0225080385852,1020.9003215434084,3,3
2022,13,293,379.91171575367247,1396.6278312468341,1,1
2022,13,295,203.4894726729612,672.9169409090783,3,3
2022,13,297,567.9347015286379,1515.2735401700745,2,2
2022,13,299,746.4363502241532,1951.6913561088018,3,3
2022,13,301,346.353665576294,731.1910717721763,3,3
2022,13,303,580.7259073842304,946.182728410513,3,3
2022,13,305,1294.7121577435016,2084.090233510585,3,3
2022,13,307,NA,NA,NA,NA
2022,13,309,635.7615894039735,1258.2781456953642,3,3
2022,13,311,564.5304455884964,1331.439730161548,1,1
2022,13,313,1373.3464035794357,2739.898867353178,2,2
2022,13,315,271.52392804615903,882.4527661500169,3,3
2022,13,317,1300.7284079084286,2039.5421436004165,3,3
2022,13,319,508.359692724808,610.0316312697696,3,3
2022,13,321,936.9264947358253,1753.115039119096,2,2
2022,15,001,135.03954729599383,249.7984299797688,1,1
2022,15,003,1017.4240174240174,3319.077319077319,1,1
2022,15,005,NA,NA,NA,NA
2022,15,007,1886.7924528301885,2297.615322876848,1,1
2022,15,009,986.8600734379268,3177.8593754741605,1,1
2022,16,001,885.8398292240711,1779.719956421585,2,2
2022,16,003,672.0430107526881,3337.813620071685,3,3
2022,16,005,1206.6244252807833,2529.9082736692817,2,2
2022,16,007,621.5040397762585,1025.4816656308267,1,1
2022,16,009,801.5620182920563,1387.3188778131744,3,3
2022,16,011,1266.2425134188547,2304.5199262222036,3,3
2022,16,013,602.1115143516992,993.8964038271197,1,1
2022,16,015,627.481111537969,806.7614291202459,3,3
2022,16,017,566.9501417375354,1238.1190595297649,1,1
2022,16,019,1112.5391597718692,2283.7175676761185,2,2
2022,16,021,899.878394811512,721.5241183623834,1,1
2022,16,023,575.8157389635317,882.9174664107486,3,3
2022,16,025,353.045013239188,617.828773168579,1,1
2022,16,027,1052.313557951712,2210.58185748449,1,1
2022,16,029,580.9011051289317,835.9308586001699,3,3
2022,16,031,607.4258819743352,1645.2793756788285,3,3
2022,16,033,1058.2010582010582,1851.8518518518517,1,1
2022,16,035,567.5368898978434,760.4994324631101,3,3
2022,16,037,667.5874769797422,1081.95211786372,1,1
2022,16,039,792.9883138564273,1116.4440734557597,3,3
2022,16,041,187.81302170283809,612.1313299944352,1,1
2022,16,043,502.995783711813,821.0666469413418,1,1
2022,16,045,851.9480519480519,898.7012987012988,1,1
2022,16,047,753.8659793814433,1243.5567010309278,1,1
2022,16,049,488.4732233275749,500.387204384345,3,3
2022,16,051,184.8134340247905,882.643469394258,1,1
2022,16,053,825.3656942060962,2030.7264852496526,1,1
2022,16,055,916.9761701538674,1604.419940483056,2,2
2022,16,057,406.3001605136437,1677.869181380417,3,3
2022,16,059,497.3268680840482,920.0547059554892,1,1
2022,16,061,440.7713498622589,1322.3140495867767,3,3
2022,16,063,1441.4760714972133,1230.059581010955,3,3
2022,16,065,243.86991064454054,790.6719759178462,1,1
2022,16,067,860.0758346434847,1525.940996948118,3,3
2022,16,069,1225.1184834123221,3521.327014218009,2,2
2022,16,071,765.5293088363954,1334.2082239720035,3,3
2022,16,073,755.6256746657809,1361.7869301669018,1,1
2022,16,075,645.2622110985101,1482.147745492941,3,3
2022,16,077,745.1376610255114,1667.0876483960594,1,1
2022,16,079,1067.2438241659825,1320.9941040376148,3,3
2022,16,081,499.4497587403708,533.3107593329383,3,3
2022,16,083,1170.0812433768986,2018.9420699399507,1,1
2022,16,085,1487.7430262045646,2028.740490278952,3,3
2022,16,087,433.47154165096117,480.58801356954393,1,1
2022,17,001,213.46995410395988,536.7244560328134,3,3
2022,17,003,NA,NA,NA,NA
2022,17,005,274.6268656716418,1080.597014925373,3,3
2022,17,007,398.8971677689739,1069.4652226947467,1,1
2022,17,009,NA,NA,NA,NA
2022,17,011,581.2727765563352,692.708490196669,3,3
2022,17,013,491.9499105545617,357.78175313059035,3,3
2022,17,015,38.47633705271259,192.3816852635629,3,3
2022,17,017,123.50443844075646,30.876109610189115,3,3
2022,17,019,1602.227333252633,3103.74046725578,2,2
2022,17,021,381.29976989164345,697.2494572118476,3,3
2022,17,023,433.0787754826742,827.2637396503243,3,3
2022,17,025,NA,NA,NA,NA
2022,17,027,233.09422403061208,632.2929560570485,2,2
2022,17,029,70.0994137139944,167.81374798198658,3,3
2022,17,031,1714.1820691657333,3911.187452139759,2,2
2022,17,033,843.6115115596134,1340.1676544396391,3,3
2022,17,035,201.16498321139827,287.61479265132886,3,3
2022,17,037,1533.9528965361587,2959.008536984239,2,2
2022,17,039,708.0785323463148,1377.5345992919215,1,1
2022,17,041,273.2254614614106,511.56572631689033,3,3
2022,17,043,171.2950288977644,411.3133340850174,2,2
2022,17,045,NA,NA,NA,NA
2022,17,047,113.47602603779157,188.41607399942228,3,3
2022,17,049,875.8744290917501,2370.3532404463203,3,3
2022,17,051,368.05814386880354,983.0413715989564,3,3
2022,17,053,385.642242657965,823.1978641352715,3,3
2022,17,055,NA,NA,NA,NA
2022,17,057,NA,NA,NA,NA
2022,17,059,NA,NA,NA,NA
2022,17,061,24.968789013732835,191.4273824386184,3,3
2022,17,063,498.10310829248755,1196.0724133570995,3,3
2022,17,065,287.2127872127872,162.33766233766235,1,1
2022,17,067,243.32986366336863,300.20621447670044,3,3
2022,17,069,NA,NA,NA,NA
2022,17,071,78.44367743959836,251.01976780671475,3,3
2022,17,073,382.679064626991,1072.0959653870889,3,3
2022,17,075,488.111526088082,1320.1198091927672,3,3
2022,17,077,1833.533925078983,3915.3001353994287,2,2
2022,17,079,699.3006993006993,1194.1904249596557,1,1
2022,17,081,259.15827551764164,766.6765650730233,3,3
2022,17,083,745.5036809244245,1150.8713074270804,3,3
2022,17,085,136.7240907847963,296.2355300337253,3,3
2022,17,087,NA,NA,NA,NA
2022,17,089,295.11361403330284,655.0429772705794,2,2
2022,17,091,129.3974176371473,234.5910017594325,3,3
2022,17,093,812.488889455589,1349.548075714154,2,2
2022,17,095,NA,NA,NA,NA
2022,17,097,323.34637771057476,984.2660266111469,3,3
2022,17,099,807.6262519421534,962.5629348938132,3,3
2022,17,101,98.02640177754543,45.74565416285453,3,3
2022,17,103,365.272785716373,514.3040822886531,3,3
2022,17,105,703.6026334017988,1060.5873198052932,1,1
2022,17,107,767.1174224854605,881.2930388553895,3,3
2022,17,109,26.371002450517107,230.97458301317695,3,3
2022,17,111,488.41751461476264,1076.9450213364814,2,2
2022,17,113,959.8094392938044,1447.8877186427221,2,2
2022,17,115,1421.6453226709934,3252.786308937436,2,2
2022,17,117,456.9394569315469,793.8929029529451,3,3
2022,17,119,794.1271009990743,2135.846028652628,3,3
2022,17,121,733.5603362879976,1192.9718911784835,3,3
2022,17,123,451.4480408858603,971.0391822827938,3,3
2022,17,125,642.4965580541533,1078.476365305186,3,3
2022,17,127,1075.3448885744606,2256.8093385214006,3,3
2022,17,129,16.281341582546403,97.6880494952784,3,3
2022,17,131,203.9255671679837,248.53428498598012,3,3
2022,17,133,116.97233071349049,297.6101450475475,3,3
2022,17,135,656.038374717833,2091.563205417607,3,3
2022,17,137,957.9709263426798,2204.8537193601364,3,3
2022,17,139,509.88849100023987,638.1511359721433,1,1
2022,17,141,15.482272797646694,9.676420498529184,3,3
2022,17,143,2616.09616637047,4798.383981102293,2,2
2022,17,145,14.288435892550961,42.865307677652886,3,3
2022,17,147,515.2978554333014,936.7600380032106,3,3
2022,17,149,730.9149972929074,981.3210611802923,3,3
2022,17,151,NA,NA,NA,NA
2022,17,153,927.1779022599961,1101.0237589337455,3,3
2022,17,155,88.84150675195451,852.8784648187633,3,3
2022,17,157,226.87666458422385,223.58859698155393,3,3
2022,17,159,661.7459913463986,1609.8243827946044,3,3
2022,17,161,1684.677582378761,3749.8451430580585,2,2
2022,17,163,547.8303565083611,1757.038755015718,3,3
2022,17,165,300.0591665962303,101.42845068041586,3,3
2022,17,167,2635.5035121382352,5371.904484999603,2,2
2022,17,169,NA,NA,NA,NA
2022,17,171,81.64931618697693,265.360277607675,3,3
2022,17,173,131.95546521540388,198.08593036397914,3,3
2022,17,175,18.535681186283597,18.535681186283597,3,3
2022,17,177,1499.482936918304,1717.54867137269,3,3
2022,17,179,985.7094975471525,2419.3302660044487,3,3
2022,17,181,303.7028384534517,893.5871977572714,3,3
2022,17,183,2906.372701145548,4911.419049289599,2,2
2022,17,185,635.9862202985602,450.49023937814684,1,1
2022,17,187,668.2577565632458,1634.8448687350833,3,3
2022,17,189,9.057765902040261,61.39682820877104,3,3
2022,17,191,6.200781298443604,6.200781298443604,3,3
2022,17,193,64.94804156674661,139.8880895283773,3,3
2022,17,195,1025.7517680721264,1927.3335852723642,3,3
2022,17,197,751.6163663993946,1573.5428397711603,2,2
2022,17,199,29.797377830750893,46.18593563766389,3,3
2022,17,201,2143.691670882911,3697.332166723338,2,2
2022,17,203,2.6032175769250796,0,3,3
2022,18,001,NA,NA,NA,NA
2022,18,003,1306.2450707733178,2284.047984724586,1,1
2022,18,005,6.222710820256999,739.0719178662064,2,2
2022,18,007,NA,NA,NA,NA
2022,18,009,289.8790790127547,173.9274474076528,3,3
2022,18,011,442.1983575489577,998.104864181933,1,1
2022,18,013,NA,NA,NA,NA
2022,18,015,4.902681766926509,19.610727067706037,3,3
2022,18,017,616.0761501850873,1367.0015864621894,1,1
2022,18,019,1200.1580455039345,2256.264199400744,1,1
2022,18,021,NA,NA,NA,NA
2022,18,023,384.61538461538464,545.1241671714113,1,1
2022,18,025,9.513842641042718,9.513842641042718,3,3
2022,18,027,425.95314515403305,473.9478657347692,1,1
2022,18,029,65.07720522984086,110.43404523851783,3,3
2022,18,031,NA,NA,NA,NA
2022,18,033,337.0890284447728,690.3398596231991,2,2
2022,18,035,913.9056314419201,2344.056492742252,2,2
2022,18,037,438.23421439060206,532.3054331864904,1,1
2022,18,039,1056.985573094639,2101.091627672993,1,1
2022,18,041,NA,NA,NA,NA
2022,18,043,699.5797533389034,2179.795737676298,3,3
2022,18,045,NA,NA,NA,NA
2022,18,047,489.5757354728908,843.9171529297352,1,1
2022,18,049,97.94319294809011,88.1488736532811,3,3
2022,18,051,263.5884384657335,430.22480761073746,3,3
2022,18,053,1086.2379807692307,1627.1033653846155,1,1
2022,18,055,844.6601941747572,1378.6407766990292,3,3
2022,18,057,424.8598820691963,1351.254695631525,1,1
2022,18,059,520.6130613101614,1167.9962159406732,2,2
2022,18,061,370.4263683096462,660.2157040620905,3,3
2022,18,063,648.4892307517123,1717.7278394889518,3,3
2022,18,065,84.3815763137896,168.9785683957732,3,3
2022,18,067,1286.9673584815223,1930.4510377222832,2,2
2022,18,069,264.31237908389875,878.9497434510174,3,3
2022,18,071,616.7229291093222,1101.4455119882282,3,3
2022,18,073,NA,NA,NA,NA
2022,18,075,68.456310204879955,166.25103906899417,3,3
2022,18,077,NA,NA,NA,NA
2022,18,079,760.5939876856212,1195.219123505976,1,1
2022,18,081,553.9158544677575,1918.957618794108,1,1
2022,18,083,578.1785990926192,1629.4124156246544,3,3
2022,18,085,808.931243324778,1527.9096322877401,1,1
2022,18,087,213.06114359330095,376.57318402536913,1,1
2022,18,089,1024.7507444512762,1899.6065760867382,2,2
2022,18,091,1122.8445395000667,2348.1709218910128,2,2
2022,18,093,359.0982643583889,370.1815441225367,3,3
2022,18,095,955.4033452734247,1855.3567293552624,2,2
2022,18,097,2124.787977438883,4413.433361755386,2,2
2022,18,099,NA,NA,NA,NA
2022,18,101,50.694514853492855,20.27780594139714,3,3
2022,18,103,105.6964842011571,172.45215843346685,3,3
2022,18,105,1112.3406989611965,3111.412558455003,2,2
2022,18,107,1020.5692040612342,1528.2234730916932,1,1
2022,18,109,NA,NA,NA,NA
2022,18,111,NA,NA,NA,NA
2022,18,113,514.4314899538277,849.6552887352153,3,3
2022,18,115,NA,NA,NA,NA
2022,18,117,NA,NA,NA,NA
2022,18,119,NA,NA,NA,NA
2022,18,121,NA,NA,NA,NA
2022,18,123,458.66777858855414,1094.5481079954134,3,3
2022,18,125,NA,NA,NA,NA
2022,18,127,494.36128176285655,876.2366242681204,3,3
2022,18,129,899.865218425434,1383.4932212796323,3,3
2022,18,131,256.0409665546487,240.03840614498318,1,1
2022,18,133,NA,NA,NA,NA
2022,18,135,NA,NA,NA,NA
2022,18,137,69.44444444444444,86.80555555555556,3,3
2022,18,139,NA,NA,NA,NA
2022,18,141,700.8385097728241,1362.3948191550287,2,2
2022,18,143,110.64213416383231,233.57783879031268,3,3
2022,18,145,787.264099338281,1494.056136504213,1,1
2022,18,147,20.065211938801102,0,3,3
2022,18,149,630.6847434357302,913.8493221211601,3,3
2022,18,151,889.6745587851741,1999.594285217492,1,1
2022,18,153,452.11870520898464,764.7539800875379,3,3
2022,18,155,NA,NA,NA,NA
2022,18,157,1744.2700115000935,2163.0873739669973,2,2
2022,18,159,76.77911608042612,84.31992212403941,3,3
2022,18,161,NA,NA,NA,NA
2022,18,163,2156.753752084491,3425.792106725959,1,1
2022,18,165,NA,NA,NA,NA
2022,18,167,2402.331813266889,4396.596304828169,2,2
2022,18,169,NA,NA,NA,NA
2022,18,171,NA,NA,NA,NA
2022,18,173,816.3583860142043,1393.8968235385935,1,1
2022,18,175,348.34535954217466,511.85440585788933,3,3
2022,18,177,0,1.5032620787108024,3,3
2022,18,179,333.72386125607983,569.5822545919377,1,1
2022,18,181,NA,NA,NA,NA
2022,18,183,198.48798855775127,516.6525584517937,3,3
2022,19,001,147.07848642866693,307.52774435084905,3,3
2022,19,003,108.69565217391305,326.0869565217391,1,1
2022,19,005,697.0958372399708,1407.3307858765593,1,1
2022,19,007,757.3906669924261,2288.459972310449,1,1
2022,19,009,123.87188108299416,937.8870996283842,3,3
2022,19,011,382.0364883829721,760.1746452518322,1,1
2022,19,013,873.0092108576705,2390.854770644302,2,2
2022,19,015,101.91058189862325,184.3075856439416,3,3
2022,19,017,639.6929473852551,1083.4799296337758,1,1
2022,19,019,576.8019000533178,940.332509330619,1,1
2022,19,021,1164.982839464398,1508.1935515057764,1,1
2022,19,023,146.07679465776295,90.4284919309961,3,3
2022,19,025,131.4060446780552,404.3262913170929,3,3
2022,19,027,279.8147433423389,1080.6638363566192,1,1
2022,19,029,1059.7743214394632,1898.444647758463,1,1
2022,19,031,344.79414240780346,579.3125184825705,2,2
2022,19,033,1042.3695293050096,3478.4429605156006,1,1
2022,19,035,189.6388242392897,672.3558313938454,3,3
2022,19,037,259.26235677845614,317.80546959939784,3,3
2022,19,039,698.3670535072404,1930.7795008729588,1,1
2022,19,041,578.457041953358,1126.4689764354869,1,1
2022,19,043,333.3873661231893,474.95367526589087,3,3
2022,19,045,1335.828600929272,3844.002753398727,1,1
2022,19,047,613.9817629179331,832.8267477203647,3,3
2022,19,049,538.3707876771624,1250.0202418151787,1,1
2022,19,051,186.9569998900253,219.94941163532388,1,1
2022,19,053,NA,NA,NA,NA
2022,19,055,597.0153990810293,938.085043149829,1,1
2022,19,057,1295.5903564805276,4865.547084277767,3,3
2022,19,059,480.44313814153287,994.7999095636445,3,3
2022,19,061,1448.5942918056828,2415.313279651111,1,1
2022,19,063,663.1725318215852,705.9578564552359,1,1
2022,19,065,491.8284748194068,578.9231005686767,3,3
2022,19,067,551.2467149541696,916.6079097493749,1,1
2022,19,069,99.8502246630055,199.700449326011,3,3
2022,19,071,647.6879048049406,1325.5008284380178,1,1
2022,19,073,420.4067719577321,1045.3357573003068,3,3
2022,19,075,234.7988017164602,429.11505141284107,1,1
2022,19,077,197.7587343441002,762.7836896129579,1,1
2022,19,079,727.6854262634355,1074.8381066826892,1,1
2022,19,081,342.9101019462465,518.9990732159407,3,3
2022,19,083,1180.2384200225372,1797.0464385267778,3,3
2022,19,085,273.54168091362925,533.4062777815769,1,1
2022,19,087,675.2789195537288,1179.2914464670189,3,3
2022,19,089,305.93944508914444,569.680346028062,3,3
2022,19,091,229.02352696231523,780.7620237351655,3,3
2022,19,093,330.03300330033005,573.9704405223131,1,1
2022,19,095,983.4087481146305,1333.3333333333335,1,1
2022,19,097,796.0965588084233,1864.406779661017,1,1
2022,19,099,944.2446043165468,1296.398521872005,1,1
2022,19,101,462.4643649033893,1133.987963256256,1,1
2022,19,103,1080.9059662769887,2708.9326545768904,2,2
2022,19,105,419.6208942265953,728.3075290599527,1,1
2022,19,107,359.0664272890485,977.4586076201874,1,1
2022,19,109,224.2152466367713,156.27123250441636,3,3
2022,19,111,1007.7148495903356,2395.1916751390468,1,1
2022,19,113,1055.7852320895913,3256.75510666876,2,2
2022,19,115,591.3332717361175,554.3749422526101,1,1
2022,19,117,680.82160166166625,1107.777521347796,3,3
2022,19,119,299.4260999750478,989.7696082508526,3,3
2022,19,121,282.84235791499,582.5783100279428,2,2
2022,19,123,1144.0180685374091,1807.8969231830683,3,3
2022,19,125,694.7205012731298,1153.2714716607848,3,3
2022,19,127,873.9294364403606,1962.5958201203525,3,3
2022,19,129,664.1561109209174,1348.8531324888738,1,1
2022,19,131,275.2206510391952,521.9702002467495,3,3
2022,19,133,622.7655403067697,1245.5310806135394,3,3
2022,19,135,475.31027198310005,831.7929759704251,1,1
2022,19,137,748.663101604278,1273.6995624696158,3,3
2022,19,139,870.6688914616623,1863.3966596361122,2,2
2022,19,141,441.60650918497987,962.6174081072904,1,1
2022,19,143,422.8329809725159,536.6726296958855,3,3
2022,19,145,991.7898193760262,1786.5353037766831,1,1
2022,19,147,537.0328932647125,794.3611546207206,1,1
2022,19,149,1750.0953382643042,4007.794564821095,1,1
2022,19,151,382.3820988528537,566.491998300524,1,1
2022,19,153,1024.629121016339,2303.681613448439,2,2
2022,19,155,1101.0978908095742,3490.3734111585045,2,2
2022,19,157,838.3490971625107,1950.7738607050728,1,1
2022,19,159,127.93176972281451,533.0490405117271,1,1
2022,19,161,623.8494579668644,1145.428512988341,1,1
2022,19,163,1370.2200563685426,4387.3822929398175,2,2
2022,19,165,340.8025900996848,170.4012950498424,1,1
2022,19,167,451.1117457250524,636.3399437157373,3,3
2022,19,169,622.8886206161931,2151.7048278940483,2,2
2022,19,171,293.82382323558795,411.3533525298231,3,3
2022,19,173,287.35632183908046,540.9060175794456,3,3
2022,19,175,949.8637152060792,1709.7546873709425,1,1
2022,19,177,291.38337727209654,555.0159567087554,1,1
2022,19,179,1872.9457100759378,4423.098719256489,1,1
2022,19,181,1394.7737848394725,2702.4246391866313,1,1
2022,19,183,1002.9289074287743,1846.0992278334961,1,1
2022,19,185,262.1838371375694,663.170882171499,1,1
2022,19,187,1665.4950521819064,4355.702157573136,3,3
2022,19,189,NA,NA,NA,NA
2022,19,191,249.37655860349128,219.45137157107231,1,1
2022,19,193,1330.1063940481993,3370.887700232348,2,2
2022,19,195,269.6508022111366,364.0285829850344,1,1
2022,19,197,348.91835310537334,550.5156237884779,3,3
2022,20,001,1609.0489087143537,3345.547235940736,2,2
2022,20,003,974.4839081933582,1320.6821387357354,3,3
2022,20,005,1011.7113250352566,2851.186461462996,1,1
2022,20,007,416.5645675079637,1396.7164910561137,3,3
2022,20,009,1856.5765199984298,2900.655493189936,2,2
2022,20,011,1194.0298507462687,3103.089205137105,3,3
2022,20,013,1377.0610709953683,2109.1315114254035,2,2
2022,20,015,699.5178798544766,2765.535804075838,3,3
2022,20,017,428.01556420233464,505.8365758754864,1,1
2022,20,019,442.6084390675715,767.1879610504574,3,3
2022,20,021,1124.8710010319917,2636.7389060887513,3,3
2022,20,023,1030.9278350515465,1374.570446735395,3,3
2022,20,025,758.7253414264037,2073.849266565503,1,1
2022,20,027,1520.7715133531158,2114.2433234421364,3,3
2022,20,029,1709.5914742451153,3330.373001776199,3,3
2022,20,031,443.96448284137267,815.9347252219823,2,2
2022,20,033,273.972602739726,986.3013698630136,1,1
2022,20,035,1537.7513632036005,4151.640171951184,3,3
2022,20,037,1476.4687788372808,5329.12949861581,2,2
2022,20,039,541.3208228076506,1154.817755322988,1,1
2022,20,041,811.1615833874108,1562.8379839930783,3,3
2022,20,043,426.6097853619517,973.2035728569524,3,3
2022,20,045,1597.8974591499152,3788.6039598972243,1,1
2022,20,047,1123.2011232011232,1368.9013689013689,3,3
2022,20,049,1304.525071341215,1793.7219730941704,3,3
2022,20,051,1445.3165519864458,2845.683067667093,2,2
2022,20,053,847.19171634766235,1490.429871352369,3,3
2022,20,055,1751.9050985937622,4509.388011626994,3,3
2022,20,057,1218.8705717292178,3244.475622588566,2,2
2022,20,059,1062.8465804066543,2406.8083795440543,3,3
2022,20,061,2182.249565481281,4049.9903440284716,1,1
2022,20,063,466.9268145144836,671.5852946617841,3,3
2022,20,065,329.21810699588474,658.4362139917695,1,1
2022,20,067,395.3107960741549,395.3107960741549,1,1
2022,20,069,681.9374016436441,1136.56233607274,3,3
2022,20,071,703.6747458952307,390.93041438623925,3,3
2022,20,073,716.5472421263122,2282.9528411931346,3,3
2022,20,075,714.2857142857142,1547.6190476190477,1,1
2022,20,077,1026.2048744731537,1466.006963533077,3,3
2022,20,079,1787.4495715421538,2980.0641950587474,3,3
2022,20,081,348.05890227576975,990.6291834002677,3,3
2022,20,083,282.4858757062147,395.48022598870057,1,1
2022,20,085,911.5564260961278,1966.2498116618954,3,3
2022,20,087,636.3191385217816,1571.7626583999565,2,2
2022,20,089,170.70672584499832,68.28269033799931,1,1
2022,20,091,968.9842857871481,3234.0809185526514,2,2
2022,20,093,983.8546922300707,1892.0282542885973,1,1
2022,20,095,529.2441308182928,1289.1844212240467,3,3
2022,20,097,449.89775051124747,1349.6932515337423,1,1
2022,20,099,1632.1656050955414,4657.643312101911,3,3
2022,20,101,1112.565445026178,3075.916230366492,1,1
2022,20,103,1303.419408802574,3151.8408125285528,1,1
2022,20,105,NA,NA,NA,NA
2022,20,107,412.5412541254125,948.8448844884489,3,3
2022,20,109,213.35686156576782,527.3431744870704,1,1
2022,20,111,888.6955440929713,4002.2372754956186,3,3
2022,20,113,830.9788931361143,1868.0405517699849,3,3
2022,20,115,682.5650964860538,1643.2122693182775,3,3
2022,20,117,709.0073896544837,1607.7491511883366,2,2
2022,20,119,920.627021647176,995.2724558347849,3,3
2022,20,121,817.7155232796772,1535.596278089584,1,1
2022,20,123,1046.4916795333677,1200.892091267799,3,3
2022,20,125,1580.3866700585093,4372.297125413381,1,1
2022,20,127,631.3834726090994,1634.1689879294336,3,3
2022,20,129,595.2380952380952,2455.3571428571427,3,3
2022,20,131,258.0681750208371,557.0778434894437,1,1
2022,20,133,1345.8865158599772,3348.91949955769,1,1
2022,20,135,37.35524841240194,0,3,3
2022,20,137,165.7153378751611,220.95378383354816,3,3
2022,20,139,791.7907138785075,1184.5189079622473,3,3
2022,20,141,257.65817348983677,715.71714858288,3,3
2022,20,143,901.5256588072122,1109.5700416088766,3,3
2022,20,145,1001.9083969465648,1685.7506361323158,1,1
2022,20,147,564.516129032258,282.258064516129,3,3
2022,20,149,710.9500851723445,1446.698929662644,3,3
2022,20,151,381.4713896457766,948.2288828337875,1,1
2022,20,153,511.00628930817606,1297.169811320755,3,3
2022,20,155,1478.644495079265,3784.6835054378566,3,3
2022,20,157,704.2253521126761,1600.5121638924456,1,1
2022,20,159,540.1970130282808,1006.2493379938566,3,3
2022,20,161,1256.5009361348034,2701.61569932737,3,3
2022,20,163,913.7055837563453,1380.7106598984772,3,3
2022,20,165,884.6546444368834,1905.410003402518,3,3
2022,20,167,1313.0408833184124,2133.6914353924203,1,1
2022,20,169,2158.4194977843426,6161.373707533235,3,3
2022,20,171,916.5366614664586,780.0312012480499,1,1
2022,20,173,2743.2832481614428,6518.306034024518,2,2
2022,20,175,1230.5168170631664,2287.849785798924,3,3
2022,20,177,1900.069979006298,5229.951014695592,2,2
2022,20,179,326.53061224489795,571.4285714285714,3,3
2022,20,181,1548.821548821549,2744.107744107744,1,1
2022,20,183,393.14799213704015,617.8039876439202,3,3
2022,20,185,246.66995559940798,567.3408978786384,3,3
2022,20,187,NA,NA,NA,NA
2022,20,189,473.93364928909955,511.8483412322274,3,3
2022,20,191,1429.402060044145,3027.9982242476663,3,3
2022,20,193,1470.223569310745,3667.1960719785484,1,1
2022,20,195,393.13795568263043,1143.674052894925,1,1
2022,20,197,1211.1485018258186,3486.7405192627134,3,3
2022,20,199,NA,NA,NA,NA
2022,20,201,633.0258636281425,940.4955688189547,3,3
2022,20,203,375.4106053496011,516.1895823557015,1,1
2022,20,205,276.91242644513676,438.4446752047998,3,3
2022,20,207,829.6107211231653,957.2431397574984,1,1
2022,20,209,519.6624886317682,654.2870871279599,2,2
2022,21,001,222.37517869434,349.44670937682,3,3
2022,21,003,466.9522938429692,1063.8809993741877,3,3
2022,21,005,318.80531901505935,490.7923990100256,3,3
2022,21,007,697.4941875484371,981.6584861792819,3,3
2022,21,009,730.1565905057178,1622.0709487542406,3,3
2022,21,011,408.19530575398386,730.041604521548,1,1
2022,21,013,696.9646981194325,2631.1448366875616,3,3
2022,21,015,708.7770840984209,2273.228057289754,3,3
2022,21,017,839.0674034124553,1710.461231881482,3,3
2022,21,019,698.5614195099706,2068.736785373741,2,2
2022,21,021,675.4855595169278,1270.8033175634584,3,3
2022,21,023,463.1828978622327,391.9239904988123,1,1
2022,21,025,220.91310751104564,633.2842415316642,3,3
2022,21,027,209.46999220576774,545.5962587685113,2,2
2022,21,029,414.6359205644868,1548.2165805872796,3,3
2022,21,031,266.88232915487265,509.502628386575,1,1
2022,21,033,633.1618519984171,1432.5286901464187,1,1
2022,21,035,832.7754719507298,1978.8458963716696,1,1
2022,21,037,813.9859539099245,1828.7837460535643,3,3
2022,21,039,480.97030531158515,543.7055625261397,1,1
2022,21,041,737.8712414683638,1125.2536432392549,1,1
2022,21,043,348.6933373326834,727.3818004574256,3,3
2022,21,045,87.81834148789362,207.0003763643207,3,3
2022,21,047,1014.2099332105654,3112.7174779429956,3,3
2022,21,049,867.2791825893703,3097.812830311407,3,3
2022,21,051,98.41551028442082,743.0371026473773,3,3
2022,21,053,75.30930607853685,290.47875201721354,1,1
2022,21,055,445.4839068938635,835.282325425994,1,1
2022,21,057,167.39203213927016,318.0448610646133,1,1
2022,21,059,1048.4278440670062,3350.3051031909517,1,1
2022,21,061,164.21709499958945,517.2838492487067,1,1
2022,21,063,515.0447275684468,352.39902412577936,3,3
2022,21,065,106.09704342905646,629.5091243457349,3,3
2022,21,067,1410.936391140328,4661.412617188959,2,2
2022,21,069,264.70782873403476,489.70948315796437,1,1
2022,21,071,148.1274455002795,352.15204024594743,3,3
2022,21,073,1052.9383195726082,2412.821758135017,3,3
2022,21,075,848.7654320987654,2808.641975308642,1,1
2022,21,077,607.7981651376147,745.4128440366973,3,3
2022,21,079,599.7088791848618,1112.0815138282387,3,3
2022,21,081,534.1837751644409,980.665736495914,3,3
2022,21,083,542.2195580501893,1553.0911964251657,3,3
2022,21,085,449.6504817683733,869.0723597203855,2,2
2022,21,087,660.8322914806215,553.6702982675478,3,3
2022,21,089,189.6633475580844,421.16419825398157,2,2
2022,21,091,165.59947008169576,496.7984102450872,1,1
2022,21,093,554.9299581099951,1433.2687716769515,2,2
2022,21,095,233.17913422844032,451.3144533453684,3,3
2022,21,097,446.7372227835983,882.8378450247301,1,1
2022,21,099,299.81907469630397,485.91367278366505,1,1
2022,21,101,1418.3605092696002,2557.51619387983,3,3
2022,21,103,432.2674972983281,820.0368698747696,3,3
2022,21,105,178.13404586951683,489.8686261411712,1,1
2022,21,107,661.1679897397341,1174.1812794374544,3,3
2022,21,109,84.60236886632825,615.2899553914782,3,3
2022,21,111,1533.6586826085043,4522.887878772774,2,2
2022,21,113,680.0172345965793,2247.99085817051,3,3
2022,21,115,176.74870752507624,243.0294728469798,3,3
2022,21,117,796.7302710184189,1560.3373830338448,3,3
2022,21,119,0,196.05097325304578,3,3
2022,21,121,263.06882778070707,938.9817989029538,1,1
2022,21,123,422.76204536303857,677.7613743121728,1,1
2022,21,125,227.41103744274687,1465.3598539444604,3,3
2022,21,127,184.86566428395366,671.6785802316983,3,3
2022,21,129,54.510765876260564,626.8738075769965,3,3
2022,21,131,38.211692777990066,181.50554069545282,3,3
2022,21,133,74.45323406235458,111.67985109353188,3,3
2022,21,135,45.931256219857616,222.00107172931178,3,3
2022,21,137,247.5888390834002,550.8592943844511,3,3
2022,21,139,556.7928730512249,1069.0423162583518,3,3
2022,21,141,618.226780129464,1392.8285693504984,1,1
2022,21,143,366.9303978901502,722.3942208462332,3,3
2022,21,145,1212.0225533867078,2560.1941603895048,3,3
2022,21,147,17.759886336727448,130.23916646933458,3,3
2022,21,149,207.1296195355936,425.1607979941132,3,3
2022,21,151,715.3999246947448,2121.45661879404,2,2
2022,21,153,77.27311754099769,68.68721559199794,1,1
2022,21,155,397.41172874102,1024.0994548326285,3,3
2022,21,157,750.6465653188671,1390.9039298555479,3,3
2022,21,159,88.51124092759781,203.57585413347496,3,3
2022,21,161,1148.3477853292711,2495.8987579095383,3,3
2022,21,163,220.26431718061676,684.154318515552,1,1
2022,21,165,226.75736961451247,291.5451895043732,3,3
2022,21,167,286.8237578324949,820.7572147206778,3,3
2022,21,169,416.94948123727335,843.5954620382041,1,1
2022,21,171,150.03088871238197,229.45900626599592,3,3
2022,21,173,606.6411238825032,2160.4938271604938,2,2
2022,21,175,476.87861271676303,491.32947976878614,1,1
2022,21,177,507.5646656905808,1015.1293313811616,3,3
2022,21,179,354.86008679108147,1323.243335684816,3,3
2022,21,181,450.19631732206136,578.0625510969896,3,3
2022,21,183,601.2950971322849,937.6839626608358,3,3
2022,21,185,329.7803937469306,1366.546060092855,1,1
2022,21,187,204.82678778163685,650.1024133938907,3,3
2022,21,189,NA,NA,NA,NA
2022,21,191,389.3974586692171,806.1210547889057,3,3
2022,21,193,163.4916121694626,373.18737560420817,3,3
2022,21,195,164.95979105093133,563.6126194240154,3,3
2022,21,197,275.040110016044,511.8802047520819,1,1
2022,21,199,356.1286361194259,1129.7873973443857,3,3
2022,21,201,0,45.310376076121436,3,3
2022,21,203,148.41382722156948,383.4023869890545,3,3
2022,21,205,443.973768889251,1116.0441529876584,1,1
2022,21,207,321.8467343654625,599.3008157149992,3,3
2022,21,209,930.4192996543658,1911.4617882205077,3,3
2022,21,211,596.6115788379586,1540.3804178359837,3,3
2022,21,213,659.0374987227955,2324.5121078982324,1,1
2022,21,215,230.1908025985984,644.5342472760755,1,1
2022,21,217,790.6048510899601,1734.7252072459316,3,3
2022,21,219,561.843498086475,1221.3989088836413,3,3
2022,21,221,607.6020912816165,1003.2499646742971,3,3
2022,21,223,164.5123384253819,235.01762632197415,3,3
2022,21,225,763.245646535754,1089.2923304927751,3,3
2022,21,227,874.3080550156311,4256.246905185984,2,2
2022,21,229,332.64033264033264,415.8004158004158,1,1
2022,21,231,320.3498423675379,884.7757551103429,1,1
2022,21,233,308.85645896069803,679.4842097135357,1,1
2022,21,235,236.12420648406956,934.1895001238396,3,3
2022,21,237,30.427506465845124,517.267609919367,3,3
2022,21,239,643.4575615562003,1733.2440675444468,3,3
2022,22,001,712.6261400284357,1473.8010195235288,3,3
2022,22,003,223.70383366962014,684.2705500482499,3,3
2022,22,005,1291.6131776046877,3225.882667968781,3,3
2022,22,007,NA,NA,NA,NA
2022,22,009,490.778921804245,1176.3515393761543,3,3
2022,22,011,695.9530815480023,1422.4623145682344,3,3
2022,22,013,864.3309152647013,1466.275659824047,3,3
2022,22,015,2549.717948121077,3910.7055564608113,3,3
2022,22,017,104.54628183476608,382.20766193033916,3,3
2022,22,019,1974.1898752194336,5343.265170565071,2,2
2022,22,021,1170.0144957548146,1542.7624767032512,1,1
2022,22,023,440.6095098219203,1028.0888562511473,1,1
2022,22,025,708.2630691399663,1360.3147835862844,3,3
2022,22,027,394.2828979793002,675.913539393086,3,3
2022,22,029,1579.4827863147186,2205.921721903946,3,3
2022,22,031,451.1390328473957,1152.0823235524404,3,3
2022,22,033,1762.4441808309987,6249.986244660177,2,2
2022,22,035,881.8342151675485,814.000814000814,1,1
2022,22,037,431.832202344232,987.0450339296731,3,3
2022,22,039,538.1165919282512,1345.291479820628,3,3
2022,22,041,1336.5735115431348,2222.559740785743,3,3
2022,22,043,892.4949290060852,1798.5125084516565,3,3
2022,22,045,NA,NA,NA,NA
2022,22,047,1410.12909632572,2323.733862959285,3,3
2022,22,049,404.1608692771484,695.6867421983701,3,3
2022,22,051,1428.568153316016,3987.6562174009737,2,2
2022,22,053,1143.2289246212474,2927.7813923227063,3,3
2022,22,055,413.82805349785843,888.0210690114407,3,3
2022,22,057,1599.4651306315573,2814.2357539600907,2,2
2022,22,059,257.38282308317525,358.9813058791655,3,3
2022,22,061,1220.9506860087329,3263.456325145376,3,3
2022,22,063,1654.523270001743,2678.751960955203,3,3
2022,22,065,1625.4487435181493,1366.174710809733,3,3
2022,22,067,1973.4255837723092,4119.820740624263,3,3
2022,22,069,NA,NA,NA,NA
2022,22,071,14.458160711656957,55.99251330150785,3,3
2022,22,073,2660.0244383870663,6207.976940188614,2,2
2022,22,075,532.0746620896803,772.3664449688908,1,1
2022,22,077,552.0046484601976,1147.5886112725161,3,3
2022,22,079,2474.215662055336,4848.845108695652,2,2
2022,22,081,NA,NA,NA,NA
2022,22,083,44.93708807669263,119.83223487118035,3,3
2022,22,085,NA,NA,NA,NA
2022,22,087,1975.566556156047,2997.4113265815886,1,1
2022,22,089,992.5082868693836,2287.7507616255675,1,1
2022,22,091,1766.0044150110375,2299.484915378955,3,3
2022,22,093,1796.913887506222,2722.747635639622,1,1
2022,22,095,1102.7485352260276,2769.970942695184,1,1
2022,22,097,1304.5613698523962,3339.272692677485,3,3
2022,22,099,1009.4205595585177,1955.7693076595242,3,3
2022,22,101,1551.4924461457017,2677.444313230443,3,3
2022,22,103,528.6135072585735,1356.6619578612003,3,3
2022,22,105,1325.091636618814,3498.9884511731725,2,2
2022,22,107,872.3043372910104,1114.6110976496243,3,3
2022,22,109,1669.0856313497823,4022.523929378479,1,1
2022,22,111,38.00655613093259,42.75737564729916,3,3
2022,22,113,891.5772175798048,1326.8766826334743,3,3
2022,22,115,203.51744015057938,311.74636786071403,3,3
2022,22,117,1476.4687788372808,2823.3071142945028,3,3
2022,22,119,486.9290824515111,930.3337776447867,3,3
2022,22,121,1643.7155276326846,3554.0782408591153,1,1
2022,22,123,377.55102040816325,551.0204081632653,3,3
2022,22,125,377.6533402786821,221.3829925771585,3,3
2022,22,127,314.6725210391511,497.6216611781925,3,3
2022,23,001,866.1191406950472,2341.032170139512,1,1
2022,23,003,663.3252524651605,1235.9266475303775,2,2
2022,23,005,587.4266952798188,1895.4565083383604,2,2
2022,23,007,797.6138610543248,1632.092228291833,1,1
2022,23,009,793.1818588745055,1403.7349376018333,3,3
2022,23,011,1073.3611283597977,2687.8381974629647,2,2
2022,23,013,824.965012644553,1234.9922659530066,2,2
2022,23,015,772.5709129870862,1062.9899058252975,1,1
2022,23,017,1194.3166998421304,1741.7118539364403,3,3
2022,23,019,1035.7704402515724,2329.0094339622638,2,2
2022,23,021,1039.2064241851676,1352.1492678318375,3,3
2022,23,023,683.5195833785397,1207.0087881089291,1,1
2022,23,025,1054.1692987997474,2313.6449778900824,3,3
2022,23,027,241.37584230111636,309.2627979483053,3,3
2022,23,029,742.8608181116542,681.7597118600463,3,3
2022,23,031,848.1788133959594,2046.6310281112035,2,2
2022,24,001,1254.3830049441763,1801.6167603174836,2,2
2022,24,003,1187.1948907430426,2541.8757407215326,3,3
2022,24,005,1510.455052501537,3860.2999516889477,3,3
2022,24,009,NA,NA,NA,NA
2022,24,011,300.1200480192077,585.234093637455,3,3
2022,24,013,440.4675999422716,1097.993938519267,3,3
2022,24,015,917.4400246447688,1933.0740498286418,3,3
2022,24,017,747.1488011494597,2092.375849372886,1,1
2022,24,019,NA,NA,NA,NA
2022,24,021,856.3738683631025,1678.4197437086648,2,2
2022,24,023,544.0809537011367,779.733850845578,3,3
2022,24,025,644.6818535273635,1172.9149349380791,3,3
2022,24,027,725.2771745514456,2405.0407968410686,1,1
2022,24,029,NA,NA,NA,NA
2022,24,031,505.62488764417026,2369.5489682186753,2,2
2022,24,033,447.97840342920784,3560.111952811827,3,3
2022,24,035,NA,NA,NA,NA
2022,24,037,796.0356370920977,1281.9161087388195,3,3
2022,24,039,NA,NA,NA,NA
2022,24,041,865.5709847861297,1521.3870376762338,2,2
2022,24,043,729.412525461541,1765.3335057712827,2,2
2022,24,045,819.727399701392,1255.1172759235178,2,2
2022,24,047,229.0495390614648,401.3099362068639,3,3
2022,24,510,2623.5655583459356,5756.755647098271,2,2
2022,25,001,898.7255705294723,1666.6957234261406,2,2
2022,25,003,869.8150866320293,2197.836334972003,2,2
2022,25,005,1216.4057853403594,2074.9125627060216,2,2
2022,25,007,1226.6952246507326,1635.5936328676435,3,3
2022,25,009,850.8838200577346,1512.7099142417285,2,2
2022,25,011,648.0698788391096,1484.9253310791773,3,3
2022,25,013,1777.7538610558038,3495.0223322391435,2,2
2022,25,015,693.167718003521,1663.7324515529688,3,3
2022,25,017,551.5341237094982,1715.9660873052887,2,2
2022,25,019,1258.4429434767153,2822.609313899751,3,3
2022,25,021,562.7935832668617,1556.2682797128423,2,2
2022,25,023,784.631421514197,1585.503108311239,2,2
2022,25,025,1947.6906662864142,3251.158900136611,2,2
2022,25,027,830.0170683829746,1798.4673383801103,2,2
2022,26,001,937.6831412385233,1377.222113694081,3,3
2022,26,003,248.13895781637717,597.7893074667269,1,1
2022,26,005,1223.786740617189,1659.8891540249492,3,3
2022,26,007,767.8738196534191,1030.749541696932,3,3
2022,26,009,735.356267433015,705.7729693178936,3,3
2022,26,011,904.7967533763555,911.4496706805935,3,3
2022,26,013,145.54275318374772,327.4711946634324,3,3
2022,26,015,626.3882008916444,909.2216487432288,3,3
2022,26,017,1130.9617852340039,1731.6951846971838,2,2
2022,26,019,498.39406357293166,897.109314431277,3,3
2022,26,021,2034.585352544531,3261.0531512686925,2,2
2022,26,023,834.3693538209953,2066.123162624961,2,2
2022,26,025,1962.7077239598875,3866.4588200238404,2,2
2022,26,027,1466.9405472443998,2968.7621114642275,3,3
2022,26,029,859.6316955757623,1039.1992053182548,2,2
2022,26,031,870.8267471706532,1043.8071734010086,1,1
2022,26,033,1033.5424052358876,916.2803381510771,3,3
2022,26,035,912.3226805697637,1319.3482301317854,3,3
2022,26,037,580.160517099888,1491.152875483322,2,2
2022,26,039,1204.8192771084339,1212.3967568386754,3,3
2022,26,041,963.6526507234181,1243.2476451586633,3,3
2022,26,043,NA,NA,NA,NA
2022,26,045,1667.2953212914722,2770.3543048347287,2,2
2022,26,047,819.2038963662148,720.9662297204002,2,2
2022,26,049,1478.4817788791602,2136.5337263188617,2,2
2022,26,051,1036.8799340167313,1256.8241624445232,1,1
2022,26,053,657.6693841200247,911.1461259162842,3,3
2022,26,055,1200.933028957388,1132.937927358033,1,1
2022,26,057,1218.2790003370733,1692.5892040256174,2,2
2022,26,059,916.8891417567509,1516.4777451967263,3,3
2022,26,061,574.6512000855295,940.8242903725878,3,3
2022,26,063,820.0629350624582,1325.4505578335081,2,2
2022,26,065,1336.6872793107084,2937.140019232281,2,2
2022,26,067,351.0193060618334,610.533579346864,3,3
2022,26,069,406.80911568387376,612.1884750582567,3,3
2022,26,071,353.9059128182995,431.59257660768236,3,3
2022,26,073,1680.3692991422351,2564.0278967996383,1,1
2022,26,075,1700.728972777131,2877.9172917820924,2,2
2022,26,077,2041.1129726959061,4709.172002784727,2,2
2022,26,079,1890.2643024422885,1644.9202631872422,3,3
2022,26,081,1880.3598241954842,3026.2231086485904,2,2
2022,26,083,862.0689655172414,957.8544061302681,3,3
2022,26,085,NA,NA,NA,NA
2022,26,087,692.5722244165719,932.9924987164409,3,3
2022,26,089,777.3596871901622,919.2018841464856,3,3
2022,26,091,1060.8182303577366,1705.5700512779183,3,3
2022,26,093,366.4398719519099,814.1964570616875,1,1
2022,26,095,1194.4138184490996,1819.1841234840133,3,3
2022,26,097,1014.4793876233515,2194.9644932214333,1,1
2022,26,099,1268.1527392976407,2188.9107188716825,2,2
2022,26,101,1265.06504908612,1931.5188762071994,3,3
2022,26,103,803.0010847294202,1131.433048089671,3,3
2022,26,105,904.7912811022003,1151.5525395846187,1,1
2022,26,107,NA,NA,NA,NA
2022,26,109,1301.5832373148978,1220.5010028592158,3,3
2022,26,111,407.89496016193004,739.2927343604159,2,2
2022,26,113,1073.629796540526,1100.139174232885,3,3
2022,26,115,10.665569636646897,20.759769471330568,3,3
2022,26,117,908.8055484970329,1289.9657703173345,3,3
2022,26,119,442.71676924738154,388.7269193391642,3,3
2022,26,121,1475.4443099342416,3025.911211899038,2,2
2022,26,123,167.5643327348893,271.2946339517255,3,3
2022,26,125,816.668044247274,1777.8333324062999,2,2
2022,26,127,1288.0518216198002,2242.8576777623844,3,3
2022,26,129,710.8549471661863,1109.5100864553315,3,3
2022,26,131,545.8887751620608,255.885363357216,3,3
2022,26,133,360.5247154895318,412.6487707410303,3,3
2022,26,135,1016.4569215876089,1197.967086156825,1,1
2022,26,137,681.9713730621309,943.6580627255065,3,3
2022,26,139,1171.3193683577485,1682.8171223661002,3,3
2022,26,141,412.74936941068563,252.23572575097455,3,3
2022,26,143,1091.0171506197996,1141.959585668195,3,3
2022,26,145,1894.9585552976112,2334.204492800807,2,2
2022,26,147,1223.5810086658907,1561.8875943260314,3,3
2022,26,149,1044.5579516152875,2061.1953290521787,3,3
2022,26,151,637.3524162312003,916.5017362137196,3,3
2022,26,153,1116.348300669809,1252.7908707516747,1,1
2022,26,155,962.9499148611355,1454.9222295770394,3,3
2022,26,157,971.4207988810588,1278.1196018651206,3,3
2022,26,159,962.3646273422391,1414.3762059487112,3,3
2022,26,161,1073.515520072996,2436.818932534391,2,2
2022,26,163,2278.0030051001518,4491.341709514052,2,2
2022,26,165,1232.0085292898182,1075.045904163952,3,3
2022,27,001,649.473485087332,2206.948735733653,3,3
2022,27,003,442.6462999691368,2536.168562006713,3,3
2022,27,005,906.1985114482131,1971.478893244702,2,2
2022,27,007,1806.6300730431774,4886.113152094049,1,1
2022,27,009,830.653990525367,3251.3814328144904,1,1
2022,27,011,775.0435962022864,1956.9850804107732,1,1
2022,27,013,1323.8842645411946,3318.083758236263,1,1
2022,27,015,164.96406856582504,309.1190108191654,1,1
2022,27,017,533.5240085803861,1295.3082888729994,3,3
2022,27,019,371.21325175346965,1450.34323235338,3,3
2022,27,021,611.5909033167152,825.0887420801664,3,3
2022,27,023,76.0953387495813,218.47453209785303,1,1
2022,27,025,528.7473430885169,1526.5164157605354,3,3
2022,27,027,762.5522532040976,3347.2675210926855,1,1
2022,27,029,550.2868516567147,222.4563868399485,1,1
2022,27,031,908.9288896809837,1621.8142933523436,3,3
2022,27,033,690.7699595432844,1097.4653775803502,1,1
2022,27,035,896.9620481384657,1823.973076114066,2,2
2022,27,037,547.4469833448067,2759.441873687991,1,1
2022,27,039,311.1089838701958,899.8229071937969,1,1
2022,27,041,448.4294336962075,1133.8211863061783,1,1
2022,27,043,401.981193022755,351.7335438949106,3,3
2022,27,045,150.58114912239424,594.5476354709178,3,3
2022,27,047,810.1889360598892,2417.6037852027093,3,3
2022,27,049,808.6981502253525,2592.0886854056193,2,2
2022,27,051,180.59431948776884,49.25299622393696,3,3
2022,27,053,1194.9646248794045,5046.443984632907,2,2
2022,27,055,212.47211303516414,520.5566769361521,3,3
2022,27,057,842.6835513757624,2397.6907677266167,1,1
2022,27,059,625.3484257216957,2438.374094093124,1,1
2022,27,061,443.9117503440316,912.238646956985,1,1
2022,27,063,210.21021021021022,380.38038038038036,3,3
2022,27,065,737.0703004026014,811.3967172499226,3,3
2022,27,067,952.2501487890858,2369.180057684384,1,1
2022,27,069,238.60653781913624,501.0737294201861,1,1
2022,27,071,803.5122597746853,1722.9953611663354,1,1
2022,27,073,148.45605700712588,311.75771971496437,3,3
2022,27,075,357.30645900137426,696.2895098488319,1,1
2022,27,077,NA,NA,NA,NA
2022,27,079,291.2775940958649,725.0430589197225,1,1
2022,27,081,195.3818827708703,106.57193605683837,3,3
2022,27,083,635.0583780372357,674.5029977911013,1,1
2022,27,085,664.361369020067,1532.932175238925,3,3
2022,27,087,1762.8502505102988,1837.0755242159955,1,1
2022,27,089,288.34423866030835,210.713097482533,1,1
2022,27,091,626.2525050100201,1442.885771543086,1,1
2022,27,093,512.8895004606952,1498.9149032064722,3,3
2022,27,095,1225.9069260550448,2816.7229638192953,1,1
2022,27,097,569.5010645840557,2480.960296854361,2,2
2022,27,099,1130.1831245945812,2599.6706751160123,3,3
2022,27,101,244.79804161566705,636.4749082007344,1,1
2022,27,103,335.16173044903036,1063.9680872314327,1,1
2022,27,105,788.5013967739029,1112.913400018023,1,1
2022,27,107,309.7413659594239,371.68963915130865,1,1
2022,27,109,624.1258848971394,2587.4747743387998,2,2
2022,27,111,517.180856864097,1188.5427430464408,1,1
2022,27,113,464.45158985351907,2200.7859949982135,1,1
2022,27,115,900.6531454107941,1852.8704022000686,1,1
2022,27,117,373.13432835820896,383.7953091684435,3,3
2022,27,119,832.0483166281163,1378.1804163454126,2,2
2022,27,121,397.8076379066478,937.057991513437,1,1
2022,27,123,1049.996445089994,5774.351842272279,2,2
2022,27,125,383.4355828220859,178.9366053169734,1,1
2022,27,127,764.8431423386052,1315.7894736842104,2,2
2022,27,129,1332.6987148976677,1747.4671924933707,3,3
2022,27,131,397.6171232364732,1551.722841280772,2,2
2022,27,133,300.23811988818716,962.8325913655658,3,3
2022,27,135,686.5437426441741,1000.3923107100825,1,1
2022,27,137,822.4982760516085,3245.020537472142,2,2
2022,27,139,477.1330893774542,2192.4609349270654,1,1
2022,27,141,713.0010202353951,2823.734555893521,1,1
2022,27,143,287.6254180602007,327.7591973244147,2,2
2022,27,145,573.4641978412152,2710.5155846785506,2,2
2022,27,147,722.0023531928549,1441.3306235961065,1,1
2022,27,149,702.3342284651932,1476.9675686841563,3,3
2022,27,151,285.5394656332857,234.55027534162758,1,1
2022,27,153,646.5794975404233,1253.143582134883,2,2
2022,27,155,627.8026905829596,986.5470852017936,3,3
2022,27,157,285.53235455271954,734.6293556480972,2,2
2022,27,159,231.30499779197592,334.22768869145233,2,2
2022,27,161,527.6209571044162,1672.5584340209994,1,1
2022,27,163,406.91679640383893,2585.670594394636,3,3
2022,27,165,892.4587237840251,1847.3895582329317,1,1
2022,27,167,526.8050821196158,1580.415246358847,1,1
2022,27,169,439.82969151670954,2355.8001285347045,1,1
2022,27,171,289.95540275091065,818.3298480205631,3,3
2022,27,173,402.4867287227213,666.3702040827844,3,3
2022,28,001,NA,NA,NA,NA
2022,28,003,1757.0642624650748,3695.5958176109684,1,1
2022,28,005,181.3451076243791,449.4204841125916,3,3
2022,28,007,633.3370698352203,1502.073758547248,1,1
2022,28,009,NA,NA,NA,NA
2022,28,011,1850.886339937435,4167.752867570386,3,3
2022,28,013,507.8450693549609,538.1641779731676,1,1
2022,28,015,NA,NA,NA,NA
2022,28,017,52.866541353383454,82.23684210526315,3,3
2022,28,019,740.8494836724502,991.1877950155463,1,1
2022,28,021,519.6815568332596,552.8527200353826,1,1
2022,28,023,180.02957628753293,237.89622580852568,3,3
2022,28,025,1973.3304656414668,2763.7380363479942,3,3
2022,28,027,122.27238525206923,98.75846501128669,3,3
2022,28,029,NA,NA,NA,NA
2022,28,031,643.9993450854117,1560.8797685968455,3,3
2022,28,033,1116.457409217352,2905.259540099026,1,1
2022,28,035,1323.2202971025185,2942.0976688421247,1,1
2022,28,037,NA,NA,NA,NA
2022,28,039,2077.646962968998,3043.141728113415,1,1
2022,28,041,160.91281451141018,380.3393797542422,3,3
2022,28,043,959.2996181428705,1457.5766042656235,3,3
2022,28,045,1540.9693544881547,3127.580960660726,1,1
2022,28,047,1001.2071971947036,2659.1871538888995,2,2
2022,28,049,111.23814232302321,325.76884537456795,3,3
2022,28,051,5.935422602089269,11.870845204178538,3,3
2022,28,053,NA,NA,NA,NA
2022,28,055,NA,NA,NA,NA
2022,28,057,318.15137307434696,795.3784326858674,3,3
2022,28,059,709.0126008029446,2027.539468831973,3,3
2022,28,061,514.7058823529412,876.2254901960785,1,1
2022,28,063,804.7731372276953,874.1501318162898,3,3
2022,28,065,NA,NA,NA,NA
2022,28,067,978.3774124374553,1834.643793185609,2,2
2022,28,069,278.39643652561244,734.966592427617,3,3
2022,28,071,1085.9502955209,1951.1500391654206,1,1
2022,28,073,1553.0015511783906,3501.0348060354913,1,1
2022,28,075,NA,NA,NA,NA
2022,28,077,NA,NA,NA,NA
2022,28,079,496.8361846730724,998.3595031638154,3,3
2022,28,081,1944.9743829715753,3942.742641853545,3,3
2022,28,083,NA,NA,NA,NA
2022,28,085,717.2572084349448,2734.1844785540097,1,1
2022,28,087,614.8906007139564,1079.4746101422788,3,3
2022,28,089,425.6020209231445,1377.4861107297472,3,3
2022,28,091,562.3512026927182,660.8652819965521,3,3
2022,28,093,232.48969982342555,373.74926427310186,3,3
2022,28,095,880.9412315616952,1858.4640599391244,3,3
2022,28,097,NA,NA,NA,NA
2022,28,099,234.5699719974129,601.3674177063971,3,3
2022,28,101,37.81470793113743,83.5904070056722,3,3
2022,28,103,428.80810837150375,584.7383295975051,3,3
2022,28,105,1358.293765081342,3031.8362263563477,1,1
2022,28,107,199.05299031878639,1055.5840395693217,3,3
2022,28,109,863.2769458571316,2028.4716962962798,1,1
2022,28,111,NA,NA,NA,NA
2022,28,113,763.13033068981,1164.6466157913112,3,3
2022,28,115,823.6651496698929,1887.6995064418948,1,1
2022,28,117,1419.1220685508117,3022.6498296251752,3,3
2022,28,119,NA,NA,NA,NA
2022,28,121,178.77023889047936,472.6914145751821,3,3
2022,28,123,314.9268153025803,851.7338868410693,3,3
2022,28,125,NA,NA,NA,NA
2022,28,127,57.939665494997875,73.39024296033064,3,3
2022,28,129,146.7505241090147,468.2040531097135,1,1
2022,28,131,1470.5882352941176,2516.339869281046,1,1
2022,28,133,65.72080256697723,490.97305447094755,3,3
2022,28,135,1140.955550273354,1877.8226764915617,3,3
2022,28,137,1117.676372179113,1445.1484302698084,1,1
2022,28,139,41.34319445082457,110.24851853553218,3,3
2022,28,141,493.7091893613633,1359.0274459839677,1,1
2022,28,143,2339.838561356902,8082.149790538469,1,1
2022,28,145,749.6413199426112,1682.209469153515,1,1
2022,28,147,446.4285714285714,914.4585253456222,3,3
2022,28,149,1698.2025664734672,3015.268036354615,3,3
2022,28,151,NA,NA,NA,NA
2022,28,153,850.2024291497976,1396.761133603239,1,1
2022,28,155,615.4805308807613,921.7793782450611,1,1
2022,28,157,NA,NA,NA,NA
2022,28,159,952.595682317795,1922.1013471619412,1,1
2022,28,161,712.0569645571646,1168.093447475798,3,3
2022,28,163,NA,NA,NA,NA
2022,29,001,940.7486461915491,5375.706549665995,1,1
2022,29,003,702.8612540815762,1173.2802036637333,1,1
2022,29,005,322.5806451612903,531.3092979127134,1,1
2022,29,007,578.9410203835484,1089.5348369718167,3,3
2022,29,009,1037.9209982761383,2228.8281117684583,3,3
2022,29,011,1386.6301463665154,3517.9320380039376,3,3
2022,29,013,850.8788274020247,2074.405316439973,2,2
2022,29,015,779.9755301794453,1447.7977161500817,3,3
2022,29,017,863.2013510977669,1116.5321823981985,1,1
2022,29,019,1497.4761332949365,3798.5688127231138,2,2
2022,29,021,1700.889477668433,5305.165009650366,2,2
2022,29,023,1951.2771996215706,3916.7455061494798,3,3
2022,29,025,292.9247408742677,495.71879224876074,3,3
2022,29,027,1487.2329375678278,2911.8695721623685,2,2
2022,29,029,958.9016078121762,1878.4557140825345,2,2
2022,29,031,1234.9607725542514,2584.972400034271,2,2
2022,29,033,599.0837542581933,763.5381181722072,3,3
2022,29,035,773.7308926212493,868.0883185506699,3,3
2022,29,037,1946.7661941766657,5221.186819198681,2,2
2022,29,039,796.4230822970519,1844.3481905826463,3,3
2022,29,041,671.9861661276152,981.0141689703092,3,3
2022,29,043,1793.8570380233673,4336.3918208140585,2,2
2022,29,045,806.8130883012102,1180.3376662184373,3,3
2022,29,047,1396.3556801423645,4368.667449260412,2,2
2022,29,049,671.8332773696013,1060.4881036373658,3,3
2022,29,051,762.0347420769023,1877.6473176752227,2,2
2022,29,053,994.494761143669,1781.8031137157402,3,3
2022,29,055,1435.1061687869037,2532.4106393361335,3,3
2022,29,057,1052.90866017373,2421.689918399579,3,3
2022,29,059,1031.5887632591212,1148.1524653222987,3,3
2022,29,061,831.551437396056,1116.6547873604181,3,3
2022,29,063,1173.1176733608788,1220.2655509098634,3,3
2022,29,065,613.4123647391274,1612.7920601006274,3,3
2022,29,067,754.0455816317885,999.7458273320343,1,1
2022,29,069,1512.0323702704623,2704.62128203308,3,3
2022,29,071,878.379209388089,2393.67134272005,2,2
2022,29,073,439.15951624890215,851.2938314978718,3,3
2022,29,075,NA,NA,NA,NA
2022,29,077,1458.0189271609634,3740.381103648563,2,2
2022,29,079,587.1633933994736,1700.7491395019235,1,1
2022,29,081,500.61050061050065,1440.7814407814408,3,3
2022,29,083,575.5982596084119,1704.133430021755,3,3
2022,29,085,662.5650733554188,1029.3421675343113,1,1
2022,29,087,678.5212915301826,1123.0697239120261,1,1
2022,29,089,463.4194438966673,798.6590416091501,3,3
2022,29,091,1321.3213213213212,2449.9499499499498,1,1
2022,29,093,304.04697001467815,461.31264416020133,2,2
2022,29,095,1568.8728719086585,5042.359817983135,2,2
2022,29,097,1416.2616065552331,4231.9842982914715,2,2
2022,29,099,917.0943365786525,1896.3318069587756,2,2
2022,29,101,840.3516890328552,2239.7038408144376,3,3
2022,29,103,0,106.04453870625663,3,3
2022,29,105,947.8519647613126,2820.9025094603426,3,3
2022,29,107,375.22945733547397,747.148273317951,3,3
2022,29,109,990.9001448777097,2088.8136772128046,2,2
2022,29,111,590.7679983979173,730.9502353058976,3,3
2022,29,113,1053.6462141860002,1379.3791132088013,3,3
2022,29,115,909.5087963194985,826.0862688149358,3,3
2022,29,117,784.6132481599778,1784.4743785585335,1,1
2022,29,119,889.6112227877336,1488.3880073564005,3,3
2022,29,121,929.2822777301786,1647.6636129967706,1,1
2022,29,123,585.0264843070598,1628.5872400980315,3,3
2022,29,125,437.66264490182164,603.264726756565,3,3
2022,29,127,1100.9527943470475,2154.597575595477,1,1
2022,29,129,255.89991470002846,341.1998862667046,1,1
2022,29,131,832.1902355775067,1601.2188575113998,1,1
2022,29,133,1210.8898821617229,3210.07720438846,2,2
2022,29,135,142.84786702162197,214.27180053243296,3,3
2022,29,137,631.4541112680953,1083.6699552924215,1,1
2022,29,139,542.8596445144909,1199.5446983626653,3,3
2022,29,141,846.5420414313649,878.9571198341117,3,3
2022,29,143,2064.680049355674,4013.1380949470727,3,3
2022,29,145,1626.596008985175,4850.355173442228,2,2
2022,29,147,837.2753074739829,2109.744560075686,1,1
2022,29,149,557.8959353296141,762.8372993282478,3,3
2022,29,151,426.20008972633474,1166.4423508299685,3,3
2022,29,153,506.44567219152856,702.1178637200737,3,3
2022,29,155,2886.5316618450656,4500.160720025715,3,3
2022,29,157,738.0073800738007,1428.5714285714284,1,1
2022,29,159,882.5100443577417,2868.1576441626603,3,3
2022,29,161,1616.7517784269562,3394.063733470107,3,3
2022,29,163,1015.858682769908,1168.2374851853942,3,3
2022,29,165,1446.319438282091,4559.9706893627435,2,2
2022,29,167,1323.8385042507136,2484.549989020297,1,1
2022,29,169,483.29452349831837,1123.726173230841,1,1
2022,29,171,340.57045551298427,212.85653469561515,3,3
2022,29,173,1479.5169278465257,2273.7401490598986,1,1
2022,29,175,722.0509492130457,1415.7066363783872,3,3
2022,29,177,1247.7708744136733,1852.8062862681008,3,3
2022,29,179,524.4182235332678,81.94034742707309,3,3
2022,29,181,221.42264046498752,1088.6613156195222,3,3
2022,29,183,588.949164344565,1705.8178925042587,2,2
2022,29,185,632.3687031082529,535.9056806002144,3,3
2022,29,186,994.9172704660971,1313.9396561046826,3,3
2022,29,187,1185.3803095159697,3184.961235669171,3,3
2022,29,189,853.1421058494714,3844.2054703495883,3,3
2022,29,195,1421.2498384943367,2334.2951892846377,3,3
2022,29,197,934.5794392523363,2311.854402361043,3,3
2022,29,199,NA,NA,NA,NA
2022,29,201,1178.8480702530267,2181.6137272492415,3,3
2022,29,203,364.55412226584406,729.1082445316881,3,3
2022,29,205,611.6713506364688,776.9879318895686,3,3
2022,29,207,1130.6532663316584,1821.608040201005,3,3
2022,29,209,1270.9969981477934,2110.876924059526,3,3
2022,29,211,534.8487380912586,417.85057663379575,1,1
2022,29,213,1371.8373011636597,2658.2683890253015,2,2
2022,29,215,1222.6579202534385,1536.017771089426,2,2
2022,29,217,1931.5366334631135,4267.583556656723,3,3
2022,29,219,938.5186989573824,1757.4242591574027,2,2
2022,29,221,1005.089058524173,1721.7981340118745,3,3
2022,29,223,1498.0597419005505,2093.673856150167,3,3
2022,29,225,929.7350321886848,1439.4732141836287,2,2
2022,29,227,504.54086781029264,706.3572149344096,1,1
2022,29,229,727.6778974802503,842.4222343378472,2,2
2022,29,510,1916.3272017126483,11617.754632270535,1,1
2022,30,001,781.4975182173408,718.132854578097,1,1
2022,30,003,1596.6386554621847,2299.4652406417113,1,1
2022,30,005,298.7197724039829,384.06827880512094,3,3
2022,30,007,831.3028522287516,888.6340834169414,1,1
2022,30,009,413.3395960544857,366.3691874119305,3,3
2022,30,011,NA,NA,NA,NA
2022,30,013,1461.6869810359735,5365.836324224441,2,2
2022,30,015,406.9866033576394,220.45107681872136,1,1
2022,30,017,1062.1393326085138,1003.5962197875722,1,1
2022,30,019,NA,NA,NA,NA
2022,30,021,1424.56533931576,1155.356141334829,1,1
2022,30,023,1452.0402755696873,2575.516693163752,1,1
2022,30,025,816.0489629377763,578.0346820809249,1,1
2022,30,027,939.4572025052191,948.1558803061934,1,1
2022,30,029,908.9193015573384,2459.6507786691836,1,1
2022,30,031,1016.83586080127,2380.415256715545,2,2
2022,30,033,102.45901639344262,307.37704918032784,1,1
2022,30,035,3352.441767651114,2256.730280821421,1,1
2022,30,037,237.81212841854932,832.3424494649228,1,1
2022,30,039,742.2802850356294,1692.3990498812352,1,1
2022,30,041,2740.485281438601,5456.336987313708,1,1
2022,30,043,912.5723132078547,1116.2714902631792,3,3
2022,30,045,343.3055419323198,0,1,1
2022,30,047,1418.6422926782825,3199.08597543559,1,1
2022,30,049,1362.4854868717389,3084.47689789752,3,3
2022,30,051,401.4049172102358,903.1610637230306,1,1
2022,30,053,540.7550726794663,545.7161283921218,1,1
2022,30,055,57.2737686139748,114.5475372279496,1,1
2022,30,057,503.31731869137496,709.2198581560284,1,1
2022,30,059,154.0041067761807,154.0041067761807,1,1
2022,30,061,988.8220120378332,1268.2717110920034,1,1
2022,30,063,1363.241410145013,3855.206215570984,2,2
2022,30,065,324.9390739236393,649.8781478472786,3,3
2022,30,067,1368.3602771362587,2453.810623556582,1,1
2022,30,069,961.5384615384615,0,1,1
2022,30,071,1606.4257028112447,1393.8105362626977,3,3
2022,30,073,618.005678971104,1636.8799064640054,3,3
2022,30,075,225.60631697687538,0,1,1
2022,30,077,1271.7919405544442,1114.6041726207486,1,1
2022,30,079,155.8846453624318,233.82696804364772,1,1
2022,30,081,784.3836349050717,915.8570282556377,3,3
2022,30,083,1205.3492873482314,1566.0742565546366,1,1
2022,30,085,2176.127419205482,1287.156218168349,3,3
2022,30,087,986.7629362214199,445.2466907340554,1,1
2022,30,089,967.1026555687674,1030.5192231470473,1,1
2022,30,091,1702.7027027027027,2594.5945945945946,3,3
2022,30,093,1042.3157536962556,6324.7040163145075,1,1
2022,30,095,712.8536422365784,1470.2606371129427,1,1
2022,30,097,1000.8114687584527,1109.007303218826,1,1
2022,30,099,529.015710163514,849.6312920807951,3,3
2022,30,101,1076.1259465922678,2212.036667995217,3,3
2022,30,103,NA,NA,NA,NA
2022,30,105,1324.1525423728813,1059.322033898305,3,3
2022,30,107,582.5242718446602,485.43689320388347,1,1
2022,30,109,NA,NA,NA,NA
2022,30,111,1666.2236292018076,5591.334187187356,1,1
2022,31,001,1371.0946280062935,3111.4536171852424,1,1
2022,31,003,NA,NA,NA,NA
2022,31,005,NA,NA,NA,NA
2022,31,007,149.2537313432836,447.7611940298508,1,1
2022,31,009,NA,NA,NA,NA
2022,31,011,370.5762460626274,240.87455994070783,3,3
2022,31,013,1336.0549267025422,2588.6064204861755,3,3
2022,31,015,0,56.59309564233164,3,3
2022,31,017,520.2526941657376,111.48272017837235,3,3
2022,31,019,1407.1013711753787,3239.326986408,3,3
2022,31,021,193.53878219443203,297.7519726068185,3,3
2022,31,023,418.01027110951867,286.6356144750985,3,3
2022,31,025,433.66107144192307,1398.1831096489589,3,3
2022,31,027,597.0149253731344,620.8955223880597,3,3
2022,31,029,161.98704103671707,323.97408207343415,3,3
2022,31,031,1279.006029599854,1169.3769413484379,1,1
2022,31,033,1422.6999683844451,2044.4725471598695,1,1
2022,31,035,82.1287779237845,180.6833114323259,3,3
2022,31,037,397.6143141153081,463.88336646785956,1,1
2022,31,039,288.88888888888886,366.6666666666667,3,3
2022,31,041,302.8582244936589,766.6098807495741,1,1
2022,31,043,1267.9301213088497,3722.4073129739522,3,3
2022,31,045,1050.8515521198212,1497.7654306075613,3,3
2022,31,047,669.8007238840122,1630.8191538045514,1,1
2022,31,049,0,107.64262648008611,3,3
2022,31,051,355.44244872211976,964.8706616635071,1,1
2022,31,053,1285.8103564223268,2477.471418964358,3,3
2022,31,055,158.58903813345506,294.86576570700845,2,2
2022,31,057,54.794520547945204,219.17808219178082,3,3
2022,31,059,17.995321216483713,0,3,3
2022,31,061,103.41261633919339,344.7087211306446,1,1
2022,31,063,361.30068245684464,160.57808109193095,3,3
2022,31,065,1598.2721382289417,1619.8704103671707,3,3
2022,31,067,761.9839290662234,1431.6061697607831,1,1
2022,31,069,112.48593925759282,0,3,3
2022,31,071,490.99836333878886,163.66612111292963,1,1
2022,31,073,266.95141484249865,160.17084890549918,1,1
2022,31,075,154.08320493066256,0,1,1
2022,31,077,0,0,3,3
2022,31,079,1511.785856971634,4829.404714342789,2,2
2022,31,081,329.78723404255317,1085.1063829787236,1,1
2022,31,083,129.2824822236587,64.64124111182934,3,3
2022,31,085,NA,NA,NA,NA
2022,31,087,381.6793893129771,763.3587786259542,1,1
2022,31,089,216.77012513548135,167.50418760469012,3,3
2022,31,091,758.7253414264037,0,1,1
2022,31,093,247.06609017912294,463.24891908585545,1,1
2022,31,095,1057.759220598469,1489.213639526792,3,3
2022,31,097,358.8968643747639,623.3471854930109,3,3
2022,31,099,450.78888054094665,871.5251690458302,1,1
2022,31,101,1059.8578826930025,2577.381669276165,1,1
2022,31,103,101.31712259371835,0,1,1
2022,31,105,530.1914580265096,913.1075110456554,1,1
2022,31,107,190.13666072489602,356.50623885918003,3,3
2022,31,109,1682.900550513409,5161.102020412155,1,1
2022,31,111,978.8022703579289,3422.9120815475503,1,1
2022,31,113,0,0,1,1
2022,31,115,NA,NA,NA,NA
2022,31,117,0,219.29824561403507,1,1
2022,31,119,582.4750970791828,1314.0863301254994,3,3
2022,31,121,442.99674267100977,456.0260586319218,1,1
2022,31,123,263.042525208242,569.9254712845244,3,3
2022,31,125,148.54426619132502,29.708853238265004,3,3
2022,31,127,712.3521869212138,1154.0105428123666,3,3
2022,31,129,NA,NA,NA,NA
2022,31,131,875.27352297593,1906.8458893404188,3,3
2022,31,133,391.69604386995695,430.8656482569526,1,1
2022,31,135,769.2307692307693,1223.7762237762238,3,3
2022,31,137,479.5895605621236,591.1220165068034,3,3
2022,31,139,164.36104643199562,438.29612381865496,1,1
2022,31,141,488.0329641427277,1911.2189134691253,3,3
2022,31,143,135.0829795445774,540.3319181783096,3,3
2022,31,145,477.08138447146865,944.8082319925164,1,1
2022,31,147,1031.8471337579617,1324.8407643312103,3,3
2022,31,149,NA,NA,NA,NA
2022,31,151,826.6199649737302,1835.3765323992993,3,3
2022,31,153,919.6327742691036,2012.8403530051446,3,3
2022,31,155,357.5578796817735,750.8715473317243,1,1
2022,31,157,1287.172658677319,3176.3204616067464,1,1
2022,31,159,515.7560643844934,793.4708682838359,1,1
2022,31,161,1058.4084672677382,1274.0101920815366,3,3
2022,31,163,NA,NA,NA,NA
2022,31,165,NA,NA,NA,NA
2022,31,167,34.317089910775564,51.475634866163354,3,3
2022,31,169,399.5205753096284,479.4246903715541,1,1
2022,31,171,NA,NA,NA,NA
2022,31,173,967.8278072856347,119.10833140713545,2,2
2022,31,175,592.1539600296077,666.1732050333087,1,1
2022,31,177,454.8936985251868,1249.760582263934,1,1
2022,31,179,422.6368415627255,896.8147613648077,1,1
2022,31,181,117.30205278592375,234.6041055718475,3,3
2022,31,183,NA,NA,NA,NA
2022,31,185,738.8122713200112,1343.93470306783,3,3
2022,32,001,1074.422448738636,1841.8670549805186,1,1
2022,32,003,2046.6246470537874,4139.676229497344,2,2
2022,32,005,1388.5520252243514,1891.8263400436574,3,3
2022,32,007,1488.8059701492539,2486.940298507463,3,3
2022,32,009,NA,NA,NA,NA
2022,32,011,1602.9593094944512,3575.8323057953144,1,1
2022,32,013,1870.7285995598286,3666.164716784432,3,3
2022,32,015,2147.346368715084,2636.173184357542,1,1
2022,32,017,NA,NA,NA,NA
2022,32,019,1324.1356103306132,1717.8430217885084,3,3
2022,32,021,1291.5936952714535,1138.353765323993,3,3
2022,32,023,1601.60934658981,2928.5465588610778,3,3
2022,32,027,91.08850766661605,379.5354486109003,3,3
2022,32,029,2148.962148962149,3418.803418803419,1,1
2022,32,031,1710.179709620814,4245.963416989607,2,2
2022,32,033,1467.1557185728577,1222.6297654773814,3,3
2022,32,510,1345.9458531476937,2724.5102920221807,1,1
2022,33,001,1362.768720468129,3234.0332321557094,1,1
2022,33,003,1116.8334023954694,2030.4268040016573,2,2
2022,33,005,903.2763346821564,2061.0886307270594,3,3
2022,33,007,769.9650015908368,1794.4638880050907,3,3
2022,33,009,950.0638513364745,2148.9277379012724,2,2
2022,33,011,1130.500812569636,2405.537301322584,2,2
2022,33,013,1036.2660637482295,1762.6268532595277,2,2
2022,33,015,860.1734307625431,1736.84594614318,1,1
2022,33,017,1002.5579353262322,2177.681059825144,1,1
2022,33,019,982.5629670633822,1905.1573023341637,3,3
2022,34,001,1232.781339875118,3548.5293742413583,3,3
2022,34,003,301.91672008081883,1314.670026425581,3,3
2022,34,005,456.63880065735196,1816.1622854024981,3,3
2022,34,007,458.3021579429792,1572.7705370076599,3,3
2022,34,009,829.701642641636,1660.4508883674155,3,3
2022,34,011,1582.1548558481131,3282.8085527515173,2,2
2022,34,013,912.14403063604,2452.383128616527,2,2
2022,34,015,285.8360787916239,785.8013819265682,3,3
2022,34,017,492.1147874594995,1510.0508546702451,2,2
2022,34,019,6.971394046429485,106.12010937342659,3,3
2022,34,021,375.5225000781796,1655.843140525158,3,3
2022,34,023,270.4188935147132,732.5492037988855,2,2
2022,34,025,218.7962628914074,423.44152370526103,3,3
2022,34,027,229.15946039432723,892.0710040564762,3,3
2022,34,029,413.9717014957155,1113.5275117388533,2,2
2022,34,031,968.2953002580839,1942.5522994849862,3,3
2022,34,033,723.3189389265885,1546.8846391116595,2,2
2022,34,035,198.8532602078973,443.50654244618494,3,3
2022,34,037,227.8879619910502,414.3417490746368,3,3
2022,34,039,507.2725969665029,1858.1349778614492,3,3
2022,34,041,NA,NA,NA,NA
2022,35,001,2461.1143148900014,7865.942591845239,1,1
2022,35,003,NA,NA,NA,NA
2022,35,005,2445.093584334091,4593.43750482991,2,2
2022,35,006,870.9712983719819,1051.0455330564844,1,1
2022,35,007,864.9959579628132,1673.4033953112369,2,2
2022,35,009,1318.103751526062,3583.9178926893865,3,3
2022,35,011,1120.94395280236,1651.9174041297936,1,1
2022,35,013,1968.8907081457226,5669.713921862919,1,1
2022,35,015,1612.692609036302,4998.041264037608,2,2
2022,35,017,203.52781546811397,242.8051131900307,3,3
2022,35,019,1631.5431679129845,1903.4670292318153,3,3
2022,35,021,NA,NA,NA,NA
2022,35,023,1033.6538461538462,1394.2307692307693,1,1
2022,35,025,2066.9466369369243,6447.067835793333,2,2
2022,35,027,187.91415290277916,163.18860646820295,3,3
2022,35,028,311.6397444554095,560.9515400197372,3,3
2022,35,029,NA,NA,NA,NA
2022,35,031,1924.4377228643182,3006.673789074966,1,1
2022,35,033,617.8707224334601,855.5133079847909,3,3
2022,35,035,825.3500368459838,2156.226971260133,3,3
2022,35,037,138.87281564633724,1874.7830112255524,1,1
2022,35,039,153.90343800421994,290.4306813950602,3,3
2022,35,041,1013.4782154424826,2747.884233622401,3,3
2022,35,043,211.91232281523568,552.3161676979483,3,3
2022,35,045,2387.5597300448285,2825.9905745578744,1,1
2022,35,047,1076.6121624104355,2289.178761712291,3,3
2022,35,049,1399.7413590685599,5210.752690613192,2,2
2022,35,051,1025.551885972536,2268.381713888406,1,1
2022,35,053,364.675135233696,1148.7266759861423,3,3
2022,35,055,562.7266134880348,2062.364031907179,3,3
2022,35,057,1236.5980398605539,2703.413799907913,3,3
2022,35,059,441.8262150220913,392.73441335297,1,1
2022,35,061,1520.6296581520107,4328.247164319371,1,1
2022,36,001,1297.608882653369,3699.2010563704407,2,2
2022,36,003,NA,NA,NA,NA
2022,36,005,NA,NA,NA,NA
2022,36,007,1015.8041993295188,3066.569203236458,2,2
2022,36,009,798.7012987012987,1392.2077922077922,3,3
2022,36,011,1146.1054732115897,1589.843903847921,3,3
2022,36,013,1483.8355304457,3150.502197112367,3,3
2022,36,015,100.49770290964778,215.3522205206738,2,2
2022,36,017,343.9782571768303,738.9162561576354,3,3
2022,36,019,NA,NA,NA,NA
2022,36,021,196.8471912671428,320.486749418406,3,3
2022,36,023,1728.1574163191103,3460.5924500053466,3,3
2022,36,025,NA,NA,NA,NA
2022,36,027,364.2901233526834,1028.4449871317886,2,2
2022,36,029,821.8815178631501,2087.713617708403,2,2
2022,36,031,NA,NA,NA,NA
2022,36,033,8.428327609094167,29.499146631829582,3,3
2022,36,035,983.4834834834836,1351.3513513513515,3,3
2022,36,037,1125.3522094701395,2379.561542162051,3,3
2022,36,039,NA,NA,NA,NA
2022,36,041,NA,NA,NA,NA
2022,36,043,154.24676164728908,524.1072761348747,3,3
2022,36,045,1157.137383456086,1767.6359146834689,2,2
2022,36,047,NA,NA,NA,NA
2022,36,049,333.4582240539528,539.5279130760584,3,3
2022,36,051,490.4808002581478,984.188447886415,3,3
2022,36,053,42.63451925904146,288.1505439576595,3,3
2022,36,055,1165.776051485578,3646.58662147048,2,2
2022,36,057,108.81831371916813,560.2128002579398,3,3
2022,36,059,68.09870713236776,140.228627371937,3,3
2022,36,061,482.60278625186606,893.0855287820947,2,2
2022,36,063,1033.7841021533243,2367.2430853319515,3,3
2022,36,065,1260.305987751834,2598.948302352254,2,2
2022,36,067,NA,NA,NA,NA
2022,36,069,NA,NA,NA,NA
2022,36,071,207.6079723455215,400.26218917996096,3,3
2022,36,073,NA,NA,NA,NA
2022,36,075,931.0639884104136,1590.1793505426265,3,3
2022,36,077,134.0527497570294,395.4556117832367,3,3
2022,36,079,64.32378346368259,327.74499193400175,3,3
2022,36,081,NA,NA,NA,NA
2022,36,083,NA,NA,NA,NA
2022,36,085,NA,NA,NA,NA
2022,36,087,578.6687062366968,1626.6163888938297,3,3
2022,36,089,590.7794239440508,1085.8562620778503,3,3
2022,36,091,333.01174638637826,859.8219423851597,3,3
2022,36,093,1596.7688322765557,3255.0000940751474,2,2
2022,36,095,126.79346012679346,100.1001001001001,3,3
2022,36,097,291.2349481937832,464.85578269392323,3,3
2022,36,099,1054.9463611779738,1500.698344774301,3,3
2022,36,101,122.88425371858438,284.2366216447256,3,3
2022,36,103,20.925085569824848,58.38033278101602,3,3
2022,36,105,NA,NA,NA,NA
2022,36,107,155.13817640244912,541.9493628992223,3,3
2022,36,109,84.83252888693872,517.7709521720053,2,2
2022,36,111,354.09792866436453,720.2736161358858,3,3
2022,36,113,523.7196273064978,1475.2451129651056,2,2
2022,36,115,58.7179905398793,89.70804110259337,3,3
2022,36,117,NA,NA,NA,NA
2022,36,119,202.1236511728583,742.4561881704052,3,3
2022,36,121,168.5755367147603,570.1819624175715,3,3
2022,36,123,319.66980941205037,736.4544976328248,3,3
2022,37,001,1055.7643626879806,2075.082524586059,1,1
2022,37,003,895.76770305437606,1860.019175455417,1,1
2022,37,005,209.3002093002093,1565.2015652015652,3,3
2022,37,007,1941.4414414414414,4013.5135135135133,3,3
2022,37,009,418.550767965918,1834.8966702791583,3,3
2022,37,011,404.14034026595584,1187.4968318725153,3,3
2022,37,013,641.9002035293328,1078.0344881572767,3,3
2022,37,015,600.5163317993041,2183.1855427096198,3,3
2022,37,017,1107.1224880061732,2532.9620558929114,3,3
2022,37,019,1248.91748556051,2133.5375498314497,1,1
2022,37,021,1164.9699943217454,3728.3493351246434,2,2
2022,37,023,816.8357882305235,3292.0460725686557,2,2
2022,37,025,375.8154543210039,1670.985427169794,2,2
2022,37,027,1251.6104042197326,4213.047663104274,2,2
2022,37,029,1077.1174400347277,3700.671818237196,3,3
2022,37,031,1369.3619885008704,2899.6532705221425,3,3
2022,37,033,250.58249439486525,364.88328131182135,3,3
2022,37,035,708.3741580947587,2465.2069641361104,2,2
2022,37,037,848.9717491821436,2512.193979721739,1,1
2022,37,039,1638.4924483857558,3824.303727310517,1,1
2022,37,041,368.63028550777017,2276.8341163715218,1,1
2022,37,043,920.7938494546755,2145.539066690506,1,1
2022,37,045,678.5666257929861,2145.789507169284,3,3
2022,37,047,448.58047887933583,1912.3694099592738,3,3
2022,37,049,1436.2301924864983,2760.6876496073114,2,2
2022,37,051,1861.5363044327833,4928.596359861221,2,2
2022,37,053,1450.2376292982947,2187.5873637126083,1,1
2022,37,055,1122.1743810548978,2707.2120559741657,2,2
2022,37,057,467.0940323831458,2409.4296045658643,2,2
2022,37,059,2300.7204276086454,3316.2909597954913,3,3
2022,37,061,1099.3706126892644,3619.190438874327,3,3
2022,37,063,1724.1121751782437,5129.26716569158,2,2
2022,37,065,804.5147650709406,3132.442364101027,2,2
2022,37,067,2908.873642986141,5370.63595099401,2,2
2022,37,069,894.1330953997091,1701.6637157110094,3,3
2022,37,071,1248.9051038323528,3824.205613437288,2,2
2022,37,073,371.1104767342278,1208.4879626986394,3,3
2022,37,075,1068.7212625823288,3019.7589163663474,3,3
2022,37,077,824.0545445627115,2481.9738068376905,1,1
2022,37,079,548.8312833831528,2352.1340716420837,3,3
2022,37,081,1807.8545171061048,4890.241539676718,2,2
2022,37,083,857.0491265480193,4344.705978840318,3,3
2022,37,085,1035.9533797974186,2979.252634359002,2,2
2022,37,087,928.3691594799845,3422.2551164886086,2,2
2022,37,089,645.6653701843409,2283.361787884954,3,3
2022,37,091,457.63417001802804,2676.466509499376,3,3
2022,37,093,1303.885045236828,2862.464836919334,1,1
2022,37,095,NA,NA,NA,NA
2022,37,097,1301.5121643934158,2704.687435969469,3,3
2022,37,099,1036.7717457528372,2432.765913325659,1,1
2022,37,101,569.297212406753,2331.9728636517198,2,2
2022,37,103,345.4604339846702,939.2205548958221,1,1
2022,37,105,616.7400881057268,2983.0081812460667,1,1
2022,37,107,880.0472875101444,2179.899018416681,3,3
2022,37,109,1057.6234178294837,2600.8438242753004,3,3
2022,37,111,721.5039548275785,3578.390732483363,3,3
2022,37,113,306.1184005885661,2137.6164383615182,1,1
2022,37,115,135.4254226207154,980.6668534603531,3,3
2022,37,117,1591.4878137504547,3778.6467806475084,3,3
2022,37,119,1672.6241682099896,4960.728910348955,2,2
2022,37,121,0,60.04403229034626,3,3
2022,37,123,758.5432872789195,3548.898951197802,1,1
2022,37,125,879.3259162953185,2436.506912533868,2,2
2022,37,127,570.8152809045738,2372.4336263666974,2,2
2022,37,129,1274.6894369098864,3748.6740249151817,2,2
2022,37,131,11.41031492469192,45.64125969876768,3,3
2022,37,133,1148.8431211586792,2672.0634551831035,2,2
2022,37,135,1918.1515736317722,5786.763889811001,1,1
2022,37,137,1339.6119184866445,2395.06373305188,1,1
2022,37,139,1177.625015077711,3492.0901352907567,1,1
2022,37,141,668.86511273661,1971.6535112932588,3,3
2022,37,143,758.4463341760514,2459.2047805102275,3,3
2022,37,145,1060.5402366410262,2874.9584728220593,1,1
2022,37,147,1823.8446916372393,3439.045194728703,2,2
2022,37,149,358.2761797522776,2019.6097823127902,1,1
2022,37,151,1077.3544331171702,3677.665770265328,2,2
2022,37,153,2115.9238916313243,6498.412477693573,3,3
2022,37,155,1617.093699473904,6928.125112922557,2,2
2022,37,157,1111.7323948294577,3183.8963260204587,2,2
2022,37,159,678.717077274589,2927.2072132461212,2,2
2022,37,161,691.0946196660483,2476.808905380334,3,3
2022,37,163,608.5945007333479,2717.60203651567,3,3
2022,37,165,1135.9196561204683,5833.660981192108,3,3
2022,37,167,738.1662229166334,2431.325032284808,3,3
2022,37,169,10.970158833895457,43.64722770081809,3,3
2022,37,171,567.3240572708881,2379.175702699975,2,2
2022,37,173,3205.944798301486,5244.16135881104,1,1
2022,37,175,516.1329268660771,1684.2232350366728,1,1
2022,37,177,1475.3614635585718,2862.2012393036293,3,3
2022,37,179,961.9599492671163,2337.864502892336,1,1
2022,37,181,2440.4593805892873,4219.6178104113715,1,1
2022,37,183,855.2984148660355,2350.3754021170635,2,2
2022,37,185,537.1483273945647,3478.1683773865875,3,3
2022,37,187,1040.6298072572617,2977.10614424034,3,3
2022,37,189,475.9226365528291,1792.8510580532911,3,3
2022,37,191,1242.6611878367978,4006.047676866098,2,2
2022,37,193,695.2984485927823,2399.362702939032,2,2
2022,37,195,1057.4810289844036,3227.3211068354344,3,3
2022,37,197,1140.0214592274679,2204.9356223175964,2,2
2022,37,199,178.012730607401,722.8395727694466,3,3
2022,38,001,684.931506849315,867.5799086757991,1,1
2022,38,003,1053.0205061888048,2078.3299464252723,1,1
2022,38,005,1359.0604026845638,1124.1610738255035,1,1
2022,38,007,119.18951132300357,357.56853396901073,1,1
2022,38,009,421.1511464670099,1513.0244891592574,3,3
2022,38,011,907.563025210084,1378.1512605042017,3,3
2022,38,013,366.3003663003663,732.6007326007326,1,1
2022,38,015,1527.7876537691864,4144.530337352579,1,1
2022,38,017,2034.0474861534497,4859.70975913443,2,2
2022,38,019,596.0444324031428,623.1373611487402,3,3
2022,38,021,219.86807915250847,399.7601439136518,1,1
2022,38,023,546.6970387243736,774.4874715261959,3,3
2022,38,025,987.8982464806126,1308.9651765868116,1,1
2022,38,027,426.43923240938165,1194.0298507462687,3,3
2022,38,029,485.2896572641796,2487.1094934789203,3,3
2022,38,031,619.8347107438017,413.22314049586777,1,1
2022,38,033,980.3921568627451,865.0519031141869,1,1
2022,38,035,1485.0466905261426,4375.6084851975265,2,2
2022,38,037,86.20689655172414,258.6206896551724,3,3
2022,38,039,476.3967085318319,606.323083585968,3,3
2022,38,041,605.5712555510698,847.7997577714978,1,1
2022,38,043,627.3525721455458,1129.2346298619825,1,1
2022,38,045,241.8379685610641,338.57315598548973,3,3
2022,38,047,270.41644131963227,324.4997295835587,3,3
2022,38,049,769.8084866691701,1408.1862561021405,3,3
2022,38,051,514.0371688414393,1304.8635824436535,3,3
2022,38,053,1619.2031815922167,2592.1454442156096,3,3
2022,38,055,725.8971475309273,1513.137715979961,1,1
2022,38,057,490.07889074826676,980.1577814965335,3,3
2022,38,059,1626.8980477223427,4338.394793926247,3,3
2022,38,061,2342.454394693201,2072.9684908789386,2,2
2022,38,063,760.3305785123968,1223.1404958677685,1,1
2022,38,065,218.34061135371178,382.09606986899564,1,1
2022,38,067,510.7252298263534,1050.634758499927,1,1
2022,38,069,450.112528132033,1600.4001000250064,1,1
2022,38,071,1549.9870834409714,4865.23723413416,1,1
2022,38,073,776.973335687798,1094.8260639237153,3,3
2022,38,075,744.9605609114811,964.0666082383873,3,3
2022,38,077,731.2061880589799,2574.329224075417,1,1
2022,38,079,927.4324764074195,1130.8167914090466,2,2
2022,38,081,391.84952978056424,496.34273772204807,3,3
2022,38,083,747.3841554559043,2391.629297458894,1,1
2022,38,085,744.3531827515401,179.67145790554414,1,1
2022,38,087,0,119.47431302270012,1,1
2022,38,089,976.0829367364878,2728.1821213131648,3,3
2022,38,091,450.9582863585118,225.4791431792559,1,1
2022,38,093,1129.159146651858,2628.534406960063,1,1
2022,38,095,511.1524163568773,882.8996282527881,3,3
2022,38,097,424.78760619690155,962.0189905047475,3,3
2022,38,099,1023.4056666350801,1781.4839382166208,1,1
2022,38,101,897.428522119312,1392.164758672266,1,1
2022,38,103,476.19047619047626,776.9423558897242,3,3
2022,38,105,1773.4670897737742,3165.625959668339,1,1
2022,39,001,232.65113235668323,552.5464393471228,2,2
2022,39,003,2336.0013643088932,3657.804741987451,2,2
2022,39,005,496.6532375781137,1197.5769649315707,3,3
2022,39,007,515.0205803452584,948.1293387668176,3,3
2022,39,009,616.8809974541418,2513.2188785168746,3,3
2022,39,011,540.388647515293,901.3682640555087,3,3
2022,39,013,608.5284130180005,479.310033957388,3,3
2022,39,015,132.67757062793092,224.1793434747798,3,3
2022,39,017,787.9556696047425,1874.3702194749135,2,2
2022,39,019,398.5928148587779,553.0478486474209,3,3
2022,39,021,870.4636445822032,1916.5698049851478,2,2
2022,39,023,1622.7912008654887,3506.8481052716793,2,2
2022,39,025,655.4377074522533,1521.9456370005537,2,2
2022,39,027,660.6934905055018,1689.7592508971645,2,2
2022,39,029,514.0289685534278,670.7997135494787,3,3
2022,39,031,791.7224057440825,1648.9666657566409,3,3
2022,39,033,810.5210368971974,1351.5686459874614,1,1
2022,39,035,2037.6088236698447,3358.7663256279307,2,2
2022,39,037,471.48847365268307,637.6688373171532,3,3
2022,39,039,699.7389033942559,1480.4177545691907,3,3
2022,39,041,1408.0781987791818,4429.936983185838,2,2
2022,39,043,710.0709974601924,1541.4310500099207,3,3
2022,39,045,1968.8815500556643,5117.777576197709,2,2
2022,39,047,1162.5895297740562,2778.4505726445454,3,3
2022,39,049,1381.1036391190307,4296.201492945198,2,2
2022,39,051,592.9629692534359,1276.2014067973282,2,2
2022,39,053,713.8953408935647,1188.686979095505,3,3
2022,39,055,173.90393379079148,233.69189554689868,3,3
2022,39,057,1029.8452705224138,2483.2486288318128,2,2
2022,39,059,229.11296831471788,309.8232185164935,3,3
2022,39,061,1171.2633860628453,3548.7918847608576,2,2
2022,39,063,934.0813341145276,1971.7712894007575,2,2
2022,39,065,561.6876755273986,1103.7815949317483,3,3
2022,39,067,488.7114537444934,715.8590308370044,3,3
2022,39,069,952.8640266657005,1565.1606825839644,3,3
2022,39,071,720.8039736629318,1270.6480304955528,3,3
2022,39,073,1387.7028181041844,2554.7964702533445,3,3
2022,39,075,20.66222428844465,36.158892504778144,3,3
2022,39,077,281.6759961224765,611.7839589373194,3,3
2022,39,079,789.2393207014096,1526.2721493719864,2,2
2022,39,081,840.9926470588235,1441.482843137255,2,2
2022,39,083,431.0463109253437,990.5837617804357,1,1
2022,39,085,278.59591105599475,880.5697652388087,3,3
2022,39,087,793.1855019484775,1022.5195709901025,2,2
2022,39,089,916.273388911658,2831.2990801732567,3,3
2022,39,091,626.9252462145863,692.0039914963772,3,3
2022,39,093,1000.7789953479902,1610.864529518087,2,2
2022,39,095,3199.9855622930068,3730.1838258001376,2,2
2022,39,097,731.85773422327,1113.9074255552853,3,3
2022,39,099,1157.0071630391974,2630.4738312332147,2,2
2022,39,101,1473.242970351559,2516.598843435425,3,3
2022,39,103,362.06770730709894,1016.5288165539537,3,3
2022,39,105,777.8077511015197,1097.0236489524323,1,1
2022,39,107,189.03145010751163,243.37799201342125,2,2
2022,39,109,1033.0465598941728,2281.3170593776567,3,3
2022,39,111,313.40944705618983,298.4851876725618,3,3
2022,39,113,1671.1046767444143,3523.0018972885523,2,2
2022,39,115,772.507400187712,1335.6436358385677,3,3
2022,39,117,542.0982053696254,613.4269166024708,3,3
2022,39,119,1244.3137754216198,2588.6565948473535,2,2
2022,39,121,NA,NA,NA,NA
2022,39,123,371.5906557336438,468.2042262243912,3,3
2022,39,125,934.8276411536623,1269.4534445211664,3,3
2022,39,127,403.3736707004034,582.7251925574045,3,3
2022,39,129,918.2268020200988,2550.630005611386,2,2
2022,39,131,747.6704357113919,1406.9463371514862,3,3
2022,39,133,589.8746645634267,1937.2638087726725,2,2
2022,39,135,515.5268880256053,784.2849813090961,3,3
2022,39,137,299.41860465116275,290.69767441860466,3,3
2022,39,139,2028.4711592309711,2917.3340866975323,2,2
2022,39,141,1096.716348090492,3446.080278597138,3,3
2022,39,143,310.7752398743313,1331.4086779315614,3,3
2022,39,145,830.2132508546313,2072.820011937707,3,3
2022,39,147,429.17453946880795,1365.728912469821,3,3
2022,39,149,1225.4647419254336,1790.4247585419048,3,3
2022,39,151,1513.8098520966707,3185.78507361915,2,2
2022,39,153,1594.2600435614222,3666.5159504822036,2,2
2022,39,155,1647.6176835878678,2878.0997423879353,2,2
2022,39,157,648.4274019819044,855.2348125807841,3,3
2022,39,159,489.13665511661713,1393.2980190102649,1,1
2022,39,161,1441.4687977033138,2053.4081292367823,3,3
2022,39,163,586.3956215793589,1548.0844409695073,3,3
2022,39,165,535.4252315819455,1519.0870334012018,2,2
2022,39,167,508.05680846426,1333.02033903989,2,2
2022,39,169,655.6267108623433,1813.0223762504318,3,3
2022,39,171,400.29210504963083,773.5374462445568,3,3
2022,39,173,396.8273727671786,1672.6094607805785,3,3
2022,39,175,320.8360069667247,682.9223576863141,3,3
2022,40,001,1363.6824495589576,2894.656798134442,1,1
2022,40,003,1196.5511173675875,1935.5973957416857,3,3
2022,40,005,857.1226181199971,2521.7822483530495,1,1
2022,40,007,473.2794320646815,1242.358509169789,1,1
2022,40,009,825.2971518277641,1856.9185916124693,1,1
2022,40,011,1631.3854160659755,2165.741722631157,3,3
2022,40,013,1820.4092159559837,4519.859009628611,3,3
2022,40,015,1425.2660380245993,2961.109984405708,2,2
2022,40,017,1336.1720165584525,4092.8109240206477,1,1
2022,40,019,1298.7012987012988,3389.9008339902907,1,1
2022,40,021,999.1401092188798,2129.9258547315653,1,1
2022,40,023,959.0479523976198,2912.145607280364,2,2
2022,40,025,308.09859154929575,2024.6478873239437,3,3
2022,40,027,1695.7070562658175,5646.489075255459,2,2
2022,40,029,453.9436353319463,586.3438623037639,1,1
2022,40,031,1656.3061990359427,2736.148862264631,1,1
2022,40,033,1517.0670037926675,2799.3498284269463,3,3
2022,40,035,1201.923076923077,2877.5452488687783,3,3
2022,40,037,493.94697759493926,1294.1857896517674,1,1
2022,40,039,747.4098430007143,1843.5308502386579,2,2
2022,40,041,1179.181682233826,2395.1361820009315,3,3
2022,40,043,1065.7193605683838,1731.7939609236234,1,1
2022,40,045,1091.8774966711053,1597.8695073235685,1,1
2022,40,047,1613.9362110926093,3959.587549634943,1,1
2022,40,049,1609.8297875141773,3321.877635343992,1,1
2022,40,051,1036.8308276565572,2580.3487616784514,1,1
2022,40,053,746.6281310211947,1926.7822736030828,3,3
2022,40,055,1319.833664798409,1120.9546194178267,1,1
2022,40,057,760.3041216486595,1320.5282112845139,1,1
2022,40,059,275.06112469437653,764.0586797066014,3,3
2022,40,061,720.9681572397219,1433.35336022659,3,3
2022,40,063,1184.1354896117373,2525.7988426596103,1,1
2022,40,065,1267.3555053277364,2187.6009041007424,1,1
2022,40,067,940.9594095940959,1383.7638376383763,3,3
2022,40,069,1047.0701248799232,1594.6205571565804,3,3
2022,40,071,2191.1124284639413,4138.261246266445,2,2
2022,40,073,724.350554191149,2020.921581218654,2,2
2022,40,075,1385.2711342647408,1195.8323466729812,1,1
2022,40,077,1142.917059872077,1960.7843137254902,3,3
2022,40,079,933.5394126738795,2365.7908294693457,1,1
2022,40,081,1082.5612694729816,2002.9970496739297,3,3
2022,40,083,950.2567402148742,1983.9312929903704,2,2
2022,40,085,1289.6239417208112,2382.3587320338647,1,1
2022,40,087,816.3015616355136,2267.9738244245773,2,2
2022,40,089,1406.3155178531108,4015.7404122181724,2,2
2022,40,091,1111.749047445065,2406.179863249648,1,1
2022,40,093,1380.5678562125552,1810.3672831466529,3,3
2022,40,095,1097.1989157093067,2736.543178004389,3,3
2022,40,097,1706.3370969382565,3504.221340657105,2,2
2022,40,099,1026.23401026234,2066.9220206692203,1,1
2022,40,101,2252.4812951042622,3599.0144337667334,1,1
2022,40,103,1320.4626172479739,2759.311538111283,3,3
2022,40,105,1078.2241014799154,2674.4186046511627,1,1
2022,40,107,1313.8179950034178,3652.2310274899132,2,2
2022,40,109,1155.9611089115178,3813.971045990782,2,2
2022,40,111,1082.276320838099,2349.435846445092,1,1
2022,40,113,3113.006576929006,7147.776994872003,2,2
2022,40,115,1729.456550275663,5680.624835914938,2,2
2022,40,117,992.3590200642908,1651.806120886814,2,2
2022,40,119,1223.7708721159513,3451.9462940525714,2,2
2022,40,121,1060.3775309657663,3213.126742538507,2,2
2022,40,123,2506.084773318192,5691.351750413929,2,2
2022,40,125,2448.9796982793773,6802.346901265949,1,1
2022,40,127,802.2130013831257,1429.2300599354542,1,1
2022,40,129,470.5695045557768,1493.064392081339,3,3
2022,40,131,1110.2627263206946,1955.4000519663846,1,1
2022,40,133,1715.8220241232216,3455.0820509366267,2,2
2022,40,135,1646.5172745207142,2885.8313521169507,3,3
2022,40,137,1427.9091330551691,2573.018080667594,1,1
2022,40,139,804.0105940219448,2038.4033295497538,2,2
2022,40,141,1511.4786824468845,2866.1058035077713,1,1
2022,40,143,2052.5990430106,4351.788386840455,2,2
2022,40,145,2515.342592925392,5280.82870818777,2,2
2022,40,147,909.2516571758138,2165.926500600271,2,2
2022,40,149,1085.9586215253703,1852.6583912881829,3,3
2022,40,151,912.134857406766,1754.9936496940306,1,1
2022,40,153,1430.6011464406447,3125.7655185929157,3,3
2022,41,001,791.1297572670063,2547.1980821096795,3,3
2022,41,003,998.6334162320516,5606.77146071601,2,2
2022,41,005,982.091452992131,6255.7648519601,2,2
2022,41,007,1842.680262199563,6581.694586064579,2,2
2022,41,009,516.4097228790315,1494.372458148113,2,2
2022,41,011,1058.421149935293,4309.1760645837185,3,3
2022,41,013,880.4578380757995,1348.7013246888382,3,3
2022,41,015,760.5537514954709,1760.3828405400789,3,3
2022,41,017,736.8875155503832,2754.9259601107588,1,1
2022,41,019,1125.5636801351036,3889.6175059736615,2,2
2022,41,021,403.4291477559254,3530.0050428643467,3,3
2022,41,023,NA,NA,NA,NA
2022,41,025,106.72358591248667,213.44717182497334,3,3
2022,41,027,634.2582933444606,3008.5541414562904,3,3
2022,41,029,951.0161542470037,4334.603151785233,2,2
2022,41,031,543.412141611582,1703.232085648242,3,3
2022,41,033,885.2876332477215,3753.6650226151783,2,2
2022,41,035,1005.6685753747878,2617.040255517509,3,3
2022,41,037,36.58090476771125,158.51725399341544,3,3
2022,41,039,874.108493058935,4017.6025200278373,2,2
2022,41,041,983.4306830373108,2835.0617872610956,3,3
2022,41,043,572.4479844707724,2873.3615358220095,2,2
2022,41,045,1284.165134123914,4556.408142558184,3,3
2022,41,047,841.8478648838436,5116.639569123584,2,2
2022,41,049,1342.6688632619441,3088.9621087314663,3,3
2022,41,051,672.6211888401403,4255.749467099066,2,2
2022,41,053,1118.4518333926214,4864.032961227486,2,2
2022,41,055,578.9473684210527,2789.4736842105262,3,3
2022,41,057,983.7264582190528,2570.8539038215395,3,3
2022,41,059,843.5122146575892,4381.5078093712455,2,2
2022,41,061,699.9923913870501,3340.1810849882063,3,3
2022,41,063,161.31200430165345,954.4293587847828,3,3
2022,41,065,904.6886144374789,4136.791921618679,3,3
2022,41,067,1261.8380435549107,6207.2395302722025,2,2
2022,41,069,NA,NA,NA,NA
2022,41,071,699.7573715009455,2924.8932110439596,2,2
2022,42,001,21.987686895338612,58.31516959198501,3,3
2022,42,003,142.32584229797106,336.47866114306873,3,3
2022,42,005,NA,NA,NA,NA
2022,42,007,7.755221351914049,45.33821713426674,3,3
2022,42,009,10.50133366937601,60.90773528238086,3,3
2022,42,011,156.5989782558468,279.82440376864423,2,2
2022,42,013,NA,NA,NA,NA
2022,42,015,NA,NA,NA,NA
2022,42,017,NA,NA,NA,NA
2022,42,019,22.100924127013496,257.5014648286922,3,3
2022,42,021,6.003166670418645,13.507125008441955,3,3
2022,42,023,NA,NA,NA,NA
2022,42,025,NA,NA,NA,NA
2022,42,027,5.042069769640437,10.084139539280875,3,3
2022,42,029,5.964874346193851,11.370541722432028,3,3
2022,42,031,NA,NA,NA,NA
2022,42,033,NA,NA,NA,NA
2022,42,035,NA,NA,NA,NA
2022,42,037,NA,NA,NA,NA
2022,42,039,13.114597739520244,63.18851638132481,3,3
2022,42,041,257.6666619597053,688.7085248438294,2,2
2022,42,043,101.01080710780545,280.31372768325247,3,3
2022,42,045,NA,NA,NA,NA
2022,42,047,518.0340607394936,890.3710418960046,3,3
2022,42,049,536.423963474371,1372.6686260374497,2,2
2022,42,051,1.5574261974660675,14.016835777194608,3,3
2022,42,053,NA,NA,NA,NA
2022,42,055,186.94862315451786,457.8420108568305,3,3
2022,42,057,NA,NA,NA,NA
2022,42,059,NA,NA,NA,NA
2022,42,061,NA,NA,NA,NA
2022,42,063,NA,NA,NA,NA
2022,42,065,NA,NA,NA,NA
2022,42,067,NA,NA,NA,NA
2022,42,069,433.0650246670871,1136.44793946363,2,2
2022,42,071,39.949240964421676,162.32768500475413,3,3
2022,42,073,NA,NA,NA,NA
2022,42,075,50.258973320861664,151.47496125870805,3,3
2022,42,077,39.437613764864736,178.94463908924376,3,3
2022,42,079,0.30731785270869955,1.8439071162521972,3,3
2022,42,081,NA,NA,NA,NA
2022,42,083,NA,NA,NA,NA
2022,42,085,5.424954792043399,27.124773960217,3,3
2022,42,087,NA,NA,NA,NA
2022,42,089,NA,NA,NA,NA
2022,42,091,NA,NA,NA,NA
2022,42,093,NA,NA,NA,NA
2022,42,095,13.509410829899085,26.583034213672395,2,2
2022,42,097,NA,NA,NA,NA
2022,42,099,NA,NA,NA,NA
2022,42,101,2177.430693293029,6659.959026065649,2,2
2022,42,103,NA,NA,NA,NA
2022,42,105,NA,NA,NA,NA
2022,42,107,NA,NA,NA,NA
2022,42,109,NA,NA,NA,NA
2022,42,111,NA,NA,NA,NA
2022,42,113,NA,NA,NA,NA
2022,42,115,NA,NA,NA,NA
2022,42,117,NA,NA,NA,NA
2022,42,119,18.64454181038501,130.51179267269507,3,3
2022,42,121,NA,NA,NA,NA
2022,42,123,NA,NA,NA,NA
2022,42,125,18.414286665205243,31.8643640106907,3,3
2022,42,127,NA,NA,NA,NA
2022,42,129,NA,NA,NA,NA
2022,42,131,NA,NA,NA,NA
2022,42,133,NA,NA,NA,NA
2022,44,001,527.0638398673457,1229.81562635714,1,1
2022,44,003,613.5113534859668,1983.3341168727377,1,1
2022,44,005,847.358441984036,1905.3861098757052,1,1
2022,44,007,866.4344421748857,2608.7260480498007,1,1
2022,44,009,460.0070770319544,1243.096047631502,3,3
2022,45,001,1290.4131181194202,2344.738009730143,3,3
2022,45,003,1433.77958449058,3714.1783958687524,3,3
2022,45,005,1337.7926421404682,3344.4816053511704,3,3
2022,45,007,1776.3164181746276,4752.839775751978,2,2
2022,45,009,1900.683645105552,3801.367290211104,3,3
2022,45,011,2144.9668329056312,4285.091754224568,3,3
2022,45,013,1132.8610059023063,2349.336980048654,2,2
2022,45,015,1569.6514763318462,3649.4841792753205,2,2
2022,45,017,1385.6486390950868,3732.7677624602334,3,3
2022,45,019,1382.9160883386214,3685.5415437708593,2,2
2022,45,021,1488.612512335725,3613.84845240513,3,3
2022,45,023,1448.5095272139506,3204.7496192222807,3,3
2022,45,025,2285.464902609335,4614.571848585079,3,3
2022,45,027,2801.3990950807047,4871.1613130956575,3,3
2022,45,029,2253.5722621301315,4400.8194808225935,2,2
2022,45,031,2473.621578738596,5870.686235620786,3,3
2022,45,033,2746.4165634400993,5899.840736152893,2,2
2022,45,035,1579.9930636926338,3216.7317820958297,2,2
2022,45,037,593.9815469427309,1695.5458838758782,3,3
2022,45,039,1876.6115939260815,3270.938783306274,3,3
2022,45,041,2364.704594387476,5876.728825311097,2,2
2022,45,043,1502.839163714654,3154.6522820686555,3,3
2022,45,045,1318.805264813497,3626.8687596813315,2,2
2022,45,047,1203.306929835952,4181.27515907025,3,3
2022,45,049,1646.8415433057194,3097.327043156219,3,3
2022,45,051,1629.9379097981368,3922.5639271071122,2,2
2022,45,053,1888.3303898926777,4031.381605760087,3,3
2022,45,055,1501.999118259627,3674.4249684549777,3,3
2022,45,057,1340.0129083812276,3171.7736730491442,3,3
2022,45,059,1994.1521820281293,3709.6348407286455,3,3
2022,45,061,1691.1276197378752,3708.401280425198,3,3
2022,45,063,1755.5179656536218,4665.706422288949,2,2
2022,45,065,520.1831044527673,1279.6504369538077,3,3
2022,45,067,2115.5689442694784,4751.47199780912,3,3
2022,45,069,2373.518901636261,4720.707165694941,3,3
2022,45,071,1031.1725301967404,2484.3082441057018,3,3
2022,45,073,1463.662329419232,3620.4379562043796,3,3
2022,45,075,3271.1890588053566,6568.5191126320415,2,2
2022,45,077,835.4696544054631,2128.586249128546,3,3
2022,45,079,1434.0117008396014,3953.9874245566793,2,2
2022,45,081,891.8743625554926,1338.3007089177734,3,3
2022,45,083,1498.1332406582121,3493.4903473844815,2,2
2022,45,085,1848.8768904647384,3872.6603865055754,2,2
2022,45,087,2923.6320789454303,5022.461153251344,3,3
2022,45,089,1979.6122355882735,3752.810737851807,2,2
2022,45,091,1114.892203528784,3226.2966143321073,2,2
2022,46,003,424.7104247104248,270.27027027027026,1,1
2022,46,005,754.3611504007544,1225.8368694012258,1,1
2022,46,007,2477.1453848422293,2772.043644942495,1,1
2022,46,009,142.49073810202336,28.498147620404676,3,3
2022,46,011,782.535878259363,1671.9124483843957,3,3
2022,46,013,1340.1954125084906,1870.5261507915773,3,3
2022,46,015,1562.7977892128833,2668.1913474366306,1,1
2022,46,017,8391.608391608392,1452.3937600860677,3,3
2022,46,019,684.7333397627543,1427.3314688012345,3,3
2022,46,021,130.3780964797914,130.3780964797914,1,1
2022,46,023,709.5248333691679,698.7744571059987,2,2
2022,46,025,260.62027625749283,338.8063591347407,3,3
2022,46,027,668.7621213134488,2721.861833745737,3,3
2022,46,029,1415.393282163228,2496.303077248081,1,1
2022,46,031,742.447516641065,921.6589861751152,3,3
2022,46,033,1033.4703464474455,1667.6453317674693,3,3
2022,46,035,1793.0481819092458,3951.71792046479,1,1
2022,46,037,309.9361896080219,382.8623518687329,3,3
2022,46,039,535.1326198231736,604.932526756631,1,1
2022,46,041,4151.658767772512,1744.0758293838865,3,3
2022,46,043,NA,NA,NA,NA
2022,46,045,124.5640259093174,24.912805181863476,1,1
2022,46,047,663.9355841220511,183.64175731035456,3,3
2022,46,049,93.45794392523365,373.8317757009346,1,1
2022,46,051,NA,NA,NA,NA
2022,46,053,175.7469244288225,200.85362791865427,3,3
2022,46,055,113.96011396011396,0,3,3
2022,46,057,419.62556488056816,855.3905745642351,3,3
2022,46,059,130.08130081300814,130.08130081300814,1,1
2022,46,061,NA,NA,NA,NA
2022,46,063,255.1020408163265,0,3,3
2022,46,065,1510.2178306759488,2722.883449359982,1,1
2022,46,067,27.023375219564922,81.07012565869476,3,3
2022,46,069,NA,NA,NA,NA
2022,46,071,NA,NA,NA,NA
2022,46,073,163.39869281045753,217.86492374727672,1,1
2022,46,075,795.2286282306162,1292.2465208747515,1,1
2022,46,077,135.34416086620263,367.3627223511214,3,3
2022,46,079,722.762559114839,1043.9903631658785,1,1
2022,46,081,1501.1325680500634,2587.630053365071,1,1
2022,46,083,1599.7830562346633,4362.926167847734,2,2
2022,46,085,2366.227480505512,2285.560634579188,1,1
2022,46,087,437.52187609380474,560.02800140007,3,3
2022,46,089,888.494002665482,1199.4669035984007,3,3
2022,46,091,114.60004584001834,297.9601191840477,1,1
2022,46,093,1058.4284018978653,1893.667109879218,3,3
2022,46,095,NA,NA,NA,NA
2022,46,097,389.27335640138404,389.27335640138404,1,1
2022,46,099,1453.9469534330249,3685.4086645160105,2,2
2022,46,101,945.4774661203909,1481.248030255279,3,3
2022,46,102,NA,NA,NA,NA
2022,46,103,2411.3465547725345,4597.927243644302,1,1
2022,46,105,336.70033670033666,168.35016835016833,3,3
2022,46,107,115.96443757247778,270.5836876691148,3,3
2022,46,109,1659.8320640499903,1181.40988088264,3,3
2022,46,111,126.42225031605564,252.84450063211128,3,3
2022,46,115,629.4256490952006,660.8969315499606,3,3
2022,46,117,570.6612957368244,369.2514266532393,3,3
2022,46,119,303.49013657056145,75.87253414264036,1,1
2022,46,121,9622.580990056666,5132.043194696888,3,3
2022,46,123,695.5591225254146,677.7242732298912,3,3
2022,46,125,368.3665246920686,541.0383331414758,3,3
2022,46,127,528.5207575418974,1512.2763527380941,2,2
2022,46,129,1090.8406996426556,1034.4179048335527,3,3
2022,46,135,1514.3065505555317,3247.3939341941573,3,3
2022,46,137,NA,NA,NA,NA
2022,47,001,985.7858515818709,2083.898979292259,3,3
2022,47,003,1593.0184236043774,2293.550749015495,3,3
2022,47,005,784.5352413230403,1757.35894056361,3,3
2022,47,007,573.7041036717062,1370.1403887688987,3,3
2022,47,009,1154.092283249112,1614.5523019323139,3,3
2022,47,011,1661.7826729990172,3316.216390009094,2,2
2022,47,013,562.9865250084015,1707.584073817749,3,3
2022,47,015,158.82881016504385,455.76962916925623,1,1
2022,47,017,372.01122816105226,996.4355009872861,3,3
2022,47,019,909.660490292548,2731.352519267029,2,2
2022,47,021,966.3947163947164,1740.967365967366,1,1
2022,47,023,937.21251149954,1201.7019319227231,3,3
2022,47,025,358.3447588183971,654.3686900162035,2,2
2022,47,027,500.52687038988404,605.9009483667018,1,1
2022,47,029,1398.330846183607,3202.8961476814234,1,1
2022,47,031,1605.0556252484,2584.8553541823067,3,3
2022,47,033,1254.0308133285562,2142.6012182013615,1,1
2022,47,035,576.7481154146088,2172.147127631921,3,3
2022,47,037,2745.175728111459,6023.434353123173,2,2
2022,47,039,699.6067416884775,1674.9616141085767,1,1
2022,47,041,638.3294571725469,1365.7281409273096,3,3
2022,47,043,1414.8782141744405,1799.7544123307005,3,3
2022,47,045,2118.5289803900264,4033.353251127166,3,3
2022,47,047,654.1788344878349,1138.1626388030727,3,3
2022,47,049,960.1974037120481,2011.5867396202125,3,3
2022,47,051,1936.5622724084983,2996.475685688834,2,2
2022,47,053,1131.3813878506235,1808.1479754541365,1,1
2022,47,055,786.3099921386593,2067.393350775551,3,3
2022,47,057,422.8687415426252,1154.4316644113667,1,1
2022,47,059,1205.9830395318115,2779.8690322305715,3,3
2022,47,061,1242.660356612233,2914.6489131846884,3,3
2022,47,063,1235.9274673151635,2711.8935658924493,2,2
2022,47,065,1614.409860754426,4642.245358707819,2,2
2022,47,067,490.6333630686887,1516.5031222123102,1,1
2022,47,069,1625.272784092155,1984.3123981591698,2,2
2022,47,071,1332.0144997584302,3394.2580775360166,3,3
2022,47,073,1356.7656556005604,3437.060288915753,2,2
2022,47,075,2089.1834213186567,3319.105919353027,1,1
2022,47,077,1510.7349895920709,2146.3966882812433,3,3
2022,47,079,950.3520015936622,2223.069739748761,3,3
2022,47,081,1504.2406785085614,2436.3898223715796,1,1
2022,47,083,630.0739125166606,1163.213376953835,1,1
2022,47,085,1035.0987810004203,1954.6027742749054,2,2
2022,47,087,409.20716112531966,673.4867860187553,3,3
2022,47,089,1514.8838469324971,3567.9661977096966,2,2
2022,47,091,906.4620175731286,1462.573684795907,1,1
2022,47,093,1494.580458074889,3136.437850795379,2,2
2022,47,095,1130.762539866628,1783.1255436358363,3,3
2022,47,097,1692.4238210639226,2836.5976719240393,3,3
2022,47,099,682.7861279491628,1568.3800166753047,3,3
2022,47,101,569.7554799398591,1772.5726042573397,3,3
2022,47,103,1459.4415843656266,2155.447482498494,1,1
2022,47,105,767.4707694525015,1601.5997982236474,1,1
2022,47,107,1239.2212699220186,3739.185554863711,3,3
2022,47,109,1250.049934677732,2404.032489985476,3,3
2022,47,111,918.588606347329,1210.3291937709441,1,1
2022,47,113,2459.079645373732,4605.9480131492355,2,2
2022,47,115,1046.9594823707166,1784.610539461148,3,3
2022,47,117,1199.0710312506696,1637.2677862116577,3,3
2022,47,119,1851.7052104369768,2687.9010779650434,2,2
2022,47,121,958.0185372692578,1993.9247604953657,1,1
2022,47,123,1644.7333127951667,2465.828881607172,2,2
2022,47,125,1647.7362182586985,2921.2118485864016,2,2
2022,47,127,701.4333638304361,1189.3870082342178,1,1
2022,47,129,370.8111820716523,1133.2266396510934,3,3
2022,47,131,1497.9686839827318,3241.628891078196,3,3
2022,47,133,779.5889440113394,1435.1523742026932,3,3
2022,47,135,142.31499051233396,130.45540796963948,3,3
2022,47,137,119.0003966679889,257.8341927806426,3,3
2022,47,139,749.1486946651532,2383.654937570942,3,3
2022,47,141,1031.7252392180346,2787.0304527365047,3,3
2022,47,143,526.7778753292362,1428.9606733068936,2,2
2022,47,145,1008.7822686348303,2683.7781086019504,2,2
2022,47,147,1170.943973321197,1352.7501474764285,2,2
2022,47,149,1715.3147701518938,2901.1395671564933,2,2
2022,47,151,556.6455263037825,1647.123237669389,3,3
2022,47,153,1039.526921879863,1935.88546529723,1,1
2022,47,155,1652.5316134274542,2988.1671829769944,1,1
2022,47,157,3439.9421441215836,8474.91472734338,2,2
2022,47,159,828.5913946291305,1582.3100728761108,1,1
2022,47,161,582.9204313611192,888.9536578257067,1,1
2022,47,163,1793.2541117708488,4309.30933364725,2,2
2022,47,165,858.4725049361482,1539.2725071733357,2,2
2022,47,167,1179.7238039138688,1775.3125204529092,2,2
2022,47,169,1155.5708865125907,2164.5394963780614,3,3
2022,47,171,672.457270944242,896.6096945923229,3,3
2022,47,173,750.2517623363545,1711.9838872104733,3,3
2022,47,175,323.5198964736331,469.10384988676805,1,1
2022,47,177,1375.0212569540606,2400.213784223696,3,3
2022,47,179,756.7621589284471,1932.1550164553846,1,1
2022,47,181,624.8085758039816,857.5803981623277,1,1
2022,47,183,1069.6542196951957,2394.9461574666457,2,2
2022,47,185,353.7563822027717,1108.6797957695112,1,1
2022,47,187,716.8522124614096,1473.4155664608638,2,2
2022,47,189,876.6164082202072,1892.0695390889093,3,3
2022,48,001,769.5064188799034,1244.7375775141306,3,3
2022,48,003,865.9187452347238,1737.2835203136913,1,1
2022,48,005,1275.8636615555145,3252.5863661555513,2,2
2022,48,007,985.5280195600598,2678.2991268686756,3,3
2022,48,009,34.6860908775581,184.99248468030984,3,3
2022,48,011,627.6150627615062,1882.8451882845188,1,1
2022,48,013,1279.9837933882857,2574.778545566026,1,1
2022,48,015,559.100177596527,1358.284549102151,2,2
2022,48,017,767.8933642422486,927.267458707621,1,1
2022,48,019,387.1211405910679,1019.7337361911055,1,1
2022,48,021,1322.926613355541,2132.700824526999,1,1
2022,48,023,402.8776978417266,546.7625899280575,1,1
2022,48,025,920.0374471381994,2630.9842786583595,1,1
2022,48,027,1419.7161640572822,2399.5429442011045,2,2
2022,48,029,1957.2025484085425,5954.708026043846,2,2
2022,48,031,551.3439007580979,1231.909028256375,3,3
2022,48,033,145.7725947521866,1603.4985422740524,1,1
2022,48,035,368.70255583604285,558.8786045211112,2,2
2022,48,037,1238.8540869246444,2453.98773006135,2,2
2022,48,039,910.9785074735248,1580.4653428627614,2,2
2022,48,041,769.9916435015433,2300.1688353769805,1,1
2022,48,043,433.67886608842815,581.7643325576475,1,1
2022,48,045,155.03875968992247,1627.906976744186,1,1
2022,48,047,339.99150021249466,212.49468763280916,3,3
2022,48,049,1538.300269923216,2780.4711863518437,1,1
2022,48,051,579.1290789620225,1135.9839625793518,1,1
2022,48,053,988.4716469146967,1613.6583394938966,3,3
2022,48,055,1125.6054649385344,1737.7020298418463,2,2
2022,48,057,904.2579619416704,1843.2950762657129,1,1
2022,48,059,634.5086163385969,973.3939000648929,1,1
2022,48,061,1683.7578878000445,2815.666083526528,2,2
2022,48,063,940.7637726221797,1411.1456589332695,1,1
2022,48,065,362.00655059472507,551.6290294776763,1,1
2022,48,067,458.8806370894918,968.7105773765331,2,2
2022,48,069,582.5768866007317,663.8666847310662,3,3
2022,48,071,988.7809335399246,2718.3052105157485,1,1
2022,48,073,1298.651017484315,2382.269948750089,3,3
2022,48,075,634.1247603598289,1165.0199085680579,1,1
2022,48,077,534.4995140913509,874.6355685131196,3,3
2022,48,079,237.24792408066432,1818.9007512850928,3,3
2022,48,081,363.0862329803328,1543.1164901664145,1,1
2022,48,083,371.4139344262295,883.7090163934425,1,1
2022,48,085,1123.1707474510463,3120.5310633100366,1,1
2022,48,087,104.71204188481677,104.71204188481677,3,3
2022,48,089,451.85113205713725,1370.129239140997,3,3
2022,48,091,637.5349022378032,1667.457571698713,1,1
2022,48,093,1281.95736576075,2161.01384513955,1,1
2022,48,095,649.1499227202473,401.854714064915,3,3
2022,48,097,874.3430482560916,2087.912087912088,3,3
2022,48,099,1066.2542084471897,1551.3488782568072,1,1
2022,48,101,NA,NA,NA,NA
2022,48,103,496.1173425366695,452.97670405522,1,1
2022,48,105,678.195998643608,1152.9331976941335,1,1
2022,48,107,426.60461508629044,639.9069226294357,3,3
2022,48,109,NA,NA,NA,NA
2022,48,111,660.177798592991,919.461938614199,1,1
2022,48,113,1205.3839550790858,3314.964377066463,2,2
2022,48,115,1515.1515151515152,3419.2189272403175,3,3
2022,48,117,947.0002690341672,2367.500672585418,1,1
2022,48,119,719.9696854869269,1402.0462296324365,3,3
2022,48,121,1642.1772604496746,4524.659228802995,1,1
2022,48,123,859.3921450658786,1615.3500257613705,3,3
2022,48,125,NA,NA,NA,NA
2022,48,127,322.8782287822878,322.8782287822878,3,3
2022,48,129,636.7495451788963,848.9993935718617,3,3
2022,48,131,1164.6586345381527,2178.7148594377513,3,3
2022,48,133,713.0024702447788,1476.5326746013923,3,3
2022,48,135,1131.9828015995736,1254.1044851399504,1,1
2022,48,137,869.5652173913044,2536.231884057971,1,1
2022,48,139,809.643602446141,2065.9101538886075,1,1
2022,48,141,1410.4594411876383,2346.8683725539227,1,1
2022,48,143,745.5361316256894,1280.7329157707768,1,1
2022,48,145,346.7936284018104,658.3201081525892,3,3
2022,48,147,341.4046603126224,716.3262090356817,3,3
2022,48,149,610.6497313141182,1437.0623676925582,2,2
2022,48,151,1005.4347826086956,1467.391304347826,3,3
2022,48,153,1021.1659858893428,1893.7987374675083,1,1
2022,48,155,NA,NA,NA,NA
2022,48,157,1813.9458248838102,4186.083504874449,2,2
2022,48,159,758.6647579616676,910.5849806233996,1,1
2022,48,161,576.5600285728864,1306.1890912801673,1,1
2022,48,163,898.0221475400804,1515.0680403283566,1,1
2022,48,165,538.9583236537658,933.8846815035079,3,3
2022,48,167,1199.0311744674195,2065.694021710515,2,2
2022,48,169,610.2877070619006,1063.644289450741,3,3
2022,48,171,504.5820502355953,786.5543724260749,1,1
2022,48,173,187.26591760299627,5337.078651685393,1,1
2022,48,175,690.9193457416808,1818.9509306260575,3,3
2022,48,177,1241.3862991487636,1960.8836643696798,2,2
2022,48,179,1212.8619781872885,2886.4234674689733,1,1
2022,48,181,985.2831892036182,1747.1608045650298,2,2
2022,48,183,1125.1330475186728,2417.649493153928,1,1
2022,48,185,1158.2093607771212,1932.6132735547858,1,1
2022,48,187,848.6330983946572,1933.1687655438457,2,2
2022,48,189,750.0242912998468,2015.7023251866806,3,3
2022,48,191,316.1222339304531,597.119775201967,3,3
2022,48,193,521.5914604560893,691.4119359534207,3,3
2022,48,195,18.975332068311197,227.70398481973433,3,3
2022,48,197,536.5715899463428,593.0528099406947,3,3
2022,48,199,687.5707013574661,1233.7386877828053,2,2
2022,48,201,1824.687338303916,4723.566142923409,2,2
2022,48,203,1417.5644842444854,3505.0986464032144,2,2
2022,48,205,664.8958973889402,933.5174538702298,1,1
2022,48,207,412.31254058848066,1006.9396603005746,3,3
2022,48,209,1940.0294184323361,4649.799418192047,1,1
2022,48,211,296.64787896766535,593.2957579353307,3,3
2022,48,213,700.0185837726543,1616.5599057457534,3,3
2022,48,215,1573.4676184509951,2812.2913486194507,2,2
2022,48,217,1048.7575405390448,1798.6606895788366,3,3
2022,48,219,1056.0595487322632,2861.1304954640614,3,3
2022,48,221,797.3230439168094,1701.9164571959207,3,3
2022,48,223,391.8071768266321,599.8702983138782,3,3
2022,48,225,565.4317636947574,2153.164156149636,1,1
2022,48,227,2363.140802598005,3566.457898399443,1,1
2022,48,229,30.039050765995796,150.19525382997898,1,1
2022,48,231,985.1762791473803,1738.6789208640826,3,3
2022,48,233,1209.0313182811362,1898.5190580237922,1,1
2022,48,235,1345.291479820628,1537.4759769378604,1,1
2022,48,237,547.2752678155565,943.176525384257,1,1
2022,48,239,599.6002664890073,999.3337774816789,1,1
2022,48,241,862.7997093727295,1967.788810850085,3,3
2022,48,243,351.40562248995985,451.8072289156626,1,1
2022,48,245,2093.6037541168507,3513.616742336537,1,1
2022,48,247,641.8219461697723,1097.3084886128365,1,1
2022,48,249,2206.8612391193037,3553.5074244751663,3,3
2022,48,251,677.6513166494595,1326.969770743929,1,1
2022,48,253,2064.979336236358,3089.032573588056,2,2
2022,48,255,479.5677136102668,2019.5879770347856,1,1
2022,48,257,1030.9232897990655,2352.1534342172185,2,2
2022,48,259,508.71887965869746,1367.2564934544966,1,1
2022,48,261,2586.206896551724,4310.344827586207,1,1
2022,48,263,NA,NA,NA,NA
2022,48,265,893.770119295588,1297.1028214353341,1,1
2022,48,267,370.71362372567194,324.3744207599629,1,1
2022,48,269,NA,NA,NA,NA
2022,48,271,63.351282863477984,95.02692429521697,3,3
2022,48,273,1688.2696046662347,3661.697990926766,3,3
2022,48,275,240.02400240024005,900.0900090009001,3,3
2022,48,277,1740.8123791102514,2540.42952003031,1,1
2022,48,279,545.1474201474201,1243.8574938574939,3,3
2022,48,281,1689.4377780063166,2608.9739141874447,2,2
2022,48,283,186.64752333094043,172.29002153625268,3,3
2022,48,285,532.9845101292453,970.3160306813419,1,1
2022,48,287,860.7421763666418,1567.576811263752,1,1
2022,48,289,307.6343545956805,1368.6589653440483,3,3
2022,48,291,841.4287815674388,1895.5220831393951,3,3
2022,48,293,1291.5129151291512,2358.0235802358025,3,3
2022,48,295,329.1639236339697,230.4147465437788,1,1
2022,48,297,175.83963425356075,404.4311587831897,3,3
2022,48,299,988.5277392748627,1410.8702251044617,1,1
2022,48,301,NA,NA,NA,NA
2022,48,303,2513.2675458027616,6320.328728458257,2,2
2022,48,305,605.089873642997,1050.0088983804947,3,3
2022,48,307,654.6216286986122,1715.108667190364,1,1
2022,48,309,1528.646819726506,3315.3870242536805,2,2
2022,48,311,NA,NA,NA,NA
2022,48,313,464.73886102095014,1099.144290351136,3,3
2022,48,315,1303.2685146876292,2099.710384774514,1,1
2022,48,317,2363.2030592414662,5529.574670025231,1,1
2022,48,319,176.81232634503664,277.84794139934326,1,1
2022,48,321,1815.1223414526498,3969.5456677057186,1,1
2022,48,323,1069.093173718991,3451.198837490918,1,1
2022,48,325,2205.8554443058724,6853.134041146722,2,2
2022,48,327,NA,NA,NA,NA
2022,48,329,2623.6288731333343,3640.3524684425815,1,1
2022,48,331,602.07336523126,1212.121212121212,1,1
2022,48,333,488.7802710508776,555.4321261941791,1,1
2022,48,335,0,33.53079244439477,3,3
2022,48,337,554.537802643957,1366.5395850868942,3,3
2022,48,339,1900.7702762583438,4583.3741871084885,2,2
2022,48,341,1141.7026874647622,2649.877842510806,1,1
2022,48,343,555.2434916758297,980.4915530449617,3,3
2022,48,345,654.1291905151268,1226.4922322158627,1,1
2022,48,347,1137.9076086956522,1996.3562252964427,1,1
2022,48,349,1133.7396373547338,2346.9735397660597,2,2
2022,48,351,510.82461688153734,851.3743614692289,1,1
2022,48,353,1637.4428600668623,1903.5273248277272,1,1
2022,48,355,2376.3108355894537,4761.916138435242,2,2
2022,48,357,967.3518742442564,1773.47843611447,1,1
2022,48,359,92.12344541685859,138.1851681252879,1,1
2022,48,361,1245.2952621835732,2192.4177448972837,1,1
2022,48,363,352.2009429380579,997.5851452104816,1,1
2022,48,365,1149.0683229813665,2525.7005968773638,1,1
2022,48,367,1259.9809542320145,3418.812956637246,1,1
2022,48,369,316.0362932001224,856.3564073809766,1,1
2022,48,371,575.625248114331,482.9958978430594,1,1
2022,48,373,1238.7209118252335,2429.950926072503,1,1
2022,48,375,2152.3261272043983,4341.661248237692,2,2
2022,48,377,129.70168612191958,145.91439688715954,3,3
2022,48,379,505.8334013216937,350.819939626336,1,1
2022,48,381,2282.368155630229,4418.692834966217,2,2
2022,48,383,1088.2708585247885,1511.4873035066505,3,3
2022,48,385,600.7067137809187,2932.8621908127207,1,1
2022,48,387,326.8254923884063,679.452997333792,1,1
2022,48,389,591.926971901298,1119.6690914277565,3,3
2022,48,391,654.9568323905925,1428.996725215838,1,1
2022,48,393,0,130.89005235602096,1,1
2022,48,395,815.9886471144749,1572.8476821192053,1,1
2022,48,397,590.4421863803454,1673.3442107549051,1,1
2022,48,399,649.2189085007101,1268.0056806654493,1,1
2022,48,401,1234.8372324595148,1868.9041320360257,2,2
2022,48,403,350.7014028056112,541.0821643286573,3,3
2022,48,405,719.6969696969697,1767.6767676767677,1,1
2022,48,407,43.374539145521574,25.30181450155425,3,3
2022,48,409,759.7705472400424,1674.8744781918865,3,3
2022,48,411,380.6887004672089,640.2491780584876,3,3
2022,48,413,323.36297493936945,889.248181083266,1,1
2022,48,415,1113.5461707042587,1640.7036664099983,3,3
2022,48,417,446.7134652201659,606.2539885130823,3,3
2022,48,419,803.0798526307075,1564.7638365691105,3,3
2022,48,421,41.42502071251035,0,3,3
2022,48,423,1139.6510675350464,2414.083722383056,2,2
2022,48,425,771.1256292170933,1113.848131091357,1,1
2022,48,427,599.5495769675573,1112.3622862012294,1,1
2022,48,429,1123.1101511879049,1749.4600431965441,1,1
2022,48,431,359.1954022988506,862.0689655172414,1,1
2022,48,433,NA,NA,NA,NA
2022,48,435,448.4304932735426,597.9073243647235,1,1
2022,48,437,1488.0526541708398,2804.4069251681212,3,3
2022,48,439,1133.2708086295463,2906.455327493685,2,2
2022,48,441,1803.6227062703333,2655.554920527597,2,2
2022,48,443,NA,NA,NA,NA
2022,48,445,1134.0555179417738,1912.660798916723,1,1
2022,48,447,625.4343293954136,555.9416261292564,1,1
2022,48,449,1249.1613686463693,2357.7521484936583,1,1
2022,48,451,1713.672490693853,4005.835205741306,1,1
2022,48,453,1336.8263505053592,3404.4998769685467,2,2
2022,48,455,458.68219876228613,931.9257371678194,3,3
2022,48,457,435.82807333934477,1046.9892796312995,1,1
2022,48,459,690.046271356628,1251.017444051422,1,1
2022,48,461,578.5627283800244,761.2667478684531,3,3
2022,48,463,1767.8089638787096,2975.878870857327,1,1
2022,48,465,1262.239741681169,2103.0339882163003,1,1
2022,48,467,389.65580403976486,1117.3463440627445,1,1
2022,48,469,1473.5387955136007,2938.306526768192,1,1
2022,48,471,1076.675908890674,2394.3406493742064,1,1
2022,48,473,820.7054258337339,2045.262306465808,2,2
2022,48,475,1066.3611527275932,2141.535207543844,1,1
2022,48,477,1016.5610076242075,1496.914011226855,3,3
2022,48,479,1330.4300326995458,2007.617422796896,2,2
2022,48,481,1458.643725669246,3587.734896909694,1,1
2022,48,483,281.12449799196787,321.285140562249,3,3
2022,48,485,2101.3396715643908,3974.256080997654,2,2
2022,48,487,1070.7307542008598,1375.537319265338,1,1
2022,48,489,1639.7478826078393,2491.6289147134135,3,3
2022,48,491,1371.1869405625516,3572.966350589456,2,2
2022,48,493,762.5311712301428,1788.083100548404,1,1
2022,48,495,540.754418359272,1411.2371405961487,1,1
2022,48,497,650.8521024235677,1367.360337986355,1,1
2022,48,499,729.488688010639,1192.9366330118123,1,1
2022,48,501,458.7155963302753,1114.0235910878112,1,1
2022,48,503,832.2627492599006,1094.7885829190639,1,1
2022,48,505,316.63788140472076,302.24525043177897,1,1
2022,48,507,865.9793814432991,1154.639175257732,1,1
2022,49,001,619.5437904815545,1436.2151506617854,3,3
2022,49,003,1027.6028889536979,2046.6281244102863,1,1
2022,49,005,806.3796232927663,1780.1350909036807,2,2
2022,49,007,1007.965384993608,1809.4207886714526,2,2
2022,49,009,0,0,1,1
2022,49,011,751.4489080852377,2496.198682209833,1,1
2022,49,013,1354.9724455230296,3837.4033065372364,3,3
2022,49,015,NA,NA,NA,NA
2022,49,017,195.27436047646944,1132.5912907635227,3,3
2022,49,019,2500,3316.115702479339,1,1
2022,49,021,1010.8837914169595,2078.59750637184,1,1
2022,49,023,639.1929536157146,1416.3381089350003,3,3
2022,49,025,959.8157153826465,1343.7420015357052,1,1
2022,49,027,1082.3673908037154,1681.123819758962,3,3
2022,49,029,177.89277917037276,840.947683350853,3,3
2022,49,031,NA,NA,NA,NA
2022,49,033,275.2654345261502,668.5017695635077,1,1
2022,49,035,1387.1739136478452,5138.8411926699055,2,2
2022,49,037,523.2718259432663,392.4538694574498,3,3
2022,49,039,406.02443087173793,1034.1476957245975,3,3
2022,49,041,1006.1383671020446,2252.273041953201,3,3
2022,49,043,604.2422409499949,1899.4250994363297,3,3
2022,49,045,1326.45342554571,3074.346228657878,3,3
2022,49,047,1440.8500458958026,2294.7901310116545,2,2
2022,49,049,632.7262167770007,2101.8072879498004,2,2
2022,49,051,719.9635221183814,1806.0740687128887,3,3
2022,49,053,926.3654069624706,2637.7954903790023,2,2
2022,49,055,NA,NA,NA,NA
2022,49,057,1227.563127471859,3025.935503498631,2,2
2022,50,001,157.61072821499172,542.2877597905647,1,1
2022,50,003,621.5506617371269,2111.1289717623104,3,3
2022,50,005,335.32776645407324,1818.0024985206128,1,1
2022,50,007,521.6595666304238,4021.1753382172074,1,1
2022,50,009,16.733601070950467,83.66800535475234,3,3
2022,50,011,520.9476856749366,1415.141414343027,3,3
2022,50,013,81.79959100204499,627.1301976823449,1,1
2022,50,015,365.708126419525,1724.6025330099703,1,1
2022,50,017,61.14338122898196,254.76408845409154,3,3
2022,50,019,367.82111511708365,1059.7618267234786,1,1
2022,50,021,387.88478996451266,2609.5568209952958,3,3
2022,50,023,624.0797751305046,1914.0677285503948,2,2
2022,50,025,399.06666375907713,2599.385044813224,2,2
2022,50,027,515.2856550006917,1561.419283441693,2,2
2022,51,001,1144.8437078550662,1639.344262295082,2,2
2022,51,003,926.1152044652619,3163.190031374152,3,3
2022,51,005,732.2382742924995,1391.9123952767332,3,3
2022,51,007,1006.8374783980765,1660.5304681042903,1,1
2022,51,009,798.7017119582512,1775.5998218036023,3,3
2022,51,011,602.965606349597,1058.2661662462315,3,3
2022,51,013,780.1734189828065,3448.027306069664,1,1
2022,51,015,601.8105975488487,1877.7523794764504,1,1
2022,51,017,263.3468996887719,383.05003591094084,1,1
2022,51,019,782.3372324820402,1624.8542520780834,1,1
2022,51,021,368.53068418522673,1554.2381028681302,1,1
2022,51,023,966.3840635560563,1449.5760953340844,3,3
2022,51,025,450.9865330410272,1327.9047917319135,1,1
2022,51,027,1279.2650400079028,2489.380618393757,1,1
2022,51,029,355.68202027387514,1511.6485861639694,1,1
2022,51,031,1035.700133290104,1965.128426816528,1,1
2022,51,033,987.781020493249,1696.5459735095092,1,1
2022,51,035,473.80347455881343,1404.2436311199615,1,1
2022,51,036,710.059171597633,1568.0473372781066,1,1
2022,51,037,1037.7929603044192,1383.723947072559,1,1
2022,51,041,1315.7786890844463,2832.093415915567,3,3
2022,51,043,443.48877839000136,1243.1124848810643,1,1
2022,51,045,837.0763576970191,1041.241322988975,1,1
2022,51,047,1255.1588353337625,1881.791677710045,1,1
2022,51,049,723.9525887661588,1733.787109746649,1,1
2022,51,051,511.036979203634,1057.5626375186316,3,3
2022,51,053,684.3212032647824,2031.5785721923228,3,3
2022,51,057,1075.268817204301,1933.5974344463307,1,1
2022,51,059,743.3509639814415,2497.3938188542584,2,2
2022,51,061,746.3501159776231,1450.4025105744304,1,1
2022,51,063,476.4357455575586,740.4069018799896,3,3
2022,51,065,644.9967203556591,1224.4005538954887,1,1
2022,51,067,1079.5433823261242,1903.7893431562056,3,3
2022,51,069,931.4508678687491,1849.859249839686,1,1
2022,51,071,424.86984620908385,1855.0655257016338,1,1
2022,51,073,1157.5562700964629,1754.3408360128617,1,1
2022,51,075,505.90219224283305,1871.035091945716,1,1
2022,51,077,807.5019536337588,1667.1008075019536,3,3
2022,51,079,1245.6982211235518,2093.9363094372547,1,1
2022,51,081,492.3942671238899,1477.1828013716697,1,1
2022,51,083,823.2146532208274,1716.9905624320113,1,1
2022,51,085,1107.5620062798043,2159.926886429651,1,1
2022,51,087,793.7079731027858,3842.459173871278,3,3
2022,51,089,730.8904649330182,2397.557131599685,1,1
2022,51,091,445.0378282153983,2136.181575433912,1,1
2022,51,093,789.2436629132603,1850.994909763998,1,1
2022,51,095,946.4843056154685,2142.9115176736277,3,3
2022,51,097,389.1632989073492,703.4875018709773,1,1
2022,51,099,1119.1402631091348,2112.284602556976,1,1
2022,51,101,801.3449145418884,1412.1602689829083,1,1
2022,51,103,573.5818654512647,1065.516262385258,3,3
2022,51,105,578.8127608022613,1866.5589805716338,1,1
2022,51,107,733.8873929648528,1630.3327447340967,1,1
2022,51,109,645.5676271453315,1734.634965622212,3,3
2022,51,111,633.9673006339673,1009.3426760093427,1,1
2022,51,113,629.1582296789123,1460.8041654613828,1,1
2022,51,115,597.399554878763,948.8110577486237,1,1
2022,51,117,569.6973688543485,1880.3306220568381,1,1
2022,51,119,512.1996647420376,1313.093685975042,3,3
2022,51,121,987.189679289143,2811.6289132863053,1,1
2022,51,125,852.9073309415826,2639.951262438232,1,1
2022,51,127,1137.5343406593406,1596.8406593406592,1,1
2022,51,131,544.0158259149357,1961.7540389053743,3,3
2022,51,133,521.9837969523244,1159.4986501975336,1,1
2022,51,135,690.6253996674766,2621.818646885791,1,1
2022,51,137,625.8027491596753,1268.0020768999536,1,1
2022,51,139,639.9191681050814,2046.0573401254578,1,1
2022,51,141,815.4020385050964,2219.7055492638733,1,1
2022,51,143,558.2993343354091,1116.5986686708181,1,1
2022,51,145,914.6641313969119,1891.6172179785594,1,1
2022,51,147,806.4880825989673,2038.4757958574376,1,1
2022,51,149,992.1658769995779,2284.5616174883894,3,3
2022,51,153,1015.559721812294,2362.849553328317,3,3
2022,51,155,1504.0926686563635,4240.4184273514375,1,1
2022,51,157,646.7259498787389,1023.9827539746699,1,1
2022,51,159,535.236396074933,524.0856378233719,1,1
2022,51,161,1040.8368079625052,2495.525229428988,3,3
2022,51,163,661.5798526882195,2218.4977726811626,1,1
2022,51,165,424.28937488826654,1393.2423574280438,2,2
2022,51,167,979.1144528259184,1557.121508356829,1,1
2022,51,169,947.2511144130757,2409.918276374443,1,1
2022,51,171,933.7573584139657,1847.2156438189322,2,2
2022,51,173,755.73335042868,1551.1479668481395,1,1
2022,51,175,966.5055824029328,2021.885241348664,3,3
2022,51,177,632.8979354628376,1059.554774375075,1,1
2022,51,179,1117.3432483534891,2367.93015494334,1,1
2022,51,181,565.2306752215094,1283.2263978001833,1,1
2022,51,183,929.5048775998528,2098.2882385422417,3,3
2022,51,185,982.8678946326006,2455.9318676965736,2,2
2022,51,187,1093.1372549019607,1997.549019607843,1,1
2022,51,191,775.7692301671902,2431.7373665998384,1,1
2022,51,193,941.5584415584415,1596.3203463203463,1,1
2022,51,195,1001.9408489640177,2594.76190500493,3,3
2022,51,197,488.0636604774536,2585.322723253758,3,3
2022,51,199,1013.696289757681,2959.9362168626667,1,1
2022,51,510,1232.9149586913206,3477.289744533421,1,1
2022,51,520,2324.4893167410187,4602.019253345856,1,1
2022,51,530,632.6253953908722,1144.7507154691973,1,1
2022,51,540,1635.3777355311197,4882.369461427121,1,1
2022,51,550,1567.5062255139808,3909.743079754749,1,1
2022,51,570,1536.5128318096708,7214.450930719242,1,1
2022,51,580,1660.258650821391,1765.1170919259,1,1
2022,51,590,1966.7348907238807,4947.420424871198,1,1
2022,51,595,1760.5633802816901,6214.788732394366,1,1
2022,51,600,940.5164590380332,3902.318290570085,1,1
2022,51,610,521.4050493962678,2922.6125137211857,1,1
2022,51,620,3014.4007810593116,6516.9636319258,1,1
2022,51,630,2905.3719300728994,7148.418147073395,1,1
2022,51,640,2497.3829819051894,6445.341707791237,1,1
2022,51,650,1616.417790798516,4624.791388822085,2,2
2022,51,660,1060.1730264174262,3435.4240692105673,1,1
2022,51,670,2343.139807341838,3380.1961294801704,1,1
2022,51,678,394.77266539613396,1334.0593520283148,1,1
2022,51,680,1997.0694490058863,4008.0337518631736,1,1
2022,51,683,1572.0319099014546,4045.049272641952,1,1
2022,51,685,1173.8597208433102,2400.2803247094553,1,1
2022,51,690,1366.4229263608834,3789.0538444493686,1,1
2022,51,700,2093.7996305059473,4049.849285320714,1,1
2022,51,710,1971.5326218598746,6699.0754220945,2,2
2022,51,720,1772.082878953108,7851.690294438386,1,1
2022,51,730,1951.2341781666216,4449.655752983976,3,3
2022,51,735,1185.9924673451399,1618.7194486737717,1,1
2022,51,740,2145.116240860922,7515.608313480654,2,2
2022,51,750,1556.871603883021,3229.745405702424,1,1
2022,51,760,1441.2050833953276,6012.651262705187,1,1
2022,51,770,3019.765554917198,6609.012931773053,1,1
2022,51,775,1091.7546902096801,2873.2460980608544,1,1
2022,51,790,1309.5656932879872,3494.781282983464,1,1
2022,51,800,1912.3724382221471,3206.966348992157,1,1
2022,51,810,911.9895173618694,2782.4852587901287,1,1
2022,51,820,1114.5427689002283,3580.86030168748,1,1
2022,51,830,1401.2656593051788,4526.66924964484,1,1
2022,51,840,1779.1694836850158,4280.681777746148,1,1
2022,53,001,1678.2604465632144,6430.899450308897,1,1
2022,53,003,1122.038444345105,3473.4018775145287,1,1
2022,53,005,1258.431296974369,5406.147619965311,2,2
2022,53,007,800.4957256310385,2581.0612575244068,2,2
2022,53,009,1012.5043642429494,3376.3076564985195,3,3
2022,53,011,1250.965045827959,5397.342259380673,2,2
2022,53,013,979.8994974874372,3040.2010050251256,3,3
2022,53,015,1102.8627392948745,4136.1797771357815,1,1
2022,53,017,729.5371264331742,2218.3652393598522,2,2
2022,53,019,592.2865013774104,550.9641873278237,3,3
2022,53,021,1069.3749224341207,4140.983742191701,1,1
2022,53,023,2207.792207792208,2121.2121212121215,3,3
2022,53,025,1139.744818195572,4714.30732765142,2,2
2022,53,027,1111.375409662755,3110.7939528491383,2,2
2022,53,029,551.3813431973182,1721.1883019304125,3,3
2022,53,031,624.1289462521966,2499.545537175059,3,3
2022,53,033,1044.702736105301,6043.479663738566,2,2
2022,53,035,1265.0184633148276,4222.053585368776,1,1
2022,53,037,776.6072393300918,4135.1521699981995,3,3
2022,53,039,280.7263795069743,1188.7007632248442,3,3
2022,53,041,935.1221223522011,3744.1176826391497,3,3
2022,53,043,815.5128669807901,1531.3519391083726,3,3
2022,53,045,753.9400178644422,2740.223759708113,1,1
2022,53,047,729.686816101607,2014.6216854990396,3,3
2022,53,049,478.7143101384852,1380.5778765600958,1,1
2022,53,051,1378.0397936624909,4591.009579955785,3,3
2022,53,053,1184.628267817124,7161.05702968865,2,2
2022,53,055,327.7595689128382,1249.930559413366,1,1
2022,53,057,809.3914118010503,4784.522706209454,2,2
2022,53,059,610.6618253837266,783.9577488034329,3,3
2022,53,061,695.7160701230225,3776.474338455679,2,2
2022,53,063,1516.2118464260059,7153.557287673724,2,2
2022,53,065,513.1055714713302,863.7277119767392,3,3
2022,53,067,823.7277076989996,4057.1308177468463,2,2
2022,53,069,223.41376228775692,781.9481680071492,1,1
2022,53,071,688.6564762670957,3951.7296862429607,2,2
2022,53,073,860.8397381281371,6692.918599877275,1,1
2022,53,075,496.383190852973,1873.104091979381,3,3
2022,53,077,1224.7065115970374,4269.490089520307,2,2
2022,54,001,392.86404327944865,399.3044374315708,3,3
2022,54,003,465.59541867086295,648.1023336550862,2,2
2022,54,005,405.43653536051596,285.648468094909,3,3
2022,54,007,71.97121151539385,63.97441023590564,3,3
2022,54,009,494.91141992324157,495.2730023274035,2,2
2022,54,011,843.2447868433147,2853.2985798589825,2,2
2022,54,013,0,0,3,3
2022,54,015,NA,NA,NA,NA
2022,54,017,446.03033006244425,904.8043838409584,3,3
2022,54,019,513.0102355407572,1351.584659020841,3,3
2022,54,021,NA,NA,NA,NA
2022,54,023,253.76110204821464,253.76110204821464,3,3
2022,54,025,133.60703029304992,430.22975099622886,3,3
2022,54,027,223.4156820622986,425.3490870032224,2,2
2022,54,029,357.6720059548025,353.93308440809705,2,2
2022,54,031,385.9919994385571,617.5871991016913,3,3
2022,54,033,763.7180771917039,1844.7663295982509,3,3
2022,54,035,326.5394000287068,427.0130615760011,3,3
2022,54,037,353.18643074961665,876.936064641731,3,3
2022,54,039,1475.73385065017,3745.946730644905,2,2
2022,54,041,283.68794326241135,295.50827423167846,3,3
2022,54,043,24.49779519843214,83.29250367466928,3,3
2022,54,045,340.03091190108194,136.01236476043275,3,3
2022,54,047,301.4118766855269,185.07746814023585,3,3
2022,54,049,669.11058120084,1774.2107698330783,3,3
2022,54,051,1435.2067027991072,2235.4474507614414,2,2
2022,54,053,302.10295040803516,564.9717514124294,3,3
2022,54,055,646.7327397950613,792.8775407357634,3,3
2022,54,057,422.895722817821,645.4724190377267,3,3
2022,54,059,323.8728372965141,196.02829625841642,3,3
2022,54,061,520.81367702004,2012.4919802241764,2,2
2022,54,063,168.16498114494436,313.92260539310394,3,3
2022,54,065,40.61031502001508,52.213262168590816,3,3
2022,54,067,511.69590643274853,544.1845354126056,3,3
2022,54,069,964.2212652591428,1788.0526175805035,2,2
2022,54,071,0,0,3,3
2022,54,073,91.83941222776174,91.83941222776174,3,3
2022,54,075,591.9395465994962,390.4282115869018,3,3
2022,54,077,152.02011343039234,342.04525521838275,3,3
2022,54,079,248.01400138259478,581.0750848454999,3,3
2022,54,081,1189.7231605722516,3548.981871526049,2,2
2022,54,083,228.5306195322264,549.9018032494197,3,3
2022,54,085,211.59045491947808,611.2613142118256,3,3
2022,54,087,242.38967705140087,541.8122192913667,3,3
2022,54,089,191.90654985398416,475.5944931163955,3,3
2022,54,091,126.49078424286229,391.51909408504997,3,3
2022,54,093,0,0,3,3
2022,54,095,263.915547024952,143.95393474088291,3,3
2022,54,097,272.25130890052355,594.7643979057592,3,3
2022,54,099,610.3948733534003,1954.3780069234504,2,2
2022,54,101,143.50633819660368,251.13609184405644,3,3
2022,54,103,381.1239692329014,394.9830226595523,3,3
2022,54,105,211.4571318723568,576.7012687427913,3,3
2022,54,107,885.2287829884184,2830.1215112967534,2,2
2022,54,109,494.42011583556996,419.079907708245,3,3
2022,55,001,730.6199180934824,2036.18563228522,1,1
2022,55,003,435.0777577968779,1698.703188410654,3,3
2022,55,005,396.2898699740805,1023.9273397168133,2,2
2022,55,007,426.8482599716469,1304.4962473605956,3,3
2022,55,009,729.7802433289685,2229.3130150395314,2,2
2022,55,011,315.10240828269184,532.6731187635982,3,3
2022,55,013,984.240082120645,2626.6529798925185,2,2
2022,55,015,525.563171220492,1449.3319358772437,1,1
2022,55,017,1019.0305581040004,2330.000004530531,1,1
2022,55,019,423.0221185344547,739.4551685542588,3,3
2022,55,021,474.64484515841315,1342.0642068188608,3,3
2022,55,023,874.5270731253489,2964.708801091608,1,1
2022,55,025,732.4779795999456,2914.031835287836,2,2
2022,55,027,557.4065464398952,1250.0459010148038,2,2
2022,55,029,166.45582262467542,555.9624475664159,3,3
2022,55,031,782.4548670960718,2667.1505034926968,1,1
2022,55,033,373.72017425532385,1609.8715198690873,2,2
2022,55,035,656.6902351633,1840.3145020273023,1,1
2022,55,037,634.0183646698732,240.4897245299519,1,1
2022,55,039,616.3495217283859,1838.096397573195,2,2
2022,55,041,NA,NA,NA,NA
2022,55,043,844.044132272173,1715.9774980411626,1,1
2022,55,045,607.0782266362573,1474.454748634073,2,2
2022,55,047,240.33277104822042,768.9818616423191,1,1
2022,55,049,257.62297856812125,374.77799788852843,3,3
2022,55,051,765.9713168187744,668.1877444589309,1,1
2022,55,053,458.0589750930432,644.1454337245921,3,3
2022,55,055,512.2561236835226,1446.2274535018696,1,1
2022,55,057,734.2198913654242,1614.5345570331524,3,3
2022,55,059,866.2555697136673,1857.7756780964419,3,3
2022,55,061,544.4822557122022,972.2897423432183,1,1
2022,55,063,806.0491115991216,2902.275903373927,1,1
2022,55,065,575.5202432457551,749.7798904481507,3,3
2022,55,067,481.7548175481755,1696.391963919639,1,1
2022,55,069,1109.0768255756636,2369.551440039434,1,1
2022,55,071,534.5720461995804,1335.5485883386434,2,2
2022,55,073,729.4996752144057,1821.8535831458416,2,2
2022,55,075,607.2632510101131,1432.0893202955028,1,1
2022,55,077,300.9155515718036,960.3687816121391,1,1
2022,55,078,70.10983874737087,771.2082262210797,3,3
2022,55,079,1691.3513161913781,4333.391256374583,2,2
2022,55,081,534.5394736842105,1402.354570637119,3,3
2022,55,083,524.9948780987503,1272.7924605613605,1,1
2022,55,085,574.0892616206778,1478.8751025159397,1,1
2022,55,087,406.50871132433645,1909.8891371002412,2,2
2022,55,089,272.08749098614766,1224.8400910497942,1,1
2022,55,091,149.39562678256146,543.2568246638598,1,1
2022,55,093,197.96829888461036,829.8801134886153,2,2
2022,55,095,421.02464102109553,1163.357560716185,3,3
2022,55,097,512.2294788065053,1538.1112960828675,1,1
2022,55,099,568.7473339968719,1173.0413763685483,1,1
2022,55,101,654.0889439178354,1712.0993768648386,2,2
2022,55,103,243.39360222531292,515.7626332869727,3,3
2022,55,105,888.7368830787241,2594.405110556214,2,2
2022,55,107,909.7961774455181,909.7961774455181,1,1
2022,55,109,323.7084155533209,1711.8551887133692,2,2
2022,55,111,651.7383144622787,2462.30973414624,2,2
2022,55,113,1057.76153292352,2137.675139834967,1,1
2022,55,115,387.58546690677997,1277.1247540759655,2,2
2022,55,117,729.5674403988415,1901.6315472095532,1,1
2022,55,119,510.53606286600933,1246.308624055258,1,1
2022,55,121,208.61175396851266,345.5132175103491,3,3
2022,55,123,314.822628282107,720.521891532245,3,3
2022,55,125,250.5832541259829,704.2253521126761,3,3
2022,55,127,417.1555837554681,1228.751896230448,2,2
2022,55,129,263.70991908900214,569.3736889421637,3,3
2022,55,131,280.6156004735388,1287.6163750895194,2,2
2022,55,133,302.6129528468246,1234.1287259594865,2,2
2022,55,135,311.62231984063914,526.0397824155,3,3
2022,55,137,405.77684834534404,1626.0469080602788,3,3
2022,55,139,1002.455421422997,2661.2766589109233,1,1
2022,55,141,660.3250667642998,1395.5499775493824,1,1
2022,56,001,967.3550966022652,2345.10326449034,1,1
2022,56,003,NA,NA,NA,NA
2022,56,005,1295.4307787523742,2913.118637556822,1,1
2022,56,007,82.14114586898488,88.98624135806695,3,3
2022,56,009,823.0752421880691,1427.634933352757,1,1
2022,56,011,440.8928079360706,633.7834114081014,3,3
2022,56,013,1131.9222374498756,1987.208771128369,3,3
2022,56,015,762.3888182973317,1405.6543837357053,1,1
2022,56,017,324.95667244367417,1278.1629116117851,3,3
2022,56,019,492.0337394564198,1358.9503280224928,1,1
2022,56,021,1217.1537940109254,3821.9227241915546,1,1
2022,56,023,293.0180862887744,641.608568253006,3,3
2022,56,025,182.37617286745655,373.55671270092824,3,3
2022,56,027,1178.8617886178863,1788.617886178862,1,1
2022,56,029,625.8785728629761,1265.144922685588,1,1
2022,56,031,NA,NA,NA,NA
2022,56,033,1372.8509109571464,2466.641005901976,3,3
2022,56,035,318.14566526531075,579.4796045903875,3,3
2022,56,037,1756.2204425010102,2136.457615437629,3,3
2022,56,039,445.4724578086182,890.9449156172363,1,1
2022,56,041,1275.1873844057238,1795.970018495084,3,3
2022,56,043,621.3592233009709,491.9093851132686,1,1
2022,56,045,756.9141193595342,1775.8369723435223,1,1
2023,01,001,1333.484309461987,2099.174450448425,1,1
2023,01,003,959.8032882535581,1700.806434807977,1,1
2023,01,005,1579.3512945833502,2908.2683685422303,1,1
2023,01,007,1257.3760202949552,1426.5253149599084,1,1
2023,01,009,1420.2499857290386,2088.313525238844,2,2
2023,01,011,1112.5332283154476,2077.3850546421186,1,1
2023,01,013,1704.8034103842137,2550.233303509114,3,3
2023,01,015,1957.8473085758833,2746.36885748151,2,2
2023,01,017,1747.4600870827285,3506.531204644412,1,1
2023,01,019,2128.65580220918,3463.807875140501,1,1
2023,01,021,1852.8879353198965,3034.747304777218,1,1
2023,01,023,1037.9241516966067,1524.9500998003994,3,3
2023,01,025,1868.257170423647,3034.821506885361,2,2
2023,01,027,1536.5097265294617,1339.1598533972372,1,1
2023,01,029,2333.81408155238,1979.8085748000526,1,1
2023,01,031,1558.6882241874744,2169.330676233187,1,1
2023,01,033,1111.9206217041356,2213.4332500693868,2,2
2023,01,035,721.9141408206201,923.4740391643237,1,1
2023,01,037,1133.391455972101,1947.108398721302,3,3
2023,01,039,1487.5023242223817,2292.347331792706,2,2
2023,01,041,1103.164942178941,2008.520998174072,3,3
2023,01,043,1550.587350011305,2602.2749876708895,3,3
2023,01,045,3424.2375127077235,5626.141794821855,2,2
2023,01,047,2189.8976982097183,2522.911338448423,3,3
2023,01,049,742.317655534368,1187.403193470881,2,2
2023,01,051,1301.1717631110582,2530.569478893654,2,2
2023,01,053,1888.5406731162284,3114.8657855293636,3,3
2023,01,055,1631.9764735550903,3162.4074816100883,2,2
2023,01,057,1036.726215531488,1681.4956028174183,1,1
2023,01,059,1116.392519857402,2704.9846769654137,3,3
2023,01,061,2.9772094615716687,1.4886047307858343,3,3
2023,01,063,448.01686651732774,790.6179997364607,3,3
2023,01,065,NA,NA,NA,NA
2023,01,067,3109.2520730780634,4473.859402934743,2,2
2023,01,069,1993.7211195931473,3138.238747849563,2,2
2023,01,071,376.61575730047883,348.227634890895,3,3
2023,01,073,1587.0930057969613,4491.441880547289,2,2
2023,01,075,724.1653993772177,1151.4229850097763,2,2
2023,01,077,1215.3161400296726,2631.606637414902,2,2
2023,01,079,688.0884777799675,1155.5543531861922,3,3
2023,01,081,2214.450681167442,3763.865790502976,2,2
2023,01,083,1373.779839050244,2581.2678591044814,2,2
2023,01,085,569.5443645083933,689.4484412470024,3,3
2023,01,087,1101.1276861543274,1989.1502732845352,2,2
2023,01,089,838.2976010602953,1433.3373684536102,2,2
2023,01,091,1734.3774636043515,3121.8794344878334,3,3
2023,01,093,898.3103955345808,2019.3652082473732,2,2
2023,01,095,1140.3521776430866,2032.5718635248224,2,2
2023,01,097,2128.462927374734,3058.606551425349,1,1
2023,01,099,1506.6394279877425,1823.2890704800816,2,2
2023,01,101,368.40275179689877,342.4340990418007,3,3
2023,01,103,824.8082024512028,1357.2021395554332,2,2
2023,01,105,522.4152593852509,656.0563722512453,1,1
2023,01,107,684.6043623626812,1018.9460277025952,2,2
2023,01,109,2934.4824446939583,3829.6968409552996,1,1
2023,01,111,1591.2147019273868,2129.0900941281934,2,2
2023,01,113,754.4697042277709,1182.5737407464505,3,3
2023,01,115,1044.0845997147007,1771.268873425263,1,1
2023,01,117,1073.3502432861198,3136.4327641240156,2,2
2023,01,119,715.4742096505823,981.6971713810316,2,2
2023,01,121,2378.7670992312765,3063.7104423863652,2,2
2023,01,123,2421.981583887306,3303.3206131274333,2,2
2023,01,125,2029.7978852749623,3052.7379257156035,2,2
2023,01,127,814.4686582064464,2073.891050427076,3,3
2023,01,129,1106.7452521283562,1316.3064833005894,1,1
2023,01,131,676.5245965014013,831.158789987436,1,1
2023,01,133,1011.6066535751081,1660.9511015312041,1,1
2023,02,013,NA,NA,NA,NA
2023,02,016,463.4994206257242,405.5619930475087,3,3
2023,02,020,23.523795356817924,80.60359291380259,3,3
2023,02,050,1125.1149456374749,367.82603991994375,1,1
2023,02,060,1822.3234624145784,911.1617312072892,1,1
2023,02,063,NA,NA,NA,NA
2023,02,066,NA,NA,NA,NA
2023,02,068,NA,NA,NA,NA
2023,02,070,NA,NA,NA,NA
2023,02,090,631.0501805243055,2330.5949453194494,1,1
2023,02,100,529.6100144439094,481.4636494944632,1,1
2023,02,105,NA,NA,NA,NA
2023,02,110,1479.5583221245581,4100.847696205699,1,1
2023,02,122,344.2340791738382,723.5599819527764,2,2
2023,02,130,865.1766402307137,2213.410237923576,1,1
2023,02,150,543.5626650100947,846.4047212300046,1,1
2023,02,158,NA,NA,NA,NA
2023,02,164,NA,NA,NA,NA
2023,02,170,163.53894666461866,631.5675343567318,3,3
2023,02,180,1833.7531486146097,574.3073047858942,1,1
2023,02,185,2212.836286842347,1928.1975943439538,1,1
2023,02,188,2128.498226251478,1064.249113125739,1,1
2023,02,195,500.8839127872717,1502.651738361815,1,1
2023,02,198,226.87609075043633,69.80802792321117,3,3
2023,02,220,1096.1515548671512,1620.3979506731798,1,1
2023,02,230,76.45259938837921,229.35779816513764,1,1
2023,02,240,NA,NA,NA,NA
2023,02,275,522.3171889838557,47.48338081671415,1,1
2023,02,282,NA,NA,NA,NA
2023,02,290,NA,NA,NA,NA
2023,04,001,1610.8404384896469,666.869671132765,3,3
2023,04,003,868.8166557732468,1585.3911269109983,2,2
2023,04,005,1593.578673008718,3330.2683157843794,2,2
2023,04,007,2521.9175526953923,3143.0703227009885,3,3
2023,04,009,NA,NA,NA,NA
2023,04,011,NA,NA,NA,NA
2023,04,012,1053.8994278831678,2553.4477566997894,2,2
2023,04,013,670.0334132654707,1707.0374572575843,3,3
2023,04,015,1366.479624689541,3705.27090424064,1,1
2023,04,017,698.8788238788238,1350.4232254232254,3,3
2023,04,019,387.3528854313599,1315.018758089694,3,3
2023,04,021,891.5887752875053,1577.6490608942938,2,2
2023,04,023,267.5848907880271,429.3804061482296,3,3
2023,04,025,1055.2189889760652,1810.0109246201212,2,2
2023,04,027,884.5126032212245,2307.8219418831404,2,2
2023,05,001,2154.691212831026,3837.176031075073,1,1
2023,05,003,870.6334793291314,2227.3261403696188,3,3
2023,05,005,775.8007117437722,2215.8956109134047,1,1
2023,05,007,1169.7921735029097,2524.434876107357,2,2
2023,05,009,971.0787418197172,1704.6654000422209,1,1
2023,05,011,753.3320455862469,1265.211512458953,3,3
2023,05,013,826.7966928132288,1568.7937248251005,1,1
2023,05,015,932.4826474093809,1405.735118838954,1,1
2023,05,017,1340.4021206361908,3040.9122736821046,3,3
2023,05,019,1071.194686125924,2128.356254092993,1,1
2023,05,021,763.9419404125287,1395.9302729356205,1,1
2023,05,023,1978.8361057876857,2725.3597674824196,2,2
2023,05,025,440.5286343612335,800.9611533840608,3,3
2023,05,027,830.1149731433391,2690.1052070848314,1,1
2023,05,029,1475.661172863166,3377.730931391338,1,1
2023,05,031,2051.794428040001,4652.22084444722,1,1
2023,05,033,2413.1464666403476,3115.541518620871,3,3
2023,05,035,3180.070994979941,6150.097670608498,2,2
2023,05,037,1678.556441460344,2841.5562616150114,3,3
2023,05,039,1558.8096362777515,2377.578334120611,3,3
2023,05,041,1675.5728647767414,2898.2881985327417,3,3
2023,05,043,799.1600069999417,2210.814909875751,1,1
2023,05,045,1577.6841461862246,3073.7503068252727,2,2
2023,05,047,1016.260162601626,1910.5691056910568,1,1
2023,05,049,1236.464379871505,1746.3632467889583,2,2
2023,05,051,1238.2322959764945,5010.893246187364,2,2
2023,05,053,833.7474463033516,1678.5379051405223,1,1
2023,05,055,2591.918929453034,4913.16963319042,1,1
2023,05,057,1597.73485691172,3205.5819597532613,1,1
2023,05,059,464.6671896686983,1701.7681491762717,3,3
2023,05,061,684.9854342177781,1842.3746161719548,3,3
2023,05,063,1366.7366211962224,2229.800629590766,3,3
2023,05,065,778.8836001730853,713.9766334919948,3,3
2023,05,067,2491.8032786885246,3356.1847988077493,2,2
2023,05,069,2991.1730660867315,6072.347923848856,2,2
2023,05,071,1365.1087459509488,1824.0012339966065,1,1
2023,05,073,547.4158750603767,949.927547898889,1,1
2023,05,075,799.2622194897018,1746.0805410390408,1,1
2023,05,077,1080.9540594524733,1468.687580777817,3,3
2023,05,079,763.5354002776492,1712.1702915316985,3,3
2023,05,081,1095.4093151601305,1781.085375031357,3,3
2023,05,083,1299.4350282485875,1996.2335216572503,1,1
2023,05,085,1402.0629590485237,2652.9492822454413,1,1
2023,05,087,581.2588069516205,945.2794739314232,3,3
2023,05,089,1024.8301710002343,1803.701100960412,3,3
2023,05,091,2975.016436554898,4404.996712689021,1,1
2023,05,093,2098.1659915972728,3293.1646079146644,2,2
2023,05,095,1691.3635683280945,3637.1800628648407,3,3
2023,05,097,526.3495724244965,762.341215231721,1,1
2023,05,099,631.9883325230919,1859.504132231405,1,1
2023,05,101,613.2404181184669,710.801393728223,3,3
2023,05,103,1272.5724783797107,2876.7307433794863,3,3
2023,05,105,645.2893874714583,1886.230517224263,1,1
2023,05,107,1998.742928975487,3482.0867379006913,3,3
2023,05,109,440.8424489048949,1057.3535105331878,1,1
2023,05,111,2088.830255057168,3992.963940193492,1,1
2023,05,113,904.4862518089725,1493.6944387016745,1,1
2023,05,115,1062.1964593451355,1930.1268995770015,2,2
2023,05,117,894.3886302376868,1997.0595442293557,1,1
2023,05,119,3409.386916890137,7195.597915646512,1,1
2023,05,121,1206.427160625634,2220.680083275503,1,1
2023,05,123,2801.231310466139,4278.803869832894,3,3
2023,05,125,998.4449977219671,2780.8803979410422,1,1
2023,05,127,952.4493476855276,2436.300225277668,1,1
2023,05,129,992.2401730059789,674.2144765297036,1,1
2023,05,131,2502.4044817211798,5119.030596688878,2,2
2023,05,133,772.2985376970311,1493.9545483319616,1,1
2023,05,135,208.38281836407612,507.2603411121179,3,3
2023,05,137,1026.1343594676928,1827.8018278018278,1,1
2023,05,139,1655.0250208507089,3724.4578815679733,1,1
2023,05,141,1270.3522288290392,1715.585851770153,3,3
2023,05,143,1154.7874972674806,3251.1739602738903,1,1
2023,05,145,1713.2889721558238,3259.900510368887,2,2
2023,05,147,698.3920740620432,1737.859347084619,1,1
2023,05,149,955.6820995295866,1485.5162168853678,2,2
2023,06,001,484.33698619025165,2568.9655068043867,3,3
2023,06,003,1474.9262536873157,1061.9469026548672,1,1
2023,06,005,901.8011650296132,1771.9174242608885,3,3
2023,06,007,1420.7285052752184,3035.756910297417,2,2
2023,06,009,1284.9222741602348,1967.6051744754866,2,2
2023,06,011,849.509020324275,3037.223110299155,3,3
2023,06,013,854.8737879458405,3251.258332199701,2,2
2023,06,015,919.6497270362364,2227.6774264463415,3,3
2023,06,017,855.4386658276954,1740.5186714439494,3,3
2023,06,019,1170.7727693073768,3237.8536030161476,2,2
2023,06,021,478.6360619082556,1090.0324913531076,3,3
2023,06,023,1575.8614069030705,2879.2331890886,3,3
2023,06,025,765.6745799385452,1862.6024013071676,2,2
2023,06,027,2228.3678136467583,2696.37823751529,3,3
2023,06,029,852.8908771979926,2647.6412871677544,2,2
2023,06,031,1078.976640711902,2161.879212196558,2,2
2023,06,033,1759.638386239892,2117.7299343988025,1,1
2023,06,035,1350.3544279436765,1789.7809282483881,3,3
2023,06,037,250.52785191837134,1122.5065254214742,3,3
2023,06,039,1331.3180930789092,2459.8526355563954,3,3
2023,06,041,535.2346723861418,1989.8363379900682,2,2
2023,06,043,1934.3493552168818,2538.10082063306,1,1
2023,06,045,531.3695443671521,943.677033149963,3,3
2023,06,047,1490.5618756499543,3642.19512109721,2,2
2023,06,049,1422.6231783483693,1306.9627573444368,3,3
2023,06,051,1328.8784266079429,1693.3707950489786,1,1
2023,06,053,1095.60061858414,2095.2931620754694,2,2
2023,06,055,1366.2085691188358,2533.2549423091054,2,2
2023,06,057,926.2874321633545,1497.2865341818608,2,2
2023,06,059,614.7159522424174,2442.4292436655023,2,2
2023,06,061,565.6648926497509,1747.911792161189,2,2
2023,06,063,NA,NA,NA,NA
2023,06,065,401.48430002910305,1484.218393417878,3,3
2023,06,067,1088.2884156846355,2959.255628147397,2,2
2023,06,069,1008.2354365992492,1557.7691655564975,3,3
2023,06,071,274.01755906346784,911.1369511878513,3,3
2023,06,073,915.1993644415012,2379.963092279658,1,1
2023,06,075,23.555548646990808,84.53691824072337,3,3
2023,06,077,1190.7301858229957,3289.2397411279426,3,3
2023,06,079,796.1319568291141,1554.6066234199925,3,3
2023,06,081,807.6768219031003,3028.7209770500604,2,2
2023,06,083,846.6692944422547,2000.3378568613095,2,2
2023,06,085,726.0558914347051,2452.9014651943444,3,3
2023,06,087,573.6389232429018,1275.0873051375643,2,2
2023,06,089,653.7999713583837,1578.5936966412198,2,2
2023,06,091,585.865983156353,805.5657268399854,3,3
2023,06,093,816.717616462107,702.6509102523155,2,2
2023,06,095,1087.564104839139,4218.497684240413,2,2
2023,06,097,951.9357880908158,2090.0169260484063,2,2
2023,06,099,901.7655047532821,2435.310095065641,2,2
2023,06,101,956.8459447717007,2765.4565478776613,2,2
2023,06,103,1620.879120879121,3534.7985347985345,3,3
2023,06,105,1107.8937429182927,1567.4178521969031,3,3
2023,06,107,1622.1987750486576,3349.6996473115387,2,2
2023,06,109,1563.6105188343995,1875.2391886720245,1,1
2023,06,111,533.0094875211599,1501.9224368602067,3,3
2023,06,113,589.1212313230661,3216.9784463362444,2,2
2023,06,115,337.028611321754,611.4661948266108,3,3
2023,08,001,1379.8451351527492,5525.178116764429,2,2
2023,08,003,1604.601877081441,5873.44838026037,1,1
2023,08,005,835.8542011787999,3780.129756856684,2,2
2023,08,007,633.6489439184268,873.998543335761,1,1
2023,08,009,1069.364161849711,1127.1676300578035,3,3
2023,08,011,778.421433743664,2317.1614771904415,3,3
2023,08,013,846.476076094234,3745.3362940864336,2,2
2023,08,014,569.8309146585009,4007.4557315936627,1,1
2023,08,015,357.21473133427247,935.8019722278125,1,1
2023,08,017,NA,NA,NA,NA
2023,08,019,844.1974780936097,1570.848471895704,1,1
2023,08,021,185.77494692144373,490.97664543524417,3,3
2023,08,023,NA,NA,NA,NA
2023,08,025,523.1949773282176,1133.5891175444715,3,3
2023,08,027,985.6100926473488,1438.9907352651292,3,3
2023,08,029,548.5918412911045,2666.4115076707176,2,2
2023,08,031,1762.2811859880571,7760.594283024208,2,2
2023,08,033,922.4318658280923,2012.5786163522012,3,3
2023,08,035,921.5756185914054,4434.092722758447,1,1
2023,08,037,661.1077917259845,2206.680951786702,2,2
2023,08,039,92.07424867413081,220.97819681791398,3,3
2023,08,041,1032.0495750233802,4827.121444332127,2,2
2023,08,043,1046.6858322873225,3006.438028910394,1,1
2023,08,045,925.2990295644324,2142.3735370925624,2,2
2023,08,047,1242.1303386081333,6755.1471839373835,3,3
2023,08,049,715.4615676839306,1481.5752817525643,2,2
2023,08,051,524.5366592842988,2063.1775265182423,1,1
2023,08,053,212.99254526091588,958.4664536741213,1,1
2023,08,055,NA,NA,NA,NA
2023,08,057,140.64697609001408,281.29395218002816,1,1
2023,08,059,964.4546160275054,4760.87608266938,2,2
2023,08,061,147.49262536873155,1327.433628318584,3,3
2023,08,063,612.9722024233785,2508.909479686386,3,3
2023,08,065,1052.4895425718526,1659.6950479017676,1,1
2023,08,067,192.55455712451862,427.8990158322636,2,2
2023,08,069,809.6930811225301,3951.6693943317605,2,2
2023,08,071,1202.0566981656477,2932.184546970539,1,1
2023,08,073,305.7004135946772,1078.942636216508,1,1
2023,08,075,854.4168604927138,3659.752219110457,3,3
2023,08,077,1199.4965547051795,3526.659716748455,2,2
2023,08,079,0,125.15644555694618,3,3
2023,08,081,912.6565092774174,1583.949313621964,3,3
2023,08,083,1595.176308960464,2980.460998320867,3,3
2023,08,085,630.8929561841375,2082.1778517286007,3,3
2023,08,087,866.8539710820256,2730.7613239224283,2,2
2023,08,089,780.0650054171181,3531.960996749729,2,2
2023,08,091,318.47133757961785,975.3184713375796,3,3
2023,08,093,39.46107446868482,33.82377811601556,3,3
2023,08,095,222.66755733689598,378.53484747272324,3,3
2023,08,097,548.6194953540122,2518.0938708898407,1,1
2023,08,099,125.72290671360321,712.4298047104182,3,3
2023,08,101,1330.5596055142657,6460.178040136079,2,2
2023,08,103,322.18471923903036,966.5541577170911,1,1
2023,08,105,863.2918543968306,2854.769018923965,2,2
2023,08,107,1016.4065626250501,2116.846738695478,2,2
2023,08,109,316.94864245162233,1393.451358989455,3,3
2023,08,111,869.5652173913044,1014.4927536231884,3,3
2023,08,113,398.704211313232,1258.4101669573884,3,3
2023,08,115,NA,NA,NA,NA
2023,08,117,946.3006773179507,3033.3473766082247,2,2
2023,08,119,415.88990014499495,750.78711552434,3,3
2023,08,121,909.2787766067369,1487.9107253564787,3,3
2023,08,123,970.401004226352,3654.7237693720062,2,2
2023,08,125,262.07035581090616,493.9018244128616,1,1
2023,09,110,654.3663811918942,3359.651775127473,2,2
2023,09,120,705.4943977247652,2535.427954985657,1,1
2023,09,130,237.73738020264824,1595.0120868884408,1,1
2023,09,140,800.7906204469127,2470.688896602499,2,2
2023,09,150,134.61478258147326,206.61803838086593,3,3
2023,09,160,359.7759818516943,831.2065787608109,1,1
2023,09,170,1135.315091839669,4357.951528132349,1,1
2023,09,180,630.7678523429801,1178.389033240749,2,2
2023,09,190,537.9632729801427,1798.8448759883588,1,1
2023,10,001,917.6817300172727,2317.2189325914233,2,2
2023,10,003,1005.5717253014199,2925.964117741232,2,2
2023,10,005,672.9916338764124,1419.4957956538456,2,2
2023,11,001,NA,NA,NA,NA
2023,12,001,1230.1642230196167,2790.4071325390146,2,2
2023,12,003,1177.8897324913078,933.0873483289577,3,3
2023,12,005,NA,NA,NA,NA
2023,12,007,NA,NA,NA,NA
2023,12,009,435.7544240193511,505.04969115260593,3,3
2023,12,011,141.51183350315782,451.30662079093497,3,3
2023,12,013,NA,NA,NA,NA
2023,12,015,578.7280285827057,1047.7591589221,3,3
2023,12,017,NA,NA,NA,NA
2023,12,019,1045.0419807014089,1303.2814765749476,3,3
2023,12,021,683.5516829558322,1182.4154394979378,3,3
2023,12,023,1103.808918097661,1247.9683414599674,3,3
2023,12,027,1169.3885192545868,1601.428612575247,3,3
2023,12,029,NA,NA,NA,NA
2023,12,031,1956.6337599000783,3695.23495590202,3,3
2023,12,033,99.91493310648829,221.4832572886861,2,2
2023,12,035,NA,NA,NA,NA
2023,12,037,NA,NA,NA,NA
2023,12,039,NA,NA,NA,NA
2023,12,041,NA,NA,NA,NA
2023,12,043,NA,NA,NA,NA
2023,12,045,67.6956404007582,60.92607636068237,3,3
2023,12,047,922.2759390107848,1673.48456675344,3,3
2023,12,049,NA,NA,NA,NA
2023,12,051,480.4157066522869,767.1944703171724,3,3
2023,12,053,1090.2576521497479,1681.7857001071898,3,3
2023,12,055,NA,NA,NA,NA
2023,12,057,441.0479352646355,751.3254933762253,2,2
2023,12,059,NA,NA,NA,NA
2023,12,061,155.62445073723268,429.0352504638219,3,3
2023,12,063,NA,NA,NA,NA
2023,12,065,897.1657717664651,1270.9848433358254,3,3
2023,12,067,NA,NA,NA,NA
2023,12,069,136.44481008086362,257.84056022633786,3,3
2023,12,071,49.451741660064684,67.8699923803949,3,3
2023,12,073,374.48998594816055,688.7094316623495,2,2
2023,12,075,826.6329388381969,1115.7286114373476,3,3
2023,12,077,NA,NA,NA,NA
2023,12,079,1236.6808369679236,1446.4749075249822,3,3
2023,12,081,285.72105988697365,440.6297639797032,2,2
2023,12,083,1313.138868755755,1695.396146991078,2,2
2023,12,085,1048.2101904477017,1696.9538338817429,3,3
2023,12,086,828.4002955353897,2658.2916743629007,3,3
2023,12,087,1314.7605083088954,1658.1133919843599,3,3
2023,12,089,346.5289002989868,172.20795959980137,3,3
2023,12,091,289.8063757402663,452.6766255524288,2,2
2023,12,093,240.99977639196004,583.8654376506248,3,3
2023,12,095,NA,NA,NA,NA
2023,12,097,466.4043858722229,687.319845776927,2,2
2023,12,099,291.81672662431265,723.737323817061,3,3
2023,12,101,NA,NA,NA,NA
2023,12,103,579.5547412200111,1085.194651064738,3,3
2023,12,105,NA,NA,NA,NA
2023,12,107,871.5565434094431,1200.2424732269146,3,3
2023,12,109,103.68084094400892,410.6171918574611,3,3
2023,12,111,NA,NA,NA,NA
2023,12,113,616.872893211301,834.7141994331996,3,3
2023,12,115,316.7724725359094,1032.4673684813154,3,3
2023,12,117,NA,NA,NA,NA
2023,12,119,556.945090739879,578.7575616565845,2,2
2023,12,121,NA,NA,NA,NA
2023,12,123,1573.1490990570442,2240.687144057511,3,3
2023,12,125,NA,NA,NA,NA
2023,12,127,NA,NA,NA,NA
2023,12,129,242.71844660194174,468.0998613037448,3,3
2023,12,131,743.9320692332741,806.5526137815294,3,3
2023,12,133,79.17969832534938,91.0566530741518,3,3
2023,13,001,493.8673613372409,1427.3309454032346,3,3
2023,13,003,447.8876649316063,847.3550417624984,3,3
2023,13,005,530.1464641926499,1446.6708599155359,3,3
2023,13,007,NA,NA,NA,NA
2023,13,009,2234.99507659896,4206.645446426527,3,3
2023,13,011,287.12703972806344,915.7096220249399,3,3
2023,13,013,1215.3190758643145,2277.182055197637,3,3
2023,13,015,628.8629186796578,2148.3900569485304,2,2
2023,13,017,3016.6880616174585,4813.863928112965,1,1
2023,13,019,1089.9928794435011,2327.8742400175274,2,2
2023,13,021,1538.2355007889207,5325.69325999885,3,3
2023,13,023,1055.2601901079427,2650.2336072176577,1,1
2023,13,025,269.66044796654006,511.8045236915965,3,3
2023,13,027,675.4682222904513,1271.1083819465766,3,3
2023,13,029,494.8480109680598,1334.5900901865855,3,3
2023,13,031,1190.827311605958,2076.881482573858,3,3
2023,13,033,679.5758791501207,1834.036107585868,3,3
2023,13,035,441.0523893533788,1031.6790672700774,3,3
2023,13,037,269.75572945814696,484.40982838384645,3,3
2023,13,039,804.83974587765,1868.4417160396888,3,3
2023,13,043,993.437841779074,1549.3984688297485,3,3
2023,13,045,658.6797316528864,1908.6577980203508,3,3
2023,13,047,595.3714790386917,1183.3079768533423,1,1
2023,13,049,47.20320981826764,464.16489654629845,3,3
2023,13,051,144.22609284806285,558.1214383701781,3,3
2023,13,053,NA,NA,NA,NA
2023,13,055,636.6366366366366,1905.905905905906,3,3
2023,13,057,625.7763013633764,1369.204375334652,3,3
2023,13,059,1783.9046314991451,4137.947039847757,2,2
2023,13,061,630.9148264984227,1261.8296529968454,3,3
2023,13,063,230.9245806226118,870.2943925783276,3,3
2023,13,065,699.196667658435,1115.7393632847366,1,1
2023,13,067,1128.6455733067066,2173.266490044172,2,2
2023,13,069,773.8467598063066,1406.3622251569705,3,3
2023,13,071,781.2129021417403,2293.4229162527345,3,3
2023,13,073,471.06578634159786,1392.5255891454417,1,1
2023,13,075,391.6373898519841,1284.3402637793008,3,3
2023,13,077,1197.4036698861776,2352.8075136611083,2,2
2023,13,079,328.32635639825986,1994.5826151194285,3,3
2023,13,081,1625.406351587897,4601.150287571893,3,3
2023,13,083,NA,NA,NA,NA
2023,13,085,714.186176142698,1344.7603121516165,3,3
2023,13,087,1954.1177278659247,3777.7319870870256,3,3
2023,13,089,2421.48762233199,7048.39041475119,2,2
2023,13,091,924.2051333567733,1521.9247576472953,3,3
2023,13,093,NA,NA,NA,NA
2023,13,095,1930.5249359470895,2886.2539474468213,2,2
2023,13,097,1304.977030141788,3284.931673451555,2,2
2023,13,099,1217.7094755738428,2707.309039473378,3,3
2023,13,101,80.97165991902834,107.96221322537112,1,1
2023,13,103,340.44451051810006,851.8546049208354,1,1
2023,13,105,892.2686945500634,1439.7972116603296,3,3
2023,13,107,566.1774312965463,1088.8027524933582,3,3
2023,13,109,744.8789571694599,1657.3556797020483,3,3
2023,13,111,718.6096465534075,1616.871704745167,3,3
2023,13,113,377.0020465825386,1813.7527032289606,1,1
2023,13,115,2323.58438147194,3643.9864625953433,1,1
2023,13,117,496.4200844414024,975.1520791195945,3,3
2023,13,119,482.38255033557044,1178.6912751677853,3,3
2023,13,121,928.759810432063,3472.055880105767,2,2
2023,13,123,1200.90067550663,1798.223667750813,3,3
2023,13,125,583.5907998626844,1235.8393408856848,3,3
2023,13,127,994.2697118382811,1667.3138244672714,3,3
2023,13,129,752.5370268787713,1289.0839275918815,3,3
2023,13,131,303.193122505373,1066.932760208781,3,3
2023,13,133,704.5849075870519,975.186357602369,3,3
2023,13,135,1161.153636341086,2485.5716942109916,3,3
2023,13,137,283.5979832116536,603.7084734290522,3,3
2023,13,139,1098.130128557841,2389.072158462809,2,2
2023,13,141,440.32444959443797,811.1239860950174,3,3
2023,13,143,517.8141753443269,1655.3177927392142,2,2
2023,13,145,99.14160018008944,544.0731398224794,2,2
2023,13,147,1083.6731611539042,2416.553390726476,3,3
2023,13,149,430.44077134986225,1540.9779614325068,3,3
2023,13,151,1154.7692295154777,2633.884368238549,1,1
2023,13,153,1377.060048840501,2889.33741283517,2,2
2023,13,155,1150.7725093233885,2237.613212573255,1,1
2023,13,157,580.2110218991263,1311.2627330013688,3,3
2023,13,159,645.1612903225806,997.067448680352,3,3
2023,13,161,781.7765197465966,1664.6448308397357,1,1
2023,13,163,1066.7183863460048,1971.8127747607964,3,3
2023,13,165,1049.1122896011068,1867.6504496195525,1,1
2023,13,167,NA,NA,NA,NA
2023,13,169,340.0406646568043,1468.835448362897,1,1
2023,13,171,172.7929626138863,445.0727824903131,3,3
2023,13,173,624.133148404993,1505.8450564691896,3,3
2023,13,175,755.7588826860679,1309.9820633225174,3,3
2023,13,177,614.9323574406816,1511.8336982931878,3,3
2023,13,179,1209.110226558525,1768.7726334061592,2,2
2023,13,181,1003.4735623311462,1518.0753891676316,3,3
2023,13,183,222.7044312471448,548.195523069895,3,3
2023,13,185,1016.3369871067994,1700.05459661501,1,1
2023,13,187,580.5900209248181,1146.4442545165186,3,3
2023,13,189,539.4937059067644,1060.5431825517592,3,3
2023,13,191,804.5052292839904,2592.294627692858,3,3
2023,13,193,142.22370952898854,267.7152179369196,3,3
2023,13,195,944.5558646567898,1704.729248884001,3,3
2023,13,197,294.35375970029435,776.023548300776,3,3
2023,13,199,561.6780384297601,1657.2207021514719,3,3
2023,13,201,NA,NA,NA,NA
2023,13,205,1263.9335851872581,2863.672403339396,3,3
2023,13,207,114.11182959300113,304.29821224800304,3,3
2023,13,209,943.3730282085459,2515.5078957422525,3,3
2023,13,211,24.25536043465606,198.8939555641797,3,3
2023,13,213,573.4571272528673,399.6822402065439,1,1
2023,13,215,938.9234916798364,2906.7975320843707,2,2
2023,13,217,1417.4437272523903,2986.4148696177067,2,2
2023,13,219,383.28503318687484,1995.886697204824,3,3
2023,13,221,6.569870573549701,13.139741147099402,1,1
2023,13,223,1437.1289356399727,1861.244348564478,2,2
2023,13,225,1983.3005669964543,4505.423153383015,1,1
2023,13,227,441.55920109951165,792.4671754832295,3,3
2023,13,229,1541.3712903069586,3296.340542011966,3,3
2023,13,231,409.41658137154553,1192.4257932446264,3,3
2023,13,233,731.4637045875215,2119.2205695837656,2,2
2023,13,235,1334.2767613464066,2799.959567370868,3,3
2023,13,237,674.8357307760612,1798.0820458177946,1,1
2023,13,239,NA,NA,NA,NA
2023,13,241,368.2702987081312,1321.0966271117086,3,3
2023,13,243,526.3157894736842,590.1116427432216,3,3
2023,13,245,2033.1003688604153,4164.2399534071055,3,3
2023,13,247,620.4066049441634,1749.8647831758456,3,3
2023,13,249,550.7821105970479,1101.5642211940958,1,1
2023,13,251,120.93618837589813,327.2390979583126,3,3
2023,13,253,745.8593835691565,1239.4427991663924,1,1
2023,13,255,1178.626401817782,3333.577658872682,1,1
2023,13,257,353.92295656061395,1661.575143431935,3,3
2023,13,259,NA,NA,NA,NA
2023,13,261,966.6141084527319,2910.1254541715225,3,3
2023,13,263,977.0258778930424,1578.5810470164224,3,3
2023,13,265,NA,NA,NA,NA
2023,13,267,338.6330786702457,821.8046665290109,3,3
2023,13,269,128.43565373747754,359.619830464937,3,3
2023,13,271,279.2837194020043,336.78330869065223,3,3
2023,13,273,145.39760653170785,469.7461134101331,3,3
2023,13,275,1424.6323529411764,3527.6610644257703,3,3
2023,13,277,1503.7234233913925,1948.497995827543,3,3
2023,13,279,724.352855297883,1973.7211522264022,3,3
2023,13,281,306.1464793154879,282.5967501373734,3,3
2023,13,283,594.9585094723657,861.1241584468452,1,1
2023,13,285,1834.6915684392948,4120.536801248908,3,3
2023,13,287,347.72854739203586,897.36399326977,3,3
2023,13,289,508.32380226204094,1372.4742661075104,3,3
2023,13,291,207.04742558012344,656.301273536995,3,3
2023,13,293,402.06777713957496,1863.153360137852,1,1
2023,13,295,159.28336686921918,507.1483868896979,3,3
2023,13,297,508.0900563325585,1150.458112060791,2,2
2023,13,299,950.5183736309599,2154.913357859968,3,3
2023,13,301,77.29468599033817,154.58937198067633,3,3
2023,13,303,145.7799225858342,175.94128587945508,3,3
2023,13,305,861.7582489596645,1766.1129132671451,3,3
2023,13,307,NA,NA,NA,NA
2023,13,309,484.26150121065376,793.6507936507936,3,3
2023,13,311,214.3811063470865,1416.3210796373094,1,1
2023,13,313,1278.1473651544832,2577.6295118214084,2,2
2023,13,315,295.9927140255009,569.2167577413479,3,3
2023,13,317,1402.7007222861928,2606.511043651209,3,3
2023,13,319,579.874928936896,727.6861853325753,3,3
2023,13,321,787.363304981774,1637.910085054678,3,3
2023,15,001,NA,NA,NA,NA
2023,15,003,860.7445106240522,2429.6927463917277,1,1
2023,15,005,NA,NA,NA,NA
2023,15,007,1797.310148077707,2631.4359462029615,1,1
2023,15,009,NA,NA,NA,NA
2023,16,001,861.1323250375947,1630.1480950768819,2,2
2023,16,003,608.8280060882801,2957.1646010002173,3,3
2023,16,005,1155.363623003267,2591.089455893824,2,2
2023,16,007,473.1379731379731,900.4884004884004,1,1
2023,16,009,897.8109553112075,1220.6193886815295,3,3
2023,16,011,930.7452084991734,1287.939093339865,3,3
2023,16,013,846.2508645591764,960.1692501729118,1,1
2023,16,015,633.9341205717836,720.9446861404599,3,3
2023,16,017,604.5778065351019,1312.2775800711743,1,1
2023,16,019,1075.1164840700164,2106.9449691474624,2,2
2023,16,021,582.9066561638441,701.0634107916503,1,1
2023,16,023,339.1107761868877,678.2215523737754,3,3
2023,16,025,86.58008658008659,0,1,1
2023,16,027,870.4440914997629,1577.525216064025,1,1
2023,16,029,28.097780275358247,140.48890137679123,3,3
2023,16,031,639.7774687065369,1422.6107689250944,3,3
2023,16,033,257.7319587628866,386.59793814432993,1,1
2023,16,035,246.6091245376079,358.70418114561147,3,3
2023,16,037,680.1178871004307,1292.2239854908184,1,1
2023,16,039,526.7506713488948,719.5483026922813,3,3
2023,16,041,197.07781175671082,659.1913013931363,1,1
2023,16,043,386.83307787752716,919.6409021239325,1,1
2023,16,045,735.3681877707263,619.52251435479,1,1
2023,16,047,1092.7573062261754,1041.9313850063534,1,1
2023,16,049,373.8317757009346,362.14953271028037,3,3
2023,16,051,232.673574486567,893.4665260284172,1,1
2023,16,053,863.3209617556881,1815.3945457479426,1,1
2023,16,055,883.332583157042,1548.3638655083944,2,2
2023,16,057,421.67927570383233,1696.6389681260077,3,3
2023,16,059,195.93436198873377,330.6392358559882,1,1
2023,16,061,575.5001370238422,1151.0002740476843,3,3
2023,16,063,1023.5026535253979,1042.456406368461,3,3
2023,16,065,130.65064018813692,559.9313150920154,1,1
2023,16,067,679.6825107198248,894.0790073898368,3,3
2023,16,069,1057.0426348376768,2041.1045977823294,2,2
2023,16,071,576.7998290963469,769.0664387951292,3,3
2023,16,073,390.7521979811136,496.58091826766525,1,1
2023,16,075,740.7407407407408,1298.2054219167621,3,3
2023,16,077,473.93364928909955,1209.7779995011224,1,1
2023,16,079,1038.2916053019146,1126.656848306333,3,3
2023,16,081,487.5630113213784,446.2441120568548,3,3
2023,16,083,1119.1802086386383,1921.3860031914546,1,1
2023,16,085,1672.709294660514,2092.946605141727,3,3
2023,16,087,404.93281796429227,276.09055770292656,1,1
2023,17,001,243.99226590553357,524.8135530798269,3,3
2023,17,003,NA,NA,NA,NA
2023,17,005,252.60119083418533,1106.6337884164311,3,3
2023,17,007,787.7389922524424,1403.946057204558,1,1
2023,17,009,NA,NA,NA,NA
2023,17,011,787.2346867714296,971.9320555908802,3,3
2023,17,013,453.92646391284615,612.8007262823422,3,3
2023,17,015,89.62294347352923,441.7130785481083,3,3
2023,17,017,140.33993450803055,15.593326056447841,3,3
2023,17,019,1556.055856922435,3370.2413414977336,2,2
2023,17,021,380.2446612718508,644.9839209544591,3,3
2023,17,023,559.3231891306011,1317.1218079107794,2,2
2023,17,025,258.10369695589463,60.73028163668109,3,3
2023,17,027,328.53224200467537,939.4370488944693,3,3
2023,17,029,1257.255456317334,1492.8569898691342,3,3
2023,17,031,1903.7444952595308,4381.096024303694,2,2
2023,17,033,903.8089089735314,1495.5885517538197,3,3
2023,17,035,445.81751368338274,463.59191832179386,1,1
2023,17,037,1589.2807643291228,2714.821822207181,3,3
2023,17,039,1507.01765733135,2800.595045598603,1,1
2023,17,041,429.66872845176243,647.0736412703216,3,3
2023,17,043,739.8928511149883,1583.364360445921,2,2
2023,17,045,763.3587786259542,1719.0599266694717,3,3
2023,17,047,308.3214947486744,202.5895971645041,3,3
2023,17,049,791.1896826546878,2014.2008404579046,3,3
2023,17,051,673.5266604303087,1197.380729653882,3,3
2023,17,053,903.254702896387,1201.8512988951925,3,3
2023,17,055,117.20518899336724,418.2094243626967,3,3
2023,17,057,15.03352476021528,84.18773865720557,3,3
2023,17,059,NA,NA,NA,NA
2023,17,061,211.20216271014615,439.300498437104,3,3
2023,17,063,443.48199133171795,1211.83698410593,3,3
2023,17,065,439.03662819869544,213.2463622679378,1,1
2023,17,067,131.92612137203164,275.32407938510954,3,3
2023,17,069,NA,NA,NA,NA
2023,17,071,111.39401654996817,190.96117122851686,3,3
2023,17,073,348.03317264844867,850.4140859001056,3,3
2023,17,075,714.1254767067973,1372.1678007926419,3,3
2023,17,077,2026.334762645619,4100.102455128448,3,3
2023,17,079,736.4886819018737,1180.548034225062,1,1
2023,17,081,217.3440556400782,660.1825690067377,3,3
2023,17,083,913.9482564679415,1785.7142857142856,3,3
2023,17,085,196.18578337439544,520.1204489460716,3,3
2023,17,087,14.981273408239701,239.70037453183522,3,3
2023,17,089,401.5275488536704,833.5160571918125,2,2
2023,17,091,786.2739041307461,1339.4737581084496,3,3
2023,17,093,903.114846388245,1451.5514429622797,2,2
2023,17,095,845.9447397249157,2371.485373473445,3,3
2023,17,097,412.9770071629165,1155.7919664580531,3,3
2023,17,099,912.5585432136692,1302.8379880021532,3,3
2023,17,101,376.56074519389574,191.58353702847327,3,3
2023,17,103,296.5529391038816,328.8507839567796,3,3
2023,17,105,871.5835379616184,1309.2575952954087,1,1
2023,17,107,484.3918191603875,1248.654467168999,3,3
2023,17,109,195.55752343000518,498.1182200575604,3,3
2023,17,111,598.6928452736105,1166.0621550781907,2,2
2023,17,113,709.2613616413666,1186.783862548425,3,3
2023,17,115,1508.904289849987,3129.904182628106,2,2
2023,17,117,701.4770190455617,829.8351216688926,3,3
2023,17,119,815.6779438059964,2090.335317967524,3,3
2023,17,121,708.1926159604803,1641.9772274299457,3,3
2023,17,123,486.55569782330343,580.452411438327,3,3
2023,17,125,892.9958068022985,1040.5342444478956,3,3
2023,17,127,831.0646224387448,1303.9117352056169,3,3
2023,17,129,82.17602103706139,287.6160736297149,3,3
2023,17,131,428.9647224534221,608.233561687688,3,3
2023,17,133,85.79027138322515,277.3885441390946,3,3
2023,17,135,854.7617351663223,2393.332858465703,3,3
2023,17,137,1014.6837926489072,2047.760644983293,3,3
2023,17,139,551.1330039631927,676.9307015410379,1,1
2023,17,141,15.52312946289972,25.225085377212046,3,3
2023,17,143,2759.8133803404307,5590.804699968304,2,2
2023,17,145,716.0019221528111,773.6665064872658,3,3
2023,17,147,488.99520879865725,566.8301986202355,3,3
2023,17,149,800,1223.9316239316238,3,3
2023,17,151,NA,NA,NA,NA
2023,17,153,571.5411903823414,847.457627118644,3,3
2023,17,155,53.57142857142858,589.2857142857143,3,3
2023,17,157,447.88003450335077,895.7600690067015,3,3
2023,17,159,822.9665071770335,1511.9617224880383,3,3
2023,17,161,1727.7839943019246,4183.180749839937,2,2
2023,17,163,609.044089408857,1913.6056797024407,3,3
2023,17,165,436.1397357506307,739.7271988711677,2,2
2023,17,167,2770.445069687658,5955.513956098619,2,2
2023,17,169,292.99736302373276,1362.4377380603576,3,3
2023,17,171,165.05054672993606,309.4697751186301,3,3
2023,17,173,344.65130731389166,616.972329830354,3,3
2023,17,175,187.82870022539444,281.7430503380916,3,3
2023,17,177,1307.8425139639435,1453.158348848826,3,3
2023,17,179,1113.7068668377312,2801.118302631075,3,3
2023,17,181,271.0346452981381,748.2913033231204,3,3
2023,17,183,2962.5985596960877,4616.078383142705,3,3
2023,17,185,830.4312885079025,491.1152781498348,1,1
2023,17,187,627.4131274131274,1683.1563706563707,3,3
2023,17,189,171.17800526197266,474.3147073862035,3,3
2023,17,191,387.6453670126298,737.7766662498437,3,3
2023,17,193,256.32397834312883,726.6236390828395,3,3
2023,17,195,866.0675460211626,1491.1581388607044,3,3
2023,17,197,842.092020453148,1680.044827692189,2,2
2023,17,199,306.4183432483334,711.4884457863741,3,3
2023,17,201,2152.575313157478,3661.7984179197983,2,2
2023,17,203,2.6076979242724523,0,3,3
2023,18,001,325.04514515904987,338.93596332824,3,3
2023,18,003,1557.9064330192828,2453.760503715364,1,1
2023,18,005,15.085719954727061,715.1332778468833,1,1
2023,18,007,NA,NA,NA,NA
2023,18,009,66.62780044973765,24.985425168651616,3,3
2023,18,011,457.2479986818076,977.6593845689099,1,1
2023,18,013,NA,NA,NA,NA
2023,18,015,NA,NA,NA,NA
2023,18,017,551.6802376468715,1230.6712993660983,1,1
2023,18,019,1121.3355048859935,2233.7133550488597,1,1
2023,18,021,NA,NA,NA,NA
2023,18,023,1298.2679649346317,1404.4347377680713,1,1
2023,18,025,9.52925481227368,0,3,3
2023,18,027,376.77172417917586,397.7034866335745,3,3
2023,18,029,72.7945227040214,82.631620366727,3,3
2023,18,031,109.80273370943924,147.66574533338382,3,3
2023,18,033,433.6453744493392,633.2599118942732,2,2
2023,18,035,859.8774407050281,2333.4433453157194,2,2
2023,18,037,369.57968918577694,555.5172967885591,1,1
2023,18,039,1166.1419245391944,2350.0115192181083,1,1
2023,18,041,NA,NA,NA,NA
2023,18,043,767.587440381558,2000.943958664547,3,3
2023,18,045,NA,NA,NA,NA
2023,18,047,531.9560139009111,706.1484288240825,1,1
2023,18,049,0,4.899318994659742,3,3
2023,18,051,221.30600860971322,482.02267628690964,3,3
2023,18,053,941.5912138240656,1612.0041580668,1,1
2023,18,055,885.1844672740194,1198.5526910900044,3,3
2023,18,057,445.1586892736354,1327.9167693238066,1,1
2023,18,059,561.8884278339079,972.2773607420836,2,2
2023,18,061,424.7832097524193,557.999245946965,3,3
2023,18,063,599.8472507930137,1719.2647968825781,2,2
2023,18,065,129.58442885807852,274.79058069053923,3,3
2023,18,067,1374.2375313957662,1922.0188972610931,2,2
2023,18,069,223.0867589846832,353.67413009766847,3,3
2023,18,071,481.4438999114834,1038.4507437552625,3,3
2023,18,073,NA,NA,NA,NA
2023,18,075,103.54519007938464,118.33736009072531,3,3
2023,18,077,NA,NA,NA,NA
2023,18,079,725.0580046403712,862.8190255220417,1,1
2023,18,081,584.6831349420816,1931.865969853597,1,1
2023,18,083,955.4669325357262,2007.8652930098594,3,3
2023,18,085,791.0020577476259,1306.1440452280244,1,1
2023,18,087,302.98551581436595,364.567937727855,1,1
2023,18,089,1126.0746708350869,2085.412533317301,2,2
2023,18,091,938.1047074664931,1748.6913796024648,2,2
2023,18,093,308.36124853029264,235.15318233245335,3,3
2023,18,095,916.421360105462,1776.4879524254166,2,2
2023,18,097,2149.3459544387897,4521.943788656787,2,2
2023,18,099,NA,NA,NA,NA
2023,18,101,NA,NA,NA,NA
2023,18,103,61.50061500615006,75.47802750754781,3,3
2023,18,105,1249.4457238488935,3488.7213743187767,2,2
2023,18,107,1016.9047307037085,1299.960686672782,1,1
2023,18,109,NA,NA,NA,NA
2023,18,111,NA,NA,NA,NA
2023,18,113,432.33439483729467,689.6260834721725,3,3
2023,18,115,NA,NA,NA,NA
2023,18,117,NA,NA,NA,NA
2023,18,119,NA,NA,NA,NA
2023,18,121,NA,NA,NA,NA
2023,18,123,801.3320845041108,962.6391924237693,3,3
2023,18,125,NA,NA,NA,NA
2023,18,127,525.4091300602929,814.2405971863336,3,3
2023,18,129,818.6623216627588,1061.081747009498,3,3
2023,18,131,466.2004662004662,683.2248211558556,1,1
2023,18,133,5.3921436467067485,10.784287293413497,3,3
2023,18,135,NA,NA,NA,NA
2023,18,137,82.74322660098522,51.95504926108374,3,3
2023,18,139,NA,NA,NA,NA
2023,18,141,1769.0608788805976,2900.8636186870353,2,2
2023,18,143,306.52280529671407,478.1755762628739,3,3
2023,18,145,726.5782619551459,1169.205867866931,1,1
2023,18,147,10.06491872578129,5.032459362890645,3,3
2023,18,149,600.8583690987125,738.1974248927039,3,3
2023,18,151,761.9487416301085,1570.076194874163,1,1
2023,18,153,351.53616488490803,645.2855629394202,3,3
2023,18,155,NA,NA,NA,NA
2023,18,157,1546.9666326928107,2241.740884423076,2,2
2023,18,159,338.93530664425884,259.03053805493545,3,3
2023,18,161,NA,NA,NA,NA
2023,18,163,2306.734553216088,3371.7233252551305,1,1
2023,18,165,NA,NA,NA,NA
2023,18,167,2484.910688223275,4001.8455570098213,2,2
2023,18,169,NA,NA,NA,NA
2023,18,171,NA,NA,NA,NA
2023,18,173,689.8685228151585,1133.7973704563033,1,1
2023,18,175,262.7187843930841,415.3796996485249,3,3
2023,18,177,4.519637826355515,6.026183768474019,3,3
2023,18,179,516.6130002476912,491.8438837974594,3,3
2023,18,181,NA,NA,NA,NA
2023,18,183,223.91531929742933,537.9783645457718,3,3
2023,19,001,441.70793735778346,602.3290054878865,1,1
2023,19,003,219.71985718209282,357.0447679209008,1,1
2023,19,005,535.140754512939,622.0112186206366,1,1
2023,19,007,694.3309916680281,2115.667374611992,1,1
2023,19,009,231.2344361437211,498.0434009249377,3,3
2023,19,011,556.4635380185229,910.5766985757647,1,1
2023,19,013,860.0307591072207,1963.379829065061,2,2
2023,19,015,129.85514698238723,209.36275373026533,3,3
2023,19,017,728.5611911776416,1027.1518432996256,1,1
2023,19,019,450.4722693146041,712.0368127876,1,1
2023,19,021,1126.4745697157223,1716.302456004641,1,1
2023,19,023,83.91021606880638,69.92518005733865,3,3
2023,19,025,192.7368634611483,344.89754514100224,3,3
2023,19,027,420.7573632538569,1189.727716786768,1,1
2023,19,029,1052.2302706824248,2005.3373999237515,1,1
2023,19,031,403.7876321535368,622.8275923629981,1,1
2023,19,033,1100.853102722917,4083.206731331074,1,1
2023,19,035,474.6698886683352,345.21446448606196,3,3
2023,19,037,176.9464105156724,362.3188405797101,3,3
2023,19,039,443.7564499484004,1795.6656346749226,1,1
2023,19,041,547.2455308281649,1191.7791560257813,1,1
2023,19,043,344.934916406782,431.67183273791693,3,3
2023,19,045,1351.7883707392796,3009.723390035142,1,1
2023,19,047,687.5805758487323,865.6148320952791,3,3
2023,19,049,528.6154706756813,1389.4202651133517,1,1
2023,19,051,230.0865563712063,153.3910375808042,1,1
2023,19,053,NA,NA,NA,NA
2023,19,055,518.8584734500855,1163.7010315289876,1,1
2023,19,057,1067.4404746482887,3699.769412130476,3,3
2023,19,059,397.8928491369648,857.4310692669806,3,3
2023,19,061,1567.4349420849783,2312.1054553674435,1,1
2023,19,063,590.3821382567626,461.5714899098325,1,1
2023,19,065,495.023977723921,458.92847934821845,3,3
2023,19,067,567.6686879112373,980.5186427557735,1,1
2023,19,069,340.78380274631655,390.89906785606894,3,3
2023,19,071,913.2420091324201,1324.2009132420092,1,1
2023,19,073,263.7009860123825,779.6376977757395,3,3
2023,19,075,250.97150259067357,429.08031088082896,1,1
2023,19,077,422.6939695660342,601.1647567161375,1,1
2023,19,079,738.6020277982944,1141.4758611428188,1,1
2023,19,081,233.25247247620823,457.1748460533682,3,3
2023,19,083,1428.6568234801841,1948.7118178014225,3,3
2023,19,085,34.141345168999656,177.53499487879822,3,3
2023,19,087,519.082459956496,1023.3339924856635,3,3
2023,19,089,190.29495718363464,444.02156676181414,3,3
2023,19,091,156.69069257286117,626.7627702914447,3,3
2023,19,093,403.22580645161287,676.8433179723503,1,1
2023,19,095,731.250377711972,1238.8952680244154,1,1
2023,19,097,844.0990272273406,1780.84306963817,1,1
2023,19,099,911.9029527473703,1292.211425175006,1,1
2023,19,101,440.16330696606275,854.8099004848176,1,1
2023,19,103,1180.797143156769,2701.1820513698935,2,2
2023,19,105,605.7983556901775,923.1213039088418,1,1
2023,19,107,361.30068245684464,481.7342432757929,3,3
2023,19,109,266.9404517453799,116.3586584531143,3,3
2023,19,111,834.9660889223812,2305.9532780708364,1,1
2023,19,113,1031.538853758558,2984.359134152347,2,2
2023,19,115,560.2240896358544,541.5499533146592,1,1
2023,19,117,736.9027058146229,1174.4386873920553,3,3
2023,19,119,223.38049143708116,488.1277405476959,3,3
2023,19,121,289.37057152174503,793.9039187258792,2,2
2023,19,123,984.9653947276802,2156.537203537734,1,1
2023,19,125,586.7615830594702,1018.125759232531,3,3
2023,19,127,955.6928773360687,2028.9710039778838,3,3
2023,19,129,679.8049852365584,1208.5421959761038,1,1
2023,19,131,180.128934395146,436.1016306408798,3,3
2023,19,133,510.5000580113702,707.7387167884906,3,3
2023,19,135,609.5944871455075,622.8465412138881,3,3
2023,19,137,945.9723034913204,1453.0914764969768,3,3
2023,19,139,786.4780352607837,1483.9646480213112,2,2
2023,19,141,488.9188338066422,716.788949746055,1,1
2023,19,143,261.69447170428526,278.0503761858031,3,3
2023,19,145,870.253164556962,1489.9789029535866,1,1
2023,19,147,494.27095034823634,786.3401482812851,1,1
2023,19,149,1890.493804129665,4368.888943217605,1,1
2023,19,151,241.47727272727272,468.75,1,1
2023,19,153,1297.411818175798,3213.3042760083204,2,2
2023,19,155,1180.8536833427902,3706.3603370197097,3,3
2023,19,157,699.601765149069,1415.3481864169628,1,1
2023,19,159,192.967409948542,493.13893653516294,1,1
2023,19,161,420.12501280868946,420.12501280868946,1,1
2023,19,163,1403.6914328933328,4454.591166045804,2,2
2023,19,165,382.7507017096198,314.7061325167985,1,1
2023,19,167,397.531616463565,600.0201601192582,2,2
2023,19,169,592.3401493021746,2128.975981824083,2,2
2023,19,171,353.31527499705567,476.9756212460252,3,3
2023,19,173,559.2272496187087,762.5826131164209,3,3
2023,19,175,988.5363017112478,1437.1157999667719,1,1
2023,19,177,345.4947484798231,608.0707573244887,1,1
2023,19,179,1704.2393307812279,3626.8254643414148,1,1
2023,19,181,1569.161169772754,3733.161703507528,1,1
2023,19,183,798.6157327299348,1836.81618527885,1,1
2023,19,185,383.5532371893219,521.6324025774778,1,1
2023,19,187,1774.8588797221018,4439.861050803301,3,3
2023,19,189,NA,NA,NA,NA
2023,19,191,340.476667334268,305.42759863809334,1,1
2023,19,193,1442.0971986353227,3679.31092140933,2,2
2023,19,195,162.60162601626016,392.9539295392954,1,1
2023,19,197,312.0855114301319,507.1389560739643,3,3
2023,20,001,1248.899207429349,3066.2076695220558,2,2
2023,20,003,831.3083514515923,1956.7719657245173,3,3
2023,20,005,937.6349392387885,2344.0873480969713,1,1
2023,20,007,361.1846857693234,1228.0279316156993,3,3
2023,20,009,1717.1117705242332,2512.363996043521,2,2
2023,20,011,1536.4293659621803,2989.432703003337,3,3
2023,20,013,1274.9065707664417,1853.5541745613389,2,2
2023,20,015,694.976147005124,2243.9484068555275,3,3
2023,20,017,620.3955021326095,1744.8623497479643,1,1
2023,20,019,534.1246290801187,712.1661721068249,3,3
2023,20,021,1185.2776044915784,2937.2010813058846,3,3
2023,20,023,722.9832572298326,1598.1735159817351,3,3
2023,20,025,754.906894816306,1761.4494212380473,1,1
2023,20,027,718.622227728906,1499.1946475034072,3,3
2023,20,029,1092.165385044021,2061.7407778892234,3,3
2023,20,031,855.009633911368,1770.2312138728325,3,3
2023,20,033,593.4718100890208,1127.5964391691393,3,3
2023,20,035,1577.405979064575,3859.4252906892452,2,2
2023,20,037,1193.4399301901803,4201.421861766291,3,3
2023,20,039,254.91624180626363,546.2490895848507,1,1
2023,20,041,933.6155892091408,1905.2271617000488,3,3
2023,20,043,613.9882541377469,1361.4522156967432,3,3
2023,20,045,681.7402360577848,1614.4277982718093,1,1
2023,20,047,922.9676961306354,2307.419240326589,3,3
2023,20,049,405.8441558441558,1136.3636363636365,3,3
2023,20,051,568.0637339799099,1101.4894354000692,2,2
2023,20,053,628.3380458686773,1539.4282123782596,3,3
2023,20,055,1715.7443225178283,3705.165653535433,3,3
2023,20,057,1221.691618082208,2724.6359827732695,2,2
2023,20,059,915.5959067477111,2408.2480572439795,3,3
2023,20,061,2064.3543669034684,3752.611784371082,1,1
2023,20,063,652.6908700460463,1011.812136333822,3,3
2023,20,065,290.93931837073984,332.50207813798835,1,1
2023,20,067,315.7605711147721,137.28720483250962,1,1
2023,20,069,403.7921348314607,1615.1685393258429,3,3
2023,20,071,77.1604938271605,385.8024691358024,3,3
2023,20,073,923.4385493619878,1930.8260577568838,3,3
2023,20,075,1569.4164989939636,3581.48893360161,1,1
2023,20,077,1028.2776349614396,1468.9680499449137,3,3
2023,20,079,1770.9842414924753,2722.9991425952753,3,3
2023,20,081,568.3355886332882,676.5899864682003,3,3
2023,20,083,238.66348448687353,715.9904534606205,1,1
2023,20,085,1024.327784891165,1611.8098968140391,3,3
2023,20,087,445.87026262845956,1625.7952259257247,3,3
2023,20,089,137.50429700928154,68.75214850464077,1,1
2023,20,091,933.5378076837654,3074.6066656407547,2,2
2023,20,093,664.9616368286445,1304.3478260869565,1,1
2023,20,095,343.218012081274,1084.568918176826,3,3
2023,20,097,578.0346820809249,1279.9339388934764,1,1
2023,20,099,1869.7679081658227,4541.581031630658,3,3
2023,20,101,1469.6058784235136,1336.0053440213762,1,1
2023,20,103,1298.3921302539725,2764.293727854394,1,1
2023,20,105,NA,NA,NA,NA
2023,20,107,647.9481641468683,1429.599917720868,3,3
2023,20,109,44.67942512473006,155.44169116004431,1,1
2023,20,111,743.5059884896563,4013.065795613626,3,3
2023,20,113,647.1954862263525,1457.0195818121474,3,3
2023,20,115,686.7316659601527,1441.2886816447647,3,3
2023,20,117,929.9070092990702,1259.8740125987401,3,3
2023,20,119,557.1030640668524,1367.4347936186377,3,3
2023,20,121,1004.8971320461395,1903.8590037478887,1,1
2023,20,123,1040.4022888850354,884.3419455522802,3,3
2023,20,125,1701.8270558391935,4177.503772918472,1,1
2023,20,127,445.43429844097994,482.5538233110616,3,3
2023,20,129,604.4578768417076,1246.6943709860218,3,3
2023,20,131,244.46828906628332,386.64324356261557,3,3
2023,20,133,1336.30289532294,3035.316576519249,1,1
2023,20,135,0,0,3,3
2023,20,137,111.2759643916914,296.7359050445104,3,3
2023,20,139,481.6223067173638,487.9594423320659,3,3
2023,20,141,316.72905269219694,345.5226029369421,3,3
2023,20,143,657.2120373573158,795.5724662746454,3,3
2023,20,145,948.5530546623794,1993.5691318327974,1,1
2023,20,147,389.82355354944605,205.1702913418137,3,3
2023,20,149,815.4092256799115,1548.3844840956524,3,3
2023,20,151,811.4035087719298,2269.7368421052633,1,1
2023,20,153,197.39439399921042,1342.2818791946308,3,3
2023,20,155,1470.183002933882,3575.7703467168076,3,3
2023,20,157,986.7009867009866,1780.3517803517802,1,1
2023,20,159,713.6010224731068,1661.5187985940995,3,3
2023,20,161,1222.981453074885,2551.945335378608,3,3
2023,20,163,718.8334360238242,1519.8192647360854,3,3
2023,20,165,710.1792357118702,1386.540412580318,3,3
2023,20,167,1384.5466726217062,1801.399434271252,1,1
2023,20,169,2170.9633649932157,5496.18036839464,3,3
2023,20,171,1104.3186748175901,749.3591007690791,1,1
2023,20,173,2954.0751441008333,6694.424445573414,2,2
2023,20,175,1187.6155268022183,2329.0203327171903,3,3
2023,20,177,2026.750413593921,5437.007542831506,2,2
2023,20,179,286.65028665028666,450.45045045045043,3,3
2023,20,181,1064.3689812468324,1841.5272850143604,1,1
2023,20,183,27.94076557697681,83.82229673093043,3,3
2023,20,185,399.6003996003996,799.2007992007992,3,3
2023,20,187,NA,NA,NA,NA
2023,20,189,230.23791250959326,460.4758250191865,3,3
2023,20,191,1320.996320219856,3095.644899428945,3,3
2023,20,193,802.9253495528862,2634.6735583034642,1,1
2023,20,195,179.98560115190784,611.9510439164867,3,3
2023,20,197,1085.464545848706,2318.530848219997,3,3
2023,20,199,0,68.54009595613434,3,3
2023,20,201,326.14604094944735,797.2458778764268,3,3
2023,20,203,47.28132387706856,47.28132387706856,1,1
2023,20,205,806.1689449702068,1226.7788293024885,1,1
2023,20,207,1058.3707504810775,1347.0173187940989,1,1
2023,20,209,665.3140479501608,1325.8637308617654,2,2
2023,21,001,347.07614640302904,326.0412284392091,1,1
2023,21,003,461.267773075277,1022.3976413524181,1,1
2023,21,005,373.4749771765292,792.5968960079674,1,1
2023,21,007,716.3323782234958,1367.5436311539463,3,3
2023,21,009,716.3644504141482,2072.9796283859414,1,1
2023,21,011,382.4539494224165,640.0249765844521,1,1
2023,21,013,845.9669989111317,2194.4886506407574,1,1
2023,21,015,796.7982800197565,2314.1288241959383,1,1
2023,21,017,1034.623412482305,1380.2411741268977,1,1
2023,21,019,818.0171929313324,2329.1634577357786,1,1
2023,21,021,764.202306591714,1555.527042816802,1,1
2023,21,023,569.5977216091136,593.3309600094933,1,1
2023,21,025,372.079178449174,535.7940169668105,1,1
2023,21,027,202.68313869317632,670.7846732940835,1,1
2023,21,029,489.1297816341982,1610.4027208595223,2,2
2023,21,031,315.20245696274145,396.02359977370077,1,1
2023,21,033,870.8732483572163,1480.484522207268,1,1
2023,21,035,916.0023230030093,1829.364869859036,1,1
2023,21,037,863.7987831704098,2023.757149142103,2,2
2023,21,039,377.91307999160193,692.8406466512703,1,1
2023,21,041,763.0079058650487,1185.8797573083289,1,1
2023,21,043,422.40241372807844,622.2892702244013,1,1
2023,21,045,162.99918500407497,244.49877750611248,1,1
2023,21,047,1106.0758412650312,3038.6093472361877,1,1
2023,21,049,999.8919035779916,2615.9334126040426,1,1
2023,21,051,119.37329022631187,661.5269833374782,3,3
2023,21,053,173.16017316017317,324.6753246753247,1,1
2023,21,055,479.26883637984844,746.7677218011592,1,1
2023,21,057,134.49899125756556,554.808338937458,1,1
2023,21,059,1027.181549493677,3358.6898590047967,1,1
2023,21,061,351.2211059380871,547.2514906477171,1,1
2023,21,063,327.15376226826606,204.47110141766632,1,1
2023,21,065,127.84998934583423,369.3444136657433,1,1
2023,21,067,1414.1042968093125,4715.030424573838,2,2
2023,21,069,453.32106957492937,505.88003416332697,1,1
2023,21,071,246.16603474619433,350.8573368796333,3,3
2023,21,073,1122.8982021992515,2466.8851695983553,3,3
2023,21,075,869.5652173913044,2018.6335403726707,1,1
2023,21,077,788.6615613212938,1051.548748428392,1,1
2023,21,079,403.55125100887807,755.2173411737576,1,1
2023,21,081,673.5874474998019,1026.2302876614629,1,1
2023,21,083,764.7765759860155,1395.7172511744782,1,1
2023,21,085,368.6150605581885,883.9238697058603,3,3
2023,21,087,399.00691611987946,336.93917361234264,1,1
2023,21,089,232.89093408905975,426.49906001851906,1,1
2023,21,091,221.43489813994688,509.3002657218778,1,1
2023,21,093,558.0877866704949,1400.6029501489431,2,2
2023,21,095,278.7855642543441,400.99293488638534,1,1
2023,21,097,585.1035791471193,1117.4951241368406,1,1
2023,21,099,251.6692347200822,647.1494607087827,1,1
2023,21,101,1514.8450318027556,2802.688063290855,3,3
2023,21,103,310.6377583365031,671.9918853810067,3,3
2023,21,105,223.71364653243847,626.3982102908278,1,1
2023,21,107,606.9601045566311,990.18673991538,1,1
2023,21,109,84.59586249327079,446.05091132815505,1,1
2023,21,111,1814.3373575463286,5376.086960129112,2,2
2023,21,113,749.1820345032718,2136.0053539559785,1,1
2023,21,115,137.9985754985755,365.02849002849,1,1
2023,21,117,878.5928381728568,1675.332858312183,2,2
2023,21,119,7.119464616260858,78.31411077886943,3,3
2023,21,121,264.3124827651322,734.7957032906015,1,1
2023,21,123,558.9566143199361,745.2754857599149,1,1
2023,21,125,353.89201511214554,1625.9903397044525,3,3
2023,21,127,179.33337455939645,531.8162142106239,1,1
2023,21,129,176.27118644067795,705.0847457627118,1,1
2023,21,131,116.94766591950102,155.93022122600135,3,3
2023,21,133,23.645133831457485,37.83221413033198,3,3
2023,21,135,276.327909118821,675.4682222904513,1,1
2023,21,137,369.97237637442754,836.8984464133381,3,3
2023,21,139,749.356895201879,1084.889833351974,1,1
2023,21,141,508.4562403086798,1052.9732068803864,1,1
2023,21,143,532.2160570716793,600.158532442532,1,1
2023,21,145,1479.6401515151515,2744.732481060606,2,2
2023,21,147,35.4924578527063,112.39278320023661,1,1
2023,21,149,219.13005368686314,251.99956173989264,3,3
2023,21,151,803.708113624766,1981.6295288314338,1,1
2023,21,153,60.89604175728578,234.88473249238803,1,1
2023,21,155,360.7723577235772,1051.829268292683,3,3
2023,21,157,699.697428139183,1260.7160867372668,3,3
2023,21,159,35.774975404704406,98.38118236293714,1,1
2023,21,161,1300.3824654310092,2565.4604295380996,1,1
2023,21,163,339.63771976558337,586.0415556739479,1,1
2023,21,165,225.69724326938575,370.78832822827667,1,1
2023,21,167,442.5166491412548,933.2281808622502,1,1
2023,21,169,356.7296567682221,771.3073659853451,1,1
2023,21,171,61.848383106555936,185.5451493196678,1,1
2023,21,173,576.5625552686499,1393.6542746984542,1,1
2023,21,175,444.82709140479267,588.3197015353709,1,1
2023,21,177,465.61604584527225,849.8306850742382,2,2
2023,21,179,397.01074264362444,1473.3981571907775,3,3
2023,21,181,264.8605194751121,516.6576816674025,1,1
2023,21,183,451.4006074924064,839.52075599055,1,1
2023,21,185,335.98619449481936,1326.137112118202,2,2
2023,21,187,150.84294587400177,417.03637976929906,1,1
2023,21,189,49.73887092762995,74.60830639144491,3,3
2023,21,191,510.7947967036709,898.9988421984608,3,3
2023,21,193,190.3257083348296,412.9708765755737,1,1
2023,21,195,123.55131730066473,395.016183482407,3,3
2023,21,197,183.80945086926553,490.15853565137473,1,1
2023,21,199,334.3358319466284,1102.2395920797521,3,3
2023,21,201,0,89.32559178204555,1,1
2023,21,203,105.30227948463825,322.10109018830525,1,1
2023,21,205,570.8460754332314,1190.6218144750255,1,1
2023,21,207,325.6609813986863,529.8890544792184,1,1
2023,21,209,837.49506598706,1750.501982186068,1,1
2023,21,211,545.2787094384657,1644.066750344657,1,1
2023,21,213,601.4353583341757,1834.630546851309,1,1
2023,21,215,226.41509433962264,407.54716981132077,1,1
2023,21,217,732.6846021751575,1652.356420530433,1,1
2023,21,219,632.6034063260341,1184.1038118410381,1,1
2023,21,221,485.5393709098586,1154.0356062205335,1,1
2023,21,223,105.49759699917946,175.82932833196577,1,1
2023,21,225,784.8120188354884,941.7744226025861,1,1
2023,21,227,850.6059658739795,3399.5158089117335,2,2
2023,21,229,297.74212223968243,405.2601108262344,1,1
2023,21,231,347.080440996325,888.1175990200081,1,1
2023,21,233,489.39641109298526,536.0055931018411,3,3
2023,21,235,461.47840817935037,1113.6211630355076,1,1
2023,21,237,215.916101172116,555.2128315854411,1,1
2023,21,239,681.0526705407706,1595.2918532775661,3,3
2023,22,001,721.8008319060435,1490.7896116606662,3,3
2023,22,003,230.5782192266761,390.2092940759134,3,3
2023,22,005,1271.4533450498861,2949.6162310545674,3,3
2023,22,007,NA,NA,NA,NA
2023,22,009,564.1208903410251,1291.6071063916684,3,3
2023,22,011,615.7916335042826,1171.5092783155078,3,3
2023,22,013,877.1242853786514,1307.8549612342392,3,3
2023,22,015,2498.95457431815,3761.2092864776127,3,3
2023,22,017,90.56843496885905,401.3340601700627,3,3
2023,22,019,1992.6390246707688,4617.382636532674,2,2
2023,22,021,1035.2399874516366,1401.2339224092857,1,1
2023,22,023,1225.5840674071237,3025.6606664113365,1,1
2023,22,025,732.4330510414283,1258.8693064774548,3,3
2023,22,027,328.126114558813,734.717169555603,3,3
2023,22,029,1140.5184174624828,1948.1582537517052,3,3
2023,22,031,680.3732758300182,1297.542476856155,3,3
2023,22,033,1830.082968766908,5797.434306271131,2,2
2023,22,035,708.825573314802,722.7241139680334,1,1
2023,22,037,547.0120755495923,665.7033749612964,3,3
2023,22,039,360.6740874323736,1125.551893538959,3,3
2023,22,041,1623.2771822358345,2092.904543134252,3,3
2023,22,043,777.4714098449577,1523.3015413822718,3,3
2023,22,045,NA,NA,NA,NA
2023,22,047,1479.1318864774626,2287.145242070117,3,3
2023,22,049,NA,NA,NA,NA
2023,22,051,1420.630589802166,3805.9211439035894,2,2
2023,22,053,1452.4826231960851,3335.0995854502385,3,3
2023,22,055,421.43830279527657,824.7341853827701,3,3
2023,22,057,1551.6706320471708,2626.4611565118444,2,2
2023,22,059,499.8649013780059,601.1888678735477,3,3
2023,22,061,1088.0398671096345,3154.06976744186,3,3
2023,22,063,1638.9276220437825,2504.4132900132568,3,3
2023,22,065,1547.6068463667111,1117.146663933586,3,3
2023,22,067,1706.2522529739256,3865.101934553611,3,3
2023,22,069,607.3366264474856,1600.6694199260398,3,3
2023,22,071,7.446115388195247,44.41075963673594,3,3
2023,22,073,2530.267562737547,5580.935840318155,2,2
2023,22,075,554.8331166016471,780.2340702210663,1,1
2023,22,077,611.6058322732165,905.1766317643605,3,3
2023,22,079,2544.5629329804624,4582.392776523702,2,2
2023,22,081,NA,NA,NA,NA
2023,22,083,NA,NA,NA,NA
2023,22,085,NA,NA,NA,NA
2023,22,087,1831.4769537263426,3146.7898216064473,1,1
2023,22,089,977.5755355455719,1878.0247960974107,1,1
2023,22,091,2212.185454880634,2645.405106461425,3,3
2023,22,093,1540.6374703237864,2419.5585189675203,3,3
2023,22,095,1001.402931643365,2031.832035218422,1,1
2023,22,097,1316.2380674069743,3074.4691213715173,3,3
2023,22,099,873.0969945586143,1706.361052722466,3,3
2023,22,101,1508.6162418739036,2629.2436281085543,3,3
2023,22,103,570.3019704378627,1324.3926618176147,2,2
2023,22,105,914.0794864589035,1947.9655075507699,3,3
2023,22,107,851.7034068136272,1402.805611222445,3,3
2023,22,109,1542.445185447365,3541.2902144147833,1,1
2023,22,111,420.7707755570431,875.0119537152146,3,3
2023,22,113,391.0154126703021,557.5914853325385,3,3
2023,22,115,140.9785570430044,309.2050704892785,3,3
2023,22,117,1162.7392899774527,2595.163358238649,3,3
2023,22,119,560.9439332393822,967.1447124816932,3,3
2023,22,121,1561.4834092387769,3473.5776765705195,1,1
2023,22,123,436.4996882145084,769.0708792350863,3,3
2023,22,125,513.6207008647032,208.04889148950002,3,3
2023,22,127,296.16466755516063,385.01406782170886,3,3
2023,23,001,841.3236825939478,2160.732886407948,1,1
2023,23,003,804.7361923036875,1170.6605976765288,3,3
2023,23,005,540.6288814800288,1756.5535725959337,2,2
2023,23,007,955.3823187925029,1469.5637750870792,1,1
2023,23,009,805.9339562085443,1182.15533842094,3,3
2023,23,011,1033.3243109844445,2384.288375499546,2,2
2023,23,013,758.6882036221243,1106.2163485070976,2,2
2023,23,015,719.8660714285713,1124.4419642857142,1,1
2023,23,017,1074.4448985151887,1651.6823321073425,3,3
2023,23,019,1151.9101913772784,1974.3310911565334,2,2
2023,23,021,1127.007299270073,870.07299270073,3,3
2023,23,023,741.3797751597336,1188.9035667107,1,1
2023,23,025,1006.8433886572799,2300.7944623613625,3,3
2023,23,027,237.46438034294857,269.9595060740889,3,3
2023,23,029,972.4576948913982,959.6621989059851,3,3
2023,23,031,836.8610028361065,2000.176965598819,2,2
2023,24,001,1244.0600926773118,1990.791298958118,3,3
2023,24,003,992.3240418590169,2347.9700001353785,3,3
2023,24,005,1470.7163253631768,4699.112273507332,3,3
2023,24,009,NA,NA,NA,NA
2023,24,011,844.1597317847093,1382.9850924983537,3,3
2023,24,013,438.27946626280703,1045.2162140455948,3,3
2023,24,015,1079.853592166031,1901.0022421094993,3,3
2023,24,017,816.7862011736115,2064.489360440993,1,1
2023,24,019,1619.0359376916472,3155.280264933154,1,1
2023,24,021,901.0455124295056,1889.484591979054,2,2
2023,24,023,438.8256190575698,588.5835684184864,3,3
2023,24,025,871.589164561977,1617.8492927861519,3,3
2023,24,027,747.4933815690174,2697.3849710705686,3,3
2023,24,029,25.95380223202699,15.572281339216195,3,3
2023,24,031,538.585041783836,2697.463846911741,2,2
2023,24,033,513.1940258522537,4570.712778782399,2,2
2023,24,035,347.39259288335853,883.2015073305724,3,3
2023,24,037,1039.5901094673522,1674.3608575525477,3,3
2023,24,039,NA,NA,NA,NA
2023,24,041,1044.8988251518285,1978.4124963534623,2,2
2023,24,043,708.2363109789528,1713.1836447724033,2,2
2023,24,045,1263.9626573950459,2156.228089553099,2,2
2023,24,047,726.364984327784,1075.4706357101297,3,3
2023,24,510,2527.7506830470916,6803.443562205363,2,2
2023,25,001,898.4105044920525,1664.2543888244165,2,2
2023,25,003,813.7636961428226,1950.8461736706051,2,2
2023,25,005,1217.0750091626387,2221.1618917218157,2,2
2023,25,007,809.5995373716929,1609.5609850127705,3,3
2023,25,009,804.9471172784909,1556.9991254344955,2,2
2023,25,011,671.1598657680269,1479.0897041820592,3,3
2023,25,013,1816.5594692051257,3949.418065778984,2,2
2023,25,015,694.1473227114532,1576.678693444874,2,2
2023,25,017,530.1633622856917,1784.52593388609,2,2
2023,25,019,1097.978879641933,2377.788656549409,3,3
2023,25,021,539.1006707704198,1761.2554172302425,2,2
2023,25,023,782.3060826601039,1774.4303792708627,2,2
2023,25,025,1974.885319341526,3443.4881330449057,2,2
2023,25,027,718.7256285512683,1472.0355033980763,2,2
2023,26,001,688.6517943743938,1115.4219204655674,3,3
2023,26,003,295.01872234199476,351.7530920231476,1,1
2023,26,005,1200.1508877413212,1589.4696515314868,3,3
2023,26,007,933.997509339975,982.4270098242702,1,1
2023,26,009,293.18143742670463,259.6749874350812,3,3
2023,26,011,763.9165670253753,657.632522917497,3,3
2023,26,013,290.94435689174446,242.45363074312039,1,1
2023,26,015,285.7959416976279,414.4041154615604,3,3
2023,26,017,1230.0830676057378,2128.476881469823,2,2
2023,26,019,588.6559938383672,627.1661990427464,3,3
2023,26,021,1932.064845415257,3062.3618906075835,2,2
2023,26,023,699.6732713112859,1532.9463384702,2,2
2023,26,025,2162.745802581511,3792.786098605483,2,2
2023,26,027,1189.7841336278727,2633.4147192186956,3,3
2023,26,029,895.0770760815515,1059.557051600811,2,2
2023,26,031,763.2148677361909,864.1993637116008,1,1
2023,26,033,1102.9411764705883,924.604916593503,3,3
2023,26,035,962.0905003792243,1639.000997744542,3,3
2023,26,037,1112.762417496242,2386.609433246831,2,2
2023,26,039,1446.7636199231406,1122.748850877854,3,3
2023,26,041,879.741508050721,1403.7850606858726,3,3
2023,26,043,NA,NA,NA,NA
2023,26,045,1547.969832892547,2563.5532100691876,2,2
2023,26,047,712.1358101670561,583.2333734079556,2,2
2023,26,049,1556.5236926393159,2387.344285667733,2,2
2023,26,051,1084.4458364326822,1123.5955056179776,1,1
2023,26,053,487.8728742681907,641.2043490381935,3,3
2023,26,055,1013.6903976121134,1022.208710080563,1,1
2023,26,057,1253.676647861517,1644.2451420029897,2,2
2023,26,059,707.4335275307723,1320.6885978360858,3,3
2023,26,061,435.50283210430695,708.026076733996,3,3
2023,26,063,918.1649497728581,991.7461129950733,2,2
2023,26,065,1148.8637476005827,2712.375460608225,2,2
2023,26,067,410.75765298473897,427.24792372500224,3,3
2023,26,069,280.2668456163897,497.37496546007185,3,3
2023,26,071,300.42918454935625,334.7639484978541,3,3
2023,26,073,1617.2210410810812,2339.082093232494,1,1
2023,26,075,1763.5638347681147,2792.985697965503,2,2
2023,26,077,1881.9065396252252,4489.800602057092,2,2
2023,26,079,314.6389931552219,375.3587988518437,3,3
2023,26,081,1822.434445786863,3164.785594161896,2,2
2023,26,083,284.90028490028493,902.1842355175688,3,3
2023,26,085,NA,NA,NA,NA
2023,26,087,699.7767110707665,898.389295999682,3,3
2023,26,089,726.8566636819061,872.1352036455752,2,2
2023,26,091,1055.4223207148134,1568.4607834208637,3,3
2023,26,093,396.1197685799644,898.3155942052751,1,1
2023,26,095,885.3754940711462,1343.8735177865613,3,3
2023,26,097,598.2512655315232,1546.2494247583984,1,1
2023,26,099,1293.6205146874347,2283.53333687969,2,2
2023,26,101,1208.064324474195,1604.150988236226,3,3
2023,26,103,907.7224145717296,992.0216769531838,3,3
2023,26,105,942.5232203447922,1292.1136511635877,1,1
2023,26,107,NA,NA,NA,NA
2023,26,109,1056.020605280103,1326.4649066323245,3,3
2023,26,111,406.6471529001525,657.1739833510214,2,2
2023,26,113,1167.8543151227236,1068.8836104513064,3,3
2023,26,115,8.979833586488217,14.711642258714738,3,3
2023,26,117,820.2578378539316,1113.5260666329234,3,3
2023,26,119,213.4016218523261,309.4323516858728,3,3
2023,26,121,1392.4209421934336,3195.9538824710053,2,2
2023,26,123,168.6039592176776,228.11123894156387,3,3
2023,26,125,846.1626404275485,1900.1972716717833,2,2
2023,26,127,1198.2977452590712,1851.5753322383157,3,3
2023,26,129,810.4349494077592,1035.8221838584377,3,3
2023,26,131,238.50085178875642,136.2862010221465,3,3
2023,26,133,263.8180088227662,220.56915491739468,3,3
2023,26,135,731.5903094267211,743.5835931878148,1,1
2023,26,137,879.6150205112021,863.837172609656,3,3
2023,26,139,1158.5731946770816,1779.845008378854,3,3
2023,26,141,403.28717090245016,388.0687870948105,3,3
2023,26,143,1036.422860527095,786.8353145226108,3,3
2023,26,145,1923.0283311615917,2519.951376777126,2,2
2023,26,147,1102.6322420839574,1406.784670063586,3,3
2023,26,149,946.2789551503204,1577.1315919172007,3,3
2023,26,151,565.0837087270124,670.6308048735696,3,3
2023,26,153,827.8759421722476,1124.4285184727541,1,1
2023,26,155,1003.7233538057728,1424.9936248401907,2,2
2023,26,157,965.5708289068457,1111.7182642120933,3,3
2023,26,159,668.8598162713441,999.270869733888,3,3
2023,26,161,1102.917302709221,2491.136339729358,2,2
2023,26,163,2358.2664698373187,4791.731224383611,2,2
2023,26,165,1039.3291602692807,980.2763670721625,3,3
2023,27,001,502.1971123666039,1657.250470809793,3,3
2023,27,003,427.5565877964027,2116.589112508879,3,3
2023,27,005,862.1667612024958,1664.7759500850825,3,3
2023,27,007,1585.4893259516168,4062.816397751018,3,3
2023,27,009,761.8760456145843,2809.1022093714755,1,1
2023,27,011,679.3478260869565,1319.8757763975157,3,3
2023,27,013,832.2312949483959,2308.9284428857923,1,1
2023,27,015,339.55193676333573,648.127338252142,1,1
2023,27,017,628.1372575911348,822.8872370189539,3,3
2023,27,019,336.94831617904293,1169.1922446649849,3,3
2023,27,021,535.6074268315069,474.1831754457479,3,3
2023,27,023,121.18187582928729,135.94372596780158,3,3
2023,27,025,562.3846502071943,1077.7588188181217,3,3
2023,27,027,839.5806667885658,2956.055342231974,1,1
2023,27,029,454.59843804639235,407.9729572211213,1,1
2023,27,031,639.091070477543,1491.2124977809337,3,3
2023,27,033,639.7915588366287,790.8416270117107,2,2
2023,27,035,891.0345238627391,1668.8272018833907,2,2
2023,27,037,537.0980815992891,2523.6029367901706,1,1
2023,27,039,524.7590878732946,1149.6994561587635,1,1
2023,27,041,536.3553252342649,1189.696566376306,1,1
2023,27,043,498.4827782445034,337.91070529872746,3,3
2023,27,045,107.74852431368876,421.6246603579125,3,3
2023,27,047,764.1779396462019,2669.74505723205,3,3
2023,27,049,851.1915053884902,2172.8818999102737,1,1
2023,27,051,114.60379829731501,16.371971185330715,3,3
2023,27,053,1200.796852082917,4845.160648941556,2,2
2023,27,055,200.14500584912662,604.2227346217909,3,3
2023,27,057,746.5437788018434,1737.327188940092,1,1
2023,27,059,660.5618352649402,1550.054848094625,1,1
2023,27,061,454.13260672116263,589.2647482333134,2,2
2023,27,063,461.66198313930147,331.19229225210756,3,3
2023,27,065,565.7708628005657,897.8537605313327,3,3
2023,27,067,692.4606348698494,2043.1016751605457,1,1
2023,27,069,288.2536632236368,408.35935623348547,1,1
2023,27,071,736.4016736401674,1188.2845188284518,1,1
2023,27,073,253.95876904690766,612.4887959366597,3,3
2023,27,075,311.6121345431216,476.5832645953625,1,1
2023,27,077,52.63157894736842,0,3,3
2023,27,079,239.32030598106698,434.7341581104153,1,1
2023,27,081,232.39184840900964,143.01036825169825,3,3
2023,27,083,702.0158443799514,815.7502549219547,3,3
2023,27,085,728.8352234097522,1642.5987870876506,3,3
2023,27,087,1638.4285980264383,1415.0065164773785,1,1
2023,27,089,256.66778261354756,111.59468809284678,1,1
2023,27,091,548.7313733387032,1500.201369311317,1,1
2023,27,093,510.2577597622742,1239.7934820623339,3,3
2023,27,095,1318.7760163007588,2381.277648913366,1,1
2023,27,097,571.2911860596118,2192.8659961912485,2,2
2023,27,099,1033.217699468417,2246.1254336269935,3,3
2023,27,101,406.45399679763517,714.3736913412982,1,1
2023,27,103,1191.3072025067777,3507.7930440153245,1,1
2023,27,105,688.8113472606154,1187.2932433044818,1,1
2023,27,107,218.37466853844955,140.38371548900327,1,1
2023,27,109,619.8562031512927,2215.695273061037,2,2
2023,27,111,670.5466496332266,1470.4873040109,1,1
2023,27,113,655.7613316999351,1765.5112776536714,1,1
2023,27,115,819.4213049539288,1723.844819965319,1,1
2023,27,117,331.4798973481608,395.63729683490163,3,3
2023,27,119,673.0302540042064,1113.088497006957,2,2
2023,27,121,308.0172489659421,765.642876001056,1,1
2023,27,123,1001.1294469768677,4375.418567638697,2,2
2023,27,125,535.4411014788374,127.48597654258032,1,1
2023,27,127,942.5989728921537,1300.1365143340051,2,2
2023,27,129,1035.1683005415782,1343.6621649413862,3,3
2023,27,131,389.00973236103323,1135.377099550959,2,2
2023,27,133,103.8637307852098,186.95471541337764,3,3
2023,27,135,522.8416443369715,535.9126854453957,1,1
2023,27,137,776.2826408605591,2849.7020834166433,2,2
2023,27,139,452.2514669229381,1806.5242676106159,1,1
2023,27,141,689.5889697488067,2280.4327268796,1,1
2023,27,143,354.9186365767093,482.15361950043524,2,2
2023,27,145,548.1022005379052,2302.0598525891974,2,2
2023,27,147,716.3285489001149,1208.1362093389998,1,1
2023,27,149,557.5056782985753,1228.5773281024158,3,3
2023,27,151,306.5290691733933,81.74108511290487,1,1
2023,27,153,549.6708200342965,1077.4254329295352,2,2
2023,27,155,518.450747179018,457.4565416285453,3,3
2023,27,157,259.10096269311174,731.4762944696722,2,2
2023,27,159,283.57352484464184,478.91583349626757,3,3
2023,27,161,432.53507753982484,1534.9720434645005,1,1
2023,27,163,384.91732096457457,2124.4279604941466,3,3
2023,27,165,626.7347121497,1020.6822455009401,1,1
2023,27,167,608.1397162014657,748.4796507094964,1,1
2023,27,169,431.418942364422,2059.3491141055874,1,1
2023,27,171,257.8946716975061,686.9345183654777,3,3
2023,27,173,336.396984144157,506.4601033453437,3,3
2023,28,001,NA,NA,NA,NA
2023,28,003,1762.3188405797102,3394.2028985507245,1,1
2023,28,005,182.38046150186346,166.52129093648404,3,3
2023,28,007,571.1054566016398,1538.0265761945152,1,1
2023,28,009,NA,NA,NA,NA
2023,28,011,1296.2901568146403,2721.8777973013293,3,3
2023,28,013,399.1096784097014,537.2630286284442,2,2
2023,28,015,NA,NA,NA,NA
2023,28,017,17.653289396257502,29.4221489937625,3,3
2023,28,019,499.32172112110334,885.3821376347579,1,1
2023,28,021,325.55006735518634,314.3242029636282,1,1
2023,28,023,116.70124481327801,252.8526970954357,3,3
2023,28,025,1527.4618134546636,1792.8718448705447,3,3
2023,28,027,100.92272202998846,221.06881968473664,3,3
2023,28,029,NA,NA,NA,NA
2023,28,031,455.3933940524525,1267.420168989356,3,3
2023,28,033,1066.819372421765,2895.046607069004,2,2
2023,28,035,1087.858202419648,2644.9817362921735,2,2
2023,28,037,NA,NA,NA,NA
2023,28,039,1974.2661841576196,2802.573381584238,1,1
2023,28,041,183.89113644722326,286.87017285766825,3,3
2023,28,043,1063.630400149939,1560.3036266516729,3,3
2023,28,045,1259.3091169637623,2655.4052587011747,1,1
2023,28,047,388.64989519821626,646.9540638741805,3,3
2023,28,049,102.92412379659676,359.56025780470486,3,3
2023,28,051,0,18.191740949608878,3,3
2023,28,053,NA,NA,NA,NA
2023,28,055,NA,NA,NA,NA
2023,28,057,162.8936596775541,367.5549244006349,3,3
2023,28,059,677.1118203784349,1712.1651654354491,3,3
2023,28,061,586.0218370242428,937.6349392387885,1,1
2023,28,063,406.9033253823488,126.28034236003928,3,3
2023,28,065,NA,NA,NA,NA
2023,28,067,1009.8894358084352,1913.5534642947978,2,2
2023,28,069,451.7221908526256,1095.4263128176171,3,3
2023,28,071,1178.847505270555,2022.136331693605,1,1
2023,28,073,1073.514004397717,2714.5982593168433,1,1
2023,28,075,NA,NA,NA,NA
2023,28,077,NA,NA,NA,NA
2023,28,079,455.6557685080797,812.6644118752349,3,3
2023,28,081,1946.1618032668575,3763.6219298034594,3,3
2023,28,083,NA,NA,NA,NA
2023,28,085,605.7995980476601,2227.9643985070343,1,1
2023,28,087,409.02607111554124,824.9265299809235,3,3
2023,28,089,427.00561181472847,1221.181654170784,3,3
2023,28,091,374.4393696251492,514.3397934411389,3,3
2023,28,093,138.64715773326648,353.99274314876544,3,3
2023,28,095,825.2770572978071,1470.7616128271634,3,3
2023,28,097,NA,NA,NA,NA
2023,28,099,178.2168135888261,490.0318996678452,3,3
2023,28,101,39.93769719237989,57.909660928950835,3,3
2023,28,103,394.63299131807423,443.9621152328334,3,3
2023,28,105,1200.6294562197656,2708.215957880831,1,1
2023,28,107,191.11178522675567,1158.8047929622326,3,3
2023,28,109,446.49307197115746,1203.76958397582,2,2
2023,28,111,NA,NA,NA,NA
2023,28,113,886.5514650638618,1447.533183070373,3,3
2023,28,115,756.8983137455289,1200.8175779253959,1,1
2023,28,117,1228.0491219648786,2416.0966438657547,3,3
2023,28,119,NA,NA,NA,NA
2023,28,121,172.54673930905457,475.925621610689,3,3
2023,28,123,230.59739136701015,554.8749729768682,3,3
2023,28,125,NA,NA,NA,NA
2023,28,127,42.60758414997869,166.55691985900762,3,3
2023,28,129,105.68590150073979,288.87479743535545,1,1
2023,28,131,1334.0534701593301,2241.4258709154738,1,1
2023,28,133,90.80859128237523,375.07896399241946,3,3
2023,28,135,444.8758391976057,1245.6523497532962,3,3
2023,28,137,1084.0590012440023,1730.9401101830458,3,3
2023,28,139,41.626196753156655,120.253457286897,3,3
2023,28,141,437.6134059131178,1259.4727292133632,1,1
2023,28,143,1877.7383684539955,8126.434383475903,1,1
2023,28,145,817.5943446749259,1549.5019458031347,3,3
2023,28,147,375.07212925562607,721.2925562608194,3,3
2023,28,149,1494.624395387754,2425.326089448227,3,3
2023,28,151,NA,NA,NA,NA
2023,28,153,609.1679780699527,1147.266358698411,1,1
2023,28,155,756.3410676924506,1344.2624392726573,1,1
2023,28,157,NA,NA,NA,NA
2023,28,159,1044.920211255608,1845.6471122721334,1,1
2023,28,161,908.4331537904977,1318.4339577136425,3,3
2023,28,163,NA,NA,NA,NA
2023,29,001,749.2863939105613,3409.4513162067874,1,1
2023,29,003,381.51056065465,845.9581997124849,1,1
2023,29,005,191.71779141104295,306.7484662576687,1,1
2023,29,007,445.5605962410888,684.5430978613091,3,3
2023,29,009,851.2008302812231,1908.6035698321784,3,3
2023,29,011,1138.2113821138212,2738.553701326487,3,3
2023,29,013,1000.2907990238192,2259.6885959503097,1,1
2023,29,015,588.3240307738724,1322.4719666113542,3,3
2023,29,017,774.2422811821358,1548.4845623642716,1,1
2023,29,019,1455.2869147917406,3580.3824095892915,2,2
2023,29,021,1846.5127407401412,4822.824847943398,2,2
2023,29,023,1539.1547692453637,1686.1926670777405,3,3
2023,29,025,236.2204724409449,472.4409448818898,3,3
2023,29,027,1165.5592911757703,2232.4151872963407,2,2
2023,29,029,996.9075684404702,1791.7659149620592,1,1
2023,29,031,1226.5758091993187,2574.835726454125,2,2
2023,29,033,378.29530677385037,638.3733301808725,3,3
2023,29,035,626.3048016701462,360.5997342949326,3,3
2023,29,037,1954.036827509295,5292.480575119872,2,2
2023,29,039,630.1939058171746,1682.825484764543,3,3
2023,29,041,838.1968560731982,1040.7339359580108,3,3
2023,29,043,1737.896554843691,3686.1266010313047,2,2
2023,29,045,1032.934131736527,1287.425149700599,3,3
2023,29,047,1430.9728485913092,4600.781813955039,2,2
2023,29,049,1003.7642726602287,1222.8038933360124,3,3
2023,29,051,679.6945506180127,1946.9345736393543,2,2
2023,29,053,1152.3611523611523,1805.7618057618058,3,3
2023,29,055,1258.3301065269663,2466.395569270286,3,3
2023,29,057,1193.129670905992,1914.2519994755473,3,3
2023,29,059,541.9741697416974,830.2583025830259,3,3
2023,29,061,1053.3790981181205,1349.2721032074803,3,3
2023,29,063,1326.2034227587383,1251.4705088829714,3,3
2023,29,065,716.944712532745,1799.2554804908314,3,3
2023,29,067,514.7679324894515,582.2784810126582,1,1
2023,29,069,1978.7731606404031,3000.5396654074475,3,3
2023,29,071,778.0058420300678,1853.524434493033,2,2
2023,29,073,568.5664004331934,1380.8041153377555,3,3
2023,29,075,NA,NA,NA,NA
2023,29,077,1494.6015439786022,3164.4092456453723,2,2
2023,29,079,824.6792913866828,783.9543881083282,1,1
2023,29,081,487.92388387411563,756.2820200048792,3,3
2023,29,083,860.592953050374,2437.5957465981796,3,3
2023,29,085,223.50311728031994,752.8526055758147,1,1
2023,29,087,587.6821814762577,1010.8133521391632,3,3
2023,29,089,660.6843506557539,709.9891529434967,3,3
2023,29,091,1516.1322445727942,2170.882294363673,1,1
2023,29,093,358.5741404766927,611.6852984602405,3,3
2023,29,095,1491.3943812437753,4809.892259328404,2,2
2023,29,097,1405.8620629989168,3503.9975735929415,2,2
2023,29,099,980.4065875495057,1605.2990974079462,2,2
2023,29,101,879.7923837220003,1825.8452816992142,3,3
2023,29,103,NA,NA,NA,NA
2023,29,105,810.8333939962233,1891.2619254887009,3,3
2023,29,107,858.6206085918093,1005.2931579500192,3,3
2023,29,109,962.4875984703772,1800.41230097873,3,3
2023,29,111,392.156862745098,633.4841628959276,3,3
2023,29,113,809.5917970017522,1140.5672009864365,3,3
2023,29,115,936.0602602465734,944.4999552991538,3,3
2023,29,117,711.7934403349616,1667.8297278436844,1,1
2023,29,119,796.0156649072024,1038.6514558147455,3,3
2023,29,121,910.1101365165204,1253.0501879575281,1,1
2023,29,123,363.2056849585472,868.5353335965259,3,3
2023,29,125,106.69828097213988,177.83046828689982,3,3
2023,29,127,1088.1427043576618,1803.1990324828287,1,1
2023,29,129,28.563267637817766,85.6898029134533,1,1
2023,29,131,793.812007517181,982.7655891153373,1,1
2023,29,133,1117.642188922924,2135.938405497144,2,2
2023,29,135,98.01999607920014,163.36666013200028,3,3
2023,29,137,425.70884375973003,742.3455534624733,1,1
2023,29,139,630.3624584135879,998.0738924881807,3,3
2023,29,141,806.9994441333268,702.5574458047985,3,3
2023,29,143,1987.9835537713682,3914.6673207452936,3,3
2023,29,145,1627.6861259643272,4278.772427952876,2,2
2023,29,147,868.3620401736723,1798.7499403597499,1,1
2023,29,149,413.6029411764706,666.3602941176471,3,3
2023,29,151,485.8360116600643,986.6208236788998,3,3
2023,29,153,592.7276872221589,512.9374216345606,3,3
2023,29,155,1660.9768907563025,2599.7899159663866,3,3
2023,29,157,818.0714625006598,992.2415158072517,1,1
2023,29,159,1041.5461173475292,1999.768545307256,3,3
2023,29,161,1586.2774761947142,3306.0425380439624,3,3
2023,29,163,1015.7180956704306,1151.9037621290358,3,3
2023,29,165,1408.9478099474843,4321.965196378381,2,2
2023,29,167,1569.6533682145193,2152.0445980877635,2,2
2023,29,169,531.5878847702845,966.6732171303743,1,1
2023,29,171,256.68449197860963,385.02673796791447,3,3
2023,29,173,1453.1270763568177,1807.18003923804,2,2
2023,29,175,729.8972435165552,1292.611319523732,3,3
2023,29,177,1201.3747666433972,1829.3445154374767,3,3
2023,29,179,594.2555298778475,313.63486299108615,3,3
2023,29,181,185.96001859600185,911.2040911204091,3,3
2023,29,183,604.6457014031608,1338.154752556893,2,2
2023,29,185,751.2432546820443,888.7948365252354,3,3
2023,29,186,1137.4049916446554,1250.606436310711,3,3
2023,29,187,1135.1399856424982,2825.137592725532,3,3
2023,29,189,881.686971683933,3499.40080248622,3,3
2023,29,195,1315.959787720585,2178.8842386849033,3,3
2023,29,197,816.0237388724037,1978.2393669634025,3,3
2023,29,199,NA,NA,NA,NA
2023,29,201,1122.3103172216263,2141.4602551669805,3,3
2023,29,203,728.5974499089253,882.7238335435057,3,3
2023,29,205,615.5381800033272,615.5381800033272,3,3
2023,29,207,1254.0722317581533,2017.7251550075316,3,3
2023,29,209,1318.736788970565,1965.4856926523016,3,3
2023,29,211,779.2647806200238,660.6810096561071,3,3
2023,29,213,1532.4039587102268,2451.136887659182,3,3
2023,29,215,1225.5732826163076,1739.036894319964,2,2
2023,29,217,2079.8457870440825,4809.009283214123,3,3
2023,29,219,660.8180599978775,1211.6170170183593,2,2
2023,29,221,1584.1246859430225,2750.9262019333137,3,3
2023,29,223,1252.0562968378724,1727.2893438128312,3,3
2023,29,225,822.6528462371878,1335.6145243437084,2,2
2023,29,227,0,153.37423312883436,1,1
2023,29,229,428.08424094794503,491.4322863663593,2,2
2023,29,510,2125.830322508009,10524.412419952987,1,1
2023,30,001,771.6371220020856,802.9197080291971,1,1
2023,30,003,2213.993674303788,2175.4223559361258,1,1
2023,30,005,514.5062169501215,471.6306988709447,3,3
2023,30,007,711.3543091655266,629.2749658002735,1,1
2023,30,009,395.3295945573228,524.041555575986,3,3
2023,30,011,NA,NA,NA,NA
2023,30,013,1550.80909209111,5246.98289618326,2,2
2023,30,015,186.82065217391306,356.65760869565213,3,3
2023,30,017,661.752387334562,1323.504774669124,1,1
2023,30,019,328.0839895013123,328.0839895013123,3,3
2023,30,021,901.510029299076,957.8544061302681,1,1
2023,30,023,1145.9209419680403,1356.1816652649284,1,1
2023,30,025,674.4763933262335,496.98260560880374,1,1
2023,30,027,1493.826094465072,1062.0844486659182,1,1
2023,30,029,942.413204850385,2166.997095301766,1,1
2023,30,031,1011.5062932713553,2365.0915756911145,2,2
2023,30,033,106.60980810234541,106.60980810234541,1,1
2023,30,035,3478.451104791074,2515.8608619558086,1,1
2023,30,037,238.09523809523813,0,1,1
2023,30,039,555.7180462123429,1520.912547528517,1,1
2023,30,041,2226.322263222632,5615.006150061501,1,1
2023,30,043,1167.906567474602,1343.892488600912,3,3
2023,30,045,389.6736483195324,97.4184120798831,1,1
2023,30,047,1393.6956318398654,2818.5701368752534,1,1
2023,30,049,1296.5004133370073,2755.580049600441,2,2
2023,30,051,355.6910569105691,508.130081300813,1,1
2023,30,053,532.5329202168862,808.4817970565454,1,1
2023,30,055,275.02750275027506,110.01100110011001,1,1
2023,30,057,534.8189415041783,623.9554317548747,1,1
2023,30,059,454.77513895907026,151.59171298635675,1,1
2023,30,061,979.9833194328608,938.2819015846538,1,1
2023,30,063,1398.3734400989645,4127.416645073931,1,1
2023,30,065,315.70639305445934,1026.0457774269928,3,3
2023,30,067,1384.1226264012812,2447.952413635324,1,1
2023,30,069,498.75311720698255,1246.8827930174564,1,1
2023,30,071,1349.4318181818182,1420.4545454545455,3,3
2023,30,073,681.9693945442448,1180.971390552229,3,3
2023,30,075,56.75368898978434,56.75368898978434,1,1
2023,30,077,1308.8632806942667,1422.6774790155073,1,1
2023,30,079,399.68025579536373,239.8081534772182,1,1
2023,30,081,927.8057938742987,1351.321850372214,3,3
2023,30,083,1032.7478153411598,1059.2285285550358,3,3
2023,30,085,2109.7046413502107,1312.7051101734646,3,3
2023,30,087,716.3671685284119,327.82904322486644,1,1
2023,30,089,896.7223252937539,803.9579468150896,1,1
2023,30,091,1169.4316018493337,1876.5297797117216,3,3
2023,30,093,932.8725167888954,3366.208659979207,1,1
2023,30,095,817.4988952717631,1502.4304021210783,1,1
2023,30,097,592.5127928898464,1023.4311877188258,1,1
2023,30,099,476.8717215069146,906.0562708631379,3,3
2023,30,101,1511.5354017501988,2088.305489260143,3,3
2023,30,103,657.030223390276,262.8120893561104,1,1
2023,30,105,994.6949602122015,1193.6339522546418,3,3
2023,30,107,585.6515373352855,439.2386530014641,1,1
2023,30,109,0,87.10801393728222,3,3
2023,30,111,1579.419146647544,4904.983865184654,1,1
2023,31,001,1421.0221047882967,3219.050074112264,1,1
2023,31,003,NA,NA,NA,NA
2023,31,005,NA,NA,NA,NA
2023,31,007,152.20700152207002,608.8280060882801,1,1
2023,31,009,NA,NA,NA,NA
2023,31,011,149.08684308609764,242.2661200149087,3,3
2023,31,013,1153.059326762135,1748.1867212200113,3,3
2023,31,015,NA,NA,NA,NA
2023,31,017,401.6064257028112,182.54837531945967,3,3
2023,31,019,1245.9511555352424,3189.3964986189217,3,3
2023,31,021,252.60029717682022,118.8707280832095,3,3
2023,31,023,59.43183168905266,71.31819802686319,3,3
2023,31,025,430.2191892593554,1171.976412120313,3,3
2023,31,027,551.294343240652,719.0795781399809,3,3
2023,31,029,247.32069249793898,247.32069249793898,3,3
2023,31,031,1389.9049012435992,1225.3108997805414,1,1
2023,31,033,1318.8436378982908,2067.94682422452,1,1
2023,31,035,NA,NA,NA,NA
2023,31,037,464.8515321127027,654.5868513423774,1,1
2023,31,039,289.6613190730838,378.7878787878788,3,3
2023,31,041,379.36267071320185,322.45827010622156,1,1
2023,31,043,1109.3509246995488,3059.1279498881586,3,3
2023,31,045,937.6522162688748,2216.2688748173405,3,3
2023,31,047,674.4379683597003,1398.8343047460448,3,3
2023,31,049,NA,NA,NA,NA
2023,31,051,290.69795169480557,551.3909795898678,1,1
2023,31,053,428.04070424810214,807.6239702794379,3,3
2023,31,055,764.0133160022615,2568.2325552000902,2,2
2023,31,057,220.87244616234128,165.65433462175594,3,3
2023,31,059,54.04431633939831,36.029544226265536,3,3
2023,31,061,104.60251046025104,0,3,3
2023,31,063,195.160031225605,78.06401249024199,3,3
2023,31,065,846.9055374592834,1194.3539630836049,3,3
2023,31,067,688.3488866303243,1127.229049246974,3,3
2023,31,069,NA,NA,NA,NA
2023,31,071,222.59321090706734,278.24151363383413,3,3
2023,31,073,0,0,1,1
2023,31,075,NA,NA,NA,NA
2023,31,077,NA,NA,NA,NA
2023,31,079,1576.1400586247216,4050.872162867806,2,2
2023,31,081,286.07755880483154,868.8281415554143,1,1
2023,31,083,NA,NA,NA,NA
2023,31,085,NA,NA,NA,NA
2023,31,087,538.2545174932718,1114.955786236063,1,1
2023,31,089,19.815713861091844,39.63142772218369,3,3
2023,31,091,163.13213703099512,489.39641109298526,1,1
2023,31,093,231.05360443622922,323.4750462107209,1,1
2023,31,095,796.6457023060796,1663.1726065688329,3,3
2023,31,097,38.00114003420103,95.00285008550256,3,3
2023,31,099,492.7579513214872,1075.1082574286995,1,1
2023,31,101,1201.6021361815754,1893.4336691346036,1,1
2023,31,103,NA,NA,NA,NA
2023,31,105,149.34289127837516,179.21146953405017,3,3
2023,31,107,191.34178426213825,442.4778761061947,3,3
2023,31,109,1499.9706493899707,4594.14285405332,2,2
2023,31,111,949.5340249692281,3127.014829142489,1,1
2023,31,113,0,123.15270935960591,1,1
2023,31,115,0,354.6099290780142,1,1
2023,31,117,NA,NA,NA,NA
2023,31,119,565.6395103419164,1111.5801322639652,3,3
2023,31,121,272.8690228690229,298.8565488565489,1,1
2023,31,123,220.07042253521126,440.14084507042253,3,3
2023,31,125,149.61101137043684,89.76660682226212,3,3
2023,31,127,412.22459132906897,867.093105899076,3,3
2023,31,129,415.7495720224994,1491.807287845439,1,1
2023,31,131,497.6671850699844,1592.5349922239502,3,3
2023,31,133,315.08467900748326,275.69909413154784,1,1
2023,31,135,423.2804232804233,1093.4744268077602,3,3
2023,31,137,100.18924635422464,178.1142157408438,3,3
2023,31,139,136.76148796498904,533.3698030634573,1,1
2023,31,141,419.1163630013388,1653.1812096163922,3,3
2023,31,143,115.18525628719524,575.9262814359762,3,3
2023,31,145,556.0267646781642,1800.0188483649044,1,1
2023,31,147,897.781197896627,1154.2901115813775,3,3
2023,31,149,NA,NA,NA,NA
2023,31,151,915.175522469608,2253.790465783363,3,3
2023,31,153,895.6408366872627,2079.8656023416524,3,3
2023,31,155,342.6914458942929,610.6937305039322,1,1
2023,31,157,1107.4936694771407,3197.261874947825,1,1
2023,31,159,578.36244046269,969.6076207756862,1,1
2023,31,161,948.9916963226573,1502.5701858442071,3,3
2023,31,163,100.87424344317418,403.4969737726967,3,3
2023,31,165,0,167.0843776106934,1,1
2023,31,167,0,0,3,3
2023,31,169,465.7756176589712,324.01782098015394,1,1
2023,31,171,159.7444089456869,0,1,1
2023,31,173,1428.1224296218286,101.92866238170393,3,3
2023,31,175,219.83390327308254,268.68588177821204,1,1
2023,31,177,257.2776216113202,605.0788508266235,3,3
2023,31,179,398.52851011649295,858.3690987124463,1,1
2023,31,181,324.96307237813886,29.542097488921712,3,3
2023,31,183,NA,NA,NA,NA
2023,31,185,709.7182207856089,1588.0823554212634,3,3
2023,32,001,948.6999297259312,1866.1669399547122,1,1
2023,32,003,1924.2171382932156,4315.0036359451105,2,2
2023,32,005,1299.7743027567308,1497.2593906174432,3,3
2023,32,007,1398.2767585233603,2194.904553219936,3,3
2023,32,009,NA,NA,NA,NA
2023,32,011,2108.433734939759,3855.421686746988,1,1
2023,32,013,1994.3349326550667,3034.857506214232,3,3
2023,32,015,1984.3342036553524,3498.694516971279,1,1
2023,32,017,NA,NA,NA,NA
2023,32,019,1334.322942437737,1352.4657760184728,3,3
2023,32,021,1360.5442176870747,965.5475093263111,3,3
2023,32,023,1494.1643016896273,2670.701223523221,1,1
2023,32,027,353.5741737125288,491.9292851652575,3,3
2023,32,029,1328.8233872916162,2536.844648465813,1,1
2023,32,031,1700.5917400410763,4227.992760843484,2,2
2023,32,033,1445.3477868112013,1400.1806684733513,3,3
2023,32,510,1346.7205811801796,2194.846138030293,1,1
2023,33,001,1345.2566096423016,2990.668740279938,1,1
2023,33,003,967.634951910884,1794.8067656411558,2,2
2023,33,005,647.2155435700826,1740.2040418480733,3,3
2023,33,007,614.9238513987127,1080.0994073790862,3,3
2023,33,009,624.461905644133,1606.3819352870019,2,2
2023,33,011,1050.5448141416234,2041.522654285526,2,2
2023,33,013,869.5764362848186,1568.2049826471766,2,2
2023,33,015,762.6993060350671,1568.9093620630401,2,2
2023,33,017,807.6330431218357,1844.5002770545684,1,1
2023,33,019,431.89597739438074,663.9251992924258,3,3
2023,34,001,1471.4019453666492,3535.0777564214573,3,3
2023,34,003,352.5652104236124,1382.9228975706937,3,3
2023,34,005,558.348735314265,2156.492742758915,3,3
2023,34,007,521.141435228474,2002.5112490983547,3,3
2023,34,009,1062.6233777143098,2290.1003822084085,3,3
2023,34,011,1717.9478795409216,3692.2473269463426,2,2
2023,34,013,979.7103485417911,2964.771170664887,2,2
2023,34,015,345.15145942253633,933.9778787799174,3,3
2023,34,017,579.1875329003853,1670.2839496789486,2,2
2023,34,019,8.497620666213459,93.47382732834807,3,3
2023,34,021,405.18046576185935,1851.8808409386204,3,3
2023,34,023,295.28690070629744,852.780212063352,2,2
2023,34,025,252.94624892210405,478.23621264265125,3,3
2023,34,027,211.8050453098212,911.2907176096007,3,3
2023,34,029,482.18379602558036,1216.5201706593402,2,2
2023,34,031,1057.9039879295142,2517.3214172015996,3,3
2023,34,033,871.1310852200146,1816.1390115894294,3,3
2023,34,035,202.4823586161876,689.4798716360054,3,3
2023,34,037,239.8065009612933,298.3799279202299,3,3
2023,34,039,564.3185124766613,2177.2808964822225,3,3
2023,34,041,NA,NA,NA,NA
2023,35,001,2543.623968517108,7710.792098417433,1,1
2023,35,003,NA,NA,NA,NA
2023,35,005,2537.0077273996835,4231.4495856996555,3,3
2023,35,006,779.7775231900662,672.604309102332,1,1
2023,35,007,672.8274967574579,1118.6770428015564,2,2
2023,35,009,1383.209546858049,3335.9759659517654,3,3
2023,35,011,822.7848101265823,1265.8227848101264,1,1
2023,35,013,2044.977781787833,5820.043759727517,2,2
2023,35,015,1449.7496481984488,4170.893739568675,2,2
2023,35,017,265.6519241815049,315.9103963239518,3,3
2023,35,019,1393.0121032199133,1667.0472710664537,3,3
2023,35,021,NA,NA,NA,NA
2023,35,023,1269.2213814986576,903.0998291432754,1,1
2023,35,025,1760.6692730404352,6062.552970445909,3,3
2023,35,027,133.48494586443863,138.42883274830672,3,3
2023,35,028,211.62382574584495,825.8490760813461,3,3
2023,35,029,NA,NA,NA,NA
2023,35,031,1799.8651154948575,2450.4018434215704,1,1
2023,35,033,526.8199233716475,407.08812260536394,3,3
2023,35,035,775.2619623360446,2094.233164798124,3,3
2023,35,037,69.63788300835655,1021.355617455896,1,1
2023,35,039,112.0378438939375,221.5859579235653,3,3
2023,35,041,1120.9346384591095,2436.585622566046,3,3
2023,35,043,276.11435374617906,619.9253559564107,3,3
2023,35,045,2522.7351499447095,2941.9531598144877,1,1
2023,35,047,1024.5598461310844,2012.1319721852344,3,3
2023,35,049,1387.1277881406152,5445.665373266257,2,2
2023,35,051,1190.1659282425508,2667.0141603683433,1,1
2023,35,053,410.84130488104,1060.8290409614913,3,3
2023,35,055,608.4134893962221,1570.2862440607253,3,3
2023,35,057,791.3669064748201,1478.0902550686724,3,3
2023,35,059,222.82743253280515,247.5860361475613,1,1
2023,35,061,1391.7965418314336,3489.1835310537335,1,1
2023,36,001,1482.0498836302295,3737.4672610931784,2,2
2023,36,003,NA,NA,NA,NA
2023,36,005,NA,NA,NA,NA
2023,36,007,1046.8397576591249,2869.959238993011,2,2
2023,36,009,791.0668288026778,1448.7637129146563,3,3
2023,36,011,1135.6408353652073,1461.624085656737,3,3
2023,36,013,1518.257882196487,2928.068772807511,3,3
2023,36,015,695.6101684680876,1040.999939617173,2,2
2023,36,017,NA,NA,NA,NA
2023,36,019,NA,NA,NA,NA
2023,36,021,132.2556943423953,289.00318393338233,3,3
2023,36,023,1614.1893493674706,2859.8521583586557,3,3
2023,36,025,NA,NA,NA,NA
2023,36,027,603.7476778935466,1354.5620978380853,2,2
2023,36,029,1174.5771774780956,3386.79050654496,2,2
2023,36,031,NA,NA,NA,NA
2023,36,033,33.994815790591936,19.122083882207964,3,3
2023,36,035,1028.66236005077,1362.0777843029534,3,3
2023,36,037,1175.2929603230762,2181.4541877362235,3,3
2023,36,039,NA,NA,NA,NA
2023,36,041,NA,NA,NA,NA
2023,36,043,175.1985583661483,315.35740505906693,3,3
2023,36,045,1078.963230861965,1624.0420218720399,2,2
2023,36,047,NA,NA,NA,NA
2023,36,049,353.14448869186265,371.9287700052596,3,3
2023,36,051,451.3866337598233,831.3307787231279,3,3
2023,36,053,704.4337891434321,1317.1135973480139,3,3
2023,36,055,1213.9488746373006,4843.329779277201,2,2
2023,36,057,194.09231515739674,590.364125270415,3,3
2023,36,059,66.3478703126058,144.149933219896,3,3
2023,36,061,13453.471828026744,18742.305509071204,2,2
2023,36,063,1147.90788346795,2259.3817574441305,3,3
2023,36,065,1260.2059700842606,2453.351912734873,2,2
2023,36,067,NA,NA,NA,NA
2023,36,069,NA,NA,NA,NA
2023,36,071,235.4893026941363,408.5776545166403,3,3
2023,36,073,NA,NA,NA,NA
2023,36,075,1107.2957734537285,1457.4589851201831,3,3
2023,36,077,113.83039271485487,262.81428906223846,3,3
2023,36,079,78.58105074090705,205.12715842756256,3,3
2023,36,081,NA,NA,NA,NA
2023,36,083,NA,NA,NA,NA
2023,36,085,NA,NA,NA,NA
2023,36,087,602.1785823872353,1685.8639979229117,3,3
2023,36,089,623.3997550929533,1205.9816690786301,3,3
2023,36,091,465.67541917114835,904.7769693135085,3,3
2023,36,093,1788.1869388420016,3001.1967193599116,2,2
2023,36,095,96.73438073317989,113.41272223890056,3,3
2023,36,097,276.07189137416196,371.85193532029973,3,3
2023,36,099,902.6415094339623,1349.433962264151,3,3
2023,36,101,247.2214459229959,342.8853967366769,3,3
2023,36,103,26.02118399664412,50.79702165591736,3,3
2023,36,105,NA,NA,NA,NA
2023,36,107,336.75632977175405,658.9614601089262,3,3
2023,36,109,560.8530409510201,2055.8131397078123,2,2
2023,36,111,401.40794798719446,781.4001504593402,3,3
2023,36,113,736.7297132397804,1693.105552165955,2,2
2023,36,115,351.493848857645,354.77883809930523,3,3
2023,36,117,NA,NA,NA,NA
2023,36,119,304.44744043463254,875.223696142395,3,3
2023,36,121,215.10755377688844,485.2426213106553,3,3
2023,36,123,227.30040183463893,458.659739416325,3,3
2023,37,001,1083.2862027218507,2043.7518562394605,1,1
2023,37,003,954.9945115257958,1649.2864983534575,1,1
2023,37,005,225.7336343115124,1119.6388261851016,3,3
2023,37,007,2250.8332191937175,4538.191115372323,3,3
2023,37,009,387.6113450859081,1766.613245872312,3,3
2023,37,011,770.7123226577407,1848.6158483117783,3,3
2023,37,013,668.2063815951745,1300.5359104872525,3,3
2023,37,015,480.4942226289898,1807.5735041757237,3,3
2023,37,017,875.2661282146598,2149.3021526815587,3,3
2023,37,019,1253.0074234520766,1961.7654518161069,2,2
2023,37,021,1145.3695868133484,3366.5697781375325,2,2
2023,37,023,757.8394515726961,2824.1637193674064,2,2
2023,37,025,409.64933048356227,1663.8982398765118,2,2
2023,37,027,1107.1155951127266,3618.785071137543,2,2
2023,37,029,1021.9418620497934,3373.2817502180083,3,3
2023,37,031,1363.3980073413738,2712.2297966555966,2,2
2023,37,033,568.557450747058,537.7054960553572,3,3
2023,37,035,557.7240656840355,1576.463733843874,2,2
2023,37,037,896.0652817727499,2202.490885006046,1,1
2023,37,039,1250.128437853204,3291.4340514436417,1,1
2023,37,041,571.8835963515274,1860.4314463587666,1,1
2023,37,043,588.1836537617418,1808.445263804758,1,1
2023,37,045,806.3576748641901,2129.134417608773,3,3
2023,37,047,418.21100826511804,1736.2693992428597,3,3
2023,37,049,1316.8569562894513,2704.948849357896,3,3
2023,37,051,1258.801065482006,3637.4272826348406,2,2
2023,37,053,1333.9186816155614,2059.975685532892,1,1
2023,37,055,1081.685938082805,2864.0699099483136,1,1
2023,37,057,224.80671828317725,869.1917124096125,2,2
2023,37,059,2297.477369847907,2626.016633736158,3,3
2023,37,061,904.8041553927138,3140.9592844451076,3,3
2023,37,063,1043.5428681790017,3354.528216216529,2,2
2023,37,065,975.9048720316414,3914.708130411198,2,2
2023,37,067,2536.142241020611,4438.199566453393,2,2
2023,37,069,200.19695357320768,779.2858535573662,3,3
2023,37,071,1259.8101462680265,3735.121521429592,2,2
2023,37,073,536.5526492287056,1523.4262719172175,3,3
2023,37,075,920.2835468225345,2076.8561124238277,3,3
2023,37,077,826.8363742899461,2324.256579696935,1,1
2023,37,079,617.011899515205,2237.8923657019736,3,3
2023,37,081,1824.4067558359056,4918.042767285684,2,2
2023,37,083,798.4404487857485,4025.3841846575,3,3
2023,37,085,1044.5544538034662,2628.4570801363134,2,2
2023,37,087,1084.3798052280881,3346.0404920553565,2,2
2023,37,089,635.9895840747832,1787.726233735058,3,3
2023,37,091,468.4755026351747,3279.328518446223,3,3
2023,37,093,1197.695002071485,2636.4355391510676,1,1
2023,37,095,NA,NA,NA,NA
2023,37,097,1395.1904678134883,2657.2345040377904,2,2
2023,37,099,896.7798861726565,2083.454504038315,1,1
2023,37,101,598.3505645940616,2128.204109909409,3,3
2023,37,103,378.5830178474851,1168.1990265008112,1,1
2023,37,105,230.7751877952451,744.9856733524356,3,3
2023,37,107,1101.9819866910434,2482.3248861328284,3,3
2023,37,109,1175.3118117730387,2401.5316681238173,3,3
2023,37,111,799.0331027999731,2985.74274267553,3,3
2023,37,113,310.6240237845738,1964.2988536885684,1,1
2023,37,115,134.01109057301295,859.5194085027726,3,3
2023,37,117,1437.5602810820742,3848.8035640472144,3,3
2023,37,119,1656.8423440535432,5401.577408539886,2,2
2023,37,121,93.50163627863488,146.93114272356908,3,3
2023,37,123,846.4095230733556,2798.1757749091753,1,1
2023,37,125,838.195254764683,2331.7775184753013,2,2
2023,37,127,592.7721868481204,2630.479736436939,2,2
2023,37,129,1269.386801837259,4081.0677554127346,2,2
2023,37,131,0,40.6693004880316,3,3
2023,37,133,611.5133155622219,1305.0106495407172,2,2
2023,37,135,1168.5858356872698,3843.636677619287,1,1
2023,37,137,1112.4644742184328,2704.0194884287457,1,1
2023,37,139,1188.3732200832494,2879.2758794368838,1,1
2023,37,141,612.4749541173835,1755.9195616656555,3,3
2023,37,143,958.4664536741213,2373.3455043359195,3,3
2023,37,145,1148.3131763208148,3404.2011457670274,1,1
2023,37,147,1856.7698630528848,3793.138828459902,2,2
2023,37,149,515.1653559964157,1967.8084514471411,1,1
2023,37,151,967.7449291783499,2782.864877806349,2,2
2023,37,153,1716.5677985893783,5406.604698958382,3,3
2023,37,155,1585.9194661601493,6835.7329517633,2,2
2023,37,157,1144.2921875853033,2921.875853032702,3,3
2023,37,159,718.3368007550185,3020.490448656637,2,2
2023,37,161,606.0138781804163,2111.025443330763,3,3
2023,37,163,626.2131825470505,2707.4014684783524,3,3
2023,37,165,1015.1259867684712,4814.424321684984,3,3
2023,37,167,781.975234828579,2144.531680224051,3,3
2023,37,169,9.73057880726272,37.53223254229906,3,3
2023,37,171,221.405315529826,1198.9842753604826,2,2
2023,37,173,2559.5449697831496,3860.646996089584,1,1
2023,37,175,592.6059621574466,1705.6222362602653,3,3
2023,37,177,1273.6966824644549,3554.5023696682465,3,3
2023,37,179,1082.8432302445408,2193.146734741679,1,1
2023,37,181,2367.7439153938767,4867.684898845636,1,1
2023,37,183,1112.304189856851,3524.693403704911,2,2
2023,37,185,746.626846568183,3045.170924217375,3,3
2023,37,187,779.4589637780834,1769.8303530490602,3,3
2023,37,189,461.1695779452493,1701.9545903520932,3,3
2023,37,191,1181.203695096519,4429.421323913016,2,2
2023,37,193,818.2427387957764,2016.9457261617997,2,2
2023,37,195,1019.9571514860223,3206.3162470792736,3,3
2023,37,197,1028.889067051498,2137.9513081589566,2,2
2023,37,199,149.92503748125935,690.7260655386592,3,3
2023,38,001,413.03350160624143,458.9261128958238,1,1
2023,38,003,843.0609597924772,1139.5219566425792,1,1
2023,38,005,204.7432178809077,272.9909571745436,3,3
2023,38,007,210.97046413502107,421.94092827004215,3,3
2023,38,009,312.98904538341156,829.4209702660407,3,3
2023,38,011,238.50085178875642,1226.5758091993187,3,3
2023,38,013,462.32085067036525,508.55293573740175,1,1
2023,38,015,1455.7614208069829,3969.2481765098096,1,1
2023,38,017,1977.9592785520324,4723.540039939562,2,2
2023,38,019,546.000546000546,764.4007644007644,3,3
2023,38,021,262.14962694091554,282.31498285944747,1,1
2023,38,023,551.9779208831648,367.98528058877645,3,3
2023,38,025,742.0232500618353,1607.717041800643,1,1
2023,38,027,129.366106080207,646.8305304010349,3,3
2023,38,029,305.9039461609055,2783.7259100642395,3,3
2023,38,031,296.55990510083035,682.0877817319098,1,1
2023,38,033,1250.7444907683146,1012.5074449076831,1,1
2023,38,035,1441.6469682810182,3997.8560826782473,2,2
2023,38,037,219.68365553602814,175.7469244288225,3,3
2023,38,039,213.67521367521368,299.1452991452992,3,3
2023,38,041,611.4961271911944,733.7953526294333,1,1
2023,38,043,421.22999157540016,1305.8129738837404,1,1
2023,38,045,219.1380569758948,365.2300949598247,3,3
2023,38,047,270.56277056277054,324.6753246753247,3,3
2023,38,049,379.9392097264438,911.854103343465,3,3
2023,38,051,517.515923566879,1114.6496815286623,3,3
2023,38,053,2058.823529411765,3375.350140056022,3,3
2023,38,055,866.7278474558988,1386.764555929438,1,1
2023,38,057,407.6249850137873,923.1507013547537,3,3
2023,38,059,1929.5677887631052,4337.0471041548435,3,3
2023,38,061,2874.464304379638,2425.0026131493673,2,2
2023,38,063,265.33996683250416,530.6799336650083,1,1
2023,38,065,54.91488193300385,109.8297638660077,1,1
2023,38,067,633.5641667894504,633.5641667894504,1,1
2023,38,069,504.9229992426155,1186.5690482201464,1,1
2023,38,071,821.5860935743319,1919.9169765631757,1,1
2023,38,073,476.8632991875662,1677.8523489932886,3,3
2023,38,075,307.42204655248133,702.6789635485288,3,3
2023,38,077,954.6827794561934,2362.537764350453,1,1
2023,38,079,1069.208454206382,1143.8043928719437,2,2
2023,38,081,549.4505494505495,444.7933019361591,3,3
2023,38,083,301.4318010550113,1507.1590052750566,1,1
2023,38,085,5093.692267088942,2876.748482449195,1,1
2023,38,087,NA,NA,NA,NA
2023,38,089,1090.1075009059066,2886.8220799613478,3,3
2023,38,091,404.3905257076834,288.85037550548816,1,1
2023,38,093,1096.3995354239257,2513.35656213705,1,1
2023,38,095,520.5868433506862,473.260766682442,3,3
2023,38,097,526.3157894736842,538.8471177944863,3,3
2023,38,099,924.8665141113653,1372.9977116704804,1,1
2023,38,101,1067.42546799168,1665.4148370695632,1,1
2023,38,103,710.2993404363267,659.5636732623034,3,3
2023,38,105,1948.282869335501,3492.6844137370454,3,3
2023,39,001,261.72300981461285,556.1613958560523,1,1
2023,39,003,2060.9484609498622,3183.3730319339525,2,2
2023,39,005,575.3959688177517,1180.525765303757,3,3
2023,39,007,563.9850836731969,910.1835776583832,3,3
2023,39,009,730.8398161531841,2138.9245286083187,3,3
2023,39,011,225.06438139756327,389.5345062650133,3,3
2023,39,013,710.0486600673925,483.46518747537203,2,2
2023,39,015,121.25371768474034,285.9757492564631,3,3
2023,39,017,853.9825905714073,1864.8460150745814,2,2
2023,39,019,131.18381243942358,136.42293338175222,3,3
2023,39,021,747.9624471267925,1653.2549262354278,2,2
2023,39,023,1487.6887297427,3292.1111890435236,2,2
2023,39,025,588.5745450431401,1256.7611424612467,2,2
2023,39,027,685.3696762986943,1431.6075781883817,2,2
2023,39,029,520.1373303580799,611.8047184505436,3,3
2023,39,031,730.6633223370321,1600.3707843725294,3,3
2023,39,033,947.5528644647487,1311.464845173717,1,1
2023,39,035,1940.8236474902712,3459.210608459299,2,2
2023,39,037,334.9143354951118,631.1102507017713,3,3
2023,39,039,614.2506142506143,1411.4694965758797,3,3
2023,39,041,1252.9309644406767,3754.563783212105,2,2
2023,39,043,736.759586480323,1675.4094880326843,2,2
2023,39,045,1838.4542899293344,4142.75009845687,2,2
2023,39,047,1135.7340720221607,2136.426592797784,3,3
2023,39,049,1208.6287523564995,3534.489230700752,2,2
2023,39,051,410.59705677355146,891.9362316414674,2,2
2023,39,053,932.7206638776489,1025.3069062478567,3,3
2023,39,055,26.18376815844322,30.373171063794135,3,3
2023,39,057,1043.5063687775614,2550.8188873852255,2,2
2023,39,059,31.345505838100465,80.97589008175953,3,3
2023,39,061,1149.3139329659243,3777.916478415784,2,2
2023,39,063,1001.6417308522998,1864.8968998349758,2,2
2023,39,065,547.0567039014643,1015.4944802961313,3,3
2023,39,067,548.3064963908939,874.5141588006662,3,3
2023,39,069,790.399187846706,1501.0333200391574,3,3
2023,39,071,804.2042812705723,1190.0661062597824,3,3
2023,39,073,869.78309113036,1768.2010165366166,3,3
2023,39,075,173.97301892730763,635.5665412907277,3,3
2023,39,077,259.1392098975818,410.9174146339563,3,3
2023,39,079,874.555050938996,1761.3845587332762,2,2
2023,39,081,642.1951940703618,1267.4427569192815,2,2
2023,39,083,338.148070557967,770.5537875204017,1,1
2023,39,085,434.29369110861217,943.5547455633539,2,2
2023,39,087,580.2910168162412,616.8859458046527,3,3
2023,39,089,692.4567443873641,2132.116485868608,3,3
2023,39,091,491.9809276116168,602.5140875596012,3,3
2023,39,093,1017.007266367001,1612.8172393338875,2,2
2023,39,095,3194.829420762012,3506.842196223716,2,2
2023,39,097,634.1452394874718,1295.886616453433,3,3
2023,39,099,1212.8188870036065,2537.022696886677,2,2
2023,39,101,1257.1954869905596,1525.8270013047818,3,3
2023,39,103,330.42110260190054,931.0193897450965,3,3
2023,39,105,915.1866618339978,1313.8818412468286,1,1
2023,39,107,188.5102973749941,209.71770582968097,2,2
2023,39,109,950.4711589015462,2073.816472652764,2,2
2023,39,111,495.94229035166813,293.0568079350767,3,3
2023,39,113,1594.1913196245685,3663.6070157828403,2,2
2023,39,115,944.9047826719,1177.4967291757523,3,3
2023,39,117,482.7625376270801,508.3205543249844,3,3
2023,39,119,693.4315019332731,1666.3399455861388,1,1
2023,39,121,442.04322200392926,547.2916081953409,3,3
2023,39,123,293.81738502527327,395.90647643235974,3,3
2023,39,125,808.5106382978723,1090.4255319148936,3,3
2023,39,127,253.70694029430004,328.6413378919251,3,3
2023,39,129,1004.9320787112629,2235.426801555372,2,2
2023,39,131,1093.0576070901034,1514.0324963072378,3,3
2023,39,133,529.6228317397555,1870.4063141541812,2,2
2023,39,135,546.5418361845008,801.4313023871379,3,3
2023,39,137,288.1928272007452,279.4597112249651,3,3
2023,39,139,1986.1045260259773,2991.071887726098,2,2
2023,39,141,1029.3427841767864,3094.5431802783132,3,3
2023,39,143,251.82916453973118,438.99948953547727,3,3
2023,39,145,1126.945485379797,2561.612735578107,3,3
2023,39,147,284.6766031037635,572.5351914777474,3,3
2023,39,149,1097.7565771658299,1889.3078092778137,3,3
2023,39,151,1381.6948528997852,2768.2349359255927,2,2
2023,39,153,1615.936324366244,3282.431006919847,2,2
2023,39,155,1734.3446410112765,2845.5817409602823,2,2
2023,39,157,673.9752659718097,961.2788248636388,3,3
2023,39,159,465.7154071508702,1269.2178877820256,1,1
2023,39,161,1319.5801816354615,2144.1103474515453,3,3
2023,39,163,551.7893741131957,1237.584739082453,3,3
2023,39,165,534.1367687796635,1519.0402349550081,2,2
2023,39,167,445.0588354293806,826.0561718196836,2,2
2023,39,169,499.1525450470989,1440.7854779621327,3,3
2023,39,171,436.7641473604254,634.800065107699,3,3
2023,39,173,436.8245567366185,1553.4293342619208,3,3
2023,39,175,520.7613254067007,995.4375777685608,3,3
2023,40,001,1638.1730033171727,2158.7139576422555,1,1
2023,40,003,1125.7695690413368,1442.3922603342128,3,3
2023,40,005,1066.292528937215,2307.9621185548926,1,1
2023,40,007,535.6080142828804,1150.5653640150763,1,1
2023,40,009,972.8853256463381,1666.5165300423387,1,1
2023,40,011,2004.3460245734716,2762.044545800778,2,2
2023,40,013,1456.4853822215637,3829.625082033152,3,3
2023,40,015,1262.0115342933655,2746.5281471556564,1,1
2023,40,017,1324.223533776227,3783.7441763110246,1,1
2023,40,019,1508.651953165475,3740.545021241322,1,1
2023,40,021,1009.0907925476384,1675.110442583834,1,1
2023,40,023,888.173998181691,2601.5805301070004,2,2
2023,40,025,489.54161103693815,934.5794392523363,3,3
2023,40,027,1710.0004184594648,5120.085024909554,2,2
2023,40,029,853.0805687203791,2047.3933649289097,1,1
2023,40,031,1792.948175416396,3043.5747212384654,2,2
2023,40,033,1479.4520547945206,2940.639269406393,3,3
2023,40,035,1280.3376714737954,2975.7298628209637,3,3
2023,40,037,486.63200423784707,1116.6758041364562,1,1
2023,40,039,646.668488656213,1197.2086013426672,3,3
2023,40,041,1262.89099641612,2267.352561133189,3,3
2023,40,043,857.207308820212,1827.2050530115048,1,1
2023,40,045,1587.3015873015872,1614.2050040355123,3,3
2023,40,047,1609.383524277141,3897.500080228491,1,1
2023,40,049,1695.9097019407816,3026.8838852987587,1,1
2023,40,051,1033.0150007460036,2205.374935575995,1,1
2023,40,053,459.2700024172105,942.7121102248005,3,3
2023,40,055,1491.4514368861403,1527.8283012004365,1,1
2023,40,057,1427.4061990212072,1876.0195758564437,1,1
2023,40,059,464.2525533890436,526.1528938409161,3,3
2023,40,061,839.9760006856947,1559.9554298448616,3,3
2023,40,063,1198.8679294155775,2770.5641341275536,2,2
2023,40,065,1479.9838253133844,2236.1504245855235,2,2
2023,40,067,762.5069741491538,1357.63436860703,3,3
2023,40,069,1035.4170698664602,1248.3065608670408,3,3
2023,40,071,2087.7638288628204,3926.2765543893347,2,2
2023,40,073,1041.058212592317,2066.996970773765,2,2
2023,40,075,1359.6594939702059,1241.4282336249703,1,1
2023,40,077,821.4849921011058,1758.820431806214,1,1
2023,40,079,1122.5578722705632,2199.967164669184,1,1
2023,40,081,1097.8628522466595,2027.3542685012735,3,3
2023,40,083,1000.9588017768514,1731.8814146616612,2,2
2023,40,085,980.7767752059632,2255.786582973715,1,1
2023,40,087,880.9854435229418,2246.7409812952237,2,2
2023,40,089,1738.8483373884833,3503.649635036497,1,1
2023,40,091,1361.9587253729792,2110.516192753548,1,1
2023,40,093,1606.5830721003135,1619.644723092999,3,3
2023,40,095,1510.1100588686973,2220.3736882518556,3,3
2023,40,097,1669.7964776937524,3108.6636552809214,2,2
2023,40,099,1006.7357137683783,2484.2471210255667,1,1
2023,40,101,2069.2646021285814,3310.158800284564,2,2
2023,40,103,935.0077917315979,2080.8506737556145,3,3
2023,40,105,968.9097103918228,2193.35604770017,1,1
2023,40,107,1342.0673639439265,3715.04364814063,2,2
2023,40,109,1163.7968530664743,3599.148130788054,2,2
2023,40,111,1195.4243324561771,2540.047626881183,2,2
2023,40,113,3162.1448749910865,6096.8407918285675,2,2
2023,40,115,1755.5994729907775,5839.920948616601,1,1
2023,40,117,1022.9734457612392,1834.558224504226,3,3
2023,40,119,1308.1296137556003,2947.388087130983,2,2
2023,40,121,928.2816475280204,2871.942973710147,2,2
2023,40,123,2167.880449672616,4576.863682509968,2,2
2023,40,125,2297.552087791196,6027.04747479201,1,1
2023,40,127,797.2559562436267,2002.4103087049227,3,3
2023,40,129,503.25636471284787,1124.9259917110717,3,3
2023,40,131,2316.9279083555166,4202.984472189685,1,1
2023,40,133,1765.831400460565,2843.4558742676577,2,2
2023,40,135,1754.209093658635,2459.9253957052124,3,3
2023,40,137,1685.3673177263704,2920.533776608025,1,1
2023,40,139,814.1762452107279,1901.3409961685823,2,2
2023,40,141,1076.5035165781542,3516.5781541553038,1,1
2023,40,143,1953.5335079137794,3604.3717855072864,2,2
2023,40,145,2350.181347128712,4095.505582820897,2,2
2023,40,147,1092.724265110779,2085.8436256311184,2,2
2023,40,149,863.8287169008175,1398.2394682471725,3,3
2023,40,151,846.9660053370461,2007.1934099083421,1,1
2023,40,153,1317.86771964462,2300.0987166831196,3,3
2023,41,001,541.795665634675,1488.4496308644916,3,3
2023,41,003,981.3173859065087,4060.2903410477766,2,2
2023,41,005,1000.5412616087133,5322.602371022805,2,2
2023,41,007,1313.402510703142,3913.600851413782,2,2
2023,41,009,530.2944826808078,1286.2461920342998,2,2
2023,41,011,1036.5251727541954,3467.4234945705825,3,3
2023,41,013,643.2497758371993,818.6815328837083,3,3
2023,41,015,247.19771555214592,447.51310574095385,3,3
2023,41,017,666.9096568912356,2622.8167820870235,2,2
2023,41,019,1093.849222320606,3241.2997397300705,2,2
2023,41,021,999.000999000999,4095.904095904096,3,3
2023,41,023,NA,NA,NA,NA
2023,41,025,66.53359946773121,13.30671989354624,3,3
2023,41,027,542.616245095584,2708.9072543617995,3,3
2023,41,029,921.5368232814978,3478.1163086406996,2,2
2023,41,031,800.8649341288592,1701.837985023826,3,3
2023,41,033,725.5674527926966,3205.4411881592846,2,2
2023,41,035,994.098435799003,2493.840600469833,3,3
2023,41,037,NA,NA,NA,NA
2023,41,039,905.05660850748,3749.0722059023387,2,2
2023,41,041,1046.768841839153,2729.4991309843576,3,3
2023,41,043,591.2541258566246,2347.2154570086236,2,2
2023,41,045,1198.7003564556323,3842.150089902527,3,3
2023,41,047,814.9830530644842,4531.323698314471,2,2
2023,41,049,1151.114376683811,3306.3923585598823,3,3
2023,41,051,682.8541020299817,4005.7972089352593,2,2
2023,41,053,1077.1209632136477,4509.743726081441,2,2
2023,41,055,1100.62893081761,2096.4360587002097,3,3
2023,41,057,877.2887772560155,1841.942411998107,3,3
2023,41,059,966.4489867269345,4663.678249903231,2,2
2023,41,061,817.0433720219914,3035.2779474648746,3,3
2023,41,063,26.55337227827934,225.7036643653744,3,3
2023,41,065,811.9385031763335,3612.3745442243358,3,3
2023,41,067,1257.733037893227,5626.728751269895,2,2
2023,41,069,NA,NA,NA,NA
2023,41,071,713.7113089695395,2448.8662392667734,2,2
2023,42,001,13.31013566831142,51.33909472062976,3,3
2023,42,003,184.3829770379094,439.3976903740852,3,3
2023,42,005,NA,NA,NA,NA
2023,42,007,21.557789847478638,88.62646937296773,3,3
2023,42,009,6.3153906069090375,18.946171820727113,3,3
2023,42,011,372.335106246904,666.2961145517676,2,2
2023,42,013,NA,NA,NA,NA
2023,42,015,NA,NA,NA,NA
2023,42,017,4.644013170421351,31.424489119851145,3,3
2023,42,019,15.316281206922957,168.98963598305,3,3
2023,42,021,3.022175210607835,15.110876053039176,3,3
2023,42,023,NA,NA,NA,NA
2023,42,025,NA,NA,NA,NA
2023,42,027,10.123955176188458,16.451427161306242,3,3
2023,42,029,9.79855646926581,56.018162456368685,3,3
2023,42,031,NA,NA,NA,NA
2023,42,033,NA,NA,NA,NA
2023,42,035,NA,NA,NA,NA
2023,42,037,NA,NA,NA,NA
2023,42,039,24.04164012068903,57.699936289653685,3,3
2023,42,041,294.5990554234737,735.5186541227628,2,2
2023,42,043,592.7286388112034,1442.515061707782,2,2
2023,42,045,NA,NA,NA,NA
2023,42,047,469.00954304139657,654.6591538286161,3,3
2023,42,049,554.2694328198736,1133.7666577627401,2,2
2023,42,051,10.238880969070703,17.32733702458119,3,3
2023,42,053,NA,NA,NA,NA
2023,42,055,188.99498529499726,453.39015514378735,3,3
2023,42,057,NA,NA,NA,NA
2023,42,059,NA,NA,NA,NA
2023,42,061,NA,NA,NA,NA
2023,42,063,NA,NA,NA,NA
2023,42,065,NA,NA,NA,NA
2023,42,067,NA,NA,NA,NA
2023,42,069,366.48535448539155,951.6572921782481,2,2
2023,42,071,50.97712153990536,216.33753699443938,3,3
2023,42,073,NA,NA,NA,NA
2023,42,075,55.71341021783944,122.56950247924675,3,3
2023,42,077,257.26688527108246,699.7952432271037,3,3
2023,42,079,23.007687635361894,31.290455184092178,3,3
2023,42,081,NA,NA,NA,NA
2023,42,083,NA,NA,NA,NA
2023,42,085,6.372209882387213,6.372209882387213,3,3
2023,42,087,NA,NA,NA,NA
2023,42,089,396.93892147046205,963.1430887331331,3,3
2023,42,091,NA,NA,NA,NA
2023,42,093,NA,NA,NA,NA
2023,42,095,179.53499743343713,308.9044853102125,2,2
2023,42,097,NA,NA,NA,NA
2023,42,099,NA,NA,NA,NA
2023,42,101,2091.9698287193382,7961.542739277265,2,2
2023,42,103,NA,NA,NA,NA
2023,42,105,NA,NA,NA,NA
2023,42,107,0,1.3960728470811608,3,3
2023,42,109,NA,NA,NA,NA
2023,42,111,NA,NA,NA,NA
2023,42,113,NA,NA,NA,NA
2023,42,115,NA,NA,NA,NA
2023,42,117,NA,NA,NA,NA
2023,42,119,61.07587502936341,115.10453370918486,3,3
2023,42,121,NA,NA,NA,NA
2023,42,123,NA,NA,NA,NA
2023,42,125,18.959767830383964,41.17548377578326,3,3
2023,42,127,NA,NA,NA,NA
2023,42,129,NA,NA,NA,NA
2023,42,131,NA,NA,NA,NA
2023,42,133,NA,NA,NA,NA
2023,44,001,531.9569688340453,1190.4761904761904,1,1
2023,44,003,658.0412286561427,1979.9833585299252,1,1
2023,44,005,871.9666255361655,1866.1495975086668,1,1
2023,44,007,902.1559174295917,2338.169617452506,1,1
2023,44,009,475.88661751478014,1250.8360689766516,3,3
2023,45,001,857.9937428773492,1955.016596134584,3,3
2023,45,003,1381.4736599558862,3790.8531556006847,3,3
2023,45,005,2442.491599896614,3334.194882398553,3,3
2023,45,007,1870.2226480226773,4456.377990988781,2,2
2023,45,009,1792.768155575813,4086.903676694014,3,3
2023,45,011,1906.1512278142472,4381.23024556285,3,3
2023,45,013,1226.446718874287,2614.5224822478435,2,2
2023,45,015,1618.7252285978223,3668.220934356379,2,2
2023,45,017,961.13074204947,2480.565371024735,3,3
2023,45,019,1429.8457559688748,3593.552861406036,2,2
2023,45,021,1203.0097028128741,2986.08611505458,3,3
2023,45,023,1460.6706653821052,3051.8693476706967,3,3
2023,45,025,2349.9713138267352,3967.8714859437755,3,3
2023,45,027,2986.757740761027,4420.530334761736,3,3
2023,45,029,2268.0786060119617,3917.3549439453177,3,3
2023,45,031,2532.1095069636995,5429.13599133123,3,3
2023,45,033,2211.836894866398,4634.1550426313725,3,3
2023,45,035,1655.2883603524429,3165.2815397882428,2,2
2023,45,037,518.9748620886281,1383.2273558026964,3,3
2023,45,039,1619.979750253122,2704.7876187261945,3,3
2023,45,041,2411.609614303138,5215.416188897248,2,2
2023,45,043,1152.1837129047847,2068.7527366734753,3,3
2023,45,045,1299.2896569936713,3711.1377372294314,2,2
2023,45,047,1060.1624139970286,3851.202238601451,3,3
2023,45,049,1479.202577307803,3249.263687243333,3,3
2023,45,051,1710.861203945389,3705.7817459349426,2,2
2023,45,053,2163.3757325255747,2932.3507543315795,3,3
2023,45,055,1101.2491781722551,2865.9374813220966,3,3
2023,45,057,1334.9189832020218,2856.151825974927,3,3
2023,45,059,1831.6401823994845,3162.036731551908,3,3
2023,45,061,2069.8101653398653,4035.5174525413354,3,3
2023,45,063,1719.6767605771026,4107.712665396093,2,2
2023,45,065,670.0340171116379,1783.3213070817442,3,3
2023,45,067,2128.0276816609,5072.664359861592,3,3
2023,45,069,2122.883774015598,4991.439984782195,3,3
2023,45,071,1114.8710684399675,2229.742136879935,3,3
2023,45,073,1372.4455169293417,3196.0887816403992,3,3
2023,45,075,3179.657851576061,5972.632914726269,3,3
2023,45,077,708.5935544590483,2108.154364228963,3,3
2023,45,079,1437.0540565145902,3862.4580240318887,2,2
2023,45,081,898.3137256769651,1174.1012017207863,3,3
2023,45,083,1335.8052873660454,3400.0891063429613,2,2
2023,45,085,1943.6735238858212,4232.5922958809,2,2
2023,45,087,1556.1319007039644,3831.0485364949977,3,3
2023,45,089,1904.8335561002987,3666.3523382233802,3,3
2023,45,091,1003.9541306977084,2743.2864682785844,2,2
2023,46,003,660.7073455110766,466.3816556548776,1,1
2023,46,005,835.1055552673894,2401.5768452720577,1,1
2023,46,007,1937.984496124031,2474.6571258199165,3,3
2023,46,009,142.36902050113895,128.13211845102506,3,3
2023,46,011,729.2381606039808,1844.5435827041865,3,3
2023,46,013,1489.0096903805247,2111.3999842432836,3,3
2023,46,015,1121.459798517392,1938.7949059114235,3,3
2023,46,017,6033.010813887308,2845.759817871372,3,3
2023,46,019,854.0520022774721,1224.1412032643764,3,3
2023,46,021,135.0438892640108,202.56583389601622,1,1
2023,46,023,1002.0471931903891,2079.5172933951085,3,3
2023,46,025,257.99793601651186,619.1950464396285,3,3
2023,46,027,964.7789598889842,3079.3629815634704,3,3
2023,46,029,1428.77153662978,2945.0903487883456,1,1
2023,46,031,570.0958797615963,777.4034724021767,3,3
2023,46,033,759.8434262030854,1220.3545935988948,3,3
2023,46,035,2192.0144462279295,3566.4125200642056,1,1
2023,46,037,274.72527472527474,641.025641025641,3,3
2023,46,039,602.1306160259379,532.6540064844836,1,1
2023,46,041,5831.739961759083,2772.4665391969406,3,3
2023,46,043,425.07970244420824,814.7360963513992,3,3
2023,46,045,99.18175055789735,24.795437639474336,1,1
2023,46,047,1769.0486140130936,1462.5992478061012,1,1
2023,46,049,187.17828731867104,374.3565746373421,1,1
2023,46,051,13.255567338282079,0,3,3
2023,46,053,125.2191334835963,125.2191334835963,3,3
2023,46,055,NA,NA,NA,NA
2023,46,057,365.7760814249364,1335.8778625954199,3,3
2023,46,059,229.88505747126436,229.88505747126436,1,1
2023,46,061,NA,NA,NA,NA
2023,46,063,0,91.57509157509158,3,3
2023,46,065,2171.2158808933004,3490.8639747349425,1,1
2023,46,067,40.578926011091575,148.78939537400242,3,3
2023,46,069,NA,NA,NA,NA
2023,46,071,NA,NA,NA,NA
2023,46,073,325.2032520325203,162.60162601626016,1,1
2023,46,075,194.17475728155338,194.17475728155338,3,3
2023,46,077,191.93857965451056,307.1017274472169,3,3
2023,46,079,606.2251176257691,1031.487513572204,1,1
2023,46,081,1651.990667569805,2118.612177316174,1,1
2023,46,083,1456.7988274764627,3630.1461875684186,2,2
2023,46,085,2851.762173796072,1641.1084207694378,3,3
2023,46,087,366.364270760642,628.053035589672,3,3
2023,46,089,570.6760316066725,1492.5373134328358,3,3
2023,46,091,321.4695752009185,780.7118254879449,1,1
2023,46,093,1240.1542391758055,1944.7534354382105,2,2
2023,46,095,NA,NA,NA,NA
2023,46,097,347.9773814702044,565.4632448890821,1,1
2023,46,099,1290.673407043676,3038.7265456893792,2,2
2023,46,101,973.1596295714958,988.8557526291006,3,3
2023,46,102,NA,NA,NA,NA
2023,46,103,2538.584122337333,4845.422553033329,1,1
2023,46,105,490.5166775670372,130.80444735120994,3,3
2023,46,107,NA,NA,NA,NA
2023,46,109,1810.353263528721,1311.2829043937763,3,3
2023,46,111,126.58227848101266,84.38818565400844,3,3
2023,46,115,381.9831290784657,302.403310520452,3,3
2023,46,117,232.40371845949537,166.00265604249668,3,3
2023,46,119,67.5219446320054,0,1,1
2023,46,121,5843.1077154847735,1936.941784138599,3,3
2023,46,123,766.8985197075085,428.03638309256286,1,1
2023,46,125,NA,NA,NA,NA
2023,46,127,472.75241669153297,1115.6801671699711,2,2
2023,46,129,94.37523593808984,0,3,3
2023,46,135,1608.2809358826298,2754.6088369904614,3,3
2023,46,137,NA,NA,NA,NA
2023,47,001,1032.5894266542368,1905.6686169715024,3,3
2023,47,003,1651.3618373593808,2199.2162367666842,3,3
2023,47,005,627.0378730875344,1178.8312014045648,3,3
2023,47,007,261.6571620261657,530.0234820530023,3,3
2023,47,009,1181.8769192795487,1429.4322199394542,3,3
2023,47,011,1333.1146405693303,2689.9209972390036,2,2
2023,47,013,527.644085797163,1239.9663372740315,3,3
2023,47,015,259.19105108792036,354.6824909624173,1,1
2023,47,017,439.8771689309304,856.2328562267184,3,3
2023,47,019,1203.2704211564594,2917.226122586075,2,2
2023,47,021,1089.1566265060242,1698.7951807228917,1,1
2023,47,023,790.7403162961265,1329.3605317442127,3,3
2023,47,025,434.4992396263307,999.3482511405605,2,2
2023,47,027,446.13567773258103,472.37895289332107,1,1
2023,47,029,1487.548968577925,2966.879434567022,1,1
2023,47,031,1551.0738268584196,2652.154845612526,3,3
2023,47,033,918.418597976609,1291.5261534046065,2,2
2023,47,035,519.7588319019975,1692.0149050840412,3,3
2023,47,037,2766.616791833748,6480.997816737233,2,2
2023,47,039,608.7485868336377,1213.8762633171823,1,1
2023,47,041,666.6342270449127,1377.0619434577393,3,3
2023,47,043,1487.3996775187056,2193.9598166567025,3,3
2023,47,045,2120.989067909817,4192.906409312723,3,3
2023,47,047,674.3395614229127,1246.9888622163621,3,3
2023,47,049,796.9178805150939,1535.7821405953134,3,3
2023,47,051,1395.7488605407984,2602.2336798556853,2,2
2023,47,053,1033.5995419077585,1547.6652234083735,2,2
2023,47,055,916.4667108156851,1956.701373357156,3,3
2023,47,057,421.58959887670767,893.323342178625,1,1
2023,47,059,1311.355208054259,2607.199763110027,3,3
2023,47,061,875.127198313262,1834.587806836168,3,3
2023,47,063,1405.9121751230791,2328.6552590906667,2,2
2023,47,065,1549.6895498405286,4310.444767371324,2,2
2023,47,067,633.2842415316642,1958.7628865979382,1,1
2023,47,069,1457.6831921587514,2014.0591144909338,3,3
2023,47,071,1484.2867257847795,3080.8386966129283,3,3
2023,47,073,1126.0536568081013,2783.6296343283466,2,2
2023,47,075,2020.1448619284745,3740.3802625622457,1,1
2023,47,077,1687.8090733175661,2276.9883483163376,3,3
2023,47,079,1034.5695644537552,1750.7817391975052,3,3
2023,47,081,1260.45423916921,1605.295493281541,1,1
2023,47,083,747.6184734113108,723.5017484625588,1,1
2023,47,085,964.6639404424873,1352.6266121421831,2,2
2023,47,087,437.636761487965,555.4620434270325,3,3
2023,47,089,1479.6117573073961,3021.409761390579,2,2
2023,47,091,857.6329331046312,1007.0270569357606,1,1
2023,47,093,1427.7771280731881,2616.94169687793,2,2
2023,47,095,971.4541921984757,1225.526827081154,3,3
2023,47,097,1652.4285084025187,2767.4166766935386,3,3
2023,47,099,690.4077860181288,1124.6965546424356,3,3
2023,47,101,657.0713391739674,1619.2115143929914,3,3
2023,47,103,1346.2998257192523,1598.5630687203031,1,1
2023,47,105,803.5651624675415,1407.1162888623762,1,1
2023,47,107,837.6726025424151,2410.3858251828906,3,3
2023,47,109,1257.6562639912013,2124.9098196099303,3,3
2023,47,111,984.7633078742293,1139.8441437599347,1,1
2023,47,113,2465.3575873027285,4886.860183363135,2,2
2023,47,115,825.1198387253083,1446.8264421377467,3,3
2023,47,117,1268.5610470775116,1601.600974420298,3,3
2023,47,119,1961.7668146968642,2709.959826027773,2,2
2023,47,121,757.112266748241,2049.5564392780666,1,1
2023,47,123,1544.0258779565256,2059.6285831964174,2,2
2023,47,125,1654.2593559311626,2778.5942085568768,2,2
2023,47,127,831.9467554076539,1089.093934351838,1,1
2023,47,129,470.0393886952067,783.2326657797031,3,3
2023,47,131,1501.5131327154113,2981.058822988979,2,2
2023,47,133,657.6928136098567,1047.9238830183715,3,3
2023,47,135,432.1925008760659,642.4483121130709,3,3
2023,47,137,59.26511260371395,237.0604504148558,3,3
2023,47,139,581.8551576093097,1835.9507400293753,3,3
2023,47,141,983.2116608902982,2207.3101786987195,3,3
2023,47,143,675.6959668458512,1267.3053244842188,2,2
2023,47,145,1138.5025755907832,2232.640074060708,2,2
2023,47,147,1209.6474616870946,1309.4871966960118,2,2
2023,47,149,1651.6349963451853,3126.35988975827,2,2
2023,47,151,723.7470981838044,1147.0708725931995,3,3
2023,47,153,1115.2416356877322,1736.8517277104027,1,1
2023,47,155,1659.8854274204975,2876.4599906884478,1,1
2023,47,157,3639.9026236316613,9649.369168126048,2,2
2023,47,159,856.6052683699742,1559.7147950089127,1,1
2023,47,161,548.3801140053395,627.7509199797965,1,1
2023,47,163,1758.9960427324847,4002.7058078392415,2,2
2023,47,165,793.1181144524669,1509.359174136508,2,2
2023,47,167,1521.0551199073998,2001.9889466734053,2,2
2023,47,169,931.8085556967387,1389.2418466751378,3,3
2023,47,171,427.47061139546656,635.5813037853648,3,3
2023,47,173,695.0995481852937,1330.619135097562,3,3
2023,47,175,603.8455426664548,715.0802478944859,1,1
2023,47,177,1454.7815423088946,2207.4205881645707,3,3
2023,47,179,745.2955576612475,1720.1989551547188,1,1
2023,47,181,547.6586056242693,707.648760076303,1,1
2023,47,183,968.4002346187713,2233.129686112687,2,2
2023,47,185,432.2143783316525,1091.3413052874225,1,1
2023,47,187,769.410903169017,1495.0263440878284,2,2
2023,47,189,753.3189657978864,1600.3958668376881,3,3
2023,48,001,550.7925115603986,771.8196664454689,3,3
2023,48,003,761.4213197969543,2192.46138891889,1,1
2023,48,005,1420.6542152988213,3006.072058162713,1,1
2023,48,007,1123.341874223595,1992.3837983035496,3,3
2023,48,009,68.69704602702085,194.64163040989237,3,3
2023,48,011,637.2809346787042,743.4944237918215,1,1
2023,48,013,1153.3639042371315,2651.381016588385,1,1
2023,48,015,647.9551966657983,1390.336025006512,3,3
2023,48,017,695.6274843838728,795.0028392958545,1,1
2023,48,019,449.3028857288434,1171.8930937051275,1,1
2023,48,021,951.9497952116587,1868.0010810206152,2,2
2023,48,023,346.42032332563514,461.8937644341801,1,1
2023,48,025,925.8064516129032,2358.064516129032,1,1
2023,48,027,1416.7572819112665,2420.677652832593,2,2
2023,48,029,1805.6044145484634,6339.009158709504,2,2
2023,48,031,599.6002664890073,741.1725516322452,3,3
2023,48,033,414.9377593360996,1106.5006915629324,1,1
2023,48,035,353.3152189067788,456.82643527105796,3,3
2023,48,037,1403.7976191765688,2444.730884630799,2,2
2023,48,039,862.6539877700868,1415.7662392939699,2,2
2023,48,041,527.7754433145643,1546.7686360198336,3,3
2023,48,043,454.3533389687236,538.8841927303466,1,1
2023,48,045,654.1291905151268,1308.2583810302535,1,1
2023,48,047,429.36882782310005,343.49506225848006,1,1
2023,48,049,1733.9530997023032,2935.185668773176,3,3
2023,48,051,463.79658427456764,1085.829650242811,1,1
2023,48,053,918.9739905793427,1280.6034288928922,3,3
2023,48,055,1094.0313011014164,1882.6663680403803,1,1
2023,48,057,768.033733246323,1310.1751920084334,3,3
2023,48,059,634.9432831561675,1041.5923521438253,1,1
2023,48,061,1704.663604226923,2998.4026163065464,2,2
2023,48,063,711.3499841922226,1074.9288650015808,1,1
2023,48,065,568.7693898655635,758.3591864874181,1,1
2023,48,067,307.24315321884455,892.3119275506451,3,3
2023,48,069,368.44978165938863,532.2052401746726,1,1
2023,48,071,966.4878140771143,2312.959647945298,1,1
2023,48,073,1129.7121661461092,1984.1923067803664,3,3
2023,48,075,708.8009450679267,664.5008860011814,1,1
2023,48,077,2098.152076107244,3929.2820997706194,1,1
2023,48,079,158.73015873015873,1111.111111111111,1,1
2023,48,081,211.16138763197586,573.1523378582202,3,3
2023,48,083,309.079201545396,412.10560206052804,3,3
2023,48,085,1062.1350772551891,3075.2106404231613,2,2
2023,48,087,182.94914013904133,73.17965605561653,1,1
2023,48,089,554.591049382716,1586.6126543209878,3,3
2023,48,091,609.8079685432922,1436.0692086803529,2,2
2023,48,093,1233.1350645582474,1726.3890903815463,1,1
2023,48,095,242.35080278703424,424.1139048773099,3,3
2023,48,097,619.2169142749511,1450.3331528265014,3,3
2023,48,099,1008.4977316004521,1585.068052130529,1,1
2023,48,101,NA,NA,NA,NA
2023,48,103,692.1912178239239,908.5009733939002,1,1
2023,48,105,694.2034015966678,1527.2474835126693,3,3
2023,48,107,394.32176656151415,1399.8422712933755,3,3
2023,48,109,NA,NA,NA,NA
2023,48,111,792.4765432930471,1076.9462079002274,1,1
2023,48,113,1144.9417831096403,3278.259286174892,2,2
2023,48,115,1080.3346600601087,1324.0191698481033,3,3
2023,48,117,1006.1124033104344,2866.8794287877968,1,1
2023,48,119,954.1627689429373,1272.2170252572498,3,3
2023,48,121,1530.3813521868674,4413.054735044266,2,2
2023,48,123,837.6869255116547,1766.118429546725,1,1
2023,48,125,NA,NA,NA,NA
2023,48,127,1481.1331844363465,2315.7399788409543,1,1
2023,48,129,610.5006105006105,579.97557997558,1,1
2023,48,131,1262.2149837133552,1577.7687296416939,3,3
2023,48,133,834.9209906981956,1731.4804437969292,3,3
2023,48,135,1089.49817594342,1119.1581867261027,1,1
2023,48,137,718.3908045977012,2514.367816091954,1,1
2023,48,139,796.3352514152751,1851.7099291201648,2,2
2023,48,141,1450.463190095524,2504.7473377391707,1,1
2023,48,143,795.4860789936176,1183.9792803625937,2,2
2023,48,145,492.2932661313954,515.7358026138428,3,3
2023,48,147,336.9452503479907,582.8800924447503,3,3
2023,48,149,577.0084332001775,1363.8381148367832,3,3
2023,48,151,546.2988254575253,1010.6528270964218,1,1
2023,48,153,831.129580657348,1700.0377786173026,1,1
2023,48,155,0,0,3,3
2023,48,157,1771.6738979908791,3965.9666054644786,2,2
2023,48,159,673.1805893178673,857.7085384151208,1,1
2023,48,161,686.4180083783374,1261.7978095190026,1,1
2023,48,163,904.6006992618902,1914.6456518119762,1,1
2023,48,165,556.9758948137327,1027.209642074507,3,3
2023,48,167,1289.6491352463531,1755.04723851578,2,2
2023,48,169,680.7727690892365,643.9742410303588,1,1
2023,48,171,426.43923240938165,790.3830600691126,1,1
2023,48,173,93.45794392523365,6074.7663551401865,1,1
2023,48,175,605.9751972942503,1606.5388951521982,1,1
2023,48,177,1269.9858328273629,2130.1356000809556,3,3
2023,48,179,1433.912261606171,2678.5291751455206,3,3
2023,48,181,997.1788634100038,1383.7636413367968,2,2
2023,48,183,1056.7622739415458,2324.18952017482,2,2
2023,48,185,1148.593055784104,1747.5728155339807,1,1
2023,48,187,822.9224957301047,1624.5938193567063,2,2
2023,48,189,792.7892234633343,2237.3083230117118,2,2
2023,48,191,212.23912274495933,672.0905553590378,1,1
2023,48,193,625,757.2115384615385,3,3
2023,48,195,19.297568506368197,154.38054805094558,3,3
2023,48,197,481.7228676678946,481.7228676678946,3,3
2023,48,199,649.441585267654,1039.8067429891819,2,2
2023,48,201,1836.0321833224293,4725.948454239544,2,2
2023,48,203,1450.8951699599088,3378.9519305256104,1,1
2023,48,205,1019.4117993510312,1444.7948421474218,1,1
2023,48,207,501.6431857214704,853.6985982255438,1,1
2023,48,209,1727.7374684627225,4106.409721134109,1,1
2023,48,211,332.22591362126246,634.2494714587738,1,1
2023,48,213,798.1546597029104,1742.3915679432803,3,3
2023,48,215,1594.0135381038708,2789.6939680175633,2,2
2023,48,217,1025.5291293912285,1884.682522365263,3,3
2023,48,219,661.8503845257516,1608.0167793055232,3,3
2023,48,221,844.263061154553,1595.0652668307423,3,3
2023,48,223,348.0495836791518,599.716205724077,3,3
2023,48,225,612.4671082478903,1624.1720352055167,3,3
2023,48,227,2985.480121954901,3740.1515380203464,1,1
2023,48,229,180.12608826178325,300.2101471029721,1,1
2023,48,231,957.9560417095469,1589.6658360633542,3,3
2023,48,233,1293.293489443002,2155.48914907167,3,3
2023,48,235,768.1564245810056,1187.1508379888269,1,1
2023,48,237,684.2166299431752,568.2477096138234,1,1
2023,48,239,616.6699820966779,875.27352297593,3,3
2023,48,241,640.1072941750236,1706.9527844667296,3,3
2023,48,243,689.6551724137931,1264.367816091954,1,1
2023,48,245,2292.0613315230325,3191.2751822989567,2,2
2023,48,247,854.7008547008547,1000.6253908692933,1,1
2023,48,249,2053.366955716234,2876.7722512415407,3,3
2023,48,251,667.014661507404,1093.6204215912505,3,3
2023,48,253,1875.5587907760819,2742.623890671097,2,2
2023,48,255,533.0993994196639,1309.1301707267696,1,1
2023,48,257,992.4833824180943,2180.041334716557,3,3
2023,48,259,459.01306664853996,1172.698028998528,3,3
2023,48,261,NA,NA,NA,NA
2023,48,263,NA,NA,NA,NA
2023,48,265,855.8101042019337,1235.7521724410337,3,3
2023,48,267,551.0907003444316,436.2801377726751,1,1
2023,48,269,NA,NA,NA,NA
2023,48,271,127.38853503184713,286.624203821656,1,1
2023,48,273,1439.811942929903,3095.1059453459143,3,3
2023,48,275,301.02347983142687,662.2516556291391,1,1
2023,48,277,1745.3045358084926,2314.511810555126,1,1
2023,48,279,781.7942565214026,1431.9993807570245,3,3
2023,48,281,1842.01410285925,2892.876415184862,3,3
2023,48,283,129.5709761013533,201.55485171321624,1,1
2023,48,285,589.3550206463752,875.8850929346582,1,1
2023,48,287,884.1085707849984,1379.659871607163,3,3
2023,48,289,417.00379660173024,1425.2816331611377,3,3
2023,48,291,787.4024149615271,1795.4816408761756,2,2
2023,48,293,1208.0234392607617,1803.020058598152,3,3
2023,48,295,202.42914979757086,472.33468286099867,1,1
2023,48,297,961.2023767913317,1214.6102761272282,1,1
2023,48,299,880.1741013609762,1249.7054430518078,3,3
2023,48,301,NA,NA,NA,NA
2023,48,303,2296.1193705395744,5099.444490907951,2,2
2023,48,305,723.4868537144874,758.7788953590965,3,3
2023,48,307,1057.5016523463316,1308.6582947785855,1,1
2023,48,309,1359.7744224384498,2774.679436631145,2,2
2023,48,311,160.51364365971108,481.5409309791332,1,1
2023,48,313,419.92043612789155,1326.0645351407102,3,3
2023,48,315,373.7929602325823,1349.8079119509916,3,3
2023,48,317,2058.6088815064936,6945.140405855396,1,1
2023,48,319,126.55024044545685,227.7904328018223,1,1
2023,48,321,1667.8612780503943,3368.8041021117056,3,3
2023,48,323,1118.2274536956897,3030.9849402804225,1,1
2023,48,325,2070.129654114306,6886.1902556573905,2,2
2023,48,327,101.83299389002036,50.91649694501018,1,1
2023,48,329,2518.5475827232076,3613.6328815515,2,2
2023,48,331,522.3998733576065,890.4543295868292,3,3
2023,48,333,622.3605245610136,622.3605245610136,1,1
2023,48,335,311.49182333963734,1301.5908332406275,3,3
2023,48,337,451.4782270984028,1228.2149618913538,3,3
2023,48,339,1910.1225960648612,4380.083768820311,2,2
2023,48,341,1346.8964867665065,2778.5626824903457,1,1
2023,48,343,634.1248705426157,1439.6487836480326,3,3
2023,48,345,78.92659826361484,2446.72454617206,1,1
2023,48,347,1194.2000400634854,1762.7933494614542,1,1
2023,48,349,1047.7342514190007,2530.9388666604636,2,2
2023,48,351,188.63282211104732,483.88419585007784,1,1
2023,48,353,1661.5173360796432,1551.6649502231376,1,1
2023,48,355,2681.4038158065737,4734.514111404669,2,2
2023,48,357,751.1165245635403,1086.0738936256598,1,1
2023,48,359,238.4358607534573,476.8717215069146,1,1
2023,48,361,1171.346317159915,1934.4036742106434,1,1
2023,48,363,416.1255527605169,1007.8613596331611,3,3
2023,48,365,1088.6700102170305,1490.465047940258,2,2
2023,48,367,1249.4497686531024,3190.0656859595656,2,2
2023,48,369,266.61197703035276,563.9868744872847,1,1
2023,48,371,760.8623106187011,747.5138490288995,3,3
2023,48,373,1305.52336809579,2110.853611432986,1,1
2023,48,375,2068.391907451554,3901.4117688467513,1,1
2023,48,377,231.673010094324,66.19228859837828,3,3
2023,48,379,391.84326269492203,343.86245501799283,1,1
2023,48,381,2160.4632992766965,3976.3458057342104,2,2
2023,48,383,889.8435102792267,1442.1601718318502,1,1
2023,48,385,496.27791563275434,1807.8695498050336,1,1
2023,48,387,361.41468032011016,688.4089148954479,3,3
2023,48,389,945.6085936908994,2042.5145623723429,3,3
2023,48,391,851.6360376512774,1613.6261766024204,1,1
2023,48,393,382.1656050955414,0,1,1
2023,48,395,854.2980027101868,1337.4182525187061,1,1
2023,48,397,1113.49764943598,2958.7550790830496,2,2
2023,48,399,485.82995951417007,1032.3886639676114,1,1
2023,48,401,1195.741564913724,2146.592846626812,1,1
2023,48,403,270.0540108021604,680.136027205441,3,3
2023,48,405,519.7109899860566,899.9873241221954,3,3
2023,48,407,332.3446378158167,793.3388128506593,1,1
2023,48,409,790.5520446193101,1519.2153095193878,2,2
2023,48,411,189.58979662185453,293.0024129610479,3,3
2023,48,413,453.4212695795548,288.5408079142622,1,1
2023,48,415,889.797390729273,1641.3154572235917,1,1
2023,48,417,347.112653834017,220.8898706216472,3,3
2023,48,419,829.6001327360212,1215.364194458271,3,3
2023,48,421,164.33853738701725,123.25390304026294,3,3
2023,48,423,1104.741006588772,2293.28748926599,2,2
2023,48,425,651.9453207150368,977.9179810725551,3,3
2023,48,427,800.8023218708688,1322.0076281359693,1,1
2023,48,429,937.702090967881,1767.622332399224,1,1
2023,48,431,287.97696184305255,647.9481641468683,1,1
2023,48,433,80.38585209003216,80.38585209003216,1,1
2023,48,435,272.2323049001815,241.98427102238355,1,1
2023,48,437,1117.31843575419,2220.312276178198,3,3
2023,48,439,1079.8487147877408,2875.8575809979243,2,2
2023,48,441,1659.1338169177968,2343.2427141921394,1,1
2023,48,443,NA,NA,NA,NA
2023,48,445,1162.4925207282672,1846.3116505684245,1,1
2023,48,447,440.5286343612335,440.5286343612335,1,1
2023,48,449,1275.4123513617185,2048.9707198567958,3,3
2023,48,451,1707.733797886062,3705.2546943834905,2,2
2023,48,453,1240.5795813287973,3243.993559977511,2,2
2023,48,455,592.057761732852,1148.014440433213,3,3
2023,48,457,238.99621589324838,896.2358095996813,3,3
2023,48,459,662.4129669353612,1282.9557394725161,1,1
2023,48,461,495.8165478772854,743.7248218159281,1,1
2023,48,463,1366.3845223700123,2692.462716646514,1,1
2023,48,465,1498.520368543665,2375.8054022288916,1,1
2023,48,467,432.13802325391777,903.4130750289452,2,2
2023,48,469,1493.19135417009,2785.9028713532934,1,1
2023,48,471,1152.097276860982,2139.4267613549277,1,1
2023,48,473,884.0951915929387,2148.9915153647576,1,1
2023,48,475,1323.8560639715681,3074.1892492225675,1,1
2023,48,477,1070.3617656820445,1775.6388981081977,1,1
2023,48,479,1405.8887465403707,2149.1721167888663,2,2
2023,48,481,1253.2712299824734,2938.7049530623517,3,3
2023,48,483,591.5952672378621,897.592819257446,3,3
2023,48,485,1865.9218288714935,3162.51757981382,2,2
2023,48,487,1329.452485840151,1903.7130270610446,1,1
2023,48,489,1691.5619744781877,2448.3133841131666,3,3
2023,48,491,1294.2691408866694,3329.716983729755,2,2
2023,48,493,655.0264529405486,1679.2650212038886,1,1
2023,48,495,795.7559681697613,1299.73474801061,3,3
2023,48,497,778.0649262704017,1564.4218410978592,1,1
2023,48,499,724.9705783658915,917.1517064866599,2,2
2023,48,501,737.9101330873633,1133.2191329555938,1,1
2023,48,503,562.2668819239548,729.2768468518622,3,3
2023,48,505,418.6214363045832,721.7610970768676,1,1
2023,48,507,965.1699538396978,1143.5165757448594,1,1
2023,49,001,515.8951477969882,1213.0507529280535,3,3
2023,49,003,847.2164085391377,1627.4591879447469,1,1
2023,49,005,781.5749720866081,1673.3439878567624,2,2
2023,49,007,1085.7869509928591,2083.5371221754867,2,2
2023,49,009,NA,NA,NA,NA
2023,49,011,719.0340893598224,1922.059649562908,1,1
2023,49,013,1429.8615291992776,3321.2923941400763,3,3
2023,49,015,963.0818619582664,772.4719101123595,1,1
2023,49,017,638.2978723404254,1257.2533849129593,3,3
2023,49,019,1918.1190058781067,2825.616169949469,1,1
2023,49,021,1111.2772213086162,2406.93676184781,1,1
2023,49,023,511.8270755117842,956.3149167692442,3,3
2023,49,025,912.9564782391195,1313.1565782891446,1,1
2023,49,027,1160.93785567949,1805.9033310569846,3,3
2023,49,029,190.70321811680571,452.9201430274136,3,3
2023,49,031,175.95307917888562,117.30205278592375,1,1
2023,49,033,NA,NA,NA,NA
2023,49,035,1365.654885497113,4505.37365403474,2,2
2023,49,037,732.7526614129683,428.5911793170193,3,3
2023,49,039,445.0683008661714,910.6782156184738,3,3
2023,49,041,1423.0804429395077,2109.4536469296236,1,1
2023,49,043,620.6292205278256,1517.4417530882881,3,3
2023,49,045,1232.9088821626135,2593.674981734683,3,3
2023,49,047,822.8646661912337,1237.039881507488,2,2
2023,49,049,659.4902236287811,1923.5725857297293,2,2
2023,49,051,753.8412259963442,1750.770223619088,3,3
2023,49,053,959.2945155325638,2471.1974587387463,2,2
2023,49,055,NA,NA,NA,NA
2023,49,057,1210.0697640345177,2671.094698008513,2,2
2023,50,001,173.3472011094221,589.3804837720352,1,1
2023,50,003,640.5445969125215,1892.1526586620926,3,3
2023,50,005,381.26540673788,1518.4880854560395,1,1
2023,50,007,531.3005313005312,4717.14317868164,1,1
2023,50,009,117.21366376423309,50.234427327528465,3,3
2023,50,011,478.37392564362136,1691.180849163342,3,3
2023,50,013,229.9472473961856,365.21033409982414,1,1
2023,50,015,318.7893685666001,1520.97096328161,1,1
2023,50,017,30.411569912820166,148.67878624045414,1,1
2023,50,019,283.71890004364906,778.4082642223193,1,1
2023,50,021,405.065802526288,2223.7285893790095,3,3
2023,50,023,627.1056406150973,2119.8172053770973,3,3
2023,50,025,429.0723760155076,2358.8090519025113,2,2
2023,50,027,355.36847916091637,1002.2771184101574,2,2
2023,51,001,1149.2528356238372,1812.3987277200986,2,2
2023,51,003,913.9449170060607,2985.494752953388,3,3
2023,51,005,761.9302232321882,1189.6805239941184,3,3
2023,51,007,831.9592265027732,1514.0158896717135,1,1
2023,51,009,758.3240401465669,1672.773617970368,3,3
2023,51,011,651.4856307842183,955.9181685338528,3,3
2023,51,013,857.459558401957,3894.454755099527,1,1
2023,51,015,618.9440634128138,1595.614633330331,1,1
2023,51,017,242.5418384671356,533.5920446276982,1,1
2023,51,019,834.8493533032622,1246.0438109003912,1,1
2023,51,021,257.6074706166479,1062.6308162936725,1,1
2023,51,023,953.5055350553505,1526.19926199262,3,3
2023,51,025,378.1194857574994,1046.1305772624148,1,1
2023,51,027,881.3013043259303,1742.4585788386967,1,1
2023,51,029,360.64798391864724,1359.8202672342438,1,1
2023,51,031,936.8569262428246,1718.473591104372,1,1
2023,51,033,1138.2010716210646,1521.828730858248,1,1
2023,51,035,428.69881336168464,1207.215858426504,1,1
2023,51,036,448.69877355668564,1166.6168112473827,1,1
2023,51,037,810.4575163398694,1159.041394335512,1,1
2023,51,041,1322.354080891257,3309.652592771992,3,3
2023,51,043,544.4887118193891,1115.5378486055777,1,1
2023,51,045,737.5537799631223,1085.843064945708,1,1
2023,51,047,1084.7039934282993,1777.3463024849243,1,1
2023,51,049,899.0196437155158,1351.2498114425346,1,1
2023,51,051,474.13793103448273,1336.2068965517242,1,1
2023,51,053,744.2224833529182,1748.388704910444,3,3
2023,51,057,1037.344398340249,1886.0807242549981,1,1
2023,51,059,825.182572954912,2573.409269236348,2,2
2023,51,061,672.2120781767769,1100.9670656657875,1,1
2023,51,063,469.1516709511568,893.3161953727507,3,3
2023,51,065,716.7555107333237,1239.0145512174038,1,1
2023,51,067,847.9202299938135,1788.6385967466063,3,3
2023,51,069,987.6278721011194,1599.2715976648278,3,3
2023,51,071,451.53521974714033,1408.7898856110778,2,2
2023,51,073,1333.2313653512797,1812.480881003365,1,1
2023,51,075,511.4590247140124,1518.7600046851207,1,1
2023,51,077,652.6137179403511,1279.1228871630883,3,3
2023,51,079,1040.767386091127,1458.0335731414868,1,1
2023,51,081,380.39631988676575,1344.6567586694975,1,1
2023,51,083,754.192422584366,1620.7743042205198,1,1
2023,51,085,1100.7415899401713,2177.300899222584,1,1
2023,51,087,772.6487139465485,3536.7217447986745,3,3
2023,51,089,853.7674972699294,2092.7231212151296,1,1
2023,51,091,529.8013245033112,1412.80353200883,1,1
2023,51,093,798.600547611804,1645.3706520636852,1,1
2023,51,095,1003.1731754241312,1773.979961522125,3,3
2023,51,097,689.035350509287,883.7627321749551,1,1
2023,51,099,1161.3513907091888,1787.5345856997235,1,1
2023,51,101,855.6384379113647,1009.2145677928917,1,1
2023,51,103,809.1189981560271,1626.948418332001,3,3
2023,51,105,558.0255875147446,1660.4663823609474,1,1
2023,51,107,681.1338337836762,1660.5710378803135,1,1
2023,51,109,628.011893776274,1596.9445298882397,3,3
2023,51,111,575.4795663052544,558.7989991659717,1,1
2023,51,113,1012.1312181465796,1299.2606417342618,1,1
2023,51,115,410.9428202418692,1221.0872372901256,1,1
2023,51,117,660.5106634681739,1800.7952416943249,1,1
2023,51,119,686.8386857248933,1085.9476517542232,3,3
2023,51,121,999.4049960164987,2933.6721830595307,1,1
2023,51,125,1123.3673952764432,1996.3456723286188,1,1
2023,51,127,853.3907784083849,1599.072041095323,1,1
2023,51,131,709.8638052001651,1337.1853074700784,3,3
2023,51,133,686.8036223463012,1589.1856849169349,1,1
2023,51,135,1083.5417067384753,2058.0880938642044,3,3
2023,51,137,792.8402494087293,1341.109438830359,1,1
2023,51,139,509.4736842105263,1844.2105263157896,1,1
2023,51,141,721.3449960240828,2311.711916392139,1,1
2023,51,143,724.8786327059919,1098.955908758396,1,1
2023,51,145,930.0379738688292,1312.994786638347,1,1
2023,51,147,717.6296540211699,1378.4456769785018,1,1
2023,51,149,1147.575397103072,2148.205164089287,3,3
2023,51,153,1024.9161722981687,2314.5731235491357,3,3
2023,51,155,1643.4218708359242,3843.534393414468,1,1
2023,51,157,701.8491024429748,904.3055743015251,1,1
2023,51,159,364.76179949154414,453.1889023985851,1,1
2023,51,161,1103.38557540318,2262.5603091132625,3,3
2023,51,163,655.5053591992205,1714.0579325006643,3,3
2023,51,165,441.35522014656766,1171.8335123142826,2,2
2023,51,167,992.1674802730886,1568.6180385567495,1,1
2023,51,169,944.0104166666666,2315.848214285714,1,1
2023,51,171,999.3278064082456,1949.3614160878335,2,2
2023,51,173,734.8902465972463,1538.6591734415067,1,1
2023,51,175,1017.3448965977319,1979.0971758950411,3,3
2023,51,177,859.0730907170063,1135.7001862715117,1,1
2023,51,179,1195.4896586095192,2172.9379516571144,1,1
2023,51,181,442.6129426129426,1037.8510378510377,1,1
2023,51,183,833.8738070971926,2084.684517742982,3,3
2023,51,185,1076.8036461072297,2702.025893371397,2,2
2023,51,187,1004.7683923705721,1926.8197742312184,1,1
2023,51,191,774.5492191942661,2512.9146653633265,2,2
2023,51,193,942.0328641010543,1718.1394850934003,1,1
2023,51,195,1143.8348208133727,1936.5879189855775,2,2
2023,51,197,453.59509550302994,2087.246181650661,3,3
2023,51,199,1041.223969400765,2605.1848703782407,1,1
2023,51,510,1331.096767609766,4039.212184605965,1,1
2023,51,520,3418.7030075187968,6578.9473684210525,1,1
2023,51,530,937.6890502117362,574.7126436781609,1,1
2023,51,540,1620.04229989316,5215.533218498572,1,1
2023,51,550,1619.3316424649515,3653.1516645232186,1,1
2023,51,570,1482.7018121911037,6699.615595826469,1,1
2023,51,580,1445.9530946922941,2398.1661082701467,1,1
2023,51,590,2412.4624162503846,4895.949241222567,1,1
2023,51,595,2645.126930587609,5183.738682762293,1,1
2023,51,600,1127.5430999264647,4236.457226897623,1,1
2023,51,610,561.9132460768863,3021.9968478037417,1,1
2023,51,620,3251.339503166099,7574.281539210911,1,1
2023,51,630,3026.459500405172,6338.301095726315,1,1
2023,51,640,2508.211406389967,6613.9146013735435,1,1
2023,51,650,1713.3411973728282,4882.2578531172185,3,3
2023,51,660,1050.6486444496231,3577.254719179678,1,1
2023,51,670,2061.5411436541144,2937.587168758717,1,1
2023,51,678,539.0835579514825,1428.5714285714284,1,1
2023,51,680,1835.8463188442372,3116.522616869598,1,1
2023,51,683,1635.656371561138,3599.3813563293807,1,1
2023,51,685,1252.7329669680316,1908.6450392956333,1,1
2023,51,690,1310.3651354534745,2760.6007067137807,1,1
2023,51,700,2288.741922564863,4486.020760496607,1,1
2023,51,710,2050.7409471700203,5520.407425213903,2,2
2023,51,720,1546.9613259668508,11022.099447513812,1,1
2023,51,730,1819.271691892702,5014.236475348419,3,3
2023,51,735,1154.8263778273335,1895.508123606244,1,1
2023,51,740,2213.7945919279746,6970.266909217978,2,2
2023,51,750,1357.1644956073917,3192.9718267191756,1,1
2023,51,760,1479.8216129528328,6535.292954590391,1,1
2023,51,770,2839.567477730373,6075.377240897068,1,1
2023,51,775,1000.9027750520077,3041.959414373749,1,1
2023,51,790,1280.807296720357,3217.543178730836,1,1
2023,51,800,1834.6820091475404,3229.5784267058507,1,1
2023,51,810,1070.0861582353532,2815.567117221583,1,1
2023,51,820,1001.1517675201559,3495.1714361655,1,1
2023,51,830,1259.3163711128243,4015.6772038036497,1,1
2023,51,840,1769.0575747828882,3999.142275115257,1,1
2023,53,001,1382.3102948284195,4103.431609473175,1,1
2023,53,003,1123.7959329290047,3126.1148769175884,3,3
2023,53,005,1324.3016972372327,4365.819316538549,2,2
2023,53,007,856.4098694635177,2454.790110415252,2,2
2023,53,009,903.4320106195147,2117.459049141031,2,2
2023,53,011,1308.7232451561324,4442.260256965049,1,1
2023,53,013,850.850850850851,1501.5015015015015,3,3
2023,53,015,1051.4335234839107,3029.9273138115946,1,1
2023,53,017,618.8062006140668,1888.114355563319,2,2
2023,53,019,409.5004095004095,273.000273000273,3,3
2023,53,021,1000.2457103075475,3266.923297432327,1,1
2023,53,023,1590.7136715391232,1504.7291487532245,3,3
2023,53,025,1039.5507229059626,3533.8750149360735,2,2
2023,53,027,1170.2030184431326,2466.0654214170713,2,2
2023,53,029,493.3888203626638,1420.2220249691632,3,3
2023,53,031,684.4174946717498,1900.1590970492002,1,1
2023,53,033,1031.0301204971302,5736.160154571512,2,2
2023,53,035,1043.0940664760053,2947.780216283837,1,1
2023,53,037,699.6602288984263,3209.942775393419,3,3
2023,53,039,233.9485313231089,870.8084221471277,3,3
2023,53,041,978.2543938039915,2725.052129877867,3,3
2023,53,043,621.062904799929,1437.3170082512643,3,3
2023,53,045,671.9627284673277,2227.9297574961174,1,1
2023,53,047,472.7230951985475,850.8816633143205,3,3
2023,53,049,244.21052631578948,488.42105263157896,1,1
2023,53,051,1535.008326696112,4134.385634639056,3,3
2023,53,053,1139.2266367751956,6158.440977588462,2,2
2023,53,055,339.42844629366033,1078.5065148363078,1,1
2023,53,057,739.2241214045258,3247.5250561702974,2,2
2023,53,059,415.44477028347995,887.9113717823395,3,3
2023,53,061,709.5309310701018,3533.302170655971,2,2
2023,53,063,1523.5439252061735,6621.436169333282,2,2
2023,53,065,659.3638087212977,1074.3627554244786,3,3
2023,53,067,831.6477885652642,3422.667206040993,2,2
2023,53,069,765.3619068445222,1093.3741526350318,1,1
2023,53,071,716.5630736530225,3130.3339666999454,2,2
2023,53,073,848.8302864747495,4557.154864467325,1,1
2023,53,075,648.3567875515497,2172.526678287488,3,3
2023,53,077,1146.8989302624657,3324.5649928879016,2,2
2023,54,001,336.4824640869678,297.65756438462535,3,3
2023,54,003,514.4057385170214,603.1783775214996,2,2
2023,54,005,98.53603603603602,225.22522522522522,3,3
2023,54,007,40.50222762251924,40.50222762251924,3,3
2023,54,009,596.8349138417709,324.3531004443526,2,2
2023,54,011,958.9080480381107,2906.223263776274,2,2
2023,54,013,NA,NA,NA,NA
2023,54,015,NA,NA,NA,NA
2023,54,017,411.99948500064374,888.3738895326381,3,3
2023,54,019,520.1690549428564,1007.8275439517844,3,3
2023,54,021,NA,NA,NA,NA
2023,54,023,136.71162960262487,82.02697776157491,3,3
2023,54,025,199.3071662140512,322.1336667403883,3,3
2023,54,027,197.0865467009426,368.4661525278492,3,3
2023,54,029,301.41669499083764,193.55995100497913,2,2
2023,54,031,330.1489182354594,414.4422590615341,3,3
2023,54,033,689.5286437231489,1869.8304462825079,3,3
2023,54,035,237.81212841854932,327.8924800922423,2,2
2023,54,037,380.8970723875243,845.4890171830697,3,3
2023,54,039,1501.475422081669,3416.869651246783,2,2
2023,54,041,481.91337458353166,386.72060923369827,3,3
2023,54,043,14.87357461576599,44.62072384729797,3,3
2023,54,045,320.49267894174574,169.6725947338654,3,3
2023,54,047,244.3925487427361,179.22120241133982,3,3
2023,54,049,792.2629456479068,1373.9695228578566,3,3
2023,54,051,1298.8017530477373,2104.2139957927143,2,2
2023,54,053,273.65749186959624,666.2965019433648,3,3
2023,54,055,695.8789069113813,848.2611493007348,3,3
2023,54,057,434.5888121239135,560.8795780402645,3,3
2023,54,059,217.58997345402324,230.64537186126464,3,3
2023,54,061,535.1107773188135,1572.47465264739,2,2
2023,54,063,176.1992864119905,215.31285393034338,3,3
2023,54,065,265.4816182836036,484.79252034397183,3,3
2023,54,067,560.4188824347541,445.8807166816657,3,3
2023,54,069,884.6029491796659,1443.8272365588323,2,2
2023,54,071,NA,NA,NA,NA
2023,54,073,66.03275224511358,66.03275224511358,3,3
2023,54,075,127.3074474856779,165.4996817313813,3,3
2023,54,077,111.09811717927728,172.494445094141,3,3
2023,54,079,241.74817005922665,594.2473692074379,3,3
2023,54,081,1142.9967692015312,3320.392039746966,2,2
2023,54,083,269.95896623713196,676.6971420344107,3,3
2023,54,085,286.6698518872432,322.5035833731486,3,3
2023,54,087,107.75087996551972,1012.8582716758855,3,3
2023,54,089,202.82261472154144,371.841460322826,3,3
2023,54,091,175.30073142718976,308.2874931995406,3,3
2023,54,093,0,0,3,3
2023,54,095,NA,NA,NA,NA
2023,54,097,332.5195723545753,534.5567808738109,3,3
2023,54,099,694.4225444969682,2011.7764426638682,2,2
2023,54,101,24.23361201987156,72.70083605961469,3,3
2023,54,103,407.5036886109745,428.5814656080938,3,3
2023,54,105,116.93626973299553,370.2981874878191,3,3
2023,54,107,763.4589461880734,2759.188347707834,2,2
2023,54,109,248.23372159633377,295.97097574947486,3,3
2023,55,001,618.609566481026,1304.3402354040472,1,1
2023,55,003,429.9065420560748,2211.8380062305296,3,3
2023,55,005,412.9137160094992,875.0347660512183,2,2
2023,55,007,195.00304692260815,170.62766605728214,3,3
2023,55,009,642.7523672141169,2145.6048582816493,2,2
2023,55,011,307.3232891087625,442.24570871748745,3,3
2023,55,013,913.9238994086375,2120.542380980826,2,2
2023,55,015,458.813882111551,1270.7777279549011,1,1
2023,55,017,1028.0020694696389,2075.407613405772,1,1
2023,55,019,413.7891864827038,682.7342539804777,3,3
2023,55,021,421.926530710092,988.7240336402864,3,3
2023,55,023,827.9382470119522,2197.46015936255,1,1
2023,55,025,699.569913086415,2643.0199517301776,2,2
2023,55,027,580.361745061398,1316.7979393388807,2,2
2023,55,029,323.6566597311668,786.0233164899765,3,3
2023,55,031,737.6066248840419,2321.4245310767697,1,1
2023,55,033,418.97285496923854,1422.3025866060993,2,2
2023,55,035,656.5478962042998,1763.9395145874607,1,1
2023,55,037,346.54537578514186,281.56811782542775,1,1
2023,55,039,567.9555279682932,1685.9216500072189,2,2
2023,55,041,NA,NA,NA,NA
2023,55,043,841.6183421841778,1416.2383303534518,1,1
2023,55,045,626.1619678392751,1116.9946511780256,2,2
2023,55,047,298.5596581783388,604.336521456013,1,1
2023,55,049,264.48403720773075,393.74937713159756,3,3
2023,55,051,340.6878650227125,859.8312783906555,1,1
2023,55,053,748.652901626055,848.791187830814,3,3
2023,55,055,493.78916704206665,1233.8117732056048,1,1
2023,55,057,741.2086627394166,1279.7081143148143,3,3
2023,55,059,929.9934805491756,1853.1790791579874,2,2
2023,55,061,480.0931089665875,887.4448377867222,1,1
2023,55,063,641.1002644226771,2673.3298963928755,1,1
2023,55,065,524.4021764278904,698.5823450198992,3,3
2023,55,067,441.6371386021671,1155.4460021568325,1,1
2023,55,069,1126.641551948738,2151.181213252121,1,1
2023,55,071,509.488049704905,1185.2189626507504,2,2
2023,55,073,711.3097840805091,1629.9959895587103,2,2
2023,55,075,496.33712744887487,942.5632949149308,1,1
2023,55,077,311.9826817776646,859.5441232649944,1,1
2023,55,078,46.992481203007515,1033.8345864661653,3,3
2023,55,079,1713.1842832526497,3793.32647205719,2,2
2023,55,081,534.9910112846283,1087.3096666594467,3,3
2023,55,083,447.50692872943625,1006.8905896412317,1,1
2023,55,085,634.0937195779725,1252.4008735232983,1,1
2023,55,087,417.0716214374856,1825.544128407176,2,2
2023,55,089,262.6489851641114,1171.6707806304125,2,2
2023,55,091,81.3890396093326,339.12099837221916,1,1
2023,55,093,271.62538012605944,927.7570390582911,2,2
2023,55,095,412.5576367286606,1063.3838550974033,3,3
2023,55,097,578.3303730017761,1483.48134991119,1,1
2023,55,099,681.9634865383249,1470.4837678482631,1,1
2023,55,101,602.3729226768518,1565.3569542074683,2,2
2023,55,103,226.36252829531605,481.7458935515701,3,3
2023,55,105,865.5911076702924,2510.6994267594796,2,2
2023,55,107,678.6370705499788,593.8074367312314,1,1
2023,55,109,361.70380964027527,1419.6370098697762,2,2
2023,55,111,604.6255967515073,2067.8020704673327,2,2
2023,55,113,1003.1244861042592,2126.8431727237844,1,1
2023,55,115,528.2255126699955,1358.033584213561,2,2
2023,55,117,738.6464939762104,1586.8164336109626,1,1
2023,55,119,580.8131383937513,1176.6473062287203,1,1
2023,55,121,272.8512960436562,409.2769440654843,3,3
2023,55,123,239.3660035581433,333.1715995471454,3,3
2023,55,125,217.85561725758225,619.3934216146946,3,3
2023,55,127,424.56428820066975,1175.3791706455834,2,2
2023,55,129,429.8764105319721,931.3988894859395,3,3
2023,55,131,318.526730004142,1290.4020476276949,3,3
2023,55,133,321.54226106800724,1253.271207706382,2,2
2023,55,135,291.122602480751,343.89595902329404,3,3
2023,55,137,318.2815187060495,1564.232812148332,3,3
2023,55,139,884.6673660989819,2486.889043157645,1,1
2023,55,141,650.8329989913714,1310.7246994585935,1,1
2023,56,001,973.1392358072812,2914.1144963275265,1,1
2023,56,003,NA,NA,NA,NA
2023,56,005,1399.4640350504062,2977.5830532987366,1,1
2023,56,007,13.746649254244277,6.873324627122138,3,3
2023,56,009,893.9603168834946,1737.0448433752454,1,1
2023,56,011,422.4008720534133,545.0333832947268,3,3
2023,56,013,1365.52492906364,1687.2719902715849,3,3
2023,56,015,953.3645825057599,1072.5351553189798,1,1
2023,56,017,346.47033347769593,801.212646167172,3,3
2023,56,019,697.5122064636131,1081.1439200186005,1,1
2023,56,021,1252.7195239467123,3838.626677660663,1,1
2023,56,023,203.39319376922313,525.8458180375037,3,3
2023,56,025,1047.218912648147,3440.145481908823,1,1
2023,56,027,1200.8281573498964,1656.3146997929607,1,1
2023,56,029,514.7962403268126,1355.0765551828356,1,1
2023,56,031,NA,NA,NA,NA
2023,56,033,1336.0772518600602,2010.4479974671522,3,3
2023,56,035,261.18555530320236,352.03270497388144,3,3
2023,56,037,1627.339300244101,2125.113674436414,3,3
2023,56,039,458.0871649970032,603.6475725661444,1,1
2023,56,041,965.7850036398931,1606.4062120844455,3,3
2023,56,043,544.8884276076803,441.10015568240783,1,1
2023,56,045,1024.140453547915,1580.1024140453549,1,1
2024,01,001,1434.8431853599648,2111.6024589033923,1,1
2024,01,003,970.8934405985692,1486.7058856872168,1,1
2024,01,005,1424.3395690459765,2548.3910238201515,2,2
2024,01,007,1323.6575877661178,1781.9770548867596,1,1
2024,01,009,1284.1390643475597,1702.543351286373,2,2
2024,01,011,864.9830980314177,1908.928216345198,1,1
2024,01,013,1497.584541062802,2448.985214675601,3,3
2024,01,015,1902.89278518253,2530.9697126256096,2,2
2024,01,017,1661.2072999532054,3687.99719232569,1,1
2024,01,019,2159.2777569804316,3150.380231995926,1,1
2024,01,021,1544.039634918352,2577.4907983973285,1,1
2024,01,023,702.7463651050081,1179.3214862681746,3,3
2024,01,025,1738.8989930355322,2461.961584527348,2,2
2024,01,027,1472.6606538895153,1324.6899661781285,1,1
2024,01,029,1834.5650200959421,1750.2917152858809,1,1
2024,01,031,1397.666229303179,1907.0287279388497,1,1
2024,01,033,1013.4087070421565,2256.040812105753,2,2
2024,01,035,292.6829268292683,343.7166696757026,1,1
2024,01,037,291.2621359223301,543.6893203883495,3,3
2024,01,039,1714.1490379504623,2043.6908685021792,2,2
2024,01,041,685.8710562414266,1074.5313214449018,3,3
2024,01,043,1487.753605314418,2373.5643463401816,3,3
2024,01,045,3714.906641105592,5413.96438426695,2,2
2024,01,047,2029.4101687557654,2778.2299636442563,3,3
2024,01,049,951.4659955049451,1229.3635688514807,2,2
2024,01,051,1266.0519416310447,2490.716778724624,2,2
2024,01,053,1801.8509923830843,3115.018155013787,2,2
2024,01,055,1433.9978485621612,2196.4248460870813,2,2
2024,01,057,856.6469877966201,1233.6378104449232,1,1
2024,01,059,988.5503347306513,2049.0521178752424,3,3
2024,01,061,2.2217778666488925,0,3,3
2024,01,063,1508.6206896551726,2478.448275862069,3,3
2024,01,065,NA,NA,NA,NA
2024,01,067,1144.6704822349407,2062.6735422451407,1,1
2024,01,069,2177.036982180253,3072.302226431865,2,2
2024,01,071,857.6329331046312,1645.524287033721,3,3
2024,01,073,1383.6531500303686,3932.5836054604592,2,2
2024,01,075,752.2091579639232,1270.722266851676,2,2
2024,01,077,1261.6090994469373,2203.902744443285,2,2
2024,01,079,532.12721212250494,724.3174851233957,3,3
2024,01,081,2048.1824913351866,3121.1694455928377,2,2
2024,01,083,2279.059273128861,3805.2679708341816,2,2
2024,01,085,539.0013220787146,355.9442692972643,3,3
2024,01,087,991.7829296397014,1832.7602646644636,1,1
2024,01,089,1664.254746232631,2670.85084100355,2,2
2024,01,091,1586.1227521086416,1925.6272876770463,3,3
2024,01,093,1260.602832282208,2199.961481518665,2,2
2024,01,095,1052.6627608559388,1622.6074317664338,2,2
2024,01,097,2022.3466395210742,2431.2271262027675,2,2
2024,01,099,742.7274602847123,845.8840519909222,2,2
2024,01,101,1381.4518476697924,3533.02340352332,2,2
2024,01,103,1101.2061253581826,1594.8612741518652,2,2
2024,01,105,112.06574523720583,136.96924417880712,3,3
2024,01,107,646.3329950323167,1004.2198600502111,3,3
2024,01,109,2928.4263497741536,3683.2691666414044,1,1
2024,01,111,2176.810306530431,2936.472678809418,2,2
2024,01,113,919.3364825729323,1378.8912199272834,3,3
2024,01,115,1037.1193802118937,1743.901386777511,1,1
2024,01,117,1005.3833983535432,2839.5274412132217,2,2
2024,01,119,547.2301734298703,976.5953864286918,2,2
2024,01,121,2341.00469596224,3151.8901572325562,2,2
2024,01,123,2150.5908798858095,2929.5973683134903,3,3
2024,01,125,1769.480438090186,2622.208723689079,2,2
2024,01,127,740.231634158043,1792.0903290356644,3,3
2024,01,129,1208.4791652908934,1406.590503863171,1,1
2024,01,131,1140.3853716083368,1602.4380652772318,1,1
2024,01,133,1096.1410711754452,1553.616094598721,2,2
2024,02,013,NA,NA,NA,NA
2024,02,016,267.43075453677176,152.81757402101243,3,3
2024,02,020,25.607662920104094,95.16361220308953,3,3
2024,02,050,3017.2882461672284,1315.6464064368815,1,1
2024,02,060,2069.7167755991286,980.3921568627451,1,1
2024,02,063,NA,NA,NA,NA
2024,02,066,NA,NA,NA,NA
2024,02,068,NA,NA,NA,NA
2024,02,070,465.70702794242163,84.6740050804403,3,3
2024,02,090,633.7733081919129,2139.1158600460926,1,1
2024,02,100,287.6318312559923,527.3250239693192,1,1
2024,02,105,NA,NA,NA,NA
2024,02,110,1346.1659432597346,3569.8559476630808,1,1
2024,02,122,374.09166901163655,675.3513316670253,2,2
2024,02,130,668.2161533991865,1568.855316676351,1,1
2024,02,150,720.3821157309529,861.3264427217916,1,1
2024,02,158,NA,NA,NA,NA
2024,02,164,NA,NA,NA,NA
2024,02,170,169.04450030091692,457.5707154742097,3,3
2024,02,180,1996.7565376038922,628.420839245895,1,1
2024,02,185,1822.3866790009251,1359.8519888991673,1,1
2024,02,188,1384.2225507324285,403.17161671818303,1,1
2024,02,195,733.3528894103843,850.6893517160458,1,1
2024,02,198,279.9650043744532,69.9912510936133,3,3
2024,02,220,967.9732313575527,1123.3269598470365,1,1
2024,02,230,241.15755627009648,321.54340836012864,1,1
2024,02,240,NA,NA,NA,NA
2024,02,275,335.2490421455939,47.89272030651341,1,1
2024,02,282,NA,NA,NA,NA
2024,02,290,NA,NA,NA,NA
2024,04,001,1804.3800982537766,448.41676742014965,3,3
2024,04,003,712.7725658219582,1445.4549798512337,2,2
2024,04,005,1772.2202231018352,3233.0390013009664,2,2
2024,04,007,3288.409703504043,3775.4438144809,3,3
2024,04,009,NA,NA,NA,NA
2024,04,011,NA,NA,NA,NA
2024,04,012,612.0979356697071,1386.2217954872779,3,3
2024,04,013,689.8989188610476,1514.3926997562469,3,3
2024,04,015,1403.5199100296122,3452.7950226059666,2,2
2024,04,017,677.9504681086565,1292.256606558133,3,3
2024,04,019,1286.292185687748,3873.963922337787,2,2
2024,04,021,720.9604664357719,1261.9261077083322,2,2
2024,04,023,192.12688550055185,414.9123165597024,3,3
2024,04,025,982.564771060779,1629.4606485253382,2,2
2024,04,027,865.6802414270264,2180.021819109195,2,2
2024,05,001,2161.671207992734,2887.1472979466394,2,2
2024,05,003,705.4099517065495,1920.8855608009117,3,3
2024,05,005,764.0248072252222,1688.4004999174665,1,1
2024,05,007,1101.721307230634,1998.2863892916043,2,2
2024,05,009,970.1609942839162,1512.926739734648,1,1
2024,05,011,715.1253918495298,1489.0282131661443,3,3
2024,05,013,573.9795918367347,1126.700680272109,1,1
2024,05,015,754.5587927059316,1446.2376860197023,1,1
2024,05,017,860.2150537634409,2560.1638504864313,2,2
2024,05,019,1088.7573964497042,2163.3136094674555,1,1
2024,05,021,721.2885154061626,868.3473389355743,1,1
2024,05,023,1673.7105476982001,2730.20340638904,2,2
2024,05,025,415.9398899771904,711.1230377029384,3,3
2024,05,027,908.3180455501365,2402.792071233612,1,1
2024,05,029,1401.1589246698966,2588.5817421867578,2,2
2024,05,031,2256.090561506062,4225.202871548535,1,1
2024,05,033,1905.4940381753056,2384.7298778193954,3,3
2024,05,035,3014.852113570008,5369.610290695214,2,2
2024,05,037,1517.2580547663665,3064.7403735719035,3,3
2024,05,039,1986.5427747516821,2979.814162127523,1,1
2024,05,041,1882.0693491563136,2883.367328017801,3,3
2024,05,043,756.7757831749384,1554.616918925261,1,1
2024,05,045,1789.1411695959353,2889.4526186383387,2,2
2024,05,047,1154.334526145677,1419.8314671591827,1,1
2024,05,049,1410.3188352210568,1668.5760805270193,3,3
2024,05,051,1254.821420641176,3899.9149949407265,2,2
2024,05,053,1238.8992435040018,1518.473851551365,3,3
2024,05,055,2489.6623018607856,4079.08339076499,2,2
2024,05,057,1809.5140455197868,2865.491080582325,1,1
2024,05,059,412.89933694996984,1407.4743821579266,3,3
2024,05,061,882.1425733132004,1621.2349996026385,3,3
2024,05,063,1349.0799226093984,1852.8590188222772,2,2
2024,05,065,613.8910700264116,492.54050967235344,3,3
2024,05,067,1310.4356151268548,1585.6869315461945,2,2
2024,05,069,2868.7386191784203,5382.839455177483,2,2
2024,05,071,1122.9473522285891,1634.4267969080493,1,1
2024,05,073,700.7822685788788,717.0795306388526,3,3
2024,05,075,474.19632959724106,1028.4517797758344,3,3
2024,05,077,2153.3676277066634,2655.8200741715514,1,1
2024,05,079,664.0926640926641,1474.903474903475,3,3
2024,05,081,1226.6305727095846,1987.9874799086372,3,3
2024,05,083,1508.6713352446302,2166.658833482164,1,1
2024,05,085,1272.7176107981718,2211.9778935062172,2,2
2024,05,087,894.4543828264758,940.6197703271972,3,3
2024,05,089,621.0819596006502,1462.7350824239609,3,3
2024,05,091,3007.5542965061377,4058.0736543909347,1,1
2024,05,093,1781.424116955477,3284.261105147472,3,3
2024,05,095,1487.3273637881316,2519.3504325390804,3,3
2024,05,097,504.6565421706237,394.0259465858166,1,1
2024,05,099,232.87167545042283,1188.871185194264,3,3
2024,05,101,787.4015748031496,857.7052868391451,3,3
2024,05,103,2019.470228661988,4029.8845370160743,3,3
2024,05,105,584.1005841005841,1524.6015246015247,1,1
2024,05,107,2077.6699029126216,3333.3333333333335,3,3
2024,05,109,403.72442855310493,724.6560631588245,3,3
2024,05,111,1787.6946280441823,2488.577385441157,1,1
2024,05,113,686.9479882237488,1141.4699653943496,3,3
2024,05,115,728.1969718232991,1353.4795964510145,2,2
2024,05,117,880.4563492063492,1326.8849206349207,2,2
2024,05,119,3451.026232236343,6846.392533849014,2,2
2024,05,121,1173.1606327635632,2293.237073999363,3,3
2024,05,123,2196.4285714285716,3205.357142857143,1,1
2024,05,125,981.2716844805027,2514.6183558284815,1,1
2024,05,127,815.6219365533698,1902.7953967759213,1,1
2024,05,129,865.250031810663,661.6617890316834,1,1
2024,05,131,2594.9872387183254,4171.622656208282,2,2
2024,05,133,661.9144602851323,1311.0997963340121,1,1
2024,05,135,936.7654106508058,1296.3643737025925,3,3
2024,05,137,970.7192870782941,1670.9102482495225,3,3
2024,05,139,1548.8126649076519,3899.736147757256,3,3
2024,05,141,1423.6301391724692,1506.1675694335154,3,3
2024,05,143,1105.6107960311886,2541.0640353888252,2,2
2024,05,145,1682.982604897351,2721.0359978416714,1,1
2024,05,147,746.7640225688682,1858.6126783936274,1,1
2024,05,149,963.5442535015397,983.4111453263137,2,2
2024,06,001,584.9747161669212,2761.548688581141,3,3
2024,06,003,1732.673267326733,2103.960396039604,1,1
2024,06,005,975.1858646326157,1619.67751279328,3,3
2024,06,007,1761.1780944457003,3067.874130111721,2,2
2024,06,009,1442.224528628265,2289.8287493513235,2,2
2024,06,011,1073.5080058224162,1833.1513828238717,3,3
2024,06,013,869.1755964745429,3078.509062567596,2,2
2024,06,015,970.2290921164275,2342.5683402811082,1,1
2024,06,017,880.8171824231036,1433.0796939718264,2,2
2024,06,019,1241.9287417935036,3326.366519953773,2,2
2024,06,021,565.0312346458903,1091.4578507756019,3,3
2024,06,023,1590.5932020722307,2855.6350852156593,3,3
2024,06,025,749.7142096092163,1170.9082030166146,2,2
2024,06,027,2054.538662682107,2193.2867282138855,3,3
2024,06,029,864.1914597164167,2035.8986968281288,2,2
2024,06,031,1075.0303330767526,2048.9504103119416,2,2
2024,06,033,1923.6412724498182,2035.1567085338654,1,1
2024,06,035,1162.8673079457108,1670.180524443273,3,3
2024,06,037,661.4252476916588,1613.4404399700795,3,3
2024,06,039,1322.8532372312663,2436.3116689449485,3,3
2024,06,041,528.358058526412,1813.7838267388718,2,2
2024,06,043,1586.4652850954221,2048.9404051047886,1,1
2024,06,045,1060.45831301804,1305.3499401622269,3,3
2024,06,047,1574.7705900393178,3623.350712092653,2,2
2024,06,049,1953.4883720930231,1313.953488372093,3,3
2024,06,051,1201.7036811682385,1673.258290234256,1,1
2024,06,053,1087.490545299157,2121.9662121554893,2,2
2024,06,055,1381.3404118070127,2151.7175926269197,2,2
2024,06,057,1057.7570476478566,1541.7492022911565,2,2
2024,06,059,691.5112040482402,2454.340423650113,2,2
2024,06,061,678.0291824523566,1890.4656023055854,2,2
2024,06,063,NA,NA,NA,NA
2024,06,065,429.23424513838455,1316.630355846042,3,3
2024,06,067,1132.5553354253373,2871.821059644694,2,2
2024,06,069,942.1905186506168,1385.0497845147868,3,3
2024,06,071,274.27013013494127,775.566381928211,3,3
2024,06,073,871.1452960890592,2112.702180204538,1,1
2024,06,075,25.053147602787167,88.52915138484887,3,3
2024,06,077,1351.002214881091,3154.5124126150395,2,2
2024,06,079,859.8675214434126,1530.7843938129317,3,3
2024,06,081,765.2827545329633,2600.8298084435705,2,2
2024,06,083,885.7316075465235,1862.515522840832,2,2
2024,06,085,1038.9858925673236,3271.265115951393,3,3
2024,06,087,1104.459358462363,2632.4332077636773,2,2
2024,06,089,1160.7398752177075,2244.8687140369057,2,2
2024,06,091,983.2483612527313,1711.580480699199,3,3
2024,06,093,1079.0042792067363,1299.8665623705886,2,2
2024,06,095,1099.5357564867961,3753.557061236773,2,2
2024,06,097,923.016658419924,1972.0023090879104,2,2
2024,06,099,930.3417029188253,2373.1475297388038,2,2
2024,06,101,1252.3139484305614,2833.385597378031,2,2
2024,06,103,1730.9374376601654,2992.3120597848606,3,3
2024,06,105,1027.7427490542245,1796.9735182849938,3,3
2024,06,107,1549.0094904249697,3026.3655411714817,2,2
2024,06,109,1669.7860471943923,1666.116187750009,1,1
2024,06,111,764.20739155718,2368.8040990173963,2,2
2024,06,113,520.483850492374,2683.5748354219186,2,2
2024,06,115,1308.7673210503272,1775.000887500444,3,3
2024,08,001,1422.414086789344,5248.873470061418,2,2
2024,08,003,1893.7337916892827,5222.845425487004,1,1
2024,08,005,877.4598059324559,3401.2984313638362,2,2
2024,08,007,503.59712230215825,633.0935251798561,1,1
2024,08,009,175.0291715285881,262.54375729288216,3,3
2024,08,011,684.8080735267616,2522.9771129933324,3,3
2024,08,013,766.8860183377745,3474.0646922043566,2,2
2024,08,014,546.498217655693,3251.4678129586914,1,1
2024,08,015,465.8539002874417,728.5162057686589,1,1
2024,08,017,NA,NA,NA,NA
2024,08,019,637.0114446123947,1533.1461887281364,3,3
2024,08,021,106.24169986719787,119.5219123505976,3,3
2024,08,023,NA,NA,NA,NA
2024,08,025,708.3407118824155,779.174783070657,3,3
2024,08,027,323.99466361730515,533.638269487326,3,3
2024,08,029,629.7866953604658,2591.936198493576,1,1
2024,08,031,1815.8878361666877,6563.292468669883,2,2
2024,08,033,534.5394736842105,1315.7894736842104,3,3
2024,08,035,991.5149318125741,3874.181531334262,1,1
2024,08,037,654.5329341115572,1786.3722136976244,2,2
2024,08,039,229.60464949415226,484.3223075267274,3,3
2024,08,041,1059.4899858546241,4436.071605530009,2,2
2024,08,043,427.12656646653505,1226.9815046137728,1,1
2024,08,045,966.7248195393653,2191.136221770515,2,2
2024,08,047,1491.2726656498899,6998.813760379597,3,3
2024,08,049,1012.8971374646115,1610.5693614344132,2,2
2024,08,051,649.6142915144134,2650.6583144829187,1,1
2024,08,053,298.5074626865672,298.5074626865672,1,1
2024,08,055,NA,NA,NA,NA
2024,08,057,145.7725947521866,145.7725947521866,1,1
2024,08,059,982.0430717245091,4659.2266205575,2,2
2024,08,061,145.34883720930233,1308.139534883721,3,3
2024,08,063,669.2296739285206,1423.8929232521714,3,3
2024,08,065,609.7560975609756,1409.2140921409214,1,1
2024,08,067,344.392963022137,662.157604161119,2,2
2024,08,069,767.9812270534037,3515.0384183680576,2,2
2024,08,071,1304.3779920904738,2955.6650246305417,1,1
2024,08,073,288.2882882882883,162.16216216216216,3,3
2024,08,075,909.4390197204672,3202.182653647329,3,3
2024,08,077,1238.9581402387123,3382.0719919798744,2,2
2024,08,079,137.1742112482853,548.6968449931412,3,3
2024,08,081,1113.0461119103506,1961.081244794427,3,3
2024,08,083,1484.1738603665,2495.0779948508252,3,3
2024,08,085,675.6910995959549,2040.7697399958913,3,3
2024,08,087,630.0813008130082,1907.1815718157181,2,2
2024,08,089,884.2312100867857,3935.374706620818,2,2
2024,08,091,275.2113229801455,825.6339689404365,3,3
2024,08,093,111.68816663874462,167.53224995811692,3,3
2024,08,095,177.9359430604982,266.9039145907473,1,1
2024,08,097,471.72956595580155,2508.5880481472755,1,1
2024,08,099,293.8706968933669,1091.51973131822,3,3
2024,08,101,1190.98230945464,5125.888660572994,2,2
2024,08,103,702.9339853300734,993.2762836185819,1,1
2024,08,105,926.5724609931367,3031.7241940271156,1,1
2024,08,107,865.0932865571679,2651.0923297719664,3,3
2024,08,109,259.91993451317603,1075.661154926904,3,3
2024,08,111,414.36464088397787,1104.9723756906076,3,3
2024,08,113,414.1566265060241,1041.6666666666665,3,3
2024,08,115,NA,NA,NA,NA
2024,08,117,1089.7249895218752,3049.940355289035,1,1
2024,08,119,471.2990936555891,954.8130176357762,3,3
2024,08,121,600.2897950734837,1780.169737114469,3,3
2024,08,123,1156.3589722719837,3946.5318297557956,2,2
2024,08,125,220.46297224170758,581.2205631826837,1,1
2024,09,110,638.1933714659926,2603.3214296677547,2,2
2024,09,120,831.8679216057875,2291.509115923938,1,1
2024,09,130,249.68433984370557,1209.1774635711117,1,1
2024,09,140,734.7753363415968,2059.920566016586,2,2
2024,09,150,161.9735858460005,147.4374948085389,3,3
2024,09,160,379.80497456189937,685.4154889768231,1,1
2024,09,170,1085.1773052131273,3756.5851965832335,1,1
2024,09,180,633.6370552664383,1137.6178247032728,2,2
2024,09,190,519.398919739551,1566.0108663931196,1,1
2024,10,001,1022.4932274733317,2686.9520660456633,2,2
2024,10,003,960.2447715284031,2532.202293573725,2,2
2024,10,005,725.6388323400814,1395.4092103518649,2,2
2024,11,001,NA,NA,NA,NA
2024,12,001,1150.9954744791448,2690.4431647822003,2,2
2024,12,003,1248.680970805487,833.626450932114,3,3
2024,12,005,NA,NA,NA,NA
2024,12,007,487.7174107943339,487.7174107943339,3,3
2024,12,009,854.0092923290875,1132.305066531812,3,3
2024,12,011,166.3523219779792,523.9415334052558,3,3
2024,12,013,NA,NA,NA,NA
2024,12,015,551.0683165559225,1026.0414594358015,3,3
2024,12,017,NA,NA,NA,NA
2024,12,019,1008.8582677165354,1277.7699662542182,3,3
2024,12,021,654.7976228435992,1120.7885691617437,3,3
2024,12,023,976.4727186616334,990.4024293415426,3,3
2024,12,027,1452.5518566664782,2048.832871757192,3,3
2024,12,029,35.1741118536757,64.48587173173878,3,3
2024,12,031,1913.8877567675606,3710.295527648358,3,3
2024,12,033,40.80718451904284,112.60328359765958,2,2
2024,12,035,754.1154546311828,1172.1817962076163,3,3
2024,12,037,NA,NA,NA,NA
2024,12,039,NA,NA,NA,NA
2024,12,041,NA,NA,NA,NA
2024,12,043,0,7.959882193743533,3,3
2024,12,045,555.1516753684489,614.6322120150684,3,3
2024,12,047,NA,NA,NA,NA
2024,12,049,NA,NA,NA,NA
2024,12,051,424.70860270869713,481.33641640319007,3,3
2024,12,053,992.6673042923804,1740.4283685476626,3,3
2024,12,055,NA,NA,NA,NA
2024,12,057,946.8408430022564,1199.0165148796782,2,2
2024,12,059,NA,NA,NA,NA
2024,12,061,361.81530646475295,851.2244213351224,3,3
2024,12,063,350.25906735751295,1361.658031088083,3,3
2024,12,065,715.658339407594,848.1876615201113,3,3
2024,12,067,NA,NA,NA,NA
2024,12,069,122.05635903943582,250.89362691439587,3,3
2024,12,071,38.768886073286644,82.79664312812322,3,3
2024,12,073,1988.9629027162553,3611.2548816637654,2,2
2024,12,075,753.4533277521975,837.1703641691083,3,3
2024,12,077,NA,NA,NA,NA
2024,12,079,674.4430316767097,984.0234396594616,3,3
2024,12,081,264.00338435105266,402.116357790319,2,2
2024,12,083,1375.9816835717036,1737.411204815061,2,2
2024,12,085,1142.5858326756118,1971.3151144435674,3,3
2024,12,086,834.9900451219637,2652.6134658897527,3,3
2024,12,087,1050.5741509894942,1618.617151233814,3,3
2024,12,089,520.1361142051319,180.8724797923543,3,3
2024,12,091,214.68243159017356,304.7105480634721,2,2
2024,12,093,200.90160721285773,722.7557820462564,3,3
2024,12,095,73.16889241862934,143.41646415573493,3,3
2024,12,097,490.15593743785314,677.7955850870933,2,2
2024,12,099,376.90555389664667,889.7474648032411,3,3
2024,12,101,NA,NA,NA,NA
2024,12,103,596.6905418996326,1165.046326808728,3,3
2024,12,105,15.429483466423166,33.388390451932096,3,3
2024,12,107,892.7145974136555,1197.3817252940237,3,3
2024,12,109,24.109417659822633,80.79912945454072,3,3
2024,12,111,543.9667128987518,1029.126213592233,2,2
2024,12,113,563.3036398081341,692.2890886371881,3,3
2024,12,115,546.0452520264355,1286.2092590150369,3,3
2024,12,117,NA,NA,NA,NA
2024,12,119,173.63048086578155,184.09014838781658,2,2
2024,12,121,NA,NA,NA,NA
2024,12,123,1218.4346370273915,2436.869274054783,3,3
2024,12,125,NA,NA,NA,NA
2024,12,127,5.664518869928485,7.222261559158819,3,3
2024,12,129,579.3087857122672,1133.184502783508,3,3
2024,12,131,810.1461156387135,1151.3237208853739,3,3
2024,12,133,587.5670805750323,383.8771593090211,3,3
2024,13,001,356.89179689612286,1140.9722597739685,3,3
2024,13,003,479.7888928871297,779.6569509415857,3,3
2024,13,005,639.1214330722837,1926.3660095418131,3,3
2024,13,007,NA,NA,NA,NA
2024,13,009,2027.8630676870905,3872.4164795380602,3,3
2024,13,011,17.365299188316673,20.877760711036878,3,3
2024,13,013,1158.2781264616094,1946.1541608271036,1,1
2024,13,015,518.0660047916685,1801.7380849239255,1,1
2024,13,017,2463.573058692726,4078.647082918837,1,1
2024,13,019,1117.0444638186573,2283.129904097646,2,2
2024,13,021,1834.8682445809754,6483.030821699089,3,3
2024,13,023,1134.3523732904264,2831.858407079646,1,1
2024,13,025,442.2604422604423,977.3409773409774,3,3
2024,13,027,343.70588596329713,1411.6491744921132,3,3
2024,13,029,636.0980461222883,1437.9545407454987,3,3
2024,13,031,977.2262738410556,1794.806671262533,3,3
2024,13,033,645.6885982836126,1463.0159378831222,3,3
2024,13,035,490.6400966183575,954.8611111111112,3,3
2024,13,037,161.4806533755667,304.3289236693373,3,3
2024,13,039,949.622608390381,1723.714235562577,3,3
2024,13,043,1222.4938875305625,1928.8236892148873,3,3
2024,13,045,654.2691142091172,1525.4272496898996,2,2
2024,13,047,619.1587541357303,958.4343241346988,1,1
2024,13,049,70.21376189733188,288.65657668903106,3,3
2024,13,051,165.182681410135,495.8804037503448,2,2
2024,13,053,NA,NA,NA,NA
2024,13,055,651.0624700431379,1753.4749960057518,3,3
2024,13,057,631.600671809616,1229.3973640012525,3,3
2024,13,059,1927.3352930737835,3673.356016943268,2,2
2024,13,061,947.3684210526317,1543.859649122807,3,3
2024,13,063,1062.2650813872144,2166.651266857255,3,3
2024,13,065,221.92632046160676,813.729841692558,1,1
2024,13,067,1118.2335086235655,2115.172903988217,2,2
2024,13,069,855.8839135349621,1504.1410016840844,3,3
2024,13,071,728.2720884288887,2256.0119005975616,3,3
2024,13,073,384.1560264476649,1255.2790671903665,1,1
2024,13,075,290.89664613278575,1146.4750171115675,3,3
2024,13,077,1230.7578092240817,2117.4767411214266,2,2
2024,13,079,507.1574642126789,1349.6932515337423,3,3
2024,13,081,1152.0970186963111,3991.915108640728,3,3
2024,13,083,334.05505722239405,562.9446334673678,3,3
2024,13,085,823.3582435024138,1521.063421731367,3,3
2024,13,087,1585.8879945196095,3401.2673402979963,3,3
2024,13,089,2254.211326952351,6038.900536050925,2,2
2024,13,091,762.4337288563495,1943.9535470840697,3,3
2024,13,093,NA,NA,NA,NA
2024,13,095,1978.5536339675778,2345.6210660601027,2,2
2024,13,097,1348.387423340838,3196.6024295337415,2,2
2024,13,099,1180.0603006452075,2671.5834742682246,3,3
2024,13,101,53.92289026691831,107.84578053383662,1,1
2024,13,103,374.58600292148157,684.0894956828602,3,3
2024,13,105,1078.1399566728803,2075.67131845433,3,3
2024,13,107,516.8070876400591,820.8112568400937,3,3
2024,13,109,604.2576926652413,1162.0340243562332,3,3
2024,13,111,835.2109393209541,1138.2176987025096,3,3
2024,13,113,332.1226399659697,1558.3586924511633,1,1
2024,13,115,2114.4914888708336,3132.617134603232,1,1
2024,13,117,482.25315858983043,864.2395627172291,3,3
2024,13,119,542.5170011005378,1091.1145916485639,3,3
2024,13,121,907.6043918527367,3352.082274743381,2,2
2024,13,123,1187.3188182322826,1486.4614815271696,3,3
2024,13,125,784.4474761255117,1330.150068212824,3,3
2024,13,127,1411.4012194693787,2950.366894098096,3,3
2024,13,129,482.2335025380711,915.3976311336718,3,3
2024,13,131,517.0828864715796,1516.7764669833002,3,3
2024,13,133,507.23556616440396,845.3926102740066,3,3
2024,13,135,1143.631782681519,2223.451611266678,3,3
2024,13,137,227.73197359190144,707.170732485146,3,3
2024,13,139,1148.863761510282,2181.2284019900076,2,2
2024,13,141,161.84971098265896,369.9421965317919,3,3
2024,13,143,572.9413359756285,1596.3227195011987,2,2
2024,13,145,75.73355764279657,240.88085557877028,2,2
2024,13,147,874.2953708500527,1646.6063694268048,3,3
2024,13,149,467.1706446954897,1231.6316996517455,3,3
2024,13,151,1230.1968314930389,2602.016322611618,1,1
2024,13,153,1245.1060933903204,2675.1323065722077,2,2
2024,13,155,743.1340872374798,1798.5998922994077,1,1
2024,13,157,493.49334416211013,1016.5349102090331,3,3
2024,13,159,860.0665452947454,1456.4630548057003,3,3
2024,13,161,556.1511659072635,1353.5245242562314,3,3
2024,13,163,964.7350237924516,1681.7678117463008,3,3
2024,13,165,596.9463896223166,608.4261278842843,3,3
2024,13,167,NA,NA,NA,NA
2024,13,169,348.7601576395913,983.5036445436473,1,1
2024,13,171,30.65760564099944,112.41122068366461,3,3
2024,13,173,410.9186968007044,1291.4587613736423,3,3
2024,13,175,853.4479296357283,1140.6080565484558,3,3
2024,13,177,585.8561827157557,1266.876821507167,3,3
2024,13,179,1467.4243660697064,2400.7003279077703,2,2
2024,13,181,471.0975299210593,509.2946269416858,3,3
2024,13,183,97.96451507565038,146.94677261347556,3,3
2024,13,185,1880.548493310549,4261.242862501563,2,2
2024,13,187,907.1149108824808,1008.5494855817997,3,3
2024,13,189,428.21622617183897,787.3653190901556,3,3
2024,13,191,512.7298444130128,1396.7468175388967,3,3
2024,13,193,101.14632501685773,59.00202292650034,3,3
2024,13,195,1097.437198680538,1344.8363359553414,3,3
2024,13,197,239.71234518577705,612.5982154747636,3,3
2024,13,199,542.9913897395498,1543.00316452623,3,3
2024,13,201,NA,NA,NA,NA
2024,13,205,1443.6318738721625,2507.360623041124,3,3
2024,13,207,97.76159654800432,229.23408845738942,3,3
2024,13,209,1224.8564558347168,2972.022876914181,3,3
2024,13,211,132.8399278868963,782.8067179049245,3,3
2024,13,213,461.0226320201173,273.6551452098023,1,1
2024,13,215,1358.7876943316758,3255.101589997594,2,2
2024,13,217,1514.8296407760818,2937.4052359160332,2,2
2024,13,219,406.42005924089,1618.7917613832058,3,3
2024,13,221,NA,NA,NA,NA
2024,13,223,1249.128542954143,1701.9825721456157,2,2
2024,13,225,1406.4774636703614,3139.5826093253318,2,2
2024,13,227,429.1722697490773,1001.4019627478469,3,3
2024,13,229,1397.1712786195326,3050.5733805958093,3,3
2024,13,231,467.2662412701603,884.288800683314,3,3
2024,13,233,612.5308098348112,1817.9741920749116,2,2
2024,13,235,814.9713250830063,1257.6717979676023,3,3
2024,13,237,625.6836578429228,1422.00831327937,1,1
2024,13,239,NA,NA,NA,NA
2024,13,241,496.7652495378928,1224.5841035120147,3,3
2024,13,243,209.81278244028408,290.5100064557779,3,3
2024,13,245,2139.574608504918,4187.917639237343,3,3
2024,13,247,716.8270694052329,2051.825652543529,3,3
2024,13,249,553.9552404165743,1462.4418346997563,1,1
2024,13,251,92.00283085633404,148.619957537155,3,3
2024,13,253,425.95019659239847,972.0401922236786,1,1
2024,13,255,1257.0400046449515,3212.2742843871565,1,1
2024,13,257,251.73996742188658,1225.3813120094774,3,3
2024,13,259,NA,NA,NA,NA
2024,13,261,1307.5943704621313,3110.6981865730704,3,3
2024,13,263,731.9421879211086,1674.3399887173507,3,3
2024,13,265,NA,NA,NA,NA
2024,13,267,260.2445472571051,677.4619960343688,3,3
2024,13,269,0,12.843565373747753,3,3
2024,13,271,270.47586848110893,490.23751162201,3,3
2024,13,273,350.28248587570624,677.9661016949152,3,3
2024,13,275,1042.0079952814733,2896.65115669441,3,3
2024,13,277,1390.905714186569,2124.0915562232326,3,3
2024,13,279,841.9024508002378,2144.5547318818344,3,3
2024,13,281,201.34747928444202,108.4178734608534,3,3
2024,13,283,595.9849435382686,972.396486825596,1,1
2024,13,285,1932.3190672543722,4042.3716763827665,3,3
2024,13,287,268.4864078756013,839.020024611254,3,3
2024,13,289,538.2545174932718,1345.6362937331794,3,3
2024,13,291,129.25790754257906,482.81630170316305,3,3
2024,13,293,363.90880873381144,1387.8482999750258,1,1
2024,13,295,100.41386330601621,331.8521654015165,3,3
2024,13,297,388.8565966144079,879.7211322757926,2,2
2024,13,299,1041.6484831367636,2286.8667046142837,3,3
2024,13,301,NA,NA,NA,NA
2024,13,303,216.63559877071896,302.2822308428636,3,3
2024,13,305,180.94284144883517,177.71171928010597,3,3
2024,13,307,NA,NA,NA,NA
2024,13,309,463.53101567825496,927.0620313565099,3,3
2024,13,311,229.08712252690037,1027.4210343630684,1,1
2024,13,313,1273.1906021351763,2260.6614027297824,2,2
2024,13,315,170.49329393043874,204.59195271652646,3,3
2024,13,317,921.5624672740602,1916.431039899466,3,3
2024,13,319,NA,NA,NA,NA
2024,13,321,772.5783580265023,1501.1490880641534,3,3
2024,15,001,NA,NA,NA,NA
2024,15,003,874.3979399608048,2262.007739130956,1,1
2024,15,005,NA,NA,NA,NA
2024,15,007,1810.635960450828,2624.4049314399645,1,1
2024,15,009,598.0963032299632,1918.2844847497597,1,1
2024,16,001,821.8755720851359,1537.9575476697466,2,2
2024,16,003,337.2681281618887,2234.401349072513,3,3
2024,16,005,1195.0276119569835,2653.877970800635,2,2
2024,16,007,255.6390977443609,601.5037593984963,1,1
2024,16,009,1124.0386511536187,1449.4182606980871,1,1
2024,16,011,954.4136597938145,1385.3092783505153,3,3
2024,16,013,805.5789347120356,1026.0109815237868,1,1
2024,16,015,386.80043515048953,410.97546234739514,3,3
2024,16,017,605.3007894375992,1140.0810985523713,1,1
2024,16,019,1177.397064614007,1750.2682921180024,2,2
2024,16,021,713.6349832979046,599.7570604312177,1,1
2024,16,023,298.06259314456037,111.77347242921013,3,3
2024,16,025,0,88.9679715302491,1,1
2024,16,027,905.9372383268872,1543.5224689979664,1,1
2024,16,029,97.73806199385646,349.06450712091595,3,3
2024,16,031,498.3714633284935,1004.5912961582231,3,3
2024,16,033,471.1425206124852,1060.070671378092,1,1
2024,16,035,388.37106080781183,732.3568575233022,3,3
2024,16,037,492.17002237136467,536.9127516778523,1,1
2024,16,039,532.0418812455238,866.2733194638655,3,3
2024,16,041,285.6004250797024,704.03825717322,1,1
2024,16,043,372.9469984938679,918.0233809079825,3,3
2024,16,045,485.1072086931212,446.29863199767146,1,1
2024,16,047,1261.6910426213044,1041.9935973887389,1,1
2024,16,049,464.6626893070216,556.4479118861863,3,3
2024,16,051,247.33063883694274,832.4787355975147,1,1
2024,16,053,734.9143924045604,1537.3614587057561,1,1
2024,16,055,840.6778170948812,1371.4587133783161,2,2
2024,16,057,384.90584423493874,1310.6287607493484,3,3
2024,16,059,278.8216753545884,169.71754152018428,1,1
2024,16,061,353.06898424769145,298.75067897881587,3,3
2024,16,063,709.2198581560284,802.5382605449796,3,3
2024,16,065,168.4426379581823,895.3092387125123,1,1
2024,16,067,688.9409221902017,666.4265129682997,3,3
2024,16,069,1140.5953579876807,1955.6409115394524,2,2
2024,16,071,838.9261744966443,734.0604026845638,3,3
2024,16,073,119.97120691034152,103.97504598896265,1,1
2024,16,075,687.3108961189347,1378.3571775428636,3,3
2024,16,077,368.8675765400221,467.23226361736135,1,1
2024,16,079,979.3253536452665,1037.3594486760971,3,3
2024,16,081,193.15895372233402,329.97987927565396,3,3
2024,16,083,1158.5977340132715,1510.6578189344316,1,1
2024,16,085,1501.331826620389,2235.854386956171,3,3
2024,16,087,367.9770238736313,188.4760366182014,1,1
2024,17,001,231.64592148747568,481.8235166939494,3,3
2024,17,003,NA,NA,NA,NA
2024,17,005,329.026082794927,1088.7772194304857,3,3
2024,17,007,907.7003091228481,1229.7535288607091,1,1
2024,17,009,NA,NA,NA,NA
2024,17,011,663.0260532937356,1141.7534205317845,3,3
2024,17,013,785.2193995381062,346.42032332563514,3,3
2024,17,015,115.56240369799693,372.3677452491012,3,3
2024,17,017,132.9787234042553,7.822277847309136,3,3
2024,17,019,1637.4358654983928,3409.0092506982332,2,2
2024,17,021,351.7236414351962,793.7665476427462,3,3
2024,17,023,480.2297589414385,1404.3912943796672,2,2
2024,17,025,375.4213913576463,475.0229849831444,3,3
2024,17,027,539.0210200798938,1130.363205800977,3,3
2024,17,029,1425.914445133292,2033.0504307672575,3,3
2024,17,031,1978.37590623948,4390.569314261398,2,2
2024,17,033,713.0895143428232,1129.05839770947,2,2
2024,17,035,258.25551577317594,334.87154054577127,1,1
2024,17,037,1493.2588403673285,2642.6101438709343,2,2
2024,17,039,1606.7130683666169,2244.194366746894,1,1
2024,17,041,491.2336174763494,505.45119519008495,3,3
2024,17,043,774.6304995815046,1596.5009731904452,2,2
2024,17,045,1034.1699425461143,2050.196552766858,1,1
2024,17,047,440.9272569908071,323.07890978890606,3,3
2024,17,049,773.4198482127339,1868.3737906262672,3,3
2024,17,051,548.9092188599578,1121.2760966455548,3,3
2024,17,053,402.80471430702676,805.6094286140535,3,3
2024,17,055,302.762371727889,994.0251319561664,3,3
2024,17,057,12.113870381586917,78.74015748031496,3,3
2024,17,059,NA,NA,NA,NA
2024,17,061,325.2589232217752,522.1261662244286,3,3
2024,17,063,413.1722274627861,1209.0802701720793,2,2
2024,17,065,290.55078322385043,265.2854977261243,1,1
2024,17,067,202.53457554539668,185.17446907007695,3,3
2024,17,069,NA,NA,NA,NA
2024,17,071,113.03084127240433,209.91441950589376,3,3
2024,17,073,379.90168104895605,817.1497643537779,3,3
2024,17,075,812.8851752429204,1130.4775227796893,3,3
2024,17,077,2342.454394693201,4238.278305442484,3,3
2024,17,079,838.7799564270152,1252.723311546841,1,1
2024,17,081,355.6771545827633,1132.6949384404925,3,3
2024,17,083,897.809532762997,2115.258061483501,3,3
2024,17,085,237.9753787012036,622.3971442954556,3,3
2024,17,087,127.09330143540669,291.566985645933,1,1
2024,17,089,582.6565233475941,1037.1005970602887,2,2
2024,17,091,738.0316031321798,1216.2985886435035,3,3
2024,17,093,889.8321134268101,1498.997025252863,1,1
2024,17,095,1414.9981649879705,3347.877502752518,3,3
2024,17,097,571.1205178836665,1433.0134331154786,3,3
2024,17,099,785.5816164942861,1284.2110002161016,3,3
2024,17,101,479.0100459051294,412.48087286275035,3,3
2024,17,103,357.2588502760637,366.11650772092474,3,3
2024,17,105,726.9543765013829,1310.3059179706756,1,1
2024,17,107,736.1166239670912,1522.751055461336,3,3
2024,17,109,59.43536404160475,204.30906389301634,3,3
2024,17,111,575.6332490209846,1202.867958345304,2,2
2024,17,113,744.3633565716151,1116.2535848352725,2,2
2024,17,115,1470.8048188985654,3480.642912547006,2,2
2024,17,117,558.7013546382921,920.8179639723438,3,3
2024,17,119,823.5679673239867,2081.2038019431966,3,3
2024,17,121,868.6992149660992,1572.2596256068127,3,3
2024,17,123,266.16296041899204,558.0836266849833,3,3
2024,17,125,957.23813260102,1051.3927030207924,3,3
2024,17,127,858.276235124414,1529.0299314821493,3,3
2024,17,129,338.9830508474576,537.4121537825548,3,3
2024,17,131,135.5275895450145,187.1571474669248,3,3
2024,17,133,88.4804201392853,159.835597670967,3,3
2024,17,135,823.1336339560518,1875.313148665092,3,3
2024,17,137,1029.6477998849216,2110.7779897640894,3,3
2024,17,139,460.3140502641091,631.7908338577377,1,1
2024,17,141,335.954947082241,553.4517914360617,3,3
2024,17,143,3159.0080436416265,5795.875198307774,2,2
2024,17,145,620.1850864867484,576.5783225931489,3,3
2024,17,147,548.5519592821272,838.8069755158207,3,3
2024,17,149,704.955421936554,1029.7878222406523,3,3
2024,17,151,NA,NA,NA,NA
2024,17,153,598.2053838484546,737.7866400797607,3,3
2024,17,155,17.853954650955185,285.66327441528296,3,3
2024,17,157,332.6901324106727,585.534633042784,3,3
2024,17,159,923.1952814463392,1647.6471342479804,1,1
2024,17,161,1799.704690689323,4089.8266565740323,2,2
2024,17,163,648.7789708106067,1788.5315628113183,3,3
2024,17,165,538.4913625985439,1098.5223797010294,2,2
2024,17,167,3007.0818987816774,6243.038996741815,2,2
2024,17,169,176.80860468542804,383.0853101517607,3,3
2024,17,171,182.29694146242656,344.3386672068058,3,3
2024,17,173,429.72454215957475,650.5143593222771,3,3
2024,17,175,75.35795026375283,37.67897513187641,3,3
2024,17,177,1665.6004386766585,1528.5139828184974,3,3
2024,17,179,712.2572722388518,1769.8979200245606,3,3
2024,17,181,405.95399188092017,1064.8938047890804,3,3
2024,17,183,3014.395048766336,5338.048793965684,3,3
2024,17,185,611.5657882903139,440.6871121503732,1,1
2024,17,187,711.37593482094,1501.79364017754,3,3
2024,17,189,295.7262419931264,703.1698416127947,3,3
2024,17,191,813.8734113817067,1959.5567520190323,3,3
2024,17,193,1124.9994062545597,1676.8702271115644,3,3
2024,17,195,1008.2443081514915,1718.0191821209528,3,3
2024,17,197,889.5779118542226,1763.1336842075234,2,2
2024,17,199,801.4833423051618,2144.267001614929,3,3
2024,17,201,2261.2114445356406,3505.006211466418,2,2
2024,17,203,2.6101482564209646,0,3,3
2024,18,001,472.0236287851602,403.01432633118947,1,1
2024,18,003,1576.5409885365643,2323.779620671903,1,1
2024,18,005,8.471245205275212,583.3682041652531,1,1
2024,18,007,NA,NA,NA,NA
2024,18,009,NA,NA,NA,NA
2024,18,011,468.427955780401,1122.8887282850185,3,3
2024,18,013,589.516852492631,813.7895681148276,1,1
2024,18,015,NA,NA,NA,NA
2024,18,017,589.171974522293,817.4097664543524,3,3
2024,18,019,1097.6727728902972,1982.244238223137,2,2
2024,18,021,598.2808890908402,1056.458025673066,3,3
2024,18,023,1466.1243322000971,1117.0471102476931,1,1
2024,18,025,NA,NA,NA,NA
2024,18,027,359.49848475845266,249.56919603066137,3,3
2024,18,029,21.528946647355852,17.614592711472973,3,3
2024,18,031,662.3268488380895,927.2575883733253,1,1
2024,18,033,394.91405483141966,381.2176136233935,2,2
2024,18,035,957.4278589241183,1873.8867117919485,2,2
2024,18,037,275.1410097675058,444.8112991241345,3,3
2024,18,039,1134.626474000446,2187.254018699175,1,1
2024,18,041,595.6972657924059,882.8319190880261,3,3
2024,18,043,667.3422477075558,1567.0184631355198,3,3
2024,18,045,NA,NA,NA,NA
2024,18,047,414.89644843285413,551.7737830516336,1,1
2024,18,049,NA,NA,NA,NA
2024,18,051,324.24242424242425,454.5454545454545,3,3
2024,18,053,740.6290067124218,886.9447167961386,1,1
2024,18,055,551.2394829309178,847.8127719931659,2,2
2024,18,057,432.53637798036465,1291.5826612903227,1,1
2024,18,059,464.6551388678284,701.9681007120067,2,2
2024,18,061,418.9768935497629,446.57417396322035,3,3
2024,18,063,628.8725019635222,1408.8271227855835,3,3
2024,18,065,337.3678919056372,557.3726952996815,1,1
2024,18,067,1283.5514375776102,1639.3638360874963,2,2
2024,18,069,194.82768683498955,341.7869688737372,3,3
2024,18,071,428.6326618088298,902.2717531075868,3,3
2024,18,073,0,3.0089667208280675,3,3
2024,18,075,64.26417519402838,88.98116565327005,3,3
2024,18,077,NA,NA,NA,NA
2024,18,079,707.4958275887091,642.1885204266744,1,1
2024,18,081,583.2841003295875,1635.1756139500617,1,1
2024,18,083,1038.6869219873913,1863.5265365067905,3,3
2024,18,085,635.0233607734716,1042.3622062952488,3,3
2024,18,087,254.8707266266389,382.3060899399583,1,1
2024,18,089,853.9527038504814,1642.95464038259,2,2
2024,18,091,885.4776307442122,1575.2745338063028,2,2
2024,18,093,292.6699481176001,212.85087135825464,3,3
2024,18,095,811.5817529374315,1450.418235796847,2,2
2024,18,097,2099.1104513571254,4119.160784366244,2,2
2024,18,099,248.465992567626,337.04952035260567,3,3
2024,18,101,NA,NA,NA,NA
2024,18,103,30.80197132616487,42.00268817204301,3,3
2024,18,105,1138.5804987053523,3378.1435108005535,2,2
2024,18,107,1002.2969304656505,1169.3464188765922,1,1
2024,18,109,NA,NA,NA,NA
2024,18,111,NA,NA,NA,NA
2024,18,113,425.3079271502263,551.6370144225708,1,1
2024,18,115,NA,NA,NA,NA
2024,18,117,NA,NA,NA,NA
2024,18,119,NA,NA,NA,NA
2024,18,121,NA,NA,NA,NA
2024,18,123,783.6014530358069,736.8967306694343,3,3
2024,18,125,NA,NA,NA,NA
2024,18,127,504.52470569392165,705.3049457149722,3,3
2024,18,129,633.0625895843287,668.8963210702341,3,3
2024,18,131,490.31428341773164,474.238405272888,1,1
2024,18,133,260.19313304721027,289.6995708154506,3,3
2024,18,135,NA,NA,NA,NA
2024,18,137,32.62016693850139,65.24033387700278,3,3
2024,18,139,143.37774060577095,268.8332636358206,1,1
2024,18,141,1486.2291239378847,2546.5133313800175,2,2
2024,18,143,203.86528581913072,309.8752344450787,3,3
2024,18,145,923.0851853356188,1003.2811545950923,1,1
2024,18,147,NA,NA,NA,NA
2024,18,149,633.4260646265782,522.1485127327198,3,3
2024,18,151,740.0794793526464,1491.6777054656454,1,1
2024,18,153,307.98845043310877,495.6689124157844,3,3
2024,18,155,NA,NA,NA,NA
2024,18,157,1536.4598484167323,2197.5871498008682,2,2
2024,18,159,387.8774134988142,233.92641068655556,3,3
2024,18,161,NA,NA,NA,NA
2024,18,163,2200.791707612274,3317.843401788837,1,1
2024,18,165,NA,NA,NA,NA
2024,18,167,2316.4858777295044,3266.452421566502,2,2
2024,18,169,NA,NA,NA,NA
2024,18,171,82.703213610586,118.14744801512288,1,1
2024,18,173,755.4282036744763,1011.3237615114695,1,1
2024,18,175,251.66595774847585,322.55777683255354,3,3
2024,18,177,456.34591924333927,835.8811392080968,3,3
2024,18,179,479.61755031126165,440.63768892977555,1,1
2024,18,181,NA,NA,NA,NA
2024,18,183,187.7635911953319,473.7419839389913,3,3
2024,19,001,415.5495978552279,415.5495978552279,1,1
2024,19,003,165.65433462175594,138.04527885146328,1,1
2024,19,005,461.6869335881419,796.3082110016876,1,1
2024,19,007,648.3913328956008,1428.102429415627,1,1
2024,19,009,160.74298981961064,607.2512948740847,3,3
2024,19,011,528.6891618721816,796.9211631161561,3,3
2024,19,013,781.3871147433402,2148.051492189944,2,2
2024,19,015,110.93669743857649,128.20027319142673,3,3
2024,19,017,462.4920007231684,824.6009336269516,1,1
2024,19,019,783.3454019226018,865.8346821450922,1,1
2024,19,021,1108.2735026261264,1619.0430299233844,1,1
2024,19,023,98.12167087188114,119.14774320156995,3,3
2024,19,025,244.82301336325617,163.21534224217075,3,3
2024,19,027,344.7606098863747,898.3198989997087,1,1
2024,19,029,901.038485033598,2160.9651802076974,1,1
2024,19,031,382.73298805865113,536.4710928288473,1,1
2024,19,033,1198.6301369863013,3382.4357290298367,1,1
2024,19,035,534.4827586206897,413.7931034482759,3,3
2024,19,037,245.61700686033709,330.31252646734987,1,1
2024,19,039,620.989443179466,2297.660939764024,1,1
2024,19,041,419.17258975760893,1008.4442014458416,1,1
2024,19,043,328.80195920037056,386.670469086241,3,3
2024,19,045,1193.0491916659462,2917.7833491830206,1,1
2024,19,047,497.634699268907,927.6893776494439,3,3
2024,19,049,562.7285199909632,1129.4433395787219,1,1
2024,19,051,207.49153652943104,163.80910778639293,1,1
2024,19,053,NA,NA,NA,NA
2024,19,055,541.1320981207423,583.0240459770924,1,1
2024,19,057,969.1584171278614,3107.5428066619897,1,1
2024,19,059,350.1945525291829,600.3335186214564,3,3
2024,19,061,1566.1799719397757,1999.0231626853906,1,1
2024,19,063,539.8402072986396,367.09134096307497,1,1
2024,19,065,577.1879856069545,461.3840292697933,3,3
2024,19,067,619.7807933194155,756.78496868476,1,1
2024,19,069,371.6351948573724,441.94455604660504,3,3
2024,19,071,675.4682222904513,936.4445809026711,1,1
2024,19,073,633.0570902394107,1254.6040515653774,1,1
2024,19,075,322.99741602067184,524.8708010335918,1,1
2024,19,077,271.33233532934133,467.814371257485,1,1
2024,19,079,745.6670697299477,1162.1657933628912,1,1
2024,19,081,327.9917533502015,421.7036828788305,3,3
2024,19,083,1069.7758278742713,1544.5639762004928,3,3
2024,19,085,150.3553854565336,280.2077638053581,3,3
2024,19,087,409.9180163967206,749.8500299940011,3,3
2024,19,089,359.97882477501327,508.2053996823716,1,1
2024,19,091,302.3668022104056,719.4244604316547,3,3
2024,19,093,274.924034148459,578.7874403125453,1,1
2024,19,095,787.5446780153874,1138.9107651299448,1,1
2024,19,097,887.055183084064,1516.2454873646209,1,1
2024,19,099,871.6911590981006,1460.7229037084062,1,1
2024,19,101,337.47214262973574,496.65711556829035,1,1
2024,19,103,1355.011016991692,2457.0775455496264,1,1
2024,19,105,516.8453292496172,780.0535987748851,1,1
2024,19,107,302.2974607013301,574.3651753325272,3,3
2024,19,109,385.78120694406175,137.77900248002206,1,1
2024,19,111,966.7710455112029,1985.2248198704892,1,1
2024,19,113,954.331229022104,2668.214465835377,2,2
2024,19,115,421.42723356433794,608.7282262595992,1,1
2024,19,117,688.3891693437357,1067.0032124827903,3,3
2024,19,119,205.55829633284,197.3359644795264,3,3
2024,19,121,559.9691582999659,949.7611853599412,1,1
2024,19,123,837.9157046224648,1658.2646023767998,1,1
2024,19,125,616.7367656057518,1072.5686698490128,3,3
2024,19,127,899.935184723538,2024.2309418158247,3,3
2024,19,129,569.7419000549149,1070.840197693575,1,1
2024,19,131,208.03782505910166,463.35697399527186,3,3
2024,19,133,373.9628374430291,607.6896108449223,3,3
2024,19,135,785.3054705177692,479.16943963796086,3,3
2024,19,137,802.8196592911689,1086.7436851380457,3,3
2024,19,139,790.8778231283229,1417.732825862856,2,2
2024,19,141,436.2737822941298,808.1101612929529,1,1
2024,19,143,278.688524590164,245.90163934426232,3,3
2024,19,145,971.5154318947856,1110.3033507368978,1,1
2024,19,147,519.0116213471737,925.1946293580052,1,1
2024,19,149,1952.715838458425,4320.343327812821,1,1
2024,19,151,241.27164348566563,170.30939540164633,1,1
2024,19,153,1336.672883935645,2940.8182775860055,1,1
2024,19,155,1162.4421990066792,2909.3166638122966,3,3
2024,19,157,830.412510110542,1299.5416554327312,1,1
2024,19,159,NA,NA,NA,NA
2024,19,161,371.55537207142123,319.95045928372383,1,1
2024,19,163,1298.1689981961415,3852.8866427909275,2,2
2024,19,165,237.73136355917813,212.26014603498047,3,3
2024,19,167,434.58512513291515,471.7948708045882,1,1
2024,19,169,568.3514820934445,2005.6536539724882,2,2
2024,19,171,189.7083234526915,308.27602561062366,3,3
2024,19,173,238.58214042263123,562.3721881390593,3,3
2024,19,175,1058.9510547819561,1150.6712248811807,1,1
2024,19,177,414.3074161027482,497.16889932329786,1,1
2024,19,179,1727.8434477687913,3537.6958316837286,1,1
2024,19,181,1684.322165564722,3184.679830392141,1,1
2024,19,183,899.7828110456097,1347.4580027481052,1,1
2024,19,185,260.257195345989,382.7311696264544,1,1
2024,19,187,1713.3871929729437,3860.5432955592905,3,3
2024,19,189,NA,NA,NA,NA
2024,19,191,377.3964675690636,236.50178634327983,1,1
2024,19,193,1478.8504645515727,3589.410715961893,2,2
2024,19,195,163.26530612244898,149.65986394557825,1,1
2024,19,197,304.90188413728407,429.9898366038621,3,3
2024,20,001,1097.4925899222942,2146.919810942882,2,2
2024,20,003,651.0084248149094,1416.900689303038,3,3
2024,20,005,894.6199407699902,1641.1648568608096,1,1
2024,20,007,589.8255099533055,1449.9877119685425,3,3
2024,20,009,1597.800533928358,2191.496991672311,2,2
2024,20,011,1299.1524246213698,2000.8336807002918,3,3
2024,20,013,1091.7264262014342,1594.776838274644,3,3
2024,20,015,701.4512279057508,1994.5231156735542,3,3
2024,20,017,663.8032018742679,1483.795392424834,1,1
2024,20,019,534.1246290801187,593.4718100890208,3,3
2024,20,021,1321.0798391728893,2088.6637773484413,3,3
2024,20,023,570.7762557077625,1179.6042617960425,3,3
2024,20,025,962.5126646403243,1418.4397163120568,1,1
2024,20,027,1217.6938369781312,1254.9701789264413,3,3
2024,20,029,977.7478084962912,1382.3331085637221,3,3
2024,20,031,842.5613866153107,1215.6957149735194,3,3
2024,20,033,578.368999421631,462.69519953730475,3,3
2024,20,035,1418.1511725901603,3266.397372933074,3,3
2024,20,037,1056.1936013125512,3865.873666940115,3,3
2024,20,039,770.3595011005136,1430.6676449009537,1,1
2024,20,041,786.1208999728924,1436.703713743562,3,3
2024,20,043,879.6481407437025,1452.7522324403574,3,3
2024,20,045,1727.3195790593672,3452.976675366993,1,1
2024,20,047,647.7150053976251,1079.5250089960416,3,3
2024,20,049,366.89767631471665,489.19690175295557,3,3
2024,20,051,1016.597510373444,2323.6514522821576,1,1
2024,20,053,566.0377358490566,1477.9874213836479,3,3
2024,20,055,1633.2318033819977,3418.758533767462,3,3
2024,20,057,1197.3939073780596,3099.137172037331,3,3
2024,20,059,808.2433157128629,1673.9446870451236,3,3
2024,20,061,2077.3418958536927,2984.782912187631,1,1
2024,20,063,428.72454448017146,750.2679528403002,3,3
2024,20,065,376.72666387609877,251.15110925073253,1,1
2024,20,067,414.99515838981876,124.49854751694564,1,1
2024,20,069,350.81564637782844,999.824592176811,3,3
2024,20,071,613.4969325153374,613.4969325153374,3,3
2024,20,073,929.2110153742186,1740.1588106099005,3,3
2024,20,075,1214.0833670578713,2144.880615135573,1,1
2024,20,077,777.7777777777777,925.9259259259259,3,3
2024,20,079,1778.885317709704,2283.2112565740354,2,2
2024,20,081,357.0447679209008,851.4144465806098,3,3
2024,20,083,121.06537530266344,423.728813559322,1,1
2024,20,085,899.4827973915,1656.5474851960123,3,3
2024,20,087,495.9398332334187,1427.8707286500628,3,3
2024,20,089,102.880658436214,68.58710562414265,1,1
2024,20,091,849.185766390904,2627.217403059021,2,2
2024,20,093,646.9979296066253,1397.5155279503106,1,1
2024,20,095,445.31032563317564,876.7047035903145,3,3
2024,20,097,908.3402146985962,1279.9339388934764,1,1
2024,20,099,2008.1534048014494,3281.4937842870804,3,3
2024,20,101,479.1238877481177,958.2477754962354,1,1
2024,20,103,1212.0323418115943,2711.103829267118,1,1
2024,20,105,NA,NA,NA,NA
2024,20,107,511.92792054878674,1095.5257499744037,3,3
2024,20,109,0,36.941263391207976,3,3
2024,20,111,975.579444478966,3451.8113465481883,1,1
2024,20,113,592.6171163714616,1572.5873199801358,3,3
2024,20,115,587.034201123022,1395.2696954228347,3,3
2024,20,117,790.5533873711599,1040.72850995697,2,2
2024,20,119,NA,NA,NA,NA
2024,20,121,903.571716155675,1424.4500521517218,1,1
2024,20,123,778.6814327738363,536.4249870219761,3,3
2024,20,125,1331.6095669036845,3089.851325145443,1,1
2024,20,127,468.1647940074906,374.53183520599254,3,3
2024,20,129,229.79701263883572,1302.1830716200689,3,3
2024,20,131,118.11023622047244,187.00787401574803,3,3
2024,20,133,1507.4092999489012,2363.3111905978535,3,3
2024,20,135,113.07953260459857,527.7044854881266,3,3
2024,20,137,149.2815823847733,242.58257137525658,3,3
2024,20,139,736.7886178861788,1187.7540650406504,3,3
2024,20,141,115.87485515643105,144.84356894553883,3,3
2024,20,143,309.3315002577762,395.2569169960474,3,3
2024,20,145,1041.6666666666665,1611.328125,1,1
2024,20,147,NA,NA,NA,NA
2024,20,149,540.2546621788858,892.4624779900563,3,3
2024,20,151,712.1726744823052,1457.2148570176398,1,1
2024,20,153,317.9650238473768,1351.3513513513515,3,3
2024,20,155,1275.323704774747,3458.807856643868,3,3
2024,20,157,796.3839862247094,1377.5290572535514,1,1
2024,20,159,887.7005347593582,1080.2139037433155,3,3
2024,20,161,1421.8997581519475,2344.8141661801906,3,3
2024,20,163,644.0889258258882,851.8595470600457,3,3
2024,20,165,610.7906345436036,1255.5140821174075,3,3
2024,20,167,808.5042671058541,1107.9502919598742,1,1
2024,20,169,2181.933368115078,4740.254900499367,3,3
2024,20,171,994.6290033817386,636.5625621643127,1,1
2024,20,173,1558.5703300825119,3519.3636205469998,2,2
2024,20,175,1019.2683607930745,2275.9005864283718,3,3
2024,20,177,1916.0230304732484,4917.848616767308,2,2
2024,20,179,82.44023083264634,164.88046166529267,3,3
2024,20,181,1024.2403550699898,2287.470126322977,3,3
2024,20,183,NA,NA,NA,NA
2024,20,185,226.24434389140274,779.2860734037205,3,3
2024,20,187,NA,NA,NA,NA
2024,20,189,348.70205346764817,348.70205346764817,3,3
2024,20,191,835.4393610354881,2165.6400928746843,3,3
2024,20,193,925.8084971464806,1712.1116043119846,3,3
2024,20,195,NA,NA,NA,NA
2024,20,197,890.7357443664539,1742.6042554927326,3,3
2024,20,199,NA,NA,NA,NA
2024,20,201,578.34809325863,578.34809325863,3,3
2024,20,203,191.2960306073649,573.8880918220947,1,1
2024,20,205,1105.2322163433273,1963.5508524397414,1,1
2024,20,207,675.4583467352846,1415.2460598263108,1,1
2024,20,209,2386.177697231172,6316.252021424059,2,2
2024,21,001,183.35166850018337,157.15857300015716,1,1
2024,21,003,366.3175691541821,680.9749682994411,1,1
2024,21,005,328.50162197675854,583.0903790087464,1,1
2024,21,007,705.5134570159394,1424.0919780506924,1,1
2024,21,009,638.6577061729494,1508.7453825270372,1,1
2024,21,011,272.35234612092444,287.91533732783444,1,1
2024,21,013,701.8588625632736,1820.5793525883703,2,2
2024,21,015,836.6644975364878,1875.701689776246,1,1
2024,21,017,895.8074877624229,1148.1267299914975,1,1
2024,21,019,905.8462566007806,2145.645050197241,2,2
2024,21,021,619.1074901152125,1066.5460069163894,3,3
2024,21,023,544.7655139744197,568.4509711037423,1,1
2024,21,025,225.97167821633022,286.2307924073516,1,1
2024,21,027,239.45213351850964,383.1234136296154,1,1
2024,21,029,491.5086817332524,1413.8312685208325,1,1
2024,21,031,209.79585249737755,322.76284999596544,1,1
2024,21,033,1022.3490252020923,1632.5883658265968,1,1
2024,21,035,729.9079112599414,1572.3105902051068,1,1
2024,21,037,840.2371930725922,1921.3067026309593,1,1
2024,21,039,356.99286014279716,377.99244015119694,1,1
2024,21,041,611.6487127989775,949.4248676282637,1,1
2024,21,043,447.9708439315136,683.3453551497665,1,1
2024,21,045,175.94570818147542,150.81060701269323,1,1
2024,21,047,1008.755498203111,2471.2428367259154,1,1
2024,21,049,849.6450849645084,2250.4839750483975,1,1
2024,21,051,120.47587972491341,557.2009437277245,3,3
2024,21,053,315.14888067811347,271.6800695500978,3,3
2024,21,055,634.8145673237555,879.8307161153804,1,1
2024,21,057,201.74848688634836,218.56086079354407,1,1
2024,21,059,1116.2781722753937,2829.769990737882,1,1
2024,21,061,242.81667341157424,574.6661270740591,1,1
2024,21,063,13.685507048036131,54.742028192144524,1,1
2024,21,065,142.50089063056643,320.6270039187745,1,1
2024,21,067,1405.8228434628156,3965.4027338018377,2,2
2024,21,069,306.72844743196504,476.4080140964563,1,1
2024,21,071,201.5671133318192,317.9650238473768,3,3
2024,21,073,1126.4997492380696,2036.9584506770573,2,2
2024,21,075,764.5498517709472,1934.7792167264784,1,1
2024,21,077,1026.3427984946973,1185.9961227049835,1,1
2024,21,079,347.22222222222223,671.6757741347906,1,1
2024,21,081,605.8698560075537,845.8572665040522,1,1
2024,21,083,600.6006006006006,1307.6713076713077,1,1
2024,21,085,423.1100460553413,861.1974388737035,3,3
2024,21,087,554.1384466531797,474.97581141701113,1,1
2024,21,089,338.0186473620461,349.2859356074477,1,1
2024,21,091,188.17799424396725,453.84104494133277,1,1
2024,21,093,600.3108752746958,1334.6197137803506,2,2
2024,21,095,256.0918826633556,345.3360235914946,3,3
2024,21,097,527.6907001044932,903.8662486938348,1,1
2024,21,099,204.0504004489109,423.4045809314901,1,1
2024,21,101,1556.0072267389342,2283.1978319783198,1,1
2024,21,103,283.8042381432896,454.08678102926336,3,3
2024,21,105,315.3863482766389,608.2451002478036,3,3
2024,21,107,735.831911168244,871.0299430395178,1,1
2024,21,109,114.62631820265932,275.1031636863824,1,1
2024,21,111,1719.3330732922243,4966.677913955988,2,2
2024,21,113,672.3089323660878,1773.2835055323515,3,3
2024,21,115,76.11713083191546,192.53156622190383,1,1
2024,21,117,830.764560272757,1505.651300733268,1,1
2024,21,119,14.461315979754158,21.691973969631235,3,3
2024,21,121,167.8324339440637,590.5319163457239,1,1
2024,21,123,456.7419077248958,754.6170649367843,1,1
2024,21,125,227.04539320134003,1070.1300350888334,3,3
2024,21,127,161.72171425017106,497.6052746159109,1,1
2024,21,129,218.0133533178907,177.1358495707862,1,1
2024,21,131,109.13781129080265,128.98104970731225,3,3
2024,21,133,9.611687812379854,124.95194156093811,2,2
2024,21,135,246.81835711531045,478.21056691091394,1,1
2024,21,137,377.25249544340545,538.6875612144955,3,3
2024,21,139,763.78748736381,1044.5917106593283,1,1
2024,21,141,611.0197956120917,843.2787822482669,2,2
2024,21,143,382.02247191011236,741.5730337078652,1,1
2024,21,145,1386.8332247942692,2627.1387129240425,2,2
2024,21,147,71.14483903480169,148.21841465583685,1,1
2024,21,149,131.6655694535879,329.1639236339697,1,1
2024,21,151,762.2508327329302,1649.8031722164792,1,1
2024,21,153,61.68487839266832,220.30313711667253,1,1
2024,21,155,308.8763988050028,658.2611777811535,1,1
2024,21,157,721.4188955045207,1241.2185363702233,1,1
2024,21,159,9.068649678062936,0,1,1
2024,21,161,1179.523472517103,2123.1422505307855,1,1
2024,21,163,235.42675243716425,480.8011141322369,1,1
2024,21,165,112.35955056179776,240.7704654895666,1,1
2024,21,167,451.62410977939896,777.3145735626194,1,1
2024,21,169,201.4388489208633,585.1318944844126,1,1
2024,21,171,141.9824296743278,266.2170556393646,1,1
2024,21,173,630.3926747666843,1067.0892762810354,1,1
2024,21,175,192.12979434996086,256.1730591332812,1,1
2024,21,177,447.8441371645255,742.0483148638488,1,1
2024,21,179,464.2271982523211,1153.215981178843,1,1
2024,21,181,203.5361245055221,358.3179793684602,1,1
2024,21,183,459.2374131030124,712.028649673478,3,3
2024,21,185,346.8873656753227,1255.929746572254,2,2
2024,21,187,132.3918799646955,194.17475728155338,1,1
2024,21,189,NA,NA,NA,NA
2024,21,191,455.07029817292675,658.8331182503565,3,3
2024,21,193,185.4612895014364,298.19266155132914,1,1
2024,21,195,149.84046397658963,394.87369330301266,3,3
2024,21,197,153.39776039269825,299.1256327657616,3,3
2024,21,199,406.69529720624615,735.9970863620498,3,3
2024,21,201,NA,NA,NA,NA
2024,21,203,185.6091072201943,501.14458949452455,3,3
2024,21,205,476.03547888355445,886.9720888599561,1,1
2024,21,207,279.8968223478404,422.58932001536687,1,1
2024,21,209,940.6073636119323,1493.2141897339425,1,1
2024,21,211,488.8381945576014,1362.636467329314,1,1
2024,21,213,385.5397556579211,956.3388744241938,1,1
2024,21,215,302.08488089932155,713.1184073688902,1,1
2024,21,217,746.2969276811759,1246.3537523203395,1,1
2024,21,219,689.7104819953485,785.9491539016761,3,3
2024,21,221,635.6968215158923,1040.8662242403075,1,1
2024,21,223,163.74269005847952,187.1345029239766,1,1
2024,21,225,641.025641025641,558.0693815987934,3,3
2024,21,227,817.4967002086319,3254.37488468471,2,2
2024,21,229,403.62438220757826,626.0296540362439,1,1
2024,21,231,244.8729721456994,443.83226201408024,1,1
2024,21,233,459.42999532783057,482.7908425478897,1,1
2024,21,235,240.72817877195388,814.2948081889208,3,3
2024,21,237,108.64504112990844,419.05944435821823,1,1
2024,21,239,571.868470251842,1334.359763920965,1,1
2024,22,001,928.8034413133175,1548.590992889123,3,3
2024,22,003,NA,NA,NA,NA
2024,22,005,1190.2021271697593,2325.1530917629725,3,3
2024,22,007,NA,NA,NA,NA
2024,22,009,434.3914663924945,974.1678447500321,3,3
2024,22,011,386.7378522727594,713.8220948968036,3,3
2024,22,013,704.2253521126761,1091.9449279949358,3,3
2024,22,015,3693.2788179629256,6018.008159205022,2,2
2024,22,017,1398.4671375080864,3201.3736240454045,2,2
2024,22,019,1944.101058487213,3930.213242679441,2,2
2024,22,021,768.421052631579,1294.7368421052631,1,1
2024,22,023,1615.1545363908274,2791.6251246261218,1,1
2024,22,025,803.9147151345683,1537.9238028661307,3,3
2024,22,027,426.51630159762885,578.3271886069543,3,3
2024,22,029,1172.0039617035325,1887.3115439639043,3,3
2024,22,031,673.4255901724265,832.5316362021757,3,3
2024,22,033,838.9669226251716,3101.5282444837926,2,2
2024,22,035,1088.8009049773755,1131.2217194570135,1,1
2024,22,037,10.378288620206527,10.378288620206527,3,3
2024,22,039,364.9407361197754,520.898315658141,3,3
2024,22,041,845.0123660346248,1087.1805441055235,3,3
2024,22,043,543.1093007467753,1149.581353247341,3,3
2024,22,045,1116.634353270456,2533.5646292220003,3,3
2024,22,047,1619.989937950696,2592.6547040080495,3,3
2024,22,049,376.24294544477294,208.27734479978503,3,3
2024,22,051,1298.1527893808595,3376.0326742782886,2,2
2024,22,053,1237.313619847137,2151.9859666708435,3,3
2024,22,055,1263.6034766066014,3589.0314287094425,2,2
2024,22,057,1437.892199642605,2538.1290778373436,2,2
2024,22,059,385.42159713300424,405.7069443505308,3,3
2024,22,061,948.6444970315939,2652.883298044588,3,3
2024,22,063,1338.1494109306957,2092.968301657496,3,3
2024,22,065,998.6334489645749,1124.7766214653632,3,3
2024,22,067,2089.527921469594,3820.6183047533705,3,3
2024,22,069,1804.1588313847328,4758.400784890851,3,3
2024,22,071,9.412321535660597,23.127418630480324,3,3
2024,22,073,2392.099949520444,4934.376577486118,2,2
2024,22,075,561.3296496075078,754.2867166600886,1,1
2024,22,077,89.03398130286394,173.1216303111243,3,3
2024,22,079,2629.2471398213715,4536.294274937856,2,2
2024,22,081,NA,NA,NA,NA
2024,22,083,NA,NA,NA,NA
2024,22,085,NA,NA,NA,NA
2024,22,087,1686.2153582926226,2798.3520565523763,1,1
2024,22,089,1037.0456844890653,1910.654525644019,1,1
2024,22,091,1547.2462700313133,2090.6244243875485,3,3
2024,22,093,1423.5968865219172,1899.8361327324867,3,3
2024,22,095,1148.6635741108903,1973.345114498196,1,1
2024,22,097,886.4944287988245,1921.1460756703807,3,3
2024,22,099,816.5078692966846,1766.80958803467,3,3
2024,22,101,1455.2145186919797,2567.5336622898717,3,3
2024,22,103,573.7443148655941,1148.5898664199897,2,2
2024,22,105,925.126884991736,1818.0754435489769,3,3
2024,22,107,1067.3443456162643,1626.4294790343074,3,3
2024,22,109,1442.751398489443,3210.404384758819,1,1
2024,22,111,417.84736564045915,561.9326641371692,3,3
2024,22,113,329.1143672426168,393.88687568930203,3,3
2024,22,115,165.88497845882114,310.2884489157805,3,3
2024,22,117,1128.1028368794327,2644.0602836879434,3,3
2024,22,119,1273.0318257956449,2255.7230597431603,3,3
2024,22,121,1537.1416315149781,3227.9974261814546,1,1
2024,22,123,560.0169061707523,718.5122569737954,3,3
2024,22,125,430.6126443531024,260.9773602140014,3,3
2024,22,127,801.9603475161506,2190.5398381228188,1,1
2024,23,001,890.4719501335708,2085.1150119464305,1,1
2024,23,003,623.3409883981031,912.6427868412419,3,3
2024,23,005,564.0698514054794,2034.4723745009342,2,2
2024,23,007,720.0868049847105,1528.9514352415085,1,1
2024,23,009,660.6447042153736,1076.8685795253277,3,3
2024,23,011,808.3086240615734,2260.1097722541163,2,2
2024,23,013,799.9414676974857,1507.2067897470918,2,2
2024,23,015,659.2980414969944,1171.7776115681875,1,1
2024,23,017,884.3135600371277,1780.4404691587206,3,3
2024,23,019,1203.542111046474,1896.4514252472368,2,2
2024,23,021,793.6048195562765,782.0193477379366,3,3
2024,23,023,622.2341424165213,962.8536945152207,1,1
2024,23,025,1032.2023587590022,2535.371573225534,3,3
2024,23,027,164.21178343949046,194.0684713375796,3,3
2024,23,029,960.7098400944751,960.7098400944751,3,3
2024,23,031,762.2352132366851,1784.2394489020953,2,2
2024,24,001,1273.4981913064105,1946.569412322837,3,3
2024,24,003,1486.8782244393697,3158.6549553134078,3,3
2024,24,005,1498.7141453415388,4577.242958358996,3,3
2024,24,009,538.6320019509506,995.6209642361075,3,3
2024,24,011,787.0741631768095,1294.9597552644866,3,3
2024,24,013,508.8573272122879,1052.1261634559066,3,3
2024,24,015,1044.2073170731708,1982.6600609756097,3,3
2024,24,017,777.5894726348321,1905.8565505755687,1,1
2024,24,019,1407.4616840691212,2897.3560481162604,1,1
2024,24,021,867.7525171254092,1549.0098830047482,2,2
2024,24,023,398.3924515114451,573.125982876114,3,3
2024,24,025,855.3327494625736,1606.4028632415443,1,1
2024,24,027,764.4323398587094,2729.478366356652,3,3
2024,24,029,671.9735345807919,1106.171818463765,3,3
2024,24,031,540.6450027158897,2582.4875298912048,2,2
2024,24,033,537.220996213613,4190.7613826042925,2,2
2024,24,035,497.8292329956584,974.433188615533,1,1
2024,24,037,1350.6940222017615,1827.562844188107,3,3
2024,24,039,737.2492144065749,1285.1502699218436,3,3
2024,24,041,1094.4958725637578,1848.7749558245641,2,2
2024,24,043,677.5459350455016,1857.9529763854368,2,2
2024,24,045,1340.1452618335018,2143.6605219513126,2,2
2024,24,047,1694.5996275605214,2828.677839851024,1,1
2024,24,510,2762.5282820723496,6771.299431480192,2,2
2024,25,001,894.383341678609,1597.1131101403732,2,2
2024,25,003,747.1219964459553,1862.7829714903808,2,2
2024,25,005,1186.9064179847837,2010.2358012605837,2,2
2024,25,007,955.429226580041,1772.3212153059762,3,3
2024,25,009,807.3264506416548,1526.09789755662,2,2
2024,25,011,742.8394226432116,1577.300405953992,3,3
2024,25,013,1772.846601773927,3662.3704936097574,2,2
2024,25,015,636.3097736193745,1600.957859135458,2,2
2024,25,017,582.348866095162,1839.0285437005796,2,2
2024,25,019,973.5552026513843,1967.824345784713,3,3
2024,25,021,537.6108437134459,1662.5529735016066,2,2
2024,25,023,793.3467270943327,1458.4871279727142,2,2
2024,25,025,2041.7235050393508,3476.2794524665624,2,2
2024,25,027,555.3199629402573,1051.6393404840815,2,2
2024,26,001,779.0708858324517,1346.5422718091756,3,3
2024,26,003,319.5617438940881,285.3229856197215,1,1
2024,26,005,1124.6227110150153,1520.4271985161304,3,3
2024,26,007,1007.617728531856,1149.584487534626,1,1
2024,26,009,464.2102209143284,402.0392091847308,3,3
2024,26,011,842.342641108974,696.4250182397029,3,3
2024,26,013,256.37895250885117,256.37895250885117,3,3
2024,26,015,733.3343847087953,1116.5607405888754,3,3
2024,26,017,1238.7565469751084,2046.9244564508344,2,2
2024,26,019,797.378481703987,584.3801201529219,3,3
2024,26,021,1818.7986013256093,2942.174208026721,2,2
2024,26,023,721.8543046357615,1355.4083885209714,3,3
2024,26,025,2006.3089596196685,3267.3533764894078,2,2
2024,26,027,1378.1055900621118,2368.0124223602484,3,3
2024,26,029,792.8604259230888,842.6535927685001,2,2
2024,26,031,761.8567911972699,1038.3056625811114,1,1
2024,26,033,1096.569775451164,953.2993525278964,3,3
2024,26,035,40.71703747011474,65.77367591326228,3,3
2024,26,037,1163.1291161119575,2071.041368466136,2,2
2024,26,039,875.1589498092602,740.5191113770663,3,3
2024,26,041,768.7501697769809,1265.8571700214598,3,3
2024,26,043,NA,NA,NA,NA
2024,26,045,1473.2026657674205,2434.0305368109684,2,2
2024,26,047,606.4344057342892,695.8014369916353,2,2
2024,26,049,1353.5748578557339,2071.964210537571,2,2
2024,26,051,965.2434515237612,895.1854590744562,1,1
2024,26,053,649.4866959983239,370.13757943990504,3,3
2024,26,055,471.68310221635085,477.6936124626245,1,1
2024,26,057,1198.5018726591761,1336.232934638154,2,2
2024,26,059,733.7801726026197,1141.1924475401936,3,3
2024,26,061,509.3783991722601,875.49412357732206,3,3
2024,26,063,1028.5089833831516,948.1567190563429,2,2
2024,26,065,1178.2273939033107,2402.3750497946007,2,2
2024,26,067,755.5502147985701,982.3654880283593,2,2
2024,26,069,339.2906458357991,347.18112597151537,3,3
2024,26,071,471.415102425645,377.132081940516,3,3
2024,26,073,1349.475652818988,1540.2567549808687,1,1
2024,26,075,1575.0343621142072,2560.289891290766,2,2
2024,26,077,1829.0614578370653,4064.030490709862,2,2
2024,26,079,1880.585558418773,1897.0338286090246,3,3
2024,26,081,1790.2435346452537,2674.9604161954308,2,2
2024,26,083,750.1172058134084,562.5879043600563,3,3
2024,26,085,NA,NA,NA,NA
2024,26,087,710.1440437200703,954.1282683650261,3,3
2024,26,089,599.9878064688311,671.334391832465,2,2
2024,26,091,1134.989584920998,1604.4302189706855,3,3
2024,26,093,424.3411478147197,875.2355323157997,1,1
2024,26,095,1004.624461808324,1116.2494020092488,3,3
2024,26,097,949.164917404399,1743.177877156156,1,1
2024,26,099,1296.6839005757745,2075.6399578455926,2,2
2024,26,101,1080.8678500986193,1242.603550295858,3,3
2024,26,103,829.9558946239122,999.8211944212659,3,3
2024,26,105,876.5022083747047,1136.7138014859452,1,1
2024,26,107,1212.3563357742107,1816.1097909897676,3,3
2024,26,109,1152.8369251946488,1040.9945369294962,3,3
2024,26,111,435.7625704023307,644.1301096017343,2,2
2024,26,113,1137.6339843493129,1216.54501216545,3,3
2024,26,115,864.0807871781318,1047.3241414808826,3,3
2024,26,117,905.391058157367,1072.0184027368173,3,3
2024,26,119,231.18957545187052,210.1723413198823,3,3
2024,26,121,809.8385437682213,1819.7214155409438,2,2
2024,26,123,259.8834462120019,466.60891478973065,3,3
2024,26,125,839.3054837799485,1566.1403355149896,2,2
2024,26,127,1081.181497306335,1393.2751253947613,3,3
2024,26,129,435.7194158486953,699.0663155374671,3,3
2024,26,131,324.78632478632477,102.56410256410257,3,3
2024,26,133,1248.5469496706419,1188.2722693417143,3,3
2024,26,135,949.5548961424332,605.3412462908011,1,1
2024,26,137,816.916823014384,1266.4165103189493,3,3
2024,26,139,1026.0567796159075,1546.9752735606098,3,3
2024,26,141,552.6534938299644,416.3827693239458,3,3
2024,26,143,1002.6540843409024,1070.0594009352487,3,3
2024,26,145,1685.527257307927,2086.237510932075,2,2
2024,26,147,1016.7695457207994,1324.0376912107918,3,3
2024,26,149,767.6032081877676,1372.8288146435075,3,3
2024,26,151,635.483505215761,636.1056552631154,3,3
2024,26,153,799.7047244094488,1107.283464566929,1,1
2024,26,155,844.2293833007309,1136.9151799502874,3,3
2024,26,157,1153.265383163458,939.9773499433747,3,3
2024,26,159,647.2253291155112,943.0886055115576,3,3
2024,26,161,1024.6310851973776,2243.067906665951,2,2
2024,26,163,2308.879964957487,4381.856281962665,2,2
2024,26,165,1980.8081697332514,1878.0995979693048,3,3
2024,27,001,510.7125062282013,1955.6552067762832,3,3
2024,27,003,432.9242266516504,2038.0466226898493,3,3
2024,27,005,950.6833036244801,1740.0899753840931,1,1
2024,27,007,1371.6890264877882,3098.12521499828,3,3
2024,27,009,644.3601509784224,2160.1439170483723,1,1
2024,27,011,526.623756582797,2028.4766920226252,3,3
2024,27,013,864.3186952414468,2054.520861350906,2,2
2024,27,015,445.73643410852713,1158.9147286821706,2,2
2024,27,017,572.3204994797087,690.0706500903664,3,3
2024,27,019,373.49715106187693,1061.4225606819277,3,3
2024,27,021,809.7253401049064,777.5419874670316,3,3
2024,27,023,113.44875280659807,96.20670698185818,3,3
2024,27,025,377.64480695280304,734.5967477712059,3,3
2024,27,027,744.7887494512481,2747.5438623049095,1,1
2024,27,029,348.1894150417827,243.73259052924791,1,1
2024,27,031,550.1330967169476,1259.9822537710738,3,3
2024,27,033,567.2892302321521,680.7470762785827,2,2
2024,27,035,856.898029134533,1696.0671335283516,2,2
2024,27,037,510.2723900630992,2314.285181344166,1,1
2024,27,039,479.9239724400095,869.5652173913044,1,1
2024,27,041,571.7986918763202,1421.4565832577427,1,1
2024,27,043,676.7720850360602,340.17633911049893,3,3
2024,27,045,75.79325233670048,112.07621182404036,3,3
2024,27,047,620.4486823629298,2116.0565587956767,3,3
2024,27,049,825.8420343110658,2160.413538543979,3,3
2024,27,051,408.0300310102824,130.56960992329036,3,3
2024,27,053,1207.4553000523365,4746.7303047608875,2,2
2024,27,055,236.84643746757993,572.6305561994534,3,3
2024,27,057,1016.9025697402776,1392.515230635335,1,1
2024,27,059,624.4717813879238,1385.1065827777256,1,1
2024,27,061,437.32744340143563,834.8978464936499,2,2
2024,27,063,432.9004329004329,785.2612503775294,3,3
2024,27,065,536.9127516778523,1000.6101281269067,3,3
2024,27,067,773.6110165838608,1685.6099276299371,1,1
2024,27,069,195.88638589618023,563.1733594515181,1,1
2024,27,071,692.9772669652666,1047.9168427279642,1,1
2024,27,073,179.58695001496557,643.5199042202933,3,3
2024,27,075,284.95266109017376,551.5212795293685,1,1
2024,27,077,NA,NA,NA,NA
2024,27,079,239.80972596699397,297.27383402844896,1,1
2024,27,081,178.4758165268606,107.08548991611637,3,3
2024,27,083,721.4837470101556,807.7481080657178,3,3
2024,27,085,570.6831893037665,1423.9904342627317,3,3
2024,27,087,1343.7849944008958,1399.7760358342666,1,1
2024,27,089,370.41194297901,78.5722303288809,1,1
2024,27,091,667.340748230536,1582.406471183013,1,1
2024,27,093,451.21523557599954,1002.4485518091207,3,3
2024,27,095,1396.0317450292148,1971.0713054104742,1,1
2024,27,097,572.8955808394094,2018.5857900437595,2,2
2024,27,099,1122.871377934214,2339.9350568871923,3,3
2024,27,101,234.6548104236137,679.2639249104607,1,1
2024,27,103,1237.7606478624027,2894.8696438396837,1,1
2024,27,105,775.8268681094324,1048.0468218320402,1,1
2024,27,107,204.17779173865242,31.411967959792683,3,3
2024,27,109,616.8887359995981,1967.1971695704508,2,2
2024,27,111,507.6377869200194,1411.7983337774322,1,1
2024,27,113,768.6172141251541,1675.0054383293452,1,1
2024,27,115,664.6423751686909,1626.1808367071526,1,1
2024,27,117,517.0185264971994,549.3321844032745,3,3
2024,27,119,729.5228790099333,1009.6075557726755,2,2
2024,27,121,394.1145559642669,656.8575932737782,1,1
2024,27,123,1101.2174007912683,4254.364306544252,2,2
2024,27,125,383.1417624521073,204.34227330779058,1,1
2024,27,127,846.9055374592834,1022.8013029315961,3,3
2024,27,129,872.3725786509135,1126.5283692814946,3,3
2024,27,131,448.12589497743164,913.7444296277755,2,2
2024,27,133,166.30287911859475,103.9392994491217,3,3
2024,27,135,365.9652333028362,215.6580839105999,1,1
2024,27,137,722.5556282886025,2845.7498638337424,2,2
2024,27,139,461.4376537324282,1604.8801857562567,1,1
2024,27,141,658.9488313947757,2052.4288961578613,1,1
2024,27,143,253.24891702765743,793.0689770076641,2,2
2024,27,145,511.9985393602128,1740.2044353257081,2,2
2024,27,147,638.3717513822485,1242.0203531077218,1,1
2024,27,149,503.13173837149606,1714.7551083273438,3,3
2024,27,151,256.46286417726714,102.58514567090685,1,1
2024,27,153,668.5173111290854,1036.8856110976235,2,2
2024,27,155,431.69904409497383,370.0277520814061,3,3
2024,27,157,199.70578942845222,548.263098612845,2,2
2024,27,159,299.8275373793559,403.26893789021403,2,2
2024,27,161,651.3105639396347,1720.9425469949695,1,1
2024,27,163,350.0731618481407,1908.773248336389,3,3
2024,27,165,758.5899152164213,919.2324854975457,1,1
2024,27,167,847.5906451106578,455.1875686705384,1,1
2024,27,169,513.9135660000649,2157.9124175899797,1,1
2024,27,171,201.00816916095056,712.8584085013932,3,3
2024,27,173,391.05330510133706,328.9863070241817,3,3
2024,28,001,NA,NA,NA,NA
2024,28,003,1945.2302487678264,2557.671556475838,1,1
2024,28,005,119.3792280143255,135.29645841623557,3,3
2024,28,007,462.17048955837043,1221.0430217961887,1,1
2024,28,009,NA,NA,NA,NA
2024,28,011,863.4116611363174,1567.6847023769217,3,3
2024,28,013,363.7207862559975,340.50456585667854,2,2
2024,28,015,NA,NA,NA,NA
2024,28,017,53.20721253325451,47.29530002955956,3,3
2024,28,019,313.48554100647294,643.5548299399774,1,1
2024,28,021,372.873456070846,302.95968305756236,3,3
2024,28,023,156.71934177876454,208.95912237168605,3,3
2024,28,025,1115.1607463417288,1724.4193004406245,3,3
2024,28,027,175.26777020447906,185.00486854917236,3,3
2024,28,029,737.9099824352738,680.4563324160962,3,3
2024,28,031,115.71523032841084,358.1661891117479,3,3
2024,28,033,1007.3130825243987,2122.309867695412,3,3
2024,28,035,1087.6617669018226,2195.96992471137,2,2
2024,28,037,NA,NA,NA,NA
2024,28,039,1831.5454906634884,2451.3309495431067,1,1
2024,28,041,66.10356224752111,124.86228424531767,3,3
2024,28,043,768.251873497667,1192.4400245086488,3,3
2024,28,045,1254.1425693677302,2324.170944614118,1,1
2024,28,047,413.48374278655797,552.8922523957874,3,3
2024,28,049,122.63594056732852,346.85836921654857,3,3
2024,28,051,0,6.176270767710456,3,3
2024,28,053,NA,NA,NA,NA
2024,28,055,NA,NA,NA,NA
2024,28,057,137.29405891163256,386.9196205691463,3,3
2024,28,059,552.1552644080166,1418.2541704245812,3,3
2024,28,061,448.3467214645992,778.3797247649293,1,1
2024,28,063,481.0413129598189,650.8205998868137,3,3
2024,28,065,NA,NA,NA,NA
2024,28,067,851.4863401131303,1591.6476110241904,2,2
2024,28,069,343.68197960820254,664.4518272425249,3,3
2024,28,071,1095.5475165875152,1841.342774358359,1,1
2024,28,073,879.3832249244267,1813.506065077485,2,2
2024,28,075,NA,NA,NA,NA
2024,28,077,NA,NA,NA,NA
2024,28,079,511.281016933252,675.4538205356724,3,3
2024,28,081,1772.767781872486,3364.8866729291613,3,3
2024,28,083,NA,NA,NA,NA
2024,28,085,405.5829755789044,910.224183861847,3,3
2024,28,087,368.26999550468554,753.8296621598257,3,3
2024,28,089,464.8579899146417,1094.5211246159772,3,3
2024,28,091,305.8735998015955,496.0112429215062,3,3
2024,28,093,158.92168692427677,182.46564054268813,3,3
2024,28,095,891.9311346193736,1543.840934008949,3,3
2024,28,097,NA,NA,NA,NA
2024,28,099,612.6559283609959,1391.2572954501595,3,3
2024,28,101,31.984007996002,25.987006496751622,3,3
2024,28,103,269.32668329177056,438.90274314214463,3,3
2024,28,105,1170.5394912209538,2592.184813891947,1,1
2024,28,107,1231.4069739088027,3008.412582297001,3,3
2024,28,109,577.458810289284,1386.1623794520322,1,1
2024,28,111,NA,NA,NA,NA
2024,28,113,835.8163729104591,1239.8363719004092,3,3
2024,28,115,871.6323296354992,1026.9413629160065,1,1
2024,28,117,1552.5730622617536,2207.7509529860226,3,3
2024,28,119,NA,NA,NA,NA
2024,28,121,117.08864743726944,282.6494768781397,3,3
2024,28,123,223.68136229165162,317.48322389782817,3,3
2024,28,125,NA,NA,NA,NA
2024,28,127,1109.337900432058,1685.4151259195826,1,1
2024,28,129,84.91367110104727,233.51259552788,1,1
2024,28,131,1736.0008468296814,2424.0499629512015,1,1
2024,28,133,53.42538938889574,287.6751736325155,3,3
2024,28,135,527.0316218973139,1062.5637538252295,3,3
2024,28,137,1055.7536810140884,1493.5913279898307,3,3
2024,28,139,23.230962226455418,46.461924452910836,3,3
2024,28,141,616.2915326902465,1061.0932475884244,1,1
2024,28,143,1614.7757255936676,6290.23746701847,1,1
2024,28,145,743.1903847521513,1145.0110233980513,3,3
2024,28,147,397.42755979478284,672.0138738348146,3,3
2024,28,149,1713.156671315667,2510.460251046025,3,3
2024,28,151,NA,NA,NA,NA
2024,28,153,1024.4446698448119,1785.170909828583,1,1
2024,28,155,296.34219595963225,539.0715895053413,1,1
2024,28,157,NA,NA,NA,NA
2024,28,159,952.3266423357663,1642.3357664233577,1,1
2024,28,161,813.2699895321686,1336.661566953861,3,3
2024,28,163,NA,NA,NA,NA
2024,29,001,758.863286036125,2513.7346349946642,1,1
2024,29,003,387.4896208137282,808.1926376972045,1,1
2024,29,005,192.789666473877,212.06863312126467,1,1
2024,29,007,733.2572918364021,1926.8372168812123,3,3
2024,29,009,1210.8896128948675,1673.2228291897181,3,3
2024,29,011,1394.3541488451667,2882.8058169375536,3,3
2024,29,013,929.0897685112916,1790.2195716203835,1,1
2024,29,015,382.11503151208376,1032.2068383703042,1,1
2024,29,017,615.5885974050573,833.4122549483852,1,1
2024,29,019,1330.0149433906074,3255.6383380397033,2,2
2024,29,021,1805.7151062607697,4882.715951710811,2,2
2024,29,023,1730.1285102332222,1884.8167539267015,3,3
2024,29,025,448.0788618796908,806.5419513834435,3,3
2024,29,027,1238.646227868523,2023.67002497679,2,2
2024,29,029,1105.1773725443354,1483.8802986851445,2,2
2024,29,031,1196.5915271650451,2400.435124191696,2,2
2024,29,033,321.00820354297946,511.23528712400423,3,3
2024,29,035,774.0230319048518,490.84387389088164,3,3
2024,29,037,2197.757986856792,5040.831957701108,2,2
2024,29,039,752.6513855627779,1258.9804994868286,1,1
2024,29,041,648.3491584081338,629.5219397014228,3,3
2024,29,043,1681.2280834731912,3557.5725766998517,2,2
2024,29,045,853.932584269663,1138.576779026217,3,3
2024,29,047,1469.2051018329782,4330.755091176482,2,2
2024,29,049,680.6324594726685,773.4967080845752,3,3
2024,29,051,715.0499677917543,1626.0642254194806,2,2
2024,29,053,909.4151212553495,1485.9724203518783,3,3
2024,29,055,726.0077236850635,1303.7770568914743,3,3
2024,29,057,942.2850412249704,2669.8076168040834,3,3
2024,29,059,193.72115548971567,131.04666400774886,3,3
2024,29,061,1085.2896071723487,872.9503362038458,3,3
2024,29,063,783.8301317444167,661.7814307197406,3,3
2024,29,065,447.07338881628726,1361.8543228557674,3,3
2024,29,067,376.0969494358546,309.2352695361471,1,1
2024,29,069,1855.0176408540356,2935.292619939621,3,3
2024,29,071,773.5988576220356,1598.8612410385822,3,3
2024,29,073,339.07500339075,447.5790044757901,3,3
2024,29,075,NA,NA,NA,NA
2024,29,077,1588.094788361177,3190.0150859391315,2,2
2024,29,079,705.0168590988046,602.8405027076734,1,1
2024,29,081,451.7704517704518,573.8705738705739,3,3
2024,29,083,967.3951988534576,2409.530634181297,3,3
2024,29,085,104.834012813046,267.90914385556204,1,1
2024,29,087,330.188679245283,589.6226415094341,3,3
2024,29,089,463.19109096284615,808.1206267862422,3,3
2024,29,091,1436.2479261075205,1822.549092439888,1,1
2024,29,093,328.1812407368198,328.1812407368198,3,3
2024,29,095,1658.770879703862,5242.76218719314,2,2
2024,29,097,1346.765885956144,2830.629123197122,2,2
2024,29,099,954.9614517130635,1533.6216228188525,2,2
2024,29,101,1109.0404151136447,2057.2973763063655,3,3
2024,29,103,NA,NA,NA,NA
2024,29,105,916.7216094853617,1871.2329150051628,3,3
2024,29,107,799.0166222772846,886.132100394239,3,3
2024,29,109,792.3432796479699,1460.938113777022,3,3
2024,29,111,372.83353486497384,463.5227730753728,3,3
2024,29,113,889.67124982159,916.6309846646684,3,3
2024,29,115,852.9108774353605,704.3395937906248,3,3
2024,29,117,793.6507936507936,1427.179058758006,1,1
2024,29,119,616.0077633855111,1172.9462891861103,3,3
2024,29,121,633.1200949680142,850.7551276132692,1,1
2024,29,123,518.5010605703512,1429.80595490612,3,3
2024,29,125,437.8698224852071,437.8698224852071,3,3
2024,29,127,1049.7693636158237,1666.5057741728224,1,1
2024,29,129,172.31476163124643,402.06777713957496,1,1
2024,29,131,561.2527275449664,746.6908587676903,1,1
2024,29,133,932.6163669971432,1739.2034952108888,2,2
2024,29,135,104.835539247805,104.835539247805,3,3
2024,29,137,235.69217523877478,328.4387415369783,1,1
2024,29,139,831.4370733415018,796.4291965692281,3,3
2024,29,141,512.4692466111953,834.7481493654731,3,3
2024,29,143,2041.639203602214,4022.2338572239823,3,3
2024,29,145,1578.8987444717354,3705.9026269432693,2,2
2024,29,147,885.7225377876192,1708.8668527967654,1,1
2024,29,149,380.4911795226565,657.2120373573158,3,3
2024,29,151,425.30965527533203,626.7721235636473,3,3
2024,29,153,236.67305308238477,236.67305308238477,3,3
2024,29,155,1925.3910950661855,2874.7158711057627,3,3
2024,29,157,764.1231028667792,911.6779089376054,1,1
2024,29,159,1172.8921354010645,2767.472405926677,3,3
2024,29,161,1427.1805991945832,2531.3094658583,3,3
2024,29,163,971.1478742024731,1106.6568799051436,3,3
2024,29,165,1452.4255419008414,3961.243713411732,2,2
2024,29,167,1285.2915793367033,1556.5281716187892,3,3
2024,29,169,674.8270772803115,902.0090613112259,1,1
2024,29,171,172.33950883239982,409.3063334769496,3,3
2024,29,173,1032.6215727895137,1506.2966259858101,3,3
2024,29,175,681.3051508311102,927.5600246254875,3,3
2024,29,177,1129.1868833847182,1398.0824815114622,3,3
2024,29,179,99.83361064891847,66.55574043261231,3,3
2024,29,181,326.858423608517,849.8319013821441,3,3
2024,29,183,594.3016844892554,1180.5066470203244,2,2
2024,29,185,667.5706686137478,1022.2175863148013,3,3
2024,29,186,753.8635506973238,775.4025092886759,3,3
2024,29,187,1059.7173092135704,2228.3914685293807,3,3
2024,29,189,917.4279815572006,3042.658716389561,3,3
2024,29,195,1416.2110972407559,1894.0209203219836,3,3
2024,29,197,866.765725606736,1684.0019811788013,3,3
2024,29,199,NA,NA,NA,NA
2024,29,201,967.0464684610649,1917.2287768436331,3,3
2024,29,203,376.2017556081928,613.0695276577957,3,3
2024,29,205,517.8750417641162,567.9919812896759,3,3
2024,29,207,1057.253249034071,1731.6473480857044,3,3
2024,29,209,1494.6330504243633,1993.884173739391,3,3
2024,29,211,375.618917534574,290.25098173126173,3,3
2024,29,213,1917.5998160236338,2683.578340320897,3,3
2024,29,215,1198.848513159444,1517.781215752947,2,2
2024,29,217,2184.1824554274394,4414.080357596383,3,3
2024,29,219,482.5873852179178,770.3331919581964,2,2
2024,29,221,507.0302513847465,890.4985087345548,3,3
2024,29,223,1215.2458110845148,1445.4060025777942,3,3
2024,29,225,582.726819876947,1103.143638003689,2,2
2024,29,227,155.11892450879006,0,1,1
2024,29,229,471.17176695993845,475.14404589718447,2,2
2024,29,510,2176.339285714286,9202.0435891748,1,1
2024,30,001,1214.8666735303202,504.47853392360753,1,1
2024,30,003,1543.7126677526958,1163.602513381429,1,1
2024,30,005,402.9356741977263,359.7639948193985,3,3
2024,30,007,808.5550339071466,847.678664580073,1,1
2024,30,009,485.7862540482188,818.639798488665,3,3
2024,30,011,NA,NA,NA,NA
2024,30,013,1460.8892986313028,4173.4628749734065,2,2
2024,30,015,541.8218760582458,592.6176769387064,3,3
2024,30,017,944.737062118552,1045.0631218125575,1,1
2024,30,019,468.5408299866131,334.67202141900935,3,3
2024,30,021,1166.8743627506515,1098.901098901099,1,1
2024,30,023,937.7930603313536,1031.572366364489,1,1
2024,30,025,833.3333333333334,362.3188405797101,1,1
2024,30,027,1745.5292205014118,1813.9813467955848,1,1
2024,30,029,833.8226658837347,1903.428339130042,1,1
2024,30,031,932.5080194077727,2110.0311104663347,2,2
2024,30,033,182.81535648994515,91.40767824497257,1,1
2024,30,035,3299.8460071863315,2441.8860453178854,1,1
2024,30,037,222.4694104560623,444.9388209121246,1,1
2024,30,039,751.0109763142692,1588.677065280185,1,1
2024,30,041,2271.74249458372,4264.933457134014,1,1
2024,30,043,1103.804603100047,1573.508689525599,3,3
2024,30,045,241.42926122646062,0,1,1
2024,30,047,1670.7103590184577,2727.1889683977765,1,1
2024,30,049,1132.5274964608516,2451.540890776435,2,2
2024,30,051,512.295081967213,256.1475409836065,1,1
2024,30,053,533.6481700118064,953.9551357733177,1,1
2024,30,055,359.2814371257485,778.4431137724551,1,1
2024,30,057,683.0749213921717,758.9721348801908,1,1
2024,30,059,348.7792725460887,298.95366218236177,1,1
2024,30,061,1270.4174228675136,786.4488808227466,1,1
2024,30,063,1273.7006099177936,3802.04189870061,1,1
2024,30,065,834.6273291925467,912.2670807453416,3,3
2024,30,067,1055.9006211180124,1530.2089215132692,1,1
2024,30,069,671.1409395973154,1342.2818791946308,1,1
2024,30,071,1113.4802179578298,1468.8462449656479,3,3
2024,30,073,679.3703396851698,994.2004971002485,3,3
2024,30,075,165.2892561983471,0,1,1
2024,30,077,1219.3392882461364,978.3071033602722,1,1
2024,30,079,239.99999999999997,160,1,1
2024,30,081,624.9063710488583,1365.377618935519,3,3
2024,30,083,872.2741433021807,890.0756564307966,3,3
2024,30,085,1776.553296598898,1140.0342010260308,3,3
2024,30,087,1604.4090630740966,538.8854868340478,1,1
2024,30,089,940.9108016560031,715.0922092585623,1,1
2024,30,091,1090.2153175252113,2343.962932679204,3,3
2024,30,093,1117.7867821713007,3504.2615621070277,1,1
2024,30,095,838.5972554998912,1764.3214985841864,1,1
2024,30,097,349.4623655913979,376.3440860215054,1,1
2024,30,099,472.2178498347237,865.7327246969935,3,3
2024,30,101,1264.5722189290655,1462.161628136732,3,3
2024,30,103,1639.344262295082,1092.896174863388,1,1
2024,30,105,1236.8666046016756,1303.364809150153,3,3
2024,30,107,535.0194552529183,194.55252918287937,1,1
2024,30,109,83.82229673093043,335.28918692372173,3,3
2024,30,111,1537.0774812526263,4399.936078410483,1,1
2024,31,001,1349.3494782944738,2579.543990725235,1,1
2024,31,003,79.30214115781126,158.60428231562253,3,3
2024,31,005,NA,NA,NA,NA
2024,31,007,269.54177897574124,134.77088948787062,1,1
2024,31,009,NA,NA,NA,NA
2024,31,011,149.36519790888724,74.68259895444362,3,3
2024,31,013,914.6910584282247,1577.375396677245,3,3
2024,31,015,NA,NA,NA,NA
2024,31,017,1010.8051585918439,174.2767514813524,3,3
2024,31,019,1164.5149172581507,2763.9929615057636,3,3
2024,31,021,118.69436201780415,163.20474777448072,3,3
2024,31,023,59.35422602089268,23.741690408357076,1,1
2024,31,025,515.4449394352196,1126.6153676226943,3,3
2024,31,027,348.7672880336741,384.8466626578473,3,3
2024,31,029,108.9621356578589,27.240533914464724,3,3
2024,31,031,1036.7406329574392,836.6678792288105,1,1
2024,31,033,1720.3398720234975,1867.1981537816007,1,1
2024,31,035,180.4757998359311,65.62756357670222,1,1
2024,31,037,582.6520063903769,460.4830373085236,1,1
2024,31,039,256.2674094707521,267.40947075208913,3,3
2024,31,041,427.83799201369084,399.31545921277814,1,1
2024,31,043,1226.9364053573102,3124.8191298632205,3,3
2024,31,045,626.5356265356265,1523.3415233415233,3,3
2024,31,047,611.5197091149491,1156.9291794066608,1,1
2024,31,049,NA,NA,NA,NA
2024,31,051,270.5139765554554,546.9934724093656,1,1
2024,31,053,1550.1592996171455,2945.0349388235923,3,3
2024,31,055,1525.0467213780776,4322.066032881016,2,2
2024,31,057,57.6036866359447,403.22580645161287,3,3
2024,31,059,NA,NA,NA,NA
2024,31,061,70.27406886858749,35.137034434293746,3,3
2024,31,063,NA,NA,NA,NA
2024,31,065,1007.0052539404553,1247.8108581436077,3,3
2024,31,067,601.044893430117,855.3331175736281,1,1
2024,31,069,NA,NA,NA,NA
2024,31,071,523.8649592549476,698.4866123399302,3,3
2024,31,073,49.01960784313725,49.01960784313725,1,1
2024,31,075,NA,NA,NA,NA
2024,31,077,635.7856494096276,544.959128065395,3,3
2024,31,079,1562.300115133683,3297.3007547652555,2,2
2024,31,081,359.2561284868977,507.185122569738,1,1
2024,31,083,NA,NA,NA,NA
2024,31,085,118.62396204033216,474.49584816132864,1,1
2024,31,087,38.92565200467108,38.92565200467108,1,1
2024,31,089,247.47574737675708,89.09126905563255,3,3
2024,31,091,154.5595054095827,154.5595054095827,1,1
2024,31,093,214.263850627487,321.39577594123045,1,1
2024,31,095,363.0777824326211,684.2619745845552,3,3
2024,31,097,399.1636570994108,532.218209465881,3,3
2024,31,099,342.6187993445553,640.5481900789513,1,1
2024,31,101,1046.3560043800949,1861.5403333738898,1,1
2024,31,103,0,121.65450121654501,1,1
2024,31,105,123.15270935960591,123.15270935960591,3,3
2024,31,107,215.2337677866794,573.9567140978119,3,3
2024,31,109,1461.2973528907607,4363.689791120797,1,1
2024,31,111,852.0205904976036,2875.5694929294127,1,1
2024,31,113,NA,NA,NA,NA
2024,31,115,0,173.01038062283737,1,1
2024,31,117,NA,NA,NA,NA
2024,31,119,655.746932342677,1539.4573905212203,3,3
2024,31,121,595.5463490419472,362.50647332988086,1,1
2024,31,123,264.6669607410675,286.7225408028231,3,3
2024,31,125,90.25270758122744,30.084235860409148,3,3
2024,31,127,652.8526823729776,596.0828839057622,3,3
2024,31,129,244.67824810374358,415.9530217763641,3,3
2024,31,131,671.1409395973154,1329.9673665414691,3,3
2024,31,133,474.30830039525694,395.2569169960474,1,1
2024,31,135,319.03580290677064,602.6231832683445,3,3
2024,31,137,277.5002775002775,277.5002775002775,3,3
2024,31,139,204.77815699658703,477.815699658703,3,3
2024,31,141,466.64362253715865,1388.408802857472,3,3
2024,31,143,229.66507177033495,593.3014354066985,3,3
2024,31,145,369.4231315714692,1316.661930472672,1,1
2024,31,147,980.5186427557735,851.5030318668558,3,3
2024,31,149,151.6300227445034,75.8150113722517,3,3
2024,31,151,1023.8907849829351,2402.7303754266213,3,3
2024,31,153,682.9154613478968,1602.926201561384,3,3
2024,31,155,451.2322110378341,681.1870878167304,1,1
2024,31,157,1361.493178584382,2569.5393800742127,1,1
2024,31,159,459.1576441244827,680.2335468510855,1,1
2024,31,161,1136.8169126445953,1296.370163542082,3,3
2024,31,163,235.92854735422986,202.22446916076845,3,3
2024,31,165,85.39709649871904,0,1,1
2024,31,167,0,34.50655624568668,3,3
2024,31,169,306.0599877576005,367.27198530912057,1,1
2024,31,171,NA,NA,NA,NA
2024,31,173,1388.2601478798852,609.5568879418834,2,2
2024,31,175,344.3187407771766,245.9419576979833,1,1
2024,31,177,492.7508765280015,966.5497962664645,1,1
2024,31,179,365.7049979683056,934.5794392523363,1,1
2024,31,181,208.33333333333334,59.52380952380953,3,3
2024,31,183,NA,NA,NA,NA
2024,31,185,685.9862802743945,1833.9633207335855,3,3
2024,32,001,995.931021119938,1798.1011431893044,1,1
2024,32,003,1845.25066665293,3808.549984803919,2,2
2024,32,005,1176.8736271487012,1497.2895633073374,3,3
2024,32,007,1235.9612929487298,1787.3332469887318,3,3
2024,32,009,NA,NA,NA,NA
2024,32,011,3470.031545741325,3974.763406940063,1,1
2024,32,013,2076.46480421077,2053.328706113714,3,3
2024,32,015,1542.4610051993068,1299.8266897746967,1,1
2024,32,017,22.701475595913735,0,3,3
2024,32,019,1318.0933852140079,1190.0129701686121,3,3
2024,32,021,2003.5226772346984,1232.9370321444298,3,3
2024,32,023,1405.858972471662,1965.258354188135,1,1
2024,32,027,NA,NA,NA,NA
2024,32,029,217.3913043478261,434.7826086956522,1,1
2024,32,031,1626.1061946902653,3988.535800482703,2,2
2024,32,033,1476.8174012593017,1087.5787063537493,3,3
2024,32,510,1382.2280076733352,1815.5659084680735,2,2
2024,33,001,1393.4641735875903,2644.6434371085234,1,1
2024,33,003,953.5943170411551,1820.3227549996138,2,2
2024,33,005,1036.2627268846138,2117.8053482023884,3,3
2024,33,007,748.2971443190177,1541.3642032554123,3,3
2024,33,009,734.9109856708641,1758.5757707338255,2,2
2024,33,011,1037.5769856793736,2074.684904005366,2,2
2024,33,013,867.4912000615515,1595.209242980887,2,2
2024,33,015,848.9980631937872,1652.239863107289,1,1
2024,33,017,730.9070337544787,1718.272675843862,1,1
2024,33,019,864.6917534027223,1560.1052270387738,3,3
2024,34,001,1447.8589785354907,3074.1665761754807,3,3
2024,34,003,358.5100943972666,1365.975417638281,3,3
2024,34,005,519.23344128429585,2081.4228150618314,3,3
2024,34,007,622.6565033750145,2762.5996430583186,3,3
2024,34,009,1136.4952970792388,2206.633593494907,3,3
2024,34,011,1573.334203059261,3664.590196014481,2,2
2024,34,013,1018.3058671938187,2714.8256898593513,2,2
2024,34,015,520.2733960137349,1391.4136971663506,3,3
2024,34,017,937.3220682060855,2439.1534170561154,2,2
2024,34,019,51.475107559926244,102.1819299323909,3,3
2024,34,021,452.2318744428089,1951.9830821221985,3,3
2024,34,023,353.95792445683986,1073.0066912279492,2,2
2024,34,025,388.00470440208693,783.757106575781,3,3
2024,34,027,275.59238758629266,985.1747621120717,3,3
2024,34,029,469.3120933061516,1121.5504567808032,2,2
2024,34,031,1144.6953237161524,2692.068512817363,3,3
2024,34,033,683.2631175794714,1171.964764458062,3,3
2024,34,035,299.56037799488917,944.1297027835105,2,2
2024,34,037,266.79103198063194,389.5560569794317,3,3
2024,34,039,512.0060764038736,2076.33482366345,3,3
2024,34,041,NA,NA,NA,NA
2024,35,001,2542.209150937186,7337.709192150341,2,2
2024,35,003,347.3149879775581,1068.6615014694096,1,1
2024,35,005,2620.801345438124,3678.1537599078124,3,3
2024,35,006,1184.578133730676,1672.5647234121811,1,1
2024,35,007,722.2853432884273,1030.676838175621,3,3
2024,35,009,871.1532809941642,2302.7834921701165,3,3
2024,35,011,1269.0355329949239,1903.553299492386,1,1
2024,35,013,2134.072931251282,5484.558515334468,2,2
2024,35,015,1521.9703788560676,3929.302021111202,2,2
2024,35,017,230.42304230423042,396.03960396039605,3,3
2024,35,019,1323.898653275508,1826.067107966218,3,3
2024,35,021,NA,NA,NA,NA
2024,35,023,1806.4835436773078,717.6441474882455,1,1
2024,35,025,1613.93134688674,5176.786513501417,3,3
2024,35,027,153.28322784810126,237.34177215189874,3,3
2024,35,028,246.97710316439412,740.9313094931824,3,3
2024,35,029,NA,NA,NA,NA
2024,35,031,1909.670457610995,2359.7563572858544,1,1
2024,35,033,819.4745721860689,530.2482525909858,3,3
2024,35,035,1034.6431062543595,2256.742617995815,3,3
2024,35,037,23.353573096683792,443.7178888369921,3,3
2024,35,039,77.36461192912402,137.25979535812328,3,3
2024,35,041,1394.7590870667793,3191.039729501268,3,3
2024,35,043,424.6390007587411,822.226118187047,3,3
2024,35,045,2646.7232227017907,2954.3086768864414,1,1
2024,35,047,871.5083798882681,1433.8919925512105,3,3
2024,35,049,1483.634334815389,5708.340049813385,2,2
2024,35,051,1060.8695652173913,2139.1304347826085,1,1
2024,35,053,456.7901234567902,820.9876543209876,3,3
2024,35,055,578.9885070781345,1748.545291375966,2,2
2024,35,057,316.33311814073596,1065.203357004519,3,3
2024,35,059,598.056316969848,1146.274607525542,3,3
2024,35,061,1463.2032424991714,3341.9154197150065,2,2
2024,36,001,1210.6568081307687,3149.3479865496597,2,2
2024,36,003,NA,NA,NA,NA
2024,36,005,NA,NA,NA,NA
2024,36,007,1018.8572181296801,2869.62072774068,2,2
2024,36,009,854.9477969663143,1480.0709173287808,3,3
2024,36,011,896.1146174535966,1018.6146840297197,3,3
2024,36,013,1460.842413815077,2473.236474861403,3,3
2024,36,015,1385.32143596236,2166.8472372697724,2,2
2024,36,017,NA,NA,NA,NA
2024,36,019,NA,NA,NA,NA
2024,36,021,103.10965630114566,227.49590834697216,3,3
2024,36,023,1310.383600743848,2728.8846602949448,3,3
2024,36,025,53.94834446017938,49.452649088497765,3,3
2024,36,027,604.9225404064114,1294.01113272081,2,2
2024,36,029,1319.7674785561453,3492.6605948526335,2,2
2024,36,031,NA,NA,NA,NA
2024,36,033,25.698132602364225,42.83022100394038,3,3
2024,36,035,1087.8884295158803,1634.6904947891858,3,3
2024,36,037,1104.0545451399105,1545.3302645923823,3,3
2024,36,039,NA,NA,NA,NA
2024,36,041,NA,NA,NA,NA
2024,36,043,244.32284083873017,441.78924644811485,3,3
2024,36,045,1164.8122392211405,1562.9346314325453,2,2
2024,36,047,NA,NA,NA,NA
2024,36,049,263.0886608787161,315.70639305445934,3,3
2024,36,051,398.3869394126639,643.9233796221015,3,3
2024,36,053,822.837452471483,1342.680608365019,3,3
2024,36,055,1120.128211761678,3461.7440991942985,2,2
2024,36,057,236.23001130673558,656.1944758520433,3,3
2024,36,059,66.7822402419129,133.49251686287548,3,3
2024,36,061,14050.090918742639,18394.12277681735,2,2
2024,36,063,1029.7976945819353,2160.6769140237566,3,3
2024,36,065,1179.710549745989,2337.598854768597,2,2
2024,36,067,NA,NA,NA,NA
2024,36,069,NA,NA,NA,NA
2024,36,071,209.78023491451393,292.65941330395265,3,3
2024,36,073,NA,NA,NA,NA
2024,36,075,768.9503446287928,1149.6104380558359,3,3
2024,36,077,281.16057762693816,437.5457509815665,3,3
2024,36,079,321.07800666619096,609.5385650361341,3,3
2024,36,081,NA,NA,NA,NA
2024,36,083,NA,NA,NA,NA
2024,36,085,NA,NA,NA,NA
2024,36,087,672.1597739577575,1647.3471918755831,3,3
2024,36,089,602.4658198571242,1274.8773618338837,3,3
2024,36,091,378.1202262846016,706.300045324067,3,3
2024,36,093,1605.6719191364914,2860.27848274916,2,2
2024,36,095,163.06699058204933,179.7064794169523,3,3
2024,36,097,261.9291652431386,341.6467372736591,3,3
2024,36,099,762.4544349939247,1473.2685297691373,3,3
2024,36,101,274.3336069469046,330.496392621074,3,3
2024,36,103,39.8001236483316,102.27782185490797,3,3
2024,36,105,NA,NA,NA,NA
2024,36,107,305.0309209426709,449.18936988133044,3,3
2024,36,109,806.413040358916,2366.626170638147,2,2
2024,36,111,390.46883642477314,677.980953006829,3,3
2024,36,113,766.213349207076,1454.584306363234,2,2
2024,36,115,270.97584349492746,257.7575096659066,3,3
2024,36,117,NA,NA,NA,NA
2024,36,119,309.9000977315673,713.3304057210479,3,3
2024,36,121,155.96307196941112,488.01348325912505,3,3
2024,36,123,224.2518144010438,538.204354562505,3,3
2024,37,001,1192.591715572324,1932.2199987978195,1,1
2024,37,003,851.3676809842909,1683.510930462485,1,1
2024,37,005,528.011455163773,1190.2631107929121,3,3
2024,37,007,1709.3633630939028,3764.188613217282,3,3
2024,37,009,315.3988868274582,1283.8589981447124,3,3
2024,37,011,658.8557368260208,1627.4238767322438,3,3
2024,37,013,512.3710645183038,1179.8017932987257,3,3
2024,37,015,524.17006406523,1537.5655212580082,3,3
2024,37,017,872.6239599540012,1694.513968747886,3,3
2024,37,019,1375.7799800744585,2332.7303235278696,2,2
2024,37,021,1095.640763959761,3076.9791514798076,2,2
2024,37,023,721.6092476399384,2554.0369007309323,2,2
2024,37,025,418.5228677058834,1544.1165683300478,2,2
2024,37,027,1103.8977791156276,3526.1102216297413,2,2
2024,37,029,1030.060254676633,3021.112833212923,3,3
2024,37,031,1266.8479204026146,2643.605021114132,2,2
2024,37,033,450.8123549366185,468.66630958757366,3,3
2024,37,035,264.9559344374027,993.0873492795639,2,2
2024,37,037,889.7831204193145,2105.077035989046,1,1
2024,37,039,1045.2608077937894,2290.102158176037,3,3
2024,37,041,643.2494940734316,2103.2090199479617,1,1
2024,37,043,956.0723514211887,2127.476313522825,1,1
2024,37,045,802.8996708689675,1978.5315197882885,3,3
2024,37,047,400.87754287993613,1533.7056242520941,3,3
2024,37,049,1308.8137839628894,2140.1005730323936,3,3
2024,37,051,1151.69327563544,3284.3492002540283,2,2
2024,37,053,1104.5390673507402,1901.8986307637003,1,1
2024,37,055,1156.4356435643565,2743.2343234323434,2,2
2024,37,057,375.5522985473975,1279.8498887885457,2,2
2024,37,059,2182.584651647704,2275.5088164634426,3,3
2024,37,061,600.9973785482294,2091.5286057335093,3,3
2024,37,063,1104.4013133499013,3477.659438298212,2,2
2024,37,065,928.8923755188786,4156.532194032621,2,2
2024,37,067,2488.6445004187376,4337.583642275175,2,2
2024,37,069,162.1760228182746,815.584259337798,3,3
2024,37,071,1330.096343847617,3588.99239736318,2,2
2024,37,073,636.0832690824981,1657.6715497301466,3,3
2024,37,075,NA,NA,NA,NA
2024,37,077,893.6051382295448,2490.2672602132166,1,1
2024,37,079,463.73132871229126,1913.501903739139,3,3
2024,37,081,1858.2109565682194,4451.803786789401,2,2
2024,37,083,966.9638175144206,3488.2013633980073,3,3
2024,37,085,1081.4238784803904,2511.865779203923,2,2
2024,37,087,884.1083910503974,2874.150202674667,2,2
2024,37,089,601.5263713849341,1821.569837093102,3,3
2024,37,091,472.17199115933295,2993.771348201728,3,3
2024,37,093,1227.825763908238,2903.3156868208416,1,1
2024,37,095,108.88501742160278,500.8710801393728,1,1
2024,37,097,1275.1066147877598,2117.767863328354,2,2
2024,37,099,1136.922010797988,2063.985202513015,1,1
2024,37,101,595.911432876724,2048.1253975232967,3,3
2024,37,103,43.00150505267684,107.50376263169211,3,3
2024,37,105,199.03974717393945,776.4069527166646,3,3
2024,37,107,1496.7497587355924,3217.465722245489,3,3
2024,37,109,1012.7701799042236,1877.7772984166702,3,3
2024,37,111,649.3071825423388,2751.188165205168,3,3
2024,37,113,259.23899384205134,1348.3383068659978,1,1
2024,37,115,96.03512141583208,695.1113550098322,3,3
2024,37,117,1483.0900018480872,3922.5651450748474,3,3
2024,37,119,1595.4653648946091,5144.79002123311,2,2
2024,37,121,66.70224119530417,373.5325506937033,3,3
2024,37,123,634.4445726150651,2284.0004614142345,1,1
2024,37,125,775.2011899767344,2240.7414470422214,2,2
2024,37,127,631.1673331937227,2937.7576592681235,2,2
2024,37,129,1231.56583584507,3988.0286869391102,2,2
2024,37,131,992.2627133660151,4270.273462878743,3,3
2024,37,133,1575.0773811359818,2283.0966423351274,2,2
2024,37,135,1149.964916736466,3531.4824356041427,1,1
2024,37,137,1162.227602905569,2195.318805488297,1,1
2024,37,139,1012.5026104997902,2607.834159560229,1,1
2024,37,141,647.3220747146082,1562.6317235495496,3,3
2024,37,143,883.4189066747206,2151.9178495922683,3,3
2024,37,145,1049.5169692984675,2809.670729856861,1,1
2024,37,147,1944.2077282962646,3445.9600548554404,2,2
2024,37,149,745.5004480834277,1753.210970884364,1,1
2024,37,151,979.9520335402668,2692.6117958822224,2,2
2024,37,153,1216.228981673909,4919.23294917816,3,3
2024,37,155,1304.5039339792363,5784.874817626294,2,2
2024,37,157,999.6635225928297,2457.370483333514,3,3
2024,37,159,751.1121913595105,2742.1726263254104,2,2
2024,37,161,542.122285538272,2299.3993531495457,3,3
2024,37,163,601.9841937111149,2522.280141247688,3,3
2024,37,165,1021.1634745447851,4940.0584718621885,3,3
2024,37,167,485.6846761844364,1033.2400117554253,3,3
2024,37,169,249.29033689215052,497.04691489199814,3,3
2024,37,171,504.025201260063,1947.4973748687435,2,2
2024,37,173,1819.7388139584673,2718.9038749732395,1,1
2024,37,175,418.50939420023155,1356.4453414858567,1,1
2024,37,177,1402.2787028921998,2483.201869704937,3,3
2024,37,179,1007.4669964746384,2020.1553509452744,2,2
2024,37,181,2143.0934265866454,4860.356315864089,1,1
2024,37,183,1110.742799703805,3453.739901904245,2,2
2024,37,185,579.9414737962223,2138.8667198723065,3,3
2024,37,187,887.9023307436182,1942.2863485016646,3,3
2024,37,189,320.2764376717902,1086.1960772603588,3,3
2024,37,191,1169.3843705063807,4156.815192631707,2,2
2024,37,193,808.3718813983469,1818.4575718510655,3,3
2024,37,195,1010.229600909884,2877.638492211936,3,3
2024,37,197,928.8337680310854,2022.6752541651142,2,2
2024,37,199,90.43996382401447,574.5597701760919,3,3
2024,38,001,326.3403263403263,93.24009324009324,1,1
2024,38,003,835.421888053467,965.3764039728951,1,1
2024,38,005,1584.0220385674932,637.0523415977962,1,1
2024,38,007,97.65625,292.96875,3,3
2024,38,009,344.9357165255566,1019.1282533709626,3,3
2024,38,011,584.9965588437715,929.1121816930488,3,3
2024,38,013,324.6753246753247,695.7328385899814,1,1
2024,38,015,1366.7992047713717,3160.0397614314115,1,1
2024,38,017,1799.379524301965,4384.177869700103,2,2
2024,38,019,743.1874483897604,770.7129094412331,3,3
2024,38,021,141.84397163120568,263.4245187436677,1,1
2024,38,023,415.3207198892478,415.3207198892478,3,3
2024,38,025,668.3168316831683,1584.1584158415842,1,1
2024,38,027,303.4243606415258,563.5023840485479,3,3
2024,38,029,399.5082974800246,1413.6447449293178,3,3
2024,38,031,625.3722453841573,625.3722453841573,1,1
2024,38,033,423.4724742891712,181.48820326678765,1,1
2024,38,035,1622.259095210016,3697.0503133442126,2,2
2024,38,037,44.072278536800354,132.21683561040106,3,3
2024,38,039,846.3251670378619,712.694877505568,3,3
2024,38,041,534.5394736842105,904.6052631578948,1,1
2024,38,043,126.20950778291964,1177.9554059739169,1,1
2024,38,045,194.26906265177269,339.9708596406022,3,3
2024,38,047,384.82682792743265,274.8763056624519,3,3
2024,38,049,326.4835797964279,1229.1146533512579,3,3
2024,38,051,440.5286343612335,680.8169803764517,3,3
2024,38,053,2018.0155017107743,2416.032399972069,3,3
2024,38,055,732.9736333095796,1252.1632902371985,1,1
2024,38,057,335.8522250209908,803.6463955859422,3,3
2024,38,059,1986.5589010273263,3398.7624715042784,3,3
2024,38,061,2608.604186388977,2934.679709687599,2,2
2024,38,063,364.7214854111406,629.973474801061,1,1
2024,38,065,54.377379010331694,108.75475802066339,1,1
2024,38,067,594.6187007581389,683.8115058718596,1,1
2024,38,069,509.16496945010186,1145.6211812627291,1,1
2024,38,071,259.6053997923157,519.2107995846314,1,1
2024,38,073,726.5638844586213,1258.1959950381004,3,3
2024,38,075,520.8333333333333,477.4305555555556,3,3
2024,38,077,820.0675349734684,2152.6772793053547,1,1
2024,38,079,377.390137537739,620.5971150620597,3,3
2024,38,081,525.7623554153523,368.0336487907466,3,3
2024,38,083,613.9677666922487,1304.6815042210283,1,1
2024,38,085,6122.994652406417,2834.2245989304815,3,3
2024,38,087,NA,NA,NA,NA
2024,38,089,1132.0641402918743,2759.5940183772746,3,3
2024,38,091,166.29711751662973,498.8913525498891,1,1
2024,38,093,955.960833449348,1976.8898788806905,1,1
2024,38,095,288.6002886002886,481.00048100048105,3,3
2024,38,097,313.6762860727729,828.1053952321205,3,3
2024,38,099,923.432089265102,1279.3382070026933,1,1
2024,38,101,1003.2911429109943,1597.7266466588376,1,1
2024,38,103,334.19023136246784,874.0359897172237,3,3
2024,38,105,2131.209708001517,3362.4067753760587,3,3
2024,39,001,185.1851851851852,279.5933188090051,2,2
2024,39,003,1766.7285155980512,2980.583009218245,2,2
2024,39,005,653.9530187381988,1084.0601263929286,3,3
2024,39,007,806.8582955118508,764.6628999557463,3,3
2024,39,009,542.6243581644718,1514.488880250093,3,3
2024,39,011,266.6666666666667,492.14092140921406,3,3
2024,39,013,569.7004872237411,392.52821773860984,2,2
2024,39,015,127.722659368229,232.63770099213139,3,3
2024,39,017,824.8462534628906,1877.4802103611532,2,2
2024,39,019,154.04398355307723,144.03958682804753,3,3
2024,39,021,662.3028553757345,1383.877950726729,1,1
2024,39,023,1467.9116293523136,2872.1940247710086,2,2
2024,39,025,368.66949118765024,994.0602600634974,3,3
2024,39,027,302.1270458838275,767.533107381096,2,2
2024,39,029,520.8082543081368,547.7057888024171,3,3
2024,39,031,691.2693228826475,1300.8926627476596,3,3
2024,39,033,730.6264046450776,964.3750056474291,1,1
2024,39,035,1895.6874123524046,3372.7928344056377,2,2
2024,39,037,282.9786409272396,523.3166647284568,3,3
2024,39,039,657.2255692042876,1293.5868346243121,1,1
2024,39,041,1325.7641543159027,3619.556667176963,2,2
2024,39,043,986.4044022101543,1986.1951446654564,2,2
2024,39,045,1861.7215131177336,3901.6700606912436,2,2
2024,39,047,1104.7236459343399,1918.5482753844021,1,1
2024,39,049,1305.150387468232,3418.2383150121177,2,2
2024,39,051,107.38468781546996,229.18657031208014,3,3
2024,39,053,805.0089445438283,897.894591991193,3,3
2024,39,055,162.48506519907056,409.80376222017907,3,3
2024,39,057,953.592258934499,2333.892217489525,2,2
2024,39,059,256.39013159615934,609.580618999032,3,3
2024,39,061,1152.6413845472223,3585.434712090006,2,2
2024,39,063,1004.6555743368822,1710.7509605662485,2,2
2024,39,065,656.2756357670222,954.8810500410173,2,2
2024,39,067,587.166223961974,636.0967426254718,3,3
2024,39,069,761.7803895962564,1240.6137773424748,3,3
2024,39,071,625.2048291088227,908.9413124228554,3,3
2024,39,073,823.7706392316271,978.4524623187884,3,3
2024,39,075,176.21304545041835,325.3490484760935,3,3
2024,39,077,240.65066039070376,278.0362552472354,3,3
2024,39,079,808.5758039816232,1246.5543644716693,3,3
2024,39,081,863.3249635760563,1323.6616138131994,2,2
2024,39,083,261.00568843176006,463.31517412849314,1,1
2024,39,085,478.0032383642816,968.0642160746892,3,3
2024,39,087,267.51614776747215,151.35782044738556,3,3
2024,39,089,697.4524187803578,1780.8071007670294,3,3
2024,39,091,592.332226778624,583.6533663130032,3,3
2024,39,093,884.3639207215539,1340.3005420046168,2,2
2024,39,095,3087.403031617069,3145.940496124036,2,2
2024,39,097,635.6456141474875,1103.437983473325,3,3
2024,39,099,1164.8459474691124,2318.222058975739,2,2
2024,39,101,1348.8157490003075,1697.939095662873,3,3
2024,39,103,352.97934244190077,770.3874303939234,3,3
2024,39,105,808.3668249908659,634.819145049324,3,3
2024,39,107,371.9047170699557,520.1958384332926,1,1
2024,39,109,945.046528582035,1996.5161263335258,3,3
2024,39,111,355.3337869509337,128.52498676948665,3,3
2024,39,113,1489.2913229829458,3274.5285853268197,2,2
2024,39,115,417.5518277049301,908.35836202476,3,3
2024,39,117,505.59258840808945,406.7337024065077,3,3
2024,39,119,1339.769937309026,2243.7356379539765,2,2
2024,39,121,175.0455118330766,196.05097325304578,3,3
2024,39,123,420.0630094514177,467.5701355203281,3,3
2024,39,125,601.3517109254431,729.0724282901389,3,3
2024,39,127,152.78288862219614,405.7002895387353,3,3
2024,39,129,861.4524953850758,1624.785884152933,1,1
2024,39,131,1431.001331164029,1619.5829019375833,3,3
2024,39,133,495.34589962082663,1716.5201389126078,2,2
2024,39,135,434.1960014718508,789.8932908131977,3,3
2024,39,137,262.28361601678614,294.3405024188378,3,3
2024,39,139,1792.7070850828748,2500.2563337836445,2,2
2024,39,141,1126.915232965539,3074.831354912932,3,3
2024,39,143,311.3409779169077,888.0873796318351,3,3
2024,39,145,1003.7589326283614,2185.1377586847866,3,3
2024,39,147,295.0558730018309,650.751128019357,3,3
2024,39,149,1028.6048112833566,1775.542990673705,3,3
2024,39,151,1529.6599165342845,2561.722098139847,2,2
2024,39,153,1619.7937351172409,3062.2249881490734,2,2
2024,39,155,1078.3159579981393,1895.1898535183159,3,3
2024,39,157,644.043946528116,850.7874654976457,3,3
2024,39,159,374.29700927642335,1077.725092542195,1,1
2024,39,161,1243.6965456898065,2466.3284154195458,3,3
2024,39,163,506.7300079176564,696.7537608867775,3,3
2024,39,165,499.3683468679143,1249.8303487928686,3,3
2024,39,167,412.0180406253179,679.9145444063888,3,3
2024,39,169,598.8509615314633,1427.6711830575105,3,3
2024,39,171,577.3577711811324,1282.7146708788366,2,2
2024,39,173,424.94583976328937,1308.5380541517184,3,3
2024,39,175,504.6763589221224,921.3816094082785,3,3
2024,40,001,1675.6066411238824,2099.616858237548,1,1
2024,40,003,1106.0393258426966,2457.865168539326,3,3
2024,40,005,1126.6430210723972,2315.877321093261,1,1
2024,40,007,616.5473349244232,676.2132060461416,1,1
2024,40,009,970.74227921257,1444.8257178977788,1,1
2024,40,011,1669.8096777945436,1908.2433336279869,2,2
2024,40,013,1390.587113754585,3346.942159036744,3,3
2024,40,015,1353.7302791245413,2282.1212889937174,2,2
2024,40,017,1451.9617949602368,3654.3925857779896,1,1
2024,40,019,1400.4736896303161,3264.339408917722,1,1
2024,40,021,2026.9447561266804,2290.3755777674996,1,1
2024,40,023,797.3700776386655,2203.2594250542074,3,3
2024,40,025,270.5139765554554,901.7132551848512,3,3
2024,40,027,1804.6010617991703,4883.766957174745,2,2
2024,40,029,902.2556390977444,1503.7593984962405,1,1
2024,40,031,1840.344756823312,3055.202134208906,1,1
2024,40,033,1002.7347310847766,1969.0063810391975,3,3
2024,40,035,1272.5492938050622,2552.0906166969658,3,3
2024,40,037,477.944851143549,960.1113675762291,2,2
2024,40,039,631.153182805682,1183.064180515115,3,3
2024,40,041,1250.0302817413212,2386.201216114732,3,3
2024,40,043,665.1376146788991,1422.0183486238534,3,3
2024,40,045,1086.0711376595166,1466.1960358403476,3,3
2024,40,047,1884.2725195507355,3483.7318572394042,1,1
2024,40,049,1351.6774873824638,2439.002616026976,2,2
2024,40,051,938.2647341199004,1639.807492189085,1,1
2024,40,053,435.72984749455344,1646.090534979424,3,3
2024,40,055,1421.0238659136455,1621.424667516852,1,1
2024,40,057,1371.571072319202,1995.0124688279302,1,1
2024,40,059,624.4146113019044,936.6219169528567,3,3
2024,40,061,855.9445347941454,1258.2384661473936,3,3
2024,40,063,1427.382727322633,2708.9837515541376,2,2
2024,40,065,1288.597131047897,2107.1399627198316,1,1
2024,40,067,539.0334572490706,706.3197026022306,3,3
2024,40,069,934.0338587273789,992.4109748978401,3,3
2024,40,071,2193.6962750716334,3511.747851002865,2,2
2024,40,073,1015.4046360931923,1587.9446722399223,2,2
2024,40,075,1276.392699510915,1622.330907789574,1,1
2024,40,077,998.1088463963018,1176.7177978566926,1,1
2024,40,079,1147.738160764887,1802.132387417691,1,1
2024,40,081,930.811352671097,1510.3722812220851,2,2
2024,40,083,1005.5287343986348,1540.6208865338967,2,2
2024,40,085,1296.1699639411365,2183.023097164019,1,1
2024,40,087,866.6138015306784,1619.1648321667892,2,2
2024,40,089,1665.424618475197,3175.323202540259,1,1
2024,40,091,1469.0721649484535,2407.2164948453606,1,1
2024,40,093,1101.206082852648,1442.0555846879918,3,3
2024,40,095,1500.759878419453,2311.2968591691997,3,3
2024,40,097,1507.4234925765074,2527.5224724775276,2,2
2024,40,099,1025.2308587217333,1926.852323129499,1,1
2024,40,101,2166.0979847958383,3168.003341922078,2,2
2024,40,103,1220.5194090116545,1477.4708635404238,3,3
2024,40,105,1144.6740858505564,2310.545839957605,1,1
2024,40,107,1278.623949283076,3110.621819140695,2,2
2024,40,109,1269.226784297528,3506.464591175522,2,2
2024,40,111,1293.222025833484,2403.51842198098,2,2
2024,40,113,3220.110951501469,5316.386178186047,2,2
2024,40,115,1878.6460564912163,4752.644935895323,1,1
2024,40,117,738.1787010051974,1540.9309342004012,3,3
2024,40,119,1348.0559457956656,2852.7628480884077,2,2
2024,40,121,1127.1550239893484,2782.3052730653567,1,1
2024,40,123,2395.4170959559897,4138.3396508550195,1,1
2024,40,125,2578.1582743762465,5986.240769429303,1,1
2024,40,127,880.4448563484708,1612.6042632066728,3,3
2024,40,129,357.2491813039595,625.1860672819291,3,3
2024,40,131,2303.372160637403,3521.7746796300303,2,2
2024,40,133,1359.332786468345,2688.362809465439,2,2
2024,40,135,1783.7431008529854,2390.868038133467,3,3
2024,40,137,1368.5104819636747,2353.5624899543063,2,2
2024,40,139,871.2814094541254,1598.151535573313,2,2
2024,40,141,1345.8755426917512,2547.0332850940667,1,1
2024,40,143,1965.7915388162317,3180.536739692027,2,2
2024,40,145,2309.022300033831,3533.044615456015,2,2
2024,40,147,1135.3455172959634,1866.2514823676056,2,2
2024,40,149,1097.0173099486115,1383.9842184765012,3,3
2024,40,151,744.5323406235459,1349.4648673801767,3,3
2024,40,153,1195.5551145947018,1676.7536461950592,3,3
2024,41,001,837.29216152019,1650.83135391924,3,3
2024,41,003,972.9941844104073,3497.457229885223,2,2
2024,41,005,1062.3440014377547,4781.931825195889,2,2
2024,41,007,1252.3269588762905,3227.522181659938,2,2
2024,41,009,458.00385097115515,828.1457386947825,2,2
2024,41,011,970.2747312076758,2469.6499915158806,3,3
2024,41,013,528.9797161015337,548.0077634433154,3,3
2024,41,015,397.7588640349001,881.057268722467,3,3
2024,41,017,738.608275902178,2512.9159518062943,2,2
2024,41,019,988.6501534727674,2801.7702905275178,2,2
2024,41,021,1166.9203450025368,4667.681380010147,3,3
2024,41,023,NA,NA,NA,NA
2024,41,025,53.34044539271903,0,3,3
2024,41,027,564.7354110018824,2020.497803806735,3,3
2024,41,029,959.3747894630465,3123.357811763121,2,2
2024,41,031,1289.5290243225013,2146.569852795302,3,3
2024,41,033,666.8254346272922,2716.0661835584438,2,2
2024,41,035,995.0602872720543,2367.3608837388074,3,3
2024,41,037,NA,NA,NA,NA
2024,41,039,858.1311636695843,3803.15819336972,2,2
2024,41,041,920.2574366219293,2109.3320775449333,2,2
2024,41,043,604.3926144073305,1966.1253224057305,2,2
2024,41,045,297.30237215998,679.1012079864805,3,3
2024,41,047,875.2218335474415,3541.2402611958487,2,2
2024,41,049,983.739837398374,2317.0731707317073,3,3
2024,41,051,669.457859807028,3433.582121614492,2,2
2024,41,053,1107.8720747312943,3535.9805293091504,2,2
2024,41,055,1393.188854489164,2373.581011351909,3,3
2024,41,057,894.6755891766074,1647.5123654349725,3,3
2024,41,059,1047.035276457343,3686.5148861646235,2,2
2024,41,061,864.4430844553243,3618.421052631579,3,3
2024,41,063,NA,NA,NA,NA
2024,41,065,708.0445917445013,2662.699608315758,3,3
2024,41,067,1265.0009227672974,5231.33952831723,2,2
2024,41,069,NA,NA,NA,NA
2024,41,071,723.2706658757123,2018.6100227964448,2,2
2024,42,001,16.962729114639778,51.83056118362154,3,3
2024,42,003,645.4157503734853,1736.3276200999176,2,2
2024,42,005,NA,NA,NA,NA
2024,42,007,24.650681801784465,129.26577042399174,3,3
2024,42,009,6.314061414770694,12.628122829541388,3,3
2024,42,011,320.7741071325474,712.2155121647056,2,2
2024,42,013,469.17387468357566,1151.0838823519712,2,2
2024,42,015,NA,NA,NA,NA
2024,42,017,19.46063160561022,96.22201182773944,3,3
2024,42,019,16.222738195423158,194.6728583450779,3,3
2024,42,021,5.321656099378126,3.8011829281272336,3,3
2024,42,023,NA,NA,NA,NA
2024,42,025,26.001040041601666,338.0135205408216,3,3
2024,42,027,13.242861467056805,13.873473917869035,3,3
2024,42,029,61.8793808411215,212.47079439252335,3,3
2024,42,031,NA,NA,NA,NA
2024,42,033,NA,NA,NA,NA
2024,42,035,NA,NA,NA,NA
2024,42,037,NA,NA,NA,NA
2024,42,039,8.462691619517384,78.58213646694713,3,3
2024,42,041,269.5373027241264,679.2787121271041,2,2
2024,42,043,666.4525730939629,1787.681332076397,2,2
2024,42,045,11.56724019460587,47.13218765861794,3,3
2024,42,047,435.9798072510326,596.6039467645709,3,3
2024,42,049,539.6726283395031,1122.4595988879473,2,2
2024,42,051,4.762018143289126,7.936696905481877,3,3
2024,42,053,NA,NA,NA,NA
2024,42,055,169.50763647725702,336.98205050177637,3,3
2024,42,057,NA,NA,NA,NA
2024,42,059,NA,NA,NA,NA
2024,42,061,NA,NA,NA,NA
2024,42,063,NA,NA,NA,NA
2024,42,065,NA,NA,NA,NA
2024,42,067,NA,NA,NA,NA
2024,42,069,388.62620636051554,879.0354667678328,2,2
2024,42,071,203.60940689798562,428.7268497358992,2,2
2024,42,073,NA,NA,NA,NA
2024,42,075,45.08065970343861,142.17746521853718,3,3
2024,42,077,563.5168441752021,1359.334239105369,2,2
2024,42,079,16.784924086366065,23.498893720912488,3,3
2024,42,081,NA,NA,NA,NA
2024,42,083,NA,NA,NA,NA
2024,42,085,0,5.4916389796534775,3,3
2024,42,087,162.89828631002803,260.63725809604483,3,3
2024,42,089,422.64871802525147,998.7165328478046,3,3
2024,42,091,2.5358096667369776,54.63517191060579,3,3
2024,42,093,NA,NA,NA,NA
2024,42,095,177.80252232151062,271.8157602511112,2,2
2024,42,097,NA,NA,NA,NA
2024,42,099,NA,NA,NA,NA
2024,42,101,2152.552436972449,7135.884778560062,2,2
2024,42,103,NA,NA,NA,NA
2024,42,105,NA,NA,NA,NA
2024,42,107,0,7.662408225246938,3,3
2024,42,109,35.29293133003932,83.19048099223556,3,3
2024,42,111,NA,NA,NA,NA
2024,42,113,NA,NA,NA,NA
2024,42,115,NA,NA,NA,NA
2024,42,117,NA,NA,NA,NA
2024,42,119,30.619935933672508,136.6120218579235,3,3
2024,42,121,NA,NA,NA,NA
2024,42,123,NA,NA,NA,NA
2024,42,125,14.09747788446616,29.608727433296117,3,3
2024,42,127,NA,NA,NA,NA
2024,42,129,0.5673758865248227,8.51063829787234,3,3
2024,42,131,NA,NA,NA,NA
2024,42,133,1.9441636208103275,3.0242545212605094,3,3
2024,44,001,487.2251931075461,1174.4899980194098,1,1
2024,44,003,661.9774169466219,1824.958006718925,1,1
2024,44,005,885.9279209043552,1800.20553527765,1,1
2024,44,007,854.3229039759105,2115.201232150216,1,1
2024,44,009,489.47400724237406,1218.3146136377586,3,3
2024,45,001,679.6286696072987,1392.5038605112509,3,3
2024,45,003,1304.4982784962326,3375.352580977179,3,3
2024,45,005,2349.562720271505,3459.0784492886046,3,3
2024,45,007,1864.2690394750641,4221.431170662032,2,2
2024,45,009,2100.9047692071767,4669.529213310842,3,3
2024,45,011,2041.8108279323621,4137.225281419034,3,3
2024,45,013,1070.374011031046,2490.6193263508912,2,2
2024,45,015,1563.0946158169193,3249.1967733024576,2,2
2024,45,017,387.8155408263997,789.7334649555775,3,3
2024,45,019,1298.3613684915397,3023.9262954331703,2,2
2024,45,021,1338.2543333537749,3201.3412382527868,3,3
2024,45,023,1364.1165869119384,2635.013361506432,3,3
2024,45,025,2025.8541933126255,3944.363237712406,3,3
2024,45,027,2778.6742399793457,4360.033563544826,3,3
2024,45,029,2070.494804424619,3326.199623546399,3,3
2024,45,031,2493.6858595223634,4904.248857060647,3,3
2024,45,033,2110.401263369464,4698.155193453449,3,3
2024,45,035,1520.1498822341039,2684.459885595667,2,2
2024,45,037,349.7081022381771,940.7699263726315,3,3
2024,45,039,1683.698296836983,2695.8637469586374,3,3
2024,45,041,2372.4264679069697,4836.745261346149,2,2
2024,45,043,1402.4438635093418,2200.879053340308,3,3
2024,45,045,1247.7968035832018,3394.157300212104,2,2
2024,45,047,1018.866295384881,3317.07176675445,3,3
2024,45,049,1376.2601179339758,3114.040211988756,3,3
2024,45,051,1772.5108089479293,3459.1244230006055,2,2
2024,45,053,2301.979654510703,2144.057462743829,3,3
2024,45,055,1318.9097403167725,2750.534297508563,3,3
2024,45,057,1195.5013161043312,2710.6963388370423,3,3
2024,45,059,1707.4940837219774,3039.7482072185153,3,3
2024,45,061,2251.6392428553754,4002.226895954472,3,3
2024,45,063,1781.1178006381715,3944.6663074988232,2,2
2024,45,065,717.2131147540983,1618.8524590163934,3,3
2024,45,067,2508.37287189506,4981.858777560704,3,3
2024,45,069,2055.822906641001,4473.532242540905,3,3
2024,45,071,1022.5055288148823,2432.678548198257,3,3
2024,45,073,1324.733748400005,2768.768097031155,3,3
2024,45,075,2900.7963676984614,6528.293274716827,3,3
2024,45,077,663.4220635788521,1754.2777988970595,3,3
2024,45,079,1266.4668556326653,3276.3549394862034,2,2
2024,45,081,865.775308020284,1480.184282813677,3,3
2024,45,083,1351.2796689185805,2637.8018290875416,2,2
2024,45,085,1693.960372403915,3874.910479828121,2,2
2024,45,087,2053.1895108796725,4623.395945694625,3,3
2024,45,089,1819.7678740537629,4143.016566738039,3,3
2024,45,091,1077.048281592111,2679.170369765011,2,2
2024,46,003,378.5011355034065,567.7517032551098,1,1
2024,46,005,901.1341861308198,1900.6680822414419,1,1
2024,46,007,1136.0239162929745,747.3841554559043,3,3
2024,46,009,298.1260647359455,56.78591709256104,3,3
2024,46,011,656.2385087545612,1810.3131275987894,3,3
2024,46,013,1425.6672914961584,1887.6890989254694,3,3
2024,46,015,1249.290176036343,1154.6469808820746,3,3
2024,46,017,5641.592920353982,4867.256637168141,3,3
2024,46,019,533.9078306481829,861.7459722742601,3,3
2024,46,021,NA,NA,NA,NA
2024,46,023,1260.6400172395217,1820.9244693459757,3,3
2024,46,025,255.2974214960429,204.23793719683434,3,3
2024,46,027,1005.3222945002957,2155.2007359222025,3,3
2024,46,029,1449.577641047033,2037.056349289116,1,1
2024,46,031,210.19442984760903,919.6006305832896,3,3
2024,46,033,539.8110661268556,730.9941520467836,3,3
2024,46,035,1814.354450681636,3242.782678428228,1,1
2024,46,037,239.1024462019496,91.96247930844216,3,3
2024,46,039,323.4750462107209,392.7911275415897,1,1
2024,46,041,6090.297790585975,2420.749279538905,3,3
2024,46,043,70.72135785007072,70.72135785007072,3,3
2024,46,045,172.92490118577075,24.70355731225296,1,1
2024,46,047,1240.0110223201984,344.4475062000551,1,1
2024,46,049,94.07337723424271,47.03668861712136,1,1
2024,46,051,NA,NA,NA,NA
2024,46,053,99.60159362549801,74.7011952191235,3,3
2024,46,055,NA,NA,NA,NA
2024,46,057,392.2799309587321,1004.2366232543544,3,3
2024,46,059,63.69426751592356,0,3,3
2024,46,061,NA,NA,NA,NA
2024,46,063,261.3240418118467,0,3,3
2024,46,065,1817.2554347826087,2802.3097826086955,3,3
2024,46,067,81.03727714748784,40.51863857374392,3,3
2024,46,069,NA,NA,NA,NA
2024,46,071,178.4439685938615,1034.975017844397,3,3
2024,46,073,169.3002257336343,282.16704288939053,1,1
2024,46,075,NA,NA,NA,NA
2024,46,077,76.27765064836004,171.62471395881005,3,3
2024,46,079,683.5581480131243,984.323733138899,1,1
2024,46,081,1593.65475709617,2221.5694194543385,1,1
2024,46,083,1576.5492022611456,4031.7015559141246,2,2
2024,46,085,2148.2277121374864,1476.906552094522,3,3
2024,46,087,347.7656059815684,591.2015301686663,3,3
2024,46,089,699.3006993006993,1585.0815850815852,3,3
2024,46,091,483.42541436464086,690.6077348066298,1,1
2024,46,093,1147.5336267420396,1522.3001987556725,2,2
2024,46,095,NA,NA,NA,NA
2024,46,097,173.91304347826087,130.43478260869566,1,1
2024,46,099,1426.6723576796944,3568.4654321930393,2,2
2024,46,101,922.3073315616696,703.4547444114429,3,3
2024,46,102,NA,NA,NA,NA
2024,46,103,2472.4032510883226,4671.751164007411,1,1
2024,46,105,299.9000333222259,533.1556147950683,3,3
2024,46,107,NA,NA,NA,NA
2024,46,109,2465.512180804227,2093.7285979845415,3,3
2024,46,111,NA,NA,NA,NA
2024,46,115,594.9509567454575,401.9938896928766,3,3
2024,46,117,663.3499170812604,265.33996683250416,3,3
2024,46,119,NA,NA,NA,NA
2024,46,121,NA,NA,NA,NA
2024,46,123,1265.3715915166636,712.8854036713598,1,1
2024,46,125,45.034902049088046,101.3285296104481,3,3
2024,46,127,568.4046911966398,806.679717127056,2,2
2024,46,129,1612.5972301271108,739.8975526465566,3,3
2024,46,135,1490.5612026992399,2250.790125565901,3,3
2024,46,137,NA,NA,NA,NA
2024,47,001,824.2969085975865,1747.1471240537148,3,3
2024,47,003,1665.4861496640312,2052.185232689473,3,3
2024,47,005,693.489941272023,1162.0642259152817,3,3
2024,47,007,252.79403938265034,578.7653006918573,3,3
2024,47,009,1142.5864655178602,1177.0363086993032,3,3
2024,47,011,1334.3537568090758,2417.5032638545,2,2
2024,47,013,529.1215437758207,925.787585160605,3,3
2024,47,015,263.19341341611556,404.9129437171008,1,1
2024,47,017,387.11725106993447,568.6848078193691,3,3
2024,47,019,1143.2140570748159,2497.0640705541455,2,2
2024,47,021,996.9160152047622,1171.4360850127903,1,1
2024,47,023,777.9228891034013,970.9840440633695,3,3
2024,47,025,502.0636974065176,961.0053594529662,2,2
2024,47,027,521.5123859191656,391.13428943937424,1,1
2024,47,029,1157.199902208459,2379.5941651047187,1,1
2024,47,031,1716.960648922379,2399.5654341532127,3,3
2024,47,033,982.5014343086632,1355.421686746988,1,1
2024,47,035,552.294934936195,1638.002926691108,3,3
2024,47,037,2966.439552638982,6624.935551978659,2,2
2024,47,039,908.2892146123464,1367.4895614468194,1,1
2024,47,041,629.8010401259602,1154.6352402309271,3,3
2024,47,043,1316.4710715752997,1979.172248718361,3,3
2024,47,045,2201.259008040256,3502.0960142574568,3,3
2024,47,047,702.6140014329628,986.895324381168,3,3
2024,47,049,1149.7229271324252,1771.194779636439,3,3
2024,47,051,1429.470230947187,1986.2376150230548,2,2
2024,47,053,914.2470527618294,1183.3828126936494,2,2
2024,47,055,1044.7417337606305,2097.3207754028635,3,3
2024,47,057,426.42172406342496,761.506962753075,1,1
2024,47,059,1185.2906684536772,2116.4907578042107,3,3
2024,47,061,749.9451895217844,1728.0096763515396,3,3
2024,47,063,1330.8728339301729,1951.7338243366048,2,2
2024,47,065,1507.4749064307587,3639.6308268118405,2,2
2024,47,067,656.7425569176883,1984.8219497956802,1,1
2024,47,069,1313.254433216687,1875.5160618094603,3,3
2024,47,071,1221.242529479574,2470.9350721252745,3,3
2024,47,073,980.9650730573114,2355.1565546137613,2,2
2024,47,075,2117.3104434907013,2918.454935622318,1,1
2024,47,077,1504.0357106505946,2071.6882904934696,3,3
2024,47,079,785.0107000330016,1907.8194703031147,3,3
2024,47,081,912.0930963988048,1112.5963201761283,1,1
2024,47,083,718.3048006704178,909.8527475158627,1,1
2024,47,085,915.9987509107943,1139.7939002810451,2,2
2024,47,087,689.9991686757004,789.7580846288137,3,3
2024,47,089,1412.1924568908178,2640.186963450329,2,2
2024,47,091,791.3827214772477,1198.0655089030556,1,1
2024,47,093,1301.2295911346398,2323.7977286157184,2,2
2024,47,095,987.9920960632315,1656.7867457060345,3,3
2024,47,097,1521.1426726920593,2392.6726920593933,3,3
2024,47,099,471.52142778451037,954.0597113583783,3,3
2024,47,101,538.7931034482759,1385.4679802955666,3,3
2024,47,103,1316.141103662424,1471.084645320546,1,1
2024,47,105,846.7053601911915,1212.017753499488,1,1
2024,47,107,873.1108865325148,2264.442922075743,3,3
2024,47,109,1102.1317795229531,1365.7870704527684,3,3
2024,47,111,762.1951219512194,777.4390243902438,1,1
2024,47,113,2343.58154506331,4615.448899826754,2,2
2024,47,115,780.662961349622,1192.0680179263438,3,3
2024,47,117,1165.080862159838,1528.48703699054,3,3
2024,47,119,1815.5141072235829,2269.1586114822344,2,2
2024,47,121,629.5435809038447,1311.5491268830099,1,1
2024,47,123,1351.927499812338,1983.8204143997261,2,2
2024,47,125,1734.7631676724193,2604.280107451111,2,2
2024,47,127,509.43961642193585,1168.7144141444412,1,1
2024,47,129,523.3053751988873,736.332781063107,3,3
2024,47,131,1304.425616210668,2290.6439399821998,2,2
2024,47,133,606.9802731411229,641.6648601777584,3,3
2024,47,135,402.4376221685639,551.9144532597447,3,3
2024,47,137,216.57806654853317,452.8450482378421,3,3
2024,47,139,676.0531903005923,1357.6935970499496,3,3
2024,47,141,971.4382615857942,1981.6371520627922,3,3
2024,47,143,582.4899976465051,973.7585314191574,2,2
2024,47,145,971.556639836281,2057.1116320083406,2,2
2024,47,147,1058.1841103967138,1018.2557291466463,2,2
2024,47,149,1647.5990306283722,2842.676752272311,2,2
2024,47,151,696.4229186451408,832.0897209786099,3,3
2024,47,153,993.5153786661908,1374.2637872568266,1,1
2024,47,155,1562.437281740457,2330.108778549352,1,1
2024,47,157,3583.0034172022024,7821.26977184926,2,2
2024,47,159,637.5987051841679,1034.8717445681496,1,1
2024,47,161,769.9436800456263,748.5563555999145,1,1
2024,47,163,1660.8324644484564,3243.9259280588376,2,2
2024,47,165,785.6737555348026,1284.988973002597,2,2
2024,47,167,1415.0406966354199,1663.6069728526634,2,2
2024,47,169,786.1503721669316,1522.1209333444845,3,3
2024,47,171,354.80964181121874,703.9873845460689,3,3
2024,47,173,788.0182076256668,1561.352846165141,3,3
2024,47,175,497.1259903681839,1040.857542333385,1,1
2024,47,177,1569.9852962102168,1676.7063510885548,3,3
2024,47,179,777.0989613666941,1415.2334246219561,1,1
2024,47,181,303.0677882236517,432.9539831766452,3,3
2024,47,183,928.9074388973942,1371.336738180909,2,2
2024,47,185,461.6477272727273,1065.340909090909,1,1
2024,47,187,724.8058154885626,1313.246824900686,2,2
2024,47,189,814.2061018229905,1551.588426057114,3,3
2024,48,001,564.1271300369723,726.8233764977759,3,3
2024,48,003,736.1633530360021,1665.7710908113916,1,1
2024,48,005,1229.4471498138068,2517.3302778573475,2,2
2024,48,007,1017.0270259440783,1839.9875114180616,1,1
2024,48,009,112.7777151234916,281.94428780872903,3,3
2024,48,011,274.42371020856206,878.1558726673985,1,1
2024,48,013,1151.4444726133715,2358.6037419021604,1,1
2024,48,015,670.5165222970805,1235.16201475778,3,3
2024,48,017,520.7579921886302,824.5334876319977,1,1
2024,48,019,267.9260705690023,831.0249307479224,1,1
2024,48,021,1071.0422136737968,1870.822858421039,3,3
2024,48,023,401.72166427546625,258.2496413199426,1,1
2024,48,025,688.4792330212656,1721.198082553164,1,1
2024,48,027,1398.5634419496662,2236.5125601904383,2,2
2024,48,029,1828.7284526993678,5957.388449891485,2,2
2024,48,031,658.846215651615,964.1651936365098,1,1
2024,48,033,140.25245441795232,1963.5343618513323,1,1
2024,48,035,300.3759304954921,499.4280801050546,3,3
2024,48,037,1271.2370406557022,2106.0630733322478,2,2
2024,48,039,836.0214850043747,1267.6774148652032,2,2
2024,48,041,1125.8259014242028,2207.49367548316,2,2
2024,48,043,631.3795643481006,452.48868778280547,1,1
2024,48,045,153.72790161414298,307.45580322828596,1,1
2024,48,047,907.3887368572663,835.3737577416102,1,1
2024,48,049,1697.6556184316896,2553.0028424648604,3,3
2024,48,051,620.459245903378,875.0066288380973,1,1
2024,48,053,1004.9825799456186,1179.7897667449927,3,3
2024,48,055,1141.0567055915426,1866.049689319901,1,1
2024,48,057,921.0791222065633,1313.6702234749346,3,3
2024,48,059,582.8242398707955,807.5275612667649,1,1
2024,48,061,1693.889045339341,2757.9085703557685,2,2
2024,48,063,711.0486013439601,882.9504610095327,1,1
2024,48,065,275.81451473883817,655.0594725047406,1,1
2024,48,067,305.9568998491412,717.6870475515028,3,3
2024,48,069,272.33115468409585,285.9477124183006,1,1
2024,48,071,950.9578971577339,1882.8357652257803,1,1
2024,48,073,962.0721198882035,1578.4760141096262,3,3
2024,48,075,682.1889366750705,756.3399080527955,3,3
2024,48,077,2022.1006088396664,3407.115416144026,2,2
2024,48,079,196.078431372549,313.7254901960784,1,1
2024,48,081,208.76826722338203,894.7211452430658,3,3
2024,48,083,408.5280224690412,497.893527384144,3,3
2024,48,085,1080.2237807048136,2669.478673391844,2,2
2024,48,087,347.75888717156107,77.27975270479135,1,1
2024,48,089,790.2504046462915,1789.9647719699135,1,1
2024,48,091,640.7892637189636,1329.3429494060658,2,2
2024,48,093,953.405017921147,1655.9139784946237,1,1
2024,48,095,240.3846153846154,480.7692307692308,3,3
2024,48,097,713.1905403521814,1433.3503693722994,3,3
2024,48,099,955.6947545835229,1213.620146575921,1,1
2024,48,101,NA,NA,NA,NA
2024,48,103,629.0672451193059,1518.4381778741865,1,1
2024,48,105,850.4606661941884,1452.8703047484053,3,3
2024,48,107,654.6320174568538,1547.3120412616545,3,3
2024,48,109,NA,NA,NA,NA
2024,48,111,271.7174138895549,671.3018460800769,1,1
2024,48,113,1161.443642278285,2864.625876005835,2,2
2024,48,115,1450.4697544090984,2002.6372177352894,3,3
2024,48,117,931.7443120260023,1489.7074756229686,3,3
2024,48,119,845.8992276572269,570.0625229863921,3,3
2024,48,121,1514.9467510257975,3902.4661139330474,2,2
2024,48,123,887.7703595356804,1654.4258184460123,1,1
2024,48,125,NA,NA,NA,NA
2024,48,127,1778.0429594272077,3377.0883054892597,3,3
2024,48,129,614.0620202640466,921.0930303960699,1,1
2024,48,131,1529.4600698008621,1960.5830424964072,3,3
2024,48,133,694.0203209149963,1393.5928043973126,3,3
2024,48,135,1017.1036188487869,1276.2509995735381,1,1
2024,48,137,620.1550387596899,2945.736434108527,1,1
2024,48,139,834.1812860399228,1912.6443041374941,2,2
2024,48,141,1409.8870092181828,2321.1400366798007,1,1
2024,48,143,771.7952230899209,1365.483856236014,2,2
2024,48,145,289.16777514313804,543.6354172690995,2,2
2024,48,147,549.9455134766816,870.7952321320092,3,3
2024,48,149,531.1077389984825,1030.2691478316428,3,3
2024,48,151,355.6771545827633,437.75649794801643,1,1
2024,48,153,1054.4478527607362,2281.441717791411,1,1
2024,48,155,100.90817356205852,0,3,3
2024,48,157,1830.3189666047906,3736.603474974506,2,2
2024,48,159,597.0357989512484,821.3215182949364,1,1
2024,48,161,643.9436533170533,988.6205102851615,1,1
2024,48,163,844.9036702184911,1420.7297384565709,1,1
2024,48,165,539.7625044980208,872.616048938467,3,3
2024,48,167,1356.108003853603,1914.7338245389212,2,2
2024,48,169,762.0164126611958,801.0941774130519,1,1
2024,48,171,348.78651358814125,494.11422758320015,1,1
2024,48,173,468.1647940074906,4213.483146067416,1,1
2024,48,175,602.1565607057835,700.1820473323064,1,1
2024,48,177,1269.457458062566,2060.349604553927,3,3
2024,48,179,1591.8270373010214,2385.364694701829,3,3
2024,48,181,923.5070760792356,1578.0761224627322,2,2
2024,48,183,1022.6377240676886,2194.7312100452064,2,2
2024,48,185,944.4798978940652,1614.550095724314,1,1
2024,48,187,858.0194920881404,1526.2430248104247,2,2
2024,48,189,746.1090510394738,1747.116957439067,2,2
2024,48,191,177.3049645390071,425.53191489361706,3,3
2024,48,193,654.2945515108256,951.7011658339281,3,3
2024,48,195,39.070130884938465,234.42078530963082,3,3
2024,48,197,542.7020851185376,57.12653527563553,3,3
2024,48,199,588.1128343915894,891.710905242705,3,3
2024,48,201,1899.8279048633233,4414.162994557986,2,2
2024,48,203,1414.3624378265465,3149.10324284643,1,1
2024,48,205,310.06832472368717,728.8282123312752,1,1
2024,48,207,287.44494872816705,631.1488149691057,1,1
2024,48,209,1696.1979393912834,3887.135122355468,1,1
2024,48,211,371.0575139146568,927.643784786642,1,1
2024,48,213,742.1446522802397,1593.4511647865766,3,3
2024,48,215,1587.0364370381747,2509.369636212593,2,2
2024,48,217,822.4389198456923,1435.91941705958,3,3
2024,48,219,641.2956981697326,1287.2723868370547,3,3
2024,48,221,866.543236106474,1698.1819285519166,3,3
2024,48,223,391.7001905568495,561.0840567435952,3,3
2024,48,225,480.703822955875,1283.3885084576664,3,3
2024,48,227,2901.82719108083,3923.815422731496,1,1
2024,48,229,323.24419629738463,146.92918013517485,1,1
2024,48,231,1034.6746480050024,1390.9654809579804,3,3
2024,48,233,995.8382877526755,1956.9956401109791,1,1
2024,48,235,638.75088715401,1490.41873669269,1,1
2024,48,237,562.9362756136005,799.3695113713128,1,1
2024,48,239,640.1795142555438,857.9725448785639,3,3
2024,48,241,577.5048125401045,1298.6219329605524,3,3
2024,48,243,482.573726541555,857.9088471849867,1,1
2024,48,245,2263.724355987803,2971.9569381412734,2,2
2024,48,247,719.272265707637,719.272265707637,1,1
2024,48,249,1778.6357786357787,2972.972972972973,3,3
2024,48,251,699.3407939981789,1106.6485442087774,3,3
2024,48,253,1854.0038677043037,2575.601509724641,1,1
2024,48,255,694.815606627472,1449.7594869053983,1,1
2024,48,257,1058.6680930494756,1790.014539304632,3,3
2024,48,259,460.290077137499,1151.4785020944207,3,3
2024,48,261,0,2758.6206896551726,1,1
2024,48,263,NA,NA,NA,NA
2024,48,265,865.5985342780758,1071.2482940417656,3,3
2024,48,267,318.9792663476874,410.1161995898838,1,1
2024,48,269,NA,NA,NA,NA
2024,48,271,190.05384859043394,221.72949002217294,1,1
2024,48,273,1174.0083063540337,2455.9338107851795,3,3
2024,48,275,393.1055337163592,483.8221953432114,3,3
2024,48,277,1411.1192247725435,2368.311985632241,3,3
2024,48,279,1091.3626442157781,1247.2715933894606,3,3
2024,48,281,1897.7231317876115,3052.965873563014,3,3
2024,48,283,43.866062289808454,87.73212457961691,1,1
2024,48,285,536.7063294829612,889.6950573172743,2,2
2024,48,287,795.7264481664904,1263.1461799565968,3,3
2024,48,289,273.2549342786856,1342.5271285015472,3,3
2024,48,291,829.9640241085704,1986.0836409700166,1,1
2024,48,293,1050.1279001929722,1476.4618767670422,3,3
2024,48,295,274.16038382453735,274.16038382453735,1,1
2024,48,297,619.6213425129088,955.2495697074011,1,1
2024,48,299,984.9115769132754,1230.0084374483874,3,3
2024,48,301,NA,NA,NA,NA
2024,48,303,2201.511427607063,4365.108895524784,2,2
2024,48,305,521.55771905424206,434.6314325452016,3,3
2024,48,307,931.5943571998935,1117.9132286398722,1,1
2024,48,309,1359.3826930315702,2457.528319810712,2,2
2024,48,311,142.85714285714286,1285.7142857142858,1,1
2024,48,313,399.00561975909545,794.6679878716394,3,3
2024,48,315,410.80414912190616,1684.297011399815,3,3
2024,48,317,1853.6868338017155,5130.532503669479,1,1
2024,48,319,176.99115044247787,126.42225031605564,1,1
2024,48,321,1398.331911145366,3025.131437694404,3,3
2024,48,323,1067.4563548087187,2604.937846492889,1,1
2024,48,325,1986.1178357695678,6313.979793941408,2,2
2024,48,327,460.3580562659846,460.3580562659846,1,1
2024,48,329,2314.3876913936106,3342.5955761813216,2,2
2024,48,331,868.3068017366137,1149.919818516056,3,3
2024,48,333,487.6967412990468,399.02460651740193,1,1
2024,48,335,410.2905300510091,809.4921268573963,1,1
2024,48,337,532.1676328043334,1035.8262852798632,3,3
2024,48,339,1934.6902483859417,4099.213694711791,2,2
2024,48,341,1183.736489963973,2199.0361671267488,1,1
2024,48,343,841.2904343416473,1424.0739007575908,3,3
2024,48,345,0,338.12341504649197,1,1
2024,48,347,1154.046837113655,1691.1697001319787,3,3
2024,48,349,950.448721463691,2196.998775383378,2,2
2024,48,351,322.50062019350037,669.8089804018854,1,1
2024,48,353,1369.86301369863,1501.3145150131452,1,1
2024,48,355,2702.7373978766313,4605.519654757455,2,2
2024,48,357,623.3394645411813,623.3394645411813,1,1
2024,48,359,400.17785682525573,800.3557136505115,3,3
2024,48,361,1170.9494877387376,1672.6120536247884,1,1
2024,48,363,370.9213382004607,894.9284758050435,3,3
2024,48,365,944.299355462191,1327.120793462719,2,2
2024,48,367,1218.4455628321714,2985.7682257956412,2,2
2024,48,369,318.5695200904326,482.9924982016237,1,1
2024,48,371,671.3211600429645,738.453276047261,3,3
2024,48,373,1160.9848484848485,1655.3030303030303,1,1
2024,48,375,2087.531744067282,3481.598543789866,1,1
2024,48,377,337.2681281618887,252.95109612141653,3,3
2024,48,379,195.69471624266143,391.38943248532286,1,1
2024,48,381,2084.6067363715824,3523.1163749159336,2,2
2024,48,383,773.5148514851485,1639.851485148515,1,1
2024,48,385,642.3982869379015,1498.9293361884368,1,1
2024,48,387,387.56351735423306,680.3892860218758,3,3
2024,48,389,994.9463044851548,2763.7397346809857,3,3
2024,48,391,924.407335619502,1043.6857015058895,3,3
2024,48,393,0,240.3846153846154,1,1
2024,48,395,728.1412011417254,1112.5997553445563,1,1
2024,48,397,1047.249389182682,2495.774800838972,2,2
2024,48,399,567.1460401053271,739.3153737087299,1,1
2024,48,401,1291.180452541374,2030.0963941087384,2,2
2024,48,403,478.8985333732416,638.5313778309887,3,3
2024,48,405,495.30099060198114,736.6014732029464,3,3
2024,48,407,608.276783516754,1230.6177701206007,1,1
2024,48,409,804.4307923094384,1200.9985739879278,3,3
2024,48,411,245.78651685393257,210.67415730337078,3,3
2024,48,413,335.9932801343973,629.987400251995,1,1
2024,48,415,1491.9941775836971,1637.5545851528384,1,1
2024,48,417,440.9448818897638,377.9527559055118,3,3
2024,48,419,765.8869799213413,1163.3202235561996,3,3
2024,48,421,261.437908496732,435.72984749455344,3,3
2024,48,423,1074.2847732259665,2076.7469454108623,2,2
2024,48,425,712.0008255082035,681.044267877412,3,3
2024,48,427,958.1182738734921,1389.4985393615573,2,2
2024,48,429,1304.6732969735858,1550.6362955833602,1,1
2024,48,431,272.4795640326975,272.4795640326975,1,1
2024,48,433,162.99918500407497,570.4971475142625,1,1
2024,48,435,396.7043027158987,305.15715593530666,1,1
2024,48,437,735.1881216664264,1845.1780308490702,3,3
2024,48,439,1049.5564808498457,2766.512146746425,2,2
2024,48,441,1616.5721697968395,2267.76858573184,1,1
2024,48,443,NA,NA,NA,NA
2024,48,445,1049.1013844698598,1436.0650098890703,1,1
2024,48,447,61.01281269066504,305.0640634533252,1,1
2024,48,449,634.505627650416,1820.6166501929026,3,3
2024,48,451,1653.3279811334955,3408.682271674319,2,2
2024,48,453,1245.2362195903395,3075.559793755796,2,2
2024,48,455,469.88466467321655,697.707532393564,1,1
2024,48,457,187.76558948512698,499.0611720525744,1,1
2024,48,459,473.38177087122716,1111.4637136794838,3,3
2024,48,461,282.0432466311501,1002.8204324663114,1,1
2024,48,463,1354.4471685221654,2218.5603472529237,1,1
2024,48,465,1430.6361408433004,1857.9418110219726,1,1
2024,48,467,438.9535347731009,675.1903462146244,2,2
2024,48,469,1441.808057934867,2487.6111712776083,1,1
2024,48,471,1150.743682130434,2023.463701080926,1,1
2024,48,473,970.1298331224474,2178.9220457370575,1,1
2024,48,475,1435.7501794687723,2692.0315865039483,1,1
2024,48,477,1574.4808579146998,2133.8718039675823,3,3
2024,48,479,1470.511782661329,2238.44571360669,2,2
2024,48,481,1079.1022634827966,2019.4286261185814,3,3
2024,48,483,329.0826820238585,452.48868778280547,3,3
2024,48,485,1790.6555133252382,2903.4918282683193,2,2
2024,48,487,1910.2726696258717,2710.843373493976,3,3
2024,48,489,2125.2296539053577,2130.195143750931,2,2
2024,48,491,1332.9028658371706,3220.257035900361,2,2
2024,48,493,519.7393729770083,1550.8298563092603,1,1
2024,48,495,831.7681781593775,1583.0426616581701,3,3
2024,48,497,621.2919138724085,1189.254049730018,3,3
2024,48,499,527.0823744287883,844.6947385594054,3,3
2024,48,501,633.9981508387267,1439.7041341962752,1,1
2024,48,503,582.3950302290754,454.8227855122303,3,3
2024,48,505,650.242034535077,549.0932736073984,1,1
2024,48,507,807.4798130046748,701.2324691882702,1,1
2024,49,001,618.7267977450846,1168.706173518493,3,3
2024,49,003,818.0126049048101,1136.4007445384188,1,1
2024,49,005,753.3239078588464,1206.7463547691473,2,2
2024,49,007,911.4392942437979,1418.3360140371399,1,1
2024,49,009,NA,NA,NA,NA
2024,49,011,678.5756650958148,1750.2237655153078,2,2
2024,49,013,1119.6432994798117,2685.1622491949465,3,3
2024,49,015,726.6573760700777,1065.1005375273742,1,1
2024,49,017,479.0189691511784,1417.896148687488,3,3
2024,49,019,2173.4672954685257,2122.206274348985,1,1
2024,49,021,1058.6005268907022,1705.9692861273534,2,2
2024,49,023,728.4509821427861,1419.2644610732864,3,3
2024,49,025,550.795593635251,1028.1517747858018,1,1
2024,49,027,1299.286518963575,1945.1746150957567,3,3
2024,49,029,NA,NA,NA,NA
2024,49,031,590.318772136954,236.12750885478158,1,1
2024,49,033,304.0668947168377,304.0668947168377,1,1
2024,49,035,1392.3658734718663,4160.497923043155,2,2
2024,49,037,414.27880963888697,241.6626389560174,3,3
2024,49,039,484.5385107170497,847.942393754837,3,3
2024,49,041,1154.6298392574145,1584.7860538827258,3,3
2024,49,043,577.0182850169845,1413.7973991171586,3,3
2024,49,045,1466.9741767174562,2398.3263387399647,3,3
2024,49,047,1119.9265975820379,2339.70207253886,2,2
2024,49,049,652.3021320025139,1699.1858252332952,2,2
2024,49,051,805.2378225211555,2162.7947644761666,3,3
2024,49,053,941.2974530496714,2143.7553135706685,2,2
2024,49,055,NA,NA,NA,NA
2024,49,057,1154.0971933780336,2438.364089479618,2,2
2024,50,001,146.02803738317758,610.6627017841971,1,1
2024,50,003,732.5122756178057,1789.6911642383752,3,3
2024,50,005,360.9515996718622,1319.1140278917146,1,1
2024,50,007,554.9075743116672,4018.0727859659046,1,1
2024,50,009,NA,NA,NA,NA
2024,50,011,462.1035585923615,2517.871953868636,3,3
2024,50,013,107.38255033557046,134.22818791946307,1,1
2024,50,015,302.1263576564173,1193.2078935291418,1,1
2024,50,017,97.44296226605289,127.68388159000034,2,2
2024,50,019,249.94566398608995,728.1025863942622,1,1
2024,50,021,398.8415390980555,1904.8407116259825,3,3
2024,50,023,581.501907792792,1909.4589866204576,3,3
2024,50,025,542.2119635041265,1687.607516930514,2,2
2024,50,027,324.1938265218141,788.0669080876013,2,2
2024,51,001,992.9503524823758,1694.915254237288,2,2
2024,51,003,854.514919203961,2605.3133076340728,3,3
2024,51,005,1049.8687664041995,1393.0950938824953,3,3
2024,51,007,1158.8174119744465,1158.8174119744465,1,1
2024,51,009,686.0409718913768,1635.6995394632363,3,3
2024,51,011,716.4358819987959,1077.6640577965081,3,3
2024,51,013,905.3814961863079,4306.805387422012,1,1
2024,51,015,766.3424448630708,1596.760344982251,1,1
2024,51,017,463.4146341463414,682.9268292682926,1,1
2024,51,019,792.3949860311025,1210.2257274952406,1,1
2024,51,021,419.4224874979836,871.1082432650428,1,1
2024,51,023,935.1840959887073,1502.7643806610986,3,3
2024,51,025,429.26582917745094,1111.0409696357553,1,1
2024,51,027,839.5570435230492,1977.8521761524594,1,1
2024,51,029,477.1442035815269,1248.8218661639962,1,1
2024,51,031,932.8897888342494,1730.1851316170091,1,1
2024,51,033,1093.5260763910524,1542.1521590130226,1,1
2024,51,035,288.09548307439036,1035.77185581507,1,1
2024,51,036,648.8607212916855,980.8359740455711,1,1
2024,51,037,744.177902293819,963.0537559096481,1,1
2024,51,041,1302.832463102292,3039.6777719262495,3,3
2024,51,043,466.6140904311251,1143.5331230283912,1,1
2024,51,045,432.45469522240523,906.0955518945634,1,1
2024,51,047,935.7133665459492,1707.8147691968306,1,1
2024,51,049,1052.9334267140937,1728.101987383045,1,1
2024,51,051,480.594189179349,866.5258865506445,3,3
2024,51,053,723.6352027242738,1465.0065623780638,3,3
2024,51,057,988.4213499011578,1948.6020898051397,1,1
2024,51,059,676.8382618786466,2213.641832420457,2,2
2024,51,061,760.2880244579428,1214.8517639486704,1,1
2024,51,063,384.78804591804015,596.4214711729622,3,3
2024,51,065,590.9155631496511,1078.59888936352,1,1
2024,51,067,1037.5476147288227,1529.1130056230727,3,3
2024,51,069,998.8632536207476,1619.8635904344897,3,3
2024,51,071,404.6626804372773,1721.3263272331944,2,2
2024,51,073,1267.520113343116,1753.2763244446692,1,1
2024,51,075,454.3733434305188,1268.458917076865,1,1
2024,51,077,791.5222084123765,1308.301170929548,3,3
2024,51,079,1252.6589458756796,1800.9926731269204,1,1
2024,51,081,585.3658536585366,1135.2549889135255,1,1
2024,51,083,838.3126727905111,1783.6439846606618,1,1
2024,51,085,904.5083673668264,1754.9765678292683,1,1
2024,51,087,715.4260388867709,3308.7709683568432,3,3
2024,51,089,738.295318127251,1956.7827130852343,1,1
2024,51,091,348.4320557491289,1263.0662020905925,1,1
2024,51,093,778.0057037074098,1628.558563065993,1,1
2024,51,095,966.5115475294089,1944.1324231913397,3,3
2024,51,097,627.3338312173264,851.3816280806573,1,1
2024,51,099,1096.931459707485,1910.668196157155,1,1
2024,51,101,882.052385306298,1156.3491636637445,1,1
2024,51,103,992.7474117151171,1407.4354641817208,3,3
2024,51,105,589.0410958904109,1552.5114155251142,1,1
2024,51,107,590.072009570483,1445.50321248597,1,1
2024,51,109,630.3151575787894,1483.2416208104053,3,3
2024,51,111,665.7789613848203,757.323568575233,1,1
2024,51,113,947.0236399886072,1409.8547422386785,1,1
2024,51,115,515.2224824355972,1241.2177985948476,1,1
2024,51,117,707.8254030672434,1782.671385502687,1,1
2024,51,119,497.83350235088045,1216.92633907993,3,3
2024,51,121,983.8447644322458,2648.812827317585,1,1
2024,51,125,739.8859625305457,2043.1713277219658,1,1
2024,51,127,661.2228639713205,1334.3955387373035,1,1
2024,51,131,812.671034082428,945.3520192387429,3,3
2024,51,133,692.7563427538137,1452.9279425425584,1,1
2024,51,135,948.900429569789,1750.3366031929215,1,1
2024,51,137,581.6720427264555,1187.1397599280842,1,1
2024,51,139,480.4652927045138,1146.3733299616472,1,1
2024,51,141,828.0036546368206,1815.897670169027,1,1
2024,51,143,720.0614808874633,1052.5260625501203,1,1
2024,51,145,760.5767707177944,1166.2177151006179,1,1
2024,51,147,1148.4951635079572,2220.107959986964,1,1
2024,51,149,1223.7519121123628,1710.4714226115977,3,3
2024,51,153,1070.610374734086,2458.0674194076255,3,3
2024,51,155,1502.06311039867,3479.0868881170777,1,1
2024,51,157,659.7549481621112,754.0056550424129,1,1
2024,51,159,450.7971412864211,593.7328202308961,1,1
2024,51,161,866.8047782484565,2033.538439339126,3,3
2024,51,163,630.2427766188806,1580.0452709600108,3,3
2024,51,165,391.3551401869159,1086.4485981308412,2,2
2024,51,167,1226.6279878379553,1547.6449319418616,1,1
2024,51,169,749.569346803855,2146.2824153824668,1,1
2024,51,171,914.8580968280468,1778.519755147468,2,2
2024,51,173,676.8114142639442,1536.3724265237313,1,1
2024,51,175,1091.0710309507904,2109.77510576709,3,3
2024,51,177,900.3908514832575,1204.6138209995702,1,1
2024,51,179,1133.569060232709,1927.0062275947291,1,1
2024,51,181,397.0071766681936,1023.0569552603451,1,1
2024,51,183,882.4895494658615,1811.4259173246633,3,3
2024,51,185,956.4910155461336,2180.496668685645,2,2
2024,51,187,1122.0534058895764,1964.7973802701595,1,1
2024,51,191,730.4121980557572,2093.6083375676267,2,2
2024,51,193,807.3940295336237,1280.144481036864,1,1
2024,51,195,851.2292497910827,1725.8024071335121,2,2
2024,51,197,301.5467574854548,1404.85312899106,3,3
2024,51,199,1063.3054010280966,2519.5408774029997,1,1
2024,51,510,1222.4798695341963,4214.01997757619,1,1
2024,51,520,2902.2493916552908,5163.511187607573,1,1
2024,51,530,834.2181101167904,728.0448961019263,1,1
2024,51,540,1520.7870237911834,4870.480005282038,1,1
2024,51,550,1602.2455984765402,3368.001805347153,1,1
2024,51,570,1645.5972101133393,6353.530950305143,1,1
2024,51,580,1250,1883.8028169014083,1,1
2024,51,590,2778.699009807173,4491.400957028474,1,1
2024,51,595,3028.664142779881,4867.495943753381,1,1
2024,51,600,1114.840565811556,4751.058898745305,1,1
2024,51,610,632.2229775662814,2569.6804894629504,1,1
2024,51,620,2836.3636363636365,5757.575757575758,1,1
2024,51,630,2833.0966647040486,5946.732241194196,1,1
2024,51,640,2735.652691049658,7121.61760333036,1,1
2024,51,650,1684.3926517734465,4385.091271254825,3,3
2024,51,660,1109.1220423412203,3185.320672478207,1,1
2024,51,670,1833.7035585173571,3205.7145346051657,1,1
2024,51,678,451.8272425249169,1315.6146179401994,1,1
2024,51,680,1967.3698378555166,2914.5753927821174,1,1
2024,51,683,1782.390171258377,3413.533134772896,1,1
2024,51,685,726.2769377306822,1369.210620311942,1,1
2024,51,690,1244.6917557475472,2306.3406062381023,1,1
2024,51,700,2225.6481521691926,4269.987406088505,1,1
2024,51,710,2083.511703967534,5379.801023990137,2,2
2024,51,720,1313.9502376292983,11518.031870282359,1,1
2024,51,730,2471.896711095208,4806.631481647136,3,3
2024,51,735,1439.9873407706305,1843.5002769206424,1,1
2024,51,740,2056.7959666632373,6042.802757485339,2,2
2024,51,750,1524.5725218223124,2989.357885926103,1,1
2024,51,760,1288.3732489241756,5491.827222825353,1,1
2024,51,770,3077.626963550404,6301.662345584871,1,1
2024,51,775,554.2977593879303,2439.690842376454,1,1
2024,51,790,1036.6887621396638,2755.5110220440883,1,1
2024,51,800,1600.267217296247,3010.243329689461,1,1
2024,51,810,1068.2613526051334,2696.40121924229,1,1
2024,51,820,1046.363994571166,2937.6997504487545,1,1
2024,51,830,1139.384732244588,3538.4225851373594,1,1
2024,51,840,2067.137176226131,3647.0461791996563,1,1
2024,53,001,1091.3461538461538,2923.076923076923,1,1
2024,53,003,1219.5664752748476,2639.42671473717,1,1
2024,53,005,1371.9734153730537,4165.7077100115075,2,2
2024,53,007,760.8641420944969,2454.7223469540486,2,2
2024,53,009,1026.8207111922172,2281.1098402580546,3,3
2024,53,011,1288.2138164333576,3269.4442531184495,2,2
2024,53,013,772.2969606377678,1644.2451420029897,3,3
2024,53,015,1000.7678325954778,2445.9893943764628,1,1
2024,53,017,596.2859709544059,1889.1961853193266,2,2
2024,53,019,148.91024773250302,324.8950859618248,3,3
2024,53,021,1151.6450627894278,3316.4142282259204,1,1
2024,53,023,2677.4330641733955,1997.4500637484061,3,3
2024,53,025,1051.0908751559446,3457.794280886846,2,2
2024,53,027,1099.2433779346684,2141.3832037688344,2,2
2024,53,029,519.3698466073979,1243.7238011884472,3,3
2024,53,031,601.6022872799833,1664.8300920272807,1,1
2024,53,033,988.7005593621183,5100.824616863436,2,2
2024,53,035,1068.8028328673065,2771.3301737074503,1,1
2024,53,037,610.5316713304503,2747.3925209870263,2,2
2024,53,039,209.30331895262913,1289.9918841570202,1,1
2024,53,041,1007.5862554900533,2238.2976724522628,3,3
2024,53,043,1140.2210810340325,1436.156323439812,3,3
2024,53,045,685.4755670618694,2162.337089229502,1,1
2024,53,047,703.4007279824255,1627.7241690759415,3,3
2024,53,049,366.75835625573063,750.1875468867216,1,1
2024,53,051,1523.1316725978647,3274.0213523131674,3,3
2024,53,053,1101.4562451787212,4705.831525584708,2,2
2024,53,055,238.1210087671826,974.1313995021106,1,1
2024,53,057,669.3165204678363,2661.2755847953217,2,2
2024,53,059,467.6665054023544,846.6376390904693,3,3
2024,53,061,669.8803694619586,3022.295964346837,2,2
2024,53,063,1512.7782958386758,6177.694078563935,2,2
2024,53,065,796.804460440635,1233.6946345725758,3,3
2024,53,067,845.9642822511344,2845.1818488833605,2,2
2024,53,069,128.81064834693,64.405324173465,1,1
2024,53,071,775.4058010649765,2733.2250124676243,2,2
2024,53,073,823.4166149681348,3821.642234591307,1,1
2024,53,075,591.4516094717359,1587.132736208327,3,3
2024,53,077,1086.1280487804877,2972.560975609756,2,2
2024,54,001,440.8713692946058,298.23651452282155,3,3
2024,54,003,383.7422981299319,316.5680930246923,3,3
2024,54,005,171.21658898506612,190.24065442785124,3,3
2024,54,007,16.382699868938403,8.191349934469201,3,3
2024,54,009,489.5466203920157,413.7493730805914,2,2
2024,54,011,1053.6147275089106,3044.309433345795,2,2
2024,54,013,NA,NA,NA,NA
2024,54,015,0,0,3,3
2024,54,017,389.05459732849175,855.9201141226819,1,1
2024,54,019,621.2185211959236,1217.967196819947,3,3
2024,54,021,41.1635565312843,109.76948408342481,3,3
2024,54,023,118.36474551579714,145.6796867886734,3,3
2024,54,025,189.59921096948085,269.74770939718155,3,3
2024,54,027,238.65331344555722,451.73662902194764,2,2
2024,54,029,349.1061145352642,270.06418768167515,2,2
2024,54,031,238.7137541248333,575.7214070069508,3,3
2024,54,033,803.2746522220854,1643.4814723624277,3,3
2024,54,035,375.3835047825302,317.63219635444864,3,3
2024,54,037,393.1825852176848,934.8633142085723,3,3
2024,54,039,1227.620349475562,3018.0224271599227,2,2
2024,54,041,454.0023894862605,465.94982078853053,3,3
2024,54,043,15.073861923424781,50.24620641141593,2,2
2024,54,045,394.6782099433446,146.41288433382138,3,3
2024,54,047,144.90330490999276,83.59806052499582,3,3
2024,54,049,835.2859110340017,1402.2787028921998,3,3
2024,54,051,1158.3026713880965,1830.4226714262452,2,2
2024,54,053,383.34065407499105,559.0384538593619,3,3
2024,54,055,862.3192117890135,1188.4637057527789,3,3
2024,54,057,394.7270425262531,688.9104044090266,3,3
2024,54,059,190.7550350456925,275.04214355425427,3,3
2024,54,061,513.2368448065097,1368.0094808842605,2,2
2024,54,063,166.28774047653744,263.51935115960595,3,3
2024,54,065,332.8359921955698,499.2539882933547,3,3
2024,54,067,708.4895168266261,383.07863409811756,3,3
2024,54,069,916.4371776007526,1655.389998505488,2,2
2024,54,071,0,16.54807214959457,3,3
2024,54,073,93.07272969020077,26.592208482914504,3,3
2024,54,075,218.39671120246658,205.54984583761563,3,3
2024,54,077,102.45901639344262,193.20843091334896,3,3
2024,54,079,448.2510734297181,907.2621705465698,3,3
2024,54,081,1245.98674772867,3601.338889268393,2,2
2024,54,083,366.2605163910647,924.7171453437772,3,3
2024,54,085,362.0564808110065,543.0847212165098,3,3
2024,54,087,181.3433918468011,703.6123603655883,3,3
2024,54,089,179.04339670901183,366.6126694517862,3,3
2024,54,091,157.70000606538485,388.1846303147935,3,3
2024,54,093,0,15.028554253080852,3,3
2024,54,095,161.21031746031744,99.2063492063492,3,3
2024,54,097,371.12010796221324,451.2483130904184,2,2
2024,54,099,772.6869244720451,2071.947056412964,2,2
2024,54,101,49.11591355599214,122.78978388998036,3,3
2024,54,103,397.7837761045603,483.02315669839464,3,3
2024,54,105,19.790223629527013,336.4338017019592,3,3
2024,54,107,824.870814200247,2634.0714808109633,2,2
2024,54,109,222.98705705560135,145.42634155800087,3,3
2024,55,001,719.5947545329735,1098.3288358661175,3,3
2024,55,003,1082.089552238806,2711.442786069652,3,3
2024,55,005,378.22937367779986,797.0596405752506,2,2
2024,55,007,361.99095022624437,1061.8401206636502,3,3
2024,55,009,704.4116779820055,1919.2247142381584,2,2
2024,55,011,171.73150153065032,350.9295900843724,3,3
2024,55,013,1040.4350910380704,2222.7476944904233,2,2
2024,55,015,480.46318929564006,1055.8279142779395,1,1
2024,55,017,1063.7686497993604,1977.6099170989974,1,1
2024,55,019,467.8120533720948,952.1086807417834,2,2
2024,55,021,394.7007138934651,1091.4332784184514,3,3
2024,55,023,891.4100486223663,1901.2591946141379,1,1
2024,55,025,674.4569730553862,2322.0254331010046,2,2
2024,55,027,610.3205513442784,1221.0290100909092,2,2
2024,55,029,387.58416817211366,1064.214156675973,3,3
2024,55,031,718.9852811503764,2435.0539238960864,1,1
2024,55,033,327.2783183605333,1063.1054099764974,2,2
2024,55,035,642.9740251777147,1488.9185070046356,1,1
2024,55,037,408.9539388721481,365.9061558329746,1,1
2024,55,039,649.8664195824773,1933.6754241821748,2,2
2024,55,041,672.4303554274735,693.7773508378696,1,1
2024,55,043,646.5791930964319,1062.7999959299664,1,1
2024,55,045,564.2146657819312,1089.788783141985,2,2
2024,55,047,217.29183393244196,399.39644283687284,1,1
2024,55,049,293.10869588958616,860.2353220077792,3,3
2024,55,051,499.194847020934,499.194847020934,1,1
2024,55,053,638.6730851722988,762.5947285639388,3,3
2024,55,055,542.5010836693921,1169.8346385723917,1,1
2024,55,057,629.4728165161678,981.6778448049758,3,3
2024,55,059,834.313913208015,1578.9374829028952,2,2
2024,55,061,532.326751838947,827.5261324041811,1,1
2024,55,063,778.5007635615165,3094.0840581634684,1,1
2024,55,065,515.3447012513848,557.6441848864338,3,3
2024,55,067,410.4669061056952,1118.5223191380196,1,1
2024,55,069,946.3167522690495,1889.115598395835,1,1
2024,55,071,499.32815002373127,1015.2606365726343,2,2
2024,55,073,610.06980691562,1227.2180980438352,2,2
2024,55,075,501.831327593588,1058.3646482424012,2,2
2024,55,077,266.7344087387273,730.344214403658,1,1
2024,55,078,258.70178739416747,352.77516462841015,3,3
2024,55,079,1823.3810560167697,3853.382661499189,2,2
2024,55,081,705.505540166205,1729.137811634349,3,3
2024,55,083,429.41221046250223,997.7519007805198,1,1
2024,55,085,508.29250399559834,1338.8529357822201,1,1
2024,55,087,444.4127781269824,1638.814796063313,2,2
2024,55,089,227.45523093313315,1045.4594775594844,2,2
2024,55,091,121.11425111021397,403.7141703673799,1,1
2024,55,093,230.21356481579474,859.5045386567323,1,1
2024,55,095,403.90736472396003,744.1554165294699,3,3
2024,55,097,571.7754687147052,1222.6112491529252,1,1
2024,55,099,681.2375816065853,1050.2412716434858,1,1
2024,55,101,618.1276957657493,1496.9726424073062,2,2
2024,55,103,267.36413833188027,494.04242952630045,3,3
2024,55,105,818.8043390887129,2271.345882195,2,2
2024,55,107,902.7434938994288,895.6908103533395,1,1
2024,55,109,326.9353821695063,1290.1696159220444,2,2
2024,55,111,590.828523383175,1783.0901846717873,3,3
2024,55,113,920.1125784801905,1596.6659450097422,1,1
2024,55,115,565.2512616915421,1256.5054390994676,2,2
2024,55,117,865.3202362892085,1852.6836792636725,1,1
2024,55,119,584.2988413903315,993.8074310827008,1,1
2024,55,121,191.3161905379552,366.419144589643,3,3
2024,55,123,380.04444587587363,682.7917163193662,3,3
2024,55,125,236.81650949380472,816.1711845054341,1,1
2024,55,127,391.26315371713343,1234.828417611298,2,2
2024,55,129,391.5984336062656,1014.5959416162335,3,3
2024,55,131,312.92376509759066,1270.8598172893119,3,3
2024,55,133,333.4246478417469,1206.572677674298,2,2
2024,55,135,274.34514418113616,432.874913419201,3,3
2024,55,137,241.84926021229575,1162.3944958031734,3,3
2024,55,139,946.9469610676385,2250.444928369147,1,1
2024,55,141,603.7740915691132,1198.3767156849062,1,1
2024,56,001,996.1044733195638,2295.4848492771052,1,1
2024,56,003,NA,NA,NA,NA
2024,56,005,1130.397967823878,2500,1,1
2024,56,007,511.6504183087879,1348.2679941920762,3,3
2024,56,009,719.3721842755414,1257.084726057259,1,1
2024,56,011,442.65593561368206,496.31120053655263,3,3
2024,56,013,1155.9962562922115,1795.9679255305693,3,3
2024,56,015,880.6029353431178,872.6695755652519,1,1
2024,56,017,303.030303030303,952.3809523809525,3,3
2024,56,019,587.1517384296569,1312.4568270780567,1,1
2024,56,021,1174.5497724124282,3046.704927765684,1,1
2024,56,023,141.5600898174363,351.4595333398418,3,3
2024,56,025,982.7825499831201,3217.174937794616,1,1
2024,56,027,971.2837837837837,1900.337837837838,1,1
2024,56,029,555.0264376498408,1096.9161548819336,1,1
2024,56,031,441.24477473293075,313.51602415234555,3,3
2024,56,033,1216.6588675713617,1793.791920137264,3,3
2024,56,035,452.5910839556461,441.27630685675496,3,3
2024,56,037,1511.7230754417217,1952.2411053873186,3,3
2024,56,039,521.4566592579928,525.7308941699436,1,1
2024,56,041,983.3365626816509,1545.2431699283086,3,3
2024,56,043,584.1879787095936,636.1157990393353,1,1
2024,56,045,878.9920890711983,1215.9390565484912,1,1
