year,state,place,state_name,place_name,subgroup,subgroup_type,share_hs_degree,share_hs_degree_lb,share_hs_degree_ub,share_hs_degree_quality,share_employed,share_employed_lb,share_employed_ub,share_employed_quality
2014,01,03076,Alabama,Auburn city,All,all,0.9039,0.8661,0.9417,Marginal,0.7505,0.7294,0.7715,Marginal
2014,01,03076,Alabama,Auburn city,With Disability,disability,NA,NA,NA,NA,0.3478,0.2763,0.4193,Marginal
2014,01,03076,Alabama,Auburn city,Without Disability,disability,0.9066,0.8673,0.9459,Marginal,0.801,0.7828,0.8193,Marginal
2014,01,07000,Alabama,Birmingham city,All,all,0.8578,0.7927,0.9228,Weak,0.7043,0.6853,0.7232,Weak
2014,01,07000,Alabama,Birmingham city,With Disability,disability,NA,NA,NA,NA,0.296,0.2429,0.3492,Weak
2014,01,07000,Alabama,Birmingham city,Without Disability,disability,0.8647,0.7993,0.93,Weak,0.7598,0.7423,0.7772,Weak
2014,01,35896,Alabama,Hoover city,All,all,0.9225,0.8869,0.9581,Weak,0.8013,0.7887,0.814,Weak
2014,01,35896,Alabama,Hoover city,With Disability,disability,NA,NA,NA,NA,0.3539,0.2988,0.409,Weak
2014,01,35896,Alabama,Hoover city,Without Disability,disability,0.9348,0.903,0.9666,Weak,0.8362,0.8233,0.849,Weak
2014,01,37000,Alabama,Huntsville city,All,all,0.9414,0.9121,0.9706,Weak,0.741,0.7259,0.7561,Weak
2014,01,37000,Alabama,Huntsville city,With Disability,disability,NA,NA,NA,NA,0.3312,0.2738,0.3886,Weak
2014,01,37000,Alabama,Huntsville city,Without Disability,disability,0.9503,0.9303,0.9703,Weak,0.7867,0.7709,0.8025,Weak
2014,01,50000,Alabama,Mobile city,All,all,0.7771,0.6939,0.8603,Weak,0.6964,0.6752,0.7176,Weak
2014,01,50000,Alabama,Mobile city,With Disability,disability,NA,NA,NA,NA,0.2893,0.2271,0.3515,Weak
2014,01,50000,Alabama,Mobile city,Without Disability,disability,0.7842,0.699,0.8694,Weak,0.7466,0.7256,0.7677,Weak
2014,01,51000,Alabama,Montgomery city,All,all,0.832,0.7733,0.8908,Weak,0.7407,0.7204,0.7609,Weak
2014,01,51000,Alabama,Montgomery city,With Disability,disability,NA,NA,NA,NA,0.3646,0.30620000000000003,0.423,Weak
2014,01,51000,Alabama,Montgomery city,Without Disability,disability,0.8509,0.7901,0.9116,Weak,0.7973,0.7774,0.8172,Weak
2014,01,77256,Alabama,Tuscaloosa city,All,all,0.9371,0.9033,0.9709,Marginal,0.6991,0.6761,0.722,Marginal
2014,01,77256,Alabama,Tuscaloosa city,With Disability,disability,NA,NA,NA,NA,0.2884,0.2132,0.3636,Marginal
2014,01,77256,Alabama,Tuscaloosa city,Without Disability,disability,0.9527,0.92490000000000006,0.9806,Marginal,0.7535,0.7325,0.7746,Marginal
2014,02,03000,Alaska,Anchorage municipality,All,all,0.8471,0.7836,0.9107,Marginal,0.8168,0.7979,0.8356,Marginal
2014,02,03000,Alaska,Anchorage municipality,With Disability,disability,NA,NA,NA,NA,0.5462,0.462,0.6305,Marginal
2014,02,03000,Alaska,Anchorage municipality,Without Disability,disability,0.8933,0.8442,0.9424,Marginal,0.8397,0.8209,0.8585,Marginal
2014,04,04720,Arizona,Avondale city,All,all,0.852,0.766,0.9381,Marginal,0.7785,0.7445,0.8125,Marginal
2014,04,04720,Arizona,Avondale city,With Disability,disability,NA,NA,NA,NA,0.4991,0.379,0.6192,Marginal
2014,04,04720,Arizona,Avondale city,Without Disability,disability,0.8404,0.7473,0.9335,Marginal,0.8021,0.7693,0.8348,Marginal
2014,04,07940,Arizona,Buckeye town,All,all,0.8267,0.7221,0.9313,Marginal,0.7383,0.7111,0.7654,Marginal
2014,04,07940,Arizona,Buckeye town,With Disability,disability,NA,NA,NA,NA,0.486,0.3762,0.5958,Marginal
2014,04,07940,Arizona,Buckeye town,Without Disability,disability,NA,NA,NA,NA,0.7602,0.7328,0.7876,Marginal
2014,04,12000,Arizona,Chandler city,All,all,0.8794,0.838,0.9207,Weak,0.7868,0.7735,0.8001,Weak
2014,04,12000,Arizona,Chandler city,With Disability,disability,NA,NA,NA,NA,0.4186,0.3558,0.4814,Weak
2014,04,12000,Arizona,Chandler city,Without Disability,disability,0.8992,0.8584,0.9399,Weak,0.8121,0.7994,0.8249,Weak
2014,04,23620,Arizona,Flagstaff city,All,all,0.9351,0.9056,0.9645,Weak,0.7521,0.7287,0.7755,Weak
2014,04,23620,Arizona,Flagstaff city,With Disability,disability,NA,NA,NA,NA,0.4549,0.3806,0.5292,Weak
2014,04,23620,Arizona,Flagstaff city,Without Disability,disability,0.9372,0.9073,0.967,Weak,0.7817,0.7593,0.8041,Weak
2014,04,27400,Arizona,Gilbert town,All,all,0.9364,0.8988,0.974,Strong,0.805,0.7915,0.8185,Strong
2014,04,27400,Arizona,Gilbert town,With Disability,disability,NA,NA,NA,NA,0.4863,0.4012,0.5713,Strong
2014,04,27400,Arizona,Gilbert town,Without Disability,disability,0.9555,0.9246,0.9864,Strong,0.8215,0.8076,0.8355,Strong
2014,04,27820,Arizona,Glendale city,All,all,0.8178,0.7578,0.8777,Strong,0.7217,0.7012,0.7423,Strong
2014,04,27820,Arizona,Glendale city,With Disability,disability,NA,NA,NA,NA,0.3292,0.2611,0.3973,Strong
2014,04,27820,Arizona,Glendale city,Without Disability,disability,0.8299,0.7659,0.8939,Strong,0.7547,0.733,0.7763,Strong
2014,04,28380,Arizona,Goodyear city,All,all,0.8937,0.8107,0.9767,Marginal,0.7929,0.7555,0.8303,Marginal
2014,04,28380,Arizona,Goodyear city,With Disability,disability,NA,NA,NA,NA,0.4936,0.3176,0.6696,Marginal
2014,04,28380,Arizona,Goodyear city,Without Disability,disability,0.8933,0.81,0.9766,Marginal,0.8136,0.7771,0.8501,Marginal
2014,04,46000,Arizona,Mesa city,All,all,0.8659,0.8313,0.9004,Marginal,0.7679,0.759,0.7767,Marginal
2014,04,46000,Arizona,Mesa city,With Disability,disability,0.7061,0.5598,0.8524,Marginal,0.3862,0.3433,0.4291,Marginal
2014,04,46000,Arizona,Mesa city,Without Disability,disability,0.8772,0.8412,0.9131,Marginal,0.7959,0.7874,0.8043,Marginal
2014,04,54050,Arizona,Peoria city,All,all,0.9028,0.8381,0.9674,Marginal,0.7931,0.7747,0.8115,Marginal
2014,04,54050,Arizona,Peoria city,With Disability,disability,NA,NA,NA,NA,0.4607,0.3671,0.5542,Marginal
2014,04,54050,Arizona,Peoria city,Without Disability,disability,0.9038,0.838,0.9697,Marginal,0.818,0.7986,0.8374,Marginal
2014,04,55000,Arizona,Phoenix city,All,all,0.8238,0.8069,0.8407,Marginal,0.7361,0.7302,0.742,Marginal
2014,04,55000,Arizona,Phoenix city,With Disability,disability,0.7004,0.5945,0.8063,Marginal,0.3853,0.3589,0.4118,Marginal
2014,04,55000,Arizona,Phoenix city,Without Disability,disability,0.8309,0.8139,0.8478,Marginal,0.7623,0.757,0.7676,Marginal
2014,04,65000,Arizona,Scottsdale city,All,all,0.797,0.7466,0.8474,Weak,0.7486,0.735,0.7622,Weak
2014,04,65000,Arizona,Scottsdale city,With Disability,disability,NA,NA,NA,NA,0.3676,0.3098,0.4253,Weak
2014,04,65000,Arizona,Scottsdale city,Without Disability,disability,0.7932,0.7401,0.8464,Weak,0.775,0.7627,0.7873,Weak
2014,04,71510,Arizona,Surprise city,All,all,0.8998,0.7945,1,Strong,0.7899,0.7631,0.8166,Strong
2014,04,71510,Arizona,Surprise city,With Disability,disability,NA,NA,NA,NA,0.3467,0.2498,0.4435,Strong
2014,04,71510,Arizona,Surprise city,Without Disability,disability,0.8983,0.7911,1,Strong,0.8148,0.7876,0.8421,Strong
2014,04,73000,Arizona,Tempe city,All,all,0.9409,0.9114,0.9705,Weak,0.7682,0.7503,0.786,Weak
2014,04,73000,Arizona,Tempe city,With Disability,disability,0.6673,0.4496,0.885,Weak,0.3857,0.3257,0.4457,Weak
2014,04,73000,Arizona,Tempe city,Without Disability,disability,0.9556,0.9274,0.9837,Weak,0.8014,0.7847,0.8181,Weak
2014,04,77000,Arizona,Tucson city,All,all,0.8894,0.8671,0.9117,Marginal,0.74,0.7291,0.7508,Marginal
2014,04,77000,Arizona,Tucson city,With Disability,disability,0.6709,0.5411,0.8007,Marginal,0.3812,0.3447,0.4177,Marginal
2014,04,77000,Arizona,Tucson city,Without Disability,disability,0.9036,0.8822,0.925,Marginal,0.7853,0.7747,0.7959,Marginal
2014,04,85540,Arizona,Yuma city,All,all,0.7979,0.7404,0.8554,Marginal,0.7117,0.6917,0.7316,Marginal
2014,04,85540,Arizona,Yuma city,With Disability,disability,NA,NA,NA,NA,0.4215,0.3425,0.5004,Marginal
2014,04,85540,Arizona,Yuma city,Without Disability,disability,0.798,0.7393,0.8567,Marginal,0.7331,0.7132,0.7529,Marginal
2014,05,23290,Arkansas,Fayetteville city,All,all,0.9168,0.8798,0.9538,Marginal,0.7791,0.7596,0.7985,Marginal
2014,05,23290,Arkansas,Fayetteville city,With Disability,disability,NA,NA,NA,NA,0.3825,0.3082,0.4568,Marginal
2014,05,23290,Arkansas,Fayetteville city,Without Disability,disability,0.9223,0.8874,0.9571,Marginal,0.8189,0.801,0.8369,Marginal
2014,05,24550,Arkansas,Fort Smith city,All,all,0.8775,0.814,0.9411,Marginal,0.7311,0.709,0.7533,Marginal
2014,05,24550,Arkansas,Fort Smith city,With Disability,disability,NA,NA,NA,NA,0.3339,0.2769,0.391,Marginal
2014,05,24550,Arkansas,Fort Smith city,Without Disability,disability,0.877,0.8061,0.948,Marginal,0.803,0.7789,0.827,Marginal
2014,05,35710,Arkansas,Jonesboro city,All,all,0.8703,0.8134,0.9272,Marginal,0.7235,0.7028,0.7442,Marginal
2014,05,35710,Arkansas,Jonesboro city,With Disability,disability,NA,NA,NA,NA,0.2621,0.2181,0.3061,Marginal
2014,05,35710,Arkansas,Jonesboro city,Without Disability,disability,0.9065,0.8643,0.9487,Marginal,0.8036,0.7823,0.8248,Marginal
2014,05,41000,Arkansas,Little Rock city,All,all,0.8708,0.801,0.9406,Strong,0.7521,0.7312,0.773,Strong
2014,05,41000,Arkansas,Little Rock city,With Disability,disability,NA,NA,NA,NA,0.3613,0.293,0.4297,Strong
2014,05,41000,Arkansas,Little Rock city,Without Disability,disability,0.8767,0.8052,0.9483,Strong,0.789,0.7679,0.8102,Strong
2014,05,66080,Arkansas,Springdale city,All,all,0.9164,0.8819,0.9509,Weak,0.7784,0.7605,0.7963,Weak
2014,05,66080,Arkansas,Springdale city,With Disability,disability,NA,NA,NA,NA,0.3807,0.3123,0.449,Weak
2014,05,66080,Arkansas,Springdale city,Without Disability,disability,0.9218,0.8894,0.9541,Weak,0.817,0.8003,0.8338,Weak
2014,06,00562,California,Alameda city,All,all,0.8911,0.8015,0.9807,Marginal,0.8024,0.7798,0.8249,Marginal
2014,06,00562,California,Alameda city,With Disability,disability,NA,NA,NA,NA,0.4125,0.2949,0.53,Marginal
2014,06,00562,California,Alameda city,Without Disability,disability,0.9001,0.8099,0.9904,Marginal,0.8248,0.8026,0.8471,Marginal
2014,06,00884,California,Alhambra city,All,all,0.9621,0.9221,1,Marginal,0.7914,0.7634,0.8193,Marginal
2014,06,00884,California,Alhambra city,With Disability,disability,NA,NA,NA,NA,0.3929,0.2292,0.5567,Marginal
2014,06,00884,California,Alhambra city,Without Disability,disability,0.9698,0.9337,1,Marginal,0.8041,0.7761,0.8321,Marginal
2014,06,02000,California,Anaheim city,All,all,0.8803,0.8322,0.9284,Weak,0.7623,0.7452,0.7795,Weak
2014,06,02000,California,Anaheim city,With Disability,disability,NA,NA,NA,NA,0.3608,0.2967,0.425,Weak
2014,06,02000,California,Anaheim city,Without Disability,disability,0.881,0.8323,0.9297,Weak,0.7828,0.7659,0.7997,Weak
2014,06,02252,California,Antioch city,All,all,0.9022,0.8227,0.9816,Strong,0.6978,0.6636,0.7321,Strong
2014,06,02252,California,Antioch city,With Disability,disability,NA,NA,NA,NA,0.338,0.2396,0.4364,Strong
2014,06,02252,California,Antioch city,Without Disability,disability,0.9033,0.8184,0.9883,Strong,0.7537,0.7197,0.7876,Strong
2014,06,02364,California,Apple Valley town,All,all,0.9001,0.847,0.9531,Marginal,0.6031,0.5723,0.634,Marginal
2014,06,02364,California,Apple Valley town,With Disability,disability,NA,NA,NA,NA,0.2314,0.1601,0.3028,Marginal
2014,06,02364,California,Apple Valley town,Without Disability,disability,0.9013,0.8451,0.9575,Marginal,0.6512,0.617,0.6853,Marginal
2014,06,03526,California,Bakersfield city,All,all,0.8987,0.8614,0.9359,Marginal,0.7167,0.6977,0.7357,Marginal
2014,06,03526,California,Bakersfield city,With Disability,disability,NA,NA,NA,NA,0.3533,0.2822,0.4243,Marginal
2014,06,03526,California,Bakersfield city,Without Disability,disability,0.9094,0.8736,0.9452,Marginal,0.745,0.7273,0.7626,Marginal
2014,06,04982,California,Bellflower city,All,all,0.9141,0.8667,0.9615,Marginal,0.7337,0.7135,0.7538,Marginal
2014,06,04982,California,Bellflower city,With Disability,disability,NA,NA,NA,NA,0.3951,0.3111,0.4791,Marginal
2014,06,04982,California,Bellflower city,Without Disability,disability,0.9112,0.8613,0.961,Marginal,0.7645,0.743,0.786,Marginal
2014,06,06000,California,Berkeley city,All,all,0.9928,0.9833,1,Strong,0.7721,0.7455,0.7987,Strong
2014,06,06000,California,Berkeley city,With Disability,disability,NA,NA,NA,NA,0.3526,0.2241,0.481,Strong
2014,06,06000,California,Berkeley city,Without Disability,disability,0.997,0.99,1,Strong,0.7931,0.7656,0.8206,Strong
2014,06,08786,California,Buena Park city,All,all,0.9092,0.8465,0.972,Weak,0.7759,0.756,0.7958,Weak
2014,06,08786,California,Buena Park city,With Disability,disability,NA,NA,NA,NA,0.4261,0.3291,0.5231,Weak
2014,06,08786,California,Buena Park city,Without Disability,disability,0.9072,0.843,0.9713,Weak,0.7932,0.7748,0.8117,Weak
2014,06,08954,California,Burbank city,All,all,0.9366,0.8709,1,Strong,0.812,0.7874,0.8366,Strong
2014,06,08954,California,Burbank city,With Disability,disability,NA,NA,NA,NA,0.4665,0.2813,0.6517,Strong
2014,06,08954,California,Burbank city,Without Disability,disability,0.9753,0.9464,1,Strong,0.8299,0.8046,0.8551,Strong
2014,06,11194,California,Carlsbad city,All,all,0.9714,0.9264,1,Strong,0.7373,0.6999,0.7748,Strong
2014,06,11194,California,Carlsbad city,With Disability,disability,NA,NA,NA,NA,0.5039,0.3614,0.6465,Strong
2014,06,11194,California,Carlsbad city,Without Disability,disability,0.9717,0.9218,1,Strong,0.7468,0.7089,0.7847,Strong
2014,06,11530,California,Carson city,All,all,0.873,0.8021,0.9438,Strong,0.7618,0.7339,0.7897,Strong
2014,06,11530,California,Carson city,With Disability,disability,NA,NA,NA,NA,0.2843,0.1428,0.4258,Strong
2014,06,11530,California,Carson city,Without Disability,disability,0.8692,0.7961,0.9424,Strong,0.7895,0.7629,0.8162,Strong
2014,06,13014,California,Chico city,All,all,0.9457,0.9031,0.9883,Strong,0.7267,0.6927,0.7607,Strong
2014,06,13014,California,Chico city,With Disability,disability,NA,NA,NA,NA,0.4053,0.2972,0.5135,Strong
2014,06,13014,California,Chico city,Without Disability,disability,0.9655,0.9248,1,Strong,0.7749,0.7417,0.808,Strong
2014,06,13210,California,Chino city,All,all,0.8827,0.7974,0.9679,Marginal,0.7825,0.7588,0.8063,Marginal
2014,06,13210,California,Chino city,With Disability,disability,NA,NA,NA,NA,0.5779,0.451,0.7049,Marginal
2014,06,13210,California,Chino city,Without Disability,disability,0.8821,0.7913,0.9729,Marginal,0.7937,0.7704,0.8171,Marginal
2014,06,13214,California,Chino Hills city,All,all,0.8874,0.794,0.9808,Marginal,0.7859,0.7598,0.812,Marginal
2014,06,13214,California,Chino Hills city,With Disability,disability,NA,NA,NA,NA,0.587,0.4506,0.7234,Marginal
2014,06,13214,California,Chino Hills city,Without Disability,disability,0.8861,0.7869,0.9854,Marginal,0.7968,0.7712,0.8224,Marginal
2014,06,13392,California,Chula Vista city,All,all,0.8993,0.8588,0.9397,Strong,0.7504,0.7294,0.7714,Strong
2014,06,13392,California,Chula Vista city,With Disability,disability,NA,NA,NA,NA,0.3881,0.3023,0.4739,Strong
2014,06,13392,California,Chula Vista city,Without Disability,disability,0.9041,0.8612,0.9469,Strong,0.7709,0.7514,0.7903,Strong
2014,06,13588,California,Citrus Heights city,All,all,0.8316,0.7679,0.8953,Strong,0.7241,0.6997,0.7485,Strong
2014,06,13588,California,Citrus Heights city,With Disability,disability,NA,NA,NA,NA,0.3929,0.3198,0.4659,Strong
2014,06,13588,California,Citrus Heights city,Without Disability,disability,0.8356,0.7673,0.9038,Strong,0.7616,0.7357,0.7876,Strong
2014,06,14218,California,Clovis city,All,all,0.9221,0.8435,1,Strong,0.7723,0.7459,0.7988,Strong
2014,06,14218,California,Clovis city,With Disability,disability,NA,NA,NA,NA,0.416,0.286,0.546,Strong
2014,06,14218,California,Clovis city,Without Disability,disability,0.9235,0.8411,1,Strong,0.803,0.7787,0.8273,Strong
2014,06,15044,California,Compton city,All,all,0.8116,0.7457,0.8776,Marginal,0.6659,0.6392,0.6926,Marginal
2014,06,15044,California,Compton city,With Disability,disability,NA,NA,NA,NA,0.2942,0.223,0.3653,Marginal
2014,06,15044,California,Compton city,Without Disability,disability,0.8101,0.7432,0.8769,Marginal,0.7071,0.6798,0.7344,Marginal
2014,06,16000,California,Concord city,All,all,0.8518,0.7936,0.9101,Weak,0.7645,0.7485,0.7806,Weak
2014,06,16000,California,Concord city,With Disability,disability,NA,NA,NA,NA,0.4723,0.4073,0.5372,Weak
2014,06,16000,California,Concord city,Without Disability,disability,0.8512,0.7918,0.9107,Weak,0.786,0.7701,0.8018,Weak
2014,06,16350,California,Corona city,All,all,0.9547,0.9211,0.9882,Marginal,0.741,0.7217,0.7602,Marginal
2014,06,16350,California,Corona city,With Disability,disability,NA,NA,NA,NA,0.4082,0.3152,0.5013,Marginal
2014,06,16350,California,Corona city,Without Disability,disability,0.9559,0.9221,0.9897,Marginal,0.7572,0.7367,0.7777,Marginal
2014,06,16532,California,Costa Mesa city,All,all,0.946,0.8909,1,Marginal,0.7978,0.7739,0.8217,Marginal
2014,06,16532,California,Costa Mesa city,With Disability,disability,NA,NA,NA,NA,0.5056,0.403,0.6082,Marginal
2014,06,16532,California,Costa Mesa city,Without Disability,disability,0.9477,0.8916,1,Marginal,0.8103,0.7864,0.8341,Marginal
2014,06,17918,California,Daly City city,All,all,0.9563,0.9298,0.9828,Marginal,0.8091,0.7953,0.8228,Marginal
2014,06,17918,California,Daly City city,With Disability,disability,NA,NA,NA,NA,0.4133,0.3162,0.5105,Marginal
2014,06,17918,California,Daly City city,Without Disability,disability,0.9561,0.9292,0.9829,Marginal,0.8274,0.8139,0.8409,Marginal
2014,06,19766,California,Downey city,All,all,0.9046,0.815,0.9943,Strong,0.7711,0.7429,0.7994,Strong
2014,06,19766,California,Downey city,With Disability,disability,NA,NA,NA,NA,0.4372,0.2826,0.5918,Strong
2014,06,19766,California,Downey city,Without Disability,disability,0.8996,0.8069,0.9923,Strong,0.7906,0.7641,0.817,Strong
2014,06,21712,California,El Cajon city,All,all,0.8891,0.8202,0.958,Marginal,0.7444,0.7224,0.7665,Marginal
2014,06,21712,California,El Cajon city,With Disability,disability,NA,NA,NA,NA,0.3517,0.2764,0.427,Marginal
2014,06,21712,California,El Cajon city,Without Disability,disability,0.8961,0.8239,0.9683,Marginal,0.7779,0.7548,0.8011,Marginal
2014,06,22020,California,Elk Grove city,All,all,0.8543,0.7788,0.9297,Strong,0.7766,0.7507,0.8024,Strong
2014,06,22020,California,Elk Grove city,With Disability,disability,NA,NA,NA,NA,0.418,0.275,0.5611,Strong
2014,06,22020,California,Elk Grove city,Without Disability,disability,0.9187,0.8506,0.9869,Strong,0.8047,0.7796,0.8298,Strong
2014,06,22230,California,El Monte city,All,all,0.8352,0.761,0.9094,Strong,0.7062,0.6801,0.7322,Strong
2014,06,22230,California,El Monte city,With Disability,disability,NA,NA,NA,NA,0.3872,0.2709,0.5034,Strong
2014,06,22230,California,El Monte city,Without Disability,disability,0.8404,0.7652,0.9157,Strong,0.724,0.6973,0.7508,Strong
2014,06,22804,California,Escondido city,All,all,0.8044,0.7203,0.8884,Strong,0.705,0.6795,0.7306,Strong
2014,06,22804,California,Escondido city,With Disability,disability,NA,NA,NA,NA,0.413,0.2866,0.5394,Strong
2014,06,22804,California,Escondido city,Without Disability,disability,0.79,0.704,0.876,Strong,0.7248,0.6971,0.7526,Strong
2014,06,23182,California,Fairfield city,All,all,0.8071,0.7188,0.8953,Strong,0.7687,0.7429,0.7945,Strong
2014,06,23182,California,Fairfield city,With Disability,disability,NA,NA,NA,NA,0.3545,0.262,0.4469,Strong
2014,06,23182,California,Fairfield city,Without Disability,disability,0.8265,0.7395,0.9135,Strong,0.8041,0.7789,0.8292,Strong
2014,06,24638,California,Folsom city,All,all,0.8835,0.7997,0.9673,Marginal,0.7948,0.767,0.8226,Marginal
2014,06,24638,California,Folsom city,With Disability,disability,NA,NA,NA,NA,0.4329,0.2715,0.5943,Marginal
2014,06,24638,California,Folsom city,Without Disability,disability,0.8742,0.7848,0.9636,Marginal,0.8179,0.7887,0.8471,Marginal
2014,06,24680,California,Fontana city,All,all,0.876,0.8236,0.9285,Strong,0.7019,0.6814,0.7224,Strong
2014,06,24680,California,Fontana city,With Disability,disability,NA,NA,NA,NA,0.3291,0.2383,0.4199,Strong
2014,06,24680,California,Fontana city,Without Disability,disability,0.8746,0.8216,0.9277,Strong,0.725,0.704,0.7461,Strong
2014,06,26000,California,Fremont city,All,all,0.9256,0.8641,0.9871,Marginal,0.773,0.7577,0.7883,Marginal
2014,06,26000,California,Fremont city,With Disability,disability,NA,NA,NA,NA,0.4648,0.3652,0.5644,Marginal
2014,06,26000,California,Fremont city,Without Disability,disability,0.931,0.8691,0.993,Marginal,0.7848,0.7689,0.8007,Marginal
2014,06,27000,California,Fresno city,All,all,0.8273,0.7885,0.8662,Weak,0.6755,0.6613,0.6897,Weak
2014,06,27000,California,Fresno city,With Disability,disability,0.5759,0.3605,0.7914,Weak,0.3222,0.2855,0.359,Weak
2014,06,27000,California,Fresno city,Without Disability,disability,0.8423,0.8049,0.8797,Weak,0.7211,0.7059,0.7363,Weak
2014,06,28000,California,Fullerton city,All,all,0.954,0.9162,0.9919,Weak,0.7511,0.7262,0.7759,Weak
2014,06,28000,California,Fullerton city,With Disability,disability,NA,NA,NA,NA,0.4575,0.353,0.562,Weak
2014,06,28000,California,Fullerton city,Without Disability,disability,0.9512,0.9102,0.9923,Weak,0.7659,0.7414,0.7904,Weak
2014,06,29000,California,Garden Grove city,All,all,0.8783,0.816,0.9406,Weak,0.7696,0.7508,0.7884,Weak
2014,06,29000,California,Garden Grove city,With Disability,disability,NA,NA,NA,NA,0.4206,0.3355,0.5056,Weak
2014,06,29000,California,Garden Grove city,Without Disability,disability,0.8793,0.8168,0.9419,Weak,0.7859,0.7673,0.8044,Weak
2014,06,30000,California,Glendale city,All,all,0.9323,0.8808,0.9837,Marginal,0.7551,0.7344,0.7759,Marginal
2014,06,30000,California,Glendale city,With Disability,disability,NA,NA,NA,NA,0.2612,0.1518,0.3706,Marginal
2014,06,30000,California,Glendale city,Without Disability,disability,0.9361,0.8907,0.9814,Marginal,0.7759,0.757,0.7947,Marginal
2014,06,32548,California,Hawthorne city,All,all,0.876,0.793,0.959,Marginal,0.7466,0.7203,0.773,Marginal
2014,06,32548,California,Hawthorne city,With Disability,disability,NA,NA,NA,NA,0.2978,0.1783,0.4174,Marginal
2014,06,32548,California,Hawthorne city,Without Disability,disability,0.869,0.7811,0.957,Marginal,0.7663,0.7402,0.7923,Marginal
2014,06,33000,California,Hayward city,All,all,0.862,0.7956,0.9285,Strong,0.7685,0.7453,0.7917,Strong
2014,06,33000,California,Hayward city,With Disability,disability,NA,NA,NA,NA,0.3853,0.28,0.4906,Strong
2014,06,33000,California,Hayward city,Without Disability,disability,0.8674,0.7988,0.9361,Strong,0.7898,0.7668,0.8127,Strong
2014,06,33182,California,Hemet city,All,all,0.9051,0.8365,0.9738,Marginal,0.6402,0.6119,0.6685,Marginal
2014,06,33182,California,Hemet city,With Disability,disability,NA,NA,NA,NA,0.2923,0.2232,0.3613,Marginal
2014,06,33182,California,Hemet city,Without Disability,disability,0.8991,0.824,0.9742,Marginal,0.6977,0.6685,0.727,Marginal
2014,06,33434,California,Hesperia city,All,all,0.9002,0.8469,0.9534,Marginal,0.603,0.5721,0.6338,Marginal
2014,06,33434,California,Hesperia city,With Disability,disability,NA,NA,NA,NA,0.2313,0.1598,0.3029,Marginal
2014,06,33434,California,Hesperia city,Without Disability,disability,0.9015,0.8451,0.9579,Marginal,0.6509,0.6167,0.6852,Marginal
2014,06,36000,California,Huntington Beach city,All,all,0.8795,0.7937,0.9653,Weak,0.7959,0.7732,0.8186,Weak
2014,06,36000,California,Huntington Beach city,With Disability,disability,NA,NA,NA,NA,0.3489,0.2474,0.4504,Weak
2014,06,36000,California,Huntington Beach city,Without Disability,disability,0.8897,0.7998,0.9796,Weak,0.8196,0.7988,0.8405,Weak
2014,06,36448,California,Indio city,All,all,0.7932,0.6987,0.8877,Marginal,0.7171,0.6894,0.7449,Marginal
2014,06,36448,California,Indio city,With Disability,disability,NA,NA,NA,NA,0.4906,0.3915,0.5897,Marginal
2014,06,36448,California,Indio city,Without Disability,disability,0.8126,0.7147,0.9105,Marginal,0.7312,0.7038,0.7586,Marginal
2014,06,36546,California,Inglewood city,All,all,0.884,0.8089,0.9591,Strong,0.728,0.7,0.7559,Strong
2014,06,36546,California,Inglewood city,With Disability,disability,NA,NA,NA,NA,0.4392,0.3358,0.5426,Strong
2014,06,36546,California,Inglewood city,Without Disability,disability,0.8768,0.7972,0.9563,Strong,0.7548,0.7275,0.7821,Strong
2014,06,36770,California,Irvine city,All,all,0.9834,0.9717,0.9951,Marginal,0.7832,0.7624,0.804,Marginal
2014,06,36770,California,Irvine city,With Disability,disability,NA,NA,NA,NA,0.4953,0.3752,0.6153,Marginal
2014,06,36770,California,Irvine city,Without Disability,disability,0.9876,0.9777,0.9976,Marginal,0.7927,0.7725,0.8128,Marginal
2014,06,37692,California,Jurupa Valley city,All,all,0.8528,0.7823,0.9233,Marginal,0.7128,0.6874,0.7383,Marginal
2014,06,37692,California,Jurupa Valley city,With Disability,disability,NA,NA,NA,NA,0.3618,0.2585,0.4652,Marginal
2014,06,37692,California,Jurupa Valley city,Without Disability,disability,0.8503,0.779,0.9216,Marginal,0.7386,0.7139,0.7633,Marginal
2014,06,39496,California,Lake Forest city,All,all,0.926,0.8771,0.9749,Weak,0.8036,0.7842,0.823,Weak
2014,06,39496,California,Lake Forest city,With Disability,disability,NA,NA,NA,NA,0.5856,0.491,0.6803,Weak
2014,06,39496,California,Lake Forest city,Without Disability,disability,0.9362,0.8843,0.9882,Weak,0.8126,0.7925,0.8328,Weak
2014,06,39892,California,Lakewood city,All,all,0.8984,0.8394,0.9574,Marginal,0.7718,0.7489,0.7946,Marginal
2014,06,39892,California,Lakewood city,With Disability,disability,NA,NA,NA,NA,0.2968,0.1948,0.3987,Marginal
2014,06,39892,California,Lakewood city,Without Disability,disability,0.9039,0.8434,0.9643,Marginal,0.8034,0.783,0.8238,Marginal
2014,06,40130,California,Lancaster city,All,all,0.7841,0.7077,0.8606,Strong,0.623,0.5952,0.6508,Strong
2014,06,40130,California,Lancaster city,With Disability,disability,NA,NA,NA,NA,0.3325,0.2447,0.4202,Strong
2014,06,40130,California,Lancaster city,Without Disability,disability,0.8026,0.7254,0.8799,Strong,0.6481,0.6185,0.6776,Strong
2014,06,41992,California,Livermore city,All,all,0.9386,0.8822,0.995,Marginal,0.8145,0.798,0.831,Marginal
2014,06,41992,California,Livermore city,With Disability,disability,NA,NA,NA,NA,0.5105,0.3907,0.6304,Marginal
2014,06,41992,California,Livermore city,Without Disability,disability,0.9443,0.8897,0.999,Marginal,0.8268,0.8102,0.8434,Marginal
2014,06,43000,California,Long Beach city,All,all,0.8688,0.8262,0.9114,Marginal,0.7481,0.7342,0.762,Marginal
2014,06,43000,California,Long Beach city,With Disability,disability,0.7582,0.5507,0.9656,Marginal,0.4197,0.3616,0.4777,Marginal
2014,06,43000,California,Long Beach city,Without Disability,disability,0.8764,0.8321,0.9206,Marginal,0.7725,0.7584,0.7866,Marginal
2014,06,44000,California,Los Angeles city,All,all,0.86240000000000006,0.8489,0.8759,Strong,0.7569,0.7524,0.7615,Strong
2014,06,44000,California,Los Angeles city,With Disability,disability,0.6709,0.5822,0.7597,Strong,0.3962,0.3751,0.4172,Strong
2014,06,44000,California,Los Angeles city,Without Disability,disability,0.8701,0.8566,0.8836,Strong,0.7772,0.7727,0.7816,Strong
2014,06,45484,California,Manteca city,All,all,0.9057,0.8551,0.9564,Weak,0.7281,0.7053,0.751,Weak
2014,06,45484,California,Manteca city,With Disability,disability,NA,NA,NA,NA,0.3136,0.2188,0.4083,Weak
2014,06,45484,California,Manteca city,Without Disability,disability,0.9332,0.8907,0.9757,Weak,0.7605,0.7375,0.7836,Weak
2014,06,46842,California,Menifee city,All,all,0.8513,0.7745,0.9282,Marginal,0.6874,0.6598,0.715,Marginal
2014,06,46842,California,Menifee city,With Disability,disability,NA,NA,NA,NA,0.2669,0.1938,0.3399,Marginal
2014,06,46842,California,Menifee city,Without Disability,disability,0.8694,0.7888,0.95,Marginal,0.7254,0.6982,0.7525,Marginal
2014,06,46898,California,Merced city,All,all,0.9164,0.8673,0.9654,Marginal,0.6818,0.6523,0.7112,Marginal
2014,06,46898,California,Merced city,With Disability,disability,NA,NA,NA,NA,0.4519,0.3796,0.5242,Marginal
2014,06,46898,California,Merced city,Without Disability,disability,0.9177,0.8668,0.9686,Marginal,0.7356,0.7059,0.7653,Marginal
2014,06,47766,California,Milpitas city,All,all,0.8954,0.8258,0.9649,Marginal,0.8041,0.7824,0.8258,Marginal
2014,06,47766,California,Milpitas city,With Disability,disability,NA,NA,NA,NA,0.5111,0.3731,0.6491,Marginal
2014,06,47766,California,Milpitas city,Without Disability,disability,0.8988,0.8274,0.9701,Marginal,0.8126,0.7901,0.8351,Marginal
2014,06,48256,California,Mission Viejo city,All,all,0.9915,0.9793,1,Strong,0.8006,0.7764,0.8249,Strong
2014,06,48256,California,Mission Viejo city,With Disability,disability,NA,NA,NA,NA,0.5928,0.4268,0.7588,Strong
2014,06,48256,California,Mission Viejo city,Without Disability,disability,0.9923,0.9799,1,Strong,0.8096,0.7856,0.8335,Strong
2014,06,48354,California,Modesto city,All,all,0.9075,0.8566,0.9584,Strong,0.6639,0.6413,0.6865,Strong
2014,06,48354,California,Modesto city,With Disability,disability,NA,NA,NA,NA,0.3097,0.2282,0.3911,Strong
2014,06,48354,California,Modesto city,Without Disability,disability,0.9194,0.8713,0.9675,Strong,0.7051,0.6796,0.7307,Strong
2014,06,49270,California,Moreno Valley city,All,all,0.8629,0.8057,0.9202,Strong,0.6958,0.6748,0.7168,Strong
2014,06,49270,California,Moreno Valley city,With Disability,disability,NA,NA,NA,NA,0.3391,0.257,0.4212,Strong
2014,06,49270,California,Moreno Valley city,Without Disability,disability,0.8668,0.8112,0.9223,Strong,0.7226,0.7005,0.7446,Strong
2014,06,49670,California,Mountain View city,All,all,1,1,1,Marginal,0.7974,0.7779,0.8169,Marginal
2014,06,49670,California,Mountain View city,With Disability,disability,NA,NA,NA,NA,NA,NA,NA,NA
2014,06,49670,California,Mountain View city,Without Disability,disability,1,1,1,Marginal,0.8019,0.782,0.8218,Marginal
2014,06,50076,California,Murrieta city,All,all,0.9072,0.826,0.9884,Marginal,0.7412,0.7123,0.7702,Marginal
2014,06,50076,California,Murrieta city,With Disability,disability,NA,NA,NA,NA,0.3873,0.2605,0.514,Marginal
2014,06,50076,California,Murrieta city,Without Disability,disability,0.9147,0.8338,0.9956,Marginal,0.7628,0.7341,0.7915,Marginal
2014,06,50258,California,Napa city,All,all,0.8123,0.7384,0.8861,Marginal,0.767,0.7485,0.7854,Marginal
2014,06,50258,California,Napa city,With Disability,disability,NA,NA,NA,NA,0.4625,0.3746,0.5503,Marginal
2014,06,50258,California,Napa city,Without Disability,disability,0.8191,0.7428,0.8953,Marginal,0.7934,0.7754,0.8114,Marginal
2014,06,51182,California,Newport Beach city,All,all,0.9199,0.8489,0.991,Weak,0.7826,0.7625,0.8028,Weak
2014,06,51182,California,Newport Beach city,With Disability,disability,NA,NA,NA,NA,0.4632,0.3592,0.5673,Weak
2014,06,51182,California,Newport Beach city,Without Disability,disability,0.9682,0.9409,0.9955,Weak,0.7936,0.7731,0.8142,Weak
2014,06,52526,California,Norwalk city,All,all,0.9142,0.8689,0.9595,Strong,0.7476,0.7244,0.7708,Strong
2014,06,52526,California,Norwalk city,With Disability,disability,NA,NA,NA,NA,0.3004,0.1848,0.4159,Strong
2014,06,52526,California,Norwalk city,Without Disability,disability,0.9159,0.8703,0.9614,Strong,0.7764,0.7542,0.7987,Strong
2014,06,53000,California,Oakland city,All,all,0.7978,0.736,0.8596,Weak,0.7566,0.742,0.7712,Weak
2014,06,53000,California,Oakland city,With Disability,disability,NA,NA,NA,NA,0.3428,0.2801,0.4055,Weak
2014,06,53000,California,Oakland city,Without Disability,disability,0.8034,0.7394,0.8674,Weak,0.7876,0.7742,0.8011,Weak
2014,06,53322,California,Oceanside city,All,all,0.9559,0.9217,0.9901,Marginal,0.7198,0.6961,0.7436,Marginal
2014,06,53322,California,Oceanside city,With Disability,disability,NA,NA,NA,NA,0.4404,0.3369,0.5438,Marginal
2014,06,53322,California,Oceanside city,Without Disability,disability,0.9561,0.9213,0.9909,Marginal,0.7364,0.7112,0.7615,Marginal
2014,06,53896,California,Ontario city,All,all,0.8292,0.7448,0.9136,Strong,0.7367,0.7183,0.7551,Strong
2014,06,53896,California,Ontario city,With Disability,disability,NA,NA,NA,NA,0.4557,0.3577,0.5538,Strong
2014,06,53896,California,Ontario city,Without Disability,disability,0.8393,0.7594,0.9192,Strong,0.7522,0.7322,0.7721,Strong
2014,06,53980,California,Orange city,All,all,0.9193,0.8747,0.9639,Marginal,0.802,0.784,0.82,Marginal
2014,06,53980,California,Orange city,With Disability,disability,NA,NA,NA,NA,0.4988,0.3965,0.6011,Marginal
2014,06,53980,California,Orange city,Without Disability,disability,0.9178,0.8719,0.9637,Marginal,0.8153,0.7968,0.8337,Marginal
2014,06,54652,California,Oxnard city,All,all,0.8796,0.8257,0.9335,Strong,0.77,0.7489,0.7911,Strong
2014,06,54652,California,Oxnard city,With Disability,disability,NA,NA,NA,NA,0.3581,0.2794,0.4367,Strong
2014,06,54652,California,Oxnard city,Without Disability,disability,0.8776,0.8218,0.9334,Strong,0.8025,0.7814,0.8236,Strong
2014,06,55156,California,Palmdale city,All,all,0.7588,0.6769,0.8407,Strong,0.674,0.6497,0.6982,Strong
2014,06,55156,California,Palmdale city,With Disability,disability,NA,NA,NA,NA,0.3436,0.2524,0.4348,Strong
2014,06,55156,California,Palmdale city,Without Disability,disability,0.764,0.6808,0.8471,Strong,0.7064,0.6818,0.7311,Strong
2014,06,56000,California,Pasadena city,All,all,0.7696,0.6638,0.8753,Weak,0.8042,0.7801,0.8283,Weak
2014,06,56000,California,Pasadena city,With Disability,disability,NA,NA,NA,NA,0.3924,0.2743,0.5104,Weak
2014,06,56000,California,Pasadena city,Without Disability,disability,0.7675,0.6583,0.8766,Weak,0.8224,0.7994,0.8455,Weak
2014,06,56700,California,Perris city,All,all,0.9481,0.8938,1,Marginal,0.6711,0.6371,0.7051,Marginal
2014,06,56700,California,Perris city,With Disability,disability,NA,NA,NA,NA,0.2979,0.1984,0.3974,Marginal
2014,06,56700,California,Perris city,Without Disability,disability,0.9478,0.8921,1,Marginal,0.7063,0.6724,0.7402,Marginal
2014,06,57456,California,Pittsburg city,All,all,0.7974,0.6856,0.9093,Marginal,0.7383,0.713,0.7637,Marginal
2014,06,57456,California,Pittsburg city,With Disability,disability,NA,NA,NA,NA,0.4237,0.3305,0.5169,Marginal
2014,06,57456,California,Pittsburg city,Without Disability,disability,0.8079,0.6981,0.9178,Marginal,0.7762,0.7493,0.8031,Marginal
2014,06,57792,California,Pleasanton city,All,all,0.9386,0.8822,0.995,Weak,0.8145,0.798,0.831,Weak
2014,06,57792,California,Pleasanton city,With Disability,disability,NA,NA,NA,NA,0.5105,0.3907,0.6304,Weak
2014,06,57792,California,Pleasanton city,Without Disability,disability,0.9443,0.8897,0.999,Weak,0.8268,0.8102,0.8434,Weak
2014,06,58072,California,Pomona city,All,all,0.8669,0.7993,0.9346,Strong,0.6939,0.6685,0.7194,Strong
2014,06,58072,California,Pomona city,With Disability,disability,NA,NA,NA,NA,0.4268,0.3265,0.5271,Strong
2014,06,58072,California,Pomona city,Without Disability,disability,0.8753,0.8066,0.944,Strong,0.7116,0.6835,0.7398,Strong
2014,06,59444,California,Rancho Cordova city,All,all,0.9421,0.9152,0.9691,Marginal,0.7747,0.7559,0.7934,Marginal
2014,06,59444,California,Rancho Cordova city,With Disability,disability,NA,NA,NA,NA,0.4207,0.3427,0.4988,Marginal
2014,06,59444,California,Rancho Cordova city,Without Disability,disability,0.9495,0.9244,0.9746,Marginal,0.7975,0.778,0.8169,Marginal
2014,06,59451,California,Rancho Cucamonga city,All,all,0.925,0.8642,0.9857,Strong,0.7667,0.7427,0.7906,Strong
2014,06,59451,California,Rancho Cucamonga city,With Disability,disability,NA,NA,NA,NA,0.344,0.2207,0.4673,Strong
2014,06,59451,California,Rancho Cucamonga city,Without Disability,disability,0.9309,0.8689,0.9929,Strong,0.7903,0.7666,0.814,Strong
2014,06,59920,California,Redding city,All,all,0.8765,0.8046,0.9483,Marginal,0.6907,0.6671,0.7144,Marginal
2014,06,59920,California,Redding city,With Disability,disability,NA,NA,NA,NA,0.2701,0.2087,0.3315,Marginal
2014,06,59920,California,Redding city,Without Disability,disability,0.9122,0.8512,0.9732,Marginal,0.7504,0.725,0.7759,Marginal
2014,06,60102,California,Redwood City city,All,all,0.8771,0.8271,0.9272,Marginal,0.7601,0.7468,0.7734,Marginal
2014,06,60102,California,Redwood City city,With Disability,disability,NA,NA,NA,NA,0.3432,0.2614,0.425,Marginal
2014,06,60102,California,Redwood City city,Without Disability,disability,0.8783,0.8268,0.9299,Marginal,0.7774,0.7632,0.7917,Marginal
2014,06,60466,California,Rialto city,All,all,0.8138,0.7264,0.9011,Marginal,0.6975,0.6715,0.7235,Marginal
2014,06,60466,California,Rialto city,With Disability,disability,NA,NA,NA,NA,0.3186,0.2182,0.419,Marginal
2014,06,60466,California,Rialto city,Without Disability,disability,0.839,0.7533,0.9246,Marginal,0.7227,0.6976,0.7477,Marginal
2014,06,60620,California,Richmond city,All,all,0.8716,0.8137,0.9294,Marginal,0.7251,0.7095,0.7407,Marginal
2014,06,60620,California,Richmond city,With Disability,disability,NA,NA,NA,NA,0.3319,0.2736,0.3903,Marginal
2014,06,60620,California,Richmond city,Without Disability,disability,0.8905,0.8347,0.9464,Marginal,0.7588,0.7449,0.7727,Marginal
2014,06,62000,California,Riverside city,All,all,0.8991,0.8625,0.9357,Marginal,0.7256,0.7053,0.7459,Marginal
2014,06,62000,California,Riverside city,With Disability,disability,NA,NA,NA,NA,0.3353,0.2666,0.4041,Marginal
2014,06,62000,California,Riverside city,Without Disability,disability,0.9119,0.876,0.9479,Marginal,0.7539,0.7339,0.7739,Marginal
2014,06,62938,California,Roseville city,All,all,0.9106,0.8682,0.9531,Strong,0.7716,0.7545,0.7887,Strong
2014,06,62938,California,Roseville city,With Disability,disability,NA,NA,NA,NA,0.4464,0.3667,0.5261,Strong
2014,06,62938,California,Roseville city,Without Disability,disability,0.9256,0.885,0.9661,Strong,0.7952,0.7781,0.8122,Strong
2014,06,64000,California,Sacramento city,All,all,0.8809,0.8405,0.9213,Marginal,0.7285,0.7168,0.7402,Marginal
2014,06,64000,California,Sacramento city,With Disability,disability,NA,NA,NA,NA,0.3423,0.2991,0.3854,Marginal
2014,06,64000,California,Sacramento city,Without Disability,disability,0.8925,0.8523,0.9327,Marginal,0.7708,0.7584,0.7833,Marginal
2014,06,64224,California,Salinas city,All,all,0.8582,0.7811,0.9353,Strong,0.7386,0.7163,0.7609,Strong
2014,06,64224,California,Salinas city,With Disability,disability,NA,NA,NA,NA,0.3252,0.2142,0.4362,Strong
2014,06,64224,California,Salinas city,Without Disability,disability,0.8553,0.7765,0.9342,Strong,0.7569,0.735,0.7788,Strong
2014,06,65000,California,San Bernardino city,All,all,0.8107,0.7551,0.8663,Weak,0.6271,0.6063,0.6479,Weak
2014,06,65000,California,San Bernardino city,With Disability,disability,NA,NA,NA,NA,0.2794,0.2231,0.3356,Weak
2014,06,65000,California,San Bernardino city,Without Disability,disability,0.8266,0.7674,0.8857,Weak,0.6679,0.6484,0.6875,Weak
2014,06,65042,California,San Buenaventura (Ventura) city,All,all,0.9225,0.867,0.978,Strong,0.7979,0.7737,0.8221,Strong
2014,06,65042,California,San Buenaventura (Ventura) city,With Disability,disability,NA,NA,NA,NA,0.4817,0.3393,0.6241,Strong
2014,06,65042,California,San Buenaventura (Ventura) city,Without Disability,disability,0.9272,0.8691,0.9854,Strong,0.8155,0.7896,0.8413,Strong
2014,06,66000,California,San Diego city,All,all,0.9124,0.8937,0.931,Strong,0.7857,0.7784,0.793,Strong
2014,06,66000,California,San Diego city,With Disability,disability,0.6694,0.518,0.8207,Strong,0.4098,0.3663,0.4534,Strong
2014,06,66000,California,San Diego city,Without Disability,disability,0.9207,0.9016,0.9398,Strong,0.8048,0.7976,0.8121,Strong
2014,06,67000,California,San Francisco city,All,all,0.8585,0.8251,0.8919,Marginal,0.8155,0.8068,0.8242,Marginal
2014,06,67000,California,San Francisco city,With Disability,disability,0.6212,0.3865,0.8559,Marginal,0.465,0.4137,0.5163,Marginal
2014,06,67000,California,San Francisco city,Without Disability,disability,0.87,0.8363,0.9037,Marginal,0.8322,0.8234,0.841,Marginal
2014,06,68000,California,San Jose city,All,all,0.8866,0.856,0.9172,Strong,0.7925,0.7848,0.8003,Strong
2014,06,68000,California,San Jose city,With Disability,disability,0.7195,0.5274,0.9117,Strong,0.4436,0.3933,0.494,Strong
2014,06,68000,California,San Jose city,Without Disability,disability,0.8931,0.863,0.9231,Strong,0.8072,0.7994,0.8149,Strong
2014,06,68084,California,San Leandro city,All,all,0.8911,0.8017,0.9805,Marginal,0.8023,0.7798,0.8248,Marginal
2014,06,68084,California,San Leandro city,With Disability,disability,NA,NA,NA,NA,0.4124,0.295,0.5298,Marginal
2014,06,68084,California,San Leandro city,Without Disability,disability,0.9001,0.81,0.9901,Marginal,0.8248,0.8026,0.847,Marginal
2014,06,68196,California,San Marcos city,All,all,0.9685,0.9319,1,Marginal,0.6878,0.6442,0.7315,Marginal
2014,06,68196,California,San Marcos city,With Disability,disability,NA,NA,NA,NA,0.4689,0.3222,0.6155,Marginal
2014,06,68196,California,San Marcos city,Without Disability,disability,0.9687,0.932,1,Marginal,0.6998,0.654,0.7456,Marginal
2014,06,68252,California,San Mateo city,All,all,0.8805,0.8358,0.9253,Marginal,0.7801,0.7671,0.7932,Marginal
2014,06,68252,California,San Mateo city,With Disability,disability,NA,NA,NA,NA,0.4038,0.3491,0.4585,Marginal
2014,06,68252,California,San Mateo city,Without Disability,disability,0.9034,0.8634,0.9435,Marginal,0.79990000000000006,0.7877,0.8121,Marginal
2014,06,68378,California,San Ramon city,All,all,NA,NA,NA,NA,0.7791,0.7588,0.7995,Marginal
2014,06,68378,California,San Ramon city,With Disability,disability,NA,NA,NA,NA,NA,NA,NA,NA
2014,06,68378,California,San Ramon city,Without Disability,disability,NA,NA,NA,NA,0.7786,0.7562,0.801,Marginal
2014,06,69000,California,Santa Ana city,All,all,0.8297,0.7719,0.8875,Marginal,0.7632,0.7492,0.7773,Marginal
2014,06,69000,California,Santa Ana city,With Disability,disability,NA,NA,NA,NA,0.5534,0.4868,0.62,Marginal
2014,06,69000,California,Santa Ana city,Without Disability,disability,0.8254,0.7624,0.8884,Marginal,0.7803,0.7665,0.7941,Marginal
2014,06,69070,California,Santa Barbara city,All,all,0.9774,0.9619,0.993,Marginal,0.8055,0.7849,0.8261,Marginal
2014,06,69070,California,Santa Barbara city,With Disability,disability,NA,NA,NA,NA,0.5089,0.3691,0.6488,Marginal
2014,06,69070,California,Santa Barbara city,Without Disability,disability,0.9764,0.9601,0.9927,Marginal,0.8226,0.8007,0.8446,Marginal
2014,06,69084,California,Santa Clara city,All,all,0.9695,0.9252,1,Strong,0.7984,0.778,0.8187,Strong
2014,06,69084,California,Santa Clara city,With Disability,disability,NA,NA,NA,NA,0.5333,0.4104,0.6562,Strong
2014,06,69084,California,Santa Clara city,Without Disability,disability,0.9691,0.924,1,Strong,0.81,0.7901,0.8298,Strong
2014,06,69088,California,Santa Clarita city,All,all,0.9542,0.9338,0.9746,Strong,0.7653,0.7483,0.7823,Strong
2014,06,69088,California,Santa Clarita city,With Disability,disability,NA,NA,NA,NA,0.5037,0.4287,0.5787,Strong
2014,06,69088,California,Santa Clarita city,Without Disability,disability,0.9582,0.9382,0.9783,Strong,0.7832,0.7657,0.8007,Strong
2014,06,69196,California,Santa Maria city,All,all,0.7851,0.7017,0.8684,Marginal,0.7657,0.7421,0.7892,Marginal
2014,06,69196,California,Santa Maria city,With Disability,disability,NA,NA,NA,NA,0.4033,0.3236,0.4831,Marginal
2014,06,69196,California,Santa Maria city,Without Disability,disability,0.7883,0.7019,0.8747,Marginal,0.7922,0.7665,0.8178,Marginal
2014,06,70000,California,Santa Monica city,All,all,0.9638,0.9045,1,Weak,0.805,0.7815,0.8286,Weak
2014,06,70000,California,Santa Monica city,With Disability,disability,NA,NA,NA,NA,0.3632,0.2063,0.5201,Weak
2014,06,70000,California,Santa Monica city,Without Disability,disability,0.9933,0.9796,1,Weak,0.8225,0.8007,0.8443,Weak
2014,06,70098,California,Santa Rosa city,All,all,0.83,0.7596,0.9003,Strong,0.7878,0.7652,0.8104,Strong
2014,06,70098,California,Santa Rosa city,With Disability,disability,NA,NA,NA,NA,0.3586,0.2614,0.4558,Strong
2014,06,70098,California,Santa Rosa city,Without Disability,disability,0.8242,0.7504,0.898,Strong,0.8242,0.8042,0.8442,Strong
2014,06,72016,California,Simi Valley city,All,all,0.9219,0.8717,0.9721,Strong,0.7888,0.7668,0.8108,Strong
2014,06,72016,California,Simi Valley city,With Disability,disability,NA,NA,NA,NA,0.3381,0.216,0.4602,Strong
2014,06,72016,California,Simi Valley city,Without Disability,disability,0.9189,0.8668,0.9711,Strong,0.8164,0.7949,0.838,Strong
2014,06,73080,California,South Gate city,All,all,0.8153,0.7515,0.8791,Marginal,0.7048,0.683,0.7266,Marginal
2014,06,73080,California,South Gate city,With Disability,disability,NA,NA,NA,NA,0.3473,0.2586,0.436,Marginal
2014,06,73080,California,South Gate city,Without Disability,disability,0.8185,0.7533,0.8837,Marginal,0.7283,0.7057,0.7509,Marginal
2014,06,75000,California,Stockton city,All,all,0.8528,0.8024,0.9031,Weak,0.6593,0.6394,0.6791,Weak
2014,06,75000,California,Stockton city,With Disability,disability,NA,NA,NA,NA,0.2768,0.221,0.3326,Weak
2014,06,75000,California,Stockton city,Without Disability,disability,0.8635,0.814,0.913,Weak,0.7029,0.681,0.7249,Weak
2014,06,77000,California,Sunnyvale city,All,all,0.9621,0.8875,1,Weak,0.7726,0.7519,0.7933,Weak
2014,06,77000,California,Sunnyvale city,With Disability,disability,NA,NA,NA,NA,0.4513,0.2854,0.6171,Weak
2014,06,77000,California,Sunnyvale city,Without Disability,disability,0.96,0.8808,1,Weak,0.7812,0.7607,0.8016,Weak
2014,06,78120,California,Temecula city,All,all,0.9229,0.8628,0.9831,Strong,0.7645,0.7371,0.7919,Strong
2014,06,78120,California,Temecula city,With Disability,disability,NA,NA,NA,NA,0.2659,0.1431,0.3888,Strong
2014,06,78120,California,Temecula city,Without Disability,disability,0.9209,0.8593,0.9824,Strong,0.7924,0.766,0.8189,Strong
2014,06,78582,California,Thousand Oaks city,All,all,0.9903,0.9693,1,Strong,0.7756,0.7493,0.8018,Strong
2014,06,78582,California,Thousand Oaks city,With Disability,disability,NA,NA,NA,NA,0.39,0.2376,0.5424,Strong
2014,06,78582,California,Thousand Oaks city,Without Disability,disability,0.9899,0.968,1,Strong,0.7938,0.7689,0.8187,Strong
2014,06,80000,California,Torrance city,All,all,0.9209,0.8565,0.9853,Marginal,0.7913,0.7704,0.8122,Marginal
2014,06,80000,California,Torrance city,With Disability,disability,NA,NA,NA,NA,0.5267,0.4019,0.6515,Marginal
2014,06,80000,California,Torrance city,Without Disability,disability,0.9344,0.8724,0.9965,Marginal,0.8022,0.7808,0.8237,Marginal
2014,06,80238,California,Tracy city,All,all,0.906,0.8551,0.9568,Marginal,0.7281,0.7052,0.7511,Marginal
2014,06,80238,California,Tracy city,With Disability,disability,NA,NA,NA,NA,0.3135,0.2185,0.4085,Marginal
2014,06,80238,California,Tracy city,Without Disability,disability,0.9335,0.8909,0.9761,Marginal,0.7606,0.7375,0.7836,Marginal
2014,06,80854,California,Tustin city,All,all,0.9261,0.878,0.9742,Weak,0.8032,0.7839,0.8226,Weak
2014,06,80854,California,Tustin city,With Disability,disability,NA,NA,NA,NA,0.5848,0.4911,0.6786,Weak
2014,06,80854,California,Tustin city,Without Disability,disability,0.9362,0.8851,0.9873,Weak,0.8123,0.7922,0.8324,Weak
2014,06,81344,California,Upland city,All,all,0.9494,0.8877,1,Marginal,0.7429,0.7166,0.7692,Marginal
2014,06,81344,California,Upland city,With Disability,disability,NA,NA,NA,NA,0.3383,0.2382,0.4385,Marginal
2014,06,81344,California,Upland city,Without Disability,disability,0.9483,0.8854,1,Marginal,0.7641,0.7379,0.7903,Marginal
2014,06,81554,California,Vacaville city,All,all,0.9137,0.852,0.9755,Marginal,0.7561,0.7246,0.7875,Marginal
2014,06,81554,California,Vacaville city,With Disability,disability,NA,NA,NA,NA,0.3445,0.2317,0.4573,Marginal
2014,06,81554,California,Vacaville city,Without Disability,disability,0.9228,0.8576,0.9881,Marginal,0.7913,0.762,0.8206,Marginal
2014,06,81666,California,Vallejo city,All,all,0.9327,0.8898,0.9756,Strong,0.7026,0.6757,0.7296,Strong
2014,06,81666,California,Vallejo city,With Disability,disability,NA,NA,NA,NA,0.2754,0.1824,0.3685,Strong
2014,06,81666,California,Vallejo city,Without Disability,disability,0.9436,0.9004,0.9867,Strong,0.7383,0.7124,0.7643,Strong
2014,06,82590,California,Victorville city,All,all,0.8721,0.7991,0.945,Marginal,0.6107,0.5696,0.6519,Marginal
2014,06,82590,California,Victorville city,With Disability,disability,NA,NA,NA,NA,0.2986,0.1843,0.4129,Marginal
2014,06,82590,California,Victorville city,Without Disability,disability,0.8926,0.821,0.9642,Marginal,0.6374,0.5965,0.6784,Marginal
2014,06,82954,California,Visalia city,All,all,0.8721,0.7754,0.9689,Strong,0.7257,0.6976,0.7537,Strong
2014,06,82954,California,Visalia city,With Disability,disability,NA,NA,NA,NA,0.3862,0.2463,0.5262,Strong
2014,06,82954,California,Visalia city,Without Disability,disability,0.8802,0.78,0.9804,Strong,0.7628,0.7339,0.7917,Strong
2014,06,82996,California,Vista city,All,all,0.908,0.8478,0.9682,Marginal,0.6844,0.6553,0.7136,Marginal
2014,06,82996,California,Vista city,With Disability,disability,NA,NA,NA,NA,0.2345,0.146,0.3229,Marginal
2014,06,82996,California,Vista city,Without Disability,disability,0.9123,0.8505,0.974,Marginal,0.7076,0.6772,0.7379,Marginal
2014,06,84200,California,West Covina city,All,all,0.9306,0.889,0.9723,Marginal,0.7493,0.726,0.7725,Marginal
2014,06,84200,California,West Covina city,With Disability,disability,NA,NA,NA,NA,0.2782,0.2044,0.352,Marginal
2014,06,84200,California,West Covina city,Without Disability,disability,0.9486,0.9146,0.9826,Marginal,0.782,0.7607,0.8033,Marginal
2014,06,84550,California,Westminster city,All,all,0.8686,0.7842,0.953,Marginal,0.7626,0.7381,0.7871,Marginal
2014,06,84550,California,Westminster city,With Disability,disability,NA,NA,NA,NA,0.4301,0.3385,0.5218,Marginal
2014,06,84550,California,Westminster city,Without Disability,disability,0.8787,0.7884,0.969,Marginal,0.7805,0.7556,0.8054,Marginal
2014,06,85292,California,Whittier city,All,all,0.9683,0.9388,0.9978,Marginal,0.7762,0.7576,0.7948,Marginal
2014,06,85292,California,Whittier city,With Disability,disability,NA,NA,NA,NA,0.3503,0.2406,0.4601,Marginal
2014,06,85292,California,Whittier city,Without Disability,disability,0.9732,0.9444,1,Marginal,0.8037,0.7853,0.8221,Marginal
2014,08,03455,Colorado,Arvada city,All,all,0.8423,0.761,0.9235,Strong,0.828,0.8114,0.8446,Strong
2014,08,03455,Colorado,Arvada city,With Disability,disability,NA,NA,NA,NA,0.4375,0.3512,0.5237,Strong
2014,08,03455,Colorado,Arvada city,Without Disability,disability,0.8647,0.7908,0.9386,Strong,0.8557,0.8416,0.8698,Strong
2014,08,04000,Colorado,Aurora city,All,all,0.7894,0.7395,0.8392,Weak,0.7825,0.7717,0.7934,Weak
2014,08,04000,Colorado,Aurora city,With Disability,disability,NA,NA,NA,NA,0.458,0.4073,0.5088,Weak
2014,08,04000,Colorado,Aurora city,Without Disability,disability,0.7861,0.7333,0.839,Weak,0.8085,0.7985,0.8185,Weak
2014,08,07850,Colorado,Boulder city,All,all,0.9819,0.9627,1,Marginal,0.84,0.8219,0.8581,Marginal
2014,08,07850,Colorado,Boulder city,With Disability,disability,NA,NA,NA,NA,0.5454,0.4294,0.6614,Marginal
2014,08,07850,Colorado,Boulder city,Without Disability,disability,0.9884,0.9761,1,Marginal,0.8544,0.8375,0.8713,Marginal
2014,08,12815,Colorado,Centennial city,All,all,0.8894,0.8439,0.935,Marginal,0.817,0.8036,0.8304,Marginal
2014,08,12815,Colorado,Centennial city,With Disability,disability,NA,NA,NA,NA,0.5708,0.4928,0.6487,Marginal
2014,08,12815,Colorado,Centennial city,Without Disability,disability,0.9122,0.8665,0.9579,Marginal,0.8287,0.8162,0.8413,Marginal
2014,08,16000,Colorado,Colorado Springs city,All,all,0.849,0.786,0.9119,Weak,0.7844,0.7697,0.7991,Weak
2014,08,16000,Colorado,Colorado Springs city,With Disability,disability,NA,NA,NA,NA,0.4844,0.4345,0.5342,Weak
2014,08,16000,Colorado,Colorado Springs city,Without Disability,disability,0.8708,0.8007,0.9409,Weak,0.8169,0.8024,0.8314,Weak
2014,08,20000,Colorado,Denver city,All,all,0.8338,0.7928,0.8748,Strong,0.7973,0.7887,0.806,Strong
2014,08,20000,Colorado,Denver city,With Disability,disability,NA,NA,NA,NA,0.3797,0.3436,0.4158,Strong
2014,08,20000,Colorado,Denver city,Without Disability,disability,0.8427,0.8025,0.8829,Strong,0.8243,0.8161,0.8325,Strong
2014,08,27425,Colorado,Fort Collins city,All,all,0.934,0.8994,0.9686,Marginal,0.7963,0.7765,0.8161,Marginal
2014,08,27425,Colorado,Fort Collins city,With Disability,disability,NA,NA,NA,NA,0.3921,0.307,0.4772,Marginal
2014,08,27425,Colorado,Fort Collins city,Without Disability,disability,0.9344,0.8992,0.9696,Marginal,0.8225,0.8029,0.842,Marginal
2014,08,32155,Colorado,Greeley city,All,all,0.8555,0.7948,0.9163,Marginal,0.7882,0.7699,0.8064,Marginal
2014,08,32155,Colorado,Greeley city,With Disability,disability,NA,NA,NA,NA,0.5621,0.4879,0.6363,Marginal
2014,08,32155,Colorado,Greeley city,Without Disability,disability,0.8789,0.8238,0.934,Marginal,0.8089,0.7913,0.8265,Marginal
2014,08,43000,Colorado,Lakewood city,All,all,0.8818,0.8329,0.9308,Weak,0.8115,0.7997,0.8232,Weak
2014,08,43000,Colorado,Lakewood city,With Disability,disability,NA,NA,NA,NA,0.429,0.3694,0.4887,Weak
2014,08,43000,Colorado,Lakewood city,Without Disability,disability,0.8873,0.8377,0.9369,Weak,0.8389,0.8261,0.8518,Weak
2014,08,45970,Colorado,Longmont city,All,all,0.835,0.7581,0.912,Marginal,0.808,0.7916,0.8244,Marginal
2014,08,45970,Colorado,Longmont city,With Disability,disability,NA,NA,NA,NA,0.5718,0.4887,0.6549,Marginal
2014,08,45970,Colorado,Longmont city,Without Disability,disability,0.8518,0.7707,0.9329,Marginal,0.8257,0.8085,0.8429,Marginal
2014,08,46465,Colorado,Loveland city,All,all,0.9568,0.9128,1,Marginal,0.8059,0.7858,0.8261,Marginal
2014,08,46465,Colorado,Loveland city,With Disability,disability,NA,NA,NA,NA,0.4877,0.3769,0.5984,Marginal
2014,08,46465,Colorado,Loveland city,Without Disability,disability,0.9547,0.9084,1,Marginal,0.8332,0.8151,0.8513,Marginal
2014,08,62000,Colorado,Pueblo city,All,all,0.8202,0.7359,0.9045,Weak,0.7696,0.7503,0.7889,Weak
2014,08,62000,Colorado,Pueblo city,With Disability,disability,NA,NA,NA,NA,0.3886,0.3045,0.4726,Weak
2014,08,62000,Colorado,Pueblo city,Without Disability,disability,0.8391,0.7545,0.9237,Weak,0.8108,0.7926,0.8289,Weak
2014,08,77290,Colorado,Thornton city,All,all,0.8356,0.7718,0.8994,Marginal,0.7939,0.778,0.8098,Marginal
2014,08,77290,Colorado,Thornton city,With Disability,disability,NA,NA,NA,NA,0.462,0.3851,0.5389,Marginal
2014,08,77290,Colorado,Thornton city,Without Disability,disability,0.8746,0.8127,0.9364,Marginal,0.8201,0.8045,0.8357,Marginal
2014,08,83835,Colorado,Westminster city,All,all,0.8363,0.7771,0.8956,Marginal,0.8003,0.7848,0.8157,Marginal
2014,08,83835,Colorado,Westminster city,With Disability,disability,NA,NA,NA,NA,0.4929,0.4247,0.5612,Marginal
2014,08,83835,Colorado,Westminster city,Without Disability,disability,0.8649,0.8085,0.9214,Marginal,0.8236,0.808,0.8393,Marginal
2014,09,08000,Connecticut,Bridgeport city,All,all,0.8785,0.821,0.936,Strong,0.7447,0.7192,0.7703,Strong
2014,09,08000,Connecticut,Bridgeport city,With Disability,disability,NA,NA,NA,NA,0.3463,0.263,0.4295,Strong
2014,09,08000,Connecticut,Bridgeport city,Without Disability,disability,0.8932,0.8384,0.9479,Strong,0.781,0.755,0.8069,Strong
2014,09,18430,Connecticut,Danbury city,All,all,0.9465,0.9097,0.9833,Marginal,0.8161,0.8003,0.8318,Marginal
2014,09,18430,Connecticut,Danbury city,With Disability,disability,NA,NA,NA,NA,0.464,0.3817,0.5463,Marginal
2014,09,18430,Connecticut,Danbury city,Without Disability,disability,0.9559,0.9211,0.9906,Marginal,0.8369,0.8206,0.8533,Marginal
2014,09,37000,Connecticut,Hartford city,All,all,0.8381,0.7678,0.9085,Weak,0.6569,0.6238,0.6901,Weak
2014,09,37000,Connecticut,Hartford city,With Disability,disability,NA,NA,NA,NA,0.3626,0.2628,0.4624,Weak
2014,09,37000,Connecticut,Hartford city,Without Disability,disability,0.8704,0.8008,0.9401,Weak,0.7033,0.6692,0.73740000000000006,Weak
2014,09,52000,Connecticut,New Haven city,All,all,0.8429,0.77,0.9158,Strong,0.7121,0.6778,0.7465,Strong
2014,09,52000,Connecticut,New Haven city,With Disability,disability,NA,NA,NA,NA,0.383,0.2589,0.5071,Strong
2014,09,52000,Connecticut,New Haven city,Without Disability,disability,0.8608,0.7876,0.9339,Strong,0.7362,0.7045,0.7679,Strong
2014,09,55990,Connecticut,Norwalk city,All,all,0.8908,0.7872,0.9945,Marginal,0.7743,0.7504,0.7983,Marginal
2014,09,55990,Connecticut,Norwalk city,With Disability,disability,NA,NA,NA,NA,0.555,0.414,0.6961,Marginal
2014,09,55990,Connecticut,Norwalk city,Without Disability,disability,0.8873,0.7799,0.9947,Marginal,0.7837,0.7597,0.8077,Marginal
2014,09,73000,Connecticut,Stamford city,All,all,0.9216,0.8435,0.9996,Weak,0.7748,0.7516,0.7979,Weak
2014,09,73000,Connecticut,Stamford city,With Disability,disability,NA,NA,NA,NA,0.6151,0.4786,0.7516,Weak
2014,09,73000,Connecticut,Stamford city,Without Disability,disability,0.9204,0.8411,0.9998,Weak,0.7808,0.7573,0.8043,Weak
2014,09,80000,Connecticut,Waterbury city,All,all,0.7619,0.6488,0.8751,Marginal,0.6904,0.6599,0.7209,Marginal
2014,09,80000,Connecticut,Waterbury city,With Disability,disability,NA,NA,NA,NA,0.3185,0.2054,0.4316,Marginal
2014,09,80000,Connecticut,Waterbury city,Without Disability,disability,0.7753,0.6601,0.8904,Marginal,0.7412,0.7102,0.7722,Marginal
2014,11,50000,District of Columbia,Washington city,All,all,0.8646,0.8391,0.89,Strong,0.7911,0.7824,0.7998,Strong
2014,11,50000,District of Columbia,Washington city,With Disability,disability,0.6336,0.4903,0.7769,Strong,0.3668,0.3305,0.403,Strong
2014,11,50000,District of Columbia,Washington city,Without Disability,disability,0.8817,0.8559,0.9075,Strong,0.8207,0.8124,0.829,Strong
2014,12,07300,Florida,Boca Raton city,All,all,0.9808,0.9554,1,Marginal,0.797,0.7677,0.8263,Marginal
2014,12,07300,Florida,Boca Raton city,With Disability,disability,NA,NA,NA,NA,0.4722,0.3229,0.6215,Marginal
2014,12,07300,Florida,Boca Raton city,Without Disability,disability,0.9886,0.9709,1,Marginal,0.8125,0.7848,0.8402,Marginal
2014,12,07875,Florida,Boynton Beach city,All,all,0.9241,0.8611,0.987,Marginal,0.807,0.7814,0.8325,Marginal
2014,12,07875,Florida,Boynton Beach city,With Disability,disability,NA,NA,NA,NA,0.5277,0.4176,0.6377,Marginal
2014,12,07875,Florida,Boynton Beach city,Without Disability,disability,0.9243,0.8607,0.988,Marginal,0.8271,0.8029,0.8513,Marginal
2014,12,10275,Florida,Cape Coral city,All,all,0.8727,0.7543,0.9911,Strong,0.7428,0.7131,0.7725,Strong
2014,12,10275,Florida,Cape Coral city,With Disability,disability,NA,NA,NA,NA,0.2671,0.1902,0.344,Strong
2014,12,10275,Florida,Cape Coral city,Without Disability,disability,0.9045,0.7757,1,Strong,0.7945,0.7648,0.8242,Strong
2014,12,12875,Florida,Clearwater city,All,all,0.7673,0.6453,0.8893,Marginal,0.7546,0.7196,0.7896,Marginal
2014,12,12875,Florida,Clearwater city,With Disability,disability,NA,NA,NA,NA,0.3259,0.2168,0.435,Marginal
2014,12,12875,Florida,Clearwater city,Without Disability,disability,0.7713,0.6462,0.8963,Marginal,0.7963,0.7633,0.8294,Marginal
2014,12,14400,Florida,Coral Springs city,All,all,0.89,0.8383,0.9418,Strong,0.7729,0.7558,0.79,Strong
2014,12,14400,Florida,Coral Springs city,With Disability,disability,NA,NA,NA,NA,0.3748,0.3007,0.4488,Strong
2014,12,14400,Florida,Coral Springs city,Without Disability,disability,0.9087,0.8589,0.9586,Strong,0.7994,0.7815,0.8172,Strong
2014,12,16475,Florida,Davie town,All,all,0.9886,0.9737,1,Marginal,0.7828,0.7544,0.8112,Marginal
2014,12,16475,Florida,Davie town,With Disability,disability,NA,NA,NA,NA,0.3515,0.2279,0.4751,Marginal
2014,12,16475,Florida,Davie town,Without Disability,disability,0.9972,0.9944,1,Marginal,0.8071,0.7796,0.8346,Marginal
2014,12,16725,Florida,Deerfield Beach city,All,all,0.8834,0.8011,0.9658,Marginal,0.7743,0.7475,0.801,Marginal
2014,12,16725,Florida,Deerfield Beach city,With Disability,disability,NA,NA,NA,NA,0.4418,0.3344,0.5493,Marginal
2014,12,16725,Florida,Deerfield Beach city,Without Disability,disability,0.8899,0.8069,0.973,Marginal,0.8019,0.7766,0.8272,Marginal
2014,12,17200,Florida,Deltona city,All,all,0.7797,0.6554,0.9039,Marginal,0.7321,0.7054,0.7587,Marginal
2014,12,17200,Florida,Deltona city,With Disability,disability,NA,NA,NA,NA,0.3178,0.2131,0.4225,Marginal
2014,12,17200,Florida,Deltona city,Without Disability,disability,0.7938,0.668,0.9196,Marginal,0.7745,0.7459,0.8032,Marginal
2014,12,17935,Florida,Doral city,All,all,0.9262,0.8723,0.9801,Marginal,0.7644,0.7387,0.7902,Marginal
2014,12,17935,Florida,Doral city,With Disability,disability,NA,NA,NA,NA,NA,NA,NA,NA
2014,12,17935,Florida,Doral city,Without Disability,disability,0.9233,0.8674,0.9791,Marginal,0.7764,0.7504,0.8024,Marginal
2014,12,24000,Florida,Fort Lauderdale city,All,all,0.7958,0.7113,0.8803,Weak,0.7727,0.7502,0.7952,Weak
2014,12,24000,Florida,Fort Lauderdale city,With Disability,disability,NA,NA,NA,NA,0.3532,0.2707,0.4357,Weak
2014,12,24000,Florida,Fort Lauderdale city,Without Disability,disability,0.8083,0.722,0.8945,Weak,0.8133,0.794,0.8325,Weak
2014,12,24125,Florida,Fort Myers city,All,all,0.9066,0.8302,0.9831,Marginal,0.7512,0.7202,0.7821,Marginal
2014,12,24125,Florida,Fort Myers city,With Disability,disability,NA,NA,NA,NA,0.2766,0.1786,0.3747,Marginal
2014,12,24125,Florida,Fort Myers city,Without Disability,disability,0.9229,0.8436,1,Marginal,0.8062,0.7773,0.8351,Marginal
2014,12,25175,Florida,Gainesville city,All,all,0.9486,0.9283,0.9688,Strong,0.7325,0.7139,0.751,Strong
2014,12,25175,Florida,Gainesville city,With Disability,disability,NA,NA,NA,NA,0.3075,0.2429,0.3721,Strong
2014,12,25175,Florida,Gainesville city,Without Disability,disability,0.9489,0.9283,0.9695,Strong,0.7734,0.7553,0.7914,Strong
2014,12,30000,Florida,Hialeah city,All,all,0.8352,0.7646,0.9057,Marginal,0.7277,0.7072,0.7483,Marginal
2014,12,30000,Florida,Hialeah city,With Disability,disability,NA,NA,NA,NA,0.3243,0.2485,0.4,Marginal
2014,12,30000,Florida,Hialeah city,Without Disability,disability,0.8487,0.7818,0.9157,Marginal,0.7502,0.73,0.7705,Marginal
2014,12,32000,Florida,Hollywood city,All,all,0.8583,0.7778,0.9388,Marginal,0.7687,0.7485,0.7888,Marginal
2014,12,32000,Florida,Hollywood city,With Disability,disability,NA,NA,NA,NA,0.3649,0.2922,0.4377,Marginal
2014,12,32000,Florida,Hollywood city,Without Disability,disability,0.8815,0.8019,0.9611,Marginal,0.8058,0.787,0.8246,Marginal
2014,12,32275,Florida,Homestead city,All,all,0.7291,0.6382,0.82,Weak,0.7155,0.6896,0.7414,Weak
2014,12,32275,Florida,Homestead city,With Disability,disability,NA,NA,NA,NA,0.4477,0.3538,0.5417,Weak
2014,12,32275,Florida,Homestead city,Without Disability,disability,0.7265,0.6319,0.8212,Weak,0.7491,0.7235,0.7746,Weak
2014,12,35000,Florida,Jacksonville city,All,all,0.7802,0.7269,0.8335,Weak,0.7491,0.7378,0.7604,Weak
2014,12,35000,Florida,Jacksonville city,With Disability,disability,0.4765,0.2345,0.7186,Weak,0.3717,0.3402,0.4033,Weak
2014,12,35000,Florida,Jacksonville city,Without Disability,disability,0.801,0.7498,0.8522,Weak,0.7911,0.7798,0.8024,Weak
2014,12,36950,Florida,Kissimmee city,All,all,0.8833,0.8121,0.9544,Marginal,0.7316,0.7022,0.761,Marginal
2014,12,36950,Florida,Kissimmee city,With Disability,disability,NA,NA,NA,NA,0.37,0.2904,0.4497,Marginal
2014,12,36950,Florida,Kissimmee city,Without Disability,disability,0.886,0.8147,0.9574,Marginal,0.781,0.7494,0.8127,Marginal
2014,12,38250,Florida,Lakeland city,All,all,0.8683,0.8113,0.9252,Marginal,0.7206,0.6994,0.7419,Marginal
2014,12,38250,Florida,Lakeland city,With Disability,disability,NA,NA,NA,NA,0.279,0.2142,0.3438,Marginal
2014,12,38250,Florida,Lakeland city,Without Disability,disability,0.8903,0.8429,0.9376,Marginal,0.7717,0.7496,0.7938,Marginal
2014,12,39425,Florida,Largo city,All,all,0.772,0.6464,0.8976,Marginal,0.7926,0.7674,0.8177,Marginal
2014,12,39425,Florida,Largo city,With Disability,disability,NA,NA,NA,NA,0.3467,0.2452,0.4481,Marginal
2014,12,39425,Florida,Largo city,Without Disability,disability,0.8104,0.6907,0.9301,Marginal,0.8308,0.8052,0.8565,Marginal
2014,12,43975,Florida,Melbourne city,All,all,0.8404,0.7283,0.9525,Marginal,0.7599,0.7315,0.7882,Marginal
2014,12,43975,Florida,Melbourne city,With Disability,disability,NA,NA,NA,NA,0.3487,0.2497,0.4478,Marginal
2014,12,43975,Florida,Melbourne city,Without Disability,disability,0.8657,0.7566,0.9747,Marginal,0.802,0.7749,0.8291,Marginal
2014,12,45000,Florida,Miami city,All,all,0.7905,0.7317,0.8492,Marginal,0.7439,0.7308,0.7569,Marginal
2014,12,45000,Florida,Miami city,With Disability,disability,NA,NA,NA,NA,0.3114,0.2416,0.3811,Marginal
2014,12,45000,Florida,Miami city,Without Disability,disability,0.7927,0.7332,0.8522,Marginal,0.7715,0.759,0.784,Marginal
2014,12,45025,Florida,Miami Beach city,All,all,0.9632,0.9303,0.996,Marginal,0.8055,0.7843,0.8267,Marginal
2014,12,45025,Florida,Miami Beach city,With Disability,disability,NA,NA,NA,NA,0.4069,0.2883,0.5254,Marginal
2014,12,45025,Florida,Miami Beach city,Without Disability,disability,0.9857,0.9697,1,Marginal,0.823,0.8021,0.8439,Marginal
2014,12,45060,Florida,Miami Gardens city,All,all,0.8687,0.7981,0.9393,Marginal,0.706,0.6812,0.7308,Marginal
2014,12,45060,Florida,Miami Gardens city,With Disability,disability,NA,NA,NA,NA,0.3046,0.2097,0.3996,Marginal
2014,12,45060,Florida,Miami Gardens city,Without Disability,disability,0.8738,0.8047,0.9428,Marginal,0.7313,0.7058,0.7568,Marginal
2014,12,45975,Florida,Miramar city,All,all,0.8485,0.7665,0.9306,Marginal,0.8021,0.7823,0.822,Marginal
2014,12,45975,Florida,Miramar city,With Disability,disability,NA,NA,NA,NA,0.484,0.3756,0.5924,Marginal
2014,12,45975,Florida,Miramar city,Without Disability,disability,0.8682,0.7889,0.9475,Marginal,0.8148,0.7947,0.8348,Marginal
2014,12,49675,Florida,North Port city,All,all,NA,NA,NA,NA,0.7509,0.711,0.7907,Weak
2014,12,49675,Florida,North Port city,With Disability,disability,NA,NA,NA,NA,0.2224,0.122,0.3228,Weak
2014,12,49675,Florida,North Port city,Without Disability,disability,NA,NA,NA,NA,0.8196,0.7859,0.8533,Weak
2014,12,53000,Florida,Orlando city,All,all,0.8616,0.8218,0.9014,Weak,0.7851,0.7695,0.8007,Weak
2014,12,53000,Florida,Orlando city,With Disability,disability,NA,NA,NA,NA,0.3487,0.2848,0.4125,Weak
2014,12,53000,Florida,Orlando city,Without Disability,disability,0.8683,0.8269,0.9096,Weak,0.8197,0.8045,0.8348,Weak
2014,12,54000,Florida,Palm Bay city,All,all,0.8764,0.7574,0.9954,Strong,0.7318,0.7029,0.7606,Strong
2014,12,54000,Florida,Palm Bay city,With Disability,disability,NA,NA,NA,NA,0.3628,0.2331,0.4924,Strong
2014,12,54000,Florida,Palm Bay city,Without Disability,disability,0.8979,0.7881,1,Strong,0.762,0.7323,0.7917,Strong
2014,12,54200,Florida,Palm Coast city,All,all,0.8375,0.7273,0.9477,Marginal,0.6736,0.6308,0.7165,Marginal
2014,12,54200,Florida,Palm Coast city,With Disability,disability,NA,NA,NA,NA,0.2546,0.1671,0.342,Marginal
2014,12,54200,Florida,Palm Coast city,Without Disability,disability,0.924,0.8584,0.9896,Marginal,0.73740000000000006,0.6928,0.7821,Marginal
2014,12,55775,Florida,Pembroke Pines city,All,all,0.9076,0.8596,0.9556,Marginal,0.8018,0.7857,0.8179,Marginal
2014,12,55775,Florida,Pembroke Pines city,With Disability,disability,NA,NA,NA,NA,0.4818,0.3945,0.569,Marginal
2014,12,55775,Florida,Pembroke Pines city,Without Disability,disability,0.924,0.8748,0.9732,Marginal,0.8161,0.8003,0.8318,Marginal
2014,12,57425,Florida,Plantation city,All,all,0.8642,0.8002,0.9281,Marginal,0.7884,0.7697,0.8072,Marginal
2014,12,57425,Florida,Plantation city,With Disability,disability,NA,NA,NA,NA,0.4895,0.4014,0.5775,Marginal
2014,12,57425,Florida,Plantation city,Without Disability,disability,0.8748,0.8107,0.939,Marginal,0.8103,0.792,0.8286,Marginal
2014,12,58050,Florida,Pompano Beach city,All,all,0.8637,0.8138,0.9136,Marginal,0.7769,0.7599,0.7938,Marginal
2014,12,58050,Florida,Pompano Beach city,With Disability,disability,NA,NA,NA,NA,0.4512,0.378,0.5245,Marginal
2014,12,58050,Florida,Pompano Beach city,Without Disability,disability,0.86240000000000006,0.8094,0.9154,Marginal,0.8006,0.7826,0.8186,Marginal
2014,12,58715,Florida,Port St. Lucie city,All,all,0.7957,0.6414,0.95,Strong,0.7278,0.693,0.7625,Strong
2014,12,58715,Florida,Port St. Lucie city,With Disability,disability,NA,NA,NA,NA,0.2846,0.1991,0.37,Strong
2014,12,58715,Florida,Port St. Lucie city,Without Disability,disability,0.8058,0.6434,0.9681,Strong,0.7904,0.757,0.8238,Strong
2014,12,63000,Florida,St. Petersburg city,All,all,0.8344,0.7806,0.8881,Weak,0.7578,0.7413,0.7743,Weak
2014,12,63000,Florida,St. Petersburg city,With Disability,disability,NA,NA,NA,NA,0.2586,0.216,0.3011,Weak
2014,12,63000,Florida,St. Petersburg city,Without Disability,disability,0.8623,0.8083,0.9163,Weak,0.8111,0.7948,0.8274,Weak
2014,12,69700,Florida,Sunrise city,All,all,0.8705,0.8092,0.9319,Marginal,0.7883,0.7703,0.8064,Marginal
2014,12,69700,Florida,Sunrise city,With Disability,disability,NA,NA,NA,NA,0.4898,0.4024,0.5772,Marginal
2014,12,69700,Florida,Sunrise city,Without Disability,disability,0.8816,0.8201,0.9431,Marginal,0.8097,0.7921,0.8272,Marginal
2014,12,70600,Florida,Tallahassee city,All,all,0.9549,0.9348,0.975,Strong,0.7865,0.7672,0.8059,Strong
2014,12,70600,Florida,Tallahassee city,With Disability,disability,NA,NA,NA,NA,0.385,0.2993,0.4708,Strong
2014,12,70600,Florida,Tallahassee city,Without Disability,disability,0.9613,0.9407,0.9818,Strong,0.8246,0.8063,0.843,Strong
2014,12,71000,Florida,Tampa city,All,all,0.8522,0.8063,0.8982,Marginal,0.7543,0.7393,0.7694,Marginal
2014,12,71000,Florida,Tampa city,With Disability,disability,NA,NA,NA,NA,0.4008,0.3534,0.4482,Marginal
2014,12,71000,Florida,Tampa city,Without Disability,disability,0.8598,0.8144,0.9053,Marginal,0.7859,0.7708,0.8011,Marginal
2014,12,76600,Florida,West Palm Beach city,All,all,0.8573,0.7984,0.9163,Marginal,0.7779,0.7561,0.7998,Marginal
2014,12,76600,Florida,West Palm Beach city,With Disability,disability,NA,NA,NA,NA,0.2738,0.2018,0.3459,Marginal
2014,12,76600,Florida,West Palm Beach city,Without Disability,disability,0.8569,0.7974,0.9165,Marginal,0.8067,0.7845,0.8289,Marginal
2014,13,03440,Georgia,Athens-Clarke County unified government (balance),All,all,0.9401,0.906,0.9742,Marginal,0.7544,0.7319,0.7768,Marginal
2014,13,03440,Georgia,Athens-Clarke County unified government (balance),With Disability,disability,NA,NA,NA,NA,0.4132,0.3333,0.4932,Marginal
2014,13,03440,Georgia,Athens-Clarke County unified government (balance),Without Disability,disability,0.9508,0.9214,0.9801,Marginal,0.7872,0.7644,0.8099,Marginal
2014,13,04000,Georgia,Atlanta city,All,all,0.9185,0.8909,0.9462,Weak,0.7659,0.7551,0.7767,Weak
2014,13,04000,Georgia,Atlanta city,With Disability,disability,0.645,0.4911,0.7988,Weak,0.297,0.2527,0.3412,Weak
2014,13,04000,Georgia,Atlanta city,Without Disability,disability,0.9383,0.9096,0.967,Weak,0.8031,0.7913,0.8149,Weak
2014,13,04204,Georgia,Augusta-Richmond County consolidated government (balance),All,all,0.7947,0.7378,0.8516,Strong,0.6786,0.6585,0.6988,Strong
2014,13,04204,Georgia,Augusta-Richmond County consolidated government (balance),With Disability,disability,0.6065,0.3723,0.8407,Strong,0.348,0.2945,0.4015,Strong
2014,13,04204,Georgia,Augusta-Richmond County consolidated government (balance),Without Disability,disability,0.8281,0.7718,0.8845,Strong,0.7375,0.716,0.759,Strong
2014,13,19000,Georgia,Columbus city,All,all,0.9135,0.8773,0.9497,Weak,0.747,0.7291,0.7649,Weak
2014,13,19000,Georgia,Columbus city,With Disability,disability,NA,NA,NA,NA,0.4314,0.3794,0.4834,Weak
2014,13,19000,Georgia,Columbus city,Without Disability,disability,0.9204,0.8842,0.9565,Weak,0.7912,0.7726,0.8097,Weak
2014,13,42425,Georgia,Johns Creek city,All,all,0.9682,0.9214,1,Marginal,0.7802,0.748,0.8123,Marginal
2014,13,42425,Georgia,Johns Creek city,With Disability,disability,NA,NA,NA,NA,NA,NA,NA,NA
2014,13,42425,Georgia,Johns Creek city,Without Disability,disability,NA,NA,NA,NA,0.7859,0.7526,0.8192,Marginal
2014,13,49008,Georgia,Macon-Bibb County,All,all,0.8766,0.8246,0.9286,Strong,0.6853,0.6584,0.7122,Strong
2014,13,49008,Georgia,Macon-Bibb County,With Disability,disability,NA,NA,NA,NA,0.3209,0.2439,0.3979,Strong
2014,13,49008,Georgia,Macon-Bibb County,Without Disability,disability,0.8769,0.821,0.9327,Strong,0.732,0.7059,0.7582,Strong
2014,13,67284,Georgia,Roswell city,All,all,0.8892,0.779,0.9993,Marginal,0.8056,0.7808,0.8304,Marginal
2014,13,67284,Georgia,Roswell city,With Disability,disability,NA,NA,NA,NA,0.577,0.4268,0.7272,Marginal
2014,13,67284,Georgia,Roswell city,Without Disability,disability,NA,NA,NA,NA,0.8137,0.7881,0.8392,Marginal
2014,13,68516,Georgia,Sandy Springs city,All,all,NA,NA,NA,NA,0.8177,0.7963,0.8392,Strong
2014,13,68516,Georgia,Sandy Springs city,With Disability,disability,NA,NA,NA,NA,0.4932,0.3227,0.6636,Strong
2014,13,68516,Georgia,Sandy Springs city,Without Disability,disability,NA,NA,NA,NA,0.8276,0.8058,0.8493,Strong
2014,13,69000,Georgia,Savannah city,All,all,0.8661,0.8075,0.9246,Weak,0.7502,0.7278,0.7726,Weak
2014,13,69000,Georgia,Savannah city,With Disability,disability,NA,NA,NA,NA,0.3242,0.2496,0.3987,Weak
2014,13,69000,Georgia,Savannah city,Without Disability,disability,0.8908,0.8364,0.9452,Weak,0.7903,0.7686,0.812,Weak
2014,13,80508,Georgia,Warner Robins city,All,all,0.8435,0.7344,0.9525,Marginal,0.7533,0.7227,0.7839,Marginal
2014,13,80508,Georgia,Warner Robins city,With Disability,disability,NA,NA,NA,NA,0.4092,0.2924,0.5261,Marginal
2014,13,80508,Georgia,Warner Robins city,Without Disability,disability,0.8473,0.7379,0.9566,Marginal,0.7844,0.7543,0.8145,Marginal
2014,15,71550,Hawaii,Urban Honolulu CDP,All,all,0.9626,0.944,0.9812,Strong,0.8285,0.8179,0.839,Strong
2014,15,71550,Hawaii,Urban Honolulu CDP,With Disability,disability,NA,NA,NA,NA,0.5057,0.4432,0.5681,Strong
2014,15,71550,Hawaii,Urban Honolulu CDP,Without Disability,disability,0.9749,0.9607,0.9891,Strong,0.8471,0.8369,0.8573,Strong
2014,16,08830,Idaho,Boise City city,All,all,0.8831,0.8428,0.9233,Marginal,0.7882,0.7727,0.8038,Marginal
2014,16,08830,Idaho,Boise City city,With Disability,disability,NA,NA,NA,NA,0.3799,0.3111,0.4487,Marginal
2014,16,08830,Idaho,Boise City city,Without Disability,disability,0.8842,0.8421,0.9262,Marginal,0.8227,0.8067,0.8387,Marginal
2014,16,52120,Idaho,Meridian city,All,all,0.9101,0.8596,0.9607,Weak,0.7944,0.7764,0.8123,Weak
2014,16,52120,Idaho,Meridian city,With Disability,disability,NA,NA,NA,NA,0.496,0.4064,0.5857,Weak
2014,16,52120,Idaho,Meridian city,Without Disability,disability,0.9151,0.8623,0.968,Weak,0.8182,0.8013,0.8352,Weak
2014,16,56260,Idaho,Nampa city,All,all,0.8671,0.8139,0.9203,Marginal,0.7659,0.7493,0.7826,Marginal
2014,16,56260,Idaho,Nampa city,With Disability,disability,NA,NA,NA,NA,0.4158,0.3511,0.4806,Marginal
2014,16,56260,Idaho,Nampa city,Without Disability,disability,0.8718,0.8162,0.9275,Marginal,0.8012,0.7834,0.8189,Marginal
2014,17,02154,Illinois,Arlington Heights village,All,all,NA,NA,NA,NA,0.8221,0.8046,0.8396,Weak
2014,17,02154,Illinois,Arlington Heights village,With Disability,disability,NA,NA,NA,NA,NA,NA,NA,NA
2014,17,02154,Illinois,Arlington Heights village,Without Disability,disability,NA,NA,NA,NA,0.8353,0.8179,0.8526,Weak
2014,17,03012,Illinois,Aurora city,All,all,0.8129,0.748,0.8779,Marginal,0.768,0.7506,0.7853,Marginal
2014,17,03012,Illinois,Aurora city,With Disability,disability,NA,NA,NA,NA,0.4973,0.4192,0.5755,Marginal
2014,17,03012,Illinois,Aurora city,Without Disability,disability,0.8494,0.791,0.9077,Marginal,0.7845,0.7676,0.8014,Marginal
2014,17,06613,Illinois,Bloomington city,All,all,0.9613,0.9376,0.9851,Marginal,0.8509,0.8351,0.8667,Marginal
2014,17,06613,Illinois,Bloomington city,With Disability,disability,NA,NA,NA,NA,0.4662,0.3614,0.571,Marginal
2014,17,06613,Illinois,Bloomington city,Without Disability,disability,0.9642,0.9402,0.9882,Marginal,0.8783,0.8635,0.893,Marginal
2014,17,12385,Illinois,Champaign city,All,all,0.9784,0.9642,0.9926,Weak,0.8088,0.7882,0.8295,Weak
2014,17,12385,Illinois,Champaign city,With Disability,disability,NA,NA,NA,NA,0.4367,0.3423,0.5311,Weak
2014,17,12385,Illinois,Champaign city,Without Disability,disability,0.9838,0.9711,0.9965,Weak,0.8323,0.8135,0.8511,Weak
2014,17,14000,Illinois,Chicago city,All,all,0.8464,0.8304,0.8623,Strong,0.7597,0.7545,0.7649,Strong
2014,17,14000,Illinois,Chicago city,With Disability,disability,0.6405,0.5233,0.7577,Strong,0.3465,0.3207,0.3724,Strong
2014,17,14000,Illinois,Chicago city,Without Disability,disability,0.8553,0.8397,0.871,Strong,0.7872,0.7821,0.7922,Strong
2014,17,14351,Illinois,Cicero town,All,all,0.8615,0.79990000000000006,0.9231,Marginal,0.7593,0.7416,0.777,Marginal
2014,17,14351,Illinois,Cicero town,With Disability,disability,NA,NA,NA,NA,0.4099,0.3087,0.5111,Marginal
2014,17,14351,Illinois,Cicero town,Without Disability,disability,0.864,0.8058,0.9222,Marginal,0.7767,0.7592,0.7942,Marginal
2014,17,23074,Illinois,Elgin city,All,all,0.9164,0.8675,0.9653,Marginal,0.8134,0.7978,0.829,Marginal
2014,17,23074,Illinois,Elgin city,With Disability,disability,NA,NA,NA,NA,0.4741,0.37,0.5782,Marginal
2014,17,23074,Illinois,Elgin city,Without Disability,disability,0.9296,0.8815,0.9777,Marginal,0.8325,0.818,0.847,Marginal
2014,17,24582,Illinois,Evanston city,All,all,0.9794,0.9452,1,Marginal,0.7763,0.7508,0.8019,Marginal
2014,17,24582,Illinois,Evanston city,With Disability,disability,NA,NA,NA,NA,0.3577,0.2259,0.4894,Marginal
2014,17,24582,Illinois,Evanston city,Without Disability,disability,0.9946,0.9842,1,Marginal,0.8037,0.7787,0.8288,Marginal
2014,17,38570,Illinois,Joliet city,All,all,0.8241,0.7676,0.8805,Marginal,0.7691,0.753,0.7851,Marginal
2014,17,38570,Illinois,Joliet city,With Disability,disability,NA,NA,NA,NA,0.3891,0.3139,0.4643,Marginal
2014,17,38570,Illinois,Joliet city,Without Disability,disability,0.8404,0.7832,0.8976,Marginal,0.7993,0.7828,0.8158,Marginal
2014,17,51622,Illinois,Naperville city,All,all,0.8958,0.8472,0.9443,Marginal,0.8224,0.8101,0.8346,Marginal
2014,17,51622,Illinois,Naperville city,With Disability,disability,NA,NA,NA,NA,0.5348,0.4619,0.6076,Marginal
2014,17,51622,Illinois,Naperville city,Without Disability,disability,0.9285,0.8946,0.9623,Marginal,0.8353,0.8229,0.8476,Marginal
2014,17,59000,Illinois,Peoria city,All,all,0.8952,0.8444,0.9461,Weak,0.7855,0.7602,0.8107,Weak
2014,17,59000,Illinois,Peoria city,With Disability,disability,NA,NA,NA,NA,0.3782,0.2975,0.4588,Weak
2014,17,59000,Illinois,Peoria city,Without Disability,disability,0.9048,0.8554,0.9542,Weak,0.8138,0.789,0.8387,Weak
2014,17,65000,Illinois,Rockford city,All,all,0.7652,0.6772,0.8532,Weak,0.7209,0.7028,0.7391,Weak
2014,17,65000,Illinois,Rockford city,With Disability,disability,NA,NA,NA,NA,0.3502,0.2843,0.4161,Weak
2014,17,65000,Illinois,Rockford city,Without Disability,disability,0.819,0.7283,0.9097,Weak,0.7708,0.7528,0.7887,Weak
2014,17,68003,Illinois,Schaumburg village,All,all,0.9617,0.9309,0.9925,Marginal,0.831,0.8104,0.8516,Marginal
2014,17,68003,Illinois,Schaumburg village,With Disability,disability,NA,NA,NA,NA,0.463,0.316,0.6099,Marginal
2014,17,68003,Illinois,Schaumburg village,Without Disability,disability,NA,NA,NA,NA,0.8548,0.8345,0.875,Marginal
2014,17,72000,Illinois,Springfield city,All,all,0.8442,0.7826,0.9058,Marginal,0.8057,0.7878,0.8235,Marginal
2014,17,72000,Illinois,Springfield city,With Disability,disability,NA,NA,NA,NA,0.4482,0.3711,0.5253,Marginal
2014,17,72000,Illinois,Springfield city,Without Disability,disability,0.897,0.8417,0.9522,Marginal,0.8466,0.8291,0.864,Marginal
2014,17,79293,Illinois,Waukegan city,All,all,0.8401,0.7442,0.9361,Marginal,0.7589,0.7265,0.7913,Marginal
2014,17,79293,Illinois,Waukegan city,With Disability,disability,NA,NA,NA,NA,0.4052,0.2973,0.5132,Marginal
2014,17,79293,Illinois,Waukegan city,Without Disability,disability,0.8812,0.8075,0.9548,Marginal,0.7892,0.7591,0.8192,Marginal
2014,18,05860,Indiana,Bloomington city,All,all,0.9791,0.9644,0.9938,Marginal,0.7714,0.7476,0.7952,Marginal
2014,18,05860,Indiana,Bloomington city,With Disability,disability,NA,NA,NA,NA,0.3735,0.3009,0.4461,Marginal
2014,18,05860,Indiana,Bloomington city,Without Disability,disability,0.9797,0.9645,0.9948,Marginal,0.8175,0.7971,0.8378,Marginal
2014,18,10342,Indiana,Carmel city,All,all,NA,NA,NA,NA,0.8297,0.8047,0.8546,Marginal
2014,18,10342,Indiana,Carmel city,With Disability,disability,NA,NA,NA,NA,NA,NA,NA,NA
2014,18,10342,Indiana,Carmel city,Without Disability,disability,NA,NA,NA,NA,0.8419,0.8185,0.8653,Marginal
2014,18,22000,Indiana,Evansville city,All,all,0.8591,0.7988,0.9195,Weak,0.7598,0.7406,0.779,Weak
2014,18,22000,Indiana,Evansville city,With Disability,disability,NA,NA,NA,NA,0.3164,0.2601,0.3727,Weak
2014,18,22000,Indiana,Evansville city,Without Disability,disability,0.8664,0.8092,0.9237,Weak,0.8243,0.8031,0.8455,Weak
2014,18,23278,Indiana,Fishers town,All,all,NA,NA,NA,NA,0.8386,0.8199,0.8573,Marginal
2014,18,23278,Indiana,Fishers town,With Disability,disability,NA,NA,NA,NA,0.4648,0.3494,0.5801,Marginal
2014,18,23278,Indiana,Fishers town,Without Disability,disability,NA,NA,NA,NA,0.8531,0.8345,0.8717,Marginal
2014,18,25000,Indiana,Fort Wayne city,All,all,0.8991,0.8533,0.9448,Strong,0.7577,0.7405,0.775,Strong
2014,18,25000,Indiana,Fort Wayne city,With Disability,disability,NA,NA,NA,NA,0.3522,0.2939,0.4105,Strong
2014,18,25000,Indiana,Fort Wayne city,Without Disability,disability,0.9097,0.8653,0.954,Strong,0.8047,0.7869,0.8225,Strong
2014,18,31000,Indiana,Hammond city,All,all,0.8576,0.7775,0.9377,Weak,0.6859,0.6543,0.7176,Weak
2014,18,31000,Indiana,Hammond city,With Disability,disability,NA,NA,NA,NA,0.3332,0.2453,0.4212,Weak
2014,18,31000,Indiana,Hammond city,Without Disability,disability,0.8603,0.7769,0.9437,Weak,0.7324,0.6997,0.7651,Weak
2014,18,36003,Indiana,Indianapolis city (balance),All,all,0.7904,0.7573,0.8234,Strong,0.7527,0.7446,0.7608,Strong
2014,18,36003,Indiana,Indianapolis city (balance),With Disability,disability,0.5822,0.4392,0.7252,Strong,0.3739,0.35,0.3978,Strong
2014,18,36003,Indiana,Indianapolis city (balance),Without Disability,disability,0.8091,0.7748,0.8433,Strong,0.798,0.7894,0.8066,Strong
2014,18,71000,Indiana,South Bend city,All,all,0.9096,0.8713,0.948,Weak,0.739,0.7063,0.7716,Weak
2014,18,71000,Indiana,South Bend city,With Disability,disability,NA,NA,NA,NA,0.3548,0.262,0.4475,Weak
2014,18,71000,Indiana,South Bend city,Without Disability,disability,0.9251,0.8894,0.9609,Weak,0.7857,0.7538,0.8176,Weak
2014,19,12000,Iowa,Cedar Rapids city,All,all,0.9204,0.8616,0.9793,Weak,0.8609,0.8443,0.8776,Weak
2014,19,12000,Iowa,Cedar Rapids city,With Disability,disability,NA,NA,NA,NA,0.4971,0.3973,0.5968,Weak
2014,19,12000,Iowa,Cedar Rapids city,Without Disability,disability,0.9291,0.8738,0.9844,Weak,0.8862,0.8703,0.9021,Weak
2014,19,19000,Iowa,Davenport city,All,all,0.8158,0.7221,0.9095,Weak,0.8015,0.7781,0.8249,Weak
2014,19,19000,Iowa,Davenport city,With Disability,disability,NA,NA,NA,NA,0.3921,0.3038,0.4804,Weak
2014,19,19000,Iowa,Davenport city,Without Disability,disability,0.8529,0.7651,0.9408,Weak,0.8392,0.8169,0.8615,Weak
2014,19,21000,Iowa,Des Moines city,All,all,0.8807,0.8191,0.9423,Weak,0.8068,0.785,0.8286,Weak
2014,19,21000,Iowa,Des Moines city,With Disability,disability,NA,NA,NA,NA,0.4294,0.3455,0.5132,Weak
2014,19,21000,Iowa,Des Moines city,Without Disability,disability,0.9051,0.8442,0.9659,Weak,0.8474,0.8283,0.8664,Weak
2014,19,73335,Iowa,Sioux City city,All,all,0.8905,0.7884,0.9926,Marginal,0.8399,0.8112,0.8686,Marginal
2014,19,73335,Iowa,Sioux City city,With Disability,disability,NA,NA,NA,NA,0.4108,0.2491,0.5725,Marginal
2014,19,73335,Iowa,Sioux City city,Without Disability,disability,0.8863,0.7783,0.9942,Marginal,0.8757,0.8484,0.9029,Marginal
2014,20,36000,Kansas,Kansas City city,All,all,0.7888,0.7159,0.8616,Weak,0.7354,0.7155,0.7553,Weak
2014,20,36000,Kansas,Kansas City city,With Disability,disability,NA,NA,NA,NA,0.3851,0.3158,0.4544,Weak
2014,20,36000,Kansas,Kansas City city,Without Disability,disability,0.7864,0.7079,0.865,Weak,0.7821,0.7647,0.7995,Weak
2014,20,38900,Kansas,Lawrence city,All,all,0.9825,0.9649,1,Strong,0.8204,0.7975,0.8432,Strong
2014,20,38900,Kansas,Lawrence city,With Disability,disability,NA,NA,NA,NA,0.5915,0.4974,0.6855,Strong
2014,20,38900,Kansas,Lawrence city,Without Disability,disability,0.9867,0.9722,1,Strong,0.8426,0.8186,0.8667,Strong
2014,20,52575,Kansas,Olathe city,All,all,0.879,0.7883,0.9696,Marginal,0.8494,0.833,0.8658,Marginal
2014,20,52575,Kansas,Olathe city,With Disability,disability,NA,NA,NA,NA,0.5374,0.4515,0.6234,Marginal
2014,20,52575,Kansas,Olathe city,Without Disability,disability,0.8742,0.781,0.9673,Marginal,0.87,0.8533,0.8868,Marginal
2014,20,53775,Kansas,Overland Park city,All,all,0.9641,0.9316,0.9967,Marginal,0.8426,0.8302,0.8551,Marginal
2014,20,53775,Kansas,Overland Park city,With Disability,disability,NA,NA,NA,NA,0.6125,0.5368,0.6881,Marginal
2014,20,53775,Kansas,Overland Park city,Without Disability,disability,0.973,0.944,1,Marginal,0.8543,0.8415,0.8672,Marginal
2014,20,71000,Kansas,Topeka city,All,all,0.8017,0.7067,0.8966,Weak,0.7653,0.7299,0.8006,Weak
2014,20,71000,Kansas,Topeka city,With Disability,disability,NA,NA,NA,NA,0.4338,0.3388,0.5289,Weak
2014,20,71000,Kansas,Topeka city,Without Disability,disability,0.8139,0.7266,0.9013,Weak,0.8161,0.7861,0.8461,Weak
2014,20,79000,Kansas,Wichita city,All,all,0.9161,0.8786,0.9536,Marginal,0.7846,0.7696,0.7996,Marginal
2014,20,79000,Kansas,Wichita city,With Disability,disability,NA,NA,NA,NA,0.413,0.3552,0.4708,Marginal
2014,20,79000,Kansas,Wichita city,Without Disability,disability,0.9319,0.8987,0.9651,Marginal,0.8252,0.8111,0.8393,Marginal
2014,21,46027,Kentucky,Lexington-Fayette urban county,All,all,0.9177,0.8759,0.9596,Strong,0.8004,0.7867,0.8141,Strong
2014,21,46027,Kentucky,Lexington-Fayette urban county,With Disability,disability,NA,NA,NA,NA,0.4002,0.3429,0.4575,Strong
2014,21,46027,Kentucky,Lexington-Fayette urban county,Without Disability,disability,0.9223,0.8804,0.9643,Strong,0.8365,0.8236,0.8494,Strong
2014,21,48006,Kentucky,Louisville/Jefferson County metro government (balance),All,all,0.8456,0.803,0.8882,Marginal,0.7835,0.773,0.794,Marginal
2014,21,48006,Kentucky,Louisville/Jefferson County metro government (balance),With Disability,disability,NA,NA,NA,NA,0.3673,0.3271,0.4074,Marginal
2014,21,48006,Kentucky,Louisville/Jefferson County metro government (balance),Without Disability,disability,0.8813,0.8377,0.92490000000000006,Marginal,0.8352,0.8256,0.8449,Marginal
2014,22,05000,Louisiana,Baton Rouge city,All,all,0.8905,0.8541,0.9268,Weak,0.7753,0.758,0.7926,Weak
2014,22,05000,Louisiana,Baton Rouge city,With Disability,disability,NA,NA,NA,NA,0.4071,0.335,0.4792,Weak
2014,22,05000,Louisiana,Baton Rouge city,Without Disability,disability,0.9062,0.8716,0.9407,Weak,0.8119,0.7962,0.8276,Weak
2014,22,40735,Louisiana,Lafayette city,All,all,0.8347,0.7578,0.9116,Marginal,0.7796,0.7581,0.8011,Marginal
2014,22,40735,Louisiana,Lafayette city,With Disability,disability,NA,NA,NA,NA,0.324,0.2477,0.4004,Marginal
2014,22,40735,Louisiana,Lafayette city,Without Disability,disability,0.8485,0.7695,0.9274,Marginal,0.8282,0.8084,0.8479,Marginal
2014,22,41155,Louisiana,Lake Charles city,All,all,0.8142,0.7538,0.8745,Marginal,0.7459,0.7256,0.7661,Marginal
2014,22,41155,Louisiana,Lake Charles city,With Disability,disability,NA,NA,NA,NA,0.4014,0.34,0.4629,Marginal
2014,22,41155,Louisiana,Lake Charles city,Without Disability,disability,0.8185,0.7553,0.8816,Marginal,0.8007,0.7802,0.8212,Marginal
2014,22,55000,Louisiana,New Orleans city,All,all,0.824,0.7815,0.8665,Weak,0.7404,0.7264,0.7544,Weak
2014,22,55000,Louisiana,New Orleans city,With Disability,disability,0.552,0.3518,0.7521,Weak,0.3844,0.3387,0.4301,Weak
2014,22,55000,Louisiana,New Orleans city,Without Disability,disability,0.8472,0.8068,0.8875,Weak,0.7767,0.763,0.7905,Weak
2014,22,70000,Louisiana,Shreveport city,All,all,0.7866,0.7242,0.8489,Weak,0.736,0.7163,0.7557,Weak
2014,22,70000,Louisiana,Shreveport city,With Disability,disability,NA,NA,NA,NA,0.3682,0.3044,0.4321,Weak
2014,22,70000,Louisiana,Shreveport city,Without Disability,disability,0.8009,0.7355,0.8662,Weak,0.7826,0.7632,0.8019,Weak
2014,24,04000,Maryland,Baltimore city,All,all,0.82,0.7909,0.8491,Marginal,0.7007,0.6904,0.711,Marginal
2014,24,04000,Maryland,Baltimore city,With Disability,disability,0.5804,0.4156,0.7451,Marginal,0.2679,0.2383,0.2976,Marginal
2014,24,04000,Maryland,Baltimore city,Without Disability,disability,0.8357,0.8076,0.8637,Marginal,0.7615,0.7514,0.7716,Marginal
2014,24,30325,Maryland,Frederick city,All,all,0.9154,0.8417,0.9892,Marginal,0.8508,0.8329,0.8686,Marginal
2014,24,30325,Maryland,Frederick city,With Disability,disability,NA,NA,NA,NA,0.6382,0.5356,0.7409,Marginal
2014,24,30325,Maryland,Frederick city,Without Disability,disability,0.925,0.8498,1,Marginal,0.8667,0.8487,0.8848,Marginal
2014,25,07000,Massachusetts,Boston city,All,all,0.9345,0.919,0.9499,Marginal,0.7792,0.7693,0.7891,Marginal
2014,25,07000,Massachusetts,Boston city,With Disability,disability,0.7847,0.6888,0.8806,Marginal,0.3297,0.2961,0.3633,Marginal
2014,25,07000,Massachusetts,Boston city,Without Disability,disability,0.9401,0.9247,0.9555,Marginal,0.8194,0.81,0.8288,Marginal
2014,25,09000,Massachusetts,Brockton city,All,all,0.8166,0.7557,0.8774,Marginal,0.7615,0.7397,0.7833,Marginal
2014,25,09000,Massachusetts,Brockton city,With Disability,disability,NA,NA,NA,NA,0.303,0.2495,0.3566,Marginal
2014,25,09000,Massachusetts,Brockton city,Without Disability,disability,0.8471,0.7836,0.9105,Marginal,0.822,0.7998,0.8443,Marginal
2014,25,11000,Massachusetts,Cambridge city,All,all,0.9691,0.9261,1,Weak,0.8014,0.7764,0.8264,Weak
2014,25,11000,Massachusetts,Cambridge city,With Disability,disability,NA,NA,NA,NA,0.54,0.3906,0.6894,Weak
2014,25,11000,Massachusetts,Cambridge city,Without Disability,disability,0.9773,0.944,1,Weak,0.8128,0.7872,0.8384,Weak
2014,25,23000,Massachusetts,Fall River city,All,all,0.8294,0.7092,0.9496,Marginal,0.6822,0.649,0.7154,Marginal
2014,25,23000,Massachusetts,Fall River city,With Disability,disability,NA,NA,NA,NA,0.2073,0.1299,0.2847,Marginal
2014,25,23000,Massachusetts,Fall River city,Without Disability,disability,0.8494,0.728,0.9709,Marginal,0.7646,0.7315,0.7978,Marginal
2014,25,34550,Massachusetts,Lawrence city,All,all,0.7577,0.6851,0.8302,Marginal,0.7398,0.7168,0.7627,Marginal
2014,25,34550,Massachusetts,Lawrence city,With Disability,disability,NA,NA,NA,NA,0.3375,0.2665,0.4085,Marginal
2014,25,34550,Massachusetts,Lawrence city,Without Disability,disability,0.7665,0.6912,0.8417,Marginal,0.7926,0.7685,0.8167,Marginal
2014,25,37000,Massachusetts,Lowell city,All,all,0.8648,0.7757,0.9539,Weak,0.7305,0.7011,0.7599,Weak
2014,25,37000,Massachusetts,Lowell city,With Disability,disability,NA,NA,NA,NA,0.2829,0.1882,0.3776,Weak
2014,25,37000,Massachusetts,Lowell city,Without Disability,disability,0.8898,0.812,0.9677,Weak,0.7843,0.7559,0.8127,Weak
2014,25,37490,Massachusetts,Lynn city,All,all,0.7945,0.683,0.906,Strong,0.7721,0.7424,0.8018,Strong
2014,25,37490,Massachusetts,Lynn city,With Disability,disability,NA,NA,NA,NA,0.4179,0.3276,0.5083,Strong
2014,25,37490,Massachusetts,Lynn city,Without Disability,disability,0.7967,0.6786,0.9148,Strong,0.8089,0.7804,0.8374,Strong
2014,25,45000,Massachusetts,New Bedford city,All,all,0.9011,0.8485,0.9537,Weak,0.7345,0.7137,0.7553,Weak
2014,25,45000,Massachusetts,New Bedford city,With Disability,disability,NA,NA,NA,NA,0.2567,0.1976,0.3158,Weak
2014,25,45000,Massachusetts,New Bedford city,Without Disability,disability,0.9191,0.8674,0.9707,Weak,0.7976,0.7782,0.817,Weak
2014,25,45560,Massachusetts,Newton city,All,all,0.974,0.9469,1,Marginal,0.809,0.7917,0.8263,Marginal
2014,25,45560,Massachusetts,Newton city,With Disability,disability,NA,NA,NA,NA,0.4608,0.3372,0.5844,Marginal
2014,25,45560,Massachusetts,Newton city,Without Disability,disability,0.9736,0.9458,1,Marginal,0.8214,0.805,0.8379,Marginal
2014,25,55745,Massachusetts,Quincy city,All,all,0.9907,0.972,1,Strong,0.8397,0.8141,0.8653,Strong
2014,25,55745,Massachusetts,Quincy city,With Disability,disability,NA,NA,NA,NA,0.5363,0.407,0.6655,Strong
2014,25,55745,Massachusetts,Quincy city,Without Disability,disability,0.9903,0.9706,1,Strong,0.8589,0.8349,0.8829,Strong
2014,25,62535,Massachusetts,Somerville city,All,all,0.862,0.7609,0.9631,Marginal,0.8186,0.7917,0.8455,Marginal
2014,25,62535,Massachusetts,Somerville city,With Disability,disability,NA,NA,NA,NA,0.3903,0.2631,0.5175,Marginal
2014,25,62535,Massachusetts,Somerville city,Without Disability,disability,0.8622,0.7532,0.9711,Marginal,0.8413,0.8159,0.8668,Marginal
2014,25,67000,Massachusetts,Springfield city,All,all,0.7753,0.7155,0.835,Weak,0.6556,0.6327,0.6786,Weak
2014,25,67000,Massachusetts,Springfield city,With Disability,disability,NA,NA,NA,NA,0.2536,0.1979,0.3093,Weak
2014,25,67000,Massachusetts,Springfield city,Without Disability,disability,0.8147,0.7541,0.8754,Weak,0.7351,0.7114,0.7588,Weak
2014,25,82000,Massachusetts,Worcester city,All,all,0.9386,0.9063,0.971,Weak,0.7486,0.7288,0.7684,Weak
2014,25,82000,Massachusetts,Worcester city,With Disability,disability,NA,NA,NA,NA,0.2564,0.1979,0.3149,Weak
2014,25,82000,Massachusetts,Worcester city,Without Disability,disability,0.948,0.9188,0.9772,Weak,0.8075,0.792,0.823,Weak
2014,26,03000,Michigan,Ann Arbor city,All,all,0.9767,0.9447,1,Weak,0.7908,0.7601,0.8215,Weak
2014,26,03000,Michigan,Ann Arbor city,With Disability,disability,NA,NA,NA,NA,0.4188,0.2774,0.5602,Weak
2014,26,03000,Michigan,Ann Arbor city,Without Disability,disability,0.9823,0.9511,1,Weak,0.8073,0.7758,0.8388,Weak
2014,26,21000,Michigan,Dearborn city,All,all,0.9118,0.8475,0.9762,Weak,0.6578,0.6235,0.6921,Weak
2014,26,21000,Michigan,Dearborn city,With Disability,disability,NA,NA,NA,NA,0.2912,0.1993,0.3832,Weak
2014,26,21000,Michigan,Dearborn city,Without Disability,disability,0.9292,0.8687,0.9897,Weak,0.697,0.661,0.733,Weak
2014,26,22000,Michigan,Detroit city,All,all,0.7771,0.7279,0.8264,Strong,0.5505,0.5353,0.5658,Strong
2014,26,22000,Michigan,Detroit city,With Disability,disability,0.5214,0.3496,0.6933,Strong,0.2068,0.1768,0.2368,Strong
2014,26,22000,Michigan,Detroit city,Without Disability,disability,0.8009,0.7544,0.8474,Strong,0.6296,0.6121,0.6472,Strong
2014,26,27440,Michigan,Farmington Hills city,All,all,0.9034,0.8319,0.9749,Marginal,0.7834,0.7595,0.8073,Marginal
2014,26,27440,Michigan,Farmington Hills city,With Disability,disability,NA,NA,NA,NA,0.5123,0.3961,0.6285,Marginal
2014,26,27440,Michigan,Farmington Hills city,Without Disability,disability,0.9163,0.838,0.9947,Marginal,0.8035,0.7791,0.8279,Marginal
2014,26,29000,Michigan,Flint city,All,all,0.7319,0.5801,0.8837,Weak,0.536,0.495,0.5769,Weak
2014,26,29000,Michigan,Flint city,With Disability,disability,NA,NA,NA,NA,0.1767,0.1099,0.2436,Weak
2014,26,29000,Michigan,Flint city,Without Disability,disability,0.7361,0.5777,0.8945,Weak,0.6373,0.5906,0.684,Weak
2014,26,34000,Michigan,Grand Rapids city,All,all,0.902,0.8445,0.9596,Strong,0.7421,0.7151,0.7691,Strong
2014,26,34000,Michigan,Grand Rapids city,With Disability,disability,NA,NA,NA,NA,0.2794,0.2118,0.3471,Strong
2014,26,34000,Michigan,Grand Rapids city,Without Disability,disability,0.9054,0.8456,0.9653,Strong,0.7996,0.7743,0.8248,Strong
2014,26,46000,Michigan,Lansing city,All,all,0.7682,0.6603,0.8762,Weak,0.722,0.688,0.756,Weak
2014,26,46000,Michigan,Lansing city,With Disability,disability,NA,NA,NA,NA,0.2833,0.1768,0.3899,Weak
2014,26,46000,Michigan,Lansing city,Without Disability,disability,0.8229,0.7143,0.9315,Weak,0.7954,0.763,0.8278,Weak
2014,26,49000,Michigan,Livonia city,All,all,0.8676,0.7805,0.9547,Marginal,0.7873,0.7624,0.8122,Marginal
2014,26,49000,Michigan,Livonia city,With Disability,disability,NA,NA,NA,NA,0.302,0.2139,0.3902,Marginal
2014,26,49000,Michigan,Livonia city,Without Disability,disability,0.9177,0.8383,0.997,Marginal,0.8404,0.8166,0.8643,Marginal
2014,26,69035,Michigan,Rochester Hills city,All,all,0.9175,0.8436,0.9915,Marginal,0.794,0.7712,0.8168,Marginal
2014,26,69035,Michigan,Rochester Hills city,With Disability,disability,NA,NA,NA,NA,0.3548,0.2277,0.4819,Marginal
2014,26,69035,Michigan,Rochester Hills city,Without Disability,disability,0.9316,0.8637,0.9995,Marginal,0.8156,0.7921,0.839,Marginal
2014,26,74900,Michigan,Southfield city,All,all,0.9034,0.8319,0.9749,Marginal,0.7834,0.7595,0.8073,Marginal
2014,26,74900,Michigan,Southfield city,With Disability,disability,NA,NA,NA,NA,0.5123,0.3961,0.6285,Marginal
2014,26,74900,Michigan,Southfield city,Without Disability,disability,0.9163,0.838,0.9947,Marginal,0.8035,0.7791,0.8279,Marginal
2014,26,76460,Michigan,Sterling Heights city,All,all,0.8762,0.7853,0.9672,Strong,0.7602,0.728,0.7924,Strong
2014,26,76460,Michigan,Sterling Heights city,With Disability,disability,NA,NA,NA,NA,0.3659,0.2492,0.4826,Strong
2014,26,76460,Michigan,Sterling Heights city,Without Disability,disability,0.8819,0.789,0.9748,Strong,0.7901,0.7606,0.8196,Strong
2014,26,80700,Michigan,Troy city,All,all,0.9194,0.8439,0.9948,Marginal,0.7947,0.7717,0.8178,Marginal
2014,26,80700,Michigan,Troy city,With Disability,disability,NA,NA,NA,NA,0.3551,0.2238,0.4864,Marginal
2014,26,80700,Michigan,Troy city,Without Disability,disability,0.9337,0.8644,1,Marginal,0.816,0.7923,0.8396,Marginal
2014,26,84000,Michigan,Warren city,All,all,0.8922,0.7964,0.988,Marginal,0.7399,0.709,0.7708,Marginal
2014,26,84000,Michigan,Warren city,With Disability,disability,NA,NA,NA,NA,0.3261,0.2293,0.423,Marginal
2014,26,84000,Michigan,Warren city,Without Disability,disability,0.8823,0.7791,0.9856,Marginal,0.7989,0.7683,0.8296,Marginal
2014,26,86000,Michigan,Westland city,All,all,0.8224,0.7431,0.9017,Marginal,0.7319,0.7022,0.7616,Marginal
2014,26,86000,Michigan,Westland city,With Disability,disability,NA,NA,NA,NA,0.2814,0.1948,0.368,Marginal
2014,26,86000,Michigan,Westland city,Without Disability,disability,0.8153,0.7327,0.8979,Marginal,0.7987,0.7714,0.8259,Marginal
2014,26,88940,Michigan,Wyoming city,All,all,0.8491,0.7517,0.9466,Marginal,0.7972,0.7696,0.8247,Marginal
2014,26,88940,Michigan,Wyoming city,With Disability,disability,NA,NA,NA,NA,0.4152,0.3096,0.5208,Marginal
2014,26,88940,Michigan,Wyoming city,Without Disability,disability,0.8788,0.7775,0.98,Marginal,0.8573,0.8322,0.8825,Marginal
2014,27,06616,Minnesota,Bloomington city,All,all,NA,NA,NA,NA,0.8467,0.8194,0.874,Marginal
2014,27,06616,Minnesota,Bloomington city,With Disability,disability,NA,NA,NA,NA,0.5147,0.3191,0.7102,Marginal
2014,27,06616,Minnesota,Bloomington city,Without Disability,disability,NA,NA,NA,NA,0.866,0.8393,0.8927,Marginal
2014,27,07966,Minnesota,Brooklyn Park city,All,all,0.7892,0.6545,0.924,Marginal,0.8222,0.7972,0.8473,Marginal
2014,27,07966,Minnesota,Brooklyn Park city,With Disability,disability,NA,NA,NA,NA,0.3119,0.1931,0.4307,Marginal
2014,27,07966,Minnesota,Brooklyn Park city,Without Disability,disability,0.7971,0.648,0.9462,Marginal,0.8613,0.839,0.8837,Marginal
2014,27,17000,Minnesota,Duluth city,All,all,0.9561,0.927,0.9852,Weak,0.7955,0.7761,0.8148,Weak
2014,27,17000,Minnesota,Duluth city,With Disability,disability,NA,NA,NA,NA,0.4888,0.4118,0.5659,Weak
2014,27,17000,Minnesota,Duluth city,Without Disability,disability,0.9715,0.9498,0.9933,Weak,0.8309,0.8112,0.8506,Weak
2014,27,43000,Minnesota,Minneapolis city,All,all,0.8501,0.7876,0.9126,Marginal,0.8188,0.8056,0.8321,Marginal
2014,27,43000,Minnesota,Minneapolis city,With Disability,disability,NA,NA,NA,NA,0.3983,0.3338,0.4629,Marginal
2014,27,43000,Minnesota,Minneapolis city,Without Disability,disability,0.8556,0.7903,0.9208,Marginal,0.8494,0.8374,0.8615,Marginal
2014,27,51730,Minnesota,Plymouth city,All,all,0.8752,0.7894,0.9611,Marginal,0.8373,0.8179,0.8567,Marginal
2014,27,51730,Minnesota,Plymouth city,With Disability,disability,NA,NA,NA,NA,0.5635,0.4341,0.693,Marginal
2014,27,51730,Minnesota,Plymouth city,Without Disability,disability,0.8942,0.8137,0.9748,Marginal,0.8484,0.829,0.8677,Marginal
2014,27,54880,Minnesota,Rochester city,All,all,0.8638,0.7759,0.9516,Marginal,0.8455,0.8241,0.8668,Marginal
2014,27,54880,Minnesota,Rochester city,With Disability,disability,NA,NA,NA,NA,0.4806,0.356,0.6053,Marginal
2014,27,54880,Minnesota,Rochester city,Without Disability,disability,0.8628,0.771,0.9545,Marginal,0.8707,0.85,0.8913,Marginal
2014,27,58000,Minnesota,St. Paul city,All,all,0.7985,0.7297,0.8673,Strong,0.7959,0.7757,0.8161,Strong
2014,27,58000,Minnesota,St. Paul city,With Disability,disability,NA,NA,NA,NA,0.4178,0.3473,0.4883,Strong
2014,27,58000,Minnesota,St. Paul city,Without Disability,disability,0.8012,0.729,0.8735,Strong,0.8383,0.8199,0.8566,Strong
2014,27,71428,Minnesota,Woodbury city,All,all,0.8795,0.7968,0.9622,Marginal,0.8716,0.8522,0.8909,Marginal
2014,27,71428,Minnesota,Woodbury city,With Disability,disability,NA,NA,NA,NA,0.623,0.4837,0.7622,Marginal
2014,27,71428,Minnesota,Woodbury city,Without Disability,disability,0.8786,0.7936,0.9637,Marginal,0.8847,0.8652,0.9041,Marginal
2014,28,36000,Mississippi,Jackson city,All,all,0.8177,0.7653,0.8701,Weak,0.7269,0.7064,0.7474,Weak
2014,28,36000,Mississippi,Jackson city,With Disability,disability,NA,NA,NA,NA,0.3019,0.255,0.3489,Weak
2014,28,36000,Mississippi,Jackson city,Without Disability,disability,0.8322,0.7786,0.8859,Weak,0.7859,0.7656,0.8063,Weak
2014,29,15670,Missouri,Columbia city,All,all,0.9756,0.9575,0.9938,Marginal,0.8191,0.7997,0.8384,Marginal
2014,29,15670,Missouri,Columbia city,With Disability,disability,NA,NA,NA,NA,0.4281,0.3328,0.5234,Marginal
2014,29,15670,Missouri,Columbia city,Without Disability,disability,0.9742,0.9551,0.9933,Marginal,0.8543,0.8358,0.8727,Marginal
2014,29,35000,Missouri,Independence city,All,all,0.8058,0.7206,0.891,Weak,0.7472,0.7315,0.7629,Weak
2014,29,35000,Missouri,Independence city,With Disability,disability,NA,NA,NA,NA,0.339,0.2869,0.3912,Weak
2014,29,35000,Missouri,Independence city,Without Disability,disability,0.8572,0.7866,0.9278,Weak,0.8031,0.786,0.8201,Weak
2014,29,38000,Missouri,Kansas City city,All,all,0.84,0.7939,0.8862,Strong,0.8046,0.7944,0.8148,Strong
2014,29,38000,Missouri,Kansas City city,With Disability,disability,NA,NA,NA,NA,0.435,0.3947,0.4752,Strong
2014,29,38000,Missouri,Kansas City city,Without Disability,disability,0.8575,0.8131,0.9019,Strong,0.8396,0.8299,0.8493,Strong
2014,29,41348,Missouri,Lee's Summit city,All,all,0.8374,0.751,0.9238,Strong,0.8221,0.79990000000000006,0.8444,Strong
2014,29,41348,Missouri,Lee's Summit city,With Disability,disability,NA,NA,NA,NA,0.4323,0.3277,0.5369,Strong
2014,29,41348,Missouri,Lee's Summit city,Without Disability,disability,0.844,0.756,0.9321,Strong,0.8545,0.8336,0.8753,Strong
2014,29,54074,Missouri,O'Fallon city,All,all,0.8762,0.8039,0.9485,Marginal,0.8256,0.809,0.8423,Marginal
2014,29,54074,Missouri,O'Fallon city,With Disability,disability,NA,NA,NA,NA,0.5045,0.4164,0.5927,Marginal
2014,29,54074,Missouri,O'Fallon city,Without Disability,disability,0.8761,0.8001,0.9521,Marginal,0.8549,0.8398,0.8701,Marginal
2014,29,65000,Missouri,St. Louis city,All,all,0.8843,0.8282,0.9405,Weak,0.7323,0.7139,0.7507,Weak
2014,29,65000,Missouri,St. Louis city,With Disability,disability,NA,NA,NA,NA,0.3334,0.279,0.3879,Weak
2014,29,65000,Missouri,St. Louis city,Without Disability,disability,0.9004,0.8437,0.9571,Weak,0.785,0.7645,0.8055,Weak
2014,29,70000,Missouri,Springfield city,All,all,0.936,0.891,0.9809,Weak,0.7616,0.73740000000000006,0.7858,Weak
2014,29,70000,Missouri,Springfield city,With Disability,disability,NA,NA,NA,NA,0.3413,0.2747,0.4078,Weak
2014,29,70000,Missouri,Springfield city,Without Disability,disability,0.9601,0.9328,0.98740000000000006,Weak,0.8186,0.7948,0.8424,Weak
2014,30,06550,Montana,Billings city,All,all,0.8684,0.7761,0.9607,Strong,0.7891,0.7634,0.8148,Strong
2014,30,06550,Montana,Billings city,With Disability,disability,NA,NA,NA,NA,0.4322,0.3346,0.5298,Strong
2014,30,06550,Montana,Billings city,Without Disability,disability,0.8855,0.7954,0.9757,Strong,0.8218,0.7977,0.8459,Strong
2014,31,28000,Nebraska,Lincoln city,All,all,0.9489,0.9245,0.9733,Weak,0.8548,0.8404,0.8692,Weak
2014,31,28000,Nebraska,Lincoln city,With Disability,disability,NA,NA,NA,NA,0.5001,0.4234,0.5768,Weak
2014,31,28000,Nebraska,Lincoln city,Without Disability,disability,0.9654,0.9452,0.9856,Weak,0.8824,0.869,0.8958,Weak
2014,31,37000,Nebraska,Omaha city,All,all,0.8751,0.8371,0.9131,Weak,0.8216,0.8091,0.8341,Weak
2014,31,37000,Nebraska,Omaha city,With Disability,disability,NA,NA,NA,NA,0.4746,0.4255,0.5236,Weak
2014,31,37000,Nebraska,Omaha city,Without Disability,disability,0.88,0.8407,0.9194,Weak,0.8528,0.8413,0.8643,Weak
2014,32,31900,Nevada,Henderson city,All,all,0.9221,0.8823,0.9619,Strong,0.7816,0.768,0.7952,Strong
2014,32,31900,Nevada,Henderson city,With Disability,disability,NA,NA,NA,NA,0.4855,0.4166,0.5543,Strong
2014,32,31900,Nevada,Henderson city,Without Disability,disability,0.9363,0.8971,0.9755,Strong,0.8044,0.7902,0.8186,Strong
2014,32,40000,Nevada,Las Vegas city,All,all,0.7963,0.7453,0.8473,Marginal,0.7377,0.7239,0.7515,Marginal
2014,32,40000,Nevada,Las Vegas city,With Disability,disability,NA,NA,NA,NA,0.4325,0.3813,0.4837,Marginal
2014,32,40000,Nevada,Las Vegas city,Without Disability,disability,0.8192,0.7675,0.8709,Marginal,0.7708,0.7573,0.7843,Marginal
2014,32,51800,Nevada,North Las Vegas city,All,all,0.842,0.7857,0.8983,Strong,0.7351,0.7123,0.7578,Strong
2014,32,51800,Nevada,North Las Vegas city,With Disability,disability,NA,NA,NA,NA,0.4402,0.3684,0.512,Strong
2014,32,51800,Nevada,North Las Vegas city,Without Disability,disability,0.8475,0.7912,0.9038,Strong,0.7639,0.7421,0.7858,Strong
2014,32,60600,Nevada,Reno city,All,all,0.8954,0.8392,0.9517,Strong,0.7644,0.7453,0.7836,Strong
2014,32,60600,Nevada,Reno city,With Disability,disability,NA,NA,NA,NA,0.3735,0.3017,0.4452,Strong
2014,32,60600,Nevada,Reno city,Without Disability,disability,0.8986,0.843,0.9541,Strong,0.7981,0.7815,0.8147,Strong
2014,32,68400,Nevada,Sparks city,All,all,0.9035,0.8385,0.9686,Marginal,0.7825,0.7569,0.8081,Marginal
2014,32,68400,Nevada,Sparks city,With Disability,disability,NA,NA,NA,NA,0.5034,0.4015,0.6052,Marginal
2014,32,68400,Nevada,Sparks city,Without Disability,disability,0.9025,0.836,0.9689,Marginal,0.8082,0.7817,0.8347,Marginal
2014,33,45140,New Hampshire,Manchester city,All,all,0.7848,0.6946,0.875,Strong,0.8015,0.7802,0.8229,Strong
2014,33,45140,New Hampshire,Manchester city,With Disability,disability,NA,NA,NA,NA,0.3587,0.2765,0.4409,Strong
2014,33,45140,New Hampshire,Manchester city,Without Disability,disability,0.7854,0.6911,0.8797,Strong,0.847,0.8276,0.8665,Strong
2014,33,50260,New Hampshire,Nashua city,All,all,0.9465,0.8962,0.9968,Marginal,0.8058,0.7811,0.8304,Marginal
2014,33,50260,New Hampshire,Nashua city,With Disability,disability,NA,NA,NA,NA,0.3843,0.2853,0.4832,Marginal
2014,33,50260,New Hampshire,Nashua city,Without Disability,disability,0.9641,0.9216,1,Marginal,0.8459,0.8263,0.8655,Marginal
2014,34,13690,New Jersey,Clifton city,All,all,0.9036,0.8611,0.9462,Marginal,0.7443,0.7258,0.7629,Marginal
2014,34,13690,New Jersey,Clifton city,With Disability,disability,NA,NA,NA,NA,0.391,0.2989,0.4832,Marginal
2014,34,13690,New Jersey,Clifton city,Without Disability,disability,0.9151,0.8734,0.9568,Marginal,0.7694,0.7517,0.7871,Marginal
2014,34,21000,New Jersey,Elizabeth city,All,all,0.8413,0.7694,0.9131,Weak,0.7608,0.7372,0.7844,Weak
2014,34,21000,New Jersey,Elizabeth city,With Disability,disability,NA,NA,NA,NA,0.4501,0.3412,0.559,Weak
2014,34,21000,New Jersey,Elizabeth city,Without Disability,disability,0.8741,0.8026,0.9456,Weak,0.78,0.7559,0.8042,Weak
2014,34,36000,New Jersey,Jersey City city,All,all,0.8724,0.8244,0.9205,Weak,0.7592,0.7443,0.7741,Weak
2014,34,36000,New Jersey,Jersey City city,With Disability,disability,NA,NA,NA,NA,0.3418,0.2833,0.4003,Weak
2014,34,36000,New Jersey,Jersey City city,Without Disability,disability,0.8758,0.8269,0.9247,Weak,0.7844,0.7702,0.7987,Weak
2014,34,51000,New Jersey,Newark city,All,all,0.8234,0.7826,0.8641,Weak,0.6765,0.659,0.6941,Weak
2014,34,51000,New Jersey,Newark city,With Disability,disability,0.6942,0.5595,0.829,Weak,0.4556,0.4124,0.4987,Weak
2014,34,51000,New Jersey,Newark city,Without Disability,disability,0.8399,0.8002,0.8796,Weak,0.7103,0.6922,0.7285,Weak
2014,34,57000,New Jersey,Paterson city,All,all,0.7472,0.681,0.8133,Marginal,0.6418,0.6184,0.6652,Marginal
2014,34,57000,New Jersey,Paterson city,With Disability,disability,NA,NA,NA,NA,0.2582,0.1692,0.3472,Marginal
2014,34,57000,New Jersey,Paterson city,Without Disability,disability,0.7707,0.6997,0.8418,Marginal,0.6652,0.6409,0.6895,Marginal
2014,34,74000,New Jersey,Trenton city,All,all,0.876,0.823,0.929,Marginal,0.7462,0.7258,0.7667,Marginal
2014,34,74000,New Jersey,Trenton city,With Disability,disability,NA,NA,NA,NA,0.3166,0.2448,0.3883,Marginal
2014,34,74000,New Jersey,Trenton city,Without Disability,disability,0.8797,0.8247,0.9347,Marginal,0.7909,0.7705,0.8112,Marginal
2014,35,02000,New Mexico,Albuquerque city,All,all,0.8214,0.766,0.8768,Marginal,0.7577,0.7416,0.7737,Marginal
2014,35,02000,New Mexico,Albuquerque city,With Disability,disability,NA,NA,NA,NA,0.3792,0.3265,0.432,Marginal
2014,35,02000,New Mexico,Albuquerque city,Without Disability,disability,0.8511,0.8007,0.9014,Marginal,0.7993,0.7852,0.8134,Marginal
2014,35,39380,New Mexico,Las Cruces city,All,all,0.9467,0.9082,0.9852,Strong,0.7568,0.7174,0.7962,Strong
2014,35,39380,New Mexico,Las Cruces city,With Disability,disability,NA,NA,NA,NA,0.4503,0.2967,0.6039,Strong
2014,35,39380,New Mexico,Las Cruces city,Without Disability,disability,0.9497,0.9103,0.9891,Strong,0.788,0.7493,0.8266,Strong
2014,35,63460,New Mexico,Rio Rancho city,All,all,0.8938,0.8284,0.9591,Marginal,0.7286,0.6983,0.7588,Marginal
2014,35,63460,New Mexico,Rio Rancho city,With Disability,disability,NA,NA,NA,NA,0.4485,0.3311,0.5659,Marginal
2014,35,63460,New Mexico,Rio Rancho city,Without Disability,disability,0.8868,0.8169,0.9566,Marginal,0.7566,0.7273,0.786,Marginal
2014,35,70500,New Mexico,Santa Fe city,All,all,0.8218,0.7608,0.8828,Marginal,0.7473,0.7246,0.7699,Marginal
2014,35,70500,New Mexico,Santa Fe city,With Disability,disability,NA,NA,NA,NA,0.4331,0.3591,0.5071,Marginal
2014,35,70500,New Mexico,Santa Fe city,Without Disability,disability,0.8473,0.7842,0.9105,Marginal,0.7838,0.7609,0.8067,Marginal
2014,36,01000,New York,Albany city,All,all,0.9646,0.9169,1,Weak,0.776,0.7409,0.8111,Weak
2014,36,01000,New York,Albany city,With Disability,disability,NA,NA,NA,NA,0.3877,0.2613,0.514,Weak
2014,36,01000,New York,Albany city,Without Disability,disability,0.9676,0.9194,1,Weak,0.8145,0.7814,0.8475,Weak
2014,36,11000,New York,Buffalo city,All,all,0.8216,0.7677,0.8755,Marginal,0.673,0.6526,0.6935,Marginal
2014,36,11000,New York,Buffalo city,With Disability,disability,NA,NA,NA,NA,0.3189,0.2644,0.3733,Marginal
2014,36,11000,New York,Buffalo city,Without Disability,disability,0.8341,0.7796,0.8887,Marginal,0.734,0.713,0.7549,Marginal
2014,36,50617,New York,New Rochelle city,All,all,0.8983,0.8409,0.9557,Marginal,0.7925,0.7709,0.814,Marginal
2014,36,50617,New York,New Rochelle city,With Disability,disability,NA,NA,NA,NA,0.3568,0.2458,0.4678,Marginal
2014,36,50617,New York,New Rochelle city,Without Disability,disability,0.9013,0.8418,0.9608,Marginal,0.8158,0.7958,0.8359,Marginal
2014,36,51000,New York,New York city,All,all,0.8272,0.8173,0.8371,Strong,0.7482,0.7454,0.751,Strong
2014,36,51000,New York,New York city,With Disability,disability,0.5926,0.5327,0.6525,Strong,0.347,0.3328,0.3611,Strong
2014,36,51000,New York,New York city,Without Disability,disability,0.8374,0.828,0.8469,Strong,0.7732,0.7705,0.7759,Strong
2014,36,63000,New York,Rochester city,All,all,0.7795,0.7235,0.8356,Weak,0.6826,0.6641,0.7012,Weak
2014,36,63000,New York,Rochester city,With Disability,disability,0.6037,0.4042,0.8033,Weak,0.2479,0.2032,0.2926,Weak
2014,36,63000,New York,Rochester city,Without Disability,disability,0.8,0.7435,0.8565,Weak,0.7649,0.7485,0.7813,Weak
2014,36,73000,New York,Syracuse city,All,all,0.8768,0.8351,0.9184,Weak,0.6614,0.6311,0.6918,Weak
2014,36,73000,New York,Syracuse city,With Disability,disability,NA,NA,NA,NA,0.314,0.2463,0.3816,Weak
2014,36,73000,New York,Syracuse city,Without Disability,disability,0.8912,0.8495,0.9328,Weak,0.7261,0.6961,0.756,Weak
2014,36,84000,New York,Yonkers city,All,all,0.9143,0.8466,0.982,Marginal,0.7342,0.7095,0.7589,Marginal
2014,36,84000,New York,Yonkers city,With Disability,disability,NA,NA,NA,NA,0.4461,0.3372,0.5549,Marginal
2014,36,84000,New York,Yonkers city,Without Disability,disability,0.9105,0.8393,0.9816,Marginal,0.7573,0.7337,0.7808,Marginal
2014,37,02140,North Carolina,Asheville city,All,all,0.9497,0.8948,1,Marginal,0.8012,0.7786,0.8238,Marginal
2014,37,02140,North Carolina,Asheville city,With Disability,disability,NA,NA,NA,NA,0.3765,0.2635,0.4894,Marginal
2014,37,02140,North Carolina,Asheville city,Without Disability,disability,0.9549,0.9008,1,Marginal,0.8333,0.8101,0.8566,Marginal
2014,37,10740,North Carolina,Cary town,All,all,0.9261,0.8688,0.9834,Marginal,0.8343,0.8188,0.8499,Marginal
2014,37,10740,North Carolina,Cary town,With Disability,disability,NA,NA,NA,NA,0.6256,0.515,0.7362,Marginal
2014,37,10740,North Carolina,Cary town,Without Disability,disability,0.942,0.8967,0.9872,Marginal,0.8433,0.8272,0.8593,Marginal
2014,37,12000,North Carolina,Charlotte city,All,all,0.8831,0.8495,0.9167,Marginal,0.7983,0.7894,0.8072,Marginal
2014,37,12000,North Carolina,Charlotte city,With Disability,disability,0.7409,0.5615,0.9204,Marginal,0.4492,0.4021,0.4963,Marginal
2014,37,12000,North Carolina,Charlotte city,Without Disability,disability,0.8901,0.8559,0.9242,Marginal,0.8226,0.8145,0.8307,Marginal
2014,37,14100,North Carolina,Concord city,All,all,0.8121,0.7454,0.8787,Marginal,0.7508,0.7277,0.774,Marginal
2014,37,14100,North Carolina,Concord city,With Disability,disability,NA,NA,NA,NA,0.3522,0.2857,0.4188,Marginal
2014,37,14100,North Carolina,Concord city,Without Disability,disability,0.8151,0.7469,0.8833,Marginal,0.7842,0.7612,0.8072,Marginal
2014,37,19000,North Carolina,Durham city,All,all,0.8721,0.806,0.9382,Weak,0.8091,0.7922,0.8259,Weak
2014,37,19000,North Carolina,Durham city,With Disability,disability,NA,NA,NA,NA,0.4368,0.3543,0.5193,Weak
2014,37,19000,North Carolina,Durham city,Without Disability,disability,0.878,0.8105,0.9455,Weak,0.8355,0.8177,0.8533,Weak
2014,37,22920,North Carolina,Fayetteville city,All,all,0.9021,0.8585,0.9456,Strong,0.7301,0.7138,0.7464,Strong
2014,37,22920,North Carolina,Fayetteville city,With Disability,disability,NA,NA,NA,NA,0.3863,0.3354,0.4373,Strong
2014,37,22920,North Carolina,Fayetteville city,Without Disability,disability,0.8968,0.8478,0.9457,Strong,0.7755,0.7608,0.7902,Strong
2014,37,25580,North Carolina,Gastonia city,All,all,0.8897,0.8165,0.9629,Marginal,0.7512,0.7216,0.7809,Marginal
2014,37,25580,North Carolina,Gastonia city,With Disability,disability,NA,NA,NA,NA,0.3322,0.2443,0.42,Marginal
2014,37,25580,North Carolina,Gastonia city,Without Disability,disability,0.9025,0.8296,0.9754,Marginal,0.8011,0.7741,0.8282,Marginal
2014,37,28000,North Carolina,Greensboro city,All,all,0.9094,0.8703,0.9486,Marginal,0.767,0.7505,0.7835,Marginal
2014,37,28000,North Carolina,Greensboro city,With Disability,disability,NA,NA,NA,NA,0.3885,0.3171,0.4599,Marginal
2014,37,28000,North Carolina,Greensboro city,Without Disability,disability,0.9154,0.8755,0.9553,Marginal,0.7932,0.7773,0.8092,Marginal
2014,37,28080,North Carolina,Greenville city,All,all,0.938,0.9024,0.9737,Marginal,0.7579,0.7369,0.7789,Marginal
2014,37,28080,North Carolina,Greenville city,With Disability,disability,NA,NA,NA,NA,0.4575,0.3658,0.5493,Marginal
2014,37,28080,North Carolina,Greenville city,Without Disability,disability,0.9427,0.9069,0.9784,Marginal,0.7918,0.7712,0.8125,Marginal
2014,37,31400,North Carolina,High Point city,All,all,0.8601,0.7935,0.9267,Marginal,0.7638,0.7404,0.7872,Marginal
2014,37,31400,North Carolina,High Point city,With Disability,disability,NA,NA,NA,NA,0.3752,0.2825,0.4679,Marginal
2014,37,31400,North Carolina,High Point city,Without Disability,disability,0.8707,0.8047,0.9367,Marginal,0.8024,0.7796,0.8251,Marginal
2014,37,55000,North Carolina,Raleigh city,All,all,0.9189,0.8869,0.951,Weak,0.829,0.8179,0.8402,Weak
2014,37,55000,North Carolina,Raleigh city,With Disability,disability,NA,NA,NA,NA,0.4844,0.4216,0.5472,Weak
2014,37,55000,North Carolina,Raleigh city,Without Disability,disability,0.9226,0.8895,0.9558,Weak,0.8485,0.8373,0.8597,Weak
2014,37,74440,North Carolina,Wilmington city,All,all,0.9492,0.9143,0.9841,Marginal,0.7657,0.7458,0.7856,Marginal
2014,37,74440,North Carolina,Wilmington city,With Disability,disability,NA,NA,NA,NA,0.3996,0.3255,0.4736,Marginal
2014,37,74440,North Carolina,Wilmington city,Without Disability,disability,0.9648,0.9341,0.9956,Marginal,0.8096,0.7889,0.8302,Marginal
2014,37,75000,North Carolina,Winston-Salem city,All,all,0.9051,0.8559,0.9543,Weak,0.7475,0.7301,0.7649,Weak
2014,37,75000,North Carolina,Winston-Salem city,With Disability,disability,NA,NA,NA,NA,0.2616,0.1916,0.3316,Weak
2014,37,75000,North Carolina,Winston-Salem city,Without Disability,disability,0.9263,0.8791,0.9736,Weak,0.7903,0.7734,0.8072,Weak
2014,38,25700,North Dakota,Fargo city,All,all,0.958,0.9171,0.9989,Marginal,0.8812,0.8635,0.8989,Marginal
2014,38,25700,North Dakota,Fargo city,With Disability,disability,NA,NA,NA,NA,0.6331,0.5177,0.7485,Marginal
2014,38,25700,North Dakota,Fargo city,Without Disability,disability,0.9555,0.9116,0.9993,Marginal,0.8976,0.8803,0.9149,Marginal
2014,39,01000,Ohio,Akron city,All,all,0.8819,0.8238,0.94,Weak,0.6953,0.6714,0.7193,Weak
2014,39,01000,Ohio,Akron city,With Disability,disability,NA,NA,NA,NA,0.2519,0.1907,0.313,Weak
2014,39,01000,Ohio,Akron city,Without Disability,disability,0.9022,0.8394,0.9649,Weak,0.7538,0.7307,0.7769,Weak
2014,39,15000,Ohio,Cincinnati city,All,all,0.9126,0.8797,0.9455,Marginal,0.7178,0.6968,0.7388,Marginal
2014,39,15000,Ohio,Cincinnati city,With Disability,disability,NA,NA,NA,NA,0.2851,0.2369,0.3332,Marginal
2014,39,15000,Ohio,Cincinnati city,Without Disability,disability,0.9272,0.8972,0.9571,Marginal,0.776,0.7575,0.7945,Marginal
2014,39,16000,Ohio,Cleveland city,All,all,0.7287,0.6753,0.782,Weak,0.6378,0.6209,0.6546,Weak
2014,39,16000,Ohio,Cleveland city,With Disability,disability,0.4315,0.2956,0.5675,Weak,0.2855,0.2488,0.3222,Weak
2014,39,16000,Ohio,Cleveland city,Without Disability,disability,0.789,0.7348,0.8432,Weak,0.7107,0.6922,0.7292,Weak
2014,39,18000,Ohio,Columbus city,All,all,0.8925,0.8713,0.9137,Marginal,0.787,0.779,0.7949,Marginal
2014,39,18000,Ohio,Columbus city,With Disability,disability,0.662,0.5006,0.8234,Marginal,0.4277,0.3924,0.463,Marginal
2014,39,18000,Ohio,Columbus city,Without Disability,disability,0.9058,0.886,0.9256,Marginal,0.824,0.8165,0.8316,Marginal
2014,39,21000,Ohio,Dayton city,All,all,0.8533,0.8026,0.9041,Weak,0.6613,0.6306,0.6921,Weak
2014,39,21000,Ohio,Dayton city,With Disability,disability,NA,NA,NA,NA,0.3004,0.2364,0.3644,Weak
2014,39,21000,Ohio,Dayton city,Without Disability,disability,0.8779,0.8269,0.9289,Weak,0.7265,0.697,0.756,Weak
2014,39,61000,Ohio,Parma city,All,all,0.9179,0.8548,0.9809,Weak,0.8024,0.7789,0.826,Weak
2014,39,61000,Ohio,Parma city,With Disability,disability,NA,NA,NA,NA,0.3684,0.2898,0.447,Weak
2014,39,61000,Ohio,Parma city,Without Disability,disability,0.9436,0.8852,1,Weak,0.8489,0.8278,0.8699,Weak
2014,39,77000,Ohio,Toledo city,All,all,0.8409,0.7876,0.8942,Weak,0.7283,0.7107,0.7459,Weak
2014,39,77000,Ohio,Toledo city,With Disability,disability,NA,NA,NA,NA,0.3575,0.3163,0.3988,Weak
2014,39,77000,Ohio,Toledo city,Without Disability,disability,0.8729,0.8237,0.9222,Weak,0.7915,0.7746,0.8085,Weak
2014,40,09050,Oklahoma,Broken Arrow city,All,all,0.8598,0.8097,0.9099,Marginal,0.8066,0.7943,0.819,Marginal
2014,40,09050,Oklahoma,Broken Arrow city,With Disability,disability,NA,NA,NA,NA,0.4628,0.4083,0.5174,Marginal
2014,40,09050,Oklahoma,Broken Arrow city,Without Disability,disability,0.8772,0.8324,0.922,Marginal,0.8365,0.8243,0.8488,Marginal
2014,40,23200,Oklahoma,Edmond city,All,all,0.9502,0.8845,1,Marginal,0.8316,0.8042,0.859,Marginal
2014,40,23200,Oklahoma,Edmond city,With Disability,disability,NA,NA,NA,NA,0.4729,0.3228,0.6231,Marginal
2014,40,23200,Oklahoma,Edmond city,Without Disability,disability,0.9502,0.8845,1,Marginal,0.8496,0.8231,0.8762,Marginal
2014,40,41850,Oklahoma,Lawton city,All,all,0.8964,0.7991,0.9936,Strong,0.6877,0.6449,0.7306,Strong
2014,40,41850,Oklahoma,Lawton city,With Disability,disability,NA,NA,NA,NA,0.4071,0.30620000000000003,0.508,Strong
2014,40,41850,Oklahoma,Lawton city,Without Disability,disability,0.8897,0.7863,0.9932,Strong,0.7632,0.716,0.8104,Strong
2014,40,52500,Oklahoma,Norman city,All,all,0.9089,0.8579,0.9598,Marginal,0.7815,0.7643,0.7986,Marginal
2014,40,52500,Oklahoma,Norman city,With Disability,disability,NA,NA,NA,NA,0.4353,0.3672,0.5033,Marginal
2014,40,52500,Oklahoma,Norman city,Without Disability,disability,0.913,0.8591,0.9668,Marginal,0.8241,0.8078,0.8403,Marginal
2014,40,55000,Oklahoma,Oklahoma City city,All,all,0.8361,0.7903,0.8818,Weak,0.7693,0.7575,0.7812,Weak
2014,40,55000,Oklahoma,Oklahoma City city,With Disability,disability,NA,NA,NA,NA,0.3698,0.3274,0.4123,Weak
2014,40,55000,Oklahoma,Oklahoma City city,Without Disability,disability,0.8484,0.7996,0.8971,Weak,0.816,0.8042,0.8279,Weak
2014,40,75000,Oklahoma,Tulsa city,All,all,0.8806,0.8477,0.9136,Weak,0.7884,0.7774,0.7994,Weak
2014,40,75000,Oklahoma,Tulsa city,With Disability,disability,NA,NA,NA,NA,0.4507,0.4102,0.4912,Weak
2014,40,75000,Oklahoma,Tulsa city,Without Disability,disability,0.8926,0.8576,0.9275,Weak,0.8258,0.8144,0.8372,Weak
2014,41,05350,Oregon,Beaverton city,All,all,0.8389,0.7401,0.9378,Marginal,0.7958,0.7801,0.8116,Marginal
2014,41,05350,Oregon,Beaverton city,With Disability,disability,NA,NA,NA,NA,0.4492,0.3453,0.5531,Marginal
2014,41,05350,Oregon,Beaverton city,Without Disability,disability,0.8442,0.7483,0.94,Marginal,0.823,0.808,0.8379,Marginal
2014,41,05800,Oregon,Bend city,All,all,0.9116,0.8525,0.9707,Marginal,0.744,0.7214,0.7666,Marginal
2014,41,05800,Oregon,Bend city,With Disability,disability,NA,NA,NA,NA,0.4408,0.3729,0.5087,Marginal
2014,41,05800,Oregon,Bend city,Without Disability,disability,0.9162,0.856,0.9764,Marginal,0.7758,0.7513,0.8004,Marginal
2014,41,23850,Oregon,Eugene city,All,all,0.9115,0.8694,0.9537,Marginal,0.7379,0.7129,0.763,Marginal
2014,41,23850,Oregon,Eugene city,With Disability,disability,NA,NA,NA,NA,0.3558,0.2746,0.4371,Marginal
2014,41,23850,Oregon,Eugene city,Without Disability,disability,0.9184,0.8743,0.9625,Marginal,0.7818,0.7556,0.808,Marginal
2014,41,31250,Oregon,Gresham city,All,all,0.8683,0.774,0.9626,Marginal,0.7457,0.7184,0.7729,Marginal
2014,41,31250,Oregon,Gresham city,With Disability,disability,NA,NA,NA,NA,0.4124,0.3487,0.476,Marginal
2014,41,31250,Oregon,Gresham city,Without Disability,disability,0.8762,0.7829,0.9694,Marginal,0.7984,0.7716,0.8252,Marginal
2014,41,34100,Oregon,Hillsboro city,All,all,0.9618,0.9126,1,Strong,0.7909,0.7606,0.8211,Strong
2014,41,34100,Oregon,Hillsboro city,With Disability,disability,NA,NA,NA,NA,0.4514,0.3148,0.588,Strong
2014,41,34100,Oregon,Hillsboro city,Without Disability,disability,0.9612,0.911,1,Strong,0.8154,0.7862,0.8446,Strong
2014,41,47000,Oregon,Medford city,All,all,0.858,0.7394,0.9766,Marginal,0.7467,0.7139,0.7794,Marginal
2014,41,47000,Oregon,Medford city,With Disability,disability,NA,NA,NA,NA,0.4412,0.33,0.5525,Marginal
2014,41,47000,Oregon,Medford city,Without Disability,disability,0.8687,0.7549,0.9824,Marginal,0.7882,0.7571,0.8193,Marginal
2014,41,59000,Oregon,Portland city,All,all,0.9052,0.8715,0.9389,Marginal,0.7791,0.7708,0.7874,Marginal
2014,41,59000,Oregon,Portland city,With Disability,disability,0.8393,0.7261,0.9525,Marginal,0.4139,0.3731,0.4547,Marginal
2014,41,59000,Oregon,Portland city,Without Disability,disability,0.9117,0.8755,0.9478,Marginal,0.8116,0.8038,0.8194,Marginal
2014,41,64900,Oregon,Salem city,All,all,0.9173,0.8779,0.9568,Marginal,0.74,0.7207,0.7592,Marginal
2014,41,64900,Oregon,Salem city,With Disability,disability,NA,NA,NA,NA,0.3723,0.3011,0.4434,Marginal
2014,41,64900,Oregon,Salem city,Without Disability,disability,0.9157,0.8721,0.9593,Marginal,0.7913,0.7699,0.8127,Marginal
2014,42,02000,Pennsylvania,Allentown city,All,all,0.8313,0.7427,0.92,Weak,0.6734,0.6327,0.7141,Weak
2014,42,02000,Pennsylvania,Allentown city,With Disability,disability,NA,NA,NA,NA,0.4083,0.3185,0.498,Weak
2014,42,02000,Pennsylvania,Allentown city,Without Disability,disability,0.8124,0.7159,0.909,Weak,0.7246,0.6853,0.7638,Weak
2014,42,06088,Pennsylvania,Bethlehem city,All,all,0.9692,0.9354,1,Marginal,0.7713,0.7429,0.7997,Marginal
2014,42,06088,Pennsylvania,Bethlehem city,With Disability,disability,NA,NA,NA,NA,0.3532,0.2651,0.4414,Marginal
2014,42,06088,Pennsylvania,Bethlehem city,Without Disability,disability,0.9688,0.9346,1,Marginal,0.8183,0.7898,0.8468,Marginal
2014,42,24000,Pennsylvania,Erie city,All,all,0.8713,0.7807,0.9619,Weak,0.7179,0.6857,0.75,Weak
2014,42,24000,Pennsylvania,Erie city,With Disability,disability,NA,NA,NA,NA,0.2983,0.2122,0.3845,Weak
2014,42,24000,Pennsylvania,Erie city,Without Disability,disability,0.9095,0.8474,0.9716,Weak,0.7949,0.7638,0.826,Weak
2014,42,60000,Pennsylvania,Philadelphia city,All,all,0.8944,0.8701,0.9186,Strong,0.706,0.6966,0.7155,Strong
2014,42,60000,Pennsylvania,Philadelphia city,With Disability,disability,0.7594,0.6319,0.8869,Strong,0.3223,0.2971,0.3475,Strong
2014,42,60000,Pennsylvania,Philadelphia city,Without Disability,disability,0.9038,0.8785,0.9291,Strong,0.7577,0.7474,0.768,Strong
2014,42,61000,Pennsylvania,Pittsburgh city,All,all,0.9565,0.9361,0.977,Marginal,0.7727,0.7553,0.7901,Marginal
2014,42,61000,Pennsylvania,Pittsburgh city,With Disability,disability,0.7277,0.5693,0.8862,Marginal,0.3409,0.2902,0.3917,Marginal
2014,42,61000,Pennsylvania,Pittsburgh city,Without Disability,disability,0.9651,0.9454,0.9848,Marginal,0.8267,0.8106,0.8428,Marginal
2014,42,63624,Pennsylvania,Reading city,All,all,0.8189,0.7138,0.9241,Marginal,0.7036,0.6711,0.736,Marginal
2014,42,63624,Pennsylvania,Reading city,With Disability,disability,NA,NA,NA,NA,0.302,0.207,0.397,Marginal
2014,42,63624,Pennsylvania,Reading city,Without Disability,disability,0.815,0.7032,0.9268,Marginal,0.7722,0.7426,0.8019,Marginal
2014,42,69000,Pennsylvania,Scranton city,All,all,0.92490000000000006,0.8713,0.9785,Weak,0.7569,0.7272,0.7866,Weak
2014,42,69000,Pennsylvania,Scranton city,With Disability,disability,NA,NA,NA,NA,0.3108,0.2078,0.4137,Weak
2014,42,69000,Pennsylvania,Scranton city,Without Disability,disability,0.9336,0.8813,0.9858,Weak,0.8102,0.7788,0.8416,Weak
2014,44,19180,Rhode Island,Cranston city,All,all,0.9272,0.8369,1,Marginal,0.7962,0.7717,0.8208,Marginal
2014,44,19180,Rhode Island,Cranston city,With Disability,disability,NA,NA,NA,NA,0.3422,0.2313,0.4532,Marginal
2014,44,19180,Rhode Island,Cranston city,Without Disability,disability,0.939,0.842,1,Marginal,0.8386,0.8148,0.86240000000000006,Marginal
2014,44,54640,Rhode Island,Pawtucket city,All,all,0.7774,0.6895,0.8653,Marginal,0.7832,0.7594,0.807,Marginal
2014,44,54640,Rhode Island,Pawtucket city,With Disability,disability,NA,NA,NA,NA,0.3711,0.2906,0.4515,Marginal
2014,44,54640,Rhode Island,Pawtucket city,Without Disability,disability,0.7698,0.6759,0.8637,Marginal,0.8217,0.799,0.8445,Marginal
2014,44,59000,Rhode Island,Providence city,All,all,0.9275,0.8921,0.963,Weak,0.6982,0.6701,0.7264,Weak
2014,44,59000,Rhode Island,Providence city,With Disability,disability,0.8892,0.7546,1,Weak,0.2478,0.1744,0.3211,Weak
2014,44,59000,Rhode Island,Providence city,Without Disability,disability,0.9312,0.8938,0.9686,Weak,0.7597,0.7321,0.7872,Weak
2014,44,74300,Rhode Island,Warwick city,All,all,0.9173,0.842,0.9925,Marginal,0.8262,0.8058,0.8465,Marginal
2014,44,74300,Rhode Island,Warwick city,With Disability,disability,NA,NA,NA,NA,0.4813,0.3853,0.5774,Marginal
2014,44,74300,Rhode Island,Warwick city,Without Disability,disability,0.9792,0.9555,1,Marginal,0.8613,0.8436,0.8789,Marginal
2014,45,13330,South Carolina,Charleston city,All,all,0.9636,0.932,0.9951,Marginal,0.8189,0.79990000000000006,0.838,Marginal
2014,45,13330,South Carolina,Charleston city,With Disability,disability,NA,NA,NA,NA,0.4396,0.3361,0.5431,Marginal
2014,45,13330,South Carolina,Charleston city,Without Disability,disability,0.9687,0.9378,0.9996,Marginal,0.8489,0.8303,0.8675,Marginal
2014,45,16000,South Carolina,Columbia city,All,all,0.9608,0.936,0.9856,Weak,0.7792,0.7579,0.8004,Weak
2014,45,16000,South Carolina,Columbia city,With Disability,disability,NA,NA,NA,NA,0.4232,0.3373,0.509,Weak
2014,45,16000,South Carolina,Columbia city,Without Disability,disability,0.9653,0.9432,0.9873,Weak,0.8121,0.7909,0.8333,Weak
2014,45,48535,South Carolina,Mount Pleasant town,All,all,NA,NA,NA,NA,0.7874,0.7586,0.8162,Marginal
2014,45,48535,South Carolina,Mount Pleasant town,With Disability,disability,NA,NA,NA,NA,0.3964,0.2752,0.5176,Marginal
2014,45,48535,South Carolina,Mount Pleasant town,Without Disability,disability,NA,NA,NA,NA,0.8215,0.7937,0.8493,Marginal
2014,45,50875,South Carolina,North Charleston city,All,all,0.8321,0.7547,0.9096,Marginal,0.7984,0.7788,0.8181,Marginal
2014,45,50875,South Carolina,North Charleston city,With Disability,disability,NA,NA,NA,NA,0.3829,0.2961,0.4698,Marginal
2014,45,50875,South Carolina,North Charleston city,Without Disability,disability,0.8492,0.7725,0.9259,Marginal,0.8274,0.8086,0.8461,Marginal
2014,46,59020,South Dakota,Sioux Falls city,All,all,0.891,0.8273,0.9546,Strong,0.8883,0.8699,0.9068,Strong
2014,46,59020,South Dakota,Sioux Falls city,With Disability,disability,NA,NA,NA,NA,0.5581,0.4471,0.6692,Strong
2014,46,59020,South Dakota,Sioux Falls city,Without Disability,disability,0.8955,0.8288,0.9623,Strong,0.9122,0.8953,0.929,Strong
2014,47,14000,Tennessee,Chattanooga city,All,all,0.9305,0.8928,0.9681,Weak,0.7689,0.7476,0.7901,Weak
2014,47,14000,Tennessee,Chattanooga city,With Disability,disability,NA,NA,NA,NA,0.3303,0.2441,0.4165,Weak
2014,47,14000,Tennessee,Chattanooga city,Without Disability,disability,0.9327,0.893,0.9723,Weak,0.8159,0.7948,0.8371,Weak
2014,47,15160,Tennessee,Clarksville city,All,all,0.9294,0.8908,0.9679,Marginal,0.7235,0.7048,0.7422,Marginal
2014,47,15160,Tennessee,Clarksville city,With Disability,disability,NA,NA,NA,NA,0.375,0.3065,0.4436,Marginal
2014,47,15160,Tennessee,Clarksville city,Without Disability,disability,0.9293,0.8886,0.9701,Marginal,0.7692,0.751,0.7873,Marginal
2014,47,27740,Tennessee,Franklin city,All,all,0.9042,0.8579,0.9505,Weak,0.7927,0.7739,0.8115,Weak
2014,47,27740,Tennessee,Franklin city,With Disability,disability,NA,NA,NA,NA,0.4862,0.3928,0.5796,Weak
2014,47,27740,Tennessee,Franklin city,Without Disability,disability,0.9344,0.8961,0.9728,Weak,0.8138,0.7964,0.8312,Weak
2014,47,40000,Tennessee,Knoxville city,All,all,0.9566,0.9171,0.9962,Weak,0.7574,0.7311,0.7836,Weak
2014,47,40000,Tennessee,Knoxville city,With Disability,disability,NA,NA,NA,NA,0.3947,0.3367,0.4527,Weak
2014,47,40000,Tennessee,Knoxville city,Without Disability,disability,0.9554,0.9145,0.9963,Weak,0.811,0.7841,0.838,Weak
2014,47,48000,Tennessee,Memphis city,All,all,0.8656,0.8336,0.8977,Marginal,0.7453,0.7315,0.759,Marginal
2014,47,48000,Tennessee,Memphis city,With Disability,disability,0.6772,0.5238,0.8307,Marginal,0.3661,0.3168,0.4153,Marginal
2014,47,48000,Tennessee,Memphis city,Without Disability,disability,0.8796,0.847,0.9122,Marginal,0.7898,0.7774,0.8023,Marginal
2014,47,51560,Tennessee,Murfreesboro city,All,all,0.96,0.9308,0.9892,Marginal,0.8208,0.8009,0.8407,Marginal
2014,47,51560,Tennessee,Murfreesboro city,With Disability,disability,NA,NA,NA,NA,0.3606,0.2623,0.459,Marginal
2014,47,51560,Tennessee,Murfreesboro city,Without Disability,disability,0.9756,0.9536,0.9977,Marginal,0.8476,0.8273,0.8679,Marginal
2014,47,52006,Tennessee,Nashville-Davidson metropolitan government (balance),All,all,0.8991,0.8606,0.9376,Strong,0.8022,0.7893,0.815,Strong
2014,47,52006,Tennessee,Nashville-Davidson metropolitan government (balance),With Disability,disability,NA,NA,NA,NA,0.4241,0.3841,0.4641,Strong
2014,47,52006,Tennessee,Nashville-Davidson metropolitan government (balance),Without Disability,disability,0.9068,0.869,0.9447,Strong,0.8361,0.8225,0.8496,Strong
2014,48,01000,Texas,Abilene city,All,all,0.9185,0.8732,0.9638,Weak,0.7566,0.7368,0.7763,Weak
2014,48,01000,Texas,Abilene city,With Disability,disability,NA,NA,NA,NA,0.4567,0.3855,0.528,Weak
2014,48,01000,Texas,Abilene city,Without Disability,disability,0.9202,0.8727,0.9677,Weak,0.7978,0.7785,0.8172,Weak
2014,48,01924,Texas,Allen city,All,all,0.9198,0.8291,1,Marginal,0.8265,0.8031,0.8498,Marginal
2014,48,01924,Texas,Allen city,With Disability,disability,NA,NA,NA,NA,0.4068,0.2749,0.5387,Marginal
2014,48,01924,Texas,Allen city,Without Disability,disability,0.9139,0.8187,1,Marginal,0.8448,0.8223,0.8674,Marginal
2014,48,03000,Texas,Amarillo city,All,all,0.8451,0.8037,0.8865,Weak,0.7995,0.7857,0.8132,Weak
2014,48,03000,Texas,Amarillo city,With Disability,disability,NA,NA,NA,NA,0.4435,0.3823,0.5047,Weak
2014,48,03000,Texas,Amarillo city,Without Disability,disability,0.8518,0.8103,0.8933,Weak,0.829,0.8165,0.8416,Weak
2014,48,04000,Texas,Arlington city,All,all,0.8811,0.847,0.9151,Weak,0.7807,0.7723,0.7891,Weak
2014,48,04000,Texas,Arlington city,With Disability,disability,0.84,0.7313,0.9487,Weak,0.4197,0.3847,0.4547,Weak
2014,48,04000,Texas,Arlington city,Without Disability,disability,0.8841,0.8504,0.9178,Weak,0.8101,0.8021,0.8182,Weak
2014,48,05000,Texas,Austin city,All,all,0.9202,0.9,0.9404,Marginal,0.8145,0.8078,0.8213,Marginal
2014,48,05000,Texas,Austin city,With Disability,disability,0.8571,0.7544,0.9598,Marginal,0.4847,0.4445,0.5249,Marginal
2014,48,05000,Texas,Austin city,Without Disability,disability,0.9228,0.9026,0.9429,Marginal,0.8366,0.8297,0.8435,Marginal
2014,48,06128,Texas,Baytown city,All,all,0.8701,0.802,0.9382,Marginal,0.7369,0.717,0.7568,Marginal
2014,48,06128,Texas,Baytown city,With Disability,disability,NA,NA,NA,NA,0.4445,0.3677,0.5213,Marginal
2014,48,06128,Texas,Baytown city,Without Disability,disability,0.8665,0.7942,0.9387,Marginal,0.7644,0.7443,0.7845,Marginal
2014,48,07000,Texas,Beaumont city,All,all,0.9405,0.8882,0.9928,Weak,0.7448,0.7171,0.7726,Weak
2014,48,07000,Texas,Beaumont city,With Disability,disability,NA,NA,NA,NA,0.3982,0.2889,0.5075,Weak
2014,48,07000,Texas,Beaumont city,Without Disability,disability,0.9712,0.939,1,Weak,0.7757,0.7456,0.8058,Weak
2014,48,10768,Texas,Brownsville city,All,all,0.8251,0.7627,0.8875,Strong,0.6875,0.6689,0.7061,Strong
2014,48,10768,Texas,Brownsville city,With Disability,disability,NA,NA,NA,NA,0.3755,0.3104,0.4406,Strong
2014,48,10768,Texas,Brownsville city,Without Disability,disability,0.8477,0.7905,0.9049,Strong,0.7195,0.7015,0.7375,Strong
2014,48,10912,Texas,Bryan city,All,all,0.9742,0.9577,0.9907,Marginal,0.784,0.7615,0.8064,Marginal
2014,48,10912,Texas,Bryan city,With Disability,disability,NA,NA,NA,NA,0.4624,0.3548,0.5699,Marginal
2014,48,10912,Texas,Bryan city,Without Disability,disability,0.9772,0.962,0.9925,Marginal,0.8092,0.787,0.8314,Marginal
2014,48,13024,Texas,Carrollton city,All,all,0.8817,0.8321,0.9312,Marginal,0.8484,0.8381,0.8586,Marginal
2014,48,13024,Texas,Carrollton city,With Disability,disability,NA,NA,NA,NA,0.4939,0.4208,0.567,Marginal
2014,48,13024,Texas,Carrollton city,Without Disability,disability,0.8867,0.8383,0.935,Marginal,0.86240000000000006,0.8526,0.8723,Marginal
2014,48,13552,Texas,Cedar Park city,All,all,NA,NA,NA,NA,0.8323,0.8141,0.8505,Weak
2014,48,13552,Texas,Cedar Park city,With Disability,disability,NA,NA,NA,NA,0.6003,0.5029,0.6977,Weak
2014,48,13552,Texas,Cedar Park city,Without Disability,disability,NA,NA,NA,NA,0.8438,0.8246,0.863,Weak
2014,48,15976,Texas,College Station city,All,all,0.9742,0.9577,0.9907,Marginal,0.784,0.7615,0.8064,Marginal
2014,48,15976,Texas,College Station city,With Disability,disability,NA,NA,NA,NA,0.4624,0.3548,0.5699,Marginal
2014,48,15976,Texas,College Station city,Without Disability,disability,0.9772,0.962,0.9925,Marginal,0.8092,0.787,0.8314,Marginal
2014,48,16432,Texas,Conroe city,All,all,0.8484,0.8009,0.8958,Weak,0.7564,0.7401,0.7727,Weak
2014,48,16432,Texas,Conroe city,With Disability,disability,NA,NA,NA,NA,0.389,0.341,0.4369,Weak
2014,48,16432,Texas,Conroe city,Without Disability,disability,0.8491,0.8009,0.8974,Weak,0.7905,0.7744,0.8066,Weak
2014,48,17000,Texas,Corpus Christi city,All,all,0.859,0.8028,0.9153,Marginal,0.7801,0.7648,0.7954,Marginal
2014,48,17000,Texas,Corpus Christi city,With Disability,disability,NA,NA,NA,NA,0.4527,0.3813,0.5241,Marginal
2014,48,17000,Texas,Corpus Christi city,Without Disability,disability,0.8685,0.8082,0.9288,Marginal,0.8118,0.7972,0.8264,Marginal
2014,48,19000,Texas,Dallas city,All,all,0.8086,0.7884,0.8287,Marginal,0.7649,0.7587,0.7711,Marginal
2014,48,19000,Texas,Dallas city,With Disability,disability,0.6834,0.5752,0.7916,Marginal,0.3999,0.378,0.4219,Marginal
2014,48,19000,Texas,Dallas city,Without Disability,disability,0.8162,0.7954,0.837,Marginal,0.7904,0.7842,0.7967,Marginal
2014,48,19972,Texas,Denton city,All,all,0.9202,0.8809,0.9595,Marginal,0.791,0.7643,0.8178,Marginal
2014,48,19972,Texas,Denton city,With Disability,disability,NA,NA,NA,NA,0.4803,0.3635,0.5971,Marginal
2014,48,19972,Texas,Denton city,Without Disability,disability,0.9537,0.9209,0.9865,Marginal,0.8169,0.7907,0.8432,Marginal
2014,48,22660,Texas,Edinburg city,All,all,0.8747,0.776,0.9733,Marginal,0.7667,0.7311,0.8023,Marginal
2014,48,22660,Texas,Edinburg city,With Disability,disability,NA,NA,NA,NA,0.5316,0.4004,0.6628,Marginal
2014,48,22660,Texas,Edinburg city,Without Disability,disability,0.8588,0.7483,0.9693,Marginal,0.7884,0.7559,0.8208,Marginal
2014,48,24000,Texas,El Paso city,All,all,0.8485,0.8094,0.8877,Marginal,0.7352,0.724,0.7464,Marginal
2014,48,24000,Texas,El Paso city,With Disability,disability,NA,NA,NA,NA,0.427,0.3902,0.4639,Marginal
2014,48,24000,Texas,El Paso city,Without Disability,disability,0.8633,0.8256,0.901,Marginal,0.7677,0.7572,0.7783,Marginal
2014,48,26232,Texas,Flower Mound town,All,all,0.98,0.9618,0.9982,Marginal,0.8274,0.8087,0.8461,Marginal
2014,48,26232,Texas,Flower Mound town,With Disability,disability,NA,NA,NA,NA,0.6118,0.4699,0.7538,Marginal
2014,48,26232,Texas,Flower Mound town,Without Disability,disability,0.9819,0.9636,1,Marginal,0.8367,0.8188,0.8546,Marginal
2014,48,27000,Texas,Fort Worth city,All,all,0.8631,0.8322,0.894,Marginal,0.7738,0.7665,0.7811,Marginal
2014,48,27000,Texas,Fort Worth city,With Disability,disability,0.6803,0.5242,0.8364,Marginal,0.4427,0.4112,0.4742,Marginal
2014,48,27000,Texas,Fort Worth city,Without Disability,disability,0.8731,0.8428,0.9034,Marginal,0.8023,0.7948,0.8097,Marginal
2014,48,27684,Texas,Frisco city,All,all,0.9389,0.8726,1,Marginal,0.8172,0.8024,0.8321,Marginal
2014,48,27684,Texas,Frisco city,With Disability,disability,NA,NA,NA,NA,0.5125,0.3809,0.644,Marginal
2014,48,27684,Texas,Frisco city,Without Disability,disability,0.9349,0.8655,1,Marginal,0.8301,0.8157,0.8445,Marginal
2014,48,29000,Texas,Garland city,All,all,0.8434,0.8045,0.8822,Weak,0.7724,0.7618,0.7829,Weak
2014,48,29000,Texas,Garland city,With Disability,disability,NA,NA,NA,NA,0.4844,0.4469,0.522,Weak
2014,48,29000,Texas,Garland city,Without Disability,disability,0.8431,0.8024,0.8838,Weak,0.7965,0.7854,0.8076,Weak
2014,48,30464,Texas,Grand Prairie city,All,all,0.836,0.7743,0.8978,Marginal,0.78,0.7685,0.7916,Marginal
2014,48,30464,Texas,Grand Prairie city,With Disability,disability,NA,NA,NA,NA,0.421,0.3592,0.4827,Marginal
2014,48,30464,Texas,Grand Prairie city,Without Disability,disability,0.8451,0.787,0.9032,Marginal,0.8045,0.7927,0.8164,Marginal
2014,48,35000,Texas,Houston city,All,all,0.7961,0.775,0.8171,Marginal,0.7647,0.7607,0.7687,Marginal
2014,48,35000,Texas,Houston city,With Disability,disability,0.6677,0.5849,0.7505,Marginal,0.4233,0.4034,0.4431,Marginal
2014,48,35000,Texas,Houston city,Without Disability,disability,0.8019,0.7798,0.824,Marginal,0.7884,0.7841,0.7927,Marginal
2014,48,37000,Texas,Irving city,All,all,0.7867,0.7094,0.864,Weak,0.7976,0.7843,0.8109,Weak
2014,48,37000,Texas,Irving city,With Disability,disability,NA,NA,NA,NA,0.4056,0.328,0.4832,Weak
2014,48,37000,Texas,Irving city,Without Disability,disability,0.7865,0.7083,0.8647,Weak,0.8164,0.803,0.8298,Weak
2014,48,39148,Texas,Killeen city,All,all,0.8973,0.8435,0.9511,Strong,0.7532,0.7348,0.7716,Strong
2014,48,39148,Texas,Killeen city,With Disability,disability,NA,NA,NA,NA,0.4122,0.3348,0.4896,Strong
2014,48,39148,Texas,Killeen city,Without Disability,disability,0.8983,0.8438,0.9528,Strong,0.79,0.7718,0.8083,Strong
2014,48,41464,Texas,Laredo city,All,all,0.8233,0.7828,0.8637,Strong,0.7137,0.6981,0.7294,Strong
2014,48,41464,Texas,Laredo city,With Disability,disability,NA,NA,NA,NA,0.42,0.3685,0.4715,Strong
2014,48,41464,Texas,Laredo city,Without Disability,disability,0.8418,0.8018,0.8818,Strong,0.7485,0.7333,0.7637,Strong
2014,48,41980,Texas,League City city,All,all,0.9163,0.8663,0.9663,Marginal,0.8033,0.7831,0.8236,Marginal
2014,48,41980,Texas,League City city,With Disability,disability,NA,NA,NA,NA,0.5274,0.4059,0.6489,Marginal
2014,48,41980,Texas,League City city,Without Disability,disability,0.9504,0.9132,0.9875,Marginal,0.8191,0.799,0.8391,Marginal
2014,48,42508,Texas,Lewisville city,All,all,0.7356,0.5914,0.8797,Strong,0.8451,0.8215,0.8686,Strong
2014,48,42508,Texas,Lewisville city,With Disability,disability,NA,NA,NA,NA,0.5741,0.4323,0.716,Strong
2014,48,42508,Texas,Lewisville city,Without Disability,disability,0.7354,0.586,0.8848,Strong,0.8575,0.8347,0.8803,Strong
2014,48,43888,Texas,Longview city,All,all,0.8959,0.8501,0.9416,Marginal,0.7337,0.7113,0.756,Marginal
2014,48,43888,Texas,Longview city,With Disability,disability,NA,NA,NA,NA,0.3148,0.2368,0.3928,Marginal
2014,48,43888,Texas,Longview city,Without Disability,disability,0.8912,0.8432,0.9392,Marginal,0.7828,0.7619,0.8038,Marginal
2014,48,45000,Texas,Lubbock city,All,all,0.9488,0.929,0.9686,Weak,0.7906,0.7776,0.8036,Weak
2014,48,45000,Texas,Lubbock city,With Disability,disability,0.7849,0.6531,0.9168,Weak,0.5061,0.4474,0.5648,Weak
2014,48,45000,Texas,Lubbock city,Without Disability,disability,0.9593,0.9419,0.9767,Weak,0.831,0.8175,0.8445,Weak
2014,48,45384,Texas,McAllen city,All,all,0.8144,0.7133,0.9155,Strong,0.7268,0.6957,0.758,Strong
2014,48,45384,Texas,McAllen city,With Disability,disability,NA,NA,NA,NA,0.4309,0.3157,0.5462,Strong
2014,48,45384,Texas,McAllen city,Without Disability,disability,0.8148,0.7082,0.9214,Strong,0.7562,0.7237,0.7886,Strong
2014,48,45744,Texas,McKinney city,All,all,0.9057,0.797,1,Strong,0.8308,0.8122,0.8493,Strong
2014,48,45744,Texas,McKinney city,With Disability,disability,NA,NA,NA,NA,0.4717,0.3255,0.6179,Strong
2014,48,45744,Texas,McKinney city,Without Disability,disability,0.9209,0.8088,1,Strong,0.8461,0.8281,0.8642,Strong
2014,48,47892,Texas,Mesquite city,All,all,0.7868,0.7325,0.8411,Marginal,0.7602,0.7453,0.7751,Marginal
2014,48,47892,Texas,Mesquite city,With Disability,disability,NA,NA,NA,NA,0.4251,0.3683,0.4819,Marginal
2014,48,47892,Texas,Mesquite city,Without Disability,disability,0.796,0.7418,0.8501,Marginal,0.7865,0.7726,0.8004,Marginal
2014,48,48072,Texas,Midland city,All,all,0.869,0.8019,0.9361,Strong,0.8081,0.7888,0.8273,Strong
2014,48,48072,Texas,Midland city,With Disability,disability,NA,NA,NA,NA,0.4549,0.3699,0.5399,Strong
2014,48,48072,Texas,Midland city,Without Disability,disability,0.8852,0.8151,0.9552,Strong,0.8348,0.8162,0.8534,Strong
2014,48,48768,Texas,Mission city,All,all,0.7048,0.5415,0.868,Marginal,0.7022,0.6662,0.7382,Marginal
2014,48,48768,Texas,Mission city,With Disability,disability,NA,NA,NA,NA,0.4492,0.3087,0.5897,Marginal
2014,48,48768,Texas,Mission city,Without Disability,disability,0.7248,0.5636,0.886,Marginal,0.7273,0.6879,0.7668,Marginal
2014,48,50820,Texas,New Braunfels city,All,all,0.8838,0.8241,0.9436,Marginal,0.7799,0.7602,0.7996,Marginal
2014,48,50820,Texas,New Braunfels city,With Disability,disability,NA,NA,NA,NA,0.4529,0.3836,0.5222,Marginal
2014,48,50820,Texas,New Braunfels city,Without Disability,disability,0.8871,0.8221,0.952,Marginal,0.8168,0.7989,0.8347,Marginal
2014,48,53388,Texas,Odessa city,All,all,0.8292,0.7584,0.9001,Marginal,0.7627,0.7445,0.7809,Marginal
2014,48,53388,Texas,Odessa city,With Disability,disability,NA,NA,NA,NA,0.4344,0.3746,0.4942,Marginal
2014,48,53388,Texas,Odessa city,Without Disability,disability,0.8254,0.7511,0.8998,Marginal,0.8028,0.7849,0.8206,Marginal
2014,48,56000,Texas,Pasadena city,All,all,0.8208,0.7447,0.8969,Weak,0.7366,0.7188,0.7544,Weak
2014,48,56000,Texas,Pasadena city,With Disability,disability,NA,NA,NA,NA,0.4005,0.3421,0.4589,Weak
2014,48,56000,Texas,Pasadena city,Without Disability,disability,0.8404,0.771,0.9098,Weak,0.7662,0.7492,0.7832,Weak
2014,48,56348,Texas,Pearland city,All,all,0.9171,0.8593,0.9748,Marginal,0.8124,0.7937,0.8311,Marginal
2014,48,56348,Texas,Pearland city,With Disability,disability,NA,NA,NA,NA,0.5453,0.4477,0.643,Marginal
2014,48,56348,Texas,Pearland city,Without Disability,disability,0.925,0.8678,0.9822,Marginal,0.8309,0.812,0.8499,Marginal
2014,48,57200,Texas,Pharr city,All,all,0.8658,0.7708,0.9608,Marginal,0.7176,0.6771,0.7581,Marginal
2014,48,57200,Texas,Pharr city,With Disability,disability,NA,NA,NA,NA,0.4905,0.3246,0.6564,Marginal
2014,48,57200,Texas,Pharr city,Without Disability,disability,0.8753,0.7806,0.97,Marginal,0.7324,0.6911,0.7738,Marginal
2014,48,58016,Texas,Plano city,All,all,0.9385,0.899,0.978,Strong,0.8159,0.8013,0.8305,Strong
2014,48,58016,Texas,Plano city,With Disability,disability,NA,NA,NA,NA,0.438,0.3479,0.5281,Strong
2014,48,58016,Texas,Plano city,Without Disability,disability,0.9498,0.91,0.9896,Strong,0.8284,0.8136,0.8432,Strong
2014,48,61796,Texas,Richardson city,All,all,0.8715,0.8215,0.9216,Marginal,0.8029,0.7897,0.816,Marginal
2014,48,61796,Texas,Richardson city,With Disability,disability,NA,NA,NA,NA,0.5305,0.4663,0.5947,Marginal
2014,48,61796,Texas,Richardson city,Without Disability,disability,0.8822,0.8347,0.9297,Marginal,0.8206,0.8071,0.834,Marginal
2014,48,63500,Texas,Round Rock city,All,all,0.9144,0.8625,0.9662,Marginal,0.8151,0.7989,0.8314,Marginal
2014,48,63500,Texas,Round Rock city,With Disability,disability,NA,NA,NA,NA,0.5478,0.4652,0.6305,Marginal
2014,48,63500,Texas,Round Rock city,Without Disability,disability,0.9304,0.8834,0.9773,Marginal,0.8338,0.8172,0.8504,Marginal
2014,48,64472,Texas,San Angelo city,All,all,0.9285,0.8923,0.9647,Strong,0.7844,0.7654,0.8033,Strong
2014,48,64472,Texas,San Angelo city,With Disability,disability,NA,NA,NA,NA,0.4343,0.3676,0.501,Strong
2014,48,64472,Texas,San Angelo city,Without Disability,disability,0.9399,0.9034,0.9764,Strong,0.833,0.814,0.852,Strong
2014,48,65000,Texas,San Antonio city,All,all,0.8832,0.8597,0.9067,Marginal,0.7626,0.7551,0.77,Marginal
2014,48,65000,Texas,San Antonio city,With Disability,disability,0.7167,0.6145,0.8189,Marginal,0.4043,0.3733,0.4352,Marginal
2014,48,65000,Texas,San Antonio city,Without Disability,disability,0.8943,0.8715,0.917,Marginal,0.8042,0.7966,0.8117,Marginal
2014,48,70808,Texas,Sugar Land city,All,all,0.8509,0.7687,0.9331,Marginal,0.7935,0.7785,0.8085,Marginal
2014,48,70808,Texas,Sugar Land city,With Disability,disability,NA,NA,NA,NA,0.4669,0.3654,0.5684,Marginal
2014,48,70808,Texas,Sugar Land city,Without Disability,disability,0.8545,0.773,0.936,Marginal,0.8131,0.7977,0.8285,Marginal
2014,48,72176,Texas,Temple city,All,all,0.9556,0.9291,0.9822,Marginal,0.7285,0.7054,0.7515,Marginal
2014,48,72176,Texas,Temple city,With Disability,disability,NA,NA,NA,NA,0.4709,0.3864,0.5554,Marginal
2014,48,72176,Texas,Temple city,Without Disability,disability,0.9657,0.9385,0.9929,Marginal,0.7581,0.7342,0.782,Marginal
2014,48,74144,Texas,Tyler city,All,all,0.8837,0.811,0.9565,Strong,0.7779,0.7514,0.8044,Strong
2014,48,74144,Texas,Tyler city,With Disability,disability,NA,NA,NA,NA,0.4199,0.3055,0.5343,Strong
2014,48,74144,Texas,Tyler city,Without Disability,disability,0.8839,0.8094,0.9583,Strong,0.8131,0.7872,0.839,Strong
2014,48,76000,Texas,Waco city,All,all,0.9291,0.8992,0.959,Strong,0.7303,0.7118,0.7489,Strong
2014,48,76000,Texas,Waco city,With Disability,disability,NA,NA,NA,NA,0.3155,0.2529,0.3781,Strong
2014,48,76000,Texas,Waco city,Without Disability,disability,0.93,0.8992,0.9608,Strong,0.7836,0.7635,0.8038,Strong
2014,48,79000,Texas,Wichita Falls city,All,all,0.9375,0.906,0.9691,Weak,0.7811,0.7593,0.8029,Weak
2014,48,79000,Texas,Wichita Falls city,With Disability,disability,NA,NA,NA,NA,0.3937,0.3202,0.4672,Weak
2014,48,79000,Texas,Wichita Falls city,Without Disability,disability,0.9369,0.9061,0.9677,Weak,0.823,0.8015,0.8445,Weak
2014,49,43660,Utah,Layton city,All,all,0.9111,0.8467,0.9754,Weak,0.7961,0.779,0.8132,Weak
2014,49,43660,Utah,Layton city,With Disability,disability,NA,NA,NA,NA,0.5668,0.4678,0.6658,Weak
2014,49,43660,Utah,Layton city,Without Disability,disability,0.95,0.9108,0.9892,Weak,0.8154,0.7979,0.8329,Weak
2014,49,44320,Utah,Lehi city,All,all,NA,NA,NA,NA,0.7536,0.7384,0.7687,Weak
2014,49,44320,Utah,Lehi city,With Disability,disability,NA,NA,NA,NA,0.4668,0.3816,0.5521,Weak
2014,49,44320,Utah,Lehi city,Without Disability,disability,NA,NA,NA,NA,0.7682,0.7534,0.783,Weak
2014,49,55980,Utah,Ogden city,All,all,0.8693,0.7857,0.953,Marginal,0.7782,0.7543,0.8022,Marginal
2014,49,55980,Utah,Ogden city,With Disability,disability,NA,NA,NA,NA,0.3738,0.2741,0.4735,Marginal
2014,49,55980,Utah,Ogden city,Without Disability,disability,0.8751,0.7867,0.9634,Marginal,0.8235,0.8023,0.8448,Marginal
2014,49,57300,Utah,Orem city,All,all,0.86,0.7868,0.9332,Marginal,0.7438,0.7218,0.7658,Marginal
2014,49,57300,Utah,Orem city,With Disability,disability,NA,NA,NA,NA,0.4136,0.314,0.5132,Marginal
2014,49,57300,Utah,Orem city,Without Disability,disability,0.8994,0.8272,0.9716,Marginal,0.7679,0.7475,0.7882,Marginal
2014,49,62470,Utah,Provo city,All,all,0.9558,0.9163,0.9954,Strong,0.7279,0.6936,0.7622,Strong
2014,49,62470,Utah,Provo city,With Disability,disability,NA,NA,NA,NA,0.4537,0.3387,0.5688,Strong
2014,49,62470,Utah,Provo city,Without Disability,disability,0.9596,0.9191,1,Strong,0.7528,0.7205,0.785,Strong
2014,49,65330,Utah,St. George city,All,all,0.8455,0.7532,0.9377,Marginal,0.7609,0.7276,0.7943,Marginal
2014,49,65330,Utah,St. George city,With Disability,disability,NA,NA,NA,NA,0.4262,0.3035,0.5489,Marginal
2014,49,65330,Utah,St. George city,Without Disability,disability,0.843,0.7497,0.9363,Marginal,0.7944,0.7616,0.8273,Marginal
2014,49,67000,Utah,Salt Lake City city,All,all,0.9274,0.8917,0.9632,Weak,0.7992,0.7825,0.816,Weak
2014,49,67000,Utah,Salt Lake City city,With Disability,disability,NA,NA,NA,NA,0.4623,0.3824,0.5423,Weak
2014,49,67000,Utah,Salt Lake City city,Without Disability,disability,0.9257,0.8882,0.9631,Weak,0.8232,0.806,0.8404,Weak
2014,49,67440,Utah,Sandy city,All,all,0.8435,0.7435,0.9435,Marginal,0.8004,0.7823,0.8186,Marginal
2014,49,67440,Utah,Sandy city,With Disability,disability,NA,NA,NA,NA,0.5557,0.45,0.6614,Marginal
2014,49,67440,Utah,Sandy city,Without Disability,disability,0.8533,0.7526,0.9541,Marginal,0.8129,0.7943,0.8316,Marginal
2014,49,70850,Utah,South Jordan city,All,all,0.8914,0.8127,0.9701,Weak,0.7902,0.7696,0.8109,Weak
2014,49,70850,Utah,South Jordan city,With Disability,disability,NA,NA,NA,NA,0.5098,0.403,0.6166,Weak
2014,49,70850,Utah,South Jordan city,Without Disability,disability,NA,NA,NA,NA,0.8077,0.7864,0.8291,Weak
2014,49,82950,Utah,West Jordan city,All,all,0.9222,0.8678,0.9767,Marginal,0.8044,0.7825,0.8264,Marginal
2014,49,82950,Utah,West Jordan city,With Disability,disability,NA,NA,NA,NA,0.4732,0.3693,0.5771,Marginal
2014,49,82950,Utah,West Jordan city,Without Disability,disability,0.9219,0.864,0.9799,Marginal,0.8208,0.7986,0.843,Marginal
2014,49,83470,Utah,West Valley City city,All,all,0.7983,0.7347,0.8619,Marginal,0.7827,0.764,0.8013,Marginal
2014,49,83470,Utah,West Valley City city,With Disability,disability,NA,NA,NA,NA,0.437,0.3657,0.5082,Marginal
2014,49,83470,Utah,West Valley City city,Without Disability,disability,0.8039,0.7353,0.8724,Marginal,0.8141,0.796,0.8321,Marginal
2014,51,01000,Virginia,Alexandria city,All,all,0.9427,0.8732,1,Weak,0.8834,0.8655,0.9013,Weak
2014,51,01000,Virginia,Alexandria city,With Disability,disability,NA,NA,NA,NA,0.6306,0.4961,0.7652,Weak
2014,51,01000,Virginia,Alexandria city,Without Disability,disability,NA,NA,NA,NA,0.8936,0.8761,0.9111,Weak
2014,51,16000,Virginia,Chesapeake city,All,all,0.9422,0.9008,0.9835,Weak,0.814,0.7959,0.8321,Weak
2014,51,16000,Virginia,Chesapeake city,With Disability,disability,NA,NA,NA,NA,0.4416,0.3584,0.5248,Weak
2014,51,16000,Virginia,Chesapeake city,Without Disability,disability,0.9519,0.9116,0.9922,Weak,0.8431,0.8227,0.8635,Weak
2014,51,35000,Virginia,Hampton city,All,all,0.8971,0.8169,0.9773,Weak,0.7553,0.7297,0.7809,Weak
2014,51,35000,Virginia,Hampton city,With Disability,disability,NA,NA,NA,NA,0.433,0.3456,0.5203,Weak
2014,51,35000,Virginia,Hampton city,Without Disability,disability,0.9118,0.8421,0.9815,Weak,0.7859,0.7586,0.8131,Weak
2014,51,47672,Virginia,Lynchburg city,All,all,0.9424,0.8849,0.9998,Marginal,0.777,0.7457,0.8083,Marginal
2014,51,47672,Virginia,Lynchburg city,With Disability,disability,NA,NA,NA,NA,0.2878,0.1823,0.3933,Marginal
2014,51,47672,Virginia,Lynchburg city,Without Disability,disability,0.9693,0.9375,1,Marginal,0.8316,0.8043,0.859,Marginal
2014,51,56000,Virginia,Newport News city,All,all,0.9503,0.9167,0.984,Marginal,0.8041,0.7809,0.8273,Marginal
2014,51,56000,Virginia,Newport News city,With Disability,disability,NA,NA,NA,NA,0.5024,0.3961,0.6087,Marginal
2014,51,56000,Virginia,Newport News city,Without Disability,disability,0.9512,0.9155,0.9869,Marginal,0.8364,0.8151,0.8578,Marginal
2014,51,57000,Virginia,Norfolk city,All,all,0.9122,0.8847,0.9398,Marginal,0.7487,0.7319,0.7656,Marginal
2014,51,57000,Virginia,Norfolk city,With Disability,disability,NA,NA,NA,NA,0.3048,0.244,0.3656,Marginal
2014,51,57000,Virginia,Norfolk city,Without Disability,disability,0.9182,0.8893,0.947,Marginal,0.7963,0.7794,0.8132,Marginal
2014,51,64000,Virginia,Portsmouth city,All,all,0.8743,0.792,0.9566,Weak,0.752,0.7205,0.7835,Weak
2014,51,64000,Virginia,Portsmouth city,With Disability,disability,NA,NA,NA,NA,0.3326,0.2416,0.4236,Weak
2014,51,64000,Virginia,Portsmouth city,Without Disability,disability,0.8918,0.8054,0.9782,Weak,0.792,0.7615,0.8225,Weak
2014,51,67000,Virginia,Richmond city,All,all,0.9247,0.8725,0.9769,Weak,0.757,0.7337,0.7804,Weak
2014,51,67000,Virginia,Richmond city,With Disability,disability,NA,NA,NA,NA,0.3882,0.3171,0.4592,Weak
2014,51,67000,Virginia,Richmond city,Without Disability,disability,0.9347,0.8839,0.9854,Weak,0.8098,0.7872,0.8325,Weak
2014,51,68000,Virginia,Roanoke city,All,all,0.9053,0.8466,0.964,Weak,0.7672,0.7407,0.7936,Weak
2014,51,68000,Virginia,Roanoke city,With Disability,disability,NA,NA,NA,NA,0.2932,0.2112,0.3752,Weak
2014,51,68000,Virginia,Roanoke city,Without Disability,disability,0.9017,0.8409,0.9625,Weak,0.8374,0.8136,0.8612,Weak
2014,51,76432,Virginia,Suffolk city,All,all,0.7998,0.7217,0.8779,Marginal,0.7978,0.7773,0.8183,Marginal
2014,51,76432,Virginia,Suffolk city,With Disability,disability,NA,NA,NA,NA,0.3668,0.2833,0.4504,Marginal
2014,51,76432,Virginia,Suffolk city,Without Disability,disability,0.807,0.7281,0.8859,Marginal,0.8317,0.8132,0.8502,Marginal
2014,51,82000,Virginia,Virginia Beach city,All,all,0.9284,0.898,0.9589,Marginal,0.8127,0.801,0.8245,Marginal
2014,51,82000,Virginia,Virginia Beach city,With Disability,disability,NA,NA,NA,NA,0.4726,0.4094,0.5357,Marginal
2014,51,82000,Virginia,Virginia Beach city,Without Disability,disability,0.9454,0.9199,0.9708,Marginal,0.8388,0.8271,0.8505,Marginal
2014,53,03180,Washington,Auburn city,All,all,0.843,0.746,0.9401,Marginal,0.7405,0.7129,0.7681,Marginal
2014,53,03180,Washington,Auburn city,With Disability,disability,NA,NA,NA,NA,0.4333,0.312,0.5546,Marginal
2014,53,03180,Washington,Auburn city,Without Disability,disability,0.8693,0.7824,0.9562,Marginal,0.77,0.7452,0.7948,Marginal
2014,53,05210,Washington,Bellevue city,All,all,0.9155,0.8414,0.9896,Strong,0.7754,0.7565,0.7944,Strong
2014,53,05210,Washington,Bellevue city,With Disability,disability,NA,NA,NA,NA,0.4464,0.3059,0.587,Strong
2014,53,05210,Washington,Bellevue city,Without Disability,disability,0.9212,0.8469,0.9954,Strong,0.788,0.7693,0.8067,Strong
2014,53,05280,Washington,Bellingham city,All,all,0.9278,0.8873,0.9684,Marginal,0.776,0.7484,0.8035,Marginal
2014,53,05280,Washington,Bellingham city,With Disability,disability,NA,NA,NA,NA,0.3618,0.2767,0.4469,Marginal
2014,53,05280,Washington,Bellingham city,Without Disability,disability,0.9323,0.8939,0.9706,Marginal,0.8233,0.7967,0.8498,Marginal
2014,53,22640,Washington,Everett city,All,all,0.8598,0.7579,0.9618,Marginal,0.7581,0.7334,0.7828,Marginal
2014,53,22640,Washington,Everett city,With Disability,disability,NA,NA,NA,NA,0.4479,0.3637,0.532,Marginal
2014,53,22640,Washington,Everett city,Without Disability,disability,0.8852,0.7872,0.9831,Marginal,0.7966,0.7732,0.8201,Marginal
2014,53,23515,Washington,Federal Way city,All,all,0.8346,0.746,0.9232,Marginal,0.7839,0.7575,0.8103,Marginal
2014,53,23515,Washington,Federal Way city,With Disability,disability,NA,NA,NA,NA,0.521,0.4072,0.6349,Marginal
2014,53,23515,Washington,Federal Way city,Without Disability,disability,0.8662,0.789,0.9434,Marginal,0.8113,0.7844,0.8382,Marginal
2014,53,35275,Washington,Kennewick city,All,all,0.9102,0.8264,0.9941,Marginal,0.8013,0.7738,0.8288,Marginal
2014,53,35275,Washington,Kennewick city,With Disability,disability,NA,NA,NA,NA,0.3838,0.2744,0.4931,Marginal
2014,53,35275,Washington,Kennewick city,Without Disability,disability,0.9443,0.8744,1,Marginal,0.847,0.8205,0.8735,Marginal
2014,53,35415,Washington,Kent city,All,all,0.8359,0.7245,0.9473,Strong,0.7791,0.7528,0.8055,Strong
2014,53,35415,Washington,Kent city,With Disability,disability,NA,NA,NA,NA,0.4738,0.3638,0.5837,Strong
2014,53,35415,Washington,Kent city,Without Disability,disability,0.8311,0.7151,0.9471,Strong,0.8056,0.7806,0.8306,Strong
2014,53,35940,Washington,Kirkland city,All,all,0.8355,0.7311,0.94,Marginal,0.7975,0.7745,0.8205,Marginal
2014,53,35940,Washington,Kirkland city,With Disability,disability,NA,NA,NA,NA,0.5774,0.4454,0.7094,Marginal
2014,53,35940,Washington,Kirkland city,Without Disability,disability,0.8478,0.736,0.9596,Marginal,0.8079,0.784,0.8318,Marginal
2014,53,53545,Washington,Pasco city,All,all,0.8831,0.8082,0.958,Marginal,0.7729,0.7433,0.8024,Marginal
2014,53,53545,Washington,Pasco city,With Disability,disability,NA,NA,NA,NA,0.4445,0.3332,0.5559,Marginal
2014,53,53545,Washington,Pasco city,Without Disability,disability,0.8775,0.7986,0.9564,Marginal,0.8077,0.7785,0.8369,Marginal
2014,53,57745,Washington,Renton city,All,all,0.9683,0.9317,1,Marginal,0.8213,0.7985,0.8441,Marginal
2014,53,57745,Washington,Renton city,With Disability,disability,NA,NA,NA,NA,0.5129,0.3781,0.6478,Marginal
2014,53,57745,Washington,Renton city,Without Disability,disability,0.975,0.942,1,Marginal,0.8438,0.8203,0.8673,Marginal
2014,53,63000,Washington,Seattle city,All,all,0.9413,0.9128,0.9697,Marginal,0.8484,0.8378,0.859,Marginal
2014,53,63000,Washington,Seattle city,With Disability,disability,0.8172,0.6485,0.9859,Marginal,0.4953,0.4225,0.5682,Marginal
2014,53,63000,Washington,Seattle city,Without Disability,disability,0.9483,0.9199,0.9767,Marginal,0.867,0.8565,0.8775,Marginal
2014,53,67000,Washington,Spokane city,All,all,0.9134,0.86,0.9668,Weak,0.7251,0.7053,0.745,Weak
2014,53,67000,Washington,Spokane city,With Disability,disability,NA,NA,NA,NA,0.3417,0.2704,0.413,Weak
2014,53,67000,Washington,Spokane city,Without Disability,disability,0.9179,0.8636,0.9723,Weak,0.7753,0.7543,0.7962,Weak
2014,53,67167,Washington,Spokane Valley city,All,all,0.8865,0.7974,0.9756,Marginal,0.7662,0.7373,0.7951,Marginal
2014,53,67167,Washington,Spokane Valley city,With Disability,disability,NA,NA,NA,NA,0.4218,0.3304,0.5131,Marginal
2014,53,67167,Washington,Spokane Valley city,Without Disability,disability,0.9197,0.8357,1,Marginal,0.8121,0.7844,0.8398,Marginal
2014,53,70000,Washington,Tacoma city,All,all,0.8586,0.8016,0.9155,Weak,0.7521,0.7325,0.7716,Weak
2014,53,70000,Washington,Tacoma city,With Disability,disability,NA,NA,NA,NA,0.4213,0.3393,0.5033,Weak
2014,53,70000,Washington,Tacoma city,Without Disability,disability,0.8649,0.8079,0.9218,Weak,0.796,0.7785,0.8135,Weak
2014,53,74060,Washington,Vancouver city,All,all,0.8602,0.8045,0.9159,Strong,0.7568,0.7371,0.7766,Strong
2014,53,74060,Washington,Vancouver city,With Disability,disability,NA,NA,NA,NA,0.4007,0.3237,0.4776,Strong
2014,53,74060,Washington,Vancouver city,Without Disability,disability,0.8741,0.8068,0.9414,Strong,0.7947,0.7769,0.8124,Strong
2014,53,80010,Washington,Yakima city,All,all,0.6606,0.5147,0.8065,Marginal,0.7733,0.7433,0.8033,Marginal
2014,53,80010,Washington,Yakima city,With Disability,disability,NA,NA,NA,NA,0.4001,0.2821,0.5181,Marginal
2014,53,80010,Washington,Yakima city,Without Disability,disability,0.6668,0.5166,0.8171,Marginal,0.8233,0.7955,0.8512,Marginal
2014,55,02375,Wisconsin,Appleton city,All,all,0.9195,0.8878,0.9513,Weak,0.8408,0.8266,0.855,Weak
2014,55,02375,Wisconsin,Appleton city,With Disability,disability,NA,NA,NA,NA,0.3986,0.3302,0.467,Weak
2014,55,02375,Wisconsin,Appleton city,Without Disability,disability,0.9321,0.902,0.9623,Weak,0.8761,0.8628,0.8893,Weak
2014,55,31000,Wisconsin,Green Bay city,All,all,0.9199,0.8615,0.9782,Marginal,0.7737,0.7406,0.8068,Marginal
2014,55,31000,Wisconsin,Green Bay city,With Disability,disability,NA,NA,NA,NA,0.4155,0.2984,0.5327,Marginal
2014,55,31000,Wisconsin,Green Bay city,Without Disability,disability,0.9168,0.8563,0.9772,Marginal,0.818,0.7881,0.8479,Marginal
2014,55,39225,Wisconsin,Kenosha city,All,all,0.922,0.8578,0.9862,Marginal,0.7785,0.7472,0.8098,Marginal
2014,55,39225,Wisconsin,Kenosha city,With Disability,disability,NA,NA,NA,NA,0.4316,0.3027,0.5605,Marginal
2014,55,39225,Wisconsin,Kenosha city,Without Disability,disability,0.9405,0.881,1,Marginal,0.8139,0.786,0.8418,Marginal
2014,55,48000,Wisconsin,Madison city,All,all,0.9755,0.9602,0.9909,Weak,0.8581,0.8434,0.8728,Weak
2014,55,48000,Wisconsin,Madison city,With Disability,disability,NA,NA,NA,NA,0.597,0.5038,0.6902,Weak
2014,55,48000,Wisconsin,Madison city,Without Disability,disability,0.975,0.9593,0.9907,Weak,0.877,0.8622,0.8918,Weak
2014,55,53000,Wisconsin,Milwaukee city,All,all,0.8672,0.8261,0.9082,Marginal,0.7255,0.7108,0.7402,Marginal
2014,55,53000,Wisconsin,Milwaukee city,With Disability,disability,NA,NA,NA,NA,0.3157,0.2638,0.3676,Marginal
2014,55,53000,Wisconsin,Milwaukee city,Without Disability,disability,0.8717,0.8298,0.9137,Marginal,0.7792,0.7649,0.7934,Marginal
2014,55,66000,Wisconsin,Racine city,All,all,NA,NA,NA,NA,0.7874,0.7619,0.8129,Weak
2014,55,66000,Wisconsin,Racine city,With Disability,disability,NA,NA,NA,NA,0.4304,0.3098,0.5509,Weak
2014,55,66000,Wisconsin,Racine city,Without Disability,disability,NA,NA,NA,NA,0.8251,0.79990000000000006,0.8504,Weak
2016,01,03076,Alabama,Auburn city,All,all,0.9577,0.9333,0.9821,Marginal,0.7757,0.7524,0.799,Marginal
2016,01,03076,Alabama,Auburn city,With Disability,disability,NA,NA,NA,NA,0.487,0.3969,0.5771,Marginal
2016,01,03076,Alabama,Auburn city,Without Disability,disability,0.959,0.9341,0.9838,Marginal,0.8083,0.7848,0.8318,Marginal
2016,01,07000,Alabama,Birmingham city,All,all,0.8876,0.8439,0.9312,Weak,0.7219,0.7086,0.7351,Weak
2016,01,07000,Alabama,Birmingham city,With Disability,disability,NA,NA,NA,NA,0.3267,0.288,0.3655,Weak
2016,01,07000,Alabama,Birmingham city,Without Disability,disability,0.8976,0.8553,0.9399,Weak,0.7812,0.768,0.7945,Weak
2016,01,35896,Alabama,Hoover city,All,all,0.9377,0.9094,0.9659,Weak,0.822,0.8119,0.8322,Weak
2016,01,35896,Alabama,Hoover city,With Disability,disability,NA,NA,NA,NA,0.4195,0.3618,0.4772,Weak
2016,01,35896,Alabama,Hoover city,Without Disability,disability,0.9496,0.9239,0.9753,Weak,0.8503,0.8406,0.86,Weak
2016,01,37000,Alabama,Huntsville city,All,all,0.9351,0.9042,0.9659,Weak,0.7612,0.7472,0.7751,Weak
2016,01,37000,Alabama,Huntsville city,With Disability,disability,NA,NA,NA,NA,0.3647,0.3105,0.4189,Weak
2016,01,37000,Alabama,Huntsville city,Without Disability,disability,0.94,0.9113,0.9687,Weak,0.8019,0.7885,0.8154,Weak
2016,01,50000,Alabama,Mobile city,All,all,0.816,0.7518,0.8801,Weak,0.7171,0.7013,0.7329,Weak
2016,01,50000,Alabama,Mobile city,With Disability,disability,NA,NA,NA,NA,0.3254,0.2716,0.3792,Weak
2016,01,50000,Alabama,Mobile city,Without Disability,disability,0.8188,0.7535,0.8842,Weak,0.7651,0.7501,0.7802,Weak
2016,01,51000,Alabama,Montgomery city,All,all,0.8522,0.7966,0.9077,Weak,0.7305,0.7106,0.7504,Weak
2016,01,51000,Alabama,Montgomery city,With Disability,disability,NA,NA,NA,NA,0.3242,0.2658,0.3827,Weak
2016,01,51000,Alabama,Montgomery city,Without Disability,disability,0.8848,0.8359,0.9338,Weak,0.7916,0.7725,0.8107,Weak
2016,01,77256,Alabama,Tuscaloosa city,All,all,0.9529,0.9256,0.9802,Marginal,0.7283,0.7007,0.7559,Marginal
2016,01,77256,Alabama,Tuscaloosa city,With Disability,disability,NA,NA,NA,NA,0.2749,0.1975,0.3523,Marginal
2016,01,77256,Alabama,Tuscaloosa city,Without Disability,disability,0.9651,0.9425,0.9877,Marginal,0.7704,0.7414,0.7994,Marginal
2016,02,03000,Alaska,Anchorage municipality,All,all,0.873,0.8104,0.9357,Marginal,0.8129,0.7931,0.8327,Marginal
2016,02,03000,Alaska,Anchorage municipality,With Disability,disability,NA,NA,NA,NA,0.5099,0.4333,0.5864,Marginal
2016,02,03000,Alaska,Anchorage municipality,Without Disability,disability,0.9158,0.8744,0.9571,Marginal,0.8414,0.8231,0.8597,Marginal
2016,04,04720,Arizona,Avondale city,All,all,0.8594,0.7826,0.9362,Marginal,0.7833,0.762,0.8045,Marginal
2016,04,04720,Arizona,Avondale city,With Disability,disability,NA,NA,NA,NA,0.4289,0.3385,0.5194,Marginal
2016,04,04720,Arizona,Avondale city,Without Disability,disability,0.8504,0.768,0.9328,Marginal,0.8122,0.7907,0.8337,Marginal
2016,04,07940,Arizona,Buckeye city,All,all,0.8564,0.7839,0.9289,Marginal,0.7352,0.7141,0.7562,Marginal
2016,04,07940,Arizona,Buckeye city,With Disability,disability,NA,NA,NA,NA,0.3976,0.3071,0.4882,Marginal
2016,04,07940,Arizona,Buckeye city,Without Disability,disability,0.8497,0.7742,0.9253,Marginal,0.7636,0.7432,0.7839,Marginal
2016,04,12000,Arizona,Chandler city,All,all,0.9058,0.8645,0.947,Weak,0.818,0.8054,0.8307,Weak
2016,04,12000,Arizona,Chandler city,With Disability,disability,NA,NA,NA,NA,0.4596,0.3882,0.5309,Weak
2016,04,12000,Arizona,Chandler city,Without Disability,disability,0.9218,0.8799,0.9637,Weak,0.839,0.8282,0.8498,Weak
2016,04,23620,Arizona,Flagstaff city,All,all,0.9206,0.8882,0.9531,Weak,0.7523,0.733,0.7717,Weak
2016,04,23620,Arizona,Flagstaff city,With Disability,disability,NA,NA,NA,NA,0.461,0.3896,0.5325,Weak
2016,04,23620,Arizona,Flagstaff city,Without Disability,disability,0.9272,0.8963,0.958,Weak,0.7822,0.762,0.8023,Weak
2016,04,27400,Arizona,Gilbert town,All,all,0.9177,0.883,0.9525,Strong,0.8098,0.797,0.8226,Strong
2016,04,27400,Arizona,Gilbert town,With Disability,disability,NA,NA,NA,NA,0.4928,0.4314,0.5541,Strong
2016,04,27400,Arizona,Gilbert town,Without Disability,disability,0.9376,0.9049,0.9702,Strong,0.8276,0.8151,0.8401,Strong
2016,04,27820,Arizona,Glendale city,All,all,0.8158,0.7606,0.871,Strong,0.7321,0.7151,0.749,Strong
2016,04,27820,Arizona,Glendale city,With Disability,disability,NA,NA,NA,NA,0.3949,0.3437,0.446,Strong
2016,04,27820,Arizona,Glendale city,Without Disability,disability,0.8198,0.7625,0.877,Strong,0.7653,0.7475,0.7831,Strong
2016,04,28380,Arizona,Goodyear city,All,all,0.9059,0.8409,0.9709,Marginal,0.8001,0.7728,0.8273,Marginal
2016,04,28380,Arizona,Goodyear city,With Disability,disability,NA,NA,NA,NA,0.5966,0.4873,0.7058,Marginal
2016,04,28380,Arizona,Goodyear city,Without Disability,disability,0.9097,0.8445,0.975,Marginal,0.8146,0.7889,0.8403,Marginal
2016,04,46000,Arizona,Mesa city,All,all,0.8357,0.7969,0.8746,Marginal,0.7669,0.7567,0.7771,Marginal
2016,04,46000,Arizona,Mesa city,With Disability,disability,0.6933,0.5436,0.843,Marginal,0.4051,0.3545,0.4557,Marginal
2016,04,46000,Arizona,Mesa city,Without Disability,disability,0.845,0.8059,0.8841,Marginal,0.7981,0.788,0.8082,Marginal
2016,04,54050,Arizona,Peoria city,All,all,0.8988,0.8486,0.949,Marginal,0.7945,0.7785,0.8104,Marginal
2016,04,54050,Arizona,Peoria city,With Disability,disability,NA,NA,NA,NA,0.4635,0.4023,0.5248,Marginal
2016,04,54050,Arizona,Peoria city,Without Disability,disability,0.9087,0.8572,0.9602,Marginal,0.8214,0.8043,0.8385,Marginal
2016,04,55000,Arizona,Phoenix city,All,all,0.8026,0.7817,0.8236,Marginal,0.7437,0.7368,0.7507,Marginal
2016,04,55000,Arizona,Phoenix city,With Disability,disability,0.782,0.6904,0.8735,Marginal,0.395,0.3698,0.4203,Marginal
2016,04,55000,Arizona,Phoenix city,Without Disability,disability,0.8038,0.7818,0.8259,Marginal,0.7715,0.7647,0.7782,Marginal
2016,04,65000,Arizona,Scottsdale city,All,all,0.8943,0.8239,0.9646,Weak,0.8067,0.7944,0.819,Weak
2016,04,65000,Arizona,Scottsdale city,With Disability,disability,NA,NA,NA,NA,0.4517,0.3827,0.5206,Weak
2016,04,65000,Arizona,Scottsdale city,Without Disability,disability,0.8884,0.8136,0.9631,Weak,0.8265,0.8147,0.8383,Weak
2016,04,71510,Arizona,Surprise city,All,all,0.9418,0.8898,0.9938,Strong,0.7912,0.7701,0.8123,Strong
2016,04,71510,Arizona,Surprise city,With Disability,disability,NA,NA,NA,NA,0.445,0.3627,0.5274,Strong
2016,04,71510,Arizona,Surprise city,Without Disability,disability,0.9412,0.8878,0.9946,Strong,0.8153,0.7928,0.8377,Strong
2016,04,73000,Arizona,Tempe city,All,all,0.9613,0.9388,0.9838,Weak,0.8102,0.792,0.8284,Weak
2016,04,73000,Arizona,Tempe city,With Disability,disability,0.8412,0.6692,1,Weak,0.5135,0.4254,0.6016,Weak
2016,04,73000,Arizona,Tempe city,Without Disability,disability,0.9663,0.9444,0.9883,Weak,0.8304,0.8111,0.8497,Weak
2016,04,77000,Arizona,Tucson city,All,all,0.8718,0.8433,0.9003,Marginal,0.7464,0.7362,0.7567,Marginal
2016,04,77000,Arizona,Tucson city,With Disability,disability,0.6929,0.5543,0.8316,Marginal,0.3831,0.3456,0.4206,Marginal
2016,04,77000,Arizona,Tucson city,Without Disability,disability,0.887,0.8608,0.9132,Marginal,0.7962,0.7874,0.805,Marginal
2016,04,85540,Arizona,Yuma city,All,all,0.8197,0.7592,0.8803,Marginal,0.7305,0.7093,0.7518,Marginal
2016,04,85540,Arizona,Yuma city,With Disability,disability,NA,NA,NA,NA,0.4497,0.382,0.5174,Marginal
2016,04,85540,Arizona,Yuma city,Without Disability,disability,0.8249,0.7638,0.8861,Marginal,0.7511,0.7307,0.7716,Marginal
2016,05,23290,Arkansas,Fayetteville city,All,all,0.9113,0.8703,0.9523,Marginal,0.7957,0.777,0.8145,Marginal
2016,05,23290,Arkansas,Fayetteville city,With Disability,disability,NA,NA,NA,NA,0.3668,0.285,0.4487,Marginal
2016,05,23290,Arkansas,Fayetteville city,Without Disability,disability,0.9203,0.8796,0.9611,Marginal,0.8314,0.8147,0.8482,Marginal
2016,05,24550,Arkansas,Fort Smith city,All,all,0.8816,0.8274,0.9357,Marginal,0.7388,0.7217,0.7559,Marginal
2016,05,24550,Arkansas,Fort Smith city,With Disability,disability,NA,NA,NA,NA,0.3385,0.2827,0.3943,Marginal
2016,05,24550,Arkansas,Fort Smith city,Without Disability,disability,0.8735,0.8106,0.9364,Marginal,0.8122,0.7946,0.8299,Marginal
2016,05,35710,Arkansas,Jonesboro city,All,all,0.9308,0.8875,0.9742,Marginal,0.7405,0.7239,0.7571,Marginal
2016,05,35710,Arkansas,Jonesboro city,With Disability,disability,NA,NA,NA,NA,0.3103,0.2552,0.3653,Marginal
2016,05,35710,Arkansas,Jonesboro city,Without Disability,disability,0.9745,0.9579,0.9911,Marginal,0.8231,0.8061,0.8401,Marginal
2016,05,41000,Arkansas,Little Rock city,All,all,0.9381,0.8955,0.9808,Strong,0.764,0.7415,0.7866,Strong
2016,05,41000,Arkansas,Little Rock city,With Disability,disability,NA,NA,NA,NA,0.3702,0.2979,0.4424,Strong
2016,05,41000,Arkansas,Little Rock city,Without Disability,disability,0.9387,0.8934,0.9839,Strong,0.8002,0.7782,0.8221,Strong
2016,05,66080,Arkansas,Springdale city,All,all,0.9082,0.87,0.9464,Weak,0.7941,0.7769,0.8114,Weak
2016,05,66080,Arkansas,Springdale city,With Disability,disability,NA,NA,NA,NA,0.3681,0.293,0.4431,Weak
2016,05,66080,Arkansas,Springdale city,Without Disability,disability,0.9169,0.879,0.9547,Weak,0.8289,0.8136,0.8442,Weak
2016,06,00562,California,Alameda city,All,all,0.8582,0.7858,0.9307,Marginal,0.8086,0.7912,0.826,Marginal
2016,06,00562,California,Alameda city,With Disability,disability,NA,NA,NA,NA,0.4646,0.3755,0.5538,Marginal
2016,06,00562,California,Alameda city,Without Disability,disability,0.8696,0.7976,0.9417,Marginal,0.8292,0.8123,0.8461,Marginal
2016,06,00884,California,Alhambra city,All,all,0.9613,0.9283,0.9943,Marginal,0.8009,0.7819,0.8198,Marginal
2016,06,00884,California,Alhambra city,With Disability,disability,NA,NA,NA,NA,0.4104,0.2864,0.5344,Marginal
2016,06,00884,California,Alhambra city,Without Disability,disability,0.9666,0.936,0.9971,Marginal,0.813,0.7939,0.832,Marginal
2016,06,02000,California,Anaheim city,All,all,0.9043,0.8697,0.9388,Weak,0.7746,0.7624,0.7869,Weak
2016,06,02000,California,Anaheim city,With Disability,disability,NA,NA,NA,NA,0.4057,0.3571,0.4542,Weak
2016,06,02000,California,Anaheim city,Without Disability,disability,0.9087,0.8746,0.9429,Weak,0.7923,0.7805,0.8041,Weak
2016,06,02252,California,Antioch city,All,all,0.8867,0.8206,0.9528,Strong,0.7201,0.6961,0.744,Strong
2016,06,02252,California,Antioch city,With Disability,disability,NA,NA,NA,NA,0.3778,0.3036,0.4521,Strong
2016,06,02252,California,Antioch city,Without Disability,disability,0.8946,0.8238,0.9655,Strong,0.7733,0.7485,0.7981,Strong
2016,06,02364,California,Apple Valley town,All,all,0.8802,0.8325,0.9278,Marginal,0.6246,0.6017,0.6476,Marginal
2016,06,02364,California,Apple Valley town,With Disability,disability,NA,NA,NA,NA,0.2821,0.2227,0.3415,Marginal
2016,06,02364,California,Apple Valley town,Without Disability,disability,0.8793,0.8286,0.9299,Marginal,0.6639,0.6393,0.6885,Marginal
2016,06,03526,California,Bakersfield city,All,all,0.8991,0.873,0.9252,Marginal,0.7211,0.708,0.7342,Marginal
2016,06,03526,California,Bakersfield city,With Disability,disability,0.8122,0.6762,0.9482,Marginal,0.3496,0.2993,0.3998,Marginal
2016,06,03526,California,Bakersfield city,Without Disability,disability,0.9056,0.8781,0.9332,Marginal,0.7493,0.7368,0.7617,Marginal
2016,06,04982,California,Bellflower city,All,all,0.9238,0.8891,0.9585,Marginal,0.736,0.7216,0.7505,Marginal
2016,06,04982,California,Bellflower city,With Disability,disability,NA,NA,NA,NA,0.4042,0.3275,0.4809,Marginal
2016,06,04982,California,Bellflower city,Without Disability,disability,0.9211,0.8849,0.9573,Marginal,0.7624,0.7471,0.7777,Marginal
2016,06,06000,California,Berkeley city,All,all,0.9933,0.986,1,Strong,0.7879,0.768,0.8078,Strong
2016,06,06000,California,Berkeley city,With Disability,disability,NA,NA,NA,NA,0.4542,0.342,0.5664,Strong
2016,06,06000,California,Berkeley city,Without Disability,disability,0.9961,0.9902,1,Strong,0.804,0.7836,0.8244,Strong
2016,06,08786,California,Buena Park city,All,all,0.9161,0.8642,0.968,Weak,0.7786,0.766,0.7912,Weak
2016,06,08786,California,Buena Park city,With Disability,disability,NA,NA,NA,NA,0.4225,0.3486,0.4965,Weak
2016,06,08786,California,Buena Park city,Without Disability,disability,0.9154,0.8626,0.9682,Weak,0.7957,0.7838,0.8076,Weak
2016,06,08954,California,Burbank city,All,all,0.9432,0.8979,0.9885,Strong,0.8127,0.7934,0.8321,Strong
2016,06,08954,California,Burbank city,With Disability,disability,NA,NA,NA,NA,0.4906,0.3579,0.6232,Strong
2016,06,08954,California,Burbank city,Without Disability,disability,0.9774,0.9532,1,Strong,0.8289,0.8099,0.8478,Strong
2016,06,11194,California,Carlsbad city,All,all,0.9463,0.8926,1,Strong,0.7658,0.7399,0.7917,Strong
2016,06,11194,California,Carlsbad city,With Disability,disability,NA,NA,NA,NA,0.5335,0.4053,0.6618,Strong
2016,06,11194,California,Carlsbad city,Without Disability,disability,0.9435,0.8848,1,Strong,0.7766,0.7506,0.8026,Strong
2016,06,11530,California,Carson city,All,all,0.8883,0.8349,0.9416,Strong,0.7779,0.7537,0.8021,Strong
2016,06,11530,California,Carson city,With Disability,disability,NA,NA,NA,NA,0.3842,0.2636,0.5048,Strong
2016,06,11530,California,Carson city,Without Disability,disability,0.8859,0.8312,0.9405,Strong,0.8028,0.7795,0.8261,Strong
2016,06,13014,California,Chico city,All,all,0.9666,0.9462,0.9869,Strong,0.7492,0.7246,0.7738,Strong
2016,06,13014,California,Chico city,With Disability,disability,NA,NA,NA,NA,0.4471,0.3655,0.5287,Strong
2016,06,13014,California,Chico city,Without Disability,disability,0.9825,0.9646,1,Strong,0.788,0.7623,0.8137,Strong
2016,06,13210,California,Chino city,All,all,0.8808,0.8213,0.9402,Marginal,0.7808,0.7636,0.798,Marginal
2016,06,13210,California,Chino city,With Disability,disability,NA,NA,NA,NA,0.5365,0.4392,0.6338,Marginal
2016,06,13210,California,Chino city,Without Disability,disability,0.8802,0.8186,0.9418,Marginal,0.7924,0.7754,0.8094,Marginal
2016,06,13214,California,Chino Hills city,All,all,0.8833,0.8181,0.9484,Marginal,0.7829,0.7642,0.8016,Marginal
2016,06,13214,California,Chino Hills city,With Disability,disability,NA,NA,NA,NA,0.5451,0.4399,0.6503,Marginal
2016,06,13214,California,Chino Hills city,Without Disability,disability,0.8823,0.8148,0.9499,Marginal,0.7941,0.7757,0.8126,Marginal
2016,06,13392,California,Chula Vista city,All,all,0.9182,0.8886,0.9478,Strong,0.7561,0.7377,0.7745,Strong
2016,06,13392,California,Chula Vista city,With Disability,disability,NA,NA,NA,NA,0.4014,0.3326,0.4701,Strong
2016,06,13392,California,Chula Vista city,Without Disability,disability,0.9213,0.89,0.9527,Strong,0.7774,0.7602,0.7947,Strong
2016,06,13588,California,Citrus Heights city,All,all,0.9412,0.9021,0.9802,Strong,0.7419,0.7191,0.7648,Strong
2016,06,13588,California,Citrus Heights city,With Disability,disability,NA,NA,NA,NA,0.3612,0.2933,0.4291,Strong
2016,06,13588,California,Citrus Heights city,Without Disability,disability,0.942,0.8997,0.9843,Strong,0.7896,0.7638,0.8153,Strong
2016,06,14218,California,Clovis city,All,all,0.915,0.8575,0.9725,Strong,0.7737,0.7523,0.795,Strong
2016,06,14218,California,Clovis city,With Disability,disability,NA,NA,NA,NA,0.3979,0.289,0.5069,Strong
2016,06,14218,California,Clovis city,Without Disability,disability,0.9154,0.852,0.9788,Strong,0.8042,0.786,0.8224,Strong
2016,06,15044,California,Compton city,All,all,0.8012,0.7437,0.8588,Marginal,0.6825,0.663,0.7021,Marginal
2016,06,15044,California,Compton city,With Disability,disability,NA,NA,NA,NA,0.3151,0.2577,0.3725,Marginal
2016,06,15044,California,Compton city,Without Disability,disability,0.8008,0.7438,0.8578,Marginal,0.722,0.7025,0.7414,Marginal
2016,06,16000,California,Concord city,All,all,0.8733,0.8218,0.92490000000000006,Weak,0.7793,0.7667,0.7919,Weak
2016,06,16000,California,Concord city,With Disability,disability,NA,NA,NA,NA,0.4796,0.4218,0.5374,Weak
2016,06,16000,California,Concord city,Without Disability,disability,0.8735,0.8196,0.9274,Weak,0.8038,0.7906,0.8169,Weak
2016,06,16350,California,Corona city,All,all,0.9517,0.9259,0.9774,Marginal,0.7463,0.7319,0.7607,Marginal
2016,06,16350,California,Corona city,With Disability,disability,NA,NA,NA,NA,0.4023,0.3357,0.4689,Marginal
2016,06,16350,California,Corona city,Without Disability,disability,0.9546,0.9296,0.9796,Marginal,0.7658,0.7504,0.7812,Marginal
2016,06,16532,California,Costa Mesa city,All,all,0.956,0.9233,0.9888,Marginal,0.8094,0.7919,0.827,Marginal
2016,06,16532,California,Costa Mesa city,With Disability,disability,NA,NA,NA,NA,0.4784,0.3856,0.5713,Marginal
2016,06,16532,California,Costa Mesa city,Without Disability,disability,0.9568,0.9234,0.9901,Marginal,0.8275,0.8102,0.8447,Marginal
2016,06,17918,California,Daly City city,All,all,0.9708,0.95,0.9916,Marginal,0.8362,0.8191,0.8534,Marginal
2016,06,17918,California,Daly City city,With Disability,disability,NA,NA,NA,NA,0.5214,0.419,0.6237,Marginal
2016,06,17918,California,Daly City city,Without Disability,disability,0.9724,0.9515,0.9933,Marginal,0.8499,0.8338,0.866,Marginal
2016,06,19766,California,Downey city,All,all,0.9151,0.8581,0.972,Strong,0.7898,0.7691,0.8105,Strong
2016,06,19766,California,Downey city,With Disability,disability,NA,NA,NA,NA,0.4664,0.3304,0.6025,Strong
2016,06,19766,California,Downey city,Without Disability,disability,0.912,0.8534,0.9706,Strong,0.8042,0.7842,0.8243,Strong
2016,06,21712,California,El Cajon city,All,all,0.87,0.8088,0.9313,Marginal,0.7495,0.7311,0.7679,Marginal
2016,06,21712,California,El Cajon city,With Disability,disability,NA,NA,NA,NA,0.3603,0.3016,0.419,Marginal
2016,06,21712,California,El Cajon city,Without Disability,disability,0.8798,0.8174,0.9422,Marginal,0.7845,0.7658,0.8031,Marginal
2016,06,22020,California,Elk Grove city,All,all,0.8416,0.783,0.9001,Strong,0.7866,0.7661,0.8071,Strong
2016,06,22020,California,Elk Grove city,With Disability,disability,NA,NA,NA,NA,0.4485,0.3363,0.5607,Strong
2016,06,22020,California,Elk Grove city,Without Disability,disability,0.8954,0.8364,0.9543,Strong,0.8101,0.7892,0.831,Strong
2016,06,22230,California,El Monte city,All,all,0.8549,0.7975,0.9122,Strong,0.7095,0.6912,0.7278,Strong
2016,06,22230,California,El Monte city,With Disability,disability,NA,NA,NA,NA,0.3713,0.2841,0.4585,Strong
2016,06,22230,California,El Monte city,Without Disability,disability,0.8582,0.8003,0.9161,Strong,0.7294,0.7106,0.7483,Strong
2016,06,22804,California,Escondido city,All,all,0.7851,0.7157,0.8544,Strong,0.7387,0.7203,0.7571,Strong
2016,06,22804,California,Escondido city,With Disability,disability,NA,NA,NA,NA,0.4432,0.3546,0.5319,Strong
2016,06,22804,California,Escondido city,Without Disability,disability,0.7913,0.7242,0.8584,Strong,0.7614,0.7419,0.7809,Strong
2016,06,23182,California,Fairfield city,All,all,0.8024,0.7328,0.872,Strong,0.7696,0.7481,0.7911,Strong
2016,06,23182,California,Fairfield city,With Disability,disability,NA,NA,NA,NA,0.3561,0.2792,0.433,Strong
2016,06,23182,California,Fairfield city,Without Disability,disability,0.8395,0.7787,0.9002,Strong,0.8054,0.7846,0.8261,Strong
2016,06,24638,California,Folsom city,All,all,0.9121,0.8552,0.9691,Marginal,0.8108,0.7912,0.8304,Marginal
2016,06,24638,California,Folsom city,With Disability,disability,NA,NA,NA,NA,0.4536,0.3434,0.5637,Marginal
2016,06,24638,California,Folsom city,Without Disability,disability,0.9155,0.8564,0.9746,Marginal,0.8329,0.8123,0.8534,Marginal
2016,06,24680,California,Fontana city,All,all,0.8964,0.8595,0.9333,Strong,0.7123,0.6969,0.7278,Strong
2016,06,24680,California,Fontana city,With Disability,disability,NA,NA,NA,NA,0.381,0.3095,0.4526,Strong
2016,06,24680,California,Fontana city,Without Disability,disability,0.8961,0.8581,0.934,Strong,0.732,0.716,0.748,Strong
2016,06,26000,California,Fremont city,All,all,0.9268,0.8802,0.9734,Marginal,0.7831,0.7708,0.7954,Marginal
2016,06,26000,California,Fremont city,With Disability,disability,NA,NA,NA,NA,0.4725,0.3936,0.5514,Marginal
2016,06,26000,California,Fremont city,Without Disability,disability,0.9303,0.8837,0.977,Marginal,0.7928,0.7801,0.8056,Marginal
2016,06,27000,California,Fresno city,All,all,0.8676,0.842,0.8931,Weak,0.6865,0.6753,0.6977,Weak
2016,06,27000,California,Fresno city,With Disability,disability,0.6942,0.5141,0.8742,Weak,0.3485,0.3159,0.381,Weak
2016,06,27000,California,Fresno city,Without Disability,disability,0.8768,0.851,0.9026,Weak,0.7303,0.7187,0.7418,Weak
2016,06,28000,California,Fullerton city,All,all,0.9363,0.9012,0.9714,Weak,0.7686,0.7516,0.7856,Weak
2016,06,28000,California,Fullerton city,With Disability,disability,NA,NA,NA,NA,0.4662,0.3886,0.5438,Weak
2016,06,28000,California,Fullerton city,Without Disability,disability,0.9448,0.9112,0.9783,Weak,0.7834,0.7664,0.8004,Weak
2016,06,29000,California,Garden Grove city,All,all,0.9023,0.858,0.9466,Weak,0.776,0.7611,0.791,Weak
2016,06,29000,California,Garden Grove city,With Disability,disability,NA,NA,NA,NA,0.4046,0.3399,0.4694,Weak
2016,06,29000,California,Garden Grove city,Without Disability,disability,0.9032,0.8581,0.9483,Weak,0.7946,0.7803,0.809,Weak
2016,06,30000,California,Glendale city,All,all,0.9426,0.9057,0.9795,Marginal,0.7638,0.7471,0.7805,Marginal
2016,06,30000,California,Glendale city,With Disability,disability,NA,NA,NA,NA,0.363,0.2738,0.4522,Marginal
2016,06,30000,California,Glendale city,Without Disability,disability,0.9541,0.9213,0.9868,Marginal,0.7822,0.7663,0.7981,Marginal
2016,06,32548,California,Hawthorne city,All,all,0.8616,0.789,0.9342,Marginal,0.7661,0.7457,0.7864,Marginal
2016,06,32548,California,Hawthorne city,With Disability,disability,NA,NA,NA,NA,0.3566,0.268,0.4453,Marginal
2016,06,32548,California,Hawthorne city,Without Disability,disability,0.8565,0.7813,0.9317,Marginal,0.7846,0.764,0.8052,Marginal
2016,06,33000,California,Hayward city,All,all,0.8951,0.8517,0.9385,Strong,0.7784,0.7633,0.7936,Strong
2016,06,33000,California,Hayward city,With Disability,disability,NA,NA,NA,NA,0.3746,0.287,0.4623,Strong
2016,06,33000,California,Hayward city,Without Disability,disability,0.9026,0.8595,0.9457,Strong,0.801,0.7855,0.8166,Strong
2016,06,33182,California,Hemet city,All,all,0.9079,0.8637,0.9521,Marginal,0.6432,0.6169,0.6695,Marginal
2016,06,33182,California,Hemet city,With Disability,disability,NA,NA,NA,NA,0.2737,0.214,0.3334,Marginal
2016,06,33182,California,Hemet city,Without Disability,disability,0.9039,0.8573,0.9505,Marginal,0.7018,0.6755,0.7281,Marginal
2016,06,33434,California,Hesperia city,All,all,0.88,0.8323,0.9277,Marginal,0.6244,0.6014,0.6474,Marginal
2016,06,33434,California,Hesperia city,With Disability,disability,NA,NA,NA,NA,0.2821,0.2225,0.3416,Marginal
2016,06,33434,California,Hesperia city,Without Disability,disability,0.8792,0.8284,0.9299,Marginal,0.6637,0.639,0.6883,Marginal
2016,06,36000,California,Huntington Beach city,All,all,0.9033,0.8482,0.9585,Weak,0.8114,0.7948,0.828,Weak
2016,06,36000,California,Huntington Beach city,With Disability,disability,NA,NA,NA,NA,0.4327,0.3539,0.5115,Weak
2016,06,36000,California,Huntington Beach city,Without Disability,disability,0.9132,0.8562,0.9701,Weak,0.8315,0.8156,0.8473,Weak
2016,06,36448,California,Indio city,All,all,0.7856,0.7064,0.8648,Marginal,0.7236,0.7042,0.7429,Marginal
2016,06,36448,California,Indio city,With Disability,disability,NA,NA,NA,NA,0.4235,0.3413,0.5058,Marginal
2016,06,36448,California,Indio city,Without Disability,disability,0.802,0.7202,0.8838,Marginal,0.7407,0.7223,0.759,Marginal
2016,06,36546,California,Inglewood city,All,all,0.9087,0.8636,0.9538,Strong,0.7417,0.72,0.7634,Strong
2016,06,36546,California,Inglewood city,With Disability,disability,NA,NA,NA,NA,0.4511,0.3697,0.5324,Strong
2016,06,36546,California,Inglewood city,Without Disability,disability,0.9034,0.855,0.9517,Strong,0.7701,0.7493,0.7909,Strong
2016,06,36770,California,Irvine city,All,all,0.9805,0.9696,0.9914,Marginal,0.7841,0.7698,0.7984,Marginal
2016,06,36770,California,Irvine city,With Disability,disability,NA,NA,NA,NA,0.5373,0.4463,0.6284,Marginal
2016,06,36770,California,Irvine city,Without Disability,disability,0.9859,0.9764,0.9953,Marginal,0.7923,0.7782,0.8063,Marginal
2016,06,37692,California,Jurupa Valley city,All,all,0.8939,0.842,0.9459,Marginal,0.7433,0.7226,0.7639,Marginal
2016,06,37692,California,Jurupa Valley city,With Disability,disability,NA,NA,NA,NA,0.3858,0.3018,0.4699,Marginal
2016,06,37692,California,Jurupa Valley city,Without Disability,disability,0.8918,0.8382,0.9453,Marginal,0.7672,0.7465,0.7878,Marginal
2016,06,39496,California,Lake Forest city,All,all,0.9482,0.921,0.9754,Weak,0.8124,0.7972,0.8276,Weak
2016,06,39496,California,Lake Forest city,With Disability,disability,NA,NA,NA,NA,0.605,0.5226,0.6874,Weak
2016,06,39496,California,Lake Forest city,Without Disability,disability,0.9543,0.9251,0.9836,Weak,0.8198,0.8043,0.8354,Weak
2016,06,39892,California,Lakewood city,All,all,0.9303,0.8932,0.9675,Marginal,0.7633,0.7467,0.7798,Marginal
2016,06,39892,California,Lakewood city,With Disability,disability,NA,NA,NA,NA,0.3364,0.2602,0.4126,Marginal
2016,06,39892,California,Lakewood city,Without Disability,disability,0.9353,0.8969,0.9736,Marginal,0.7891,0.7737,0.8045,Marginal
2016,06,40130,California,Lancaster city,All,all,0.8308,0.7749,0.8867,Strong,0.6147,0.5952,0.6343,Strong
2016,06,40130,California,Lancaster city,With Disability,disability,NA,NA,NA,NA,0.3137,0.2486,0.3789,Strong
2016,06,40130,California,Lancaster city,Without Disability,disability,0.8409,0.7822,0.8996,Strong,0.6388,0.6181,0.6595,Strong
2016,06,41992,California,Livermore city,All,all,0.938,0.8808,0.9951,Marginal,0.8181,0.8032,0.833,Marginal
2016,06,41992,California,Livermore city,With Disability,disability,NA,NA,NA,NA,0.5061,0.4161,0.5961,Marginal
2016,06,41992,California,Livermore city,Without Disability,disability,0.9397,0.8809,0.9986,Marginal,0.8311,0.8165,0.8458,Marginal
2016,06,43000,California,Long Beach city,All,all,0.8763,0.8463,0.9062,Marginal,0.7599,0.7506,0.7691,Marginal
2016,06,43000,California,Long Beach city,With Disability,disability,0.6449,0.4421,0.8477,Marginal,0.411,0.3669,0.455,Marginal
2016,06,43000,California,Long Beach city,Without Disability,disability,0.8892,0.8594,0.9189,Marginal,0.7848,0.776,0.7936,Marginal
2016,06,44000,California,Los Angeles city,All,all,0.8726,0.86240000000000006,0.8828,Strong,0.7654,0.7619,0.7688,Strong
2016,06,44000,California,Los Angeles city,With Disability,disability,0.7046,0.6367,0.7725,Strong,0.4087,0.392,0.4254,Strong
2016,06,44000,California,Los Angeles city,Without Disability,disability,0.88,0.8702,0.8898,Strong,0.7865,0.7831,0.7899,Strong
2016,06,45484,California,Manteca city,All,all,0.8956,0.8547,0.9365,Weak,0.7366,0.7187,0.7546,Weak
2016,06,45484,California,Manteca city,With Disability,disability,NA,NA,NA,NA,0.3335,0.2689,0.398,Weak
2016,06,45484,California,Manteca city,Without Disability,disability,0.9234,0.8876,0.9592,Weak,0.7659,0.7489,0.783,Weak
2016,06,46842,California,Menifee city,All,all,0.8777,0.8216,0.9337,Marginal,0.7048,0.6844,0.7251,Marginal
2016,06,46842,California,Menifee city,With Disability,disability,NA,NA,NA,NA,0.3088,0.241,0.3767,Marginal
2016,06,46842,California,Menifee city,Without Disability,disability,0.8854,0.8268,0.9441,Marginal,0.7419,0.7213,0.7625,Marginal
2016,06,46898,California,Merced city,All,all,0.9142,0.8719,0.9566,Marginal,0.6714,0.6496,0.6933,Marginal
2016,06,46898,California,Merced city,With Disability,disability,NA,NA,NA,NA,0.3957,0.3375,0.4539,Marginal
2016,06,46898,California,Merced city,Without Disability,disability,0.9214,0.8804,0.9624,Marginal,0.7232,0.7019,0.7444,Marginal
2016,06,47766,California,Milpitas city,All,all,0.908,0.8532,0.9629,Marginal,0.8007,0.7846,0.8169,Marginal
2016,06,47766,California,Milpitas city,With Disability,disability,NA,NA,NA,NA,0.4595,0.3481,0.5708,Marginal
2016,06,47766,California,Milpitas city,Without Disability,disability,0.9182,0.8679,0.9685,Marginal,0.8123,0.7961,0.8285,Marginal
2016,06,48256,California,Mission Viejo city,All,all,0.9602,0.9139,1,Strong,0.8126,0.7931,0.8321,Strong
2016,06,48256,California,Mission Viejo city,With Disability,disability,NA,NA,NA,NA,0.5713,0.4514,0.6912,Strong
2016,06,48256,California,Mission Viejo city,Without Disability,disability,0.9716,0.9293,1,Strong,0.8237,0.8053,0.8421,Strong
2016,06,48354,California,Modesto city,All,all,0.9047,0.8631,0.9464,Strong,0.6678,0.6497,0.686,Strong
2016,06,48354,California,Modesto city,With Disability,disability,NA,NA,NA,NA,0.299,0.2425,0.3555,Strong
2016,06,48354,California,Modesto city,Without Disability,disability,0.9206,0.8825,0.9586,Strong,0.7115,0.6919,0.731,Strong
2016,06,49270,California,Moreno Valley city,All,all,0.8866,0.8455,0.9277,Strong,0.7062,0.6903,0.7222,Strong
2016,06,49270,California,Moreno Valley city,With Disability,disability,NA,NA,NA,NA,0.3176,0.2498,0.3854,Strong
2016,06,49270,California,Moreno Valley city,Without Disability,disability,0.893,0.8545,0.9316,Strong,0.7338,0.7168,0.7507,Strong
2016,06,49670,California,Mountain View city,All,all,0.9914,0.9791,1,Marginal,0.8021,0.7875,0.8168,Marginal
2016,06,49670,California,Mountain View city,With Disability,disability,NA,NA,NA,NA,0.628,0.5121,0.7439,Marginal
2016,06,49670,California,Mountain View city,Without Disability,disability,0.9912,0.9786,1,Marginal,0.8063,0.7914,0.8212,Marginal
2016,06,50076,California,Murrieta city,All,all,0.9273,0.8767,0.9778,Marginal,0.7333,0.712,0.7546,Marginal
2016,06,50076,California,Murrieta city,With Disability,disability,NA,NA,NA,NA,0.4148,0.3293,0.5002,Marginal
2016,06,50076,California,Murrieta city,Without Disability,disability,0.9368,0.8847,0.9888,Marginal,0.7534,0.7311,0.7757,Marginal
2016,06,50258,California,Napa city,All,all,0.9208,0.8683,0.9732,Marginal,0.8208,0.8047,0.837,Marginal
2016,06,50258,California,Napa city,With Disability,disability,NA,NA,NA,NA,0.5247,0.4354,0.614,Marginal
2016,06,50258,California,Napa city,Without Disability,disability,0.9269,0.8754,0.9784,Marginal,0.8435,0.8271,0.8599,Marginal
2016,06,51182,California,Newport Beach city,All,all,0.9304,0.8763,0.9846,Weak,0.7923,0.7777,0.807,Weak
2016,06,51182,California,Newport Beach city,With Disability,disability,NA,NA,NA,NA,0.5003,0.4299,0.5706,Weak
2016,06,51182,California,Newport Beach city,Without Disability,disability,0.9595,0.9215,0.9975,Weak,0.8036,0.7888,0.8183,Weak
2016,06,52526,California,Norwalk city,All,all,0.9196,0.8735,0.9658,Strong,0.7587,0.7402,0.7773,Strong
2016,06,52526,California,Norwalk city,With Disability,disability,NA,NA,NA,NA,0.2988,0.2164,0.3811,Strong
2016,06,52526,California,Norwalk city,Without Disability,disability,0.9205,0.8738,0.9672,Strong,0.7849,0.768,0.8018,Strong
2016,06,53000,California,Oakland city,All,all,0.8251,0.7778,0.8724,Weak,0.7751,0.7646,0.7856,Weak
2016,06,53000,California,Oakland city,With Disability,disability,0.7879,0.6495,0.9263,Weak,0.3996,0.3594,0.4397,Weak
2016,06,53000,California,Oakland city,Without Disability,disability,0.8287,0.7787,0.8786,Weak,0.8049,0.7952,0.8146,Weak
2016,06,53322,California,Oceanside city,All,all,0.9514,0.9095,0.9933,Marginal,0.7511,0.7329,0.7694,Marginal
2016,06,53322,California,Oceanside city,With Disability,disability,NA,NA,NA,NA,0.4358,0.3677,0.5038,Marginal
2016,06,53322,California,Oceanside city,Without Disability,disability,0.9519,0.9089,0.9949,Marginal,0.7699,0.7511,0.7887,Marginal
2016,06,53896,California,Ontario city,All,all,0.8523,0.7907,0.914,Strong,0.7533,0.7378,0.7689,Strong
2016,06,53896,California,Ontario city,With Disability,disability,NA,NA,NA,NA,0.4432,0.3628,0.5237,Strong
2016,06,53896,California,Ontario city,Without Disability,disability,0.8576,0.7979,0.9172,Strong,0.7705,0.754,0.787,Strong
2016,06,53980,California,Orange city,All,all,0.922,0.8891,0.955,Marginal,0.7996,0.7859,0.8133,Marginal
2016,06,53980,California,Orange city,With Disability,disability,NA,NA,NA,NA,0.4772,0.3977,0.5567,Marginal
2016,06,53980,California,Orange city,Without Disability,disability,0.923,0.8903,0.9557,Marginal,0.814,0.7996,0.8284,Marginal
2016,06,54652,California,Oxnard city,All,all,0.8846,0.8454,0.9237,Strong,0.7753,0.7598,0.7909,Strong
2016,06,54652,California,Oxnard city,With Disability,disability,NA,NA,NA,NA,0.3842,0.3249,0.4436,Strong
2016,06,54652,California,Oxnard city,Without Disability,disability,0.8896,0.8484,0.9308,Strong,0.805,0.7889,0.821,Strong
2016,06,55156,California,Palmdale city,All,all,0.7677,0.7096,0.8259,Strong,0.674,0.6562,0.6918,Strong
2016,06,55156,California,Palmdale city,With Disability,disability,NA,NA,NA,NA,0.3546,0.2812,0.428,Strong
2016,06,55156,California,Palmdale city,Without Disability,disability,0.7898,0.7362,0.8435,Strong,0.7051,0.686,0.7241,Strong
2016,06,56000,California,Pasadena city,All,all,0.8,0.7147,0.8852,Weak,0.8173,0.7991,0.8355,Weak
2016,06,56000,California,Pasadena city,With Disability,disability,NA,NA,NA,NA,0.4658,0.3783,0.5533,Weak
2016,06,56000,California,Pasadena city,Without Disability,disability,0.7968,0.7087,0.8848,Weak,0.832,0.8137,0.8502,Weak
2016,06,56700,California,Perris city,All,all,0.9164,0.8659,0.9669,Marginal,0.679,0.6521,0.706,Marginal
2016,06,56700,California,Perris city,With Disability,disability,NA,NA,NA,NA,0.2986,0.2233,0.3739,Marginal
2016,06,56700,California,Perris city,Without Disability,disability,0.9182,0.8669,0.9696,Marginal,0.7148,0.6895,0.7401,Marginal
2016,06,57456,California,Pittsburg city,All,all,0.8229,0.7248,0.921,Marginal,0.7472,0.7284,0.7661,Marginal
2016,06,57456,California,Pittsburg city,With Disability,disability,NA,NA,NA,NA,0.4173,0.3409,0.49370000000000003,Marginal
2016,06,57456,California,Pittsburg city,Without Disability,disability,0.8392,0.7429,0.9354,Marginal,0.7854,0.7652,0.8055,Marginal
2016,06,57792,California,Pleasanton city,All,all,0.938,0.8808,0.9951,Weak,0.8181,0.8032,0.833,Weak
2016,06,57792,California,Pleasanton city,With Disability,disability,NA,NA,NA,NA,0.5061,0.4161,0.5961,Weak
2016,06,57792,California,Pleasanton city,Without Disability,disability,0.9397,0.8809,0.9986,Weak,0.8311,0.8165,0.8458,Weak
2016,06,58072,California,Pomona city,All,all,0.9035,0.8634,0.9436,Strong,0.7204,0.7023,0.7385,Strong
2016,06,58072,California,Pomona city,With Disability,disability,NA,NA,NA,NA,0.4806,0.4022,0.5589,Strong
2016,06,58072,California,Pomona city,Without Disability,disability,0.9093,0.8691,0.9496,Strong,0.7357,0.7164,0.755,Strong
2016,06,59444,California,Rancho Cordova city,All,all,0.8781,0.8141,0.9422,Marginal,0.7596,0.7412,0.7781,Marginal
2016,06,59444,California,Rancho Cordova city,With Disability,disability,NA,NA,NA,NA,0.3697,0.2994,0.44,Marginal
2016,06,59444,California,Rancho Cordova city,Without Disability,disability,0.8777,0.8087,0.9467,Marginal,0.7932,0.7737,0.8126,Marginal
2016,06,59451,California,Rancho Cucamonga city,All,all,0.9381,0.8984,0.9778,Strong,0.7706,0.7523,0.7889,Strong
2016,06,59451,California,Rancho Cucamonga city,With Disability,disability,NA,NA,NA,NA,0.4018,0.2986,0.505,Strong
2016,06,59451,California,Rancho Cucamonga city,Without Disability,disability,0.9446,0.9039,0.9853,Strong,0.7914,0.7736,0.8091,Strong
2016,06,59920,California,Redding city,All,all,0.9046,0.8575,0.9516,Marginal,0.6979,0.6818,0.714,Marginal
2016,06,59920,California,Redding city,With Disability,disability,NA,NA,NA,NA,0.3011,0.2428,0.3594,Marginal
2016,06,59920,California,Redding city,Without Disability,disability,0.9278,0.8845,0.9712,Marginal,0.7609,0.7432,0.7786,Marginal
2016,06,60102,California,Redwood City city,All,all,0.9345,0.9034,0.9655,Marginal,0.8334,0.8203,0.8465,Marginal
2016,06,60102,California,Redwood City city,With Disability,disability,NA,NA,NA,NA,0.5617,0.4655,0.658,Marginal
2016,06,60102,California,Redwood City city,Without Disability,disability,0.9385,0.9068,0.9702,Marginal,0.8423,0.8291,0.8556,Marginal
2016,06,60466,California,Rialto city,All,all,0.8507,0.7926,0.9089,Marginal,0.705,0.6871,0.7229,Marginal
2016,06,60466,California,Rialto city,With Disability,disability,NA,NA,NA,NA,0.3187,0.245,0.3925,Marginal
2016,06,60466,California,Rialto city,Without Disability,disability,0.8691,0.8103,0.9279,Marginal,0.7336,0.7153,0.7518,Marginal
2016,06,60620,California,Richmond city,All,all,0.8869,0.8367,0.937,Marginal,0.7539,0.7386,0.7692,Marginal
2016,06,60620,California,Richmond city,With Disability,disability,NA,NA,NA,NA,0.3936,0.3214,0.4657,Marginal
2016,06,60620,California,Richmond city,Without Disability,disability,0.8955,0.845,0.9459,Marginal,0.7871,0.7724,0.8019,Marginal
2016,06,62000,California,Riverside city,All,all,0.9221,0.899,0.9452,Marginal,0.7301,0.714,0.7461,Marginal
2016,06,62000,California,Riverside city,With Disability,disability,NA,NA,NA,NA,0.3472,0.2972,0.3973,Marginal
2016,06,62000,California,Riverside city,Without Disability,disability,0.9302,0.9066,0.9537,Marginal,0.7621,0.7463,0.7779,Marginal
2016,06,62938,California,Roseville city,All,all,0.9461,0.9097,0.9825,Strong,0.813,0.7965,0.8295,Strong
2016,06,62938,California,Roseville city,With Disability,disability,NA,NA,NA,NA,0.4666,0.3597,0.5735,Strong
2016,06,62938,California,Roseville city,Without Disability,disability,0.9539,0.9183,0.9895,Strong,0.8323,0.8154,0.8491,Strong
2016,06,64000,California,Sacramento city,All,all,0.8923,0.8638,0.9207,Marginal,0.7432,0.7337,0.7528,Marginal
2016,06,64000,California,Sacramento city,With Disability,disability,0.7188,0.5547,0.8829,Marginal,0.3547,0.323,0.3863,Marginal
2016,06,64000,California,Sacramento city,Without Disability,disability,0.9028,0.8745,0.9312,Marginal,0.7827,0.7732,0.7923,Marginal
2016,06,64224,California,Salinas city,All,all,0.8179,0.7606,0.8752,Strong,0.741,0.7215,0.7605,Strong
2016,06,64224,California,Salinas city,With Disability,disability,NA,NA,NA,NA,0.312,0.2279,0.3962,Strong
2016,06,64224,California,Salinas city,Without Disability,disability,0.8143,0.7558,0.8727,Strong,0.7625,0.7425,0.7826,Strong
2016,06,65000,California,San Bernardino city,All,all,0.8204,0.7761,0.8646,Weak,0.6505,0.6328,0.6682,Weak
2016,06,65000,California,San Bernardino city,With Disability,disability,NA,NA,NA,NA,0.3222,0.2633,0.3812,Weak
2016,06,65000,California,San Bernardino city,Without Disability,disability,0.8317,0.7849,0.8785,Weak,0.6888,0.6723,0.7053,Weak
2016,06,65042,California,San Buenaventura (Ventura) city,All,all,0.9403,0.8995,0.9811,Strong,0.8038,0.7825,0.8251,Strong
2016,06,65042,California,San Buenaventura (Ventura) city,With Disability,disability,NA,NA,NA,NA,0.4068,0.3039,0.5097,Strong
2016,06,65042,California,San Buenaventura (Ventura) city,Without Disability,disability,0.9434,0.9033,0.9835,Strong,0.8287,0.8067,0.8507,Strong
2016,06,66000,California,San Diego city,All,all,0.9183,0.9056,0.9311,Strong,0.7914,0.7857,0.7971,Strong
2016,06,66000,California,San Diego city,With Disability,disability,0.6901,0.5862,0.7941,Strong,0.4115,0.3804,0.4427,Strong
2016,06,66000,California,San Diego city,Without Disability,disability,0.9264,0.9132,0.9396,Strong,0.8109,0.8051,0.8166,Strong
2016,06,67000,California,San Francisco city,All,all,0.9279,0.902,0.9538,Marginal,0.8367,0.8301,0.8433,Marginal
2016,06,67000,California,San Francisco city,With Disability,disability,0.7961,0.6271,0.9651,Marginal,0.4651,0.4325,0.4978,Marginal
2016,06,67000,California,San Francisco city,Without Disability,disability,0.9348,0.9095,0.96,Marginal,0.8557,0.849,0.8623,Marginal
2016,06,68000,California,San Jose city,All,all,0.908,0.8834,0.9326,Strong,0.7983,0.7933,0.8033,Strong
2016,06,68000,California,San Jose city,With Disability,disability,0.746,0.6113,0.8807,Strong,0.433,0.393,0.473,Strong
2016,06,68000,California,San Jose city,Without Disability,disability,0.9156,0.8926,0.9386,Strong,0.8143,0.809,0.8195,Strong
2016,06,68084,California,San Leandro city,All,all,0.8582,0.7859,0.9306,Marginal,0.8085,0.7911,0.826,Marginal
2016,06,68084,California,San Leandro city,With Disability,disability,NA,NA,NA,NA,0.4645,0.3755,0.5536,Marginal
2016,06,68084,California,San Leandro city,Without Disability,disability,0.8696,0.7978,0.9415,Marginal,0.8292,0.8123,0.846,Marginal
2016,06,68196,California,San Marcos city,All,all,0.9331,0.8948,0.9715,Marginal,0.7404,0.7109,0.77,Marginal
2016,06,68196,California,San Marcos city,With Disability,disability,NA,NA,NA,NA,0.4239,0.3192,0.5285,Marginal
2016,06,68196,California,San Marcos city,Without Disability,disability,0.9331,0.8946,0.9715,Marginal,0.7577,0.727,0.7884,Marginal
2016,06,68252,California,San Mateo city,All,all,0.8916,0.8269,0.9562,Marginal,0.8335,0.8216,0.8454,Marginal
2016,06,68252,California,San Mateo city,With Disability,disability,NA,NA,NA,NA,0.5912,0.5055,0.6768,Marginal
2016,06,68252,California,San Mateo city,Without Disability,disability,0.932,0.8818,0.9822,Marginal,0.8442,0.8326,0.8557,Marginal
2016,06,68378,California,San Ramon city,All,all,0.9608,0.9199,1,Marginal,0.7903,0.7752,0.8054,Marginal
2016,06,68378,California,San Ramon city,With Disability,disability,NA,NA,NA,NA,0.6858,0.5644,0.8072,Marginal
2016,06,68378,California,San Ramon city,Without Disability,disability,0.9821,0.9551,1,Marginal,0.793,0.7767,0.8093,Marginal
2016,06,69000,California,Santa Ana city,All,all,0.833,0.7884,0.8775,Marginal,0.7712,0.76,0.7823,Marginal
2016,06,69000,California,Santa Ana city,With Disability,disability,NA,NA,NA,NA,0.5201,0.4611,0.5791,Marginal
2016,06,69000,California,Santa Ana city,Without Disability,disability,0.8392,0.7943,0.8842,Marginal,0.7875,0.7763,0.7986,Marginal
2016,06,69070,California,Santa Barbara city,All,all,0.9831,0.9737,0.9925,Marginal,0.8162,0.8021,0.8303,Marginal
2016,06,69070,California,Santa Barbara city,With Disability,disability,NA,NA,NA,NA,0.5338,0.4406,0.6269,Marginal
2016,06,69070,California,Santa Barbara city,Without Disability,disability,0.9839,0.9742,0.9935,Marginal,0.8315,0.817,0.846,Marginal
2016,06,69084,California,Santa Clara city,All,all,0.9528,0.9137,0.9919,Strong,0.8096,0.7943,0.8248,Strong
2016,06,69084,California,Santa Clara city,With Disability,disability,NA,NA,NA,NA,0.5501,0.4461,0.6541,Strong
2016,06,69084,California,Santa Clara city,Without Disability,disability,0.9523,0.912,0.9926,Strong,0.8187,0.8041,0.8334,Strong
2016,06,69088,California,Santa Clarita city,All,all,0.9465,0.9202,0.9728,Strong,0.7878,0.7732,0.8024,Strong
2016,06,69088,California,Santa Clarita city,With Disability,disability,NA,NA,NA,NA,0.4909,0.4202,0.5615,Strong
2016,06,69088,California,Santa Clarita city,Without Disability,disability,0.958,0.9355,0.9804,Strong,0.8074,0.7926,0.8222,Strong
2016,06,69196,California,Santa Maria city,All,all,0.774,0.7001,0.8479,Marginal,0.7776,0.7613,0.7939,Marginal
2016,06,69196,California,Santa Maria city,With Disability,disability,NA,NA,NA,NA,0.3789,0.312,0.4457,Marginal
2016,06,69196,California,Santa Maria city,Without Disability,disability,0.7758,0.7006,0.8509,Marginal,0.8057,0.7887,0.8227,Marginal
2016,06,70000,California,Santa Monica city,All,all,0.9576,0.9102,1,Weak,0.8217,0.806,0.8375,Weak
2016,06,70000,California,Santa Monica city,With Disability,disability,NA,NA,NA,NA,0.4834,0.361,0.6059,Weak
2016,06,70000,California,Santa Monica city,Without Disability,disability,0.9761,0.9434,1,Weak,0.8356,0.8204,0.8507,Weak
2016,06,70098,California,Santa Rosa city,All,all,0.8698,0.8196,0.92,Strong,0.7992,0.7829,0.8156,Strong
2016,06,70098,California,Santa Rosa city,With Disability,disability,NA,NA,NA,NA,0.4405,0.3537,0.5273,Strong
2016,06,70098,California,Santa Rosa city,Without Disability,disability,0.8665,0.8144,0.9186,Strong,0.8301,0.8134,0.8468,Strong
2016,06,72016,California,Simi Valley city,All,all,0.8931,0.8459,0.9404,Strong,0.81,0.7931,0.8268,Strong
2016,06,72016,California,Simi Valley city,With Disability,disability,NA,NA,NA,NA,0.4648,0.3752,0.5544,Strong
2016,06,72016,California,Simi Valley city,Without Disability,disability,0.8917,0.8419,0.9414,Strong,0.8325,0.8156,0.8494,Strong
2016,06,73080,California,South Gate city,All,all,0.8117,0.7642,0.8591,Marginal,0.7167,0.7011,0.7322,Marginal
2016,06,73080,California,South Gate city,With Disability,disability,NA,NA,NA,NA,0.3344,0.2615,0.4073,Marginal
2016,06,73080,California,South Gate city,Without Disability,disability,0.8266,0.7772,0.8759,Marginal,0.7427,0.7269,0.7584,Marginal
2016,06,75000,California,Stockton city,All,all,0.8534,0.8144,0.8924,Weak,0.6691,0.6528,0.6854,Weak
2016,06,75000,California,Stockton city,With Disability,disability,0.6975,0.5176,0.8773,Weak,0.2822,0.2372,0.3272,Weak
2016,06,75000,California,Stockton city,Without Disability,disability,0.8625,0.8217,0.9032,Weak,0.7152,0.6982,0.7321,Weak
2016,06,77000,California,Sunnyvale city,All,all,0.8911,0.8243,0.9578,Weak,0.7909,0.7752,0.8067,Weak
2016,06,77000,California,Sunnyvale city,With Disability,disability,NA,NA,NA,NA,0.5211,0.3965,0.6456,Weak
2016,06,77000,California,Sunnyvale city,Without Disability,disability,0.9299,0.8704,0.9895,Weak,0.7967,0.7807,0.8127,Weak
2016,06,78120,California,Temecula city,All,all,0.9414,0.8987,0.9842,Strong,0.7624,0.7419,0.7828,Strong
2016,06,78120,California,Temecula city,With Disability,disability,NA,NA,NA,NA,0.3099,0.221,0.3988,Strong
2016,06,78120,California,Temecula city,Without Disability,disability,0.9433,0.8994,0.9872,Strong,0.7896,0.7707,0.8084,Strong
2016,06,78582,California,Thousand Oaks city,All,all,0.989,0.9729,1,Strong,0.7918,0.7723,0.8112,Strong
2016,06,78582,California,Thousand Oaks city,With Disability,disability,NA,NA,NA,NA,0.4795,0.3633,0.5958,Strong
2016,06,78582,California,Thousand Oaks city,Without Disability,disability,0.9944,0.9816,1,Strong,0.8074,0.7898,0.825,Strong
2016,06,80000,California,Torrance city,All,all,0.9068,0.8539,0.9598,Marginal,0.7944,0.7766,0.8122,Marginal
2016,06,80000,California,Torrance city,With Disability,disability,NA,NA,NA,NA,0.5036,0.4134,0.5938,Marginal
2016,06,80000,California,Torrance city,Without Disability,disability,0.9157,0.8631,0.9683,Marginal,0.8064,0.7881,0.8247,Marginal
2016,06,80238,California,Tracy city,All,all,0.8957,0.8547,0.9367,Marginal,0.7367,0.7187,0.7547,Marginal
2016,06,80238,California,Tracy city,With Disability,disability,NA,NA,NA,NA,0.3335,0.2688,0.3982,Marginal
2016,06,80238,California,Tracy city,Without Disability,disability,0.9236,0.8876,0.9596,Marginal,0.766,0.7488,0.7831,Marginal
2016,06,80854,California,Tustin city,All,all,0.9483,0.9216,0.975,Weak,0.8119,0.7967,0.827,Weak
2016,06,80854,California,Tustin city,With Disability,disability,NA,NA,NA,NA,0.6044,0.5221,0.6868,Weak
2016,06,80854,California,Tustin city,Without Disability,disability,0.9544,0.9256,0.9831,Weak,0.8193,0.8038,0.8348,Weak
2016,06,81344,California,Upland city,All,all,0.9335,0.8904,0.9766,Marginal,0.7569,0.7353,0.7784,Marginal
2016,06,81344,California,Upland city,With Disability,disability,NA,NA,NA,NA,0.3684,0.2933,0.4434,Marginal
2016,06,81344,California,Upland city,Without Disability,disability,0.9356,0.8925,0.9788,Marginal,0.7811,0.7592,0.8029,Marginal
2016,06,81554,California,Vacaville city,All,all,0.8917,0.832,0.9514,Marginal,0.788,0.7664,0.8096,Marginal
2016,06,81554,California,Vacaville city,With Disability,disability,NA,NA,NA,NA,0.4098,0.326,0.49370000000000003,Marginal
2016,06,81554,California,Vacaville city,Without Disability,disability,0.9062,0.8467,0.9658,Marginal,0.8207,0.8018,0.8395,Marginal
2016,06,81666,California,Vallejo city,All,all,0.9284,0.8898,0.9669,Strong,0.725,0.7036,0.7463,Strong
2016,06,81666,California,Vallejo city,With Disability,disability,NA,NA,NA,NA,0.2955,0.23,0.3609,Strong
2016,06,81666,California,Vallejo city,Without Disability,disability,0.9397,0.9008,0.9787,Strong,0.7653,0.7447,0.786,Strong
2016,06,82590,California,Victorville city,All,all,0.8567,0.7855,0.9279,Marginal,0.632,0.6042,0.6598,Marginal
2016,06,82590,California,Victorville city,With Disability,disability,NA,NA,NA,NA,0.253,0.1735,0.3324,Marginal
2016,06,82590,California,Victorville city,Without Disability,disability,0.8685,0.7979,0.939,Marginal,0.6682,0.6405,0.6958,Marginal
2016,06,82954,California,Visalia city,All,all,0.8792,0.8026,0.9557,Strong,0.7305,0.7066,0.7545,Strong
2016,06,82954,California,Visalia city,With Disability,disability,NA,NA,NA,NA,0.3911,0.2788,0.5034,Strong
2016,06,82954,California,Visalia city,Without Disability,disability,0.8879,0.8048,0.971,Strong,0.7631,0.7402,0.786,Strong
2016,06,82996,California,Vista city,All,all,0.9104,0.8604,0.9603,Marginal,0.7258,0.701,0.7506,Marginal
2016,06,82996,California,Vista city,With Disability,disability,NA,NA,NA,NA,0.3444,0.2595,0.4294,Marginal
2016,06,82996,California,Vista city,Without Disability,disability,0.916,0.8682,0.9639,Marginal,0.7453,0.72,0.7706,Marginal
2016,06,84200,California,West Covina city,All,all,0.9388,0.9125,0.9651,Marginal,0.7684,0.7503,0.7865,Marginal
2016,06,84200,California,West Covina city,With Disability,disability,NA,NA,NA,NA,0.3367,0.2728,0.4006,Marginal
2016,06,84200,California,West Covina city,Without Disability,disability,0.9458,0.9179,0.9736,Marginal,0.7966,0.7808,0.8123,Marginal
2016,06,84550,California,Westminster city,All,all,0.9009,0.8486,0.9532,Marginal,0.7651,0.746,0.7843,Marginal
2016,06,84550,California,Westminster city,With Disability,disability,NA,NA,NA,NA,0.405,0.3228,0.4871,Marginal
2016,06,84550,California,Westminster city,Without Disability,disability,0.9126,0.8565,0.9687,Marginal,0.7877,0.7685,0.8069,Marginal
2016,06,85292,California,Whittier city,All,all,0.9632,0.9367,0.9898,Marginal,0.7795,0.7634,0.7957,Marginal
2016,06,85292,California,Whittier city,With Disability,disability,NA,NA,NA,NA,0.3559,0.277,0.4348,Marginal
2016,06,85292,California,Whittier city,Without Disability,disability,0.9651,0.9381,0.9922,Marginal,0.8071,0.791,0.8232,Marginal
2016,08,03455,Colorado,Arvada city,All,all,0.868,0.7911,0.9449,Strong,0.8599,0.8441,0.8757,Strong
2016,08,03455,Colorado,Arvada city,With Disability,disability,NA,NA,NA,NA,0.5016,0.4228,0.5805,Strong
2016,08,03455,Colorado,Arvada city,Without Disability,disability,0.8946,0.8188,0.9705,Strong,0.882,0.8669,0.8971,Strong
2016,08,04000,Colorado,Aurora city,All,all,0.82,0.7672,0.8729,Weak,0.7961,0.7867,0.8056,Weak
2016,08,04000,Colorado,Aurora city,With Disability,disability,NA,NA,NA,NA,0.4406,0.3893,0.4919,Weak
2016,08,04000,Colorado,Aurora city,Without Disability,disability,0.8242,0.7699,0.8785,Weak,0.8242,0.8159,0.8326,Weak
2016,08,07850,Colorado,Boulder city,All,all,0.9892,0.9769,1,Marginal,0.8441,0.8272,0.861,Marginal
2016,08,07850,Colorado,Boulder city,With Disability,disability,NA,NA,NA,NA,0.4642,0.3316,0.5968,Marginal
2016,08,07850,Colorado,Boulder city,Without Disability,disability,0.9887,0.9757,1,Marginal,0.8591,0.8439,0.8744,Marginal
2016,08,12815,Colorado,Centennial city,All,all,0.8757,0.819,0.9323,Marginal,0.8304,0.8169,0.844,Marginal
2016,08,12815,Colorado,Centennial city,With Disability,disability,NA,NA,NA,NA,0.5624,0.4904,0.6343,Marginal
2016,08,12815,Colorado,Centennial city,Without Disability,disability,0.8845,0.8234,0.9456,Marginal,0.8432,0.8292,0.8572,Marginal
2016,08,16000,Colorado,Colorado Springs city,All,all,0.8676,0.8222,0.913,Weak,0.7896,0.7792,0.79990000000000006,Weak
2016,08,16000,Colorado,Colorado Springs city,With Disability,disability,0.7147,0.5647,0.8646,Weak,0.4853,0.4427,0.5279,Weak
2016,08,16000,Colorado,Colorado Springs city,Without Disability,disability,0.8783,0.8281,0.9285,Weak,0.8233,0.8142,0.8323,Weak
2016,08,20000,Colorado,Denver city,All,all,0.8333,0.7931,0.8736,Strong,0.8191,0.8106,0.8276,Strong
2016,08,20000,Colorado,Denver city,With Disability,disability,NA,NA,NA,NA,0.4512,0.4029,0.4995,Strong
2016,08,20000,Colorado,Denver city,Without Disability,disability,0.8426,0.8026,0.8826,Strong,0.8413,0.8335,0.8492,Strong
2016,08,27425,Colorado,Fort Collins city,All,all,0.9503,0.9204,0.9802,Marginal,0.8296,0.8139,0.8452,Marginal
2016,08,27425,Colorado,Fort Collins city,With Disability,disability,NA,NA,NA,NA,0.4594,0.3757,0.5431,Marginal
2016,08,27425,Colorado,Fort Collins city,Without Disability,disability,0.9503,0.9196,0.981,Marginal,0.8501,0.8339,0.8664,Marginal
2016,08,32155,Colorado,Greeley city,All,all,0.8906,0.837,0.9442,Marginal,0.7991,0.7825,0.8157,Marginal
2016,08,32155,Colorado,Greeley city,With Disability,disability,NA,NA,NA,NA,0.5557,0.4851,0.6262,Marginal
2016,08,32155,Colorado,Greeley city,Without Disability,disability,0.898,0.8434,0.9527,Marginal,0.8194,0.8019,0.8369,Marginal
2016,08,43000,Colorado,Lakewood city,All,all,0.8789,0.8336,0.9243,Weak,0.8333,0.8206,0.846,Weak
2016,08,43000,Colorado,Lakewood city,With Disability,disability,NA,NA,NA,NA,0.4212,0.3463,0.4961,Weak
2016,08,43000,Colorado,Lakewood city,Without Disability,disability,0.8814,0.833,0.9298,Weak,0.8616,0.8486,0.8746,Weak
2016,08,45970,Colorado,Longmont city,All,all,0.8774,0.8121,0.9427,Marginal,0.8136,0.7977,0.8294,Marginal
2016,08,45970,Colorado,Longmont city,With Disability,disability,NA,NA,NA,NA,0.5199,0.4346,0.6052,Marginal
2016,08,45970,Colorado,Longmont city,Without Disability,disability,0.8867,0.8128,0.9606,Marginal,0.8367,0.8214,0.852,Marginal
2016,08,46465,Colorado,Loveland city,All,all,0.8927,0.8048,0.9805,Marginal,0.8289,0.8079,0.8499,Marginal
2016,08,46465,Colorado,Loveland city,With Disability,disability,NA,NA,NA,NA,0.5701,0.4768,0.6635,Marginal
2016,08,46465,Colorado,Loveland city,Without Disability,disability,0.8848,0.7918,0.9779,Marginal,0.854,0.8333,0.8746,Marginal
2016,08,62000,Colorado,Pueblo city,All,all,0.8167,0.7432,0.8902,Weak,0.7089,0.6875,0.7303,Weak
2016,08,62000,Colorado,Pueblo city,With Disability,disability,NA,NA,NA,NA,0.327,0.2657,0.3883,Weak
2016,08,62000,Colorado,Pueblo city,Without Disability,disability,0.8331,0.7594,0.9068,Weak,0.7779,0.758,0.7977,Weak
2016,08,77290,Colorado,Thornton city,All,all,0.8862,0.8242,0.9482,Marginal,0.81,0.7934,0.8266,Marginal
2016,08,77290,Colorado,Thornton city,With Disability,disability,NA,NA,NA,NA,0.4828,0.3992,0.5664,Marginal
2016,08,77290,Colorado,Thornton city,Without Disability,disability,0.899,0.8439,0.9541,Marginal,0.835,0.819,0.8511,Marginal
2016,08,83835,Colorado,Westminster city,All,all,0.8629,0.8014,0.9244,Marginal,0.8234,0.8093,0.8374,Marginal
2016,08,83835,Colorado,Westminster city,With Disability,disability,NA,NA,NA,NA,0.5763,0.5119,0.6408,Marginal
2016,08,83835,Colorado,Westminster city,Without Disability,disability,0.8722,0.809,0.9354,Marginal,0.8417,0.8271,0.8563,Marginal
2016,09,08000,Connecticut,Bridgeport city,All,all,0.878,0.8255,0.9304,Strong,0.7417,0.7231,0.7603,Strong
2016,09,08000,Connecticut,Bridgeport city,With Disability,disability,NA,NA,NA,NA,0.3353,0.2751,0.3954,Strong
2016,09,08000,Connecticut,Bridgeport city,Without Disability,disability,0.8932,0.8423,0.9441,Strong,0.7794,0.7602,0.7986,Strong
2016,09,18430,Connecticut,Danbury city,All,all,0.9618,0.9262,0.9973,Marginal,0.8202,0.8019,0.8386,Marginal
2016,09,18430,Connecticut,Danbury city,With Disability,disability,NA,NA,NA,NA,0.4857,0.3845,0.587,Marginal
2016,09,18430,Connecticut,Danbury city,Without Disability,disability,0.9739,0.9469,1,Marginal,0.8393,0.8207,0.8579,Marginal
2016,09,37000,Connecticut,Hartford city,All,all,0.8589,0.8069,0.9109,Weak,0.6778,0.6499,0.7057,Weak
2016,09,37000,Connecticut,Hartford city,With Disability,disability,0.5851,0.3492,0.8209,Weak,0.3169,0.2447,0.3892,Weak
2016,09,37000,Connecticut,Hartford city,Without Disability,disability,0.8791,0.8282,0.93,Weak,0.7295,0.701,0.758,Weak
2016,09,52000,Connecticut,New Haven city,All,all,0.861,0.8005,0.9215,Strong,0.7147,0.6896,0.7397,Strong
2016,09,52000,Connecticut,New Haven city,With Disability,disability,NA,NA,NA,NA,0.3277,0.2315,0.424,Strong
2016,09,52000,Connecticut,New Haven city,Without Disability,disability,0.8761,0.8168,0.9354,Strong,0.7438,0.7208,0.7667,Strong
2016,09,55990,Connecticut,Norwalk city,All,all,0.8533,0.7671,0.9396,Marginal,0.7819,0.7593,0.8046,Marginal
2016,09,55990,Connecticut,Norwalk city,With Disability,disability,NA,NA,NA,NA,0.5119,0.4052,0.6186,Marginal
2016,09,55990,Connecticut,Norwalk city,Without Disability,disability,0.86,0.7686,0.9514,Marginal,0.7956,0.7742,0.817,Marginal
2016,09,73000,Connecticut,Stamford city,All,all,0.8497,0.7668,0.9327,Weak,0.7965,0.7792,0.8138,Weak
2016,09,73000,Connecticut,Stamford city,With Disability,disability,NA,NA,NA,NA,0.58,0.4892,0.6709,Weak
2016,09,73000,Connecticut,Stamford city,Without Disability,disability,0.8443,0.7563,0.9323,Weak,0.8055,0.788,0.8231,Weak
2016,09,80000,Connecticut,Waterbury city,All,all,0.7931,0.7115,0.8747,Marginal,0.689,0.6634,0.7145,Marginal
2016,09,80000,Connecticut,Waterbury city,With Disability,disability,NA,NA,NA,NA,0.2812,0.2016,0.3608,Marginal
2016,09,80000,Connecticut,Waterbury city,Without Disability,disability,0.8472,0.7727,0.9217,Marginal,0.7383,0.7117,0.765,Marginal
2016,11,50000,District of Columbia,Washington city,All,all,0.9019,0.8742,0.9296,Strong,0.8132,0.8049,0.8215,Strong
2016,11,50000,District of Columbia,Washington city,With Disability,disability,0.7693,0.6498,0.8887,Strong,0.3938,0.3601,0.4276,Strong
2016,11,50000,District of Columbia,Washington city,Without Disability,disability,0.9125,0.8856,0.9394,Strong,0.8434,0.8351,0.8518,Strong
2016,12,07300,Florida,Boca Raton city,All,all,0.9783,0.9537,1,Marginal,0.7958,0.7752,0.8163,Marginal
2016,12,07300,Florida,Boca Raton city,With Disability,disability,NA,NA,NA,NA,0.5308,0.3973,0.6644,Marginal
2016,12,07300,Florida,Boca Raton city,Without Disability,disability,0.9827,0.959,1,Marginal,0.8086,0.7884,0.8288,Marginal
2016,12,07875,Florida,Boynton Beach city,All,all,0.8829,0.8131,0.9526,Marginal,0.8133,0.7936,0.833,Marginal
2016,12,07875,Florida,Boynton Beach city,With Disability,disability,NA,NA,NA,NA,0.4648,0.3721,0.5574,Marginal
2016,12,07875,Florida,Boynton Beach city,Without Disability,disability,0.8865,0.815,0.9581,Marginal,0.8376,0.8193,0.856,Marginal
2016,12,10275,Florida,Cape Coral city,All,all,0.8361,0.7365,0.9357,Strong,0.756,0.7337,0.7783,Strong
2016,12,10275,Florida,Cape Coral city,With Disability,disability,NA,NA,NA,NA,0.2612,0.1995,0.3229,Strong
2016,12,10275,Florida,Cape Coral city,Without Disability,disability,0.8599,0.759,0.9608,Strong,0.8016,0.7795,0.8236,Strong
2016,12,12875,Florida,Clearwater city,All,all,0.7792,0.6879,0.8705,Marginal,0.7585,0.7337,0.7832,Marginal
2016,12,12875,Florida,Clearwater city,With Disability,disability,NA,NA,NA,NA,0.3512,0.2658,0.4365,Marginal
2016,12,12875,Florida,Clearwater city,Without Disability,disability,0.7963,0.6999,0.8927,Marginal,0.7969,0.7738,0.8199,Marginal
2016,12,14400,Florida,Coral Springs city,All,all,0.9141,0.8639,0.9643,Strong,0.8057,0.7913,0.8201,Strong
2016,12,14400,Florida,Coral Springs city,With Disability,disability,NA,NA,NA,NA,0.4722,0.371,0.5735,Strong
2016,12,14400,Florida,Coral Springs city,Without Disability,disability,0.9291,0.8837,0.9744,Strong,0.8245,0.8096,0.8393,Strong
2016,12,16475,Florida,Davie town,All,all,0.971,0.9466,0.9953,Marginal,0.7977,0.7737,0.8216,Marginal
2016,12,16475,Florida,Davie town,With Disability,disability,NA,NA,NA,NA,0.3812,0.2872,0.4753,Marginal
2016,12,16475,Florida,Davie town,Without Disability,disability,0.9827,0.9639,1,Marginal,0.8208,0.7978,0.8437,Marginal
2016,12,16725,Florida,Deerfield Beach city,All,all,0.8194,0.7198,0.9191,Marginal,0.8039,0.7768,0.8311,Marginal
2016,12,16725,Florida,Deerfield Beach city,With Disability,disability,NA,NA,NA,NA,0.4958,0.352,0.6397,Marginal
2016,12,16725,Florida,Deerfield Beach city,Without Disability,disability,0.8194,0.7115,0.9272,Marginal,0.8248,0.7972,0.8523,Marginal
2016,12,17200,Florida,Deltona city,All,all,0.8038,0.7103,0.8974,Marginal,0.7458,0.722,0.7697,Marginal
2016,12,17200,Florida,Deltona city,With Disability,disability,NA,NA,NA,NA,0.3746,0.2942,0.4549,Marginal
2016,12,17200,Florida,Deltona city,Without Disability,disability,0.8373,0.7435,0.9311,Marginal,0.7854,0.7596,0.8113,Marginal
2016,12,17935,Florida,Doral city,All,all,0.8872,0.8141,0.9603,Marginal,0.7693,0.7478,0.7907,Marginal
2016,12,17935,Florida,Doral city,With Disability,disability,NA,NA,NA,NA,0.3722,0.2546,0.4899,Marginal
2016,12,17935,Florida,Doral city,Without Disability,disability,0.8849,0.8102,0.9595,Marginal,0.7817,0.76,0.8035,Marginal
2016,12,24000,Florida,Fort Lauderdale city,All,all,0.7864,0.7157,0.8572,Weak,0.7854,0.7677,0.803,Weak
2016,12,24000,Florida,Fort Lauderdale city,With Disability,disability,NA,NA,NA,NA,0.3718,0.2959,0.4478,Weak
2016,12,24000,Florida,Fort Lauderdale city,Without Disability,disability,0.7982,0.7253,0.8711,Weak,0.824,0.8083,0.8397,Weak
2016,12,24125,Florida,Fort Myers city,All,all,0.839,0.7545,0.9235,Marginal,0.7507,0.7247,0.7767,Marginal
2016,12,24125,Florida,Fort Myers city,With Disability,disability,NA,NA,NA,NA,0.3202,0.2319,0.4086,Marginal
2016,12,24125,Florida,Fort Myers city,Without Disability,disability,0.8563,0.7701,0.9424,Marginal,0.7952,0.7717,0.8186,Marginal
2016,12,25175,Florida,Gainesville city,All,all,0.972,0.9526,0.9915,Strong,0.7399,0.7183,0.7615,Strong
2016,12,25175,Florida,Gainesville city,With Disability,disability,0.9267,0.7846,1,Strong,0.3181,0.2338,0.4025,Strong
2016,12,25175,Florida,Gainesville city,Without Disability,disability,0.9739,0.9545,0.9934,Strong,0.7764,0.7538,0.7991,Strong
2016,12,30000,Florida,Hialeah city,All,all,0.848,0.7971,0.8989,Marginal,0.7351,0.7186,0.7517,Marginal
2016,12,30000,Florida,Hialeah city,With Disability,disability,NA,NA,NA,NA,0.3159,0.2541,0.3778,Marginal
2016,12,30000,Florida,Hialeah city,Without Disability,disability,0.8536,0.8039,0.9034,Marginal,0.7567,0.7404,0.7729,Marginal
2016,12,32000,Florida,Hollywood city,All,all,0.8041,0.7308,0.8773,Marginal,0.781,0.7667,0.7953,Marginal
2016,12,32000,Florida,Hollywood city,With Disability,disability,NA,NA,NA,NA,0.3666,0.3077,0.4255,Marginal
2016,12,32000,Florida,Hollywood city,Without Disability,disability,0.8412,0.7671,0.9152,Marginal,0.8132,0.8,0.8265,Marginal
2016,12,32275,Florida,Homestead city,All,all,0.6998,0.6054,0.7942,Weak,0.7197,0.7011,0.7383,Weak
2016,12,32275,Florida,Homestead city,With Disability,disability,NA,NA,NA,NA,0.4336,0.3634,0.5039,Weak
2016,12,32275,Florida,Homestead city,Without Disability,disability,0.7273,0.6394,0.8152,Weak,0.7546,0.7355,0.7738,Weak
2016,12,35000,Florida,Jacksonville city,All,all,0.807,0.7706,0.8433,Weak,0.7633,0.755,0.7716,Weak
2016,12,35000,Florida,Jacksonville city,With Disability,disability,0.5363,0.3416,0.7309,Weak,0.3709,0.3456,0.3962,Weak
2016,12,35000,Florida,Jacksonville city,Without Disability,disability,0.824,0.7876,0.8604,Weak,0.8054,0.7968,0.814,Weak
2016,12,36950,Florida,Kissimmee city,All,all,0.8972,0.8435,0.9509,Marginal,0.7433,0.7206,0.7661,Marginal
2016,12,36950,Florida,Kissimmee city,With Disability,disability,NA,NA,NA,NA,0.3804,0.3076,0.4532,Marginal
2016,12,36950,Florida,Kissimmee city,Without Disability,disability,0.8929,0.8365,0.9493,Marginal,0.7953,0.7714,0.8192,Marginal
2016,12,38250,Florida,Lakeland city,All,all,0.8692,0.8192,0.9192,Marginal,0.7384,0.7201,0.7567,Marginal
2016,12,38250,Florida,Lakeland city,With Disability,disability,NA,NA,NA,NA,0.2951,0.2385,0.3518,Marginal
2016,12,38250,Florida,Lakeland city,Without Disability,disability,0.8971,0.855,0.9393,Marginal,0.7885,0.7697,0.8073,Marginal
2016,12,39425,Florida,Largo city,All,all,0.7989,0.7121,0.8856,Marginal,0.7915,0.7699,0.8132,Marginal
2016,12,39425,Florida,Largo city,With Disability,disability,NA,NA,NA,NA,0.3853,0.2986,0.472,Marginal
2016,12,39425,Florida,Largo city,Without Disability,disability,0.8439,0.7634,0.9245,Marginal,0.8304,0.8085,0.8523,Marginal
2016,12,43975,Florida,Melbourne city,All,all,0.8748,0.8079,0.9418,Marginal,0.7581,0.7367,0.7795,Marginal
2016,12,43975,Florida,Melbourne city,With Disability,disability,NA,NA,NA,NA,0.3641,0.2852,0.4429,Marginal
2016,12,43975,Florida,Melbourne city,Without Disability,disability,0.886,0.8201,0.9518,Marginal,0.7953,0.7746,0.8159,Marginal
2016,12,45000,Florida,Miami city,All,all,0.8071,0.7588,0.8555,Marginal,0.7491,0.7384,0.7598,Marginal
2016,12,45000,Florida,Miami city,With Disability,disability,NA,NA,NA,NA,0.2882,0.2302,0.3461,Marginal
2016,12,45000,Florida,Miami city,Without Disability,disability,0.807,0.7586,0.8554,Marginal,0.778,0.7678,0.7881,Marginal
2016,12,45025,Florida,Miami Beach city,All,all,0.9482,0.9135,0.9829,Marginal,0.8209,0.8039,0.8379,Marginal
2016,12,45025,Florida,Miami Beach city,With Disability,disability,NA,NA,NA,NA,0.4578,0.3663,0.5492,Marginal
2016,12,45025,Florida,Miami Beach city,Without Disability,disability,0.9641,0.9322,0.9959,Marginal,0.8348,0.8182,0.8514,Marginal
2016,12,45060,Florida,Miami Gardens city,All,all,0.8805,0.8296,0.9314,Marginal,0.7064,0.687,0.7259,Marginal
2016,12,45060,Florida,Miami Gardens city,With Disability,disability,NA,NA,NA,NA,0.2676,0.1966,0.3385,Marginal
2016,12,45060,Florida,Miami Gardens city,Without Disability,disability,0.8943,0.8465,0.9421,Marginal,0.7376,0.7165,0.7586,Marginal
2016,12,45975,Florida,Miramar city,All,all,0.8655,0.8017,0.9294,Marginal,0.809,0.7936,0.8244,Marginal
2016,12,45975,Florida,Miramar city,With Disability,disability,NA,NA,NA,NA,0.4844,0.3925,0.5763,Marginal
2016,12,45975,Florida,Miramar city,Without Disability,disability,0.8763,0.812,0.9405,Marginal,0.822,0.807,0.8371,Marginal
2016,12,49675,Florida,North Port city,All,all,NA,NA,NA,NA,0.7567,0.7274,0.786,Weak
2016,12,49675,Florida,North Port city,With Disability,disability,NA,NA,NA,NA,0.2596,0.1685,0.3507,Weak
2016,12,49675,Florida,North Port city,Without Disability,disability,NA,NA,NA,NA,0.8185,0.7937,0.8433,Weak
2016,12,53000,Florida,Orlando city,All,all,0.848,0.8081,0.8878,Weak,0.789,0.7765,0.8014,Weak
2016,12,53000,Florida,Orlando city,With Disability,disability,NA,NA,NA,NA,0.3574,0.3037,0.4111,Weak
2016,12,53000,Florida,Orlando city,Without Disability,disability,0.8566,0.814,0.8992,Weak,0.8246,0.8132,0.8359,Weak
2016,12,54000,Florida,Palm Bay city,All,all,0.9168,0.8491,0.9846,Strong,0.7353,0.7075,0.7631,Strong
2016,12,54000,Florida,Palm Bay city,With Disability,disability,NA,NA,NA,NA,0.3643,0.2579,0.4708,Strong
2016,12,54000,Florida,Palm Bay city,Without Disability,disability,0.9262,0.865,0.9873,Strong,0.7686,0.741,0.7963,Strong
2016,12,54200,Florida,Palm Coast city,All,all,0.7892,0.6877,0.8907,Marginal,0.7043,0.6716,0.737,Marginal
2016,12,54200,Florida,Palm Coast city,With Disability,disability,NA,NA,NA,NA,0.2934,0.22,0.3667,Marginal
2016,12,54200,Florida,Palm Coast city,Without Disability,disability,0.8648,0.7904,0.9392,Marginal,0.7557,0.7227,0.7888,Marginal
2016,12,55775,Florida,Pembroke Pines city,All,all,0.8903,0.8573,0.9233,Marginal,0.8049,0.7923,0.8176,Marginal
2016,12,55775,Florida,Pembroke Pines city,With Disability,disability,NA,NA,NA,NA,0.4991,0.4304,0.5679,Marginal
2016,12,55775,Florida,Pembroke Pines city,Without Disability,disability,0.9111,0.8777,0.9445,Marginal,0.8187,0.8065,0.8308,Marginal
2016,12,57425,Florida,Plantation city,All,all,0.8671,0.8006,0.9335,Marginal,0.8081,0.7911,0.825,Marginal
2016,12,57425,Florida,Plantation city,With Disability,disability,NA,NA,NA,NA,0.4704,0.3889,0.552,Marginal
2016,12,57425,Florida,Plantation city,Without Disability,disability,0.8827,0.8167,0.9487,Marginal,0.8302,0.8126,0.8478,Marginal
2016,12,58050,Florida,Pompano Beach city,All,all,0.7931,0.7131,0.873,Marginal,0.7811,0.7648,0.7973,Marginal
2016,12,58050,Florida,Pompano Beach city,With Disability,disability,NA,NA,NA,NA,0.4457,0.3697,0.5218,Marginal
2016,12,58050,Florida,Pompano Beach city,Without Disability,disability,0.7933,0.7084,0.8782,Marginal,0.8071,0.7893,0.8249,Marginal
2016,12,58715,Florida,Port St. Lucie city,All,all,0.8403,0.7395,0.941,Strong,0.7321,0.7089,0.7553,Strong
2016,12,58715,Florida,Port St. Lucie city,With Disability,disability,NA,NA,NA,NA,0.3332,0.2503,0.4161,Strong
2016,12,58715,Florida,Port St. Lucie city,Without Disability,disability,0.8443,0.7401,0.9485,Strong,0.7786,0.7551,0.8022,Strong
2016,12,63000,Florida,St. Petersburg city,All,all,0.8661,0.8225,0.9098,Weak,0.7717,0.7579,0.7854,Weak
2016,12,63000,Florida,St. Petersburg city,With Disability,disability,0.6196,0.4368,0.8024,Weak,0.3015,0.2583,0.3447,Weak
2016,12,63000,Florida,St. Petersburg city,Without Disability,disability,0.8911,0.8478,0.9344,Weak,0.8207,0.8083,0.8332,Weak
2016,12,69700,Florida,Sunrise city,All,all,0.8735,0.8122,0.9349,Marginal,0.8073,0.7911,0.8236,Marginal
2016,12,69700,Florida,Sunrise city,With Disability,disability,NA,NA,NA,NA,0.4726,0.3927,0.5526,Marginal
2016,12,69700,Florida,Sunrise city,Without Disability,disability,0.8893,0.8283,0.9504,Marginal,0.8287,0.8119,0.8455,Marginal
2016,12,70600,Florida,Tallahassee city,All,all,0.9537,0.9354,0.9721,Strong,0.7831,0.7672,0.799,Strong
2016,12,70600,Florida,Tallahassee city,With Disability,disability,NA,NA,NA,NA,0.4336,0.3698,0.4974,Strong
2016,12,70600,Florida,Tallahassee city,Without Disability,disability,0.9616,0.9446,0.9786,Strong,0.8184,0.8031,0.8337,Strong
2016,12,71000,Florida,Tampa city,All,all,0.8709,0.8338,0.9081,Marginal,0.7632,0.7515,0.775,Marginal
2016,12,71000,Florida,Tampa city,With Disability,disability,0.6349,0.4088,0.8611,Marginal,0.3829,0.3478,0.4179,Marginal
2016,12,71000,Florida,Tampa city,Without Disability,disability,0.8846,0.8516,0.9177,Marginal,0.7979,0.7868,0.8091,Marginal
2016,12,76600,Florida,West Palm Beach city,All,all,0.8709,0.8256,0.9161,Marginal,0.7786,0.7612,0.796,Marginal
2016,12,76600,Florida,West Palm Beach city,With Disability,disability,NA,NA,NA,NA,0.3127,0.2393,0.3861,Marginal
2016,12,76600,Florida,West Palm Beach city,Without Disability,disability,0.8725,0.8282,0.9168,Marginal,0.8074,0.7906,0.8241,Marginal
2016,13,03440,Georgia,Athens-Clarke County unified government (balance),All,all,0.9612,0.934,0.9884,Marginal,0.7647,0.7402,0.7891,Marginal
2016,13,03440,Georgia,Athens-Clarke County unified government (balance),With Disability,disability,NA,NA,NA,NA,0.4542,0.3553,0.5532,Marginal
2016,13,03440,Georgia,Athens-Clarke County unified government (balance),Without Disability,disability,0.9644,0.9391,0.9897,Marginal,0.7922,0.7685,0.8158,Marginal
2016,13,04000,Georgia,Atlanta city,All,all,0.9268,0.9029,0.9507,Weak,0.7776,0.7682,0.787,Weak
2016,13,04000,Georgia,Atlanta city,With Disability,disability,0.6632,0.5294,0.7969,Weak,0.3176,0.2806,0.3547,Weak
2016,13,04000,Georgia,Atlanta city,Without Disability,disability,0.941,0.9173,0.9647,Weak,0.8159,0.8069,0.8249,Weak
2016,13,04204,Georgia,Augusta-Richmond County consolidated government (balance),All,all,0.8225,0.7721,0.8729,Strong,0.6897,0.6691,0.7102,Strong
2016,13,04204,Georgia,Augusta-Richmond County consolidated government (balance),With Disability,disability,0.54990000000000006,0.2197,0.8802,Strong,0.3411,0.2899,0.3924,Strong
2016,13,04204,Georgia,Augusta-Richmond County consolidated government (balance),Without Disability,disability,0.8539,0.8052,0.9027,Strong,0.7465,0.7232,0.7699,Strong
2016,13,19000,Georgia,Columbus city,All,all,0.9059,0.8709,0.9409,Weak,0.7306,0.7125,0.7487,Weak
2016,13,19000,Georgia,Columbus city,With Disability,disability,NA,NA,NA,NA,0.4259,0.3858,0.4659,Weak
2016,13,19000,Georgia,Columbus city,Without Disability,disability,0.9223,0.8907,0.954,Weak,0.7888,0.7688,0.8087,Weak
2016,13,42425,Georgia,Johns Creek city,All,all,0.9719,0.9377,1,Marginal,0.7875,0.7637,0.8114,Marginal
2016,13,42425,Georgia,Johns Creek city,With Disability,disability,NA,NA,NA,NA,0.4831,0.2977,0.6686,Marginal
2016,13,42425,Georgia,Johns Creek city,Without Disability,disability,0.9942,0.989,0.9994,Marginal,0.7969,0.7731,0.8206,Marginal
2016,13,49008,Georgia,Macon-Bibb County,All,all,0.8722,0.831,0.9135,Strong,0.7044,0.6853,0.7236,Strong
2016,13,49008,Georgia,Macon-Bibb County,With Disability,disability,NA,NA,NA,NA,0.333,0.2685,0.3976,Strong
2016,13,49008,Georgia,Macon-Bibb County,Without Disability,disability,0.8853,0.8416,0.9291,Strong,0.7548,0.7373,0.7723,Strong
2016,13,67284,Georgia,Roswell city,All,all,0.8556,0.7503,0.9608,Marginal,0.8158,0.7972,0.8344,Marginal
2016,13,67284,Georgia,Roswell city,With Disability,disability,NA,NA,NA,NA,0.5566,0.4387,0.6744,Marginal
2016,13,67284,Georgia,Roswell city,Without Disability,disability,0.8492,0.7393,0.959,Marginal,0.8251,0.8066,0.8435,Marginal
2016,13,68516,Georgia,Sandy Springs city,All,all,0.9039,0.82,0.9879,Strong,0.8336,0.8175,0.8496,Strong
2016,13,68516,Georgia,Sandy Springs city,With Disability,disability,NA,NA,NA,NA,0.6156,0.4859,0.7453,Strong
2016,13,68516,Georgia,Sandy Springs city,Without Disability,disability,0.9093,0.8244,0.9943,Strong,0.8405,0.8237,0.8573,Strong
2016,13,69000,Georgia,Savannah city,All,all,0.8912,0.8533,0.9292,Weak,0.7591,0.7433,0.7749,Weak
2016,13,69000,Georgia,Savannah city,With Disability,disability,NA,NA,NA,NA,0.3847,0.3215,0.4479,Weak
2016,13,69000,Georgia,Savannah city,Without Disability,disability,0.9138,0.8782,0.9494,Weak,0.8002,0.7835,0.8168,Weak
2016,13,80508,Georgia,Warner Robins city,All,all,0.8766,0.804,0.9492,Marginal,0.7642,0.7372,0.7911,Marginal
2016,13,80508,Georgia,Warner Robins city,With Disability,disability,NA,NA,NA,NA,0.3742,0.2878,0.4606,Marginal
2016,13,80508,Georgia,Warner Robins city,Without Disability,disability,0.8895,0.8205,0.9584,Marginal,0.8012,0.7749,0.8274,Marginal
2016,15,71550,Hawaii,Urban Honolulu CDP,All,all,0.9681,0.9481,0.9882,Strong,0.8262,0.8172,0.8352,Strong
2016,15,71550,Hawaii,Urban Honolulu CDP,With Disability,disability,NA,NA,NA,NA,0.5102,0.4465,0.5739,Strong
2016,15,71550,Hawaii,Urban Honolulu CDP,Without Disability,disability,0.979,0.9641,0.9938,Strong,0.8459,0.8375,0.8542,Strong
2016,16,08830,Idaho,Boise City city,All,all,0.8825,0.8382,0.9267,Marginal,0.8102,0.7969,0.8236,Marginal
2016,16,08830,Idaho,Boise City city,With Disability,disability,NA,NA,NA,NA,0.4149,0.3472,0.4825,Marginal
2016,16,08830,Idaho,Boise City city,Without Disability,disability,0.8837,0.8381,0.9293,Marginal,0.8448,0.8331,0.8565,Marginal
2016,16,52120,Idaho,Meridian city,All,all,0.8458,0.7531,0.9385,Weak,0.803,0.7846,0.8215,Weak
2016,16,52120,Idaho,Meridian city,With Disability,disability,NA,NA,NA,NA,0.4856,0.3947,0.5766,Weak
2016,16,52120,Idaho,Meridian city,Without Disability,disability,0.8516,0.7548,0.9483,Weak,0.8314,0.8134,0.8493,Weak
2016,16,56260,Idaho,Nampa city,All,all,0.8699,0.8017,0.9382,Marginal,0.7734,0.7535,0.7933,Marginal
2016,16,56260,Idaho,Nampa city,With Disability,disability,NA,NA,NA,NA,0.4644,0.3755,0.5533,Marginal
2016,16,56260,Idaho,Nampa city,Without Disability,disability,0.8732,0.8014,0.9451,Marginal,0.8081,0.7889,0.8273,Marginal
2016,17,02154,Illinois,Arlington Heights village,All,all,0.8927,0.8123,0.973,Weak,0.8289,0.8147,0.8432,Weak
2016,17,02154,Illinois,Arlington Heights village,With Disability,disability,NA,NA,NA,NA,0.5135,0.4323,0.5947,Weak
2016,17,02154,Illinois,Arlington Heights village,Without Disability,disability,0.912,0.8357,0.9883,Weak,0.8439,0.8294,0.8584,Weak
2016,17,03012,Illinois,Aurora city,All,all,0.8231,0.7626,0.8837,Marginal,0.7865,0.7719,0.801,Marginal
2016,17,03012,Illinois,Aurora city,With Disability,disability,NA,NA,NA,NA,0.4689,0.3944,0.5434,Marginal
2016,17,03012,Illinois,Aurora city,Without Disability,disability,0.8533,0.7922,0.9143,Marginal,0.8044,0.7897,0.8192,Marginal
2016,17,06613,Illinois,Bloomington city,All,all,0.9657,0.9452,0.9862,Marginal,0.8468,0.8306,0.8631,Marginal
2016,17,06613,Illinois,Bloomington city,With Disability,disability,NA,NA,NA,NA,0.4728,0.384,0.5616,Marginal
2016,17,06613,Illinois,Bloomington city,Without Disability,disability,0.9709,0.9523,0.9895,Marginal,0.8734,0.8597,0.887,Marginal
2016,17,12385,Illinois,Champaign city,All,all,0.9744,0.9591,0.9898,Weak,0.8228,0.8042,0.8414,Weak
2016,17,12385,Illinois,Champaign city,With Disability,disability,NA,NA,NA,NA,0.4362,0.3446,0.5279,Weak
2016,17,12385,Illinois,Champaign city,Without Disability,disability,0.9753,0.9585,0.992,Weak,0.8457,0.8285,0.8629,Weak
2016,17,14000,Illinois,Chicago city,All,all,0.8499,0.8356,0.8643,Strong,0.7668,0.762,0.7715,Strong
2016,17,14000,Illinois,Chicago city,With Disability,disability,0.636,0.5532,0.7189,Strong,0.3487,0.3298,0.3675,Strong
2016,17,14000,Illinois,Chicago city,Without Disability,disability,0.8606,0.8461,0.8751,Strong,0.7952,0.7906,0.7998,Strong
2016,17,14351,Illinois,Cicero town,All,all,0.8988,0.8573,0.9404,Marginal,0.7685,0.7528,0.7842,Marginal
2016,17,14351,Illinois,Cicero town,With Disability,disability,NA,NA,NA,NA,0.4555,0.3641,0.547,Marginal
2016,17,14351,Illinois,Cicero town,Without Disability,disability,0.9022,0.8596,0.9447,Marginal,0.7835,0.7672,0.79990000000000006,Marginal
2016,17,23074,Illinois,Elgin city,All,all,0.92,0.8809,0.9591,Marginal,0.8113,0.7983,0.8244,Marginal
2016,17,23074,Illinois,Elgin city,With Disability,disability,NA,NA,NA,NA,0.4575,0.376,0.5391,Marginal
2016,17,23074,Illinois,Elgin city,Without Disability,disability,0.9256,0.8863,0.965,Marginal,0.8324,0.8204,0.8444,Marginal
2016,17,24582,Illinois,Evanston city,All,all,0.9749,0.9507,0.9991,Marginal,0.779,0.7582,0.7997,Marginal
2016,17,24582,Illinois,Evanston city,With Disability,disability,NA,NA,NA,NA,0.3634,0.2706,0.4562,Marginal
2016,17,24582,Illinois,Evanston city,Without Disability,disability,0.9873,0.9742,1,Marginal,0.8016,0.7819,0.8212,Marginal
2016,17,38570,Illinois,Joliet city,All,all,0.8566,0.8143,0.8989,Marginal,0.802,0.787,0.8169,Marginal
2016,17,38570,Illinois,Joliet city,With Disability,disability,NA,NA,NA,NA,0.4109,0.3437,0.4781,Marginal
2016,17,38570,Illinois,Joliet city,Without Disability,disability,0.8692,0.8258,0.9127,Marginal,0.8279,0.8139,0.8419,Marginal
2016,17,51622,Illinois,Naperville city,All,all,0.9178,0.8795,0.9561,Marginal,0.8267,0.8168,0.8367,Marginal
2016,17,51622,Illinois,Naperville city,With Disability,disability,NA,NA,NA,NA,0.5294,0.4595,0.5992,Marginal
2016,17,51622,Illinois,Naperville city,Without Disability,disability,0.9439,0.9115,0.9764,Marginal,0.8408,0.8304,0.8512,Marginal
2016,17,59000,Illinois,Peoria city,All,all,0.9087,0.8669,0.9504,Weak,0.7829,0.7651,0.8008,Weak
2016,17,59000,Illinois,Peoria city,With Disability,disability,NA,NA,NA,NA,0.3456,0.2826,0.4085,Weak
2016,17,59000,Illinois,Peoria city,Without Disability,disability,0.9154,0.8749,0.9558,Weak,0.8176,0.8008,0.8343,Weak
2016,17,65000,Illinois,Rockford city,All,all,0.7491,0.6808,0.8174,Weak,0.7399,0.7249,0.7549,Weak
2016,17,65000,Illinois,Rockford city,With Disability,disability,NA,NA,NA,NA,0.361,0.3098,0.4123,Weak
2016,17,65000,Illinois,Rockford city,Without Disability,disability,0.7968,0.7215,0.8721,Weak,0.7896,0.7742,0.8051,Weak
2016,17,68003,Illinois,Schaumburg village,All,all,0.965,0.9307,0.9992,Marginal,0.835,0.8187,0.8514,Marginal
2016,17,68003,Illinois,Schaumburg village,With Disability,disability,NA,NA,NA,NA,0.5102,0.4108,0.6096,Marginal
2016,17,68003,Illinois,Schaumburg village,Without Disability,disability,0.9659,0.9305,1,Marginal,0.8538,0.8376,0.8701,Marginal
2016,17,72000,Illinois,Springfield city,All,all,0.8641,0.8143,0.914,Marginal,0.8058,0.7897,0.8219,Marginal
2016,17,72000,Illinois,Springfield city,With Disability,disability,NA,NA,NA,NA,0.3841,0.3183,0.4499,Marginal
2016,17,72000,Illinois,Springfield city,Without Disability,disability,0.8842,0.8361,0.9323,Marginal,0.8522,0.8361,0.8683,Marginal
2016,17,79293,Illinois,Waukegan city,All,all,0.8491,0.7794,0.9187,Marginal,0.7716,0.7492,0.7939,Marginal
2016,17,79293,Illinois,Waukegan city,With Disability,disability,NA,NA,NA,NA,0.4131,0.335,0.4912,Marginal
2016,17,79293,Illinois,Waukegan city,Without Disability,disability,0.8836,0.8231,0.9441,Marginal,0.8038,0.7824,0.8251,Marginal
2016,18,05860,Indiana,Bloomington city,All,all,0.9941,0.9873,1,Marginal,0.7881,0.7688,0.8074,Marginal
2016,18,05860,Indiana,Bloomington city,With Disability,disability,NA,NA,NA,NA,0.4736,0.3998,0.5474,Marginal
2016,18,05860,Indiana,Bloomington city,Without Disability,disability,0.9974,0.9939,1,Marginal,0.8213,0.8042,0.8384,Marginal
2016,18,10342,Indiana,Carmel city,All,all,0.9641,0.9208,1,Marginal,0.8388,0.8174,0.8601,Marginal
2016,18,10342,Indiana,Carmel city,With Disability,disability,NA,NA,NA,NA,0.4829,0.3145,0.6513,Marginal
2016,18,10342,Indiana,Carmel city,Without Disability,disability,0.975,0.9388,1,Marginal,0.8512,0.832,0.8704,Marginal
2016,18,22000,Indiana,Evansville city,All,all,0.9083,0.8668,0.9498,Weak,0.7817,0.7641,0.7993,Weak
2016,18,22000,Indiana,Evansville city,With Disability,disability,NA,NA,NA,NA,0.4034,0.3242,0.4827,Weak
2016,18,22000,Indiana,Evansville city,Without Disability,disability,0.9231,0.8823,0.964,Weak,0.8382,0.8205,0.8558,Weak
2016,18,23278,Indiana,Fishers city,All,all,0.9221,0.8575,0.9867,Marginal,0.8502,0.8336,0.8669,Marginal
2016,18,23278,Indiana,Fishers city,With Disability,disability,NA,NA,NA,NA,0.4753,0.3788,0.5717,Marginal
2016,18,23278,Indiana,Fishers city,Without Disability,disability,0.926,0.863,0.989,Marginal,0.8678,0.8525,0.8831,Marginal
2016,18,25000,Indiana,Fort Wayne city,All,all,0.8961,0.8583,0.9339,Strong,0.7667,0.7543,0.779,Strong
2016,18,25000,Indiana,Fort Wayne city,With Disability,disability,NA,NA,NA,NA,0.3705,0.3225,0.4185,Strong
2016,18,25000,Indiana,Fort Wayne city,Without Disability,disability,0.9119,0.876,0.9477,Strong,0.8115,0.7985,0.8245,Strong
2016,18,31000,Indiana,Hammond city,All,all,0.8399,0.7828,0.8969,Weak,0.689,0.6658,0.7121,Weak
2016,18,31000,Indiana,Hammond city,With Disability,disability,NA,NA,NA,NA,0.3387,0.2776,0.3997,Weak
2016,18,31000,Indiana,Hammond city,Without Disability,disability,0.8428,0.7832,0.9024,Weak,0.7404,0.7165,0.7643,Weak
2016,18,36003,Indiana,Indianapolis city (balance),All,all,0.81,0.7741,0.8458,Strong,0.7686,0.7598,0.7773,Strong
2016,18,36003,Indiana,Indianapolis city (balance),With Disability,disability,0.605,0.4536,0.7565,Strong,0.3998,0.3726,0.427,Strong
2016,18,36003,Indiana,Indianapolis city (balance),Without Disability,disability,0.8278,0.7909,0.8648,Strong,0.8139,0.805,0.8228,Strong
2016,18,71000,Indiana,South Bend city,All,all,0.9034,0.8707,0.9361,Weak,0.7464,0.7216,0.7713,Weak
2016,18,71000,Indiana,South Bend city,With Disability,disability,NA,NA,NA,NA,0.4311,0.3475,0.5146,Weak
2016,18,71000,Indiana,South Bend city,Without Disability,disability,0.916,0.8846,0.9474,Weak,0.7874,0.7638,0.811,Weak
2016,19,12000,Iowa,Cedar Rapids city,All,all,0.9587,0.919,0.9984,Weak,0.8569,0.8401,0.8737,Weak
2016,19,12000,Iowa,Cedar Rapids city,With Disability,disability,NA,NA,NA,NA,0.5258,0.4419,0.6096,Weak
2016,19,12000,Iowa,Cedar Rapids city,Without Disability,disability,0.9558,0.9135,0.9981,Weak,0.8827,0.8655,0.9,Weak
2016,19,19000,Iowa,Davenport city,All,all,0.9218,0.8702,0.9733,Weak,0.8093,0.7899,0.8286,Weak
2016,19,19000,Iowa,Davenport city,With Disability,disability,NA,NA,NA,NA,0.4462,0.3566,0.5359,Weak
2016,19,19000,Iowa,Davenport city,Without Disability,disability,0.9305,0.8799,0.9811,Weak,0.8394,0.8199,0.8588,Weak
2016,19,21000,Iowa,Des Moines city,All,all,0.8755,0.8174,0.9336,Weak,0.8039,0.7848,0.8231,Weak
2016,19,21000,Iowa,Des Moines city,With Disability,disability,0.7332,0.5319,0.9346,Weak,0.4388,0.3702,0.5074,Weak
2016,19,21000,Iowa,Des Moines city,Without Disability,disability,0.8906,0.8307,0.9505,Weak,0.8482,0.8305,0.8659,Weak
2016,19,73335,Iowa,Sioux City city,All,all,0.902,0.8285,0.9754,Marginal,0.8593,0.84,0.8785,Marginal
2016,19,73335,Iowa,Sioux City city,With Disability,disability,NA,NA,NA,NA,0.5116,0.3859,0.6373,Marginal
2016,19,73335,Iowa,Sioux City city,Without Disability,disability,0.8994,0.8226,0.9762,Marginal,0.888,0.8696,0.9064,Marginal
2016,20,36000,Kansas,Kansas City city,All,all,0.8148,0.7497,0.8798,Weak,0.7571,0.7389,0.7753,Weak
2016,20,36000,Kansas,Kansas City city,With Disability,disability,NA,NA,NA,NA,0.4081,0.3423,0.4739,Weak
2016,20,36000,Kansas,Kansas City city,Without Disability,disability,0.8099,0.739,0.8809,Weak,0.7994,0.7835,0.8153,Weak
2016,20,38900,Kansas,Lawrence city,All,all,0.9917,0.9779,1,Strong,0.8266,0.8017,0.8516,Strong
2016,20,38900,Kansas,Lawrence city,With Disability,disability,NA,NA,NA,NA,0.5587,0.429,0.6883,Strong
2016,20,38900,Kansas,Lawrence city,Without Disability,disability,0.9978,0.993,1,Strong,0.8538,0.8305,0.877,Strong
2016,20,52575,Kansas,Olathe city,All,all,0.8542,0.7649,0.9435,Marginal,0.8479,0.8313,0.8645,Marginal
2016,20,52575,Kansas,Olathe city,With Disability,disability,NA,NA,NA,NA,0.548,0.4598,0.6362,Marginal
2016,20,52575,Kansas,Olathe city,Without Disability,disability,0.8629,0.7691,0.9567,Marginal,0.8683,0.8523,0.8844,Marginal
2016,20,53775,Kansas,Overland Park city,All,all,0.9635,0.9287,0.9983,Marginal,0.846,0.8341,0.858,Marginal
2016,20,53775,Kansas,Overland Park city,With Disability,disability,NA,NA,NA,NA,0.6348,0.5651,0.7044,Marginal
2016,20,53775,Kansas,Overland Park city,Without Disability,disability,0.9712,0.9385,1,Marginal,0.8582,0.8459,0.8704,Marginal
2016,20,71000,Kansas,Topeka city,All,all,0.8244,0.738,0.9108,Weak,0.7762,0.7482,0.8043,Weak
2016,20,71000,Kansas,Topeka city,With Disability,disability,NA,NA,NA,NA,0.4015,0.3258,0.4773,Weak
2016,20,71000,Kansas,Topeka city,Without Disability,disability,0.832,0.7482,0.9158,Weak,0.8331,0.8123,0.854,Weak
2016,20,79000,Kansas,Wichita city,All,all,0.9137,0.887,0.9405,Marginal,0.7859,0.7749,0.7969,Marginal
2016,20,79000,Kansas,Wichita city,With Disability,disability,NA,NA,NA,NA,0.4421,0.3913,0.4929,Marginal
2016,20,79000,Kansas,Wichita city,Without Disability,disability,0.925,0.9008,0.9493,Marginal,0.8237,0.8141,0.8334,Marginal
2016,21,46027,Kentucky,Lexington-Fayette urban county,All,all,0.9584,0.9356,0.9812,Strong,0.823,0.8095,0.8364,Strong
2016,21,46027,Kentucky,Lexington-Fayette urban county,With Disability,disability,0.8252,0.6679,0.9826,Strong,0.4522,0.3902,0.5143,Strong
2016,21,46027,Kentucky,Lexington-Fayette urban county,Without Disability,disability,0.9661,0.9463,0.9859,Strong,0.8553,0.842,0.8687,Strong
2016,21,48006,Kentucky,Louisville/Jefferson County metro government (balance),All,all,0.8458,0.794,0.8976,Marginal,0.8015,0.7905,0.8125,Marginal
2016,21,48006,Kentucky,Louisville/Jefferson County metro government (balance),With Disability,disability,NA,NA,NA,NA,0.4097,0.3619,0.4574,Marginal
2016,21,48006,Kentucky,Louisville/Jefferson County metro government (balance),Without Disability,disability,0.8714,0.8207,0.9222,Marginal,0.8471,0.8358,0.8584,Marginal
2016,22,05000,Louisiana,Baton Rouge city,All,all,0.8995,0.8655,0.9336,Weak,0.7927,0.7754,0.8101,Weak
2016,22,05000,Louisiana,Baton Rouge city,With Disability,disability,NA,NA,NA,NA,0.4545,0.3861,0.5228,Weak
2016,22,05000,Louisiana,Baton Rouge city,Without Disability,disability,0.9179,0.8846,0.9512,Weak,0.8304,0.8143,0.8464,Weak
2016,22,40735,Louisiana,Lafayette city,All,all,0.8851,0.8257,0.9444,Marginal,0.813,0.7955,0.8306,Marginal
2016,22,40735,Louisiana,Lafayette city,With Disability,disability,NA,NA,NA,NA,0.4682,0.3942,0.5422,Marginal
2016,22,40735,Louisiana,Lafayette city,Without Disability,disability,0.8864,0.8235,0.9494,Marginal,0.847,0.83,0.864,Marginal
2016,22,41155,Louisiana,Lake Charles city,All,all,0.8515,0.7907,0.9123,Marginal,0.7589,0.7385,0.7792,Marginal
2016,22,41155,Louisiana,Lake Charles city,With Disability,disability,NA,NA,NA,NA,0.4735,0.4069,0.54,Marginal
2016,22,41155,Louisiana,Lake Charles city,Without Disability,disability,0.8556,0.7936,0.9176,Marginal,0.8004,0.7787,0.822,Marginal
2016,22,55000,Louisiana,New Orleans city,All,all,0.8591,0.8269,0.8913,Weak,0.7404,0.7298,0.7509,Weak
2016,22,55000,Louisiana,New Orleans city,With Disability,disability,0.5463,0.3813,0.7113,Weak,0.3532,0.3136,0.3927,Weak
2016,22,55000,Louisiana,New Orleans city,Without Disability,disability,0.8836,0.8531,0.914,Weak,0.7812,0.771,0.7914,Weak
2016,22,70000,Louisiana,Shreveport city,All,all,0.8213,0.7687,0.874,Weak,0.7281,0.708,0.7482,Weak
2016,22,70000,Louisiana,Shreveport city,With Disability,disability,NA,NA,NA,NA,0.3596,0.306,0.4132,Weak
2016,22,70000,Louisiana,Shreveport city,Without Disability,disability,0.8488,0.7941,0.9035,Weak,0.7726,0.7514,0.7938,Weak
2016,24,04000,Maryland,Baltimore city,All,all,0.8681,0.8415,0.8948,Marginal,0.72,0.7102,0.7298,Marginal
2016,24,04000,Maryland,Baltimore city,With Disability,disability,0.6309,0.4774,0.7844,Marginal,0.2903,0.2641,0.3166,Marginal
2016,24,04000,Maryland,Baltimore city,Without Disability,disability,0.8821,0.8566,0.9075,Marginal,0.7751,0.7659,0.7843,Marginal
2016,24,30325,Maryland,Frederick city,All,all,0.9529,0.9117,0.994,Marginal,0.8581,0.8435,0.8727,Marginal
2016,24,30325,Maryland,Frederick city,With Disability,disability,NA,NA,NA,NA,0.6307,0.546,0.7154,Marginal
2016,24,30325,Maryland,Frederick city,Without Disability,disability,0.9663,0.9292,1,Marginal,0.8767,0.8633,0.89,Marginal
2016,25,07000,Massachusetts,Boston city,All,all,0.9287,0.9127,0.9446,Marginal,0.8003,0.791,0.8096,Marginal
2016,25,07000,Massachusetts,Boston city,With Disability,disability,0.7725,0.6765,0.8685,Marginal,0.3766,0.3397,0.4135,Marginal
2016,25,07000,Massachusetts,Boston city,Without Disability,disability,0.9366,0.9212,0.9519,Marginal,0.8375,0.8292,0.8457,Marginal
2016,25,09000,Massachusetts,Brockton city,All,all,0.7822,0.6918,0.8727,Marginal,0.7821,0.7603,0.804,Marginal
2016,25,09000,Massachusetts,Brockton city,With Disability,disability,NA,NA,NA,NA,0.3617,0.2902,0.4332,Marginal
2016,25,09000,Massachusetts,Brockton city,Without Disability,disability,0.8061,0.7083,0.9038,Marginal,0.8291,0.8063,0.8519,Marginal
2016,25,11000,Massachusetts,Cambridge city,All,all,0.963,0.9278,0.9982,Weak,0.8122,0.7943,0.8302,Weak
2016,25,11000,Massachusetts,Cambridge city,With Disability,disability,NA,NA,NA,NA,0.5419,0.4233,0.6606,Weak
2016,25,11000,Massachusetts,Cambridge city,Without Disability,disability,0.979,0.9519,1,Weak,0.8231,0.8048,0.8414,Weak
2016,25,23000,Massachusetts,Fall River city,All,all,0.7965,0.6789,0.9141,Marginal,0.696,0.6715,0.7205,Marginal
2016,25,23000,Massachusetts,Fall River city,With Disability,disability,NA,NA,NA,NA,0.2574,0.1991,0.3157,Marginal
2016,25,23000,Massachusetts,Fall River city,Without Disability,disability,0.8276,0.7126,0.9425,Marginal,0.7749,0.7496,0.8001,Marginal
2016,25,34550,Massachusetts,Lawrence city,All,all,0.8126,0.7609,0.8644,Marginal,0.7495,0.7309,0.7682,Marginal
2016,25,34550,Massachusetts,Lawrence city,With Disability,disability,NA,NA,NA,NA,0.3505,0.2904,0.4106,Marginal
2016,25,34550,Massachusetts,Lawrence city,Without Disability,disability,0.8224,0.768,0.8768,Marginal,0.7983,0.7798,0.8167,Marginal
2016,25,37000,Massachusetts,Lowell city,All,all,0.887,0.8273,0.9466,Weak,0.7466,0.7248,0.7683,Weak
2016,25,37000,Massachusetts,Lowell city,With Disability,disability,NA,NA,NA,NA,0.2884,0.2194,0.3573,Weak
2016,25,37000,Massachusetts,Lowell city,Without Disability,disability,0.9025,0.8458,0.9592,Weak,0.7944,0.7728,0.816,Weak
2016,25,37490,Massachusetts,Lynn city,All,all,0.8105,0.7378,0.8831,Strong,0.7927,0.7728,0.8127,Strong
2016,25,37490,Massachusetts,Lynn city,With Disability,disability,NA,NA,NA,NA,0.4618,0.3829,0.5406,Strong
2016,25,37490,Massachusetts,Lynn city,Without Disability,disability,0.8171,0.7427,0.8916,Strong,0.8248,0.8049,0.8447,Strong
2016,25,45000,Massachusetts,New Bedford city,All,all,0.87,0.8006,0.9394,Weak,0.7192,0.6943,0.744,Weak
2016,25,45000,Massachusetts,New Bedford city,With Disability,disability,NA,NA,NA,NA,0.2534,0.1975,0.3092,Weak
2016,25,45000,Massachusetts,New Bedford city,Without Disability,disability,0.865,0.7927,0.9372,Weak,0.7942,0.7716,0.8169,Weak
2016,25,45560,Massachusetts,Newton city,All,all,0.9584,0.9175,0.9993,Marginal,0.8213,0.805,0.8376,Marginal
2016,25,45560,Massachusetts,Newton city,With Disability,disability,NA,NA,NA,NA,0.3846,0.2714,0.4978,Marginal
2016,25,45560,Massachusetts,Newton city,Without Disability,disability,0.9579,0.9156,1,Marginal,0.8349,0.8189,0.851,Marginal
2016,25,55745,Massachusetts,Quincy city,All,all,0.9844,0.9606,1,Strong,0.8413,0.822,0.8607,Strong
2016,25,55745,Massachusetts,Quincy city,With Disability,disability,NA,NA,NA,NA,0.5042,0.4036,0.6048,Strong
2016,25,55745,Massachusetts,Quincy city,Without Disability,disability,0.9945,0.9828,1,Strong,0.8613,0.8428,0.8798,Strong
2016,25,62535,Massachusetts,Somerville city,All,all,0.8484,0.7674,0.9294,Marginal,0.8334,0.8139,0.8528,Marginal
2016,25,62535,Massachusetts,Somerville city,With Disability,disability,NA,NA,NA,NA,0.4503,0.3413,0.5594,Marginal
2016,25,62535,Massachusetts,Somerville city,Without Disability,disability,0.853,0.7657,0.9402,Marginal,0.853,0.8333,0.8728,Marginal
2016,25,67000,Massachusetts,Springfield city,All,all,0.7746,0.7189,0.8302,Weak,0.6599,0.638,0.6817,Weak
2016,25,67000,Massachusetts,Springfield city,With Disability,disability,NA,NA,NA,NA,0.24,0.1879,0.2921,Weak
2016,25,67000,Massachusetts,Springfield city,Without Disability,disability,0.8309,0.7787,0.8831,Weak,0.745,0.7228,0.7672,Weak
2016,25,82000,Massachusetts,Worcester city,All,all,0.9373,0.9025,0.972,Weak,0.7316,0.7122,0.7511,Weak
2016,25,82000,Massachusetts,Worcester city,With Disability,disability,0.7916,0.5602,1,Weak,0.232,0.1761,0.2879,Weak
2016,25,82000,Massachusetts,Worcester city,Without Disability,disability,0.9498,0.9181,0.9815,Weak,0.7944,0.7783,0.8104,Weak
2016,26,03000,Michigan,Ann Arbor city,All,all,0.9778,0.9557,0.9999,Weak,0.8003,0.7786,0.822,Weak
2016,26,03000,Michigan,Ann Arbor city,With Disability,disability,NA,NA,NA,NA,0.3999,0.2921,0.5077,Weak
2016,26,03000,Michigan,Ann Arbor city,Without Disability,disability,0.9838,0.9631,1,Weak,0.8175,0.7963,0.8386,Weak
2016,26,21000,Michigan,Dearborn city,All,all,0.927,0.8828,0.9712,Weak,0.665,0.6408,0.6892,Weak
2016,26,21000,Michigan,Dearborn city,With Disability,disability,NA,NA,NA,NA,0.3304,0.2589,0.4019,Weak
2016,26,21000,Michigan,Dearborn city,Without Disability,disability,0.9419,0.8993,0.9845,Weak,0.7017,0.6752,0.7282,Weak
2016,26,22000,Michigan,Detroit city,All,all,0.803,0.762,0.844,Strong,0.5698,0.5576,0.5819,Strong
2016,26,22000,Michigan,Detroit city,With Disability,disability,0.6309,0.4905,0.7712,Strong,0.2065,0.185,0.2281,Strong
2016,26,22000,Michigan,Detroit city,Without Disability,disability,0.8196,0.781,0.8582,Strong,0.6482,0.6343,0.662,Strong
2016,26,27440,Michigan,Farmington Hills city,All,all,0.928,0.8753,0.9808,Marginal,0.7979,0.7784,0.8173,Marginal
2016,26,27440,Michigan,Farmington Hills city,With Disability,disability,NA,NA,NA,NA,0.5004,0.3966,0.6043,Marginal
2016,26,27440,Michigan,Farmington Hills city,Without Disability,disability,0.9416,0.8853,0.9978,Marginal,0.82,0.8014,0.8386,Marginal
2016,26,29000,Michigan,Flint city,All,all,0.7352,0.618,0.8524,Weak,0.5387,0.5056,0.5718,Weak
2016,26,29000,Michigan,Flint city,With Disability,disability,NA,NA,NA,NA,0.1828,0.1288,0.2367,Weak
2016,26,29000,Michigan,Flint city,Without Disability,disability,0.7818,0.654,0.9095,Weak,0.6334,0.5946,0.6722,Weak
2016,26,34000,Michigan,Grand Rapids city,All,all,0.9148,0.8736,0.9561,Strong,0.7666,0.7439,0.7894,Strong
2016,26,34000,Michigan,Grand Rapids city,With Disability,disability,NA,NA,NA,NA,0.2913,0.2344,0.3482,Strong
2016,26,34000,Michigan,Grand Rapids city,Without Disability,disability,0.9156,0.8722,0.959,Strong,0.8248,0.8035,0.846,Strong
2016,26,46000,Michigan,Lansing city,All,all,0.8126,0.7276,0.8976,Weak,0.7519,0.7253,0.7785,Weak
2016,26,46000,Michigan,Lansing city,With Disability,disability,NA,NA,NA,NA,0.3473,0.2731,0.4216,Weak
2016,26,46000,Michigan,Lansing city,Without Disability,disability,0.8628,0.7849,0.9407,Weak,0.8251,0.801,0.8492,Weak
2016,26,49000,Michigan,Livonia city,All,all,0.9082,0.8555,0.9608,Marginal,0.7993,0.7781,0.8205,Marginal
2016,26,49000,Michigan,Livonia city,With Disability,disability,NA,NA,NA,NA,0.3728,0.2916,0.454,Marginal
2016,26,49000,Michigan,Livonia city,Without Disability,disability,0.9477,0.9011,0.9943,Marginal,0.8425,0.8224,0.8625,Marginal
2016,26,69035,Michigan,Rochester Hills city,All,all,0.936,0.8808,0.9912,Marginal,0.8004,0.7834,0.8175,Marginal
2016,26,69035,Michigan,Rochester Hills city,With Disability,disability,NA,NA,NA,NA,0.3812,0.2848,0.4775,Marginal
2016,26,69035,Michigan,Rochester Hills city,Without Disability,disability,0.9427,0.8902,0.9952,Marginal,0.8223,0.8061,0.8384,Marginal
2016,26,74900,Michigan,Southfield city,All,all,0.928,0.8753,0.9808,Marginal,0.7979,0.7784,0.8173,Marginal
2016,26,74900,Michigan,Southfield city,With Disability,disability,NA,NA,NA,NA,0.5004,0.3966,0.6043,Marginal
2016,26,74900,Michigan,Southfield city,Without Disability,disability,0.9416,0.8853,0.9978,Marginal,0.82,0.8014,0.8386,Marginal
2016,26,76460,Michigan,Sterling Heights city,All,all,0.9086,0.8405,0.9767,Strong,0.7767,0.7518,0.8016,Strong
2016,26,76460,Michigan,Sterling Heights city,With Disability,disability,NA,NA,NA,NA,0.4405,0.3333,0.5477,Strong
2016,26,76460,Michigan,Sterling Heights city,Without Disability,disability,0.9273,0.8654,0.9893,Strong,0.8011,0.7792,0.8231,Strong
2016,26,80700,Michigan,Troy city,All,all,0.9371,0.881,0.9932,Marginal,0.8011,0.7838,0.8184,Marginal
2016,26,80700,Michigan,Troy city,With Disability,disability,NA,NA,NA,NA,0.3825,0.2829,0.482,Marginal
2016,26,80700,Michigan,Troy city,Without Disability,disability,0.9438,0.8905,0.9972,Marginal,0.8226,0.8062,0.8389,Marginal
2016,26,84000,Michigan,Warren city,All,all,0.9112,0.8429,0.9796,Marginal,0.7335,0.7113,0.7557,Marginal
2016,26,84000,Michigan,Warren city,With Disability,disability,NA,NA,NA,NA,0.2889,0.2246,0.3531,Marginal
2016,26,84000,Michigan,Warren city,Without Disability,disability,0.9146,0.8437,0.9855,Marginal,0.8069,0.7839,0.8298,Marginal
2016,26,86000,Michigan,Westland city,All,all,0.7968,0.7184,0.8752,Marginal,0.7513,0.7289,0.7737,Marginal
2016,26,86000,Michigan,Westland city,With Disability,disability,NA,NA,NA,NA,0.2851,0.2283,0.342,Marginal
2016,26,86000,Michigan,Westland city,Without Disability,disability,0.7954,0.7134,0.8773,Marginal,0.8201,0.8014,0.8388,Marginal
2016,26,88940,Michigan,Wyoming city,All,all,0.8768,0.7973,0.9564,Marginal,0.8203,0.8003,0.8402,Marginal
2016,26,88940,Michigan,Wyoming city,With Disability,disability,NA,NA,NA,NA,0.4511,0.3665,0.5357,Marginal
2016,26,88940,Michigan,Wyoming city,Without Disability,disability,0.8941,0.8063,0.9819,Marginal,0.8718,0.8524,0.8913,Marginal
2016,27,06616,Minnesota,Bloomington city,All,all,0.8761,0.7619,0.9904,Marginal,0.8609,0.838,0.8838,Marginal
2016,27,06616,Minnesota,Bloomington city,With Disability,disability,NA,NA,NA,NA,0.6113,0.4807,0.7418,Marginal
2016,27,06616,Minnesota,Bloomington city,Without Disability,disability,0.8774,0.7603,0.9944,Marginal,0.8786,0.8562,0.901,Marginal
2016,27,07966,Minnesota,Brooklyn Park city,All,all,0.8602,0.7381,0.9823,Marginal,0.8409,0.8121,0.8698,Marginal
2016,27,07966,Minnesota,Brooklyn Park city,With Disability,disability,NA,NA,NA,NA,0.449,0.322,0.5761,Marginal
2016,27,07966,Minnesota,Brooklyn Park city,Without Disability,disability,0.8705,0.7492,0.9918,Marginal,0.8678,0.8408,0.8949,Marginal
2016,27,17000,Minnesota,Duluth city,All,all,0.9394,0.8966,0.9823,Weak,0.8267,0.79990000000000006,0.8535,Weak
2016,27,17000,Minnesota,Duluth city,With Disability,disability,NA,NA,NA,NA,0.4805,0.3818,0.5791,Weak
2016,27,17000,Minnesota,Duluth city,Without Disability,disability,0.9451,0.9011,0.9891,Weak,0.8717,0.8437,0.8997,Weak
2016,27,43000,Minnesota,Minneapolis city,All,all,0.8779,0.8375,0.9184,Marginal,0.8306,0.8196,0.8416,Marginal
2016,27,43000,Minnesota,Minneapolis city,With Disability,disability,0.8775,0.7649,0.9901,Marginal,0.4234,0.3608,0.486,Marginal
2016,27,43000,Minnesota,Minneapolis city,Without Disability,disability,0.878,0.837,0.919,Marginal,0.8662,0.8559,0.8764,Marginal
2016,27,51730,Minnesota,Plymouth city,All,all,0.9779,0.9294,1,Marginal,0.8725,0.8509,0.894,Marginal
2016,27,51730,Minnesota,Plymouth city,With Disability,disability,NA,NA,NA,NA,NA,NA,NA,NA
2016,27,51730,Minnesota,Plymouth city,Without Disability,disability,NA,NA,NA,NA,0.8869,0.865,0.9088,Marginal
2016,27,54880,Minnesota,Rochester city,All,all,0.8057,0.6561,0.9553,Marginal,0.8515,0.8288,0.8742,Marginal
2016,27,54880,Minnesota,Rochester city,With Disability,disability,NA,NA,NA,NA,0.5171,0.3777,0.6565,Marginal
2016,27,54880,Minnesota,Rochester city,Without Disability,disability,0.8048,0.6521,0.9575,Marginal,0.8739,0.8531,0.8947,Marginal
2016,27,58000,Minnesota,St. Paul city,All,all,0.8295,0.772,0.887,Strong,0.8026,0.7854,0.8198,Strong
2016,27,58000,Minnesota,St. Paul city,With Disability,disability,0.6703,0.4516,0.8891,Strong,0.4476,0.3859,0.5093,Strong
2016,27,58000,Minnesota,St. Paul city,Without Disability,disability,0.8419,0.7807,0.9032,Strong,0.8435,0.8273,0.8598,Strong
2016,27,71428,Minnesota,Woodbury city,All,all,0.8778,0.784,0.9715,Marginal,0.8951,0.8738,0.9164,Marginal
2016,27,71428,Minnesota,Woodbury city,With Disability,disability,NA,NA,NA,NA,0.664,0.5089,0.8191,Marginal
2016,27,71428,Minnesota,Woodbury city,Without Disability,disability,0.8765,0.7796,0.9735,Marginal,0.9063,0.8864,0.9262,Marginal
2016,28,36000,Mississippi,Jackson city,All,all,0.7972,0.7458,0.8487,Weak,0.7326,0.71,0.7553,Weak
2016,28,36000,Mississippi,Jackson city,With Disability,disability,NA,NA,NA,NA,0.3075,0.2528,0.3622,Weak
2016,28,36000,Mississippi,Jackson city,Without Disability,disability,0.8007,0.7471,0.8543,Weak,0.7807,0.7581,0.8034,Weak
2016,29,15670,Missouri,Columbia city,All,all,0.9746,0.9576,0.9916,Marginal,0.8313,0.8152,0.8473,Marginal
2016,29,15670,Missouri,Columbia city,With Disability,disability,NA,NA,NA,NA,0.4537,0.3564,0.5511,Marginal
2016,29,15670,Missouri,Columbia city,Without Disability,disability,0.9732,0.9552,0.9912,Marginal,0.8672,0.8518,0.8826,Marginal
2016,29,35000,Missouri,Independence city,All,all,0.8961,0.8378,0.9545,Weak,0.7843,0.7663,0.8023,Weak
2016,29,35000,Missouri,Independence city,With Disability,disability,NA,NA,NA,NA,0.3661,0.2981,0.4342,Weak
2016,29,35000,Missouri,Independence city,Without Disability,disability,0.931,0.8921,0.9699,Weak,0.8403,0.8232,0.8575,Weak
2016,29,38000,Missouri,Kansas City city,All,all,0.8468,0.8025,0.8912,Strong,0.7957,0.7855,0.8058,Strong
2016,29,38000,Missouri,Kansas City city,With Disability,disability,0.6911,0.4824,0.8997,Strong,0.4484,0.4132,0.4836,Strong
2016,29,38000,Missouri,Kansas City city,Without Disability,disability,0.8581,0.8128,0.9035,Strong,0.8333,0.8239,0.8427,Strong
2016,29,41348,Missouri,Lee's Summit city,All,all,0.87,0.7501,0.99,Strong,0.853,0.8318,0.8741,Strong
2016,29,41348,Missouri,Lee's Summit city,With Disability,disability,NA,NA,NA,NA,0.4284,0.2989,0.5579,Strong
2016,29,41348,Missouri,Lee's Summit city,Without Disability,disability,0.857,0.724,0.99,Strong,0.8791,0.8599,0.8984,Strong
2016,29,54074,Missouri,O'Fallon city,All,all,0.949,0.9196,0.9783,Marginal,0.8635,0.8506,0.8764,Marginal
2016,29,54074,Missouri,O'Fallon city,With Disability,disability,NA,NA,NA,NA,0.5359,0.4546,0.6172,Marginal
2016,29,54074,Missouri,O'Fallon city,Without Disability,disability,0.9458,0.915,0.9765,Marginal,0.8831,0.8708,0.8955,Marginal
2016,29,65000,Missouri,St. Louis city,All,all,0.8748,0.8291,0.9205,Weak,0.753,0.7396,0.7665,Weak
2016,29,65000,Missouri,St. Louis city,With Disability,disability,0.5862,0.3745,0.7978,Weak,0.3437,0.2969,0.3904,Weak
2016,29,65000,Missouri,St. Louis city,Without Disability,disability,0.901,0.8552,0.9468,Weak,0.8047,0.7899,0.8196,Weak
2016,29,70000,Missouri,Springfield city,All,all,0.9424,0.9112,0.9735,Weak,0.7677,0.749,0.7864,Weak
2016,29,70000,Missouri,Springfield city,With Disability,disability,NA,NA,NA,NA,0.3166,0.2613,0.372,Weak
2016,29,70000,Missouri,Springfield city,Without Disability,disability,0.9571,0.9357,0.9786,Weak,0.8293,0.8131,0.8454,Weak
2016,30,06550,Montana,Billings city,All,all,0.8245,0.7274,0.9217,Strong,0.8122,0.7866,0.8377,Strong
2016,30,06550,Montana,Billings city,With Disability,disability,NA,NA,NA,NA,0.3849,0.2882,0.4816,Strong
2016,30,06550,Montana,Billings city,Without Disability,disability,0.834,0.7329,0.9351,Strong,0.852,0.8283,0.8758,Strong
2016,31,28000,Nebraska,Lincoln city,All,all,0.9443,0.9186,0.9699,Weak,0.8674,0.8543,0.8805,Weak
2016,31,28000,Nebraska,Lincoln city,With Disability,disability,0.72,0.5067,0.9333,Weak,0.5646,0.479,0.6501,Weak
2016,31,28000,Nebraska,Lincoln city,Without Disability,disability,0.9575,0.9312,0.9838,Weak,0.8935,0.8818,0.9053,Weak
2016,31,37000,Nebraska,Omaha city,All,all,0.8886,0.8571,0.9201,Weak,0.8188,0.8071,0.8304,Weak
2016,31,37000,Nebraska,Omaha city,With Disability,disability,0.6207,0.4029,0.8385,Weak,0.4655,0.4134,0.5175,Weak
2016,31,37000,Nebraska,Omaha city,Without Disability,disability,0.9024,0.8698,0.935,Weak,0.8497,0.8389,0.8606,Weak
2016,32,31900,Nevada,Henderson city,All,all,0.8954,0.8522,0.9387,Strong,0.7852,0.7741,0.7963,Strong
2016,32,31900,Nevada,Henderson city,With Disability,disability,NA,NA,NA,NA,0.4816,0.4228,0.5404,Strong
2016,32,31900,Nevada,Henderson city,Without Disability,disability,0.902,0.8585,0.9455,Strong,0.8082,0.798,0.8184,Strong
2016,32,40000,Nevada,Las Vegas city,All,all,0.8029,0.7648,0.841,Marginal,0.7482,0.737,0.7593,Marginal
2016,32,40000,Nevada,Las Vegas city,With Disability,disability,0.4804,0.3216,0.6391,Marginal,0.4298,0.391,0.4687,Marginal
2016,32,40000,Nevada,Las Vegas city,Without Disability,disability,0.8231,0.7848,0.8615,Marginal,0.7819,0.7713,0.7925,Marginal
2016,32,51800,Nevada,North Las Vegas city,All,all,0.8345,0.7855,0.8835,Strong,0.7453,0.7305,0.7601,Strong
2016,32,51800,Nevada,North Las Vegas city,With Disability,disability,NA,NA,NA,NA,0.4102,0.3577,0.4626,Strong
2016,32,51800,Nevada,North Las Vegas city,Without Disability,disability,0.8502,0.7995,0.9008,Strong,0.7753,0.7601,0.7906,Strong
2016,32,60600,Nevada,Reno city,All,all,0.9108,0.8742,0.9474,Strong,0.7789,0.7648,0.793,Strong
2016,32,60600,Nevada,Reno city,With Disability,disability,NA,NA,NA,NA,0.4975,0.4371,0.558,Strong
2016,32,60600,Nevada,Reno city,Without Disability,disability,0.9161,0.8806,0.9516,Strong,0.8082,0.7944,0.8219,Strong
2016,32,68400,Nevada,Sparks city,All,all,0.8687,0.8108,0.9266,Marginal,0.7928,0.7701,0.8156,Marginal
2016,32,68400,Nevada,Sparks city,With Disability,disability,NA,NA,NA,NA,0.5359,0.4641,0.6076,Marginal
2016,32,68400,Nevada,Sparks city,Without Disability,disability,0.8675,0.8045,0.9304,Marginal,0.8167,0.7927,0.8408,Marginal
2016,33,45140,New Hampshire,Manchester city,All,all,0.7747,0.664,0.8854,Strong,0.8046,0.7838,0.8254,Strong
2016,33,45140,New Hampshire,Manchester city,With Disability,disability,NA,NA,NA,NA,0.3821,0.2999,0.4643,Strong
2016,33,45140,New Hampshire,Manchester city,Without Disability,disability,0.7989,0.6865,0.9113,Strong,0.8537,0.8353,0.8722,Strong
2016,33,50260,New Hampshire,Nashua city,All,all,0.9518,0.9031,1,Marginal,0.8291,0.812,0.8463,Marginal
2016,33,50260,New Hampshire,Nashua city,With Disability,disability,NA,NA,NA,NA,0.4221,0.334,0.5102,Marginal
2016,33,50260,New Hampshire,Nashua city,Without Disability,disability,0.9578,0.9066,1,Marginal,0.8629,0.8448,0.881,Marginal
2016,34,13690,New Jersey,Clifton city,All,all,0.8931,0.838,0.9482,Marginal,0.7516,0.7316,0.7717,Marginal
2016,34,13690,New Jersey,Clifton city,With Disability,disability,NA,NA,NA,NA,0.4098,0.3085,0.5112,Marginal
2016,34,13690,New Jersey,Clifton city,Without Disability,disability,0.9045,0.8507,0.9582,Marginal,0.7687,0.7477,0.7897,Marginal
2016,34,21000,New Jersey,Elizabeth city,All,all,0.8512,0.7875,0.9149,Weak,0.7727,0.7524,0.793,Weak
2016,34,21000,New Jersey,Elizabeth city,With Disability,disability,NA,NA,NA,NA,0.3997,0.3056,0.4938,Weak
2016,34,21000,New Jersey,Elizabeth city,Without Disability,disability,0.8814,0.8168,0.946,Weak,0.796,0.7746,0.8173,Weak
2016,34,36000,New Jersey,Jersey City city,All,all,0.8868,0.8392,0.9343,Weak,0.768,0.7559,0.7801,Weak
2016,34,36000,New Jersey,Jersey City city,With Disability,disability,NA,NA,NA,NA,0.3528,0.2958,0.4098,Weak
2016,34,36000,New Jersey,Jersey City city,Without Disability,disability,0.8921,0.845,0.9392,Weak,0.7951,0.7833,0.8068,Weak
2016,34,51000,New Jersey,Newark city,All,all,0.8488,0.8091,0.8885,Weak,0.6947,0.6804,0.7089,Weak
2016,34,51000,New Jersey,Newark city,With Disability,disability,0.6802,0.5485,0.8118,Weak,0.4369,0.3883,0.4855,Weak
2016,34,51000,New Jersey,Newark city,Without Disability,disability,0.8713,0.8305,0.9122,Weak,0.7373,0.7222,0.7525,Weak
2016,34,57000,New Jersey,Paterson city,All,all,0.7884,0.7119,0.865,Marginal,0.6839,0.6602,0.7076,Marginal
2016,34,57000,New Jersey,Paterson city,With Disability,disability,NA,NA,NA,NA,0.279,0.1879,0.3702,Marginal
2016,34,57000,New Jersey,Paterson city,Without Disability,disability,0.7905,0.7133,0.8677,Marginal,0.7075,0.6829,0.732,Marginal
2016,34,74000,New Jersey,Trenton city,All,all,0.8845,0.8241,0.9449,Marginal,0.715,0.6921,0.7379,Marginal
2016,34,74000,New Jersey,Trenton city,With Disability,disability,NA,NA,NA,NA,0.2702,0.1932,0.3471,Marginal
2016,34,74000,New Jersey,Trenton city,Without Disability,disability,0.8819,0.8199,0.944,Marginal,0.7681,0.7437,0.7926,Marginal
2016,35,02000,New Mexico,Albuquerque city,All,all,0.8249,0.7799,0.87,Marginal,0.7601,0.7485,0.7717,Marginal
2016,35,02000,New Mexico,Albuquerque city,With Disability,disability,NA,NA,NA,NA,0.3565,0.3216,0.3913,Marginal
2016,35,02000,New Mexico,Albuquerque city,Without Disability,disability,0.8404,0.7982,0.8826,Marginal,0.8046,0.7939,0.8154,Marginal
2016,35,39380,New Mexico,Las Cruces city,All,all,0.9395,0.9043,0.9747,Strong,0.7465,0.7153,0.7777,Strong
2016,35,39380,New Mexico,Las Cruces city,With Disability,disability,NA,NA,NA,NA,0.3427,0.238,0.4475,Strong
2016,35,39380,New Mexico,Las Cruces city,Without Disability,disability,0.9409,0.9048,0.977,Strong,0.7902,0.7609,0.8195,Strong
2016,35,63460,New Mexico,Rio Rancho city,All,all,0.8901,0.8339,0.9462,Marginal,0.7233,0.6989,0.7476,Marginal
2016,35,63460,New Mexico,Rio Rancho city,With Disability,disability,NA,NA,NA,NA,0.3922,0.2921,0.4923,Marginal
2016,35,63460,New Mexico,Rio Rancho city,Without Disability,disability,0.8847,0.8254,0.9441,Marginal,0.7614,0.7378,0.7849,Marginal
2016,35,70500,New Mexico,Santa Fe city,All,all,0.8621,0.7882,0.936,Marginal,0.7912,0.7752,0.8073,Marginal
2016,35,70500,New Mexico,Santa Fe city,With Disability,disability,NA,NA,NA,NA,0.5056,0.429,0.5822,Marginal
2016,35,70500,New Mexico,Santa Fe city,Without Disability,disability,0.8817,0.8098,0.9537,Marginal,0.8203,0.8039,0.8368,Marginal
2016,36,01000,New York,Albany city,All,all,0.9183,0.8758,0.9608,Weak,0.7906,0.7642,0.8171,Weak
2016,36,01000,New York,Albany city,With Disability,disability,NA,NA,NA,NA,0.356,0.2669,0.4452,Weak
2016,36,01000,New York,Albany city,Without Disability,disability,0.9164,0.8723,0.9605,Weak,0.8356,0.8104,0.8607,Weak
2016,36,11000,New York,Buffalo city,All,all,0.8389,0.7994,0.8785,Marginal,0.6764,0.659,0.6938,Marginal
2016,36,11000,New York,Buffalo city,With Disability,disability,0.6636,0.4753,0.8518,Marginal,0.293,0.2474,0.3385,Marginal
2016,36,11000,New York,Buffalo city,Without Disability,disability,0.8511,0.8094,0.8927,Marginal,0.745,0.727,0.763,Marginal
2016,36,50617,New York,New Rochelle city,All,all,0.911,0.8708,0.9512,Marginal,0.7985,0.7829,0.8141,Marginal
2016,36,50617,New York,New Rochelle city,With Disability,disability,NA,NA,NA,NA,0.4285,0.3324,0.5245,Marginal
2016,36,50617,New York,New Rochelle city,Without Disability,disability,0.9198,0.8794,0.9603,Marginal,0.8196,0.8044,0.8348,Marginal
2016,36,51000,New York,New York city,All,all,0.846,0.8364,0.8557,Strong,0.7634,0.7607,0.7662,Strong
2016,36,51000,New York,New York city,With Disability,disability,0.6466,0.586,0.7071,Strong,0.3636,0.3511,0.3761,Strong
2016,36,51000,New York,New York city,Without Disability,disability,0.8548,0.8457,0.8639,Strong,0.7886,0.786,0.7912,Strong
2016,36,63000,New York,Rochester city,All,all,0.8079,0.7616,0.8541,Weak,0.6815,0.6657,0.6973,Weak
2016,36,63000,New York,Rochester city,With Disability,disability,0.537,0.372,0.702,Weak,0.2749,0.2345,0.3153,Weak
2016,36,63000,New York,Rochester city,Without Disability,disability,0.8466,0.8011,0.8921,Weak,0.7632,0.7463,0.78,Weak
2016,36,73000,New York,Syracuse city,All,all,0.8893,0.8563,0.9223,Weak,0.6771,0.6543,0.6999,Weak
2016,36,73000,New York,Syracuse city,With Disability,disability,0.6764,0.4931,0.8597,Weak,0.3168,0.267,0.3666,Weak
2016,36,73000,New York,Syracuse city,Without Disability,disability,0.8996,0.8671,0.9321,Weak,0.7433,0.7226,0.7641,Weak
2016,36,84000,New York,Yonkers city,All,all,0.8907,0.8424,0.9391,Marginal,0.7493,0.7301,0.7685,Marginal
2016,36,84000,New York,Yonkers city,With Disability,disability,NA,NA,NA,NA,0.4434,0.3575,0.5292,Marginal
2016,36,84000,New York,Yonkers city,Without Disability,disability,0.8938,0.8432,0.9444,Marginal,0.7705,0.7521,0.7889,Marginal
2016,37,02140,North Carolina,Asheville city,All,all,0.9372,0.8875,0.9869,Marginal,0.81,0.7926,0.8274,Marginal
2016,37,02140,North Carolina,Asheville city,With Disability,disability,NA,NA,NA,NA,0.4071,0.3225,0.4918,Marginal
2016,37,02140,North Carolina,Asheville city,Without Disability,disability,0.9489,0.9008,0.997,Marginal,0.8424,0.8254,0.8595,Marginal
2016,37,10740,North Carolina,Cary town,All,all,0.9073,0.8536,0.9609,Marginal,0.8359,0.8244,0.8473,Marginal
2016,37,10740,North Carolina,Cary town,With Disability,disability,NA,NA,NA,NA,0.6097,0.5277,0.6917,Marginal
2016,37,10740,North Carolina,Cary town,Without Disability,disability,0.9299,0.8858,0.9741,Marginal,0.8457,0.8343,0.857,Marginal
2016,37,12000,North Carolina,Charlotte city,All,all,0.8932,0.8681,0.9184,Marginal,0.8049,0.7976,0.8123,Marginal
2016,37,12000,North Carolina,Charlotte city,With Disability,disability,0.8342,0.7191,0.9494,Marginal,0.4537,0.4191,0.4883,Marginal
2016,37,12000,North Carolina,Charlotte city,Without Disability,disability,0.8965,0.8713,0.9217,Marginal,0.8279,0.821,0.8348,Marginal
2016,37,14100,North Carolina,Concord city,All,all,0.816,0.7517,0.8803,Marginal,0.8066,0.7883,0.8248,Marginal
2016,37,14100,North Carolina,Concord city,With Disability,disability,NA,NA,NA,NA,0.4983,0.419,0.5777,Marginal
2016,37,14100,North Carolina,Concord city,Without Disability,disability,0.8255,0.7618,0.8891,Marginal,0.8266,0.8065,0.8468,Marginal
2016,37,19000,North Carolina,Durham city,All,all,0.8934,0.8463,0.9405,Weak,0.8161,0.8044,0.8278,Weak
2016,37,19000,North Carolina,Durham city,With Disability,disability,NA,NA,NA,NA,0.4436,0.3789,0.5084,Weak
2016,37,19000,North Carolina,Durham city,Without Disability,disability,0.8997,0.8531,0.9464,Weak,0.843,0.8313,0.8547,Weak
2016,37,22920,North Carolina,Fayetteville city,All,all,0.8916,0.8599,0.9234,Strong,0.7379,0.7256,0.7502,Strong
2016,37,22920,North Carolina,Fayetteville city,With Disability,disability,0.7969,0.625,0.9689,Strong,0.4272,0.3894,0.465,Strong
2016,37,22920,North Carolina,Fayetteville city,Without Disability,disability,0.9017,0.8702,0.9332,Strong,0.7873,0.7753,0.7992,Strong
2016,37,25580,North Carolina,Gastonia city,All,all,0.8752,0.8126,0.9378,Marginal,0.7562,0.7323,0.7802,Marginal
2016,37,25580,North Carolina,Gastonia city,With Disability,disability,NA,NA,NA,NA,0.3545,0.2932,0.4159,Marginal
2016,37,25580,North Carolina,Gastonia city,Without Disability,disability,0.8822,0.8185,0.9459,Marginal,0.7998,0.777,0.8227,Marginal
2016,37,28000,North Carolina,Greensboro city,All,all,0.9146,0.8869,0.9424,Marginal,0.7749,0.7622,0.7875,Marginal
2016,37,28000,North Carolina,Greensboro city,With Disability,disability,NA,NA,NA,NA,0.3729,0.3252,0.4205,Marginal
2016,37,28000,North Carolina,Greensboro city,Without Disability,disability,0.9214,0.8946,0.9481,Marginal,0.8039,0.7917,0.816,Marginal
2016,37,28080,North Carolina,Greenville city,All,all,0.935,0.8999,0.9702,Marginal,0.7758,0.7562,0.7955,Marginal
2016,37,28080,North Carolina,Greenville city,With Disability,disability,NA,NA,NA,NA,0.359,0.2947,0.4234,Marginal
2016,37,28080,North Carolina,Greenville city,Without Disability,disability,0.9384,0.9048,0.972,Marginal,0.8191,0.8001,0.8381,Marginal
2016,37,31400,North Carolina,High Point city,All,all,0.8801,0.8301,0.9302,Marginal,0.7733,0.7549,0.7918,Marginal
2016,37,31400,North Carolina,High Point city,With Disability,disability,NA,NA,NA,NA,0.3512,0.2784,0.424,Marginal
2016,37,31400,North Carolina,High Point city,Without Disability,disability,0.8919,0.8406,0.9432,Marginal,0.8137,0.7953,0.8322,Marginal
2016,37,55000,North Carolina,Raleigh city,All,all,0.9293,0.9052,0.9535,Weak,0.8315,0.8245,0.8385,Weak
2016,37,55000,North Carolina,Raleigh city,With Disability,disability,NA,NA,NA,NA,0.5019,0.4597,0.5442,Weak
2016,37,55000,North Carolina,Raleigh city,Without Disability,disability,0.9342,0.9088,0.9595,Weak,0.8527,0.8451,0.8603,Weak
2016,37,74440,North Carolina,Wilmington city,All,all,0.9521,0.9188,0.9854,Marginal,0.7679,0.747,0.7888,Marginal
2016,37,74440,North Carolina,Wilmington city,With Disability,disability,NA,NA,NA,NA,0.3997,0.3298,0.4697,Marginal
2016,37,74440,North Carolina,Wilmington city,Without Disability,disability,0.9669,0.939,0.9947,Marginal,0.807,0.7863,0.8277,Marginal
2016,37,75000,North Carolina,Winston-Salem city,All,all,0.9119,0.8809,0.9429,Weak,0.7608,0.7468,0.7747,Weak
2016,37,75000,North Carolina,Winston-Salem city,With Disability,disability,NA,NA,NA,NA,0.2829,0.2247,0.3412,Weak
2016,37,75000,North Carolina,Winston-Salem city,Without Disability,disability,0.9306,0.8994,0.9618,Weak,0.8004,0.7855,0.8154,Weak
2016,38,25700,North Dakota,Fargo city,All,all,0.9414,0.8874,0.9954,Marginal,0.8836,0.8645,0.9026,Marginal
2016,38,25700,North Dakota,Fargo city,With Disability,disability,NA,NA,NA,NA,0.6468,0.5343,0.7593,Marginal
2016,38,25700,North Dakota,Fargo city,Without Disability,disability,0.9384,0.8816,0.9953,Marginal,0.9012,0.8833,0.9191,Marginal
2016,39,01000,Ohio,Akron city,All,all,0.8828,0.8384,0.9272,Weak,0.7139,0.696,0.7318,Weak
2016,39,01000,Ohio,Akron city,With Disability,disability,NA,NA,NA,NA,0.2927,0.2486,0.3368,Weak
2016,39,01000,Ohio,Akron city,Without Disability,disability,0.8967,0.85,0.9434,Weak,0.773,0.7552,0.7908,Weak
2016,39,15000,Ohio,Cincinnati city,All,all,0.9218,0.8968,0.9468,Marginal,0.7444,0.7293,0.7594,Marginal
2016,39,15000,Ohio,Cincinnati city,With Disability,disability,0.7433,0.5959,0.8908,Marginal,0.3318,0.2864,0.3772,Marginal
2016,39,15000,Ohio,Cincinnati city,Without Disability,disability,0.9347,0.9119,0.9574,Marginal,0.7966,0.783,0.8103,Marginal
2016,39,16000,Ohio,Cleveland city,All,all,0.7598,0.72,0.7995,Weak,0.6423,0.6298,0.6548,Weak
2016,39,16000,Ohio,Cleveland city,With Disability,disability,0.4827,0.3797,0.5857,Weak,0.3038,0.2736,0.334,Weak
2016,39,16000,Ohio,Cleveland city,Without Disability,disability,0.8101,0.7703,0.8498,Weak,0.7119,0.6983,0.7255,Weak
2016,39,18000,Ohio,Columbus city,All,all,0.8937,0.8744,0.913,Marginal,0.7985,0.7902,0.8068,Marginal
2016,39,18000,Ohio,Columbus city,With Disability,disability,0.7023,0.56,0.8446,Marginal,0.443,0.4134,0.4726,Marginal
2016,39,18000,Ohio,Columbus city,Without Disability,disability,0.9043,0.886,0.9227,Marginal,0.8351,0.8268,0.8434,Marginal
2016,39,21000,Ohio,Dayton city,All,all,0.8677,0.8317,0.9036,Weak,0.6755,0.6527,0.6983,Weak
2016,39,21000,Ohio,Dayton city,With Disability,disability,0.6987,0.5301,0.8673,Weak,0.2817,0.2292,0.3342,Weak
2016,39,21000,Ohio,Dayton city,Without Disability,disability,0.8822,0.8463,0.918,Weak,0.7455,0.7248,0.7662,Weak
2016,39,61000,Ohio,Parma city,All,all,0.888,0.821,0.9551,Weak,0.8003,0.7815,0.8191,Weak
2016,39,61000,Ohio,Parma city,With Disability,disability,NA,NA,NA,NA,0.3818,0.313,0.4507,Weak
2016,39,61000,Ohio,Parma city,Without Disability,disability,0.9093,0.8448,0.9737,Weak,0.8494,0.8301,0.8688,Weak
2016,39,77000,Ohio,Toledo city,All,all,0.8557,0.8121,0.8992,Weak,0.7262,0.7102,0.7421,Weak
2016,39,77000,Ohio,Toledo city,With Disability,disability,0.5453,0.3509,0.7398,Weak,0.343,0.3071,0.3788,Weak
2016,39,77000,Ohio,Toledo city,Without Disability,disability,0.8865,0.8447,0.9283,Weak,0.7905,0.7746,0.8064,Weak
2016,40,09050,Oklahoma,Broken Arrow city,All,all,0.8781,0.8367,0.9195,Marginal,0.8164,0.8032,0.8296,Marginal
2016,40,09050,Oklahoma,Broken Arrow city,With Disability,disability,NA,NA,NA,NA,0.4941,0.441,0.5472,Marginal
2016,40,09050,Oklahoma,Broken Arrow city,Without Disability,disability,0.8904,0.8498,0.931,Marginal,0.842,0.8294,0.8545,Marginal
2016,40,23200,Oklahoma,Edmond city,All,all,0.9674,0.9269,1,Marginal,0.8364,0.816,0.8569,Marginal
2016,40,23200,Oklahoma,Edmond city,With Disability,disability,NA,NA,NA,NA,0.4388,0.3257,0.5518,Marginal
2016,40,23200,Oklahoma,Edmond city,Without Disability,disability,0.97,0.9291,1,Marginal,0.8616,0.8413,0.8818,Marginal
2016,40,41850,Oklahoma,Lawton city,All,all,0.9216,0.8469,0.9963,Strong,0.7276,0.6935,0.7616,Strong
2016,40,41850,Oklahoma,Lawton city,With Disability,disability,NA,NA,NA,NA,0.4206,0.3393,0.502,Strong
2016,40,41850,Oklahoma,Lawton city,Without Disability,disability,0.9327,0.863,1,Strong,0.8009,0.7681,0.8337,Strong
2016,40,52500,Oklahoma,Norman city,All,all,0.92490000000000006,0.885,0.9648,Marginal,0.805,0.79,0.82,Marginal
2016,40,52500,Oklahoma,Norman city,With Disability,disability,NA,NA,NA,NA,0.4857,0.4193,0.5521,Marginal
2016,40,52500,Oklahoma,Norman city,Without Disability,disability,0.9295,0.8893,0.9697,Marginal,0.8393,0.8252,0.8533,Marginal
2016,40,55000,Oklahoma,Oklahoma City city,All,all,0.8442,0.8052,0.8832,Weak,0.7784,0.7681,0.7887,Weak
2016,40,55000,Oklahoma,Oklahoma City city,With Disability,disability,0.6573,0.4877,0.8269,Weak,0.3971,0.3608,0.4334,Weak
2016,40,55000,Oklahoma,Oklahoma City city,Without Disability,disability,0.8556,0.8161,0.8952,Weak,0.8206,0.8097,0.8315,Weak
2016,40,75000,Oklahoma,Tulsa city,All,all,0.8573,0.8283,0.8864,Weak,0.7906,0.7812,0.8001,Weak
2016,40,75000,Oklahoma,Tulsa city,With Disability,disability,0.7789,0.637,0.9209,Weak,0.4409,0.406,0.4758,Weak
2016,40,75000,Oklahoma,Tulsa city,Without Disability,disability,0.8636,0.8325,0.8947,Weak,0.8317,0.8224,0.8409,Weak
2016,41,05350,Oregon,Beaverton city,All,all,0.8914,0.8279,0.9549,Marginal,0.806,0.7935,0.8184,Marginal
2016,41,05350,Oregon,Beaverton city,With Disability,disability,NA,NA,NA,NA,0.4966,0.4242,0.5689,Marginal
2016,41,05350,Oregon,Beaverton city,Without Disability,disability,0.8957,0.8309,0.9604,Marginal,0.8316,0.8188,0.8444,Marginal
2016,41,05800,Oregon,Bend city,All,all,0.9579,0.9179,0.9979,Marginal,0.7752,0.7545,0.7959,Marginal
2016,41,05800,Oregon,Bend city,With Disability,disability,NA,NA,NA,NA,0.4315,0.3354,0.5275,Marginal
2016,41,05800,Oregon,Bend city,Without Disability,disability,0.9601,0.9195,1,Marginal,0.8046,0.7838,0.8255,Marginal
2016,41,23850,Oregon,Eugene city,All,all,0.9213,0.8875,0.9551,Marginal,0.7517,0.734,0.7694,Marginal
2016,41,23850,Oregon,Eugene city,With Disability,disability,NA,NA,NA,NA,0.367,0.3099,0.4241,Marginal
2016,41,23850,Oregon,Eugene city,Without Disability,disability,0.9301,0.8973,0.963,Marginal,0.8011,0.7853,0.8169,Marginal
2016,41,31250,Oregon,Gresham city,All,all,0.8401,0.7698,0.9104,Marginal,0.767,0.7453,0.7887,Marginal
2016,41,31250,Oregon,Gresham city,With Disability,disability,NA,NA,NA,NA,0.4313,0.3689,0.4938,Marginal
2016,41,31250,Oregon,Gresham city,Without Disability,disability,0.8491,0.7762,0.9221,Marginal,0.8152,0.7947,0.8357,Marginal
2016,41,34100,Oregon,Hillsboro city,All,all,0.8906,0.8066,0.9746,Strong,0.7961,0.7727,0.8195,Strong
2016,41,34100,Oregon,Hillsboro city,With Disability,disability,NA,NA,NA,NA,0.4275,0.3209,0.5341,Strong
2016,41,34100,Oregon,Hillsboro city,Without Disability,disability,0.9055,0.8222,0.9888,Strong,0.8195,0.7979,0.8411,Strong
2016,41,47000,Oregon,Medford city,All,all,0.8476,0.7513,0.944,Marginal,0.7432,0.717,0.7694,Marginal
2016,41,47000,Oregon,Medford city,With Disability,disability,NA,NA,NA,NA,0.4043,0.3177,0.4909,Marginal
2016,41,47000,Oregon,Medford city,Without Disability,disability,0.86,0.7645,0.9555,Marginal,0.7905,0.7664,0.8145,Marginal
2016,41,59000,Oregon,Portland city,All,all,0.9101,0.8808,0.9394,Marginal,0.8042,0.796,0.8124,Marginal
2016,41,59000,Oregon,Portland city,With Disability,disability,0.7613,0.6276,0.8951,Marginal,0.4516,0.412,0.4912,Marginal
2016,41,59000,Oregon,Portland city,Without Disability,disability,0.9274,0.8994,0.9554,Marginal,0.8376,0.8299,0.8452,Marginal
2016,41,64900,Oregon,Salem city,All,all,0.8964,0.8534,0.9394,Marginal,0.7673,0.7501,0.7846,Marginal
2016,41,64900,Oregon,Salem city,With Disability,disability,NA,NA,NA,NA,0.4384,0.3743,0.5026,Marginal
2016,41,64900,Oregon,Salem city,Without Disability,disability,0.893,0.8456,0.9404,Marginal,0.811,0.7938,0.8283,Marginal
2016,42,02000,Pennsylvania,Allentown city,All,all,0.8359,0.7486,0.9232,Weak,0.6981,0.6659,0.7304,Weak
2016,42,02000,Pennsylvania,Allentown city,With Disability,disability,NA,NA,NA,NA,0.3715,0.3101,0.433,Weak
2016,42,02000,Pennsylvania,Allentown city,Without Disability,disability,0.8178,0.7237,0.9118,Weak,0.7618,0.7311,0.7925,Weak
2016,42,06088,Pennsylvania,Bethlehem city,All,all,0.951,0.9192,0.9828,Marginal,0.7906,0.7691,0.8122,Marginal
2016,42,06088,Pennsylvania,Bethlehem city,With Disability,disability,NA,NA,NA,NA,0.3887,0.3103,0.4671,Marginal
2016,42,06088,Pennsylvania,Bethlehem city,Without Disability,disability,0.9517,0.9196,0.9839,Marginal,0.8332,0.8126,0.8537,Marginal
2016,42,24000,Pennsylvania,Erie city,All,all,0.8841,0.8234,0.9447,Weak,0.7099,0.6847,0.7351,Weak
2016,42,24000,Pennsylvania,Erie city,With Disability,disability,NA,NA,NA,NA,0.2839,0.2249,0.3429,Weak
2016,42,24000,Pennsylvania,Erie city,Without Disability,disability,0.9225,0.8732,0.9719,Weak,0.788,0.7629,0.8131,Weak
2016,42,60000,Pennsylvania,Philadelphia city,All,all,0.8849,0.8641,0.9057,Strong,0.6946,0.6862,0.7029,Strong
2016,42,60000,Pennsylvania,Philadelphia city,With Disability,disability,0.7139,0.6017,0.8261,Strong,0.2912,0.2708,0.3116,Strong
2016,42,60000,Pennsylvania,Philadelphia city,Without Disability,disability,0.8964,0.875,0.9179,Strong,0.7518,0.7431,0.7605,Strong
2016,42,61000,Pennsylvania,Pittsburgh city,All,all,0.9496,0.9282,0.971,Marginal,0.7824,0.7676,0.7972,Marginal
2016,42,61000,Pennsylvania,Pittsburgh city,With Disability,disability,0.7264,0.5484,0.9044,Marginal,0.366,0.319,0.413,Marginal
2016,42,61000,Pennsylvania,Pittsburgh city,Without Disability,disability,0.9597,0.94,0.9794,Marginal,0.8313,0.8171,0.8454,Marginal
2016,42,63624,Pennsylvania,Reading city,All,all,0.8323,0.7492,0.9154,Marginal,0.7081,0.6798,0.7364,Marginal
2016,42,63624,Pennsylvania,Reading city,With Disability,disability,NA,NA,NA,NA,0.2767,0.2062,0.3472,Marginal
2016,42,63624,Pennsylvania,Reading city,Without Disability,disability,0.8295,0.7426,0.9163,Marginal,0.7843,0.7596,0.8089,Marginal
2016,42,69000,Pennsylvania,Scranton city,All,all,0.9216,0.8733,0.9698,Weak,0.7618,0.7382,0.7854,Weak
2016,42,69000,Pennsylvania,Scranton city,With Disability,disability,NA,NA,NA,NA,0.307,0.2374,0.3767,Weak
2016,42,69000,Pennsylvania,Scranton city,Without Disability,disability,0.93,0.8841,0.9759,Weak,0.8238,0.8004,0.8471,Weak
2016,44,19180,Rhode Island,Cranston city,All,all,0.8755,0.8019,0.9491,Marginal,0.8108,0.7896,0.832,Marginal
2016,44,19180,Rhode Island,Cranston city,With Disability,disability,NA,NA,NA,NA,0.3372,0.2524,0.4221,Marginal
2016,44,19180,Rhode Island,Cranston city,Without Disability,disability,0.8944,0.8152,0.9735,Marginal,0.8532,0.8329,0.8734,Marginal
2016,44,54640,Rhode Island,Pawtucket city,All,all,0.8162,0.7471,0.8853,Marginal,0.7786,0.7611,0.7962,Marginal
2016,44,54640,Rhode Island,Pawtucket city,With Disability,disability,NA,NA,NA,NA,0.3025,0.244,0.361,Marginal
2016,44,54640,Rhode Island,Pawtucket city,Without Disability,disability,0.8119,0.7395,0.8843,Marginal,0.8301,0.8134,0.8469,Marginal
2016,44,59000,Rhode Island,Providence city,All,all,0.9384,0.9127,0.964,Weak,0.7008,0.6803,0.7213,Weak
2016,44,59000,Rhode Island,Providence city,With Disability,disability,0.8613,0.7418,0.9809,Weak,0.289,0.231,0.347,Weak
2016,44,59000,Rhode Island,Providence city,Without Disability,disability,0.9442,0.9181,0.9703,Weak,0.754,0.734,0.774,Weak
2016,44,74300,Rhode Island,Warwick city,All,all,0.8816,0.8028,0.9603,Marginal,0.8287,0.8131,0.8443,Marginal
2016,44,74300,Rhode Island,Warwick city,With Disability,disability,NA,NA,NA,NA,0.4666,0.3934,0.5397,Marginal
2016,44,74300,Rhode Island,Warwick city,Without Disability,disability,0.9192,0.851,0.9875,Marginal,0.8681,0.8551,0.881,Marginal
2016,45,13330,South Carolina,Charleston city,All,all,0.9571,0.933,0.9812,Marginal,0.8201,0.8041,0.8361,Marginal
2016,45,13330,South Carolina,Charleston city,With Disability,disability,NA,NA,NA,NA,0.4208,0.3455,0.496,Marginal
2016,45,13330,South Carolina,Charleston city,Without Disability,disability,0.9614,0.9373,0.9855,Marginal,0.8526,0.8365,0.8687,Marginal
2016,45,16000,South Carolina,Columbia city,All,all,0.9557,0.9361,0.9753,Weak,0.7925,0.7786,0.8063,Weak
2016,45,16000,South Carolina,Columbia city,With Disability,disability,NA,NA,NA,NA,0.3857,0.321,0.4503,Weak
2016,45,16000,South Carolina,Columbia city,Without Disability,disability,0.9603,0.942,0.9786,Weak,0.8332,0.8192,0.8471,Weak
2016,45,48535,South Carolina,Mount Pleasant town,All,all,0.9022,0.8414,0.9629,Marginal,0.7913,0.7719,0.8107,Marginal
2016,45,48535,South Carolina,Mount Pleasant town,With Disability,disability,NA,NA,NA,NA,0.4026,0.3269,0.4783,Marginal
2016,45,48535,South Carolina,Mount Pleasant town,Without Disability,disability,0.9138,0.8576,0.97,Marginal,0.8276,0.8081,0.847,Marginal
2016,45,50875,South Carolina,North Charleston city,All,all,0.8576,0.8032,0.9119,Marginal,0.7856,0.7704,0.8009,Marginal
2016,45,50875,South Carolina,North Charleston city,With Disability,disability,NA,NA,NA,NA,0.3892,0.3335,0.4448,Marginal
2016,45,50875,South Carolina,North Charleston city,Without Disability,disability,0.871,0.817,0.925,Marginal,0.8179,0.8025,0.8333,Marginal
2016,46,59020,South Dakota,Sioux Falls city,All,all,0.8688,0.7935,0.9442,Strong,0.8765,0.8557,0.8973,Strong
2016,46,59020,South Dakota,Sioux Falls city,With Disability,disability,NA,NA,NA,NA,0.4991,0.3895,0.6087,Strong
2016,46,59020,South Dakota,Sioux Falls city,Without Disability,disability,0.8966,0.8269,0.9663,Strong,0.9062,0.8883,0.9241,Strong
2016,47,14000,Tennessee,Chattanooga city,All,all,0.9233,0.8931,0.9535,Weak,0.7674,0.7522,0.7825,Weak
2016,47,14000,Tennessee,Chattanooga city,With Disability,disability,NA,NA,NA,NA,0.3216,0.259,0.3842,Weak
2016,47,14000,Tennessee,Chattanooga city,Without Disability,disability,0.9213,0.889,0.9535,Weak,0.8183,0.8031,0.8336,Weak
2016,47,15160,Tennessee,Clarksville city,All,all,0.9587,0.9338,0.9835,Marginal,0.7241,0.7051,0.7432,Marginal
2016,47,15160,Tennessee,Clarksville city,With Disability,disability,NA,NA,NA,NA,0.4059,0.3465,0.4653,Marginal
2016,47,15160,Tennessee,Clarksville city,Without Disability,disability,0.9676,0.9461,0.989,Marginal,0.7751,0.7568,0.7935,Marginal
2016,47,27740,Tennessee,Franklin city,All,all,0.8971,0.8206,0.9737,Weak,0.815,0.7997,0.8302,Weak
2016,47,27740,Tennessee,Franklin city,With Disability,disability,NA,NA,NA,NA,0.5902,0.4886,0.6918,Weak
2016,47,27740,Tennessee,Franklin city,Without Disability,disability,0.9071,0.8295,0.9846,Weak,0.8228,0.8082,0.8374,Weak
2016,47,40000,Tennessee,Knoxville city,All,all,0.96,0.9331,0.9869,Weak,0.7703,0.7516,0.7891,Weak
2016,47,40000,Tennessee,Knoxville city,With Disability,disability,NA,NA,NA,NA,0.3696,0.3245,0.4147,Weak
2016,47,40000,Tennessee,Knoxville city,Without Disability,disability,0.96,0.9324,0.9877,Weak,0.8287,0.8104,0.8471,Weak
2016,47,48000,Tennessee,Memphis city,All,all,0.873,0.8429,0.9031,Marginal,0.7307,0.7188,0.7425,Marginal
2016,47,48000,Tennessee,Memphis city,With Disability,disability,0.7571,0.6211,0.8931,Marginal,0.3404,0.2987,0.3822,Marginal
2016,47,48000,Tennessee,Memphis city,Without Disability,disability,0.8819,0.8488,0.915,Marginal,0.7787,0.7676,0.7899,Marginal
2016,47,51560,Tennessee,Murfreesboro city,All,all,0.9422,0.8967,0.9877,Marginal,0.8137,0.7974,0.83,Marginal
2016,47,51560,Tennessee,Murfreesboro city,With Disability,disability,NA,NA,NA,NA,0.4592,0.3827,0.5358,Marginal
2016,47,51560,Tennessee,Murfreesboro city,Without Disability,disability,0.9465,0.9005,0.9925,Marginal,0.841,0.8262,0.8558,Marginal
2016,47,52006,Tennessee,Nashville-Davidson metropolitan government (balance),All,all,0.8975,0.8682,0.9268,Strong,0.8133,0.8043,0.8223,Strong
2016,47,52006,Tennessee,Nashville-Davidson metropolitan government (balance),With Disability,disability,0.8137,0.6715,0.956,Strong,0.4637,0.4301,0.4972,Strong
2016,47,52006,Tennessee,Nashville-Davidson metropolitan government (balance),Without Disability,disability,0.9018,0.8727,0.9309,Strong,0.8463,0.8367,0.8559,Strong
2016,48,01000,Texas,Abilene city,All,all,0.9503,0.925,0.9756,Weak,0.779,0.7575,0.8005,Weak
2016,48,01000,Texas,Abilene city,With Disability,disability,NA,NA,NA,NA,0.4631,0.3759,0.5504,Weak
2016,48,01000,Texas,Abilene city,Without Disability,disability,0.9589,0.9357,0.9822,Weak,0.8241,0.8078,0.8404,Weak
2016,48,01924,Texas,Allen city,All,all,0.9185,0.8487,0.9882,Marginal,0.8241,0.8073,0.8409,Marginal
2016,48,01924,Texas,Allen city,With Disability,disability,NA,NA,NA,NA,0.4423,0.3246,0.5601,Marginal
2016,48,01924,Texas,Allen city,Without Disability,disability,0.9122,0.8383,0.9862,Marginal,0.8414,0.8246,0.8582,Marginal
2016,48,03000,Texas,Amarillo city,All,all,0.8997,0.8622,0.9371,Weak,0.806,0.793,0.8189,Weak
2016,48,03000,Texas,Amarillo city,With Disability,disability,NA,NA,NA,NA,0.47,0.4079,0.5322,Weak
2016,48,03000,Texas,Amarillo city,Without Disability,disability,0.9052,0.8672,0.9432,Weak,0.8353,0.8239,0.8468,Weak
2016,48,04000,Texas,Arlington city,All,all,0.8667,0.8249,0.9085,Weak,0.7932,0.7839,0.8024,Weak
2016,48,04000,Texas,Arlington city,With Disability,disability,0.89,0.7777,1,Weak,0.4055,0.3672,0.4437,Weak
2016,48,04000,Texas,Arlington city,Without Disability,disability,0.8652,0.8231,0.9072,Weak,0.8243,0.8146,0.834,Weak
2016,48,05000,Texas,Austin city,All,all,0.9301,0.9116,0.9487,Marginal,0.8276,0.8217,0.8335,Marginal
2016,48,05000,Texas,Austin city,With Disability,disability,0.8842,0.7991,0.9694,Marginal,0.5295,0.4957,0.5634,Marginal
2016,48,05000,Texas,Austin city,Without Disability,disability,0.9321,0.9134,0.9508,Marginal,0.8462,0.8404,0.8521,Marginal
2016,48,06128,Texas,Baytown city,All,all,0.9341,0.8816,0.9866,Marginal,0.7108,0.6854,0.7362,Marginal
2016,48,06128,Texas,Baytown city,With Disability,disability,NA,NA,NA,NA,0.38,0.2947,0.4654,Marginal
2016,48,06128,Texas,Baytown city,Without Disability,disability,0.9432,0.8919,0.9946,Marginal,0.7469,0.7215,0.7723,Marginal
2016,48,07000,Texas,Beaumont city,All,all,0.9371,0.8913,0.9828,Weak,0.7456,0.7241,0.7671,Weak
2016,48,07000,Texas,Beaumont city,With Disability,disability,NA,NA,NA,NA,0.3838,0.2958,0.4718,Weak
2016,48,07000,Texas,Beaumont city,Without Disability,disability,0.9598,0.9292,0.9904,Weak,0.7795,0.7553,0.8036,Weak
2016,48,10768,Texas,Brownsville city,All,all,0.8353,0.786,0.8845,Strong,0.6935,0.6746,0.7124,Strong
2016,48,10768,Texas,Brownsville city,With Disability,disability,NA,NA,NA,NA,0.3489,0.282,0.4158,Strong
2016,48,10768,Texas,Brownsville city,Without Disability,disability,0.8518,0.8033,0.9002,Strong,0.7268,0.708,0.7457,Strong
2016,48,10912,Texas,Bryan city,All,all,0.9718,0.9568,0.9869,Marginal,0.7993,0.7831,0.8156,Marginal
2016,48,10912,Texas,Bryan city,With Disability,disability,NA,NA,NA,NA,0.4696,0.3915,0.5476,Marginal
2016,48,10912,Texas,Bryan city,Without Disability,disability,0.9748,0.96,0.9896,Marginal,0.8218,0.8056,0.838,Marginal
2016,48,13024,Texas,Carrollton city,All,all,0.8891,0.851,0.9273,Marginal,0.8569,0.8473,0.8665,Marginal
2016,48,13024,Texas,Carrollton city,With Disability,disability,NA,NA,NA,NA,0.5151,0.443,0.5872,Marginal
2016,48,13024,Texas,Carrollton city,Without Disability,disability,0.8902,0.8507,0.9298,Marginal,0.8693,0.8601,0.8786,Marginal
2016,48,13552,Texas,Cedar Park city,All,all,0.9357,0.8785,0.9929,Weak,0.8289,0.8129,0.8449,Weak
2016,48,13552,Texas,Cedar Park city,With Disability,disability,NA,NA,NA,NA,0.5935,0.5106,0.6763,Weak
2016,48,13552,Texas,Cedar Park city,Without Disability,disability,0.9298,0.8669,0.9927,Weak,0.8426,0.8276,0.8577,Weak
2016,48,15976,Texas,College Station city,All,all,0.9718,0.9568,0.9869,Marginal,0.7993,0.7831,0.8156,Marginal
2016,48,15976,Texas,College Station city,With Disability,disability,NA,NA,NA,NA,0.4696,0.3915,0.5476,Marginal
2016,48,15976,Texas,College Station city,Without Disability,disability,0.9748,0.96,0.9896,Marginal,0.8218,0.8056,0.838,Marginal
2016,48,16432,Texas,Conroe city,All,all,0.8391,0.7856,0.8925,Weak,0.7381,0.7179,0.7584,Weak
2016,48,16432,Texas,Conroe city,With Disability,disability,NA,NA,NA,NA,0.3536,0.2965,0.4106,Weak
2016,48,16432,Texas,Conroe city,Without Disability,disability,0.8409,0.785,0.8968,Weak,0.7772,0.7577,0.7968,Weak
2016,48,17000,Texas,Corpus Christi city,All,all,0.8814,0.8417,0.9211,Marginal,0.781,0.7671,0.795,Marginal
2016,48,17000,Texas,Corpus Christi city,With Disability,disability,NA,NA,NA,NA,0.4521,0.4004,0.5039,Marginal
2016,48,17000,Texas,Corpus Christi city,Without Disability,disability,0.8888,0.8466,0.9311,Marginal,0.8131,0.8002,0.826,Marginal
2016,48,19000,Texas,Dallas city,All,all,0.8196,0.7947,0.8445,Marginal,0.7736,0.7681,0.7792,Marginal
2016,48,19000,Texas,Dallas city,With Disability,disability,0.7458,0.6392,0.8523,Marginal,0.3772,0.3503,0.4041,Marginal
2016,48,19000,Texas,Dallas city,Without Disability,disability,0.8238,0.7993,0.8484,Marginal,0.8021,0.797,0.8072,Marginal
2016,48,19972,Texas,Denton city,All,all,0.952,0.9307,0.9733,Marginal,0.8045,0.786,0.823,Marginal
2016,48,19972,Texas,Denton city,With Disability,disability,0.6757,0.4586,0.8928,Marginal,0.4983,0.4138,0.5827,Marginal
2016,48,19972,Texas,Denton city,Without Disability,disability,0.9726,0.9562,0.9891,Marginal,0.8291,0.8112,0.847,Marginal
2016,48,22660,Texas,Edinburg city,All,all,0.8698,0.787,0.9525,Marginal,0.7533,0.7267,0.7799,Marginal
2016,48,22660,Texas,Edinburg city,With Disability,disability,NA,NA,NA,NA,0.482,0.368,0.596,Marginal
2016,48,22660,Texas,Edinburg city,Without Disability,disability,0.8639,0.7759,0.9518,Marginal,0.7757,0.751,0.8004,Marginal
2016,48,24000,Texas,El Paso city,All,all,0.8698,0.8403,0.8992,Marginal,0.7453,0.7357,0.755,Marginal
2016,48,24000,Texas,El Paso city,With Disability,disability,0.7254,0.5693,0.8814,Marginal,0.4491,0.414,0.4842,Marginal
2016,48,24000,Texas,El Paso city,Without Disability,disability,0.8803,0.8521,0.9084,Marginal,0.7782,0.7693,0.787,Marginal
2016,48,26232,Texas,Flower Mound town,All,all,0.9892,0.9774,1,Marginal,0.8207,0.8069,0.8344,Marginal
2016,48,26232,Texas,Flower Mound town,With Disability,disability,NA,NA,NA,NA,0.6187,0.5233,0.714,Marginal
2016,48,26232,Texas,Flower Mound town,Without Disability,disability,0.9902,0.9784,1,Marginal,0.8306,0.817,0.8442,Marginal
2016,48,27000,Texas,Fort Worth city,All,all,0.8643,0.8407,0.888,Marginal,0.7772,0.7699,0.7846,Marginal
2016,48,27000,Texas,Fort Worth city,With Disability,disability,0.7897,0.6807,0.8987,Marginal,0.4311,0.4047,0.4575,Marginal
2016,48,27000,Texas,Fort Worth city,Without Disability,disability,0.869,0.8455,0.8924,Marginal,0.8072,0.7996,0.8148,Marginal
2016,48,27684,Texas,Frisco city,All,all,0.9563,0.9194,0.9932,Marginal,0.8219,0.8116,0.8321,Marginal
2016,48,27684,Texas,Frisco city,With Disability,disability,NA,NA,NA,NA,0.5056,0.4167,0.5945,Marginal
2016,48,27684,Texas,Frisco city,Without Disability,disability,0.9531,0.9141,0.9921,Marginal,0.8342,0.824,0.8444,Marginal
2016,48,29000,Texas,Garland city,All,all,0.9158,0.8887,0.9428,Weak,0.7941,0.7811,0.8071,Weak
2016,48,29000,Texas,Garland city,With Disability,disability,NA,NA,NA,NA,0.5305,0.4693,0.5917,Weak
2016,48,29000,Texas,Garland city,Without Disability,disability,0.9148,0.8861,0.9435,Weak,0.814,0.8012,0.8268,Weak
2016,48,30464,Texas,Grand Prairie city,All,all,0.8405,0.7863,0.8948,Marginal,0.7869,0.7739,0.79990000000000006,Marginal
2016,48,30464,Texas,Grand Prairie city,With Disability,disability,NA,NA,NA,NA,0.4275,0.3744,0.4806,Marginal
2016,48,30464,Texas,Grand Prairie city,Without Disability,disability,0.8509,0.794,0.9078,Marginal,0.8106,0.797,0.8241,Marginal
2016,48,35000,Texas,Houston city,All,all,0.8166,0.7982,0.835,Marginal,0.7732,0.7687,0.7778,Marginal
2016,48,35000,Texas,Houston city,With Disability,disability,0.7254,0.6346,0.8163,Marginal,0.4309,0.4084,0.4534,Marginal
2016,48,35000,Texas,Houston city,Without Disability,disability,0.8206,0.8019,0.8394,Marginal,0.7967,0.7923,0.8011,Marginal
2016,48,37000,Texas,Irving city,All,all,0.8272,0.7787,0.8757,Weak,0.8047,0.7957,0.8138,Weak
2016,48,37000,Texas,Irving city,With Disability,disability,NA,NA,NA,NA,0.4769,0.4176,0.5362,Weak
2016,48,37000,Texas,Irving city,Without Disability,disability,0.8271,0.7765,0.8776,Weak,0.8222,0.8124,0.832,Weak
2016,48,39148,Texas,Killeen city,All,all,0.8841,0.8266,0.9415,Strong,0.718,0.6983,0.7377,Strong
2016,48,39148,Texas,Killeen city,With Disability,disability,NA,NA,NA,NA,0.4292,0.3619,0.4964,Strong
2016,48,39148,Texas,Killeen city,Without Disability,disability,0.8786,0.8184,0.9389,Strong,0.7591,0.7375,0.7806,Strong
2016,48,41464,Texas,Laredo city,All,all,0.8576,0.8254,0.8898,Strong,0.6934,0.6767,0.7102,Strong
2016,48,41464,Texas,Laredo city,With Disability,disability,NA,NA,NA,NA,0.4184,0.3651,0.4716,Strong
2016,48,41464,Texas,Laredo city,Without Disability,disability,0.8673,0.8338,0.9008,Strong,0.72,0.7031,0.7369,Strong
2016,48,41980,Texas,League City city,All,all,0.9285,0.8713,0.9856,Marginal,0.8128,0.7904,0.8352,Marginal
2016,48,41980,Texas,League City city,With Disability,disability,NA,NA,NA,NA,0.5417,0.4243,0.6592,Marginal
2016,48,41980,Texas,League City city,Without Disability,disability,0.9548,0.9127,0.9968,Marginal,0.8341,0.814,0.8541,Marginal
2016,48,42508,Texas,Lewisville city,All,all,0.8396,0.7509,0.9284,Strong,0.8334,0.8165,0.8503,Strong
2016,48,42508,Texas,Lewisville city,With Disability,disability,NA,NA,NA,NA,0.5713,0.4604,0.6821,Strong
2016,48,42508,Texas,Lewisville city,Without Disability,disability,0.8397,0.7471,0.9322,Strong,0.8471,0.8318,0.8625,Strong
2016,48,43888,Texas,Longview city,All,all,0.9171,0.8757,0.9586,Marginal,0.7712,0.7502,0.7922,Marginal
2016,48,43888,Texas,Longview city,With Disability,disability,NA,NA,NA,NA,0.4613,0.3739,0.5488,Marginal
2016,48,43888,Texas,Longview city,Without Disability,disability,0.9157,0.8719,0.9596,Marginal,0.8004,0.7801,0.8207,Marginal
2016,48,45000,Texas,Lubbock city,All,all,0.9544,0.9383,0.9705,Weak,0.7897,0.7742,0.8052,Weak
2016,48,45000,Texas,Lubbock city,With Disability,disability,0.9195,0.8437,0.9954,Weak,0.4985,0.4395,0.5574,Weak
2016,48,45000,Texas,Lubbock city,Without Disability,disability,0.9572,0.9414,0.9731,Weak,0.8305,0.8152,0.8457,Weak
2016,48,45384,Texas,McAllen city,All,all,0.8471,0.7725,0.9217,Strong,0.7287,0.7109,0.7465,Strong
2016,48,45384,Texas,McAllen city,With Disability,disability,NA,NA,NA,NA,0.4186,0.3295,0.5077,Strong
2016,48,45384,Texas,McAllen city,Without Disability,disability,0.8411,0.7643,0.9179,Strong,0.7579,0.7391,0.7767,Strong
2016,48,45744,Texas,McKinney city,All,all,0.9063,0.8492,0.9633,Strong,0.8284,0.8127,0.8441,Strong
2016,48,45744,Texas,McKinney city,With Disability,disability,NA,NA,NA,NA,0.5007,0.399,0.6025,Strong
2016,48,45744,Texas,McKinney city,Without Disability,disability,0.9106,0.8531,0.9681,Strong,0.8432,0.8281,0.8583,Strong
2016,48,47892,Texas,Mesquite city,All,all,0.8508,0.8041,0.8974,Marginal,0.7743,0.7581,0.7906,Marginal
2016,48,47892,Texas,Mesquite city,With Disability,disability,NA,NA,NA,NA,0.4607,0.4017,0.5198,Marginal
2016,48,47892,Texas,Mesquite city,Without Disability,disability,0.8519,0.8043,0.8994,Marginal,0.8032,0.787,0.8194,Marginal
2016,48,48072,Texas,Midland city,All,all,0.842,0.7741,0.91,Strong,0.8133,0.7934,0.8331,Strong
2016,48,48072,Texas,Midland city,With Disability,disability,NA,NA,NA,NA,0.5577,0.4596,0.6559,Strong
2016,48,48072,Texas,Midland city,Without Disability,disability,0.8468,0.7746,0.919,Strong,0.8294,0.8102,0.8487,Strong
2016,48,48768,Texas,Mission city,All,all,0.7518,0.626,0.8777,Marginal,0.7078,0.6814,0.7343,Marginal
2016,48,48768,Texas,Mission city,With Disability,disability,NA,NA,NA,NA,0.4311,0.3102,0.5519,Marginal
2016,48,48768,Texas,Mission city,Without Disability,disability,0.7655,0.6342,0.8969,Marginal,0.7354,0.7077,0.7631,Marginal
2016,48,50820,Texas,New Braunfels city,All,all,0.9164,0.8698,0.9631,Marginal,0.7818,0.762,0.8016,Marginal
2016,48,50820,Texas,New Braunfels city,With Disability,disability,NA,NA,NA,NA,0.4696,0.3926,0.5466,Marginal
2016,48,50820,Texas,New Braunfels city,Without Disability,disability,0.9403,0.9031,0.9774,Marginal,0.8127,0.7935,0.8319,Marginal
2016,48,53388,Texas,Odessa city,All,all,0.8753,0.8094,0.9412,Marginal,0.7597,0.7412,0.7783,Marginal
2016,48,53388,Texas,Odessa city,With Disability,disability,NA,NA,NA,NA,0.4684,0.3945,0.5424,Marginal
2016,48,53388,Texas,Odessa city,Without Disability,disability,0.8698,0.8016,0.9381,Marginal,0.7939,0.7742,0.8136,Marginal
2016,48,56000,Texas,Pasadena city,All,all,0.85,0.7847,0.9153,Weak,0.7115,0.6943,0.7287,Weak
2016,48,56000,Texas,Pasadena city,With Disability,disability,NA,NA,NA,NA,0.4186,0.367,0.4702,Weak
2016,48,56000,Texas,Pasadena city,Without Disability,disability,0.8617,0.7989,0.9246,Weak,0.7409,0.7235,0.7583,Weak
2016,48,56348,Texas,Pearland city,All,all,0.9687,0.9407,0.9966,Marginal,0.8464,0.8244,0.8685,Marginal
2016,48,56348,Texas,Pearland city,With Disability,disability,NA,NA,NA,NA,0.5891,0.4493,0.7289,Marginal
2016,48,56348,Texas,Pearland city,Without Disability,disability,0.9719,0.9434,1,Marginal,0.8592,0.8379,0.8806,Marginal
2016,48,57200,Texas,Pharr city,All,all,0.89,0.8244,0.9556,Marginal,0.721,0.6931,0.7489,Marginal
2016,48,57200,Texas,Pharr city,With Disability,disability,NA,NA,NA,NA,0.4397,0.3238,0.5557,Marginal
2016,48,57200,Texas,Pharr city,Without Disability,disability,0.8945,0.8285,0.9606,Marginal,0.741,0.7131,0.7689,Marginal
2016,48,58016,Texas,Plano city,All,all,0.9439,0.9182,0.9697,Strong,0.8202,0.8096,0.8308,Strong
2016,48,58016,Texas,Plano city,With Disability,disability,NA,NA,NA,NA,0.5075,0.4382,0.5768,Strong
2016,48,58016,Texas,Plano city,Without Disability,disability,0.9583,0.9338,0.9828,Strong,0.8307,0.8201,0.8414,Strong
2016,48,61796,Texas,Richardson city,All,all,0.9013,0.8558,0.9468,Marginal,0.8231,0.812,0.8343,Marginal
2016,48,61796,Texas,Richardson city,With Disability,disability,NA,NA,NA,NA,0.5383,0.4689,0.6077,Marginal
2016,48,61796,Texas,Richardson city,Without Disability,disability,0.9022,0.8542,0.9502,Marginal,0.8355,0.8237,0.8474,Marginal
2016,48,63500,Texas,Round Rock city,All,all,0.9233,0.8725,0.9741,Marginal,0.8299,0.813,0.8467,Marginal
2016,48,63500,Texas,Round Rock city,With Disability,disability,NA,NA,NA,NA,0.6429,0.5418,0.744,Marginal
2016,48,63500,Texas,Round Rock city,Without Disability,disability,0.951,0.911,0.991,Marginal,0.8413,0.8252,0.8574,Marginal
2016,48,64472,Texas,San Angelo city,All,all,0.9512,0.9112,0.9913,Strong,0.7901,0.7686,0.8116,Strong
2016,48,64472,Texas,San Angelo city,With Disability,disability,NA,NA,NA,NA,0.4285,0.3427,0.5143,Strong
2016,48,64472,Texas,San Angelo city,Without Disability,disability,0.9622,0.928,0.9964,Strong,0.8308,0.8108,0.8508,Strong
2016,48,65000,Texas,San Antonio city,All,all,0.8875,0.8707,0.9043,Marginal,0.7635,0.7571,0.7698,Marginal
2016,48,65000,Texas,San Antonio city,With Disability,disability,0.7371,0.656,0.8181,Marginal,0.3989,0.3768,0.421,Marginal
2016,48,65000,Texas,San Antonio city,Without Disability,disability,0.8982,0.8818,0.9146,Marginal,0.8085,0.8026,0.8143,Marginal
2016,48,70808,Texas,Sugar Land city,All,all,0.9419,0.898,0.9859,Marginal,0.8092,0.789,0.8294,Marginal
2016,48,70808,Texas,Sugar Land city,With Disability,disability,NA,NA,NA,NA,0.5597,0.4442,0.6752,Marginal
2016,48,70808,Texas,Sugar Land city,Without Disability,disability,0.943,0.8981,0.988,Marginal,0.818,0.7982,0.8378,Marginal
2016,48,72176,Texas,Temple city,All,all,0.9306,0.8907,0.9704,Marginal,0.7545,0.7332,0.7757,Marginal
2016,48,72176,Texas,Temple city,With Disability,disability,NA,NA,NA,NA,0.5316,0.4451,0.6181,Marginal
2016,48,72176,Texas,Temple city,Without Disability,disability,0.935,0.8954,0.9747,Marginal,0.7834,0.7624,0.8044,Marginal
2016,48,74144,Texas,Tyler city,All,all,0.8943,0.8345,0.9541,Strong,0.7695,0.7458,0.7931,Strong
2016,48,74144,Texas,Tyler city,With Disability,disability,NA,NA,NA,NA,0.3727,0.2873,0.4581,Strong
2016,48,74144,Texas,Tyler city,Without Disability,disability,0.8928,0.8312,0.9544,Strong,0.8123,0.7931,0.8315,Strong
2016,48,76000,Texas,Waco city,All,all,0.9171,0.8817,0.9525,Strong,0.7533,0.7338,0.7728,Strong
2016,48,76000,Texas,Waco city,With Disability,disability,NA,NA,NA,NA,0.345,0.2809,0.409,Strong
2016,48,76000,Texas,Waco city,Without Disability,disability,0.9287,0.8982,0.9593,Strong,0.7994,0.7815,0.8174,Strong
2016,48,79000,Texas,Wichita Falls city,All,all,0.9697,0.9483,0.9911,Weak,0.7879,0.7699,0.806,Weak
2016,48,79000,Texas,Wichita Falls city,With Disability,disability,NA,NA,NA,NA,0.4269,0.3542,0.4997,Weak
2016,48,79000,Texas,Wichita Falls city,Without Disability,disability,0.9716,0.9498,0.9933,Weak,0.8321,0.8154,0.8488,Weak
2016,49,43660,Utah,Layton city,All,all,0.8994,0.8505,0.9482,Weak,0.7915,0.7754,0.8076,Weak
2016,49,43660,Utah,Layton city,With Disability,disability,NA,NA,NA,NA,0.6022,0.5265,0.6779,Weak
2016,49,43660,Utah,Layton city,Without Disability,disability,0.9203,0.8792,0.9615,Weak,0.809,0.7927,0.8252,Weak
2016,49,44320,Utah,Lehi city,All,all,0.9259,0.8884,0.9634,Weak,0.7532,0.7392,0.7671,Weak
2016,49,44320,Utah,Lehi city,With Disability,disability,NA,NA,NA,NA,0.4735,0.4023,0.5446,Weak
2016,49,44320,Utah,Lehi city,Without Disability,disability,0.9398,0.8995,0.9801,Weak,0.7676,0.754,0.7813,Weak
2016,49,55980,Utah,Ogden city,All,all,0.8504,0.7826,0.9181,Marginal,0.7746,0.7532,0.7961,Marginal
2016,49,55980,Utah,Ogden city,With Disability,disability,NA,NA,NA,NA,0.3655,0.2961,0.4349,Marginal
2016,49,55980,Utah,Ogden city,Without Disability,disability,0.8598,0.7896,0.93,Marginal,0.8234,0.8053,0.8414,Marginal
2016,49,57300,Utah,Orem city,All,all,0.8672,0.812,0.9224,Marginal,0.758,0.7399,0.7761,Marginal
2016,49,57300,Utah,Orem city,With Disability,disability,NA,NA,NA,NA,0.4955,0.4128,0.5781,Marginal
2016,49,57300,Utah,Orem city,Without Disability,disability,0.8991,0.8462,0.952,Marginal,0.7745,0.7562,0.7929,Marginal
2016,49,62470,Utah,Provo city,All,all,0.9662,0.9418,0.9906,Strong,0.7419,0.7147,0.7692,Strong
2016,49,62470,Utah,Provo city,With Disability,disability,NA,NA,NA,NA,0.5,0.4022,0.5978,Strong
2016,49,62470,Utah,Provo city,Without Disability,disability,0.9727,0.9497,0.9956,Strong,0.7651,0.7392,0.791,Strong
2016,49,65330,Utah,St. George city,All,all,0.8691,0.804,0.9342,Marginal,0.7584,0.7314,0.7854,Marginal
2016,49,65330,Utah,St. George city,With Disability,disability,NA,NA,NA,NA,0.4523,0.3546,0.55,Marginal
2016,49,65330,Utah,St. George city,Without Disability,disability,0.8643,0.7972,0.9314,Marginal,0.7885,0.761,0.816,Marginal
2016,49,67000,Utah,Salt Lake City city,All,all,0.9275,0.9015,0.9535,Weak,0.8115,0.7979,0.825,Weak
2016,49,67000,Utah,Salt Lake City city,With Disability,disability,0.9677,0.9386,0.9968,Weak,0.5079,0.4449,0.5709,Weak
2016,49,67000,Utah,Salt Lake City city,Without Disability,disability,0.9232,0.8951,0.9513,Weak,0.8351,0.821,0.8491,Weak
2016,49,67440,Utah,Sandy city,All,all,0.8668,0.8047,0.9289,Marginal,0.7971,0.7837,0.8105,Marginal
2016,49,67440,Utah,Sandy city,With Disability,disability,NA,NA,NA,NA,0.5231,0.4501,0.5961,Marginal
2016,49,67440,Utah,Sandy city,Without Disability,disability,0.8753,0.8118,0.9388,Marginal,0.8127,0.7991,0.8262,Marginal
2016,49,70850,Utah,South Jordan city,All,all,0.8684,0.8063,0.9305,Weak,0.7995,0.7835,0.8155,Weak
2016,49,70850,Utah,South Jordan city,With Disability,disability,NA,NA,NA,NA,0.5065,0.4099,0.6032,Weak
2016,49,70850,Utah,South Jordan city,Without Disability,disability,0.8892,0.8351,0.9433,Weak,0.8192,0.8026,0.8358,Weak
2016,49,82950,Utah,West Jordan city,All,all,0.9096,0.8674,0.9518,Marginal,0.8073,0.7902,0.8245,Marginal
2016,49,82950,Utah,West Jordan city,With Disability,disability,NA,NA,NA,NA,0.519,0.4253,0.6126,Marginal
2016,49,82950,Utah,West Jordan city,Without Disability,disability,0.9202,0.8815,0.9589,Marginal,0.8233,0.8065,0.8402,Marginal
2016,49,83470,Utah,West Valley City city,All,all,0.7812,0.7271,0.8353,Marginal,0.7984,0.7839,0.8129,Marginal
2016,49,83470,Utah,West Valley City city,With Disability,disability,NA,NA,NA,NA,0.484,0.4294,0.5386,Marginal
2016,49,83470,Utah,West Valley City city,Without Disability,disability,0.7837,0.7245,0.8429,Marginal,0.8265,0.8124,0.8406,Marginal
2016,51,01000,Virginia,Alexandria city,All,all,0.9074,0.842,0.9727,Weak,0.8896,0.8771,0.9021,Weak
2016,51,01000,Virginia,Alexandria city,With Disability,disability,NA,NA,NA,NA,0.6773,0.5695,0.7851,Weak
2016,51,01000,Virginia,Alexandria city,Without Disability,disability,0.9272,0.8533,1,Weak,0.8982,0.8855,0.9109,Weak
2016,51,16000,Virginia,Chesapeake city,All,all,0.9235,0.8826,0.9643,Weak,0.8072,0.7922,0.8223,Weak
2016,51,16000,Virginia,Chesapeake city,With Disability,disability,NA,NA,NA,NA,0.4265,0.3561,0.497,Weak
2016,51,16000,Virginia,Chesapeake city,Without Disability,disability,0.9328,0.8935,0.972,Weak,0.8347,0.8191,0.8503,Weak
2016,51,35000,Virginia,Hampton city,All,all,0.922,0.8683,0.9758,Weak,0.77,0.7475,0.7925,Weak
2016,51,35000,Virginia,Hampton city,With Disability,disability,NA,NA,NA,NA,0.4014,0.3285,0.4743,Weak
2016,51,35000,Virginia,Hampton city,Without Disability,disability,0.9296,0.8816,0.9776,Weak,0.8091,0.7854,0.8327,Weak
2016,51,47672,Virginia,Lynchburg city,All,all,0.9618,0.9255,0.9981,Marginal,0.7807,0.7566,0.8047,Marginal
2016,51,47672,Virginia,Lynchburg city,With Disability,disability,NA,NA,NA,NA,0.3553,0.2697,0.441,Marginal
2016,51,47672,Virginia,Lynchburg city,Without Disability,disability,0.979,0.9601,0.9978,Marginal,0.8274,0.806,0.8487,Marginal
2016,51,56000,Virginia,Newport News city,All,all,0.951,0.917,0.985,Marginal,0.793,0.776,0.8099,Marginal
2016,51,56000,Virginia,Newport News city,With Disability,disability,NA,NA,NA,NA,0.5215,0.4503,0.5928,Marginal
2016,51,56000,Virginia,Newport News city,Without Disability,disability,0.9498,0.9141,0.9855,Marginal,0.8279,0.8115,0.8443,Marginal
2016,51,57000,Virginia,Norfolk city,All,all,0.9274,0.9092,0.9456,Marginal,0.7561,0.7409,0.7713,Marginal
2016,51,57000,Virginia,Norfolk city,With Disability,disability,0.8265,0.6434,1,Marginal,0.3067,0.2626,0.3507,Marginal
2016,51,57000,Virginia,Norfolk city,Without Disability,disability,0.9333,0.9142,0.9523,Marginal,0.8013,0.7869,0.8157,Marginal
2016,51,64000,Virginia,Portsmouth city,All,all,0.8342,0.761,0.9075,Weak,0.7594,0.7348,0.7839,Weak
2016,51,64000,Virginia,Portsmouth city,With Disability,disability,NA,NA,NA,NA,0.359,0.2842,0.4338,Weak
2016,51,64000,Virginia,Portsmouth city,Without Disability,disability,0.8399,0.7637,0.9161,Weak,0.7992,0.7739,0.8245,Weak
2016,51,67000,Virginia,Richmond city,All,all,0.9243,0.8854,0.9632,Weak,0.7602,0.7443,0.776,Weak
2016,51,67000,Virginia,Richmond city,With Disability,disability,0.7973,0.631,0.9635,Weak,0.3898,0.3348,0.4447,Weak
2016,51,67000,Virginia,Richmond city,Without Disability,disability,0.9376,0.9021,0.9731,Weak,0.8118,0.7959,0.8277,Weak
2016,51,68000,Virginia,Roanoke city,All,all,0.9201,0.8648,0.9755,Weak,0.7625,0.7402,0.7848,Weak
2016,51,68000,Virginia,Roanoke city,With Disability,disability,NA,NA,NA,NA,0.2744,0.214,0.3348,Weak
2016,51,68000,Virginia,Roanoke city,Without Disability,disability,0.9215,0.8667,0.9762,Weak,0.8297,0.8065,0.8529,Weak
2016,51,76432,Virginia,Suffolk city,All,all,0.8106,0.7387,0.8825,Marginal,0.7933,0.7748,0.8117,Marginal
2016,51,76432,Virginia,Suffolk city,With Disability,disability,NA,NA,NA,NA,0.4112,0.3418,0.4805,Marginal
2016,51,76432,Virginia,Suffolk city,Without Disability,disability,0.8134,0.7392,0.8876,Marginal,0.8244,0.8064,0.8424,Marginal
2016,51,82000,Virginia,Virginia Beach city,All,all,0.9423,0.9206,0.964,Marginal,0.8162,0.8075,0.825,Marginal
2016,51,82000,Virginia,Virginia Beach city,With Disability,disability,NA,NA,NA,NA,0.479,0.4299,0.5281,Marginal
2016,51,82000,Virginia,Virginia Beach city,Without Disability,disability,0.9559,0.9357,0.9761,Marginal,0.8427,0.8341,0.8512,Marginal
2016,53,03180,Washington,Auburn city,All,all,0.8446,0.7786,0.9105,Marginal,0.7685,0.7457,0.7913,Marginal
2016,53,03180,Washington,Auburn city,With Disability,disability,NA,NA,NA,NA,0.4206,0.332,0.5092,Marginal
2016,53,03180,Washington,Auburn city,Without Disability,disability,0.8747,0.8101,0.9392,Marginal,0.803,0.7821,0.824,Marginal
2016,53,05210,Washington,Bellevue city,All,all,0.9261,0.8654,0.9869,Strong,0.788,0.7747,0.8014,Strong
2016,53,05210,Washington,Bellevue city,With Disability,disability,NA,NA,NA,NA,0.5546,0.4503,0.659,Strong
2016,53,05210,Washington,Bellevue city,Without Disability,disability,0.9306,0.869,0.9923,Strong,0.7975,0.7842,0.8108,Strong
2016,53,05280,Washington,Bellingham city,All,all,0.9187,0.8851,0.9524,Marginal,0.7727,0.7536,0.7918,Marginal
2016,53,05280,Washington,Bellingham city,With Disability,disability,NA,NA,NA,NA,0.3956,0.3257,0.4655,Marginal
2016,53,05280,Washington,Bellingham city,Without Disability,disability,0.9315,0.9011,0.9619,Marginal,0.8152,0.7956,0.8347,Marginal
2016,53,22640,Washington,Everett city,All,all,0.8752,0.8058,0.9447,Marginal,0.7662,0.7477,0.7846,Marginal
2016,53,22640,Washington,Everett city,With Disability,disability,NA,NA,NA,NA,0.4149,0.3493,0.4804,Marginal
2016,53,22640,Washington,Everett city,Without Disability,disability,0.8925,0.8252,0.9598,Marginal,0.8152,0.7977,0.8326,Marginal
2016,53,23515,Washington,Federal Way city,All,all,0.8496,0.7738,0.9253,Marginal,0.8005,0.7816,0.8194,Marginal
2016,53,23515,Washington,Federal Way city,With Disability,disability,NA,NA,NA,NA,0.4743,0.3859,0.5627,Marginal
2016,53,23515,Washington,Federal Way city,Without Disability,disability,0.8713,0.7994,0.9432,Marginal,0.8324,0.8146,0.8501,Marginal
2016,53,35275,Washington,Kennewick city,All,all,0.8873,0.8102,0.9645,Marginal,0.7942,0.7715,0.817,Marginal
2016,53,35275,Washington,Kennewick city,With Disability,disability,NA,NA,NA,NA,0.4068,0.3136,0.5,Marginal
2016,53,35275,Washington,Kennewick city,Without Disability,disability,0.8958,0.8148,0.9768,Marginal,0.8369,0.8138,0.8601,Marginal
2016,53,35415,Washington,Kent city,All,all,0.8126,0.7203,0.905,Strong,0.7909,0.7708,0.811,Strong
2016,53,35415,Washington,Kent city,With Disability,disability,NA,NA,NA,NA,0.4744,0.3787,0.5701,Strong
2016,53,35415,Washington,Kent city,Without Disability,disability,0.8403,0.7541,0.9266,Strong,0.815,0.7961,0.8339,Strong
2016,53,35940,Washington,Kirkland city,All,all,0.8524,0.7795,0.9253,Marginal,0.8036,0.786,0.8211,Marginal
2016,53,35940,Washington,Kirkland city,With Disability,disability,NA,NA,NA,NA,0.5866,0.4975,0.6757,Marginal
2016,53,35940,Washington,Kirkland city,Without Disability,disability,0.8677,0.7918,0.9435,Marginal,0.8126,0.7945,0.8308,Marginal
2016,53,53545,Washington,Pasco city,All,all,0.8102,0.7259,0.8945,Marginal,0.7773,0.7534,0.8013,Marginal
2016,53,53545,Washington,Pasco city,With Disability,disability,NA,NA,NA,NA,0.4443,0.3553,0.5334,Marginal
2016,53,53545,Washington,Pasco city,Without Disability,disability,0.8191,0.7407,0.8975,Marginal,0.8139,0.7892,0.8387,Marginal
2016,53,57745,Washington,Renton city,All,all,0.9237,0.8723,0.975,Marginal,0.8124,0.7949,0.8299,Marginal
2016,53,57745,Washington,Renton city,With Disability,disability,NA,NA,NA,NA,0.4721,0.3765,0.5677,Marginal
2016,53,57745,Washington,Renton city,Without Disability,disability,0.9358,0.8826,0.989,Marginal,0.8377,0.8201,0.8553,Marginal
2016,53,63000,Washington,Seattle city,All,all,0.9432,0.9244,0.962,Marginal,0.8525,0.8446,0.8604,Marginal
2016,53,63000,Washington,Seattle city,With Disability,disability,0.8472,0.734,0.9605,Marginal,0.5172,0.4622,0.5721,Marginal
2016,53,63000,Washington,Seattle city,Without Disability,disability,0.9479,0.9284,0.9675,Marginal,0.8712,0.8639,0.8784,Marginal
2016,53,67000,Washington,Spokane city,All,all,0.9254,0.8885,0.9622,Weak,0.7381,0.7229,0.7534,Weak
2016,53,67000,Washington,Spokane city,With Disability,disability,NA,NA,NA,NA,0.3439,0.2888,0.399,Weak
2016,53,67000,Washington,Spokane city,Without Disability,disability,0.9294,0.8921,0.9666,Weak,0.7901,0.7752,0.805,Weak
2016,53,67167,Washington,Spokane Valley city,All,all,0.8631,0.7937,0.9325,Marginal,0.7652,0.745,0.7854,Marginal
2016,53,67167,Washington,Spokane Valley city,With Disability,disability,NA,NA,NA,NA,0.3821,0.3106,0.4535,Marginal
2016,53,67167,Washington,Spokane Valley city,Without Disability,disability,0.9019,0.8351,0.9688,Marginal,0.8112,0.7912,0.8311,Marginal
2016,53,70000,Washington,Tacoma city,All,all,0.8711,0.8286,0.9137,Weak,0.7527,0.7377,0.7676,Weak
2016,53,70000,Washington,Tacoma city,With Disability,disability,NA,NA,NA,NA,0.4037,0.3491,0.4582,Weak
2016,53,70000,Washington,Tacoma city,Without Disability,disability,0.8766,0.8331,0.9201,Weak,0.7981,0.7842,0.812,Weak
2016,53,74060,Washington,Vancouver city,All,all,0.8471,0.7989,0.8952,Strong,0.7706,0.7574,0.7838,Strong
2016,53,74060,Washington,Vancouver city,With Disability,disability,NA,NA,NA,NA,0.4447,0.3844,0.5049,Strong
2016,53,74060,Washington,Vancouver city,Without Disability,disability,0.8677,0.8166,0.9188,Strong,0.8064,0.7932,0.8196,Strong
2016,53,80010,Washington,Yakima city,All,all,0.6991,0.5968,0.8014,Marginal,0.7607,0.7377,0.7838,Marginal
2016,53,80010,Washington,Yakima city,With Disability,disability,NA,NA,NA,NA,0.35,0.2584,0.4415,Marginal
2016,53,80010,Washington,Yakima city,Without Disability,disability,0.7019,0.603,0.8008,Marginal,0.8144,0.7937,0.8352,Marginal
2016,55,02375,Wisconsin,Appleton city,All,all,0.9342,0.8942,0.9743,Weak,0.8649,0.8512,0.8786,Weak
2016,55,02375,Wisconsin,Appleton city,With Disability,disability,NA,NA,NA,NA,0.4242,0.3481,0.5003,Weak
2016,55,02375,Wisconsin,Appleton city,Without Disability,disability,0.9376,0.897,0.9782,Weak,0.8984,0.8861,0.9107,Weak
2016,55,31000,Wisconsin,Green Bay city,All,all,0.9106,0.8486,0.9726,Marginal,0.8113,0.7812,0.8415,Marginal
2016,55,31000,Wisconsin,Green Bay city,With Disability,disability,NA,NA,NA,NA,0.3727,0.2652,0.4801,Marginal
2016,55,31000,Wisconsin,Green Bay city,Without Disability,disability,0.908,0.8445,0.9716,Marginal,0.8611,0.834,0.8881,Marginal
2016,55,39225,Wisconsin,Kenosha city,All,all,0.8922,0.8234,0.9611,Marginal,0.787,0.7634,0.8106,Marginal
2016,55,39225,Wisconsin,Kenosha city,With Disability,disability,NA,NA,NA,NA,0.4098,0.3118,0.5078,Marginal
2016,55,39225,Wisconsin,Kenosha city,Without Disability,disability,0.9074,0.8411,0.9737,Marginal,0.8233,0.8017,0.8449,Marginal
2016,55,48000,Wisconsin,Madison city,All,all,0.9824,0.9712,0.9935,Weak,0.8687,0.8572,0.8802,Weak
2016,55,48000,Wisconsin,Madison city,With Disability,disability,NA,NA,NA,NA,0.5955,0.527,0.6641,Weak
2016,55,48000,Wisconsin,Madison city,Without Disability,disability,0.9821,0.9707,0.9935,Weak,0.8849,0.8735,0.8964,Weak
2016,55,53000,Wisconsin,Milwaukee city,All,all,0.8764,0.8478,0.9051,Marginal,0.7391,0.7271,0.751,Marginal
2016,55,53000,Wisconsin,Milwaukee city,With Disability,disability,0.8396,0.7132,0.966,Marginal,0.3388,0.2934,0.3842,Marginal
2016,55,53000,Wisconsin,Milwaukee city,Without Disability,disability,0.8789,0.8497,0.908,Marginal,0.7884,0.7772,0.7996,Marginal
2016,55,66000,Wisconsin,Racine city,All,all,0.8722,0.7953,0.9491,Weak,0.7889,0.769,0.8089,Weak
2016,55,66000,Wisconsin,Racine city,With Disability,disability,NA,NA,NA,NA,0.4189,0.32,0.5178,Weak
2016,55,66000,Wisconsin,Racine city,Without Disability,disability,0.8737,0.8007,0.9468,Weak,0.8265,0.8084,0.8447,Weak
2018,01,03076,Alabama,Auburn city,All,all,0.9729,0.9507,0.9951,Marginal,0.7869,0.7644,0.8094,Marginal
2018,01,03076,Alabama,Auburn city,With Disability,disability,NA,NA,NA,NA,0.4726,0.3824,0.5628,Marginal
2018,01,03076,Alabama,Auburn city,Without Disability,disability,0.9777,0.9555,0.9999,Marginal,0.8219,0.7994,0.8443,Marginal
2018,01,07000,Alabama,Birmingham city,All,all,0.905,0.8645,0.9455,Weak,0.7363,0.7207,0.7518,Weak
2018,01,07000,Alabama,Birmingham city,With Disability,disability,NA,NA,NA,NA,0.3517,0.3043,0.3991,Weak
2018,01,07000,Alabama,Birmingham city,Without Disability,disability,0.9128,0.8715,0.9541,Weak,0.7996,0.7838,0.8154,Weak
2018,01,35896,Alabama,Hoover city,All,all,0.9384,0.909,0.9679,Weak,0.8268,0.8145,0.8391,Weak
2018,01,35896,Alabama,Hoover city,With Disability,disability,NA,NA,NA,NA,0.4566,0.3933,0.5199,Weak
2018,01,35896,Alabama,Hoover city,Without Disability,disability,0.9435,0.9141,0.9729,Weak,0.8544,0.8433,0.8655,Weak
2018,01,37000,Alabama,Huntsville city,All,all,0.9028,0.8555,0.9501,Weak,0.7767,0.7627,0.7906,Weak
2018,01,37000,Alabama,Huntsville city,With Disability,disability,NA,NA,NA,NA,0.4139,0.3629,0.4648,Weak
2018,01,37000,Alabama,Huntsville city,Without Disability,disability,0.8986,0.8476,0.9495,Weak,0.8139,0.7994,0.8284,Weak
2018,01,50000,Alabama,Mobile city,All,all,0.8821,0.836,0.9281,Weak,0.7376,0.7203,0.7549,Weak
2018,01,50000,Alabama,Mobile city,With Disability,disability,NA,NA,NA,NA,0.357,0.2946,0.4193,Weak
2018,01,50000,Alabama,Mobile city,Without Disability,disability,0.888,0.8383,0.9377,Weak,0.7782,0.7616,0.7949,Weak
2018,01,51000,Alabama,Montgomery city,All,all,0.8855,0.831,0.94,Weak,0.7355,0.7135,0.7575,Weak
2018,01,51000,Alabama,Montgomery city,With Disability,disability,NA,NA,NA,NA,0.2791,0.2276,0.3305,Weak
2018,01,51000,Alabama,Montgomery city,Without Disability,disability,0.9123,0.8703,0.9543,Weak,0.8054,0.7861,0.8247,Weak
2018,01,77256,Alabama,Tuscaloosa city,All,all,0.9594,0.933,0.9859,Marginal,0.7432,0.7205,0.7659,Marginal
2018,01,77256,Alabama,Tuscaloosa city,With Disability,disability,NA,NA,NA,NA,0.271,0.1902,0.3518,Marginal
2018,01,77256,Alabama,Tuscaloosa city,Without Disability,disability,0.9732,0.9559,0.9904,Marginal,0.7894,0.7646,0.8143,Marginal
2018,02,03000,Alaska,Anchorage municipality,All,all,0.9197,0.8776,0.9618,Marginal,0.8097,0.7911,0.8282,Marginal
2018,02,03000,Alaska,Anchorage municipality,With Disability,disability,NA,NA,NA,NA,0.4683,0.3901,0.5466,Marginal
2018,02,03000,Alaska,Anchorage municipality,Without Disability,disability,0.9389,0.9011,0.9766,Marginal,0.844,0.8255,0.8625,Marginal
2018,04,04720,Arizona,Avondale city,All,all,0.8839,0.8252,0.9427,Marginal,0.7963,0.7767,0.8159,Marginal
2018,04,04720,Arizona,Avondale city,With Disability,disability,NA,NA,NA,NA,0.4464,0.3547,0.538,Marginal
2018,04,04720,Arizona,Avondale city,Without Disability,disability,0.884,0.8177,0.9502,Marginal,0.8228,0.8033,0.8422,Marginal
2018,04,07940,Arizona,Buckeye city,All,all,0.8695,0.7968,0.9421,Marginal,0.7671,0.7448,0.7895,Marginal
2018,04,07940,Arizona,Buckeye city,With Disability,disability,NA,NA,NA,NA,0.3435,0.2669,0.4201,Marginal
2018,04,07940,Arizona,Buckeye city,Without Disability,disability,0.8686,0.7922,0.9451,Marginal,0.8092,0.7879,0.8304,Marginal
2018,04,12000,Arizona,Chandler city,All,all,0.9206,0.8842,0.9571,Weak,0.8342,0.8234,0.845,Weak
2018,04,12000,Arizona,Chandler city,With Disability,disability,NA,NA,NA,NA,0.4771,0.4124,0.5417,Weak
2018,04,12000,Arizona,Chandler city,Without Disability,disability,0.9293,0.892,0.9666,Weak,0.8561,0.8462,0.8659,Weak
2018,04,23620,Arizona,Flagstaff city,All,all,0.9299,0.9029,0.9569,Weak,0.7716,0.7529,0.7903,Weak
2018,04,23620,Arizona,Flagstaff city,With Disability,disability,NA,NA,NA,NA,0.4896,0.4171,0.5621,Weak
2018,04,23620,Arizona,Flagstaff city,Without Disability,disability,0.936,0.91,0.962,Weak,0.7982,0.7792,0.8172,Weak
2018,04,27400,Arizona,Gilbert town,All,all,0.9228,0.8874,0.9581,Strong,0.8078,0.796,0.8197,Strong
2018,04,27400,Arizona,Gilbert town,With Disability,disability,NA,NA,NA,NA,0.5065,0.4426,0.5703,Strong
2018,04,27400,Arizona,Gilbert town,Without Disability,disability,0.943,0.912,0.9739,Strong,0.8252,0.8141,0.8362,Strong
2018,04,27820,Arizona,Glendale city,All,all,0.8455,0.795,0.8959,Strong,0.7429,0.7292,0.7566,Strong
2018,04,27820,Arizona,Glendale city,With Disability,disability,NA,NA,NA,NA,0.4226,0.373,0.4721,Strong
2018,04,27820,Arizona,Glendale city,Without Disability,disability,0.8437,0.7906,0.8967,Strong,0.781,0.7674,0.7945,Strong
2018,04,28380,Arizona,Goodyear city,All,all,0.9173,0.8589,0.9757,Marginal,0.803,0.7812,0.8249,Marginal
2018,04,28380,Arizona,Goodyear city,With Disability,disability,NA,NA,NA,NA,0.5199,0.4081,0.6318,Marginal
2018,04,28380,Arizona,Goodyear city,Without Disability,disability,0.919,0.8608,0.9773,Marginal,0.8268,0.8059,0.8477,Marginal
2018,04,46000,Arizona,Mesa city,All,all,0.8457,0.8117,0.8796,Marginal,0.7872,0.7775,0.7969,Marginal
2018,04,46000,Arizona,Mesa city,With Disability,disability,0.6093,0.4667,0.7519,Marginal,0.4406,0.3959,0.4853,Marginal
2018,04,46000,Arizona,Mesa city,Without Disability,disability,0.8597,0.8248,0.8946,Marginal,0.8178,0.8084,0.8273,Marginal
2018,04,54050,Arizona,Peoria city,All,all,0.8982,0.847,0.9494,Marginal,0.8051,0.7903,0.82,Marginal
2018,04,54050,Arizona,Peoria city,With Disability,disability,NA,NA,NA,NA,0.4507,0.385,0.5164,Marginal
2018,04,54050,Arizona,Peoria city,Without Disability,disability,0.911,0.8607,0.9613,Marginal,0.8364,0.8213,0.8515,Marginal
2018,04,55000,Arizona,Phoenix city,All,all,0.8237,0.8013,0.8461,Marginal,0.7674,0.7609,0.7738,Marginal
2018,04,55000,Arizona,Phoenix city,With Disability,disability,0.8301,0.7612,0.899,Marginal,0.4215,0.3956,0.4474,Marginal
2018,04,55000,Arizona,Phoenix city,Without Disability,disability,0.8233,0.7995,0.847,Marginal,0.7955,0.7894,0.8015,Marginal
2018,04,65000,Arizona,Scottsdale city,All,all,0.9132,0.8637,0.9628,Weak,0.8143,0.8016,0.827,Weak
2018,04,65000,Arizona,Scottsdale city,With Disability,disability,NA,NA,NA,NA,0.4563,0.3914,0.5212,Weak
2018,04,65000,Arizona,Scottsdale city,Without Disability,disability,0.9078,0.8541,0.9615,Weak,0.835,0.8236,0.8464,Weak
2018,04,71510,Arizona,Surprise city,All,all,0.8996,0.8162,0.9831,Strong,0.8073,0.7867,0.828,Strong
2018,04,71510,Arizona,Surprise city,With Disability,disability,NA,NA,NA,NA,0.457,0.3651,0.5489,Strong
2018,04,71510,Arizona,Surprise city,Without Disability,disability,0.8981,0.8122,0.9839,Strong,0.8354,0.8138,0.857,Strong
2018,04,73000,Arizona,Tempe city,All,all,0.962,0.9383,0.9858,Weak,0.8125,0.7975,0.8276,Weak
2018,04,73000,Arizona,Tempe city,With Disability,disability,0.8562,0.6852,1,Weak,0.5167,0.436,0.5973,Weak
2018,04,73000,Arizona,Tempe city,Without Disability,disability,0.9667,0.9435,0.99,Weak,0.8352,0.819,0.8514,Weak
2018,04,77000,Arizona,Tucson city,All,all,0.8653,0.8366,0.8939,Marginal,0.7658,0.7572,0.7743,Marginal
2018,04,77000,Arizona,Tucson city,With Disability,disability,0.7377,0.6084,0.8669,Marginal,0.4174,0.3854,0.4495,Marginal
2018,04,77000,Arizona,Tucson city,Without Disability,disability,0.8764,0.8476,0.9052,Marginal,0.8136,0.8052,0.822,Marginal
2018,04,85540,Arizona,Yuma city,All,all,0.846,0.78,0.912,Marginal,0.7365,0.7173,0.7557,Marginal
2018,04,85540,Arizona,Yuma city,With Disability,disability,NA,NA,NA,NA,0.4283,0.3564,0.5001,Marginal
2018,04,85540,Arizona,Yuma city,Without Disability,disability,0.8448,0.7768,0.9129,Marginal,0.76,0.7412,0.7788,Marginal
2018,05,23290,Arkansas,Fayetteville city,All,all,0.9233,0.8827,0.964,Marginal,0.8026,0.7834,0.8219,Marginal
2018,05,23290,Arkansas,Fayetteville city,With Disability,disability,NA,NA,NA,NA,0.4039,0.3253,0.4825,Marginal
2018,05,23290,Arkansas,Fayetteville city,Without Disability,disability,0.9298,0.8917,0.968,Marginal,0.8307,0.812,0.8494,Marginal
2018,05,24550,Arkansas,Fort Smith city,All,all,0.9103,0.8611,0.9595,Marginal,0.7465,0.7282,0.7648,Marginal
2018,05,24550,Arkansas,Fort Smith city,With Disability,disability,NA,NA,NA,NA,0.372,0.3159,0.4281,Marginal
2018,05,24550,Arkansas,Fort Smith city,Without Disability,disability,0.902,0.8451,0.9588,Marginal,0.8199,0.8022,0.8376,Marginal
2018,05,35710,Arkansas,Jonesboro city,All,all,0.9228,0.878,0.9675,Marginal,0.7608,0.7436,0.7781,Marginal
2018,05,35710,Arkansas,Jonesboro city,With Disability,disability,NA,NA,NA,NA,0.3507,0.302,0.3995,Marginal
2018,05,35710,Arkansas,Jonesboro city,Without Disability,disability,0.9431,0.908,0.9781,Marginal,0.8309,0.8123,0.8495,Marginal
2018,05,41000,Arkansas,Little Rock city,All,all,0.9026,0.8465,0.9587,Strong,0.7837,0.7626,0.8048,Strong
2018,05,41000,Arkansas,Little Rock city,With Disability,disability,NA,NA,NA,NA,0.362,0.2983,0.4256,Strong
2018,05,41000,Arkansas,Little Rock city,Without Disability,disability,0.9076,0.8492,0.966,Strong,0.8269,0.8054,0.8483,Strong
2018,05,66080,Arkansas,Springdale city,All,all,0.922,0.8837,0.9603,Weak,0.8026,0.7852,0.82,Weak
2018,05,66080,Arkansas,Springdale city,With Disability,disability,NA,NA,NA,NA,0.4069,0.3346,0.4792,Weak
2018,05,66080,Arkansas,Springdale city,Without Disability,disability,0.928,0.8921,0.9639,Weak,0.83,0.8131,0.8469,Weak
2018,06,00562,California,Alameda city,All,all,0.8775,0.8095,0.9454,Marginal,0.8219,0.8031,0.8407,Marginal
2018,06,00562,California,Alameda city,With Disability,disability,NA,NA,NA,NA,0.4927,0.4095,0.5759,Marginal
2018,06,00562,California,Alameda city,Without Disability,disability,0.8815,0.8131,0.95,Marginal,0.8409,0.8231,0.8587,Marginal
2018,06,00884,California,Alhambra city,All,all,0.9621,0.9322,0.9921,Marginal,0.8107,0.7914,0.83,Marginal
2018,06,00884,California,Alhambra city,With Disability,disability,NA,NA,NA,NA,0.489,0.3726,0.6053,Marginal
2018,06,00884,California,Alhambra city,Without Disability,disability,0.9681,0.9399,0.9962,Marginal,0.8219,0.802,0.8419,Marginal
2018,06,02000,California,Anaheim city,All,all,0.9264,0.8978,0.955,Weak,0.7934,0.7824,0.8044,Weak
2018,06,02000,California,Anaheim city,With Disability,disability,NA,NA,NA,NA,0.4421,0.3794,0.5049,Weak
2018,06,02000,California,Anaheim city,Without Disability,disability,0.9349,0.9056,0.9643,Weak,0.8106,0.7998,0.8214,Weak
2018,06,02252,California,Antioch city,All,all,0.8619,0.7755,0.9482,Strong,0.7337,0.7095,0.7579,Strong
2018,06,02252,California,Antioch city,With Disability,disability,NA,NA,NA,NA,0.3925,0.3162,0.4688,Strong
2018,06,02252,California,Antioch city,Without Disability,disability,0.8588,0.768,0.9497,Strong,0.7894,0.7656,0.8131,Strong
2018,06,02364,California,Apple Valley town,All,all,0.8648,0.8088,0.9209,Marginal,0.667,0.6468,0.6872,Marginal
2018,06,02364,California,Apple Valley town,With Disability,disability,NA,NA,NA,NA,0.2833,0.2172,0.3493,Marginal
2018,06,02364,California,Apple Valley town,Without Disability,disability,0.8765,0.8181,0.9349,Marginal,0.7055,0.6839,0.7271,Marginal
2018,06,03526,California,Bakersfield city,All,all,0.8795,0.8474,0.9116,Marginal,0.7238,0.7108,0.7369,Marginal
2018,06,03526,California,Bakersfield city,With Disability,disability,NA,NA,NA,NA,0.3815,0.3307,0.4323,Marginal
2018,06,03526,California,Bakersfield city,Without Disability,disability,0.8806,0.8474,0.9139,Marginal,0.7532,0.7403,0.7662,Marginal
2018,06,04982,California,Bellflower city,All,all,0.9519,0.9264,0.9773,Marginal,0.764,0.7488,0.7791,Marginal
2018,06,04982,California,Bellflower city,With Disability,disability,NA,NA,NA,NA,0.4156,0.3369,0.4943,Marginal
2018,06,04982,California,Bellflower city,Without Disability,disability,0.9563,0.9304,0.9822,Marginal,0.7853,0.77,0.8007,Marginal
2018,06,06000,California,Berkeley city,All,all,0.9909,0.9829,0.999,Strong,0.7945,0.7777,0.8113,Strong
2018,06,06000,California,Berkeley city,With Disability,disability,0.981,0.9399,1,Strong,0.5811,0.4718,0.6905,Strong
2018,06,06000,California,Berkeley city,Without Disability,disability,0.9914,0.9832,0.9997,Strong,0.8068,0.7895,0.8242,Strong
2018,06,08786,California,Buena Park city,All,all,0.9336,0.8908,0.9763,Weak,0.7949,0.7817,0.8082,Weak
2018,06,08786,California,Buena Park city,With Disability,disability,NA,NA,NA,NA,0.4447,0.3578,0.5316,Weak
2018,06,08786,California,Buena Park city,Without Disability,disability,0.9332,0.8899,0.9765,Weak,0.812,0.7987,0.8253,Weak
2018,06,08954,California,Burbank city,All,all,0.9361,0.8896,0.9826,Strong,0.824,0.8043,0.8436,Strong
2018,06,08954,California,Burbank city,With Disability,disability,NA,NA,NA,NA,0.5506,0.4476,0.6537,Strong
2018,06,08954,California,Burbank city,Without Disability,disability,0.962,0.9242,0.9998,Strong,0.8371,0.8171,0.8572,Strong
2018,06,11194,California,Carlsbad city,All,all,0.8862,0.7707,1,Strong,0.8255,0.806,0.845,Strong
2018,06,11194,California,Carlsbad city,With Disability,disability,NA,NA,NA,NA,0.6313,0.5194,0.7431,Strong
2018,06,11194,California,Carlsbad city,Without Disability,disability,0.8769,0.75,1,Strong,0.8345,0.8151,0.854,Strong
2018,06,11530,California,Carson city,All,all,0.8974,0.8412,0.9537,Strong,0.7933,0.7701,0.8165,Strong
2018,06,11530,California,Carson city,With Disability,disability,NA,NA,NA,NA,0.4535,0.3369,0.5701,Strong
2018,06,11530,California,Carson city,Without Disability,disability,0.896,0.8404,0.9515,Strong,0.8156,0.7946,0.8366,Strong
2018,06,13014,California,Chico city,All,all,0.974,0.9537,0.9943,Strong,0.7904,0.7667,0.8141,Strong
2018,06,13014,California,Chico city,With Disability,disability,NA,NA,NA,NA,0.5155,0.4229,0.6081,Strong
2018,06,13014,California,Chico city,Without Disability,disability,0.9892,0.9771,1,Strong,0.8175,0.7937,0.8413,Strong
2018,06,13210,California,Chino city,All,all,0.8803,0.816,0.9447,Marginal,0.7818,0.7632,0.8004,Marginal
2018,06,13210,California,Chino city,With Disability,disability,NA,NA,NA,NA,0.4375,0.3266,0.5485,Marginal
2018,06,13210,California,Chino city,Without Disability,disability,0.8737,0.8053,0.942,Marginal,0.7975,0.7791,0.8159,Marginal
2018,06,13214,California,Chino Hills city,All,all,0.878,0.8068,0.9492,Marginal,0.7824,0.7626,0.8023,Marginal
2018,06,13214,California,Chino Hills city,With Disability,disability,NA,NA,NA,NA,0.433,0.3097,0.5563,Marginal
2018,06,13214,California,Chino Hills city,Without Disability,disability,0.8707,0.795,0.9465,Marginal,0.798,0.7782,0.8177,Marginal
2018,06,13392,California,Chula Vista city,All,all,0.9476,0.9273,0.9679,Strong,0.7738,0.758,0.7896,Strong
2018,06,13392,California,Chula Vista city,With Disability,disability,NA,NA,NA,NA,0.3905,0.3174,0.4636,Strong
2018,06,13392,California,Chula Vista city,Without Disability,disability,0.9486,0.9285,0.9686,Strong,0.7955,0.7803,0.8107,Strong
2018,06,13588,California,Citrus Heights city,All,all,0.9084,0.8514,0.9654,Strong,0.765,0.7428,0.7872,Strong
2018,06,13588,California,Citrus Heights city,With Disability,disability,NA,NA,NA,NA,0.3634,0.2922,0.4345,Strong
2018,06,13588,California,Citrus Heights city,Without Disability,disability,0.9147,0.8552,0.9741,Strong,0.8165,0.7951,0.8378,Strong
2018,06,14218,California,Clovis city,All,all,0.9187,0.8685,0.969,Strong,0.7833,0.7643,0.8024,Strong
2018,06,14218,California,Clovis city,With Disability,disability,NA,NA,NA,NA,0.4485,0.3568,0.5402,Strong
2018,06,14218,California,Clovis city,Without Disability,disability,0.9124,0.8576,0.9672,Strong,0.8097,0.7918,0.8277,Strong
2018,06,15044,California,Compton city,All,all,0.8032,0.7523,0.8541,Marginal,0.7059,0.6877,0.7242,Marginal
2018,06,15044,California,Compton city,With Disability,disability,NA,NA,NA,NA,0.3537,0.2799,0.4274,Marginal
2018,06,15044,California,Compton city,Without Disability,disability,0.7974,0.7448,0.85,Marginal,0.7341,0.7151,0.7531,Marginal
2018,06,16000,California,Concord city,All,all,0.8862,0.8359,0.9366,Weak,0.7976,0.787,0.8083,Weak
2018,06,16000,California,Concord city,With Disability,disability,NA,NA,NA,NA,0.5351,0.4676,0.6026,Weak
2018,06,16000,California,Concord city,Without Disability,disability,0.8943,0.8421,0.9464,Weak,0.8191,0.8087,0.8296,Weak
2018,06,16350,California,Corona city,All,all,0.9578,0.936,0.9796,Marginal,0.7685,0.7569,0.7801,Marginal
2018,06,16350,California,Corona city,With Disability,disability,NA,NA,NA,NA,0.4107,0.3419,0.4794,Marginal
2018,06,16350,California,Corona city,Without Disability,disability,0.9591,0.9375,0.9807,Marginal,0.7899,0.7775,0.8023,Marginal
2018,06,16532,California,Costa Mesa city,All,all,0.9673,0.9399,0.9948,Marginal,0.8238,0.8105,0.8371,Marginal
2018,06,16532,California,Costa Mesa city,With Disability,disability,NA,NA,NA,NA,0.5041,0.409,0.5992,Marginal
2018,06,16532,California,Costa Mesa city,Without Disability,disability,0.9714,0.9445,0.9984,Marginal,0.8425,0.8294,0.8556,Marginal
2018,06,17918,California,Daly City city,All,all,0.957,0.9234,0.9907,Marginal,0.8526,0.8396,0.8656,Marginal
2018,06,17918,California,Daly City city,With Disability,disability,NA,NA,NA,NA,0.5089,0.4236,0.5943,Marginal
2018,06,17918,California,Daly City city,Without Disability,disability,0.9644,0.9331,0.9956,Marginal,0.8666,0.8534,0.8799,Marginal
2018,06,19766,California,Downey city,All,all,0.9115,0.8588,0.9642,Strong,0.8091,0.7909,0.8273,Strong
2018,06,19766,California,Downey city,With Disability,disability,NA,NA,NA,NA,0.4234,0.2977,0.5491,Strong
2018,06,19766,California,Downey city,Without Disability,disability,0.9074,0.8528,0.9619,Strong,0.8248,0.8064,0.8432,Strong
2018,06,21712,California,El Cajon city,All,all,0.8744,0.8019,0.9469,Marginal,0.7702,0.7525,0.7879,Marginal
2018,06,21712,California,El Cajon city,With Disability,disability,NA,NA,NA,NA,0.3432,0.2774,0.409,Marginal
2018,06,21712,California,El Cajon city,Without Disability,disability,0.9087,0.853,0.9644,Marginal,0.8029,0.7853,0.8205,Marginal
2018,06,22020,California,Elk Grove city,All,all,0.8504,0.7855,0.9154,Strong,0.7969,0.7792,0.8147,Strong
2018,06,22020,California,Elk Grove city,With Disability,disability,NA,NA,NA,NA,0.4255,0.3372,0.5137,Strong
2018,06,22020,California,Elk Grove city,Without Disability,disability,0.8797,0.8167,0.9427,Strong,0.8197,0.8019,0.8376,Strong
2018,06,22230,California,El Monte city,All,all,0.8654,0.8074,0.9234,Strong,0.7419,0.7233,0.7605,Strong
2018,06,22230,California,El Monte city,With Disability,disability,NA,NA,NA,NA,0.3467,0.2677,0.4258,Strong
2018,06,22230,California,El Monte city,Without Disability,disability,0.8629,0.804,0.9218,Strong,0.7661,0.748,0.7843,Strong
2018,06,22804,California,Escondido city,All,all,0.8236,0.7589,0.8884,Strong,0.7863,0.7713,0.8013,Strong
2018,06,22804,California,Escondido city,With Disability,disability,NA,NA,NA,NA,0.4931,0.4165,0.5698,Strong
2018,06,22804,California,Escondido city,Without Disability,disability,0.8438,0.7761,0.9115,Strong,0.8071,0.7916,0.8226,Strong
2018,06,23182,California,Fairfield city,All,all,0.8881,0.8174,0.9587,Strong,0.7831,0.7661,0.8001,Strong
2018,06,23182,California,Fairfield city,With Disability,disability,NA,NA,NA,NA,0.4355,0.3565,0.5144,Strong
2018,06,23182,California,Fairfield city,Without Disability,disability,0.9198,0.8673,0.9723,Strong,0.8148,0.799,0.8306,Strong
2018,06,24638,California,Folsom city,All,all,0.9426,0.891,0.9943,Marginal,0.8214,0.8017,0.8411,Marginal
2018,06,24638,California,Folsom city,With Disability,disability,NA,NA,NA,NA,0.4723,0.3627,0.5819,Marginal
2018,06,24638,California,Folsom city,Without Disability,disability,0.9479,0.8996,0.9963,Marginal,0.8415,0.823,0.86,Marginal
2018,06,24680,California,Fontana city,All,all,0.9157,0.8807,0.9508,Strong,0.7361,0.7215,0.7507,Strong
2018,06,24680,California,Fontana city,With Disability,disability,NA,NA,NA,NA,0.4529,0.3866,0.5192,Strong
2018,06,24680,California,Fontana city,Without Disability,disability,0.9161,0.8801,0.9522,Strong,0.7523,0.7372,0.7674,Strong
2018,06,26000,California,Fremont city,All,all,0.9202,0.8671,0.9733,Marginal,0.7989,0.7837,0.814,Marginal
2018,06,26000,California,Fremont city,With Disability,disability,NA,NA,NA,NA,0.474,0.376,0.572,Marginal
2018,06,26000,California,Fremont city,Without Disability,disability,0.9224,0.8684,0.9765,Marginal,0.8097,0.7947,0.8246,Marginal
2018,06,27000,California,Fresno city,All,all,0.8782,0.8561,0.9003,Weak,0.7158,0.7053,0.7263,Weak
2018,06,27000,California,Fresno city,With Disability,disability,0.7204,0.6001,0.8406,Weak,0.3822,0.3495,0.415,Weak
2018,06,27000,California,Fresno city,Without Disability,disability,0.8876,0.8663,0.9089,Weak,0.76,0.7493,0.7707,Weak
2018,06,28000,California,Fullerton city,All,all,0.9431,0.902,0.9842,Weak,0.7777,0.7598,0.7957,Weak
2018,06,28000,California,Fullerton city,With Disability,disability,NA,NA,NA,NA,0.4663,0.3859,0.5467,Weak
2018,06,28000,California,Fullerton city,Without Disability,disability,0.9528,0.9143,0.9912,Weak,0.7944,0.776,0.8128,Weak
2018,06,29000,California,Garden Grove city,All,all,0.9303,0.8985,0.9621,Weak,0.7823,0.7673,0.7972,Weak
2018,06,29000,California,Garden Grove city,With Disability,disability,NA,NA,NA,NA,0.4031,0.329,0.4773,Weak
2018,06,29000,California,Garden Grove city,Without Disability,disability,0.9308,0.8987,0.963,Weak,0.8012,0.7867,0.8157,Weak
2018,06,30000,California,Glendale city,All,all,0.9416,0.9076,0.9755,Marginal,0.7728,0.7567,0.7889,Marginal
2018,06,30000,California,Glendale city,With Disability,disability,NA,NA,NA,NA,0.3579,0.2584,0.4575,Marginal
2018,06,30000,California,Glendale city,Without Disability,disability,0.9505,0.9195,0.9815,Marginal,0.7941,0.7785,0.8097,Marginal
2018,06,32548,California,Hawthorne city,All,all,0.8649,0.7995,0.9304,Marginal,0.8104,0.793,0.8278,Marginal
2018,06,32548,California,Hawthorne city,With Disability,disability,NA,NA,NA,NA,0.453,0.349,0.5569,Marginal
2018,06,32548,California,Hawthorne city,Without Disability,disability,0.8744,0.8095,0.9393,Marginal,0.8294,0.8112,0.8477,Marginal
2018,06,33000,California,Hayward city,All,all,0.941,0.9039,0.9782,Strong,0.8091,0.7942,0.8239,Strong
2018,06,33000,California,Hayward city,With Disability,disability,NA,NA,NA,NA,0.3692,0.2699,0.4685,Strong
2018,06,33000,California,Hayward city,Without Disability,disability,0.9427,0.9057,0.9797,Strong,0.8311,0.8163,0.8458,Strong
2018,06,33182,California,Hemet city,All,all,0.8903,0.8359,0.9447,Marginal,0.677,0.6562,0.6977,Marginal
2018,06,33182,California,Hemet city,With Disability,disability,NA,NA,NA,NA,0.3154,0.2486,0.3821,Marginal
2018,06,33182,California,Hemet city,Without Disability,disability,0.8927,0.8365,0.9488,Marginal,0.7309,0.7096,0.7521,Marginal
2018,06,33434,California,Hesperia city,All,all,0.8646,0.8085,0.9208,Marginal,0.6668,0.6465,0.687,Marginal
2018,06,33434,California,Hesperia city,With Disability,disability,NA,NA,NA,NA,0.2829,0.2167,0.3491,Marginal
2018,06,33434,California,Hesperia city,Without Disability,disability,0.8764,0.8178,0.9349,Marginal,0.7052,0.6836,0.7269,Marginal
2018,06,36000,California,Huntington Beach city,All,all,0.9402,0.8943,0.9861,Weak,0.8255,0.8095,0.8414,Weak
2018,06,36000,California,Huntington Beach city,With Disability,disability,NA,NA,NA,NA,0.5324,0.457,0.6078,Weak
2018,06,36000,California,Huntington Beach city,Without Disability,disability,0.9499,0.9044,0.9954,Weak,0.8418,0.8261,0.8575,Weak
2018,06,36448,California,Indio city,All,all,0.8209,0.7323,0.9095,Marginal,0.7454,0.7253,0.7655,Marginal
2018,06,36448,California,Indio city,With Disability,disability,NA,NA,NA,NA,0.3823,0.2892,0.4755,Marginal
2018,06,36448,California,Indio city,Without Disability,disability,0.8259,0.7348,0.917,Marginal,0.7622,0.7416,0.7828,Marginal
2018,06,36546,California,Inglewood city,All,all,0.9084,0.85,0.9668,Strong,0.7739,0.7535,0.7944,Strong
2018,06,36546,California,Inglewood city,With Disability,disability,NA,NA,NA,NA,0.438,0.354,0.522,Strong
2018,06,36546,California,Inglewood city,Without Disability,disability,0.902,0.8397,0.9642,Strong,0.8059,0.7869,0.825,Strong
2018,06,36770,California,Irvine city,All,all,0.983,0.9703,0.9958,Marginal,0.7847,0.7699,0.7994,Marginal
2018,06,36770,California,Irvine city,With Disability,disability,0.8384,0.6365,1,Marginal,0.5185,0.4253,0.6116,Marginal
2018,06,36770,California,Irvine city,Without Disability,disability,0.99,0.9823,0.9977,Marginal,0.7951,0.7805,0.8097,Marginal
2018,06,37692,California,Jurupa Valley city,All,all,0.9046,0.8478,0.9615,Marginal,0.7616,0.7417,0.7815,Marginal
2018,06,37692,California,Jurupa Valley city,With Disability,disability,NA,NA,NA,NA,0.4307,0.3582,0.5033,Marginal
2018,06,37692,California,Jurupa Valley city,Without Disability,disability,0.9139,0.859,0.9688,Marginal,0.7852,0.765,0.8054,Marginal
2018,06,39496,California,Lake Forest city,All,all,0.9672,0.9488,0.9857,Weak,0.8164,0.8008,0.832,Weak
2018,06,39496,California,Lake Forest city,With Disability,disability,NA,NA,NA,NA,0.5716,0.4938,0.6493,Weak
2018,06,39496,California,Lake Forest city,Without Disability,disability,0.9704,0.9521,0.9886,Weak,0.8253,0.8097,0.8409,Weak
2018,06,39892,California,Lakewood city,All,all,0.9258,0.8798,0.9718,Marginal,0.7811,0.7645,0.7976,Marginal
2018,06,39892,California,Lakewood city,With Disability,disability,NA,NA,NA,NA,0.3714,0.2953,0.4475,Marginal
2018,06,39892,California,Lakewood city,Without Disability,disability,0.9404,0.9036,0.9772,Marginal,0.803,0.7867,0.8193,Marginal
2018,06,40130,California,Lancaster city,All,all,0.8501,0.7964,0.9038,Strong,0.6315,0.6114,0.6516,Strong
2018,06,40130,California,Lancaster city,With Disability,disability,NA,NA,NA,NA,0.349,0.2794,0.4186,Strong
2018,06,40130,California,Lancaster city,Without Disability,disability,0.8717,0.8156,0.9277,Strong,0.6531,0.6313,0.67490000000000006,Strong
2018,06,41992,California,Livermore city,All,all,0.9476,0.9049,0.9902,Marginal,0.823,0.8091,0.837,Marginal
2018,06,41992,California,Livermore city,With Disability,disability,NA,NA,NA,NA,0.5141,0.4229,0.6054,Marginal
2018,06,41992,California,Livermore city,Without Disability,disability,0.9551,0.9139,0.9963,Marginal,0.8346,0.821,0.8483,Marginal
2018,06,43000,California,Long Beach city,All,all,0.9036,0.8759,0.9313,Marginal,0.7758,0.7654,0.7863,Marginal
2018,06,43000,California,Long Beach city,With Disability,disability,0.6887,0.4946,0.8828,Marginal,0.4356,0.3909,0.4803,Marginal
2018,06,43000,California,Long Beach city,Without Disability,disability,0.9167,0.8896,0.9438,Marginal,0.7996,0.7894,0.8099,Marginal
2018,06,44000,California,Los Angeles city,All,all,0.8914,0.8813,0.9016,Strong,0.7824,0.7789,0.7858,Strong
2018,06,44000,California,Los Angeles city,With Disability,disability,0.7662,0.7057,0.8267,Strong,0.429,0.4115,0.4465,Strong
2018,06,44000,California,Los Angeles city,Without Disability,disability,0.8972,0.887,0.9073,Strong,0.8032,0.79990000000000006,0.8064,Strong
2018,06,45484,California,Manteca city,All,all,0.8992,0.8632,0.9351,Weak,0.7701,0.753,0.7873,Weak
2018,06,45484,California,Manteca city,With Disability,disability,NA,NA,NA,NA,0.4525,0.3649,0.54,Weak
2018,06,45484,California,Manteca city,Without Disability,disability,0.9145,0.8781,0.951,Weak,0.7931,0.7765,0.8098,Weak
2018,06,46842,California,Menifee city,All,all,0.9073,0.8559,0.9587,Marginal,0.7233,0.7032,0.7433,Marginal
2018,06,46842,California,Menifee city,With Disability,disability,NA,NA,NA,NA,0.3552,0.2761,0.4342,Marginal
2018,06,46842,California,Menifee city,Without Disability,disability,0.9048,0.8506,0.959,Marginal,0.7569,0.73740000000000006,0.7764,Marginal
2018,06,46898,California,Merced city,All,all,0.9087,0.8672,0.9503,Marginal,0.6804,0.6572,0.7036,Marginal
2018,06,46898,California,Merced city,With Disability,disability,NA,NA,NA,NA,0.3793,0.3103,0.4482,Marginal
2018,06,46898,California,Merced city,Without Disability,disability,0.919,0.8799,0.9582,Marginal,0.7263,0.7039,0.7486,Marginal
2018,06,47766,California,Milpitas city,All,all,0.9371,0.8963,0.978,Marginal,0.8162,0.8022,0.8301,Marginal
2018,06,47766,California,Milpitas city,With Disability,disability,NA,NA,NA,NA,0.4579,0.3736,0.5423,Marginal
2018,06,47766,California,Milpitas city,Without Disability,disability,0.9497,0.9158,0.9835,Marginal,0.8301,0.8158,0.8443,Marginal
2018,06,48256,California,Mission Viejo city,All,all,0.9553,0.9108,0.9999,Strong,0.8254,0.8067,0.8442,Strong
2018,06,48256,California,Mission Viejo city,With Disability,disability,NA,NA,NA,NA,0.6011,0.4883,0.7139,Strong
2018,06,48256,California,Mission Viejo city,Without Disability,disability,0.9646,0.921,1,Strong,0.8352,0.8161,0.8544,Strong
2018,06,48354,California,Modesto city,All,all,0.9057,0.858,0.9534,Strong,0.7009,0.682,0.7198,Strong
2018,06,48354,California,Modesto city,With Disability,disability,NA,NA,NA,NA,0.2966,0.2461,0.347,Strong
2018,06,48354,California,Modesto city,Without Disability,disability,0.9159,0.8693,0.9626,Strong,0.7485,0.7285,0.7685,Strong
2018,06,49270,California,Moreno Valley city,All,all,0.9077,0.874,0.9415,Strong,0.7271,0.7111,0.743,Strong
2018,06,49270,California,Moreno Valley city,With Disability,disability,NA,NA,NA,NA,0.3138,0.2622,0.3655,Strong
2018,06,49270,California,Moreno Valley city,Without Disability,disability,0.917,0.8844,0.9495,Strong,0.757,0.7404,0.7737,Strong
2018,06,49670,California,Mountain View city,All,all,0.9889,0.9754,1,Marginal,0.8189,0.8054,0.8324,Marginal
2018,06,49670,California,Mountain View city,With Disability,disability,NA,NA,NA,NA,0.6326,0.5147,0.7504,Marginal
2018,06,49670,California,Mountain View city,Without Disability,disability,0.9924,0.9813,1,Marginal,0.8231,0.809,0.8371,Marginal
2018,06,50076,California,Murrieta city,All,all,0.9301,0.8762,0.984,Marginal,0.7504,0.73,0.7708,Marginal
2018,06,50076,California,Murrieta city,With Disability,disability,NA,NA,NA,NA,0.4584,0.3714,0.5454,Marginal
2018,06,50076,California,Murrieta city,Without Disability,disability,0.9403,0.8833,0.9972,Marginal,0.7721,0.7511,0.7932,Marginal
2018,06,50258,California,Napa city,All,all,0.9475,0.9085,0.9865,Marginal,0.8322,0.8163,0.8481,Marginal
2018,06,50258,California,Napa city,With Disability,disability,NA,NA,NA,NA,0.5175,0.4288,0.6062,Marginal
2018,06,50258,California,Napa city,Without Disability,disability,0.9521,0.9156,0.9886,Marginal,0.8583,0.8427,0.8739,Marginal
2018,06,51182,California,Newport Beach city,All,all,0.97,0.9382,1,Weak,0.8154,0.8009,0.8298,Weak
2018,06,51182,California,Newport Beach city,With Disability,disability,NA,NA,NA,NA,0.5865,0.5055,0.6675,Weak
2018,06,51182,California,Newport Beach city,Without Disability,disability,0.9703,0.9378,1,Weak,0.8237,0.8096,0.8378,Weak
2018,06,52526,California,Norwalk city,All,all,0.9265,0.8774,0.9755,Strong,0.7794,0.7612,0.7976,Strong
2018,06,52526,California,Norwalk city,With Disability,disability,NA,NA,NA,NA,0.3586,0.2667,0.4505,Strong
2018,06,52526,California,Norwalk city,Without Disability,disability,0.9306,0.8811,0.9802,Strong,0.8001,0.782,0.8182,Strong
2018,06,53000,California,Oakland city,All,all,0.8449,0.797,0.8927,Weak,0.8007,0.7917,0.8098,Weak
2018,06,53000,California,Oakland city,With Disability,disability,0.8336,0.6874,0.9798,Weak,0.4621,0.4231,0.5011,Weak
2018,06,53000,California,Oakland city,Without Disability,disability,0.8458,0.796,0.8955,Weak,0.8255,0.8166,0.8345,Weak
2018,06,53322,California,Oceanside city,All,all,0.951,0.9151,0.9869,Marginal,0.7924,0.7724,0.8123,Marginal
2018,06,53322,California,Oceanside city,With Disability,disability,NA,NA,NA,NA,0.475,0.3988,0.5512,Marginal
2018,06,53322,California,Oceanside city,Without Disability,disability,0.955,0.9181,0.9919,Marginal,0.8145,0.7956,0.8334,Marginal
2018,06,53896,California,Ontario city,All,all,0.9048,0.858,0.9516,Strong,0.7735,0.7593,0.7878,Strong
2018,06,53896,California,Ontario city,With Disability,disability,NA,NA,NA,NA,0.4796,0.4019,0.5573,Strong
2018,06,53896,California,Ontario city,Without Disability,disability,0.9031,0.8542,0.952,Strong,0.7916,0.7777,0.8055,Strong
2018,06,53980,California,Orange city,All,all,0.9527,0.9271,0.9784,Marginal,0.8135,0.8002,0.8267,Marginal
2018,06,53980,California,Orange city,With Disability,disability,NA,NA,NA,NA,0.4805,0.3945,0.5666,Marginal
2018,06,53980,California,Orange city,Without Disability,disability,0.9573,0.932,0.9827,Marginal,0.8282,0.8143,0.842,Marginal
2018,06,54652,California,Oxnard city,All,all,0.8866,0.8427,0.9305,Strong,0.7853,0.7704,0.8002,Strong
2018,06,54652,California,Oxnard city,With Disability,disability,NA,NA,NA,NA,0.3768,0.3152,0.4385,Strong
2018,06,54652,California,Oxnard city,Without Disability,disability,0.8919,0.8491,0.9346,Strong,0.8143,0.7985,0.8302,Strong
2018,06,55156,California,Palmdale city,All,all,0.7878,0.7263,0.8493,Strong,0.6935,0.6737,0.7132,Strong
2018,06,55156,California,Palmdale city,With Disability,disability,NA,NA,NA,NA,0.3359,0.2603,0.4115,Strong
2018,06,55156,California,Palmdale city,Without Disability,disability,0.812,0.75,0.874,Strong,0.7263,0.7061,0.7465,Strong
2018,06,56000,California,Pasadena city,All,all,0.9039,0.8369,0.9709,Weak,0.8211,0.8048,0.8374,Weak
2018,06,56000,California,Pasadena city,With Disability,disability,NA,NA,NA,NA,0.4806,0.3875,0.5737,Weak
2018,06,56000,California,Pasadena city,Without Disability,disability,0.902,0.8328,0.9711,Weak,0.8357,0.8202,0.8512,Weak
2018,06,56700,California,Perris city,All,all,0.9245,0.877,0.9721,Marginal,0.7273,0.7009,0.7536,Marginal
2018,06,56700,California,Perris city,With Disability,disability,NA,NA,NA,NA,0.3499,0.2615,0.4382,Marginal
2018,06,56700,California,Perris city,Without Disability,disability,0.924,0.8735,0.9745,Marginal,0.7595,0.7344,0.7845,Marginal
2018,06,57456,California,Pittsburg city,All,all,0.8333,0.7426,0.924,Marginal,0.7588,0.7399,0.7778,Marginal
2018,06,57456,California,Pittsburg city,With Disability,disability,NA,NA,NA,NA,0.4833,0.4014,0.5652,Marginal
2018,06,57456,California,Pittsburg city,Without Disability,disability,0.8612,0.7686,0.9539,Marginal,0.7873,0.7681,0.8065,Marginal
2018,06,57792,California,Pleasanton city,All,all,0.9476,0.9049,0.9902,Weak,0.823,0.8091,0.837,Weak
2018,06,57792,California,Pleasanton city,With Disability,disability,NA,NA,NA,NA,0.5141,0.4229,0.6054,Weak
2018,06,57792,California,Pleasanton city,Without Disability,disability,0.9551,0.9139,0.9963,Weak,0.8346,0.821,0.8483,Weak
2018,06,58072,California,Pomona city,All,all,0.9197,0.8877,0.9517,Strong,0.7414,0.7213,0.7615,Strong
2018,06,58072,California,Pomona city,With Disability,disability,NA,NA,NA,NA,0.443,0.3616,0.5245,Strong
2018,06,58072,California,Pomona city,Without Disability,disability,0.9283,0.8968,0.9598,Strong,0.7617,0.7413,0.7821,Strong
2018,06,59444,California,Rancho Cordova city,All,all,0.8577,0.789,0.9264,Marginal,0.7778,0.7592,0.7965,Marginal
2018,06,59444,California,Rancho Cordova city,With Disability,disability,NA,NA,NA,NA,0.4332,0.3626,0.5037,Marginal
2018,06,59444,California,Rancho Cordova city,Without Disability,disability,0.8565,0.7814,0.9316,Marginal,0.8099,0.7909,0.8289,Marginal
2018,06,59451,California,Rancho Cucamonga city,All,all,0.9516,0.9169,0.9864,Strong,0.7717,0.7533,0.7901,Strong
2018,06,59451,California,Rancho Cucamonga city,With Disability,disability,NA,NA,NA,NA,0.39,0.2765,0.5035,Strong
2018,06,59451,California,Rancho Cucamonga city,Without Disability,disability,0.9567,0.9205,0.9928,Strong,0.7933,0.7765,0.8102,Strong
2018,06,59920,California,Redding city,All,all,0.9016,0.8423,0.9609,Marginal,0.7126,0.6954,0.7298,Marginal
2018,06,59920,California,Redding city,With Disability,disability,NA,NA,NA,NA,0.3181,0.2564,0.3797,Marginal
2018,06,59920,California,Redding city,Without Disability,disability,0.9163,0.855,0.9775,Marginal,0.7742,0.7547,0.7937,Marginal
2018,06,60102,California,Redwood City city,All,all,0.9329,0.8999,0.9658,Marginal,0.8409,0.8255,0.8562,Marginal
2018,06,60102,California,Redwood City city,With Disability,disability,NA,NA,NA,NA,0.5269,0.4005,0.6533,Marginal
2018,06,60102,California,Redwood City city,Without Disability,disability,0.9444,0.914,0.9749,Marginal,0.8521,0.8381,0.8661,Marginal
2018,06,60466,California,Rialto city,All,all,0.8802,0.8275,0.933,Marginal,0.722,0.7021,0.742,Marginal
2018,06,60466,California,Rialto city,With Disability,disability,NA,NA,NA,NA,0.3451,0.2686,0.4216,Marginal
2018,06,60466,California,Rialto city,Without Disability,disability,0.8994,0.8441,0.9547,Marginal,0.7506,0.7315,0.7697,Marginal
2018,06,60620,California,Richmond city,All,all,0.9017,0.8554,0.948,Marginal,0.7819,0.7678,0.7959,Marginal
2018,06,60620,California,Richmond city,With Disability,disability,NA,NA,NA,NA,0.417,0.3457,0.4883,Marginal
2018,06,60620,California,Richmond city,Without Disability,disability,0.9142,0.8691,0.9593,Marginal,0.8133,0.7997,0.8269,Marginal
2018,06,62000,California,Riverside city,All,all,0.9546,0.9366,0.9726,Marginal,0.7555,0.7427,0.7684,Marginal
2018,06,62000,California,Riverside city,With Disability,disability,NA,NA,NA,NA,0.3999,0.3366,0.4631,Marginal
2018,06,62000,California,Riverside city,Without Disability,disability,0.9573,0.9401,0.9745,Marginal,0.7859,0.773,0.7987,Marginal
2018,06,62938,California,Roseville city,All,all,0.9369,0.8936,0.9803,Strong,0.8165,0.7981,0.8349,Strong
2018,06,62938,California,Roseville city,With Disability,disability,NA,NA,NA,NA,0.4608,0.3611,0.5605,Strong
2018,06,62938,California,Roseville city,Without Disability,disability,0.9377,0.8915,0.984,Strong,0.8369,0.8178,0.856,Strong
2018,06,64000,California,Sacramento city,All,all,0.907,0.8806,0.9334,Marginal,0.7649,0.7561,0.7737,Marginal
2018,06,64000,California,Sacramento city,With Disability,disability,0.8171,0.6667,0.9675,Marginal,0.36870000000000003,0.3314,0.4059,Marginal
2018,06,64000,California,Sacramento city,Without Disability,disability,0.9128,0.8889,0.9368,Marginal,0.799,0.7907,0.8074,Marginal
2018,06,64224,California,Salinas city,All,all,0.7954,0.7327,0.8582,Strong,0.7403,0.7201,0.7604,Strong
2018,06,64224,California,Salinas city,With Disability,disability,NA,NA,NA,NA,0.3559,0.2689,0.443,Strong
2018,06,64224,California,Salinas city,Without Disability,disability,0.7947,0.7317,0.8577,Strong,0.7596,0.7386,0.7807,Strong
2018,06,65000,California,San Bernardino city,All,all,0.8448,0.8026,0.887,Weak,0.6896,0.6725,0.7066,Weak
2018,06,65000,California,San Bernardino city,With Disability,disability,NA,NA,NA,NA,0.3653,0.3125,0.4181,Weak
2018,06,65000,California,San Bernardino city,Without Disability,disability,0.8578,0.8181,0.8975,Weak,0.7231,0.705,0.7413,Weak
2018,06,65042,California,San Buenaventura (Ventura) city,All,all,0.9179,0.8589,0.9768,Strong,0.8182,0.7961,0.8403,Strong
2018,06,65042,California,San Buenaventura (Ventura) city,With Disability,disability,NA,NA,NA,NA,0.4763,0.3691,0.5834,Strong
2018,06,65042,California,San Buenaventura (Ventura) city,Without Disability,disability,0.9243,0.865,0.9837,Strong,0.8422,0.822,0.86240000000000006,Strong
2018,06,66000,California,San Diego city,All,all,0.9395,0.9276,0.9515,Strong,0.8009,0.7962,0.8056,Strong
2018,06,66000,California,San Diego city,With Disability,disability,0.7004,0.5869,0.814,Strong,0.4426,0.4103,0.4748,Strong
2018,06,66000,California,San Diego city,Without Disability,disability,0.9482,0.9367,0.9598,Strong,0.8202,0.8157,0.8247,Strong
2018,06,67000,California,San Francisco city,All,all,0.9538,0.9328,0.9747,Marginal,0.8517,0.8453,0.8581,Marginal
2018,06,67000,California,San Francisco city,With Disability,disability,0.9074,0.7562,1,Marginal,0.4603,0.4207,0.5,Marginal
2018,06,67000,California,San Francisco city,Without Disability,disability,0.9565,0.9351,0.9778,Marginal,0.8713,0.8651,0.8775,Marginal
2018,06,68000,California,San Jose city,All,all,0.9205,0.9015,0.9396,Strong,0.8176,0.8121,0.823,Strong
2018,06,68000,California,San Jose city,With Disability,disability,0.8183,0.7046,0.932,Strong,0.4372,0.4021,0.4723,Strong
2018,06,68000,California,San Jose city,Without Disability,disability,0.9256,0.9061,0.945,Strong,0.8343,0.829,0.8397,Strong
2018,06,68084,California,San Leandro city,All,all,0.8775,0.8096,0.9453,Marginal,0.8219,0.8031,0.8406,Marginal
2018,06,68084,California,San Leandro city,With Disability,disability,NA,NA,NA,NA,0.4926,0.4095,0.5756,Marginal
2018,06,68084,California,San Leandro city,Without Disability,disability,0.8815,0.8132,0.9499,Marginal,0.8409,0.8231,0.8587,Marginal
2018,06,68196,California,San Marcos city,All,all,0.9298,0.8887,0.9708,Marginal,0.79,0.7664,0.8136,Marginal
2018,06,68196,California,San Marcos city,With Disability,disability,NA,NA,NA,NA,0.3839,0.2777,0.4901,Marginal
2018,06,68196,California,San Marcos city,Without Disability,disability,0.9395,0.9029,0.9761,Marginal,0.8098,0.7862,0.8333,Marginal
2018,06,68252,California,San Mateo city,All,all,0.9233,0.8689,0.9778,Marginal,0.8462,0.8359,0.8566,Marginal
2018,06,68252,California,San Mateo city,With Disability,disability,NA,NA,NA,NA,0.694,0.6163,0.7718,Marginal
2018,06,68252,California,San Mateo city,Without Disability,disability,0.9238,0.8675,0.9802,Marginal,0.8516,0.8413,0.8619,Marginal
2018,06,68378,California,San Ramon city,All,all,0.9577,0.9095,1,Marginal,0.803,0.7873,0.8186,Marginal
2018,06,68378,California,San Ramon city,With Disability,disability,NA,NA,NA,NA,0.5426,0.3957,0.6896,Marginal
2018,06,68378,California,San Ramon city,Without Disability,disability,0.9826,0.9502,1,Marginal,0.8105,0.7948,0.8261,Marginal
2018,06,69000,California,Santa Ana city,All,all,0.8375,0.7975,0.8776,Marginal,0.7839,0.7746,0.7932,Marginal
2018,06,69000,California,Santa Ana city,With Disability,disability,NA,NA,NA,NA,0.4688,0.3985,0.5392,Marginal
2018,06,69000,California,Santa Ana city,Without Disability,disability,0.8496,0.8105,0.8887,Marginal,0.799,0.7891,0.809,Marginal
2018,06,69070,California,Santa Barbara city,All,all,0.993,0.9888,0.9971,Marginal,0.8302,0.813,0.8474,Marginal
2018,06,69070,California,Santa Barbara city,With Disability,disability,NA,NA,NA,NA,0.5622,0.4681,0.6563,Marginal
2018,06,69070,California,Santa Barbara city,Without Disability,disability,0.9941,0.9899,0.9984,Marginal,0.8438,0.8275,0.8601,Marginal
2018,06,69084,California,Santa Clara city,All,all,0.9657,0.9309,1,Strong,0.8242,0.8077,0.8407,Strong
2018,06,69084,California,Santa Clara city,With Disability,disability,NA,NA,NA,NA,0.54,0.4319,0.648,Strong
2018,06,69084,California,Santa Clara city,Without Disability,disability,0.9648,0.9278,1,Strong,0.8339,0.8181,0.8498,Strong
2018,06,69088,California,Santa Clarita city,All,all,0.9624,0.9403,0.9846,Strong,0.794,0.7816,0.8063,Strong
2018,06,69088,California,Santa Clarita city,With Disability,disability,NA,NA,NA,NA,0.4872,0.4131,0.5614,Strong
2018,06,69088,California,Santa Clarita city,Without Disability,disability,0.971,0.9529,0.9891,Strong,0.8154,0.8035,0.8272,Strong
2018,06,69196,California,Santa Maria city,All,all,0.8356,0.7693,0.9019,Marginal,0.7852,0.768,0.8024,Marginal
2018,06,69196,California,Santa Maria city,With Disability,disability,NA,NA,NA,NA,0.4066,0.3339,0.4794,Marginal
2018,06,69196,California,Santa Maria city,Without Disability,disability,0.847,0.781,0.913,Marginal,0.8128,0.7962,0.8293,Marginal
2018,06,70000,California,Santa Monica city,All,all,0.9434,0.8686,1,Weak,0.8235,0.8031,0.8439,Weak
2018,06,70000,California,Santa Monica city,With Disability,disability,NA,NA,NA,NA,0.5097,0.3696,0.6499,Weak
2018,06,70000,California,Santa Monica city,Without Disability,disability,0.9441,0.8639,1,Weak,0.8347,0.8128,0.8565,Weak
2018,06,70098,California,Santa Rosa city,All,all,0.9256,0.8716,0.9795,Strong,0.8113,0.7961,0.8266,Strong
2018,06,70098,California,Santa Rosa city,With Disability,disability,NA,NA,NA,NA,0.5078,0.4289,0.5867,Strong
2018,06,70098,California,Santa Rosa city,Without Disability,disability,0.924,0.8686,0.9794,Strong,0.8359,0.8204,0.8513,Strong
2018,06,72016,California,Simi Valley city,All,all,0.8481,0.7714,0.9248,Strong,0.8104,0.7931,0.8278,Strong
2018,06,72016,California,Simi Valley city,With Disability,disability,NA,NA,NA,NA,0.535,0.4464,0.6236,Strong
2018,06,72016,California,Simi Valley city,Without Disability,disability,0.8598,0.7869,0.9327,Strong,0.8319,0.8146,0.8491,Strong
2018,06,73080,California,South Gate city,All,all,0.8292,0.7923,0.866,Marginal,0.7375,0.7208,0.7541,Marginal
2018,06,73080,California,South Gate city,With Disability,disability,NA,NA,NA,NA,0.302,0.2278,0.3762,Marginal
2018,06,73080,California,South Gate city,Without Disability,disability,0.8409,0.8016,0.8801,Marginal,0.7623,0.7457,0.7788,Marginal
2018,06,75000,California,Stockton city,All,all,0.9014,0.8689,0.934,Weak,0.7009,0.6823,0.7196,Weak
2018,06,75000,California,Stockton city,With Disability,disability,0.8094,0.6438,0.9751,Weak,0.3402,0.2882,0.3921,Weak
2018,06,75000,California,Stockton city,Without Disability,disability,0.906,0.8723,0.9397,Weak,0.7464,0.7295,0.7632,Weak
2018,06,77000,California,Sunnyvale city,All,all,0.8999,0.8285,0.9712,Weak,0.8191,0.8047,0.8335,Weak
2018,06,77000,California,Sunnyvale city,With Disability,disability,NA,NA,NA,NA,0.5687,0.4511,0.6863,Weak
2018,06,77000,California,Sunnyvale city,Without Disability,disability,0.9463,0.8877,1,Weak,0.8244,0.8093,0.8395,Weak
2018,06,78120,California,Temecula city,All,all,0.9716,0.9444,0.9989,Strong,0.7716,0.7498,0.7934,Strong
2018,06,78120,California,Temecula city,With Disability,disability,NA,NA,NA,NA,0.4177,0.3351,0.5003,Strong
2018,06,78120,California,Temecula city,Without Disability,disability,0.9805,0.9548,1,Strong,0.7958,0.7742,0.8175,Strong
2018,06,78582,California,Thousand Oaks city,All,all,0.9875,0.9691,1,Strong,0.8067,0.7885,0.8248,Strong
2018,06,78582,California,Thousand Oaks city,With Disability,disability,NA,NA,NA,NA,0.4902,0.3632,0.6173,Strong
2018,06,78582,California,Thousand Oaks city,Without Disability,disability,0.992,0.9756,1,Strong,0.8236,0.8059,0.8413,Strong
2018,06,80000,California,Torrance city,All,all,0.8989,0.8363,0.9615,Marginal,0.7991,0.7802,0.818,Marginal
2018,06,80000,California,Torrance city,With Disability,disability,NA,NA,NA,NA,0.4926,0.4057,0.5795,Marginal
2018,06,80000,California,Torrance city,Without Disability,disability,0.9181,0.86,0.9762,Marginal,0.8106,0.7912,0.8301,Marginal
2018,06,80238,California,Tracy city,All,all,0.8992,0.8632,0.9353,Marginal,0.7702,0.753,0.7874,Marginal
2018,06,80238,California,Tracy city,With Disability,disability,NA,NA,NA,NA,0.4527,0.3649,0.5405,Marginal
2018,06,80238,California,Tracy city,Without Disability,disability,0.9146,0.8781,0.9511,Marginal,0.7932,0.7765,0.8099,Marginal
2018,06,80854,California,Tustin city,All,all,0.9673,0.9492,0.9854,Weak,0.8157,0.8001,0.8312,Weak
2018,06,80854,California,Tustin city,With Disability,disability,NA,NA,NA,NA,0.5699,0.4921,0.6476,Weak
2018,06,80854,California,Tustin city,Without Disability,disability,0.9705,0.9526,0.9883,Weak,0.8246,0.809,0.8402,Weak
2018,06,81344,California,Upland city,All,all,0.9269,0.8694,0.9843,Marginal,0.7734,0.7512,0.7956,Marginal
2018,06,81344,California,Upland city,With Disability,disability,NA,NA,NA,NA,0.4133,0.3274,0.4992,Marginal
2018,06,81344,California,Upland city,Without Disability,disability,0.9279,0.8672,0.9886,Marginal,0.7988,0.7763,0.8213,Marginal
2018,06,81554,California,Vacaville city,All,all,0.9016,0.84,0.9632,Marginal,0.7931,0.7719,0.8143,Marginal
2018,06,81554,California,Vacaville city,With Disability,disability,NA,NA,NA,NA,0.4489,0.3642,0.5336,Marginal
2018,06,81554,California,Vacaville city,Without Disability,disability,0.9054,0.8434,0.9675,Marginal,0.8238,0.8029,0.8447,Marginal
2018,06,81666,California,Vallejo city,All,all,0.9161,0.868,0.9642,Strong,0.7721,0.7493,0.7948,Strong
2018,06,81666,California,Vallejo city,With Disability,disability,NA,NA,NA,NA,0.3837,0.3093,0.458,Strong
2018,06,81666,California,Vallejo city,Without Disability,disability,0.9209,0.8688,0.973,Strong,0.8073,0.7863,0.8284,Strong
2018,06,82590,California,Victorville city,All,all,0.8408,0.7617,0.92,Marginal,0.6602,0.6329,0.6875,Marginal
2018,06,82590,California,Victorville city,With Disability,disability,NA,NA,NA,NA,0.2562,0.1645,0.348,Marginal
2018,06,82590,California,Victorville city,Without Disability,disability,0.8505,0.7713,0.9298,Marginal,0.7024,0.6753,0.7295,Marginal
2018,06,82954,California,Visalia city,All,all,0.8264,0.7434,0.9094,Strong,0.7478,0.725,0.7706,Strong
2018,06,82954,California,Visalia city,With Disability,disability,NA,NA,NA,NA,0.3854,0.2787,0.4921,Strong
2018,06,82954,California,Visalia city,Without Disability,disability,0.8353,0.7524,0.9183,Strong,0.7803,0.7592,0.8013,Strong
2018,06,82996,California,Vista city,All,all,0.9168,0.8744,0.9593,Marginal,0.7909,0.7688,0.813,Marginal
2018,06,82996,California,Vista city,With Disability,disability,NA,NA,NA,NA,0.4198,0.3317,0.508,Marginal
2018,06,82996,California,Vista city,Without Disability,disability,0.9311,0.8921,0.9701,Marginal,0.8083,0.7862,0.8303,Marginal
2018,06,84200,California,West Covina city,All,all,0.9629,0.936,0.9897,Marginal,0.7905,0.7715,0.8094,Marginal
2018,06,84200,California,West Covina city,With Disability,disability,NA,NA,NA,NA,0.4147,0.3383,0.4911,Marginal
2018,06,84200,California,West Covina city,Without Disability,disability,0.9614,0.9335,0.9893,Marginal,0.8145,0.7965,0.8326,Marginal
2018,06,84550,California,Westminster city,All,all,0.9474,0.9095,0.9853,Marginal,0.778,0.7621,0.794,Marginal
2018,06,84550,California,Westminster city,With Disability,disability,NA,NA,NA,NA,0.4304,0.3481,0.5127,Marginal
2018,06,84550,California,Westminster city,Without Disability,disability,0.958,0.924,0.992,Marginal,0.7998,0.7837,0.8159,Marginal
2018,06,85292,California,Whittier city,All,all,0.9413,0.9052,0.9774,Marginal,0.7921,0.7753,0.809,Marginal
2018,06,85292,California,Whittier city,With Disability,disability,NA,NA,NA,NA,0.425,0.3415,0.5085,Marginal
2018,06,85292,California,Whittier city,Without Disability,disability,0.9444,0.9057,0.9831,Marginal,0.8133,0.7967,0.8299,Marginal
2018,08,03455,Colorado,Arvada city,All,all,0.8507,0.7586,0.9427,Strong,0.8602,0.8446,0.8757,Strong
2018,08,03455,Colorado,Arvada city,With Disability,disability,NA,NA,NA,NA,0.4795,0.3896,0.5695,Strong
2018,08,03455,Colorado,Arvada city,Without Disability,disability,0.8763,0.7844,0.9682,Strong,0.8844,0.8696,0.8993,Strong
2018,08,04000,Colorado,Aurora city,All,all,0.8351,0.7859,0.8843,Weak,0.8151,0.8053,0.825,Weak
2018,08,04000,Colorado,Aurora city,With Disability,disability,NA,NA,NA,NA,0.4765,0.4296,0.5233,Weak
2018,08,04000,Colorado,Aurora city,Without Disability,disability,0.831,0.7791,0.8829,Weak,0.8408,0.8316,0.85,Weak
2018,08,07850,Colorado,Boulder city,All,all,0.9906,0.98,1,Marginal,0.8427,0.8269,0.8585,Marginal
2018,08,07850,Colorado,Boulder city,With Disability,disability,NA,NA,NA,NA,0.5621,0.4203,0.7039,Marginal
2018,08,07850,Colorado,Boulder city,Without Disability,disability,0.9903,0.9795,1,Marginal,0.8539,0.8392,0.8685,Marginal
2018,08,12815,Colorado,Centennial city,All,all,0.916,0.8688,0.9633,Marginal,0.8441,0.8321,0.8561,Marginal
2018,08,12815,Colorado,Centennial city,With Disability,disability,NA,NA,NA,NA,0.5748,0.5029,0.6467,Marginal
2018,08,12815,Colorado,Centennial city,Without Disability,disability,0.914,0.8658,0.9622,Marginal,0.8576,0.8458,0.8694,Marginal
2018,08,16000,Colorado,Colorado Springs city,All,all,0.9062,0.878,0.9343,Weak,0.7984,0.7893,0.8076,Weak
2018,08,16000,Colorado,Colorado Springs city,With Disability,disability,0.7896,0.6322,0.947,Weak,0.5114,0.4671,0.5557,Weak
2018,08,16000,Colorado,Colorado Springs city,Without Disability,disability,0.916,0.8867,0.9453,Weak,0.8305,0.8222,0.8387,Weak
2018,08,20000,Colorado,Denver city,All,all,0.8618,0.8245,0.8992,Strong,0.8392,0.8311,0.8472,Strong
2018,08,20000,Colorado,Denver city,With Disability,disability,NA,NA,NA,NA,0.5149,0.4697,0.5601,Strong
2018,08,20000,Colorado,Denver city,Without Disability,disability,0.8679,0.83,0.9059,Strong,0.86,0.8526,0.8673,Strong
2018,08,27425,Colorado,Fort Collins city,All,all,0.9685,0.9468,0.9902,Marginal,0.8365,0.8223,0.8507,Marginal
2018,08,27425,Colorado,Fort Collins city,With Disability,disability,NA,NA,NA,NA,0.4789,0.4129,0.5449,Marginal
2018,08,27425,Colorado,Fort Collins city,Without Disability,disability,0.974,0.952,0.996,Marginal,0.8584,0.8448,0.872,Marginal
2018,08,32155,Colorado,Greeley city,All,all,0.9262,0.8882,0.9641,Marginal,0.8064,0.7912,0.8215,Marginal
2018,08,32155,Colorado,Greeley city,With Disability,disability,NA,NA,NA,NA,0.4895,0.4152,0.5638,Marginal
2018,08,32155,Colorado,Greeley city,Without Disability,disability,0.9256,0.8861,0.965,Marginal,0.8329,0.8179,0.8479,Marginal
2018,08,43000,Colorado,Lakewood city,All,all,0.8901,0.8461,0.9342,Weak,0.8594,0.8476,0.8711,Weak
2018,08,43000,Colorado,Lakewood city,With Disability,disability,NA,NA,NA,NA,0.5049,0.4376,0.5721,Weak
2018,08,43000,Colorado,Lakewood city,Without Disability,disability,0.8893,0.8426,0.936,Weak,0.8816,0.8702,0.893,Weak
2018,08,45970,Colorado,Longmont city,All,all,0.8923,0.8247,0.9598,Marginal,0.8246,0.8093,0.84,Marginal
2018,08,45970,Colorado,Longmont city,With Disability,disability,NA,NA,NA,NA,0.482,0.3904,0.5735,Marginal
2018,08,45970,Colorado,Longmont city,Without Disability,disability,0.8935,0.8141,0.973,Marginal,0.846,0.8314,0.8606,Marginal
2018,08,46465,Colorado,Loveland city,All,all,0.8331,0.6971,0.9692,Marginal,0.8266,0.8043,0.849,Marginal
2018,08,46465,Colorado,Loveland city,With Disability,disability,NA,NA,NA,NA,0.5138,0.4099,0.6176,Marginal
2018,08,46465,Colorado,Loveland city,Without Disability,disability,0.8773,0.7777,0.9768,Marginal,0.8509,0.8288,0.873,Marginal
2018,08,62000,Colorado,Pueblo city,All,all,0.9077,0.8507,0.9648,Weak,0.7149,0.6952,0.7345,Weak
2018,08,62000,Colorado,Pueblo city,With Disability,disability,NA,NA,NA,NA,0.3227,0.2737,0.3717,Weak
2018,08,62000,Colorado,Pueblo city,Without Disability,disability,0.9063,0.8457,0.9669,Weak,0.7888,0.7694,0.8081,Weak
2018,08,77290,Colorado,Thornton city,All,all,0.8816,0.8288,0.9343,Marginal,0.83,0.8153,0.8447,Marginal
2018,08,77290,Colorado,Thornton city,With Disability,disability,NA,NA,NA,NA,0.5014,0.4192,0.5836,Marginal
2018,08,77290,Colorado,Thornton city,Without Disability,disability,0.877,0.8217,0.9324,Marginal,0.8561,0.8408,0.8713,Marginal
2018,08,83835,Colorado,Westminster city,All,all,0.8859,0.8284,0.9434,Marginal,0.8332,0.8202,0.8462,Marginal
2018,08,83835,Colorado,Westminster city,With Disability,disability,NA,NA,NA,NA,0.5259,0.4573,0.5945,Marginal
2018,08,83835,Colorado,Westminster city,Without Disability,disability,0.8866,0.8268,0.9464,Marginal,0.857,0.8441,0.87,Marginal
2018,09,08000,Connecticut,Bridgeport city,All,all,0.8759,0.8191,0.9327,Strong,0.7415,0.7217,0.7613,Strong
2018,09,08000,Connecticut,Bridgeport city,With Disability,disability,NA,NA,NA,NA,0.3411,0.2772,0.405,Strong
2018,09,08000,Connecticut,Bridgeport city,Without Disability,disability,0.8789,0.8217,0.9362,Strong,0.7783,0.7579,0.7987,Strong
2018,09,18430,Connecticut,Danbury city,All,all,0.9221,0.859,0.9853,Marginal,0.8373,0.8213,0.8533,Marginal
2018,09,18430,Connecticut,Danbury city,With Disability,disability,NA,NA,NA,NA,0.429,0.3381,0.5198,Marginal
2018,09,18430,Connecticut,Danbury city,Without Disability,disability,0.9389,0.878,0.9997,Marginal,0.8583,0.8439,0.8727,Marginal
2018,09,37000,Connecticut,Hartford city,All,all,0.8309,0.7711,0.8908,Weak,0.6985,0.6742,0.7227,Weak
2018,09,37000,Connecticut,Hartford city,With Disability,disability,NA,NA,NA,NA,0.3091,0.2401,0.3781,Weak
2018,09,37000,Connecticut,Hartford city,Without Disability,disability,0.842,0.7826,0.9014,Weak,0.7504,0.7239,0.7769,Weak
2018,09,52000,Connecticut,New Haven city,All,all,0.9184,0.8703,0.9665,Strong,0.7296,0.7095,0.7497,Strong
2018,09,52000,Connecticut,New Haven city,With Disability,disability,NA,NA,NA,NA,0.2889,0.1963,0.3816,Strong
2018,09,52000,Connecticut,New Haven city,Without Disability,disability,0.9253,0.8761,0.9745,Strong,0.761,0.7416,0.7804,Strong
2018,09,55990,Connecticut,Norwalk city,All,all,0.8351,0.7414,0.9288,Marginal,0.7794,0.7589,0.79990000000000006,Marginal
2018,09,55990,Connecticut,Norwalk city,With Disability,disability,NA,NA,NA,NA,0.4707,0.3633,0.5781,Marginal
2018,09,55990,Connecticut,Norwalk city,Without Disability,disability,0.8567,0.7692,0.9442,Marginal,0.7952,0.7747,0.8157,Marginal
2018,09,73000,Connecticut,Stamford city,All,all,0.8677,0.7822,0.9531,Weak,0.8009,0.783,0.8187,Weak
2018,09,73000,Connecticut,Stamford city,With Disability,disability,NA,NA,NA,NA,0.5769,0.4793,0.6745,Weak
2018,09,73000,Connecticut,Stamford city,Without Disability,disability,0.8629,0.7725,0.9532,Weak,0.8101,0.792,0.8282,Weak
2018,09,80000,Connecticut,Waterbury city,All,all,0.8825,0.8123,0.9526,Marginal,0.7013,0.6719,0.7306,Marginal
2018,09,80000,Connecticut,Waterbury city,With Disability,disability,NA,NA,NA,NA,0.30620000000000003,0.2094,0.4029,Marginal
2018,09,80000,Connecticut,Waterbury city,Without Disability,disability,0.9316,0.8828,0.9804,Marginal,0.7449,0.7174,0.7724,Marginal
2018,11,50000,District of Columbia,Washington city,All,all,0.9272,0.9041,0.9504,Strong,0.8281,0.8198,0.8364,Strong
2018,11,50000,District of Columbia,Washington city,With Disability,disability,0.8854,0.7914,0.9793,Strong,0.4555,0.42,0.491,Strong
2018,11,50000,District of Columbia,Washington city,Without Disability,disability,0.93,0.9063,0.9536,Strong,0.8561,0.8481,0.8641,Strong
2018,12,07300,Florida,Boca Raton city,All,all,0.9822,0.9592,1,Marginal,0.7754,0.7517,0.7991,Marginal
2018,12,07300,Florida,Boca Raton city,With Disability,disability,NA,NA,NA,NA,0.539,0.4224,0.6556,Marginal
2018,12,07300,Florida,Boca Raton city,Without Disability,disability,0.9813,0.9563,1,Marginal,0.7863,0.7631,0.8095,Marginal
2018,12,07875,Florida,Boynton Beach city,All,all,0.8082,0.708,0.9084,Marginal,0.8128,0.7928,0.8327,Marginal
2018,12,07875,Florida,Boynton Beach city,With Disability,disability,NA,NA,NA,NA,0.4487,0.3613,0.5362,Marginal
2018,12,07875,Florida,Boynton Beach city,Without Disability,disability,0.8131,0.7114,0.9149,Marginal,0.8414,0.8239,0.859,Marginal
2018,12,10275,Florida,Cape Coral city,All,all,0.7962,0.6878,0.9047,Strong,0.7856,0.7627,0.8084,Strong
2018,12,10275,Florida,Cape Coral city,With Disability,disability,NA,NA,NA,NA,0.335,0.2536,0.4165,Strong
2018,12,10275,Florida,Cape Coral city,Without Disability,disability,0.811,0.7083,0.9137,Strong,0.8179,0.7957,0.8401,Strong
2018,12,12875,Florida,Clearwater city,All,all,0.8405,0.7689,0.9122,Marginal,0.7705,0.7478,0.7932,Marginal
2018,12,12875,Florida,Clearwater city,With Disability,disability,NA,NA,NA,NA,0.3665,0.2884,0.4446,Marginal
2018,12,12875,Florida,Clearwater city,Without Disability,disability,0.8669,0.7938,0.9399,Marginal,0.8083,0.7881,0.8286,Marginal
2018,12,14400,Florida,Coral Springs city,All,all,0.9117,0.8543,0.969,Strong,0.814,0.7968,0.8312,Strong
2018,12,14400,Florida,Coral Springs city,With Disability,disability,NA,NA,NA,NA,0.4846,0.3977,0.5715,Strong
2018,12,14400,Florida,Coral Springs city,Without Disability,disability,0.9289,0.873,0.9849,Strong,0.8342,0.8174,0.851,Strong
2018,12,16475,Florida,Davie town,All,all,0.9441,0.8993,0.9889,Marginal,0.807,0.7861,0.8279,Marginal
2018,12,16475,Florida,Davie town,With Disability,disability,NA,NA,NA,NA,0.4187,0.3029,0.5345,Marginal
2018,12,16475,Florida,Davie town,Without Disability,disability,0.9547,0.9139,0.9955,Marginal,0.826,0.8071,0.8449,Marginal
2018,12,16725,Florida,Deerfield Beach city,All,all,0.8696,0.7762,0.963,Marginal,0.8216,0.7967,0.8465,Marginal
2018,12,16725,Florida,Deerfield Beach city,With Disability,disability,NA,NA,NA,NA,0.5054,0.3688,0.642,Marginal
2018,12,16725,Florida,Deerfield Beach city,Without Disability,disability,0.9117,0.847,0.9763,Marginal,0.844,0.8195,0.8686,Marginal
2018,12,17200,Florida,Deltona city,All,all,0.8293,0.7444,0.9142,Marginal,0.7554,0.7358,0.775,Marginal
2018,12,17200,Florida,Deltona city,With Disability,disability,NA,NA,NA,NA,0.397,0.3102,0.4838,Marginal
2018,12,17200,Florida,Deltona city,Without Disability,disability,0.8516,0.7626,0.9405,Marginal,0.7948,0.7745,0.8152,Marginal
2018,12,17935,Florida,Doral city,All,all,0.8751,0.7917,0.9586,Marginal,0.7955,0.7746,0.8163,Marginal
2018,12,17935,Florida,Doral city,With Disability,disability,NA,NA,NA,NA,0.4091,0.294,0.5242,Marginal
2018,12,17935,Florida,Doral city,Without Disability,disability,0.8822,0.7992,0.9653,Marginal,0.8081,0.7865,0.8296,Marginal
2018,12,24000,Florida,Fort Lauderdale city,All,all,0.8025,0.7247,0.8803,Weak,0.7952,0.7784,0.812,Weak
2018,12,24000,Florida,Fort Lauderdale city,With Disability,disability,NA,NA,NA,NA,0.4164,0.3342,0.4985,Weak
2018,12,24000,Florida,Fort Lauderdale city,Without Disability,disability,0.808,0.7299,0.886,Weak,0.8254,0.8083,0.8425,Weak
2018,12,24125,Florida,Fort Myers city,All,all,0.8204,0.7231,0.9177,Marginal,0.7663,0.7417,0.791,Marginal
2018,12,24125,Florida,Fort Myers city,With Disability,disability,NA,NA,NA,NA,0.3976,0.2958,0.4993,Marginal
2018,12,24125,Florida,Fort Myers city,Without Disability,disability,0.8301,0.7319,0.9284,Marginal,0.8,0.7763,0.8236,Marginal
2018,12,25175,Florida,Gainesville city,All,all,0.973,0.9544,0.9916,Strong,0.768,0.7462,0.7898,Strong
2018,12,25175,Florida,Gainesville city,With Disability,disability,NA,NA,NA,NA,0.3782,0.2893,0.467,Strong
2018,12,25175,Florida,Gainesville city,Without Disability,disability,0.975,0.9566,0.9935,Strong,0.8048,0.7817,0.8279,Strong
2018,12,30000,Florida,Hialeah city,All,all,0.8397,0.7911,0.8883,Marginal,0.7609,0.7462,0.7756,Marginal
2018,12,30000,Florida,Hialeah city,With Disability,disability,NA,NA,NA,NA,0.2925,0.2297,0.3553,Marginal
2018,12,30000,Florida,Hialeah city,Without Disability,disability,0.8544,0.8107,0.8982,Marginal,0.7848,0.77,0.7995,Marginal
2018,12,32000,Florida,Hollywood city,All,all,0.7912,0.7181,0.8642,Marginal,0.7944,0.7804,0.8084,Marginal
2018,12,32000,Florida,Hollywood city,With Disability,disability,NA,NA,NA,NA,0.4019,0.329,0.4747,Marginal
2018,12,32000,Florida,Hollywood city,Without Disability,disability,0.8306,0.7643,0.8968,Marginal,0.8234,0.8086,0.8382,Marginal
2018,12,32275,Florida,Homestead city,All,all,0.7315,0.642,0.821,Weak,0.7488,0.7286,0.769,Weak
2018,12,32275,Florida,Homestead city,With Disability,disability,NA,NA,NA,NA,0.4531,0.3728,0.5334,Weak
2018,12,32275,Florida,Homestead city,Without Disability,disability,0.7578,0.669,0.8467,Weak,0.7785,0.7576,0.7993,Weak
2018,12,35000,Florida,Jacksonville city,All,all,0.8428,0.8116,0.874,Weak,0.7875,0.7793,0.7956,Weak
2018,12,35000,Florida,Jacksonville city,With Disability,disability,0.6307,0.4294,0.8321,Weak,0.4038,0.3769,0.4307,Weak
2018,12,35000,Florida,Jacksonville city,Without Disability,disability,0.8556,0.8263,0.8849,Weak,0.8273,0.819,0.8356,Weak
2018,12,36950,Florida,Kissimmee city,All,all,0.9094,0.8625,0.9563,Marginal,0.7762,0.7532,0.7991,Marginal
2018,12,36950,Florida,Kissimmee city,With Disability,disability,NA,NA,NA,NA,0.4339,0.3607,0.507,Marginal
2018,12,36950,Florida,Kissimmee city,Without Disability,disability,0.9068,0.8574,0.9563,Marginal,0.8205,0.7992,0.8418,Marginal
2018,12,38250,Florida,Lakeland city,All,all,0.8767,0.8275,0.9259,Marginal,0.761,0.7445,0.7776,Marginal
2018,12,38250,Florida,Lakeland city,With Disability,disability,NA,NA,NA,NA,0.3464,0.2958,0.3969,Marginal
2018,12,38250,Florida,Lakeland city,Without Disability,disability,0.9006,0.8555,0.9458,Marginal,0.8093,0.7923,0.8264,Marginal
2018,12,39425,Florida,Largo city,All,all,0.8565,0.7691,0.944,Marginal,0.794,0.7716,0.8163,Marginal
2018,12,39425,Florida,Largo city,With Disability,disability,NA,NA,NA,NA,0.4191,0.3377,0.5004,Marginal
2018,12,39425,Florida,Largo city,Without Disability,disability,0.8818,0.8058,0.9579,Marginal,0.8329,0.8127,0.8531,Marginal
2018,12,43975,Florida,Melbourne city,All,all,0.8726,0.7981,0.9472,Marginal,0.773,0.7518,0.7942,Marginal
2018,12,43975,Florida,Melbourne city,With Disability,disability,NA,NA,NA,NA,0.3755,0.2883,0.4626,Marginal
2018,12,43975,Florida,Melbourne city,Without Disability,disability,0.8718,0.7942,0.9493,Marginal,0.8087,0.7881,0.8292,Marginal
2018,12,45000,Florida,Miami city,All,all,0.8217,0.7701,0.8734,Marginal,0.7701,0.7593,0.781,Marginal
2018,12,45000,Florida,Miami city,With Disability,disability,NA,NA,NA,NA,0.3161,0.253,0.3792,Marginal
2018,12,45000,Florida,Miami city,Without Disability,disability,0.8257,0.777,0.8745,Marginal,0.7981,0.7878,0.8085,Marginal
2018,12,45025,Florida,Miami Beach city,All,all,0.9306,0.8894,0.9718,Marginal,0.8267,0.8095,0.8438,Marginal
2018,12,45025,Florida,Miami Beach city,With Disability,disability,NA,NA,NA,NA,0.5236,0.4265,0.6207,Marginal
2018,12,45025,Florida,Miami Beach city,Without Disability,disability,0.945,0.9074,0.9826,Marginal,0.8355,0.8186,0.8523,Marginal
2018,12,45060,Florida,Miami Gardens city,All,all,0.9014,0.8614,0.9414,Marginal,0.7312,0.7108,0.7516,Marginal
2018,12,45060,Florida,Miami Gardens city,With Disability,disability,NA,NA,NA,NA,0.2773,0.2109,0.3437,Marginal
2018,12,45060,Florida,Miami Gardens city,Without Disability,disability,0.9147,0.8764,0.9529,Marginal,0.7632,0.7423,0.784,Marginal
2018,12,45975,Florida,Miramar city,All,all,0.8336,0.7666,0.9007,Marginal,0.8177,0.8012,0.8342,Marginal
2018,12,45975,Florida,Miramar city,With Disability,disability,NA,NA,NA,NA,0.4464,0.3544,0.5385,Marginal
2018,12,45975,Florida,Miramar city,Without Disability,disability,0.8538,0.795,0.9126,Marginal,0.8339,0.8175,0.8502,Marginal
2018,12,49675,Florida,North Port city,All,all,NA,NA,NA,NA,0.7776,0.7456,0.8096,Weak
2018,12,49675,Florida,North Port city,With Disability,disability,NA,NA,NA,NA,0.2981,0.2013,0.3949,Weak
2018,12,49675,Florida,North Port city,Without Disability,disability,NA,NA,NA,NA,0.825,0.7993,0.8506,Weak
2018,12,53000,Florida,Orlando city,All,all,0.8399,0.7972,0.8827,Weak,0.8019,0.79,0.8138,Weak
2018,12,53000,Florida,Orlando city,With Disability,disability,NA,NA,NA,NA,0.4112,0.3639,0.4584,Weak
2018,12,53000,Florida,Orlando city,Without Disability,disability,0.8541,0.8102,0.8981,Weak,0.8368,0.8263,0.8473,Weak
2018,12,54000,Florida,Palm Bay city,All,all,0.8758,0.7988,0.9528,Strong,0.737,0.7083,0.7656,Strong
2018,12,54000,Florida,Palm Bay city,With Disability,disability,NA,NA,NA,NA,0.3781,0.2776,0.4787,Strong
2018,12,54000,Florida,Palm Bay city,Without Disability,disability,0.8771,0.7977,0.9566,Strong,0.7764,0.7492,0.8035,Strong
2018,12,54200,Florida,Palm Coast city,All,all,0.7232,0.6041,0.8423,Marginal,0.7266,0.6966,0.7566,Marginal
2018,12,54200,Florida,Palm Coast city,With Disability,disability,NA,NA,NA,NA,0.2569,0.1733,0.3405,Marginal
2018,12,54200,Florida,Palm Coast city,Without Disability,disability,0.7695,0.6537,0.8853,Marginal,0.7796,0.7485,0.8106,Marginal
2018,12,55775,Florida,Pembroke Pines city,All,all,0.8859,0.8435,0.9284,Marginal,0.8031,0.7911,0.815,Marginal
2018,12,55775,Florida,Pembroke Pines city,With Disability,disability,NA,NA,NA,NA,0.441,0.3658,0.5162,Marginal
2018,12,55775,Florida,Pembroke Pines city,Without Disability,disability,0.9181,0.8874,0.9489,Marginal,0.8201,0.8077,0.8324,Marginal
2018,12,57425,Florida,Plantation city,All,all,0.8928,0.8356,0.9499,Marginal,0.8177,0.798,0.8373,Marginal
2018,12,57425,Florida,Plantation city,With Disability,disability,NA,NA,NA,NA,0.431,0.3528,0.5092,Marginal
2018,12,57425,Florida,Plantation city,Without Disability,disability,0.9053,0.8459,0.9647,Marginal,0.8426,0.8228,0.8623,Marginal
2018,12,58050,Florida,Pompano Beach city,All,all,0.8116,0.7325,0.8906,Marginal,0.8134,0.7984,0.8283,Marginal
2018,12,58050,Florida,Pompano Beach city,With Disability,disability,NA,NA,NA,NA,0.4815,0.4043,0.5588,Marginal
2018,12,58050,Florida,Pompano Beach city,Without Disability,disability,0.8313,0.7497,0.9129,Marginal,0.8344,0.8197,0.849,Marginal
2018,12,58715,Florida,Port St. Lucie city,All,all,0.8907,0.8011,0.9802,Strong,0.7638,0.7388,0.7888,Strong
2018,12,58715,Florida,Port St. Lucie city,With Disability,disability,NA,NA,NA,NA,0.347,0.269,0.4249,Strong
2018,12,58715,Florida,Port St. Lucie city,Without Disability,disability,0.8959,0.8052,0.9865,Strong,0.8069,0.7824,0.8314,Strong
2018,12,63000,Florida,St. Petersburg city,All,all,0.8683,0.8243,0.9123,Weak,0.7956,0.7824,0.8088,Weak
2018,12,63000,Florida,St. Petersburg city,With Disability,disability,NA,NA,NA,NA,0.3778,0.331,0.4246,Weak
2018,12,63000,Florida,St. Petersburg city,Without Disability,disability,0.8854,0.8402,0.9306,Weak,0.8379,0.8253,0.8504,Weak
2018,12,69700,Florida,Sunrise city,All,all,0.8964,0.843,0.9498,Marginal,0.8162,0.7974,0.8351,Marginal
2018,12,69700,Florida,Sunrise city,With Disability,disability,NA,NA,NA,NA,0.4332,0.3568,0.5096,Marginal
2018,12,69700,Florida,Sunrise city,Without Disability,disability,0.9094,0.854,0.9649,Marginal,0.8403,0.8214,0.8592,Marginal
2018,12,70600,Florida,Tallahassee city,All,all,0.9475,0.9273,0.9677,Strong,0.8049,0.7907,0.8191,Strong
2018,12,70600,Florida,Tallahassee city,With Disability,disability,0.765,0.5909,0.9392,Strong,0.5356,0.4715,0.5997,Strong
2018,12,70600,Florida,Tallahassee city,Without Disability,disability,0.9586,0.9401,0.9771,Strong,0.8314,0.8178,0.8449,Strong
2018,12,71000,Florida,Tampa city,All,all,0.877,0.845,0.909,Marginal,0.781,0.77,0.7919,Marginal
2018,12,71000,Florida,Tampa city,With Disability,disability,0.5329,0.3431,0.7227,Marginal,0.3845,0.3451,0.424,Marginal
2018,12,71000,Florida,Tampa city,Without Disability,disability,0.9009,0.873,0.9288,Marginal,0.8153,0.8046,0.8261,Marginal
2018,12,76600,Florida,West Palm Beach city,All,all,0.8354,0.7837,0.887,Marginal,0.7914,0.7734,0.8095,Marginal
2018,12,76600,Florida,West Palm Beach city,With Disability,disability,NA,NA,NA,NA,0.3979,0.3237,0.4721,Marginal
2018,12,76600,Florida,West Palm Beach city,Without Disability,disability,0.834,0.781,0.8871,Marginal,0.8177,0.7995,0.8359,Marginal
2018,13,03440,Georgia,Athens-Clarke County unified government (balance),All,all,0.9779,0.9601,0.9957,Marginal,0.7735,0.7531,0.7939,Marginal
2018,13,03440,Georgia,Athens-Clarke County unified government (balance),With Disability,disability,NA,NA,NA,NA,0.4707,0.386,0.5554,Marginal
2018,13,03440,Georgia,Athens-Clarke County unified government (balance),Without Disability,disability,0.9782,0.9596,0.9969,Marginal,0.803,0.7828,0.8232,Marginal
2018,13,04000,Georgia,Atlanta city,All,all,0.937,0.9178,0.9561,Weak,0.81,0.8003,0.8196,Weak
2018,13,04000,Georgia,Atlanta city,With Disability,disability,0.6284,0.4585,0.7983,Weak,0.384,0.3427,0.4253,Weak
2018,13,04000,Georgia,Atlanta city,Without Disability,disability,0.9495,0.9325,0.9664,Weak,0.8461,0.837,0.8553,Weak
2018,13,04204,Georgia,Augusta-Richmond County consolidated government (balance),All,all,0.8688,0.8245,0.913,Strong,0.7034,0.6841,0.7226,Strong
2018,13,04204,Georgia,Augusta-Richmond County consolidated government (balance),With Disability,disability,NA,NA,NA,NA,0.388,0.3321,0.444,Strong
2018,13,04204,Georgia,Augusta-Richmond County consolidated government (balance),Without Disability,disability,0.8744,0.8285,0.9202,Strong,0.754,0.7332,0.7749,Strong
2018,13,19000,Georgia,Columbus city,All,all,0.9261,0.8944,0.9579,Weak,0.7263,0.7113,0.7413,Weak
2018,13,19000,Georgia,Columbus city,With Disability,disability,NA,NA,NA,NA,0.388,0.3388,0.4371,Weak
2018,13,19000,Georgia,Columbus city,Without Disability,disability,0.9403,0.9136,0.967,Weak,0.784,0.769,0.7991,Weak
2018,13,42425,Georgia,Johns Creek city,All,all,0.949,0.9003,0.9977,Marginal,0.8035,0.7857,0.8214,Marginal
2018,13,42425,Georgia,Johns Creek city,With Disability,disability,NA,NA,NA,NA,0.582,0.4148,0.7492,Marginal
2018,13,42425,Georgia,Johns Creek city,Without Disability,disability,0.9824,0.9592,1,Marginal,0.8106,0.7927,0.8285,Marginal
2018,13,49008,Georgia,Macon-Bibb County,All,all,0.8912,0.8471,0.9354,Strong,0.7098,0.6896,0.7301,Strong
2018,13,49008,Georgia,Macon-Bibb County,With Disability,disability,NA,NA,NA,NA,0.3211,0.2618,0.3803,Strong
2018,13,49008,Georgia,Macon-Bibb County,Without Disability,disability,0.9257,0.8915,0.96,Strong,0.769,0.7499,0.7881,Strong
2018,13,67284,Georgia,Roswell city,All,all,0.8338,0.7313,0.9362,Marginal,0.8254,0.8099,0.8408,Marginal
2018,13,67284,Georgia,Roswell city,With Disability,disability,NA,NA,NA,NA,0.5694,0.4366,0.7023,Marginal
2018,13,67284,Georgia,Roswell city,Without Disability,disability,0.8645,0.765,0.964,Marginal,0.8348,0.8211,0.8486,Marginal
2018,13,68516,Georgia,Sandy Springs city,All,all,0.9273,0.8481,1,Strong,0.8563,0.839,0.8737,Strong
2018,13,68516,Georgia,Sandy Springs city,With Disability,disability,NA,NA,NA,NA,0.7736,0.6537,0.8935,Strong
2018,13,68516,Georgia,Sandy Springs city,Without Disability,disability,0.9364,0.8554,1,Strong,0.859,0.8413,0.8767,Strong
2018,13,69000,Georgia,Savannah city,All,all,0.9013,0.8616,0.941,Weak,0.7729,0.757,0.7887,Weak
2018,13,69000,Georgia,Savannah city,With Disability,disability,NA,NA,NA,NA,0.4144,0.3577,0.4711,Weak
2018,13,69000,Georgia,Savannah city,Without Disability,disability,0.9066,0.864,0.9491,Weak,0.8171,0.7993,0.8348,Weak
2018,13,72122,Georgia,South Fulton city,All,all,NA,NA,NA,NA,NA,NA,NA,NA
2018,13,72122,Georgia,South Fulton city,With Disability,disability,NA,NA,NA,NA,NA,NA,NA,NA
2018,13,72122,Georgia,South Fulton city,Without Disability,disability,NA,NA,NA,NA,NA,NA,NA,NA
2018,13,80508,Georgia,Warner Robins city,All,all,0.8926,0.8273,0.9578,Marginal,0.7766,0.7512,0.8021,Marginal
2018,13,80508,Georgia,Warner Robins city,With Disability,disability,NA,NA,NA,NA,0.3677,0.2925,0.4428,Marginal
2018,13,80508,Georgia,Warner Robins city,Without Disability,disability,0.9035,0.8411,0.9658,Marginal,0.8199,0.7955,0.8444,Marginal
2018,15,71550,Hawaii,Urban Honolulu CDP,All,all,0.9534,0.9273,0.9794,Strong,0.8366,0.8263,0.847,Strong
2018,15,71550,Hawaii,Urban Honolulu CDP,With Disability,disability,NA,NA,NA,NA,0.5039,0.436,0.5718,Strong
2018,15,71550,Hawaii,Urban Honolulu CDP,Without Disability,disability,0.9654,0.9417,0.989,Strong,0.8553,0.8461,0.8646,Strong
2018,16,08830,Idaho,Boise City city,All,all,0.8994,0.8533,0.9456,Marginal,0.8236,0.8114,0.8357,Marginal
2018,16,08830,Idaho,Boise City city,With Disability,disability,NA,NA,NA,NA,0.4841,0.4212,0.547,Marginal
2018,16,08830,Idaho,Boise City city,Without Disability,disability,0.8976,0.849,0.9461,Marginal,0.8528,0.8422,0.8634,Marginal
2018,16,52120,Idaho,Meridian city,All,all,0.8377,0.7399,0.9354,Weak,0.8057,0.7882,0.8233,Weak
2018,16,52120,Idaho,Meridian city,With Disability,disability,NA,NA,NA,NA,0.4493,0.3552,0.5434,Weak
2018,16,52120,Idaho,Meridian city,Without Disability,disability,0.8471,0.7514,0.9429,Weak,0.8409,0.8238,0.858,Weak
2018,16,56260,Idaho,Nampa city,All,all,0.8627,0.8013,0.924,Marginal,0.7715,0.7505,0.7924,Marginal
2018,16,56260,Idaho,Nampa city,With Disability,disability,NA,NA,NA,NA,0.4536,0.3688,0.5384,Marginal
2018,16,56260,Idaho,Nampa city,Without Disability,disability,0.8776,0.814,0.9412,Marginal,0.8094,0.7896,0.8292,Marginal
2018,17,02154,Illinois,Arlington Heights village,All,all,0.9245,0.8616,0.98740000000000006,Weak,0.8434,0.8296,0.8571,Weak
2018,17,02154,Illinois,Arlington Heights village,With Disability,disability,NA,NA,NA,NA,0.5328,0.4426,0.623,Weak
2018,17,02154,Illinois,Arlington Heights village,Without Disability,disability,0.9442,0.8912,0.9973,Weak,0.8594,0.8464,0.8724,Weak
2018,17,03012,Illinois,Aurora city,All,all,0.8383,0.7689,0.9076,Marginal,0.8114,0.7966,0.8261,Marginal
2018,17,03012,Illinois,Aurora city,With Disability,disability,NA,NA,NA,NA,0.502,0.4283,0.5756,Marginal
2018,17,03012,Illinois,Aurora city,Without Disability,disability,0.8456,0.7721,0.9191,Marginal,0.8298,0.8148,0.8449,Marginal
2018,17,06613,Illinois,Bloomington city,All,all,0.9658,0.9464,0.9852,Marginal,0.8366,0.819,0.8542,Marginal
2018,17,06613,Illinois,Bloomington city,With Disability,disability,NA,NA,NA,NA,0.4705,0.3711,0.57,Marginal
2018,17,06613,Illinois,Bloomington city,Without Disability,disability,0.9759,0.9609,0.9908,Marginal,0.8601,0.8439,0.8763,Marginal
2018,17,12385,Illinois,Champaign city,All,all,0.9693,0.9429,0.9957,Weak,0.8222,0.8062,0.8382,Weak
2018,17,12385,Illinois,Champaign city,With Disability,disability,NA,NA,NA,NA,0.4735,0.3747,0.5723,Weak
2018,17,12385,Illinois,Champaign city,Without Disability,disability,0.9688,0.941,0.9965,Weak,0.8438,0.8278,0.8599,Weak
2018,17,14000,Illinois,Chicago city,All,all,0.8626,0.8476,0.8776,Strong,0.7851,0.7801,0.7902,Strong
2018,17,14000,Illinois,Chicago city,With Disability,disability,0.702,0.6296,0.7745,Strong,0.3662,0.3451,0.3872,Strong
2018,17,14000,Illinois,Chicago city,Without Disability,disability,0.8711,0.8555,0.8867,Strong,0.8132,0.8082,0.8181,Strong
2018,17,14351,Illinois,Cicero town,All,all,0.8783,0.8232,0.9333,Marginal,0.8021,0.783,0.8212,Marginal
2018,17,14351,Illinois,Cicero town,With Disability,disability,NA,NA,NA,NA,0.4553,0.349,0.5615,Marginal
2018,17,14351,Illinois,Cicero town,Without Disability,disability,0.8916,0.8368,0.9465,Marginal,0.8167,0.7977,0.8358,Marginal
2018,17,23074,Illinois,Elgin city,All,all,0.9248,0.8838,0.9658,Marginal,0.8204,0.805,0.8359,Marginal
2018,17,23074,Illinois,Elgin city,With Disability,disability,NA,NA,NA,NA,0.4723,0.3898,0.5547,Marginal
2018,17,23074,Illinois,Elgin city,Without Disability,disability,0.9242,0.8817,0.9667,Marginal,0.8385,0.824,0.853,Marginal
2018,17,24582,Illinois,Evanston city,All,all,0.9581,0.9214,0.9947,Marginal,0.7934,0.7759,0.8109,Marginal
2018,17,24582,Illinois,Evanston city,With Disability,disability,NA,NA,NA,NA,0.4515,0.3628,0.5402,Marginal
2018,17,24582,Illinois,Evanston city,Without Disability,disability,0.9675,0.9347,1,Marginal,0.8097,0.7923,0.827,Marginal
2018,17,38570,Illinois,Joliet city,All,all,0.8542,0.7968,0.9116,Marginal,0.8217,0.809,0.8344,Marginal
2018,17,38570,Illinois,Joliet city,With Disability,disability,NA,NA,NA,NA,0.4684,0.4009,0.5359,Marginal
2018,17,38570,Illinois,Joliet city,Without Disability,disability,0.867,0.8091,0.92490000000000006,Marginal,0.8446,0.8331,0.8561,Marginal
2018,17,51622,Illinois,Naperville city,All,all,0.9508,0.9264,0.9752,Marginal,0.8367,0.8267,0.8466,Marginal
2018,17,51622,Illinois,Naperville city,With Disability,disability,NA,NA,NA,NA,0.5758,0.5144,0.6373,Marginal
2018,17,51622,Illinois,Naperville city,Without Disability,disability,0.9604,0.9363,0.9845,Marginal,0.849,0.839,0.859,Marginal
2018,17,59000,Illinois,Peoria city,All,all,0.9171,0.8703,0.9638,Weak,0.7854,0.7693,0.8014,Weak
2018,17,59000,Illinois,Peoria city,With Disability,disability,NA,NA,NA,NA,0.3512,0.2864,0.416,Weak
2018,17,59000,Illinois,Peoria city,Without Disability,disability,0.9279,0.8828,0.9731,Weak,0.8219,0.8059,0.8378,Weak
2018,17,65000,Illinois,Rockford city,All,all,0.7961,0.7362,0.856,Weak,0.7494,0.7324,0.7664,Weak
2018,17,65000,Illinois,Rockford city,With Disability,disability,NA,NA,NA,NA,0.3795,0.3263,0.4327,Weak
2018,17,65000,Illinois,Rockford city,Without Disability,disability,0.8204,0.7595,0.8812,Weak,0.7946,0.7772,0.812,Weak
2018,17,68003,Illinois,Schaumburg village,All,all,0.9656,0.9259,1,Marginal,0.8422,0.8233,0.8611,Marginal
2018,17,68003,Illinois,Schaumburg village,With Disability,disability,NA,NA,NA,NA,0.5654,0.4582,0.6725,Marginal
2018,17,68003,Illinois,Schaumburg village,Without Disability,disability,0.9663,0.9258,1,Marginal,0.856,0.838,0.874,Marginal
2018,17,72000,Illinois,Springfield city,All,all,0.8761,0.817,0.9352,Marginal,0.8162,0.8022,0.8302,Marginal
2018,17,72000,Illinois,Springfield city,With Disability,disability,NA,NA,NA,NA,0.3371,0.2842,0.3899,Marginal
2018,17,72000,Illinois,Springfield city,Without Disability,disability,0.8938,0.8457,0.9418,Marginal,0.8695,0.856,0.8831,Marginal
2018,17,79293,Illinois,Waukegan city,All,all,0.8759,0.8176,0.9342,Marginal,0.7744,0.7565,0.7922,Marginal
2018,17,79293,Illinois,Waukegan city,With Disability,disability,NA,NA,NA,NA,0.437,0.3637,0.5103,Marginal
2018,17,79293,Illinois,Waukegan city,Without Disability,disability,0.8845,0.8223,0.9467,Marginal,0.8035,0.7852,0.8218,Marginal
2018,18,05860,Indiana,Bloomington city,All,all,0.976,0.955,0.9969,Marginal,0.7934,0.7695,0.8173,Marginal
2018,18,05860,Indiana,Bloomington city,With Disability,disability,NA,NA,NA,NA,0.4669,0.3977,0.5362,Marginal
2018,18,05860,Indiana,Bloomington city,Without Disability,disability,0.9888,0.9752,1,Marginal,0.8325,0.8097,0.8553,Marginal
2018,18,10342,Indiana,Carmel city,All,all,0.908,0.8157,1,Marginal,0.8592,0.8416,0.8768,Marginal
2018,18,10342,Indiana,Carmel city,With Disability,disability,NA,NA,NA,NA,0.6275,0.4916,0.7634,Marginal
2018,18,10342,Indiana,Carmel city,Without Disability,disability,0.9202,0.8323,1,Marginal,0.8687,0.8521,0.8852,Marginal
2018,18,22000,Indiana,Evansville city,All,all,0.8908,0.8431,0.9385,Weak,0.793,0.7728,0.8131,Weak
2018,18,22000,Indiana,Evansville city,With Disability,disability,NA,NA,NA,NA,0.3987,0.3221,0.4753,Weak
2018,18,22000,Indiana,Evansville city,Without Disability,disability,0.9286,0.8872,0.97,Weak,0.8522,0.8345,0.8699,Weak
2018,18,23278,Indiana,Fishers city,All,all,0.9241,0.8705,0.9776,Marginal,0.8619,0.8471,0.8768,Marginal
2018,18,23278,Indiana,Fishers city,With Disability,disability,NA,NA,NA,NA,0.5558,0.4602,0.6514,Marginal
2018,18,23278,Indiana,Fishers city,Without Disability,disability,0.9319,0.8814,0.9825,Marginal,0.8786,0.8651,0.8921,Marginal
2018,18,25000,Indiana,Fort Wayne city,All,all,0.8707,0.8184,0.923,Strong,0.7899,0.776,0.8037,Strong
2018,18,25000,Indiana,Fort Wayne city,With Disability,disability,NA,NA,NA,NA,0.3797,0.3288,0.4306,Strong
2018,18,25000,Indiana,Fort Wayne city,Without Disability,disability,0.8961,0.8462,0.946,Strong,0.8395,0.8266,0.8524,Strong
2018,18,31000,Indiana,Hammond city,All,all,0.8869,0.8367,0.9372,Weak,0.6846,0.66,0.7093,Weak
2018,18,31000,Indiana,Hammond city,With Disability,disability,NA,NA,NA,NA,0.3419,0.2871,0.3967,Weak
2018,18,31000,Indiana,Hammond city,Without Disability,disability,0.8891,0.837,0.9412,Weak,0.7414,0.7182,0.7646,Weak
2018,18,36003,Indiana,Indianapolis city (balance),All,all,0.8164,0.7796,0.8533,Strong,0.776,0.7667,0.7853,Strong
2018,18,36003,Indiana,Indianapolis city (balance),With Disability,disability,0.6149,0.4632,0.7665,Strong,0.4088,0.3783,0.4394,Strong
2018,18,36003,Indiana,Indianapolis city (balance),Without Disability,disability,0.8329,0.7938,0.872,Strong,0.8204,0.811,0.8297,Strong
2018,18,71000,Indiana,South Bend city,All,all,0.9125,0.8761,0.9488,Weak,0.7735,0.7561,0.7909,Weak
2018,18,71000,Indiana,South Bend city,With Disability,disability,NA,NA,NA,NA,0.4825,0.4123,0.5528,Weak
2018,18,71000,Indiana,South Bend city,Without Disability,disability,0.9177,0.8808,0.9546,Weak,0.8123,0.7941,0.8305,Weak
2018,19,12000,Iowa,Cedar Rapids city,All,all,0.9741,0.952,0.9963,Weak,0.8634,0.8448,0.8819,Weak
2018,19,12000,Iowa,Cedar Rapids city,With Disability,disability,NA,NA,NA,NA,0.5397,0.4536,0.6259,Weak
2018,19,12000,Iowa,Cedar Rapids city,Without Disability,disability,0.9867,0.9711,1,Weak,0.8872,0.8682,0.9062,Weak
2018,19,19000,Iowa,Davenport city,All,all,0.9255,0.8751,0.9758,Weak,0.8296,0.8082,0.8509,Weak
2018,19,19000,Iowa,Davenport city,With Disability,disability,NA,NA,NA,NA,0.4436,0.3459,0.5412,Weak
2018,19,19000,Iowa,Davenport city,Without Disability,disability,0.9239,0.8709,0.9768,Weak,0.8594,0.84,0.8788,Weak
2018,19,21000,Iowa,Des Moines city,All,all,0.8446,0.7869,0.9022,Weak,0.8327,0.8183,0.8471,Weak
2018,19,21000,Iowa,Des Moines city,With Disability,disability,0.6565,0.446,0.8669,Weak,0.4938,0.4135,0.574,Weak
2018,19,21000,Iowa,Des Moines city,Without Disability,disability,0.8627,0.799,0.9265,Weak,0.8718,0.8592,0.8844,Weak
2018,19,73335,Iowa,Sioux City city,All,all,0.9198,0.8469,0.9927,Marginal,0.8529,0.8333,0.8726,Marginal
2018,19,73335,Iowa,Sioux City city,With Disability,disability,NA,NA,NA,NA,0.5207,0.4131,0.6283,Marginal
2018,19,73335,Iowa,Sioux City city,Without Disability,disability,0.9225,0.8479,0.9972,Marginal,0.8823,0.8633,0.9013,Marginal
2018,20,36000,Kansas,Kansas City city,All,all,0.8228,0.7542,0.8914,Weak,0.7664,0.748,0.7848,Weak
2018,20,36000,Kansas,Kansas City city,With Disability,disability,NA,NA,NA,NA,0.4232,0.3497,0.4967,Weak
2018,20,36000,Kansas,Kansas City city,Without Disability,disability,0.8118,0.7407,0.8829,Weak,0.808,0.79,0.826,Weak
2018,20,38900,Kansas,Lawrence city,All,all,0.9867,0.9695,1,Strong,0.8327,0.8086,0.8567,Strong
2018,20,38900,Kansas,Lawrence city,With Disability,disability,NA,NA,NA,NA,0.5216,0.3941,0.6491,Strong
2018,20,38900,Kansas,Lawrence city,Without Disability,disability,0.9914,0.9768,1,Strong,0.8647,0.8417,0.8877,Strong
2018,20,52575,Kansas,Olathe city,All,all,0.8746,0.7977,0.9514,Marginal,0.8675,0.8535,0.8815,Marginal
2018,20,52575,Kansas,Olathe city,With Disability,disability,NA,NA,NA,NA,0.5774,0.4935,0.6612,Marginal
2018,20,52575,Kansas,Olathe city,Without Disability,disability,0.8853,0.8051,0.9654,Marginal,0.8877,0.8751,0.9003,Marginal
2018,20,53775,Kansas,Overland Park city,All,all,0.96,0.9211,0.9989,Marginal,0.8515,0.8396,0.8633,Marginal
2018,20,53775,Kansas,Overland Park city,With Disability,disability,NA,NA,NA,NA,0.6519,0.5751,0.7288,Marginal
2018,20,53775,Kansas,Overland Park city,Without Disability,disability,0.9716,0.9385,1,Marginal,0.8619,0.8493,0.8746,Marginal
2018,20,71000,Kansas,Topeka city,All,all,0.9102,0.8482,0.9723,Weak,0.8171,0.7966,0.8377,Weak
2018,20,71000,Kansas,Topeka city,With Disability,disability,NA,NA,NA,NA,0.4416,0.3651,0.5181,Weak
2018,20,71000,Kansas,Topeka city,Without Disability,disability,0.9161,0.8516,0.9806,Weak,0.8622,0.8448,0.8796,Weak
2018,20,79000,Kansas,Wichita city,All,all,0.8969,0.8681,0.9256,Marginal,0.7958,0.7851,0.8065,Marginal
2018,20,79000,Kansas,Wichita city,With Disability,disability,NA,NA,NA,NA,0.4684,0.4156,0.5213,Marginal
2018,20,79000,Kansas,Wichita city,Without Disability,disability,0.9106,0.8867,0.9344,Marginal,0.835,0.8242,0.8458,Marginal
2018,21,46027,Kentucky,Lexington-Fayette urban county,All,all,0.944,0.9141,0.974,Strong,0.8295,0.8165,0.8425,Strong
2018,21,46027,Kentucky,Lexington-Fayette urban county,With Disability,disability,0.7988,0.6264,0.9711,Strong,0.4677,0.4182,0.5171,Strong
2018,21,46027,Kentucky,Lexington-Fayette urban county,Without Disability,disability,0.9546,0.9283,0.9809,Strong,0.8644,0.8518,0.8769,Strong
2018,21,48006,Kentucky,Louisville/Jefferson County metro government (balance),All,all,0.8951,0.8561,0.9342,Marginal,0.815,0.8033,0.8268,Marginal
2018,21,48006,Kentucky,Louisville/Jefferson County metro government (balance),With Disability,disability,NA,NA,NA,NA,0.4347,0.386,0.4835,Marginal
2018,21,48006,Kentucky,Louisville/Jefferson County metro government (balance),Without Disability,disability,0.9109,0.8749,0.947,Marginal,0.8546,0.8445,0.8647,Marginal
2018,22,05000,Louisiana,Baton Rouge city,All,all,0.9007,0.86240000000000006,0.9391,Weak,0.8049,0.7904,0.8194,Weak
2018,22,05000,Louisiana,Baton Rouge city,With Disability,disability,0.6937,0.5354,0.8519,Weak,0.4947,0.4432,0.5461,Weak
2018,22,05000,Louisiana,Baton Rouge city,Without Disability,disability,0.9207,0.8829,0.9585,Weak,0.8446,0.8293,0.86,Weak
2018,22,40735,Louisiana,Lafayette city,All,all,0.9289,0.8923,0.9656,Marginal,0.8105,0.7931,0.8279,Marginal
2018,22,40735,Louisiana,Lafayette city,With Disability,disability,NA,NA,NA,NA,0.4383,0.3619,0.5147,Marginal
2018,22,40735,Louisiana,Lafayette city,Without Disability,disability,0.9347,0.8983,0.9711,Marginal,0.844,0.8269,0.8611,Marginal
2018,22,41155,Louisiana,Lake Charles city,All,all,0.8925,0.8374,0.9476,Marginal,0.7582,0.7365,0.7799,Marginal
2018,22,41155,Louisiana,Lake Charles city,With Disability,disability,NA,NA,NA,NA,0.425,0.353,0.497,Marginal
2018,22,41155,Louisiana,Lake Charles city,Without Disability,disability,0.8962,0.8375,0.955,Marginal,0.8019,0.7789,0.8249,Marginal
2018,22,55000,Louisiana,New Orleans city,All,all,0.8868,0.854,0.9197,Weak,0.7402,0.729,0.7515,Weak
2018,22,55000,Louisiana,New Orleans city,With Disability,disability,0.6697,0.4958,0.8436,Weak,0.3482,0.3134,0.3831,Weak
2018,22,55000,Louisiana,New Orleans city,Without Disability,disability,0.9029,0.8738,0.9319,Weak,0.7815,0.7706,0.7924,Weak
2018,22,70000,Louisiana,Shreveport city,All,all,0.8171,0.7494,0.8848,Weak,0.7284,0.7098,0.747,Weak
2018,22,70000,Louisiana,Shreveport city,With Disability,disability,NA,NA,NA,NA,0.35,0.2935,0.4065,Weak
2018,22,70000,Louisiana,Shreveport city,Without Disability,disability,0.8463,0.7747,0.9178,Weak,0.774,0.7544,0.7936,Weak
2018,24,04000,Maryland,Baltimore city,All,all,0.8838,0.8583,0.9093,Marginal,0.7465,0.7369,0.7562,Marginal
2018,24,04000,Maryland,Baltimore city,With Disability,disability,0.6726,0.5296,0.8156,Marginal,0.3132,0.2812,0.3452,Marginal
2018,24,04000,Maryland,Baltimore city,Without Disability,disability,0.8969,0.871,0.9228,Marginal,0.7977,0.7881,0.8072,Marginal
2018,24,30325,Maryland,Frederick city,All,all,0.9616,0.9194,1,Marginal,0.8654,0.8496,0.8811,Marginal
2018,24,30325,Maryland,Frederick city,With Disability,disability,NA,NA,NA,NA,0.6063,0.5212,0.6914,Marginal
2018,24,30325,Maryland,Frederick city,Without Disability,disability,0.9791,0.9502,1,Marginal,0.8868,0.8729,0.9007,Marginal
2018,25,07000,Massachusetts,Boston city,All,all,0.9342,0.9203,0.9481,Marginal,0.8137,0.8055,0.8219,Marginal
2018,25,07000,Massachusetts,Boston city,With Disability,disability,0.8567,0.7724,0.9409,Marginal,0.4126,0.3734,0.4518,Marginal
2018,25,07000,Massachusetts,Boston city,Without Disability,disability,0.9383,0.9247,0.9519,Marginal,0.8464,0.8392,0.8537,Marginal
2018,25,09000,Massachusetts,Brockton city,All,all,0.8055,0.7236,0.8874,Marginal,0.8052,0.7843,0.8261,Marginal
2018,25,09000,Massachusetts,Brockton city,With Disability,disability,NA,NA,NA,NA,0.3321,0.2573,0.407,Marginal
2018,25,09000,Massachusetts,Brockton city,Without Disability,disability,0.8272,0.7411,0.9133,Marginal,0.857,0.8369,0.8771,Marginal
2018,25,11000,Massachusetts,Cambridge city,All,all,0.9755,0.9468,1,Weak,0.8206,0.8028,0.8383,Weak
2018,25,11000,Massachusetts,Cambridge city,With Disability,disability,NA,NA,NA,NA,0.5399,0.4037,0.6761,Weak
2018,25,11000,Massachusetts,Cambridge city,Without Disability,disability,0.9856,0.9593,1,Weak,0.83,0.8125,0.8476,Weak
2018,25,23000,Massachusetts,Fall River city,All,all,0.8061,0.6926,0.9197,Marginal,0.7396,0.7107,0.7686,Marginal
2018,25,23000,Massachusetts,Fall River city,With Disability,disability,NA,NA,NA,NA,0.2707,0.2149,0.3265,Marginal
2018,25,23000,Massachusetts,Fall River city,Without Disability,disability,0.8292,0.7195,0.939,Marginal,0.8241,0.7958,0.8524,Marginal
2018,25,34550,Massachusetts,Lawrence city,All,all,0.8138,0.7523,0.8753,Marginal,0.7822,0.7645,0.79990000000000006,Marginal
2018,25,34550,Massachusetts,Lawrence city,With Disability,disability,NA,NA,NA,NA,0.3621,0.2992,0.4249,Marginal
2018,25,34550,Massachusetts,Lawrence city,Without Disability,disability,0.8236,0.7579,0.8893,Marginal,0.8285,0.8125,0.8446,Marginal
2018,25,37000,Massachusetts,Lowell city,All,all,0.8959,0.8399,0.9519,Weak,0.7738,0.7539,0.7937,Weak
2018,25,37000,Massachusetts,Lowell city,With Disability,disability,NA,NA,NA,NA,0.3323,0.2612,0.4035,Weak
2018,25,37000,Massachusetts,Lowell city,Without Disability,disability,0.9127,0.8579,0.9675,Weak,0.816,0.797,0.835,Weak
2018,25,37490,Massachusetts,Lynn city,All,all,0.7842,0.6944,0.874,Strong,0.7976,0.7772,0.818,Strong
2018,25,37490,Massachusetts,Lynn city,With Disability,disability,NA,NA,NA,NA,0.465,0.3873,0.5428,Strong
2018,25,37490,Massachusetts,Lynn city,Without Disability,disability,0.7903,0.6987,0.8819,Strong,0.8283,0.8067,0.85,Strong
2018,25,45000,Massachusetts,New Bedford city,All,all,0.8047,0.7313,0.8782,Weak,0.7295,0.7096,0.7494,Weak
2018,25,45000,Massachusetts,New Bedford city,With Disability,disability,NA,NA,NA,NA,0.2883,0.2358,0.3409,Weak
2018,25,45000,Massachusetts,New Bedford city,Without Disability,disability,0.7977,0.7218,0.8736,Weak,0.7872,0.767,0.8073,Weak
2018,25,45560,Massachusetts,Newton city,All,all,0.9618,0.9276,0.996,Marginal,0.8469,0.8311,0.8626,Marginal
2018,25,45560,Massachusetts,Newton city,With Disability,disability,NA,NA,NA,NA,0.4754,0.3498,0.601,Marginal
2018,25,45560,Massachusetts,Newton city,Without Disability,disability,0.9628,0.9267,0.9989,Marginal,0.8588,0.8437,0.874,Marginal
2018,25,55745,Massachusetts,Quincy city,All,all,0.9679,0.9213,1,Strong,0.844,0.8255,0.8626,Strong
2018,25,55745,Massachusetts,Quincy city,With Disability,disability,NA,NA,NA,NA,0.531,0.4303,0.6317,Strong
2018,25,55745,Massachusetts,Quincy city,Without Disability,disability,0.98,0.9395,1,Strong,0.8612,0.8433,0.879,Strong
2018,25,62535,Massachusetts,Somerville city,All,all,0.8789,0.8139,0.9439,Marginal,0.8561,0.8394,0.8728,Marginal
2018,25,62535,Massachusetts,Somerville city,With Disability,disability,NA,NA,NA,NA,0.5108,0.3959,0.6258,Marginal
2018,25,62535,Massachusetts,Somerville city,Without Disability,disability,0.8817,0.816,0.9475,Marginal,0.8722,0.8557,0.8888,Marginal
2018,25,67000,Massachusetts,Springfield city,All,all,0.8567,0.807,0.9064,Weak,0.6696,0.6466,0.6927,Weak
2018,25,67000,Massachusetts,Springfield city,With Disability,disability,NA,NA,NA,NA,0.2542,0.2017,0.3067,Weak
2018,25,67000,Massachusetts,Springfield city,Without Disability,disability,0.906,0.8652,0.9467,Weak,0.7627,0.7394,0.7859,Weak
2018,25,82000,Massachusetts,Worcester city,All,all,0.9446,0.9097,0.9796,Weak,0.7352,0.7136,0.7567,Weak
2018,25,82000,Massachusetts,Worcester city,With Disability,disability,0.7154,0.4727,0.9581,Weak,0.2724,0.224,0.3209,Weak
2018,25,82000,Massachusetts,Worcester city,Without Disability,disability,0.9622,0.9337,0.9907,Weak,0.7978,0.778,0.8175,Weak
2018,26,03000,Michigan,Ann Arbor city,All,all,0.9907,0.9814,0.9999,Weak,0.7951,0.7712,0.8189,Weak
2018,26,03000,Michigan,Ann Arbor city,With Disability,disability,NA,NA,NA,NA,0.4496,0.3235,0.5757,Weak
2018,26,03000,Michigan,Ann Arbor city,Without Disability,disability,0.9937,0.9861,1,Weak,0.8091,0.785,0.8331,Weak
2018,26,21000,Michigan,Dearborn city,All,all,0.9137,0.8685,0.9589,Weak,0.6733,0.6535,0.6931,Weak
2018,26,21000,Michigan,Dearborn city,With Disability,disability,NA,NA,NA,NA,0.3841,0.2971,0.4712,Weak
2018,26,21000,Michigan,Dearborn city,Without Disability,disability,0.9246,0.8815,0.9676,Weak,0.7017,0.6807,0.7226,Weak
2018,26,22000,Michigan,Detroit city,All,all,0.8091,0.7685,0.8498,Strong,0.609,0.5965,0.6216,Strong
2018,26,22000,Michigan,Detroit city,With Disability,disability,0.7364,0.6152,0.8576,Strong,0.2393,0.2119,0.2668,Strong
2018,26,22000,Michigan,Detroit city,Without Disability,disability,0.8162,0.7723,0.86,Strong,0.6815,0.6678,0.6952,Strong
2018,26,27440,Michigan,Farmington Hills city,All,all,0.9532,0.8896,1,Marginal,0.8178,0.8006,0.835,Marginal
2018,26,27440,Michigan,Farmington Hills city,With Disability,disability,NA,NA,NA,NA,0.4992,0.3967,0.6016,Marginal
2018,26,27440,Michigan,Farmington Hills city,Without Disability,disability,0.9927,0.9769,1,Marginal,0.8432,0.8265,0.86,Marginal
2018,26,29000,Michigan,Flint city,All,all,0.7425,0.6258,0.8592,Weak,0.5578,0.5211,0.5944,Weak
2018,26,29000,Michigan,Flint city,With Disability,disability,NA,NA,NA,NA,0.2118,0.1522,0.2715,Weak
2018,26,29000,Michigan,Flint city,Without Disability,disability,0.8358,0.7235,0.9481,Weak,0.6464,0.609,0.6838,Weak
2018,26,34000,Michigan,Grand Rapids city,All,all,0.8823,0.8295,0.9351,Strong,0.7966,0.7757,0.8174,Strong
2018,26,34000,Michigan,Grand Rapids city,With Disability,disability,NA,NA,NA,NA,0.3644,0.2914,0.4373,Strong
2018,26,34000,Michigan,Grand Rapids city,Without Disability,disability,0.8788,0.8247,0.933,Strong,0.8409,0.8216,0.8601,Strong
2018,26,46000,Michigan,Lansing city,All,all,0.9015,0.8524,0.9507,Weak,0.7797,0.7557,0.8037,Weak
2018,26,46000,Michigan,Lansing city,With Disability,disability,NA,NA,NA,NA,0.4239,0.3494,0.4984,Weak
2018,26,46000,Michigan,Lansing city,Without Disability,disability,0.9081,0.856,0.9603,Weak,0.8474,0.8273,0.8676,Weak
2018,26,49000,Michigan,Livonia city,All,all,0.9335,0.8778,0.9893,Marginal,0.8243,0.8035,0.8451,Marginal
2018,26,49000,Michigan,Livonia city,With Disability,disability,NA,NA,NA,NA,0.3811,0.2942,0.468,Marginal
2018,26,49000,Michigan,Livonia city,Without Disability,disability,0.9408,0.8829,0.9987,Marginal,0.8648,0.844,0.8855,Marginal
2018,26,69035,Michigan,Rochester Hills city,All,all,0.9641,0.9243,1,Marginal,0.799,0.7808,0.8171,Marginal
2018,26,69035,Michigan,Rochester Hills city,With Disability,disability,NA,NA,NA,NA,0.3887,0.2802,0.4972,Marginal
2018,26,69035,Michigan,Rochester Hills city,Without Disability,disability,0.9692,0.9302,1,Marginal,0.8223,0.8064,0.8383,Marginal
2018,26,74900,Michigan,Southfield city,All,all,0.9532,0.8896,1,Marginal,0.8178,0.8006,0.835,Marginal
2018,26,74900,Michigan,Southfield city,With Disability,disability,NA,NA,NA,NA,0.4992,0.3967,0.6016,Marginal
2018,26,74900,Michigan,Southfield city,Without Disability,disability,0.9927,0.9769,1,Marginal,0.8432,0.8265,0.86,Marginal
2018,26,76460,Michigan,Sterling Heights city,All,all,0.9035,0.8293,0.9776,Strong,0.7976,0.7777,0.8175,Strong
2018,26,76460,Michigan,Sterling Heights city,With Disability,disability,NA,NA,NA,NA,0.4433,0.3264,0.5602,Strong
2018,26,76460,Michigan,Sterling Heights city,Without Disability,disability,0.9242,0.8558,0.9927,Strong,0.822,0.8026,0.8413,Strong
2018,26,80700,Michigan,Troy city,All,all,0.9659,0.9255,1,Marginal,0.7993,0.781,0.8177,Marginal
2018,26,80700,Michigan,Troy city,With Disability,disability,NA,NA,NA,NA,0.3885,0.2773,0.4998,Marginal
2018,26,80700,Michigan,Troy city,Without Disability,disability,0.9713,0.9316,1,Marginal,0.8224,0.8063,0.8385,Marginal
2018,26,84000,Michigan,Warren city,All,all,0.9352,0.8949,0.9755,Marginal,0.7409,0.7177,0.7642,Marginal
2018,26,84000,Michigan,Warren city,With Disability,disability,NA,NA,NA,NA,0.3212,0.2641,0.3783,Marginal
2018,26,84000,Michigan,Warren city,Without Disability,disability,0.9417,0.9014,0.982,Marginal,0.8148,0.7923,0.8372,Marginal
2018,26,86000,Michigan,Westland city,All,all,0.8076,0.7243,0.8909,Marginal,0.7737,0.7546,0.7927,Marginal
2018,26,86000,Michigan,Westland city,With Disability,disability,NA,NA,NA,NA,0.3535,0.2932,0.4137,Marginal
2018,26,86000,Michigan,Westland city,Without Disability,disability,0.8093,0.7211,0.8974,Marginal,0.8339,0.8146,0.8532,Marginal
2018,26,88940,Michigan,Wyoming city,All,all,0.9359,0.8919,0.9799,Marginal,0.8341,0.815,0.8533,Marginal
2018,26,88940,Michigan,Wyoming city,With Disability,disability,NA,NA,NA,NA,0.4847,0.4025,0.5669,Marginal
2018,26,88940,Michigan,Wyoming city,Without Disability,disability,0.9289,0.8817,0.9761,Marginal,0.8814,0.8628,0.8999,Marginal
2018,27,06616,Minnesota,Bloomington city,All,all,0.8863,0.7924,0.9803,Marginal,0.8835,0.8602,0.9068,Marginal
2018,27,06616,Minnesota,Bloomington city,With Disability,disability,NA,NA,NA,NA,0.6958,0.5822,0.8094,Marginal
2018,27,06616,Minnesota,Bloomington city,Without Disability,disability,0.9059,0.8141,0.9977,Marginal,0.8961,0.8741,0.9181,Marginal
2018,27,07966,Minnesota,Brooklyn Park city,All,all,0.8617,0.7094,1,Marginal,0.877,0.8542,0.8998,Marginal
2018,27,07966,Minnesota,Brooklyn Park city,With Disability,disability,NA,NA,NA,NA,0.5398,0.3863,0.6933,Marginal
2018,27,07966,Minnesota,Brooklyn Park city,Without Disability,disability,NA,NA,NA,NA,0.8959,0.8752,0.9167,Marginal
2018,27,17000,Minnesota,Duluth city,All,all,0.9297,0.8883,0.9711,Weak,0.8583,0.836,0.8805,Weak
2018,27,17000,Minnesota,Duluth city,With Disability,disability,NA,NA,NA,NA,0.5467,0.4584,0.635,Weak
2018,27,17000,Minnesota,Duluth city,Without Disability,disability,0.9358,0.894,0.9776,Weak,0.8939,0.8739,0.9139,Weak
2018,27,43000,Minnesota,Minneapolis city,All,all,0.9196,0.885,0.9542,Marginal,0.8503,0.8398,0.8607,Marginal
2018,27,43000,Minnesota,Minneapolis city,With Disability,disability,0.8922,0.7805,1,Marginal,0.5121,0.4522,0.5719,Marginal
2018,27,43000,Minnesota,Minneapolis city,Without Disability,disability,0.9215,0.8865,0.9564,Marginal,0.881,0.8708,0.8912,Marginal
2018,27,51730,Minnesota,Plymouth city,All,all,NA,NA,NA,NA,0.8909,0.8724,0.9094,Marginal
2018,27,51730,Minnesota,Plymouth city,With Disability,disability,NA,NA,NA,NA,NA,NA,NA,NA
2018,27,51730,Minnesota,Plymouth city,Without Disability,disability,NA,NA,NA,NA,0.9034,0.8842,0.9225,Marginal
2018,27,54880,Minnesota,Rochester city,All,all,0.8244,0.6825,0.9664,Marginal,0.8594,0.8356,0.8832,Marginal
2018,27,54880,Minnesota,Rochester city,With Disability,disability,NA,NA,NA,NA,0.6033,0.4623,0.7442,Marginal
2018,27,54880,Minnesota,Rochester city,Without Disability,disability,0.8191,0.6668,0.9714,Marginal,0.8773,0.8553,0.8993,Marginal
2018,27,58000,Minnesota,St. Paul city,All,all,0.9026,0.8566,0.9486,Strong,0.8175,0.8008,0.8342,Strong
2018,27,58000,Minnesota,St. Paul city,With Disability,disability,NA,NA,NA,NA,0.4811,0.4169,0.5452,Strong
2018,27,58000,Minnesota,St. Paul city,Without Disability,disability,0.9082,0.86,0.9564,Strong,0.8524,0.8366,0.8682,Strong
2018,27,71428,Minnesota,Woodbury city,All,all,NA,NA,NA,NA,0.8976,0.8762,0.919,Marginal
2018,27,71428,Minnesota,Woodbury city,With Disability,disability,NA,NA,NA,NA,0.688,0.5456,0.8305,Marginal
2018,27,71428,Minnesota,Woodbury city,Without Disability,disability,NA,NA,NA,NA,0.9085,0.8876,0.9293,Marginal
2018,28,36000,Mississippi,Jackson city,All,all,0.8533,0.8037,0.9028,Weak,0.7516,0.7342,0.7689,Weak
2018,28,36000,Mississippi,Jackson city,With Disability,disability,NA,NA,NA,NA,0.2947,0.2374,0.3519,Weak
2018,28,36000,Mississippi,Jackson city,Without Disability,disability,0.8551,0.8038,0.9063,Weak,0.7934,0.7759,0.8109,Weak
2018,29,15670,Missouri,Columbia city,All,all,0.9802,0.9624,0.9981,Marginal,0.8396,0.8228,0.8563,Marginal
2018,29,15670,Missouri,Columbia city,With Disability,disability,NA,NA,NA,NA,0.4255,0.3369,0.5142,Marginal
2018,29,15670,Missouri,Columbia city,Without Disability,disability,0.98,0.9608,0.9992,Marginal,0.8789,0.8632,0.8947,Marginal
2018,29,35000,Missouri,Independence city,All,all,0.9237,0.8692,0.9782,Weak,0.8043,0.7874,0.8211,Weak
2018,29,35000,Missouri,Independence city,With Disability,disability,NA,NA,NA,NA,0.3763,0.3102,0.4425,Weak
2018,29,35000,Missouri,Independence city,Without Disability,disability,0.9571,0.9204,0.9938,Weak,0.8595,0.8417,0.8774,Weak
2018,29,38000,Missouri,Kansas City city,All,all,0.8672,0.8236,0.9109,Strong,0.8097,0.8,0.8195,Strong
2018,29,38000,Missouri,Kansas City city,With Disability,disability,NA,NA,NA,NA,0.459,0.4219,0.4961,Strong
2018,29,38000,Missouri,Kansas City city,Without Disability,disability,0.8767,0.8332,0.9201,Strong,0.8468,0.8371,0.8565,Strong
2018,29,41348,Missouri,Lee's Summit city,All,all,0.8759,0.7177,1,Strong,0.8557,0.8345,0.8769,Strong
2018,29,41348,Missouri,Lee's Summit city,With Disability,disability,NA,NA,NA,NA,0.484,0.3786,0.5893,Strong
2018,29,41348,Missouri,Lee's Summit city,Without Disability,disability,0.8685,0.7015,1,Strong,0.8792,0.8597,0.8988,Strong
2018,29,54074,Missouri,O'Fallon city,All,all,0.9774,0.9518,1,Marginal,0.8723,0.8608,0.8837,Marginal
2018,29,54074,Missouri,O'Fallon city,With Disability,disability,NA,NA,NA,NA,0.5322,0.455,0.6094,Marginal
2018,29,54074,Missouri,O'Fallon city,Without Disability,disability,0.9763,0.9499,1,Marginal,0.8932,0.8812,0.9052,Marginal
2018,29,65000,Missouri,St. Louis city,All,all,0.9057,0.8644,0.947,Weak,0.7826,0.7712,0.794,Weak
2018,29,65000,Missouri,St. Louis city,With Disability,disability,NA,NA,NA,NA,0.3645,0.3155,0.4135,Weak
2018,29,65000,Missouri,St. Louis city,Without Disability,disability,0.9315,0.8955,0.9675,Weak,0.8306,0.8187,0.8425,Weak
2018,29,70000,Missouri,Springfield city,All,all,0.9537,0.9296,0.9778,Weak,0.7686,0.7476,0.7895,Weak
2018,29,70000,Missouri,Springfield city,With Disability,disability,NA,NA,NA,NA,0.3051,0.248,0.3621,Weak
2018,29,70000,Missouri,Springfield city,Without Disability,disability,0.9547,0.9305,0.979,Weak,0.8368,0.82,0.8536,Weak
2018,30,06550,Montana,Billings city,All,all,0.8837,0.7976,0.9697,Strong,0.8438,0.8183,0.8693,Strong
2018,30,06550,Montana,Billings city,With Disability,disability,NA,NA,NA,NA,0.4477,0.3341,0.5614,Strong
2018,30,06550,Montana,Billings city,Without Disability,disability,0.8754,0.7815,0.9693,Strong,0.8799,0.8567,0.9032,Strong
2018,31,28000,Nebraska,Lincoln city,All,all,0.945,0.912,0.978,Weak,0.8738,0.8593,0.8883,Weak
2018,31,28000,Nebraska,Lincoln city,With Disability,disability,NA,NA,NA,NA,0.6073,0.5213,0.6933,Weak
2018,31,28000,Nebraska,Lincoln city,Without Disability,disability,0.9505,0.916,0.9849,Weak,0.8952,0.8825,0.908,Weak
2018,31,37000,Nebraska,Omaha city,All,all,0.899,0.8693,0.9287,Weak,0.8225,0.8111,0.8339,Weak
2018,31,37000,Nebraska,Omaha city,With Disability,disability,0.7827,0.6368,0.9285,Weak,0.4696,0.4212,0.5179,Weak
2018,31,37000,Nebraska,Omaha city,Without Disability,disability,0.9072,0.8756,0.9389,Weak,0.8562,0.8449,0.8675,Weak
2018,32,31900,Nevada,Henderson city,All,all,0.8942,0.8459,0.9425,Strong,0.8,0.7874,0.8125,Strong
2018,32,31900,Nevada,Henderson city,With Disability,disability,NA,NA,NA,NA,0.5092,0.4529,0.5656,Strong
2018,32,31900,Nevada,Henderson city,Without Disability,disability,0.8939,0.8434,0.9443,Strong,0.8218,0.8096,0.8339,Strong
2018,32,40000,Nevada,Las Vegas city,All,all,0.822,0.7857,0.8583,Marginal,0.7621,0.7536,0.7706,Marginal
2018,32,40000,Nevada,Las Vegas city,With Disability,disability,0.6169,0.4739,0.7598,Marginal,0.4473,0.4083,0.4862,Marginal
2018,32,40000,Nevada,Las Vegas city,Without Disability,disability,0.8378,0.8,0.8756,Marginal,0.7947,0.787,0.8025,Marginal
2018,32,51800,Nevada,North Las Vegas city,All,all,0.8675,0.8273,0.9077,Strong,0.754,0.7394,0.7685,Strong
2018,32,51800,Nevada,North Las Vegas city,With Disability,disability,NA,NA,NA,NA,0.3703,0.3251,0.4155,Strong
2018,32,51800,Nevada,North Las Vegas city,Without Disability,disability,0.8821,0.8419,0.9222,Strong,0.7854,0.7702,0.8006,Strong
2018,32,60600,Nevada,Reno city,All,all,0.9068,0.8675,0.9461,Strong,0.8105,0.7977,0.8232,Strong
2018,32,60600,Nevada,Reno city,With Disability,disability,NA,NA,NA,NA,0.567,0.5079,0.626,Strong
2018,32,60600,Nevada,Reno city,Without Disability,disability,0.908,0.8667,0.9493,Strong,0.8361,0.8233,0.8488,Strong
2018,32,68400,Nevada,Sparks city,All,all,0.8795,0.8247,0.9343,Marginal,0.8106,0.7918,0.8295,Marginal
2018,32,68400,Nevada,Sparks city,With Disability,disability,NA,NA,NA,NA,0.5992,0.5391,0.6592,Marginal
2018,32,68400,Nevada,Sparks city,Without Disability,disability,0.8853,0.8274,0.9433,Marginal,0.8289,0.8084,0.8495,Marginal
2018,33,45140,New Hampshire,Manchester city,All,all,0.8071,0.7085,0.9057,Strong,0.8137,0.7915,0.8359,Strong
2018,33,45140,New Hampshire,Manchester city,With Disability,disability,NA,NA,NA,NA,0.3959,0.3109,0.4809,Strong
2018,33,45140,New Hampshire,Manchester city,Without Disability,disability,0.8385,0.7308,0.9463,Strong,0.8629,0.8428,0.883,Strong
2018,33,50260,New Hampshire,Nashua city,All,all,0.9657,0.9238,1,Marginal,0.8484,0.8293,0.8675,Marginal
2018,33,50260,New Hampshire,Nashua city,With Disability,disability,NA,NA,NA,NA,0.4904,0.3942,0.5866,Marginal
2018,33,50260,New Hampshire,Nashua city,Without Disability,disability,0.9646,0.9192,1,Marginal,0.879,0.86240000000000006,0.8957,Marginal
2018,34,13690,New Jersey,Clifton city,All,all,0.902,0.8473,0.9568,Marginal,0.773,0.7524,0.7935,Marginal
2018,34,13690,New Jersey,Clifton city,With Disability,disability,NA,NA,NA,NA,0.4418,0.3441,0.5395,Marginal
2018,34,13690,New Jersey,Clifton city,Without Disability,disability,0.9182,0.8657,0.9706,Marginal,0.7912,0.7704,0.812,Marginal
2018,34,21000,New Jersey,Elizabeth city,All,all,0.8817,0.8215,0.9419,Weak,0.8042,0.787,0.8214,Weak
2018,34,21000,New Jersey,Elizabeth city,With Disability,disability,NA,NA,NA,NA,0.3626,0.273,0.4521,Weak
2018,34,21000,New Jersey,Elizabeth city,Without Disability,disability,0.9029,0.8447,0.9611,Weak,0.8318,0.8146,0.8489,Weak
2018,34,36000,New Jersey,Jersey City city,All,all,0.8789,0.8295,0.9284,Weak,0.7881,0.7761,0.8001,Weak
2018,34,36000,New Jersey,Jersey City city,With Disability,disability,NA,NA,NA,NA,0.3734,0.3142,0.4327,Weak
2018,34,36000,New Jersey,Jersey City city,Without Disability,disability,0.8806,0.8316,0.9296,Weak,0.8141,0.8034,0.8248,Weak
2018,34,51000,New Jersey,Newark city,All,all,0.8333,0.7928,0.8737,Weak,0.7265,0.7075,0.7455,Weak
2018,34,51000,New Jersey,Newark city,With Disability,disability,NA,NA,NA,NA,0.414,0.3653,0.4627,Weak
2018,34,51000,New Jersey,Newark city,Without Disability,disability,0.8427,0.798,0.8875,Weak,0.7678,0.7486,0.787,Weak
2018,34,57000,New Jersey,Paterson city,All,all,0.8012,0.7282,0.8742,Marginal,0.725,0.7048,0.7452,Marginal
2018,34,57000,New Jersey,Paterson city,With Disability,disability,NA,NA,NA,NA,0.2491,0.1766,0.3216,Marginal
2018,34,57000,New Jersey,Paterson city,Without Disability,disability,0.798,0.7227,0.8733,Marginal,0.7489,0.7281,0.7696,Marginal
2018,34,74000,New Jersey,Trenton city,All,all,0.9184,0.8719,0.9649,Marginal,0.725,0.7012,0.7488,Marginal
2018,34,74000,New Jersey,Trenton city,With Disability,disability,NA,NA,NA,NA,0.2281,0.162,0.2943,Marginal
2018,34,74000,New Jersey,Trenton city,Without Disability,disability,0.9219,0.8767,0.967,Marginal,0.7835,0.7602,0.8069,Marginal
2018,35,02000,New Mexico,Albuquerque city,All,all,0.8521,0.8121,0.8921,Marginal,0.7646,0.7529,0.7764,Marginal
2018,35,02000,New Mexico,Albuquerque city,With Disability,disability,NA,NA,NA,NA,0.3764,0.3388,0.4141,Marginal
2018,35,02000,New Mexico,Albuquerque city,Without Disability,disability,0.8545,0.8146,0.8944,Marginal,0.8084,0.797,0.8198,Marginal
2018,35,39380,New Mexico,Las Cruces city,All,all,0.9228,0.8607,0.9849,Strong,0.7352,0.7048,0.7656,Strong
2018,35,39380,New Mexico,Las Cruces city,With Disability,disability,NA,NA,NA,NA,0.2518,0.1705,0.3331,Strong
2018,35,39380,New Mexico,Las Cruces city,Without Disability,disability,0.9199,0.8554,0.9844,Strong,0.7945,0.7655,0.8235,Strong
2018,35,63460,New Mexico,Rio Rancho city,All,all,0.9093,0.8484,0.9702,Marginal,0.7207,0.6987,0.7427,Marginal
2018,35,63460,New Mexico,Rio Rancho city,With Disability,disability,NA,NA,NA,NA,0.3646,0.2744,0.4547,Marginal
2018,35,63460,New Mexico,Rio Rancho city,Without Disability,disability,0.9255,0.8763,0.9746,Marginal,0.7602,0.7401,0.7803,Marginal
2018,35,70500,New Mexico,Santa Fe city,All,all,0.8577,0.7766,0.9387,Marginal,0.7915,0.7732,0.8098,Marginal
2018,35,70500,New Mexico,Santa Fe city,With Disability,disability,NA,NA,NA,NA,0.4044,0.3253,0.4835,Marginal
2018,35,70500,New Mexico,Santa Fe city,Without Disability,disability,0.8686,0.7876,0.9497,Marginal,0.8261,0.8086,0.8435,Marginal
2018,36,01000,New York,Albany city,All,all,0.9238,0.8749,0.9727,Weak,0.8086,0.7837,0.8334,Weak
2018,36,01000,New York,Albany city,With Disability,disability,NA,NA,NA,NA,0.3567,0.2744,0.4389,Weak
2018,36,01000,New York,Albany city,Without Disability,disability,0.9193,0.8681,0.9705,Weak,0.861,0.8376,0.8844,Weak
2018,36,11000,New York,Buffalo city,All,all,0.8429,0.7981,0.8878,Marginal,0.7123,0.694,0.7307,Marginal
2018,36,11000,New York,Buffalo city,With Disability,disability,0.7317,0.5632,0.9002,Marginal,0.2981,0.2522,0.3441,Marginal
2018,36,11000,New York,Buffalo city,Without Disability,disability,0.8541,0.8074,0.9008,Marginal,0.7776,0.7598,0.7953,Marginal
2018,36,50617,New York,New Rochelle city,All,all,0.8804,0.8275,0.9333,Marginal,0.8109,0.7939,0.8279,Marginal
2018,36,50617,New York,New Rochelle city,With Disability,disability,NA,NA,NA,NA,0.4209,0.334,0.5079,Marginal
2018,36,50617,New York,New Rochelle city,Without Disability,disability,0.8913,0.8386,0.9439,Marginal,0.8343,0.8189,0.8498,Marginal
2018,36,51000,New York,New York city,All,all,0.8518,0.842,0.8616,Strong,0.7782,0.7754,0.781,Strong
2018,36,51000,New York,New York city,With Disability,disability,0.6624,0.5978,0.727,Strong,0.3803,0.3679,0.3927,Strong
2018,36,51000,New York,New York city,Without Disability,disability,0.8607,0.8506,0.8709,Strong,0.8036,0.8009,0.8063,Strong
2018,36,63000,New York,Rochester city,All,all,0.8399,0.792,0.8878,Weak,0.7003,0.6842,0.7163,Weak
2018,36,63000,New York,Rochester city,With Disability,disability,0.6619,0.4822,0.8415,Weak,0.3115,0.2714,0.3517,Weak
2018,36,63000,New York,Rochester city,Without Disability,disability,0.8673,0.8218,0.9127,Weak,0.7798,0.7615,0.7981,Weak
2018,36,73000,New York,Syracuse city,All,all,0.9201,0.8922,0.9481,Weak,0.684,0.6621,0.7059,Weak
2018,36,73000,New York,Syracuse city,With Disability,disability,0.8195,0.6731,0.966,Weak,0.2983,0.2443,0.3523,Weak
2018,36,73000,New York,Syracuse city,Without Disability,disability,0.926,0.897,0.955,Weak,0.7524,0.7326,0.7723,Weak
2018,36,84000,New York,Yonkers city,All,all,0.8693,0.807,0.9315,Marginal,0.7786,0.7587,0.7984,Marginal
2018,36,84000,New York,Yonkers city,With Disability,disability,NA,NA,NA,NA,0.4443,0.3487,0.54,Marginal
2018,36,84000,New York,Yonkers city,Without Disability,disability,0.877,0.8166,0.9374,Marginal,0.8023,0.7825,0.8221,Marginal
2018,37,02140,North Carolina,Asheville city,All,all,0.9352,0.8846,0.9858,Marginal,0.8279,0.8096,0.8461,Marginal
2018,37,02140,North Carolina,Asheville city,With Disability,disability,NA,NA,NA,NA,0.3932,0.3056,0.4808,Marginal
2018,37,02140,North Carolina,Asheville city,Without Disability,disability,0.95,0.8994,1,Marginal,0.8629,0.8463,0.8796,Marginal
2018,37,10740,North Carolina,Cary town,All,all,0.9039,0.8543,0.9535,Marginal,0.8381,0.8279,0.8483,Marginal
2018,37,10740,North Carolina,Cary town,With Disability,disability,NA,NA,NA,NA,0.5519,0.4684,0.6354,Marginal
2018,37,10740,North Carolina,Cary town,Without Disability,disability,0.9186,0.8669,0.9704,Marginal,0.8502,0.8409,0.8595,Marginal
2018,37,12000,North Carolina,Charlotte city,All,all,0.9034,0.8801,0.9268,Marginal,0.8197,0.8133,0.8262,Marginal
2018,37,12000,North Carolina,Charlotte city,With Disability,disability,0.8147,0.7098,0.9195,Marginal,0.4501,0.4122,0.488,Marginal
2018,37,12000,North Carolina,Charlotte city,Without Disability,disability,0.9091,0.8859,0.9323,Marginal,0.8409,0.8346,0.8473,Marginal
2018,37,14100,North Carolina,Concord city,All,all,0.7961,0.7151,0.8772,Marginal,0.8225,0.8044,0.8406,Marginal
2018,37,14100,North Carolina,Concord city,With Disability,disability,NA,NA,NA,NA,0.4964,0.4245,0.5684,Marginal
2018,37,14100,North Carolina,Concord city,Without Disability,disability,0.8145,0.7299,0.899,Marginal,0.8426,0.8254,0.8598,Marginal
2018,37,19000,North Carolina,Durham city,All,all,0.9337,0.9036,0.9637,Weak,0.827,0.8145,0.8395,Weak
2018,37,19000,North Carolina,Durham city,With Disability,disability,NA,NA,NA,NA,0.4487,0.3805,0.5169,Weak
2018,37,19000,North Carolina,Durham city,Without Disability,disability,0.9353,0.9054,0.9652,Weak,0.8525,0.8402,0.8647,Weak
2018,37,22920,North Carolina,Fayetteville city,All,all,0.8694,0.8337,0.905,Strong,0.7493,0.7367,0.7619,Strong
2018,37,22920,North Carolina,Fayetteville city,With Disability,disability,0.6839,0.4916,0.8761,Strong,0.433,0.3979,0.4681,Strong
2018,37,22920,North Carolina,Fayetteville city,Without Disability,disability,0.887,0.8503,0.9236,Strong,0.8003,0.7878,0.8129,Strong
2018,37,25580,North Carolina,Gastonia city,All,all,0.8772,0.8091,0.9452,Marginal,0.7786,0.7572,0.79990000000000006,Marginal
2018,37,25580,North Carolina,Gastonia city,With Disability,disability,NA,NA,NA,NA,0.4063,0.335,0.4776,Marginal
2018,37,25580,North Carolina,Gastonia city,Without Disability,disability,0.8854,0.8167,0.9541,Marginal,0.819,0.7964,0.8415,Marginal
2018,37,28000,North Carolina,Greensboro city,All,all,0.9202,0.8901,0.9504,Marginal,0.7903,0.7771,0.8035,Marginal
2018,37,28000,North Carolina,Greensboro city,With Disability,disability,NA,NA,NA,NA,0.3914,0.344,0.4388,Marginal
2018,37,28000,North Carolina,Greensboro city,Without Disability,disability,0.9363,0.9127,0.9598,Marginal,0.8196,0.806,0.8332,Marginal
2018,37,28080,North Carolina,Greenville city,All,all,0.9526,0.9265,0.9787,Marginal,0.7804,0.7614,0.7995,Marginal
2018,37,28080,North Carolina,Greenville city,With Disability,disability,NA,NA,NA,NA,0.4204,0.3506,0.4902,Marginal
2018,37,28080,North Carolina,Greenville city,Without Disability,disability,0.955,0.9292,0.9809,Marginal,0.8181,0.7973,0.8389,Marginal
2018,37,31400,North Carolina,High Point city,All,all,0.8924,0.8303,0.9545,Marginal,0.7917,0.7734,0.8099,Marginal
2018,37,31400,North Carolina,High Point city,With Disability,disability,NA,NA,NA,NA,0.3113,0.2462,0.3764,Marginal
2018,37,31400,North Carolina,High Point city,Without Disability,disability,0.9052,0.8445,0.9659,Marginal,0.8367,0.8197,0.8536,Marginal
2018,37,55000,North Carolina,Raleigh city,All,all,0.9348,0.9138,0.9557,Weak,0.8477,0.8409,0.8545,Weak
2018,37,55000,North Carolina,Raleigh city,With Disability,disability,NA,NA,NA,NA,0.5197,0.4742,0.5652,Weak
2018,37,55000,North Carolina,Raleigh city,Without Disability,disability,0.9395,0.9179,0.9612,Weak,0.868,0.8607,0.8753,Weak
2018,37,74440,North Carolina,Wilmington city,All,all,0.9701,0.9439,0.9963,Marginal,0.7799,0.7583,0.8015,Marginal
2018,37,74440,North Carolina,Wilmington city,With Disability,disability,NA,NA,NA,NA,0.3536,0.2708,0.4365,Marginal
2018,37,74440,North Carolina,Wilmington city,Without Disability,disability,0.9771,0.9551,0.999,Marginal,0.8297,0.8096,0.8498,Marginal
2018,37,75000,North Carolina,Winston-Salem city,All,all,0.891,0.8462,0.9358,Weak,0.7739,0.7568,0.7911,Weak
2018,37,75000,North Carolina,Winston-Salem city,With Disability,disability,NA,NA,NA,NA,0.3542,0.2911,0.4172,Weak
2018,37,75000,North Carolina,Winston-Salem city,Without Disability,disability,0.905,0.8588,0.9512,Weak,0.8027,0.7854,0.82,Weak
2018,38,25700,North Dakota,Fargo city,All,all,0.9318,0.8809,0.9827,Marginal,0.8942,0.8773,0.9111,Marginal
2018,38,25700,North Dakota,Fargo city,With Disability,disability,NA,NA,NA,NA,0.6135,0.4958,0.7311,Marginal
2018,38,25700,North Dakota,Fargo city,Without Disability,disability,0.9301,0.8772,0.9831,Marginal,0.9113,0.8958,0.9268,Marginal
2018,39,01000,Ohio,Akron city,All,all,0.9153,0.8726,0.958,Weak,0.7435,0.7252,0.7619,Weak
2018,39,01000,Ohio,Akron city,With Disability,disability,NA,NA,NA,NA,0.3393,0.2886,0.39,Weak
2018,39,01000,Ohio,Akron city,Without Disability,disability,0.92490000000000006,0.8847,0.9651,Weak,0.8045,0.7859,0.823,Weak
2018,39,15000,Ohio,Cincinnati city,All,all,0.9281,0.9044,0.9518,Marginal,0.7874,0.7716,0.8032,Marginal
2018,39,15000,Ohio,Cincinnati city,With Disability,disability,0.8071,0.6676,0.9467,Marginal,0.4024,0.3531,0.4517,Marginal
2018,39,15000,Ohio,Cincinnati city,Without Disability,disability,0.9356,0.9103,0.9608,Marginal,0.8313,0.8164,0.8462,Marginal
2018,39,16000,Ohio,Cleveland city,All,all,0.8131,0.7675,0.8587,Weak,0.6734,0.6621,0.6848,Weak
2018,39,16000,Ohio,Cleveland city,With Disability,disability,0.6476,0.5174,0.7779,Weak,0.3486,0.313,0.3842,Weak
2018,39,16000,Ohio,Cleveland city,Without Disability,disability,0.8371,0.7891,0.8851,Weak,0.7382,0.7254,0.751,Weak
2018,39,18000,Ohio,Columbus city,All,all,0.8957,0.875,0.9163,Marginal,0.8071,0.8,0.8143,Marginal
2018,39,18000,Ohio,Columbus city,With Disability,disability,0.7612,0.6584,0.8641,Marginal,0.4532,0.4254,0.4809,Marginal
2018,39,18000,Ohio,Columbus city,Without Disability,disability,0.903,0.8814,0.9245,Marginal,0.8434,0.8363,0.8506,Marginal
2018,39,21000,Ohio,Dayton city,All,all,0.9158,0.8834,0.9483,Weak,0.7097,0.6876,0.7319,Weak
2018,39,21000,Ohio,Dayton city,With Disability,disability,NA,NA,NA,NA,0.3482,0.2954,0.4009,Weak
2018,39,21000,Ohio,Dayton city,Without Disability,disability,0.912,0.8786,0.9454,Weak,0.7692,0.7487,0.7896,Weak
2018,39,61000,Ohio,Parma city,All,all,0.9255,0.8597,0.9913,Weak,0.8187,0.8033,0.8341,Weak
2018,39,61000,Ohio,Parma city,With Disability,disability,NA,NA,NA,NA,0.4625,0.3934,0.5317,Weak
2018,39,61000,Ohio,Parma city,Without Disability,disability,0.9329,0.8672,0.9986,Weak,0.8578,0.8418,0.8738,Weak
2018,39,77000,Ohio,Toledo city,All,all,0.8891,0.8456,0.9326,Weak,0.7373,0.7216,0.7531,Weak
2018,39,77000,Ohio,Toledo city,With Disability,disability,0.7051,0.5238,0.8864,Weak,0.3575,0.3168,0.3982,Weak
2018,39,77000,Ohio,Toledo city,Without Disability,disability,0.904,0.8611,0.9469,Weak,0.8006,0.7848,0.8164,Weak
2018,40,09050,Oklahoma,Broken Arrow city,All,all,0.87,0.8189,0.921,Marginal,0.8168,0.804,0.8296,Marginal
2018,40,09050,Oklahoma,Broken Arrow city,With Disability,disability,NA,NA,NA,NA,0.498,0.4459,0.5501,Marginal
2018,40,09050,Oklahoma,Broken Arrow city,Without Disability,disability,0.8706,0.8182,0.923,Marginal,0.8437,0.8305,0.8569,Marginal
2018,40,23200,Oklahoma,Edmond city,All,all,0.9605,0.9244,0.9966,Marginal,0.8347,0.8105,0.859,Marginal
2018,40,23200,Oklahoma,Edmond city,With Disability,disability,NA,NA,NA,NA,0.4462,0.3419,0.5504,Marginal
2018,40,23200,Oklahoma,Edmond city,Without Disability,disability,0.9611,0.9212,1,Marginal,0.8616,0.8378,0.8854,Marginal
2018,40,41850,Oklahoma,Lawton city,All,all,0.9549,0.9106,0.9992,Strong,0.7529,0.7188,0.787,Strong
2018,40,41850,Oklahoma,Lawton city,With Disability,disability,NA,NA,NA,NA,0.4068,0.3105,0.5032,Strong
2018,40,41850,Oklahoma,Lawton city,Without Disability,disability,0.9665,0.9313,1,Strong,0.8276,0.7987,0.8565,Strong
2018,40,52500,Oklahoma,Norman city,All,all,0.9447,0.914,0.9754,Marginal,0.8206,0.8054,0.8358,Marginal
2018,40,52500,Oklahoma,Norman city,With Disability,disability,NA,NA,NA,NA,0.5523,0.4746,0.6301,Marginal
2018,40,52500,Oklahoma,Norman city,Without Disability,disability,0.9455,0.9147,0.9763,Marginal,0.8517,0.8369,0.8665,Marginal
2018,40,55000,Oklahoma,Oklahoma City city,All,all,0.8608,0.821,0.9005,Weak,0.7805,0.7702,0.7908,Weak
2018,40,55000,Oklahoma,Oklahoma City city,With Disability,disability,0.6725,0.5026,0.8424,Weak,0.4096,0.3746,0.4446,Weak
2018,40,55000,Oklahoma,Oklahoma City city,Without Disability,disability,0.8741,0.8337,0.9144,Weak,0.8217,0.8112,0.8322,Weak
2018,40,75000,Oklahoma,Tulsa city,All,all,0.8479,0.8187,0.877,Weak,0.7983,0.7881,0.8085,Weak
2018,40,75000,Oklahoma,Tulsa city,With Disability,disability,0.7862,0.6489,0.9235,Weak,0.4621,0.4265,0.4978,Weak
2018,40,75000,Oklahoma,Tulsa city,Without Disability,disability,0.854,0.8224,0.8856,Weak,0.838,0.828,0.8479,Weak
2018,41,05350,Oregon,Beaverton city,All,all,0.8662,0.7984,0.9339,Marginal,0.8198,0.8079,0.8318,Marginal
2018,41,05350,Oregon,Beaverton city,With Disability,disability,NA,NA,NA,NA,0.5178,0.456,0.5796,Marginal
2018,41,05350,Oregon,Beaverton city,Without Disability,disability,0.8773,0.8082,0.9465,Marginal,0.8448,0.8325,0.8571,Marginal
2018,41,05800,Oregon,Bend city,All,all,0.9178,0.8515,0.9841,Marginal,0.8035,0.7868,0.8202,Marginal
2018,41,05800,Oregon,Bend city,With Disability,disability,NA,NA,NA,NA,0.4834,0.3935,0.5733,Marginal
2018,41,05800,Oregon,Bend city,Without Disability,disability,0.9275,0.8529,1,Marginal,0.8305,0.8143,0.8467,Marginal
2018,41,23850,Oregon,Eugene city,All,all,0.9354,0.9083,0.9624,Marginal,0.7752,0.7559,0.7946,Marginal
2018,41,23850,Oregon,Eugene city,With Disability,disability,0.7398,0.569,0.9106,Marginal,0.4279,0.3636,0.4922,Marginal
2018,41,23850,Oregon,Eugene city,Without Disability,disability,0.9487,0.925,0.9724,Marginal,0.8206,0.8054,0.8358,Marginal
2018,41,31250,Oregon,Gresham city,All,all,0.8596,0.7935,0.9258,Marginal,0.7932,0.7746,0.8117,Marginal
2018,41,31250,Oregon,Gresham city,With Disability,disability,NA,NA,NA,NA,0.4282,0.3568,0.4996,Marginal
2018,41,31250,Oregon,Gresham city,Without Disability,disability,0.8629,0.7956,0.9302,Marginal,0.8348,0.8177,0.852,Marginal
2018,41,34100,Oregon,Hillsboro city,All,all,0.8632,0.7778,0.9486,Strong,0.8106,0.7918,0.8293,Strong
2018,41,34100,Oregon,Hillsboro city,With Disability,disability,NA,NA,NA,NA,0.442,0.329,0.555,Strong
2018,41,34100,Oregon,Hillsboro city,Without Disability,disability,0.8752,0.7843,0.9661,Strong,0.8322,0.8161,0.8483,Strong
2018,41,47000,Oregon,Medford city,All,all,0.7831,0.6704,0.8958,Marginal,0.7631,0.7408,0.7854,Marginal
2018,41,47000,Oregon,Medford city,With Disability,disability,NA,NA,NA,NA,0.341,0.2533,0.4287,Marginal
2018,41,47000,Oregon,Medford city,Without Disability,disability,0.7754,0.6517,0.899,Marginal,0.8146,0.7931,0.8361,Marginal
2018,41,59000,Oregon,Portland city,All,all,0.9246,0.9004,0.9488,Marginal,0.8303,0.8229,0.8377,Marginal
2018,41,59000,Oregon,Portland city,With Disability,disability,0.797,0.6696,0.9244,Marginal,0.4667,0.4308,0.5026,Marginal
2018,41,59000,Oregon,Portland city,Without Disability,disability,0.9389,0.916,0.9618,Marginal,0.862,0.8549,0.8691,Marginal
2018,41,64900,Oregon,Salem city,All,all,0.8904,0.8463,0.9344,Marginal,0.7894,0.7727,0.8062,Marginal
2018,41,64900,Oregon,Salem city,With Disability,disability,NA,NA,NA,NA,0.4793,0.4105,0.5482,Marginal
2018,41,64900,Oregon,Salem city,Without Disability,disability,0.8914,0.8422,0.9407,Marginal,0.8302,0.8139,0.8465,Marginal
2018,42,02000,Pennsylvania,Allentown city,All,all,0.9139,0.8541,0.9738,Weak,0.7355,0.7063,0.7646,Weak
2018,42,02000,Pennsylvania,Allentown city,With Disability,disability,0.9236,0.7536,1,Weak,0.3595,0.3011,0.4179,Weak
2018,42,02000,Pennsylvania,Allentown city,Without Disability,disability,0.9128,0.8475,0.978,Weak,0.8107,0.782,0.8394,Weak
2018,42,06088,Pennsylvania,Bethlehem city,All,all,0.9518,0.9217,0.9818,Marginal,0.8087,0.7895,0.828,Marginal
2018,42,06088,Pennsylvania,Bethlehem city,With Disability,disability,NA,NA,NA,NA,0.4311,0.3476,0.5145,Marginal
2018,42,06088,Pennsylvania,Bethlehem city,Without Disability,disability,0.9589,0.9302,0.9877,Marginal,0.8482,0.8295,0.8669,Marginal
2018,42,24000,Pennsylvania,Erie city,All,all,0.8978,0.8365,0.959,Weak,0.7207,0.6865,0.755,Weak
2018,42,24000,Pennsylvania,Erie city,With Disability,disability,NA,NA,NA,NA,0.3106,0.238,0.3831,Weak
2018,42,24000,Pennsylvania,Erie city,Without Disability,disability,0.9134,0.8546,0.9722,Weak,0.7974,0.7651,0.8298,Weak
2018,42,60000,Pennsylvania,Philadelphia city,All,all,0.8902,0.8665,0.9139,Strong,0.7173,0.7091,0.7255,Strong
2018,42,60000,Pennsylvania,Philadelphia city,With Disability,disability,0.7143,0.594,0.8346,Strong,0.2982,0.2741,0.3222,Strong
2018,42,60000,Pennsylvania,Philadelphia city,Without Disability,disability,0.9037,0.8794,0.9281,Strong,0.7739,0.765,0.7827,Strong
2018,42,61000,Pennsylvania,Pittsburgh city,All,all,0.9453,0.9257,0.9648,Marginal,0.7902,0.7744,0.806,Marginal
2018,42,61000,Pennsylvania,Pittsburgh city,With Disability,disability,0.8174,0.6917,0.9431,Marginal,0.3649,0.312,0.4178,Marginal
2018,42,61000,Pennsylvania,Pittsburgh city,Without Disability,disability,0.9521,0.9331,0.971,Marginal,0.8354,0.8212,0.8496,Marginal
2018,42,63624,Pennsylvania,Reading city,All,all,0.8634,0.7907,0.9361,Marginal,0.7244,0.6978,0.751,Marginal
2018,42,63624,Pennsylvania,Reading city,With Disability,disability,NA,NA,NA,NA,0.3337,0.2665,0.401,Marginal
2018,42,63624,Pennsylvania,Reading city,Without Disability,disability,0.8656,0.794,0.9372,Marginal,0.7943,0.7705,0.8182,Marginal
2018,42,69000,Pennsylvania,Scranton city,All,all,0.9133,0.8695,0.9572,Weak,0.7911,0.7669,0.8153,Weak
2018,42,69000,Pennsylvania,Scranton city,With Disability,disability,NA,NA,NA,NA,0.4278,0.3423,0.5133,Weak
2018,42,69000,Pennsylvania,Scranton city,Without Disability,disability,0.915,0.8685,0.9616,Weak,0.8478,0.8267,0.869,Weak
2018,44,19180,Rhode Island,Cranston city,All,all,0.894,0.8194,0.9685,Marginal,0.8192,0.7973,0.8412,Marginal
2018,44,19180,Rhode Island,Cranston city,With Disability,disability,NA,NA,NA,NA,0.3743,0.2953,0.4534,Marginal
2018,44,19180,Rhode Island,Cranston city,Without Disability,disability,0.9044,0.827,0.9819,Marginal,0.8587,0.8372,0.8802,Marginal
2018,44,54640,Rhode Island,Pawtucket city,All,all,0.8862,0.8365,0.9359,Marginal,0.7905,0.7727,0.8083,Marginal
2018,44,54640,Rhode Island,Pawtucket city,With Disability,disability,NA,NA,NA,NA,0.3499,0.2887,0.4112,Marginal
2018,44,54640,Rhode Island,Pawtucket city,Without Disability,disability,0.8925,0.8429,0.9421,Marginal,0.8471,0.8303,0.864,Marginal
2018,44,59000,Rhode Island,Providence city,All,all,0.955,0.9345,0.9754,Weak,0.7159,0.6982,0.7337,Weak
2018,44,59000,Rhode Island,Providence city,With Disability,disability,0.9052,0.8001,1,Weak,0.2944,0.2328,0.3561,Weak
2018,44,59000,Rhode Island,Providence city,Without Disability,disability,0.959,0.9374,0.9805,Weak,0.7718,0.7541,0.7894,Weak
2018,44,74300,Rhode Island,Warwick city,All,all,0.8594,0.7757,0.9432,Marginal,0.8362,0.8217,0.8508,Marginal
2018,44,74300,Rhode Island,Warwick city,With Disability,disability,NA,NA,NA,NA,0.516,0.4442,0.5879,Marginal
2018,44,74300,Rhode Island,Warwick city,Without Disability,disability,0.8801,0.7979,0.9623,Marginal,0.8747,0.8614,0.888,Marginal
2018,45,13330,South Carolina,Charleston city,All,all,0.9391,0.9054,0.9728,Marginal,0.8452,0.8308,0.8596,Marginal
2018,45,13330,South Carolina,Charleston city,With Disability,disability,NA,NA,NA,NA,0.4065,0.3267,0.4864,Marginal
2018,45,13330,South Carolina,Charleston city,Without Disability,disability,0.9403,0.9051,0.9755,Marginal,0.8766,0.8625,0.8906,Marginal
2018,45,16000,South Carolina,Columbia city,All,all,0.9478,0.924,0.9716,Weak,0.8117,0.7974,0.8259,Weak
2018,45,16000,South Carolina,Columbia city,With Disability,disability,NA,NA,NA,NA,0.4633,0.4079,0.5187,Weak
2018,45,16000,South Carolina,Columbia city,Without Disability,disability,0.9559,0.9364,0.9755,Weak,0.8525,0.8381,0.8668,Weak
2018,45,48535,South Carolina,Mount Pleasant town,All,all,0.8699,0.796,0.9438,Marginal,0.8192,0.8004,0.8379,Marginal
2018,45,48535,South Carolina,Mount Pleasant town,With Disability,disability,NA,NA,NA,NA,0.4377,0.3701,0.5053,Marginal
2018,45,48535,South Carolina,Mount Pleasant town,Without Disability,disability,0.899,0.8297,0.9682,Marginal,0.8525,0.8328,0.8723,Marginal
2018,45,50875,South Carolina,North Charleston city,All,all,0.9035,0.8635,0.9435,Marginal,0.7957,0.7816,0.8097,Marginal
2018,45,50875,South Carolina,North Charleston city,With Disability,disability,NA,NA,NA,NA,0.4049,0.3456,0.4642,Marginal
2018,45,50875,South Carolina,North Charleston city,Without Disability,disability,0.9081,0.8685,0.9477,Marginal,0.8297,0.8162,0.8433,Marginal
2018,46,59020,South Dakota,Sioux Falls city,All,all,0.8282,0.7513,0.9051,Strong,0.8699,0.8511,0.8887,Strong
2018,46,59020,South Dakota,Sioux Falls city,With Disability,disability,NA,NA,NA,NA,0.4637,0.3666,0.5609,Strong
2018,46,59020,South Dakota,Sioux Falls city,Without Disability,disability,0.8698,0.7996,0.94,Strong,0.9012,0.8841,0.9184,Strong
2018,47,14000,Tennessee,Chattanooga city,All,all,0.8935,0.8464,0.9406,Weak,0.7833,0.7678,0.7988,Weak
2018,47,14000,Tennessee,Chattanooga city,With Disability,disability,NA,NA,NA,NA,0.3469,0.2834,0.4105,Weak
2018,47,14000,Tennessee,Chattanooga city,Without Disability,disability,0.8975,0.8496,0.9453,Weak,0.8353,0.8206,0.8499,Weak
2018,47,15160,Tennessee,Clarksville city,All,all,0.9706,0.9492,0.992,Marginal,0.7398,0.7228,0.7567,Marginal
2018,47,15160,Tennessee,Clarksville city,With Disability,disability,NA,NA,NA,NA,0.4375,0.3763,0.4986,Marginal
2018,47,15160,Tennessee,Clarksville city,Without Disability,disability,0.9825,0.9662,0.9988,Marginal,0.7894,0.7722,0.8066,Marginal
2018,47,27740,Tennessee,Franklin city,All,all,0.8843,0.8144,0.9541,Weak,0.8189,0.8059,0.8319,Weak
2018,47,27740,Tennessee,Franklin city,With Disability,disability,NA,NA,NA,NA,0.622,0.5431,0.701,Weak
2018,47,27740,Tennessee,Franklin city,Without Disability,disability,0.8933,0.8217,0.965,Weak,0.8253,0.812,0.8386,Weak
2018,47,40000,Tennessee,Knoxville city,All,all,0.9459,0.92,0.9718,Weak,0.7842,0.7678,0.8006,Weak
2018,47,40000,Tennessee,Knoxville city,With Disability,disability,NA,NA,NA,NA,0.3649,0.3105,0.4193,Weak
2018,47,40000,Tennessee,Knoxville city,Without Disability,disability,0.9496,0.9237,0.9754,Weak,0.8414,0.825,0.8578,Weak
2018,47,48000,Tennessee,Memphis city,All,all,0.8743,0.8451,0.9036,Marginal,0.7489,0.7398,0.758,Marginal
2018,47,48000,Tennessee,Memphis city,With Disability,disability,0.7164,0.5863,0.8464,Marginal,0.3443,0.3042,0.3843,Marginal
2018,47,48000,Tennessee,Memphis city,Without Disability,disability,0.8868,0.8578,0.9159,Marginal,0.7939,0.7851,0.8026,Marginal
2018,47,51560,Tennessee,Murfreesboro city,All,all,0.9276,0.8816,0.9737,Marginal,0.835,0.8193,0.8507,Marginal
2018,47,51560,Tennessee,Murfreesboro city,With Disability,disability,NA,NA,NA,NA,0.5086,0.4359,0.5813,Marginal
2018,47,51560,Tennessee,Murfreesboro city,Without Disability,disability,0.9364,0.8901,0.9828,Marginal,0.865,0.8513,0.8786,Marginal
2018,47,52006,Tennessee,Nashville-Davidson metropolitan government (balance),All,all,0.8969,0.8686,0.9251,Strong,0.8357,0.8273,0.8442,Strong
2018,47,52006,Tennessee,Nashville-Davidson metropolitan government (balance),With Disability,disability,0.6801,0.517,0.8432,Strong,0.5131,0.4751,0.5511,Strong
2018,47,52006,Tennessee,Nashville-Davidson metropolitan government (balance),Without Disability,disability,0.9107,0.8822,0.9392,Strong,0.8662,0.8579,0.8745,Strong
2018,48,01000,Texas,Abilene city,All,all,0.9487,0.9213,0.976,Weak,0.793,0.7689,0.817,Weak
2018,48,01000,Texas,Abilene city,With Disability,disability,NA,NA,NA,NA,0.4635,0.3668,0.5603,Weak
2018,48,01000,Texas,Abilene city,Without Disability,disability,0.9589,0.9329,0.9849,Weak,0.8323,0.8145,0.85,Weak
2018,48,01924,Texas,Allen city,All,all,0.9413,0.8867,0.9959,Marginal,0.8245,0.8099,0.8392,Marginal
2018,48,01924,Texas,Allen city,With Disability,disability,NA,NA,NA,NA,0.4784,0.3745,0.5823,Marginal
2018,48,01924,Texas,Allen city,Without Disability,disability,0.9385,0.882,0.9949,Marginal,0.8409,0.8271,0.8548,Marginal
2018,48,03000,Texas,Amarillo city,All,all,0.8787,0.8378,0.9196,Weak,0.8132,0.79990000000000006,0.8265,Weak
2018,48,03000,Texas,Amarillo city,With Disability,disability,NA,NA,NA,NA,0.4991,0.4414,0.5568,Weak
2018,48,03000,Texas,Amarillo city,Without Disability,disability,0.8806,0.8389,0.9223,Weak,0.8412,0.8292,0.8533,Weak
2018,48,04000,Texas,Arlington city,All,all,0.8952,0.8691,0.9213,Weak,0.8078,0.7987,0.8169,Weak
2018,48,04000,Texas,Arlington city,With Disability,disability,NA,NA,NA,NA,0.4594,0.4153,0.5035,Weak
2018,48,04000,Texas,Arlington city,Without Disability,disability,0.8996,0.8716,0.9275,Weak,0.8334,0.8239,0.8428,Weak
2018,48,05000,Texas,Austin city,All,all,0.9385,0.9201,0.9569,Marginal,0.8381,0.8318,0.8444,Marginal
2018,48,05000,Texas,Austin city,With Disability,disability,0.9246,0.8699,0.9792,Marginal,0.574,0.541,0.6071,Marginal
2018,48,05000,Texas,Austin city,Without Disability,disability,0.9391,0.92,0.9582,Marginal,0.8536,0.8477,0.8595,Marginal
2018,48,06128,Texas,Baytown city,All,all,0.9204,0.8514,0.9894,Marginal,0.7195,0.6963,0.7426,Marginal
2018,48,06128,Texas,Baytown city,With Disability,disability,NA,NA,NA,NA,0.4247,0.3364,0.513,Marginal
2018,48,06128,Texas,Baytown city,Without Disability,disability,0.9252,0.8521,0.9982,Marginal,0.7475,0.723,0.7719,Marginal
2018,48,07000,Texas,Beaumont city,All,all,0.9454,0.9008,0.99,Weak,0.7473,0.7238,0.7708,Weak
2018,48,07000,Texas,Beaumont city,With Disability,disability,NA,NA,NA,NA,0.402,0.3105,0.4936,Weak
2018,48,07000,Texas,Beaumont city,Without Disability,disability,0.9595,0.9236,0.9955,Weak,0.7861,0.7601,0.812,Weak
2018,48,10768,Texas,Brownsville city,All,all,0.8559,0.8084,0.9034,Strong,0.7109,0.6938,0.7279,Strong
2018,48,10768,Texas,Brownsville city,With Disability,disability,NA,NA,NA,NA,0.3077,0.2459,0.3694,Strong
2018,48,10768,Texas,Brownsville city,Without Disability,disability,0.8694,0.8253,0.9136,Strong,0.7435,0.7263,0.7607,Strong
2018,48,10912,Texas,Bryan city,All,all,0.9736,0.9616,0.9856,Marginal,0.7975,0.7808,0.8142,Marginal
2018,48,10912,Texas,Bryan city,With Disability,disability,NA,NA,NA,NA,0.4873,0.4096,0.5651,Marginal
2018,48,10912,Texas,Bryan city,Without Disability,disability,0.9772,0.9652,0.9891,Marginal,0.8172,0.8014,0.833,Marginal
2018,48,13024,Texas,Carrollton city,All,all,0.9121,0.8816,0.9426,Marginal,0.8578,0.8477,0.8679,Marginal
2018,48,13024,Texas,Carrollton city,With Disability,disability,NA,NA,NA,NA,0.51,0.4352,0.5849,Marginal
2018,48,13024,Texas,Carrollton city,Without Disability,disability,0.9124,0.8807,0.9442,Marginal,0.8703,0.8606,0.88,Marginal
2018,48,13552,Texas,Cedar Park city,All,all,0.872,0.7652,0.9787,Weak,0.8312,0.8133,0.849,Weak
2018,48,13552,Texas,Cedar Park city,With Disability,disability,NA,NA,NA,NA,0.59,0.4957,0.6843,Weak
2018,48,13552,Texas,Cedar Park city,Without Disability,disability,0.8748,0.7636,0.986,Weak,0.8469,0.8304,0.8634,Weak
2018,48,15976,Texas,College Station city,All,all,0.9736,0.9616,0.9856,Marginal,0.7975,0.7808,0.8142,Marginal
2018,48,15976,Texas,College Station city,With Disability,disability,NA,NA,NA,NA,0.4873,0.4096,0.5651,Marginal
2018,48,15976,Texas,College Station city,Without Disability,disability,0.9772,0.9652,0.9891,Marginal,0.8172,0.8014,0.833,Marginal
2018,48,16432,Texas,Conroe city,All,all,0.8689,0.8165,0.9212,Weak,0.7681,0.7522,0.7839,Weak
2018,48,16432,Texas,Conroe city,With Disability,disability,NA,NA,NA,NA,0.4229,0.3551,0.4907,Weak
2018,48,16432,Texas,Conroe city,Without Disability,disability,0.8731,0.8201,0.926,Weak,0.7975,0.7815,0.8135,Weak
2018,48,17000,Texas,Corpus Christi city,All,all,0.8831,0.8441,0.9222,Marginal,0.7839,0.7695,0.7984,Marginal
2018,48,17000,Texas,Corpus Christi city,With Disability,disability,NA,NA,NA,NA,0.4682,0.4193,0.517,Marginal
2018,48,17000,Texas,Corpus Christi city,Without Disability,disability,0.9046,0.8725,0.9367,Marginal,0.8135,0.7998,0.8273,Marginal
2018,48,19000,Texas,Dallas city,All,all,0.8373,0.8164,0.8582,Marginal,0.7848,0.7794,0.7902,Marginal
2018,48,19000,Texas,Dallas city,With Disability,disability,0.8233,0.7476,0.8991,Marginal,0.4171,0.3916,0.4427,Marginal
2018,48,19000,Texas,Dallas city,Without Disability,disability,0.8381,0.8166,0.8597,Marginal,0.8103,0.8049,0.8156,Marginal
2018,48,19972,Texas,Denton city,All,all,0.9509,0.9275,0.9744,Marginal,0.8304,0.8151,0.8457,Marginal
2018,48,19972,Texas,Denton city,With Disability,disability,NA,NA,NA,NA,0.5478,0.4696,0.6261,Marginal
2018,48,19972,Texas,Denton city,Without Disability,disability,0.9687,0.9497,0.9878,Marginal,0.8528,0.8374,0.8682,Marginal
2018,48,22660,Texas,Edinburg city,All,all,0.8801,0.811,0.9493,Marginal,0.758,0.7319,0.784,Marginal
2018,48,22660,Texas,Edinburg city,With Disability,disability,NA,NA,NA,NA,0.3971,0.2751,0.5191,Marginal
2018,48,22660,Texas,Edinburg city,Without Disability,disability,0.8859,0.8157,0.9562,Marginal,0.7861,0.7615,0.8106,Marginal
2018,48,24000,Texas,El Paso city,All,all,0.8972,0.8707,0.9237,Marginal,0.7544,0.7444,0.7644,Marginal
2018,48,24000,Texas,El Paso city,With Disability,disability,0.8455,0.7272,0.9637,Marginal,0.4577,0.4152,0.5002,Marginal
2018,48,24000,Texas,El Paso city,Without Disability,disability,0.9008,0.8733,0.9283,Marginal,0.7861,0.7769,0.7954,Marginal
2018,48,26232,Texas,Flower Mound town,All,all,0.9734,0.9417,1,Marginal,0.826,0.8125,0.8395,Marginal
2018,48,26232,Texas,Flower Mound town,With Disability,disability,NA,NA,NA,NA,0.6368,0.5542,0.7194,Marginal
2018,48,26232,Texas,Flower Mound town,Without Disability,disability,0.9803,0.9503,1,Marginal,0.8351,0.8206,0.8496,Marginal
2018,48,27000,Texas,Fort Worth city,All,all,0.8813,0.8594,0.9033,Marginal,0.7885,0.782,0.795,Marginal
2018,48,27000,Texas,Fort Worth city,With Disability,disability,0.8559,0.7651,0.9467,Marginal,0.4628,0.4336,0.4919,Marginal
2018,48,27000,Texas,Fort Worth city,Without Disability,disability,0.8828,0.8593,0.9064,Marginal,0.8142,0.8078,0.8206,Marginal
2018,48,27684,Texas,Frisco city,All,all,0.9274,0.8793,0.9754,Marginal,0.8263,0.8171,0.8356,Marginal
2018,48,27684,Texas,Frisco city,With Disability,disability,NA,NA,NA,NA,0.5912,0.5106,0.6717,Marginal
2018,48,27684,Texas,Frisco city,Without Disability,disability,0.9264,0.8766,0.9763,Marginal,0.8347,0.8248,0.8445,Marginal
2018,48,29000,Texas,Garland city,All,all,0.9212,0.8902,0.9523,Weak,0.7976,0.7851,0.8102,Weak
2018,48,29000,Texas,Garland city,With Disability,disability,NA,NA,NA,NA,0.5332,0.469,0.5974,Weak
2018,48,29000,Texas,Garland city,Without Disability,disability,0.9222,0.8902,0.9542,Weak,0.8137,0.801,0.8265,Weak
2018,48,30464,Texas,Grand Prairie city,All,all,0.8677,0.8226,0.9128,Marginal,0.7917,0.7793,0.804,Marginal
2018,48,30464,Texas,Grand Prairie city,With Disability,disability,NA,NA,NA,NA,0.4333,0.3848,0.4818,Marginal
2018,48,30464,Texas,Grand Prairie city,Without Disability,disability,0.8806,0.8317,0.9295,Marginal,0.8172,0.8051,0.8293,Marginal
2018,48,35000,Texas,Houston city,All,all,0.8285,0.8118,0.8451,Marginal,0.777,0.7722,0.7818,Marginal
2018,48,35000,Texas,Houston city,With Disability,disability,0.7293,0.6482,0.8103,Marginal,0.4199,0.4004,0.4395,Marginal
2018,48,35000,Texas,Houston city,Without Disability,disability,0.8325,0.8157,0.8493,Marginal,0.7994,0.7949,0.8039,Marginal
2018,48,37000,Texas,Irving city,All,all,0.8655,0.8255,0.9055,Weak,0.8222,0.8126,0.8318,Weak
2018,48,37000,Texas,Irving city,With Disability,disability,NA,NA,NA,NA,0.5746,0.5171,0.6321,Weak
2018,48,37000,Texas,Irving city,Without Disability,disability,0.8669,0.8264,0.9074,Weak,0.8351,0.825,0.8452,Weak
2018,48,39148,Texas,Killeen city,All,all,0.8357,0.7538,0.9176,Strong,0.7262,0.7061,0.7464,Strong
2018,48,39148,Texas,Killeen city,With Disability,disability,NA,NA,NA,NA,0.4652,0.4031,0.5273,Strong
2018,48,39148,Texas,Killeen city,Without Disability,disability,0.8366,0.7523,0.9208,Strong,0.7666,0.7456,0.7877,Strong
2018,48,41464,Texas,Laredo city,All,all,0.8492,0.8138,0.8845,Strong,0.7168,0.6996,0.734,Strong
2018,48,41464,Texas,Laredo city,With Disability,disability,NA,NA,NA,NA,0.4433,0.3895,0.4972,Strong
2018,48,41464,Texas,Laredo city,Without Disability,disability,0.8565,0.8203,0.8926,Strong,0.7414,0.7237,0.759,Strong
2018,48,41980,Texas,League City city,All,all,0.9053,0.8421,0.9684,Marginal,0.8228,0.8037,0.8419,Marginal
2018,48,41980,Texas,League City city,With Disability,disability,NA,NA,NA,NA,0.5536,0.4479,0.6592,Marginal
2018,48,41980,Texas,League City city,Without Disability,disability,0.9236,0.8699,0.9772,Marginal,0.8404,0.8204,0.8605,Marginal
2018,48,42508,Texas,Lewisville city,All,all,0.8846,0.7934,0.9758,Strong,0.8372,0.8208,0.8535,Strong
2018,48,42508,Texas,Lewisville city,With Disability,disability,NA,NA,NA,NA,0.5941,0.4935,0.6946,Strong
2018,48,42508,Texas,Lewisville city,Without Disability,disability,0.8799,0.7849,0.9748,Strong,0.8519,0.8371,0.8666,Strong
2018,48,43888,Texas,Longview city,All,all,0.927,0.8793,0.9747,Marginal,0.7686,0.7452,0.7921,Marginal
2018,48,43888,Texas,Longview city,With Disability,disability,NA,NA,NA,NA,0.4756,0.3791,0.5721,Marginal
2018,48,43888,Texas,Longview city,Without Disability,disability,0.9263,0.8761,0.9766,Marginal,0.79990000000000006,0.7772,0.8226,Marginal
2018,48,45000,Texas,Lubbock city,All,all,0.9526,0.9312,0.9739,Weak,0.8067,0.7915,0.8219,Weak
2018,48,45000,Texas,Lubbock city,With Disability,disability,0.9394,0.8797,0.9991,Weak,0.5122,0.4605,0.5638,Weak
2018,48,45000,Texas,Lubbock city,Without Disability,disability,0.9535,0.9318,0.9753,Weak,0.8432,0.8279,0.8584,Weak
2018,48,45384,Texas,McAllen city,All,all,0.9086,0.8536,0.9636,Strong,0.7342,0.7116,0.7567,Strong
2018,48,45384,Texas,McAllen city,With Disability,disability,NA,NA,NA,NA,0.4179,0.3359,0.4999,Strong
2018,48,45384,Texas,McAllen city,Without Disability,disability,0.9108,0.8536,0.9679,Strong,0.7614,0.7404,0.7825,Strong
2018,48,45744,Texas,McKinney city,All,all,0.92490000000000006,0.8855,0.9644,Strong,0.8314,0.8175,0.8454,Strong
2018,48,45744,Texas,McKinney city,With Disability,disability,NA,NA,NA,NA,0.5741,0.4844,0.6638,Strong
2018,48,45744,Texas,McKinney city,Without Disability,disability,0.9345,0.8967,0.9723,Strong,0.8422,0.8276,0.8568,Strong
2018,48,47892,Texas,Mesquite city,All,all,0.9067,0.8662,0.9473,Marginal,0.7852,0.7702,0.8003,Marginal
2018,48,47892,Texas,Mesquite city,With Disability,disability,NA,NA,NA,NA,0.5178,0.4569,0.5786,Marginal
2018,48,47892,Texas,Mesquite city,Without Disability,disability,0.9111,0.8695,0.9526,Marginal,0.8097,0.7949,0.8245,Marginal
2018,48,48072,Texas,Midland city,All,all,0.8394,0.7629,0.9158,Strong,0.822,0.8045,0.8394,Strong
2018,48,48072,Texas,Midland city,With Disability,disability,NA,NA,NA,NA,0.5739,0.485,0.6628,Strong
2018,48,48072,Texas,Midland city,Without Disability,disability,0.8402,0.758,0.9224,Strong,0.8396,0.8213,0.858,Strong
2018,48,48768,Texas,Mission city,All,all,0.7387,0.6325,0.8449,Marginal,0.7304,0.7065,0.7543,Marginal
2018,48,48768,Texas,Mission city,With Disability,disability,NA,NA,NA,NA,0.4211,0.2865,0.5557,Marginal
2018,48,48768,Texas,Mission city,Without Disability,disability,0.7396,0.6305,0.8486,Marginal,0.757,0.7307,0.7833,Marginal
2018,48,50820,Texas,New Braunfels city,All,all,0.8993,0.8407,0.9578,Marginal,0.7795,0.7635,0.7955,Marginal
2018,48,50820,Texas,New Braunfels city,With Disability,disability,NA,NA,NA,NA,0.4865,0.419,0.5539,Marginal
2018,48,50820,Texas,New Braunfels city,Without Disability,disability,0.918,0.8617,0.9742,Marginal,0.8092,0.7935,0.8248,Marginal
2018,48,53388,Texas,Odessa city,All,all,0.8441,0.7723,0.9159,Marginal,0.7751,0.7577,0.7926,Marginal
2018,48,53388,Texas,Odessa city,With Disability,disability,NA,NA,NA,NA,0.5406,0.4581,0.6232,Marginal
2018,48,53388,Texas,Odessa city,Without Disability,disability,0.8412,0.7684,0.9141,Marginal,0.7993,0.7809,0.8177,Marginal
2018,48,56000,Texas,Pasadena city,All,all,0.8347,0.7772,0.8921,Weak,0.7313,0.7122,0.7504,Weak
2018,48,56000,Texas,Pasadena city,With Disability,disability,NA,NA,NA,NA,0.4331,0.3619,0.5043,Weak
2018,48,56000,Texas,Pasadena city,Without Disability,disability,0.8434,0.7877,0.899,Weak,0.756,0.737,0.775,Weak
2018,48,56348,Texas,Pearland city,All,all,0.9724,0.9536,0.9911,Marginal,0.8451,0.8228,0.8675,Marginal
2018,48,56348,Texas,Pearland city,With Disability,disability,NA,NA,NA,NA,0.592,0.4674,0.7166,Marginal
2018,48,56348,Texas,Pearland city,Without Disability,disability,0.9736,0.9542,0.9929,Marginal,0.8589,0.8352,0.8825,Marginal
2018,48,57200,Texas,Pharr city,All,all,0.8646,0.7974,0.9318,Marginal,0.7202,0.6974,0.743,Marginal
2018,48,57200,Texas,Pharr city,With Disability,disability,NA,NA,NA,NA,0.306,0.2252,0.3868,Marginal
2018,48,57200,Texas,Pharr city,Without Disability,disability,0.8611,0.7927,0.9295,Marginal,0.7572,0.7364,0.7781,Marginal
2018,48,58016,Texas,Plano city,All,all,0.9476,0.9194,0.9757,Strong,0.8252,0.8157,0.8347,Strong
2018,48,58016,Texas,Plano city,With Disability,disability,NA,NA,NA,NA,0.5607,0.4888,0.6326,Strong
2018,48,58016,Texas,Plano city,Without Disability,disability,0.9603,0.9376,0.983,Strong,0.8351,0.8255,0.8446,Strong
2018,48,61796,Texas,Richardson city,All,all,0.9138,0.8741,0.9536,Marginal,0.8195,0.8063,0.8327,Marginal
2018,48,61796,Texas,Richardson city,With Disability,disability,NA,NA,NA,NA,0.4864,0.3853,0.5874,Marginal
2018,48,61796,Texas,Richardson city,Without Disability,disability,0.9144,0.8713,0.9575,Marginal,0.8352,0.823,0.8474,Marginal
2018,48,63500,Texas,Round Rock city,All,all,0.9281,0.8704,0.9858,Marginal,0.8295,0.8137,0.8454,Marginal
2018,48,63500,Texas,Round Rock city,With Disability,disability,NA,NA,NA,NA,0.5472,0.4525,0.6419,Marginal
2018,48,63500,Texas,Round Rock city,Without Disability,disability,0.9542,0.9083,1,Marginal,0.8477,0.8331,0.8623,Marginal
2018,48,64472,Texas,San Angelo city,All,all,0.9637,0.9372,0.9902,Strong,0.802,0.7792,0.8249,Strong
2018,48,64472,Texas,San Angelo city,With Disability,disability,NA,NA,NA,NA,0.4561,0.3566,0.5556,Strong
2018,48,64472,Texas,San Angelo city,Without Disability,disability,0.9735,0.9473,0.9997,Strong,0.8353,0.8134,0.8573,Strong
2018,48,65000,Texas,San Antonio city,All,all,0.8904,0.8726,0.9082,Marginal,0.7696,0.7632,0.7761,Marginal
2018,48,65000,Texas,San Antonio city,With Disability,disability,0.7765,0.6926,0.8604,Marginal,0.4258,0.4027,0.4488,Marginal
2018,48,65000,Texas,San Antonio city,Without Disability,disability,0.9013,0.884,0.9187,Marginal,0.8147,0.8092,0.8202,Marginal
2018,48,70808,Texas,Sugar Land city,All,all,0.9116,0.85,0.9732,Marginal,0.8076,0.7895,0.8256,Marginal
2018,48,70808,Texas,Sugar Land city,With Disability,disability,NA,NA,NA,NA,0.5566,0.4463,0.667,Marginal
2018,48,70808,Texas,Sugar Land city,Without Disability,disability,0.9093,0.8458,0.9728,Marginal,0.8161,0.7976,0.8346,Marginal
2018,48,72176,Texas,Temple city,All,all,0.9192,0.8753,0.963,Marginal,0.7739,0.7519,0.7959,Marginal
2018,48,72176,Texas,Temple city,With Disability,disability,NA,NA,NA,NA,0.5188,0.4475,0.5902,Marginal
2018,48,72176,Texas,Temple city,Without Disability,disability,0.9251,0.8852,0.9649,Marginal,0.8074,0.7859,0.8289,Marginal
2018,48,74144,Texas,Tyler city,All,all,0.9054,0.8565,0.9542,Strong,0.7705,0.7447,0.7962,Strong
2018,48,74144,Texas,Tyler city,With Disability,disability,NA,NA,NA,NA,0.3881,0.2948,0.4813,Strong
2018,48,74144,Texas,Tyler city,Without Disability,disability,0.9149,0.8663,0.9634,Strong,0.8124,0.7907,0.8341,Strong
2018,48,76000,Texas,Waco city,All,all,0.9094,0.8707,0.9481,Strong,0.7606,0.7392,0.7821,Strong
2018,48,76000,Texas,Waco city,With Disability,disability,NA,NA,NA,NA,0.3647,0.3016,0.4278,Strong
2018,48,76000,Texas,Waco city,Without Disability,disability,0.9208,0.8864,0.9552,Strong,0.8058,0.7847,0.827,Strong
2018,48,79000,Texas,Wichita Falls city,All,all,0.9604,0.9334,0.98740000000000006,Weak,0.7654,0.744,0.7868,Weak
2018,48,79000,Texas,Wichita Falls city,With Disability,disability,NA,NA,NA,NA,0.44,0.3663,0.5137,Weak
2018,48,79000,Texas,Wichita Falls city,Without Disability,disability,0.9642,0.9372,0.9912,Weak,0.8125,0.7921,0.8329,Weak
2018,49,43660,Utah,Layton city,All,all,0.9101,0.8602,0.96,Weak,0.7985,0.7833,0.8138,Weak
2018,49,43660,Utah,Layton city,With Disability,disability,NA,NA,NA,NA,0.6166,0.5359,0.6972,Weak
2018,49,43660,Utah,Layton city,Without Disability,disability,0.9129,0.8597,0.9661,Weak,0.8134,0.7989,0.8279,Weak
2018,49,44320,Utah,Lehi city,All,all,0.949,0.9177,0.9803,Weak,0.759,0.7448,0.7732,Weak
2018,49,44320,Utah,Lehi city,With Disability,disability,NA,NA,NA,NA,0.5117,0.44,0.5834,Weak
2018,49,44320,Utah,Lehi city,Without Disability,disability,0.9514,0.9176,0.9852,Weak,0.7734,0.7598,0.787,Weak
2018,49,55980,Utah,Ogden city,All,all,0.8863,0.8332,0.9394,Marginal,0.8007,0.7803,0.8211,Marginal
2018,49,55980,Utah,Ogden city,With Disability,disability,NA,NA,NA,NA,0.3853,0.3203,0.4502,Marginal
2018,49,55980,Utah,Ogden city,Without Disability,disability,0.9052,0.8529,0.9574,Marginal,0.8491,0.8325,0.8656,Marginal
2018,49,57300,Utah,Orem city,All,all,0.92,0.882,0.958,Marginal,0.7689,0.7525,0.7854,Marginal
2018,49,57300,Utah,Orem city,With Disability,disability,NA,NA,NA,NA,0.5522,0.4768,0.6275,Marginal
2018,49,57300,Utah,Orem city,Without Disability,disability,0.9336,0.897,0.9702,Marginal,0.7821,0.7651,0.799,Marginal
2018,49,62470,Utah,Provo city,All,all,0.9723,0.9512,0.9935,Strong,0.7548,0.7324,0.7772,Strong
2018,49,62470,Utah,Provo city,With Disability,disability,0.9133,0.7837,1,Strong,0.534,0.4463,0.6216,Strong
2018,49,62470,Utah,Provo city,Without Disability,disability,0.9769,0.9558,0.9979,Strong,0.7759,0.7547,0.7972,Strong
2018,49,65330,Utah,St. George city,All,all,0.907,0.8531,0.9608,Marginal,0.7694,0.7423,0.7965,Marginal
2018,49,65330,Utah,St. George city,With Disability,disability,NA,NA,NA,NA,0.4311,0.319,0.5432,Marginal
2018,49,65330,Utah,St. George city,Without Disability,disability,0.9031,0.8473,0.9589,Marginal,0.7995,0.7737,0.8254,Marginal
2018,49,67000,Utah,Salt Lake City city,All,all,0.9226,0.896,0.9491,Weak,0.8295,0.816,0.8429,Weak
2018,49,67000,Utah,Salt Lake City city,With Disability,disability,0.9645,0.9232,1,Weak,0.4854,0.4102,0.5607,Weak
2018,49,67000,Utah,Salt Lake City city,Without Disability,disability,0.9193,0.8905,0.9482,Weak,0.8585,0.8457,0.8713,Weak
2018,49,67440,Utah,Sandy city,All,all,0.8756,0.8234,0.9277,Marginal,0.8119,0.7956,0.8282,Marginal
2018,49,67440,Utah,Sandy city,With Disability,disability,NA,NA,NA,NA,0.5415,0.466,0.617,Marginal
2018,49,67440,Utah,Sandy city,Without Disability,disability,0.8808,0.8266,0.9349,Marginal,0.8308,0.8148,0.8467,Marginal
2018,49,70850,Utah,South Jordan city,All,all,0.8466,0.7762,0.9171,Weak,0.8172,0.8019,0.8325,Weak
2018,49,70850,Utah,South Jordan city,With Disability,disability,NA,NA,NA,NA,0.529,0.435,0.623,Weak
2018,49,70850,Utah,South Jordan city,Without Disability,disability,0.8634,0.7956,0.9313,Weak,0.836,0.8203,0.8516,Weak
2018,49,82950,Utah,West Jordan city,All,all,0.9067,0.8613,0.9522,Marginal,0.8184,0.8032,0.8336,Marginal
2018,49,82950,Utah,West Jordan city,With Disability,disability,NA,NA,NA,NA,0.5708,0.4799,0.6617,Marginal
2018,49,82950,Utah,West Jordan city,Without Disability,disability,0.9139,0.8686,0.9592,Marginal,0.8318,0.8165,0.847,Marginal
2018,49,83470,Utah,West Valley City city,All,all,0.7676,0.7084,0.8269,Marginal,0.8095,0.7974,0.8215,Marginal
2018,49,83470,Utah,West Valley City city,With Disability,disability,NA,NA,NA,NA,0.5007,0.4518,0.5495,Marginal
2018,49,83470,Utah,West Valley City city,Without Disability,disability,0.7687,0.704,0.8334,Marginal,0.8387,0.8276,0.8498,Marginal
2018,51,01000,Virginia,Alexandria city,All,all,0.8044,0.6829,0.926,Weak,0.8959,0.8843,0.9075,Weak
2018,51,01000,Virginia,Alexandria city,With Disability,disability,NA,NA,NA,NA,0.7203,0.6079,0.8327,Weak
2018,51,01000,Virginia,Alexandria city,Without Disability,disability,0.8108,0.677,0.9446,Weak,0.9027,0.8911,0.9143,Weak
2018,51,16000,Virginia,Chesapeake city,All,all,0.9235,0.8802,0.9668,Weak,0.8051,0.7911,0.8192,Weak
2018,51,16000,Virginia,Chesapeake city,With Disability,disability,NA,NA,NA,NA,0.4327,0.3628,0.5026,Weak
2018,51,16000,Virginia,Chesapeake city,Without Disability,disability,0.9316,0.8906,0.9727,Weak,0.8341,0.8204,0.8478,Weak
2018,51,35000,Virginia,Hampton city,All,all,0.9214,0.87,0.9727,Weak,0.7921,0.7703,0.8139,Weak
2018,51,35000,Virginia,Hampton city,With Disability,disability,NA,NA,NA,NA,0.4339,0.3567,0.511,Weak
2018,51,35000,Virginia,Hampton city,Without Disability,disability,0.9424,0.9024,0.9824,Weak,0.8392,0.8186,0.8599,Weak
2018,51,47672,Virginia,Lynchburg city,All,all,0.9795,0.9625,0.9966,Marginal,0.7913,0.7661,0.8165,Marginal
2018,51,47672,Virginia,Lynchburg city,With Disability,disability,NA,NA,NA,NA,0.3745,0.2895,0.4596,Marginal
2018,51,47672,Virginia,Lynchburg city,Without Disability,disability,0.9811,0.9641,0.9981,Marginal,0.8379,0.8148,0.8609,Marginal
2018,51,56000,Virginia,Newport News city,All,all,0.9702,0.9451,0.9954,Marginal,0.8014,0.7846,0.8182,Marginal
2018,51,56000,Virginia,Newport News city,With Disability,disability,NA,NA,NA,NA,0.5858,0.5269,0.6447,Marginal
2018,51,56000,Virginia,Newport News city,Without Disability,disability,0.9705,0.9439,0.9971,Marginal,0.8356,0.8184,0.8528,Marginal
2018,51,57000,Virginia,Norfolk city,All,all,0.9545,0.9402,0.9688,Marginal,0.7804,0.766,0.7948,Marginal
2018,51,57000,Virginia,Norfolk city,With Disability,disability,NA,NA,NA,NA,0.3761,0.3192,0.4331,Marginal
2018,51,57000,Virginia,Norfolk city,Without Disability,disability,0.9588,0.9436,0.974,Marginal,0.8249,0.8112,0.8386,Marginal
2018,51,64000,Virginia,Portsmouth city,All,all,0.8169,0.73740000000000006,0.8964,Weak,0.7727,0.747,0.7983,Weak
2018,51,64000,Virginia,Portsmouth city,With Disability,disability,NA,NA,NA,NA,0.3803,0.3046,0.4559,Weak
2018,51,64000,Virginia,Portsmouth city,Without Disability,disability,0.8074,0.7232,0.8915,Weak,0.8158,0.7938,0.8379,Weak
2018,51,67000,Virginia,Richmond city,All,all,0.946,0.9161,0.976,Weak,0.7868,0.7707,0.8028,Weak
2018,51,67000,Virginia,Richmond city,With Disability,disability,0.7785,0.5717,0.9853,Weak,0.4061,0.3513,0.4609,Weak
2018,51,67000,Virginia,Richmond city,Without Disability,disability,0.9599,0.9347,0.9851,Weak,0.8346,0.8181,0.8511,Weak
2018,51,68000,Virginia,Roanoke city,All,all,0.9372,0.8931,0.9814,Weak,0.7791,0.758,0.8002,Weak
2018,51,68000,Virginia,Roanoke city,With Disability,disability,NA,NA,NA,NA,0.284,0.2146,0.3533,Weak
2018,51,68000,Virginia,Roanoke city,Without Disability,disability,0.9384,0.8942,0.9826,Weak,0.8332,0.8117,0.8547,Weak
2018,51,76432,Virginia,Suffolk city,All,all,0.8366,0.7655,0.9078,Marginal,0.7952,0.778,0.8124,Marginal
2018,51,76432,Virginia,Suffolk city,With Disability,disability,NA,NA,NA,NA,0.4329,0.3715,0.4943,Marginal
2018,51,76432,Virginia,Suffolk city,Without Disability,disability,0.8296,0.7564,0.9028,Marginal,0.8306,0.8132,0.848,Marginal
2018,51,82000,Virginia,Virginia Beach city,All,all,0.9413,0.919,0.9635,Marginal,0.8239,0.8144,0.8334,Marginal
2018,51,82000,Virginia,Virginia Beach city,With Disability,disability,NA,NA,NA,NA,0.5145,0.4687,0.5603,Marginal
2018,51,82000,Virginia,Virginia Beach city,Without Disability,disability,0.9454,0.9222,0.9686,Marginal,0.8484,0.8396,0.8572,Marginal
2018,53,03180,Washington,Auburn city,All,all,0.8215,0.7483,0.8947,Marginal,0.7951,0.775,0.8152,Marginal
2018,53,03180,Washington,Auburn city,With Disability,disability,NA,NA,NA,NA,0.4016,0.3325,0.4707,Marginal
2018,53,03180,Washington,Auburn city,Without Disability,disability,0.842,0.7666,0.9174,Marginal,0.8353,0.8171,0.8534,Marginal
2018,53,05210,Washington,Bellevue city,All,all,0.9052,0.8134,0.9969,Strong,0.7885,0.7757,0.8013,Strong
2018,53,05210,Washington,Bellevue city,With Disability,disability,NA,NA,NA,NA,0.6852,0.5793,0.791,Strong
2018,53,05210,Washington,Bellevue city,Without Disability,disability,0.9035,0.8096,0.9974,Strong,0.7921,0.7804,0.8038,Strong
2018,53,05280,Washington,Bellingham city,All,all,0.9474,0.9197,0.9751,Marginal,0.7817,0.7627,0.8007,Marginal
2018,53,05280,Washington,Bellingham city,With Disability,disability,NA,NA,NA,NA,0.4024,0.3298,0.475,Marginal
2018,53,05280,Washington,Bellingham city,Without Disability,disability,0.9635,0.9389,0.988,Marginal,0.8209,0.8021,0.8396,Marginal
2018,53,22640,Washington,Everett city,All,all,0.8778,0.8207,0.9348,Marginal,0.7969,0.7793,0.8146,Marginal
2018,53,22640,Washington,Everett city,With Disability,disability,NA,NA,NA,NA,0.473,0.4062,0.5398,Marginal
2018,53,22640,Washington,Everett city,Without Disability,disability,0.8958,0.8389,0.9528,Marginal,0.8375,0.8219,0.853,Marginal
2018,53,23515,Washington,Federal Way city,All,all,0.8949,0.8359,0.9538,Marginal,0.8045,0.7835,0.8255,Marginal
2018,53,23515,Washington,Federal Way city,With Disability,disability,NA,NA,NA,NA,0.4319,0.3438,0.52,Marginal
2018,53,23515,Washington,Federal Way city,Without Disability,disability,0.8928,0.8313,0.9543,Marginal,0.8436,0.8231,0.8641,Marginal
2018,53,35275,Washington,Kennewick city,All,all,0.8779,0.8065,0.9493,Marginal,0.7919,0.7678,0.8161,Marginal
2018,53,35275,Washington,Kennewick city,With Disability,disability,NA,NA,NA,NA,0.397,0.309,0.4851,Marginal
2018,53,35275,Washington,Kennewick city,Without Disability,disability,0.8946,0.8162,0.973,Marginal,0.8363,0.8128,0.8599,Marginal
2018,53,35415,Washington,Kent city,All,all,0.8169,0.7338,0.9,Strong,0.8084,0.791,0.8258,Strong
2018,53,35415,Washington,Kent city,With Disability,disability,NA,NA,NA,NA,0.5209,0.4302,0.6116,Strong
2018,53,35415,Washington,Kent city,Without Disability,disability,0.8483,0.7641,0.9325,Strong,0.8285,0.8115,0.8455,Strong
2018,53,35940,Washington,Kirkland city,All,all,0.8907,0.84,0.9413,Marginal,0.8174,0.8056,0.8292,Marginal
2018,53,35940,Washington,Kirkland city,With Disability,disability,NA,NA,NA,NA,0.6243,0.5445,0.7041,Marginal
2018,53,35940,Washington,Kirkland city,Without Disability,disability,0.9135,0.8659,0.961,Marginal,0.8247,0.8127,0.8368,Marginal
2018,53,53545,Washington,Pasco city,All,all,0.7967,0.709,0.8844,Marginal,0.7984,0.7757,0.8211,Marginal
2018,53,53545,Washington,Pasco city,With Disability,disability,NA,NA,NA,NA,0.4913,0.4099,0.5727,Marginal
2018,53,53545,Washington,Pasco city,Without Disability,disability,0.8155,0.7311,0.8999,Marginal,0.8346,0.8128,0.8565,Marginal
2018,53,57745,Washington,Renton city,All,all,0.8681,0.8028,0.9334,Marginal,0.8225,0.8054,0.8395,Marginal
2018,53,57745,Washington,Renton city,With Disability,disability,NA,NA,NA,NA,0.507,0.4079,0.606,Marginal
2018,53,57745,Washington,Renton city,Without Disability,disability,0.875,0.8022,0.9479,Marginal,0.846,0.8298,0.8623,Marginal
2018,53,63000,Washington,Seattle city,All,all,0.9463,0.9281,0.9646,Marginal,0.8617,0.8542,0.8692,Marginal
2018,53,63000,Washington,Seattle city,With Disability,disability,0.9002,0.8073,0.993,Marginal,0.5602,0.5128,0.6075,Marginal
2018,53,63000,Washington,Seattle city,Without Disability,disability,0.9486,0.9296,0.9676,Marginal,0.8784,0.8714,0.8853,Marginal
2018,53,67000,Washington,Spokane city,All,all,0.9282,0.8973,0.9592,Weak,0.7654,0.7503,0.7805,Weak
2018,53,67000,Washington,Spokane city,With Disability,disability,0.8896,0.7866,0.9926,Weak,0.3508,0.296,0.4056,Weak
2018,53,67000,Washington,Spokane city,Without Disability,disability,0.9313,0.8995,0.9631,Weak,0.8195,0.8057,0.8333,Weak
2018,53,67167,Washington,Spokane Valley city,All,all,0.8835,0.7916,0.9754,Marginal,0.781,0.7597,0.8023,Marginal
2018,53,67167,Washington,Spokane Valley city,With Disability,disability,NA,NA,NA,NA,0.3702,0.3049,0.4355,Marginal
2018,53,67167,Washington,Spokane Valley city,Without Disability,disability,0.895,0.7993,0.9907,Marginal,0.8272,0.8073,0.8472,Marginal
2018,53,70000,Washington,Tacoma city,All,all,0.8776,0.8286,0.9267,Weak,0.774,0.7599,0.7882,Weak
2018,53,70000,Washington,Tacoma city,With Disability,disability,NA,NA,NA,NA,0.4665,0.419,0.5139,Weak
2018,53,70000,Washington,Tacoma city,Without Disability,disability,0.8855,0.8325,0.9386,Weak,0.8136,0.8005,0.8268,Weak
2018,53,74060,Washington,Vancouver city,All,all,0.8368,0.7895,0.8841,Strong,0.7968,0.7834,0.8101,Strong
2018,53,74060,Washington,Vancouver city,With Disability,disability,NA,NA,NA,NA,0.4922,0.4286,0.5559,Strong
2018,53,74060,Washington,Vancouver city,Without Disability,disability,0.8723,0.8226,0.9219,Strong,0.8304,0.8173,0.8435,Strong
2018,53,80010,Washington,Yakima city,All,all,0.6746,0.556,0.7932,Marginal,0.7499,0.7255,0.7742,Marginal
2018,53,80010,Washington,Yakima city,With Disability,disability,NA,NA,NA,NA,0.3562,0.2642,0.4483,Marginal
2018,53,80010,Washington,Yakima city,Without Disability,disability,0.6939,0.5724,0.8153,Marginal,0.8041,0.7836,0.8247,Marginal
2018,55,02375,Wisconsin,Appleton city,All,all,0.9245,0.8769,0.9721,Weak,0.8687,0.8556,0.8818,Weak
2018,55,02375,Wisconsin,Appleton city,With Disability,disability,NA,NA,NA,NA,0.458,0.3791,0.5368,Weak
2018,55,02375,Wisconsin,Appleton city,Without Disability,disability,0.9224,0.872,0.9729,Weak,0.9012,0.8897,0.9128,Weak
2018,55,31000,Wisconsin,Green Bay city,All,all,0.9611,0.9194,1,Marginal,0.8434,0.8198,0.867,Marginal
2018,55,31000,Wisconsin,Green Bay city,With Disability,disability,NA,NA,NA,NA,0.3244,0.2343,0.4144,Marginal
2018,55,31000,Wisconsin,Green Bay city,Without Disability,disability,0.9672,0.9256,1,Marginal,0.8988,0.8783,0.9194,Marginal
2018,55,39225,Wisconsin,Kenosha city,All,all,0.9369,0.89,0.9838,Marginal,0.8001,0.7803,0.8199,Marginal
2018,55,39225,Wisconsin,Kenosha city,With Disability,disability,NA,NA,NA,NA,0.3818,0.2828,0.4808,Marginal
2018,55,39225,Wisconsin,Kenosha city,Without Disability,disability,0.9495,0.9054,0.9936,Marginal,0.8369,0.8184,0.8553,Marginal
2018,55,48000,Wisconsin,Madison city,All,all,0.9714,0.9515,0.9913,Weak,0.8829,0.8722,0.8936,Weak
2018,55,48000,Wisconsin,Madison city,With Disability,disability,NA,NA,NA,NA,0.6062,0.5196,0.6927,Weak
2018,55,48000,Wisconsin,Madison city,Without Disability,disability,0.9705,0.9499,0.9911,Weak,0.897,0.8864,0.9077,Weak
2018,55,53000,Wisconsin,Milwaukee city,All,all,0.8927,0.86240000000000006,0.923,Marginal,0.7666,0.755,0.7782,Marginal
2018,55,53000,Wisconsin,Milwaukee city,With Disability,disability,0.8486,0.7317,0.9656,Marginal,0.3381,0.2922,0.3841,Marginal
2018,55,53000,Wisconsin,Milwaukee city,Without Disability,disability,0.8963,0.8637,0.929,Marginal,0.8116,0.79990000000000006,0.8233,Marginal
2018,55,66000,Wisconsin,Racine city,All,all,0.8793,0.7975,0.9611,Weak,0.8113,0.7875,0.8351,Weak
2018,55,66000,Wisconsin,Racine city,With Disability,disability,NA,NA,NA,NA,0.4509,0.3576,0.5442,Weak
2018,55,66000,Wisconsin,Racine city,Without Disability,disability,0.9109,0.844,0.9778,Weak,0.8445,0.823,0.866,Weak
2021,01,03076,Alabama,Auburn city,All,all,0.9469,0.9076,0.9861,Marginal,0.8063,0.7856,0.827,Marginal
2021,01,03076,Alabama,Auburn city,With Disability,disability,NA,NA,NA,NA,0.5313,0.444,0.6186,Marginal
2021,01,03076,Alabama,Auburn city,Without Disability,disability,0.9488,0.9084,0.9892,Marginal,0.8366,0.8189,0.8543,Marginal
2021,01,07000,Alabama,Birmingham city,All,all,0.9053,0.8631,0.9475,Weak,0.7437,0.7267,0.7607,Weak
2021,01,07000,Alabama,Birmingham city,With Disability,disability,NA,NA,NA,NA,0.3607,0.3052,0.4162,Weak
2021,01,07000,Alabama,Birmingham city,Without Disability,disability,0.9113,0.8674,0.9552,Weak,0.8024,0.7858,0.8189,Weak
2021,01,35896,Alabama,Hoover city,All,all,0.9593,0.9358,0.9828,Weak,0.821,0.8093,0.8327,Weak
2021,01,35896,Alabama,Hoover city,With Disability,disability,NA,NA,NA,NA,0.5383,0.474,0.6027,Weak
2021,01,35896,Alabama,Hoover city,Without Disability,disability,0.9649,0.9424,0.9873,Weak,0.8427,0.8304,0.855,Weak
2021,01,37000,Alabama,Huntsville city,All,all,0.9154,0.8699,0.9609,Weak,0.7945,0.7768,0.8122,Weak
2021,01,37000,Alabama,Huntsville city,With Disability,disability,NA,NA,NA,NA,0.4721,0.4092,0.5349,Weak
2021,01,37000,Alabama,Huntsville city,Without Disability,disability,0.9226,0.8794,0.9659,Weak,0.8285,0.8104,0.8465,Weak
2021,01,50000,Alabama,Mobile city,All,all,0.926,0.8863,0.9657,Weak,0.7421,0.723,0.7612,Weak
2021,01,50000,Alabama,Mobile city,With Disability,disability,NA,NA,NA,NA,0.352,0.275,0.429,Weak
2021,01,50000,Alabama,Mobile city,Without Disability,disability,0.9282,0.889,0.9675,Weak,0.7807,0.7607,0.8007,Weak
2021,01,51000,Alabama,Montgomery city,All,all,0.8742,0.825,0.9234,Weak,0.7439,0.724,0.7637,Weak
2021,01,51000,Alabama,Montgomery city,With Disability,disability,NA,NA,NA,NA,0.2929,0.2414,0.3444,Weak
2021,01,51000,Alabama,Montgomery city,Without Disability,disability,0.8855,0.8346,0.9365,Weak,0.8088,0.7925,0.8252,Weak
2021,01,77256,Alabama,Tuscaloosa city,All,all,0.9776,0.951,1,Marginal,0.7701,0.7392,0.8011,Marginal
2021,01,77256,Alabama,Tuscaloosa city,With Disability,disability,NA,NA,NA,NA,0.2562,0.1786,0.3337,Marginal
2021,01,77256,Alabama,Tuscaloosa city,Without Disability,disability,0.9765,0.9488,1,Marginal,0.8217,0.7936,0.8499,Marginal
2021,02,03000,Alaska,Anchorage municipality,All,all,0.9303,0.8905,0.9701,Marginal,0.8183,0.8015,0.835,Marginal
2021,02,03000,Alaska,Anchorage municipality,With Disability,disability,NA,NA,NA,NA,0.4951,0.4065,0.5838,Marginal
2021,02,03000,Alaska,Anchorage municipality,Without Disability,disability,0.9321,0.8901,0.974,Marginal,0.8484,0.8325,0.8644,Marginal
2021,04,04720,Arizona,Avondale city,All,all,0.9254,0.8741,0.9767,Marginal,0.7937,0.7704,0.817,Marginal
2021,04,04720,Arizona,Avondale city,With Disability,disability,NA,NA,NA,NA,0.5202,0.4221,0.6183,Marginal
2021,04,04720,Arizona,Avondale city,Without Disability,disability,0.9254,0.87,0.9808,Marginal,0.8189,0.7961,0.8416,Marginal
2021,04,07940,Arizona,Buckeye city,All,all,0.8563,0.7773,0.9352,Marginal,0.7929,0.7735,0.8123,Marginal
2021,04,07940,Arizona,Buckeye city,With Disability,disability,NA,NA,NA,NA,0.3949,0.3132,0.4766,Marginal
2021,04,07940,Arizona,Buckeye city,Without Disability,disability,0.8619,0.7818,0.9419,Marginal,0.8284,0.8074,0.8493,Marginal
2021,04,12000,Arizona,Chandler city,All,all,0.92,0.8847,0.9554,Weak,0.8389,0.8278,0.85,Weak
2021,04,12000,Arizona,Chandler city,With Disability,disability,NA,NA,NA,NA,0.544,0.483,0.605,Weak
2021,04,12000,Arizona,Chandler city,Without Disability,disability,0.9181,0.8786,0.9576,Weak,0.8604,0.8496,0.8711,Weak
2021,04,23620,Arizona,Flagstaff city,All,all,0.9744,0.9591,0.9898,Weak,0.7808,0.7592,0.8024,Weak
2021,04,23620,Arizona,Flagstaff city,With Disability,disability,NA,NA,NA,NA,0.4892,0.405,0.5734,Weak
2021,04,23620,Arizona,Flagstaff city,Without Disability,disability,0.9752,0.9594,0.991,Weak,0.8126,0.7921,0.833,Weak
2021,04,27400,Arizona,Gilbert town,All,all,0.9247,0.8853,0.964,Strong,0.8284,0.8168,0.84,Strong
2021,04,27400,Arizona,Gilbert town,With Disability,disability,NA,NA,NA,NA,0.6152,0.5481,0.6824,Strong
2021,04,27400,Arizona,Gilbert town,Without Disability,disability,0.952,0.9259,0.978,Strong,0.8406,0.8292,0.852,Strong
2021,04,27820,Arizona,Glendale city,All,all,0.8606,0.8133,0.9079,Strong,0.7565,0.7393,0.7738,Strong
2021,04,27820,Arizona,Glendale city,With Disability,disability,NA,NA,NA,NA,0.4299,0.3796,0.4802,Strong
2021,04,27820,Arizona,Glendale city,Without Disability,disability,0.8548,0.8051,0.9046,Strong,0.7974,0.7813,0.8135,Strong
2021,04,28380,Arizona,Goodyear city,All,all,0.9257,0.8601,0.9912,Marginal,0.8097,0.7882,0.8312,Marginal
2021,04,28380,Arizona,Goodyear city,With Disability,disability,NA,NA,NA,NA,0.5172,0.4118,0.6227,Marginal
2021,04,28380,Arizona,Goodyear city,Without Disability,disability,0.9234,0.8558,0.991,Marginal,0.8327,0.8116,0.8539,Marginal
2021,04,46000,Arizona,Mesa city,All,all,0.8963,0.8622,0.9304,Marginal,0.8054,0.7952,0.8156,Marginal
2021,04,46000,Arizona,Mesa city,With Disability,disability,0.6782,0.5249,0.8315,Marginal,0.5062,0.4658,0.5467,Marginal
2021,04,46000,Arizona,Mesa city,Without Disability,disability,0.9099,0.876,0.9438,Marginal,0.8336,0.8238,0.8435,Marginal
2021,04,54050,Arizona,Peoria city,All,all,0.9345,0.8965,0.9724,Marginal,0.8066,0.7904,0.8227,Marginal
2021,04,54050,Arizona,Peoria city,With Disability,disability,NA,NA,NA,NA,0.4471,0.3734,0.5208,Marginal
2021,04,54050,Arizona,Peoria city,Without Disability,disability,0.9493,0.9162,0.9824,Marginal,0.8385,0.8227,0.8543,Marginal
2021,04,55000,Arizona,Phoenix city,All,all,0.8468,0.8233,0.8703,Marginal,0.7908,0.7849,0.7967,Marginal
2021,04,55000,Arizona,Phoenix city,With Disability,disability,0.7538,0.6491,0.8586,Marginal,0.4877,0.4594,0.5159,Marginal
2021,04,55000,Arizona,Phoenix city,Without Disability,disability,0.8523,0.8285,0.8761,Marginal,0.8172,0.8114,0.823,Marginal
2021,04,65000,Arizona,Scottsdale city,All,all,0.9244,0.8822,0.9666,Weak,0.8293,0.8169,0.8418,Weak
2021,04,65000,Arizona,Scottsdale city,With Disability,disability,NA,NA,NA,NA,0.5241,0.4509,0.5973,Weak
2021,04,65000,Arizona,Scottsdale city,Without Disability,disability,0.9295,0.8876,0.9714,Weak,0.8455,0.8332,0.8578,Weak
2021,04,71510,Arizona,Surprise city,All,all,0.8009,0.6813,0.9205,Strong,0.8179,0.7978,0.8381,Strong
2021,04,71510,Arizona,Surprise city,With Disability,disability,NA,NA,NA,NA,0.4753,0.3445,0.6061,Strong
2021,04,71510,Arizona,Surprise city,Without Disability,disability,0.8272,0.7109,0.9435,Strong,0.8445,0.8241,0.8648,Strong
2021,04,73000,Arizona,Tempe city,All,all,0.9828,0.9722,0.9933,Weak,0.8192,0.8019,0.8366,Weak
2021,04,73000,Arizona,Tempe city,With Disability,disability,NA,NA,NA,NA,0.6268,0.5542,0.6994,Weak
2021,04,73000,Arizona,Tempe city,Without Disability,disability,0.9855,0.9756,0.9954,Weak,0.8361,0.8181,0.854,Weak
2021,04,77000,Arizona,Tucson city,All,all,0.859,0.8272,0.8907,Marginal,0.7759,0.7643,0.7875,Marginal
2021,04,77000,Arizona,Tucson city,With Disability,disability,0.7472,0.62,0.8743,Marginal,0.4683,0.4318,0.5048,Marginal
2021,04,77000,Arizona,Tucson city,Without Disability,disability,0.8693,0.8362,0.9024,Marginal,0.8133,0.8012,0.8255,Marginal
2021,04,85540,Arizona,Yuma city,All,all,0.889,0.832,0.9461,Marginal,0.7494,0.729,0.7699,Marginal
2021,04,85540,Arizona,Yuma city,With Disability,disability,NA,NA,NA,NA,0.4372,0.3541,0.5202,Marginal
2021,04,85540,Arizona,Yuma city,Without Disability,disability,0.8811,0.8202,0.9419,Marginal,0.7722,0.752,0.7924,Marginal
2021,05,23290,Arkansas,Fayetteville city,All,all,0.9482,0.9182,0.9782,Marginal,0.8049,0.7851,0.8247,Marginal
2021,05,23290,Arkansas,Fayetteville city,With Disability,disability,NA,NA,NA,NA,0.4145,0.3295,0.4994,Marginal
2021,05,23290,Arkansas,Fayetteville city,Without Disability,disability,0.9525,0.9258,0.9791,Marginal,0.8403,0.8217,0.8589,Marginal
2021,05,24550,Arkansas,Fort Smith city,All,all,0.9444,0.9044,0.9845,Marginal,0.732,0.709,0.755,Marginal
2021,05,24550,Arkansas,Fort Smith city,With Disability,disability,NA,NA,NA,NA,0.3501,0.2857,0.4145,Marginal
2021,05,24550,Arkansas,Fort Smith city,Without Disability,disability,0.9403,0.8963,0.9843,Marginal,0.8113,0.791,0.8316,Marginal
2021,05,35710,Arkansas,Jonesboro city,All,all,0.8998,0.8617,0.9378,Marginal,0.7604,0.7368,0.784,Marginal
2021,05,35710,Arkansas,Jonesboro city,With Disability,disability,NA,NA,NA,NA,0.3956,0.3303,0.4608,Marginal
2021,05,35710,Arkansas,Jonesboro city,Without Disability,disability,0.9197,0.8805,0.9589,Marginal,0.8287,0.8077,0.8496,Marginal
2021,05,41000,Arkansas,Little Rock city,All,all,0.8828,0.8222,0.9435,Strong,0.79,0.7691,0.811,Strong
2021,05,41000,Arkansas,Little Rock city,With Disability,disability,NA,NA,NA,NA,0.4109,0.3445,0.4774,Strong
2021,05,41000,Arkansas,Little Rock city,Without Disability,disability,0.8947,0.8341,0.9553,Strong,0.8302,0.8072,0.8531,Strong
2021,05,66080,Arkansas,Springdale city,All,all,0.9471,0.9185,0.9757,Weak,0.8067,0.789,0.8244,Weak
2021,05,66080,Arkansas,Springdale city,With Disability,disability,NA,NA,NA,NA,0.4141,0.3354,0.4929,Weak
2021,05,66080,Arkansas,Springdale city,Without Disability,disability,0.9509,0.9255,0.9764,Weak,0.841,0.8242,0.8578,Weak
2021,06,00562,California,Alameda city,All,all,0.969,0.9369,1,Marginal,0.8308,0.8121,0.8496,Marginal
2021,06,00562,California,Alameda city,With Disability,disability,NA,NA,NA,NA,0.5391,0.4588,0.6193,Marginal
2021,06,00562,California,Alameda city,Without Disability,disability,0.9669,0.9325,1,Marginal,0.847,0.829,0.865,Marginal
2021,06,00884,California,Alhambra city,All,all,0.9561,0.892,1,Marginal,0.817,0.7967,0.8373,Marginal
2021,06,00884,California,Alhambra city,With Disability,disability,NA,NA,NA,NA,0.5883,0.4747,0.702,Marginal
2021,06,00884,California,Alhambra city,Without Disability,disability,0.9625,0.897,1,Marginal,0.8268,0.8056,0.8481,Marginal
2021,06,02000,California,Anaheim city,All,all,0.9192,0.8859,0.9524,Weak,0.803,0.791,0.8149,Weak
2021,06,02000,California,Anaheim city,With Disability,disability,NA,NA,NA,NA,0.4707,0.4044,0.5369,Weak
2021,06,02000,California,Anaheim city,Without Disability,disability,0.9283,0.8938,0.9628,Weak,0.8213,0.8097,0.8328,Weak
2021,06,02252,California,Antioch city,All,all,0.8473,0.7578,0.9369,Strong,0.7507,0.7245,0.777,Strong
2021,06,02252,California,Antioch city,With Disability,disability,NA,NA,NA,NA,0.4195,0.312,0.527,Strong
2021,06,02252,California,Antioch city,Without Disability,disability,0.8323,0.7313,0.9333,Strong,0.805,0.7799,0.8301,Strong
2021,06,02364,California,Apple Valley town,All,all,0.8637,0.8013,0.9261,Marginal,0.6607,0.6363,0.6852,Marginal
2021,06,02364,California,Apple Valley town,With Disability,disability,NA,NA,NA,NA,0.3086,0.2321,0.385,Marginal
2021,06,02364,California,Apple Valley town,Without Disability,disability,0.8773,0.8135,0.941,Marginal,0.6956,0.6688,0.7225,Marginal
2021,06,03526,California,Bakersfield city,All,all,0.9015,0.8703,0.9327,Marginal,0.7313,0.7166,0.7459,Marginal
2021,06,03526,California,Bakersfield city,With Disability,disability,NA,NA,NA,NA,0.3633,0.292,0.4346,Marginal
2021,06,03526,California,Bakersfield city,Without Disability,disability,0.9075,0.8749,0.94,Marginal,0.7627,0.7481,0.7772,Marginal
2021,06,04982,California,Bellflower city,All,all,0.9402,0.911,0.9695,Marginal,0.7823,0.7645,0.8001,Marginal
2021,06,04982,California,Bellflower city,With Disability,disability,NA,NA,NA,NA,0.4165,0.3265,0.5064,Marginal
2021,06,04982,California,Bellflower city,Without Disability,disability,0.9507,0.9211,0.9802,Marginal,0.8048,0.788,0.8216,Marginal
2021,06,06000,California,Berkeley city,All,all,0.9952,0.9901,1,Strong,0.8134,0.7951,0.8316,Strong
2021,06,06000,California,Berkeley city,With Disability,disability,1,1,1,Strong,0.5873,0.4846,0.69,Strong
2021,06,06000,California,Berkeley city,Without Disability,disability,0.9949,0.9893,1,Strong,0.8279,0.8092,0.8467,Strong
2021,06,08786,California,Buena Park city,All,all,0.9451,0.9027,0.9875,Weak,0.798,0.7814,0.8147,Weak
2021,06,08786,California,Buena Park city,With Disability,disability,NA,NA,NA,NA,0.4762,0.3814,0.5709,Weak
2021,06,08786,California,Buena Park city,Without Disability,disability,0.9479,0.9038,0.9921,Weak,0.8138,0.7975,0.8301,Weak
2021,06,08954,California,Burbank city,All,all,0.9447,0.8886,1,Strong,0.8114,0.7921,0.8306,Strong
2021,06,08954,California,Burbank city,With Disability,disability,NA,NA,NA,NA,0.56,0.4329,0.6871,Strong
2021,06,08954,California,Burbank city,Without Disability,disability,0.9423,0.8836,1,Strong,0.8259,0.8063,0.8456,Strong
2021,06,11194,California,Carlsbad city,All,all,0.9228,0.8236,1,Strong,0.8273,0.8077,0.8469,Strong
2021,06,11194,California,Carlsbad city,With Disability,disability,NA,NA,NA,NA,0.5935,0.4696,0.7175,Strong
2021,06,11194,California,Carlsbad city,Without Disability,disability,0.9183,0.8053,1,Strong,0.8383,0.8179,0.8587,Strong
2021,06,11530,California,Carson city,All,all,0.9032,0.8222,0.9842,Strong,0.7885,0.7601,0.817,Strong
2021,06,11530,California,Carson city,With Disability,disability,NA,NA,NA,NA,0.3366,0.2326,0.4406,Strong
2021,06,11530,California,Carson city,Without Disability,disability,0.9033,0.8216,0.9851,Strong,0.8179,0.7909,0.8449,Strong
2021,06,13014,California,Chico city,All,all,0.9738,0.9555,0.9921,Strong,0.8128,0.7941,0.8314,Strong
2021,06,13014,California,Chico city,With Disability,disability,NA,NA,NA,NA,0.543,0.4705,0.6156,Strong
2021,06,13014,California,Chico city,Without Disability,disability,0.9781,0.9606,0.9956,Strong,0.841,0.8242,0.8578,Strong
2021,06,13210,California,Chino city,All,all,0.9176,0.8671,0.9681,Marginal,0.7787,0.7612,0.7963,Marginal
2021,06,13210,California,Chino city,With Disability,disability,NA,NA,NA,NA,0.5001,0.4001,0.6002,Marginal
2021,06,13210,California,Chino city,Without Disability,disability,0.9188,0.8647,0.9729,Marginal,0.793,0.7754,0.8106,Marginal
2021,06,13214,California,Chino Hills city,All,all,0.9187,0.8621,0.9754,Marginal,0.7791,0.76,0.7983,Marginal
2021,06,13214,California,Chino Hills city,With Disability,disability,NA,NA,NA,NA,0.5089,0.3997,0.618,Marginal
2021,06,13214,California,Chino Hills city,Without Disability,disability,0.9186,0.858,0.9792,Marginal,0.7927,0.7736,0.8118,Marginal
2021,06,13392,California,Chula Vista city,All,all,0.9464,0.9197,0.9731,Strong,0.7881,0.7709,0.8052,Strong
2021,06,13392,California,Chula Vista city,With Disability,disability,NA,NA,NA,NA,0.408,0.326,0.49,Strong
2021,06,13392,California,Chula Vista city,Without Disability,disability,0.9461,0.9191,0.973,Strong,0.8123,0.7958,0.8289,Strong
2021,06,13588,California,Citrus Heights city,All,all,0.888,0.8164,0.9596,Strong,0.7758,0.7526,0.7989,Strong
2021,06,13588,California,Citrus Heights city,With Disability,disability,NA,NA,NA,NA,0.4228,0.3308,0.5147,Strong
2021,06,13588,California,Citrus Heights city,Without Disability,disability,0.8928,0.8205,0.9651,Strong,0.8114,0.7893,0.8335,Strong
2021,06,14218,California,Clovis city,All,all,0.9327,0.8871,0.9784,Strong,0.8071,0.79,0.8242,Strong
2021,06,14218,California,Clovis city,With Disability,disability,NA,NA,NA,NA,0.493,0.3997,0.5863,Strong
2021,06,14218,California,Clovis city,Without Disability,disability,0.9305,0.8831,0.9779,Strong,0.8315,0.8126,0.8505,Strong
2021,06,15044,California,Compton city,All,all,0.8816,0.8432,0.92,Marginal,0.7303,0.7104,0.7502,Marginal
2021,06,15044,California,Compton city,With Disability,disability,NA,NA,NA,NA,0.3514,0.2645,0.4384,Marginal
2021,06,15044,California,Compton city,Without Disability,disability,0.8788,0.8389,0.9186,Marginal,0.7556,0.7341,0.777,Marginal
2021,06,16000,California,Concord city,All,all,0.9159,0.8668,0.965,Weak,0.8074,0.7941,0.8207,Weak
2021,06,16000,California,Concord city,With Disability,disability,NA,NA,NA,NA,0.4978,0.443,0.5526,Weak
2021,06,16000,California,Concord city,Without Disability,disability,0.9333,0.8863,0.9803,Weak,0.8329,0.8198,0.8461,Weak
2021,06,16350,California,Corona city,All,all,0.9309,0.8966,0.9651,Marginal,0.7932,0.7782,0.8082,Marginal
2021,06,16350,California,Corona city,With Disability,disability,NA,NA,NA,NA,0.4895,0.4247,0.5542,Marginal
2021,06,16350,California,Corona city,Without Disability,disability,0.9293,0.8938,0.9647,Marginal,0.8101,0.7953,0.8249,Marginal
2021,06,16532,California,Costa Mesa city,All,all,0.9396,0.8969,0.9824,Marginal,0.8356,0.8202,0.851,Marginal
2021,06,16532,California,Costa Mesa city,With Disability,disability,NA,NA,NA,NA,0.5868,0.505,0.6686,Marginal
2021,06,16532,California,Costa Mesa city,Without Disability,disability,0.9419,0.8991,0.9848,Marginal,0.8465,0.8302,0.8627,Marginal
2021,06,17918,California,Daly City city,All,all,0.8878,0.7893,0.9863,Marginal,0.8697,0.8529,0.8864,Marginal
2021,06,17918,California,Daly City city,With Disability,disability,NA,NA,NA,NA,0.5867,0.4803,0.6931,Marginal
2021,06,17918,California,Daly City city,Without Disability,disability,0.906,0.8095,1,Marginal,0.8805,0.8635,0.8975,Marginal
2021,06,19766,California,Downey city,All,all,0.9154,0.8622,0.9687,Strong,0.7877,0.7654,0.8099,Strong
2021,06,19766,California,Downey city,With Disability,disability,NA,NA,NA,NA,0.3699,0.2623,0.4775,Strong
2021,06,19766,California,Downey city,Without Disability,disability,0.9142,0.8584,0.97,Strong,0.8117,0.7907,0.8327,Strong
2021,06,21712,California,El Cajon city,All,all,0.8911,0.8272,0.955,Marginal,0.7623,0.7432,0.7814,Marginal
2021,06,21712,California,El Cajon city,With Disability,disability,NA,NA,NA,NA,0.4118,0.3428,0.4808,Marginal
2021,06,21712,California,El Cajon city,Without Disability,disability,0.912,0.8628,0.9612,Marginal,0.7899,0.7705,0.8092,Marginal
2021,06,22020,California,Elk Grove city,All,all,0.9102,0.8615,0.9589,Strong,0.796,0.7746,0.8175,Strong
2021,06,22020,California,Elk Grove city,With Disability,disability,NA,NA,NA,NA,0.3235,0.2373,0.4097,Strong
2021,06,22020,California,Elk Grove city,Without Disability,disability,0.9183,0.8714,0.9652,Strong,0.8252,0.8044,0.846,Strong
2021,06,22230,California,El Monte city,All,all,0.8573,0.7952,0.9194,Strong,0.7502,0.7306,0.7698,Strong
2021,06,22230,California,El Monte city,With Disability,disability,NA,NA,NA,NA,0.4268,0.3331,0.5205,Strong
2021,06,22230,California,El Monte city,Without Disability,disability,0.8646,0.8018,0.9273,Strong,0.7693,0.7489,0.7898,Strong
2021,06,22804,California,Escondido city,All,all,0.9248,0.8814,0.9682,Strong,0.7784,0.7577,0.799,Strong
2021,06,22804,California,Escondido city,With Disability,disability,NA,NA,NA,NA,0.512,0.4262,0.5977,Strong
2021,06,22804,California,Escondido city,Without Disability,disability,0.9446,0.906,0.9832,Strong,0.797,0.7757,0.8183,Strong
2021,06,23182,California,Fairfield city,All,all,0.9286,0.8856,0.9715,Strong,0.7937,0.7759,0.8114,Strong
2021,06,23182,California,Fairfield city,With Disability,disability,NA,NA,NA,NA,0.5302,0.452,0.6084,Strong
2021,06,23182,California,Fairfield city,Without Disability,disability,0.9442,0.906,0.9823,Strong,0.8173,0.7994,0.8352,Strong
2021,06,24638,California,Folsom city,All,all,0.9637,0.9292,0.9981,Marginal,0.8117,0.7887,0.8347,Marginal
2021,06,24638,California,Folsom city,With Disability,disability,NA,NA,NA,NA,0.4624,0.3595,0.5654,Marginal
2021,06,24638,California,Folsom city,Without Disability,disability,0.9657,0.9292,1,Marginal,0.8287,0.8054,0.8519,Marginal
2021,06,24680,California,Fontana city,All,all,0.9211,0.877,0.9652,Strong,0.7451,0.7299,0.7603,Strong
2021,06,24680,California,Fontana city,With Disability,disability,NA,NA,NA,NA,0.3956,0.3099,0.4813,Strong
2021,06,24680,California,Fontana city,Without Disability,disability,0.9365,0.8988,0.9742,Strong,0.7691,0.753,0.7852,Strong
2021,06,26000,California,Fremont city,All,all,0.9712,0.9503,0.9922,Marginal,0.8141,0.8009,0.8274,Marginal
2021,06,26000,California,Fremont city,With Disability,disability,NA,NA,NA,NA,0.4572,0.3697,0.5446,Marginal
2021,06,26000,California,Fremont city,Without Disability,disability,0.9762,0.9565,0.9958,Marginal,0.828,0.815,0.8409,Marginal
2021,06,27000,California,Fresno city,All,all,0.8839,0.8532,0.9146,Weak,0.7265,0.715,0.7381,Weak
2021,06,27000,California,Fresno city,With Disability,disability,0.6087,0.4864,0.7309,Weak,0.3888,0.3522,0.4255,Weak
2021,06,27000,California,Fresno city,Without Disability,disability,0.9058,0.8778,0.9339,Weak,0.7705,0.7587,0.7824,Weak
2021,06,28000,California,Fullerton city,All,all,0.9521,0.9018,1,Weak,0.777,0.7595,0.7945,Weak
2021,06,28000,California,Fullerton city,With Disability,disability,NA,NA,NA,NA,0.4893,0.3854,0.5932,Weak
2021,06,28000,California,Fullerton city,Without Disability,disability,0.9523,0.9005,1,Weak,0.7933,0.7745,0.812,Weak
2021,06,29000,California,Garden Grove city,All,all,0.9463,0.9211,0.9715,Weak,0.782,0.7676,0.7964,Weak
2021,06,29000,California,Garden Grove city,With Disability,disability,NA,NA,NA,NA,0.4633,0.3909,0.5356,Weak
2021,06,29000,California,Garden Grove city,Without Disability,disability,0.9463,0.9207,0.972,Weak,0.8003,0.7862,0.8145,Weak
2021,06,30000,California,Glendale city,All,all,0.9574,0.9325,0.9824,Marginal,0.7832,0.7645,0.8019,Marginal
2021,06,30000,California,Glendale city,With Disability,disability,NA,NA,NA,NA,0.3895,0.2702,0.5088,Marginal
2021,06,30000,California,Glendale city,Without Disability,disability,0.96,0.9355,0.9845,Marginal,0.8013,0.7829,0.8197,Marginal
2021,06,32548,California,Hawthorne city,All,all,0.9409,0.893,0.9888,Marginal,0.7978,0.7704,0.8252,Marginal
2021,06,32548,California,Hawthorne city,With Disability,disability,NA,NA,NA,NA,0.5643,0.477,0.6516,Marginal
2021,06,32548,California,Hawthorne city,Without Disability,disability,0.955,0.9085,1,Marginal,0.8143,0.7862,0.8424,Marginal
2021,06,33000,California,Hayward city,All,all,0.9416,0.9018,0.9814,Strong,0.8201,0.8049,0.8352,Strong
2021,06,33000,California,Hayward city,With Disability,disability,NA,NA,NA,NA,0.4234,0.3484,0.4985,Strong
2021,06,33000,California,Hayward city,Without Disability,disability,0.9562,0.9214,0.991,Strong,0.8398,0.8246,0.8551,Strong
2021,06,33182,California,Hemet city,All,all,0.9344,0.8882,0.9806,Marginal,0.7125,0.6904,0.7346,Marginal
2021,06,33182,California,Hemet city,With Disability,disability,NA,NA,NA,NA,0.3936,0.3296,0.4576,Marginal
2021,06,33182,California,Hemet city,Without Disability,disability,0.9454,0.8986,0.9922,Marginal,0.7569,0.735,0.7789,Marginal
2021,06,33434,California,Hesperia city,All,all,0.8636,0.801,0.9262,Marginal,0.6606,0.6361,0.6851,Marginal
2021,06,33434,California,Hesperia city,With Disability,disability,NA,NA,NA,NA,0.3087,0.2323,0.3852,Marginal
2021,06,33434,California,Hesperia city,Without Disability,disability,0.877,0.8131,0.9409,Marginal,0.6955,0.6686,0.7225,Marginal
2021,06,36000,California,Huntington Beach city,All,all,0.9272,0.8805,0.9739,Weak,0.8254,0.8118,0.8391,Weak
2021,06,36000,California,Huntington Beach city,With Disability,disability,NA,NA,NA,NA,0.5866,0.5079,0.6653,Weak
2021,06,36000,California,Huntington Beach city,Without Disability,disability,0.937,0.8896,0.9844,Weak,0.8389,0.8248,0.853,Weak
2021,06,36448,California,Indio city,All,all,0.8207,0.7336,0.9079,Marginal,0.7573,0.7345,0.78,Marginal
2021,06,36448,California,Indio city,With Disability,disability,NA,NA,NA,NA,0.3858,0.2859,0.4858,Marginal
2021,06,36448,California,Indio city,Without Disability,disability,0.8239,0.7369,0.9109,Marginal,0.7756,0.7535,0.7978,Marginal
2021,06,36546,California,Inglewood city,All,all,0.8072,0.7197,0.8947,Strong,0.7729,0.7484,0.7975,Strong
2021,06,36546,California,Inglewood city,With Disability,disability,NA,NA,NA,NA,0.3653,0.2631,0.4675,Strong
2021,06,36546,California,Inglewood city,Without Disability,disability,0.8115,0.7274,0.8957,Strong,0.8064,0.7815,0.8313,Strong
2021,06,36770,California,Irvine city,All,all,0.9668,0.9384,0.9953,Marginal,0.7815,0.7642,0.7989,Marginal
2021,06,36770,California,Irvine city,With Disability,disability,0.7776,0.5544,1,Marginal,0.4984,0.3937,0.6031,Marginal
2021,06,36770,California,Irvine city,Without Disability,disability,0.9795,0.9546,1,Marginal,0.7932,0.7756,0.8108,Marginal
2021,06,37692,California,Jurupa Valley city,All,all,0.9027,0.8549,0.9504,Marginal,0.7732,0.7535,0.7929,Marginal
2021,06,37692,California,Jurupa Valley city,With Disability,disability,NA,NA,NA,NA,0.4147,0.3221,0.5073,Marginal
2021,06,37692,California,Jurupa Valley city,Without Disability,disability,0.9295,0.8921,0.9668,Marginal,0.7966,0.7764,0.8169,Marginal
2021,06,39496,California,Lake Forest city,All,all,0.9699,0.9515,0.9883,Weak,0.808,0.7937,0.8222,Weak
2021,06,39496,California,Lake Forest city,With Disability,disability,NA,NA,NA,NA,0.5598,0.4735,0.6461,Weak
2021,06,39496,California,Lake Forest city,Without Disability,disability,0.9733,0.9547,0.992,Weak,0.8181,0.8042,0.8319,Weak
2021,06,39892,California,Lakewood city,All,all,0.9012,0.8466,0.9557,Marginal,0.8082,0.7928,0.8237,Marginal
2021,06,39892,California,Lakewood city,With Disability,disability,NA,NA,NA,NA,0.4653,0.3675,0.5631,Marginal
2021,06,39892,California,Lakewood city,Without Disability,disability,0.913,0.8648,0.9612,Marginal,0.8258,0.8108,0.8408,Marginal
2021,06,40130,California,Lancaster city,All,all,0.8587,0.7955,0.922,Strong,0.6868,0.6666,0.7071,Strong
2021,06,40130,California,Lancaster city,With Disability,disability,NA,NA,NA,NA,0.359,0.2723,0.4458,Strong
2021,06,40130,California,Lancaster city,Without Disability,disability,0.8983,0.8441,0.9525,Strong,0.7162,0.6958,0.7365,Strong
2021,06,41992,California,Livermore city,All,all,0.9648,0.9345,0.9951,Marginal,0.826,0.8105,0.8415,Marginal
2021,06,41992,California,Livermore city,With Disability,disability,NA,NA,NA,NA,0.5096,0.3951,0.624,Marginal
2021,06,41992,California,Livermore city,Without Disability,disability,0.9776,0.9526,1,Marginal,0.8385,0.8241,0.853,Marginal
2021,06,43000,California,Long Beach city,All,all,0.9301,0.8993,0.9609,Marginal,0.7939,0.7826,0.8053,Marginal
2021,06,43000,California,Long Beach city,With Disability,disability,0.7503,0.5799,0.9206,Marginal,0.5255,0.4817,0.5692,Marginal
2021,06,43000,California,Long Beach city,Without Disability,disability,0.9413,0.91,0.9725,Marginal,0.8122,0.8005,0.8238,Marginal
2021,06,44000,California,Los Angeles city,All,all,0.8963,0.8874,0.9053,Strong,0.7776,0.774,0.7812,Strong
2021,06,44000,California,Los Angeles city,With Disability,disability,0.8141,0.7533,0.8748,Strong,0.4562,0.4404,0.4721,Strong
2021,06,44000,California,Los Angeles city,Without Disability,disability,0.9005,0.8916,0.9094,Strong,0.7973,0.7937,0.8009,Strong
2021,06,45484,California,Manteca city,All,all,0.94,0.908,0.972,Weak,0.7561,0.7363,0.7759,Weak
2021,06,45484,California,Manteca city,With Disability,disability,NA,NA,NA,NA,0.4548,0.3727,0.537,Weak
2021,06,45484,California,Manteca city,Without Disability,disability,0.943,0.9101,0.976,Weak,0.7816,0.7616,0.8016,Weak
2021,06,46842,California,Menifee city,All,all,0.9237,0.8786,0.9688,Marginal,0.7311,0.712,0.7502,Marginal
2021,06,46842,California,Menifee city,With Disability,disability,NA,NA,NA,NA,0.3907,0.2956,0.4858,Marginal
2021,06,46842,California,Menifee city,Without Disability,disability,0.9275,0.8826,0.9723,Marginal,0.7639,0.7452,0.7826,Marginal
2021,06,46898,California,Merced city,All,all,0.9386,0.9047,0.9725,Marginal,0.7021,0.6782,0.726,Marginal
2021,06,46898,California,Merced city,With Disability,disability,NA,NA,NA,NA,0.3773,0.308,0.4465,Marginal
2021,06,46898,California,Merced city,Without Disability,disability,0.9437,0.9118,0.9755,Marginal,0.7367,0.7139,0.7595,Marginal
2021,06,47766,California,Milpitas city,All,all,0.9382,0.9014,0.975,Marginal,0.831,0.8155,0.8465,Marginal
2021,06,47766,California,Milpitas city,With Disability,disability,NA,NA,NA,NA,0.4901,0.3731,0.6072,Marginal
2021,06,47766,California,Milpitas city,Without Disability,disability,0.9601,0.9315,0.9888,Marginal,0.8427,0.8266,0.8588,Marginal
2021,06,48256,California,Mission Viejo city,All,all,0.9717,0.9365,1,Strong,0.8127,0.7879,0.8374,Strong
2021,06,48256,California,Mission Viejo city,With Disability,disability,NA,NA,NA,NA,0.5623,0.4472,0.6774,Strong
2021,06,48256,California,Mission Viejo city,Without Disability,disability,0.9707,0.9342,1,Strong,0.8244,0.8002,0.8487,Strong
2021,06,48354,California,Modesto city,All,all,0.916,0.8694,0.9625,Strong,0.7201,0.6994,0.7408,Strong
2021,06,48354,California,Modesto city,With Disability,disability,NA,NA,NA,NA,0.3527,0.295,0.4104,Strong
2021,06,48354,California,Modesto city,Without Disability,disability,0.9156,0.8673,0.9638,Strong,0.7648,0.7447,0.7849,Strong
2021,06,49270,California,Moreno Valley city,All,all,0.9087,0.8737,0.9437,Strong,0.7343,0.719,0.7495,Strong
2021,06,49270,California,Moreno Valley city,With Disability,disability,NA,NA,NA,NA,0.384,0.3209,0.4472,Strong
2021,06,49270,California,Moreno Valley city,Without Disability,disability,0.9113,0.8746,0.9481,Strong,0.7596,0.7453,0.774,Strong
2021,06,49670,California,Mountain View city,All,all,0.9775,0.9563,0.9988,Marginal,0.8231,0.8102,0.836,Marginal
2021,06,49670,California,Mountain View city,With Disability,disability,NA,NA,NA,NA,0.6622,0.5626,0.7618,Marginal
2021,06,49670,California,Mountain View city,Without Disability,disability,0.9826,0.9623,1,Marginal,0.8271,0.8142,0.84,Marginal
2021,06,50076,California,Murrieta city,All,all,0.9483,0.9137,0.9829,Marginal,0.7578,0.7344,0.7813,Marginal
2021,06,50076,California,Murrieta city,With Disability,disability,NA,NA,NA,NA,0.4526,0.3536,0.5517,Marginal
2021,06,50076,California,Murrieta city,Without Disability,disability,0.955,0.9209,0.989,Marginal,0.7818,0.7584,0.8053,Marginal
2021,06,50258,California,Napa city,All,all,0.9346,0.8968,0.9725,Marginal,0.8398,0.8224,0.8572,Marginal
2021,06,50258,California,Napa city,With Disability,disability,NA,NA,NA,NA,0.5177,0.4249,0.6106,Marginal
2021,06,50258,California,Napa city,Without Disability,disability,0.948,0.9159,0.9801,Marginal,0.8677,0.8521,0.8832,Marginal
2021,06,51182,California,Newport Beach city,All,all,0.9445,0.9069,0.982,Weak,0.8171,0.8033,0.8309,Weak
2021,06,51182,California,Newport Beach city,With Disability,disability,NA,NA,NA,NA,0.6657,0.5878,0.7436,Weak
2021,06,51182,California,Newport Beach city,Without Disability,disability,0.9499,0.9138,0.9861,Weak,0.8229,0.8084,0.8375,Weak
2021,06,52526,California,Norwalk city,All,all,0.9109,0.8587,0.9632,Strong,0.7922,0.7722,0.8121,Strong
2021,06,52526,California,Norwalk city,With Disability,disability,NA,NA,NA,NA,0.4614,0.3461,0.5766,Strong
2021,06,52526,California,Norwalk city,Without Disability,disability,0.9391,0.8939,0.9843,Strong,0.8113,0.7912,0.8314,Strong
2021,06,53000,California,Oakland city,All,all,0.8818,0.8462,0.9174,Weak,0.8076,0.7983,0.8169,Weak
2021,06,53000,California,Oakland city,With Disability,disability,0.8581,0.7227,0.9935,Weak,0.491,0.4462,0.5358,Weak
2021,06,53000,California,Oakland city,Without Disability,disability,0.8836,0.8449,0.9224,Weak,0.829,0.8191,0.8388,Weak
2021,06,53322,California,Oceanside city,All,all,0.9646,0.9457,0.9835,Marginal,0.7863,0.769,0.8036,Marginal
2021,06,53322,California,Oceanside city,With Disability,disability,NA,NA,NA,NA,0.5205,0.4351,0.6059,Marginal
2021,06,53322,California,Oceanside city,Without Disability,disability,0.975,0.9571,0.9928,Marginal,0.8074,0.7902,0.8247,Marginal
2021,06,53896,California,Ontario city,All,all,0.907,0.8623,0.9517,Strong,0.7735,0.7537,0.7932,Strong
2021,06,53896,California,Ontario city,With Disability,disability,NA,NA,NA,NA,0.4066,0.3139,0.4993,Strong
2021,06,53896,California,Ontario city,Without Disability,disability,0.9204,0.8807,0.9601,Strong,0.7972,0.7771,0.8173,Strong
2021,06,53980,California,Orange city,All,all,0.9461,0.9094,0.9828,Marginal,0.8281,0.8144,0.8417,Marginal
2021,06,53980,California,Orange city,With Disability,disability,NA,NA,NA,NA,0.5558,0.4705,0.6412,Marginal
2021,06,53980,California,Orange city,Without Disability,disability,0.9501,0.914,0.9861,Marginal,0.8409,0.828,0.8539,Marginal
2021,06,54652,California,Oxnard city,All,all,0.893,0.8505,0.9355,Strong,0.7943,0.7785,0.8101,Strong
2021,06,54652,California,Oxnard city,With Disability,disability,NA,NA,NA,NA,0.4663,0.3972,0.5354,Strong
2021,06,54652,California,Oxnard city,Without Disability,disability,0.8934,0.8499,0.937,Strong,0.8147,0.799,0.8303,Strong
2021,06,55156,California,Palmdale city,All,all,0.8872,0.8444,0.9301,Strong,0.708,0.6877,0.7282,Strong
2021,06,55156,California,Palmdale city,With Disability,disability,NA,NA,NA,NA,0.3645,0.2879,0.4412,Strong
2021,06,55156,California,Palmdale city,Without Disability,disability,0.9095,0.8694,0.9495,Strong,0.744,0.723,0.7651,Strong
2021,06,56000,California,Pasadena city,All,all,0.9685,0.9338,1,Weak,0.8201,0.805,0.8351,Weak
2021,06,56000,California,Pasadena city,With Disability,disability,NA,NA,NA,NA,0.5276,0.4148,0.6404,Weak
2021,06,56000,California,Pasadena city,Without Disability,disability,0.9675,0.9311,1,Weak,0.8315,0.8162,0.8468,Weak
2021,06,56700,California,Perris city,All,all,0.948,0.9133,0.9826,Marginal,0.7403,0.714,0.7666,Marginal
2021,06,56700,California,Perris city,With Disability,disability,NA,NA,NA,NA,0.3751,0.2619,0.4883,Marginal
2021,06,56700,California,Perris city,Without Disability,disability,0.9487,0.913,0.9845,Marginal,0.7708,0.7473,0.7942,Marginal
2021,06,57456,California,Pittsburg city,All,all,0.8808,0.7996,0.9619,Marginal,0.7586,0.7357,0.7815,Marginal
2021,06,57456,California,Pittsburg city,With Disability,disability,NA,NA,NA,NA,0.3838,0.3125,0.4551,Marginal
2021,06,57456,California,Pittsburg city,Without Disability,disability,0.898,0.8174,0.9785,Marginal,0.8025,0.7797,0.8254,Marginal
2021,06,57792,California,Pleasanton city,All,all,0.9648,0.9345,0.9951,Weak,0.826,0.8105,0.8415,Weak
2021,06,57792,California,Pleasanton city,With Disability,disability,NA,NA,NA,NA,0.5096,0.3951,0.624,Weak
2021,06,57792,California,Pleasanton city,Without Disability,disability,0.9776,0.9526,1,Weak,0.8385,0.8241,0.853,Weak
2021,06,58072,California,Pomona city,All,all,0.8986,0.8569,0.9403,Strong,0.751,0.7292,0.7728,Strong
2021,06,58072,California,Pomona city,With Disability,disability,NA,NA,NA,NA,0.4085,0.3358,0.4813,Strong
2021,06,58072,California,Pomona city,Without Disability,disability,0.9023,0.8604,0.9443,Strong,0.7768,0.7558,0.7977,Strong
2021,06,59444,California,Rancho Cordova city,All,all,0.9421,0.8961,0.9882,Marginal,0.7734,0.7514,0.7954,Marginal
2021,06,59444,California,Rancho Cordova city,With Disability,disability,NA,NA,NA,NA,0.4293,0.3463,0.5123,Marginal
2021,06,59444,California,Rancho Cordova city,Without Disability,disability,0.953,0.9,1,Marginal,0.817,0.7971,0.8369,Marginal
2021,06,59451,California,Rancho Cucamonga city,All,all,0.9472,0.9156,0.9788,Strong,0.7902,0.7701,0.8103,Strong
2021,06,59451,California,Rancho Cucamonga city,With Disability,disability,NA,NA,NA,NA,0.41,0.309,0.511,Strong
2021,06,59451,California,Rancho Cucamonga city,Without Disability,disability,0.949,0.9182,0.9799,Strong,0.8102,0.7915,0.8288,Strong
2021,06,59920,California,Redding city,All,all,0.8997,0.8486,0.9508,Marginal,0.7197,0.7007,0.7386,Marginal
2021,06,59920,California,Redding city,With Disability,disability,NA,NA,NA,NA,0.3391,0.28,0.3982,Marginal
2021,06,59920,California,Redding city,Without Disability,disability,0.9207,0.8683,0.9731,Marginal,0.7835,0.7644,0.8027,Marginal
2021,06,60102,California,Redwood City city,All,all,0.9324,0.8825,0.9823,Marginal,0.8436,0.828,0.8593,Marginal
2021,06,60102,California,Redwood City city,With Disability,disability,NA,NA,NA,NA,0.5464,0.4106,0.6821,Marginal
2021,06,60102,California,Redwood City city,Without Disability,disability,0.9499,0.9068,0.9931,Marginal,0.8543,0.8378,0.8708,Marginal
2021,06,60466,California,Rialto city,All,all,0.9548,0.929,0.9806,Marginal,0.7397,0.7163,0.763,Marginal
2021,06,60466,California,Rialto city,With Disability,disability,NA,NA,NA,NA,0.3898,0.2969,0.4826,Marginal
2021,06,60466,California,Rialto city,Without Disability,disability,0.9647,0.9407,0.9887,Marginal,0.7609,0.7376,0.7842,Marginal
2021,06,60620,California,Richmond city,All,all,0.9021,0.8526,0.9516,Marginal,0.7902,0.7724,0.808,Marginal
2021,06,60620,California,Richmond city,With Disability,disability,NA,NA,NA,NA,0.4973,0.4294,0.5652,Marginal
2021,06,60620,California,Richmond city,Without Disability,disability,0.9031,0.8507,0.9555,Marginal,0.8114,0.7929,0.8298,Marginal
2021,06,62000,California,Riverside city,All,all,0.9387,0.914,0.9634,Marginal,0.7783,0.7658,0.7908,Marginal
2021,06,62000,California,Riverside city,With Disability,disability,0.8199,0.6729,0.9668,Marginal,0.4518,0.3914,0.5122,Marginal
2021,06,62000,California,Riverside city,Without Disability,disability,0.9463,0.924,0.9685,Marginal,0.8025,0.7903,0.8147,Marginal
2021,06,62938,California,Roseville city,All,all,0.9217,0.8814,0.962,Strong,0.8229,0.8045,0.8413,Strong
2021,06,62938,California,Roseville city,With Disability,disability,NA,NA,NA,NA,0.517,0.4242,0.6098,Strong
2021,06,62938,California,Roseville city,Without Disability,disability,0.9415,0.9029,0.9801,Strong,0.8432,0.8242,0.8622,Strong
2021,06,64000,California,Sacramento city,All,all,0.8907,0.8536,0.9278,Marginal,0.7878,0.7775,0.798,Marginal
2021,06,64000,California,Sacramento city,With Disability,disability,0.6422,0.4333,0.8512,Marginal,0.4101,0.3709,0.4493,Marginal
2021,06,64000,California,Sacramento city,Without Disability,disability,0.9033,0.8653,0.9413,Marginal,0.8164,0.8065,0.8263,Marginal
2021,06,64224,California,Salinas city,All,all,0.8605,0.8051,0.9159,Strong,0.7429,0.7222,0.7636,Strong
2021,06,64224,California,Salinas city,With Disability,disability,NA,NA,NA,NA,0.4905,0.3881,0.5929,Strong
2021,06,64224,California,Salinas city,Without Disability,disability,0.8599,0.8018,0.9181,Strong,0.7549,0.734,0.7758,Strong
2021,06,65000,California,San Bernardino city,All,all,0.9193,0.887,0.9516,Weak,0.7129,0.6955,0.7302,Weak
2021,06,65000,California,San Bernardino city,With Disability,disability,NA,NA,NA,NA,0.3614,0.3024,0.4204,Weak
2021,06,65000,California,San Bernardino city,Without Disability,disability,0.9338,0.9044,0.9632,Weak,0.747,0.7292,0.7647,Weak
2021,06,65042,California,San Buenaventura (Ventura) city,All,all,0.9348,0.8737,0.9959,Strong,0.815,0.7913,0.8386,Strong
2021,06,65042,California,San Buenaventura (Ventura) city,With Disability,disability,NA,NA,NA,NA,0.4939,0.3984,0.5894,Strong
2021,06,65042,California,San Buenaventura (Ventura) city,Without Disability,disability,0.9344,0.8696,0.9991,Strong,0.8435,0.8215,0.8655,Strong
2021,06,66000,California,San Diego city,All,all,0.9533,0.942,0.9646,Strong,0.8136,0.8078,0.8194,Strong
2021,06,66000,California,San Diego city,With Disability,disability,0.8248,0.7225,0.9272,Strong,0.5096,0.4713,0.5479,Strong
2021,06,66000,California,San Diego city,Without Disability,disability,0.9581,0.9473,0.9689,Strong,0.8309,0.8255,0.8362,Strong
2021,06,67000,California,San Francisco city,All,all,0.9746,0.9575,0.9918,Marginal,0.8521,0.8448,0.8594,Marginal
2021,06,67000,California,San Francisco city,With Disability,disability,0.9368,0.8453,1,Marginal,0.4976,0.4508,0.5443,Marginal
2021,06,67000,California,San Francisco city,Without Disability,disability,0.9778,0.9602,0.9953,Marginal,0.8697,0.8628,0.8766,Marginal
2021,06,68000,California,San Jose city,All,all,0.924,0.9011,0.9468,Strong,0.825,0.819,0.831,Strong
2021,06,68000,California,San Jose city,With Disability,disability,0.874,0.8095,0.9385,Strong,0.463,0.4248,0.5011,Strong
2021,06,68000,California,San Jose city,Without Disability,disability,0.9264,0.9032,0.9495,Strong,0.8417,0.8359,0.8474,Strong
2021,06,68084,California,San Leandro city,All,all,0.9689,0.9368,1,Marginal,0.8308,0.812,0.8495,Marginal
2021,06,68084,California,San Leandro city,With Disability,disability,NA,NA,NA,NA,0.5389,0.4587,0.619,Marginal
2021,06,68084,California,San Leandro city,Without Disability,disability,0.9669,0.9325,1,Marginal,0.847,0.829,0.865,Marginal
2021,06,68196,California,San Marcos city,All,all,0.9351,0.8687,1,Marginal,0.8028,0.7806,0.825,Marginal
2021,06,68196,California,San Marcos city,With Disability,disability,NA,NA,NA,NA,0.4722,0.3605,0.5838,Marginal
2021,06,68196,California,San Marcos city,Without Disability,disability,0.9443,0.8811,1,Marginal,0.8238,0.8032,0.8443,Marginal
2021,06,68252,California,San Mateo city,All,all,0.9425,0.8926,0.9923,Marginal,0.8467,0.8342,0.8592,Marginal
2021,06,68252,California,San Mateo city,With Disability,disability,NA,NA,NA,NA,0.6833,0.5856,0.7811,Marginal
2021,06,68252,California,San Mateo city,Without Disability,disability,0.9577,0.912,1,Marginal,0.8523,0.8396,0.8649,Marginal
2021,06,68378,California,San Ramon city,All,all,0.9895,0.9692,1,Marginal,0.8007,0.783,0.8184,Marginal
2021,06,68378,California,San Ramon city,With Disability,disability,NA,NA,NA,NA,0.4768,0.3116,0.6419,Marginal
2021,06,68378,California,San Ramon city,Without Disability,disability,0.9891,0.9679,1,Marginal,0.8081,0.7903,0.826,Marginal
2021,06,69000,California,Santa Ana city,All,all,0.9175,0.8887,0.9464,Marginal,0.7917,0.7801,0.8033,Marginal
2021,06,69000,California,Santa Ana city,With Disability,disability,NA,NA,NA,NA,0.517,0.454,0.5799,Marginal
2021,06,69000,California,Santa Ana city,Without Disability,disability,0.9218,0.8908,0.9529,Marginal,0.8052,0.794,0.8163,Marginal
2021,06,69070,California,Santa Barbara city,All,all,0.9933,0.9876,0.999,Marginal,0.8391,0.8228,0.8553,Marginal
2021,06,69070,California,Santa Barbara city,With Disability,disability,NA,NA,NA,NA,0.4709,0.368,0.5738,Marginal
2021,06,69070,California,Santa Barbara city,Without Disability,disability,0.9944,0.9885,1,Marginal,0.8576,0.8414,0.8738,Marginal
2021,06,69084,California,Santa Clara city,All,all,0.9889,0.9792,0.9987,Strong,0.8396,0.8258,0.8534,Strong
2021,06,69084,California,Santa Clara city,With Disability,disability,NA,NA,NA,NA,0.5717,0.4513,0.692,Strong
2021,06,69084,California,Santa Clara city,Without Disability,disability,0.9912,0.9812,1,Strong,0.8497,0.8361,0.8633,Strong
2021,06,69088,California,Santa Clarita city,All,all,0.9437,0.9038,0.9836,Strong,0.7839,0.768,0.7998,Strong
2021,06,69088,California,Santa Clarita city,With Disability,disability,NA,NA,NA,NA,0.4203,0.3205,0.5201,Strong
2021,06,69088,California,Santa Clarita city,Without Disability,disability,0.9699,0.9497,0.9901,Strong,0.806,0.7905,0.8214,Strong
2021,06,69196,California,Santa Maria city,All,all,0.8881,0.817,0.9592,Marginal,0.7873,0.7672,0.8074,Marginal
2021,06,69196,California,Santa Maria city,With Disability,disability,NA,NA,NA,NA,0.4926,0.4191,0.5662,Marginal
2021,06,69196,California,Santa Maria city,Without Disability,disability,0.8854,0.8062,0.9646,Marginal,0.8091,0.7889,0.8292,Marginal
2021,06,70000,California,Santa Monica city,All,all,0.9227,0.8165,1,Weak,0.7992,0.775,0.8233,Weak
2021,06,70000,California,Santa Monica city,With Disability,disability,NA,NA,NA,NA,0.4323,0.2808,0.5837,Weak
2021,06,70000,California,Santa Monica city,Without Disability,disability,0.9155,0.7998,1,Weak,0.8139,0.789,0.8388,Weak
2021,06,70098,California,Santa Rosa city,All,all,0.9167,0.8545,0.9788,Strong,0.8161,0.7988,0.8335,Strong
2021,06,70098,California,Santa Rosa city,With Disability,disability,NA,NA,NA,NA,0.5165,0.4372,0.5957,Strong
2021,06,70098,California,Santa Rosa city,Without Disability,disability,0.9156,0.8514,0.9797,Strong,0.8377,0.8195,0.8559,Strong
2021,06,72016,California,Simi Valley city,All,all,0.8999,0.8461,0.9536,Strong,0.8145,0.7952,0.8338,Strong
2021,06,72016,California,Simi Valley city,With Disability,disability,NA,NA,NA,NA,0.4816,0.3863,0.5769,Strong
2021,06,72016,California,Simi Valley city,Without Disability,disability,0.9096,0.8555,0.9638,Strong,0.8376,0.82,0.8553,Strong
2021,06,73080,California,South Gate city,All,all,0.9107,0.8764,0.945,Marginal,0.7509,0.7335,0.7683,Marginal
2021,06,73080,California,South Gate city,With Disability,disability,NA,NA,NA,NA,0.3546,0.2702,0.4391,Marginal
2021,06,73080,California,South Gate city,Without Disability,disability,0.9081,0.8727,0.9434,Marginal,0.7716,0.7541,0.789,Marginal
2021,06,75000,California,Stockton city,All,all,0.9026,0.8646,0.9405,Weak,0.7338,0.7191,0.7485,Weak
2021,06,75000,California,Stockton city,With Disability,disability,NA,NA,NA,NA,0.4096,0.3548,0.4643,Weak
2021,06,75000,California,Stockton city,Without Disability,disability,0.9118,0.8733,0.9502,Weak,0.7716,0.7587,0.7846,Weak
2021,06,77000,California,Sunnyvale city,All,all,0.9044,0.8117,0.9971,Weak,0.8366,0.8193,0.8538,Weak
2021,06,77000,California,Sunnyvale city,With Disability,disability,NA,NA,NA,NA,0.5123,0.3928,0.6319,Weak
2021,06,77000,California,Sunnyvale city,Without Disability,disability,0.9119,0.8171,1,Weak,0.8463,0.8298,0.8628,Weak
2021,06,78120,California,Temecula city,All,all,0.9772,0.9508,1,Strong,0.7716,0.7482,0.795,Strong
2021,06,78120,California,Temecula city,With Disability,disability,NA,NA,NA,NA,0.5446,0.4536,0.6356,Strong
2021,06,78120,California,Temecula city,Without Disability,disability,0.9837,0.9572,1,Strong,0.791,0.7668,0.8153,Strong
2021,06,78582,California,Thousand Oaks city,All,all,0.9971,0.9928,1,Strong,0.8084,0.789,0.8278,Strong
2021,06,78582,California,Thousand Oaks city,With Disability,disability,NA,NA,NA,NA,0.4445,0.3313,0.5576,Strong
2021,06,78582,California,Thousand Oaks city,Without Disability,disability,0.997,0.9926,1,Strong,0.8228,0.8034,0.8422,Strong
2021,06,80000,California,Torrance city,All,all,0.9781,0.9441,1,Marginal,0.8063,0.7887,0.8239,Marginal
2021,06,80000,California,Torrance city,With Disability,disability,NA,NA,NA,NA,0.4232,0.3292,0.5173,Marginal
2021,06,80000,California,Torrance city,Without Disability,disability,0.9982,0.9948,1,Marginal,0.8198,0.8021,0.8376,Marginal
2021,06,80238,California,Tracy city,All,all,0.9401,0.908,0.9721,Marginal,0.7561,0.7363,0.776,Marginal
2021,06,80238,California,Tracy city,With Disability,disability,NA,NA,NA,NA,0.4549,0.3726,0.5373,Marginal
2021,06,80238,California,Tracy city,Without Disability,disability,0.943,0.91,0.9761,Marginal,0.7816,0.7615,0.8017,Marginal
2021,06,80854,California,Tustin city,All,all,0.9696,0.9512,0.9881,Weak,0.8075,0.7932,0.8217,Weak
2021,06,80854,California,Tustin city,With Disability,disability,NA,NA,NA,NA,0.5586,0.4724,0.6448,Weak
2021,06,80854,California,Tustin city,Without Disability,disability,0.9733,0.9547,0.9919,Weak,0.8176,0.8037,0.8314,Weak
2021,06,81344,California,Upland city,All,all,0.919,0.8617,0.9762,Marginal,0.7822,0.7588,0.8056,Marginal
2021,06,81344,California,Upland city,With Disability,disability,NA,NA,NA,NA,0.4948,0.3979,0.5917,Marginal
2021,06,81344,California,Upland city,Without Disability,disability,0.9261,0.8685,0.9837,Marginal,0.8065,0.7842,0.8288,Marginal
2021,06,81554,California,Vacaville city,All,all,0.9545,0.9213,0.9876,Marginal,0.7927,0.7725,0.8129,Marginal
2021,06,81554,California,Vacaville city,With Disability,disability,NA,NA,NA,NA,0.4746,0.3837,0.5655,Marginal
2021,06,81554,California,Vacaville city,Without Disability,disability,0.9526,0.9178,0.9873,Marginal,0.8115,0.7917,0.8314,Marginal
2021,06,81666,California,Vallejo city,All,all,0.8664,0.8036,0.9293,Strong,0.7889,0.7695,0.8082,Strong
2021,06,81666,California,Vallejo city,With Disability,disability,NA,NA,NA,NA,0.4632,0.3751,0.5513,Strong
2021,06,81666,California,Vallejo city,Without Disability,disability,0.8626,0.7982,0.927,Strong,0.8154,0.7966,0.8341,Strong
2021,06,82590,California,Victorville city,All,all,0.9001,0.8311,0.9692,Marginal,0.6811,0.6559,0.7064,Marginal
2021,06,82590,California,Victorville city,With Disability,disability,NA,NA,NA,NA,0.4048,0.3164,0.4932,Marginal
2021,06,82590,California,Victorville city,Without Disability,disability,0.9166,0.8504,0.9829,Marginal,0.7181,0.6928,0.7434,Marginal
2021,06,82954,California,Visalia city,All,all,0.8518,0.7767,0.9269,Strong,0.7696,0.7497,0.7895,Strong
2021,06,82954,California,Visalia city,With Disability,disability,NA,NA,NA,NA,0.3431,0.2459,0.4403,Strong
2021,06,82954,California,Visalia city,Without Disability,disability,0.8519,0.775,0.9287,Strong,0.8,0.781,0.819,Strong
2021,06,82996,California,Vista city,All,all,0.8883,0.8052,0.9713,Marginal,0.8024,0.7788,0.8259,Marginal
2021,06,82996,California,Vista city,With Disability,disability,NA,NA,NA,NA,0.3583,0.2487,0.4678,Marginal
2021,06,82996,California,Vista city,Without Disability,disability,0.8886,0.7992,0.9779,Marginal,0.8244,0.8016,0.8472,Marginal
2021,06,84200,California,West Covina city,All,all,0.9643,0.9397,0.9889,Marginal,0.7977,0.7801,0.8153,Marginal
2021,06,84200,California,West Covina city,With Disability,disability,NA,NA,NA,NA,0.5334,0.4495,0.6173,Marginal
2021,06,84200,California,West Covina city,Without Disability,disability,0.9626,0.937,0.9881,Marginal,0.8161,0.7982,0.8339,Marginal
2021,06,84550,California,Westminster city,All,all,0.9065,0.8204,0.9925,Marginal,0.7706,0.7505,0.7907,Marginal
2021,06,84550,California,Westminster city,With Disability,disability,NA,NA,NA,NA,0.4311,0.3447,0.5175,Marginal
2021,06,84550,California,Westminster city,Without Disability,disability,0.9077,0.8192,0.9963,Marginal,0.7907,0.7711,0.8104,Marginal
2021,06,85292,California,Whittier city,All,all,0.9446,0.9104,0.9789,Marginal,0.7933,0.7764,0.8102,Marginal
2021,06,85292,California,Whittier city,With Disability,disability,NA,NA,NA,NA,0.4815,0.3879,0.5751,Marginal
2021,06,85292,California,Whittier city,Without Disability,disability,0.9451,0.9095,0.9808,Marginal,0.8104,0.7937,0.8272,Marginal
2021,08,03455,Colorado,Arvada city,All,all,0.9058,0.8418,0.9698,Strong,0.8626,0.8463,0.879,Strong
2021,08,03455,Colorado,Arvada city,With Disability,disability,NA,NA,NA,NA,0.4956,0.3888,0.6025,Strong
2021,08,03455,Colorado,Arvada city,Without Disability,disability,0.901,0.8319,0.97,Strong,0.8871,0.8729,0.9012,Strong
2021,08,04000,Colorado,Aurora city,All,all,0.8533,0.8142,0.8923,Weak,0.8136,0.802,0.8251,Weak
2021,08,04000,Colorado,Aurora city,With Disability,disability,NA,NA,NA,NA,0.5187,0.4604,0.577,Weak
2021,08,04000,Colorado,Aurora city,Without Disability,disability,0.8571,0.8174,0.8968,Weak,0.8365,0.8252,0.8479,Weak
2021,08,07850,Colorado,Boulder city,All,all,0.9913,0.9832,0.9994,Marginal,0.8492,0.8277,0.8706,Marginal
2021,08,07850,Colorado,Boulder city,With Disability,disability,NA,NA,NA,NA,0.6289,0.5152,0.7427,Marginal
2021,08,07850,Colorado,Boulder city,Without Disability,disability,0.9911,0.9828,0.9995,Marginal,0.8591,0.8378,0.8804,Marginal
2021,08,12815,Colorado,Centennial city,All,all,0.9538,0.9223,0.9853,Marginal,0.8455,0.8324,0.8586,Marginal
2021,08,12815,Colorado,Centennial city,With Disability,disability,NA,NA,NA,NA,0.6183,0.5447,0.6918,Marginal
2021,08,12815,Colorado,Centennial city,Without Disability,disability,0.959,0.9296,0.9885,Marginal,0.8572,0.8444,0.8699,Marginal
2021,08,16000,Colorado,Colorado Springs city,All,all,0.9299,0.9028,0.957,Weak,0.8178,0.8089,0.8266,Weak
2021,08,16000,Colorado,Colorado Springs city,With Disability,disability,0.8997,0.7973,1,Weak,0.546,0.4988,0.5932,Weak
2021,08,16000,Colorado,Colorado Springs city,Without Disability,disability,0.933,0.9045,0.9615,Weak,0.8475,0.8383,0.8568,Weak
2021,08,20000,Colorado,Denver city,All,all,0.9087,0.8787,0.9387,Strong,0.8519,0.8442,0.8596,Strong
2021,08,20000,Colorado,Denver city,With Disability,disability,0.8772,0.7634,0.991,Strong,0.5734,0.5301,0.6167,Strong
2021,08,20000,Colorado,Denver city,Without Disability,disability,0.911,0.8805,0.9415,Strong,0.8707,0.8634,0.878,Strong
2021,08,27425,Colorado,Fort Collins city,All,all,0.9781,0.9664,0.9898,Marginal,0.8431,0.8281,0.8581,Marginal
2021,08,27425,Colorado,Fort Collins city,With Disability,disability,0.8788,0.7715,0.9861,Marginal,0.4786,0.402,0.5553,Marginal
2021,08,27425,Colorado,Fort Collins city,Without Disability,disability,0.9844,0.974,0.9948,Marginal,0.8679,0.8532,0.8826,Marginal
2021,08,32155,Colorado,Greeley city,All,all,0.8903,0.8539,0.9268,Marginal,0.8151,0.8004,0.8299,Marginal
2021,08,32155,Colorado,Greeley city,With Disability,disability,NA,NA,NA,NA,0.5354,0.4672,0.6036,Marginal
2021,08,32155,Colorado,Greeley city,Without Disability,disability,0.8857,0.846,0.9254,Marginal,0.8373,0.8225,0.852,Marginal
2021,08,43000,Colorado,Lakewood city,All,all,0.897,0.8447,0.9493,Weak,0.8463,0.8326,0.86,Weak
2021,08,43000,Colorado,Lakewood city,With Disability,disability,NA,NA,NA,NA,0.5293,0.4608,0.5978,Weak
2021,08,43000,Colorado,Lakewood city,Without Disability,disability,0.9129,0.8631,0.9627,Weak,0.8696,0.8562,0.883,Weak
2021,08,45970,Colorado,Longmont city,All,all,0.913,0.8618,0.9642,Marginal,0.842,0.8268,0.8571,Marginal
2021,08,45970,Colorado,Longmont city,With Disability,disability,NA,NA,NA,NA,0.5818,0.5092,0.6545,Marginal
2021,08,45970,Colorado,Longmont city,Without Disability,disability,0.9088,0.8538,0.9637,Marginal,0.858,0.8433,0.8727,Marginal
2021,08,46465,Colorado,Loveland city,All,all,0.8706,0.7332,1,Marginal,0.8264,0.8044,0.8484,Marginal
2021,08,46465,Colorado,Loveland city,With Disability,disability,NA,NA,NA,NA,0.567,0.4683,0.6658,Marginal
2021,08,46465,Colorado,Loveland city,Without Disability,disability,0.9223,0.8336,1,Marginal,0.8435,0.8209,0.866,Marginal
2021,08,62000,Colorado,Pueblo city,All,all,0.9038,0.8516,0.9559,Weak,0.7387,0.719,0.7585,Weak
2021,08,62000,Colorado,Pueblo city,With Disability,disability,NA,NA,NA,NA,0.3416,0.2888,0.3945,Weak
2021,08,62000,Colorado,Pueblo city,Without Disability,disability,0.8971,0.8394,0.9547,Weak,0.8047,0.7861,0.8233,Weak
2021,08,77290,Colorado,Thornton city,All,all,0.8855,0.8346,0.9364,Marginal,0.8263,0.8107,0.842,Marginal
2021,08,77290,Colorado,Thornton city,With Disability,disability,NA,NA,NA,NA,0.5818,0.5087,0.6548,Marginal
2021,08,77290,Colorado,Thornton city,Without Disability,disability,0.8806,0.8277,0.9336,Marginal,0.8486,0.8332,0.8641,Marginal
2021,08,83835,Colorado,Westminster city,All,all,0.9221,0.8874,0.9569,Marginal,0.8537,0.8411,0.8664,Marginal
2021,08,83835,Colorado,Westminster city,With Disability,disability,NA,NA,NA,NA,0.5536,0.4827,0.6246,Marginal
2021,08,83835,Colorado,Westminster city,Without Disability,disability,0.9245,0.8878,0.9613,Marginal,0.8781,0.8685,0.8877,Marginal
2021,09,08000,Connecticut,Bridgeport city,All,all,0.877,0.8146,0.9393,Strong,0.7639,0.7417,0.7862,Strong
2021,09,08000,Connecticut,Bridgeport city,With Disability,disability,NA,NA,NA,NA,0.3699,0.294,0.4458,Strong
2021,09,08000,Connecticut,Bridgeport city,Without Disability,disability,0.8751,0.8055,0.9447,Strong,0.8135,0.7931,0.8338,Strong
2021,09,18430,Connecticut,Danbury city,All,all,0.9372,0.8872,0.9871,Marginal,0.8424,0.8243,0.8605,Marginal
2021,09,18430,Connecticut,Danbury city,With Disability,disability,NA,NA,NA,NA,0.5615,0.4643,0.6586,Marginal
2021,09,18430,Connecticut,Danbury city,Without Disability,disability,0.9446,0.8968,0.9925,Marginal,0.8595,0.8407,0.8783,Marginal
2021,09,37000,Connecticut,Hartford city,All,all,0.8507,0.7926,0.9088,Weak,0.7174,0.6908,0.744,Weak
2021,09,37000,Connecticut,Hartford city,With Disability,disability,0.825,0.638,1,Weak,0.3503,0.2745,0.4262,Weak
2021,09,37000,Connecticut,Hartford city,Without Disability,disability,0.8531,0.7918,0.9144,Weak,0.762,0.7348,0.7893,Weak
2021,09,52000,Connecticut,New Haven city,All,all,0.9279,0.8902,0.9656,Strong,0.7464,0.7234,0.7693,Strong
2021,09,52000,Connecticut,New Haven city,With Disability,disability,0.9134,0.7897,1,Strong,0.3734,0.2586,0.4882,Strong
2021,09,52000,Connecticut,New Haven city,Without Disability,disability,0.9294,0.8892,0.9697,Strong,0.7755,0.7511,0.79990000000000006,Strong
2021,09,55990,Connecticut,Norwalk city,All,all,0.9155,0.8472,0.9838,Marginal,0.7811,0.7631,0.799,Marginal
2021,09,55990,Connecticut,Norwalk city,With Disability,disability,NA,NA,NA,NA,0.4993,0.3944,0.6042,Marginal
2021,09,55990,Connecticut,Norwalk city,Without Disability,disability,0.9303,0.8669,0.9938,Marginal,0.7931,0.7755,0.8106,Marginal
2021,09,73000,Connecticut,Stamford city,All,all,0.9683,0.9283,1,Weak,0.8053,0.7874,0.8233,Weak
2021,09,73000,Connecticut,Stamford city,With Disability,disability,NA,NA,NA,NA,0.6164,0.5167,0.7161,Weak
2021,09,73000,Connecticut,Stamford city,Without Disability,disability,0.9675,0.9267,1,Weak,0.8136,0.7954,0.8317,Weak
2021,09,80000,Connecticut,Waterbury city,All,all,0.8604,0.772,0.9488,Marginal,0.7203,0.6912,0.7495,Marginal
2021,09,80000,Connecticut,Waterbury city,With Disability,disability,NA,NA,NA,NA,0.351,0.2606,0.4413,Marginal
2021,09,80000,Connecticut,Waterbury city,Without Disability,disability,0.8563,0.7634,0.9492,Marginal,0.7738,0.7452,0.8025,Marginal
2021,11,50000,District of Columbia,Washington city,All,all,0.938,0.9189,0.9571,Strong,0.8333,0.8249,0.8418,Strong
2021,11,50000,District of Columbia,Washington city,With Disability,disability,0.8135,0.6725,0.9546,Strong,0.4428,0.3966,0.489,Strong
2021,11,50000,District of Columbia,Washington city,Without Disability,disability,0.9469,0.9271,0.9667,Strong,0.8637,0.855,0.8725,Strong
2021,12,07300,Florida,Boca Raton city,All,all,0.9759,0.9438,1,Marginal,0.7708,0.7455,0.7962,Marginal
2021,12,07300,Florida,Boca Raton city,With Disability,disability,NA,NA,NA,NA,0.5368,0.401,0.6726,Marginal
2021,12,07300,Florida,Boca Raton city,Without Disability,disability,0.9747,0.9406,1,Marginal,0.7811,0.7542,0.808,Marginal
2021,12,07875,Florida,Boynton Beach city,All,all,0.7932,0.6979,0.8884,Marginal,0.8201,0.7966,0.8436,Marginal
2021,12,07875,Florida,Boynton Beach city,With Disability,disability,NA,NA,NA,NA,0.5085,0.4065,0.6104,Marginal
2021,12,07875,Florida,Boynton Beach city,Without Disability,disability,0.7992,0.7051,0.8934,Marginal,0.8412,0.8175,0.865,Marginal
2021,12,10275,Florida,Cape Coral city,All,all,0.8269,0.7247,0.9292,Strong,0.8077,0.785,0.8303,Strong
2021,12,10275,Florida,Cape Coral city,With Disability,disability,NA,NA,NA,NA,0.4355,0.3434,0.5275,Strong
2021,12,10275,Florida,Cape Coral city,Without Disability,disability,0.8258,0.7205,0.9311,Strong,0.8413,0.8186,0.8639,Strong
2021,12,12875,Florida,Clearwater city,All,all,0.8398,0.7272,0.9524,Marginal,0.7774,0.7555,0.7993,Marginal
2021,12,12875,Florida,Clearwater city,With Disability,disability,NA,NA,NA,NA,0.4336,0.362,0.5051,Marginal
2021,12,12875,Florida,Clearwater city,Without Disability,disability,0.8865,0.8037,0.9693,Marginal,0.8066,0.7836,0.8297,Marginal
2021,12,14400,Florida,Coral Springs city,All,all,0.9431,0.8962,0.99,Strong,0.8236,0.8042,0.8429,Strong
2021,12,14400,Florida,Coral Springs city,With Disability,disability,NA,NA,NA,NA,0.4664,0.3771,0.5556,Strong
2021,12,14400,Florida,Coral Springs city,Without Disability,disability,0.9474,0.8999,0.9949,Strong,0.8443,0.8252,0.8634,Strong
2021,12,16475,Florida,Davie town,All,all,0.953,0.9124,0.9937,Marginal,0.8074,0.7845,0.8302,Marginal
2021,12,16475,Florida,Davie town,With Disability,disability,NA,NA,NA,NA,0.6319,0.5189,0.7449,Marginal
2021,12,16475,Florida,Davie town,Without Disability,disability,0.9557,0.9141,0.9973,Marginal,0.8181,0.7938,0.8424,Marginal
2021,12,16725,Florida,Deerfield Beach city,All,all,0.8281,0.7352,0.921,Marginal,0.8181,0.7881,0.8481,Marginal
2021,12,16725,Florida,Deerfield Beach city,With Disability,disability,NA,NA,NA,NA,0.5131,0.3917,0.6346,Marginal
2021,12,16725,Florida,Deerfield Beach city,Without Disability,disability,0.8736,0.7938,0.9535,Marginal,0.8351,0.8048,0.8654,Marginal
2021,12,17200,Florida,Deltona city,All,all,0.8593,0.781,0.9376,Marginal,0.7822,0.7633,0.8012,Marginal
2021,12,17200,Florida,Deltona city,With Disability,disability,NA,NA,NA,NA,0.5052,0.4129,0.5976,Marginal
2021,12,17200,Florida,Deltona city,Without Disability,disability,0.8768,0.8022,0.9513,Marginal,0.8138,0.7939,0.8336,Marginal
2021,12,17935,Florida,Doral city,All,all,0.8265,0.7329,0.9201,Marginal,0.8042,0.7863,0.822,Marginal
2021,12,17935,Florida,Doral city,With Disability,disability,NA,NA,NA,NA,0.3676,0.2568,0.4784,Marginal
2021,12,17935,Florida,Doral city,Without Disability,disability,0.8345,0.7452,0.9239,Marginal,0.8157,0.7973,0.834,Marginal
2021,12,24000,Florida,Fort Lauderdale city,All,all,0.8236,0.7452,0.9019,Weak,0.7911,0.7741,0.8081,Weak
2021,12,24000,Florida,Fort Lauderdale city,With Disability,disability,NA,NA,NA,NA,0.472,0.3854,0.5586,Weak
2021,12,24000,Florida,Fort Lauderdale city,Without Disability,disability,0.8504,0.7708,0.9301,Weak,0.8151,0.7964,0.8338,Weak
2021,12,24125,Florida,Fort Myers city,All,all,0.8343,0.7503,0.9183,Marginal,0.7675,0.7422,0.7927,Marginal
2021,12,24125,Florida,Fort Myers city,With Disability,disability,NA,NA,NA,NA,0.3398,0.2543,0.4253,Marginal
2021,12,24125,Florida,Fort Myers city,Without Disability,disability,0.8409,0.757,0.9247,Marginal,0.8045,0.7783,0.8307,Marginal
2021,12,25175,Florida,Gainesville city,All,all,0.9718,0.9485,0.9951,Strong,0.7919,0.768,0.8159,Strong
2021,12,25175,Florida,Gainesville city,With Disability,disability,NA,NA,NA,NA,0.5244,0.4379,0.6109,Strong
2021,12,25175,Florida,Gainesville city,Without Disability,disability,0.9721,0.9481,0.996,Strong,0.8191,0.7952,0.8431,Strong
2021,12,30000,Florida,Hialeah city,All,all,0.8459,0.7908,0.901,Marginal,0.8012,0.783,0.8194,Marginal
2021,12,30000,Florida,Hialeah city,With Disability,disability,NA,NA,NA,NA,0.3395,0.242,0.4371,Marginal
2021,12,30000,Florida,Hialeah city,Without Disability,disability,0.8596,0.8052,0.914,Marginal,0.8289,0.8118,0.8461,Marginal
2021,12,32000,Florida,Hollywood city,All,all,0.8595,0.7959,0.923,Marginal,0.8171,0.8027,0.8316,Marginal
2021,12,32000,Florida,Hollywood city,With Disability,disability,NA,NA,NA,NA,0.4432,0.3686,0.5177,Marginal
2021,12,32000,Florida,Hollywood city,Without Disability,disability,0.8607,0.7957,0.9257,Marginal,0.8431,0.8282,0.8579,Marginal
2021,12,32275,Florida,Homestead city,All,all,0.7637,0.6813,0.8462,Weak,0.7709,0.746,0.7957,Weak
2021,12,32275,Florida,Homestead city,With Disability,disability,NA,NA,NA,NA,0.37,0.2735,0.4665,Weak
2021,12,32275,Florida,Homestead city,Without Disability,disability,0.7647,0.6795,0.8498,Weak,0.8086,0.7888,0.8283,Weak
2021,12,35000,Florida,Jacksonville city,All,all,0.8807,0.85,0.9114,Weak,0.7977,0.7894,0.8059,Weak
2021,12,35000,Florida,Jacksonville city,With Disability,disability,0.7487,0.6069,0.8906,Weak,0.4382,0.4035,0.4728,Weak
2021,12,35000,Florida,Jacksonville city,Without Disability,disability,0.8878,0.8577,0.9179,Weak,0.8327,0.8246,0.8409,Weak
2021,12,36950,Florida,Kissimmee city,All,all,0.8629,0.799,0.9267,Marginal,0.7761,0.7504,0.8018,Marginal
2021,12,36950,Florida,Kissimmee city,With Disability,disability,NA,NA,NA,NA,0.4528,0.3765,0.5291,Marginal
2021,12,36950,Florida,Kissimmee city,Without Disability,disability,0.8753,0.8153,0.9352,Marginal,0.8125,0.7874,0.8376,Marginal
2021,12,38250,Florida,Lakeland city,All,all,0.8946,0.8519,0.9373,Marginal,0.7609,0.7425,0.7793,Marginal
2021,12,38250,Florida,Lakeland city,With Disability,disability,NA,NA,NA,NA,0.3775,0.3172,0.4379,Marginal
2021,12,38250,Florida,Lakeland city,Without Disability,disability,0.9,0.8579,0.9422,Marginal,0.8097,0.7928,0.8265,Marginal
2021,12,39425,Florida,Largo city,All,all,0.8883,0.8093,0.9673,Marginal,0.8161,0.7947,0.8376,Marginal
2021,12,39425,Florida,Largo city,With Disability,disability,NA,NA,NA,NA,0.5883,0.5056,0.6711,Marginal
2021,12,39425,Florida,Largo city,Without Disability,disability,0.8875,0.8037,0.9713,Marginal,0.8429,0.8209,0.865,Marginal
2021,12,43975,Florida,Melbourne city,All,all,0.9223,0.8658,0.9789,Marginal,0.7802,0.758,0.8025,Marginal
2021,12,43975,Florida,Melbourne city,With Disability,disability,NA,NA,NA,NA,0.4249,0.3283,0.5215,Marginal
2021,12,43975,Florida,Melbourne city,Without Disability,disability,0.9295,0.8723,0.9867,Marginal,0.8175,0.7963,0.8387,Marginal
2021,12,45000,Florida,Miami city,All,all,0.8627,0.8177,0.9077,Marginal,0.8039,0.7922,0.8156,Marginal
2021,12,45000,Florida,Miami city,With Disability,disability,NA,NA,NA,NA,0.3953,0.3259,0.4648,Marginal
2021,12,45000,Florida,Miami city,Without Disability,disability,0.8759,0.8318,0.92,Marginal,0.8274,0.8156,0.8392,Marginal
2021,12,45025,Florida,Miami Beach city,All,all,0.864,0.7111,1,Marginal,0.8156,0.7965,0.8347,Marginal
2021,12,45025,Florida,Miami Beach city,With Disability,disability,NA,NA,NA,NA,0.4656,0.3474,0.5838,Marginal
2021,12,45025,Florida,Miami Beach city,Without Disability,disability,0.8675,0.7135,1,Marginal,0.8269,0.8082,0.8455,Marginal
2021,12,45060,Florida,Miami Gardens city,All,all,0.9203,0.8811,0.9596,Marginal,0.763,0.7391,0.7868,Marginal
2021,12,45060,Florida,Miami Gardens city,With Disability,disability,NA,NA,NA,NA,0.352,0.2429,0.461,Marginal
2021,12,45060,Florida,Miami Gardens city,Without Disability,disability,0.9209,0.8807,0.9612,Marginal,0.7959,0.773,0.8188,Marginal
2021,12,45975,Florida,Miramar city,All,all,0.8811,0.824,0.9383,Marginal,0.8398,0.8228,0.8568,Marginal
2021,12,45975,Florida,Miramar city,With Disability,disability,NA,NA,NA,NA,0.4527,0.3495,0.556,Marginal
2021,12,45975,Florida,Miramar city,Without Disability,disability,0.8992,0.8487,0.9497,Marginal,0.8568,0.8398,0.8738,Marginal
2021,12,49675,Florida,North Port city,All,all,0.7855,0.6682,0.9028,Weak,0.8347,0.8055,0.8638,Weak
2021,12,49675,Florida,North Port city,With Disability,disability,NA,NA,NA,NA,0.4596,0.3443,0.5749,Weak
2021,12,49675,Florida,North Port city,Without Disability,disability,NA,NA,NA,NA,0.8702,0.8436,0.8969,Weak
2021,12,53000,Florida,Orlando city,All,all,0.8366,0.7865,0.8867,Weak,0.8122,0.8021,0.8223,Weak
2021,12,53000,Florida,Orlando city,With Disability,disability,NA,NA,NA,NA,0.466,0.4176,0.5145,Weak
2021,12,53000,Florida,Orlando city,Without Disability,disability,0.8577,0.8143,0.901,Weak,0.8433,0.8332,0.8534,Weak
2021,12,54000,Florida,Palm Bay city,All,all,0.8261,0.7275,0.9247,Strong,0.752,0.7235,0.7804,Strong
2021,12,54000,Florida,Palm Bay city,With Disability,disability,NA,NA,NA,NA,0.3592,0.2654,0.453,Strong
2021,12,54000,Florida,Palm Bay city,Without Disability,disability,0.8855,0.8082,0.9627,Strong,0.7982,0.7716,0.8247,Strong
2021,12,54200,Florida,Palm Coast city,All,all,0.8162,0.7117,0.9207,Marginal,0.7704,0.7432,0.7976,Marginal
2021,12,54200,Florida,Palm Coast city,With Disability,disability,NA,NA,NA,NA,0.3593,0.2624,0.4561,Marginal
2021,12,54200,Florida,Palm Coast city,Without Disability,disability,0.8259,0.7179,0.9339,Marginal,0.811,0.7847,0.8372,Marginal
2021,12,55775,Florida,Pembroke Pines city,All,all,0.9404,0.9074,0.9734,Marginal,0.8271,0.8151,0.8391,Marginal
2021,12,55775,Florida,Pembroke Pines city,With Disability,disability,NA,NA,NA,NA,0.4539,0.3771,0.5308,Marginal
2021,12,55775,Florida,Pembroke Pines city,Without Disability,disability,0.955,0.9292,0.9807,Marginal,0.844,0.8318,0.8562,Marginal
2021,12,57425,Florida,Plantation city,All,all,0.9008,0.8329,0.9687,Marginal,0.8291,0.811,0.8473,Marginal
2021,12,57425,Florida,Plantation city,With Disability,disability,NA,NA,NA,NA,0.4755,0.3742,0.5769,Marginal
2021,12,57425,Florida,Plantation city,Without Disability,disability,0.9183,0.8472,0.9894,Marginal,0.8512,0.8344,0.868,Marginal
2021,12,58050,Florida,Pompano Beach city,All,all,0.798,0.6991,0.897,Marginal,0.8108,0.7885,0.833,Marginal
2021,12,58050,Florida,Pompano Beach city,With Disability,disability,NA,NA,NA,NA,0.5308,0.4289,0.6326,Marginal
2021,12,58050,Florida,Pompano Beach city,Without Disability,disability,0.8251,0.7349,0.9152,Marginal,0.8287,0.8058,0.8515,Marginal
2021,12,58715,Florida,Port St. Lucie city,All,all,0.9014,0.8291,0.9738,Strong,0.8143,0.7934,0.8352,Strong
2021,12,58715,Florida,Port St. Lucie city,With Disability,disability,NA,NA,NA,NA,0.4864,0.3867,0.5861,Strong
2021,12,58715,Florida,Port St. Lucie city,Without Disability,disability,0.8986,0.8241,0.973,Strong,0.8464,0.8253,0.8675,Strong
2021,12,63000,Florida,St. Petersburg city,All,all,0.8869,0.8323,0.9414,Weak,0.8321,0.8195,0.8447,Weak
2021,12,63000,Florida,St. Petersburg city,With Disability,disability,NA,NA,NA,NA,0.5232,0.4605,0.5859,Weak
2021,12,63000,Florida,St. Petersburg city,Without Disability,disability,0.8999,0.8465,0.9532,Weak,0.8585,0.8457,0.8712,Weak
2021,12,69700,Florida,Sunrise city,All,all,0.9074,0.8446,0.9702,Marginal,0.8279,0.8105,0.8452,Marginal
2021,12,69700,Florida,Sunrise city,With Disability,disability,NA,NA,NA,NA,0.4773,0.3797,0.575,Marginal
2021,12,69700,Florida,Sunrise city,Without Disability,disability,0.9239,0.858,0.9897,Marginal,0.8494,0.8333,0.8655,Marginal
2021,12,70600,Florida,Tallahassee city,All,all,0.933,0.9052,0.9607,Strong,0.8297,0.8145,0.845,Strong
2021,12,70600,Florida,Tallahassee city,With Disability,disability,0.7315,0.5437,0.9194,Strong,0.4814,0.4058,0.557,Strong
2021,12,70600,Florida,Tallahassee city,Without Disability,disability,0.9517,0.928,0.9754,Strong,0.8626,0.8468,0.8784,Strong
2021,12,71000,Florida,Tampa city,All,all,0.8979,0.8676,0.9282,Marginal,0.8079,0.7967,0.8191,Marginal
2021,12,71000,Florida,Tampa city,With Disability,disability,0.6223,0.4357,0.8089,Marginal,0.4253,0.3792,0.4714,Marginal
2021,12,71000,Florida,Tampa city,Without Disability,disability,0.9165,0.8854,0.9475,Marginal,0.8411,0.831,0.8513,Marginal
2021,12,76600,Florida,West Palm Beach city,All,all,0.7989,0.7165,0.8813,Marginal,0.7897,0.7718,0.8076,Marginal
2021,12,76600,Florida,West Palm Beach city,With Disability,disability,NA,NA,NA,NA,0.3975,0.3187,0.4763,Marginal
2021,12,76600,Florida,West Palm Beach city,Without Disability,disability,0.7978,0.7141,0.8815,Marginal,0.8204,0.8013,0.8395,Marginal
2021,13,03440,Georgia,Athens-Clarke County unified government (balance),All,all,0.9934,0.9862,1,Marginal,0.7851,0.7634,0.8067,Marginal
2021,13,03440,Georgia,Athens-Clarke County unified government (balance),With Disability,disability,0.9671,0.9096,1,Marginal,0.5004,0.4058,0.5951,Marginal
2021,13,03440,Georgia,Athens-Clarke County unified government (balance),Without Disability,disability,0.9954,0.9889,1,Marginal,0.8153,0.793,0.8377,Marginal
2021,13,04000,Georgia,Atlanta city,All,all,0.9409,0.9197,0.9622,Weak,0.8287,0.815,0.8423,Weak
2021,13,04000,Georgia,Atlanta city,With Disability,disability,NA,NA,NA,NA,0.5001,0.4455,0.5547,Weak
2021,13,04000,Georgia,Atlanta city,Without Disability,disability,0.9452,0.9237,0.9667,Weak,0.8548,0.841,0.8685,Weak
2021,13,04204,Georgia,Augusta-Richmond County consolidated government (balance),All,all,0.8482,0.7632,0.9333,Strong,0.7343,0.7127,0.756,Strong
2021,13,04204,Georgia,Augusta-Richmond County consolidated government (balance),With Disability,disability,NA,NA,NA,NA,0.4607,0.3999,0.5215,Strong
2021,13,04204,Georgia,Augusta-Richmond County consolidated government (balance),Without Disability,disability,0.8397,0.7488,0.9306,Strong,0.7833,0.7601,0.8065,Strong
2021,13,19000,Georgia,Columbus city,All,all,0.9306,0.9011,0.9602,Weak,0.7335,0.7159,0.751,Weak
2021,13,19000,Georgia,Columbus city,With Disability,disability,0.7915,0.6396,0.9434,Weak,0.4124,0.3561,0.4687,Weak
2021,13,19000,Georgia,Columbus city,Without Disability,disability,0.9481,0.9213,0.9748,Weak,0.7832,0.7638,0.8026,Weak
2021,13,42425,Georgia,Johns Creek city,All,all,0.9158,0.8565,0.9751,Marginal,0.8021,0.7794,0.8247,Marginal
2021,13,42425,Georgia,Johns Creek city,With Disability,disability,NA,NA,NA,NA,0.5779,0.3974,0.7584,Marginal
2021,13,42425,Georgia,Johns Creek city,Without Disability,disability,0.9401,0.8818,0.9984,Marginal,0.811,0.7873,0.8348,Marginal
2021,13,49008,Georgia,Macon-Bibb County,All,all,0.8902,0.8311,0.9492,Strong,0.7247,0.7002,0.7492,Strong
2021,13,49008,Georgia,Macon-Bibb County,With Disability,disability,NA,NA,NA,NA,0.3308,0.2654,0.3963,Strong
2021,13,49008,Georgia,Macon-Bibb County,Without Disability,disability,0.9222,0.8773,0.967,Strong,0.7858,0.7608,0.8107,Strong
2021,13,67284,Georgia,Roswell city,All,all,0.8882,0.8005,0.9758,Marginal,0.828,0.8076,0.8483,Marginal
2021,13,67284,Georgia,Roswell city,With Disability,disability,NA,NA,NA,NA,0.6374,0.5181,0.7567,Marginal
2021,13,67284,Georgia,Roswell city,Without Disability,disability,0.9659,0.9298,1,Marginal,0.8381,0.8175,0.8588,Marginal
2021,13,68516,Georgia,Sandy Springs city,All,all,0.9503,0.8655,1,Strong,0.8569,0.8372,0.8767,Strong
2021,13,68516,Georgia,Sandy Springs city,With Disability,disability,NA,NA,NA,NA,0.7652,0.6387,0.8918,Strong
2021,13,68516,Georgia,Sandy Springs city,Without Disability,disability,0.9479,0.8588,1,Strong,0.8597,0.8393,0.8801,Strong
2021,13,69000,Georgia,Savannah city,All,all,0.8746,0.7857,0.9635,Weak,0.7934,0.7765,0.8102,Weak
2021,13,69000,Georgia,Savannah city,With Disability,disability,0.5918,0.2326,0.9509,Weak,0.4548,0.3989,0.5106,Weak
2021,13,69000,Georgia,Savannah city,Without Disability,disability,0.9289,0.8846,0.9733,Weak,0.8319,0.8153,0.8485,Weak
2021,13,72122,Georgia,South Fulton city,All,all,NA,NA,NA,NA,NA,NA,NA,NA
2021,13,72122,Georgia,South Fulton city,With Disability,disability,NA,NA,NA,NA,NA,NA,NA,NA
2021,13,72122,Georgia,South Fulton city,Without Disability,disability,NA,NA,NA,NA,NA,NA,NA,NA
2021,13,80508,Georgia,Warner Robins city,All,all,0.9472,0.8943,1,Marginal,0.8058,0.7827,0.8289,Marginal
2021,13,80508,Georgia,Warner Robins city,With Disability,disability,NA,NA,NA,NA,0.4836,0.3999,0.5673,Marginal
2021,13,80508,Georgia,Warner Robins city,Without Disability,disability,0.964,0.9182,1,Marginal,0.841,0.8158,0.8662,Marginal
2021,15,71550,Hawaii,Urban Honolulu CDP,All,all,0.9344,0.8964,0.9723,Strong,0.8229,0.8121,0.8337,Strong
2021,15,71550,Hawaii,Urban Honolulu CDP,With Disability,disability,NA,NA,NA,NA,0.5261,0.4579,0.5943,Strong
2021,15,71550,Hawaii,Urban Honolulu CDP,Without Disability,disability,0.9352,0.8969,0.9734,Strong,0.8415,0.8306,0.8525,Strong
2021,16,08830,Idaho,Boise City city,All,all,0.912,0.8613,0.9627,Marginal,0.8346,0.8211,0.8481,Marginal
2021,16,08830,Idaho,Boise City city,With Disability,disability,NA,NA,NA,NA,0.5126,0.4533,0.5719,Marginal
2021,16,08830,Idaho,Boise City city,Without Disability,disability,0.9322,0.8882,0.9761,Marginal,0.8614,0.848,0.8748,Marginal
2021,16,52120,Idaho,Meridian city,All,all,0.9074,0.86,0.9547,Weak,0.8283,0.8114,0.8452,Weak
2021,16,52120,Idaho,Meridian city,With Disability,disability,NA,NA,NA,NA,0.5399,0.47,0.6098,Weak
2021,16,52120,Idaho,Meridian city,Without Disability,disability,0.9216,0.8756,0.9676,Weak,0.8594,0.8437,0.8751,Weak
2021,16,56260,Idaho,Nampa city,All,all,0.9157,0.871,0.9604,Marginal,0.8034,0.7826,0.8242,Marginal
2021,16,56260,Idaho,Nampa city,With Disability,disability,NA,NA,NA,NA,0.5384,0.4621,0.6147,Marginal
2021,16,56260,Idaho,Nampa city,Without Disability,disability,0.9329,0.893,0.9727,Marginal,0.8362,0.8172,0.8553,Marginal
2021,17,02154,Illinois,Arlington Heights village,All,all,0.9437,0.898,0.9894,Weak,0.8492,0.8356,0.8628,Weak
2021,17,02154,Illinois,Arlington Heights village,With Disability,disability,NA,NA,NA,NA,0.5414,0.458,0.6248,Weak
2021,17,02154,Illinois,Arlington Heights village,Without Disability,disability,0.9419,0.8949,0.9888,Weak,0.8649,0.8517,0.8781,Weak
2021,17,03012,Illinois,Aurora city,All,all,0.8982,0.8501,0.9462,Marginal,0.8188,0.8049,0.8326,Marginal
2021,17,03012,Illinois,Aurora city,With Disability,disability,NA,NA,NA,NA,0.5054,0.4392,0.5716,Marginal
2021,17,03012,Illinois,Aurora city,Without Disability,disability,0.9056,0.8518,0.9593,Marginal,0.8371,0.8235,0.8508,Marginal
2021,17,06613,Illinois,Bloomington city,All,all,0.9609,0.9372,0.9846,Marginal,0.8387,0.8217,0.8557,Marginal
2021,17,06613,Illinois,Bloomington city,With Disability,disability,NA,NA,NA,NA,0.4808,0.3848,0.5767,Marginal
2021,17,06613,Illinois,Bloomington city,Without Disability,disability,0.9823,0.9684,0.9961,Marginal,0.8586,0.8418,0.8754,Marginal
2021,17,12385,Illinois,Champaign city,All,all,0.9674,0.9428,0.9921,Weak,0.8234,0.8048,0.842,Weak
2021,17,12385,Illinois,Champaign city,With Disability,disability,NA,NA,NA,NA,0.5485,0.4635,0.6334,Weak
2021,17,12385,Illinois,Champaign city,Without Disability,disability,0.97,0.9448,0.9952,Weak,0.842,0.8232,0.8607,Weak
2021,17,14000,Illinois,Chicago city,All,all,0.8963,0.8774,0.9153,Strong,0.7969,0.7922,0.8016,Strong
2021,17,14000,Illinois,Chicago city,With Disability,disability,0.7998,0.7081,0.8914,Strong,0.433,0.4102,0.4558,Strong
2021,17,14000,Illinois,Chicago city,Without Disability,disability,0.9017,0.8824,0.9209,Strong,0.8229,0.8183,0.8275,Strong
2021,17,14351,Illinois,Cicero town,All,all,0.9139,0.8572,0.9706,Marginal,0.8204,0.802,0.8387,Marginal
2021,17,14351,Illinois,Cicero town,With Disability,disability,NA,NA,NA,NA,0.5085,0.4009,0.6161,Marginal
2021,17,14351,Illinois,Cicero town,Without Disability,disability,0.9281,0.8704,0.9858,Marginal,0.8353,0.8173,0.8534,Marginal
2021,17,23074,Illinois,Elgin city,All,all,0.895,0.8356,0.9544,Marginal,0.8255,0.8104,0.8407,Marginal
2021,17,23074,Illinois,Elgin city,With Disability,disability,NA,NA,NA,NA,0.4667,0.3764,0.5571,Marginal
2021,17,23074,Illinois,Elgin city,Without Disability,disability,0.9206,0.8722,0.969,Marginal,0.8441,0.8301,0.8582,Marginal
2021,17,24582,Illinois,Evanston city,All,all,0.9698,0.945,0.9946,Marginal,0.8134,0.7929,0.8339,Marginal
2021,17,24582,Illinois,Evanston city,With Disability,disability,NA,NA,NA,NA,0.5386,0.432,0.6452,Marginal
2021,17,24582,Illinois,Evanston city,Without Disability,disability,0.9734,0.9484,0.9984,Marginal,0.8278,0.8082,0.8475,Marginal
2021,17,38570,Illinois,Joliet city,All,all,0.8964,0.85,0.9429,Marginal,0.8117,0.7957,0.8276,Marginal
2021,17,38570,Illinois,Joliet city,With Disability,disability,NA,NA,NA,NA,0.4813,0.4098,0.5528,Marginal
2021,17,38570,Illinois,Joliet city,Without Disability,disability,0.9011,0.8519,0.9503,Marginal,0.8374,0.8234,0.8513,Marginal
2021,17,51622,Illinois,Naperville city,All,all,0.9504,0.922,0.9788,Marginal,0.8334,0.8224,0.8444,Marginal
2021,17,51622,Illinois,Naperville city,With Disability,disability,NA,NA,NA,NA,0.5563,0.4873,0.6253,Marginal
2021,17,51622,Illinois,Naperville city,Without Disability,disability,0.9576,0.9311,0.9841,Marginal,0.8459,0.8344,0.8574,Marginal
2021,17,59000,Illinois,Peoria city,All,all,0.8977,0.858,0.9373,Weak,0.786,0.7679,0.8041,Weak
2021,17,59000,Illinois,Peoria city,With Disability,disability,NA,NA,NA,NA,0.4418,0.3579,0.5257,Weak
2021,17,59000,Illinois,Peoria city,Without Disability,disability,0.9431,0.9067,0.9795,Weak,0.8165,0.7989,0.8342,Weak
2021,17,65000,Illinois,Rockford city,All,all,0.7757,0.6967,0.8546,Weak,0.7416,0.7224,0.7608,Weak
2021,17,65000,Illinois,Rockford city,With Disability,disability,NA,NA,NA,NA,0.4008,0.3414,0.4602,Weak
2021,17,65000,Illinois,Rockford city,Without Disability,disability,0.779,0.6979,0.8601,Weak,0.7815,0.7628,0.8002,Weak
2021,17,68003,Illinois,Schaumburg village,All,all,0.9715,0.9305,1,Marginal,0.8464,0.8259,0.867,Marginal
2021,17,68003,Illinois,Schaumburg village,With Disability,disability,NA,NA,NA,NA,0.5808,0.4687,0.6929,Marginal
2021,17,68003,Illinois,Schaumburg village,Without Disability,disability,0.9727,0.9301,1,Marginal,0.8575,0.8371,0.8779,Marginal
2021,17,72000,Illinois,Springfield city,All,all,0.8632,0.7924,0.934,Marginal,0.8048,0.7844,0.8253,Marginal
2021,17,72000,Illinois,Springfield city,With Disability,disability,NA,NA,NA,NA,0.4167,0.3495,0.4838,Marginal
2021,17,72000,Illinois,Springfield city,Without Disability,disability,0.9002,0.8278,0.9727,Marginal,0.8491,0.8299,0.8682,Marginal
2021,17,79293,Illinois,Waukegan city,All,all,0.8612,0.7993,0.9232,Marginal,0.778,0.7571,0.7989,Marginal
2021,17,79293,Illinois,Waukegan city,With Disability,disability,NA,NA,NA,NA,0.4978,0.408,0.5877,Marginal
2021,17,79293,Illinois,Waukegan city,Without Disability,disability,0.8788,0.8201,0.9376,Marginal,0.8024,0.7807,0.8242,Marginal
2021,18,05860,Indiana,Bloomington city,All,all,0.9741,0.9538,0.9945,Marginal,0.8139,0.7918,0.836,Marginal
2021,18,05860,Indiana,Bloomington city,With Disability,disability,NA,NA,NA,NA,0.5335,0.4419,0.6252,Marginal
2021,18,05860,Indiana,Bloomington city,Without Disability,disability,0.9856,0.9733,0.9979,Marginal,0.8448,0.8208,0.8687,Marginal
2021,18,10342,Indiana,Carmel city,All,all,0.9097,0.8254,0.994,Marginal,0.8664,0.8473,0.8854,Marginal
2021,18,10342,Indiana,Carmel city,With Disability,disability,NA,NA,NA,NA,0.7829,0.6888,0.877,Marginal
2021,18,10342,Indiana,Carmel city,Without Disability,disability,0.9222,0.8342,1,Marginal,0.8695,0.8498,0.8892,Marginal
2021,18,22000,Indiana,Evansville city,All,all,0.9017,0.8589,0.9445,Weak,0.8084,0.7899,0.8268,Weak
2021,18,22000,Indiana,Evansville city,With Disability,disability,NA,NA,NA,NA,0.4173,0.3377,0.497,Weak
2021,18,22000,Indiana,Evansville city,Without Disability,disability,0.9354,0.8974,0.9734,Weak,0.8578,0.8408,0.8748,Weak
2021,18,23278,Indiana,Fishers city,All,all,0.9328,0.8936,0.972,Marginal,0.8539,0.8374,0.8705,Marginal
2021,18,23278,Indiana,Fishers city,With Disability,disability,NA,NA,NA,NA,0.6236,0.4912,0.756,Marginal
2021,18,23278,Indiana,Fishers city,Without Disability,disability,0.9377,0.8956,0.9798,Marginal,0.8652,0.849,0.8813,Marginal
2021,18,25000,Indiana,Fort Wayne city,All,all,0.8631,0.8189,0.9074,Strong,0.7932,0.779,0.8074,Strong
2021,18,25000,Indiana,Fort Wayne city,With Disability,disability,NA,NA,NA,NA,0.4238,0.3738,0.4739,Strong
2021,18,25000,Indiana,Fort Wayne city,Without Disability,disability,0.8886,0.842,0.9351,Strong,0.8407,0.8271,0.8543,Strong
2021,18,31000,Indiana,Hammond city,All,all,0.9524,0.9202,0.9847,Weak,0.7144,0.6837,0.7452,Weak
2021,18,31000,Indiana,Hammond city,With Disability,disability,NA,NA,NA,NA,0.3547,0.2683,0.441,Weak
2021,18,31000,Indiana,Hammond city,Without Disability,disability,0.9493,0.9146,0.984,Weak,0.7624,0.7326,0.7921,Weak
2021,18,36003,Indiana,Indianapolis city (balance),All,all,0.8732,0.843,0.9034,Strong,0.7915,0.7823,0.8007,Strong
2021,18,36003,Indiana,Indianapolis city (balance),With Disability,disability,0.7582,0.6221,0.8944,Strong,0.4726,0.4326,0.5127,Strong
2021,18,36003,Indiana,Indianapolis city (balance),Without Disability,disability,0.8828,0.8534,0.9123,Strong,0.8282,0.8184,0.8381,Strong
2021,18,71000,Indiana,South Bend city,All,all,0.9389,0.9055,0.9724,Weak,0.7903,0.7698,0.8108,Weak
2021,18,71000,Indiana,South Bend city,With Disability,disability,NA,NA,NA,NA,0.4217,0.353,0.4904,Weak
2021,18,71000,Indiana,South Bend city,Without Disability,disability,0.9373,0.9023,0.9723,Weak,0.8338,0.8136,0.854,Weak
2021,19,12000,Iowa,Cedar Rapids city,All,all,0.9465,0.9067,0.9863,Weak,0.8661,0.8481,0.8841,Weak
2021,19,12000,Iowa,Cedar Rapids city,With Disability,disability,NA,NA,NA,NA,0.5636,0.4785,0.6487,Weak
2021,19,12000,Iowa,Cedar Rapids city,Without Disability,disability,0.9612,0.9245,0.9978,Weak,0.8864,0.8688,0.9041,Weak
2021,19,19000,Iowa,Davenport city,All,all,0.9296,0.8786,0.9805,Weak,0.8384,0.8199,0.857,Weak
2021,19,19000,Iowa,Davenport city,With Disability,disability,NA,NA,NA,NA,0.464,0.3747,0.5533,Weak
2021,19,19000,Iowa,Davenport city,Without Disability,disability,0.9333,0.8813,0.9854,Weak,0.8711,0.8524,0.8899,Weak
2021,19,21000,Iowa,Des Moines city,All,all,0.8246,0.7665,0.8827,Weak,0.8331,0.8128,0.8534,Weak
2021,19,21000,Iowa,Des Moines city,With Disability,disability,NA,NA,NA,NA,0.4745,0.3867,0.5623,Weak
2021,19,21000,Iowa,Des Moines city,Without Disability,disability,0.8435,0.7821,0.9049,Weak,0.8742,0.8556,0.8928,Weak
2021,19,73335,Iowa,Sioux City city,All,all,0.9032,0.8286,0.9779,Marginal,0.8499,0.8273,0.8725,Marginal
2021,19,73335,Iowa,Sioux City city,With Disability,disability,NA,NA,NA,NA,0.4951,0.3936,0.5966,Marginal
2021,19,73335,Iowa,Sioux City city,Without Disability,disability,0.9356,0.8763,0.9949,Marginal,0.8873,0.8655,0.909,Marginal
2021,20,36000,Kansas,Kansas City city,All,all,0.814,0.7279,0.9002,Weak,0.7678,0.7454,0.7903,Weak
2021,20,36000,Kansas,Kansas City city,With Disability,disability,NA,NA,NA,NA,0.4408,0.3535,0.5281,Weak
2021,20,36000,Kansas,Kansas City city,Without Disability,disability,0.8096,0.7225,0.8966,Weak,0.8064,0.7821,0.8306,Weak
2021,20,38900,Kansas,Lawrence city,All,all,0.9799,0.9593,1,Strong,0.8355,0.808,0.8629,Strong
2021,20,38900,Kansas,Lawrence city,With Disability,disability,0.958,0.8759,1,Strong,0.437,0.3282,0.5459,Strong
2021,20,38900,Kansas,Lawrence city,Without Disability,disability,0.9828,0.9616,1,Strong,0.8735,0.8486,0.8985,Strong
2021,20,52575,Kansas,Olathe city,All,all,0.9355,0.8792,0.9918,Marginal,0.8778,0.8633,0.8922,Marginal
2021,20,52575,Kansas,Olathe city,With Disability,disability,NA,NA,NA,NA,0.666,0.5829,0.7492,Marginal
2021,20,52575,Kansas,Olathe city,Without Disability,disability,0.9333,0.8717,0.9948,Marginal,0.894,0.8817,0.9064,Marginal
2021,20,53775,Kansas,Overland Park city,All,all,0.9576,0.9228,0.9924,Marginal,0.8543,0.8412,0.8673,Marginal
2021,20,53775,Kansas,Overland Park city,With Disability,disability,NA,NA,NA,NA,0.5386,0.4538,0.6235,Marginal
2021,20,53775,Kansas,Overland Park city,Without Disability,disability,0.9666,0.9398,0.9935,Marginal,0.8701,0.8586,0.8816,Marginal
2021,20,71000,Kansas,Topeka city,All,all,0.9106,0.8553,0.9659,Weak,0.8217,0.8011,0.8424,Weak
2021,20,71000,Kansas,Topeka city,With Disability,disability,NA,NA,NA,NA,0.4409,0.3649,0.517,Weak
2021,20,71000,Kansas,Topeka city,Without Disability,disability,0.9161,0.8597,0.9726,Weak,0.8636,0.8432,0.8839,Weak
2021,20,79000,Kansas,Wichita city,All,all,0.8936,0.8643,0.9229,Marginal,0.8078,0.7973,0.8183,Marginal
2021,20,79000,Kansas,Wichita city,With Disability,disability,0.6799,0.5244,0.8355,Marginal,0.4973,0.4513,0.5433,Marginal
2021,20,79000,Kansas,Wichita city,Without Disability,disability,0.915,0.888,0.942,Marginal,0.8502,0.8391,0.8613,Marginal
2021,21,46027,Kentucky,Lexington-Fayette urban county,All,all,0.9359,0.9062,0.9655,Strong,0.8425,0.8289,0.856,Strong
2021,21,46027,Kentucky,Lexington-Fayette urban county,With Disability,disability,0.8068,0.6689,0.9446,Strong,0.5145,0.4532,0.5758,Strong
2021,21,46027,Kentucky,Lexington-Fayette urban county,Without Disability,disability,0.9484,0.9216,0.9751,Strong,0.875,0.8623,0.8877,Strong
2021,21,48006,Kentucky,Louisville/Jefferson County metro government (balance),All,all,0.9443,0.92,0.9686,Marginal,0.8249,0.8135,0.8363,Marginal
2021,21,48006,Kentucky,Louisville/Jefferson County metro government (balance),With Disability,disability,NA,NA,NA,NA,0.4531,0.4088,0.4974,Marginal
2021,21,48006,Kentucky,Louisville/Jefferson County metro government (balance),Without Disability,disability,0.9555,0.9308,0.9801,Marginal,0.861,0.8504,0.8715,Marginal
2021,22,05000,Louisiana,Baton Rouge city,All,all,0.9314,0.9042,0.9586,Weak,0.7892,0.7702,0.8081,Weak
2021,22,05000,Louisiana,Baton Rouge city,With Disability,disability,NA,NA,NA,NA,0.5119,0.4462,0.5776,Weak
2021,22,05000,Louisiana,Baton Rouge city,Without Disability,disability,0.9368,0.9104,0.9632,Weak,0.8275,0.809,0.846,Weak
2021,22,40735,Louisiana,Lafayette city,All,all,0.9156,0.8736,0.9576,Marginal,0.8082,0.7867,0.8297,Marginal
2021,22,40735,Louisiana,Lafayette city,With Disability,disability,NA,NA,NA,NA,0.3413,0.2689,0.4136,Marginal
2021,22,40735,Louisiana,Lafayette city,Without Disability,disability,0.9211,0.8784,0.9638,Marginal,0.8452,0.8241,0.8662,Marginal
2021,22,41155,Louisiana,Lake Charles city,All,all,0.9421,0.899,0.9852,Marginal,0.7462,0.7175,0.7749,Marginal
2021,22,41155,Louisiana,Lake Charles city,With Disability,disability,NA,NA,NA,NA,0.3582,0.2787,0.4377,Marginal
2021,22,41155,Louisiana,Lake Charles city,Without Disability,disability,0.958,0.9212,0.9948,Marginal,0.7955,0.7651,0.826,Marginal
2021,22,55000,Louisiana,New Orleans city,All,all,0.9205,0.8837,0.9572,Weak,0.7469,0.7335,0.7602,Weak
2021,22,55000,Louisiana,New Orleans city,With Disability,disability,0.8283,0.6478,1,Weak,0.4104,0.3663,0.4546,Weak
2021,22,55000,Louisiana,New Orleans city,Without Disability,disability,0.9254,0.8896,0.9612,Weak,0.781,0.7676,0.7945,Weak
2021,22,70000,Louisiana,Shreveport city,All,all,0.8471,0.7711,0.9231,Weak,0.7304,0.707,0.7538,Weak
2021,22,70000,Louisiana,Shreveport city,With Disability,disability,NA,NA,NA,NA,0.3683,0.3144,0.4223,Weak
2021,22,70000,Louisiana,Shreveport city,Without Disability,disability,0.8766,0.8069,0.9464,Weak,0.7809,0.7574,0.8045,Weak
2021,24,04000,Maryland,Baltimore city,All,all,0.883,0.8549,0.911,Marginal,0.7712,0.7611,0.7812,Marginal
2021,24,04000,Maryland,Baltimore city,With Disability,disability,0.6698,0.4955,0.8441,Marginal,0.4023,0.362,0.4426,Marginal
2021,24,04000,Maryland,Baltimore city,Without Disability,disability,0.9006,0.873,0.9281,Marginal,0.8188,0.8084,0.8291,Marginal
2021,24,30325,Maryland,Frederick city,All,all,0.9096,0.8434,0.9757,Marginal,0.8399,0.8234,0.8563,Marginal
2021,24,30325,Maryland,Frederick city,With Disability,disability,NA,NA,NA,NA,0.5586,0.4745,0.6428,Marginal
2021,24,30325,Maryland,Frederick city,Without Disability,disability,0.9361,0.8868,0.9855,Marginal,0.8641,0.8478,0.8803,Marginal
2021,25,07000,Massachusetts,Boston city,All,all,0.9487,0.9331,0.9643,Marginal,0.8286,0.8185,0.8388,Marginal
2021,25,07000,Massachusetts,Boston city,With Disability,disability,0.9493,0.9026,0.996,Marginal,0.5008,0.4545,0.5471,Marginal
2021,25,07000,Massachusetts,Boston city,Without Disability,disability,0.9486,0.9323,0.965,Marginal,0.8537,0.844,0.8633,Marginal
2021,25,09000,Massachusetts,Brockton city,All,all,0.9369,0.883,0.9908,Marginal,0.8205,0.8001,0.8408,Marginal
2021,25,09000,Massachusetts,Brockton city,With Disability,disability,NA,NA,NA,NA,0.4249,0.3375,0.5123,Marginal
2021,25,09000,Massachusetts,Brockton city,Without Disability,disability,0.9572,0.918,0.9965,Marginal,0.86240000000000006,0.8424,0.8823,Marginal
2021,25,11000,Massachusetts,Cambridge city,All,all,0.9921,0.9822,1,Weak,0.8234,0.8055,0.8414,Weak
2021,25,11000,Massachusetts,Cambridge city,With Disability,disability,NA,NA,NA,NA,0.4888,0.4018,0.5758,Weak
2021,25,11000,Massachusetts,Cambridge city,Without Disability,disability,0.9956,0.9878,1,Weak,0.8365,0.8172,0.8559,Weak
2021,25,23000,Massachusetts,Fall River city,All,all,0.9085,0.847,0.9701,Marginal,0.7327,0.7026,0.7627,Marginal
2021,25,23000,Massachusetts,Fall River city,With Disability,disability,NA,NA,NA,NA,0.3047,0.2285,0.3809,Marginal
2021,25,23000,Massachusetts,Fall River city,Without Disability,disability,0.9111,0.8456,0.9767,Marginal,0.8125,0.7851,0.8399,Marginal
2021,25,34550,Massachusetts,Lawrence city,All,all,0.8826,0.8274,0.9379,Marginal,0.7969,0.7772,0.8165,Marginal
2021,25,34550,Massachusetts,Lawrence city,With Disability,disability,NA,NA,NA,NA,0.4238,0.353,0.4947,Marginal
2021,25,34550,Massachusetts,Lawrence city,Without Disability,disability,0.8867,0.8318,0.9417,Marginal,0.8356,0.8181,0.853,Marginal
2021,25,37000,Massachusetts,Lowell city,All,all,0.9474,0.9102,0.9846,Weak,0.7952,0.773,0.8173,Weak
2021,25,37000,Massachusetts,Lowell city,With Disability,disability,NA,NA,NA,NA,0.3823,0.2949,0.4697,Weak
2021,25,37000,Massachusetts,Lowell city,Without Disability,disability,0.9535,0.9132,0.9937,Weak,0.8361,0.8156,0.8566,Weak
2021,25,37490,Massachusetts,Lynn city,All,all,0.7983,0.7093,0.8874,Strong,0.8002,0.7722,0.8281,Strong
2021,25,37490,Massachusetts,Lynn city,With Disability,disability,NA,NA,NA,NA,0.4539,0.3263,0.5815,Strong
2021,25,37490,Massachusetts,Lynn city,Without Disability,disability,0.8165,0.7269,0.9062,Strong,0.8352,0.8091,0.8613,Strong
2021,25,45000,Massachusetts,New Bedford city,All,all,0.8048,0.7253,0.8842,Weak,0.7465,0.7237,0.7693,Weak
2021,25,45000,Massachusetts,New Bedford city,With Disability,disability,NA,NA,NA,NA,0.3623,0.2938,0.4308,Weak
2021,25,45000,Massachusetts,New Bedford city,Without Disability,disability,0.8042,0.7219,0.8865,Weak,0.7883,0.7664,0.8103,Weak
2021,25,45560,Massachusetts,Newton city,All,all,0.9778,0.958,0.9977,Marginal,0.8485,0.8325,0.8645,Marginal
2021,25,45560,Massachusetts,Newton city,With Disability,disability,NA,NA,NA,NA,0.5679,0.4284,0.7075,Marginal
2021,25,45560,Massachusetts,Newton city,Without Disability,disability,0.9832,0.9645,1,Marginal,0.8576,0.8419,0.8733,Marginal
2021,25,55745,Massachusetts,Quincy city,All,all,0.9873,0.9628,1,Strong,0.8401,0.8209,0.8594,Strong
2021,25,55745,Massachusetts,Quincy city,With Disability,disability,NA,NA,NA,NA,0.5501,0.4333,0.6669,Strong
2021,25,55745,Massachusetts,Quincy city,Without Disability,disability,0.9866,0.9608,1,Strong,0.8566,0.8384,0.8747,Strong
2021,25,62535,Massachusetts,Somerville city,All,all,0.9778,0.9524,1,Marginal,0.8721,0.857,0.8873,Marginal
2021,25,62535,Massachusetts,Somerville city,With Disability,disability,NA,NA,NA,NA,0.588,0.49370000000000003,0.6823,Marginal
2021,25,62535,Massachusetts,Somerville city,Without Disability,disability,0.9764,0.9494,1,Marginal,0.8845,0.8695,0.8994,Marginal
2021,25,67000,Massachusetts,Springfield city,All,all,0.8912,0.8315,0.9509,Weak,0.6832,0.658,0.7084,Weak
2021,25,67000,Massachusetts,Springfield city,With Disability,disability,NA,NA,NA,NA,0.3004,0.2286,0.3721,Weak
2021,25,67000,Massachusetts,Springfield city,Without Disability,disability,0.9314,0.893,0.9697,Weak,0.7539,0.7299,0.778,Weak
2021,25,82000,Massachusetts,Worcester city,All,all,0.9401,0.9135,0.9668,Weak,0.7581,0.7397,0.7765,Weak
2021,25,82000,Massachusetts,Worcester city,With Disability,disability,0.808,0.671,0.9449,Weak,0.3607,0.3029,0.4185,Weak
2021,25,82000,Massachusetts,Worcester city,Without Disability,disability,0.9533,0.9281,0.9785,Weak,0.8104,0.7939,0.8269,Weak
2021,26,03000,Michigan,Ann Arbor city,All,all,0.9902,0.9728,1,Weak,0.8288,0.803,0.8546,Weak
2021,26,03000,Michigan,Ann Arbor city,With Disability,disability,NA,NA,NA,NA,0.5617,0.4295,0.6939,Weak
2021,26,03000,Michigan,Ann Arbor city,Without Disability,disability,0.992,0.9766,1,Weak,0.8405,0.8152,0.8657,Weak
2021,26,21000,Michigan,Dearborn city,All,all,0.9061,0.8637,0.9484,Weak,0.6755,0.6518,0.6992,Weak
2021,26,21000,Michigan,Dearborn city,With Disability,disability,NA,NA,NA,NA,0.3457,0.2353,0.456,Weak
2021,26,21000,Michigan,Dearborn city,Without Disability,disability,0.9254,0.8835,0.9674,Weak,0.7041,0.681,0.7272,Weak
2021,26,22000,Michigan,Detroit city,All,all,0.821,0.7809,0.861,Strong,0.6237,0.6094,0.638,Strong
2021,26,22000,Michigan,Detroit city,With Disability,disability,0.627,0.4705,0.7836,Strong,0.2757,0.2406,0.3108,Strong
2021,26,22000,Michigan,Detroit city,Without Disability,disability,0.8424,0.803,0.8818,Strong,0.6915,0.6761,0.7069,Strong
2021,26,27440,Michigan,Farmington Hills city,All,all,0.959,0.9017,1,Marginal,0.8277,0.8066,0.8488,Marginal
2021,26,27440,Michigan,Farmington Hills city,With Disability,disability,NA,NA,NA,NA,0.4281,0.3164,0.5398,Marginal
2021,26,27440,Michigan,Farmington Hills city,Without Disability,disability,0.9888,0.9714,1,Marginal,0.86,0.8393,0.8807,Marginal
2021,26,29000,Michigan,Flint city,All,all,0.6786,0.5416,0.8157,Weak,0.5898,0.5544,0.6252,Weak
2021,26,29000,Michigan,Flint city,With Disability,disability,NA,NA,NA,NA,0.2249,0.1588,0.291,Weak
2021,26,29000,Michigan,Flint city,Without Disability,disability,0.7645,0.6401,0.8888,Weak,0.685,0.6494,0.7207,Weak
2021,26,34000,Michigan,Grand Rapids city,All,all,0.8706,0.8129,0.9283,Strong,0.8108,0.7901,0.8316,Strong
2021,26,34000,Michigan,Grand Rapids city,With Disability,disability,NA,NA,NA,NA,0.4522,0.3613,0.5431,Strong
2021,26,34000,Michigan,Grand Rapids city,Without Disability,disability,0.8601,0.799,0.9212,Strong,0.8396,0.8192,0.8601,Strong
2021,26,46000,Michigan,Lansing city,All,all,0.8833,0.8105,0.9562,Weak,0.7731,0.7463,0.7998,Weak
2021,26,46000,Michigan,Lansing city,With Disability,disability,NA,NA,NA,NA,0.4026,0.3141,0.4911,Weak
2021,26,46000,Michigan,Lansing city,Without Disability,disability,0.8813,0.804,0.9586,Weak,0.8345,0.8097,0.8594,Weak
2021,26,49000,Michigan,Livonia city,All,all,0.9335,0.8821,0.9849,Marginal,0.806,0.7831,0.829,Marginal
2021,26,49000,Michigan,Livonia city,With Disability,disability,NA,NA,NA,NA,0.3779,0.2876,0.4682,Marginal
2021,26,49000,Michigan,Livonia city,Without Disability,disability,0.9391,0.883,0.9952,Marginal,0.852,0.8301,0.8738,Marginal
2021,26,69035,Michigan,Rochester Hills city,All,all,0.9849,0.9643,1,Marginal,0.8026,0.7845,0.8207,Marginal
2021,26,69035,Michigan,Rochester Hills city,With Disability,disability,NA,NA,NA,NA,0.5752,0.4579,0.6924,Marginal
2021,26,69035,Michigan,Rochester Hills city,Without Disability,disability,0.9846,0.9635,1,Marginal,0.8136,0.7955,0.8318,Marginal
2021,26,74900,Michigan,Southfield city,All,all,0.959,0.9017,1,Marginal,0.8277,0.8066,0.8488,Marginal
2021,26,74900,Michigan,Southfield city,With Disability,disability,NA,NA,NA,NA,0.4281,0.3164,0.5398,Marginal
2021,26,74900,Michigan,Southfield city,Without Disability,disability,0.9888,0.9714,1,Marginal,0.86,0.8393,0.8807,Marginal
2021,26,76460,Michigan,Sterling Heights city,All,all,0.8812,0.8022,0.9601,Strong,0.7698,0.7422,0.7974,Strong
2021,26,76460,Michigan,Sterling Heights city,With Disability,disability,NA,NA,NA,NA,0.4011,0.2822,0.5199,Strong
2021,26,76460,Michigan,Sterling Heights city,Without Disability,disability,0.9393,0.8792,0.9993,Strong,0.8013,0.7775,0.8251,Strong
2021,26,80700,Michigan,Troy city,All,all,0.9864,0.9653,1,Marginal,0.8026,0.7844,0.8209,Marginal
2021,26,80700,Michigan,Troy city,With Disability,disability,NA,NA,NA,NA,0.5782,0.4578,0.6985,Marginal
2021,26,80700,Michigan,Troy city,Without Disability,disability,0.986,0.9645,1,Marginal,0.8134,0.795,0.8317,Marginal
2021,26,84000,Michigan,Warren city,All,all,0.875,0.8,0.9501,Marginal,0.7729,0.7505,0.7952,Marginal
2021,26,84000,Michigan,Warren city,With Disability,disability,NA,NA,NA,NA,0.4033,0.3299,0.4767,Marginal
2021,26,84000,Michigan,Warren city,Without Disability,disability,0.8667,0.7841,0.9493,Marginal,0.8213,0.8002,0.8424,Marginal
2021,26,86000,Michigan,Westland city,All,all,0.8634,0.7845,0.9422,Marginal,0.7386,0.7136,0.7636,Marginal
2021,26,86000,Michigan,Westland city,With Disability,disability,NA,NA,NA,NA,0.4024,0.3236,0.4811,Marginal
2021,26,86000,Michigan,Westland city,Without Disability,disability,0.9064,0.8502,0.9626,Marginal,0.7943,0.7718,0.8168,Marginal
2021,26,88940,Michigan,Wyoming city,All,all,0.8752,0.7888,0.9616,Marginal,0.8446,0.8233,0.866,Marginal
2021,26,88940,Michigan,Wyoming city,With Disability,disability,NA,NA,NA,NA,0.5888,0.5041,0.6735,Marginal
2021,26,88940,Michigan,Wyoming city,Without Disability,disability,0.8642,0.7696,0.9589,Marginal,0.8727,0.8519,0.8936,Marginal
2021,27,06616,Minnesota,Bloomington city,All,all,0.7899,0.6146,0.9652,Marginal,0.8643,0.8436,0.885,Marginal
2021,27,06616,Minnesota,Bloomington city,With Disability,disability,NA,NA,NA,NA,0.5739,0.4512,0.6966,Marginal
2021,27,06616,Minnesota,Bloomington city,Without Disability,disability,0.7961,0.6152,0.977,Marginal,0.8899,0.8691,0.9107,Marginal
2021,27,07966,Minnesota,Brooklyn Park city,All,all,0.8004,0.6011,0.9997,Marginal,0.8873,0.8604,0.9141,Marginal
2021,27,07966,Minnesota,Brooklyn Park city,With Disability,disability,NA,NA,NA,NA,0.5208,0.3579,0.6838,Marginal
2021,27,07966,Minnesota,Brooklyn Park city,Without Disability,disability,NA,NA,NA,NA,0.9032,0.8763,0.9301,Marginal
2021,27,17000,Minnesota,Duluth city,All,all,0.9573,0.9334,0.9811,Weak,0.8644,0.8421,0.8866,Weak
2021,27,17000,Minnesota,Duluth city,With Disability,disability,NA,NA,NA,NA,0.6023,0.4954,0.7093,Weak
2021,27,17000,Minnesota,Duluth city,Without Disability,disability,0.9583,0.933,0.9835,Weak,0.8918,0.8705,0.9131,Weak
2021,27,43000,Minnesota,Minneapolis city,All,all,0.9266,0.896,0.9571,Marginal,0.8562,0.8443,0.8682,Marginal
2021,27,43000,Minnesota,Minneapolis city,With Disability,disability,0.8577,0.7102,1,Marginal,0.5568,0.4841,0.6295,Marginal
2021,27,43000,Minnesota,Minneapolis city,Without Disability,disability,0.9322,0.902,0.9623,Marginal,0.8819,0.871,0.8929,Marginal
2021,27,51730,Minnesota,Plymouth city,All,all,NA,NA,NA,NA,0.9062,0.8896,0.9227,Marginal
2021,27,51730,Minnesota,Plymouth city,With Disability,disability,NA,NA,NA,NA,NA,NA,NA,NA
2021,27,51730,Minnesota,Plymouth city,Without Disability,disability,NA,NA,NA,NA,0.9127,0.8952,0.9302,Marginal
2021,27,54880,Minnesota,Rochester city,All,all,0.9752,0.9411,1,Marginal,0.8951,0.8773,0.913,Marginal
2021,27,54880,Minnesota,Rochester city,With Disability,disability,NA,NA,NA,NA,0.6407,0.5208,0.7605,Marginal
2021,27,54880,Minnesota,Rochester city,Without Disability,disability,0.9759,0.9423,1,Marginal,0.9124,0.8963,0.9284,Marginal
2021,27,58000,Minnesota,St. Paul city,All,all,0.8939,0.8557,0.9321,Strong,0.8275,0.8123,0.8427,Strong
2021,27,58000,Minnesota,St. Paul city,With Disability,disability,NA,NA,NA,NA,0.4591,0.3877,0.5305,Strong
2021,27,58000,Minnesota,St. Paul city,Without Disability,disability,0.8933,0.8535,0.933,Strong,0.8663,0.8515,0.8812,Strong
2021,27,71428,Minnesota,Woodbury city,All,all,NA,NA,NA,NA,0.8905,0.8698,0.9112,Marginal
2021,27,71428,Minnesota,Woodbury city,With Disability,disability,NA,NA,NA,NA,0.6787,0.5593,0.798,Marginal
2021,27,71428,Minnesota,Woodbury city,Without Disability,disability,NA,NA,NA,NA,0.9025,0.8811,0.9239,Marginal
2021,28,36000,Mississippi,Jackson city,All,all,0.895,0.8522,0.9377,Weak,0.7581,0.7381,0.7781,Weak
2021,28,36000,Mississippi,Jackson city,With Disability,disability,NA,NA,NA,NA,0.3656,0.2758,0.4555,Weak
2021,28,36000,Mississippi,Jackson city,Without Disability,disability,0.8972,0.8534,0.9409,Weak,0.8026,0.7853,0.8198,Weak
2021,29,15670,Missouri,Columbia city,All,all,0.9771,0.9559,0.9983,Marginal,0.8372,0.8167,0.8576,Marginal
2021,29,15670,Missouri,Columbia city,With Disability,disability,NA,NA,NA,NA,0.5044,0.4148,0.594,Marginal
2021,29,15670,Missouri,Columbia city,Without Disability,disability,0.9813,0.9624,1,Marginal,0.8757,0.8573,0.8941,Marginal
2021,29,35000,Missouri,Independence city,All,all,0.9144,0.8665,0.9623,Weak,0.8211,0.8039,0.8383,Weak
2021,29,35000,Missouri,Independence city,With Disability,disability,NA,NA,NA,NA,0.4743,0.4087,0.5398,Weak
2021,29,35000,Missouri,Independence city,Without Disability,disability,0.9368,0.8944,0.9792,Weak,0.8568,0.8406,0.8731,Weak
2021,29,38000,Missouri,Kansas City city,All,all,0.9028,0.8711,0.9346,Strong,0.8236,0.8147,0.8325,Strong
2021,29,38000,Missouri,Kansas City city,With Disability,disability,NA,NA,NA,NA,0.4716,0.4329,0.5103,Strong
2021,29,38000,Missouri,Kansas City city,Without Disability,disability,0.9125,0.882,0.9431,Strong,0.8606,0.8516,0.8697,Strong
2021,29,41348,Missouri,Lee's Summit city,All,all,0.9513,0.901,1,Strong,0.87,0.8455,0.8946,Strong
2021,29,41348,Missouri,Lee's Summit city,With Disability,disability,NA,NA,NA,NA,0.5489,0.3738,0.724,Strong
2021,29,41348,Missouri,Lee's Summit city,Without Disability,disability,0.9534,0.9021,1,Strong,0.8911,0.8679,0.9143,Strong
2021,29,54074,Missouri,O'Fallon city,All,all,0.988,0.9698,1,Marginal,0.8756,0.8635,0.8877,Marginal
2021,29,54074,Missouri,O'Fallon city,With Disability,disability,NA,NA,NA,NA,0.5178,0.4457,0.59,Marginal
2021,29,54074,Missouri,O'Fallon city,Without Disability,disability,0.9872,0.9678,1,Marginal,0.8973,0.886,0.9087,Marginal
2021,29,65000,Missouri,St. Louis city,All,all,0.9463,0.9124,0.9801,Weak,0.8118,0.7981,0.8255,Weak
2021,29,65000,Missouri,St. Louis city,With Disability,disability,NA,NA,NA,NA,0.409,0.3512,0.4668,Weak
2021,29,65000,Missouri,St. Louis city,Without Disability,disability,0.9582,0.9263,0.9902,Weak,0.8581,0.8458,0.8704,Weak
2021,29,70000,Missouri,Springfield city,All,all,0.9191,0.8837,0.9545,Weak,0.7793,0.7578,0.8009,Weak
2021,29,70000,Missouri,Springfield city,With Disability,disability,NA,NA,NA,NA,0.3965,0.3329,0.4601,Weak
2021,29,70000,Missouri,Springfield city,Without Disability,disability,0.9301,0.8949,0.9653,Weak,0.8336,0.8137,0.8535,Weak
2021,30,06550,Montana,Billings city,All,all,0.8494,0.7185,0.9803,Strong,0.8471,0.8177,0.8764,Strong
2021,30,06550,Montana,Billings city,With Disability,disability,NA,NA,NA,NA,0.4478,0.3254,0.5703,Strong
2021,30,06550,Montana,Billings city,Without Disability,disability,0.8461,0.7002,0.992,Strong,0.8907,0.8644,0.917,Strong
2021,31,28000,Nebraska,Lincoln city,All,all,0.9338,0.902,0.9656,Weak,0.8748,0.8609,0.8887,Weak
2021,31,28000,Nebraska,Lincoln city,With Disability,disability,0.8057,0.6052,1,Weak,0.616,0.555,0.677,Weak
2021,31,28000,Nebraska,Lincoln city,Without Disability,disability,0.9422,0.9121,0.9722,Weak,0.8968,0.8845,0.9091,Weak
2021,31,37000,Nebraska,Omaha city,All,all,0.9289,0.8958,0.9619,Weak,0.8448,0.8339,0.8557,Weak
2021,31,37000,Nebraska,Omaha city,With Disability,disability,0.9494,0.884,1,Weak,0.5445,0.4884,0.6006,Weak
2021,31,37000,Nebraska,Omaha city,Without Disability,disability,0.927,0.8921,0.962,Weak,0.872,0.8609,0.8831,Weak
2021,32,31900,Nevada,Henderson city,All,all,0.9306,0.8833,0.978,Strong,0.7896,0.7778,0.8013,Strong
2021,32,31900,Nevada,Henderson city,With Disability,disability,NA,NA,NA,NA,0.5254,0.4736,0.5773,Strong
2021,32,31900,Nevada,Henderson city,Without Disability,disability,0.9332,0.8831,0.9832,Strong,0.8084,0.7958,0.821,Strong
2021,32,40000,Nevada,Las Vegas city,All,all,0.8431,0.8029,0.8832,Marginal,0.7523,0.7422,0.7625,Marginal
2021,32,40000,Nevada,Las Vegas city,With Disability,disability,0.7352,0.5678,0.9027,Marginal,0.4321,0.3871,0.4771,Marginal
2021,32,40000,Nevada,Las Vegas city,Without Disability,disability,0.8523,0.8101,0.8946,Marginal,0.7819,0.7728,0.7909,Marginal
2021,32,51800,Nevada,North Las Vegas city,All,all,0.9099,0.8736,0.9463,Strong,0.7569,0.7399,0.774,Strong
2021,32,51800,Nevada,North Las Vegas city,With Disability,disability,NA,NA,NA,NA,0.4093,0.3516,0.467,Strong
2021,32,51800,Nevada,North Las Vegas city,Without Disability,disability,0.9041,0.8652,0.943,Strong,0.783,0.7658,0.8003,Strong
2021,32,60600,Nevada,Reno city,All,all,0.8965,0.8629,0.9301,Strong,0.8266,0.8126,0.8405,Strong
2021,32,60600,Nevada,Reno city,With Disability,disability,NA,NA,NA,NA,0.5008,0.4382,0.5633,Strong
2021,32,60600,Nevada,Reno city,Without Disability,disability,0.8925,0.8569,0.9281,Strong,0.8535,0.8401,0.8669,Strong
2021,32,68400,Nevada,Sparks city,All,all,0.8933,0.8345,0.9521,Marginal,0.8255,0.8071,0.8439,Marginal
2021,32,68400,Nevada,Sparks city,With Disability,disability,NA,NA,NA,NA,0.5993,0.5171,0.6815,Marginal
2021,32,68400,Nevada,Sparks city,Without Disability,disability,0.9048,0.8436,0.966,Marginal,0.8451,0.8254,0.8648,Marginal
2021,33,45140,New Hampshire,Manchester city,All,all,0.8503,0.7546,0.946,Strong,0.8251,0.8034,0.8467,Strong
2021,33,45140,New Hampshire,Manchester city,With Disability,disability,NA,NA,NA,NA,0.4322,0.3379,0.5264,Strong
2021,33,45140,New Hampshire,Manchester city,Without Disability,disability,0.8768,0.7839,0.9698,Strong,0.8667,0.8457,0.8878,Strong
2021,33,50260,New Hampshire,Nashua city,All,all,0.9362,0.8819,0.9905,Marginal,0.8494,0.8296,0.8692,Marginal
2021,33,50260,New Hampshire,Nashua city,With Disability,disability,NA,NA,NA,NA,0.4989,0.4004,0.5974,Marginal
2021,33,50260,New Hampshire,Nashua city,Without Disability,disability,0.9366,0.8788,0.9945,Marginal,0.8787,0.8592,0.8983,Marginal
2021,34,13690,New Jersey,Clifton city,All,all,0.8821,0.8279,0.9363,Marginal,0.7802,0.7625,0.7979,Marginal
2021,34,13690,New Jersey,Clifton city,With Disability,disability,NA,NA,NA,NA,0.3861,0.3107,0.4614,Marginal
2021,34,13690,New Jersey,Clifton city,Without Disability,disability,0.917,0.875,0.9589,Marginal,0.8005,0.7834,0.8177,Marginal
2021,34,21000,New Jersey,Elizabeth city,All,all,0.902,0.847,0.9571,Weak,0.7915,0.7727,0.8103,Weak
2021,34,21000,New Jersey,Elizabeth city,With Disability,disability,NA,NA,NA,NA,0.3702,0.2754,0.4651,Weak
2021,34,21000,New Jersey,Elizabeth city,Without Disability,disability,0.9159,0.8557,0.9761,Weak,0.8222,0.8033,0.8412,Weak
2021,34,36000,New Jersey,Jersey City city,All,all,0.9174,0.8757,0.9592,Weak,0.8033,0.7895,0.817,Weak
2021,34,36000,New Jersey,Jersey City city,With Disability,disability,NA,NA,NA,NA,0.4265,0.348,0.5049,Weak
2021,34,36000,New Jersey,Jersey City city,Without Disability,disability,0.9115,0.8661,0.9568,Weak,0.82,0.8064,0.8337,Weak
2021,34,51000,New Jersey,Newark city,All,all,0.8583,0.812,0.9047,Weak,0.7229,0.704,0.7418,Weak
2021,34,51000,New Jersey,Newark city,With Disability,disability,NA,NA,NA,NA,0.4298,0.3739,0.4857,Weak
2021,34,51000,New Jersey,Newark city,Without Disability,disability,0.8661,0.814,0.9182,Weak,0.7641,0.7439,0.7843,Weak
2021,34,57000,New Jersey,Paterson city,All,all,0.8669,0.805,0.9287,Marginal,0.7308,0.7083,0.7534,Marginal
2021,34,57000,New Jersey,Paterson city,With Disability,disability,NA,NA,NA,NA,0.354,0.2602,0.4478,Marginal
2021,34,57000,New Jersey,Paterson city,Without Disability,disability,0.8621,0.7981,0.9262,Marginal,0.7488,0.7259,0.7718,Marginal
2021,34,74000,New Jersey,Trenton city,All,all,0.9346,0.892,0.9771,Marginal,0.7042,0.6732,0.7352,Marginal
2021,34,74000,New Jersey,Trenton city,With Disability,disability,NA,NA,NA,NA,0.3376,0.2285,0.4466,Marginal
2021,34,74000,New Jersey,Trenton city,Without Disability,disability,0.9475,0.9082,0.9868,Marginal,0.7536,0.7234,0.7838,Marginal
2021,35,02000,New Mexico,Albuquerque city,All,all,0.8583,0.8237,0.8929,Marginal,0.7822,0.7714,0.793,Marginal
2021,35,02000,New Mexico,Albuquerque city,With Disability,disability,0.8535,0.7354,0.9716,Marginal,0.4316,0.3888,0.4743,Marginal
2021,35,02000,New Mexico,Albuquerque city,Without Disability,disability,0.8588,0.8224,0.8952,Marginal,0.8235,0.8135,0.8335,Marginal
2021,35,39380,New Mexico,Las Cruces city,All,all,0.8836,0.7998,0.9674,Strong,0.7265,0.6955,0.7575,Strong
2021,35,39380,New Mexico,Las Cruces city,With Disability,disability,NA,NA,NA,NA,0.2662,0.1779,0.3544,Strong
2021,35,39380,New Mexico,Las Cruces city,Without Disability,disability,0.8946,0.8053,0.9839,Strong,0.7973,0.7659,0.8286,Strong
2021,35,63460,New Mexico,Rio Rancho city,All,all,0.8558,0.7598,0.9519,Marginal,0.7469,0.7263,0.7676,Marginal
2021,35,63460,New Mexico,Rio Rancho city,With Disability,disability,NA,NA,NA,NA,0.3971,0.3288,0.4654,Marginal
2021,35,63460,New Mexico,Rio Rancho city,Without Disability,disability,0.8795,0.7839,0.9751,Marginal,0.7856,0.765,0.8061,Marginal
2021,35,70500,New Mexico,Santa Fe city,All,all,0.8037,0.7043,0.9031,Marginal,0.7714,0.7488,0.7939,Marginal
2021,35,70500,New Mexico,Santa Fe city,With Disability,disability,NA,NA,NA,NA,0.3203,0.2455,0.395,Marginal
2021,35,70500,New Mexico,Santa Fe city,Without Disability,disability,0.815,0.7161,0.9139,Marginal,0.8178,0.7953,0.8402,Marginal
2021,36,01000,New York,Albany city,All,all,0.9638,0.9397,0.9879,Weak,0.8109,0.7864,0.8355,Weak
2021,36,01000,New York,Albany city,With Disability,disability,1,1,1,Weak,0.4411,0.3572,0.525,Weak
2021,36,01000,New York,Albany city,Without Disability,disability,0.9601,0.9336,0.9867,Weak,0.8573,0.8333,0.8813,Weak
2021,36,11000,New York,Buffalo city,All,all,0.8871,0.8483,0.9259,Marginal,0.7095,0.6893,0.7297,Marginal
2021,36,11000,New York,Buffalo city,With Disability,disability,0.7779,0.6549,0.9009,Marginal,0.3215,0.278,0.365,Marginal
2021,36,11000,New York,Buffalo city,Without Disability,disability,0.9037,0.868,0.9393,Marginal,0.774,0.7523,0.7957,Marginal
2021,36,50617,New York,New Rochelle city,All,all,0.8648,0.8012,0.9283,Marginal,0.8177,0.7942,0.8411,Marginal
2021,36,50617,New York,New Rochelle city,With Disability,disability,NA,NA,NA,NA,0.3955,0.2982,0.4928,Marginal
2021,36,50617,New York,New Rochelle city,Without Disability,disability,0.8678,0.8036,0.932,Marginal,0.8458,0.824,0.8676,Marginal
2021,36,51000,New York,New York city,All,all,0.8783,0.8701,0.8865,Strong,0.776,0.7728,0.7793,Strong
2021,36,51000,New York,New York city,With Disability,disability,0.6628,0.6074,0.7181,Strong,0.4051,0.3904,0.4198,Strong
2021,36,51000,New York,New York city,Without Disability,disability,0.8903,0.8815,0.899,Strong,0.7995,0.7963,0.8028,Strong
2021,36,63000,New York,Rochester city,All,all,0.8793,0.8317,0.9268,Weak,0.7199,0.7028,0.737,Weak
2021,36,63000,New York,Rochester city,With Disability,disability,0.8544,0.7028,1,Weak,0.3499,0.3018,0.398,Weak
2021,36,63000,New York,Rochester city,Without Disability,disability,0.8844,0.8312,0.9377,Weak,0.7932,0.7758,0.8105,Weak
2021,36,73000,New York,Syracuse city,All,all,0.94,0.9143,0.9657,Weak,0.704,0.682,0.7261,Weak
2021,36,73000,New York,Syracuse city,With Disability,disability,0.842,0.6774,1,Weak,0.2775,0.2257,0.3293,Weak
2021,36,73000,New York,Syracuse city,Without Disability,disability,0.9463,0.9196,0.973,Weak,0.7744,0.7495,0.7993,Weak
2021,36,84000,New York,Yonkers city,All,all,0.8523,0.7779,0.9266,Marginal,0.7988,0.7788,0.8188,Marginal
2021,36,84000,New York,Yonkers city,With Disability,disability,NA,NA,NA,NA,0.4589,0.3808,0.5371,Marginal
2021,36,84000,New York,Yonkers city,Without Disability,disability,0.8589,0.7812,0.9365,Marginal,0.8241,0.8046,0.8436,Marginal
2021,37,02140,North Carolina,Asheville city,All,all,0.8685,0.7554,0.9815,Marginal,0.8239,0.7998,0.8481,Marginal
2021,37,02140,North Carolina,Asheville city,With Disability,disability,NA,NA,NA,NA,0.3404,0.2622,0.4187,Marginal
2021,37,02140,North Carolina,Asheville city,Without Disability,disability,0.8616,0.7339,0.9893,Marginal,0.8681,0.8474,0.8887,Marginal
2021,37,10740,North Carolina,Cary town,All,all,0.9239,0.8787,0.9691,Marginal,0.8445,0.832,0.857,Marginal
2021,37,10740,North Carolina,Cary town,With Disability,disability,NA,NA,NA,NA,0.6387,0.5469,0.7305,Marginal
2021,37,10740,North Carolina,Cary town,Without Disability,disability,0.9286,0.8827,0.9745,Marginal,0.8536,0.8406,0.8667,Marginal
2021,37,12000,North Carolina,Charlotte city,All,all,0.8819,0.8497,0.9141,Marginal,0.8337,0.8245,0.843,Marginal
2021,37,12000,North Carolina,Charlotte city,With Disability,disability,0.5832,0.3924,0.774,Marginal,0.442,0.3898,0.4942,Marginal
2021,37,12000,North Carolina,Charlotte city,Without Disability,disability,0.9074,0.8789,0.9358,Marginal,0.854,0.8464,0.8615,Marginal
2021,37,14100,North Carolina,Concord city,All,all,0.8948,0.8225,0.9672,Marginal,0.8419,0.8228,0.861,Marginal
2021,37,14100,North Carolina,Concord city,With Disability,disability,NA,NA,NA,NA,0.5305,0.4252,0.6358,Marginal
2021,37,14100,North Carolina,Concord city,Without Disability,disability,0.8885,0.7988,0.9782,Marginal,0.8651,0.8476,0.8826,Marginal
2021,37,19000,North Carolina,Durham city,All,all,0.9321,0.8896,0.9745,Weak,0.8368,0.8255,0.848,Weak
2021,37,19000,North Carolina,Durham city,With Disability,disability,NA,NA,NA,NA,0.4959,0.4109,0.5808,Weak
2021,37,19000,North Carolina,Durham city,Without Disability,disability,0.9321,0.8879,0.9763,Weak,0.8572,0.8463,0.8681,Weak
2021,37,22920,North Carolina,Fayetteville city,All,all,0.8787,0.8393,0.9181,Strong,0.7526,0.7399,0.7653,Strong
2021,37,22920,North Carolina,Fayetteville city,With Disability,disability,NA,NA,NA,NA,0.4297,0.3953,0.464,Strong
2021,37,22920,North Carolina,Fayetteville city,Without Disability,disability,0.8893,0.8475,0.9312,Strong,0.7989,0.785,0.8128,Strong
2021,37,25580,North Carolina,Gastonia city,All,all,0.8862,0.8343,0.9381,Marginal,0.7996,0.779,0.8202,Marginal
2021,37,25580,North Carolina,Gastonia city,With Disability,disability,NA,NA,NA,NA,0.4074,0.336,0.4788,Marginal
2021,37,25580,North Carolina,Gastonia city,Without Disability,disability,0.8994,0.8448,0.9539,Marginal,0.8471,0.8279,0.8662,Marginal
2021,37,28000,North Carolina,Greensboro city,All,all,0.9361,0.9097,0.9624,Marginal,0.8034,0.7898,0.817,Marginal
2021,37,28000,North Carolina,Greensboro city,With Disability,disability,0.7502,0.5492,0.9512,Marginal,0.474,0.4197,0.5283,Marginal
2021,37,28000,North Carolina,Greensboro city,Without Disability,disability,0.9537,0.9357,0.9717,Marginal,0.8272,0.8138,0.8406,Marginal
2021,37,28080,North Carolina,Greenville city,All,all,0.9373,0.9035,0.9712,Marginal,0.7917,0.769,0.8143,Marginal
2021,37,28080,North Carolina,Greenville city,With Disability,disability,NA,NA,NA,NA,0.5064,0.4224,0.5903,Marginal
2021,37,28080,North Carolina,Greenville city,Without Disability,disability,0.9386,0.9056,0.9717,Marginal,0.8243,0.8016,0.8471,Marginal
2021,37,31400,North Carolina,High Point city,All,all,0.8703,0.8043,0.9363,Marginal,0.7965,0.7774,0.8156,Marginal
2021,37,31400,North Carolina,High Point city,With Disability,disability,NA,NA,NA,NA,0.3236,0.2489,0.3983,Marginal
2021,37,31400,North Carolina,High Point city,Without Disability,disability,0.8798,0.8122,0.9473,Marginal,0.8371,0.8199,0.8542,Marginal
2021,37,55000,North Carolina,Raleigh city,All,all,0.9391,0.9163,0.9618,Weak,0.8406,0.8307,0.8504,Weak
2021,37,55000,North Carolina,Raleigh city,With Disability,disability,0.7803,0.618,0.9426,Weak,0.5616,0.5154,0.6078,Weak
2021,37,55000,North Carolina,Raleigh city,Without Disability,disability,0.9466,0.9231,0.97,Weak,0.8589,0.85,0.8679,Weak
2021,37,74440,North Carolina,Wilmington city,All,all,0.9744,0.9488,0.9999,Marginal,0.8221,0.8007,0.8435,Marginal
2021,37,74440,North Carolina,Wilmington city,With Disability,disability,NA,NA,NA,NA,0.429,0.3276,0.5305,Marginal
2021,37,74440,North Carolina,Wilmington city,Without Disability,disability,0.9788,0.9521,1,Marginal,0.8629,0.8436,0.8822,Marginal
2021,37,75000,North Carolina,Winston-Salem city,All,all,0.889,0.8466,0.9315,Weak,0.7889,0.7699,0.808,Weak
2021,37,75000,North Carolina,Winston-Salem city,With Disability,disability,NA,NA,NA,NA,0.4234,0.3398,0.5069,Weak
2021,37,75000,North Carolina,Winston-Salem city,Without Disability,disability,0.9022,0.8612,0.9432,Weak,0.8211,0.8025,0.8398,Weak
2021,38,25700,North Dakota,Fargo city,All,all,0.9538,0.9213,0.9863,Marginal,0.9076,0.8903,0.925,Marginal
2021,38,25700,North Dakota,Fargo city,With Disability,disability,NA,NA,NA,NA,0.6635,0.5488,0.7782,Marginal
2021,38,25700,North Dakota,Fargo city,Without Disability,disability,0.9625,0.9332,0.9919,Marginal,0.9232,0.9086,0.9377,Marginal
2021,39,01000,Ohio,Akron city,All,all,0.9144,0.861,0.9679,Weak,0.7637,0.7443,0.7831,Weak
2021,39,01000,Ohio,Akron city,With Disability,disability,NA,NA,NA,NA,0.3537,0.2983,0.4092,Weak
2021,39,01000,Ohio,Akron city,Without Disability,disability,0.9308,0.8899,0.9718,Weak,0.8252,0.8049,0.8456,Weak
2021,39,15000,Ohio,Cincinnati city,All,all,0.9087,0.8658,0.9515,Marginal,0.7858,0.771,0.8006,Marginal
2021,39,15000,Ohio,Cincinnati city,With Disability,disability,0.867,0.7188,1,Marginal,0.4038,0.3525,0.4551,Marginal
2021,39,15000,Ohio,Cincinnati city,Without Disability,disability,0.9112,0.8655,0.9569,Marginal,0.8293,0.8135,0.8451,Marginal
2021,39,16000,Ohio,Cleveland city,All,all,0.8732,0.834,0.9124,Weak,0.6899,0.6739,0.7059,Weak
2021,39,16000,Ohio,Cleveland city,With Disability,disability,0.8166,0.6912,0.942,Weak,0.3731,0.3256,0.4205,Weak
2021,39,16000,Ohio,Cleveland city,Without Disability,disability,0.8816,0.8379,0.9252,Weak,0.7449,0.729,0.7608,Weak
2021,39,18000,Ohio,Columbus city,All,all,0.9044,0.8775,0.9314,Marginal,0.8153,0.8071,0.8235,Marginal
2021,39,18000,Ohio,Columbus city,With Disability,disability,0.7686,0.6772,0.8601,Marginal,0.4976,0.4666,0.5287,Marginal
2021,39,18000,Ohio,Columbus city,Without Disability,disability,0.9155,0.8892,0.9417,Marginal,0.8451,0.8373,0.8528,Marginal
2021,39,21000,Ohio,Dayton city,All,all,0.9377,0.9044,0.9711,Weak,0.7297,0.706,0.7534,Weak
2021,39,21000,Ohio,Dayton city,With Disability,disability,NA,NA,NA,NA,0.4359,0.3694,0.5025,Weak
2021,39,21000,Ohio,Dayton city,Without Disability,disability,0.9427,0.9089,0.9765,Weak,0.7793,0.7554,0.8032,Weak
2021,39,61000,Ohio,Parma city,All,all,0.9555,0.9188,0.9923,Weak,0.8262,0.8095,0.8428,Weak
2021,39,61000,Ohio,Parma city,With Disability,disability,NA,NA,NA,NA,0.548,0.4602,0.6358,Weak
2021,39,61000,Ohio,Parma city,Without Disability,disability,0.9595,0.9228,0.9961,Weak,0.8582,0.8398,0.8766,Weak
2021,39,77000,Ohio,Toledo city,All,all,0.8766,0.8339,0.9192,Weak,0.7384,0.7221,0.7547,Weak
2021,39,77000,Ohio,Toledo city,With Disability,disability,0.5755,0.3974,0.7535,Weak,0.3949,0.3428,0.4469,Weak
2021,39,77000,Ohio,Toledo city,Without Disability,disability,0.9058,0.8672,0.9444,Weak,0.7947,0.7771,0.8124,Weak
2021,40,09050,Oklahoma,Broken Arrow city,All,all,0.8628,0.8151,0.9105,Marginal,0.8077,0.795,0.8204,Marginal
2021,40,09050,Oklahoma,Broken Arrow city,With Disability,disability,NA,NA,NA,NA,0.4905,0.4333,0.5476,Marginal
2021,40,09050,Oklahoma,Broken Arrow city,Without Disability,disability,0.8606,0.8113,0.9098,Marginal,0.8368,0.8256,0.848,Marginal
2021,40,23200,Oklahoma,Edmond city,All,all,0.9426,0.8969,0.9882,Marginal,0.829,0.8051,0.8529,Marginal
2021,40,23200,Oklahoma,Edmond city,With Disability,disability,NA,NA,NA,NA,0.4961,0.3618,0.6304,Marginal
2021,40,23200,Oklahoma,Edmond city,Without Disability,disability,0.9321,0.8778,0.9864,Marginal,0.8508,0.8264,0.8753,Marginal
2021,40,41850,Oklahoma,Lawton city,All,all,0.9247,0.8702,0.9791,Strong,0.7376,0.7047,0.7705,Strong
2021,40,41850,Oklahoma,Lawton city,With Disability,disability,NA,NA,NA,NA,0.3858,0.3001,0.4715,Strong
2021,40,41850,Oklahoma,Lawton city,Without Disability,disability,0.9682,0.9336,1,Strong,0.813,0.7804,0.8457,Strong
2021,40,52500,Oklahoma,Norman city,All,all,0.9632,0.944,0.9824,Marginal,0.8207,0.8032,0.8382,Marginal
2021,40,52500,Oklahoma,Norman city,With Disability,disability,NA,NA,NA,NA,0.5468,0.4778,0.6158,Marginal
2021,40,52500,Oklahoma,Norman city,Without Disability,disability,0.9627,0.9424,0.9829,Marginal,0.8523,0.8353,0.8692,Marginal
2021,40,55000,Oklahoma,Oklahoma City city,All,all,0.8724,0.8448,0.9,Weak,0.7955,0.7825,0.8084,Weak
2021,40,55000,Oklahoma,Oklahoma City city,With Disability,disability,0.7206,0.5924,0.8487,Weak,0.4744,0.4336,0.5151,Weak
2021,40,55000,Oklahoma,Oklahoma City city,Without Disability,disability,0.8829,0.853,0.9128,Weak,0.8319,0.8191,0.8447,Weak
2021,40,75000,Oklahoma,Tulsa city,All,all,0.882,0.8562,0.9079,Weak,0.7913,0.783,0.7995,Weak
2021,40,75000,Oklahoma,Tulsa city,With Disability,disability,0.812,0.681,0.9431,Weak,0.4533,0.4228,0.4837,Weak
2021,40,75000,Oklahoma,Tulsa city,Without Disability,disability,0.8902,0.8621,0.9184,Weak,0.8269,0.8183,0.8355,Weak
2021,41,05350,Oregon,Beaverton city,All,all,0.9257,0.8854,0.9661,Marginal,0.8321,0.8165,0.8476,Marginal
2021,41,05350,Oregon,Beaverton city,With Disability,disability,NA,NA,NA,NA,0.5551,0.4841,0.6261,Marginal
2021,41,05350,Oregon,Beaverton city,Without Disability,disability,0.9325,0.8928,0.9721,Marginal,0.856,0.8418,0.8702,Marginal
2021,41,05800,Oregon,Bend city,All,all,0.8353,0.7354,0.9353,Marginal,0.8189,0.7986,0.8392,Marginal
2021,41,05800,Oregon,Bend city,With Disability,disability,NA,NA,NA,NA,0.5376,0.4477,0.6276,Marginal
2021,41,05800,Oregon,Bend city,Without Disability,disability,0.826,0.7139,0.9382,Marginal,0.8414,0.823,0.8597,Marginal
2021,41,23850,Oregon,Eugene city,All,all,0.9474,0.922,0.9728,Marginal,0.7964,0.7812,0.8117,Marginal
2021,41,23850,Oregon,Eugene city,With Disability,disability,0.8423,0.7238,0.9607,Marginal,0.5373,0.4733,0.6013,Marginal
2021,41,23850,Oregon,Eugene city,Without Disability,disability,0.9582,0.9336,0.9827,Marginal,0.8311,0.8165,0.8458,Marginal
2021,41,31250,Oregon,Gresham city,All,all,0.8956,0.8388,0.9524,Marginal,0.7983,0.7799,0.8168,Marginal
2021,41,31250,Oregon,Gresham city,With Disability,disability,NA,NA,NA,NA,0.4459,0.3739,0.518,Marginal
2021,41,31250,Oregon,Gresham city,Without Disability,disability,0.8947,0.834,0.9553,Marginal,0.8386,0.8192,0.858,Marginal
2021,41,34100,Oregon,Hillsboro city,All,all,0.92490000000000006,0.8646,0.9852,Strong,0.8159,0.7949,0.8369,Strong
2021,41,34100,Oregon,Hillsboro city,With Disability,disability,NA,NA,NA,NA,0.4817,0.3983,0.565,Strong
2021,41,34100,Oregon,Hillsboro city,Without Disability,disability,0.9198,0.852,0.9877,Strong,0.8407,0.8204,0.861,Strong
2021,41,47000,Oregon,Medford city,All,all,0.7837,0.6769,0.8906,Marginal,0.7883,0.7593,0.8173,Marginal
2021,41,47000,Oregon,Medford city,With Disability,disability,NA,NA,NA,NA,0.3792,0.2979,0.4605,Marginal
2021,41,47000,Oregon,Medford city,Without Disability,disability,0.7459,0.622,0.8697,Marginal,0.8279,0.7993,0.8565,Marginal
2021,41,59000,Oregon,Portland city,All,all,0.9299,0.9027,0.9571,Marginal,0.8333,0.8261,0.8406,Marginal
2021,41,59000,Oregon,Portland city,With Disability,disability,0.9396,0.8634,1,Marginal,0.5171,0.4783,0.5559,Marginal
2021,41,59000,Oregon,Portland city,Without Disability,disability,0.929,0.8996,0.9584,Marginal,0.8606,0.8544,0.8668,Marginal
2021,41,64900,Oregon,Salem city,All,all,0.9138,0.8787,0.9489,Marginal,0.7873,0.7719,0.8027,Marginal
2021,41,64900,Oregon,Salem city,With Disability,disability,0.757,0.5379,0.9761,Marginal,0.4629,0.3963,0.5295,Marginal
2021,41,64900,Oregon,Salem city,Without Disability,disability,0.9286,0.891,0.9662,Marginal,0.8287,0.8135,0.8439,Marginal
2021,42,02000,Pennsylvania,Allentown city,All,all,0.9111,0.8457,0.9765,Weak,0.7222,0.6906,0.7538,Weak
2021,42,02000,Pennsylvania,Allentown city,With Disability,disability,NA,NA,NA,NA,0.4241,0.3399,0.5082,Weak
2021,42,02000,Pennsylvania,Allentown city,Without Disability,disability,0.9141,0.8399,0.9882,Weak,0.7691,0.7361,0.802,Weak
2021,42,06088,Pennsylvania,Bethlehem city,All,all,0.9619,0.9388,0.985,Marginal,0.8053,0.7851,0.8255,Marginal
2021,42,06088,Pennsylvania,Bethlehem city,With Disability,disability,NA,NA,NA,NA,0.3838,0.303,0.4647,Marginal
2021,42,06088,Pennsylvania,Bethlehem city,Without Disability,disability,0.9688,0.9448,0.9927,Marginal,0.8453,0.8244,0.8662,Marginal
2021,42,24000,Pennsylvania,Erie city,All,all,0.8533,0.7866,0.92,Weak,0.7402,0.7089,0.7715,Weak
2021,42,24000,Pennsylvania,Erie city,With Disability,disability,NA,NA,NA,NA,0.3751,0.2974,0.4528,Weak
2021,42,24000,Pennsylvania,Erie city,Without Disability,disability,0.9099,0.8465,0.9732,Weak,0.8121,0.7855,0.8386,Weak
2021,42,60000,Pennsylvania,Philadelphia city,All,all,0.8857,0.8614,0.9099,Strong,0.744,0.7357,0.7522,Strong
2021,42,60000,Pennsylvania,Philadelphia city,With Disability,disability,0.7113,0.5857,0.8368,Strong,0.3783,0.3448,0.4118,Strong
2021,42,60000,Pennsylvania,Philadelphia city,Without Disability,disability,0.9045,0.8787,0.9302,Strong,0.7938,0.7852,0.8023,Strong
2021,42,61000,Pennsylvania,Pittsburgh city,All,all,0.9366,0.9143,0.9589,Marginal,0.8102,0.7949,0.8255,Marginal
2021,42,61000,Pennsylvania,Pittsburgh city,With Disability,disability,0.8691,0.7439,0.9942,Marginal,0.4221,0.3667,0.4775,Marginal
2021,42,61000,Pennsylvania,Pittsburgh city,Without Disability,disability,0.9425,0.9208,0.9642,Marginal,0.85,0.8365,0.8635,Marginal
2021,42,63624,Pennsylvania,Reading city,All,all,0.81,0.7391,0.8809,Marginal,0.7185,0.6921,0.7448,Marginal
2021,42,63624,Pennsylvania,Reading city,With Disability,disability,NA,NA,NA,NA,0.3838,0.301,0.4666,Marginal
2021,42,63624,Pennsylvania,Reading city,Without Disability,disability,0.8394,0.7647,0.9142,Marginal,0.771,0.7461,0.7958,Marginal
2021,42,69000,Pennsylvania,Scranton city,All,all,0.9102,0.8579,0.9624,Weak,0.8089,0.7822,0.8356,Weak
2021,42,69000,Pennsylvania,Scranton city,With Disability,disability,NA,NA,NA,NA,0.5571,0.47,0.6442,Weak
2021,42,69000,Pennsylvania,Scranton city,Without Disability,disability,0.9089,0.8544,0.9634,Weak,0.8442,0.817,0.8715,Weak
2021,44,19180,Rhode Island,Cranston city,All,all,0.9673,0.9293,1,Marginal,0.8089,0.7846,0.8331,Marginal
2021,44,19180,Rhode Island,Cranston city,With Disability,disability,NA,NA,NA,NA,0.4163,0.3198,0.5129,Marginal
2021,44,19180,Rhode Island,Cranston city,Without Disability,disability,0.9649,0.924,1,Marginal,0.8501,0.8271,0.873,Marginal
2021,44,54640,Rhode Island,Pawtucket city,All,all,0.8454,0.7689,0.9219,Marginal,0.8095,0.7899,0.829,Marginal
2021,44,54640,Rhode Island,Pawtucket city,With Disability,disability,NA,NA,NA,NA,0.4601,0.3933,0.5269,Marginal
2021,44,54640,Rhode Island,Pawtucket city,Without Disability,disability,0.8803,0.806,0.9545,Marginal,0.8524,0.8349,0.8698,Marginal
2021,44,59000,Rhode Island,Providence city,All,all,0.9732,0.9549,0.9916,Weak,0.7627,0.7414,0.7841,Weak
2021,44,59000,Rhode Island,Providence city,With Disability,disability,0.9477,0.8681,1,Weak,0.345,0.2721,0.4179,Weak
2021,44,59000,Rhode Island,Providence city,Without Disability,disability,0.9768,0.9593,0.9943,Weak,0.8126,0.7907,0.8345,Weak
2021,44,74300,Rhode Island,Warwick city,All,all,0.9415,0.9085,0.9744,Marginal,0.8339,0.8165,0.8514,Marginal
2021,44,74300,Rhode Island,Warwick city,With Disability,disability,NA,NA,NA,NA,0.4734,0.3886,0.5581,Marginal
2021,44,74300,Rhode Island,Warwick city,Without Disability,disability,0.9494,0.9134,0.9853,Marginal,0.8797,0.8632,0.8962,Marginal
2021,45,13330,South Carolina,Charleston city,All,all,0.974,0.9517,0.9963,Marginal,0.8609,0.8467,0.8752,Marginal
2021,45,13330,South Carolina,Charleston city,With Disability,disability,NA,NA,NA,NA,0.4918,0.3953,0.5883,Marginal
2021,45,13330,South Carolina,Charleston city,Without Disability,disability,0.9738,0.9513,0.9963,Marginal,0.8858,0.8727,0.8989,Marginal
2021,45,16000,South Carolina,Columbia city,All,all,0.9519,0.9253,0.9786,Weak,0.8076,0.7921,0.8231,Weak
2021,45,16000,South Carolina,Columbia city,With Disability,disability,NA,NA,NA,NA,0.4869,0.4326,0.5412,Weak
2021,45,16000,South Carolina,Columbia city,Without Disability,disability,0.9617,0.9409,0.9825,Weak,0.8437,0.8286,0.8589,Weak
2021,45,48535,South Carolina,Mount Pleasant town,All,all,0.9019,0.8389,0.965,Marginal,0.8241,0.803,0.8453,Marginal
2021,45,48535,South Carolina,Mount Pleasant town,With Disability,disability,NA,NA,NA,NA,0.4539,0.3562,0.5515,Marginal
2021,45,48535,South Carolina,Mount Pleasant town,Without Disability,disability,0.9332,0.8821,0.9842,Marginal,0.8463,0.8243,0.8683,Marginal
2021,45,50875,South Carolina,North Charleston city,All,all,0.9085,0.8419,0.9752,Marginal,0.8198,0.8025,0.8371,Marginal
2021,45,50875,South Carolina,North Charleston city,With Disability,disability,NA,NA,NA,NA,0.5244,0.4612,0.5876,Marginal
2021,45,50875,South Carolina,North Charleston city,Without Disability,disability,0.9125,0.8443,0.9807,Marginal,0.8421,0.8237,0.8605,Marginal
2021,46,59020,South Dakota,Sioux Falls city,All,all,0.8503,0.7777,0.9229,Strong,0.8801,0.8625,0.8977,Strong
2021,46,59020,South Dakota,Sioux Falls city,With Disability,disability,NA,NA,NA,NA,0.5209,0.4233,0.6186,Strong
2021,46,59020,South Dakota,Sioux Falls city,Without Disability,disability,0.8711,0.8069,0.9354,Strong,0.9083,0.8929,0.9236,Strong
2021,47,14000,Tennessee,Chattanooga city,All,all,0.8794,0.8303,0.9286,Weak,0.8065,0.7896,0.8233,Weak
2021,47,14000,Tennessee,Chattanooga city,With Disability,disability,NA,NA,NA,NA,0.4159,0.3624,0.4693,Weak
2021,47,14000,Tennessee,Chattanooga city,Without Disability,disability,0.8947,0.8448,0.9447,Weak,0.8506,0.8367,0.8645,Weak
2021,47,15160,Tennessee,Clarksville city,All,all,0.9345,0.897,0.9721,Marginal,0.754,0.7356,0.7724,Marginal
2021,47,15160,Tennessee,Clarksville city,With Disability,disability,NA,NA,NA,NA,0.4625,0.4031,0.522,Marginal
2021,47,15160,Tennessee,Clarksville city,Without Disability,disability,0.9397,0.8997,0.9796,Marginal,0.8011,0.7815,0.8207,Marginal
2021,47,27740,Tennessee,Franklin city,All,all,0.9458,0.9005,0.9911,Weak,0.8302,0.8146,0.8459,Weak
2021,47,27740,Tennessee,Franklin city,With Disability,disability,NA,NA,NA,NA,0.6001,0.5068,0.6933,Weak
2021,47,27740,Tennessee,Franklin city,Without Disability,disability,0.9492,0.9045,0.9939,Weak,0.8392,0.8232,0.8551,Weak
2021,47,40000,Tennessee,Knoxville city,All,all,0.9416,0.9172,0.9659,Weak,0.7897,0.7732,0.8061,Weak
2021,47,40000,Tennessee,Knoxville city,With Disability,disability,NA,NA,NA,NA,0.3973,0.3382,0.4565,Weak
2021,47,40000,Tennessee,Knoxville city,Without Disability,disability,0.9447,0.9214,0.968,Weak,0.8362,0.82,0.8524,Weak
2021,47,48000,Tennessee,Memphis city,All,all,0.8926,0.8628,0.9224,Marginal,0.755,0.7433,0.7666,Marginal
2021,47,48000,Tennessee,Memphis city,With Disability,disability,0.7306,0.5818,0.8794,Marginal,0.3377,0.296,0.3794,Marginal
2021,47,48000,Tennessee,Memphis city,Without Disability,disability,0.9023,0.8723,0.9322,Marginal,0.8002,0.79,0.8105,Marginal
2021,47,51560,Tennessee,Murfreesboro city,All,all,0.9701,0.9372,1,Marginal,0.8379,0.8172,0.8586,Marginal
2021,47,51560,Tennessee,Murfreesboro city,With Disability,disability,0.9617,0.9027,1,Marginal,0.5852,0.4917,0.6787,Marginal
2021,47,51560,Tennessee,Murfreesboro city,Without Disability,disability,0.971,0.9353,1,Marginal,0.8602,0.8394,0.8811,Marginal
2021,47,52006,Tennessee,Nashville-Davidson metropolitan government (balance),All,all,0.9361,0.9151,0.9571,Strong,0.8457,0.8365,0.8549,Strong
2021,47,52006,Tennessee,Nashville-Davidson metropolitan government (balance),With Disability,disability,0.7922,0.6429,0.9415,Strong,0.5902,0.5458,0.6346,Strong
2021,47,52006,Tennessee,Nashville-Davidson metropolitan government (balance),Without Disability,disability,0.9475,0.9281,0.9669,Strong,0.8655,0.8565,0.8745,Strong
2021,48,01000,Texas,Abilene city,All,all,0.9224,0.8878,0.957,Weak,0.8285,0.8104,0.8465,Weak
2021,48,01000,Texas,Abilene city,With Disability,disability,NA,NA,NA,NA,0.5442,0.4707,0.6178,Weak
2021,48,01000,Texas,Abilene city,Without Disability,disability,0.9299,0.894,0.9659,Weak,0.8564,0.8407,0.8721,Weak
2021,48,01924,Texas,Allen city,All,all,0.9638,0.9303,0.9972,Marginal,0.8167,0.7988,0.8346,Marginal
2021,48,01924,Texas,Allen city,With Disability,disability,NA,NA,NA,NA,0.5277,0.4175,0.6379,Marginal
2021,48,01924,Texas,Allen city,Without Disability,disability,0.963,0.9285,0.9975,Marginal,0.831,0.8123,0.8498,Marginal
2021,48,03000,Texas,Amarillo city,All,all,0.9009,0.8671,0.9347,Weak,0.8102,0.7959,0.8245,Weak
2021,48,03000,Texas,Amarillo city,With Disability,disability,NA,NA,NA,NA,0.5215,0.4546,0.5884,Weak
2021,48,03000,Texas,Amarillo city,Without Disability,disability,0.9066,0.8699,0.9433,Weak,0.8342,0.8202,0.8482,Weak
2021,48,04000,Texas,Arlington city,All,all,0.9111,0.8822,0.9399,Weak,0.8075,0.7952,0.8197,Weak
2021,48,04000,Texas,Arlington city,With Disability,disability,NA,NA,NA,NA,0.5553,0.5126,0.598,Weak
2021,48,04000,Texas,Arlington city,Without Disability,disability,0.9178,0.8898,0.9459,Weak,0.8249,0.8126,0.8372,Weak
2021,48,05000,Texas,Austin city,All,all,0.9382,0.9223,0.9541,Marginal,0.8468,0.8401,0.8535,Marginal
2021,48,05000,Texas,Austin city,With Disability,disability,0.8496,0.755,0.9442,Marginal,0.6352,0.5952,0.6752,Marginal
2021,48,05000,Texas,Austin city,Without Disability,disability,0.9439,0.9266,0.9612,Marginal,0.8605,0.8541,0.8669,Marginal
2021,48,06128,Texas,Baytown city,All,all,0.9006,0.8224,0.9787,Marginal,0.7257,0.6921,0.7592,Marginal
2021,48,06128,Texas,Baytown city,With Disability,disability,NA,NA,NA,NA,0.4464,0.3377,0.555,Marginal
2021,48,06128,Texas,Baytown city,Without Disability,disability,0.9003,0.8176,0.983,Marginal,0.7483,0.7117,0.7848,Marginal
2021,48,07000,Texas,Beaumont city,All,all,0.9006,0.8174,0.9837,Weak,0.758,0.7306,0.7853,Weak
2021,48,07000,Texas,Beaumont city,With Disability,disability,NA,NA,NA,NA,0.4652,0.3773,0.5531,Weak
2021,48,07000,Texas,Beaumont city,Without Disability,disability,0.9504,0.9117,0.9891,Weak,0.7957,0.7689,0.8224,Weak
2021,48,10768,Texas,Brownsville city,All,all,0.8497,0.8022,0.8972,Strong,0.7324,0.7111,0.7536,Strong
2021,48,10768,Texas,Brownsville city,With Disability,disability,NA,NA,NA,NA,0.3536,0.2813,0.4259,Strong
2021,48,10768,Texas,Brownsville city,Without Disability,disability,0.8544,0.8044,0.9044,Strong,0.7599,0.7393,0.7805,Strong
2021,48,10912,Texas,Bryan city,All,all,0.9731,0.9577,0.9886,Marginal,0.8015,0.7857,0.8172,Marginal
2021,48,10912,Texas,Bryan city,With Disability,disability,NA,NA,NA,NA,0.4876,0.3942,0.581,Marginal
2021,48,10912,Texas,Bryan city,Without Disability,disability,0.9735,0.9575,0.9895,Marginal,0.8212,0.8057,0.8368,Marginal
2021,48,13024,Texas,Carrollton city,All,all,0.9379,0.9083,0.9675,Marginal,0.8505,0.839,0.8621,Marginal
2021,48,13024,Texas,Carrollton city,With Disability,disability,NA,NA,NA,NA,0.6192,0.5412,0.6971,Marginal
2021,48,13024,Texas,Carrollton city,Without Disability,disability,0.9469,0.9205,0.9733,Marginal,0.8612,0.8497,0.8727,Marginal
2021,48,13552,Texas,Cedar Park city,All,all,0.8735,0.7818,0.9652,Weak,0.8429,0.8293,0.8565,Weak
2021,48,13552,Texas,Cedar Park city,With Disability,disability,NA,NA,NA,NA,0.6482,0.5735,0.7229,Weak
2021,48,13552,Texas,Cedar Park city,Without Disability,disability,0.8675,0.7655,0.9695,Weak,0.8566,0.8432,0.87,Weak
2021,48,15976,Texas,College Station city,All,all,0.9731,0.9577,0.9886,Marginal,0.8015,0.7857,0.8172,Marginal
2021,48,15976,Texas,College Station city,With Disability,disability,NA,NA,NA,NA,0.4876,0.3942,0.581,Marginal
2021,48,15976,Texas,College Station city,Without Disability,disability,0.9735,0.9575,0.9895,Marginal,0.8212,0.8057,0.8368,Marginal
2021,48,16432,Texas,Conroe city,All,all,0.8789,0.8324,0.9254,Weak,0.7792,0.76,0.7985,Weak
2021,48,16432,Texas,Conroe city,With Disability,disability,NA,NA,NA,NA,0.4473,0.3605,0.534,Weak
2021,48,16432,Texas,Conroe city,Without Disability,disability,0.9058,0.8619,0.9496,Weak,0.8067,0.7899,0.8235,Weak
2021,48,17000,Texas,Corpus Christi city,All,all,0.8748,0.8191,0.9305,Marginal,0.7756,0.7616,0.7895,Marginal
2021,48,17000,Texas,Corpus Christi city,With Disability,disability,NA,NA,NA,NA,0.4314,0.3726,0.4902,Marginal
2021,48,17000,Texas,Corpus Christi city,Without Disability,disability,0.8858,0.8296,0.9419,Marginal,0.8082,0.7946,0.8217,Marginal
2021,48,19000,Texas,Dallas city,All,all,0.8443,0.8176,0.8711,Marginal,0.7927,0.7868,0.7986,Marginal
2021,48,19000,Texas,Dallas city,With Disability,disability,0.8495,0.7803,0.9186,Marginal,0.4882,0.4578,0.5185,Marginal
2021,48,19000,Texas,Dallas city,Without Disability,disability,0.844,0.8159,0.8722,Marginal,0.8148,0.8092,0.8203,Marginal
2021,48,19972,Texas,Denton city,All,all,0.9704,0.9555,0.9852,Marginal,0.8463,0.827,0.8656,Marginal
2021,48,19972,Texas,Denton city,With Disability,disability,0.8988,0.8217,0.9759,Marginal,0.5812,0.4912,0.6712,Marginal
2021,48,19972,Texas,Denton city,Without Disability,disability,0.9782,0.9639,0.9924,Marginal,0.8681,0.8505,0.8857,Marginal
2021,48,22660,Texas,Edinburg city,All,all,0.8805,0.8033,0.9576,Marginal,0.7644,0.7334,0.7954,Marginal
2021,48,22660,Texas,Edinburg city,With Disability,disability,NA,NA,NA,NA,0.4454,0.2997,0.5911,Marginal
2021,48,22660,Texas,Edinburg city,Without Disability,disability,0.8921,0.814,0.9701,Marginal,0.7904,0.7613,0.8195,Marginal
2021,48,24000,Texas,El Paso city,All,all,0.9202,0.8937,0.9466,Marginal,0.7577,0.7477,0.7677,Marginal
2021,48,24000,Texas,El Paso city,With Disability,disability,0.8697,0.7608,0.9787,Marginal,0.499,0.4525,0.5455,Marginal
2021,48,24000,Texas,El Paso city,Without Disability,disability,0.9232,0.8956,0.9507,Marginal,0.7859,0.776,0.7958,Marginal
2021,48,26232,Texas,Flower Mound town,All,all,0.9564,0.914,0.9988,Marginal,0.8148,0.7951,0.8345,Marginal
2021,48,26232,Texas,Flower Mound town,With Disability,disability,NA,NA,NA,NA,0.6879,0.601,0.7747,Marginal
2021,48,26232,Texas,Flower Mound town,Without Disability,disability,0.9611,0.9188,1,Marginal,0.8195,0.7992,0.8397,Marginal
2021,48,27000,Texas,Fort Worth city,All,all,0.8938,0.8704,0.9171,Marginal,0.7974,0.7903,0.8046,Marginal
2021,48,27000,Texas,Fort Worth city,With Disability,disability,0.8248,0.7089,0.9408,Marginal,0.4819,0.4507,0.5131,Marginal
2021,48,27000,Texas,Fort Worth city,Without Disability,disability,0.8979,0.8736,0.9221,Marginal,0.8208,0.8137,0.8279,Marginal
2021,48,27684,Texas,Frisco city,All,all,0.9315,0.8901,0.9729,Marginal,0.8248,0.8131,0.8365,Marginal
2021,48,27684,Texas,Frisco city,With Disability,disability,NA,NA,NA,NA,0.6517,0.5663,0.737,Marginal
2021,48,27684,Texas,Frisco city,Without Disability,disability,0.9298,0.8863,0.9733,Marginal,0.8326,0.8207,0.8445,Marginal
2021,48,29000,Texas,Garland city,All,all,0.9116,0.8806,0.9427,Weak,0.7972,0.7822,0.8121,Weak
2021,48,29000,Texas,Garland city,With Disability,disability,NA,NA,NA,NA,0.5545,0.4836,0.6254,Weak
2021,48,29000,Texas,Garland city,Without Disability,disability,0.9108,0.8792,0.9425,Weak,0.8098,0.7944,0.8252,Weak
2021,48,30464,Texas,Grand Prairie city,All,all,0.9119,0.8876,0.9362,Marginal,0.7849,0.7707,0.799,Marginal
2021,48,30464,Texas,Grand Prairie city,With Disability,disability,NA,NA,NA,NA,0.4815,0.4224,0.5406,Marginal
2021,48,30464,Texas,Grand Prairie city,Without Disability,disability,0.9153,0.8904,0.9402,Marginal,0.8087,0.7959,0.8216,Marginal
2021,48,35000,Texas,Houston city,All,all,0.8333,0.8125,0.854,Marginal,0.7748,0.7696,0.7801,Marginal
2021,48,35000,Texas,Houston city,With Disability,disability,0.6223,0.5279,0.7167,Marginal,0.4796,0.4521,0.5071,Marginal
2021,48,35000,Texas,Houston city,Without Disability,disability,0.8444,0.8239,0.865,Marginal,0.7944,0.7892,0.7996,Marginal
2021,48,37000,Texas,Irving city,All,all,0.8811,0.8362,0.926,Weak,0.8305,0.8189,0.8421,Weak
2021,48,37000,Texas,Irving city,With Disability,disability,NA,NA,NA,NA,0.6365,0.563,0.71,Weak
2021,48,37000,Texas,Irving city,Without Disability,disability,0.8774,0.8302,0.9246,Weak,0.8379,0.8262,0.8497,Weak
2021,48,39148,Texas,Killeen city,All,all,0.8608,0.7874,0.9341,Strong,0.7379,0.717,0.7588,Strong
2021,48,39148,Texas,Killeen city,With Disability,disability,NA,NA,NA,NA,0.452,0.3925,0.5115,Strong
2021,48,39148,Texas,Killeen city,Without Disability,disability,0.8691,0.7934,0.9447,Strong,0.7787,0.7562,0.8012,Strong
2021,48,41464,Texas,Laredo city,All,all,0.8827,0.8509,0.9144,Strong,0.7354,0.7203,0.7504,Strong
2021,48,41464,Texas,Laredo city,With Disability,disability,0.7787,0.6138,0.9437,Strong,0.4576,0.4053,0.5098,Strong
2021,48,41464,Texas,Laredo city,Without Disability,disability,0.8885,0.8554,0.9215,Strong,0.7621,0.7465,0.7777,Strong
2021,48,41980,Texas,League City city,All,all,0.9407,0.8978,0.9837,Marginal,0.8279,0.8057,0.8502,Marginal
2021,48,41980,Texas,League City city,With Disability,disability,NA,NA,NA,NA,0.5863,0.4693,0.7033,Marginal
2021,48,41980,Texas,League City city,Without Disability,disability,0.9488,0.9084,0.9892,Marginal,0.8429,0.8216,0.8643,Marginal
2021,48,42508,Texas,Lewisville city,All,all,0.9111,0.8445,0.9777,Strong,0.8568,0.8392,0.8744,Strong
2021,48,42508,Texas,Lewisville city,With Disability,disability,NA,NA,NA,NA,0.6751,0.5864,0.7637,Strong
2021,48,42508,Texas,Lewisville city,Without Disability,disability,0.912,0.8439,0.9801,Strong,0.872,0.8538,0.8902,Strong
2021,48,43888,Texas,Longview city,All,all,0.9643,0.9339,0.9947,Marginal,0.7766,0.7531,0.8001,Marginal
2021,48,43888,Texas,Longview city,With Disability,disability,NA,NA,NA,NA,0.4264,0.3312,0.5215,Marginal
2021,48,43888,Texas,Longview city,Without Disability,disability,0.9631,0.9311,0.995,Marginal,0.8109,0.7878,0.834,Marginal
2021,48,45000,Texas,Lubbock city,All,all,0.9288,0.9022,0.9554,Weak,0.8181,0.8045,0.8317,Weak
2021,48,45000,Texas,Lubbock city,With Disability,disability,0.8943,0.7983,0.9904,Weak,0.5269,0.4685,0.5852,Weak
2021,48,45000,Texas,Lubbock city,Without Disability,disability,0.9315,0.9056,0.9575,Weak,0.8481,0.8347,0.8614,Weak
2021,48,45384,Texas,McAllen city,All,all,0.9454,0.8994,0.9915,Strong,0.771,0.7438,0.7983,Strong
2021,48,45384,Texas,McAllen city,With Disability,disability,NA,NA,NA,NA,0.4855,0.3813,0.5896,Strong
2021,48,45384,Texas,McAllen city,Without Disability,disability,0.9482,0.904,0.9923,Strong,0.7951,0.7689,0.8213,Strong
2021,48,45744,Texas,McKinney city,All,all,0.9224,0.8611,0.9837,Strong,0.8282,0.8087,0.8476,Strong
2021,48,45744,Texas,McKinney city,With Disability,disability,NA,NA,NA,NA,0.5751,0.4674,0.6829,Strong
2021,48,45744,Texas,McKinney city,Without Disability,disability,0.9348,0.8702,0.9995,Strong,0.8398,0.8212,0.8584,Strong
2021,48,47892,Texas,Mesquite city,All,all,0.9248,0.8903,0.9592,Marginal,0.7978,0.7816,0.8141,Marginal
2021,48,47892,Texas,Mesquite city,With Disability,disability,NA,NA,NA,NA,0.59,0.5158,0.6642,Marginal
2021,48,47892,Texas,Mesquite city,Without Disability,disability,0.9296,0.8968,0.9624,Marginal,0.8154,0.7986,0.8323,Marginal
2021,48,48072,Texas,Midland city,All,all,0.8987,0.8347,0.9628,Strong,0.8289,0.8102,0.8476,Strong
2021,48,48072,Texas,Midland city,With Disability,disability,NA,NA,NA,NA,0.6297,0.5311,0.7283,Strong
2021,48,48072,Texas,Midland city,Without Disability,disability,0.8967,0.8301,0.9634,Strong,0.8438,0.8249,0.8626,Strong
2021,48,48768,Texas,Mission city,All,all,0.8398,0.7517,0.9278,Marginal,0.6889,0.6596,0.7182,Marginal
2021,48,48768,Texas,Mission city,With Disability,disability,NA,NA,NA,NA,0.3737,0.259,0.4883,Marginal
2021,48,48768,Texas,Mission city,Without Disability,disability,0.846,0.7559,0.9361,Marginal,0.7201,0.6909,0.7492,Marginal
2021,48,50820,Texas,New Braunfels city,All,all,0.9132,0.8399,0.9864,Marginal,0.8049,0.7886,0.8212,Marginal
2021,48,50820,Texas,New Braunfels city,With Disability,disability,NA,NA,NA,NA,0.5316,0.4437,0.6194,Marginal
2021,48,50820,Texas,New Braunfels city,Without Disability,disability,0.9132,0.8337,0.9927,Marginal,0.8361,0.8195,0.8527,Marginal
2021,48,53388,Texas,Odessa city,All,all,0.7975,0.7097,0.8854,Marginal,0.7693,0.7512,0.7875,Marginal
2021,48,53388,Texas,Odessa city,With Disability,disability,NA,NA,NA,NA,0.6239,0.5172,0.7307,Marginal
2021,48,53388,Texas,Odessa city,Without Disability,disability,0.7978,0.7057,0.8898,Marginal,0.7798,0.7596,0.8,Marginal
2021,48,56000,Texas,Pasadena city,All,all,0.7357,0.6033,0.8682,Weak,0.732,0.7095,0.7544,Weak
2021,48,56000,Texas,Pasadena city,With Disability,disability,NA,NA,NA,NA,0.4688,0.3745,0.563,Weak
2021,48,56000,Texas,Pasadena city,Without Disability,disability,0.7412,0.6036,0.8788,Weak,0.7537,0.7301,0.7772,Weak
2021,48,56348,Texas,Pearland city,All,all,0.9527,0.9042,1,Marginal,0.845,0.8246,0.8655,Marginal
2021,48,56348,Texas,Pearland city,With Disability,disability,NA,NA,NA,NA,0.5719,0.4487,0.6952,Marginal
2021,48,56348,Texas,Pearland city,Without Disability,disability,0.9524,0.9033,1,Marginal,0.8566,0.8344,0.8788,Marginal
2021,48,57200,Texas,Pharr city,All,all,0.8612,0.7939,0.9286,Marginal,0.7247,0.6993,0.75,Marginal
2021,48,57200,Texas,Pharr city,With Disability,disability,NA,NA,NA,NA,0.2971,0.1922,0.402,Marginal
2021,48,57200,Texas,Pharr city,Without Disability,disability,0.8578,0.7898,0.9257,Marginal,0.7624,0.7389,0.786,Marginal
2021,48,58016,Texas,Plano city,All,all,0.9666,0.9493,0.9839,Strong,0.8199,0.8095,0.8304,Strong
2021,48,58016,Texas,Plano city,With Disability,disability,NA,NA,NA,NA,0.5956,0.5245,0.6667,Strong
2021,48,58016,Texas,Plano city,Without Disability,disability,0.9744,0.9575,0.9914,Strong,0.8287,0.8184,0.8391,Strong
2021,48,61796,Texas,Richardson city,All,all,0.9154,0.8744,0.9564,Marginal,0.8221,0.8084,0.8358,Marginal
2021,48,61796,Texas,Richardson city,With Disability,disability,NA,NA,NA,NA,0.5017,0.398,0.6053,Marginal
2021,48,61796,Texas,Richardson city,Without Disability,disability,0.9135,0.8699,0.9571,Marginal,0.8395,0.8265,0.8525,Marginal
2021,48,63500,Texas,Round Rock city,All,all,0.8574,0.7633,0.9515,Marginal,0.837,0.82,0.8541,Marginal
2021,48,63500,Texas,Round Rock city,With Disability,disability,NA,NA,NA,NA,0.6281,0.5057,0.7505,Marginal
2021,48,63500,Texas,Round Rock city,Without Disability,disability,0.8662,0.7671,0.9653,Marginal,0.8529,0.8377,0.8681,Marginal
2021,48,64472,Texas,San Angelo city,All,all,0.9393,0.8978,0.9808,Strong,0.8075,0.783,0.832,Strong
2021,48,64472,Texas,San Angelo city,With Disability,disability,NA,NA,NA,NA,0.4847,0.3823,0.5871,Strong
2021,48,64472,Texas,San Angelo city,Without Disability,disability,0.9701,0.9422,0.998,Strong,0.8399,0.8154,0.8645,Strong
2021,48,65000,Texas,San Antonio city,All,all,0.8891,0.8719,0.9063,Marginal,0.7804,0.774,0.7868,Marginal
2021,48,65000,Texas,San Antonio city,With Disability,disability,0.8003,0.724,0.8766,Marginal,0.4833,0.4602,0.5064,Marginal
2021,48,65000,Texas,San Antonio city,Without Disability,disability,0.8991,0.883,0.9152,Marginal,0.8188,0.8127,0.8249,Marginal
2021,48,70808,Texas,Sugar Land city,All,all,0.8829,0.817,0.9488,Marginal,0.7972,0.7774,0.817,Marginal
2021,48,70808,Texas,Sugar Land city,With Disability,disability,NA,NA,NA,NA,0.4763,0.3358,0.6168,Marginal
2021,48,70808,Texas,Sugar Land city,Without Disability,disability,0.8781,0.8103,0.946,Marginal,0.8125,0.7939,0.8311,Marginal
2021,48,72176,Texas,Temple city,All,all,0.9466,0.9187,0.9745,Marginal,0.7829,0.763,0.8027,Marginal
2021,48,72176,Texas,Temple city,With Disability,disability,NA,NA,NA,NA,0.4745,0.4016,0.5475,Marginal
2021,48,72176,Texas,Temple city,Without Disability,disability,0.9523,0.9229,0.9817,Marginal,0.8198,0.8018,0.8378,Marginal
2021,48,74144,Texas,Tyler city,All,all,0.8534,0.7562,0.9506,Strong,0.7901,0.7645,0.8157,Strong
2021,48,74144,Texas,Tyler city,With Disability,disability,NA,NA,NA,NA,0.4165,0.3235,0.5095,Strong
2021,48,74144,Texas,Tyler city,Without Disability,disability,0.8599,0.7571,0.9628,Strong,0.8181,0.7915,0.8446,Strong
2021,48,76000,Texas,Waco city,All,all,0.9538,0.9278,0.9798,Strong,0.778,0.7578,0.7982,Strong
2021,48,76000,Texas,Waco city,With Disability,disability,NA,NA,NA,NA,0.4283,0.3436,0.5129,Strong
2021,48,76000,Texas,Waco city,Without Disability,disability,0.9577,0.9327,0.9827,Strong,0.8179,0.798,0.8379,Strong
2021,48,79000,Texas,Wichita Falls city,All,all,0.9475,0.911,0.984,Weak,0.7918,0.7717,0.8119,Weak
2021,48,79000,Texas,Wichita Falls city,With Disability,disability,NA,NA,NA,NA,0.3766,0.2979,0.4554,Weak
2021,48,79000,Texas,Wichita Falls city,Without Disability,disability,0.9629,0.9373,0.9886,Weak,0.8446,0.8273,0.8619,Weak
2021,49,43660,Utah,Layton city,All,all,0.9362,0.8981,0.9744,Weak,0.8138,0.7984,0.8293,Weak
2021,49,43660,Utah,Layton city,With Disability,disability,NA,NA,NA,NA,0.5351,0.4497,0.6204,Weak
2021,49,43660,Utah,Layton city,Without Disability,disability,0.9439,0.9028,0.9849,Weak,0.8358,0.8211,0.8504,Weak
2021,49,44320,Utah,Lehi city,All,all,0.9607,0.9399,0.9816,Weak,0.7782,0.7663,0.7902,Weak
2021,49,44320,Utah,Lehi city,With Disability,disability,NA,NA,NA,NA,0.5427,0.4801,0.6053,Weak
2021,49,44320,Utah,Lehi city,Without Disability,disability,0.9635,0.9424,0.9845,Weak,0.7936,0.7816,0.8055,Weak
2021,49,55980,Utah,Ogden city,All,all,0.9009,0.8469,0.9548,Marginal,0.8361,0.8198,0.8524,Marginal
2021,49,55980,Utah,Ogden city,With Disability,disability,NA,NA,NA,NA,0.541,0.4796,0.6025,Marginal
2021,49,55980,Utah,Ogden city,Without Disability,disability,0.9105,0.8525,0.9685,Marginal,0.8658,0.8501,0.8815,Marginal
2021,49,57300,Utah,Orem city,All,all,0.9664,0.9479,0.9848,Marginal,0.7727,0.7572,0.7882,Marginal
2021,49,57300,Utah,Orem city,With Disability,disability,NA,NA,NA,NA,0.5356,0.4388,0.6325,Marginal
2021,49,57300,Utah,Orem city,Without Disability,disability,0.9784,0.9638,0.993,Marginal,0.7917,0.7773,0.8061,Marginal
2021,49,62470,Utah,Provo city,All,all,0.9732,0.9534,0.9931,Strong,0.7672,0.7407,0.7936,Strong
2021,49,62470,Utah,Provo city,With Disability,disability,0.9589,0.8901,1,Strong,0.5898,0.5,0.6795,Strong
2021,49,62470,Utah,Provo city,Without Disability,disability,0.9747,0.9539,0.9955,Strong,0.7851,0.7585,0.8118,Strong
2021,49,65330,Utah,St. George city,All,all,0.899,0.839,0.9589,Marginal,0.7668,0.7442,0.7893,Marginal
2021,49,65330,Utah,St. George city,With Disability,disability,NA,NA,NA,NA,0.4151,0.3293,0.5008,Marginal
2021,49,65330,Utah,St. George city,Without Disability,disability,0.8982,0.838,0.9584,Marginal,0.8017,0.7781,0.8253,Marginal
2021,49,67000,Utah,Salt Lake City city,All,all,0.9431,0.9241,0.9622,Weak,0.8476,0.8341,0.8611,Weak
2021,49,67000,Utah,Salt Lake City city,With Disability,disability,0.9141,0.8312,0.997,Weak,0.5105,0.4442,0.5767,Weak
2021,49,67000,Utah,Salt Lake City city,Without Disability,disability,0.9458,0.9241,0.9675,Weak,0.8774,0.8668,0.888,Weak
2021,49,67440,Utah,Sandy city,All,all,0.9284,0.8837,0.9732,Marginal,0.8351,0.8215,0.8488,Marginal
2021,49,67440,Utah,Sandy city,With Disability,disability,NA,NA,NA,NA,0.5721,0.5071,0.6372,Marginal
2021,49,67440,Utah,Sandy city,Without Disability,disability,0.9296,0.8836,0.9756,Marginal,0.8539,0.8413,0.8666,Marginal
2021,49,70850,Utah,South Jordan city,All,all,0.8376,0.7702,0.905,Weak,0.8379,0.8231,0.8527,Weak
2021,49,70850,Utah,South Jordan city,With Disability,disability,NA,NA,NA,NA,0.5905,0.5136,0.6674,Weak
2021,49,70850,Utah,South Jordan city,Without Disability,disability,0.8457,0.7744,0.917,Weak,0.8535,0.8394,0.8676,Weak
2021,49,82950,Utah,West Jordan city,All,all,0.839,0.7548,0.9232,Marginal,0.8385,0.8233,0.8537,Marginal
2021,49,82950,Utah,West Jordan city,With Disability,disability,NA,NA,NA,NA,0.6444,0.5619,0.727,Marginal
2021,49,82950,Utah,West Jordan city,Without Disability,disability,0.86,0.785,0.9351,Marginal,0.8499,0.835,0.8648,Marginal
2021,49,83470,Utah,West Valley City city,All,all,0.8668,0.8277,0.9058,Marginal,0.819,0.8053,0.8327,Marginal
2021,49,83470,Utah,West Valley City city,With Disability,disability,NA,NA,NA,NA,0.4993,0.4414,0.5573,Marginal
2021,49,83470,Utah,West Valley City city,Without Disability,disability,0.8812,0.8393,0.9232,Marginal,0.8466,0.8341,0.8591,Marginal
2021,51,01000,Virginia,Alexandria city,All,all,0.8164,0.6709,0.9619,Weak,0.8954,0.8834,0.9074,Weak
2021,51,01000,Virginia,Alexandria city,With Disability,disability,NA,NA,NA,NA,0.7214,0.6098,0.833,Weak
2021,51,01000,Virginia,Alexandria city,Without Disability,disability,0.8436,0.6792,1,Weak,0.9022,0.8909,0.9135,Weak
2021,51,16000,Virginia,Chesapeake city,All,all,0.9035,0.8466,0.9604,Weak,0.8112,0.7936,0.8288,Weak
2021,51,16000,Virginia,Chesapeake city,With Disability,disability,NA,NA,NA,NA,0.4681,0.4028,0.5335,Weak
2021,51,16000,Virginia,Chesapeake city,Without Disability,disability,0.9012,0.8404,0.9619,Weak,0.8412,0.8224,0.86,Weak
2021,51,35000,Virginia,Hampton city,All,all,0.9624,0.9245,1,Weak,0.8207,0.7989,0.8425,Weak
2021,51,35000,Virginia,Hampton city,With Disability,disability,NA,NA,NA,NA,0.5114,0.4298,0.5931,Weak
2021,51,35000,Virginia,Hampton city,Without Disability,disability,0.977,0.954,0.9999,Weak,0.8647,0.8442,0.8852,Weak
2021,51,47672,Virginia,Lynchburg city,All,all,0.9353,0.8951,0.9754,Marginal,0.7885,0.7636,0.8134,Marginal
2021,51,47672,Virginia,Lynchburg city,With Disability,disability,NA,NA,NA,NA,0.3511,0.274,0.4281,Marginal
2021,51,47672,Virginia,Lynchburg city,Without Disability,disability,0.9354,0.8922,0.9786,Marginal,0.835,0.8111,0.8588,Marginal
2021,51,56000,Virginia,Newport News city,All,all,0.9824,0.9704,0.9944,Marginal,0.8189,0.7996,0.8381,Marginal
2021,51,56000,Virginia,Newport News city,With Disability,disability,NA,NA,NA,NA,0.5834,0.5152,0.6515,Marginal
2021,51,56000,Virginia,Newport News city,Without Disability,disability,0.984,0.9707,0.9972,Marginal,0.8493,0.83,0.8685,Marginal
2021,51,57000,Virginia,Norfolk city,All,all,0.9729,0.9564,0.9895,Marginal,0.8016,0.7876,0.8156,Marginal
2021,51,57000,Virginia,Norfolk city,With Disability,disability,0.9219,0.8042,1,Marginal,0.5034,0.4409,0.5658,Marginal
2021,51,57000,Virginia,Norfolk city,Without Disability,disability,0.9745,0.9577,0.9913,Marginal,0.8391,0.826,0.8522,Marginal
2021,51,64000,Virginia,Portsmouth city,All,all,0.8274,0.7485,0.9064,Weak,0.7845,0.7573,0.8117,Weak
2021,51,64000,Virginia,Portsmouth city,With Disability,disability,NA,NA,NA,NA,0.3828,0.3032,0.4624,Weak
2021,51,64000,Virginia,Portsmouth city,Without Disability,disability,0.8154,0.7313,0.8994,Weak,0.8327,0.8082,0.8572,Weak
2021,51,67000,Virginia,Richmond city,All,all,0.9703,0.9488,0.9917,Weak,0.816,0.8003,0.8316,Weak
2021,51,67000,Virginia,Richmond city,With Disability,disability,0.9195,0.8259,1,Weak,0.4813,0.42,0.5425,Weak
2021,51,67000,Virginia,Richmond city,Without Disability,disability,0.9743,0.9544,0.9942,Weak,0.8509,0.8372,0.8646,Weak
2021,51,68000,Virginia,Roanoke city,All,all,0.9303,0.8785,0.982,Weak,0.7938,0.7677,0.8198,Weak
2021,51,68000,Virginia,Roanoke city,With Disability,disability,NA,NA,NA,NA,0.3741,0.2877,0.4606,Weak
2021,51,68000,Virginia,Roanoke city,Without Disability,disability,0.9285,0.8756,0.9815,Weak,0.8291,0.8047,0.8535,Weak
2021,51,76432,Virginia,Suffolk city,All,all,0.9399,0.8874,0.9924,Marginal,0.8202,0.802,0.8384,Marginal
2021,51,76432,Virginia,Suffolk city,With Disability,disability,NA,NA,NA,NA,0.4241,0.3428,0.5053,Marginal
2021,51,76432,Virginia,Suffolk city,Without Disability,disability,0.9368,0.8819,0.9918,Marginal,0.8581,0.8413,0.8749,Marginal
2021,51,82000,Virginia,Virginia Beach city,All,all,0.9509,0.9292,0.9727,Marginal,0.8368,0.8273,0.8463,Marginal
2021,51,82000,Virginia,Virginia Beach city,With Disability,disability,NA,NA,NA,NA,0.5845,0.5391,0.6298,Marginal
2021,51,82000,Virginia,Virginia Beach city,Without Disability,disability,0.9538,0.9328,0.9748,Marginal,0.8574,0.8478,0.867,Marginal
2021,53,03180,Washington,Auburn city,All,all,0.8767,0.8093,0.9442,Marginal,0.7982,0.7769,0.8196,Marginal
2021,53,03180,Washington,Auburn city,With Disability,disability,NA,NA,NA,NA,0.4215,0.3194,0.5236,Marginal
2021,53,03180,Washington,Auburn city,Without Disability,disability,0.8761,0.8042,0.948,Marginal,0.8294,0.808,0.8507,Marginal
2021,53,05210,Washington,Bellevue city,All,all,0.9539,0.9076,1,Strong,0.8081,0.7933,0.8228,Strong
2021,53,05210,Washington,Bellevue city,With Disability,disability,NA,NA,NA,NA,0.5252,0.4161,0.6343,Strong
2021,53,05210,Washington,Bellevue city,Without Disability,disability,0.9506,0.8998,1,Strong,0.8194,0.8051,0.8338,Strong
2021,53,05280,Washington,Bellingham city,All,all,0.9577,0.9331,0.9822,Marginal,0.8001,0.7841,0.816,Marginal
2021,53,05280,Washington,Bellingham city,With Disability,disability,NA,NA,NA,NA,0.4461,0.3637,0.5285,Marginal
2021,53,05280,Washington,Bellingham city,Without Disability,disability,0.9609,0.9343,0.9875,Marginal,0.8363,0.8213,0.8513,Marginal
2021,53,22640,Washington,Everett city,All,all,0.9035,0.8581,0.949,Marginal,0.7981,0.7826,0.8137,Marginal
2021,53,22640,Washington,Everett city,With Disability,disability,NA,NA,NA,NA,0.52,0.4549,0.5851,Marginal
2021,53,22640,Washington,Everett city,Without Disability,disability,0.9165,0.8679,0.9651,Marginal,0.8263,0.8106,0.8421,Marginal
2021,53,23515,Washington,Federal Way city,All,all,0.8775,0.8166,0.9384,Marginal,0.7939,0.7668,0.821,Marginal
2021,53,23515,Washington,Federal Way city,With Disability,disability,NA,NA,NA,NA,0.3703,0.2818,0.4588,Marginal
2021,53,23515,Washington,Federal Way city,Without Disability,disability,0.882,0.8191,0.9449,Marginal,0.8316,0.8059,0.8572,Marginal
2021,53,35275,Washington,Kennewick city,All,all,0.8356,0.7461,0.9251,Marginal,0.7959,0.7706,0.8211,Marginal
2021,53,35275,Washington,Kennewick city,With Disability,disability,NA,NA,NA,NA,0.4598,0.3554,0.5642,Marginal
2021,53,35275,Washington,Kennewick city,Without Disability,disability,0.8352,0.7272,0.9432,Marginal,0.8366,0.8127,0.8604,Marginal
2021,53,35415,Washington,Kent city,All,all,0.8779,0.8121,0.9437,Strong,0.8065,0.7868,0.8261,Strong
2021,53,35415,Washington,Kent city,With Disability,disability,NA,NA,NA,NA,0.4877,0.3745,0.6008,Strong
2021,53,35415,Washington,Kent city,Without Disability,disability,0.8806,0.8149,0.9464,Strong,0.8262,0.8078,0.8446,Strong
2021,53,35940,Washington,Kirkland city,All,all,0.9325,0.8776,0.9873,Marginal,0.8133,0.798,0.8285,Marginal
2021,53,35940,Washington,Kirkland city,With Disability,disability,NA,NA,NA,NA,0.7297,0.6512,0.8082,Marginal
2021,53,35940,Washington,Kirkland city,Without Disability,disability,0.9485,0.8951,1,Marginal,0.8173,0.8015,0.8331,Marginal
2021,53,53545,Washington,Pasco city,All,all,0.8439,0.762,0.9257,Marginal,0.8025,0.7749,0.83,Marginal
2021,53,53545,Washington,Pasco city,With Disability,disability,NA,NA,NA,NA,0.5162,0.417,0.6154,Marginal
2021,53,53545,Washington,Pasco city,Without Disability,disability,0.8796,0.7985,0.9606,Marginal,0.8367,0.8114,0.8619,Marginal
2021,53,57745,Washington,Renton city,All,all,0.8643,0.779,0.9496,Marginal,0.8285,0.812,0.845,Marginal
2021,53,57745,Washington,Renton city,With Disability,disability,NA,NA,NA,NA,0.5349,0.4336,0.6363,Marginal
2021,53,57745,Washington,Renton city,Without Disability,disability,0.8642,0.7767,0.9517,Marginal,0.8501,0.8348,0.8654,Marginal
2021,53,63000,Washington,Seattle city,All,all,0.9439,0.9195,0.9683,Marginal,0.8695,0.8622,0.8768,Marginal
2021,53,63000,Washington,Seattle city,With Disability,disability,0.886,0.7947,0.9774,Marginal,0.6285,0.5784,0.6787,Marginal
2021,53,63000,Washington,Seattle city,Without Disability,disability,0.9482,0.9221,0.9744,Marginal,0.8833,0.8767,0.89,Marginal
2021,53,67000,Washington,Spokane city,All,all,0.9441,0.9175,0.9708,Weak,0.7711,0.7575,0.7846,Weak
2021,53,67000,Washington,Spokane city,With Disability,disability,0.8714,0.7736,0.9692,Weak,0.3703,0.3248,0.4159,Weak
2021,53,67000,Washington,Spokane city,Without Disability,disability,0.9501,0.9241,0.9761,Weak,0.8219,0.8095,0.8344,Weak
2021,53,67167,Washington,Spokane Valley city,All,all,0.8964,0.8139,0.9789,Marginal,0.8015,0.781,0.8221,Marginal
2021,53,67167,Washington,Spokane Valley city,With Disability,disability,NA,NA,NA,NA,0.4802,0.3879,0.5726,Marginal
2021,53,67167,Washington,Spokane Valley city,Without Disability,disability,0.8977,0.811,0.9844,Marginal,0.8412,0.8221,0.8604,Marginal
2021,53,70000,Washington,Tacoma city,All,all,0.8774,0.8401,0.9146,Weak,0.8057,0.7924,0.8189,Weak
2021,53,70000,Washington,Tacoma city,With Disability,disability,NA,NA,NA,NA,0.4965,0.4444,0.5487,Weak
2021,53,70000,Washington,Tacoma city,Without Disability,disability,0.8875,0.8483,0.9267,Weak,0.8442,0.8316,0.8569,Weak
2021,53,74060,Washington,Vancouver city,All,all,0.8395,0.7709,0.9081,Strong,0.7868,0.7718,0.8017,Strong
2021,53,74060,Washington,Vancouver city,With Disability,disability,NA,NA,NA,NA,0.4648,0.4054,0.5242,Strong
2021,53,74060,Washington,Vancouver city,Without Disability,disability,0.871,0.7976,0.9445,Strong,0.824,0.8098,0.8382,Strong
2021,53,80010,Washington,Yakima city,All,all,0.7666,0.657,0.8762,Marginal,0.7595,0.7339,0.7851,Marginal
2021,53,80010,Washington,Yakima city,With Disability,disability,NA,NA,NA,NA,0.3802,0.2976,0.4628,Marginal
2021,53,80010,Washington,Yakima city,Without Disability,disability,0.8005,0.6774,0.9237,Marginal,0.8082,0.7825,0.8339,Marginal
2021,55,02375,Wisconsin,Appleton city,All,all,0.9503,0.9127,0.9879,Weak,0.887,0.8733,0.9007,Weak
2021,55,02375,Wisconsin,Appleton city,With Disability,disability,NA,NA,NA,NA,0.5507,0.4758,0.6257,Weak
2021,55,02375,Wisconsin,Appleton city,Without Disability,disability,0.9584,0.9228,0.994,Weak,0.9125,0.902,0.9229,Weak
2021,55,31000,Wisconsin,Green Bay city,All,all,0.9535,0.9101,0.9969,Marginal,0.8418,0.8157,0.8679,Marginal
2021,55,31000,Wisconsin,Green Bay city,With Disability,disability,NA,NA,NA,NA,0.4203,0.3058,0.5347,Marginal
2021,55,31000,Wisconsin,Green Bay city,Without Disability,disability,0.9566,0.9178,0.9954,Marginal,0.8931,0.8701,0.9162,Marginal
2021,55,39225,Wisconsin,Kenosha city,All,all,0.9438,0.8784,1,Marginal,0.8129,0.7875,0.8384,Marginal
2021,55,39225,Wisconsin,Kenosha city,With Disability,disability,NA,NA,NA,NA,0.3763,0.2869,0.4656,Marginal
2021,55,39225,Wisconsin,Kenosha city,Without Disability,disability,0.9765,0.9541,0.9989,Marginal,0.849,0.8251,0.8728,Marginal
2021,55,48000,Wisconsin,Madison city,All,all,0.9783,0.9622,0.9945,Weak,0.8708,0.8571,0.8845,Weak
2021,55,48000,Wisconsin,Madison city,With Disability,disability,NA,NA,NA,NA,0.5263,0.4411,0.6115,Weak
2021,55,48000,Wisconsin,Madison city,Without Disability,disability,0.9786,0.9619,0.9954,Weak,0.8915,0.8787,0.9042,Weak
2021,55,53000,Wisconsin,Milwaukee city,All,all,0.8638,0.8286,0.8989,Marginal,0.7651,0.7512,0.7791,Marginal
2021,55,53000,Wisconsin,Milwaukee city,With Disability,disability,0.6529,0.4551,0.8507,Marginal,0.3223,0.2833,0.3613,Marginal
2021,55,53000,Wisconsin,Milwaukee city,Without Disability,disability,0.8879,0.8544,0.9214,Marginal,0.8122,0.7993,0.825,Marginal
2021,55,66000,Wisconsin,Racine city,All,all,0.7931,0.6729,0.9133,Weak,0.8234,0.799,0.8478,Weak
2021,55,66000,Wisconsin,Racine city,With Disability,disability,NA,NA,NA,NA,0.5413,0.4509,0.6317,Weak
2021,55,66000,Wisconsin,Racine city,Without Disability,disability,0.8388,0.7346,0.9431,Weak,0.8512,0.8264,0.8759,Weak
2023,01,03076,Alabama,Auburn city,All,all,0.9625,0.9332,0.9917,Marginal,0.8171,0.7904,0.8439,Marginal
2023,01,03076,Alabama,Auburn city,With Disability,disability,NA,NA,NA,NA,0.557,0.4417,0.6723,Marginal
2023,01,03076,Alabama,Auburn city,Without Disability,disability,0.9629,0.9314,0.9943,Marginal,0.8453,0.8205,0.8701,Marginal
2023,01,07000,Alabama,Birmingham city,All,all,0.9301,0.8914,0.9689,Marginal,0.7553,0.7385,0.7721,Marginal
2023,01,07000,Alabama,Birmingham city,With Disability,disability,NA,NA,NA,NA,0.3827,0.3279,0.4376,Marginal
2023,01,07000,Alabama,Birmingham city,Without Disability,disability,0.942,0.9057,0.9783,Marginal,0.8105,0.7939,0.8272,Marginal
2023,01,35896,Alabama,Hoover city,All,all,0.9611,0.9387,0.9835,Weak,0.8305,0.8194,0.8416,Weak
2023,01,35896,Alabama,Hoover city,With Disability,disability,NA,NA,NA,NA,0.5594,0.5035,0.6153,Weak
2023,01,35896,Alabama,Hoover city,Without Disability,disability,0.9694,0.9487,0.9901,Weak,0.8513,0.8402,0.8623,Weak
2023,01,37000,Alabama,Huntsville city,All,all,0.9555,0.9328,0.9782,Marginal,0.8084,0.7922,0.8247,Marginal
2023,01,37000,Alabama,Huntsville city,With Disability,disability,NA,NA,NA,NA,0.5362,0.4661,0.6063,Marginal
2023,01,37000,Alabama,Huntsville city,Without Disability,disability,0.965,0.9457,0.9844,Marginal,0.8409,0.8258,0.8559,Marginal
2023,01,50000,Alabama,Mobile city,All,all,0.9059,0.8556,0.9561,Marginal,0.7531,0.7369,0.7694,Marginal
2023,01,50000,Alabama,Mobile city,With Disability,disability,NA,NA,NA,NA,0.4122,0.3424,0.4819,Marginal
2023,01,50000,Alabama,Mobile city,Without Disability,disability,0.9109,0.8622,0.9596,Marginal,0.7872,0.7703,0.804,Marginal
2023,01,51000,Alabama,Montgomery city,All,all,0.8929,0.849,0.9367,Strong,0.7603,0.7378,0.7828,Strong
2023,01,51000,Alabama,Montgomery city,With Disability,disability,0.6709,0.4964,0.8453,Strong,0.3784,0.3073,0.4495,Strong
2023,01,51000,Alabama,Montgomery city,Without Disability,disability,0.9147,0.8727,0.9567,Strong,0.8133,0.7934,0.8331,Strong
2023,01,77256,Alabama,Tuscaloosa city,All,all,0.9701,0.9438,0.9964,Marginal,0.7823,0.7532,0.8114,Marginal
2023,01,77256,Alabama,Tuscaloosa city,With Disability,disability,NA,NA,NA,NA,0.3615,0.2644,0.4587,Marginal
2023,01,77256,Alabama,Tuscaloosa city,Without Disability,disability,0.9695,0.9422,0.9968,Marginal,0.8262,0.7972,0.8553,Marginal
2023,02,03000,Alaska,Anchorage municipality,All,all,0.922,0.8713,0.9727,Strong,0.8226,0.8036,0.8416,Strong
2023,02,03000,Alaska,Anchorage municipality,With Disability,disability,NA,NA,NA,NA,0.5488,0.4741,0.6234,Strong
2023,02,03000,Alaska,Anchorage municipality,Without Disability,disability,0.9252,0.8705,0.9799,Strong,0.8523,0.8355,0.8691,Strong
2023,04,04720,Arizona,Avondale city,All,all,0.8738,0.8042,0.9434,Marginal,0.7917,0.7668,0.8166,Marginal
2023,04,04720,Arizona,Avondale city,With Disability,disability,NA,NA,NA,NA,0.5904,0.5068,0.674,Marginal
2023,04,04720,Arizona,Avondale city,Without Disability,disability,0.8666,0.7939,0.9393,Marginal,0.8144,0.7895,0.8393,Marginal
2023,04,07940,Arizona,Buckeye city,All,all,0.8453,0.7655,0.9252,Marginal,0.7929,0.774,0.8118,Marginal
2023,04,07940,Arizona,Buckeye city,With Disability,disability,NA,NA,NA,NA,0.5048,0.4228,0.5867,Marginal
2023,04,07940,Arizona,Buckeye city,Without Disability,disability,0.8559,0.7726,0.9393,Marginal,0.815,0.7955,0.8345,Marginal
2023,04,12000,Arizona,Chandler city,All,all,0.9026,0.8569,0.9484,Strong,0.844,0.8328,0.8551,Strong
2023,04,12000,Arizona,Chandler city,With Disability,disability,0.8834,0.7845,0.9824,Strong,0.5921,0.5285,0.6558,Strong
2023,04,12000,Arizona,Chandler city,Without Disability,disability,0.9056,0.855,0.9562,Strong,0.8635,0.853,0.874,Strong
2023,04,23620,Arizona,Flagstaff city,All,all,0.9535,0.9324,0.9746,Marginal,0.7882,0.768,0.8084,Marginal
2023,04,23620,Arizona,Flagstaff city,With Disability,disability,0.8976,0.8118,0.9834,Marginal,0.5304,0.4591,0.6017,Marginal
2023,04,23620,Arizona,Flagstaff city,Without Disability,disability,0.9602,0.9358,0.9846,Marginal,0.8201,0.7996,0.8406,Marginal
2023,04,27400,Arizona,Gilbert town,All,all,0.9282,0.8921,0.9643,Strong,0.8452,0.8359,0.8546,Strong
2023,04,27400,Arizona,Gilbert town,With Disability,disability,NA,NA,NA,NA,0.6863,0.6286,0.744,Strong
2023,04,27400,Arizona,Gilbert town,Without Disability,disability,0.9514,0.9237,0.979,Strong,0.8544,0.8446,0.8642,Strong
2023,04,27820,Arizona,Glendale city,All,all,0.8578,0.814,0.9015,Strong,0.7698,0.7528,0.7867,Strong
2023,04,27820,Arizona,Glendale city,With Disability,disability,0.8828,0.761,1,Strong,0.476,0.4212,0.5309,Strong
2023,04,27820,Arizona,Glendale city,Without Disability,disability,0.8544,0.8081,0.9007,Strong,0.8078,0.7914,0.8242,Strong
2023,04,28380,Arizona,Goodyear city,All,all,0.9206,0.8617,0.9795,Marginal,0.8188,0.7986,0.8391,Marginal
2023,04,28380,Arizona,Goodyear city,With Disability,disability,NA,NA,NA,NA,0.6104,0.5198,0.7009,Marginal
2023,04,28380,Arizona,Goodyear city,Without Disability,disability,0.9257,0.8648,0.9867,Marginal,0.8321,0.811,0.8532,Marginal
2023,04,46000,Arizona,Mesa city,All,all,0.8852,0.8483,0.922,Strong,0.8118,0.8011,0.8226,Strong
2023,04,46000,Arizona,Mesa city,With Disability,disability,0.7611,0.6086,0.9135,Strong,0.5416,0.5011,0.5822,Strong
2023,04,46000,Arizona,Mesa city,Without Disability,disability,0.8936,0.856,0.9311,Strong,0.8395,0.8288,0.8502,Strong
2023,04,54050,Arizona,Peoria city,All,all,0.9328,0.8945,0.9712,Marginal,0.8096,0.7927,0.8264,Marginal
2023,04,54050,Arizona,Peoria city,With Disability,disability,NA,NA,NA,NA,0.4971,0.4146,0.5797,Marginal
2023,04,54050,Arizona,Peoria city,Without Disability,disability,0.9416,0.9046,0.9786,Marginal,0.8369,0.8208,0.8531,Marginal
2023,04,55000,Arizona,Phoenix city,All,all,0.8413,0.8173,0.8654,Strong,0.7967,0.7909,0.8025,Strong
2023,04,55000,Arizona,Phoenix city,With Disability,disability,0.6538,0.5269,0.7807,Strong,0.5222,0.4916,0.5527,Strong
2023,04,55000,Arizona,Phoenix city,Without Disability,disability,0.8529,0.8285,0.8772,Strong,0.8233,0.8182,0.8284,Strong
2023,04,65000,Arizona,Scottsdale city,All,all,0.9387,0.9022,0.9751,Marginal,0.8386,0.8252,0.8519,Marginal
2023,04,65000,Arizona,Scottsdale city,With Disability,disability,NA,NA,NA,NA,0.6049,0.5291,0.6807,Marginal
2023,04,65000,Arizona,Scottsdale city,Without Disability,disability,0.9473,0.911,0.9837,Marginal,0.8512,0.8375,0.8648,Marginal
2023,04,71510,Arizona,Surprise city,All,all,0.8316,0.7355,0.9276,Strong,0.819,0.7977,0.8403,Strong
2023,04,71510,Arizona,Surprise city,With Disability,disability,NA,NA,NA,NA,0.5118,0.3958,0.6278,Strong
2023,04,71510,Arizona,Surprise city,Without Disability,disability,0.8607,0.7765,0.9449,Strong,0.8444,0.8244,0.8644,Strong
2023,04,73000,Arizona,Tempe city,All,all,0.9766,0.9595,0.9938,Strong,0.8343,0.8188,0.8497,Strong
2023,04,73000,Arizona,Tempe city,With Disability,disability,NA,NA,NA,NA,0.6782,0.6183,0.7381,Strong
2023,04,73000,Arizona,Tempe city,Without Disability,disability,0.9786,0.9615,0.9958,Strong,0.8479,0.8327,0.8631,Strong
2023,04,77000,Arizona,Tucson city,All,all,0.8495,0.8183,0.8808,Strong,0.7829,0.7741,0.7916,Strong
2023,04,77000,Arizona,Tucson city,With Disability,disability,0.7431,0.619,0.8671,Strong,0.4965,0.4618,0.5312,Strong
2023,04,77000,Arizona,Tucson city,Without Disability,disability,0.8589,0.8255,0.8923,Strong,0.8189,0.8095,0.8283,Strong
2023,04,85540,Arizona,Yuma city,All,all,0.8753,0.8064,0.9441,Strong,0.7648,0.739,0.7906,Strong
2023,04,85540,Arizona,Yuma city,With Disability,disability,NA,NA,NA,NA,0.5202,0.428,0.6125,Strong
2023,04,85540,Arizona,Yuma city,Without Disability,disability,0.8711,0.7986,0.9437,Strong,0.7824,0.7563,0.8085,Strong
2023,05,23290,Arkansas,Fayetteville city,All,all,0.9656,0.9401,0.991,Strong,0.8166,0.7905,0.8427,Strong
2023,05,23290,Arkansas,Fayetteville city,With Disability,disability,NA,NA,NA,NA,0.5043,0.4002,0.6084,Strong
2023,05,23290,Arkansas,Fayetteville city,Without Disability,disability,0.9632,0.9357,0.9906,Strong,0.8514,0.8259,0.8769,Strong
2023,05,24550,Arkansas,Fort Smith city,All,all,0.9124,0.8517,0.9731,Marginal,0.7337,0.711,0.7564,Marginal
2023,05,24550,Arkansas,Fort Smith city,With Disability,disability,NA,NA,NA,NA,0.3789,0.321,0.4368,Marginal
2023,05,24550,Arkansas,Fort Smith city,Without Disability,disability,0.8972,0.8252,0.9692,Marginal,0.807,0.7882,0.8259,Marginal
2023,05,35710,Arkansas,Jonesboro city,All,all,0.91,0.8527,0.9674,Marginal,0.7712,0.7475,0.7949,Marginal
2023,05,35710,Arkansas,Jonesboro city,With Disability,disability,NA,NA,NA,NA,0.4726,0.3928,0.5523,Marginal
2023,05,35710,Arkansas,Jonesboro city,Without Disability,disability,0.9239,0.8631,0.9847,Marginal,0.8262,0.8004,0.8521,Marginal
2023,05,41000,Arkansas,Little Rock city,All,all,0.9307,0.8841,0.9773,Strong,0.7895,0.7665,0.8125,Strong
2023,05,41000,Arkansas,Little Rock city,With Disability,disability,NA,NA,NA,NA,0.4787,0.4101,0.5472,Strong
2023,05,41000,Arkansas,Little Rock city,Without Disability,disability,0.933,0.8842,0.9819,Strong,0.8253,0.8011,0.8495,Strong
2023,05,66080,Arkansas,Springdale city,All,all,0.9601,0.9291,0.9911,Marginal,0.8124,0.7902,0.8345,Marginal
2023,05,66080,Arkansas,Springdale city,With Disability,disability,NA,NA,NA,NA,0.3907,0.2925,0.4889,Marginal
2023,05,66080,Arkansas,Springdale city,Without Disability,disability,0.9662,0.9383,0.9941,Marginal,0.8495,0.8285,0.8704,Marginal
2023,06,00562,California,Alameda city,All,all,0.949,0.9005,0.9975,Marginal,0.8374,0.8202,0.8547,Marginal
2023,06,00562,California,Alameda city,With Disability,disability,NA,NA,NA,NA,0.5975,0.5214,0.6736,Marginal
2023,06,00562,California,Alameda city,Without Disability,disability,0.9463,0.8953,0.9973,Marginal,0.8538,0.8372,0.8703,Marginal
2023,06,00884,California,Alhambra city,All,all,0.9445,0.8643,1,Marginal,0.8244,0.8065,0.8424,Marginal
2023,06,00884,California,Alhambra city,With Disability,disability,NA,NA,NA,NA,0.5929,0.4844,0.7015,Marginal
2023,06,00884,California,Alhambra city,Without Disability,disability,0.9423,0.8588,1,Marginal,0.8362,0.8192,0.8531,Marginal
2023,06,02000,California,Anaheim city,All,all,0.941,0.9159,0.966,Strong,0.8093,0.7967,0.8219,Strong
2023,06,02000,California,Anaheim city,With Disability,disability,NA,NA,NA,NA,0.5109,0.4462,0.5756,Strong
2023,06,02000,California,Anaheim city,Without Disability,disability,0.9482,0.9229,0.9736,Strong,0.8263,0.8133,0.8392,Strong
2023,06,02252,California,Antioch city,All,all,0.8849,0.8125,0.9573,Strong,0.7697,0.744,0.7955,Strong
2023,06,02252,California,Antioch city,With Disability,disability,NA,NA,NA,NA,0.4573,0.3415,0.5732,Strong
2023,06,02252,California,Antioch city,Without Disability,disability,0.8983,0.8221,0.9745,Strong,0.8131,0.7899,0.8364,Strong
2023,06,02364,California,Apple Valley town,All,all,0.9056,0.8518,0.9593,Marginal,0.6565,0.6323,0.6808,Marginal
2023,06,02364,California,Apple Valley town,With Disability,disability,NA,NA,NA,NA,0.3266,0.2439,0.4093,Marginal
2023,06,02364,California,Apple Valley town,Without Disability,disability,0.9104,0.8528,0.9679,Marginal,0.6988,0.6721,0.7254,Marginal
2023,06,03526,California,Bakersfield city,All,all,0.9241,0.893,0.9552,Strong,0.7497,0.7351,0.7643,Strong
2023,06,03526,California,Bakersfield city,With Disability,disability,NA,NA,NA,NA,0.3986,0.333,0.4642,Strong
2023,06,03526,California,Bakersfield city,Without Disability,disability,0.9267,0.8946,0.9588,Strong,0.7785,0.7638,0.7933,Strong
2023,06,04982,California,Bellflower city,All,all,0.9386,0.8945,0.9827,Marginal,0.7752,0.7549,0.7955,Marginal
2023,06,04982,California,Bellflower city,With Disability,disability,NA,NA,NA,NA,0.4495,0.3651,0.5339,Marginal
2023,06,04982,California,Bellflower city,Without Disability,disability,0.9394,0.8923,0.9865,Marginal,0.8006,0.7821,0.819,Marginal
2023,06,06000,California,Berkeley city,All,all,0.9979,0.994,1,Strong,0.8325,0.814,0.8509,Strong
2023,06,06000,California,Berkeley city,With Disability,disability,1,1,1,Strong,0.6287,0.528,0.7294,Strong
2023,06,06000,California,Berkeley city,Without Disability,disability,0.9977,0.9935,1,Strong,0.8461,0.8278,0.8645,Strong
2023,06,08786,California,Buena Park city,All,all,0.9663,0.946,0.9865,Weak,0.8136,0.8002,0.8269,Weak
2023,06,08786,California,Buena Park city,With Disability,disability,NA,NA,NA,NA,0.5312,0.4466,0.6158,Weak
2023,06,08786,California,Buena Park city,Without Disability,disability,0.9705,0.9494,0.9916,Weak,0.8277,0.8128,0.8426,Weak
2023,06,08954,California,Burbank city,All,all,0.9683,0.9161,1,Strong,0.7934,0.7714,0.8153,Strong
2023,06,08954,California,Burbank city,With Disability,disability,NA,NA,NA,NA,0.5744,0.4471,0.7018,Strong
2023,06,08954,California,Burbank city,Without Disability,disability,0.9654,0.9083,1,Strong,0.8062,0.7848,0.8275,Strong
2023,06,11194,California,Carlsbad city,All,all,0.966,0.9253,1,Strong,0.8264,0.8079,0.845,Strong
2023,06,11194,California,Carlsbad city,With Disability,disability,NA,NA,NA,NA,0.5417,0.4127,0.6706,Strong
2023,06,11194,California,Carlsbad city,Without Disability,disability,0.9823,0.9531,1,Strong,0.8411,0.8218,0.8604,Strong
2023,06,11530,California,Carson city,All,all,0.9816,0.9483,1,Strong,0.7816,0.7535,0.8097,Strong
2023,06,11530,California,Carson city,With Disability,disability,NA,NA,NA,NA,0.4196,0.3125,0.5267,Strong
2023,06,11530,California,Carson city,Without Disability,disability,0.981,0.9463,1,Strong,0.8054,0.7767,0.8342,Strong
2023,06,13014,California,Chico city,All,all,0.9667,0.9472,0.9862,Marginal,0.7632,0.7436,0.7829,Marginal
2023,06,13014,California,Chico city,With Disability,disability,NA,NA,NA,NA,0.4344,0.376,0.4928,Marginal
2023,06,13014,California,Chico city,Without Disability,disability,0.9749,0.9606,0.9893,Marginal,0.8114,0.7913,0.8315,Marginal
2023,06,13210,California,Chino city,All,all,0.931,0.8881,0.9738,Marginal,0.7881,0.7701,0.8062,Marginal
2023,06,13210,California,Chino city,With Disability,disability,NA,NA,NA,NA,0.5223,0.4355,0.6092,Marginal
2023,06,13210,California,Chino city,Without Disability,disability,0.9399,0.8951,0.9848,Marginal,0.8007,0.7822,0.8191,Marginal
2023,06,13214,California,Chino Hills city,All,all,0.9353,0.8866,0.9839,Marginal,0.7892,0.7697,0.8086,Marginal
2023,06,13214,California,Chino Hills city,With Disability,disability,NA,NA,NA,NA,0.5349,0.4402,0.6295,Marginal
2023,06,13214,California,Chino Hills city,Without Disability,disability,0.9423,0.8916,0.9931,Marginal,0.8008,0.7811,0.8205,Marginal
2023,06,13392,California,Chula Vista city,All,all,0.9383,0.9072,0.9694,Strong,0.7928,0.7764,0.8093,Strong
2023,06,13392,California,Chula Vista city,With Disability,disability,NA,NA,NA,NA,0.4823,0.4082,0.5564,Strong
2023,06,13392,California,Chula Vista city,Without Disability,disability,0.9363,0.9045,0.9681,Strong,0.8157,0.7998,0.8316,Strong
2023,06,13588,California,Citrus Heights city,All,all,0.9467,0.8892,1,Strong,0.7887,0.7648,0.8127,Strong
2023,06,13588,California,Citrus Heights city,With Disability,disability,NA,NA,NA,NA,0.4552,0.3642,0.5461,Strong
2023,06,13588,California,Citrus Heights city,Without Disability,disability,0.943,0.8784,1,Strong,0.821,0.7974,0.8446,Strong
2023,06,14218,California,Clovis city,All,all,0.9554,0.9154,0.9954,Strong,0.813,0.7914,0.8346,Strong
2023,06,14218,California,Clovis city,With Disability,disability,NA,NA,NA,NA,0.5323,0.4261,0.6386,Strong
2023,06,14218,California,Clovis city,Without Disability,disability,0.9542,0.9129,0.9955,Strong,0.8343,0.8109,0.8577,Strong
2023,06,15044,California,Compton city,All,all,0.9158,0.8791,0.9524,Marginal,0.7416,0.7221,0.7611,Marginal
2023,06,15044,California,Compton city,With Disability,disability,NA,NA,NA,NA,0.3949,0.323,0.4668,Marginal
2023,06,15044,California,Compton city,Without Disability,disability,0.9243,0.8882,0.9604,Marginal,0.7739,0.7543,0.7936,Marginal
2023,06,16000,California,Concord city,All,all,0.9372,0.8988,0.9755,Marginal,0.8273,0.8137,0.841,Marginal
2023,06,16000,California,Concord city,With Disability,disability,NA,NA,NA,NA,0.5666,0.5053,0.6279,Marginal
2023,06,16000,California,Concord city,Without Disability,disability,0.9512,0.9157,0.9866,Marginal,0.8467,0.8329,0.8606,Marginal
2023,06,16350,California,Corona city,All,all,0.9181,0.8753,0.9608,Marginal,0.7917,0.777,0.8065,Marginal
2023,06,16350,California,Corona city,With Disability,disability,NA,NA,NA,NA,0.5125,0.4444,0.5805,Marginal
2023,06,16350,California,Corona city,Without Disability,disability,0.9213,0.8773,0.9654,Marginal,0.8101,0.7955,0.8247,Marginal
2023,06,16532,California,Costa Mesa city,All,all,0.9446,0.9068,0.9825,Marginal,0.8442,0.8281,0.8603,Marginal
2023,06,16532,California,Costa Mesa city,With Disability,disability,NA,NA,NA,NA,0.6334,0.5434,0.7235,Marginal
2023,06,16532,California,Costa Mesa city,Without Disability,disability,0.9518,0.9135,0.9902,Marginal,0.8553,0.8388,0.8718,Marginal
2023,06,17918,California,Daly City city,All,all,0.8566,0.7486,0.9646,Marginal,0.8642,0.8496,0.8788,Marginal
2023,06,17918,California,Daly City city,With Disability,disability,NA,NA,NA,NA,0.5197,0.4041,0.6353,Marginal
2023,06,17918,California,Daly City city,Without Disability,disability,0.8671,0.7578,0.9763,Marginal,0.8809,0.8659,0.8958,Marginal
2023,06,19766,California,Downey city,All,all,0.9114,0.857,0.9657,Strong,0.7875,0.7682,0.8068,Strong
2023,06,19766,California,Downey city,With Disability,disability,NA,NA,NA,NA,0.5164,0.4152,0.6177,Strong
2023,06,19766,California,Downey city,Without Disability,disability,0.9118,0.8564,0.9672,Strong,0.8088,0.7892,0.8283,Strong
2023,06,21712,California,El Cajon city,All,all,0.9127,0.8636,0.9619,Marginal,0.7678,0.7492,0.7865,Marginal
2023,06,21712,California,El Cajon city,With Disability,disability,NA,NA,NA,NA,0.4677,0.4016,0.5337,Marginal
2023,06,21712,California,El Cajon city,Without Disability,disability,0.9194,0.869,0.9698,Marginal,0.7965,0.778,0.815,Marginal
2023,06,22020,California,Elk Grove city,All,all,0.9195,0.8803,0.9588,Strong,0.7915,0.7747,0.8082,Strong
2023,06,22020,California,Elk Grove city,With Disability,disability,NA,NA,NA,NA,0.3527,0.2865,0.4189,Strong
2023,06,22020,California,Elk Grove city,Without Disability,disability,0.9423,0.9077,0.977,Strong,0.8232,0.8069,0.8395,Strong
2023,06,22230,California,El Monte city,All,all,0.8756,0.8151,0.936,Strong,0.7558,0.7358,0.7758,Strong
2023,06,22230,California,El Monte city,With Disability,disability,NA,NA,NA,NA,0.4418,0.3541,0.5295,Strong
2023,06,22230,California,El Monte city,Without Disability,disability,0.8854,0.8246,0.9461,Strong,0.775,0.7548,0.7952,Strong
2023,06,22804,California,Escondido city,All,all,0.9295,0.8876,0.9713,Strong,0.7735,0.7532,0.7937,Strong
2023,06,22804,California,Escondido city,With Disability,disability,NA,NA,NA,NA,0.5555,0.4694,0.6415,Strong
2023,06,22804,California,Escondido city,Without Disability,disability,0.9409,0.9026,0.9793,Strong,0.7906,0.7686,0.8126,Strong
2023,06,23182,California,Fairfield city,All,all,0.9313,0.8827,0.9799,Strong,0.779,0.7604,0.7976,Strong
2023,06,23182,California,Fairfield city,With Disability,disability,NA,NA,NA,NA,0.4762,0.3975,0.5548,Strong
2023,06,23182,California,Fairfield city,Without Disability,disability,0.9308,0.8811,0.9805,Strong,0.8059,0.7878,0.8239,Strong
2023,06,24638,California,Folsom city,All,all,0.9722,0.9428,1,Marginal,0.8285,0.8068,0.8503,Marginal
2023,06,24638,California,Folsom city,With Disability,disability,NA,NA,NA,NA,0.5471,0.4394,0.6547,Marginal
2023,06,24638,California,Folsom city,Without Disability,disability,0.9823,0.9552,1,Marginal,0.845,0.8242,0.8659,Marginal
2023,06,24680,California,Fontana city,All,all,0.9382,0.897,0.9795,Strong,0.7534,0.7359,0.771,Strong
2023,06,24680,California,Fontana city,With Disability,disability,NA,NA,NA,NA,0.4158,0.3303,0.5013,Strong
2023,06,24680,California,Fontana city,Without Disability,disability,0.9554,0.9258,0.985,Strong,0.7774,0.7604,0.7943,Strong
2023,06,26000,California,Fremont city,All,all,0.9622,0.9368,0.9875,Strong,0.8263,0.8134,0.8392,Strong
2023,06,26000,California,Fremont city,With Disability,disability,NA,NA,NA,NA,0.4822,0.3998,0.5646,Strong
2023,06,26000,California,Fremont city,Without Disability,disability,0.9645,0.939,0.9899,Strong,0.8391,0.8269,0.8513,Strong
2023,06,27000,California,Fresno city,All,all,0.9172,0.8896,0.9449,Strong,0.7446,0.7335,0.7557,Strong
2023,06,27000,California,Fresno city,With Disability,disability,0.7623,0.6516,0.8731,Strong,0.4408,0.4006,0.481,Strong
2023,06,27000,California,Fresno city,Without Disability,disability,0.9328,0.9052,0.9603,Strong,0.7832,0.7722,0.7943,Strong
2023,06,28000,California,Fullerton city,All,all,0.9662,0.9295,1,Marginal,0.7956,0.7781,0.813,Marginal
2023,06,28000,California,Fullerton city,With Disability,disability,NA,NA,NA,NA,0.5856,0.4887,0.6825,Marginal
2023,06,28000,California,Fullerton city,Without Disability,disability,0.967,0.9296,1,Marginal,0.8089,0.7903,0.8275,Marginal
2023,06,29000,California,Garden Grove city,All,all,0.9328,0.8982,0.9674,Strong,0.7925,0.7787,0.8063,Strong
2023,06,29000,California,Garden Grove city,With Disability,disability,NA,NA,NA,NA,0.5231,0.4506,0.5956,Strong
2023,06,29000,California,Garden Grove city,Without Disability,disability,0.9379,0.9051,0.9708,Strong,0.8093,0.7967,0.8219,Strong
2023,06,30000,California,Glendale city,All,all,0.9466,0.8955,0.9976,Strong,0.793,0.7715,0.8145,Strong
2023,06,30000,California,Glendale city,With Disability,disability,NA,NA,NA,NA,0.4097,0.3099,0.5094,Strong
2023,06,30000,California,Glendale city,Without Disability,disability,0.9468,0.895,0.9987,Strong,0.8105,0.7892,0.8317,Strong
2023,06,32548,California,Hawthorne city,All,all,0.9303,0.8848,0.9757,Marginal,0.7842,0.7583,0.8101,Marginal
2023,06,32548,California,Hawthorne city,With Disability,disability,NA,NA,NA,NA,0.6686,0.5999,0.7372,Marginal
2023,06,32548,California,Hawthorne city,Without Disability,disability,0.9325,0.8882,0.9769,Marginal,0.7944,0.7664,0.8224,Marginal
2023,06,33000,California,Hayward city,All,all,0.9552,0.9203,0.9901,Strong,0.8097,0.7958,0.8236,Strong
2023,06,33000,California,Hayward city,With Disability,disability,NA,NA,NA,NA,0.5209,0.4355,0.6062,Strong
2023,06,33000,California,Hayward city,Without Disability,disability,0.9728,0.9437,1,Strong,0.828,0.8141,0.8419,Strong
2023,06,33182,California,Hemet city,All,all,0.9381,0.8864,0.9899,Marginal,0.7182,0.6939,0.7425,Marginal
2023,06,33182,California,Hemet city,With Disability,disability,NA,NA,NA,NA,0.391,0.317,0.465,Marginal
2023,06,33182,California,Hemet city,Without Disability,disability,0.9512,0.9051,0.9974,Marginal,0.7641,0.7401,0.7882,Marginal
2023,06,33434,California,Hesperia city,All,all,0.9056,0.8522,0.959,Marginal,0.6565,0.6324,0.6807,Marginal
2023,06,33434,California,Hesperia city,With Disability,disability,NA,NA,NA,NA,0.3274,0.2452,0.4096,Marginal
2023,06,33434,California,Hesperia city,Without Disability,disability,0.9105,0.8533,0.9677,Marginal,0.6987,0.6722,0.7253,Marginal
2023,06,36000,California,Huntington Beach city,All,all,0.9257,0.8816,0.9697,Strong,0.8266,0.8102,0.8431,Strong
2023,06,36000,California,Huntington Beach city,With Disability,disability,NA,NA,NA,NA,0.5784,0.497,0.6599,Strong
2023,06,36000,California,Huntington Beach city,Without Disability,disability,0.9383,0.8963,0.9802,Strong,0.8426,0.8266,0.8586,Strong
2023,06,36448,California,Indio city,All,all,0.8232,0.75,0.8963,Marginal,0.7851,0.7653,0.805,Marginal
2023,06,36448,California,Indio city,With Disability,disability,NA,NA,NA,NA,0.5122,0.416,0.6085,Marginal
2023,06,36448,California,Indio city,Without Disability,disability,0.8294,0.7521,0.9067,Marginal,0.8029,0.7833,0.8225,Marginal
2023,06,36546,California,Inglewood city,All,all,0.8672,0.7767,0.9577,Strong,0.7758,0.7532,0.7984,Strong
2023,06,36546,California,Inglewood city,With Disability,disability,NA,NA,NA,NA,0.4834,0.3917,0.575,Strong
2023,06,36546,California,Inglewood city,Without Disability,disability,0.8752,0.7815,0.9689,Strong,0.8049,0.7822,0.8276,Strong
2023,06,36770,California,Irvine city,All,all,0.9712,0.9483,0.994,Strong,0.7957,0.7806,0.8107,Strong
2023,06,36770,California,Irvine city,With Disability,disability,0.9216,0.8341,1,Strong,0.5974,0.5071,0.6877,Strong
2023,06,36770,California,Irvine city,Without Disability,disability,0.9739,0.9495,0.9982,Strong,0.8038,0.789,0.8186,Strong
2023,06,37692,California,Jurupa Valley city,All,all,0.9059,0.8542,0.9577,Marginal,0.7853,0.7632,0.8074,Marginal
2023,06,37692,California,Jurupa Valley city,With Disability,disability,NA,NA,NA,NA,0.4716,0.365,0.5783,Marginal
2023,06,37692,California,Jurupa Valley city,Without Disability,disability,0.9188,0.8734,0.9642,Marginal,0.8032,0.7809,0.8255,Marginal
2023,06,39496,California,Lake Forest city,All,all,0.9621,0.9332,0.991,Marginal,0.8115,0.7929,0.83,Marginal
2023,06,39496,California,Lake Forest city,With Disability,disability,NA,NA,NA,NA,0.6477,0.526,0.7694,Marginal
2023,06,39496,California,Lake Forest city,Without Disability,disability,0.9635,0.9326,0.9944,Marginal,0.8186,0.8,0.8371,Marginal
2023,06,39892,California,Lakewood city,All,all,0.9081,0.8477,0.9685,Marginal,0.819,0.8023,0.8357,Marginal
2023,06,39892,California,Lakewood city,With Disability,disability,NA,NA,NA,NA,0.4731,0.3615,0.5847,Marginal
2023,06,39892,California,Lakewood city,Without Disability,disability,0.9241,0.8681,0.98,Marginal,0.836,0.8195,0.8525,Marginal
2023,06,40130,California,Lancaster city,All,all,0.8907,0.8268,0.9545,Strong,0.6963,0.6747,0.7179,Strong
2023,06,40130,California,Lancaster city,With Disability,disability,NA,NA,NA,NA,0.3825,0.3023,0.4628,Strong
2023,06,40130,California,Lancaster city,Without Disability,disability,0.9278,0.8813,0.9742,Strong,0.7293,0.7085,0.7502,Strong
2023,06,41992,California,Livermore city,All,all,0.9715,0.9313,1,Marginal,0.8289,0.8084,0.8493,Marginal
2023,06,41992,California,Livermore city,With Disability,disability,NA,NA,NA,NA,0.5165,0.3885,0.6445,Marginal
2023,06,41992,California,Livermore city,Without Disability,disability,0.9707,0.9293,1,Marginal,0.8493,0.8295,0.8691,Marginal
2023,06,43000,California,Long Beach city,All,all,0.9229,0.8918,0.954,Strong,0.8064,0.7957,0.8171,Strong
2023,06,43000,California,Long Beach city,With Disability,disability,0.7236,0.5526,0.8947,Strong,0.5378,0.4916,0.584,Strong
2023,06,43000,California,Long Beach city,Without Disability,disability,0.9358,0.9063,0.9653,Strong,0.8265,0.8156,0.8374,Strong
2023,06,44000,California,Los Angeles city,All,all,0.8993,0.8891,0.9096,Strong,0.78,0.7767,0.7834,Strong
2023,06,44000,California,Los Angeles city,With Disability,disability,0.8336,0.7885,0.8788,Strong,0.5035,0.4838,0.5231,Strong
2023,06,44000,California,Los Angeles city,Without Disability,disability,0.9037,0.8933,0.9141,Strong,0.7987,0.7953,0.8021,Strong
2023,06,45484,California,Manteca city,All,all,0.9375,0.8836,0.9914,Marginal,0.7383,0.7104,0.7663,Marginal
2023,06,45484,California,Manteca city,With Disability,disability,NA,NA,NA,NA,0.4932,0.3823,0.604,Marginal
2023,06,45484,California,Manteca city,Without Disability,disability,0.939,0.8826,0.9954,Marginal,0.7606,0.7324,0.7888,Marginal
2023,06,46842,California,Menifee city,All,all,0.8892,0.8081,0.9703,Strong,0.732,0.711,0.753,Strong
2023,06,46842,California,Menifee city,With Disability,disability,NA,NA,NA,NA,0.4336,0.3392,0.5281,Strong
2023,06,46842,California,Menifee city,Without Disability,disability,0.9144,0.8449,0.9839,Strong,0.7634,0.7412,0.7857,Strong
2023,06,46898,California,Merced city,All,all,0.9285,0.8868,0.9701,Marginal,0.7208,0.6972,0.7444,Marginal
2023,06,46898,California,Merced city,With Disability,disability,NA,NA,NA,NA,0.4045,0.336,0.4731,Marginal
2023,06,46898,California,Merced city,Without Disability,disability,0.9336,0.8937,0.9735,Marginal,0.7536,0.7307,0.7764,Marginal
2023,06,47766,California,Milpitas city,All,all,0.9422,0.8998,0.9846,Marginal,0.8376,0.8199,0.8552,Marginal
2023,06,47766,California,Milpitas city,With Disability,disability,NA,NA,NA,NA,0.6082,0.4529,0.7634,Marginal
2023,06,47766,California,Milpitas city,Without Disability,disability,0.9709,0.9411,1,Marginal,0.8441,0.8263,0.862,Marginal
2023,06,48256,California,Mission Viejo city,All,all,0.9557,0.9126,0.9989,Marginal,0.8065,0.7817,0.8313,Marginal
2023,06,48256,California,Mission Viejo city,With Disability,disability,NA,NA,NA,NA,0.517,0.3993,0.6347,Marginal
2023,06,48256,California,Mission Viejo city,Without Disability,disability,0.9697,0.9285,1,Marginal,0.8218,0.7976,0.8459,Marginal
2023,06,48354,California,Modesto city,All,all,0.9187,0.8677,0.9697,Strong,0.7395,0.7196,0.7594,Strong
2023,06,48354,California,Modesto city,With Disability,disability,NA,NA,NA,NA,0.3839,0.3214,0.4464,Strong
2023,06,48354,California,Modesto city,Without Disability,disability,0.9165,0.8641,0.9688,Strong,0.7796,0.7606,0.7986,Strong
2023,06,49270,California,Moreno Valley city,All,all,0.9484,0.9213,0.9756,Strong,0.7402,0.7236,0.7568,Strong
2023,06,49270,California,Moreno Valley city,With Disability,disability,NA,NA,NA,NA,0.4207,0.3493,0.4922,Strong
2023,06,49270,California,Moreno Valley city,Without Disability,disability,0.9488,0.9203,0.9772,Strong,0.7667,0.7509,0.7825,Strong
2023,06,49670,California,Mountain View city,All,all,0.9597,0.9179,1,Marginal,0.8313,0.8118,0.8508,Marginal
2023,06,49670,California,Mountain View city,With Disability,disability,NA,NA,NA,NA,0.7288,0.6147,0.843,Marginal
2023,06,49670,California,Mountain View city,Without Disability,disability,0.9572,0.9128,1,Marginal,0.8349,0.8161,0.8538,Marginal
2023,06,50076,California,Murrieta city,All,all,0.939,0.9031,0.9748,Marginal,0.7545,0.7351,0.774,Marginal
2023,06,50076,California,Murrieta city,With Disability,disability,NA,NA,NA,NA,0.4939,0.3973,0.5905,Marginal
2023,06,50076,California,Murrieta city,Without Disability,disability,0.9587,0.9355,0.982,Marginal,0.776,0.7561,0.7958,Marginal
2023,06,50258,California,Napa city,All,all,0.9421,0.9048,0.9793,Marginal,0.8299,0.8133,0.8466,Marginal
2023,06,50258,California,Napa city,With Disability,disability,NA,NA,NA,NA,0.5467,0.4646,0.6288,Marginal
2023,06,50258,California,Napa city,Without Disability,disability,0.9555,0.9233,0.9877,Marginal,0.8546,0.8381,0.8712,Marginal
2023,06,51182,California,Newport Beach city,All,all,0.952,0.9205,0.9835,Marginal,0.8121,0.7988,0.8255,Marginal
2023,06,51182,California,Newport Beach city,With Disability,disability,NA,NA,NA,NA,0.6278,0.5468,0.7087,Marginal
2023,06,51182,California,Newport Beach city,Without Disability,disability,0.9573,0.9271,0.9876,Marginal,0.8213,0.8075,0.835,Marginal
2023,06,52526,California,Norwalk city,All,all,0.94,0.8907,0.9892,Strong,0.808,0.7842,0.8317,Strong
2023,06,52526,California,Norwalk city,With Disability,disability,NA,NA,NA,NA,0.5476,0.4347,0.6606,Strong
2023,06,52526,California,Norwalk city,Without Disability,disability,0.9658,0.9307,1,Strong,0.8267,0.8039,0.8496,Strong
2023,06,53000,California,Oakland city,All,all,0.9088,0.873,0.9447,Strong,0.8141,0.8035,0.8248,Strong
2023,06,53000,California,Oakland city,With Disability,disability,0.8523,0.6999,1,Strong,0.5241,0.4831,0.5651,Strong
2023,06,53000,California,Oakland city,Without Disability,disability,0.9137,0.8773,0.9501,Strong,0.838,0.8279,0.8482,Strong
2023,06,53322,California,Oceanside city,All,all,0.9746,0.9607,0.9885,Marginal,0.7914,0.7761,0.8067,Marginal
2023,06,53322,California,Oceanside city,With Disability,disability,NA,NA,NA,NA,0.5574,0.4839,0.631,Marginal
2023,06,53322,California,Oceanside city,Without Disability,disability,0.981,0.9679,0.9941,Marginal,0.8106,0.7959,0.8252,Marginal
2023,06,53896,California,Ontario city,All,all,0.8942,0.8492,0.9392,Strong,0.7732,0.7524,0.7941,Strong
2023,06,53896,California,Ontario city,With Disability,disability,NA,NA,NA,NA,0.4016,0.3201,0.4832,Strong
2023,06,53896,California,Ontario city,Without Disability,disability,0.9187,0.8775,0.96,Strong,0.799,0.7774,0.8206,Strong
2023,06,53980,California,Orange city,All,all,0.9376,0.8947,0.9805,Marginal,0.828,0.8107,0.8453,Marginal
2023,06,53980,California,Orange city,With Disability,disability,NA,NA,NA,NA,0.5344,0.4491,0.6197,Marginal
2023,06,53980,California,Orange city,Without Disability,disability,0.9377,0.8927,0.9826,Marginal,0.8433,0.8269,0.8597,Marginal
2023,06,54652,California,Oxnard city,All,all,0.9051,0.8684,0.9418,Strong,0.7931,0.7787,0.8075,Strong
2023,06,54652,California,Oxnard city,With Disability,disability,NA,NA,NA,NA,0.4965,0.433,0.5599,Strong
2023,06,54652,California,Oxnard city,Without Disability,disability,0.907,0.8695,0.9445,Strong,0.8134,0.7995,0.8272,Strong
2023,06,55156,California,Palmdale city,All,all,0.8961,0.8474,0.9448,Strong,0.7152,0.6939,0.7365,Strong
2023,06,55156,California,Palmdale city,With Disability,disability,NA,NA,NA,NA,0.3913,0.3315,0.4512,Strong
2023,06,55156,California,Palmdale city,Without Disability,disability,0.9224,0.8761,0.9687,Strong,0.7507,0.7292,0.7722,Strong
2023,06,56000,California,Pasadena city,All,all,0.9357,0.8793,0.992,Strong,0.8354,0.8181,0.8526,Strong
2023,06,56000,California,Pasadena city,With Disability,disability,NA,NA,NA,NA,0.6231,0.5055,0.7408,Strong
2023,06,56000,California,Pasadena city,Without Disability,disability,0.935,0.8746,0.9954,Strong,0.8446,0.8277,0.8615,Strong
2023,06,56700,California,Perris city,All,all,0.9483,0.9165,0.9801,Marginal,0.7276,0.7014,0.7539,Marginal
2023,06,56700,California,Perris city,With Disability,disability,NA,NA,NA,NA,0.4441,0.3351,0.5531,Marginal
2023,06,56700,California,Perris city,Without Disability,disability,0.9577,0.9273,0.988,Marginal,0.7548,0.7294,0.7802,Marginal
2023,06,57456,California,Pittsburg city,All,all,0.8913,0.809,0.9735,Marginal,0.7634,0.7341,0.7927,Marginal
2023,06,57456,California,Pittsburg city,With Disability,disability,NA,NA,NA,NA,0.4112,0.3141,0.5083,Marginal
2023,06,57456,California,Pittsburg city,Without Disability,disability,0.8824,0.7929,0.972,Marginal,0.8101,0.7827,0.8376,Marginal
2023,06,57792,California,Pleasanton city,All,all,0.9602,0.9076,1,Marginal,0.8339,0.816,0.8518,Marginal
2023,06,57792,California,Pleasanton city,With Disability,disability,NA,NA,NA,NA,0.604,0.4509,0.7571,Marginal
2023,06,57792,California,Pleasanton city,Without Disability,disability,0.9948,0.9792,1,Marginal,0.8411,0.8235,0.8586,Marginal
2023,06,58072,California,Pomona city,All,all,0.8922,0.8323,0.952,Strong,0.7665,0.7443,0.7887,Strong
2023,06,58072,California,Pomona city,With Disability,disability,NA,NA,NA,NA,0.4595,0.3662,0.5528,Strong
2023,06,58072,California,Pomona city,Without Disability,disability,0.8894,0.8276,0.9513,Strong,0.791,0.7686,0.8134,Strong
2023,06,59444,California,Rancho Cordova city,All,all,0.8805,0.8065,0.9545,Marginal,0.7897,0.7717,0.8077,Marginal
2023,06,59444,California,Rancho Cordova city,With Disability,disability,NA,NA,NA,NA,0.4768,0.4012,0.5524,Marginal
2023,06,59444,California,Rancho Cordova city,Without Disability,disability,0.8939,0.8059,0.982,Marginal,0.8313,0.8164,0.8463,Marginal
2023,06,59451,California,Rancho Cucamonga city,All,all,0.9626,0.9355,0.9896,Strong,0.8102,0.7903,0.8301,Strong
2023,06,59451,California,Rancho Cucamonga city,With Disability,disability,NA,NA,NA,NA,0.4811,0.3751,0.5871,Strong
2023,06,59451,California,Rancho Cucamonga city,Without Disability,disability,0.9651,0.9394,0.9909,Strong,0.8285,0.8098,0.8473,Strong
2023,06,59920,California,Redding city,All,all,0.9423,0.9029,0.9817,Marginal,0.7475,0.7289,0.766,Marginal
2023,06,59920,California,Redding city,With Disability,disability,NA,NA,NA,NA,0.4007,0.3405,0.461,Marginal
2023,06,59920,California,Redding city,Without Disability,disability,0.9652,0.9354,0.9951,Marginal,0.7991,0.782,0.8161,Marginal
2023,06,60102,California,Redwood City city,All,all,0.9262,0.8725,0.98,Marginal,0.8466,0.8316,0.8616,Marginal
2023,06,60102,California,Redwood City city,With Disability,disability,NA,NA,NA,NA,0.6418,0.5503,0.7333,Marginal
2023,06,60102,California,Redwood City city,Without Disability,disability,0.9534,0.8994,1,Marginal,0.8543,0.8381,0.8704,Marginal
2023,06,60466,California,Rialto city,All,all,0.9693,0.9515,0.987,Marginal,0.7529,0.7319,0.7738,Marginal
2023,06,60466,California,Rialto city,With Disability,disability,NA,NA,NA,NA,0.4983,0.4098,0.5867,Marginal
2023,06,60466,California,Rialto city,Without Disability,disability,0.9757,0.9587,0.9927,Marginal,0.769,0.7476,0.7904,Marginal
2023,06,60620,California,Richmond city,All,all,0.9161,0.8656,0.9667,Marginal,0.7921,0.7765,0.8076,Marginal
2023,06,60620,California,Richmond city,With Disability,disability,NA,NA,NA,NA,0.5568,0.4802,0.6335,Marginal
2023,06,60620,California,Richmond city,Without Disability,disability,0.914,0.86,0.9681,Marginal,0.8071,0.792,0.8222,Marginal
2023,06,62000,California,Riverside city,All,all,0.9336,0.9078,0.9594,Strong,0.7893,0.774,0.8047,Strong
2023,06,62000,California,Riverside city,With Disability,disability,0.8588,0.7295,0.9882,Strong,0.4625,0.4013,0.5237,Strong
2023,06,62000,California,Riverside city,Without Disability,disability,0.939,0.9147,0.9633,Strong,0.8116,0.7958,0.8274,Strong
2023,06,62938,California,Roseville city,All,all,0.9415,0.9049,0.9781,Strong,0.8287,0.8117,0.8458,Strong
2023,06,62938,California,Roseville city,With Disability,disability,NA,NA,NA,NA,0.5356,0.4498,0.6214,Strong
2023,06,62938,California,Roseville city,Without Disability,disability,0.9624,0.9307,0.9941,Strong,0.8498,0.8328,0.8668,Strong
2023,06,64000,California,Sacramento city,All,all,0.9033,0.8719,0.9347,Strong,0.8045,0.7939,0.8152,Strong
2023,06,64000,California,Sacramento city,With Disability,disability,0.7228,0.5636,0.8821,Strong,0.5001,0.461,0.5392,Strong
2023,06,64000,California,Sacramento city,Without Disability,disability,0.9144,0.8814,0.9474,Strong,0.8301,0.8201,0.8401,Strong
2023,06,64224,California,Salinas city,All,all,0.9053,0.859,0.9516,Strong,0.7393,0.7187,0.7599,Strong
2023,06,64224,California,Salinas city,With Disability,disability,NA,NA,NA,NA,0.4909,0.3972,0.5846,Strong
2023,06,64224,California,Salinas city,Without Disability,disability,0.9067,0.8615,0.952,Strong,0.7536,0.7329,0.7744,Strong
2023,06,65000,California,San Bernardino city,All,all,0.9435,0.9185,0.9686,Marginal,0.7261,0.7108,0.7415,Marginal
2023,06,65000,California,San Bernardino city,With Disability,disability,NA,NA,NA,NA,0.3947,0.3332,0.4563,Marginal
2023,06,65000,California,San Bernardino city,Without Disability,disability,0.9471,0.921,0.9732,Marginal,0.7601,0.7448,0.7755,Marginal
2023,06,65042,California,San Buenaventura (Ventura) city,All,all,0.9618,0.9269,0.9966,Strong,0.827,0.8059,0.848,Strong
2023,06,65042,California,San Buenaventura (Ventura) city,With Disability,disability,NA,NA,NA,NA,0.5293,0.4403,0.6182,Strong
2023,06,65042,California,San Buenaventura (Ventura) city,Without Disability,disability,0.9582,0.9204,0.9961,Strong,0.8551,0.8359,0.8743,Strong
2023,06,66000,California,San Diego city,All,all,0.9614,0.9515,0.9714,Strong,0.8284,0.8222,0.8346,Strong
2023,06,66000,California,San Diego city,With Disability,disability,0.9592,0.9261,0.9924,Strong,0.567,0.5328,0.6012,Strong
2023,06,66000,California,San Diego city,Without Disability,disability,0.9616,0.9514,0.9717,Strong,0.8446,0.8389,0.8502,Strong
2023,06,67000,California,San Francisco city,All,all,0.9624,0.9441,0.9808,Strong,0.8521,0.8451,0.859,Strong
2023,06,67000,California,San Francisco city,With Disability,disability,0.928,0.8412,1,Strong,0.56,0.518,0.602,Strong
2023,06,67000,California,San Francisco city,Without Disability,disability,0.9657,0.9474,0.9839,Strong,0.8683,0.8615,0.8752,Strong
2023,06,68000,California,San Jose city,All,all,0.9265,0.9043,0.9487,Strong,0.8324,0.8264,0.8384,Strong
2023,06,68000,California,San Jose city,With Disability,disability,0.8307,0.7425,0.9189,Strong,0.5198,0.4811,0.5585,Strong
2023,06,68000,California,San Jose city,Without Disability,disability,0.9325,0.9103,0.9547,Strong,0.8467,0.8408,0.8526,Strong
2023,06,68084,California,San Leandro city,All,all,0.949,0.9005,0.9974,Marginal,0.8374,0.8202,0.8547,Marginal
2023,06,68084,California,San Leandro city,With Disability,disability,NA,NA,NA,NA,0.5974,0.5214,0.6735,Marginal
2023,06,68084,California,San Leandro city,Without Disability,disability,0.9463,0.8953,0.9972,Marginal,0.8538,0.8372,0.8703,Marginal
2023,06,68196,California,San Marcos city,All,all,0.9469,0.8863,1,Marginal,0.8154,0.7955,0.8352,Marginal
2023,06,68196,California,San Marcos city,With Disability,disability,NA,NA,NA,NA,0.5283,0.4311,0.6256,Marginal
2023,06,68196,California,San Marcos city,Without Disability,disability,0.9409,0.8737,1,Marginal,0.8368,0.8165,0.8572,Marginal
2023,06,68252,California,San Mateo city,All,all,0.9693,0.9375,1,Marginal,0.8388,0.8259,0.8518,Marginal
2023,06,68252,California,San Mateo city,With Disability,disability,NA,NA,NA,NA,0.6433,0.551,0.7357,Marginal
2023,06,68252,California,San Mateo city,Without Disability,disability,0.9842,0.9653,1,Marginal,0.8458,0.8329,0.8586,Marginal
2023,06,68378,California,San Ramon city,All,all,0.9827,0.9589,1,Marginal,0.8033,0.7848,0.8218,Marginal
2023,06,68378,California,San Ramon city,With Disability,disability,NA,NA,NA,NA,0.51,0.3772,0.6428,Marginal
2023,06,68378,California,San Ramon city,Without Disability,disability,0.9919,0.9799,1,Marginal,0.8116,0.7929,0.8303,Marginal
2023,06,69000,California,Santa Ana city,All,all,0.9364,0.9064,0.9664,Strong,0.7985,0.7867,0.8102,Strong
2023,06,69000,California,Santa Ana city,With Disability,disability,NA,NA,NA,NA,0.5106,0.4492,0.5721,Strong
2023,06,69000,California,Santa Ana city,Without Disability,disability,0.9383,0.9076,0.969,Strong,0.8136,0.8015,0.8258,Strong
2023,06,69070,California,Santa Barbara city,All,all,0.9911,0.9848,0.9974,Marginal,0.8396,0.8198,0.8593,Marginal
2023,06,69070,California,Santa Barbara city,With Disability,disability,NA,NA,NA,NA,0.5292,0.4351,0.6233,Marginal
2023,06,69070,California,Santa Barbara city,Without Disability,disability,0.9929,0.9862,0.9996,Marginal,0.8558,0.8371,0.8745,Marginal
2023,06,69084,California,Santa Clara city,All,all,0.9309,0.8605,1,Strong,0.8408,0.8246,0.8571,Strong
2023,06,69084,California,Santa Clara city,With Disability,disability,NA,NA,NA,NA,0.5844,0.464,0.7048,Strong
2023,06,69084,California,Santa Clara city,Without Disability,disability,0.9505,0.8813,1,Strong,0.8519,0.8359,0.868,Strong
2023,06,69088,California,Santa Clarita city,All,all,0.949,0.9061,0.992,Strong,0.7971,0.7814,0.8127,Strong
2023,06,69088,California,Santa Clarita city,With Disability,disability,NA,NA,NA,NA,0.4297,0.3463,0.5131,Strong
2023,06,69088,California,Santa Clarita city,Without Disability,disability,0.9849,0.972,0.9978,Strong,0.8189,0.8042,0.8336,Strong
2023,06,69196,California,Santa Maria city,All,all,0.8658,0.7872,0.9443,Marginal,0.7965,0.7774,0.8156,Marginal
2023,06,69196,California,Santa Maria city,With Disability,disability,NA,NA,NA,NA,0.4394,0.3489,0.5298,Marginal
2023,06,69196,California,Santa Maria city,Without Disability,disability,0.8556,0.7698,0.9414,Marginal,0.8236,0.8047,0.8425,Marginal
2023,06,70000,California,Santa Monica city,All,all,0.9801,0.9386,1,Strong,0.8205,0.7981,0.8428,Strong
2023,06,70000,California,Santa Monica city,With Disability,disability,NA,NA,NA,NA,0.5035,0.356,0.651,Strong
2023,06,70000,California,Santa Monica city,Without Disability,disability,0.9786,0.9337,1,Strong,0.835,0.8128,0.8571,Strong
2023,06,70098,California,Santa Rosa city,All,all,0.9466,0.8958,0.9973,Strong,0.8247,0.8086,0.8407,Strong
2023,06,70098,California,Santa Rosa city,With Disability,disability,NA,NA,NA,NA,0.4867,0.4004,0.5731,Strong
2023,06,70098,California,Santa Rosa city,Without Disability,disability,0.9461,0.8935,0.9987,Strong,0.8508,0.8345,0.8672,Strong
2023,06,72016,California,Simi Valley city,All,all,0.9107,0.8549,0.9664,Strong,0.8322,0.8103,0.854,Strong
2023,06,72016,California,Simi Valley city,With Disability,disability,NA,NA,NA,NA,0.4883,0.388,0.5885,Strong
2023,06,72016,California,Simi Valley city,Without Disability,disability,0.921,0.8677,0.9743,Strong,0.8545,0.8323,0.8768,Strong
2023,06,73080,California,South Gate city,All,all,0.902,0.8541,0.95,Marginal,0.7587,0.7422,0.7752,Marginal
2023,06,73080,California,South Gate city,With Disability,disability,NA,NA,NA,NA,0.4501,0.3638,0.5365,Marginal
2023,06,73080,California,South Gate city,Without Disability,disability,0.9053,0.8563,0.9543,Marginal,0.7779,0.7603,0.7955,Marginal
2023,06,75000,California,Stockton city,All,all,0.8591,0.8183,0.9,Strong,0.7524,0.738,0.7668,Strong
2023,06,75000,California,Stockton city,With Disability,disability,NA,NA,NA,NA,0.4615,0.4038,0.5191,Strong
2023,06,75000,California,Stockton city,Without Disability,disability,0.8751,0.8364,0.9138,Strong,0.7825,0.7689,0.7961,Strong
2023,06,77000,California,Sunnyvale city,All,all,0.9055,0.8275,0.9834,Strong,0.8447,0.8293,0.8601,Strong
2023,06,77000,California,Sunnyvale city,With Disability,disability,NA,NA,NA,NA,0.5677,0.4471,0.6883,Strong
2023,06,77000,California,Sunnyvale city,Without Disability,disability,0.9093,0.8257,0.993,Strong,0.8541,0.8392,0.869,Strong
2023,06,78120,California,Temecula city,All,all,0.9529,0.9159,0.9898,Strong,0.7749,0.753,0.7968,Strong
2023,06,78120,California,Temecula city,With Disability,disability,NA,NA,NA,NA,0.5342,0.4426,0.6259,Strong
2023,06,78120,California,Temecula city,Without Disability,disability,0.9526,0.9127,0.9925,Strong,0.7941,0.7712,0.817,Strong
2023,06,78582,California,Thousand Oaks city,All,all,0.9797,0.9572,1,Strong,0.8023,0.7814,0.8231,Strong
2023,06,78582,California,Thousand Oaks city,With Disability,disability,NA,NA,NA,NA,0.5266,0.4278,0.6255,Strong
2023,06,78582,California,Thousand Oaks city,Without Disability,disability,0.978,0.9538,1,Strong,0.8146,0.7928,0.8364,Strong
2023,06,80000,California,Torrance city,All,all,0.9747,0.9391,1,Strong,0.8178,0.7996,0.836,Strong
2023,06,80000,California,Torrance city,With Disability,disability,NA,NA,NA,NA,0.4434,0.3517,0.535,Strong
2023,06,80000,California,Torrance city,Without Disability,disability,0.9738,0.9368,1,Strong,0.8331,0.816,0.8503,Strong
2023,06,80238,California,Tracy city,All,all,0.9731,0.9454,1,Marginal,0.7702,0.7466,0.7938,Marginal
2023,06,80238,California,Tracy city,With Disability,disability,NA,NA,NA,NA,0.4524,0.3381,0.5668,Marginal
2023,06,80238,California,Tracy city,Without Disability,disability,0.9709,0.9406,1,Marginal,0.7933,0.7713,0.8154,Marginal
2023,06,80854,California,Tustin city,All,all,0.9312,0.8516,1,Marginal,0.8219,0.798,0.8458,Marginal
2023,06,80854,California,Tustin city,With Disability,disability,NA,NA,NA,NA,0.5943,0.4486,0.7401,Marginal
2023,06,80854,California,Tustin city,Without Disability,disability,0.9792,0.9555,1,Marginal,0.8309,0.8074,0.8544,Marginal
2023,06,81344,California,Upland city,All,all,0.9213,0.8652,0.9775,Marginal,0.7912,0.7697,0.8127,Marginal
2023,06,81344,California,Upland city,With Disability,disability,NA,NA,NA,NA,0.4987,0.404,0.5934,Marginal
2023,06,81344,California,Upland city,Without Disability,disability,0.9294,0.8733,0.9855,Marginal,0.8144,0.7931,0.8357,Marginal
2023,06,81554,California,Vacaville city,All,all,0.936,0.8788,0.9931,Marginal,0.79990000000000006,0.7799,0.8198,Marginal
2023,06,81554,California,Vacaville city,With Disability,disability,NA,NA,NA,NA,0.5404,0.4472,0.6336,Marginal
2023,06,81554,California,Vacaville city,Without Disability,disability,0.9707,0.9422,0.9991,Marginal,0.8168,0.7962,0.8375,Marginal
2023,06,81666,California,Vallejo city,All,all,0.8591,0.7872,0.931,Strong,0.7789,0.7596,0.7982,Strong
2023,06,81666,California,Vallejo city,With Disability,disability,NA,NA,NA,NA,0.4237,0.3433,0.5041,Strong
2023,06,81666,California,Vallejo city,Without Disability,disability,0.8735,0.8106,0.9363,Strong,0.8116,0.7925,0.8308,Strong
2023,06,82590,California,Victorville city,All,all,0.9081,0.8521,0.964,Marginal,0.6833,0.6626,0.7041,Marginal
2023,06,82590,California,Victorville city,With Disability,disability,NA,NA,NA,NA,0.4173,0.3451,0.4895,Marginal
2023,06,82590,California,Victorville city,Without Disability,disability,0.9354,0.8813,0.9895,Marginal,0.7192,0.6963,0.7421,Marginal
2023,06,82954,California,Visalia city,All,all,0.8966,0.8319,0.9612,Strong,0.7767,0.757,0.7965,Strong
2023,06,82954,California,Visalia city,With Disability,disability,NA,NA,NA,NA,0.4633,0.3582,0.5684,Strong
2023,06,82954,California,Visalia city,Without Disability,disability,0.9311,0.868,0.9941,Strong,0.8029,0.7837,0.822,Strong
2023,06,82996,California,Vista city,All,all,0.8895,0.8149,0.9641,Marginal,0.8066,0.7867,0.8265,Marginal
2023,06,82996,California,Vista city,With Disability,disability,NA,NA,NA,NA,0.4484,0.3301,0.5668,Marginal
2023,06,82996,California,Vista city,Without Disability,disability,0.8919,0.812,0.9718,Marginal,0.8271,0.8068,0.8473,Marginal
2023,06,84200,California,West Covina city,All,all,0.9574,0.9286,0.9863,Marginal,0.8028,0.7862,0.8194,Marginal
2023,06,84200,California,West Covina city,With Disability,disability,NA,NA,NA,NA,0.5311,0.4459,0.6162,Marginal
2023,06,84200,California,West Covina city,Without Disability,disability,0.9538,0.9226,0.9849,Marginal,0.8219,0.8057,0.838,Marginal
2023,06,84550,California,Westminster city,All,all,0.8973,0.8068,0.9879,Marginal,0.7838,0.7653,0.8024,Marginal
2023,06,84550,California,Westminster city,With Disability,disability,NA,NA,NA,NA,0.453,0.37,0.5359,Marginal
2023,06,84550,California,Westminster city,Without Disability,disability,0.9066,0.8182,0.995,Marginal,0.8049,0.7862,0.8237,Marginal
2023,06,85292,California,Whittier city,All,all,0.9628,0.9315,0.994,Marginal,0.7931,0.7747,0.8114,Marginal
2023,06,85292,California,Whittier city,With Disability,disability,NA,NA,NA,NA,0.4912,0.3941,0.5883,Marginal
2023,06,85292,California,Whittier city,Without Disability,disability,0.9616,0.9293,0.9939,Marginal,0.8099,0.7889,0.8309,Marginal
2023,08,03455,Colorado,Arvada city,All,all,0.9145,0.8488,0.9802,Marginal,0.8734,0.8575,0.8893,Marginal
2023,08,03455,Colorado,Arvada city,With Disability,disability,NA,NA,NA,NA,0.5592,0.4569,0.6615,Marginal
2023,08,03455,Colorado,Arvada city,Without Disability,disability,0.9293,0.8736,0.985,Marginal,0.8936,0.8782,0.9089,Marginal
2023,08,04000,Colorado,Aurora city,All,all,0.8434,0.7964,0.8903,Strong,0.816,0.8057,0.8263,Strong
2023,08,04000,Colorado,Aurora city,With Disability,disability,0.7873,0.6585,0.9162,Strong,0.5632,0.5101,0.6163,Strong
2023,08,04000,Colorado,Aurora city,Without Disability,disability,0.8481,0.798,0.8981,Strong,0.8378,0.8279,0.8478,Strong
2023,08,07850,Colorado,Boulder city,All,all,0.9883,0.9773,0.9993,Strong,0.8412,0.8211,0.8613,Strong
2023,08,07850,Colorado,Boulder city,With Disability,disability,NA,NA,NA,NA,0.6317,0.5398,0.7236,Strong
2023,08,07850,Colorado,Boulder city,Without Disability,disability,0.9896,0.9786,1,Strong,0.8524,0.8316,0.8732,Strong
2023,08,12815,Colorado,Centennial city,All,all,0.9351,0.8966,0.9736,Marginal,0.8513,0.8375,0.8651,Marginal
2023,08,12815,Colorado,Centennial city,With Disability,disability,NA,NA,NA,NA,0.6529,0.5766,0.7291,Marginal
2023,08,12815,Colorado,Centennial city,Without Disability,disability,0.9409,0.9018,0.98,Marginal,0.8633,0.8498,0.8767,Marginal
2023,08,16000,Colorado,Colorado Springs city,All,all,0.9176,0.8864,0.9489,Strong,0.8296,0.8206,0.8387,Strong
2023,08,16000,Colorado,Colorado Springs city,With Disability,disability,0.8762,0.7841,0.9684,Strong,0.5681,0.5244,0.6119,Strong
2023,08,16000,Colorado,Colorado Springs city,Without Disability,disability,0.9224,0.8888,0.9559,Strong,0.8571,0.8491,0.8651,Strong
2023,08,20000,Colorado,Denver city,All,all,0.8852,0.857,0.9134,Strong,0.8614,0.8542,0.8686,Strong
2023,08,20000,Colorado,Denver city,With Disability,disability,0.8903,0.8025,0.9782,Strong,0.6285,0.5871,0.67,Strong
2023,08,20000,Colorado,Denver city,Without Disability,disability,0.8847,0.8538,0.9156,Strong,0.8784,0.8712,0.8856,Strong
2023,08,27425,Colorado,Fort Collins city,All,all,0.9856,0.977,0.9942,Marginal,0.8488,0.8346,0.863,Marginal
2023,08,27425,Colorado,Fort Collins city,With Disability,disability,NA,NA,NA,NA,0.5711,0.4964,0.6458,Marginal
2023,08,27425,Colorado,Fort Collins city,Without Disability,disability,0.9875,0.9793,0.9957,Marginal,0.8654,0.8512,0.8796,Marginal
2023,08,32155,Colorado,Greeley city,All,all,0.851,0.7825,0.9195,Strong,0.8145,0.7925,0.8366,Strong
2023,08,32155,Colorado,Greeley city,With Disability,disability,NA,NA,NA,NA,0.6681,0.5839,0.7522,Strong
2023,08,32155,Colorado,Greeley city,Without Disability,disability,0.8452,0.7723,0.9181,Strong,0.8263,0.8039,0.8487,Strong
2023,08,43000,Colorado,Lakewood city,All,all,0.8886,0.842,0.9351,Marginal,0.8492,0.8356,0.8628,Marginal
2023,08,43000,Colorado,Lakewood city,With Disability,disability,NA,NA,NA,NA,0.5434,0.4764,0.6104,Marginal
2023,08,43000,Colorado,Lakewood city,Without Disability,disability,0.9019,0.8578,0.946,Marginal,0.8741,0.8608,0.8874,Marginal
2023,08,45970,Colorado,Longmont city,All,all,0.9762,0.9522,1,Strong,0.8474,0.8308,0.8641,Strong
2023,08,45970,Colorado,Longmont city,With Disability,disability,NA,NA,NA,NA,0.6386,0.5604,0.7167,Strong
2023,08,45970,Colorado,Longmont city,Without Disability,disability,0.9782,0.953,1,Strong,0.8627,0.8452,0.8803,Strong
2023,08,46465,Colorado,Loveland city,All,all,0.9122,0.8335,0.991,Marginal,0.8381,0.8156,0.8605,Marginal
2023,08,46465,Colorado,Loveland city,With Disability,disability,NA,NA,NA,NA,0.6246,0.5266,0.7226,Marginal
2023,08,46465,Colorado,Loveland city,Without Disability,disability,0.9067,0.8232,0.9902,Marginal,0.8551,0.8318,0.8785,Marginal
2023,08,62000,Colorado,Pueblo city,All,all,0.8696,0.8109,0.9283,Marginal,0.758,0.7386,0.7774,Marginal
2023,08,62000,Colorado,Pueblo city,With Disability,disability,NA,NA,NA,NA,0.3737,0.308,0.4394,Marginal
2023,08,62000,Colorado,Pueblo city,Without Disability,disability,0.8744,0.812,0.9368,Marginal,0.8121,0.7947,0.8295,Marginal
2023,08,77290,Colorado,Thornton city,All,all,0.8791,0.8228,0.9354,Marginal,0.8429,0.8268,0.859,Marginal
2023,08,77290,Colorado,Thornton city,With Disability,disability,NA,NA,NA,NA,0.6396,0.5678,0.7114,Marginal
2023,08,77290,Colorado,Thornton city,Without Disability,disability,0.8746,0.814,0.9352,Marginal,0.8607,0.8454,0.876,Marginal
2023,08,83835,Colorado,Westminster city,All,all,0.9301,0.8896,0.9705,Marginal,0.8524,0.8413,0.8636,Marginal
2023,08,83835,Colorado,Westminster city,With Disability,disability,NA,NA,NA,NA,0.5741,0.5088,0.6394,Marginal
2023,08,83835,Colorado,Westminster city,Without Disability,disability,0.9224,0.8761,0.9687,Marginal,0.8758,0.8649,0.8866,Marginal
2023,09,08000,Connecticut,Bridgeport city,All,all,0.8709,0.799,0.9428,Strong,0.7543,0.7284,0.7802,Strong
2023,09,08000,Connecticut,Bridgeport city,With Disability,disability,NA,NA,NA,NA,0.3478,0.288,0.4076,Strong
2023,09,08000,Connecticut,Bridgeport city,Without Disability,disability,0.8858,0.8083,0.9632,Strong,0.8152,0.7891,0.8414,Strong
2023,09,18430,Connecticut,Danbury city,All,all,0.9262,0.8785,0.9739,Marginal,0.846,0.8298,0.8622,Marginal
2023,09,18430,Connecticut,Danbury city,With Disability,disability,NA,NA,NA,NA,0.639,0.5448,0.7333,Marginal
2023,09,18430,Connecticut,Danbury city,Without Disability,disability,0.9499,0.9032,0.9966,Marginal,0.8592,0.8433,0.8752,Marginal
2023,09,37000,Connecticut,Hartford city,All,all,0.853,0.7921,0.9139,Strong,0.732,0.7044,0.7597,Strong
2023,09,37000,Connecticut,Hartford city,With Disability,disability,0.9291,0.8415,1,Strong,0.4307,0.3475,0.514,Strong
2023,09,37000,Connecticut,Hartford city,Without Disability,disability,0.8433,0.7766,0.91,Strong,0.7699,0.7414,0.7984,Strong
2023,09,52000,Connecticut,New Haven city,All,all,0.9224,0.8741,0.9706,Strong,0.7637,0.7413,0.7861,Strong
2023,09,52000,Connecticut,New Haven city,With Disability,disability,0.8941,0.7219,1,Strong,0.4478,0.341,0.5546,Strong
2023,09,52000,Connecticut,New Haven city,Without Disability,disability,0.9247,0.8755,0.9738,Strong,0.7894,0.7669,0.8119,Strong
2023,09,55990,Connecticut,Norwalk city,All,all,0.9139,0.8234,1,Strong,0.8113,0.792,0.8306,Strong
2023,09,55990,Connecticut,Norwalk city,With Disability,disability,NA,NA,NA,NA,0.569,0.4419,0.6962,Strong
2023,09,55990,Connecticut,Norwalk city,Without Disability,disability,0.9227,0.8334,1,Strong,0.8252,0.805,0.8454,Strong
2023,09,73000,Connecticut,Stamford city,All,all,0.9261,0.8654,0.9867,Marginal,0.8213,0.8022,0.8405,Marginal
2023,09,73000,Connecticut,Stamford city,With Disability,disability,NA,NA,NA,NA,0.6308,0.538,0.7236,Marginal
2023,09,73000,Connecticut,Stamford city,Without Disability,disability,0.9224,0.8592,0.9857,Marginal,0.8328,0.8144,0.8512,Marginal
2023,09,80000,Connecticut,Waterbury city,All,all,0.8334,0.7245,0.9422,Strong,0.6993,0.6671,0.7316,Strong
2023,09,80000,Connecticut,Waterbury city,With Disability,disability,NA,NA,NA,NA,0.396,0.3169,0.4752,Strong
2023,09,80000,Connecticut,Waterbury city,Without Disability,disability,0.8244,0.7066,0.9423,Strong,0.7541,0.721,0.7873,Strong
2023,11,50000,District of Columbia,Washington city,All,all,0.9358,0.9129,0.9586,Strong,0.8451,0.8356,0.8546,Strong
2023,11,50000,District of Columbia,Washington city,With Disability,disability,0.8107,0.6854,0.936,Strong,0.4716,0.4245,0.5187,Strong
2023,11,50000,District of Columbia,Washington city,Without Disability,disability,0.9484,0.9281,0.9686,Strong,0.8745,0.8653,0.8836,Strong
2023,12,07300,Florida,Boca Raton city,All,all,0.9842,0.9596,1,Strong,0.7868,0.7614,0.8123,Strong
2023,12,07300,Florida,Boca Raton city,With Disability,disability,NA,NA,NA,NA,0.505,0.3688,0.6412,Strong
2023,12,07300,Florida,Boca Raton city,Without Disability,disability,0.9836,0.9579,1,Strong,0.8038,0.7788,0.8288,Strong
2023,12,07875,Florida,Boynton Beach city,All,all,0.8435,0.7448,0.9422,Marginal,0.8363,0.8097,0.8629,Marginal
2023,12,07875,Florida,Boynton Beach city,With Disability,disability,NA,NA,NA,NA,0.5814,0.4692,0.6937,Marginal
2023,12,07875,Florida,Boynton Beach city,Without Disability,disability,0.8501,0.7492,0.951,Marginal,0.852,0.8257,0.8784,Marginal
2023,12,10275,Florida,Cape Coral city,All,all,0.8919,0.8332,0.9507,Strong,0.8103,0.7903,0.8302,Strong
2023,12,10275,Florida,Cape Coral city,With Disability,disability,NA,NA,NA,NA,0.4835,0.3944,0.5726,Strong
2023,12,10275,Florida,Cape Coral city,Without Disability,disability,0.8885,0.8259,0.951,Strong,0.8444,0.824,0.8649,Strong
2023,12,12875,Florida,Clearwater city,All,all,0.8757,0.7857,0.9657,Marginal,0.7808,0.761,0.8005,Marginal
2023,12,12875,Florida,Clearwater city,With Disability,disability,NA,NA,NA,NA,0.4617,0.3761,0.5474,Marginal
2023,12,12875,Florida,Clearwater city,Without Disability,disability,0.9185,0.8615,0.9755,Marginal,0.8122,0.7918,0.8326,Marginal
2023,12,14400,Florida,Coral Springs city,All,all,0.9057,0.8342,0.9771,Strong,0.8304,0.811,0.8499,Strong
2023,12,14400,Florida,Coral Springs city,With Disability,disability,NA,NA,NA,NA,0.5368,0.4202,0.6534,Strong
2023,12,14400,Florida,Coral Springs city,Without Disability,disability,0.9166,0.8407,0.9924,Strong,0.8499,0.8316,0.8682,Strong
2023,12,16475,Florida,Davie town,All,all,0.9765,0.9537,0.9994,Marginal,0.813,0.7878,0.8381,Marginal
2023,12,16475,Florida,Davie town,With Disability,disability,NA,NA,NA,NA,0.5756,0.4551,0.6961,Marginal
2023,12,16475,Florida,Davie town,Without Disability,disability,0.9767,0.952,1,Marginal,0.8286,0.8042,0.8529,Marginal
2023,12,16725,Florida,Deerfield Beach city,All,all,0.8439,0.7495,0.9382,Strong,0.8168,0.7836,0.8501,Strong
2023,12,16725,Florida,Deerfield Beach city,With Disability,disability,NA,NA,NA,NA,0.5501,0.4384,0.6619,Strong
2023,12,16725,Florida,Deerfield Beach city,Without Disability,disability,0.8661,0.7815,0.9507,Strong,0.8344,0.802,0.8667,Strong
2023,12,17200,Florida,Deltona city,All,all,0.8585,0.7783,0.9386,Marginal,0.8142,0.7948,0.8336,Marginal
2023,12,17200,Florida,Deltona city,With Disability,disability,NA,NA,NA,NA,0.5801,0.5112,0.6489,Marginal
2023,12,17200,Florida,Deltona city,Without Disability,disability,0.8792,0.8045,0.9538,Marginal,0.8398,0.8212,0.8584,Marginal
2023,12,17935,Florida,Doral city,All,all,0.8595,0.7522,0.9667,Strong,0.8089,0.7885,0.8293,Strong
2023,12,17935,Florida,Doral city,With Disability,disability,NA,NA,NA,NA,0.4557,0.3241,0.5873,Strong
2023,12,17935,Florida,Doral city,Without Disability,disability,0.8696,0.7662,0.973,Strong,0.8247,0.8023,0.847,Strong
2023,12,24000,Florida,Fort Lauderdale city,All,all,0.806,0.7098,0.9022,Strong,0.8254,0.8093,0.8414,Strong
2023,12,24000,Florida,Fort Lauderdale city,With Disability,disability,NA,NA,NA,NA,0.5722,0.4981,0.6464,Strong
2023,12,24000,Florida,Fort Lauderdale city,Without Disability,disability,0.8295,0.7317,0.9274,Strong,0.8435,0.826,0.861,Strong
2023,12,24125,Florida,Fort Myers city,All,all,0.802,0.7044,0.8996,Marginal,0.7781,0.7521,0.804,Marginal
2023,12,24125,Florida,Fort Myers city,With Disability,disability,NA,NA,NA,NA,0.3364,0.2499,0.423,Marginal
2023,12,24125,Florida,Fort Myers city,Without Disability,disability,0.8033,0.7029,0.9038,Marginal,0.811,0.7866,0.8354,Marginal
2023,12,25175,Florida,Gainesville city,All,all,0.9708,0.9474,0.9942,Strong,0.8008,0.7728,0.8289,Strong
2023,12,25175,Florida,Gainesville city,With Disability,disability,0.8823,0.717,1,Strong,0.5179,0.421,0.6148,Strong
2023,12,25175,Florida,Gainesville city,Without Disability,disability,0.9753,0.9544,0.9961,Strong,0.8292,0.8033,0.855,Strong
2023,12,30000,Florida,Hialeah city,All,all,0.8883,0.8414,0.9352,Strong,0.799,0.7825,0.8155,Strong
2023,12,30000,Florida,Hialeah city,With Disability,disability,NA,NA,NA,NA,0.3758,0.2729,0.4788,Strong
2023,12,30000,Florida,Hialeah city,Without Disability,disability,0.8884,0.8395,0.9373,Strong,0.823,0.8073,0.8386,Strong
2023,12,32000,Florida,Hollywood city,All,all,0.854,0.7952,0.9128,Marginal,0.8197,0.8048,0.8347,Marginal
2023,12,32000,Florida,Hollywood city,With Disability,disability,NA,NA,NA,NA,0.4632,0.3789,0.5475,Marginal
2023,12,32000,Florida,Hollywood city,Without Disability,disability,0.8581,0.7964,0.9198,Marginal,0.8428,0.8276,0.8581,Marginal
2023,12,32275,Florida,Homestead city,All,all,0.747,0.6603,0.8337,Marginal,0.7744,0.7527,0.7961,Marginal
2023,12,32275,Florida,Homestead city,With Disability,disability,NA,NA,NA,NA,0.3776,0.2697,0.4855,Marginal
2023,12,32275,Florida,Homestead city,Without Disability,disability,0.7457,0.656,0.8354,Marginal,0.8152,0.7967,0.8338,Marginal
2023,12,35000,Florida,Jacksonville city,All,all,0.894,0.8615,0.9264,Strong,0.8063,0.7977,0.8149,Strong
2023,12,35000,Florida,Jacksonville city,With Disability,disability,0.7602,0.6334,0.8871,Strong,0.491,0.4546,0.5273,Strong
2023,12,35000,Florida,Jacksonville city,Without Disability,disability,0.9049,0.8725,0.9374,Strong,0.8397,0.8311,0.8483,Strong
2023,12,36950,Florida,Kissimmee city,All,all,0.8447,0.7767,0.9127,Marginal,0.7862,0.7594,0.8131,Marginal
2023,12,36950,Florida,Kissimmee city,With Disability,disability,NA,NA,NA,NA,0.4504,0.3577,0.543,Marginal
2023,12,36950,Florida,Kissimmee city,Without Disability,disability,0.9356,0.8793,0.9919,Marginal,0.8169,0.7898,0.844,Marginal
2023,12,38250,Florida,Lakeland city,All,all,0.9051,0.854,0.9561,Marginal,0.784,0.7654,0.8025,Marginal
2023,12,38250,Florida,Lakeland city,With Disability,disability,NA,NA,NA,NA,0.4487,0.3648,0.5327,Marginal
2023,12,38250,Florida,Lakeland city,Without Disability,disability,0.9004,0.8462,0.9547,Marginal,0.8201,0.8025,0.8377,Marginal
2023,12,39425,Florida,Largo city,All,all,0.8962,0.8326,0.9598,Marginal,0.8255,0.8037,0.8473,Marginal
2023,12,39425,Florida,Largo city,With Disability,disability,NA,NA,NA,NA,0.6077,0.5305,0.6849,Marginal
2023,12,39425,Florida,Largo city,Without Disability,disability,0.9126,0.8511,0.9741,Marginal,0.8534,0.8317,0.875,Marginal
2023,12,43975,Florida,Melbourne city,All,all,0.939,0.8822,0.9958,Marginal,0.7858,0.765,0.8065,Marginal
2023,12,43975,Florida,Melbourne city,With Disability,disability,NA,NA,NA,NA,0.5252,0.4355,0.6149,Marginal
2023,12,43975,Florida,Melbourne city,Without Disability,disability,0.9409,0.882,0.9998,Marginal,0.8149,0.7934,0.8363,Marginal
2023,12,45000,Florida,Miami city,All,all,0.8811,0.8312,0.931,Strong,0.8199,0.8079,0.832,Strong
2023,12,45000,Florida,Miami city,With Disability,disability,NA,NA,NA,NA,0.4403,0.3609,0.5197,Strong
2023,12,45000,Florida,Miami city,Without Disability,disability,0.888,0.838,0.9379,Strong,0.8385,0.8266,0.8505,Strong
2023,12,45025,Florida,Miami Beach city,All,all,0.7736,0.5781,0.969,Strong,0.8182,0.7956,0.8409,Strong
2023,12,45025,Florida,Miami Beach city,With Disability,disability,NA,NA,NA,NA,0.5787,0.4515,0.706,Strong
2023,12,45025,Florida,Miami Beach city,Without Disability,disability,0.7839,0.5816,0.9863,Strong,0.8288,0.8068,0.8507,Strong
2023,12,45060,Florida,Miami Gardens city,All,all,0.9219,0.8714,0.9724,Marginal,0.7685,0.7424,0.7946,Marginal
2023,12,45060,Florida,Miami Gardens city,With Disability,disability,NA,NA,NA,NA,0.3854,0.2655,0.5052,Marginal
2023,12,45060,Florida,Miami Gardens city,Without Disability,disability,0.931,0.8874,0.9746,Marginal,0.8046,0.7818,0.8273,Marginal
2023,12,45975,Florida,Miramar city,All,all,0.8606,0.7694,0.9518,Strong,0.8465,0.8286,0.8644,Strong
2023,12,45975,Florida,Miramar city,With Disability,disability,NA,NA,NA,NA,0.5936,0.488,0.6992,Strong
2023,12,45975,Florida,Miramar city,Without Disability,disability,0.8644,0.7679,0.9609,Strong,0.8604,0.8421,0.8787,Strong
2023,12,49675,Florida,North Port city,All,all,0.8681,0.774,0.9621,Marginal,0.832,0.8072,0.8567,Marginal
2023,12,49675,Florida,North Port city,With Disability,disability,NA,NA,NA,NA,0.4751,0.3697,0.5805,Marginal
2023,12,49675,Florida,North Port city,Without Disability,disability,0.8728,0.7711,0.9746,Marginal,0.8689,0.8464,0.8914,Marginal
2023,12,53000,Florida,Orlando city,All,all,0.8696,0.8204,0.9187,Marginal,0.8164,0.8056,0.8272,Marginal
2023,12,53000,Florida,Orlando city,With Disability,disability,NA,NA,NA,NA,0.5081,0.4621,0.554,Marginal
2023,12,53000,Florida,Orlando city,Without Disability,disability,0.8794,0.8326,0.9263,Marginal,0.8438,0.8331,0.8544,Marginal
2023,12,54000,Florida,Palm Bay city,All,all,0.837,0.7197,0.9544,Strong,0.7702,0.7445,0.7959,Strong
2023,12,54000,Florida,Palm Bay city,With Disability,disability,NA,NA,NA,NA,0.3764,0.2914,0.4615,Strong
2023,12,54000,Florida,Palm Bay city,Without Disability,disability,0.8985,0.8102,0.9868,Strong,0.8196,0.7949,0.8443,Strong
2023,12,54200,Florida,Palm Coast city,All,all,0.9239,0.8628,0.9849,Strong,0.7898,0.761,0.8186,Strong
2023,12,54200,Florida,Palm Coast city,With Disability,disability,NA,NA,NA,NA,0.4841,0.3983,0.5699,Strong
2023,12,54200,Florida,Palm Coast city,Without Disability,disability,0.9175,0.8503,0.9847,Strong,0.8217,0.7933,0.8501,Strong
2023,12,55775,Florida,Pembroke Pines city,All,all,0.92,0.8671,0.9729,Strong,0.8386,0.8217,0.8556,Strong
2023,12,55775,Florida,Pembroke Pines city,With Disability,disability,NA,NA,NA,NA,0.4954,0.3919,0.599,Strong
2023,12,55775,Florida,Pembroke Pines city,Without Disability,disability,0.9234,0.8699,0.977,Strong,0.8557,0.8397,0.8717,Strong
2023,12,57425,Florida,Plantation city,All,all,0.9058,0.8369,0.9746,Marginal,0.8423,0.827,0.8577,Marginal
2023,12,57425,Florida,Plantation city,With Disability,disability,NA,NA,NA,NA,0.5634,0.4644,0.6623,Marginal
2023,12,57425,Florida,Plantation city,Without Disability,disability,0.9122,0.8362,0.9883,Marginal,0.8602,0.8448,0.8756,Marginal
2023,12,58050,Florida,Pompano Beach city,All,all,0.7866,0.6543,0.9188,Strong,0.8007,0.7698,0.8317,Strong
2023,12,58050,Florida,Pompano Beach city,With Disability,disability,NA,NA,NA,NA,0.5988,0.4771,0.7205,Strong
2023,12,58050,Florida,Pompano Beach city,Without Disability,disability,0.8212,0.7101,0.9323,Strong,0.8152,0.7828,0.8477,Strong
2023,12,58715,Florida,Port St. Lucie city,All,all,0.8829,0.8136,0.9522,Strong,0.809,0.7865,0.8315,Strong
2023,12,58715,Florida,Port St. Lucie city,With Disability,disability,NA,NA,NA,NA,0.5188,0.4277,0.6099,Strong
2023,12,58715,Florida,Port St. Lucie city,Without Disability,disability,0.8823,0.8094,0.9552,Strong,0.8356,0.8128,0.8583,Strong
2023,12,63000,Florida,St. Petersburg city,All,all,0.936,0.8946,0.9774,Strong,0.838,0.8244,0.8516,Strong
2023,12,63000,Florida,St. Petersburg city,With Disability,disability,NA,NA,NA,NA,0.5536,0.4837,0.6234,Strong
2023,12,63000,Florida,St. Petersburg city,Without Disability,disability,0.9473,0.9059,0.9888,Strong,0.8611,0.8471,0.8751,Strong
2023,12,69700,Florida,Sunrise city,All,all,0.9032,0.8432,0.9631,Marginal,0.841,0.8273,0.8548,Marginal
2023,12,69700,Florida,Sunrise city,With Disability,disability,NA,NA,NA,NA,0.5633,0.4746,0.6521,Marginal
2023,12,69700,Florida,Sunrise city,Without Disability,disability,0.9099,0.8441,0.9758,Marginal,0.8583,0.8445,0.8721,Marginal
2023,12,70600,Florida,Tallahassee city,All,all,0.9326,0.9072,0.9579,Strong,0.8327,0.8153,0.85,Strong
2023,12,70600,Florida,Tallahassee city,With Disability,disability,0.8142,0.6156,1,Strong,0.4791,0.4092,0.5489,Strong
2023,12,70600,Florida,Tallahassee city,Without Disability,disability,0.9441,0.9235,0.9647,Strong,0.874,0.8578,0.8902,Strong
2023,12,71000,Florida,Tampa city,All,all,0.9523,0.9328,0.9719,Strong,0.817,0.8055,0.8284,Strong
2023,12,71000,Florida,Tampa city,With Disability,disability,0.8281,0.7259,0.9304,Strong,0.4465,0.3942,0.4987,Strong
2023,12,71000,Florida,Tampa city,Without Disability,disability,0.9594,0.9403,0.9785,Strong,0.8494,0.8395,0.8592,Strong
2023,12,76600,Florida,West Palm Beach city,All,all,0.8528,0.7788,0.9267,Marginal,0.8018,0.7829,0.8207,Marginal
2023,12,76600,Florida,West Palm Beach city,With Disability,disability,NA,NA,NA,NA,0.3714,0.2878,0.4551,Marginal
2023,12,76600,Florida,West Palm Beach city,Without Disability,disability,0.8515,0.7758,0.9272,Marginal,0.833,0.8137,0.8523,Marginal
2023,13,03440,Georgia,Athens-Clarke County unified government (balance),All,all,0.9888,0.9768,1,Strong,0.8087,0.7879,0.8294,Strong
2023,13,03440,Georgia,Athens-Clarke County unified government (balance),With Disability,disability,0.9136,0.7916,1,Strong,0.5652,0.4783,0.6522,Strong
2023,13,03440,Georgia,Athens-Clarke County unified government (balance),Without Disability,disability,0.9965,0.991,1,Strong,0.8353,0.8118,0.8587,Strong
2023,13,04000,Georgia,Atlanta city,All,all,0.9262,0.8895,0.963,Strong,0.8344,0.8198,0.849,Strong
2023,13,04000,Georgia,Atlanta city,With Disability,disability,0.9042,0.8013,1,Strong,0.54990000000000006,0.4976,0.6022,Strong
2023,13,04000,Georgia,Atlanta city,Without Disability,disability,0.9276,0.8887,0.9665,Strong,0.8592,0.8451,0.8733,Strong
2023,13,04204,Georgia,Augusta-Richmond County consolidated government (balance),All,all,0.805,0.6982,0.9118,Strong,0.7521,0.727,0.7773,Strong
2023,13,04204,Georgia,Augusta-Richmond County consolidated government (balance),With Disability,disability,NA,NA,NA,NA,0.4315,0.3632,0.4997,Strong
2023,13,04204,Georgia,Augusta-Richmond County consolidated government (balance),Without Disability,disability,0.787,0.6709,0.9031,Strong,0.8052,0.7815,0.8289,Strong
2023,13,19000,Georgia,Columbus city,All,all,0.9155,0.8804,0.9506,Strong,0.7515,0.7341,0.769,Strong
2023,13,19000,Georgia,Columbus city,With Disability,disability,0.7438,0.54990000000000006,0.9376,Strong,0.4132,0.3554,0.471,Strong
2023,13,19000,Georgia,Columbus city,Without Disability,disability,0.9404,0.9112,0.9697,Strong,0.8079,0.7902,0.8256,Strong
2023,13,42425,Georgia,Johns Creek city,All,all,0.9047,0.8223,0.987,Marginal,0.8152,0.796,0.8344,Marginal
2023,13,42425,Georgia,Johns Creek city,With Disability,disability,NA,NA,NA,NA,0.5443,0.4076,0.681,Marginal
2023,13,42425,Georgia,Johns Creek city,Without Disability,disability,0.9372,0.8749,0.9996,Marginal,0.8286,0.8078,0.8493,Marginal
2023,13,49008,Georgia,Macon-Bibb County,All,all,0.8742,0.814,0.9343,Strong,0.7413,0.7178,0.7647,Strong
2023,13,49008,Georgia,Macon-Bibb County,With Disability,disability,0.482,0.2244,0.7395,Strong,0.3293,0.2586,0.4001,Strong
2023,13,49008,Georgia,Macon-Bibb County,Without Disability,disability,0.9247,0.883,0.9663,Strong,0.7966,0.7729,0.8203,Strong
2023,13,67284,Georgia,Roswell city,All,all,0.9919,0.9775,1,Marginal,0.837,0.8146,0.8593,Marginal
2023,13,67284,Georgia,Roswell city,With Disability,disability,NA,NA,NA,NA,0.621,0.4926,0.7493,Marginal
2023,13,67284,Georgia,Roswell city,Without Disability,disability,0.993,0.9786,1,Marginal,0.8496,0.8259,0.8733,Marginal
2023,13,68516,Georgia,Sandy Springs city,All,all,0.8545,0.6837,1,Strong,0.8501,0.8277,0.8724,Strong
2023,13,68516,Georgia,Sandy Springs city,With Disability,disability,NA,NA,NA,NA,0.7559,0.6675,0.8442,Strong
2023,13,68516,Georgia,Sandy Springs city,Without Disability,disability,0.8521,0.6782,1,Strong,0.8542,0.8315,0.877,Strong
2023,13,69000,Georgia,Savannah city,All,all,0.8819,0.7988,0.9649,Marginal,0.8043,0.7873,0.8213,Marginal
2023,13,69000,Georgia,Savannah city,With Disability,disability,0.6598,0.3396,0.98,Marginal,0.4493,0.389,0.5095,Marginal
2023,13,69000,Georgia,Savannah city,Without Disability,disability,0.9318,0.8885,0.9752,Marginal,0.8478,0.8324,0.8632,Marginal
2023,13,72122,Georgia,South Fulton city,All,all,0.9394,0.878,1,Marginal,0.8236,0.7979,0.8494,Marginal
2023,13,72122,Georgia,South Fulton city,With Disability,disability,NA,NA,NA,NA,0.5212,0.3824,0.6599,Marginal
2023,13,72122,Georgia,South Fulton city,Without Disability,disability,0.9386,0.8761,1,Marginal,0.8552,0.8288,0.8817,Marginal
2023,13,80508,Georgia,Warner Robins city,All,all,0.8853,0.8151,0.9556,Marginal,0.8199,0.7971,0.8427,Marginal
2023,13,80508,Georgia,Warner Robins city,With Disability,disability,NA,NA,NA,NA,0.5778,0.4982,0.6575,Marginal
2023,13,80508,Georgia,Warner Robins city,Without Disability,disability,0.9011,0.8305,0.9718,Marginal,0.8474,0.8238,0.8711,Marginal
2023,15,71550,Hawaii,Urban Honolulu CDP,All,all,0.958,0.9281,0.9879,Strong,0.8223,0.811,0.8337,Strong
2023,15,71550,Hawaii,Urban Honolulu CDP,With Disability,disability,NA,NA,NA,NA,0.5426,0.488,0.5973,Strong
2023,15,71550,Hawaii,Urban Honolulu CDP,Without Disability,disability,0.9584,0.9275,0.9893,Strong,0.8432,0.8311,0.8553,Strong
2023,16,08830,Idaho,Boise City city,All,all,0.8853,0.8334,0.9371,Marginal,0.8436,0.8312,0.856,Marginal
2023,16,08830,Idaho,Boise City city,With Disability,disability,0.6736,0.4498,0.8974,Marginal,0.5248,0.4686,0.5809,Marginal
2023,16,08830,Idaho,Boise City city,Without Disability,disability,0.9077,0.8592,0.9562,Marginal,0.8729,0.8606,0.8851,Marginal
2023,16,52120,Idaho,Meridian city,All,all,0.9081,0.8665,0.9497,Marginal,0.84,0.826,0.8539,Marginal
2023,16,52120,Idaho,Meridian city,With Disability,disability,NA,NA,NA,NA,0.6141,0.5593,0.6689,Marginal
2023,16,52120,Idaho,Meridian city,Without Disability,disability,0.9164,0.8765,0.9564,Marginal,0.8633,0.8495,0.877,Marginal
2023,16,56260,Idaho,Nampa city,All,all,0.9094,0.8701,0.9487,Marginal,0.8214,0.8066,0.8362,Marginal
2023,16,56260,Idaho,Nampa city,With Disability,disability,NA,NA,NA,NA,0.6077,0.548,0.6674,Marginal
2023,16,56260,Idaho,Nampa city,Without Disability,disability,0.9172,0.8767,0.9577,Marginal,0.8461,0.8324,0.8599,Marginal
2023,17,02154,Illinois,Arlington Heights village,All,all,0.9211,0.8704,0.9718,Weak,0.8446,0.8287,0.8604,Weak
2023,17,02154,Illinois,Arlington Heights village,With Disability,disability,NA,NA,NA,NA,0.573,0.4779,0.6681,Weak
2023,17,02154,Illinois,Arlington Heights village,Without Disability,disability,0.9166,0.8635,0.9696,Weak,0.8587,0.8429,0.8746,Weak
2023,17,03012,Illinois,Aurora city,All,all,0.9131,0.86240000000000006,0.9638,Marginal,0.8242,0.8117,0.8366,Marginal
2023,17,03012,Illinois,Aurora city,With Disability,disability,NA,NA,NA,NA,0.5812,0.5087,0.6537,Marginal
2023,17,03012,Illinois,Aurora city,Without Disability,disability,0.9147,0.8626,0.9667,Marginal,0.8396,0.8277,0.8516,Marginal
2023,17,06613,Illinois,Bloomington city,All,all,0.9575,0.9304,0.9846,Marginal,0.8458,0.8276,0.864,Marginal
2023,17,06613,Illinois,Bloomington city,With Disability,disability,NA,NA,NA,NA,0.5522,0.442,0.6623,Marginal
2023,17,06613,Illinois,Bloomington city,Without Disability,disability,0.9765,0.9606,0.9924,Marginal,0.8646,0.8476,0.8816,Marginal
2023,17,12385,Illinois,Champaign city,All,all,0.9809,0.9611,1,Marginal,0.8114,0.7891,0.8336,Marginal
2023,17,12385,Illinois,Champaign city,With Disability,disability,NA,NA,NA,NA,0.4923,0.4039,0.5806,Marginal
2023,17,12385,Illinois,Champaign city,Without Disability,disability,0.9831,0.9634,1,Marginal,0.8359,0.8135,0.8584,Marginal
2023,17,14000,Illinois,Chicago city,All,all,0.901,0.8824,0.9196,Strong,0.8062,0.8018,0.8105,Strong
2023,17,14000,Illinois,Chicago city,With Disability,disability,0.8668,0.7875,0.9461,Strong,0.5005,0.4774,0.5236,Strong
2023,17,14000,Illinois,Chicago city,Without Disability,disability,0.9038,0.885,0.9226,Strong,0.8307,0.8264,0.835,Strong
2023,17,14351,Illinois,Cicero town,All,all,0.9411,0.8918,0.9905,Marginal,0.806,0.7841,0.8279,Marginal
2023,17,14351,Illinois,Cicero town,With Disability,disability,NA,NA,NA,NA,0.5449,0.4152,0.6746,Marginal
2023,17,14351,Illinois,Cicero town,Without Disability,disability,0.9497,0.9013,0.9981,Marginal,0.8184,0.7971,0.8397,Marginal
2023,17,23074,Illinois,Elgin city,All,all,0.8962,0.8443,0.9482,Marginal,0.827,0.8126,0.8414,Marginal
2023,17,23074,Illinois,Elgin city,With Disability,disability,NA,NA,NA,NA,0.5098,0.4306,0.589,Marginal
2023,17,23074,Illinois,Elgin city,Without Disability,disability,0.9281,0.8891,0.967,Marginal,0.846,0.8323,0.8597,Marginal
2023,17,24582,Illinois,Evanston city,All,all,0.9744,0.9531,0.9957,Marginal,0.8152,0.793,0.8373,Marginal
2023,17,24582,Illinois,Evanston city,With Disability,disability,NA,NA,NA,NA,0.6204,0.501,0.7398,Marginal
2023,17,24582,Illinois,Evanston city,Without Disability,disability,0.9914,0.9803,1,Marginal,0.8276,0.8061,0.8491,Marginal
2023,17,38570,Illinois,Joliet city,All,all,0.9425,0.9106,0.9744,Marginal,0.8081,0.7949,0.8213,Marginal
2023,17,38570,Illinois,Joliet city,With Disability,disability,NA,NA,NA,NA,0.5141,0.4598,0.5684,Marginal
2023,17,38570,Illinois,Joliet city,Without Disability,disability,0.9494,0.9189,0.9799,Marginal,0.8329,0.8189,0.8469,Marginal
2023,17,51622,Illinois,Naperville city,All,all,0.937,0.9091,0.9649,Marginal,0.8355,0.8234,0.8475,Marginal
2023,17,51622,Illinois,Naperville city,With Disability,disability,NA,NA,NA,NA,0.5732,0.5122,0.6342,Marginal
2023,17,51622,Illinois,Naperville city,Without Disability,disability,0.94,0.9106,0.9695,Marginal,0.8488,0.8365,0.861,Marginal
2023,17,59000,Illinois,Peoria city,All,all,0.895,0.8449,0.9452,Marginal,0.7973,0.7807,0.8139,Marginal
2023,17,59000,Illinois,Peoria city,With Disability,disability,NA,NA,NA,NA,0.5287,0.4671,0.5904,Marginal
2023,17,59000,Illinois,Peoria city,Without Disability,disability,0.9604,0.9311,0.9897,Marginal,0.8229,0.8058,0.8401,Marginal
2023,17,65000,Illinois,Rockford city,All,all,0.7123,0.6205,0.8041,Strong,0.7608,0.7439,0.7778,Strong
2023,17,65000,Illinois,Rockford city,With Disability,disability,NA,NA,NA,NA,0.4333,0.3698,0.4969,Strong
2023,17,65000,Illinois,Rockford city,Without Disability,disability,0.7102,0.6117,0.8087,Strong,0.8009,0.7838,0.8179,Strong
2023,17,68003,Illinois,Schaumburg village,All,all,0.9607,0.9076,1,Marginal,0.8441,0.8272,0.8609,Marginal
2023,17,68003,Illinois,Schaumburg village,With Disability,disability,NA,NA,NA,NA,0.6362,0.5243,0.7482,Marginal
2023,17,68003,Illinois,Schaumburg village,Without Disability,disability,0.9626,0.9077,1,Marginal,0.8523,0.836,0.8685,Marginal
2023,17,72000,Illinois,Springfield city,All,all,0.8612,0.79,0.9323,Marginal,0.8074,0.788,0.8268,Marginal
2023,17,72000,Illinois,Springfield city,With Disability,disability,NA,NA,NA,NA,0.5171,0.4423,0.592,Marginal
2023,17,72000,Illinois,Springfield city,Without Disability,disability,0.8936,0.8158,0.9714,Marginal,0.8385,0.82,0.857,Marginal
2023,17,79293,Illinois,Waukegan city,All,all,0.8633,0.8042,0.9224,Marginal,0.7949,0.7753,0.8145,Marginal
2023,17,79293,Illinois,Waukegan city,With Disability,disability,NA,NA,NA,NA,0.5083,0.4231,0.5935,Marginal
2023,17,79293,Illinois,Waukegan city,Without Disability,disability,0.8912,0.8335,0.9489,Marginal,0.8188,0.7982,0.8394,Marginal
2023,18,05860,Indiana,Bloomington city,All,all,0.9897,0.9772,1,Marginal,0.8243,0.8006,0.848,Marginal
2023,18,05860,Indiana,Bloomington city,With Disability,disability,NA,NA,NA,NA,0.6017,0.515,0.6885,Marginal
2023,18,05860,Indiana,Bloomington city,Without Disability,disability,0.9897,0.9762,1,Marginal,0.8491,0.8245,0.8736,Marginal
2023,18,10342,Indiana,Carmel city,All,all,0.9202,0.8486,0.9918,Marginal,0.8636,0.8444,0.8827,Marginal
2023,18,10342,Indiana,Carmel city,With Disability,disability,NA,NA,NA,NA,0.7019,0.5856,0.8182,Marginal
2023,18,10342,Indiana,Carmel city,Without Disability,disability,0.9298,0.858,1,Marginal,0.8698,0.8503,0.8893,Marginal
2023,18,22000,Indiana,Evansville city,All,all,0.9402,0.9071,0.9734,Marginal,0.8214,0.8048,0.8379,Marginal
2023,18,22000,Indiana,Evansville city,With Disability,disability,NA,NA,NA,NA,0.4581,0.3806,0.5357,Marginal
2023,18,22000,Indiana,Evansville city,Without Disability,disability,0.954,0.9241,0.9839,Marginal,0.8688,0.8518,0.8858,Marginal
2023,18,23278,Indiana,Fishers city,All,all,0.9172,0.8636,0.9709,Marginal,0.8574,0.8408,0.874,Marginal
2023,18,23278,Indiana,Fishers city,With Disability,disability,NA,NA,NA,NA,0.6066,0.4806,0.7325,Marginal
2023,18,23278,Indiana,Fishers city,Without Disability,disability,0.9171,0.8618,0.9724,Marginal,0.8713,0.8547,0.8878,Marginal
2023,18,25000,Indiana,Fort Wayne city,All,all,0.9152,0.886,0.9445,Strong,0.7988,0.7837,0.8139,Strong
2023,18,25000,Indiana,Fort Wayne city,With Disability,disability,0.7655,0.6113,0.9198,Strong,0.4827,0.4208,0.5446,Strong
2023,18,25000,Indiana,Fort Wayne city,Without Disability,disability,0.9321,0.9029,0.9614,Strong,0.8375,0.8229,0.852,Strong
2023,18,31000,Indiana,Hammond city,All,all,0.8589,0.7943,0.9234,Marginal,0.7043,0.6743,0.7343,Marginal
2023,18,31000,Indiana,Hammond city,With Disability,disability,NA,NA,NA,NA,0.3485,0.2523,0.4446,Marginal
2023,18,31000,Indiana,Hammond city,Without Disability,disability,0.8542,0.7861,0.9223,Marginal,0.7544,0.7258,0.7831,Marginal
2023,18,36003,Indiana,Indianapolis city (balance),All,all,0.8915,0.8661,0.917,Strong,0.8136,0.8043,0.8228,Strong
2023,18,36003,Indiana,Indianapolis city (balance),With Disability,disability,0.8065,0.7048,0.9083,Strong,0.5162,0.4805,0.5519,Strong
2023,18,36003,Indiana,Indianapolis city (balance),Without Disability,disability,0.9023,0.8763,0.9283,Strong,0.848,0.839,0.8571,Strong
2023,18,71000,Indiana,South Bend city,All,all,0.9524,0.9233,0.9816,Strong,0.7894,0.7687,0.8101,Strong
2023,18,71000,Indiana,South Bend city,With Disability,disability,NA,NA,NA,NA,0.4408,0.3798,0.5019,Strong
2023,18,71000,Indiana,South Bend city,Without Disability,disability,0.9503,0.9198,0.9808,Strong,0.8297,0.809,0.8505,Strong
2023,19,12000,Iowa,Cedar Rapids city,All,all,0.9463,0.8931,0.9996,Strong,0.8679,0.8417,0.894,Strong
2023,19,12000,Iowa,Cedar Rapids city,With Disability,disability,NA,NA,NA,NA,0.629,0.5233,0.7348,Strong
2023,19,12000,Iowa,Cedar Rapids city,Without Disability,disability,0.9456,0.8896,1,Strong,0.8881,0.8597,0.9166,Strong
2023,19,19000,Iowa,Davenport city,All,all,0.9228,0.8713,0.9742,Marginal,0.8442,0.8238,0.8645,Marginal
2023,19,19000,Iowa,Davenport city,With Disability,disability,NA,NA,NA,NA,0.5201,0.4127,0.6276,Marginal
2023,19,19000,Iowa,Davenport city,Without Disability,disability,0.9332,0.8786,0.9877,Marginal,0.8724,0.8533,0.8916,Marginal
2023,19,21000,Iowa,Des Moines city,All,all,0.8549,0.7996,0.9102,Strong,0.8307,0.8121,0.8494,Strong
2023,19,21000,Iowa,Des Moines city,With Disability,disability,0.699,0.4747,0.9234,Strong,0.5152,0.4451,0.5853,Strong
2023,19,21000,Iowa,Des Moines city,Without Disability,disability,0.8722,0.8168,0.9276,Strong,0.8709,0.8526,0.8892,Strong
2023,19,73335,Iowa,Sioux City city,All,all,0.8319,0.7204,0.9435,Marginal,0.8591,0.8381,0.8801,Marginal
2023,19,73335,Iowa,Sioux City city,With Disability,disability,NA,NA,NA,NA,0.5291,0.4403,0.6178,Marginal
2023,19,73335,Iowa,Sioux City city,Without Disability,disability,0.8522,0.7355,0.9689,Marginal,0.8953,0.8748,0.9158,Marginal
2023,20,36000,Kansas,Kansas City city,All,all,0.7941,0.7059,0.8823,Strong,0.7869,0.7646,0.8093,Strong
2023,20,36000,Kansas,Kansas City city,With Disability,disability,NA,NA,NA,NA,0.4639,0.3765,0.5514,Strong
2023,20,36000,Kansas,Kansas City city,Without Disability,disability,0.7839,0.6919,0.8758,Strong,0.8229,0.7986,0.8472,Strong
2023,20,38900,Kansas,Lawrence city,All,all,0.9937,0.9838,1,Strong,0.8365,0.8073,0.8657,Strong
2023,20,38900,Kansas,Lawrence city,With Disability,disability,1,1,1,Strong,0.5269,0.4072,0.6467,Strong
2023,20,38900,Kansas,Lawrence city,Without Disability,disability,0.9926,0.981,1,Strong,0.8684,0.8428,0.8941,Strong
2023,20,52575,Kansas,Olathe city,All,all,0.9513,0.9044,0.9983,Marginal,0.8834,0.8713,0.8955,Marginal
2023,20,52575,Kansas,Olathe city,With Disability,disability,NA,NA,NA,NA,0.6603,0.5942,0.7264,Marginal
2023,20,52575,Kansas,Olathe city,Without Disability,disability,0.9626,0.9143,1,Marginal,0.9014,0.8892,0.9136,Marginal
2023,20,53775,Kansas,Overland Park city,All,all,0.9716,0.9377,1,Marginal,0.8599,0.8458,0.874,Marginal
2023,20,53775,Kansas,Overland Park city,With Disability,disability,NA,NA,NA,NA,0.5678,0.4868,0.6488,Marginal
2023,20,53775,Kansas,Overland Park city,Without Disability,disability,0.9827,0.96,1,Marginal,0.8763,0.8635,0.8892,Marginal
2023,20,71000,Kansas,Topeka city,All,all,0.8862,0.8066,0.9658,Strong,0.8035,0.7798,0.8273,Strong
2023,20,71000,Kansas,Topeka city,With Disability,disability,NA,NA,NA,NA,0.4928,0.4233,0.5623,Strong
2023,20,71000,Kansas,Topeka city,Without Disability,disability,0.8853,0.806,0.9646,Strong,0.8457,0.822,0.8694,Strong
2023,20,79000,Kansas,Wichita city,All,all,0.9017,0.873,0.9304,Marginal,0.8099,0.8001,0.8196,Marginal
2023,20,79000,Kansas,Wichita city,With Disability,disability,0.5753,0.4257,0.7248,Marginal,0.5439,0.5051,0.5828,Marginal
2023,20,79000,Kansas,Wichita city,Without Disability,disability,0.9335,0.9068,0.9603,Marginal,0.8439,0.8331,0.8548,Marginal
2023,21,46027,Kentucky,Lexington-Fayette urban county,All,all,0.962,0.9416,0.9824,Strong,0.8467,0.8328,0.8607,Strong
2023,21,46027,Kentucky,Lexington-Fayette urban county,With Disability,disability,0.8969,0.7753,1,Strong,0.5729,0.5016,0.6443,Strong
2023,21,46027,Kentucky,Lexington-Fayette urban county,Without Disability,disability,0.969,0.949,0.9891,Strong,0.8746,0.862,0.8871,Strong
2023,21,48006,Kentucky,Louisville/Jefferson County metro government (balance),All,all,0.9426,0.9212,0.9639,Marginal,0.8312,0.8198,0.8425,Marginal
2023,21,48006,Kentucky,Louisville/Jefferson County metro government (balance),With Disability,disability,0.8443,0.7057,0.9829,Marginal,0.5027,0.4607,0.5447,Marginal
2023,21,48006,Kentucky,Louisville/Jefferson County metro government (balance),Without Disability,disability,0.9528,0.9298,0.9758,Marginal,0.865,0.8539,0.876,Marginal
2023,22,05000,Louisiana,Baton Rouge city,All,all,0.944,0.9093,0.9787,Strong,0.7806,0.7621,0.7992,Strong
2023,22,05000,Louisiana,Baton Rouge city,With Disability,disability,0.9519,0.8592,1,Strong,0.4474,0.3765,0.5182,Strong
2023,22,05000,Louisiana,Baton Rouge city,Without Disability,disability,0.943,0.9057,0.9804,Strong,0.8272,0.8081,0.8462,Strong
2023,22,40735,Louisiana,Lafayette city,All,all,0.919,0.876,0.962,Marginal,0.796,0.7739,0.818,Marginal
2023,22,40735,Louisiana,Lafayette city,With Disability,disability,NA,NA,NA,NA,0.3855,0.3166,0.4544,Marginal
2023,22,40735,Louisiana,Lafayette city,Without Disability,disability,0.9281,0.8811,0.975,Marginal,0.8356,0.8162,0.8551,Marginal
2023,22,41155,Louisiana,Lake Charles city,All,all,0.9274,0.8787,0.9761,Marginal,0.7533,0.7241,0.7824,Marginal
2023,22,41155,Louisiana,Lake Charles city,With Disability,disability,NA,NA,NA,NA,0.4483,0.364,0.5326,Marginal
2023,22,41155,Louisiana,Lake Charles city,Without Disability,disability,0.9493,0.9024,0.9963,Marginal,0.7968,0.7677,0.8258,Marginal
2023,22,55000,Louisiana,New Orleans city,All,all,0.9027,0.8623,0.9431,Strong,0.7651,0.751,0.7792,Strong
2023,22,55000,Louisiana,New Orleans city,With Disability,disability,0.932,0.8247,1,Strong,0.4659,0.4154,0.5164,Strong
2023,22,55000,Louisiana,New Orleans city,Without Disability,disability,0.9009,0.8581,0.9437,Strong,0.7959,0.7822,0.8097,Strong
2023,22,70000,Louisiana,Shreveport city,All,all,0.8937,0.8336,0.9537,Strong,0.7297,0.707,0.7523,Strong
2023,22,70000,Louisiana,Shreveport city,With Disability,disability,NA,NA,NA,NA,0.3634,0.3112,0.4155,Strong
2023,22,70000,Louisiana,Shreveport city,Without Disability,disability,0.9293,0.8839,0.9748,Strong,0.7898,0.767,0.8125,Strong
2023,24,04000,Maryland,Baltimore city,All,all,0.8868,0.8492,0.9244,Strong,0.7809,0.7697,0.7921,Strong
2023,24,04000,Maryland,Baltimore city,With Disability,disability,0.7595,0.6069,0.9121,Strong,0.4437,0.3987,0.4888,Strong
2023,24,04000,Maryland,Baltimore city,Without Disability,disability,0.8993,0.8604,0.9382,Strong,0.8259,0.8159,0.8359,Strong
2023,24,30325,Maryland,Frederick city,All,all,0.9187,0.8477,0.9896,Marginal,0.8362,0.8204,0.8521,Marginal
2023,24,30325,Maryland,Frederick city,With Disability,disability,NA,NA,NA,NA,0.5778,0.4969,0.6587,Marginal
2023,24,30325,Maryland,Frederick city,Without Disability,disability,0.9474,0.8998,0.995,Marginal,0.8578,0.8418,0.8738,Marginal
2023,25,07000,Massachusetts,Boston city,All,all,0.9588,0.9436,0.9741,Strong,0.8419,0.8328,0.8509,Strong
2023,25,07000,Massachusetts,Boston city,With Disability,disability,0.929,0.8683,0.9896,Strong,0.5271,0.4774,0.5768,Strong
2023,25,07000,Massachusetts,Boston city,Without Disability,disability,0.9618,0.9465,0.9771,Strong,0.8662,0.8581,0.8742,Strong
2023,25,09000,Massachusetts,Brockton city,All,all,0.9481,0.889,1,Strong,0.8081,0.7857,0.8305,Strong
2023,25,09000,Massachusetts,Brockton city,With Disability,disability,NA,NA,NA,NA,0.4752,0.3787,0.5718,Strong
2023,25,09000,Massachusetts,Brockton city,Without Disability,disability,0.9473,0.886,1,Strong,0.8455,0.8243,0.8667,Strong
2023,25,11000,Massachusetts,Cambridge city,All,all,0.9915,0.9823,1,Strong,0.841,0.8224,0.8596,Strong
2023,25,11000,Massachusetts,Cambridge city,With Disability,disability,0.9242,0.816,1,Strong,0.54,0.4456,0.6345,Strong
2023,25,11000,Massachusetts,Cambridge city,Without Disability,disability,0.9951,0.98740000000000006,1,Strong,0.8551,0.8367,0.8735,Strong
2023,25,23000,Massachusetts,Fall River city,All,all,0.9328,0.8851,0.9804,Marginal,0.7682,0.7447,0.7917,Marginal
2023,25,23000,Massachusetts,Fall River city,With Disability,disability,NA,NA,NA,NA,0.4302,0.35,0.5105,Marginal
2023,25,23000,Massachusetts,Fall River city,Without Disability,disability,0.9382,0.8909,0.9854,Marginal,0.8287,0.8064,0.8511,Marginal
2023,25,34550,Massachusetts,Lawrence city,All,all,0.8708,0.79990000000000006,0.9417,Marginal,0.7884,0.764,0.8129,Marginal
2023,25,34550,Massachusetts,Lawrence city,With Disability,disability,NA,NA,NA,NA,0.4958,0.4079,0.5837,Marginal
2023,25,34550,Massachusetts,Lawrence city,Without Disability,disability,0.8767,0.8,0.9533,Marginal,0.8147,0.79,0.8394,Marginal
2023,25,37000,Massachusetts,Lowell city,All,all,0.9535,0.9224,0.9846,Strong,0.7977,0.7707,0.8248,Strong
2023,25,37000,Massachusetts,Lowell city,With Disability,disability,NA,NA,NA,NA,0.3812,0.295,0.4674,Strong
2023,25,37000,Massachusetts,Lowell city,Without Disability,disability,0.9637,0.9339,0.9936,Strong,0.8421,0.8171,0.8671,Strong
2023,25,37490,Massachusetts,Lynn city,All,all,0.847,0.7601,0.934,Strong,0.8204,0.7947,0.8461,Strong
2023,25,37490,Massachusetts,Lynn city,With Disability,disability,NA,NA,NA,NA,0.4556,0.2938,0.6173,Strong
2023,25,37490,Massachusetts,Lynn city,Without Disability,disability,0.8555,0.7683,0.9427,Strong,0.8556,0.8321,0.8791,Strong
2023,25,45000,Massachusetts,New Bedford city,All,all,0.926,0.8896,0.9623,Marginal,0.7727,0.7478,0.7975,Marginal
2023,25,45000,Massachusetts,New Bedford city,With Disability,disability,NA,NA,NA,NA,0.4095,0.3459,0.4732,Marginal
2023,25,45000,Massachusetts,New Bedford city,Without Disability,disability,0.9233,0.8839,0.9626,Marginal,0.8197,0.7957,0.8437,Marginal
2023,25,45560,Massachusetts,Newton city,All,all,0.9651,0.9298,1,Marginal,0.8644,0.8513,0.8776,Marginal
2023,25,45560,Massachusetts,Newton city,With Disability,disability,NA,NA,NA,NA,0.6159,0.4874,0.7444,Marginal
2023,25,45560,Massachusetts,Newton city,Without Disability,disability,0.9762,0.9479,1,Marginal,0.8744,0.8604,0.8884,Marginal
2023,25,55745,Massachusetts,Quincy city,All,all,1,1,1,Strong,0.8528,0.8328,0.8728,Strong
2023,25,55745,Massachusetts,Quincy city,With Disability,disability,NA,NA,NA,NA,0.5952,0.4811,0.7093,Strong
2023,25,55745,Massachusetts,Quincy city,Without Disability,disability,1,1,1,Strong,0.8679,0.8492,0.8866,Strong
2023,25,62535,Massachusetts,Somerville city,All,all,0.9787,0.949,1,Marginal,0.88,0.8625,0.8975,Marginal
2023,25,62535,Massachusetts,Somerville city,With Disability,disability,NA,NA,NA,NA,0.6362,0.5381,0.7343,Marginal
2023,25,62535,Massachusetts,Somerville city,Without Disability,disability,0.9769,0.9451,1,Marginal,0.8917,0.8748,0.9086,Marginal
2023,25,67000,Massachusetts,Springfield city,All,all,0.8919,0.8312,0.9525,Strong,0.7112,0.6827,0.7397,Strong
2023,25,67000,Massachusetts,Springfield city,With Disability,disability,NA,NA,NA,NA,0.3613,0.2875,0.4352,Strong
2023,25,67000,Massachusetts,Springfield city,Without Disability,disability,0.9189,0.8738,0.964,Strong,0.7675,0.7389,0.7962,Strong
2023,25,82000,Massachusetts,Worcester city,All,all,0.9534,0.9311,0.9757,Strong,0.7712,0.7517,0.7907,Strong
2023,25,82000,Massachusetts,Worcester city,With Disability,disability,0.9265,0.8497,1,Strong,0.3751,0.3089,0.4412,Strong
2023,25,82000,Massachusetts,Worcester city,Without Disability,disability,0.9567,0.9328,0.9806,Strong,0.8224,0.8057,0.8391,Strong
2023,26,03000,Michigan,Ann Arbor city,All,all,0.9838,0.9645,1,Strong,0.8363,0.815,0.8577,Strong
2023,26,03000,Michigan,Ann Arbor city,With Disability,disability,0.8937,0.7427,1,Strong,0.6273,0.498,0.7566,Strong
2023,26,03000,Michigan,Ann Arbor city,Without Disability,disability,0.99,0.9747,1,Strong,0.8477,0.8259,0.8695,Strong
2023,26,21000,Michigan,Dearborn city,All,all,0.9028,0.8553,0.9502,Marginal,0.6965,0.6731,0.7199,Marginal
2023,26,21000,Michigan,Dearborn city,With Disability,disability,NA,NA,NA,NA,0.4078,0.3195,0.4961,Marginal
2023,26,21000,Michigan,Dearborn city,Without Disability,disability,0.9118,0.8651,0.9585,Marginal,0.7273,0.7036,0.7511,Marginal
2023,26,22000,Michigan,Detroit city,All,all,0.8179,0.7723,0.8634,Strong,0.627,0.61240000000000006,0.6417,Strong
2023,26,22000,Michigan,Detroit city,With Disability,disability,0.6716,0.506,0.8373,Strong,0.2986,0.2635,0.3337,Strong
2023,26,22000,Michigan,Detroit city,Without Disability,disability,0.8377,0.7951,0.8803,Strong,0.6921,0.6769,0.7073,Strong
2023,26,27440,Michigan,Farmington Hills city,All,all,0.9431,0.8896,0.9966,Marginal,0.8307,0.8081,0.8533,Marginal
2023,26,27440,Michigan,Farmington Hills city,With Disability,disability,NA,NA,NA,NA,0.4598,0.329,0.5905,Marginal
2023,26,27440,Michigan,Farmington Hills city,Without Disability,disability,0.939,0.8822,0.9958,Marginal,0.8591,0.8372,0.881,Marginal
2023,26,29000,Michigan,Flint city,All,all,0.6328,0.5043,0.7614,Strong,0.649,0.6127,0.6852,Strong
2023,26,29000,Michigan,Flint city,With Disability,disability,NA,NA,NA,NA,0.3091,0.2329,0.3852,Strong
2023,26,29000,Michigan,Flint city,Without Disability,disability,0.6904,0.5668,0.8141,Strong,0.7327,0.6957,0.7698,Strong
2023,26,34000,Michigan,Grand Rapids city,All,all,0.918,0.8749,0.9612,Strong,0.8254,0.8071,0.8436,Strong
2023,26,34000,Michigan,Grand Rapids city,With Disability,disability,NA,NA,NA,NA,0.5114,0.43,0.5927,Strong
2023,26,34000,Michigan,Grand Rapids city,Without Disability,disability,0.9115,0.8654,0.9575,Strong,0.8517,0.8331,0.8703,Strong
2023,26,46000,Michigan,Lansing city,All,all,0.8695,0.7708,0.9683,Strong,0.7842,0.7612,0.8071,Strong
2023,26,46000,Michigan,Lansing city,With Disability,disability,NA,NA,NA,NA,0.474,0.3886,0.5593,Strong
2023,26,46000,Michigan,Lansing city,Without Disability,disability,0.8777,0.7751,0.9803,Strong,0.8336,0.81,0.8573,Strong
2023,26,49000,Michigan,Livonia city,All,all,0.9644,0.9379,0.9909,Marginal,0.8197,0.7976,0.8418,Marginal
2023,26,49000,Michigan,Livonia city,With Disability,disability,NA,NA,NA,NA,0.455,0.3436,0.5664,Marginal
2023,26,49000,Michigan,Livonia city,Without Disability,disability,0.9779,0.9531,1,Marginal,0.8559,0.8356,0.8762,Marginal
2023,26,69035,Michigan,Rochester Hills city,All,all,0.9628,0.9164,1,Marginal,0.8267,0.8081,0.8453,Marginal
2023,26,69035,Michigan,Rochester Hills city,With Disability,disability,NA,NA,NA,NA,0.6643,0.5818,0.7469,Marginal
2023,26,69035,Michigan,Rochester Hills city,Without Disability,disability,0.9785,0.9538,1,Marginal,0.8365,0.8172,0.8558,Marginal
2023,26,74900,Michigan,Southfield city,All,all,0.9431,0.8896,0.9966,Marginal,0.8307,0.8081,0.8533,Marginal
2023,26,74900,Michigan,Southfield city,With Disability,disability,NA,NA,NA,NA,0.4598,0.329,0.5905,Marginal
2023,26,74900,Michigan,Southfield city,Without Disability,disability,0.939,0.8822,0.9958,Marginal,0.8591,0.8372,0.881,Marginal
2023,26,76460,Michigan,Sterling Heights city,All,all,0.8443,0.7598,0.9287,Strong,0.7689,0.7441,0.7938,Strong
2023,26,76460,Michigan,Sterling Heights city,With Disability,disability,NA,NA,NA,NA,0.4523,0.3597,0.5449,Strong
2023,26,76460,Michigan,Sterling Heights city,Without Disability,disability,0.9063,0.8344,0.9782,Strong,0.7962,0.7704,0.8219,Strong
2023,26,80700,Michigan,Troy city,All,all,0.9629,0.9162,1,Marginal,0.8268,0.8081,0.8455,Marginal
2023,26,80700,Michigan,Troy city,With Disability,disability,NA,NA,NA,NA,0.6657,0.5824,0.7489,Marginal
2023,26,80700,Michigan,Troy city,Without Disability,disability,0.9786,0.9538,1,Marginal,0.8365,0.8171,0.8558,Marginal
2023,26,84000,Michigan,Warren city,All,all,0.8947,0.8117,0.9776,Strong,0.7784,0.7592,0.7976,Strong
2023,26,84000,Michigan,Warren city,With Disability,disability,NA,NA,NA,NA,0.4114,0.3262,0.4965,Strong
2023,26,84000,Michigan,Warren city,Without Disability,disability,0.8974,0.8105,0.9842,Strong,0.8277,0.8077,0.8477,Strong
2023,26,86000,Michigan,Westland city,All,all,0.8062,0.7084,0.904,Marginal,0.7349,0.7097,0.7602,Marginal
2023,26,86000,Michigan,Westland city,With Disability,disability,NA,NA,NA,NA,0.3809,0.3127,0.4492,Marginal
2023,26,86000,Michigan,Westland city,Without Disability,disability,0.8604,0.7722,0.9485,Marginal,0.7952,0.7692,0.8212,Marginal
2023,26,88940,Michigan,Wyoming city,All,all,0.8304,0.7345,0.9263,Marginal,0.8632,0.8462,0.8803,Marginal
2023,26,88940,Michigan,Wyoming city,With Disability,disability,NA,NA,NA,NA,0.6321,0.5512,0.7129,Marginal
2023,26,88940,Michigan,Wyoming city,Without Disability,disability,0.8456,0.7336,0.9577,Marginal,0.8856,0.8685,0.9027,Marginal
2023,27,06616,Minnesota,Bloomington city,All,all,0.9172,0.8219,1,Marginal,0.8661,0.8452,0.8871,Marginal
2023,27,06616,Minnesota,Bloomington city,With Disability,disability,NA,NA,NA,NA,0.6089,0.4932,0.7246,Marginal
2023,27,06616,Minnesota,Bloomington city,Without Disability,disability,0.9152,0.8176,1,Marginal,0.89,0.8675,0.9125,Marginal
2023,27,07966,Minnesota,Brooklyn Park city,All,all,0.81,0.6379,0.9822,Marginal,0.8751,0.8483,0.9018,Marginal
2023,27,07966,Minnesota,Brooklyn Park city,With Disability,disability,NA,NA,NA,NA,0.5064,0.3368,0.676,Marginal
2023,27,07966,Minnesota,Brooklyn Park city,Without Disability,disability,0.8975,0.7578,1,Marginal,0.8915,0.8641,0.9189,Marginal
2023,27,17000,Minnesota,Duluth city,All,all,0.9608,0.9157,1,Strong,0.8542,0.8301,0.8782,Strong
2023,27,17000,Minnesota,Duluth city,With Disability,disability,NA,NA,NA,NA,0.5453,0.4337,0.6569,Strong
2023,27,17000,Minnesota,Duluth city,Without Disability,disability,0.957,0.9073,1,Strong,0.8922,0.8674,0.917,Strong
2023,27,43000,Minnesota,Minneapolis city,All,all,0.9207,0.8818,0.9596,Strong,0.8592,0.8469,0.8716,Strong
2023,27,43000,Minnesota,Minneapolis city,With Disability,disability,0.7846,0.603,0.9662,Strong,0.5872,0.5206,0.6537,Strong
2023,27,43000,Minnesota,Minneapolis city,Without Disability,disability,0.9349,0.8972,0.9725,Strong,0.8839,0.8725,0.8952,Strong
2023,27,51730,Minnesota,Plymouth city,All,all,0.9231,0.8357,1,Marginal,0.9081,0.8867,0.9295,Marginal
2023,27,51730,Minnesota,Plymouth city,With Disability,disability,NA,NA,NA,NA,NA,NA,NA,NA
2023,27,51730,Minnesota,Plymouth city,Without Disability,disability,0.9518,0.8813,1,Marginal,0.9159,0.8945,0.9373,Marginal
2023,27,54880,Minnesota,Rochester city,All,all,0.9546,0.9184,0.9908,Marginal,0.8947,0.8774,0.9119,Marginal
2023,27,54880,Minnesota,Rochester city,With Disability,disability,NA,NA,NA,NA,0.6294,0.5213,0.7375,Marginal
2023,27,54880,Minnesota,Rochester city,Without Disability,disability,0.9489,0.9077,0.9902,Marginal,0.9113,0.8942,0.9284,Marginal
2023,27,58000,Minnesota,St. Paul city,All,all,0.8914,0.8511,0.9317,Strong,0.8388,0.824,0.8537,Strong
2023,27,58000,Minnesota,St. Paul city,With Disability,disability,0.8143,0.6536,0.9751,Strong,0.5285,0.4662,0.5907,Strong
2023,27,58000,Minnesota,St. Paul city,Without Disability,disability,0.9004,0.858,0.9429,Strong,0.8707,0.8576,0.8838,Strong
2023,27,71428,Minnesota,Woodbury city,All,all,0.9483,0.8888,1,Marginal,0.8884,0.8707,0.9062,Marginal
2023,27,71428,Minnesota,Woodbury city,With Disability,disability,NA,NA,NA,NA,0.6906,0.5801,0.801,Marginal
2023,27,71428,Minnesota,Woodbury city,Without Disability,disability,0.9689,0.9195,1,Marginal,0.9015,0.8821,0.921,Marginal
2023,28,36000,Mississippi,Jackson city,All,all,0.8855,0.8357,0.9352,Strong,0.7508,0.7299,0.7716,Strong
2023,28,36000,Mississippi,Jackson city,With Disability,disability,NA,NA,NA,NA,0.3943,0.3116,0.477,Strong
2023,28,36000,Mississippi,Jackson city,Without Disability,disability,0.8898,0.8392,0.9404,Strong,0.7982,0.7775,0.819,Strong
2023,29,15670,Missouri,Columbia city,All,all,0.972,0.9466,0.9974,Strong,0.8337,0.81,0.8573,Strong
2023,29,15670,Missouri,Columbia city,With Disability,disability,NA,NA,NA,NA,0.5564,0.4689,0.644,Strong
2023,29,15670,Missouri,Columbia city,Without Disability,disability,0.9775,0.9543,1,Strong,0.8694,0.8476,0.8912,Strong
2023,29,35000,Missouri,Independence city,All,all,0.9235,0.8778,0.9692,Marginal,0.8213,0.8033,0.8393,Marginal
2023,29,35000,Missouri,Independence city,With Disability,disability,NA,NA,NA,NA,0.5553,0.5008,0.6098,Marginal
2023,29,35000,Missouri,Independence city,Without Disability,disability,0.9307,0.8841,0.9773,Marginal,0.8539,0.836,0.8718,Marginal
2023,29,38000,Missouri,Kansas City city,All,all,0.9173,0.8799,0.9546,Strong,0.8345,0.8251,0.844,Strong
2023,29,38000,Missouri,Kansas City city,With Disability,disability,0.8509,0.7187,0.983,Strong,0.5302,0.4907,0.5698,Strong
2023,29,38000,Missouri,Kansas City city,Without Disability,disability,0.9233,0.8864,0.9602,Strong,0.8676,0.8584,0.8768,Strong
2023,29,41348,Missouri,Lee's Summit city,All,all,0.8695,0.7775,0.9615,Strong,0.8616,0.8419,0.8813,Strong
2023,29,41348,Missouri,Lee's Summit city,With Disability,disability,NA,NA,NA,NA,0.536,0.3654,0.7065,Strong
2023,29,41348,Missouri,Lee's Summit city,Without Disability,disability,0.8657,0.7678,0.9636,Strong,0.8847,0.8649,0.9045,Strong
2023,29,54074,Missouri,O'Fallon city,All,all,0.9909,0.9746,1,Marginal,0.8848,0.8736,0.896,Marginal
2023,29,54074,Missouri,O'Fallon city,With Disability,disability,NA,NA,NA,NA,0.5768,0.5049,0.6487,Marginal
2023,29,54074,Missouri,O'Fallon city,Without Disability,disability,0.9901,0.9724,1,Marginal,0.9048,0.8953,0.9144,Marginal
2023,29,65000,Missouri,St. Louis city,All,all,0.9163,0.8732,0.9594,Strong,0.8284,0.8148,0.8421,Strong
2023,29,65000,Missouri,St. Louis city,With Disability,disability,NA,NA,NA,NA,0.4658,0.4072,0.5243,Strong
2023,29,65000,Missouri,St. Louis city,Without Disability,disability,0.9342,0.8926,0.9759,Strong,0.8728,0.8597,0.8859,Strong
2023,29,70000,Missouri,Springfield city,All,all,0.9253,0.8894,0.9612,Marginal,0.7899,0.7694,0.8103,Marginal
2023,29,70000,Missouri,Springfield city,With Disability,disability,NA,NA,NA,NA,0.4512,0.3907,0.5116,Marginal
2023,29,70000,Missouri,Springfield city,Without Disability,disability,0.9378,0.9005,0.9752,Marginal,0.8358,0.8148,0.8568,Marginal
2023,30,06550,Montana,Billings city,All,all,0.8817,0.7924,0.9711,Strong,0.8457,0.8175,0.8739,Strong
2023,30,06550,Montana,Billings city,With Disability,disability,NA,NA,NA,NA,0.5736,0.4714,0.6759,Strong
2023,30,06550,Montana,Billings city,Without Disability,disability,0.8999,0.809,0.9907,Strong,0.8806,0.857,0.9042,Strong
2023,31,28000,Nebraska,Lincoln city,All,all,0.9428,0.9127,0.9729,Strong,0.872,0.8577,0.8863,Strong
2023,31,28000,Nebraska,Lincoln city,With Disability,disability,0.8904,0.7602,1,Strong,0.6164,0.5522,0.6806,Strong
2023,31,28000,Nebraska,Lincoln city,Without Disability,disability,0.9481,0.9173,0.979,Strong,0.896,0.8841,0.9079,Strong
2023,31,37000,Nebraska,Omaha city,All,all,0.9192,0.885,0.9535,Strong,0.847,0.8365,0.8575,Strong
2023,31,37000,Nebraska,Omaha city,With Disability,disability,0.912,0.804,1,Strong,0.5854,0.5329,0.6379,Strong
2023,31,37000,Nebraska,Omaha city,Without Disability,disability,0.9199,0.884,0.9557,Strong,0.8707,0.8603,0.8811,Strong
2023,32,31900,Nevada,Henderson city,All,all,0.9157,0.8743,0.9571,Strong,0.7902,0.7782,0.8021,Strong
2023,32,31900,Nevada,Henderson city,With Disability,disability,NA,NA,NA,NA,0.5813,0.5257,0.6369,Strong
2023,32,31900,Nevada,Henderson city,Without Disability,disability,0.9185,0.8751,0.9619,Strong,0.8073,0.7951,0.8195,Strong
2023,32,40000,Nevada,Las Vegas city,All,all,0.8398,0.8061,0.8735,Strong,0.7581,0.7488,0.7675,Strong
2023,32,40000,Nevada,Las Vegas city,With Disability,disability,0.7253,0.5636,0.8871,Strong,0.4833,0.4456,0.521,Strong
2023,32,40000,Nevada,Las Vegas city,Without Disability,disability,0.85,0.8132,0.8868,Strong,0.7853,0.7771,0.7935,Strong
2023,32,51800,Nevada,North Las Vegas city,All,all,0.8797,0.8364,0.923,Strong,0.7703,0.7558,0.7847,Strong
2023,32,51800,Nevada,North Las Vegas city,With Disability,disability,NA,NA,NA,NA,0.5141,0.4639,0.5644,Strong
2023,32,51800,Nevada,North Las Vegas city,Without Disability,disability,0.8789,0.8331,0.9246,Strong,0.7955,0.7815,0.8095,Strong
2023,32,60600,Nevada,Reno city,All,all,0.9316,0.9047,0.9585,Strong,0.8216,0.8072,0.8361,Strong
2023,32,60600,Nevada,Reno city,With Disability,disability,NA,NA,NA,NA,0.4993,0.4419,0.5566,Strong
2023,32,60600,Nevada,Reno city,Without Disability,disability,0.9293,0.9006,0.958,Strong,0.8527,0.839,0.8665,Strong
2023,32,68400,Nevada,Sparks city,All,all,0.8851,0.8199,0.9502,Marginal,0.8234,0.8075,0.8394,Marginal
2023,32,68400,Nevada,Sparks city,With Disability,disability,NA,NA,NA,NA,0.5758,0.5035,0.6481,Marginal
2023,32,68400,Nevada,Sparks city,Without Disability,disability,0.8908,0.8227,0.9589,Marginal,0.8471,0.8319,0.8623,Marginal
2023,33,45140,New Hampshire,Manchester city,All,all,0.8415,0.7463,0.9368,Strong,0.8464,0.8243,0.8685,Strong
2023,33,45140,New Hampshire,Manchester city,With Disability,disability,NA,NA,NA,NA,0.5201,0.435,0.6052,Strong
2023,33,45140,New Hampshire,Manchester city,Without Disability,disability,0.8276,0.7216,0.9336,Strong,0.8818,0.8568,0.9067,Strong
2023,33,50260,New Hampshire,Nashua city,All,all,0.8896,0.8029,0.9762,Strong,0.8467,0.8257,0.8678,Strong
2023,33,50260,New Hampshire,Nashua city,With Disability,disability,NA,NA,NA,NA,0.4941,0.3821,0.6061,Strong
2023,33,50260,New Hampshire,Nashua city,Without Disability,disability,0.8893,0.7991,0.9794,Strong,0.8782,0.8548,0.9016,Strong
2023,34,13690,New Jersey,Clifton city,All,all,0.8945,0.8435,0.9455,Marginal,0.7944,0.7784,0.8105,Marginal
2023,34,13690,New Jersey,Clifton city,With Disability,disability,NA,NA,NA,NA,0.4245,0.3492,0.4998,Marginal
2023,34,13690,New Jersey,Clifton city,Without Disability,disability,0.9238,0.8837,0.964,Marginal,0.8132,0.7975,0.8289,Marginal
2023,34,21000,New Jersey,Elizabeth city,All,all,0.897,0.8336,0.9603,Strong,0.7842,0.7631,0.8052,Strong
2023,34,21000,New Jersey,Elizabeth city,With Disability,disability,NA,NA,NA,NA,0.3953,0.3113,0.4794,Strong
2023,34,21000,New Jersey,Elizabeth city,Without Disability,disability,0.9092,0.8421,0.9763,Strong,0.8156,0.7929,0.8382,Strong
2023,34,36000,New Jersey,Jersey City city,All,all,0.9205,0.8684,0.9726,Strong,0.8176,0.8041,0.831,Strong
2023,34,36000,New Jersey,Jersey City city,With Disability,disability,NA,NA,NA,NA,0.4502,0.3773,0.5232,Strong
2023,34,36000,New Jersey,Jersey City city,Without Disability,disability,0.9144,0.8579,0.971,Strong,0.8331,0.8195,0.8467,Strong
2023,34,51000,New Jersey,Newark city,All,all,0.8837,0.8341,0.9333,Strong,0.7273,0.7084,0.7462,Strong
2023,34,51000,New Jersey,Newark city,With Disability,disability,NA,NA,NA,NA,0.4834,0.4244,0.5423,Strong
2023,34,51000,New Jersey,Newark city,Without Disability,disability,0.8859,0.8333,0.9386,Strong,0.7612,0.7399,0.7825,Strong
2023,34,57000,New Jersey,Paterson city,All,all,0.8939,0.8408,0.9469,Strong,0.7222,0.6998,0.7446,Strong
2023,34,57000,New Jersey,Paterson city,With Disability,disability,NA,NA,NA,NA,0.4011,0.3136,0.4885,Strong
2023,34,57000,New Jersey,Paterson city,Without Disability,disability,0.8944,0.8409,0.9479,Strong,0.7414,0.7183,0.7645,Strong
2023,34,74000,New Jersey,Trenton city,All,all,0.9208,0.8798,0.9617,Marginal,0.7175,0.688,0.747,Marginal
2023,34,74000,New Jersey,Trenton city,With Disability,disability,NA,NA,NA,NA,0.3641,0.261,0.4671,Marginal
2023,34,74000,New Jersey,Trenton city,Without Disability,disability,0.9267,0.8843,0.9691,Marginal,0.765,0.7361,0.7939,Marginal
2023,35,02000,New Mexico,Albuquerque city,All,all,0.8665,0.8284,0.9046,Strong,0.7968,0.7844,0.8092,Strong
2023,35,02000,New Mexico,Albuquerque city,With Disability,disability,0.8519,0.7615,0.9422,Strong,0.4908,0.4487,0.533,Strong
2023,35,02000,New Mexico,Albuquerque city,Without Disability,disability,0.8681,0.8272,0.909,Strong,0.8361,0.8248,0.8474,Strong
2023,35,39380,New Mexico,Las Cruces city,All,all,0.915,0.8597,0.9702,Strong,0.7509,0.7226,0.7791,Strong
2023,35,39380,New Mexico,Las Cruces city,With Disability,disability,NA,NA,NA,NA,0.3899,0.2792,0.5006,Strong
2023,35,39380,New Mexico,Las Cruces city,Without Disability,disability,0.9273,0.8688,0.9859,Strong,0.8015,0.7726,0.8303,Strong
2023,35,63460,New Mexico,Rio Rancho city,All,all,0.8709,0.8032,0.9385,Marginal,0.761,0.7383,0.7838,Marginal
2023,35,63460,New Mexico,Rio Rancho city,With Disability,disability,NA,NA,NA,NA,0.3801,0.3037,0.4565,Marginal
2023,35,63460,New Mexico,Rio Rancho city,Without Disability,disability,0.8784,0.8048,0.9521,Marginal,0.8152,0.7943,0.836,Marginal
2023,35,70500,New Mexico,Santa Fe city,All,all,0.864,0.7952,0.9327,Marginal,0.7914,0.7702,0.8126,Marginal
2023,35,70500,New Mexico,Santa Fe city,With Disability,disability,NA,NA,NA,NA,0.3738,0.2821,0.4656,Marginal
2023,35,70500,New Mexico,Santa Fe city,Without Disability,disability,0.857,0.7834,0.9306,Marginal,0.839,0.8199,0.858,Marginal
2023,36,01000,New York,Albany city,All,all,0.9679,0.9397,0.9962,Strong,0.8035,0.7796,0.8274,Strong
2023,36,01000,New York,Albany city,With Disability,disability,0.9217,0.7788,1,Strong,0.507,0.4249,0.5892,Strong
2023,36,01000,New York,Albany city,Without Disability,disability,0.9736,0.948,0.9993,Strong,0.8416,0.818,0.8652,Strong
2023,36,11000,New York,Buffalo city,All,all,0.9098,0.8729,0.9467,Strong,0.7167,0.6978,0.7357,Strong
2023,36,11000,New York,Buffalo city,With Disability,disability,0.8446,0.6982,0.991,Strong,0.3477,0.3064,0.3889,Strong
2023,36,11000,New York,Buffalo city,Without Disability,disability,0.9173,0.8832,0.9514,Strong,0.7795,0.757,0.802,Strong
2023,36,50617,New York,New Rochelle city,All,all,0.9386,0.8829,0.9943,Marginal,0.8248,0.8008,0.8489,Marginal
2023,36,50617,New York,New Rochelle city,With Disability,disability,NA,NA,NA,NA,0.541,0.3902,0.6917,Marginal
2023,36,50617,New York,New Rochelle city,Without Disability,disability,0.9441,0.8882,0.9999,Marginal,0.8422,0.8191,0.8652,Marginal
2023,36,51000,New York,New York city,All,all,0.8962,0.8863,0.906,Strong,0.7822,0.7793,0.7852,Strong
2023,36,51000,New York,New York city,With Disability,disability,0.7394,0.6856,0.7932,Strong,0.4376,0.4231,0.4521,Strong
2023,36,51000,New York,New York city,Without Disability,disability,0.9058,0.8955,0.9161,Strong,0.8056,0.8027,0.8085,Strong
2023,36,63000,New York,Rochester city,All,all,0.8847,0.8401,0.9293,Strong,0.7393,0.7197,0.7589,Strong
2023,36,63000,New York,Rochester city,With Disability,disability,0.8488,0.7327,0.9649,Strong,0.3834,0.3258,0.441,Strong
2023,36,63000,New York,Rochester city,Without Disability,disability,0.8929,0.8417,0.944,Strong,0.8091,0.7914,0.8268,Strong
2023,36,73000,New York,Syracuse city,All,all,0.9614,0.9398,0.983,Strong,0.7365,0.7124,0.7606,Strong
2023,36,73000,New York,Syracuse city,With Disability,disability,0.8613,0.7001,1,Strong,0.3447,0.2837,0.4057,Strong
2023,36,73000,New York,Syracuse city,Without Disability,disability,0.9674,0.9462,0.9887,Strong,0.8131,0.787,0.8391,Strong
2023,36,84000,New York,Yonkers city,All,all,0.8351,0.7542,0.9161,Strong,0.7947,0.7728,0.8165,Strong
2023,36,84000,New York,Yonkers city,With Disability,disability,NA,NA,NA,NA,0.5001,0.424,0.5761,Strong
2023,36,84000,New York,Yonkers city,Without Disability,disability,0.8364,0.7516,0.9213,Strong,0.8175,0.7953,0.8397,Strong
2023,37,02140,North Carolina,Asheville city,All,all,0.875,0.7902,0.9598,Marginal,0.817,0.7915,0.8426,Marginal
2023,37,02140,North Carolina,Asheville city,With Disability,disability,NA,NA,NA,NA,0.4149,0.3219,0.508,Marginal
2023,37,02140,North Carolina,Asheville city,Without Disability,disability,0.868,0.772,0.964,Marginal,0.8611,0.8369,0.8853,Marginal
2023,37,10740,North Carolina,Cary town,All,all,0.9384,0.9043,0.9725,Marginal,0.8422,0.8291,0.8554,Marginal
2023,37,10740,North Carolina,Cary town,With Disability,disability,NA,NA,NA,NA,0.6665,0.5977,0.7353,Marginal
2023,37,10740,North Carolina,Cary town,Without Disability,disability,0.9488,0.9135,0.9841,Marginal,0.851,0.8376,0.8644,Marginal
2023,37,12000,North Carolina,Charlotte city,All,all,0.881,0.8471,0.9149,Strong,0.8414,0.8328,0.85,Strong
2023,37,12000,North Carolina,Charlotte city,With Disability,disability,0.6224,0.4201,0.8248,Strong,0.4909,0.4372,0.5445,Strong
2023,37,12000,North Carolina,Charlotte city,Without Disability,disability,0.9033,0.8751,0.9315,Strong,0.8616,0.8547,0.8686,Strong
2023,37,14100,North Carolina,Concord city,All,all,0.8971,0.8477,0.9465,Marginal,0.8505,0.8335,0.8675,Marginal
2023,37,14100,North Carolina,Concord city,With Disability,disability,NA,NA,NA,NA,0.6032,0.5147,0.6917,Marginal
2023,37,14100,North Carolina,Concord city,Without Disability,disability,0.8841,0.8245,0.9437,Marginal,0.8696,0.8535,0.8858,Marginal
2023,37,19000,North Carolina,Durham city,All,all,0.9056,0.8613,0.9498,Strong,0.8442,0.8325,0.8558,Strong
2023,37,19000,North Carolina,Durham city,With Disability,disability,NA,NA,NA,NA,0.5633,0.4953,0.6314,Strong
2023,37,19000,North Carolina,Durham city,Without Disability,disability,0.9027,0.8553,0.9501,Strong,0.8642,0.8529,0.8755,Strong
2023,37,22920,North Carolina,Fayetteville city,All,all,0.8931,0.8508,0.9354,Strong,0.7632,0.7507,0.7757,Strong
2023,37,22920,North Carolina,Fayetteville city,With Disability,disability,0.6329,0.4114,0.8544,Strong,0.4779,0.4456,0.5103,Strong
2023,37,22920,North Carolina,Fayetteville city,Without Disability,disability,0.9216,0.8836,0.9596,Strong,0.8053,0.7921,0.8185,Strong
2023,37,25580,North Carolina,Gastonia city,All,all,0.8458,0.7645,0.9272,Marginal,0.8094,0.7908,0.8279,Marginal
2023,37,25580,North Carolina,Gastonia city,With Disability,disability,NA,NA,NA,NA,0.4793,0.4101,0.5485,Marginal
2023,37,25580,North Carolina,Gastonia city,Without Disability,disability,0.8466,0.7581,0.935,Marginal,0.8507,0.8325,0.8689,Marginal
2023,37,28000,North Carolina,Greensboro city,All,all,0.9521,0.9292,0.975,Strong,0.8159,0.802,0.8297,Strong
2023,37,28000,North Carolina,Greensboro city,With Disability,disability,0.8471,0.6844,1,Strong,0.5446,0.4952,0.5941,Strong
2023,37,28000,North Carolina,Greensboro city,Without Disability,disability,0.9634,0.9468,0.9799,Strong,0.8387,0.8246,0.8527,Strong
2023,37,28080,North Carolina,Greenville city,All,all,0.9476,0.9185,0.9767,Marginal,0.7958,0.7726,0.819,Marginal
2023,37,28080,North Carolina,Greenville city,With Disability,disability,NA,NA,NA,NA,0.5502,0.472,0.6284,Marginal
2023,37,28080,North Carolina,Greenville city,Without Disability,disability,0.9472,0.9178,0.9767,Marginal,0.8254,0.8025,0.8483,Marginal
2023,37,31400,North Carolina,High Point city,All,all,0.9229,0.8802,0.9656,Marginal,0.79990000000000006,0.7798,0.82,Marginal
2023,37,31400,North Carolina,High Point city,With Disability,disability,NA,NA,NA,NA,0.4257,0.3404,0.5111,Marginal
2023,37,31400,North Carolina,High Point city,Without Disability,disability,0.9254,0.8805,0.9703,Marginal,0.8333,0.8136,0.853,Marginal
2023,37,55000,North Carolina,Raleigh city,All,all,0.9353,0.9117,0.9589,Strong,0.8439,0.8344,0.8534,Strong
2023,37,55000,North Carolina,Raleigh city,With Disability,disability,0.8323,0.7124,0.9523,Strong,0.6342,0.5885,0.6799,Strong
2023,37,55000,North Carolina,Raleigh city,Without Disability,disability,0.9418,0.9175,0.9661,Strong,0.8593,0.85,0.8686,Strong
2023,37,74440,North Carolina,Wilmington city,All,all,0.9569,0.9198,0.994,Marginal,0.8392,0.8221,0.8563,Marginal
2023,37,74440,North Carolina,Wilmington city,With Disability,disability,NA,NA,NA,NA,0.5245,0.4314,0.6177,Marginal
2023,37,74440,North Carolina,Wilmington city,Without Disability,disability,0.9572,0.9162,0.9982,Marginal,0.8671,0.8501,0.8841,Marginal
2023,37,75000,North Carolina,Winston-Salem city,All,all,0.8981,0.8581,0.9381,Strong,0.7947,0.7763,0.8131,Strong
2023,37,75000,North Carolina,Winston-Salem city,With Disability,disability,NA,NA,NA,NA,0.4616,0.3807,0.5425,Strong
2023,37,75000,North Carolina,Winston-Salem city,Without Disability,disability,0.9056,0.8677,0.9436,Strong,0.8274,0.8112,0.8436,Strong
2023,38,25700,North Dakota,Fargo city,All,all,0.9781,0.9576,0.9986,Marginal,0.902,0.8849,0.9191,Marginal
2023,38,25700,North Dakota,Fargo city,With Disability,disability,NA,NA,NA,NA,0.6113,0.505,0.7176,Marginal
2023,38,25700,North Dakota,Fargo city,Without Disability,disability,0.9869,0.9722,1,Marginal,0.93,0.9181,0.9418,Marginal
2023,39,01000,Ohio,Akron city,All,all,0.8835,0.815,0.9519,Strong,0.7693,0.7492,0.7893,Strong
2023,39,01000,Ohio,Akron city,With Disability,disability,NA,NA,NA,NA,0.3801,0.3202,0.44,Strong
2023,39,01000,Ohio,Akron city,Without Disability,disability,0.9175,0.8733,0.9617,Strong,0.8263,0.8065,0.8461,Strong
2023,39,15000,Ohio,Cincinnati city,All,all,0.9011,0.8585,0.9436,Strong,0.7872,0.7719,0.8026,Strong
2023,39,15000,Ohio,Cincinnati city,With Disability,disability,0.8645,0.745,0.9841,Strong,0.4899,0.4378,0.5421,Strong
2023,39,15000,Ohio,Cincinnati city,Without Disability,disability,0.9043,0.8587,0.95,Strong,0.8222,0.8058,0.8387,Strong
2023,39,16000,Ohio,Cleveland city,All,all,0.863,0.8159,0.91,Strong,0.6934,0.6782,0.7087,Strong
2023,39,16000,Ohio,Cleveland city,With Disability,disability,0.7412,0.591,0.8914,Strong,0.3888,0.3443,0.4334,Strong
2023,39,16000,Ohio,Cleveland city,Without Disability,disability,0.8805,0.831,0.9299,Strong,0.7469,0.7315,0.7623,Strong
2023,39,18000,Ohio,Columbus city,All,all,0.9099,0.8881,0.9318,Marginal,0.8287,0.821,0.8363,Marginal
2023,39,18000,Ohio,Columbus city,With Disability,disability,0.8131,0.7387,0.8876,Marginal,0.5468,0.5144,0.5791,Marginal
2023,39,18000,Ohio,Columbus city,Without Disability,disability,0.9199,0.8973,0.9424,Marginal,0.8555,0.8479,0.863,Marginal
2023,39,21000,Ohio,Dayton city,All,all,0.9114,0.8608,0.962,Strong,0.7416,0.7168,0.7663,Strong
2023,39,21000,Ohio,Dayton city,With Disability,disability,NA,NA,NA,NA,0.4415,0.3698,0.5131,Strong
2023,39,21000,Ohio,Dayton city,Without Disability,disability,0.9264,0.8795,0.9733,Strong,0.798,0.7735,0.8226,Strong
2023,39,61000,Ohio,Parma city,All,all,0.9189,0.8604,0.9773,Marginal,0.8283,0.8097,0.8469,Marginal
2023,39,61000,Ohio,Parma city,With Disability,disability,NA,NA,NA,NA,0.563,0.4709,0.6551,Marginal
2023,39,61000,Ohio,Parma city,Without Disability,disability,0.9337,0.8819,0.9856,Marginal,0.8614,0.8407,0.8821,Marginal
2023,39,77000,Ohio,Toledo city,All,all,0.8825,0.8349,0.93,Strong,0.7409,0.7222,0.7596,Strong
2023,39,77000,Ohio,Toledo city,With Disability,disability,0.6792,0.4702,0.8883,Strong,0.4088,0.352,0.4655,Strong
2023,39,77000,Ohio,Toledo city,Without Disability,disability,0.9025,0.8598,0.9453,Strong,0.7949,0.776,0.8138,Strong
2023,40,09050,Oklahoma,Broken Arrow city,All,all,0.8774,0.8265,0.9282,Marginal,0.8283,0.813,0.8436,Marginal
2023,40,09050,Oklahoma,Broken Arrow city,With Disability,disability,NA,NA,NA,NA,0.528,0.472,0.5839,Marginal
2023,40,09050,Oklahoma,Broken Arrow city,Without Disability,disability,0.9004,0.8481,0.9527,Marginal,0.8566,0.8417,0.8715,Marginal
2023,40,23200,Oklahoma,Edmond city,All,all,0.9379,0.8949,0.9809,Marginal,0.8216,0.7934,0.8498,Marginal
2023,40,23200,Oklahoma,Edmond city,With Disability,disability,NA,NA,NA,NA,0.5801,0.4708,0.6894,Marginal
2023,40,23200,Oklahoma,Edmond city,Without Disability,disability,0.9324,0.8777,0.9871,Marginal,0.8406,0.8122,0.8691,Marginal
2023,40,41850,Oklahoma,Lawton city,All,all,0.8933,0.8327,0.9539,Marginal,0.7269,0.6995,0.7543,Marginal
2023,40,41850,Oklahoma,Lawton city,With Disability,disability,NA,NA,NA,NA,0.4072,0.3282,0.4861,Marginal
2023,40,41850,Oklahoma,Lawton city,Without Disability,disability,0.9494,0.9098,0.989,Marginal,0.7959,0.7694,0.8224,Marginal
2023,40,52500,Oklahoma,Norman city,All,all,0.9859,0.9693,1,Strong,0.8224,0.7997,0.8452,Strong
2023,40,52500,Oklahoma,Norman city,With Disability,disability,NA,NA,NA,NA,0.5797,0.4773,0.6821,Strong
2023,40,52500,Oklahoma,Norman city,Without Disability,disability,0.985,0.9668,1,Strong,0.8532,0.8313,0.8751,Strong
2023,40,55000,Oklahoma,Oklahoma City city,All,all,0.8718,0.8402,0.9034,Marginal,0.7926,0.7814,0.8038,Marginal
2023,40,55000,Oklahoma,Oklahoma City city,With Disability,disability,0.7916,0.6559,0.9272,Marginal,0.5386,0.4971,0.58,Marginal
2023,40,55000,Oklahoma,Oklahoma City city,Without Disability,disability,0.8786,0.8471,0.91,Marginal,0.8242,0.8131,0.8353,Marginal
2023,40,75000,Oklahoma,Tulsa city,All,all,0.8748,0.8451,0.9046,Marginal,0.7884,0.7799,0.797,Marginal
2023,40,75000,Oklahoma,Tulsa city,With Disability,disability,0.7832,0.6651,0.9013,Marginal,0.485,0.4484,0.5217,Marginal
2023,40,75000,Oklahoma,Tulsa city,Without Disability,disability,0.8838,0.8537,0.9139,Marginal,0.8225,0.8139,0.8311,Marginal
2023,41,05350,Oregon,Beaverton city,All,all,0.9497,0.9164,0.9831,Marginal,0.8384,0.8238,0.853,Marginal
2023,41,05350,Oregon,Beaverton city,With Disability,disability,NA,NA,NA,NA,0.5739,0.5114,0.6363,Marginal
2023,41,05350,Oregon,Beaverton city,Without Disability,disability,0.9572,0.9243,0.9902,Marginal,0.86240000000000006,0.8486,0.8762,Marginal
2023,41,05800,Oregon,Bend city,All,all,0.9425,0.8893,0.9958,Strong,0.8565,0.8324,0.8806,Strong
2023,41,05800,Oregon,Bend city,With Disability,disability,NA,NA,NA,NA,0.6766,0.5716,0.7816,Strong
2023,41,05800,Oregon,Bend city,Without Disability,disability,0.9471,0.8811,1,Strong,0.8688,0.8461,0.8914,Strong
2023,41,23850,Oregon,Eugene city,All,all,0.9602,0.9392,0.9812,Marginal,0.8028,0.7872,0.8184,Marginal
2023,41,23850,Oregon,Eugene city,With Disability,disability,0.908,0.8299,0.9862,Marginal,0.5562,0.5024,0.61,Marginal
2023,41,23850,Oregon,Eugene city,Without Disability,disability,0.9681,0.9464,0.9898,Marginal,0.8379,0.8214,0.8544,Marginal
2023,41,31250,Oregon,Gresham city,All,all,0.828,0.7532,0.9028,Marginal,0.8093,0.7899,0.8288,Marginal
2023,41,31250,Oregon,Gresham city,With Disability,disability,NA,NA,NA,NA,0.4993,0.4266,0.572,Marginal
2023,41,31250,Oregon,Gresham city,Without Disability,disability,0.8429,0.7742,0.9116,Marginal,0.8499,0.829,0.8707,Marginal
2023,41,34100,Oregon,Hillsboro city,All,all,0.9299,0.8812,0.9785,Strong,0.8239,0.8044,0.8434,Strong
2023,41,34100,Oregon,Hillsboro city,With Disability,disability,NA,NA,NA,NA,0.4685,0.3828,0.5543,Strong
2023,41,34100,Oregon,Hillsboro city,Without Disability,disability,0.9259,0.8736,0.9783,Strong,0.8506,0.832,0.8692,Strong
2023,41,47000,Oregon,Medford city,All,all,0.8461,0.7329,0.9592,Marginal,0.8047,0.7794,0.83,Marginal
2023,41,47000,Oregon,Medford city,With Disability,disability,NA,NA,NA,NA,0.5407,0.4535,0.628,Marginal
2023,41,47000,Oregon,Medford city,Without Disability,disability,0.8074,0.6577,0.9571,Marginal,0.8314,0.8057,0.8571,Marginal
2023,41,59000,Oregon,Portland city,All,all,0.9276,0.8978,0.9575,Strong,0.8397,0.8323,0.8471,Strong
2023,41,59000,Oregon,Portland city,With Disability,disability,0.9416,0.8762,1,Strong,0.5867,0.5505,0.6229,Strong
2023,41,59000,Oregon,Portland city,Without Disability,disability,0.9262,0.8946,0.9578,Strong,0.8646,0.8578,0.8713,Strong
2023,41,64900,Oregon,Salem city,All,all,0.8631,0.8157,0.9106,Marginal,0.7977,0.7821,0.8133,Marginal
2023,41,64900,Oregon,Salem city,With Disability,disability,0.7839,0.6405,0.9273,Marginal,0.4733,0.4154,0.5312,Marginal
2023,41,64900,Oregon,Salem city,Without Disability,disability,0.8738,0.8216,0.926,Marginal,0.8391,0.824,0.8541,Marginal
2023,42,02000,Pennsylvania,Allentown city,All,all,0.9295,0.8705,0.9885,Strong,0.7505,0.7178,0.7831,Strong
2023,42,02000,Pennsylvania,Allentown city,With Disability,disability,NA,NA,NA,NA,0.4778,0.3744,0.5811,Strong
2023,42,02000,Pennsylvania,Allentown city,Without Disability,disability,0.9212,0.8508,0.9916,Strong,0.7915,0.7613,0.8218,Strong
2023,42,06088,Pennsylvania,Bethlehem city,All,all,0.9793,0.9619,0.9968,Marginal,0.8129,0.7917,0.8341,Marginal
2023,42,06088,Pennsylvania,Bethlehem city,With Disability,disability,NA,NA,NA,NA,0.4495,0.357,0.5419,Marginal
2023,42,06088,Pennsylvania,Bethlehem city,Without Disability,disability,0.9785,0.9599,0.997,Marginal,0.849,0.8274,0.8707,Marginal
2023,42,24000,Pennsylvania,Erie city,All,all,0.8853,0.826,0.9445,Marginal,0.7763,0.7535,0.7991,Marginal
2023,42,24000,Pennsylvania,Erie city,With Disability,disability,NA,NA,NA,NA,0.4209,0.344,0.4978,Marginal
2023,42,24000,Pennsylvania,Erie city,Without Disability,disability,0.9388,0.9,0.9775,Marginal,0.8346,0.8128,0.8564,Marginal
2023,42,60000,Pennsylvania,Philadelphia city,All,all,0.8987,0.8713,0.9262,Strong,0.7708,0.7614,0.7802,Strong
2023,42,60000,Pennsylvania,Philadelphia city,With Disability,disability,0.7085,0.599,0.8181,Strong,0.4531,0.4155,0.4908,Strong
2023,42,60000,Pennsylvania,Philadelphia city,Without Disability,disability,0.9242,0.8998,0.9487,Strong,0.8167,0.808,0.8255,Strong
2023,42,61000,Pennsylvania,Pittsburgh city,All,all,0.9545,0.9342,0.9748,Strong,0.8216,0.8057,0.8375,Strong
2023,42,61000,Pennsylvania,Pittsburgh city,With Disability,disability,0.8817,0.787,0.9764,Strong,0.5285,0.4727,0.5842,Strong
2023,42,61000,Pennsylvania,Pittsburgh city,Without Disability,disability,0.9622,0.9418,0.9826,Strong,0.8546,0.8401,0.8691,Strong
2023,42,63624,Pennsylvania,Reading city,All,all,0.7848,0.7084,0.8612,Marginal,0.7484,0.7184,0.7783,Marginal
2023,42,63624,Pennsylvania,Reading city,With Disability,disability,NA,NA,NA,NA,0.4317,0.3439,0.5196,Marginal
2023,42,63624,Pennsylvania,Reading city,Without Disability,disability,0.8032,0.7177,0.8886,Marginal,0.7946,0.7667,0.8224,Marginal
2023,42,69000,Pennsylvania,Scranton city,All,all,0.9188,0.8598,0.9777,Marginal,0.8144,0.7861,0.8426,Marginal
2023,42,69000,Pennsylvania,Scranton city,With Disability,disability,NA,NA,NA,NA,0.5426,0.4466,0.6386,Marginal
2023,42,69000,Pennsylvania,Scranton city,Without Disability,disability,0.9154,0.8542,0.9766,Marginal,0.8545,0.8282,0.8808,Marginal
2023,44,19180,Rhode Island,Cranston city,All,all,0.9517,0.9075,0.996,Marginal,0.8265,0.8094,0.8435,Marginal
2023,44,19180,Rhode Island,Cranston city,With Disability,disability,NA,NA,NA,NA,0.5329,0.4547,0.611,Marginal
2023,44,19180,Rhode Island,Cranston city,Without Disability,disability,0.9778,0.9524,1,Marginal,0.861,0.8432,0.8788,Marginal
2023,44,54640,Rhode Island,Pawtucket city,All,all,0.7894,0.6822,0.8967,Marginal,0.8006,0.7786,0.8226,Marginal
2023,44,54640,Rhode Island,Pawtucket city,With Disability,disability,NA,NA,NA,NA,0.4687,0.3853,0.5522,Marginal
2023,44,54640,Rhode Island,Pawtucket city,Without Disability,disability,0.808,0.6957,0.9203,Marginal,0.8379,0.8178,0.8581,Marginal
2023,44,59000,Rhode Island,Providence city,All,all,0.9339,0.9007,0.967,Strong,0.7706,0.7465,0.7946,Strong
2023,44,59000,Rhode Island,Providence city,With Disability,disability,0.9021,0.7979,1,Strong,0.4436,0.363,0.5242,Strong
2023,44,59000,Rhode Island,Providence city,Without Disability,disability,0.9376,0.9041,0.971,Strong,0.808,0.7846,0.8314,Strong
2023,44,74300,Rhode Island,Warwick city,All,all,0.8692,0.7983,0.9402,Marginal,0.8331,0.8136,0.8525,Marginal
2023,44,74300,Rhode Island,Warwick city,With Disability,disability,NA,NA,NA,NA,0.4634,0.374,0.5528,Marginal
2023,44,74300,Rhode Island,Warwick city,Without Disability,disability,0.899,0.8444,0.9535,Marginal,0.8791,0.8613,0.897,Marginal
2023,45,13330,South Carolina,Charleston city,All,all,0.9558,0.9341,0.9775,Marginal,0.8459,0.8312,0.8606,Marginal
2023,45,13330,South Carolina,Charleston city,With Disability,disability,NA,NA,NA,NA,0.5278,0.4521,0.6034,Marginal
2023,45,13330,South Carolina,Charleston city,Without Disability,disability,0.9558,0.9333,0.9782,Marginal,0.8719,0.8581,0.8858,Marginal
2023,45,16000,South Carolina,Columbia city,All,all,0.9692,0.9497,0.9886,Marginal,0.8085,0.7931,0.8238,Marginal
2023,45,16000,South Carolina,Columbia city,With Disability,disability,0.9254,0.8439,1,Marginal,0.5389,0.4745,0.6032,Marginal
2023,45,16000,South Carolina,Columbia city,Without Disability,disability,0.9726,0.9524,0.9928,Marginal,0.8421,0.8277,0.8566,Marginal
2023,45,48535,South Carolina,Mount Pleasant town,All,all,0.9662,0.912,1,Strong,0.8233,0.7952,0.8514,Strong
2023,45,48535,South Carolina,Mount Pleasant town,With Disability,disability,NA,NA,NA,NA,0.48,0.3186,0.6414,Strong
2023,45,48535,South Carolina,Mount Pleasant town,Without Disability,disability,0.9699,0.9144,1,Strong,0.8427,0.812,0.8734,Strong
2023,45,50875,South Carolina,North Charleston city,All,all,0.9344,0.8977,0.9711,Marginal,0.8281,0.8111,0.8452,Marginal
2023,45,50875,South Carolina,North Charleston city,With Disability,disability,NA,NA,NA,NA,0.5544,0.4796,0.6291,Marginal
2023,45,50875,South Carolina,North Charleston city,Without Disability,disability,0.9376,0.9015,0.9736,Marginal,0.8534,0.8365,0.8704,Marginal
2023,46,59020,South Dakota,Sioux Falls city,All,all,0.8804,0.8246,0.9363,Strong,0.8978,0.8827,0.9129,Strong
2023,46,59020,South Dakota,Sioux Falls city,With Disability,disability,NA,NA,NA,NA,0.6357,0.5531,0.7183,Strong
2023,46,59020,South Dakota,Sioux Falls city,Without Disability,disability,0.9017,0.8523,0.951,Strong,0.9173,0.9019,0.9327,Strong
2023,47,14000,Tennessee,Chattanooga city,All,all,0.911,0.8769,0.945,Marginal,0.8219,0.8062,0.8376,Marginal
2023,47,14000,Tennessee,Chattanooga city,With Disability,disability,0.8333,0.6826,0.9841,Marginal,0.492,0.4363,0.5478,Marginal
2023,47,14000,Tennessee,Chattanooga city,Without Disability,disability,0.9182,0.883,0.9535,Marginal,0.8584,0.8444,0.8723,Marginal
2023,47,15160,Tennessee,Clarksville city,All,all,0.9545,0.9273,0.9817,Strong,0.7599,0.7418,0.7781,Strong
2023,47,15160,Tennessee,Clarksville city,With Disability,disability,NA,NA,NA,NA,0.5261,0.4605,0.5918,Strong
2023,47,15160,Tennessee,Clarksville city,Without Disability,disability,0.9507,0.9209,0.9804,Strong,0.7957,0.7783,0.8131,Strong
2023,47,27740,Tennessee,Franklin city,All,all,0.929,0.8581,0.9999,Marginal,0.8361,0.8184,0.8537,Marginal
2023,47,27740,Tennessee,Franklin city,With Disability,disability,NA,NA,NA,NA,0.6417,0.5467,0.7367,Marginal
2023,47,27740,Tennessee,Franklin city,Without Disability,disability,0.9334,0.862,1,Marginal,0.8448,0.8269,0.8628,Marginal
2023,47,40000,Tennessee,Knoxville city,All,all,0.9543,0.9325,0.976,Marginal,0.8036,0.7875,0.8198,Marginal
2023,47,40000,Tennessee,Knoxville city,With Disability,disability,NA,NA,NA,NA,0.4129,0.3501,0.4757,Marginal
2023,47,40000,Tennessee,Knoxville city,Without Disability,disability,0.9578,0.9366,0.979,Marginal,0.8429,0.8265,0.8593,Marginal
2023,47,48000,Tennessee,Memphis city,All,all,0.89,0.8582,0.9218,Strong,0.759,0.7468,0.7712,Strong
2023,47,48000,Tennessee,Memphis city,With Disability,disability,0.8623,0.7672,0.9574,Strong,0.3741,0.3347,0.4135,Strong
2023,47,48000,Tennessee,Memphis city,Without Disability,disability,0.8919,0.8597,0.9241,Strong,0.8019,0.7903,0.8135,Strong
2023,47,51560,Tennessee,Murfreesboro city,All,all,0.9535,0.9076,0.9994,Strong,0.8341,0.8118,0.8563,Strong
2023,47,51560,Tennessee,Murfreesboro city,With Disability,disability,0.9951,0.9852,1,Strong,0.5852,0.4975,0.6729,Strong
2023,47,51560,Tennessee,Murfreesboro city,Without Disability,disability,0.9475,0.8946,1,Strong,0.8533,0.8317,0.8749,Strong
2023,47,52006,Tennessee,Nashville-Davidson metropolitan government (balance),All,all,0.9347,0.908,0.9615,Strong,0.8501,0.8406,0.8597,Strong
2023,47,52006,Tennessee,Nashville-Davidson metropolitan government (balance),With Disability,disability,0.9126,0.8248,1,Strong,0.6244,0.578,0.6707,Strong
2023,47,52006,Tennessee,Nashville-Davidson metropolitan government (balance),Without Disability,disability,0.9365,0.9078,0.9652,Strong,0.8674,0.8579,0.8768,Strong
2023,48,01000,Texas,Abilene city,All,all,0.9209,0.8882,0.9536,Strong,0.8386,0.8208,0.8564,Strong
2023,48,01000,Texas,Abilene city,With Disability,disability,0.7497,0.5975,0.902,Strong,0.5632,0.4895,0.6369,Strong
2023,48,01000,Texas,Abilene city,Without Disability,disability,0.9367,0.9044,0.9689,Strong,0.8699,0.8539,0.8859,Strong
2023,48,01924,Texas,Allen city,All,all,0.9569,0.9193,0.9945,Marginal,0.8317,0.8152,0.8482,Marginal
2023,48,01924,Texas,Allen city,With Disability,disability,NA,NA,NA,NA,0.617,0.5116,0.7224,Marginal
2023,48,01924,Texas,Allen city,Without Disability,disability,0.9555,0.9164,0.9947,Marginal,0.8432,0.8249,0.8615,Marginal
2023,48,03000,Texas,Amarillo city,All,all,0.9094,0.8722,0.9466,Strong,0.8144,0.7993,0.8295,Strong
2023,48,03000,Texas,Amarillo city,With Disability,disability,NA,NA,NA,NA,0.5623,0.4954,0.6291,Strong
2023,48,03000,Texas,Amarillo city,Without Disability,disability,0.9128,0.8758,0.9499,Strong,0.8393,0.8244,0.8542,Strong
2023,48,04000,Texas,Arlington city,All,all,0.9186,0.896,0.9412,Marginal,0.8166,0.8055,0.8276,Marginal
2023,48,04000,Texas,Arlington city,With Disability,disability,0.8343,0.7191,0.9495,Marginal,0.5769,0.5375,0.6163,Marginal
2023,48,04000,Texas,Arlington city,Without Disability,disability,0.9239,0.9017,0.9461,Marginal,0.8353,0.8236,0.8471,Marginal
2023,48,05000,Texas,Austin city,All,all,0.9437,0.9245,0.9628,Strong,0.8544,0.8474,0.8614,Strong
2023,48,05000,Texas,Austin city,With Disability,disability,0.8659,0.7737,0.958,Strong,0.6668,0.63,0.7036,Strong
2023,48,05000,Texas,Austin city,Without Disability,disability,0.9504,0.9304,0.9704,Strong,0.8683,0.8611,0.8755,Strong
2023,48,06128,Texas,Baytown city,All,all,0.8882,0.8238,0.9525,Marginal,0.742,0.7132,0.7708,Marginal
2023,48,06128,Texas,Baytown city,With Disability,disability,NA,NA,NA,NA,0.403,0.3026,0.5034,Marginal
2023,48,06128,Texas,Baytown city,Without Disability,disability,0.8824,0.8113,0.9536,Marginal,0.7709,0.7398,0.802,Marginal
2023,48,07000,Texas,Beaumont city,All,all,0.8339,0.7294,0.9383,Strong,0.7626,0.7378,0.7873,Strong
2023,48,07000,Texas,Beaumont city,With Disability,disability,NA,NA,NA,NA,0.4941,0.3923,0.5958,Strong
2023,48,07000,Texas,Beaumont city,Without Disability,disability,0.8696,0.7794,0.9598,Strong,0.7966,0.7734,0.8197,Strong
2023,48,10768,Texas,Brownsville city,All,all,0.8556,0.8067,0.9045,Strong,0.748,0.7298,0.7661,Strong
2023,48,10768,Texas,Brownsville city,With Disability,disability,NA,NA,NA,NA,0.43,0.3475,0.5124,Strong
2023,48,10768,Texas,Brownsville city,Without Disability,disability,0.8602,0.8087,0.9117,Strong,0.7688,0.7511,0.7864,Strong
2023,48,10912,Texas,Bryan city,All,all,0.9752,0.9607,0.9897,Marginal,0.8308,0.8177,0.8439,Marginal
2023,48,10912,Texas,Bryan city,With Disability,disability,NA,NA,NA,NA,0.5459,0.479,0.6129,Marginal
2023,48,10912,Texas,Bryan city,Without Disability,disability,0.9754,0.9602,0.9907,Marginal,0.8516,0.8384,0.8648,Marginal
2023,48,13024,Texas,Carrollton city,All,all,0.9214,0.878,0.9648,Marginal,0.8484,0.8358,0.861,Marginal
2023,48,13024,Texas,Carrollton city,With Disability,disability,NA,NA,NA,NA,0.6962,0.6323,0.7601,Marginal
2023,48,13024,Texas,Carrollton city,Without Disability,disability,0.93,0.8886,0.9715,Marginal,0.8577,0.8452,0.8703,Marginal
2023,48,13552,Texas,Cedar Park city,All,all,0.9516,0.9195,0.9838,Weak,0.852,0.8419,0.8621,Weak
2023,48,13552,Texas,Cedar Park city,With Disability,disability,NA,NA,NA,NA,0.6668,0.6083,0.7253,Weak
2023,48,13552,Texas,Cedar Park city,Without Disability,disability,0.9514,0.9156,0.9872,Weak,0.8649,0.8548,0.875,Weak
2023,48,15976,Texas,College Station city,All,all,0.9772,0.9641,0.9902,Marginal,0.83,0.8178,0.8421,Marginal
2023,48,15976,Texas,College Station city,With Disability,disability,0.9791,0.9496,1,Marginal,0.5461,0.474,0.6181,Marginal
2023,48,15976,Texas,College Station city,Without Disability,disability,0.9771,0.9634,0.9907,Marginal,0.8501,0.837,0.8632,Marginal
2023,48,16432,Texas,Conroe city,All,all,0.8757,0.8375,0.9139,Weak,0.7923,0.7764,0.8081,Weak
2023,48,16432,Texas,Conroe city,With Disability,disability,NA,NA,NA,NA,0.5269,0.4615,0.5923,Weak
2023,48,16432,Texas,Conroe city,Without Disability,disability,0.9055,0.8669,0.9441,Weak,0.8145,0.7993,0.8298,Weak
2023,48,17000,Texas,Corpus Christi city,All,all,0.8595,0.8035,0.9154,Strong,0.7829,0.7682,0.7976,Strong
2023,48,17000,Texas,Corpus Christi city,With Disability,disability,NA,NA,NA,NA,0.4605,0.4043,0.5168,Strong
2023,48,17000,Texas,Corpus Christi city,Without Disability,disability,0.8595,0.8014,0.9175,Strong,0.8171,0.8027,0.8315,Strong
2023,48,19000,Texas,Dallas city,All,all,0.83,0.8035,0.8566,Strong,0.8044,0.7984,0.8104,Strong
2023,48,19000,Texas,Dallas city,With Disability,disability,0.7532,0.646,0.8604,Strong,0.5523,0.5227,0.5818,Strong
2023,48,19000,Texas,Dallas city,Without Disability,disability,0.8362,0.8093,0.8632,Strong,0.8258,0.8197,0.8319,Strong
2023,48,19972,Texas,Denton city,All,all,0.985,0.9776,0.9924,Marginal,0.8369,0.8168,0.857,Marginal
2023,48,19972,Texas,Denton city,With Disability,disability,0.9847,0.9666,1,Marginal,0.5585,0.4641,0.6529,Marginal
2023,48,19972,Texas,Denton city,Without Disability,disability,0.985,0.9768,0.9932,Marginal,0.8607,0.8421,0.8794,Marginal
2023,48,22660,Texas,Edinburg city,All,all,0.8935,0.8256,0.9615,Marginal,0.757,0.7307,0.7834,Marginal
2023,48,22660,Texas,Edinburg city,With Disability,disability,NA,NA,NA,NA,0.488,0.3579,0.6182,Marginal
2023,48,22660,Texas,Edinburg city,Without Disability,disability,0.9142,0.8491,0.9794,Marginal,0.7758,0.7489,0.8027,Marginal
2023,48,24000,Texas,El Paso city,All,all,0.9251,0.9018,0.9484,Strong,0.7622,0.7513,0.7732,Strong
2023,48,24000,Texas,El Paso city,With Disability,disability,0.877,0.7965,0.9575,Strong,0.521,0.4841,0.5579,Strong
2023,48,24000,Texas,El Paso city,Without Disability,disability,0.9288,0.9043,0.9533,Strong,0.7904,0.7802,0.8007,Strong
2023,48,26232,Texas,Flower Mound town,All,all,0.952,0.9171,0.9869,Marginal,0.8225,0.8021,0.8429,Marginal
2023,48,26232,Texas,Flower Mound town,With Disability,disability,NA,NA,NA,NA,0.6664,0.5798,0.753,Marginal
2023,48,26232,Texas,Flower Mound town,Without Disability,disability,0.95,0.9128,0.9872,Marginal,0.8298,0.8083,0.8513,Marginal
2023,48,27000,Texas,Fort Worth city,All,all,0.8999,0.8753,0.9245,Marginal,0.8069,0.8003,0.8135,Marginal
2023,48,27000,Texas,Fort Worth city,With Disability,disability,0.8586,0.7606,0.9566,Marginal,0.5239,0.491,0.5568,Marginal
2023,48,27000,Texas,Fort Worth city,Without Disability,disability,0.9026,0.8769,0.9283,Marginal,0.8303,0.8232,0.8374,Marginal
2023,48,27684,Texas,Frisco city,All,all,0.9248,0.882,0.9676,Marginal,0.8287,0.8168,0.8406,Marginal
2023,48,27684,Texas,Frisco city,With Disability,disability,NA,NA,NA,NA,0.5945,0.5233,0.6657,Marginal
2023,48,27684,Texas,Frisco city,Without Disability,disability,0.9309,0.8892,0.9726,Marginal,0.8402,0.828,0.8524,Marginal
2023,48,29000,Texas,Garland city,All,all,0.881,0.8328,0.9292,Marginal,0.8025,0.7884,0.8166,Marginal
2023,48,29000,Texas,Garland city,With Disability,disability,NA,NA,NA,NA,0.565,0.5022,0.6278,Marginal
2023,48,29000,Texas,Garland city,Without Disability,disability,0.8784,0.8293,0.9275,Marginal,0.8182,0.8034,0.8331,Marginal
2023,48,30464,Texas,Grand Prairie city,All,all,0.9154,0.8838,0.9469,Marginal,0.7929,0.7795,0.8062,Marginal
2023,48,30464,Texas,Grand Prairie city,With Disability,disability,NA,NA,NA,NA,0.5752,0.5113,0.6391,Marginal
2023,48,30464,Texas,Grand Prairie city,Without Disability,disability,0.9195,0.8869,0.952,Marginal,0.8119,0.7993,0.8245,Marginal
2023,48,35000,Texas,Houston city,All,all,0.8342,0.8162,0.8523,Strong,0.7825,0.7781,0.7869,Strong
2023,48,35000,Texas,Houston city,With Disability,disability,0.6964,0.6198,0.773,Strong,0.5401,0.5177,0.5624,Strong
2023,48,35000,Texas,Houston city,Without Disability,disability,0.845,0.8262,0.8639,Strong,0.8015,0.7968,0.8062,Strong
2023,48,37000,Texas,Irving city,All,all,0.8809,0.8323,0.9294,Strong,0.8244,0.813,0.8359,Strong
2023,48,37000,Texas,Irving city,With Disability,disability,NA,NA,NA,NA,0.6533,0.5792,0.7274,Strong
2023,48,37000,Texas,Irving city,Without Disability,disability,0.8793,0.829,0.9297,Strong,0.8319,0.8208,0.8429,Strong
2023,48,39148,Texas,Killeen city,All,all,0.8924,0.8358,0.9491,Strong,0.7533,0.7358,0.7708,Strong
2023,48,39148,Texas,Killeen city,With Disability,disability,NA,NA,NA,NA,0.5162,0.4595,0.5729,Strong
2023,48,39148,Texas,Killeen city,Without Disability,disability,0.8932,0.8309,0.9555,Strong,0.7884,0.7686,0.8082,Strong
2023,48,41464,Texas,Laredo city,All,all,0.9179,0.8898,0.9461,Strong,0.7531,0.7382,0.768,Strong
2023,48,41464,Texas,Laredo city,With Disability,disability,0.9141,0.8376,0.9905,Strong,0.4962,0.4404,0.5521,Strong
2023,48,41464,Texas,Laredo city,Without Disability,disability,0.9182,0.8891,0.9474,Strong,0.7809,0.7655,0.7963,Strong
2023,48,41980,Texas,League City city,All,all,0.9361,0.8815,0.9906,Marginal,0.829,0.809,0.849,Marginal
2023,48,41980,Texas,League City city,With Disability,disability,NA,NA,NA,NA,0.644,0.5506,0.7375,Marginal
2023,48,41980,Texas,League City city,Without Disability,disability,0.9356,0.8776,0.9937,Marginal,0.8433,0.8247,0.8618,Marginal
2023,48,42508,Texas,Lewisville city,All,all,0.9211,0.8645,0.9778,Strong,0.8557,0.8359,0.8755,Strong
2023,48,42508,Texas,Lewisville city,With Disability,disability,NA,NA,NA,NA,0.6631,0.5777,0.7485,Strong
2023,48,42508,Texas,Lewisville city,Without Disability,disability,0.9601,0.9259,0.9943,Strong,0.8728,0.8514,0.8942,Strong
2023,48,43888,Texas,Longview city,All,all,0.9381,0.891,0.9853,Marginal,0.7903,0.7709,0.8097,Marginal
2023,48,43888,Texas,Longview city,With Disability,disability,NA,NA,NA,NA,0.4009,0.3232,0.4786,Marginal
2023,48,43888,Texas,Longview city,Without Disability,disability,0.9406,0.8901,0.9911,Marginal,0.8292,0.809,0.8495,Marginal
2023,48,45000,Texas,Lubbock city,All,all,0.9228,0.8959,0.9496,Strong,0.8196,0.8068,0.8323,Strong
2023,48,45000,Texas,Lubbock city,With Disability,disability,0.8932,0.7914,0.9949,Strong,0.5377,0.4818,0.5937,Strong
2023,48,45000,Texas,Lubbock city,Without Disability,disability,0.9247,0.8975,0.952,Strong,0.8512,0.838,0.8643,Strong
2023,48,45384,Texas,McAllen city,All,all,0.9231,0.8857,0.9605,Strong,0.767,0.7452,0.7887,Strong
2023,48,45384,Texas,McAllen city,With Disability,disability,NA,NA,NA,NA,0.5102,0.4351,0.5854,Strong
2023,48,45384,Texas,McAllen city,Without Disability,disability,0.9355,0.9004,0.9706,Strong,0.791,0.7696,0.8124,Strong
2023,48,45744,Texas,McKinney city,All,all,0.8865,0.8119,0.9612,Strong,0.8309,0.814,0.8478,Strong
2023,48,45744,Texas,McKinney city,With Disability,disability,NA,NA,NA,NA,0.5628,0.458,0.6675,Strong
2023,48,45744,Texas,McKinney city,Without Disability,disability,0.9156,0.8416,0.9897,Strong,0.8463,0.8306,0.862,Strong
2023,48,47892,Texas,Mesquite city,All,all,0.8656,0.8111,0.9202,Marginal,0.7993,0.7807,0.818,Marginal
2023,48,47892,Texas,Mesquite city,With Disability,disability,NA,NA,NA,NA,0.5737,0.5012,0.6461,Marginal
2023,48,47892,Texas,Mesquite city,Without Disability,disability,0.8666,0.8097,0.9235,Marginal,0.8173,0.7976,0.8371,Marginal
2023,48,48072,Texas,Midland city,All,all,0.8387,0.7586,0.9189,Strong,0.8261,0.8068,0.8454,Strong
2023,48,48072,Texas,Midland city,With Disability,disability,NA,NA,NA,NA,0.6507,0.5566,0.7447,Strong
2023,48,48072,Texas,Midland city,Without Disability,disability,0.8386,0.7492,0.928,Strong,0.8386,0.8194,0.8578,Strong
2023,48,48768,Texas,Mission city,All,all,0.9068,0.8457,0.9679,Marginal,0.6916,0.6635,0.7196,Marginal
2023,48,48768,Texas,Mission city,With Disability,disability,NA,NA,NA,NA,0.4058,0.293,0.5187,Marginal
2023,48,48768,Texas,Mission city,Without Disability,disability,0.9052,0.8408,0.9696,Marginal,0.7209,0.6927,0.749,Marginal
2023,48,50820,Texas,New Braunfels city,All,all,0.9403,0.9,0.9805,Marginal,0.8158,0.7982,0.8334,Marginal
2023,48,50820,Texas,New Braunfels city,With Disability,disability,NA,NA,NA,NA,0.6103,0.5405,0.6801,Marginal
2023,48,50820,Texas,New Braunfels city,Without Disability,disability,0.9548,0.9166,0.9929,Marginal,0.84,0.823,0.857,Marginal
2023,48,53388,Texas,Odessa city,All,all,0.8616,0.8085,0.9146,Marginal,0.768,0.7496,0.7863,Marginal
2023,48,53388,Texas,Odessa city,With Disability,disability,NA,NA,NA,NA,0.5921,0.4874,0.6967,Marginal
2023,48,53388,Texas,Odessa city,Without Disability,disability,0.8573,0.7996,0.915,Marginal,0.7822,0.7625,0.8019,Marginal
2023,48,56000,Texas,Pasadena city,All,all,0.7407,0.6043,0.877,Strong,0.7251,0.7044,0.7457,Strong
2023,48,56000,Texas,Pasadena city,With Disability,disability,NA,NA,NA,NA,0.5272,0.4464,0.608,Strong
2023,48,56000,Texas,Pasadena city,Without Disability,disability,0.7435,0.6042,0.8828,Strong,0.7441,0.7211,0.7671,Strong
2023,48,56348,Texas,Pearland city,All,all,0.9553,0.9161,0.9946,Marginal,0.8449,0.8281,0.8618,Marginal
2023,48,56348,Texas,Pearland city,With Disability,disability,NA,NA,NA,NA,0.5464,0.4335,0.6593,Marginal
2023,48,56348,Texas,Pearland city,Without Disability,disability,0.9532,0.9115,0.9949,Marginal,0.8593,0.8421,0.8766,Marginal
2023,48,57200,Texas,Pharr city,All,all,0.917,0.8577,0.9764,Marginal,0.7287,0.7043,0.7531,Marginal
2023,48,57200,Texas,Pharr city,With Disability,disability,NA,NA,NA,NA,0.4428,0.3373,0.5483,Marginal
2023,48,57200,Texas,Pharr city,Without Disability,disability,0.9377,0.8854,0.99,Marginal,0.7555,0.7321,0.7788,Marginal
2023,48,58016,Texas,Plano city,All,all,0.9611,0.9424,0.9798,Strong,0.8228,0.81,0.8356,Strong
2023,48,58016,Texas,Plano city,With Disability,disability,NA,NA,NA,NA,0.6164,0.5469,0.686,Strong
2023,48,58016,Texas,Plano city,Without Disability,disability,0.9679,0.9501,0.9858,Strong,0.8335,0.8206,0.8464,Strong
2023,48,61796,Texas,Richardson city,All,all,0.9245,0.8877,0.9612,Marginal,0.8351,0.8217,0.8486,Marginal
2023,48,61796,Texas,Richardson city,With Disability,disability,NA,NA,NA,NA,0.6041,0.5205,0.6877,Marginal
2023,48,61796,Texas,Richardson city,Without Disability,disability,0.9219,0.883,0.9608,Marginal,0.8491,0.8355,0.8627,Marginal
2023,48,63500,Texas,Round Rock city,All,all,0.9062,0.8404,0.9721,Marginal,0.8476,0.8307,0.8646,Marginal
2023,48,63500,Texas,Round Rock city,With Disability,disability,NA,NA,NA,NA,0.703,0.6054,0.8005,Marginal
2023,48,63500,Texas,Round Rock city,Without Disability,disability,0.8996,0.8276,0.9715,Marginal,0.8602,0.8445,0.8759,Marginal
2023,48,64472,Texas,San Angelo city,All,all,0.8961,0.8354,0.9569,Strong,0.8092,0.7848,0.8337,Strong
2023,48,64472,Texas,San Angelo city,With Disability,disability,NA,NA,NA,NA,0.5064,0.407,0.6057,Strong
2023,48,64472,Texas,San Angelo city,Without Disability,disability,0.9075,0.8479,0.967,Strong,0.8445,0.8189,0.87,Strong
2023,48,65000,Texas,San Antonio city,All,all,0.8823,0.8654,0.8992,Strong,0.7845,0.7778,0.7912,Strong
2023,48,65000,Texas,San Antonio city,With Disability,disability,0.7695,0.7044,0.8346,Strong,0.5055,0.4817,0.5292,Strong
2023,48,65000,Texas,San Antonio city,Without Disability,disability,0.8956,0.8782,0.9131,Strong,0.8215,0.8152,0.8277,Strong
2023,48,70808,Texas,Sugar Land city,All,all,0.9043,0.86,0.9485,Marginal,0.8111,0.7967,0.8254,Marginal
2023,48,70808,Texas,Sugar Land city,With Disability,disability,NA,NA,NA,NA,0.4941,0.3977,0.5906,Marginal
2023,48,70808,Texas,Sugar Land city,Without Disability,disability,0.8998,0.8534,0.9461,Marginal,0.8314,0.8176,0.8451,Marginal
2023,48,72176,Texas,Temple city,All,all,0.9235,0.8908,0.9562,Marginal,0.7863,0.7683,0.8042,Marginal
2023,48,72176,Texas,Temple city,With Disability,disability,NA,NA,NA,NA,0.5052,0.4371,0.5732,Marginal
2023,48,72176,Texas,Temple city,Without Disability,disability,0.9297,0.8917,0.9677,Marginal,0.819,0.8018,0.8362,Marginal
2023,48,74144,Texas,Tyler city,All,all,0.8288,0.7339,0.9237,Strong,0.7837,0.7601,0.8073,Strong
2023,48,74144,Texas,Tyler city,With Disability,disability,NA,NA,NA,NA,0.4158,0.3267,0.5049,Strong
2023,48,74144,Texas,Tyler city,Without Disability,disability,0.819,0.7196,0.9185,Strong,0.813,0.7877,0.8382,Strong
2023,48,76000,Texas,Waco city,All,all,0.9616,0.9333,0.9899,Strong,0.7989,0.7807,0.8172,Strong
2023,48,76000,Texas,Waco city,With Disability,disability,NA,NA,NA,NA,0.515,0.4417,0.5884,Strong
2023,48,76000,Texas,Waco city,Without Disability,disability,0.9692,0.9431,0.9952,Strong,0.8315,0.8122,0.8507,Strong
2023,48,79000,Texas,Wichita Falls city,All,all,0.9306,0.8904,0.9708,Strong,0.8133,0.7941,0.8326,Strong
2023,48,79000,Texas,Wichita Falls city,With Disability,disability,NA,NA,NA,NA,0.4153,0.3408,0.4899,Strong
2023,48,79000,Texas,Wichita Falls city,Without Disability,disability,0.9442,0.9145,0.9739,Strong,0.8609,0.8436,0.8783,Strong
2023,49,43660,Utah,Layton city,All,all,0.9316,0.8872,0.9761,Marginal,0.8276,0.8074,0.8478,Marginal
2023,49,43660,Utah,Layton city,With Disability,disability,NA,NA,NA,NA,0.5566,0.4561,0.6572,Marginal
2023,49,43660,Utah,Layton city,Without Disability,disability,0.9358,0.8916,0.9799,Marginal,0.8519,0.8328,0.8709,Marginal
2023,49,44320,Utah,Lehi city,All,all,0.9237,0.8886,0.9589,Weak,0.7945,0.7826,0.8064,Weak
2023,49,44320,Utah,Lehi city,With Disability,disability,NA,NA,NA,NA,0.5816,0.526,0.6372,Weak
2023,49,44320,Utah,Lehi city,Without Disability,disability,0.9297,0.8923,0.9671,Weak,0.8084,0.7963,0.8206,Weak
2023,49,55980,Utah,Ogden city,All,all,0.9165,0.8645,0.9685,Marginal,0.8395,0.8245,0.8545,Marginal
2023,49,55980,Utah,Ogden city,With Disability,disability,NA,NA,NA,NA,0.5995,0.5382,0.6608,Marginal
2023,49,55980,Utah,Ogden city,Without Disability,disability,0.9183,0.8613,0.9753,Marginal,0.8646,0.8499,0.8793,Marginal
2023,49,57300,Utah,Orem city,All,all,0.9193,0.8855,0.9531,Marginal,0.7905,0.7745,0.8064,Marginal
2023,49,57300,Utah,Orem city,With Disability,disability,NA,NA,NA,NA,0.6083,0.5281,0.6885,Marginal
2023,49,57300,Utah,Orem city,Without Disability,disability,0.9409,0.906,0.9758,Marginal,0.8061,0.7909,0.8214,Marginal
2023,49,62470,Utah,Provo city,All,all,0.9788,0.9637,0.994,Strong,0.7774,0.7512,0.8036,Strong
2023,49,62470,Utah,Provo city,With Disability,disability,0.9243,0.8287,1,Strong,0.5956,0.4964,0.6947,Strong
2023,49,62470,Utah,Provo city,Without Disability,disability,0.9841,0.9707,0.9975,Strong,0.79990000000000006,0.7764,0.8234,Strong
2023,49,65330,Utah,St. George city,All,all,0.9042,0.8463,0.9621,Marginal,0.7779,0.7569,0.7988,Marginal
2023,49,65330,Utah,St. George city,With Disability,disability,NA,NA,NA,NA,0.5181,0.438,0.5982,Marginal
2023,49,65330,Utah,St. George city,Without Disability,disability,0.903,0.8445,0.9614,Marginal,0.8068,0.7855,0.828,Marginal
2023,49,67000,Utah,Salt Lake City city,All,all,0.9656,0.9464,0.9848,Strong,0.8576,0.8428,0.8724,Strong
2023,49,67000,Utah,Salt Lake City city,With Disability,disability,0.944,0.8703,1,Strong,0.6004,0.53,0.6708,Strong
2023,49,67000,Utah,Salt Lake City city,Without Disability,disability,0.9678,0.9467,0.9888,Strong,0.8842,0.8706,0.8979,Strong
2023,49,67440,Utah,Sandy city,All,all,0.9072,0.8479,0.9665,Marginal,0.8347,0.8204,0.849,Marginal
2023,49,67440,Utah,Sandy city,With Disability,disability,NA,NA,NA,NA,0.6005,0.5431,0.6578,Marginal
2023,49,67440,Utah,Sandy city,Without Disability,disability,0.916,0.8616,0.9704,Marginal,0.8539,0.8402,0.8677,Marginal
2023,49,70850,Utah,South Jordan city,All,all,0.8545,0.7726,0.9364,Marginal,0.8479,0.8322,0.8636,Marginal
2023,49,70850,Utah,South Jordan city,With Disability,disability,NA,NA,NA,NA,0.6875,0.5985,0.7765,Marginal
2023,49,70850,Utah,South Jordan city,Without Disability,disability,0.8916,0.8282,0.955,Marginal,0.8593,0.8448,0.8737,Marginal
2023,49,82950,Utah,West Jordan city,All,all,0.8692,0.7773,0.961,Strong,0.8362,0.8176,0.8549,Strong
2023,49,82950,Utah,West Jordan city,With Disability,disability,NA,NA,NA,NA,0.6189,0.5074,0.7304,Strong
2023,49,82950,Utah,West Jordan city,Without Disability,disability,0.8702,0.7765,0.9638,Strong,0.8509,0.832,0.8699,Strong
2023,49,83470,Utah,West Valley City city,All,all,0.8087,0.7379,0.8795,Strong,0.8211,0.7975,0.8446,Strong
2023,49,83470,Utah,West Valley City city,With Disability,disability,NA,NA,NA,NA,0.5549,0.4613,0.6484,Strong
2023,49,83470,Utah,West Valley City city,Without Disability,disability,0.8644,0.7834,0.9454,Strong,0.8456,0.8234,0.8677,Strong
2023,51,01000,Virginia,Alexandria city,All,all,0.8941,0.8176,0.9706,Strong,0.9021,0.8899,0.9143,Strong
2023,51,01000,Virginia,Alexandria city,With Disability,disability,NA,NA,NA,NA,0.7515,0.6649,0.8381,Strong
2023,51,01000,Virginia,Alexandria city,Without Disability,disability,0.9318,0.8697,0.9939,Strong,0.9082,0.8956,0.9208,Strong
2023,51,16000,Virginia,Chesapeake city,All,all,0.8975,0.8434,0.9516,Strong,0.8207,0.8034,0.8381,Strong
2023,51,16000,Virginia,Chesapeake city,With Disability,disability,NA,NA,NA,NA,0.4962,0.436,0.5563,Strong
2023,51,16000,Virginia,Chesapeake city,Without Disability,disability,0.8915,0.8332,0.9499,Strong,0.8538,0.836,0.8717,Strong
2023,51,35000,Virginia,Hampton city,All,all,0.9856,0.9675,1,Strong,0.8223,0.8008,0.8438,Strong
2023,51,35000,Virginia,Hampton city,With Disability,disability,NA,NA,NA,NA,0.5445,0.4672,0.6217,Strong
2023,51,35000,Virginia,Hampton city,Without Disability,disability,0.9864,0.968,1,Strong,0.862,0.8416,0.8823,Strong
2023,51,47672,Virginia,Lynchburg city,All,all,0.9471,0.9145,0.9796,Marginal,0.7847,0.7581,0.8112,Marginal
2023,51,47672,Virginia,Lynchburg city,With Disability,disability,NA,NA,NA,NA,0.4368,0.3494,0.5242,Marginal
2023,51,47672,Virginia,Lynchburg city,Without Disability,disability,0.9467,0.9103,0.9831,Marginal,0.8282,0.8049,0.8514,Marginal
2023,51,56000,Virginia,Newport News city,All,all,0.9561,0.9252,0.987,Strong,0.8232,0.8053,0.8412,Strong
2023,51,56000,Virginia,Newport News city,With Disability,disability,0.9782,0.9262,1,Strong,0.5712,0.5014,0.641,Strong
2023,51,56000,Virginia,Newport News city,Without Disability,disability,0.9538,0.9199,0.9876,Strong,0.8516,0.8328,0.8705,Strong
2023,51,57000,Virginia,Norfolk city,All,all,0.9647,0.9427,0.9867,Strong,0.8092,0.7938,0.8246,Strong
2023,51,57000,Virginia,Norfolk city,With Disability,disability,0.9131,0.7831,1,Strong,0.5245,0.4553,0.5936,Strong
2023,51,57000,Virginia,Norfolk city,Without Disability,disability,0.9672,0.9449,0.9895,Strong,0.8447,0.8297,0.8597,Strong
2023,51,64000,Virginia,Portsmouth city,All,all,0.8834,0.8124,0.9543,Strong,0.7855,0.7557,0.8152,Strong
2023,51,64000,Virginia,Portsmouth city,With Disability,disability,NA,NA,NA,NA,0.4246,0.3335,0.5157,Strong
2023,51,64000,Virginia,Portsmouth city,Without Disability,disability,0.8802,0.8055,0.9548,Strong,0.8352,0.8051,0.8653,Strong
2023,51,67000,Virginia,Richmond city,All,all,0.9469,0.9197,0.974,Strong,0.8325,0.8169,0.848,Strong
2023,51,67000,Virginia,Richmond city,With Disability,disability,0.9021,0.7889,1,Strong,0.5681,0.4979,0.6382,Strong
2023,51,67000,Virginia,Richmond city,Without Disability,disability,0.9527,0.9231,0.9824,Strong,0.8598,0.8454,0.8742,Strong
2023,51,68000,Virginia,Roanoke city,All,all,0.905,0.8366,0.9735,Marginal,0.7908,0.764,0.8177,Marginal
2023,51,68000,Virginia,Roanoke city,With Disability,disability,NA,NA,NA,NA,0.4651,0.3714,0.5588,Marginal
2023,51,68000,Virginia,Roanoke city,Without Disability,disability,0.9105,0.8478,0.9733,Marginal,0.8267,0.8035,0.85,Marginal
2023,51,76432,Virginia,Suffolk city,All,all,0.9528,0.9073,0.9982,Marginal,0.8172,0.8007,0.8337,Marginal
2023,51,76432,Virginia,Suffolk city,With Disability,disability,NA,NA,NA,NA,0.475,0.3841,0.5659,Marginal
2023,51,76432,Virginia,Suffolk city,Without Disability,disability,0.9535,0.9055,1,Marginal,0.8516,0.8357,0.8676,Marginal
2023,51,82000,Virginia,Virginia Beach city,All,all,0.9413,0.9173,0.9654,Strong,0.8362,0.8261,0.8463,Strong
2023,51,82000,Virginia,Virginia Beach city,With Disability,disability,0.8733,0.7512,0.9954,Strong,0.6144,0.572,0.6567,Strong
2023,51,82000,Virginia,Virginia Beach city,Without Disability,disability,0.9454,0.9197,0.9711,Strong,0.8573,0.8472,0.8675,Strong
2023,53,03180,Washington,Auburn city,All,all,0.8956,0.8324,0.9588,Marginal,0.8029,0.7814,0.8244,Marginal
2023,53,03180,Washington,Auburn city,With Disability,disability,NA,NA,NA,NA,0.5245,0.443,0.6061,Marginal
2023,53,03180,Washington,Auburn city,Without Disability,disability,0.902,0.8366,0.9675,Marginal,0.8289,0.8071,0.8508,Marginal
2023,53,05210,Washington,Bellevue city,All,all,0.9573,0.9161,0.9985,Strong,0.8161,0.8009,0.8314,Strong
2023,53,05210,Washington,Bellevue city,With Disability,disability,NA,NA,NA,NA,0.521,0.4108,0.6312,Strong
2023,53,05210,Washington,Bellevue city,Without Disability,disability,0.986,0.9572,1,Strong,0.8301,0.8154,0.8448,Strong
2023,53,05280,Washington,Bellingham city,All,all,0.9357,0.8914,0.98,Strong,0.813,0.7899,0.836,Strong
2023,53,05280,Washington,Bellingham city,With Disability,disability,NA,NA,NA,NA,0.5067,0.4067,0.6066,Strong
2023,53,05280,Washington,Bellingham city,Without Disability,disability,0.9343,0.8834,0.9852,Strong,0.8496,0.8278,0.8714,Strong
2023,53,22640,Washington,Everett city,All,all,0.9417,0.8953,0.9882,Marginal,0.8044,0.7854,0.8234,Marginal
2023,53,22640,Washington,Everett city,With Disability,disability,NA,NA,NA,NA,0.5807,0.5183,0.643,Marginal
2023,53,22640,Washington,Everett city,Without Disability,disability,0.9417,0.8909,0.9925,Marginal,0.8338,0.8124,0.8553,Marginal
2023,53,23515,Washington,Federal Way city,All,all,0.8162,0.7154,0.9169,Marginal,0.7853,0.7598,0.8108,Marginal
2023,53,23515,Washington,Federal Way city,With Disability,disability,NA,NA,NA,NA,0.4509,0.3693,0.5325,Marginal
2023,53,23515,Washington,Federal Way city,Without Disability,disability,0.8197,0.7152,0.9242,Marginal,0.8157,0.7898,0.8416,Marginal
2023,53,35275,Washington,Kennewick city,All,all,0.76,0.6423,0.8778,Marginal,0.779,0.7496,0.8083,Marginal
2023,53,35275,Washington,Kennewick city,With Disability,disability,NA,NA,NA,NA,0.4465,0.3385,0.5546,Marginal
2023,53,35275,Washington,Kennewick city,Without Disability,disability,0.7529,0.6231,0.8827,Marginal,0.8212,0.7934,0.8489,Marginal
2023,53,35415,Washington,Kent city,All,all,0.8666,0.7938,0.9394,Strong,0.8053,0.7866,0.8241,Strong
2023,53,35415,Washington,Kent city,With Disability,disability,NA,NA,NA,NA,0.499,0.4006,0.5973,Strong
2023,53,35415,Washington,Kent city,Without Disability,disability,0.874,0.7979,0.95,Strong,0.8265,0.8089,0.8441,Strong
2023,53,35940,Washington,Kirkland city,All,all,0.9596,0.9144,1,Marginal,0.8287,0.8135,0.8439,Marginal
2023,53,35940,Washington,Kirkland city,With Disability,disability,NA,NA,NA,NA,0.7428,0.6693,0.8163,Marginal
2023,53,35940,Washington,Kirkland city,Without Disability,disability,0.9668,0.9206,1,Marginal,0.8329,0.8177,0.8481,Marginal
2023,53,53545,Washington,Pasco city,All,all,0.7709,0.6679,0.8738,Marginal,0.7849,0.7592,0.8107,Marginal
2023,53,53545,Washington,Pasco city,With Disability,disability,NA,NA,NA,NA,0.5077,0.4301,0.5853,Marginal
2023,53,53545,Washington,Pasco city,Without Disability,disability,0.7947,0.6981,0.8914,Marginal,0.8209,0.7956,0.8462,Marginal
2023,53,57745,Washington,Renton city,All,all,0.809,0.6739,0.9442,Marginal,0.8275,0.8121,0.8429,Marginal
2023,53,57745,Washington,Renton city,With Disability,disability,NA,NA,NA,NA,0.5737,0.4796,0.6677,Marginal
2023,53,57745,Washington,Renton city,Without Disability,disability,0.8068,0.6608,0.9529,Marginal,0.8468,0.8315,0.8621,Marginal
2023,53,63000,Washington,Seattle city,All,all,0.9545,0.9312,0.9777,Strong,0.872,0.865,0.879,Strong
2023,53,63000,Washington,Seattle city,With Disability,disability,0.8971,0.8057,0.9885,Strong,0.6692,0.6251,0.7132,Strong
2023,53,63000,Washington,Seattle city,Without Disability,disability,0.9599,0.9367,0.9831,Strong,0.8858,0.8797,0.8919,Strong
2023,53,67000,Washington,Spokane city,All,all,0.9356,0.9066,0.9646,Strong,0.7766,0.7636,0.7896,Strong
2023,53,67000,Washington,Spokane city,With Disability,disability,NA,NA,NA,NA,0.4282,0.3801,0.4764,Strong
2023,53,67000,Washington,Spokane city,Without Disability,disability,0.9376,0.9077,0.9675,Strong,0.8269,0.8141,0.8397,Strong
2023,53,67167,Washington,Spokane Valley city,All,all,0.9083,0.8318,0.9848,Marginal,0.805,0.7844,0.8257,Marginal
2023,53,67167,Washington,Spokane Valley city,With Disability,disability,NA,NA,NA,NA,0.5739,0.5012,0.6467,Marginal
2023,53,67167,Washington,Spokane Valley city,Without Disability,disability,0.938,0.8795,0.9965,Marginal,0.8384,0.8178,0.859,Marginal
2023,53,70000,Washington,Tacoma city,All,all,0.8862,0.8396,0.9328,Strong,0.8049,0.7887,0.821,Strong
2023,53,70000,Washington,Tacoma city,With Disability,disability,0.7215,0.4935,0.9495,Strong,0.5204,0.4595,0.5814,Strong
2023,53,70000,Washington,Tacoma city,Without Disability,disability,0.9032,0.8563,0.9501,Strong,0.8367,0.8204,0.853,Strong
2023,53,74060,Washington,Vancouver city,All,all,0.8609,0.7952,0.9266,Strong,0.7846,0.7683,0.8009,Strong
2023,53,74060,Washington,Vancouver city,With Disability,disability,NA,NA,NA,NA,0.5056,0.4426,0.5686,Strong
2023,53,74060,Washington,Vancouver city,Without Disability,disability,0.8609,0.7878,0.934,Strong,0.8204,0.8055,0.8353,Strong
2023,53,80010,Washington,Yakima city,All,all,0.8672,0.7819,0.9524,Marginal,0.7742,0.7487,0.7998,Marginal
2023,53,80010,Washington,Yakima city,With Disability,disability,NA,NA,NA,NA,0.3963,0.3208,0.4717,Marginal
2023,53,80010,Washington,Yakima city,Without Disability,disability,0.885,0.7955,0.9745,Marginal,0.8181,0.7924,0.8438,Marginal
2023,55,02375,Wisconsin,Appleton city,All,all,0.9659,0.9413,0.9905,Weak,0.8945,0.8823,0.9067,Weak
2023,55,02375,Wisconsin,Appleton city,With Disability,disability,NA,NA,NA,NA,0.6163,0.5339,0.6987,Weak
2023,55,02375,Wisconsin,Appleton city,Without Disability,disability,0.9799,0.9568,1,Weak,0.9156,0.9058,0.9253,Weak
2023,55,31000,Wisconsin,Green Bay city,All,all,0.8995,0.8116,0.98740000000000006,Strong,0.8285,0.8013,0.8558,Strong
2023,55,31000,Wisconsin,Green Bay city,With Disability,disability,NA,NA,NA,NA,0.5082,0.3878,0.6285,Strong
2023,55,31000,Wisconsin,Green Bay city,Without Disability,disability,0.8866,0.7875,0.9857,Strong,0.8697,0.8445,0.8949,Strong
2023,55,39225,Wisconsin,Kenosha city,All,all,0.9371,0.8895,0.9846,Marginal,0.8196,0.7938,0.8454,Marginal
2023,55,39225,Wisconsin,Kenosha city,With Disability,disability,NA,NA,NA,NA,0.4591,0.3651,0.553,Marginal
2023,55,39225,Wisconsin,Kenosha city,Without Disability,disability,0.9542,0.9179,0.9906,Marginal,0.854,0.8291,0.8788,Marginal
2023,55,48000,Wisconsin,Madison city,All,all,0.9779,0.9543,1,Marginal,0.8799,0.8637,0.8962,Marginal
2023,55,48000,Wisconsin,Madison city,With Disability,disability,NA,NA,NA,NA,0.5575,0.4754,0.6397,Marginal
2023,55,48000,Wisconsin,Madison city,Without Disability,disability,0.9781,0.9527,1,Marginal,0.9007,0.8855,0.9159,Marginal
2023,55,53000,Wisconsin,Milwaukee city,All,all,0.8728,0.8365,0.909,Strong,0.7751,0.7613,0.7888,Strong
2023,55,53000,Wisconsin,Milwaukee city,With Disability,disability,0.6926,0.5195,0.8657,Strong,0.4172,0.376,0.4585,Strong
2023,55,53000,Wisconsin,Milwaukee city,Without Disability,disability,0.8872,0.8514,0.9231,Strong,0.8188,0.805,0.8326,Strong
2023,55,66000,Wisconsin,Racine city,All,all,0.8345,0.7349,0.9341,Marginal,0.8179,0.7935,0.8424,Marginal
2023,55,66000,Wisconsin,Racine city,With Disability,disability,NA,NA,NA,NA,0.5098,0.4227,0.597,Marginal
2023,55,66000,Wisconsin,Racine city,Without Disability,disability,0.8693,0.7684,0.9702,Marginal,0.8527,0.8296,0.8759,Marginal
